id,true_label,predicted_label,correct,prob_Trend,prob_Volatility,prob_Stochastic,prob_Anomaly,prob_Structural Break,confidence
12500,2,2,1,1.0409607e-07,1.4490976e-08,0.9999993,1.5810064e-08,5.997481e-07,0.9999993
17434,3,3,1,7.595739e-08,7.901547e-08,1.2653852e-07,0.99992764,7.205854e-05,0.99992764
13539,2,2,1,1.394845e-08,9.449475e-09,0.99999976,1.0217383e-08,2.2249813e-07,0.99999976
11264,0,0,1,0.9999711,8.432609e-08,3.790635e-07,9.697792e-08,2.8335413e-05,0.9999711
14864,1,1,1,6.620205e-09,0.9999999,6.9830746e-09,8.8272394e-08,2.3849385e-08,0.9999999
17284,3,3,1,3.4656583e-08,9.090824e-08,3.2738402e-08,0.99999535,4.51674e-06,0.99999535
13724,2,2,1,6.438819e-08,3.2687023e-08,0.9999948,3.6344407e-08,5.066624e-06,0.9999948
14858,1,1,1,7.5372775e-09,0.99999976,7.9711135e-09,1.6121521e-07,6.2181584e-08,0.99999976
17496,3,3,1,2.1616405e-08,2.161696e-08,2.6898892e-08,0.9999984,1.5419098e-06,0.9999984
19029,4,4,1,2.2850561e-07,3.799193e-07,1.9830938e-07,2.0831062e-07,0.999999,0.999999
13657,2,2,1,6.7996098e-06,1.8929873e-06,0.99771947,1.9047219e-06,0.0022699267,0.99771947
11009,0,0,1,0.9999994,1.186104e-08,7.9536775e-08,2.3450605e-08,4.7262728e-07,0.9999994
17729,3,3,1,2.0115459e-07,1.1413497e-06,3.4744752e-07,0.9999596,3.8732025e-05,0.9999596
12368,2,2,1,1.02404485e-07,2.831849e-08,0.9999993,3.0413187e-08,5.835416e-07,0.9999993
18715,4,4,1,1.0284844e-05,2.8440743e-05,1.0823733e-05,0.0006314853,0.99931896,0.99931896
17429,3,3,1,8.586574e-06,0.00020176011,3.4224766e-05,0.991129,0.008626472,0.991129
11831,0,0,1,0.99999976,2.2599636e-08,5.6574272e-08,2.9709964e-08,1.2629367e-07,0.99999976
17489,3,3,1,1.694834e-08,1.7329608e-08,2.5541797e-07,0.99999845,1.2584246e-06,0.99999845
11689,0,0,1,0.9999986,1.478194e-08,4.0928595e-07,2.3928644e-08,9.2011004e-07,0.9999986
18527,4,4,1,2.607769e-06,4.035169e-06,2.8962882e-06,0.002227121,0.99776334,0.99776334
17241,3,3,1,5.176916e-08,8.9336886e-08,5.615984e-08,0.9999993,5.407398e-07,0.9999993
18022,4,4,1,4.1966953e-07,3.5299948e-07,1.2285527e-06,3.2859955e-06,0.9999947,0.9999947
19349,4,4,1,4.1782698e-07,3.9442907e-07,6.6537878e-06,5.226123e-07,0.999992,0.999992
17995,4,4,1,2.8273319e-06,2.3380958e-06,2.4614876e-06,5.6840156e-05,0.9999355,0.9999355
10284,0,0,1,0.9999967,2.3267537e-08,2.2274485e-06,2.610499e-08,1.021381e-06,0.9999967
15419,1,1,1,9.005693e-09,0.9999998,9.285005e-09,1.1421075e-07,3.8415997e-08,0.9999998
17855,3,3,1,3.299561e-08,2.7403985e-08,8.7839815e-08,0.9999887,1.117581e-05,0.9999887
13514,2,2,1,2.2099384e-06,9.233146e-07,0.9967481,1.1087168e-06,0.0032476496,0.9967481
15126,1,1,1,1.1058223e-07,0.99999386,1.1785224e-07,1.5209289e-06,4.4075196e-06,0.99999386
11585,0,0,1,0.99998796,5.7633358e-08,6.552066e-07,1.2633578e-07,1.1224018e-05,0.99998796
11398,0,0,1,0.99999976,6.7289956e-09,7.285478e-08,1.6855235e-08,1.5538642e-07,0.99999976
19869,4,4,1,1.5627213e-05,1.2063461e-05,0.003252745,1.4489627e-05,0.99670506,0.99670506
16795,3,3,1,8.6322103e-07,3.059775e-06,9.1668574e-07,0.9999822,1.29871605e-05,0.9999822
10718,0,0,1,0.9999997,1.2356999e-08,1.3895451e-08,2.9473176e-08,2.1296037e-07,0.9999997
13054,2,2,1,1.3899162e-08,1.1699069e-08,0.9999993,1.6006931e-08,6.7504936e-07,0.9999993
10461,0,0,1,0.9999998,1.0477332e-08,2.465348e-08,3.741544e-08,1.0711561e-07,0.9999998
16652,3,3,1,2.934669e-08,1.4316629e-07,2.940512e-08,0.9999995,2.5600878e-07,0.9999995
12401,2,2,1,8.6503626e-08,1.2853827e-08,0.99999964,1.3951143e-08,2.2658836e-07,0.99999964
12053,2,2,1,2.4689815e-08,2.3746296e-08,0.99999446,3.7410916e-06,1.774105e-06,0.99999446
18470,4,4,1,2.0137163e-06,6.1211057e-07,3.4580955e-06,7.114504e-07,0.9999932,0.9999932
16596,3,3,1,1.3411409e-07,4.6922858e-05,1.4061393e-07,0.9999509,1.9447673e-06,0.9999509
11518,0,0,1,0.99999636,1.7691912e-08,4.7853902e-08,4.1719424e-08,3.5039625e-06,0.99999636
18749,4,4,1,9.069518e-07,4.6434863e-07,3.2396605e-07,3.530171e-07,0.999998,0.999998
11377,0,0,1,0.9999997,6.548192e-09,6.7670186e-08,2.3613792e-08,1.8027326e-07,0.9999997
17428,3,3,1,2.3129452e-08,2.53292e-08,2.4516494e-08,0.99999887,1.0457462e-06,0.99999887
11386,0,0,1,0.99999946,6.247739e-09,2.2288994e-08,1.4947096e-08,5.1927555e-07,0.99999946
17559,3,3,1,4.4507185e-08,1.08462785e-07,1.0698287e-07,0.99999034,9.384095e-06,0.99999034
12567,2,2,1,1.2111618e-06,5.504223e-07,0.9999482,5.8710975e-07,4.9452854e-05,0.9999482
13887,2,2,1,1.0637757e-07,1.604275e-08,0.99999934,1.7352413e-08,5.198723e-07,0.99999934
16751,3,3,1,1.8526553e-08,2.4851156e-08,1.7277983e-08,0.9999997,2.620904e-07,0.9999997
11703,0,0,1,0.9999994,1.7836692e-08,1.6110498e-07,2.6906777e-08,3.6330977e-07,0.9999994
15464,1,1,1,7.4676166e-08,0.9999963,7.707564e-08,8.1852704e-07,2.7133829e-06,0.9999963
16655,3,3,1,5.440392e-06,0.0002937546,5.119575e-06,0.99951506,0.00018059961,0.99951506
12973,2,2,1,1.3672297e-07,2.5878716e-08,0.99999774,9.429813e-08,1.9833751e-06,0.99999774
9990,0,0,1,0.9999917,9.8661666e-09,4.1113154e-08,1.1003105e-08,8.195274e-06,0.9999917
19119,4,4,1,3.587054e-07,1.3965131e-06,1.6134528e-07,1.5055267e-07,0.9999979,0.9999979
14604,1,1,1,7.989316e-09,0.9999998,7.492936e-09,1.223457e-07,4.886734e-08,0.9999998
10230,0,0,1,0.99999917,1.2261126e-08,4.371149e-07,1.3756359e-08,3.5330243e-07,0.99999917
10849,0,0,1,0.9999998,7.545921e-09,3.8501568e-08,8.932806e-09,1.284812e-07,0.9999998
19417,4,4,1,3.7518276e-07,3.5868413e-07,1.0909054e-05,3.8548723e-07,0.99998796,0.99998796
18179,4,3,0,1.0317279e-07,9.8615864e-08,1.0411832e-07,0.9999782,2.153706e-05,0.9999782
19392,4,4,1,9.696507e-07,8.408614e-07,1.0680579e-05,8.61559e-07,0.99998665,0.99998665
16979,3,3,1,4.147428e-08,3.7797363e-07,4.201156e-08,0.9999991,4.6221857e-07,0.9999991
19515,4,4,1,6.142809e-07,5.767353e-07,7.562806e-05,6.906199e-07,0.9999225,0.9999225
10499,0,0,1,0.99999964,1.3384448e-08,1.7642579e-08,1.1690857e-07,1.8621932e-07,0.99999964
16769,3,3,1,5.614914e-08,1.429365e-07,7.5884785e-08,0.9999951,4.5921124e-06,0.9999951
15618,1,1,1,5.843531e-08,0.99999917,5.6582905e-08,2.8150652e-07,4.6080226e-07,0.99999917
14469,1,1,1,1.2679032e-08,0.9999997,1.3308846e-08,2.3327098e-07,5.9153923e-08,0.9999997
15786,1,1,1,7.1144903e-09,0.9999992,7.551581e-09,2.2705493e-08,7.342663e-07,0.9999992
13446,2,2,1,2.6522972e-08,2.1849758e-08,0.9999958,3.552059e-08,4.096595e-06,0.9999958
11724,0,0,1,0.99999774,1.4863119e-08,7.389873e-07,2.4319517e-08,1.4831157e-06,0.99999774
18981,4,4,1,1.6570097e-07,3.4271582e-07,1.7443035e-07,3.29542e-07,0.999999,0.999999
15624,1,1,1,7.806593e-08,0.99999875,1.5697668e-07,4.090197e-07,6.2946845e-07,0.99999875
13332,2,2,1,5.6816415e-08,4.4633687e-08,0.999879,4.886343e-08,0.00012085971,0.999879
15919,1,1,1,1.9062348e-07,0.99932534,3.34203e-07,3.6059657e-07,0.0006737736,0.99932534
10758,0,0,1,0.9999998,1.3373831e-08,1.4890158e-08,3.2174462e-08,1.05008986e-07,0.9999998
13554,2,2,1,1.868301e-07,1.1329984e-07,0.99973667,1.1205582e-07,0.00026290727,0.99973667
12441,2,2,1,2.9218596e-08,1.5424476e-08,0.9999976,1.6821847e-08,2.3440316e-06,0.9999976
19178,4,4,1,4.0530162e-07,9.420047e-06,4.1427865e-07,6.7155514e-07,0.9999891,0.9999891
18644,4,4,1,0.00010638817,7.668478e-05,0.00429094,0.41553295,0.57999307,0.57999307
15854,1,1,1,1.0302265e-08,0.9999995,1.08836025e-08,1.438743e-07,3.2171178e-07,0.9999995
14895,1,1,1,4.2012143e-08,0.9999699,4.5503196e-08,2.9867635e-05,1.673911e-07,0.9999699
16821,3,3,1,1.8200936e-08,3.144461e-08,1.772599e-08,0.9999999,6.0490436e-08,0.9999999
18637,4,4,1,8.862363e-08,2.4117207e-07,9.9373665e-08,2.7543828e-07,0.9999993,0.9999993
11573,0,0,1,0.9999987,2.495758e-08,1.0022688e-07,3.7771567e-08,1.1347804e-06,0.9999987
19913,4,4,1,6.2396884e-07,5.921029e-07,2.311866e-05,5.626597e-07,0.9999751,0.9999751
14402,1,1,1,5.90169e-09,0.9999999,6.4086114e-09,8.646982e-08,2.3412134e-08,0.9999999
17812,3,3,1,5.588639e-08,5.434701e-08,3.029209e-07,0.9999905,9.065703e-06,0.9999905
13010,2,2,1,5.292217e-08,4.673897e-08,0.99999756,6.3072406e-08,2.2940005e-06,0.99999756
17260,3,3,1,1.5700448e-06,0.00043944013,1.6406757e-06,0.99955255,4.82716e-06,0.99955255
18204,4,4,1,1.5349747e-06,1.247671e-06,5.824984e-06,1.3163001e-05,0.99997824,0.99997824
14668,1,1,1,6.4453105e-09,0.99999976,6.945425e-09,1.6994653e-07,2.769695e-08,0.99999976
17088,3,3,1,5.633256e-07,7.6212837e-06,5.963654e-07,0.99998665,4.580595e-06,0.99998665
15139,1,1,1,7.861913e-08,0.9999952,8.5624286e-08,3.3330607e-06,1.3344988e-06,0.9999952
18369,4,4,1,2.730398e-07,2.1572129e-07,2.7326405e-07,2.8391e-07,0.9999989,0.9999989
18430,4,4,1,3.1534943e-05,4.9997134e-06,0.0008716689,8.264996e-06,0.9990835,0.9990835
10444,0,0,1,0.9999997,8.323978e-08,2.3381343e-08,3.3769723e-08,1.4808096e-07,0.9999997
11762,0,0,1,0.9999997,2.1872223e-08,7.0896625e-08,3.161407e-08,1.7220549e-07,0.9999997
13895,2,2,1,3.3474986e-08,1.9346304e-08,0.9999985,2.8318157e-08,1.4261254e-06,0.9999985
13171,2,2,1,2.6230698e-08,1.85738e-08,0.9999994,1.9313907e-08,5.5310915e-07,0.9999994
17620,3,3,1,2.1103318e-07,2.080957e-07,3.40104e-05,0.99909544,0.0008701093,0.99909544
16907,3,3,1,2.588859e-08,6.718774e-08,2.3608035e-08,0.9999997,1.9325985e-07,0.9999997
11574,0,0,1,0.9999996,2.6298322e-08,6.932274e-08,4.878048e-08,2.6277755e-07,0.9999996
12077,2,2,1,2.3107933e-08,2.0349438e-08,0.9999992,5.7673482e-08,6.7254354e-07,0.9999992
12085,2,2,1,3.0994033e-07,1.35931355e-08,0.99999845,1.8307631e-08,1.2097493e-06,0.99999845
11256,0,0,1,0.99999386,2.1438058e-08,6.841601e-08,2.1587327e-08,6.017684e-06,0.99999386
13065,2,2,1,1.8342895e-05,5.593799e-08,0.9999806,6.110744e-08,9.3494447e-07,0.9999806
13578,2,4,0,0.00021083004,5.6170036e-05,0.0006074187,7.439253e-05,0.9990512,0.9990512
18707,4,4,1,3.6233388e-07,5.4754696e-06,2.3557267e-07,2.8250068e-07,0.9999936,0.9999936
13783,2,2,1,4.637061e-08,1.138836e-08,0.99999976,1.18311885e-08,1.4641931e-07,0.99999976
15440,1,1,1,1.447862e-08,0.9999989,1.4170328e-08,9.660497e-07,1.03556886e-07,0.9999989
15421,1,1,1,2.0525648e-07,0.9999765,2.8927985e-07,1.3780081e-05,9.191884e-06,0.9999765
15825,1,1,1,7.2258883e-09,0.999999,7.60654e-09,3.102377e-08,9.562756e-07,0.999999
18413,4,4,1,8.4593796e-07,7.664156e-07,8.4397414e-07,4.0907136e-05,0.9999566,0.9999566
13805,2,2,1,2.40825e-07,1.7607181e-08,0.99999803,2.5869786e-08,1.7034346e-06,0.99999803
15183,1,1,1,2.9746724e-07,0.99973524,3.1825337e-07,0.00026022992,3.920288e-06,0.99973524
10003,0,0,1,0.99999946,1.103233e-08,3.296311e-07,1.2036584e-08,1.8213609e-07,0.99999946
11788,0,0,1,0.9999998,1.2935587e-08,3.8652622e-08,2.1887445e-08,1.1400424e-07,0.9999998
18131,4,3,0,8.340718e-05,0.0012058559,0.00029018315,0.7245708,0.27384973,0.7245708
14587,1,1,1,7.150947e-09,0.9999997,7.5997795e-09,2.2742769e-07,5.820909e-08,0.9999997
13376,2,2,1,2.2237131e-08,1.908356e-08,0.9999969,2.6832577e-08,3.0385404e-06,0.9999969
11399,0,0,1,0.9999997,7.734201e-09,2.385741e-08,2.7955286e-08,2.6245112e-07,0.9999997
11071,0,0,1,0.9999996,7.524379e-09,5.8391606e-08,8.794264e-09,3.4789653e-07,0.9999996
15556,1,1,1,2.6725502e-07,0.9993954,1.0537683e-06,4.9411005e-07,0.00060282386,0.9993954
17328,3,3,1,5.5615814e-08,6.701222e-08,4.9983935e-08,0.9999813,1.8537372e-05,0.9999813
12351,2,2,1,9.495551e-08,1.7548826e-08,0.99999684,1.8870782e-08,3.0040608e-06,0.99999684
10738,0,0,1,0.9999995,8.883919e-09,8.898031e-09,3.4913936e-07,1.2854456e-07,0.9999995
13943,2,2,1,3.1145203e-07,5.0551883e-08,0.9999929,5.5581243e-08,6.67154e-06,0.9999929
17915,3,3,1,2.0853202e-08,2.1190793e-08,2.2668441e-08,0.9999911,8.791127e-06,0.9999911
11204,0,0,1,0.99999756,8.297175e-09,1.138693e-08,8.271571e-09,2.429637e-06,0.99999756
12355,2,2,1,7.746441e-06,5.589902e-07,0.9999441,6.1070006e-07,4.7014433e-05,0.9999441
14765,1,1,1,6.1467107e-09,0.9999999,9.351719e-09,7.805224e-08,3.9789654e-08,0.9999999
14413,1,1,1,5.8324954e-09,0.9999999,1.0198129e-08,6.680513e-08,5.2855086e-08,0.9999999
11828,0,0,1,0.9999983,6.7228136e-08,2.0877359e-07,6.9845576e-08,1.4014211e-06,0.9999983
10087,0,0,1,0.9999449,3.7628695e-08,5.4435874e-05,4.102373e-08,5.8363275e-07,0.9999449
16727,3,3,1,3.2490675e-08,5.239968e-08,2.7724374e-08,0.99999976,1.4045341e-07,0.99999976
13917,2,2,1,2.5104742e-05,5.7712487e-07,0.9999447,6.279381e-07,2.9021674e-05,0.9999447
11255,0,0,1,0.9999993,9.601431e-09,2.0290932e-07,1.0237196e-08,4.6926448e-07,0.9999993
17538,3,3,1,1.0200862e-06,9.964299e-07,2.4363549e-06,0.9960085,0.0039870297,0.9960085
19694,4,4,1,1.4063217e-05,8.361094e-06,0.0025669637,9.124257e-06,0.9974015,0.9974015
13715,2,2,1,4.2890008e-08,1.14970815e-08,0.99999857,1.237588e-08,1.3771156e-06,0.99999857
16057,3,3,1,2.3325468e-08,5.657503e-08,2.3587857e-08,0.99999976,1.1580781e-07,0.99999976
15833,1,1,1,1.203027e-07,0.999974,1.3168815e-07,1.0519126e-06,2.468315e-05,0.999974
17649,3,4,0,3.3110035e-05,3.6948273e-05,0.00997703,0.079244606,0.9107083,0.9107083
15584,1,1,1,6.982605e-09,0.9999953,7.206969e-09,4.8536695e-08,4.649735e-06,0.9999953
18164,4,4,1,1.6405914e-07,1.3714991e-07,1.073585e-06,2.4905492e-07,0.9999984,0.9999984
15243,1,1,1,1.2141469e-08,0.99999964,1.2704069e-08,2.4230982e-07,1.2000628e-07,0.99999964
13339,2,4,0,0.00033847583,2.8847759e-05,0.48620263,3.092902e-05,0.5133991,0.5133991
12426,2,2,1,6.5167875e-08,1.7544782e-08,0.99999946,1.913424e-08,4.5187863e-07,0.99999946
15654,1,1,1,8.021983e-08,0.999937,8.637031e-08,5.0671014e-07,6.230152e-05,0.999937
18925,4,3,0,5.814285e-06,5.966443e-06,4.0355328e-05,0.9890117,0.010936183,0.9890117
14398,1,1,1,6.123648e-09,0.9999998,6.5777255e-09,8.0258495e-08,7.4694164e-08,0.9999998
11622,0,0,1,0.9999997,2.28038e-08,7.260819e-08,3.074762e-08,1.5799954e-07,0.9999997
11586,0,0,1,0.9999992,1.3514361e-08,3.5535315e-08,3.2467614e-08,6.930583e-07,0.9999992
10589,0,0,1,0.9999982,1.495899e-08,2.0060789e-08,1.8517711e-07,1.5916002e-06,0.9999982
19220,4,4,1,3.5206943e-07,6.7133055e-06,2.4272862e-07,2.7878127e-07,0.99999243,0.99999243
18373,4,3,0,4.0992546e-07,4.1399855e-07,1.1017195e-06,0.9865818,0.013416251,0.9865818
19003,4,4,1,7.0954354e-07,2.625408e-07,1.5542673e-07,2.7680315e-07,0.99999857,0.99999857
14726,1,1,1,7.044068e-09,0.9999999,7.459394e-09,6.174198e-08,6.9164145e-08,0.9999999
17060,3,3,1,2.4276943e-07,8.249115e-06,2.3833307e-07,0.9999866,4.7042736e-06,0.9999866
18280,4,4,1,1.429723e-05,1.0053922e-05,0.0003055463,1.2529321e-05,0.9996576,0.9996576
11448,0,0,1,0.9999995,6.224228e-09,2.4846146e-08,1.491983e-08,4.512446e-07,0.9999995
17476,3,3,1,3.6991267e-07,1.4295754e-06,5.1409774e-07,0.99891585,0.0010818244,0.99891585
14533,1,1,1,9.785873e-09,0.9999998,1.1287197e-08,8.9304386e-08,6.837086e-08,0.9999998
11172,0,0,1,0.9999977,8.099642e-09,1.6217534e-08,8.24399e-09,2.3133587e-06,0.9999977
14613,1,1,1,6.9204527e-09,0.9999998,7.437697e-09,1.04389194e-07,3.5333837e-08,0.9999998
14236,1,1,1,2.494281e-05,0.99526304,2.626027e-05,0.004336017,0.00034974655,0.99526304
18360,4,4,1,2.6717705e-06,6.838918e-07,3.990559e-06,9.2671024e-07,0.9999917,0.9999917
17604,3,3,1,2.997282e-06,2.7430626e-06,0.0008975485,0.9985737,0.00052301504,0.9985737
11415,0,0,1,0.9999997,6.746569e-09,2.4935336e-08,2.438549e-08,2.4308122e-07,0.9999997
12818,2,2,1,1.489964e-07,4.4187534e-08,0.9999966,5.0085298e-08,3.1585812e-06,0.9999966
13700,2,2,1,2.062459e-08,1.12222445e-08,0.9999994,1.30836275e-08,5.62962e-07,0.9999994
16403,3,3,1,1.0962397e-06,9.271858e-06,1.4815857e-06,0.9999587,2.9451032e-05,0.9999587
16737,3,3,1,1.6819924e-07,2.8301527e-05,1.8159514e-07,0.9999668,4.524538e-06,0.9999668
10477,0,0,1,0.99999946,1.06214415e-08,2.7947516e-08,1.0406424e-07,4.0516042e-07,0.99999946
15852,1,4,0,0.00064362393,0.3768039,0.00065617746,0.008268482,0.61362785,0.61362785
18105,4,4,1,1.4611745e-06,1.3559551e-06,4.2143993e-06,2.5793599e-05,0.99996716,0.99996716
16986,3,3,1,3.5011585e-06,1.21907315e-05,3.703829e-06,0.9999352,4.5403307e-05,0.9999352
11785,0,0,1,0.99999976,2.0268438e-08,4.4620908e-08,2.9047293e-08,1.4059839e-07,0.99999976
14835,1,1,1,8.965201e-09,0.99999964,9.486682e-09,2.7943238e-07,4.1251802e-08,0.99999964
15312,1,1,1,2.1171353e-08,0.9999983,3.0866364e-08,1.3300838e-06,3.6327864e-07,0.9999983
19400,4,2,0,4.7481176e-06,2.17016e-06,0.9961466,6.1724195e-06,0.00384027,0.9961466
15325,1,3,0,1.4218092e-05,0.42466134,1.4374493e-05,0.5749116,0.00039850568,0.5749116
13157,2,2,1,1.3964092e-08,1.1880802e-08,0.9999996,2.0643766e-08,3.7869304e-07,0.9999996
12834,2,2,1,2.8758587e-08,1.8010997e-08,0.99999815,7.5386446e-08,1.7369653e-06,0.99999815
13371,2,2,1,2.923459e-07,2.5310737e-07,0.99993044,3.732685e-07,6.8613655e-05,0.99993044
11877,0,0,1,0.99999976,1.8187174e-08,5.1484143e-08,2.6064573e-08,1.2705138e-07,0.99999976
16917,3,3,1,7.965983e-07,1.9833678e-06,8.6322433e-07,0.99994767,4.8671598e-05,0.99994767
15652,1,1,1,6.9064967e-09,0.9999999,7.304012e-09,5.96638e-08,5.2754302e-08,0.9999999
12938,2,2,1,3.0069393e-06,5.9479277e-08,0.9999948,6.5069905e-08,2.0245495e-06,0.9999948
19047,4,4,1,2.4231927e-05,0.023652662,5.0524053e-05,0.017222006,0.9590506,0.9590506
10376,0,0,1,0.999999,1.451789e-08,3.1486098e-07,1.628833e-08,6.415992e-07,0.999999
15271,1,1,1,2.5585674e-08,0.99999917,2.6591623e-08,6.286614e-07,1.3161804e-07,0.99999917
10820,0,0,1,0.99999964,7.570459e-09,3.5285375e-08,1.42242405e-08,3.1374566e-07,0.99999964
12161,2,2,1,1.582822e-08,1.2047169e-08,0.99999917,1.4123107e-07,6.6963105e-07,0.99999917
16551,3,3,1,8.297472e-07,2.470373e-05,8.7016207e-07,0.99996835,5.2292667e-06,0.99996835
10140,0,0,1,0.9999995,1.13921965e-08,2.978901e-07,1.2337904e-08,1.6583284e-07,0.9999995
13011,2,2,1,0.0027425587,7.7170483e-07,0.99720526,8.2933667e-07,5.057988e-05,0.99720526
10631,0,0,1,0.99999976,8.833445e-09,1.9291242e-08,2.8171401e-08,1.5527405e-07,0.99999976
12886,2,2,1,1.1073714e-08,8.281944e-09,0.9999999,8.679383e-09,7.566377e-08,0.9999999
11434,0,0,1,0.9999998,6.3690253e-09,9.0256e-08,2.3689209e-08,7.069529e-08,0.9999998
15056,1,1,1,8.706787e-09,0.9999996,1.0430221e-08,1.4744839e-07,2.5068698e-07,0.9999996
16590,3,3,1,2.0910081e-06,0.00011181102,2.4727617e-06,0.99979436,8.923657e-05,0.99979436
16071,3,3,1,6.482832e-08,1.4929388e-07,7.058293e-08,0.9999985,1.2065395e-06,0.9999985
18123,4,4,1,2.2906813e-06,1.2990799e-06,2.191918e-05,3.3794427e-06,0.9999711,0.9999711
12210,2,2,1,1.0918634e-08,1.10723315e-08,0.99999756,1.5400376e-07,2.2491586e-06,0.99999756
10497,0,0,1,0.9999991,2.2170104e-08,3.5225682e-08,4.406076e-07,4.22956e-07,0.9999991
14089,1,1,1,5.5681284e-08,0.9999964,5.9372272e-08,2.8358718e-06,6.20109e-07,0.9999964
18594,4,4,1,4.129262e-07,1.7436175e-06,4.823282e-07,1.3016717e-06,0.99999607,0.99999607
11627,0,0,1,0.9999991,2.0033065e-08,8.857775e-08,5.3040143e-08,7.2675965e-07,0.9999991
16855,3,3,1,3.259018e-08,1.13379954e-07,2.351096e-08,0.9999997,1.5549618e-07,0.9999997
10395,0,0,1,0.9999962,6.348057e-08,6.163482e-08,3.1300779e-06,5.588205e-07,0.9999962
12302,2,2,1,8.4673206e-07,4.535216e-07,0.9999395,5.306848e-07,5.8656053e-05,0.9999395
17607,3,3,1,5.536098e-08,2.2573983e-07,6.667572e-08,0.9999952,4.502351e-06,0.9999952
10219,0,0,1,0.9999853,1.7166125e-08,9.90438e-08,1.9419145e-08,1.459247e-05,0.9999853
15332,1,1,1,1.0858335e-08,0.9999918,1.1463872e-08,8.184388e-06,4.0358643e-08,0.9999918
13163,2,2,1,1.7119998e-08,1.3586114e-08,0.99999887,9.361585e-08,1.0212844e-06,0.99999887
12501,2,2,1,1.9004322e-08,1.5244074e-08,0.99999905,1.6821271e-08,8.7461234e-07,0.99999905
15343,1,1,1,4.6969955e-08,0.9999982,4.8095426e-08,1.4604625e-06,2.079463e-07,0.9999982
10441,0,0,1,0.99999976,1.6281493e-08,3.579013e-08,4.814984e-08,1.1972428e-07,0.99999976
15739,1,1,1,7.1990627e-09,0.9999995,7.618488e-09,6.696781e-08,3.9282324e-07,0.9999995
16653,3,3,1,7.3776647e-07,7.3015724e-07,1.1823337e-06,0.9966938,0.0033035397,0.9966938
16647,3,3,1,0.000109222274,0.0025959366,0.00012861837,0.94051313,0.056653082,0.94051313
13195,2,2,1,1.2424951e-08,9.17885e-09,0.9999999,9.61933e-09,6.67129e-08,0.9999999
14108,1,1,1,6.203029e-09,0.99999964,6.4023435e-09,4.4097202e-08,3.1314357e-07,0.99999964
12220,2,2,1,6.797914e-08,2.9908612e-08,0.9999701,2.7395696e-05,2.4524948e-06,0.9999701
17135,3,3,1,3.5752358e-08,4.200663e-07,3.6344854e-08,0.99999905,4.3780256e-07,0.99999905
13390,2,2,1,1.5747403e-08,1.629482e-08,0.9999997,1.6557493e-08,2.3381968e-07,0.9999997
14931,1,1,1,9.423858e-09,0.9999997,9.875771e-09,2.2226457e-07,4.0388088e-08,0.9999997
10407,0,0,1,0.99999976,1.5112947e-08,3.530711e-08,5.0669758e-08,1.2041477e-07,0.99999976
14917,1,1,1,6.2734062e-09,0.9999999,6.7306387e-09,7.619242e-08,3.9344933e-08,0.9999999
11379,0,0,1,0.99999976,6.234594e-09,6.874736e-08,1.5065154e-08,1.5307687e-07,0.99999976
19033,4,4,1,7.0996396e-07,1.2808504e-05,7.906957e-07,2.3218129e-06,0.9999834,0.9999834
18989,4,4,1,8.320304e-08,3.9812866e-07,8.061136e-08,3.0268518e-07,0.9999991,0.9999991
10866,0,0,1,0.9999998,7.879068e-09,5.7316694e-08,9.327183e-09,1.3173793e-07,0.9999998
12541,2,2,1,1.7224558e-07,4.4884874e-08,0.99999833,4.8525933e-08,1.4175524e-06,0.99999833
16881,3,3,1,5.0927323e-08,9.23879e-08,5.316704e-08,0.99999917,6.231019e-07,0.99999917
19355,4,4,1,7.1724153e-06,6.1326473e-06,0.08976408,6.372778e-06,0.9102162,0.9102162
12895,2,2,1,4.3173077e-07,4.2087828e-07,0.99790066,4.365786e-07,0.0020980712,0.99790066
13773,2,2,1,2.1641725e-08,2.0928999e-08,0.9999989,2.0958193e-08,9.814303e-07,0.9999989
11713,0,0,1,0.99999976,2.8259558e-08,7.0582104e-08,3.851209e-08,1.3020022e-07,0.99999976
13760,2,2,1,1.1948998e-07,6.202845e-08,0.9999881,6.586081e-08,1.1672712e-05,0.9999881
15506,1,1,1,7.0429165e-09,0.9999996,7.709458e-09,2.3696689e-08,3.6916518e-07,0.9999996
17868,3,4,0,1.9596928e-05,1.8729615e-05,2.0014535e-05,0.12265801,0.87728363,0.87728363
10277,0,0,1,0.99999917,8.011929e-09,6.47975e-07,8.988976e-09,1.4387041e-07,0.99999917
10010,0,0,1,0.9999994,1.2330519e-08,4.9225076e-07,1.3363964e-08,1.0174138e-07,0.9999994
13955,1,1,1,6.398598e-09,0.9999999,8.376814e-09,6.615961e-08,2.8021697e-08,0.9999999
13280,2,2,1,4.2320036e-05,7.612754e-07,0.9991247,9.2708956e-07,0.0008312901,0.9991247
13224,2,2,1,1.9123583e-08,1.8470459e-08,0.9999981,9.661437e-08,1.7645386e-06,0.9999981
13543,2,2,1,5.2482303e-08,4.6872678e-08,0.999997,7.77234e-08,2.799765e-06,0.999997
12599,2,2,1,6.03399e-08,1.1941275e-08,0.9999996,1.293695e-08,3.22619e-07,0.9999996
13611,2,2,1,6.363087e-07,5.769958e-08,0.9999934,9.102121e-08,5.8100586e-06,0.9999934
13111,2,2,1,4.1005248e-07,1.4659423e-08,0.99999446,2.8545575e-08,5.0615777e-06,0.99999446
12222,2,2,1,1.6741902e-05,7.386284e-08,0.99997306,8.567913e-08,1.0042203e-05,0.99997306
10984,0,0,1,0.99999964,8.3946015e-09,4.351109e-08,9.868815e-09,2.9382684e-07,0.99999964
12339,2,2,1,1.3613032e-07,1.2326627e-08,0.9999994,3.0381212e-08,4.0775814e-07,0.9999994
12702,2,2,1,2.7702644e-08,1.3299191e-08,0.99999964,1.43780206e-08,3.0854122e-07,0.99999964
18252,4,3,0,4.8593625e-07,4.918446e-07,7.280552e-07,0.9974409,0.0025574206,0.9974409
13227,2,2,1,5.781629e-08,2.7896233e-08,0.99999917,3.586626e-08,7.0706676e-07,0.99999917
18621,4,4,1,2.9587565e-07,7.197845e-07,2.434202e-07,2.9602208e-07,0.99999845,0.99999845
17292,3,3,1,1.1861337e-06,3.6223807e-07,1.093713e-05,0.9988934,0.001094131,0.9988934
11419,0,0,1,0.9999993,7.645721e-09,2.7669456e-08,1.6972804e-08,6.509251e-07,0.9999993
11613,0,0,1,0.99999964,1.5462124e-08,3.9490853e-08,4.093798e-08,2.6326381e-07,0.99999964
12425,2,2,1,1.6363228e-07,5.279489e-08,0.9999985,5.582461e-08,1.1889528e-06,0.9999985
11338,0,0,1,0.99999756,9.7082005e-09,3.615698e-08,1.1379845e-08,2.3575312e-06,0.99999756
17944,4,4,1,2.859065e-07,2.5267363e-07,4.466235e-07,1.6534808e-06,0.9999974,0.9999974
15188,1,1,1,8.219565e-07,0.99995095,7.238156e-07,4.1049574e-05,6.458125e-06,0.99995095
18234,4,4,1,1.627397e-07,1.4997303e-07,2.0956807e-07,2.4303407e-07,0.9999992,0.9999992
11623,0,0,1,0.9999997,3.0590336e-08,5.1642825e-08,3.6002465e-08,1.9414243e-07,0.9999997
14230,1,1,1,6.4591528e-09,0.9999999,6.7663195e-09,1.03092994e-07,2.0889354e-08,0.9999999
17493,3,3,1,2.179751e-08,3.7001865e-08,2.9199834e-08,0.9999979,2.0251543e-06,0.9999979
12563,2,2,1,5.6064582e-08,1.3693093e-08,0.99999887,2.0296874e-08,1.02635e-06,0.99999887
15301,1,1,1,6.4940022e-09,0.99999976,7.553672e-09,1.9252722e-07,3.738151e-08,0.99999976
17727,3,3,1,1.1411596e-07,4.3561252e-07,1.3829361e-07,0.999982,1.732009e-05,0.999982
11006,0,0,1,0.9999995,8.464807e-09,2.2387238e-07,1.00205755e-08,2.1200823e-07,0.9999995
16746,3,3,1,4.6030248e-08,1.9962607e-07,4.7385633e-08,0.99999917,5.249877e-07,0.99999917
17504,3,3,1,1.3784027e-06,2.0467555e-06,2.7882493e-06,0.99547064,0.004523116,0.99547064
13671,2,2,1,4.4897828e-08,3.8685602e-08,0.9999302,4.0404046e-08,6.965107e-05,0.9999302
14918,1,1,1,6.2038303e-09,0.99999994,6.379334e-09,3.7643755e-08,2.106832e-08,0.99999994
17783,3,3,1,1.6762236e-06,1.0737505e-06,1.5808416e-06,0.9985533,0.0014423643,0.9985533
11789,0,0,1,0.9999998,1.6171205e-08,3.6644984e-08,3.395991e-08,9.6557876e-08,0.9999998
12711,2,2,1,4.8514565e-08,2.1541894e-08,0.99999696,2.349347e-08,2.9468024e-06,0.99999696
14900,1,1,1,8.405504e-09,0.9999998,9.318805e-09,1.102648e-07,4.2723936e-08,0.9999998
15678,1,1,1,6.7728587e-09,0.9999999,6.7766113e-09,3.5917896e-08,9.06809e-08,0.9999999
11428,0,0,1,0.9999961,5.0332446e-08,2.7858985e-06,2.6224663e-07,7.8216834e-07,0.9999961
19059,4,4,1,1.4006102e-07,3.9966588e-07,1.4058648e-07,1.9363155e-07,0.9999991,0.9999991
19895,4,4,1,4.5555433e-07,3.957757e-07,2.8255858e-05,4.4012265e-07,0.99997044,0.99997044
19032,4,4,1,5.9424576e-07,4.9922232e-06,6.006633e-07,1.0829277e-06,0.9999927,0.9999927
12193,2,2,1,1.8864544e-08,1.543827e-08,0.9999992,1.7488931e-08,7.0381935e-07,0.9999992
16756,3,3,1,3.3950677e-08,6.719288e-08,3.6462342e-08,0.99999976,9.3321e-08,0.99999976
13255,2,2,1,1.915669e-08,7.544011e-09,0.99999994,7.837355e-09,4.945068e-08,0.99999994
15151,1,1,1,1.5038406e-08,0.9999986,1.6684417e-08,1.2076339e-06,1.4391438e-07,0.9999986
16639,3,3,1,1.9297733e-08,2.9828414e-08,1.9959877e-08,0.9999998,1.06931566e-07,0.9999998
18736,4,4,1,6.319015e-08,2.0227599e-06,5.942718e-08,1.307634e-07,0.99999774,0.99999774
13659,2,2,1,1.5597562e-08,1.4482959e-08,0.9999993,1.619241e-08,6.460827e-07,0.9999993
12662,2,2,1,2.1581643e-08,1.5930942e-08,0.99999917,2.1915316e-08,7.785038e-07,0.99999917
18919,4,4,1,9.9827666e-08,8.6467594e-07,9.532244e-08,1.4119956e-07,0.9999988,0.9999988
11776,0,0,1,0.99999934,2.5535726e-08,5.913322e-08,5.8401948e-08,4.8636514e-07,0.99999934
17342,3,3,1,1.3529275e-08,1.324629e-08,1.09911554e-07,0.9999943,5.558007e-06,0.9999943
14658,1,1,1,5.986527e-09,0.9999998,6.471559e-09,1.3540568e-07,2.3379723e-08,0.9999998
19008,4,4,1,9.1619177e-07,2.8057507e-06,8.221519e-07,7.449192e-06,0.999988,0.999988
18835,4,4,1,2.437087e-07,2.2690117e-06,1.8584471e-07,1.5282146e-07,0.99999714,0.99999714
10389,0,0,1,0.9999997,1.0644968e-08,2.0217211e-08,3.816722e-08,2.133064e-07,0.9999997
13545,2,2,1,3.4570158e-07,2.740068e-07,0.9999748,5.3695226e-07,2.4048111e-05,0.9999748
14958,1,1,1,8.09832e-09,0.9999997,1.1169049e-08,1.0407624e-07,1.6069187e-07,0.9999997
12976,2,2,1,4.1504514e-08,1.3875224e-08,0.9999965,3.271927e-08,3.4042291e-06,0.9999965
17828,3,3,1,6.1400186e-08,5.3849252e-08,1.0046963e-07,0.99998057,1.9214418e-05,0.99998057
19248,4,4,1,1.7099721e-07,3.3093195e-07,1.6565916e-07,1.5513645e-07,0.99999917,0.99999917
12688,2,2,1,2.479731e-06,6.00837e-07,0.999956,6.555711e-07,4.022236e-05,0.999956
13829,2,2,1,3.7286036e-08,1.2624096e-08,0.99999976,1.3114976e-08,1.8589122e-07,0.99999976
17798,3,3,1,6.748603e-08,6.581691e-08,3.0900702e-07,0.99986756,0.00013198698,0.99986756
13687,2,2,1,1.7251379e-08,1.43491e-08,0.99999964,9.6541335e-08,2.389779e-07,0.99999964
14141,1,1,1,2.407456e-08,0.99999106,2.6072493e-08,5.731676e-07,8.309649e-06,0.99999106
15844,1,1,1,1.4095666e-08,0.9999984,8.673709e-09,2.6660615e-08,1.5655429e-06,0.9999984
18019,4,3,0,1.0961087e-05,6.462855e-05,2.293557e-05,0.8476518,0.15224968,0.8476518
19543,4,4,1,2.851389e-07,2.6211939e-07,4.871621e-06,2.8451998e-07,0.9999943,0.9999943
11727,0,0,1,0.99999857,6.746351e-08,2.723735e-07,1.9571678e-07,9.1813786e-07,0.99999857
19858,4,4,1,7.665402e-05,6.733102e-05,0.046129666,7.231144e-05,0.95365405,0.95365405
11239,0,0,1,0.99999875,1.0734672e-08,6.908072e-07,1.1631991e-08,5.4968314e-07,0.99999875
10581,0,0,1,0.99999744,1.761203e-08,1.9593077e-08,7.187116e-08,2.440115e-06,0.99999744
15328,1,1,1,1.0918413e-08,0.99999964,1.149729e-08,2.7823137e-07,4.1708052e-08,0.99999964
16638,3,3,1,2.9721064e-05,2.6401545e-05,0.00011475177,0.73873365,0.26109546,0.73873365
13552,2,2,1,1.7779369e-06,1.3504198e-06,0.9983306,1.4499307e-06,0.0016648131,0.9983306
12784,2,2,1,2.8702877e-07,1.588975e-08,0.9999995,1.7238234e-08,1.7854113e-07,0.9999995
15647,1,1,1,2.1511966e-08,0.9999941,2.232675e-08,2.9728864e-07,5.548034e-06,0.9999941
18351,4,4,1,2.1045369e-06,7.527292e-07,9.4496965e-05,8.362571e-07,0.99990183,0.99990183
13653,2,2,1,2.9681964e-08,9.6447685e-09,0.99999994,1.0019798e-08,3.487329e-08,0.99999994
19067,4,4,1,5.167503e-06,4.5313213e-06,5.401544e-06,3.9451428e-05,0.99994546,0.99994546
11566,0,0,1,0.99999964,2.9444974e-08,1.8517498e-07,4.0127574e-08,9.7174755e-08,0.99999964
13819,2,2,1,2.343996e-08,1.0865476e-08,0.9999999,1.0620024e-08,6.3395824e-08,0.9999999
11901,0,0,1,0.99952346,5.799812e-08,0.00045898906,7.24573e-08,1.7426262e-05,0.99952346
12811,2,2,1,1.2555841e-08,1.3178356e-08,0.9999995,1.3293389e-08,4.4798927e-07,0.9999995
15417,1,1,1,3.030607e-08,0.9999993,3.7590524e-08,4.4009545e-07,2.101865e-07,0.9999993
18406,4,4,1,1.7821063e-05,1.5671612e-05,3.262614e-05,0.02303925,0.9768946,0.9768946
14028,1,1,1,5.9780576e-09,0.9999999,6.228542e-09,6.6912065e-08,6.612996e-08,0.9999999
15808,1,1,1,8.402947e-09,0.9999992,7.4000126e-09,3.1167975e-08,7.2924274e-07,0.9999992
11669,0,0,1,0.9999997,2.0076978e-08,3.8064474e-08,4.1053713e-08,2.0582985e-07,0.9999997
14261,1,1,1,5.9804584e-09,0.9999999,6.2672463e-09,3.0215666e-08,8.353424e-08,0.9999999
18355,4,4,1,9.923845e-06,3.013962e-06,0.00012636546,3.3983904e-06,0.9998573,0.9998573
12101,2,2,1,1.5159333e-08,1.4323841e-08,0.9999985,2.0014333e-08,1.4331256e-06,0.9999985
15128,1,1,1,2.5431968e-05,0.9989974,2.7227965e-05,0.0005161302,0.0004338303,0.9989974
18620,4,4,1,1.2557824e-06,3.3084582e-06,1.1679937e-06,0.00030363465,0.99969065,0.99969065
10636,0,0,1,0.9999999,1.0163651e-08,1.4734235e-08,3.064303e-08,8.754305e-08,0.9999999
13373,2,2,1,5.7748498e-08,5.0044346e-08,0.99999684,7.529323e-08,2.9473736e-06,0.99999684
18282,4,4,1,6.4316187e-06,8.517149e-07,0.00081368804,1.0622297e-06,0.999178,0.999178
14631,1,1,1,6.4802905e-09,0.9999999,6.9347763e-09,1.1113704e-07,1.8937442e-08,0.9999999
19748,4,4,1,0.0005826119,2.3601126e-06,4.105377e-06,2.2055642e-06,0.9994087,0.9994087
17599,3,3,1,5.7624796e-08,7.50593e-08,7.854952e-08,0.99999326,6.506263e-06,0.99999326
14907,1,1,1,7.1202977e-09,0.9999999,7.7780875e-09,6.821854e-08,4.6306997e-08,0.9999999
10675,0,0,1,0.99998176,2.5677656e-07,9.7547945e-06,2.2688542e-07,7.994392e-06,0.99998176
12820,2,2,1,1.002778e-06,6.479832e-08,0.99999726,7.106501e-08,1.6159821e-06,0.99999726
17490,3,3,1,2.9834456e-07,3.4108467e-07,1.2038404e-06,0.9999322,6.5903485e-05,0.9999322
10740,0,0,1,0.99999976,1.2602606e-08,1.3835728e-08,7.0042475e-08,1.1796015e-07,0.99999976
12169,2,2,1,3.666078e-08,1.1889698e-08,0.9999998,1.29884725e-08,1.1941874e-07,0.9999998
11326,0,0,1,0.99999386,1.3718058e-08,1.9144919e-08,1.3386127e-08,6.121759e-06,0.99999386
18444,4,4,1,6.6614157e-06,9.795073e-07,6.336544e-06,1.1434867e-06,0.99998486,0.99998486
10392,0,0,1,0.99999934,9.798003e-09,6.201238e-08,3.4820637e-08,5.264045e-07,0.99999934
19708,4,4,1,8.048666e-06,8.146836e-06,0.0095632905,7.710824e-06,0.99041283,0.99041283
10597,0,0,1,0.9999995,1.4219911e-08,1.4103083e-08,3.311019e-08,3.907738e-07,0.9999995
18584,4,4,1,3.185247e-07,3.0605938e-07,6.379408e-07,0.0007057924,0.99929297,0.99929297
19369,4,4,1,8.184103e-07,7.9428315e-07,1.22580095e-05,8.711836e-07,0.9999853,0.9999853
10367,0,0,1,0.99999905,9.198716e-09,7.0773876e-07,1.0480253e-08,2.5344164e-07,0.99999905
16380,3,3,1,6.87276e-08,4.1134595e-07,5.2509247e-08,0.9999981,1.3865506e-06,0.9999981
14977,1,1,1,1.7945178e-08,0.9999993,2.516906e-08,4.150728e-07,2.3271839e-07,0.9999993
18390,4,4,1,1.3318185e-05,6.537324e-07,1.4452837e-06,7.206623e-07,0.99998385,0.99998385
11213,0,0,1,0.9999909,1.1751156e-08,3.619367e-08,1.2758595e-08,9.065297e-06,0.9999909
16622,3,3,1,4.4024011e-07,2.4647734e-06,5.060046e-07,0.9999256,7.0999435e-05,0.9999256
15016,1,1,1,2.0482314e-07,0.99998826,3.0421594e-07,6.843377e-06,4.363889e-06,0.99998826
19104,4,4,1,1.1099534e-06,1.4597685e-05,1.0227442e-06,1.7918944e-06,0.99998146,0.99998146
14687,1,1,1,8.360574e-09,0.9999998,8.7551415e-09,1.0888906e-07,3.424358e-08,0.9999998
11467,0,0,1,0.9999995,6.3873555e-09,1.6405647e-08,1.5310858e-08,4.3950635e-07,0.9999995
10737,0,0,1,0.9999999,1.123521e-08,1.491332e-08,3.094686e-08,8.592368e-08,0.9999999
15803,1,1,1,7.571686e-09,0.9999998,7.552486e-09,1.1601598e-07,7.4152744e-08,0.9999998
13145,2,2,1,3.677007e-07,2.918873e-07,0.99998987,3.4687156e-07,9.126673e-06,0.99998987
15634,1,1,1,1.0462448e-08,0.99999857,1.0980973e-08,7.844875e-08,1.3320997e-06,0.99999857
11676,0,0,1,0.99999964,2.0067398e-08,4.1494804e-08,4.1034124e-08,2.6348087e-07,0.99999964
18421,4,4,1,1.4662314e-07,1.4078014e-07,5.4399726e-07,8.8403186e-07,0.9999983,0.9999983
14029,1,1,1,5.9048313e-09,0.99999976,6.3916406e-09,4.6536364e-08,1.7180957e-07,0.99999976
10824,0,0,1,0.9999994,1.0293954e-08,9.361165e-08,2.03523e-08,4.9846e-07,0.9999994
14316,1,1,1,1.9820936e-07,0.9999806,2.0867694e-07,1.6044512e-05,2.9036162e-06,0.9999806
17018,3,3,1,1.0127599e-06,2.2260401e-06,9.959123e-07,0.99998474,1.1031163e-05,0.99998474
13481,2,2,1,7.0775094e-08,1.7556527e-08,0.9999981,6.106544e-08,1.7674066e-06,0.9999981
10374,0,0,1,0.99999326,7.901835e-08,7.948982e-07,9.216066e-08,5.78338e-06,0.99999326
13228,2,2,1,1.9269844e-07,1.39137e-07,0.999988,2.215033e-07,1.1454345e-05,0.999988
10258,0,4,0,1.8803006e-06,3.509038e-07,2.2561351e-05,4.0444655e-07,0.9999748,0.9999748
15487,1,1,1,6.7779062e-09,0.9999999,7.307726e-09,6.0787045e-08,5.8583836e-08,0.9999999
11400,0,0,1,0.9999997,8.137301e-09,8.20957e-08,3.637801e-08,1.8094705e-07,0.9999997
14225,1,1,1,1.016449e-08,0.99999845,1.0491092e-08,3.7445474e-07,1.1520676e-06,0.99999845
19692,4,4,1,4.403582e-06,2.4309336e-06,0.0008194817,2.6842038e-06,0.999171,0.999171
18094,4,3,0,2.1831062e-07,2.1966817e-07,3.1714694e-07,0.99982685,0.00017240828,0.99982685
17006,3,3,1,3.9711658e-08,4.3436817e-08,3.7959616e-08,0.9999997,1.6591287e-07,0.9999997
13568,2,2,1,2.7364587e-08,1.1397404e-08,0.9999998,1.1840584e-08,1.4396235e-07,0.9999998
15027,1,1,1,1.5560063e-08,0.9999997,1.6694727e-08,2.0551197e-07,7.9925364e-08,0.9999997
17045,3,3,1,6.2484105e-08,3.089099e-07,6.519519e-08,0.9999991,4.6049215e-07,0.9999991
15580,1,1,1,6.4418133e-09,0.99999976,6.9637327e-09,1.0945659e-07,1.3225282e-07,0.99999976
12577,2,2,1,1.330392e-07,3.0753483e-08,0.9999993,3.322371e-08,5.3503277e-07,0.9999993
16642,3,3,1,4.2353275e-08,7.159532e-08,4.3868077e-08,0.99999815,1.7124942e-06,0.99999815
15384,1,1,1,7.802425e-09,0.99999976,8.306002e-09,1.9751296e-07,3.561191e-08,0.99999976
15840,1,1,1,2.0088468e-07,0.9999969,2.5615654e-07,9.778289e-07,1.6681829e-06,0.9999969
13788,2,2,1,2.6058677e-08,8.325909e-09,0.99999994,8.707247e-09,2.5512396e-08,0.99999994
14612,1,1,1,5.9523155e-09,0.9999999,6.4176e-09,6.576714e-08,4.5157336e-08,0.9999999
19850,4,4,1,1.1388259e-05,3.5995809e-06,0.00013724991,3.9227193e-06,0.99984384,0.99984384
11684,0,0,1,0.99999946,2.6585374e-08,7.0041764e-08,5.2029392e-08,4.1371948e-07,0.99999946
12305,2,2,1,7.286242e-08,2.0464586e-08,0.9999983,2.3161434e-08,1.6372147e-06,0.9999983
14625,1,1,1,8.198935e-09,0.9999999,8.49903e-09,5.8419065e-08,3.6387746e-08,0.9999999
17681,3,3,1,7.5556744e-07,2.7514234e-06,1.1854039e-06,0.9987237,0.001271601,0.9987237
18128,4,4,1,1.8576275e-06,6.348978e-07,4.786295e-06,1.5011269e-06,0.99999124,0.99999124
19189,4,4,1,1.7195433e-07,9.4272866e-07,1.19081236e-07,1.3358837e-07,0.9999986,0.9999986
10023,0,0,1,0.99999934,1.4989528e-08,3.877807e-07,1.624583e-08,2.3644621e-07,0.99999934
10616,0,0,1,0.9999995,1.0431958e-08,1.1813007e-08,3.1388234e-07,1.3667525e-07,0.9999995
10628,0,0,1,0.9999998,1.0768237e-08,1.3738983e-08,2.942058e-08,1.4574105e-07,0.9999998
13495,2,2,1,1.01026664e-07,2.8974641e-08,0.99998105,3.2427323e-08,1.879008e-05,0.99998105
12514,2,2,1,3.0037936e-06,1.2167067e-07,0.99999416,1.3177551e-07,2.6034616e-06,0.99999416
17040,3,3,1,4.2026954e-07,8.251981e-06,4.3187717e-07,0.99995357,3.7357604e-05,0.99995357
13232,2,2,1,1.9918408e-08,7.464761e-09,0.99999934,7.755022e-09,6.0037235e-07,0.99999934
12508,2,2,1,1.6487489e-08,9.926487e-09,0.99999857,2.3073696e-08,1.3558091e-06,0.99999857
13395,2,2,1,2.1200623e-07,4.4073e-08,0.99999577,5.445465e-08,3.9123893e-06,0.99999577
18819,4,4,1,6.655193e-06,3.1894295e-05,3.955165e-06,7.131204e-06,0.99995035,0.99995035
16713,3,3,1,3.8056426e-06,9.411663e-06,3.9596794e-06,0.9997459,0.00023690278,0.9997459
11864,0,0,1,0.9999991,2.3434504e-08,3.2422759e-07,2.4857504e-08,5.382537e-07,0.9999991
12196,2,2,1,3.1967573e-08,1.2044616e-08,0.9999997,1.829906e-08,2.6101816e-07,0.9999997
18089,4,4,1,2.036259e-06,1.95996e-06,1.1591104e-05,0.00044462224,0.9995398,0.9995398
12381,2,2,1,1.2346048e-08,1.05673985e-08,0.9999993,1.4122958e-08,6.7567663e-07,0.9999993
12419,2,2,1,8.7830415e-08,1.5470334e-08,0.9999996,1.6614662e-08,2.7173485e-07,0.9999996
14902,1,1,1,8.837406e-09,0.99999964,1.1487534e-08,2.8944268e-07,3.934318e-08,0.99999964
11650,0,0,1,0.9999989,5.82019e-08,1.6661758e-07,1.4436507e-07,7.1656973e-07,0.9999989
13905,2,2,1,3.212736e-06,3.6575646e-08,0.99999046,4.1899337e-08,6.266406e-06,0.99999046
10194,0,0,1,0.9999994,7.371751e-09,2.9612974e-07,8.325798e-09,3.0590004e-07,0.9999994
14531,1,1,1,3.584912e-08,0.99999547,3.832077e-08,4.0195937e-06,4.3381218e-07,0.99999547
18138,4,4,1,3.4733827e-07,3.3532214e-07,6.3349427e-07,5.232229e-06,0.99999344,0.99999344
18463,4,4,1,2.8305308e-06,2.3581324e-05,8.48702e-06,0.00096662523,0.99899846,0.99899846
15193,1,1,1,6.791089e-08,0.9999711,7.151816e-08,2.7735323e-05,1.0219134e-06,0.9999711
18705,4,4,1,2.6393943e-07,4.937824e-07,2.7784387e-07,6.2073644e-07,0.99999833,0.99999833
17052,3,3,1,5.422813e-08,9.068322e-08,5.385262e-08,0.9999989,8.773179e-07,0.9999989
16987,3,3,1,9.651634e-07,9.698799e-07,1.6550223e-06,0.999631,0.00036544108,0.999631
17126,3,3,1,1.2012164e-07,2.481147e-05,2.0074877e-07,0.999973,1.846344e-06,0.999973
18237,4,3,0,4.4731888e-07,4.876057e-07,5.593452e-07,0.9986021,0.001396418,0.9986021
15142,1,1,1,3.1296466e-08,0.99999905,3.398465e-08,3.4901169e-07,5.632495e-07,0.99999905
17564,3,3,1,2.528721e-08,2.4411788e-08,3.605927e-08,0.99999857,1.3722046e-06,0.99999857
15260,1,1,1,1.0852217e-07,0.99995685,1.1677572e-07,4.2334723e-05,5.8800117e-07,0.99995685
19919,4,4,1,6.673992e-07,4.2413708e-07,8.580859e-06,4.6152851e-07,0.99998987,0.99998987
13993,1,1,1,2.4453021e-08,0.9999893,2.6235488e-08,1.0032082e-05,6.669097e-07,0.9999893
18015,4,4,1,3.7742439e-07,2.7851357e-07,1.0411557e-06,4.1752878e-07,0.9999979,0.9999979
14009,1,1,1,7.287823e-09,0.9999998,7.477976e-09,1.3494078e-07,2.2225455e-08,0.9999998
13324,2,2,1,7.9346194e-08,2.3262206e-08,0.9999987,2.5352346e-08,1.1814537e-06,0.9999987
15593,1,1,1,7.680729e-09,0.9999998,8.036631e-09,9.8981076e-08,4.311997e-08,0.9999998
14573,1,1,1,5.8791327e-09,0.9999999,6.187495e-09,5.789195e-08,3.5090224e-08,0.9999999
17759,3,3,1,6.849622e-08,1.04097246e-07,1.03926496e-07,0.9999573,4.2424625e-05,0.9999573
12644,2,2,1,5.854965e-07,1.5244272e-07,0.9999867,1.63049e-07,1.2398756e-05,0.9999867
16684,3,3,1,2.9264259e-08,6.940265e-08,2.933171e-08,0.99999946,3.907713e-07,0.99999946
15270,1,1,1,1.3359881e-08,0.9999996,1.3716975e-08,2.0051799e-07,1.6074927e-07,0.9999996
18011,4,4,1,3.8888027e-07,3.2913985e-07,5.985349e-06,4.3587053e-07,0.99999285,0.99999285
14219,1,1,1,6.0027388e-09,0.9999998,6.368758e-09,1.19185984e-07,5.9275656e-08,0.9999998
19357,4,4,1,1.8036782e-06,1.0916223e-06,2.1675036e-05,1.1800016e-06,0.99997425,0.99997425
11951,2,2,1,4.271147e-08,1.2703421e-08,0.9999969,4.9551232e-08,3.0128263e-06,0.9999969
18450,4,4,1,1.747902e-06,7.0446816e-07,3.1516334e-05,9.023203e-07,0.99996513,0.99996513
17315,3,3,1,3.1116308e-08,3.0795356e-08,3.9807993e-08,0.9999645,3.5422938e-05,0.9999645
13170,2,2,1,2.1301874e-07,1.2205464e-07,0.99998516,3.7805245e-07,1.4100087e-05,0.99998516
11485,0,0,1,0.9999997,7.677712e-09,5.88966e-08,3.095938e-08,1.8266962e-07,0.9999997
19097,4,4,1,3.5454593e-07,5.2580917e-06,3.4224564e-07,3.1846488e-07,0.99999374,0.99999374
11804,0,0,1,0.999999,5.9314246e-08,2.8356231e-07,1.1675367e-07,5.577595e-07,0.999999
19911,4,4,1,1.6277046e-06,1.4227442e-06,0.0005041722,2.1217709e-06,0.9994907,0.9994907
12259,2,2,1,1.5646965e-08,1.3145461e-08,0.99999946,2.144192e-08,4.8526414e-07,0.99999946
13133,2,2,1,2.1883287e-07,6.3526976e-08,0.9999978,1.3964176e-07,1.7832712e-06,0.9999978
14694,1,1,1,7.2705517e-09,0.9999999,7.508237e-09,7.845432e-08,4.799474e-08,0.9999999
15134,1,1,1,2.063951e-08,0.9999992,2.0067334e-08,3.7061614e-07,3.776068e-07,0.9999992
19162,4,4,1,1.0544913e-06,0.00013920279,1.088374e-06,6.3591583e-06,0.9998523,0.9998523
10804,0,0,1,0.9999992,1.2173403e-08,4.1323705e-07,1.4308881e-08,3.4014278e-07,0.9999992
13547,2,2,1,1.987143e-06,1.918004e-06,0.9448012,1.979927e-06,0.05519292,0.9448012
10214,0,0,1,0.99999744,3.1490558e-08,4.963337e-07,3.556604e-08,2.0174828e-06,0.99999744
16568,3,1,0,4.9018187e-08,0.99999475,1.9877769e-08,5.0416725e-06,1.3645042e-07,0.99999475
17505,3,4,0,3.8085993e-05,3.4223267e-05,4.011079e-05,0.3090913,0.69079626,0.69079626
16902,3,3,1,7.755505e-08,5.9308354e-07,8.1947775e-08,0.9999966,2.618053e-06,0.9999966
11740,0,0,1,0.999999,2.8250104e-08,1.727699e-07,4.060329e-08,7.597851e-07,0.999999
15145,1,1,1,1.1125706e-08,0.9999998,1.1720017e-08,9.0731675e-08,8.244667e-08,0.9999998
19701,4,4,1,6.7588235e-07,6.326329e-07,7.337676e-05,8.564873e-07,0.9999245,0.9999245
14456,1,1,1,6.711002e-09,0.9999998,6.8989015e-09,1.0207876e-07,4.694627e-08,0.9999998
16056,3,3,1,4.5541377e-08,1.6758416e-07,4.646125e-08,0.99999934,4.0286403e-07,0.99999934
12225,2,2,1,1.3372235e-08,1.0660453e-08,0.9999994,1.4618624e-08,5.567638e-07,0.9999994
14970,1,1,1,1.34102685e-08,0.9999989,1.8379499e-08,6.738033e-07,3.5575874e-07,0.9999989
9997,0,0,1,0.9999996,9.128787e-09,2.3061521e-07,9.9597655e-09,1.5212989e-07,0.9999996
13250,2,2,1,6.827168e-08,4.0045393e-08,0.99999905,4.1662286e-08,8.1822157e-07,0.99999905
14636,1,1,1,6.650789e-09,0.99999976,6.813526e-09,1.766577e-07,6.26304e-08,0.99999976
13384,2,2,1,2.1113428e-07,1.2258386e-07,0.99999666,1.2753347e-07,2.8856825e-06,0.99999666
18377,4,4,1,6.234967e-05,1.958285e-05,0.00015456363,9.257133e-05,0.9996709,0.9996709
15628,1,1,1,5.8115695e-08,0.9999861,5.213969e-08,1.7307639e-07,1.3580952e-05,0.9999861
18012,4,4,1,1.9846623e-06,8.672911e-07,3.25236e-05,1.2609871e-06,0.99996334,0.99996334
17179,3,3,1,4.0825494e-08,1.0168797e-06,3.926008e-08,0.9999984,5.361424e-07,0.9999984
10845,0,0,1,0.9999995,7.471991e-09,5.2049362e-08,1.2261094e-08,4.159461e-07,0.9999995
13587,2,2,1,3.4343934e-08,1.6189265e-08,0.9999992,1.8038339e-08,7.1106604e-07,0.9999992
11746,0,0,1,0.99999917,2.5660631e-08,8.386742e-08,3.688151e-08,7.01428e-07,0.99999917
10946,0,0,1,0.99999976,7.421585e-09,5.939128e-08,8.785618e-09,1.632978e-07,0.99999976
10765,0,0,1,0.99999976,1.22289485e-08,4.2194635e-08,8.266573e-08,9.224348e-08,0.99999976
17589,3,3,1,2.5776336e-08,2.6566138e-08,2.7123038e-08,0.9999906,9.321026e-06,0.9999906
15254,1,1,1,2.3732941e-08,0.9999966,3.1983653e-08,3.207291e-06,1.539058e-07,0.9999966
18210,4,4,1,4.8877297e-07,4.46728e-07,5.45983e-07,4.253644e-06,0.9999943,0.9999943
12453,2,2,1,6.569868e-08,2.0277245e-08,0.99999726,2.1967981e-08,2.618786e-06,0.99999726
19738,4,4,1,4.976649e-07,4.5719128e-07,3.0570075e-06,4.9637237e-07,0.99999547,0.99999547
11048,0,0,1,0.99999964,8.1540525e-09,6.3219694e-08,9.586022e-09,2.69191e-07,0.99999964
19405,4,4,1,1.1011397e-06,9.3641097e-07,9.5698706e-05,1.0413365e-06,0.99990124,0.99990124
19385,4,4,1,1.5556369e-06,1.2288718e-06,0.00011358736,1.3322147e-06,0.9998823,0.9998823
14086,1,1,1,6.6127015e-09,0.99999917,7.0463413e-09,7.236038e-08,7.4055555e-07,0.99999917
12997,2,2,1,1.1927719e-07,4.779861e-08,0.99999547,5.3495302e-08,4.282176e-06,0.99999547
12792,2,2,1,4.041832e-07,3.8080918e-07,0.99921995,4.1471912e-07,0.0007788228,0.99921995
11045,0,0,1,0.99999976,7.537964e-09,4.1865974e-08,8.86174e-09,1.5418935e-07,0.99999976
15084,1,1,1,6.8709363e-09,0.99999976,7.1183184e-09,2.0098818e-07,2.4271127e-08,0.99999976
13964,1,1,1,7.363704e-09,0.9999998,7.683435e-09,8.392761e-08,8.64981e-08,0.9999998
13053,2,2,1,5.9549034e-08,5.990668e-08,0.9999958,5.3319763e-08,4.0053e-06,0.9999958
14185,1,1,1,6.168051e-09,0.9999998,6.4638352e-09,6.026399e-08,1.05388764e-07,0.9999998
12310,2,2,1,4.0945795e-07,2.996728e-08,0.9999981,3.321656e-08,1.4090905e-06,0.9999981
17572,3,3,1,1.003431e-07,1.2858742e-07,9.663088e-08,0.9999756,2.4029996e-05,0.9999756
15801,1,1,1,1.2361103e-08,0.9999992,1.32286635e-08,2.9170355e-08,7.0351183e-07,0.9999992
11795,0,0,1,0.9999998,1.9111791e-08,3.2623213e-08,2.0100119e-08,1.1592623e-07,0.9999998
18107,4,3,0,1.0118534e-06,3.762163e-06,1.1644163e-06,0.99471617,0.005277906,0.99471617
15026,1,1,1,1.6100984e-08,0.99999946,1.7405643e-08,2.198977e-07,2.8664334e-07,0.99999946
18685,4,4,1,1.560671e-07,3.1743966e-07,1.6341247e-07,2.1807466e-07,0.99999917,0.99999917
10629,0,0,1,0.99999976,1.7026668e-08,3.302866e-08,3.7811773e-08,1.6847292e-07,0.99999976
10265,0,0,1,0.99999726,2.282374e-08,2.3906563e-07,2.703758e-08,2.4324195e-06,0.99999726
13057,2,2,1,1.2144697e-08,8.208626e-09,0.9999998,7.962462e-09,1.2582841e-07,0.9999998
12258,2,2,1,4.639813e-08,1.8836717e-08,0.9999996,2.0864766e-08,3.367648e-07,0.9999996
11253,0,0,1,0.99993104,3.204744e-08,7.151409e-08,3.2618573e-08,6.882527e-05,0.99993104
12991,2,2,1,1.6975024e-08,1.4920513e-08,0.9999964,1.8574605e-08,3.55352e-06,0.9999964
17567,3,3,1,1.0244746e-08,9.924709e-09,1.1755384e-08,0.99999917,7.989582e-07,0.99999917
11402,0,0,1,0.9999992,7.173362e-09,3.1611563e-08,1.7933408e-08,7.343208e-07,0.9999992
13074,2,2,1,1.0784987e-07,9.180764e-08,0.9999165,3.132437e-06,8.017604e-05,0.9999165
15416,1,1,1,2.0844035e-07,0.99999243,2.2532828e-07,2.2975366e-06,4.8526676e-06,0.99999243
15921,1,1,1,8.1576115e-07,0.9999491,1.6071785e-07,2.7446657e-07,4.96479e-05,0.9999491
11649,0,0,1,0.99999934,2.453332e-08,5.640539e-08,3.978653e-08,5.238855e-07,0.99999934
19092,4,4,1,7.4345087e-07,5.8362697e-05,7.363457e-07,1.4335294e-06,0.9999387,0.9999387
12080,2,2,1,2.6028653e-08,1.1991712e-08,0.99999976,1.8782652e-08,1.6561657e-07,0.99999976
12878,2,2,1,8.0810565e-08,9.842592e-09,0.99999976,1.47352095e-08,1.4202593e-07,0.99999976
18251,4,4,1,8.721666e-06,8.017283e-07,1.1248763e-05,1.312493e-06,0.9999779,0.9999779
16068,3,3,1,3.3478166e-08,7.9610703e-07,3.408449e-08,0.9999983,8.599296e-07,0.9999983
17513,3,3,1,4.185302e-06,2.6737903e-06,2.3578441e-05,0.9479819,0.05198764,0.9479819
18253,4,4,1,5.8044117e-07,3.5283594e-07,1.0463204e-06,1.8460901e-06,0.9999962,0.9999962
14911,1,1,1,7.31277e-09,0.9999998,7.905254e-09,6.838227e-08,6.990567e-08,0.9999998
11751,0,0,1,0.9999987,2.524761e-08,2.5638985e-07,3.4481324e-08,9.707941e-07,0.9999987
17514,3,3,1,3.109978e-08,1.5014365e-07,3.9633218e-08,0.9999927,7.052061e-06,0.9999927
19147,4,4,1,1.2719954e-07,3.1595423e-06,1.2934773e-07,2.9492372e-07,0.9999963,0.9999963
15831,1,1,1,6.3241257e-09,0.9999992,6.8673325e-09,3.7591064e-08,7.04313e-07,0.9999992
11784,0,0,1,0.99999917,1.945147e-08,8.329909e-08,2.0451258e-08,7.09621e-07,0.99999917
10319,0,0,1,0.9999992,1.24041035e-08,2.95004e-07,1.3916772e-08,4.8129033e-07,0.9999992
10176,0,0,1,0.9999994,8.483511e-09,3.632476e-07,9.255751e-09,1.8611229e-07,0.9999994
18054,4,4,1,5.5638753e-07,3.785606e-07,5.7079938e-06,2.4035014e-06,0.99999094,0.99999094
12546,2,2,1,2.593617e-07,4.1420567e-08,0.99999887,4.4841215e-08,7.6078913e-07,0.99999887
13207,2,2,1,3.851837e-06,3.1787893e-06,0.9856786,3.2808994e-06,0.014311077,0.9856786
18331,4,4,1,4.6242676e-06,4.1698354e-06,0.0063538845,7.441553e-06,0.9936299,0.9936299
15904,1,1,1,1.1111874e-07,0.9999933,1.216858e-07,1.826755e-06,4.619481e-06,0.9999933
18401,4,4,1,8.180216e-07,9.120543e-07,1.0229002e-06,3.947157e-05,0.9999578,0.9999578
12634,2,2,1,3.21729e-08,1.8383801e-08,0.99999857,2.1774724e-08,1.3552005e-06,0.99999857
17032,3,3,1,2.186562e-06,0.00011479289,2.18469e-06,0.9998642,1.6636715e-05,0.9998642
12123,2,2,1,1.379298e-08,1.0246408e-08,0.9999995,1.11401715e-08,4.5417107e-07,0.9999995
11371,0,0,1,0.9999997,6.89506e-09,2.6115584e-08,2.492219e-08,2.4556937e-07,0.9999997
13153,2,2,1,1.05497475e-05,8.525871e-08,0.99998724,8.792965e-08,2.0146413e-06,0.99998724
14532,1,1,1,8.016114e-09,0.9999997,8.546416e-09,2.6856864e-07,3.7548457e-08,0.9999997
11286,0,0,1,0.9999974,8.210915e-09,1.6292805e-08,8.268086e-09,2.6084272e-06,0.9999974
17108,3,3,1,1.5246589e-07,5.9770696e-07,1.7481489e-07,0.99999845,6.480662e-07,0.99999845
18630,4,4,1,1.2021499e-05,2.0695192e-05,1.7467939e-05,0.040361747,0.95958805,0.95958805
14441,1,1,1,5.8651963e-09,0.9999999,6.2539867e-09,1.0723627e-07,2.651043e-08,0.9999999
13500,2,2,1,1.0500726e-07,8.9240615e-08,0.99999046,1.2983914e-07,9.208611e-06,0.99999046
17683,3,3,1,3.0887026e-07,5.7665784e-07,1.3131287e-06,0.98922163,0.0107761985,0.98922163
12160,2,2,1,3.6407794e-08,1.711096e-08,0.9999963,2.054069e-08,3.6127271e-06,0.9999963
10843,0,0,1,0.9999998,7.46708e-09,3.99936e-08,1.254437e-08,1.4174307e-07,0.9999998
16887,3,3,1,5.5123362e-08,7.309579e-08,5.2233336e-08,0.99999934,4.5526653e-07,0.99999934
17456,3,3,1,6.249885e-08,6.122095e-08,6.5202265e-08,0.9999883,1.1522786e-05,0.9999883
16268,3,3,1,3.3764934e-07,4.9592336e-07,2.9954566e-07,0.9999973,1.5485156e-06,0.9999973
14241,1,1,1,6.1263723e-09,0.9999998,6.5281203e-09,3.5656818e-08,1.0872813e-07,0.9999998
18640,4,4,1,7.7733597e-07,3.020093e-06,4.070039e-07,3.8709578e-07,0.9999954,0.9999954
14049,1,1,1,6.547356e-09,0.9999999,6.339474e-09,3.6718415e-08,9.292181e-08,0.9999999
11115,0,0,1,0.9999995,8.679854e-09,1.1579942e-07,1.0144747e-08,3.5903955e-07,0.9999995
10621,0,0,1,0.99999964,1.0779304e-08,1.53766e-08,7.1846486e-08,2.6669028e-07,0.99999964
14993,1,1,1,4.4106292e-07,0.9999821,5.33766e-07,4.655557e-06,1.2278391e-05,0.9999821
15112,1,1,1,7.3936444e-09,0.99999976,8.045393e-09,1.7785199e-07,3.7053486e-08,0.99999976
17952,4,4,1,2.776146e-06,3.0940332e-06,2.897873e-06,0.0008484987,0.9991427,0.9991427
12102,2,2,1,1.6102632e-08,1.2666618e-08,0.9999997,1.385719e-08,2.7583013e-07,0.9999997
10135,0,0,1,0.99999964,1.1688752e-08,1.8749607e-07,1.2668409e-08,1.3276428e-07,0.99999964
16267,3,3,1,2.2761733e-06,0.00010708012,2.203923e-06,0.99986094,2.750586e-05,0.99986094
11509,0,0,1,0.99999976,7.5228215e-09,2.3141009e-08,1.7650775e-08,1.8327746e-07,0.99999976
16673,3,3,1,2.166608e-08,2.1219999e-07,2.2409328e-08,0.99999964,8.226632e-08,0.99999964
13736,2,3,0,5.9262698e-06,5.1198253e-06,4.750291e-05,0.9726701,0.027271347,0.9726701
11440,0,0,1,0.99998635,3.078269e-08,7.819758e-08,8.342226e-08,1.34445345e-05,0.99998635
15111,1,1,1,2.7291975e-07,0.99998826,2.9627e-07,9.275734e-06,1.8963251e-06,0.99998826
11423,0,0,1,0.9999998,6.3942123e-09,3.105767e-08,2.3111877e-08,1.4048186e-07,0.9999998
16424,3,3,1,9.866082e-08,9.970782e-07,1.049099e-07,0.9999984,4.1764582e-07,0.9999984
14927,1,1,1,9.003112e-09,0.9999998,9.505483e-09,1.2791739e-07,3.4548382e-08,0.9999998
16921,3,3,1,4.07665e-08,7.612527e-08,3.884702e-08,0.9999996,2.4665368e-07,0.9999996
18400,4,4,1,9.993698e-07,4.915689e-07,3.2640203e-06,7.20267e-07,0.9999945,0.9999945
11310,0,0,1,0.99999696,7.3351347e-09,1.586503e-08,7.386208e-09,3.009217e-06,0.99999696
19904,4,4,1,2.6961104e-06,2.314491e-06,0.24724534,2.4709914e-06,0.7527472,0.7527472
18968,4,4,1,3.8618328e-08,4.1210438e-07,4.0523247e-08,1.0694427e-07,0.9999994,0.9999994
12137,2,2,1,1.5766727e-08,1.27225555e-08,0.9999992,1.808247e-08,7.503563e-07,0.9999992
19697,4,4,1,7.1189936e-07,6.439041e-07,9.414477e-06,7.5130225e-07,0.9999885,0.9999885
18900,4,4,1,2.1918283e-06,6.168145e-05,1.8860768e-06,8.6259015e-06,0.9999256,0.9999256
12892,2,2,1,2.1391193e-08,1.1125854e-08,0.9999981,1.7294955e-08,1.8406131e-06,0.9999981
14563,1,1,1,5.8770047e-09,0.99999946,6.0062866e-09,1.5629196e-07,3.6401622e-07,0.99999946
17747,3,3,1,2.974108e-07,3.0070296e-07,4.737954e-06,0.9999687,2.5939888e-05,0.9999687
13315,2,4,0,7.436734e-06,7.837355e-06,0.013499543,8.878243e-06,0.9864763,0.9864763
18323,4,4,1,6.8636614e-06,5.405875e-06,0.00048293185,5.5986224e-05,0.99944884,0.99944884
15602,1,1,1,7.529164e-09,0.99999964,8.149899e-09,2.6516881e-08,2.9869798e-07,0.99999964
12202,2,2,1,9.758681e-08,1.8990375e-08,0.99999785,2.8143154e-08,2.030042e-06,0.99999785
10539,0,0,1,0.99999946,2.3933348e-08,2.9955352e-08,1.9890604e-07,2.7181426e-07,0.99999946
18098,4,4,1,1.514534e-07,1.5562848e-07,1.8809078e-07,7.9592905e-07,0.9999987,0.9999987
17690,3,3,1,1.1416344e-08,1.3110352e-07,1.664252e-08,0.9999993,5.561278e-07,0.9999993
11559,0,0,1,0.99999523,2.3978611e-08,2.7699093e-06,3.9422023e-08,1.9433269e-06,0.99999523
17865,3,3,1,2.8750244e-06,3.026537e-06,3.833345e-05,0.95673573,0.043220047,0.95673573
12437,2,2,1,8.5363446e-08,4.2491937e-08,0.9999985,4.603496e-08,1.3082682e-06,0.9999985
17824,3,3,1,2.5738083e-07,2.435412e-07,2.8367168e-07,0.99985015,0.00014905324,0.99985015
13410,2,2,1,6.52708e-08,4.7621253e-08,0.9999931,5.563324e-08,6.744548e-06,0.9999931
14288,1,1,1,6.330265e-09,0.9999999,6.5022414e-09,8.753757e-08,3.27511e-08,0.9999999
13538,2,2,1,1.1407677e-08,1.1256994e-08,0.9999997,1.2433758e-08,2.3703085e-07,0.9999997
10601,0,0,1,0.9999994,7.617144e-09,2.1404452e-08,2.6331003e-07,2.7841597e-07,0.9999994
10634,0,0,1,0.9999998,8.706415e-09,1.1959315e-08,2.5630913e-08,1.3373337e-07,0.9999998
17520,3,3,1,1.9212823e-08,1.9202242e-08,3.436802e-08,0.99999064,9.28907e-06,0.99999064
12994,2,2,1,1.4156994e-07,8.5085716e-08,0.99999416,9.311126e-08,5.523157e-06,0.99999416
16760,3,3,1,2.3403459e-08,8.952518e-08,2.179343e-08,0.99999976,1.1684599e-07,0.99999976
15612,1,1,1,7.3664848e-09,0.9999999,7.800819e-09,7.0799736e-08,4.8104074e-08,0.9999999
18507,4,4,1,5.627489e-07,4.3660432e-07,1.0260442e-06,2.0731702e-06,0.9999959,0.9999959
13953,1,1,1,6.1332703e-09,0.9999999,6.503109e-09,8.615473e-08,3.7832713e-08,0.9999999
13312,2,2,1,1.4549834e-08,1.37359635e-08,0.999999,1.5061518e-08,9.732972e-07,0.999999
14362,1,1,1,7.792448e-09,0.9999998,7.911574e-09,1.0418175e-07,4.052466e-08,0.9999998
12352,2,2,1,8.078961e-08,2.6585763e-08,0.9999989,2.9093412e-08,9.551703e-07,0.9999989
10178,0,0,1,0.9999991,1.21932135e-08,6.121609e-07,1.3215152e-08,2.486806e-07,0.9999991
14724,1,1,1,1.6538428e-08,0.99999964,1.7229892e-08,2.6164295e-07,8.0439825e-08,0.99999964
11988,2,2,1,1.0699914e-07,1.693634e-08,0.99999946,1.9318762e-08,3.7228503e-07,0.99999946
18697,4,4,1,7.3764418e-06,0.00043170832,1.7903932e-06,1.2267017e-06,0.9995579,0.9995579
17384,3,3,1,1.5902629e-08,1.3587822e-07,1.764492e-08,0.999999,8.3322897e-07,0.999999
17606,3,3,1,1.8425864e-08,1.6434536e-08,2.1062501e-08,0.99999744,2.5330808e-06,0.99999744
11124,0,0,1,0.9999995,1.0875514e-08,4.3861412e-08,1.2852118e-08,4.019862e-07,0.9999995
11516,0,0,1,0.99999946,6.2608896e-09,2.2070568e-08,1.4978557e-08,4.7399175e-07,0.99999946
14607,1,1,1,7.678119e-09,0.9999997,7.924831e-09,1.0573931e-07,1.6669222e-07,0.9999997
11522,0,0,1,0.9999998,7.3635182e-09,2.4207909e-08,1.7650777e-08,1.09035646e-07,0.9999998
16095,3,3,1,4.9969594e-07,7.761013e-07,5.673073e-07,0.9999293,6.881872e-05,0.9999293
10426,0,0,1,0.9999999,1.07185185e-08,2.5219888e-08,3.0284077e-08,7.1693705e-08,0.9999999
13625,2,2,1,1.2031212e-06,9.89945e-07,0.93614686,1.0559761e-06,0.06384991,0.93614686
18136,4,4,1,2.8070688e-06,2.0029222e-06,0.025062261,2.55824e-06,0.97493035,0.97493035
17159,3,3,1,6.0242684e-08,1.1712518e-06,7.296213e-08,0.99999845,2.6870313e-07,0.99999845
10272,0,0,1,0.9999996,9.205085e-09,1.9457885e-07,1.0396399e-08,1.8186715e-07,0.9999996
16812,3,3,1,3.9188572e-07,1.4632085e-05,4.447323e-07,0.9999772,7.3731917e-06,0.9999772
12057,2,2,1,3.4556453e-07,3.1172164e-08,0.99999803,3.6528483e-08,1.5539856e-06,0.99999803
10945,0,0,1,0.99999565,1.782293e-08,5.7682044e-08,2.0939588e-08,4.2476768e-06,0.99999565
17106,3,3,1,1.2915425e-05,0.0042345715,1.3790696e-05,0.9954185,0.00032025157,0.9954185
12272,2,2,1,1.7837549e-07,1.1742157e-07,0.999986,1.3807671e-07,1.3590981e-05,0.999986
12666,2,2,1,5.017203e-07,2.1060936e-07,0.99999386,2.295202e-07,5.226841e-06,0.99999386
14324,1,1,1,6.2146803e-09,0.9999998,6.44013e-09,1.06088414e-07,5.974748e-08,0.9999998
13872,2,2,1,3.1491597e-06,1.2424688e-06,0.9999095,1.4190603e-06,8.465075e-05,0.9999095
19101,4,4,1,0.00024471813,0.017453285,0.00024014842,0.018110305,0.9639515,0.9639515
13644,2,2,1,8.987155e-08,4.7711882e-08,0.9999863,5.2699505e-08,1.349072e-05,0.9999863
14321,1,1,1,7.3017072e-09,0.99999976,8.293212e-09,1.3678878e-07,1.0452144e-07,0.99999976
17281,3,3,1,1.4651617e-06,1.3000778e-06,4.304886e-06,0.9979604,0.002032527,0.9979604
16078,3,3,1,4.128887e-08,2.1561017e-07,4.1929248e-08,0.9999995,1.6413826e-07,0.9999995
11397,0,0,1,0.999999,1.373527e-08,3.358703e-08,3.2561843e-08,9.3277436e-07,0.999999
17085,3,3,1,5.533226e-08,2.5485812e-07,5.8221875e-08,0.9999988,8.43743e-07,0.9999988
19217,4,4,1,1.434585e-06,0.00030021244,1.4547122e-06,2.7226724e-06,0.99969417,0.99969417
18747,4,4,1,4.0406246e-07,1.3692123e-05,3.9702695e-07,1.2398848e-06,0.99998426,0.99998426
14593,1,1,1,9.9985575e-09,0.9999997,9.369117e-09,1.9449449e-07,7.664505e-08,0.9999997
12549,2,2,1,6.263397e-08,2.2110997e-08,0.99999887,2.3954636e-08,1.0373326e-06,0.99999887
14254,1,1,1,6.106108e-09,0.99999976,6.579846e-09,2.9632083e-08,1.971014e-07,0.99999976
14286,1,1,1,6.073639e-09,0.9999999,6.4521166e-09,9.1566996e-08,4.209175e-08,0.9999999
12509,2,2,1,2.638271e-07,2.9221868e-08,0.99999297,3.1129566e-08,6.714042e-06,0.99999297
18870,4,4,1,6.0983825e-07,1.9306322e-05,2.595921e-07,2.8027026e-07,0.99997956,0.99997956
12817,2,4,0,3.0560448e-05,1.6542312e-05,0.2909115,1.7370101e-05,0.709024,0.709024
11075,0,0,1,0.99999976,7.794058e-09,5.1627094e-08,9.2265475e-09,1.848755e-07,0.99999976
19027,4,4,1,2.0698794e-06,4.3675395e-06,1.8019031e-06,6.009963e-06,0.99998575,0.99998575
12238,2,2,1,1.7538873e-08,1.3998745e-08,0.99999905,1.8905922e-08,9.028908e-07,0.99999905
11637,0,0,1,0.9999988,6.038064e-08,2.593113e-07,1.1482819e-07,7.787888e-07,0.9999988
16935,3,3,1,5.6307066e-08,1.9988377e-07,6.0438516e-08,0.99999946,2.1836505e-07,0.99999946
14780,1,1,1,1.2833723e-08,0.9999997,1.3403523e-08,1.7679805e-07,1.2192372e-07,0.9999997
15770,1,1,1,4.1276085e-08,0.9999862,4.7578943e-08,1.2320434e-07,1.361086e-05,0.9999862
11065,0,0,1,0.9999992,1.28456215e-08,5.308594e-07,1.5206552e-08,2.0669985e-07,0.9999992
12270,2,2,1,1.156816e-07,1.8505018e-08,0.9999986,2.0216818e-08,1.2415983e-06,0.9999986
16814,3,3,1,6.440268e-08,8.733833e-07,5.9848766e-08,0.9999957,3.31069e-06,0.9999957
12275,2,2,1,4.110404e-08,1.0890154e-08,0.99999946,1.3163881e-08,4.5382052e-07,0.99999946
18100,4,3,0,6.4042877e-07,6.1182294e-07,7.048158e-07,0.9997308,0.0002672397,0.9997308
17226,3,3,1,1.2767043e-07,6.5107406e-07,1.3123767e-07,0.99999875,3.4536623e-07,0.99999875
12021,2,2,1,2.485641e-08,1.3475655e-08,0.9999991,1.468646e-08,8.3013856e-07,0.9999991
12615,2,2,1,2.082535e-07,4.5741512e-08,0.9999857,4.9440043e-08,1.3992401e-05,0.9999857
16238,3,3,1,6.8437664e-08,4.4738553e-07,6.709171e-08,0.99999887,5.329514e-07,0.99999887
15915,1,1,1,8.480572e-06,0.99980706,2.4621075e-05,2.3145207e-05,0.00013667521,0.99980706
18737,4,4,1,2.2966053e-06,2.8304426e-05,1.9527065e-06,1.535355e-05,0.9999521,0.9999521
16892,3,3,1,2.4733166e-07,1.2099052e-06,1.014214e-06,0.99998915,8.384439e-06,0.99998915
18479,4,4,1,4.2492184e-07,3.9697858e-07,9.069857e-07,8.536591e-06,0.99998975,0.99998975
17996,4,4,1,2.2244755e-07,2.0235603e-07,1.9359277e-06,5.2772117e-07,0.99999714,0.99999714
13835,2,2,1,3.0653776e-08,1.9613053e-08,0.99999917,2.1978066e-08,7.3490645e-07,0.99999917
11474,0,0,1,0.9999992,3.432472e-08,1.3474893e-07,8.227833e-08,5.08265e-07,0.9999992
18158,4,4,1,7.754711e-06,6.104705e-06,0.0026046932,2.8110962e-05,0.9973533,0.9973533
14160,1,1,1,8.30389e-09,0.99999964,8.612229e-09,1.0695991e-07,2.1238527e-07,0.99999964
11084,0,2,0,7.814198e-05,1.0328135e-06,0.9998787,1.2283753e-06,4.0898776e-05,0.9998787
16671,3,3,1,3.1943426e-08,1.454537e-07,3.2149693e-08,0.9999997,1.0645951e-07,0.9999997
14527,1,1,1,2.216248e-08,0.99999875,3.4819436e-08,7.972951e-07,4.1639552e-07,0.99999875
15592,1,1,1,4.6652963e-07,0.9999906,2.1613086e-07,6.364585e-07,8.084106e-06,0.9999906
11833,0,0,1,0.9999994,3.4231828e-08,1.4954898e-07,3.7309213e-08,3.860212e-07,0.9999994
14572,1,1,1,1.3309242e-08,0.99999934,1.4854491e-08,4.4599076e-07,1.6861675e-07,0.99999934
14307,1,1,1,7.66988e-09,0.9999999,7.8818525e-09,7.847924e-08,3.5698157e-08,0.9999999
11227,0,0,1,0.9999963,8.760878e-09,2.1763874e-08,8.91701e-09,3.6448896e-06,0.9999963
16709,3,3,1,7.396375e-08,2.8637172e-07,7.631239e-08,0.99999887,6.940465e-07,0.99999887
15917,1,1,1,3.7362543e-08,0.99999875,3.5320994e-08,1.0373188e-07,1.0658895e-06,0.99999875
15043,1,1,1,5.5757783e-07,0.9990863,6.229962e-07,0.0009095175,2.956142e-06,0.9990863
14854,1,1,1,3.857727e-08,0.9999989,3.5655173e-08,8.703306e-07,1.5124238e-07,0.9999989
12370,2,2,1,9.247282e-08,2.8958919e-08,0.9999972,3.136396e-08,2.6761063e-06,0.9999972
15044,1,1,1,2.4536426e-08,0.999999,2.6977283e-08,6.5445255e-07,2.9160094e-07,0.999999
12384,2,2,1,8.2524144e-07,1.2710502e-08,0.99999887,1.3757016e-08,2.6330267e-07,0.99999887
15608,1,1,1,1.0405448e-08,0.9999998,1.0856873e-08,1.0023858e-07,6.745729e-08,0.9999998
17969,4,4,1,8.242647e-07,3.8233975e-07,7.435985e-06,1.2248915e-06,0.9999901,0.9999901
16217,3,3,1,1.2624687e-07,9.412775e-07,2.1048858e-07,0.99999374,4.9571136e-06,0.99999374
19071,4,4,1,4.1474075e-07,3.1786146e-06,4.533636e-07,1.0685001e-06,0.9999949,0.9999949
17333,3,3,1,1.4721401e-07,3.4077686e-07,4.8633086e-07,0.99998677,1.22471e-05,0.99998677
16757,3,3,1,8.0051855e-08,1.8340631e-07,9.49111e-08,0.99999845,1.1981382e-06,0.99999845
14213,1,1,1,6.71314e-09,0.9999999,7.214889e-09,1.0262494e-07,2.2317906e-08,0.9999999
15362,1,1,1,1.2307784e-08,0.9999997,1.3228979e-08,1.6984526e-07,1.00816656e-07,0.9999997
18568,4,4,1,4.5593964e-07,2.183109e-06,1.6738616e-06,7.2440074e-05,0.9999232,0.9999232
14829,1,1,1,7.633336e-06,0.63516825,8.066691e-06,0.36474952,6.65079e-05,0.63516825
15828,1,1,1,2.4369573e-08,0.99999905,2.6545932e-08,7.132959e-07,1.6230614e-07,0.99999905
17366,3,3,1,3.057765e-08,3.1597132e-08,4.6461178e-08,0.9999967,3.1526747e-06,0.9999967
18606,4,4,1,1.9437677e-07,1.1089733e-06,1.14884116e-07,1.263674e-07,0.99999845,0.99999845
17941,4,4,1,3.950796e-06,3.3366255e-06,4.493899e-06,0.0004155371,0.9995727,0.9995727
11040,0,0,1,0.9999993,1.2130628e-08,7.500581e-08,2.398361e-08,5.815649e-07,0.9999993
12353,2,2,1,1.1647929e-07,3.8981728e-08,0.999991,4.0948912e-08,8.810472e-06,0.999991
15391,1,1,1,1.1014869e-08,0.9999995,1.1368797e-08,1.3803292e-07,3.2042684e-07,0.9999995
14834,1,1,1,7.2173907e-09,0.9999999,7.481563e-09,1.0469211e-07,2.3696119e-08,0.9999999
10731,0,0,1,0.99999774,3.0264903e-08,2.69365e-08,1.7831258e-06,4.1190702e-07,0.99999774
13304,2,2,1,5.006332e-07,5.8731096e-08,0.999997,6.358588e-08,2.3337336e-06,0.999997
10829,0,0,1,0.999999,8.959922e-09,7.615361e-08,1.6721112e-08,9.044757e-07,0.999999
14428,1,1,1,6.2069754e-09,0.9999998,6.4064167e-09,4.1071463e-08,1.2395458e-07,0.9999998
12530,2,2,1,9.988688e-08,3.1004934e-08,0.99999917,3.3298342e-08,6.914346e-07,0.99999917
17840,3,3,1,1.2941479e-06,1.321187e-06,1.6107205e-06,0.99922925,0.00076654396,0.99922925
14248,1,1,1,6.1489125e-09,0.9999999,6.4192363e-09,9.041581e-08,1.8251686e-08,0.9999999
11173,0,0,1,0.9999967,1.1337486e-08,6.108228e-08,1.2088205e-08,3.2210703e-06,0.9999967
13817,2,2,1,1.3078145e-08,1.23459385e-08,0.9999995,1.3274609e-08,4.6229727e-07,0.9999995
18049,4,4,1,7.51413e-05,0.0003092443,0.00022110755,0.3615813,0.6378132,0.6378132
19519,4,4,1,1.1915861e-06,1.0078827e-06,3.188551e-05,1.1542589e-06,0.9999648,0.9999648
14174,1,1,1,1.307923e-08,0.9999996,1.6308503e-08,2.1822424e-07,1.7738155e-07,0.9999996
12455,2,2,1,3.2014736e-07,8.365532e-08,0.9999967,8.845602e-08,2.8018408e-06,0.9999967
15729,1,1,1,9.7842545e-08,0.99999267,8.266931e-08,1.264406e-07,7.016718e-06,0.99999267
15020,1,1,1,9.536773e-07,0.99673104,1.183384e-06,0.0032540336,1.27577505e-05,0.99673104
13464,2,2,1,3.9249098e-08,1.3612523e-08,0.9999997,1.5316198e-08,2.502174e-07,0.9999997
11497,0,0,1,0.9999996,6.9877557e-09,2.5079858e-08,2.048238e-08,3.9206049e-07,0.9999996
18259,4,4,1,4.0143127e-06,4.0391983e-06,4.1275325e-06,4.083248e-05,0.999947,0.999947
12872,2,2,1,7.678328e-08,3.041992e-08,0.99998903,4.019185e-08,1.0833712e-05,0.99998903
16705,3,3,1,3.934563e-08,7.28243e-08,3.358257e-08,0.9999997,1.5046612e-07,0.9999997
13165,2,2,1,4.5972023e-08,9.535301e-09,0.9999999,9.906075e-09,6.424812e-08,0.9999999
14912,1,1,1,2.640645e-08,0.99999547,3.0264097e-08,4.296369e-06,1.485532e-07,0.99999547
18154,4,4,1,1.7000312e-06,1.383218e-06,1.9593792e-05,1.5650864e-06,0.99997574,0.99997574
19144,4,4,1,3.720528e-05,7.638696e-05,3.4739274e-05,0.0047880365,0.9950636,0.9950636
11517,0,0,1,0.9999963,2.0272074e-08,3.0985539e-06,5.986583e-08,5.017181e-07,0.9999963
11427,0,0,1,0.999998,9.200694e-09,3.394076e-08,2.1895069e-08,1.9546358e-06,0.999998
14251,1,1,1,6.2016876e-09,0.9999998,6.4009593e-09,1.0331155e-07,6.705337e-08,0.9999998
14099,1,1,1,6.1008443e-09,0.9999999,6.5741736e-09,5.0334975e-08,8.5184986e-08,0.9999999
11632,0,0,1,0.99999875,5.7633176e-08,3.3764977e-07,8.338654e-08,7.462919e-07,0.99999875
16738,3,3,1,4.4741608e-08,9.814517e-08,4.3234042e-08,0.9999997,1.3462346e-07,0.9999997
15784,1,1,1,1.6547627e-08,0.9999978,1.1438887e-08,3.4100385e-08,2.116815e-06,0.9999978
11321,0,0,1,0.9999964,9.217956e-09,2.1940055e-08,9.3822345e-09,3.5337564e-06,0.9999964
11737,0,0,1,0.99999774,4.4185256e-08,1.7732297e-07,8.647357e-08,1.9468841e-06,0.99999774
15817,1,1,1,6.3175163e-09,0.99999964,6.807656e-09,6.680712e-08,2.5563725e-07,0.99999964
14474,1,1,1,6.315172e-09,0.9999999,6.8985817e-09,5.426835e-08,4.0889503e-08,0.9999999
18336,4,4,1,5.034142e-06,4.6927335e-06,9.806706e-06,0.00015212857,0.99982834,0.99982834
11694,0,0,1,0.9999997,2.5297647e-08,9.779881e-08,3.6021348e-08,1.6010512e-07,0.9999997
13986,1,1,1,6.406906e-09,0.9999997,6.7266233e-09,1.3867e-07,1.5595641e-07,0.9999997
16997,3,3,1,4.1743352e-08,1.1601633e-07,4.2942077e-08,0.9999993,5.272693e-07,0.9999993
17803,3,3,1,3.9094285e-08,4.0336072e-08,4.9002185e-08,0.99996424,3.5609843e-05,0.99996424
19553,4,2,0,5.141642e-05,2.694791e-05,0.5258815,4.9448066e-05,0.47399065,0.5258815
18615,4,4,1,4.648271e-08,2.229064e-06,5.356898e-08,8.417873e-08,0.9999976,0.9999976
15920,1,1,1,2.4706646e-08,0.99999714,2.5974e-08,2.5692404e-07,2.5765664e-06,0.99999714
13640,2,2,1,2.5024292e-07,2.2671054e-07,0.99991256,2.2215839e-07,8.67181e-05,0.99991256
14246,1,1,1,6.4186834e-09,0.99999976,6.9166712e-09,9.351559e-08,1.5426046e-07,0.99999976
17309,3,3,1,9.1366026e-08,1.4321631e-07,9.387726e-08,0.9999988,8.869702e-07,0.9999988
18944,4,4,1,1.3804444e-05,0.000119404795,6.355328e-06,5.7965017e-06,0.9998546,0.9998546
16801,3,3,1,2.7217123e-08,1.0934188e-07,2.6035082e-08,0.99999976,6.59709e-08,0.99999976
10652,0,0,1,0.9999997,7.917302e-09,8.93598e-09,2.2664169e-07,8.2495674e-08,0.9999997
19203,4,4,1,3.7456678e-07,6.652948e-05,3.8732438e-07,8.703575e-07,0.9999318,0.9999318
15490,1,1,1,7.381255e-09,0.9999999,7.681407e-09,8.883497e-08,2.6698862e-08,0.9999999
15613,1,1,1,8.677082e-09,0.99999964,8.709635e-09,6.337059e-08,2.9003175e-07,0.99999964
17488,3,3,1,2.7658693e-08,2.8195343e-08,5.4129885e-08,0.9999883,1.1544229e-05,0.9999883
15625,1,1,1,6.0117262e-09,0.99999946,6.4112506e-09,2.1774255e-08,4.7250285e-07,0.99999946
17446,3,3,1,1.17638876e-07,6.0502117e-07,1.3674199e-07,0.99983114,0.00016800317,0.99983114
14862,1,1,1,6.923283e-09,0.9999992,7.60267e-09,2.0873075e-07,5.2982153e-07,0.9999992
12263,2,2,1,2.7861814e-08,1.8824732e-08,0.9999996,2.0484409e-08,3.454701e-07,0.9999996
15224,1,1,1,1.2773259e-08,0.9999996,1.4093208e-08,2.7046352e-07,1.12487044e-07,0.9999996
10189,0,0,1,0.99999917,1.4308964e-08,4.507189e-07,1.6053926e-08,3.7411155e-07,0.99999917
15868,1,1,1,2.4895767e-08,0.9999994,3.4294974e-08,9.009522e-08,4.1910332e-07,0.9999994
18060,4,4,1,0.00015971315,3.6830722e-06,4.0852712e-05,3.2694625e-05,0.9997631,0.9997631
14948,1,1,1,3.40884e-07,0.9999217,3.4875515e-07,7.454811e-05,3.1086092e-06,0.9999217
16082,3,3,1,2.0560482e-07,7.4793616e-07,1.4717685e-07,0.99999803,8.9022075e-07,0.99999803
11404,0,0,1,0.9999991,3.9110674e-08,1.6211423e-07,9.1765266e-08,6.1361374e-07,0.9999991
14244,1,1,1,5.9379546e-09,0.9999996,6.398646e-09,3.4572793e-08,3.8094717e-07,0.9999996
15246,1,3,0,1.872079e-05,0.25638554,1.9090696e-05,0.74339086,0.00018578146,0.74339086
11891,0,0,1,0.99999964,1.5199554e-08,2.9856857e-08,1.9772914e-08,3.1627752e-07,0.99999964
19843,4,4,1,4.6330106e-06,3.638024e-07,1.8195047e-06,3.7816207e-07,0.9999928,0.9999928
17164,3,3,1,7.4832707e-07,2.1583971e-06,8.7215005e-07,0.9999935,2.729259e-06,0.9999935
10190,0,0,1,0.99999636,1.9718684e-08,3.094398e-06,2.2123356e-08,5.114674e-07,0.99999636
10208,0,0,1,0.99999845,1.3132987e-08,9.870014e-07,1.4734542e-08,5.1332023e-07,0.99999845
19022,4,4,1,2.9118382e-07,9.807993e-07,2.2604549e-07,3.6343644e-07,0.99999815,0.99999815
18652,4,4,1,3.7487825e-07,2.8779175e-07,2.3638988e-07,1.2168556e-06,0.9999979,0.9999979
19130,4,4,1,5.141484e-06,0.0008927064,4.4151493e-06,1.1166035e-05,0.99908656,0.99908656
10714,0,0,1,0.99999976,1.5916807e-08,3.873602e-08,3.7540236e-08,1.4304722e-07,0.99999976
14915,1,1,1,6.7295955e-09,0.9999998,6.8707298e-09,1.501827e-07,3.20358e-08,0.9999998
12657,2,2,1,1.3982267e-07,1.5851622e-08,0.9999988,1.7302527e-08,1.0266194e-06,0.9999988
14830,1,1,1,7.482617e-09,0.9999997,8.818964e-09,2.7224274e-07,3.0544566e-08,0.9999997
19567,4,4,1,1.7270095e-06,8.719034e-07,8.357993e-06,1.0654749e-06,0.99998796,0.99998796
14454,1,1,1,3.31437e-08,0.9999991,3.5982673e-08,5.639892e-07,2.4889346e-07,0.9999991
18843,4,4,1,4.6177627e-07,1.4198781e-07,1.7643556e-07,1.608408e-07,0.99999905,0.99999905
16644,3,3,1,5.7676484e-08,6.266636e-08,5.976513e-08,0.9999716,2.8164935e-05,0.9999716
17442,3,3,1,8.602234e-08,8.8131074e-08,1.0044735e-07,0.99997675,2.29781e-05,0.99997675
14072,1,1,1,6.2425025e-09,0.9999998,6.524598e-09,1.3099175e-07,2.2614218e-08,0.9999998
10029,0,0,1,0.99999905,2.0116554e-08,6.457112e-07,2.1786501e-08,2.8792124e-07,0.99999905
12837,2,2,1,0.0010851606,4.679932e-05,0.9326839,6.187775e-05,0.06612226,0.9326839
15234,1,1,1,3.3437903e-08,0.9999994,3.3437246e-08,3.4273688e-07,1.8314738e-07,0.9999994
13868,2,2,1,1.0992717e-06,9.650654e-08,0.9999869,1.072653e-07,1.1822655e-05,0.9999869
17720,3,3,1,6.2931235e-06,6.4133037e-06,6.3198415e-05,0.9858162,0.014107909,0.9858162
13048,2,2,1,1.3184077e-08,1.0763396e-08,0.9999997,1.14750245e-08,2.8335077e-07,0.9999997
17101,3,3,1,1.7553134e-07,2.665436e-06,2.0596671e-07,0.99999577,1.1625499e-06,0.99999577
19017,4,4,1,1.9800814e-07,2.0876578e-07,1.14513774e-07,1.3230292e-07,0.99999934,0.99999934
18824,4,4,1,7.219167e-08,3.0650497e-07,8.575498e-08,1.12631454e-07,0.9999994,0.9999994
17946,4,4,1,3.7271195e-06,3.4641698e-06,1.1924583e-05,0.00029332773,0.99968755,0.99968755
11473,0,0,1,0.9999102,1.2323848e-07,8.6495515e-05,6.913399e-07,2.5349843e-06,0.9999102
10635,0,0,1,0.9999998,1.1724e-08,2.3765786e-08,2.9538525e-08,1.3947036e-07,0.9999998
17319,3,3,1,1.5871272e-08,1.6090093e-08,1.970532e-08,0.9999978,2.127688e-06,0.9999978
14076,1,1,1,7.618312e-09,0.9999998,7.866497e-09,1.556452e-07,3.5125822e-08,0.9999998
12369,2,2,1,3.5014782e-08,1.8690276e-08,0.9999941,2.020643e-08,5.806606e-06,0.9999941
11714,0,0,1,0.9999997,2.2335971e-08,6.633836e-08,3.3542396e-08,1.5475811e-07,0.9999997
16995,3,3,1,1.5822964e-07,2.9049903e-07,1.4424074e-07,0.99999815,1.2345344e-06,0.99999815
13141,2,2,1,2.8571552e-08,1.6632923e-08,0.9999986,2.0114307e-08,1.3021051e-06,0.9999986
17650,3,3,1,3.554107e-08,3.6425458e-08,3.6808476e-08,0.9999891,1.0822793e-05,0.9999891
13013,2,2,1,7.281237e-08,3.8538584e-08,0.9999896,4.3614538e-08,1.0208235e-05,0.9999896
17737,3,3,1,5.0789556e-08,5.2068643e-08,5.5537342e-08,0.9999799,1.9919129e-05,0.9999799
12110,2,2,1,3.9695824e-08,1.46686165e-08,0.99999917,2.324859e-07,5.5887637e-07,0.99999917
16978,3,3,1,1.3778563e-07,2.0096832e-07,1.5407619e-07,0.99991107,8.843257e-05,0.99991107
16977,3,3,1,4.794989e-08,7.9717275e-08,3.6159573e-08,0.99999547,4.349287e-06,0.99999547
15555,1,1,1,5.729225e-09,0.999999,6.201566e-09,9.445695e-08,9.259744e-07,0.999999
14647,1,1,1,7.276089e-09,0.9999998,7.0869635e-09,1.3546513e-07,2.1338776e-08,0.9999998
16959,3,3,1,2.5044187e-07,8.6122606e-07,2.6814024e-07,0.9999972,1.4326067e-06,0.9999972
18847,4,4,1,3.880106e-08,4.894785e-08,3.786509e-08,5.9863446e-08,0.9999998,0.9999998
13354,2,2,1,1.9522293e-08,1.6354965e-08,0.99999875,1.7264444e-08,1.2167602e-06,0.99999875
11749,0,0,1,0.9999995,1.61384e-08,8.137214e-08,3.541623e-08,3.40223e-07,0.9999995
11280,0,0,1,0.99999815,6.565674e-09,3.2817095e-08,7.0528157e-09,1.7773149e-06,0.99999815
12773,2,2,1,1.15864385e-08,1.0499378e-08,0.99999964,1.167416e-08,3.2070182e-07,0.99999964
10455,0,0,1,0.9999997,1.3398712e-08,1.8383338e-08,3.889929e-08,2.431767e-07,0.9999997
14433,1,1,1,6.396523e-09,0.99999964,6.7106227e-09,3.2040532e-08,3.2818295e-07,0.99999964
10676,0,0,1,0.9999996,3.292899e-08,1.525249e-08,3.4095848e-08,3.114083e-07,0.9999996
19122,4,4,1,1.5672013e-07,2.3653974e-06,1.1531389e-07,1.2260344e-07,0.99999726,0.99999726
15572,1,1,1,7.640674e-07,0.999977,1.011714e-06,4.3676087e-06,1.6846501e-05,0.999977
11343,0,0,1,0.9999689,1.2740218e-08,2.7394519e-08,1.3832451e-08,3.1084615e-05,0.9999689
17131,3,3,1,4.095803e-08,8.8109196e-08,4.0882224e-08,0.9999996,2.645736e-07,0.9999996
18321,4,4,1,8.28351e-05,1.255456e-05,0.0038125503,4.718346e-05,0.9960449,0.9960449
14426,1,1,1,7.511697e-09,0.9999998,1.41495065e-08,1.392325e-07,2.4753401e-08,0.9999998
12655,2,2,1,1.5358543e-07,5.0836356e-08,0.99997616,5.4155123e-08,2.358282e-05,0.99997616
17170,3,3,1,8.1585586e-07,2.6858223e-05,7.68274e-07,0.9999681,3.4615305e-06,0.9999681
15838,1,1,1,1.1127891e-08,0.9999994,1.2194415e-08,2.489171e-07,3.2565572e-07,0.9999994
17648,3,3,1,0.00029874794,0.00031882152,0.00028726962,0.879241,0.119854145,0.879241
18762,4,4,1,8.33305e-05,0.00012407517,3.3476156e-06,3.1576699e-06,0.9997861,0.9997861
15086,1,1,1,9.24807e-08,0.9999888,1.3400842e-07,1.0510804e-05,4.980452e-07,0.9999888
19883,4,4,1,0.00071491906,5.1438396e-06,2.6966625e-05,5.2964374e-06,0.99924767,0.99924767
14737,1,1,1,5.9739986e-09,0.9999999,6.379847e-09,5.901577e-08,5.506429e-08,0.9999999
19206,4,4,1,2.0723785e-07,2.905693e-07,1.3105675e-07,1.215607e-07,0.9999992,0.9999992
14318,1,1,1,6.0672916e-09,0.9999999,6.209942e-09,7.3148286e-08,3.3339298e-08,0.9999999
10386,0,0,1,0.9999998,1.0095078e-08,2.1408786e-08,2.8753723e-08,1.04632136e-07,0.9999998
10691,0,0,1,0.99999964,1.154521e-08,1.6776195e-08,3.4444632e-08,2.7575518e-07,0.99999964
18046,4,4,1,2.4230667e-05,3.4441032e-06,1.7875205e-05,7.5974326e-06,0.99994683,0.99994683
15399,1,1,1,4.5582155e-08,0.9999985,4.759804e-08,6.621514e-07,7.3700505e-07,0.9999985
13466,2,2,1,1.975085e-08,1.4362481e-08,0.99999875,1.5833232e-08,1.2000309e-06,0.99999875
19903,4,4,1,1.4838389e-05,2.237366e-06,8.6748705e-06,2.257129e-06,0.999972,0.999972
12911,2,2,1,2.917273e-07,7.647387e-08,0.99999154,7.7317615e-08,8.033608e-06,0.99999154
19009,4,4,1,8.658687e-07,2.324551e-06,3.0311867e-07,3.1234856e-07,0.9999962,0.9999962
18474,4,4,1,8.417614e-07,7.3003645e-07,1.8077204e-06,3.5523506e-06,0.9999931,0.9999931
11316,0,0,1,0.99999666,9.407443e-09,1.8799216e-08,9.575098e-09,3.3140086e-06,0.99999666
18796,4,4,1,1.046418e-06,1.4787491e-06,6.274045e-07,1.1851249e-06,0.99999565,0.99999565
16413,3,3,1,6.3041526e-08,3.5381257e-07,1.16236784e-07,0.9999974,2.1034389e-06,0.9999974
12738,2,2,1,1.2730811e-08,1.153974e-08,0.9999987,3.592476e-08,1.260405e-06,0.9999987
12154,2,2,1,1.18923055e-07,2.8196999e-08,0.99999523,3.342379e-08,4.5959237e-06,0.99999523
14204,1,1,1,1.9313093e-08,0.9999985,1.9218485e-08,1.16118144e-07,1.3474167e-06,0.9999985
12629,2,2,1,6.0234655e-08,1.29842785e-08,0.99999946,1.4066921e-08,4.488784e-07,0.99999946
18388,4,4,1,8.860816e-07,6.9052106e-07,5.0437234e-06,6.943048e-05,0.99992394,0.99992394
19182,4,4,1,4.1008793e-06,7.620887e-05,2.8976335e-06,1.5000217e-05,0.9999018,0.9999018
14043,1,1,1,7.817002e-09,0.99999976,1.1732006e-08,6.527305e-08,1.3163339e-07,0.99999976
12404,2,2,1,2.1164373e-08,1.477372e-08,0.99999744,1.6005568e-08,2.5123618e-06,0.99999744
19086,4,4,1,2.3729717e-06,1.3035219e-07,1.971994e-07,2.8588636e-07,0.999997,0.999997
18618,4,4,1,7.4115783e-06,0.00050301984,6.6916446e-06,1.6034346e-05,0.99946684,0.99946684
16406,3,3,1,4.2535767e-08,6.094378e-08,4.0684522e-08,0.99999964,2.0330975e-07,0.99999964
18198,4,4,1,2.3219698e-06,1.3544434e-06,3.4885106e-05,3.5307054e-05,0.99992615,0.99992615
11160,0,0,1,0.9999996,7.4775e-09,4.47915e-08,8.85181e-09,3.823982e-07,0.9999996
12013,2,2,1,7.502561e-08,4.2669022e-08,0.9999971,6.7563214e-08,2.7600527e-06,0.9999971
11169,0,0,1,0.9999872,2.1589722e-08,2.8512249e-08,2.119077e-08,1.2767901e-05,0.9999872
18897,4,4,1,1.0189069e-07,2.1937844e-07,1.0414747e-07,1.761779e-07,0.9999994,0.9999994
13062,2,2,1,2.224381e-08,1.9239353e-08,0.9999995,3.195443e-08,4.191893e-07,0.9999995
18044,4,4,1,2.2793019e-07,2.2668411e-07,8.2947327e-07,3.7744555e-06,0.99999493,0.99999493
14979,1,1,1,1.3273151e-08,0.9999996,1.706911e-08,2.8959434e-07,1.254377e-07,0.9999996
13672,2,0,0,0.92418504,1.6623893e-06,0.0757539,1.9876722e-06,5.7382746e-05,0.92418504
13530,2,2,1,2.8356588e-08,2.3049486e-08,0.99998224,2.3298197e-08,1.7709284e-05,0.99998224
12158,2,2,1,7.562979e-08,7.111427e-08,0.999925,6.707854e-05,7.75626e-06,0.999925
10755,0,0,1,0.99999887,2.2515795e-08,2.266699e-08,7.965895e-07,2.8856408e-07,0.99999887
17445,3,3,1,1.626495e-08,1.6609436e-08,3.1262964e-08,0.999998,1.9723045e-06,0.999998
14562,1,1,1,7.086994e-09,0.9999999,7.3463933e-09,9.1898976e-08,2.7576467e-08,0.9999999
10872,0,0,1,0.99999964,8.17178e-09,4.8652467e-08,9.673692e-09,2.8718983e-07,0.99999964
12452,2,2,1,2.71819e-08,1.355974e-08,0.99999833,1.4690365e-08,1.5995521e-06,0.99999833
13423,2,2,1,4.2101638e-07,2.1763041e-08,0.9999991,3.2581152e-08,4.4156684e-07,0.9999991
15690,1,1,1,6.548704e-09,0.9999999,6.7026726e-09,8.834096e-08,3.328364e-08,0.9999999
18241,4,4,1,1.0066084e-06,1.5584936e-06,1.2938286e-06,2.4638292e-05,0.9999715,0.9999715
15887,1,1,1,3.2478628e-08,0.99997085,3.177641e-08,6.203172e-08,2.8991819e-05,0.99997085
10575,0,0,1,0.9999998,1.2002639e-08,2.8090737e-08,3.711416e-08,8.2379614e-08,0.9999998
14304,1,1,1,8.197572e-09,0.9999998,8.375798e-09,1.4613185e-07,2.4286178e-08,0.9999998
14781,1,1,1,6.127505e-09,0.9999998,6.453458e-09,1.5048215e-07,2.053976e-08,0.9999998
11175,0,0,1,0.9999965,8.071851e-09,5.9370837e-08,8.746583e-09,3.4225632e-06,0.9999965
11834,0,0,1,0.9999996,2.261822e-08,8.032726e-08,2.3931081e-08,2.7603681e-07,0.9999996
13927,2,4,0,6.3245665e-05,5.938252e-05,0.17792025,0.00023134715,0.8217258,0.8217258
12781,2,2,1,1.3389297e-07,1.10826676e-07,0.99991524,1.1690199e-07,8.442489e-05,0.99991524
13452,2,2,1,2.4399968e-08,1.5485185e-08,0.9999985,1.6684359e-08,1.406554e-06,0.9999985
12022,2,2,1,8.305818e-08,1.2844072e-08,0.9999997,1.3895187e-08,1.9580568e-07,0.9999997
13941,2,2,1,6.132217e-08,2.6326003e-08,0.9999982,2.9851453e-08,1.6925466e-06,0.9999982
14785,1,1,1,6.6667947e-09,0.9999999,6.855158e-09,7.7038784e-08,4.2219867e-08,0.9999999
14519,1,1,1,9.910333e-07,0.9999698,1.0045292e-06,1.3660896e-05,1.45495405e-05,0.9999698
11579,0,0,1,0.9999997,2.4520421e-08,5.141693e-08,3.485015e-08,1.5785018e-07,0.9999997
17623,3,3,1,1.1558335e-07,1.1976255e-07,1.4735558e-07,0.99998075,1.8877345e-05,0.99998075
11850,0,0,1,0.99999976,1.9957174e-08,6.031424e-08,2.8601214e-08,1.370371e-07,0.99999976
12528,2,2,1,5.1230575e-08,1.674963e-08,0.9999938,1.8108357e-08,6.087685e-06,0.9999938
13575,2,2,1,4.669439e-08,3.912898e-08,0.9999435,4.7516348e-08,5.6397064e-05,0.9999435
10186,0,0,1,0.99923044,1.7695973e-08,8.2065945e-08,2.0210813e-08,0.0007694574,0.99923044
14384,1,1,1,7.792611e-09,0.9999998,9.233498e-09,1.0660953e-07,2.663509e-08,0.9999998
15564,1,1,1,3.1960866e-07,0.9999833,1.8245262e-07,4.0482004e-07,1.5757974e-05,0.9999833
14045,1,1,1,6.308974e-09,0.9999998,6.7161614e-09,1.1748067e-07,6.665749e-08,0.9999998
12164,2,2,1,5.625946e-06,3.346597e-08,0.99998724,5.1793453e-08,7.0511546e-06,0.99998724
17020,3,3,1,5.3710135e-08,5.4704262e-08,5.729647e-08,0.9999845,1.5347347e-05,0.9999845
17469,3,3,1,1.2017878e-07,2.2427477e-07,5.235178e-07,0.9999943,4.8384054e-06,0.9999943
18521,4,4,1,8.599285e-06,2.8266471e-05,2.4759749e-05,0.006662498,0.9932759,0.9932759
11639,0,0,1,0.99999964,1.7227785e-08,9.0891724e-08,3.7187373e-08,2.0531624e-07,0.99999964
16879,3,3,1,9.46526e-08,2.6395156e-07,9.4294755e-08,0.99997634,2.3207465e-05,0.99997634
11919,0,0,1,0.9999997,1.6555514e-08,5.039712e-08,2.3726196e-08,2.070954e-07,0.9999997
14794,1,1,1,7.2775044e-09,0.9999998,7.619455e-09,1.1321478e-07,4.2412594e-08,0.9999998
10235,0,0,1,0.99999934,7.1630764e-09,4.698777e-07,8.036607e-09,1.6104623e-07,0.99999934
14905,1,1,1,6.349159e-09,0.9999999,6.3466192e-09,7.283293e-08,2.1500288e-08,0.9999999
10852,0,0,1,0.9999997,9.15816e-09,7.804499e-08,1.0690332e-08,1.9087351e-07,0.9999997
10080,0,0,1,0.9999994,1.2172454e-08,3.749804e-07,1.3192651e-08,2.0145782e-07,0.9999994
16591,3,3,1,7.759784e-08,3.662759e-07,8.102845e-08,0.99999905,4.443716e-07,0.99999905
18773,4,4,1,2.8799789e-06,2.2933723e-06,7.043852e-07,5.082079e-07,0.9999936,0.9999936
15709,1,1,1,1.0927236e-07,0.9999979,1.4130842e-07,8.652145e-07,9.918904e-07,0.9999979
19402,4,4,1,4.930932e-07,4.257568e-07,4.2767915e-06,4.661527e-07,0.99999434,0.99999434
12831,2,2,1,9.157285e-07,3.9583233e-07,0.99983305,4.2888956e-07,0.00016521916,0.99983305
14432,1,1,1,7.167514e-09,0.9999995,7.53518e-09,4.3469205e-07,3.8548183e-08,0.9999995
12485,2,2,1,2.562493e-07,7.300336e-08,0.9999959,7.7706744e-08,3.7074876e-06,0.9999959
19730,4,4,1,2.224525e-05,3.382225e-06,0.00014895003,3.3011943e-06,0.99982214,0.99982214
10218,0,0,1,0.9999986,1.3035638e-08,1.0019296e-06,1.46253205e-08,3.2069386e-07,0.9999986
10566,0,0,1,0.9999998,1.1657214e-08,2.7166301e-08,3.629068e-08,9.290165e-08,0.9999998
12796,2,2,1,7.292618e-08,1.9058636e-08,0.9999997,2.0813713e-08,1.7983517e-07,0.9999997
11958,2,2,1,1.0090781e-07,1.3612347e-08,0.99999934,1.7265263e-08,5.3330035e-07,0.99999934
14524,1,1,1,6.185854e-09,0.9999999,6.7534196e-09,8.4812285e-08,2.8298139e-08,0.9999999
16859,3,3,1,3.6004632e-08,1.8802245e-07,4.6285244e-08,0.9999993,4.421842e-07,0.9999993
17344,3,3,1,2.594215e-07,4.3063798e-07,4.6831735e-07,0.999486,0.00051282643,0.999486
16990,3,3,1,4.207341e-08,1.0362656e-07,4.997538e-08,0.9999997,1.0037976e-07,0.9999997
13350,2,2,1,2.0916586e-08,1.6678209e-08,0.99999946,1.6251922e-08,4.79488e-07,0.99999946
18254,4,4,1,2.789756e-07,2.508258e-07,7.0645814e-07,1.5885743e-06,0.9999972,0.9999972
14860,1,1,1,3.0905002e-07,0.99995494,3.2027705e-07,4.291529e-05,1.5277942e-06,0.99995494
10783,0,0,1,0.99999964,7.631905e-09,1.8181265e-07,9.034593e-09,1.535908e-07,0.99999964
18970,4,4,1,3.117065e-05,0.0038225143,2.8749797e-05,0.00012055422,0.995997,0.995997
16818,3,3,1,7.541334e-08,1.9201244e-07,7.700596e-08,0.99999696,2.7200333e-06,0.99999696
17967,4,4,1,1.3611777e-05,1.3807863e-05,3.144475e-05,0.0008952477,0.9990459,0.9990459
14370,1,1,1,6.642094e-09,0.9999998,7.2126127e-09,7.151991e-08,9.8002225e-08,0.9999998
10736,0,0,1,0.9999998,1.1193679e-08,2.8972032e-08,7.472081e-08,9.357276e-08,0.9999998
14397,1,1,1,3.1765058e-08,0.9998861,3.1518e-08,0.00011370993,1.4029166e-07,0.9998861
13400,2,2,1,2.3056548e-06,3.241421e-07,0.999962,3.6234704e-07,3.5064026e-05,0.999962
12250,2,2,1,3.4593423e-08,1.5603664e-08,0.99999845,1.7024327e-08,1.4992492e-06,0.99999845
14518,1,1,1,6.2791785e-09,0.9999997,6.6729577e-09,6.594118e-08,2.0168049e-07,0.9999997
17804,3,3,1,1.6064012e-08,1.5917395e-08,9.527404e-08,0.9999987,1.1669882e-06,0.9999987
13562,2,2,1,2.3932412e-08,1.4388909e-08,0.9999998,1.5079413e-08,1.1807285e-07,0.9999998
15751,1,1,1,3.3696995e-07,0.99999225,4.9476637e-07,2.731715e-06,4.202534e-06,0.99999225
17234,3,3,1,2.5182026e-06,0.00049757893,2.6844446e-06,0.9994703,2.6907723e-05,0.9994703
11141,0,0,1,0.9999991,1.7839096e-08,1.2454747e-07,2.111779e-08,7.513351e-07,0.9999991
16398,3,3,1,1.2068419e-07,3.720764e-07,1.6403763e-07,0.9999988,5.6380526e-07,0.9999988
12628,2,2,1,1.834455e-07,1.0632901e-07,0.99999493,1.1419408e-07,4.677122e-06,0.99999493
11851,0,0,1,0.999999,5.1523607e-08,1.6465893e-07,1.3435954e-07,6.6674056e-07,0.999999
10698,0,0,1,0.9999996,1.1459776e-08,1.6421811e-08,3.667583e-08,3.5980173e-07,0.9999996
16836,3,3,1,6.926949e-08,1.6144749e-07,7.132758e-08,0.99999917,5.5000646e-07,0.99999917
15123,1,1,1,4.1458208e-08,0.99999624,4.308413e-08,3.3963358e-06,3.038148e-07,0.99999624
13732,2,2,1,1.4957432e-07,7.300919e-08,0.99999726,7.30281e-08,2.4388594e-06,0.99999726
15235,1,1,1,0.00013968187,0.9748294,0.00014095067,0.010182969,0.014707044,0.9748294
18345,4,3,0,5.6265253e-05,5.4366257e-05,0.00018708181,0.8625804,0.13712184,0.8625804
15171,1,1,1,2.1077389e-08,0.9999715,2.2463315e-08,2.8283863e-05,1.8237073e-07,0.9999715
16808,3,3,1,1.2729353e-07,2.9409904e-07,1.4334616e-07,0.99999654,2.9046928e-06,0.99999654
19418,4,4,1,1.3337295e-05,2.301243e-06,0.004205097,2.5698694e-06,0.9957767,0.9957767
17777,3,3,1,1.0137325e-07,1.0492695e-07,4.1362233e-07,0.99955857,0.00044080266,0.99955857
17801,3,3,1,1.9690292e-08,1.9681723e-08,4.6951207e-08,0.9999982,1.6842023e-06,0.9999982
19406,4,4,1,0.00038706476,1.2450108e-05,0.0019136618,1.3976068e-05,0.99767286,0.99767286
18655,4,4,1,2.5607898e-05,1.2975447e-05,1.5012961e-05,0.00064558553,0.99930084,0.99930084
10332,0,0,1,0.9999994,1.4213294e-08,1.7619153e-07,1.6193448e-08,4.0576532e-07,0.9999994
15750,1,1,1,1.5752016e-07,0.9999974,2.169907e-07,8.2802757e-07,1.4271391e-06,0.9999974
17109,3,3,1,1.0744576e-06,2.1630858e-06,1.1480025e-06,0.99998164,1.395496e-05,0.99998164
18146,4,4,1,2.0007737e-07,1.8211426e-07,1.2349624e-06,2.0970596e-07,0.99999815,0.99999815
18256,4,4,1,2.0710928e-07,1.6061539e-07,5.2628e-06,1.8354653e-07,0.99999416,0.99999416
14883,1,1,1,6.2037406e-09,0.9999999,6.6886785e-09,7.0431526e-08,2.9526275e-08,0.9999999
10326,0,0,1,0.9999989,1.2253007e-08,6.1358264e-07,1.3747248e-08,4.313811e-07,0.9999989
17686,3,3,1,3.120624e-08,3.5792144e-08,4.5257476e-08,0.9999963,3.5929127e-06,0.9999963
18320,4,4,1,4.0164434e-07,2.9769734e-07,4.609687e-07,4.8520036e-07,0.99999833,0.99999833
12955,2,2,1,2.7194877e-08,1.0534034e-08,0.99999976,1.173719e-08,1.801293e-07,0.99999976
15196,1,1,1,8.037298e-09,0.9999998,8.535588e-09,1.0822983e-07,7.453033e-08,0.9999998
11523,0,0,1,0.9999994,7.820946e-09,1.4342258e-08,1.7775497e-08,5.2914845e-07,0.9999994
19069,4,4,1,6.826315e-07,4.518888e-06,2.643106e-07,2.8656106e-07,0.9999942,0.9999942
12909,2,2,1,1.9598659e-08,7.225374e-09,0.9999998,7.556307e-09,1.2056506e-07,0.9999998
13520,2,2,1,1.110893e-06,4.1615234e-08,0.99999684,6.589462e-08,1.9166932e-06,0.99999684
19068,4,4,1,0.00022461076,4.830733e-05,0.0006367689,0.020106448,0.9789839,0.9789839
14496,1,1,1,6.577364e-09,0.9999999,7.0343793e-09,7.0683704e-08,3.8925645e-08,0.9999999
15074,1,1,1,2.0039162e-05,0.996935,2.0838375e-05,0.0028873822,0.0001367081,0.996935
10053,0,0,1,0.99998933,2.7349293e-08,1.0376238e-05,2.9619658e-08,2.3306153e-07,0.99998933
11712,0,0,1,0.9999997,2.3239426e-08,9.5742706e-08,2.4921238e-08,1.4379134e-07,0.9999997
19135,4,4,1,6.837975e-08,8.271217e-07,8.122688e-08,1.3115488e-07,0.99999887,0.99999887
17237,3,3,1,8.093735e-08,8.651654e-06,8.242327e-08,0.99998945,1.7074394e-06,0.99998945
14452,1,1,1,1.3253948e-08,0.9999991,1.3996645e-08,6.216754e-07,2.3389696e-07,0.9999991
13471,2,2,1,2.833485e-07,2.6754607e-08,0.9999962,3.1424243e-08,3.4922757e-06,0.9999962
10009,0,0,1,0.999993,1.7252514e-08,6.782756e-06,1.8698481e-08,1.2916512e-07,0.999993
17993,4,4,1,1.5835862e-05,1.6266851e-05,3.069682e-05,0.35106075,0.6488764,0.6488764
14535,1,1,1,6.33343e-09,0.9999999,6.5098487e-09,1.07096355e-07,2.7265106e-08,0.9999999
12309,2,2,1,0.00027141097,5.94211e-07,0.99932986,6.535014e-07,0.00039749694,0.99932986
14342,1,1,1,7.1029853e-09,0.9999999,7.596522e-09,8.8293774e-08,3.2489275e-08,0.9999999
17575,3,3,1,1.0693632e-08,1.087315e-08,2.0906295e-08,0.9999993,6.7954517e-07,0.9999993
17672,3,3,1,5.0196963e-08,5.048339e-08,5.2608467e-08,0.9999293,7.053784e-05,0.9999293
18766,4,4,1,1.0937131e-07,5.5642187e-07,1.128729e-07,1.238694e-07,0.9999991,0.9999991
18350,4,4,1,0.0001301802,2.1212368e-06,9.168893e-06,2.5161676e-06,0.999856,0.999856
13600,2,2,1,3.256721e-08,1.4087012e-08,0.9999996,2.1513486e-08,3.591418e-07,0.9999996
11832,0,0,1,0.9999996,2.8429548e-08,7.355675e-08,5.0846936e-08,2.817389e-07,0.9999996
17269,3,3,1,3.2257756e-08,3.1956976e-08,4.4951154e-08,0.9999969,2.9657574e-06,0.9999969
13021,2,2,1,2.0700371e-08,1.8224746e-08,0.9999993,2.4695401e-08,6.747891e-07,0.9999993
14630,1,1,1,6.073994e-09,0.9999999,6.394762e-09,1.0165466e-07,1.9912102e-08,0.9999999
12444,2,2,1,3.481991e-08,3.0601242e-08,0.99999803,3.4095777e-08,1.8554389e-06,0.99999803
10498,0,0,1,0.99999976,1.1742631e-08,1.8877351e-08,6.87821e-08,1.4759776e-07,0.99999976
11845,0,0,1,0.99999917,5.7046176e-08,1.5854329e-07,1.100878e-07,5.0905e-07,0.99999917
17833,3,3,1,7.52226e-06,6.9662156e-06,9.936918e-06,0.7948589,0.20511667,0.7948589
11125,0,0,1,0.99997634,1.8521837e-08,4.1859316e-08,2.1760709e-08,2.3608676e-05,0.99997634
16103,3,3,1,3.0047886e-08,4.963433e-08,2.7377002e-08,0.99999976,1.6025228e-07,0.99999976
12684,2,2,1,5.5582714e-08,1.1000862e-08,0.9999997,1.1918125e-08,2.4766035e-07,0.9999997
10768,0,0,1,0.9999782,5.2547033e-08,4.9907065e-08,2.067696e-05,1.0472316e-06,0.9999782
18887,4,4,1,5.8411065e-06,0.0017109463,5.9926997e-06,1.5353628e-05,0.99826187,0.99826187
18917,4,4,1,8.326922e-07,9.64056e-05,4.0704342e-07,1.6575763e-06,0.9999007,0.9999007
10241,0,0,1,0.999976,1.4495513e-08,1.6127649e-07,1.649406e-08,2.383044e-05,0.999976
13081,2,2,1,1.3360689e-06,1.1063132e-06,0.9989202,1.2201518e-06,0.0010761465,0.9989202
14730,1,1,1,6.633753e-09,0.9999998,7.138908e-09,8.8106326e-08,8.749204e-08,0.9999998
10111,0,0,1,0.99999905,1.4152721e-08,7.94167e-07,1.5338887e-08,1.2503591e-07,0.99999905
19188,4,4,1,6.6355364e-07,2.6222617e-06,3.1169225e-07,1.5626182e-06,0.9999948,0.9999948
12062,2,2,1,5.274993e-08,3.2983152e-08,0.99999815,3.512446e-08,1.7200057e-06,0.99999815
13083,2,2,1,3.8559356e-06,1.001762e-06,0.9999229,1.0900822e-06,7.1177834e-05,0.9999229
11207,0,0,1,0.9999984,9.168858e-09,2.93361e-08,9.41779e-09,1.5677202e-06,0.9999984
18438,4,3,0,2.6823465e-05,2.6788044e-05,0.00030882808,0.732722,0.2669156,0.732722
12925,2,2,1,2.835201e-08,1.6372736e-08,0.9999991,1.9968503e-08,8.579352e-07,0.9999991
10789,0,0,1,0.9999993,1.218741e-08,1.12088564e-07,2.2448615e-08,5.941199e-07,0.9999993
13706,2,2,1,7.894038e-05,2.9549626e-06,0.9997599,3.4217028e-06,0.00015478527,0.9997599
11842,0,0,1,0.9999997,1.653028e-08,3.935458e-08,2.3690028e-08,2.1774521e-07,0.9999997
11049,0,0,1,0.9999998,7.744678e-09,5.0785953e-08,9.168092e-09,1.3724204e-07,0.9999998
10948,0,0,1,0.9999831,1.8753727e-08,4.0661796e-08,2.203315e-08,1.6854538e-05,0.9999831
10688,0,0,1,0.9999998,9.1259285e-09,1.2243869e-08,2.3328907e-08,1.1478601e-07,0.9999998
18074,4,4,1,7.45767e-07,7.661597e-07,2.2402532e-05,1.55506e-06,0.99997455,0.99997455
10452,0,0,1,0.99999976,1.3039948e-08,2.5082178e-08,3.5085172e-08,1.7897345e-07,0.99999976
15319,1,1,1,9.590103e-09,0.9999994,1.01279e-08,1.3345957e-07,4.3748875e-07,0.9999994
11916,0,0,1,0.9999997,1.8438426e-08,5.0737363e-08,2.4991975e-08,2.324063e-07,0.9999997
14953,1,1,1,2.1232527e-08,0.99999917,2.1767175e-08,7.059883e-07,7.2830815e-08,0.99999917
11017,0,0,1,0.99999934,1.4376309e-08,8.593224e-08,3.1328746e-08,5.164624e-07,0.99999934
12733,2,2,1,2.1079528e-07,2.9095274e-08,0.9999947,3.1236187e-08,5.036375e-06,0.9999947
19155,4,4,1,1.1408376e-07,3.1162563e-07,1.326505e-07,1.9050438e-07,0.9999992,0.9999992
12633,2,2,1,5.2866408e-06,1.3218457e-06,0.99867207,1.397702e-06,0.0013199403,0.99867207
18781,4,4,1,1.092175e-07,3.0659137e-07,1.0251641e-07,1.1996823e-07,0.99999934,0.99999934
11931,0,0,1,0.99999905,6.006979e-08,2.6514405e-07,8.9214815e-08,5.22023e-07,0.99999905
18820,4,4,1,1.5693662e-07,6.1849246e-06,1.721345e-07,2.4338834e-07,0.99999326,0.99999326
17291,3,3,1,9.641088e-08,8.9599375e-08,2.0248885e-07,0.99989915,0.00010044544,0.99989915
17227,3,3,1,1.3977875e-05,0.00036782888,1.6422031e-05,0.9994733,0.00012849481,0.9994733
10139,0,0,1,0.9999994,1.3569982e-08,4.5819488e-07,1.4707308e-08,1.18557885e-07,0.9999994
14713,1,1,1,7.3610624e-09,0.9999998,7.809839e-09,1.207197e-07,6.429022e-08,0.9999998
10373,0,0,1,0.99999934,8.7474845e-09,4.1868034e-07,9.879578e-09,2.0923235e-07,0.99999934
17270,3,3,1,2.0831136e-08,3.956362e-08,2.0947498e-08,0.9999985,1.3902371e-06,0.9999985
19219,4,4,1,0.00011974364,0.009904702,0.00012063889,0.002907525,0.9869474,0.9869474
18242,4,4,1,9.18247e-08,8.5343636e-08,1.3398909e-07,5.1706905e-07,0.99999917,0.99999917
10940,0,0,1,0.99999076,1.41345e-08,2.545934e-08,1.6606169e-08,9.188361e-06,0.99999076
11730,0,0,1,0.9999944,5.0790216e-08,1.1150299e-06,6.936553e-08,4.388079e-06,0.9999944
17507,3,3,1,3.5289332e-08,1.18913256e-07,8.4352784e-08,0.9999942,5.5424402e-06,0.9999942
16092,3,3,1,9.8422774e-08,3.7201858e-07,8.9295284e-08,0.9999983,1.1475505e-06,0.9999983
13298,2,3,0,3.4144963e-07,1.4663269e-05,6.014362e-07,0.9999744,9.978999e-06,0.9999744
18547,4,4,1,5.404379e-06,1.5071585e-05,6.312191e-06,0.00029635284,0.9996769,0.9996769
18356,4,4,1,0.0003906296,0.00011546591,0.0060117966,0.00013760747,0.9933445,0.9933445
14800,1,1,1,9.196588e-09,0.9999998,1.0274353e-08,9.186926e-08,7.904631e-08,0.9999998
14748,1,1,1,6.6238957e-09,0.9999998,6.9932904e-09,1.1563404e-07,2.7363459e-08,0.9999998
12115,2,2,1,1.1390306e-07,4.359575e-08,0.99999636,6.152384e-08,3.396e-06,0.99999636
16392,3,3,1,1.630719e-07,2.4657245e-06,1.6988987e-07,0.99999607,1.1450736e-06,0.99999607
17618,3,3,1,1.8239074e-08,1.9207556e-08,4.1451226e-08,0.9999981,1.8554276e-06,0.9999981
18730,4,4,1,3.406047e-07,0.00014665126,7.647639e-07,2.7353343e-07,0.99985194,0.99985194
10205,0,0,1,0.999999,1.2329194e-08,3.450544e-07,1.3924828e-08,6.58409e-07,0.999999
14887,1,1,1,8.131502e-09,0.9999998,1.0522455e-08,9.787948e-08,5.7239724e-08,0.9999998
14944,1,1,1,4.8433886e-08,0.99999803,5.0578574e-08,1.4127212e-06,4.3063255e-07,0.99999803
15387,1,1,1,5.8811985e-08,0.999996,6.032059e-08,2.4971064e-06,1.3740259e-06,0.999996
15130,1,1,1,1.4829119e-08,0.99999976,1.547586e-08,1.1295698e-07,1.2263156e-07,0.99999976
15775,1,1,1,0.00011832612,0.9953925,8.141417e-06,2.295148e-05,0.004458063,0.9953925
10473,0,0,1,0.9999998,1.0739963e-08,2.0643412e-08,2.8656938e-08,1.10150495e-07,0.9999998
10918,0,0,1,0.9999997,8.917879e-09,6.980726e-08,1.0556919e-08,1.8538732e-07,0.9999997
17733,3,3,1,1.0769005e-07,1.0677327e-07,2.9976147e-07,0.999946,5.3507465e-05,0.999946
10306,0,0,1,0.99999934,1.0486882e-08,1.8170128e-07,1.1765746e-08,4.3243685e-07,0.99999934
18764,4,4,1,1.1909553e-06,1.7978795e-06,1.0797017e-06,7.746145e-06,0.9999882,0.9999882
12641,2,2,1,1.005622e-07,1.8058433e-08,0.99999917,1.9870111e-08,7.137503e-07,0.99999917
16692,3,3,1,2.8541777e-05,0.00022762916,3.0711377e-05,0.998432,0.00128114,0.998432
18978,4,4,1,4.4315314e-07,1.6837272e-06,2.7001377e-07,3.9930987e-07,0.9999972,0.9999972
18741,4,4,1,3.4378554e-06,9.306951e-06,2.6918126e-06,6.3420325e-06,0.99997824,0.99997824
16938,3,3,1,5.080336e-07,6.4768014e-06,5.3105134e-07,0.9997245,0.00026800402,0.9997245
16630,3,3,1,2.4479248e-06,5.6797355e-05,3.5495316e-06,0.99986374,7.348779e-05,0.99986374
15006,1,1,1,1.9192468e-08,0.999996,2.9915515e-08,3.648051e-06,3.015106e-07,0.999996
18202,4,4,1,1.8426796e-06,1.5773992e-06,1.6926946e-05,5.925376e-06,0.9999737,0.9999737
13490,2,2,1,1.7641582e-08,1.4514215e-08,0.99999964,1.8481773e-08,3.073796e-07,0.99999964
10648,0,0,1,0.9999999,1.0851201e-08,1.1336808e-08,2.595081e-08,9.4801244e-08,0.9999999
18144,4,3,0,2.3800285e-06,2.1715098e-06,2.5747546e-05,0.85128593,0.14868379,0.85128593
12484,2,2,1,3.1614345e-08,1.438098e-08,0.9999996,1.5985366e-08,3.327315e-07,0.9999996
12118,2,2,1,3.196715e-08,1.4543485e-08,0.99999917,1.6084398e-08,7.63013e-07,0.99999917
11358,0,0,1,0.9999978,1.5832821e-08,1.313436e-06,1.71563e-08,8.3604374e-07,0.9999978
10943,0,0,1,0.999999,8.644489e-09,3.7815543e-08,1.0233286e-08,9.276575e-07,0.999999
18189,4,4,1,1.5843127e-05,1.1557451e-05,0.0005919078,3.95702e-05,0.99934113,0.99934113
10860,0,0,1,0.9999997,7.808109e-09,1.0894521e-07,9.243181e-09,1.5075626e-07,0.9999997
15614,1,1,1,1.5676388e-08,0.99999875,1.6450553e-08,9.922842e-07,2.3121999e-07,0.99999875
15341,1,1,1,1.1217598e-08,0.99999964,1.1541711e-08,2.9204912e-07,4.9014115e-08,0.99999964
15575,1,1,1,2.757494e-05,0.9995882,9.537117e-05,7.666955e-05,0.00021218244,0.9995882
17089,3,3,1,3.3363523e-07,9.05422e-07,3.5529473e-07,0.9999953,3.1412817e-06,0.9999953
15673,1,1,1,5.4529727e-07,0.9999894,6.004159e-07,4.053497e-06,5.3869544e-06,0.9999894
12394,2,2,1,6.54527e-08,1.905993e-08,0.9999997,2.0961709e-08,1.871338e-07,0.9999997
10794,0,0,1,0.9999998,7.421585e-09,5.886148e-08,8.785618e-09,1.3151657e-07,0.9999998
11761,0,0,1,0.99999845,2.1798792e-08,7.5935833e-07,2.3122478e-08,7.724922e-07,0.99999845
18030,4,4,1,0.00058855244,0.0001332028,0.0012312762,0.026442654,0.9716043,0.9716043
17799,3,3,1,3.3882774e-08,2.9068515e-08,1.213897e-07,0.99999785,1.9569716e-06,0.99999785
16961,3,3,1,5.3489874e-08,2.5238094e-07,4.521008e-08,0.99999917,4.9072503e-07,0.99999917
10242,0,0,1,0.99999887,1.3220009e-08,6.182347e-07,1.48321755e-08,4.9463495e-07,0.99999887
13166,2,2,1,9.102076e-08,2.6412541e-08,0.99999917,2.7634986e-08,7.1616824e-07,0.99999917
18380,4,4,1,1.2064572e-06,1.1076763e-06,2.4941057e-05,1.560392e-06,0.9999712,0.9999712
10672,0,0,1,0.9999902,4.554178e-08,1.1358643e-07,1.616251e-06,8.006469e-06,0.9999902
11033,0,0,1,0.99999964,8.271786e-09,1.536903e-07,9.792079e-09,1.6406959e-07,0.99999964
15529,1,1,1,7.259474e-09,0.9999998,7.763816e-09,1.3941464e-07,4.423115e-08,0.9999998
18461,4,4,1,1.918001e-06,1.5858951e-06,5.3919043e-06,1.8860364e-06,0.9999892,0.9999892
18457,4,4,1,6.339881e-06,4.1669305e-06,0.0012025392,8.931176e-06,0.99877805,0.99877805
18943,4,4,1,2.2445454e-07,6.172146e-07,1.5660568e-07,7.750346e-07,0.9999982,0.9999982
12052,2,2,1,7.9271854e-07,1.3880479e-08,0.99999833,3.444473e-08,8.0942533e-07,0.99999833
12219,2,2,1,1.7915787e-07,1.1165437e-08,0.99999386,1.20767325e-08,5.922994e-06,0.99999386
16784,3,3,1,3.0903507e-08,3.7807983e-08,3.532104e-08,0.9999998,8.537842e-08,0.9999998
12140,2,2,1,4.345357e-08,3.2980854e-08,0.9999981,4.690388e-08,1.8064464e-06,0.9999981
11387,0,0,1,0.9999991,8.496887e-09,2.1361744e-08,1.9936222e-08,8.7040246e-07,0.9999991
16755,3,3,1,1.7492724e-08,7.8998035e-08,1.6850176e-08,0.9999998,8.1423956e-08,0.9999998
19702,4,4,1,2.1322392e-06,1.7720885e-06,0.00019235027,1.9420465e-06,0.9998018,0.9998018
13721,2,2,1,3.0295777e-08,2.2905333e-08,0.9999938,3.5972086e-08,6.0994294e-06,0.9999938
16550,3,3,1,5.6878406e-07,3.622954e-05,5.3812244e-07,0.9999608,1.8585156e-06,0.9999608
18366,4,4,1,3.2597043e-07,3.062289e-07,4.9533487e-06,1.2292513e-06,0.9999932,0.9999932
10002,0,0,1,0.9999995,7.667751e-09,3.1451884e-07,8.365733e-09,1.3627503e-07,0.9999995
13912,2,2,1,2.2813959e-08,1.8486773e-08,0.9999986,2.9429117e-08,1.3181057e-06,0.9999986
11767,0,0,1,0.99999976,1.305916e-08,3.558538e-08,1.7465155e-08,2.0177475e-07,0.99999976
11488,0,0,1,0.9997658,9.919721e-07,2.9190628e-06,2.3705998e-06,0.00022788707,0.9997658
15550,1,1,1,6.780798e-09,0.9999998,7.539074e-09,5.060121e-08,1.4024687e-07,0.9999998
16230,3,3,1,4.8874107e-08,7.745054e-08,4.6799624e-08,0.9999997,1.2816855e-07,0.9999997
11196,0,0,1,0.9999945,1.07038325e-08,3.225754e-08,1.1308949e-08,5.4578163e-06,0.9999945
15553,1,1,1,6.316753e-09,0.9999998,6.605825e-09,8.1375745e-08,1.0651229e-07,0.9999998
18882,4,4,1,4.969935e-08,3.954844e-07,4.8529866e-08,8.980855e-08,0.9999994,0.9999994
13220,2,2,1,3.3329922e-08,1.4769733e-08,0.99999696,1.559599e-08,2.9840373e-06,0.99999696
12536,2,2,1,2.8077736e-06,2.4482378e-07,0.99997103,2.6265386e-07,2.5677258e-05,0.99997103
18964,4,4,1,1.0502234e-06,3.0762424e-06,6.089466e-07,4.3934978e-07,0.9999948,0.9999948
16603,3,3,1,2.726058e-08,4.5599933e-08,2.8211646e-08,0.99999195,7.922604e-06,0.99999195
19151,4,4,1,2.0648905e-07,2.4707613e-06,1.1816775e-07,1.2811547e-07,0.9999971,0.9999971
10458,0,0,1,0.999999,2.7911993e-08,4.75683e-08,4.696059e-07,4.647445e-07,0.999999
16574,3,3,1,3.404626e-05,0.0325962,3.483021e-05,0.96697557,0.00035936246,0.96697557
17591,3,3,1,4.28333e-08,4.023631e-08,5.8064266e-08,0.9999875,1.23839745e-05,0.9999875
16696,3,3,1,3.8737166e-08,8.727525e-08,4.0855625e-08,0.9999994,4.5150952e-07,0.9999994
16636,3,3,1,8.5917165e-08,2.3678172e-07,8.786825e-08,0.9999954,4.161422e-06,0.9999954
15881,1,1,1,1.285688e-07,0.99999756,1.4109894e-07,8.5707904e-07,1.3296086e-06,0.99999756
19885,4,4,1,0.00097034586,0.0004441308,0.4828441,0.0005518055,0.5151896,0.5151896
15091,1,1,1,7.0432074e-09,0.9999998,1.0326242e-08,1.3969353e-07,4.3619895e-08,0.9999998
15002,1,1,1,2.1095767e-08,0.9999987,2.3527948e-08,5.9444534e-07,6.885201e-07,0.9999987
11889,0,0,1,0.9999997,3.9137344e-08,4.7945576e-08,4.6349562e-08,1.5884254e-07,0.9999997
14771,1,1,1,8.595134e-09,0.9999997,8.714182e-09,2.2555467e-07,5.4389012e-08,0.9999997
11897,0,0,1,0.99999964,2.6372131e-08,5.632293e-08,6.5865535e-08,1.9395502e-07,0.99999964
10334,0,0,1,0.9999991,1.10196865e-08,4.573325e-07,1.2363526e-08,3.8796065e-07,0.9999991
15051,1,1,1,1.2221262e-06,0.99985385,1.2358099e-06,0.000104806524,3.8909744e-05,0.99985385
17499,3,3,1,6.64171e-08,7.37778e-08,9.957274e-08,0.99996614,3.3595767e-05,0.99996614
12648,2,2,1,2.377358e-08,1.1972702e-08,0.99999946,1.2858313e-08,5.0865526e-07,0.99999946
16670,3,3,1,3.3445522e-07,1.0941137e-06,7.7625896e-07,0.9999951,2.6606017e-06,0.9999951
14271,1,1,1,6.4334746e-09,0.9999999,6.914321e-09,7.233849e-08,2.2426306e-08,0.9999999
15505,1,1,1,6.284962e-08,0.9999982,8.014221e-08,1.4017544e-07,1.4806324e-06,0.9999982
15381,1,1,1,6.1847802e-09,0.9999999,6.162663e-09,5.836644e-08,2.1144595e-08,0.9999999
16857,3,3,1,2.132451e-06,0.00011725801,1.9705678e-06,0.999722,0.00015663468,0.999722
14689,1,1,1,1.660821e-08,0.9999996,1.7358952e-08,3.2642507e-07,4.5397663e-08,0.9999996
15767,1,1,1,7.4879604e-06,0.99986726,8.8546985e-06,5.2002306e-05,6.441225e-05,0.99986726
13855,2,4,0,1.5129128e-05,1.478282e-05,0.000110497254,0.00829601,0.99156356,0.99156356
13926,2,2,1,6.1522683e-06,3.0044117e-07,0.9999846,4.7019898e-07,8.443833e-06,0.9999846
18624,4,4,1,3.4531615e-06,2.6850572e-05,2.604412e-06,6.047328e-06,0.999961,0.999961
13930,2,2,1,2.8610579e-08,2.849856e-08,0.9999154,2.9797713e-08,8.451629e-05,0.9999154
18566,4,4,1,4.084152e-07,3.745225e-07,1.3367918e-06,6.105471e-07,0.99999726,0.99999726
14952,1,1,1,7.323897e-09,0.9999999,7.625715e-09,8.4033445e-08,3.214157e-08,0.9999999
14679,1,1,1,6.9232406e-09,0.99999976,7.558528e-09,1.7621484e-07,4.106801e-08,0.99999976
12060,2,2,1,2.063819e-08,1.654591e-08,0.9999985,2.0179709e-08,1.4499549e-06,0.9999985
12423,2,2,1,1.763346e-08,1.45054635e-08,0.9999993,1.5640987e-08,6.829051e-07,0.9999993
19239,4,4,1,1.2034837e-07,6.6203916e-07,1.0445142e-07,1.7418984e-07,0.9999989,0.9999989
17110,3,3,1,1.8017123e-05,0.020330014,1.9504783e-05,0.97957027,6.222352e-05,0.97957027
18001,4,4,1,5.167386e-07,2.9936172e-07,5.478545e-05,3.6946412e-07,0.99994403,0.99994403
18346,4,4,1,3.3137999e-06,3.3766419e-06,1.35819755e-05,0.0010581572,0.9989216,0.9989216
14968,1,1,1,9.143402e-09,0.9999997,1.0076169e-08,1.3453041e-07,1.2088762e-07,0.9999997
14975,1,1,1,1.535476e-05,0.99845546,2.2832768e-05,0.00024295025,0.0012633951,0.99845546
17199,3,3,1,6.985256e-08,3.5475466e-07,7.236527e-08,0.99999905,4.3482788e-07,0.99999905
18212,4,4,1,0.00016217309,9.199304e-07,3.2350008e-06,1.04342e-06,0.99983263,0.99983263
17845,3,3,1,1.5367887e-07,1.401298e-07,1.9325117e-07,0.99989283,0.00010670875,0.99989283
11289,0,0,1,0.9999932,1.8863274e-08,5.6824756e-06,2.0440067e-08,1.0571193e-06,0.9999932
19044,4,4,1,1.0188813e-06,0.0013076991,7.3985274e-07,2.253056e-06,0.9986883,0.9986883
15204,1,1,1,7.0662466e-08,0.9999958,7.396699e-08,2.7162505e-06,1.2867482e-06,0.9999958
17447,3,3,1,3.1223098e-07,4.1175804e-07,3.1429107e-07,0.9999268,7.216181e-05,0.9999268
12073,2,2,1,3.763939e-08,1.0420461e-08,0.99999785,1.5882154e-08,2.1031099e-06,0.99999785
10150,0,0,1,0.9999989,1.7113301e-08,8.444669e-07,1.85476e-08,1.943779e-07,0.9999989
13060,2,2,1,8.334483e-08,2.2744558e-08,0.9999994,2.3629363e-08,4.3653245e-07,0.9999994
17161,3,3,1,3.142336e-08,1.2162012e-07,3.1198038e-08,0.9999997,9.602391e-08,0.9999997
10917,0,0,1,0.9999997,9.869218e-09,6.193847e-08,1.16023955e-08,2.3949409e-07,0.9999997
10110,0,0,1,0.99902034,2.1059321e-08,0.0009794411,2.2824343e-08,1.738097e-07,0.99902034
18559,4,4,1,3.6972168e-07,3.588487e-07,9.306576e-07,1.2456366e-06,0.9999971,0.9999971
13725,2,2,1,1.941781e-08,1.3744485e-08,0.99999964,1.3966047e-08,3.2204068e-07,0.99999964
17588,3,3,1,5.6711393e-08,6.419346e-08,3.4151876e-07,0.9999825,1.7083563e-05,0.9999825
15032,1,1,1,9.075455e-09,0.99999964,9.34144e-09,2.1257382e-07,1.4787766e-07,0.99999964
15532,1,1,1,7.77288e-07,0.9999784,1.9094753e-07,3.675022e-07,2.0250973e-05,0.9999784
16567,3,3,1,5.639652e-07,2.1375516e-05,5.801882e-07,0.99997306,4.4124854e-06,0.99997306
11704,0,0,1,0.9999995,1.9282965e-08,6.784972e-08,2.9183418e-08,3.4539235e-07,0.9999995
14102,1,1,1,5.941432e-09,0.9999999,6.402393e-09,3.9694143e-08,8.8977096e-08,0.9999999
14744,1,1,1,6.033696e-09,0.9999999,6.5911028e-09,9.61721e-08,2.5945644e-08,0.9999999
10902,0,0,1,0.99999946,8.20073e-09,4.722499e-08,9.707963e-09,4.5783344e-07,0.99999946
17457,3,3,1,3.571661e-08,3.553372e-08,6.524113e-08,0.9999902,9.624281e-06,0.9999902
10101,0,0,1,0.99999857,1.2175179e-08,1.3392693e-07,1.3288381e-08,1.2568731e-06,0.99999857
10752,0,0,1,0.9999989,1.9799646e-08,2.3196604e-08,7.757666e-07,2.4625388e-07,0.9999989
11271,0,0,1,0.9999963,1.0112926e-08,4.152354e-08,1.2118655e-08,3.6420581e-06,0.9999963
11003,0,0,1,0.99990696,3.499066e-08,9.2174945e-05,4.112878e-08,7.906346e-07,0.99990696
17723,3,3,1,3.9169525e-08,4.098221e-08,4.5361865e-08,0.9999954,4.439068e-06,0.9999954
18442,4,4,1,9.283474e-08,6.674875e-08,1.0401375e-07,7.17327e-08,0.99999964,0.99999964
18271,4,4,1,7.035616e-06,5.3409713e-06,1.644546e-05,0.13133101,0.8686402,0.8686402
18036,4,4,1,7.45438e-07,1.4305915e-06,9.833168e-07,1.1109475e-05,0.99998575,0.99998575
16634,3,3,1,3.405629e-08,8.998426e-08,3.350487e-08,0.9999997,1.2262106e-07,0.9999997
11900,0,0,1,0.9999995,2.7116101e-08,1.7792323e-07,5.2814215e-08,2.3172925e-07,0.9999995
13238,2,2,1,1.0019279e-07,1.6740831e-08,0.999999,3.054604e-08,8.596436e-07,0.999999
13245,2,2,1,1.2370745e-05,1.3891089e-05,0.7689405,1.5085358e-05,0.23101814,0.7689405
12681,2,2,1,2.8524752e-08,1.1452682e-08,0.9999997,1.2490232e-08,2.2320451e-07,0.9999997
17678,3,3,1,1.1967437e-07,1.1914282e-07,4.1155613e-07,0.9999068,9.256732e-05,0.9999068
11005,0,0,1,0.9999998,7.5292546e-09,5.562313e-08,8.913076e-09,1.1768303e-07,0.9999998
18148,4,4,1,1.7751611e-06,1.1731345e-06,6.5499357e-06,7.4766226e-06,0.999983,0.999983
18531,4,4,1,8.0732315e-07,1.7343761e-07,1.1596405e-06,2.1851532e-07,0.9999976,0.9999976
10282,0,0,1,0.99999946,6.9055237e-09,3.4649457e-07,7.747646e-09,1.8253758e-07,0.99999946
12507,2,2,1,2.4811955e-08,1.2585723e-08,0.9999993,1.3635133e-08,6.758013e-07,0.9999993
15449,1,1,1,2.2236158e-07,0.9999823,2.3340802e-07,1.1618444e-05,5.602071e-06,0.9999823
11974,2,2,1,4.019823e-08,3.390509e-08,0.99999785,1.4949826e-07,1.93465e-06,0.99999785
13962,1,1,1,7.3568915e-09,0.9999998,7.593282e-09,6.414153e-08,7.611021e-08,0.9999998
17545,3,3,1,6.747382e-07,7.292315e-07,8.1831394e-07,0.99992704,7.071792e-05,0.99992704
19149,4,4,1,4.6276863e-08,9.715359e-08,4.427624e-08,7.0229405e-08,0.99999976,0.99999976
15469,1,1,1,8.626734e-09,0.99999976,9.301398e-09,1.5193328e-07,6.711036e-08,0.99999976
10869,0,0,1,0.9999997,8.735211e-09,1.3933129e-07,1.0340678e-08,1.6167138e-07,0.9999997
13214,2,2,1,1.8294623e-08,1.7610187e-08,0.9999977,5.6834587e-08,2.2108386e-06,0.9999977
18186,4,4,1,1.4379629e-06,1.248754e-06,6.691662e-06,2.0852638e-06,0.99998856,0.99998856
15573,1,1,1,1.2158023e-07,0.99996996,9.8677305e-08,2.6694275e-07,2.956044e-05,0.99996996
12650,2,2,1,2.5647415e-08,1.484336e-08,0.9999985,1.5912256e-08,1.4095564e-06,0.9999985
15308,1,1,1,1.4032344e-08,0.9999988,1.4612461e-08,1.0414899e-06,1.01126716e-07,0.9999988
13883,2,2,1,3.9265345e-08,1.517926e-08,0.9999997,1.6756301e-08,2.5403565e-07,0.9999997
13919,2,2,1,1.3579907e-05,8.297596e-08,0.9999729,9.625342e-08,1.3335501e-05,0.9999729
11118,0,0,1,0.9999922,1.6137644e-08,2.7836512e-08,1.8959598e-08,7.74853e-06,0.9999922
16572,3,3,1,2.3831912e-07,9.509432e-07,2.3884266e-07,0.99999785,7.0073526e-07,0.99999785
11142,0,0,1,0.99999946,7.480026e-09,4.6240704e-08,8.793627e-09,4.4776112e-07,0.99999946
12928,2,2,1,1.2809679e-08,1.12960095e-08,0.99999946,1.7690008e-08,4.87954e-07,0.99999946
13113,2,2,1,2.0735304e-07,1.0835998e-07,0.9999411,1.4634021e-07,5.841452e-05,0.9999411
16800,3,3,1,2.9945816e-08,6.1913454e-08,3.125701e-08,0.99999917,7.287806e-07,0.99999917
10509,0,0,1,0.99999964,1.717855e-08,3.5114443e-08,4.807435e-08,2.576837e-07,0.99999964
15899,1,1,1,9.273617e-09,0.9999998,9.949518e-09,8.3206395e-08,5.9481675e-08,0.9999998
11001,0,0,1,0.99999297,2.3369427e-08,4.907965e-07,4.5877254e-08,6.4792093e-06,0.99999297
14340,1,1,1,9.6637836e-09,0.9999995,1.192231e-08,3.5916307e-07,8.1598046e-08,0.9999995
12034,2,2,1,3.379073e-08,1.7567649e-08,0.9999992,2.0075223e-08,7.060795e-07,0.9999992
10196,0,0,1,0.9997536,6.3369555e-08,2.9426138e-07,7.552124e-08,0.00024595938,0.9997536
11998,2,2,1,2.2978559e-06,2.284721e-08,0.9999917,3.0445772e-08,5.933605e-06,0.9999917
18501,4,4,1,1.341671e-07,1.0835328e-07,7.840458e-07,3.314452e-07,0.9999986,0.9999986
12511,2,2,1,1.6271404e-07,5.5223833e-08,0.99999785,5.970359e-08,1.8610156e-06,0.99999785
10175,0,0,1,0.99999917,9.714257e-09,1.4589811e-07,1.0520676e-08,6.7017686e-07,0.99999917
17982,4,4,1,1.1147248e-06,3.5591145e-06,1.166661e-05,1.8071842e-06,0.9999819,0.9999819
12701,2,2,1,2.2054412e-08,1.1999079e-08,0.9999998,1.3206062e-08,1.3799578e-07,0.9999998
15114,1,1,1,1.8641701e-07,0.9999202,2.064255e-07,6.783826e-05,1.1602791e-05,0.9999202
13508,2,2,1,2.0954838e-05,5.282559e-08,0.99997616,5.9662234e-08,2.7808503e-06,0.99997616
16762,3,3,1,3.0276535e-05,2.9461035e-05,3.103277e-05,0.558581,0.44132826,0.558581
11098,0,0,1,0.99999905,1.4753555e-08,5.6169085e-07,1.7465148e-08,3.3226019e-07,0.99999905
13016,2,2,1,1.6371716e-07,2.5916604e-08,0.99999845,2.7926793e-08,1.3266101e-06,0.99999845
18420,4,4,1,0.00016053375,0.000156876,0.00044012,0.027225515,0.97201693,0.97201693
14437,1,1,1,9.7142e-09,0.9999998,1.0086408e-08,1.1925802e-07,3.507463e-08,0.9999998
13487,2,4,0,1.0349672e-05,1.0194014e-05,5.4577627e-05,0.0012092218,0.99871564,0.99871564
10123,0,0,1,0.99999475,1.3719634e-08,2.332948e-08,1.4992747e-08,5.2094133e-06,0.99999475
12407,2,2,1,1.6499506e-08,1.2848642e-08,0.999999,1.3682792e-08,9.604921e-07,0.999999
12227,2,2,1,2.0076784e-07,1.5188439e-08,0.9999988,1.0837986e-07,8.4376506e-07,0.9999988
10859,0,0,1,0.99999976,7.403869e-09,3.78992e-08,8.764645e-09,1.6313378e-07,0.99999976
13645,2,2,1,7.994906e-06,8.241948e-06,0.5389607,1.0861669e-05,0.4610122,0.5389607
19096,4,4,1,3.981864e-08,1.9091246e-07,3.844465e-08,6.172646e-08,0.99999964,0.99999964
14740,1,1,1,6.4279067e-09,0.9999999,6.6109576e-09,6.7930706e-08,4.0850928e-08,0.9999999
11620,0,0,1,0.99999964,2.3054033e-08,8.190865e-08,3.1418008e-08,2.1086684e-07,0.99999964
11356,0,0,1,0.9999933,9.754652e-09,2.0706098e-08,9.928495e-09,6.624379e-06,0.9999933
17121,3,3,1,8.725734e-08,9.393927e-07,7.7726945e-08,0.9999979,1.0110701e-06,0.9999979
18650,4,4,1,1.7847739e-07,6.215442e-07,1.3020937e-07,1.825887e-07,0.99999887,0.99999887
13840,2,2,1,1.2687566e-07,1.2922867e-07,0.9995937,1.4011461e-07,0.00040591904,0.9995937
19561,4,4,1,5.661433e-06,4.9972614e-06,0.009643228,5.3401072e-06,0.99034077,0.99034077
13655,2,2,1,6.9147535e-07,2.1685644e-07,0.99976254,2.4514873e-07,0.0002363172,0.99976254
10551,0,0,1,0.9999998,1.0984533e-08,2.7970358e-08,3.709053e-08,9.6522086e-08,0.9999998
16400,3,3,1,1.4483123e-06,2.1259666e-06,1.283928e-06,0.9999213,7.379561e-05,0.9999213
11578,0,0,1,0.9999684,5.486381e-08,2.8014862e-05,9.1137686e-08,3.4193251e-06,0.9999684
15611,1,1,1,9.762667e-09,0.99999976,1.0404168e-08,1.2043571e-07,9.2579754e-08,0.99999976
14574,1,1,1,8.764678e-09,0.99999976,9.444678e-09,1.4520296e-07,7.426736e-08,0.99999976
17478,3,3,1,6.6845496e-06,7.500788e-06,1.415768e-05,0.9966161,0.0033555345,0.9966161
15291,1,1,1,2.387212e-08,0.99999523,2.4795296e-08,4.616989e-06,1.3158932e-07,0.99999523
13541,2,2,1,7.912979e-08,2.445945e-08,0.99999505,2.5970534e-08,4.7930143e-06,0.99999505
14327,1,1,1,6.798233e-09,0.9999999,7.325668e-09,8.085382e-08,4.6692517e-08,0.9999999
18121,4,4,1,1.4789964e-07,1.6419808e-07,1.7196628e-07,3.578403e-07,0.99999917,0.99999917
19391,4,4,1,1.8292604e-06,1.3969996e-06,6.66583e-05,1.5667389e-06,0.99992853,0.99992853
18885,4,4,1,7.3145793e-07,6.4819585e-07,6.891809e-07,1.9610245e-06,0.99999595,0.99999595
13019,2,2,1,3.5596784e-07,8.110042e-08,0.99991703,1.0790156e-07,8.2437735e-05,0.99991703
17758,3,3,1,4.863039e-05,5.0586346e-05,0.00025822694,0.9196598,0.07998275,0.9196598
11956,2,2,1,6.9930856e-08,1.3652474e-08,0.9999996,1.4745783e-08,3.270763e-07,0.9999996
15251,1,1,1,1.5688796e-05,0.7517828,1.6725131e-05,0.24799891,0.00018591563,0.7517828
16989,3,3,1,2.8241505e-08,3.5816907e-07,3.0074677e-08,0.99999934,2.2292934e-07,0.99999934
11147,0,0,1,0.99999964,8.578663e-09,5.2052943e-08,1.00852e-08,2.8585686e-07,0.99999964
18306,4,4,1,2.038233e-07,1.4853852e-07,3.2541092e-07,3.3897874e-07,0.999999,0.999999
10793,0,0,1,0.9999996,8.876299e-09,1.11823496e-07,1.667781e-08,2.7078164e-07,0.9999996
15265,1,1,1,9.04864e-09,0.9999998,9.708143e-09,1.3177724e-07,5.0512337e-08,0.9999998
11621,0,0,1,0.9999998,3.3334498e-08,4.6465185e-08,3.4942463e-08,7.736309e-08,0.9999998
16387,3,3,1,2.4430287e-07,1.4444105e-06,2.5580067e-07,0.99999255,5.5151227e-06,0.99999255
14654,1,1,1,1.2719106e-07,0.999995,1.9375436e-07,3.549078e-06,1.1353517e-06,0.999995
15663,1,1,1,3.5589098e-06,0.9999167,4.8264624e-06,1.6571106e-05,5.837111e-05,0.9999167
11451,0,0,1,0.9999995,6.4127903e-09,2.5794913e-08,1.5371826e-08,4.2052721e-07,0.9999995
11816,0,0,1,0.99999976,4.4117296e-08,6.103758e-08,3.4262253e-08,1.2538165e-07,0.99999976
18743,4,4,1,2.0230023e-05,1.9952635e-05,7.6384815e-05,0.02968683,0.9701966,0.9701966
10391,0,0,1,0.9999997,1.5452034e-08,4.1632447e-08,5.4375672e-08,1.9099592e-07,0.9999997
13994,1,1,1,6.531896e-09,0.9999998,6.746995e-09,1.0530706e-07,3.430778e-08,0.9999998
11151,0,0,1,0.9999993,1.6231818e-08,9.358593e-08,1.9082359e-08,5.665099e-07,0.9999993
12410,2,2,1,1.630352e-07,1.0924031e-07,0.9999907,1.209959e-07,8.893483e-06,0.9999907
12894,2,2,1,1.3843838e-08,1.122739e-08,0.9999998,1.1656212e-08,1.4165613e-07,0.9999998
17709,3,3,1,3.1986925e-08,3.0655848e-08,3.1716215e-08,0.99999166,8.226494e-06,0.99999166
13860,2,3,0,3.829887e-06,4.2743372e-06,4.082183e-06,0.99313116,0.0068566394,0.99313116
17903,3,3,1,3.305115e-08,3.1747902e-08,1.4286375e-07,0.9999852,1.4559888e-05,0.9999852
11801,0,0,1,0.99999976,1.39980925e-08,3.88131e-08,1.8973418e-08,1.7632372e-07,0.99999976
13219,2,2,1,2.5327687e-08,2.157659e-08,0.9999961,3.5426925e-08,3.7893276e-06,0.9999961
14073,1,1,1,6.097425e-09,0.9999997,6.570489e-09,4.9528282e-08,2.3869077e-07,0.9999997
10191,0,0,1,0.999999,1.322001e-08,6.0903454e-07,1.4832177e-08,3.8250315e-07,0.999999
19910,4,4,1,1.6192863e-06,1.1267524e-06,0.0013594392,1.3191302e-06,0.9986365,0.9986365
15190,1,1,1,2.5311612e-05,0.9953128,2.6027665e-05,0.0044808052,0.00015506103,0.9953128
16632,3,3,1,2.7215371e-08,8.515228e-08,2.5880276e-08,0.99999976,8.2865384e-08,0.99999976
14695,1,1,1,6.422744e-09,0.9999998,6.724486e-09,7.047391e-08,9.3158306e-08,0.9999998
14634,1,1,1,7.561242e-09,0.9999998,7.714417e-09,8.709811e-08,8.486044e-08,0.9999998
14057,1,1,1,6.156384e-09,0.9999996,6.4456565e-09,7.9935695e-08,3.2887434e-07,0.9999996
17843,3,3,1,1.4320714e-06,1.6537352e-06,1.7254615e-05,0.9989333,0.0010463665,0.9989333
12989,2,2,1,1.0610885e-07,2.8506733e-08,0.9999851,5.9340465e-08,1.4679819e-05,0.9999851
13583,2,2,1,6.045189e-08,5.2286012e-08,0.9999878,8.387118e-08,1.2006338e-05,0.9999878
13289,2,2,1,1.3490319e-07,2.5680437e-08,0.99999917,5.421079e-08,6.315646e-07,0.99999917
11587,0,0,1,0.9999985,3.1991274e-08,2.8291464e-07,4.8416577e-08,1.1194775e-06,0.9999985
11132,0,0,1,0.99998593,5.4136578e-08,1.6636795e-07,1.0154234e-07,1.3726554e-05,0.99998593
11963,2,2,1,1.4108528e-07,3.556121e-08,0.9999971,1.0579503e-07,2.6518833e-06,0.9999971
13782,2,2,1,1.3866314e-08,1.2121336e-08,0.99999976,1.3388455e-08,2.149844e-07,0.99999976
18645,4,4,1,2.2062652e-06,6.616846e-07,4.925138e-07,3.4096567e-07,0.9999963,0.9999963
14616,1,1,1,7.311447e-09,0.99999976,7.962406e-09,1.6639314e-07,5.991007e-08,0.99999976
14669,1,1,1,1.4898875e-08,0.99999964,1.6814354e-08,2.551239e-07,9.638613e-08,0.99999964
18456,4,4,1,1.3273992e-06,1.0214765e-06,4.0713167e-06,5.1562993e-06,0.99998844,0.99998844
15422,1,1,1,5.4543074e-05,0.69124556,5.9218768e-05,0.30744314,0.0011975513,0.69124556
12131,2,2,1,4.282873e-08,1.7160026e-08,0.99999815,1.8549327e-08,1.7421034e-06,0.99999815
13331,2,2,1,1.7843387e-08,1.0564889e-08,0.9999999,1.0326228e-08,9.646302e-08,0.9999999
10463,0,0,1,0.9999993,9.589203e-09,5.2104244e-08,1.5319215e-07,5.071968e-07,0.9999993
14095,1,1,1,6.6462076e-09,0.9999998,6.9209407e-09,1.2448372e-07,1.8131601e-08,0.9999998
16242,3,3,1,9.336751e-08,2.3327681e-07,8.8359336e-08,0.99999875,8.589215e-07,0.99999875
18483,4,4,1,2.2162668e-07,2.1793167e-07,4.4879735e-07,1.181678e-06,0.9999979,0.9999979
12261,2,2,1,1.7298975e-05,1.013789e-07,0.9998351,1.14722894e-07,0.00014738798,0.9998351
17244,3,3,1,2.6203617e-07,3.008146e-06,2.8912424e-07,0.999991,5.451432e-06,0.999991
18513,4,4,1,1.08768695e-07,9.0736194e-08,1.04842215e-07,2.1546434e-07,0.99999946,0.99999946
11625,0,0,1,0.9999996,1.8426634e-08,9.4843934e-08,2.7340702e-08,2.9010894e-07,0.9999996
15334,1,1,1,9.765337e-09,0.9999998,1.016254e-08,1.212153e-07,5.777338e-08,0.9999998
13084,2,2,1,3.865787e-07,2.2586569e-08,0.99999726,2.5615408e-08,2.3080433e-06,0.99999726
12865,2,2,1,1.5918564e-08,1.3673667e-08,0.9999991,1.812068e-08,8.209058e-07,0.9999991
12699,2,2,1,1.01378085e-07,1.4787073e-08,0.9999983,1.6006904e-08,1.5710232e-06,0.9999983
10119,0,0,1,0.99999946,1.0723259e-08,2.9447858e-07,1.1703697e-08,2.0955963e-07,0.99999946
13839,2,2,1,2.2351138e-08,1.462965e-08,0.9999999,1.9985457e-08,7.3286024e-08,0.9999999
11502,0,0,1,0.9999991,9.230934e-09,6.647596e-07,4.8095792e-08,1.7634055e-07,0.9999991
17603,3,3,1,9.511558e-06,8.823751e-06,1.600414e-05,0.9789378,0.021027837,0.9789378
18585,4,4,1,1.0988217e-07,9.158767e-08,3.9216502e-07,1.5119302e-07,0.9999993,0.9999993
18690,4,4,1,4.528036e-08,1.4129395e-07,5.74062e-08,2.01573e-07,0.9999996,0.9999996
14234,1,1,1,6.0789684e-09,0.9999997,6.580134e-09,3.890804e-08,2.3285001e-07,0.9999997
12032,2,2,1,3.6407528e-06,4.0489315e-08,0.99999064,4.4309203e-08,5.6483436e-06,0.99999064
10552,0,0,1,0.9999987,4.2694523e-08,5.233702e-08,4.9641676e-07,7.1478576e-07,0.9999987
17772,3,3,1,2.2901535e-08,2.1707823e-08,4.9373835e-08,0.99995977,4.0134964e-05,0.99995977
12576,2,2,1,1.2705607e-07,5.8420586e-08,0.9999983,6.3713166e-08,1.4736715e-06,0.9999983
10141,0,0,1,0.9999994,8.005762e-09,3.8390525e-07,8.676742e-09,1.8229207e-07,0.9999994
16101,3,3,1,3.029537e-07,2.1562394e-06,3.1289028e-07,0.9999926,4.616151e-06,0.9999926
16886,3,4,0,0.00022954396,0.012418171,0.0002666402,0.16846672,0.81861895,0.81861895
10513,0,0,1,0.9999997,1.1709321e-08,4.3766754e-08,1.226616e-07,1.262699e-07,0.9999997
11027,0,0,1,0.9999996,7.852317e-09,7.289286e-08,9.2955155e-09,3.0365143e-07,0.9999996
11361,0,0,1,0.9999997,7.023458e-09,9.045489e-08,2.59845e-08,1.7469166e-07,0.9999997
18316,4,4,1,1.3382301e-05,1.0313488e-05,0.0010793561,0.00038557214,0.9985114,0.9985114
18067,4,4,1,1.10362365e-07,1.10678165e-07,1.1794505e-07,2.3253183e-06,0.9999973,0.9999973
12119,2,2,1,2.0562918e-06,1.9466447e-07,0.9997839,3.0127157e-07,0.00021356584,0.9997839
17256,3,3,1,6.745728e-07,0.007981897,6.9226587e-07,0.9920144,2.3033554e-06,0.9920144
12135,2,2,1,2.4237167e-08,1.907222e-08,0.99999946,2.0897335e-08,4.938164e-07,0.99999946
15169,1,1,1,8.93083e-06,0.99963605,9.647188e-06,0.00025064225,9.4702846e-05,0.99963605
15738,1,1,1,6.644896e-07,0.99998456,7.5725785e-07,3.0787244e-06,1.0953038e-05,0.99998456
11246,0,0,1,0.9999971,9.470591e-09,4.493573e-08,1.02550395e-08,2.8735933e-06,0.9999971
13803,2,2,1,7.4787354e-06,4.6912504e-07,0.9999715,5.1593383e-07,2.000192e-05,0.9999715
17873,3,3,1,2.9547792e-08,2.9576837e-08,6.966034e-08,0.9999979,1.930939e-06,0.9999979
18245,4,4,1,2.9305234e-06,2.1997837e-06,0.0005103034,3.325559e-06,0.99948126,0.99948126
10637,0,0,1,0.9999999,7.335977e-09,1.3231021e-08,2.557089e-08,6.652701e-08,0.9999999
17713,3,3,1,7.4278995e-07,1.5705322e-05,1.6253562e-06,0.99981093,0.00017099947,0.99981093
17635,3,3,1,6.1266263e-07,7.627229e-07,1.3580376e-06,0.99952346,0.00047380212,0.99952346
14502,1,1,1,1.083721e-08,0.9999994,1.1139166e-08,4.485324e-07,1.11426544e-07,0.9999994
13523,2,2,1,1.6423186e-08,1.09197416e-08,0.99999976,1.1821721e-08,2.2242479e-07,0.99999976
15230,1,1,1,1.856207e-08,0.9999969,2.238767e-08,2.957323e-06,1.0906501e-07,0.9999969
17972,4,4,1,1.2980684e-06,8.172671e-07,1.0674195e-05,9.76732e-07,0.99998623,0.99998623
19412,4,4,1,2.3943885e-06,7.4673204e-07,1.0940514e-05,7.955404e-07,0.9999851,0.9999851
14277,1,1,1,6.051833e-09,0.9999998,6.4424244e-09,1.2975514e-07,6.52664e-08,0.9999998
10687,0,0,1,0.99999976,1.1150314e-08,1.4330612e-08,2.850391e-08,2.0015118e-07,0.99999976
16650,3,3,1,2.8371256e-08,1.3622416e-07,2.7672497e-08,0.9999997,9.187849e-08,0.9999997
13908,2,2,1,2.073673e-07,1.0303312e-07,0.9999435,1.11396e-07,5.6070265e-05,0.9999435
16806,3,3,1,8.3637815e-08,1.8711792e-07,8.3927304e-08,0.9999994,2.2233779e-07,0.9999994
12332,2,2,1,1.6302597e-08,1.3052105e-08,0.99999887,1.7777712e-08,1.1061054e-06,0.99999887
13585,2,2,1,4.8343274e-08,4.357846e-08,0.9999847,4.662394e-08,1.51922395e-05,0.9999847
12391,2,2,1,2.2933389e-08,1.3988908e-08,0.99999774,1.5302039e-08,2.1934998e-06,0.99999774
15931,1,1,1,8.245193e-05,0.99986714,1.7201488e-06,4.0551245e-06,4.4660013e-05,0.99986714
11568,0,0,1,0.9999996,2.1864459e-08,1.7632802e-07,3.2834315e-08,2.140728e-07,0.9999996
14206,1,1,1,2.8283624e-08,0.999996,2.7022672e-08,3.6225642e-06,2.9322857e-07,0.999996
12742,2,2,1,4.4288274e-08,1.5384005e-08,0.9999967,1.6537609e-08,3.1964546e-06,0.9999967
14084,1,1,1,9.3917105e-09,0.9999996,1.0165988e-08,2.3803508e-07,1.5803991e-07,0.9999996
11243,0,0,1,0.9999965,1.970743e-08,6.3328876e-08,2.0565023e-08,3.4233299e-06,0.9999965
13266,2,2,1,8.8359485e-08,2.018285e-08,0.9999984,2.7472565e-08,1.4843414e-06,0.9999984
12561,2,2,1,3.6313118e-08,1.7748016e-08,0.99999934,1.9060822e-08,5.5689674e-07,0.99999934
11432,0,0,1,0.9999991,4.2025512e-08,1.9309202e-07,1.00737566e-07,5.8054195e-07,0.9999991
12215,2,2,1,5.385287e-07,3.2503582e-08,0.9999979,5.0472753e-08,1.4462915e-06,0.9999979
17223,3,3,1,2.8245156e-06,1.9426423e-05,2.8359657e-06,0.9998608,0.00011407441,0.9998608
17769,3,3,1,7.310568e-08,7.632316e-08,1.1503052e-07,0.9999883,1.13953365e-05,0.9999883
15348,1,1,1,1.5078213e-07,0.99998915,1.6657707e-07,8.789724e-06,1.726657e-06,0.99998915
12494,2,2,1,3.2367566e-07,1.302209e-07,0.99999154,1.3769385e-07,7.856074e-06,0.99999154
16874,3,3,1,9.553593e-07,6.2021586e-06,9.695389e-07,0.9999864,5.4559114e-06,0.9999864
17590,3,3,1,2.461716e-06,3.372886e-06,8.9599935e-06,0.97975785,0.020227382,0.97975785
17423,3,3,1,0.000120949335,0.00013545736,0.00024334475,0.8775006,0.12199964,0.8775006
11385,0,0,1,0.99999934,7.93734e-09,2.7084402e-08,1.9881975e-08,5.878397e-07,0.99999934
11295,0,0,1,0.999991,1.0400089e-08,2.333494e-08,1.1880763e-08,8.930973e-06,0.999991
18431,4,4,1,1.2559098e-06,3.6915333e-06,1.2482948e-06,0.0017132383,0.9982806,0.9982806
17321,3,3,1,1.471486e-07,2.2574523e-06,3.244578e-07,0.99959797,0.0003993159,0.99959797
18307,4,4,1,9.508682e-06,5.959883e-05,0.00022289006,4.304047e-05,0.99966496,0.99966496
12129,2,2,1,4.4899675e-08,2.4371216e-08,0.99999094,6.6959465e-06,2.278679e-06,0.99999094
13340,2,2,1,2.187397e-08,1.7075243e-08,0.99999803,1.868583e-08,1.894687e-06,0.99999803
13174,2,2,1,2.301521e-08,1.0957379e-08,0.99999976,1.2003707e-08,1.9790392e-07,0.99999976
13273,2,2,1,2.9459045e-07,3.520895e-08,0.9999745,4.030175e-08,2.516115e-05,0.9999745
13252,2,2,1,1.237607e-07,9.1688506e-08,0.9999925,1.0012743e-07,7.2195917e-06,0.9999925
13399,2,2,1,6.18638e-08,2.7313558e-08,0.99999887,2.7525873e-08,1.044911e-06,0.99999887
16601,3,3,1,3.0253275e-07,5.6163316e-07,3.2512042e-07,0.99999315,5.6694694e-06,0.99999315
16745,3,3,1,4.820323e-08,1.00859154e-07,4.8312803e-08,0.9999997,1.2946867e-07,0.9999997
14350,1,1,1,6.13893e-09,0.9999999,6.4403802e-09,1.0190478e-07,2.5495277e-08,0.9999999
10448,0,0,1,0.99999833,9.9478985e-09,2.9522697e-08,1.808709e-07,1.4360032e-06,0.99999833
15569,1,1,1,6.680185e-09,0.9999997,7.2078925e-09,2.1477415e-08,2.4598037e-07,0.9999997
17740,3,3,1,1.2016393e-07,1.1866088e-07,6.8023996e-07,0.9999452,5.387188e-05,0.9999452
15185,1,1,1,1.8650935e-08,0.9999994,2.0624865e-08,3.9133914e-07,1.6557198e-07,0.9999994
18672,4,4,1,6.972027e-08,2.9650613e-07,6.9086695e-08,1.1443794e-07,0.99999946,0.99999946
12609,2,2,1,1.6283563e-07,1.262897e-08,0.99999917,1.3774751e-08,6.7177075e-07,0.99999917
18859,4,4,1,5.0000523e-08,1.0404614e-06,6.3721885e-08,7.754432e-08,0.99999875,0.99999875
13792,2,2,1,2.1255703e-08,8.428245e-09,0.99999994,8.755971e-09,3.973692e-08,0.99999994
13694,2,2,1,1.3381265e-08,1.2032908e-08,0.99999875,3.0630876e-08,1.2250027e-06,0.99999875
10786,0,0,1,0.99999964,7.509927e-09,4.9293217e-08,8.828778e-09,3.0623394e-07,0.99999964
10670,0,0,1,0.9999995,1.1783654e-08,1.3290152e-08,1.2763056e-07,3.261511e-07,0.9999995
10015,0,0,1,0.99993044,6.41301e-08,1.1995256e-07,7.008104e-08,6.929782e-05,0.99993044
17147,3,3,1,5.9104406e-07,2.3689778e-05,6.348013e-07,0.99996835,6.761244e-06,0.99996835
15244,1,1,1,1.4316882e-08,0.9999996,1.4956337e-08,3.1578645e-07,6.4397405e-08,0.9999996
18502,4,4,1,6.9953734e-07,5.389947e-06,8.821847e-07,1.625325e-05,0.99997675,0.99997675
13798,2,2,1,6.347598e-07,8.8650935e-08,0.9999943,1.6319293e-06,3.3928327e-06,0.9999943
15311,1,1,1,3.205614e-08,0.9999988,3.403029e-08,8.3272084e-07,2.9401403e-07,0.9999988
16707,3,3,1,3.0065955e-08,7.118102e-08,3.029165e-08,0.9999918,8.073491e-06,0.9999918
19717,4,4,1,1.4481519e-06,9.06989e-07,2.0446636e-05,1.0142797e-06,0.99997616,0.99997616
10867,0,0,1,0.99999964,7.944576e-09,4.876387e-08,9.339758e-09,3.050967e-07,0.99999964
11230,0,0,1,0.99999535,1.1658477e-08,6.632415e-08,1.2265681e-08,4.5521156e-06,0.99999535
10612,0,0,1,0.99999946,2.4653307e-08,3.590971e-08,1.4431471e-07,3.538177e-07,0.99999946
17299,3,3,1,3.337556e-07,3.009617e-07,4.0496172e-07,0.99973184,0.00026712386,0.99973184
15889,1,1,1,6.66056e-09,0.99999547,6.3429275e-09,1.5250858e-08,4.522788e-06,0.99999547
12279,2,2,1,6.561129e-08,1.6400392e-08,0.99999887,1.7888944e-08,1.0077799e-06,0.99999887
14069,1,1,1,6.204707e-09,0.9999998,6.5618293e-09,1.1240889e-07,4.6812257e-08,0.9999998
19113,4,4,1,1.0253855e-06,8.72451e-05,4.4669787e-07,4.903288e-07,0.9999108,0.9999108
12964,2,2,1,3.3770766e-07,3.0402285e-07,0.9995657,4.4745153e-07,0.00043318135,0.9995657
11667,0,0,1,0.9999997,1.5438275e-08,3.975404e-08,4.0874816e-08,2.1323363e-07,0.9999997
12772,2,2,1,5.604994e-08,4.282928e-08,0.99994,4.6936965e-08,5.9859307e-05,0.99994
18300,4,4,1,1.7226319e-05,5.003915e-07,1.6286835e-06,5.550218e-07,0.9999801,0.9999801
19733,4,4,1,1.259496e-06,1.0672153e-06,0.00016133509,2.023179e-06,0.9998343,0.9998343
14580,1,1,1,6.167326e-09,0.9999999,6.5332566e-09,8.7000764e-08,2.6546703e-08,0.9999999
11874,0,0,1,0.99999976,1.2794071e-08,2.4787832e-08,3.139319e-08,1.4051975e-07,0.99999976
15187,1,1,1,6.640913e-08,0.99999774,6.71807e-08,1.2670347e-06,8.562915e-07,0.99999774
15900,1,1,1,7.65838e-09,0.9999997,8.10896e-09,6.587477e-08,2.086308e-07,0.9999997
13483,2,2,1,3.6906395e-06,1.3604156e-06,0.992383,6.427496e-06,0.007605543,0.992383
19058,4,4,1,1.32290625e-05,7.948135e-05,1.1193505e-05,0.14060704,0.85928905,0.85928905
17099,3,3,1,4.5567705e-07,0.00079954206,4.1513468e-07,0.9991974,2.1902401e-06,0.9991974
11652,0,0,1,0.99999917,2.2405636e-08,1.9661435e-07,4.8205923e-08,5.6948915e-07,0.99999917
18539,4,4,1,1.090566e-05,8.916747e-06,2.3238357e-05,0.36771393,0.632243,0.632243
16683,3,3,1,3.0781163e-07,1.8008931e-06,4.3507453e-07,0.99998325,1.4227072e-05,0.99998325
19007,4,4,1,1.4813371e-05,0.003002469,6.465764e-06,7.2849875e-06,0.996969,0.996969
17185,3,3,1,4.3960912e-07,0.00016622397,4.2887197e-07,0.9998316,1.2655271e-06,0.9998316
14936,1,1,1,2.1035813e-08,0.99999946,2.2559517e-08,3.8818027e-07,8.003877e-08,0.99999946
17632,3,3,1,1.6647169e-06,1.9656907e-06,5.488807e-05,0.9947952,0.0051462837,0.9947952
11711,0,0,1,0.9999982,2.9275308e-08,1.03459634e-07,8.526616e-08,1.5694844e-06,0.9999982
10545,0,0,1,0.9999996,1.5108787e-08,2.4910863e-08,1.7658745e-07,1.9869911e-07,0.9999996
17320,3,3,1,2.6039261e-08,2.6323471e-08,3.041224e-08,0.9999976,2.3258979e-06,0.9999976
12443,2,2,1,7.225782e-08,1.4729121e-08,0.99999946,1.5818623e-08,4.336745e-07,0.99999946
15273,1,1,1,7.6004916e-08,0.99940515,7.6011e-08,6.2820874e-07,0.0005940489,0.99940515
10304,0,0,1,0.9999972,2.6358217e-08,1.7934904e-06,3.0372657e-08,9.254497e-07,0.9999972
10964,0,0,1,0.99999547,1.4335002e-08,4.2497504e-08,1.6841732e-08,4.435459e-06,0.99999547
15329,1,1,1,7.2685205e-09,0.99999976,9.116377e-09,1.8429358e-07,6.139202e-08,0.99999976
19340,4,4,1,7.803616e-06,6.260458e-06,0.00017794868,6.8155086e-06,0.99980116,0.99980116
16790,3,3,1,7.5730604e-08,5.317471e-07,6.874085e-08,0.9999949,4.468495e-06,0.9999949
19161,4,4,1,4.5944624e-08,1.1430608e-06,5.855295e-08,8.191331e-08,0.9999987,0.9999987
11283,0,0,1,0.9999986,9.967325e-09,8.617018e-07,1.0720271e-08,4.8604113e-07,0.9999986
17858,3,3,1,4.121724e-08,4.179279e-08,2.3859891e-07,0.9999891,1.057861e-05,0.9999891
11688,0,0,1,0.9999996,1.6061758e-08,3.959967e-08,4.417738e-08,2.9709318e-07,0.9999996
14279,1,1,1,6.1126997e-09,0.9999998,6.4128622e-09,3.791755e-08,1.0006049e-07,0.9999998
10268,0,0,1,0.99999434,1.9199836e-08,3.873541e-07,2.2124041e-08,5.2262744e-06,0.99999434
15406,1,1,1,2.334706e-08,0.99999046,2.3218623e-08,9.300708e-06,1.6515867e-07,0.99999046
17177,3,3,1,1.9562225e-07,3.0670694e-06,1.9614932e-07,0.9999958,7.335038e-07,0.9999958
16417,3,3,1,1.1311251e-07,8.1544226e-07,9.3081766e-08,0.99999815,8.066843e-07,0.99999815
15208,1,1,1,7.3020763e-09,0.99999976,7.640499e-09,1.7165628e-07,2.8997924e-08,0.99999976
18436,4,4,1,0.0014203726,1.1474841e-05,2.8034185e-05,2.279114e-05,0.99851733,0.99851733
17841,3,3,1,9.085534e-07,8.6989945e-07,3.1398233e-06,0.99751055,0.0024845316,0.99751055
15218,1,1,1,1.1911347e-08,0.99999976,1.2827374e-08,9.130521e-08,1.4910842e-07,0.99999976
18185,4,4,1,7.0565966e-07,7.576093e-07,1.3345351e-06,0.0023594582,0.99763775,0.99763775
17924,3,3,1,6.164793e-08,6.14022e-08,9.382821e-08,0.99998266,1.7156728e-05,0.99998266
10132,0,0,1,0.9999981,1.8625446e-08,1.672583e-06,2.0186482e-08,1.6744806e-07,0.9999981
10042,0,0,1,0.9999994,1.3276591e-08,4.091504e-07,1.4389329e-08,1.3682845e-07,0.9999994
14951,1,1,1,1.09347065e-08,0.9999995,1.1601718e-08,3.965417e-07,7.23953e-08,0.9999995
15462,1,1,1,1.3445148e-07,0.99975663,7.539448e-08,1.94519e-07,0.00024294491,0.99975663
15426,1,1,1,2.3341832e-08,0.99999696,2.6042065e-08,2.715297e-06,2.6677455e-07,0.99999696
11945,0,0,1,0.9999994,1.930594e-08,8.793104e-08,3.7796607e-08,4.3981524e-07,0.9999994
13030,2,2,1,5.506546e-07,5.336736e-08,0.9999885,6.1992125e-08,1.0827608e-05,0.9999885
16678,3,3,1,2.4303999e-08,1.8173961e-07,2.2039673e-08,0.9999994,3.4425508e-07,0.9999994
17149,3,3,1,3.84421e-08,7.751135e-08,3.689633e-08,0.99999934,4.8085053e-07,0.99999934
18536,4,4,1,6.8534027e-06,2.4441695e-06,9.939477e-05,6.7338688e-06,0.99988455,0.99988455
12398,2,2,1,1.9039238e-08,1.2852139e-08,0.9999998,1.394931e-08,1.4609441e-07,0.9999998
19247,4,4,1,3.6233251e-07,1.20785e-06,2.510886e-07,2.5615032e-07,0.9999979,0.9999979
18776,4,4,1,4.884522e-07,2.6541077e-06,4.8925943e-07,1.4682353e-06,0.9999949,0.9999949
18910,4,4,1,2.6130488e-06,1.2759168e-05,2.501737e-06,1.3579451e-05,0.9999685,0.9999685
18725,4,4,1,1.133025e-06,1.083705e-06,1.4984794e-06,2.5336917e-06,0.99999374,0.99999374
14460,1,1,1,8.945314e-09,0.9999996,1.0653769e-08,3.2011354e-07,4.779678e-08,0.9999996
10481,0,0,1,0.9999979,9.086295e-09,4.605798e-08,1.1777748e-07,1.9118334e-06,0.9999979
18998,4,4,1,6.9645964e-08,2.0537496e-07,7.608846e-08,8.0278517e-07,0.99999887,0.99999887
16945,3,3,1,1.3497447e-07,1.5644624e-06,1.3536149e-07,0.9999968,1.4002161e-06,0.9999968
13237,2,2,1,3.532396e-08,2.1402833e-08,0.99999887,2.336228e-08,1.0585106e-06,0.99999887
15749,1,1,1,3.8623682e-08,0.9999012,3.7536413e-08,4.4135578e-07,9.828415e-05,0.9999012
18162,4,4,1,2.272313e-06,1.8707505e-06,6.314546e-05,4.1099725e-06,0.9999286,0.9999286
10810,0,0,1,0.9999992,1.04152145e-08,1.6847576e-07,2.5840892e-08,5.4406485e-07,0.9999992
17780,3,3,1,1.5686386e-08,1.3803822e-08,2.6292692e-08,0.9999992,7.482641e-07,0.9999992
10764,0,0,1,0.9999998,9.162369e-09,1.0401641e-08,5.2090403e-08,9.73969e-08,0.9999998
16558,3,3,1,8.442431e-08,5.4989846e-07,8.4617795e-08,0.9999984,9.1192504e-07,0.9999984
14802,1,1,1,1.1156232e-08,0.99999976,1.3763053e-08,1.7917733e-07,3.7472613e-08,0.99999976
12469,2,2,1,4.356291e-08,1.7550928e-08,0.9999993,1.8849155e-08,6.592165e-07,0.9999993
14548,1,1,1,6.331954e-09,0.9999999,6.826914e-09,6.7767814e-08,4.5824198e-08,0.9999999
14736,1,1,1,2.6033264e-08,0.9999931,2.5470387e-08,6.6649395e-06,1.8279019e-07,0.9999931
13896,2,2,1,6.214845e-08,1.5805508e-08,0.9999998,1.555132e-08,8.829595e-08,0.9999998
15522,1,1,1,5.772791e-09,0.9999998,6.035923e-09,2.2543162e-08,1.5259369e-07,0.9999998
12064,2,2,1,1.4685249e-08,1.1725905e-08,0.9999997,1.3488855e-08,2.852201e-07,0.9999997
11794,0,0,1,0.9999997,2.6369618e-08,3.5434073e-08,4.912306e-08,1.5838114e-07,0.9999997
17767,3,3,1,5.763989e-07,5.4634256e-07,8.2403614e-07,0.9998711,0.00012695573,0.9998711
13572,2,2,1,1.559418e-07,5.5009153e-08,0.99999654,5.767066e-08,3.20497e-06,0.99999654
16882,3,3,1,0.00037221282,0.06736447,0.0004280236,0.9242955,0.0075398115,0.9242955
11765,0,0,1,0.9999996,1.6372827e-08,1.2903719e-07,1.7088661e-08,2.5636348e-07,0.9999996
13383,2,2,1,0.0028194424,5.432272e-07,0.99715996,5.978702e-07,1.9480953e-05,0.99715996
12230,2,2,1,4.8837883e-08,1.7176465e-08,0.99999905,2.0144272e-08,8.5552944e-07,0.99999905
11687,0,0,1,0.99999976,2.4764855e-08,3.997643e-08,3.3749558e-08,1.6266038e-07,0.99999976
13823,2,2,1,6.401714e-08,3.154349e-08,0.9999995,3.305722e-08,3.6754807e-07,0.9999995
18722,4,4,1,6.84985e-05,9.073451e-05,6.6577886e-05,0.0010546977,0.9987195,0.9987195
11053,0,0,1,0.99999976,8.074822e-09,4.9479993e-08,9.492877e-09,1.8244373e-07,0.99999976
13326,2,2,1,2.4963695e-08,1.2002844e-08,0.99999976,1.3021467e-08,1.7982927e-07,0.99999976
10949,0,0,1,0.9999169,7.090055e-08,1.4860399e-07,1.3401923e-07,8.271234e-05,0.9999169
13063,2,2,1,4.7644654e-08,3.974682e-08,0.9999872,5.371203e-08,1.2663356e-05,0.9999872
16984,3,3,1,4.564274e-08,2.157125e-07,4.5195392e-08,0.99999946,2.427503e-07,0.99999946
18611,4,4,1,2.0519006e-05,9.885725e-05,1.2675496e-05,0.00013431495,0.9997336,0.9997336
14473,1,1,1,5.9325136e-09,0.9999999,6.2170025e-09,8.582277e-08,2.0463366e-08,0.9999999
18545,4,4,1,3.7557095e-07,3.1252083e-07,5.4578027e-07,1.6282016e-06,0.99999714,0.99999714
13573,2,2,1,5.6702998e-08,4.812297e-08,0.9999475,5.3515187e-08,5.2332893e-05,0.9999475
18083,4,3,0,3.151366e-07,3.5658033e-07,1.0145363e-06,0.9998078,0.00019055148,0.9998078
19410,4,2,0,7.199806e-06,4.8350586e-07,0.99987024,5.6085514e-07,0.00012151481,0.99987024
17064,3,3,1,6.1227513e-07,8.251462e-06,8.078949e-07,0.9999839,6.4437354e-06,0.9999839
10251,0,0,1,0.9999993,8.011927e-09,4.9008145e-07,8.988974e-09,1.9791665e-07,0.9999993
14438,1,1,1,6.7017187e-09,0.99999976,1.025569e-08,1.658845e-07,2.5970735e-08,0.99999976
12809,2,2,1,9.223549e-08,5.2390426e-08,0.9999867,6.3503926e-08,1.306467e-05,0.9999867
10084,0,0,1,0.99999756,1.7145958e-08,3.58866e-07,1.8589873e-08,2.024682e-06,0.99999756
13366,2,2,1,1.5936582e-08,1.0780518e-08,0.9999996,1.1593804e-08,3.587651e-07,0.9999996
19529,4,4,1,7.9282677e-07,6.371172e-07,0.00012722025,1.4283953e-06,0.99986994,0.99986994
13597,2,2,1,7.033894e-08,1.7235438e-08,0.9999964,3.591836e-08,3.4381333e-06,0.9999964
12822,2,2,1,1.9572386e-08,1.1735716e-08,0.99999887,1.6068759e-08,1.1007327e-06,0.99999887
19421,4,4,1,1.4944843e-06,2.9400994e-07,2.2988334e-06,3.076175e-07,0.9999956,0.9999956
17885,3,3,1,9.641671e-09,9.907379e-09,1.8112182e-08,0.99999905,9.1320845e-07,0.99999905
15069,1,1,1,2.4478744e-08,0.99999946,3.7504222e-08,3.1321426e-07,1.908205e-07,0.99999946
19356,4,4,1,3.18684e-07,2.742631e-07,1.5645112e-06,3.0471216e-07,0.99999756,0.99999756
16585,3,3,1,2.263052e-06,0.0015202335,2.1539613e-06,0.99843645,3.889757e-05,0.99843645
17001,3,3,1,6.03676e-08,2.0525019e-07,6.027368e-08,0.99999917,5.239835e-07,0.99999917
14810,1,1,1,7.490125e-09,0.9999999,9.571262e-09,6.6662444e-08,5.270073e-08,0.9999999
14403,1,1,1,6.604248e-09,0.9999996,7.342781e-09,3.236441e-07,5.972019e-08,0.9999996
18085,4,4,1,1.6027424e-06,1.7392977e-06,5.035902e-06,2.1398711e-05,0.9999702,0.9999702
17078,3,3,1,2.3295465e-08,2.2563681e-07,2.3378064e-08,0.9999995,2.1042524e-07,0.9999995
18079,4,4,1,6.1846004e-07,1.241358e-07,2.2451307e-07,1.7648497e-07,0.99999887,0.99999887
17802,3,3,1,1.0820605e-08,1.1111062e-08,1.3830126e-08,0.99999976,2.3082711e-07,0.99999976
19021,4,4,1,5.017595e-08,1.0920094e-07,5.0992924e-08,1.6881265e-07,0.99999964,0.99999964
18567,4,4,1,3.0752844e-06,2.9729113e-06,3.338327e-06,0.0024554282,0.99753517,0.99753517
15795,1,1,1,6.988282e-09,0.9999992,7.3954163e-09,2.630984e-08,7.0634957e-07,0.9999992
16775,3,3,1,6.052624e-08,1.8674368e-07,6.162501e-08,0.99999887,8.305035e-07,0.99999887
10630,0,0,1,0.9999998,1.1285512e-08,1.5589457e-08,3.100778e-08,1.2660418e-07,0.9999998
17501,3,3,1,1.2340521e-08,1.2301438e-08,2.2028548e-08,0.99999934,6.254586e-07,0.99999934
13040,2,2,1,1.0516226e-07,1.7830477e-08,0.99999815,1.9983643e-08,1.7067175e-06,0.99999815
15520,1,1,1,7.0701787e-09,0.9999998,7.526495e-09,4.0426404e-08,1.4263226e-07,0.9999998
13068,2,2,1,4.4492205e-07,7.3522614e-08,0.99999267,1.5403144e-07,6.6751095e-06,0.99999267
12409,2,2,1,1.642173e-07,3.6248167e-08,0.9999994,3.9568835e-08,3.7642997e-07,0.9999994
15797,1,1,1,1.1404567e-07,0.99999815,1.293401e-07,9.2009975e-07,6.7204525e-07,0.99999815
18111,4,4,1,3.7408043e-07,4.139356e-07,4.58251e-07,1.9069983e-05,0.9999797,0.9999797
17042,3,3,1,2.2282354e-08,2.155368e-07,2.1351966e-08,0.99999946,2.4987398e-07,0.99999946
18374,4,4,1,1.9159403e-07,1.5014025e-07,4.8590186e-07,1.666046e-07,0.999999,0.999999
13546,2,2,1,6.572154e-08,3.3664342e-08,0.99999374,4.312032e-08,6.132167e-06,0.99999374
19916,4,4,1,0.0002551282,1.9786692e-06,1.1693068e-05,2.1736123e-06,0.99972904,0.99972904
11888,0,0,1,0.9999343,1.0089685e-07,6.096576e-05,1.2515946e-07,4.515846e-06,0.9999343
17584,3,3,1,1.2365995e-05,1.2345478e-05,0.0005261452,0.8121537,0.18729547,0.8121537
11468,0,0,1,0.99998814,2.1434978e-08,2.387198e-07,5.2491966e-08,1.1568719e-05,0.99998814
16819,3,3,1,3.5441698e-08,8.454115e-08,3.6556255e-08,0.9999986,1.1881679e-06,0.9999986
15772,1,1,1,2.142166e-08,0.99999833,2.3249065e-08,7.4540407e-07,8.7964963e-07,0.99999833
14732,1,1,1,6.6557164e-09,0.9999998,7.2856134e-09,1.2724908e-07,2.5579729e-08,0.9999998
18141,4,4,1,3.2132975e-05,2.718405e-05,0.0001277488,0.21780334,0.7820096,0.7820096
18605,4,4,1,3.5357547e-07,0.00016400754,3.6471272e-07,1.1889971e-06,0.99983406,0.99983406
11389,0,0,1,0.9999998,6.5363706e-09,2.1071568e-08,2.312541e-08,1.1887156e-07,0.9999998
11792,0,0,1,0.9999996,1.7870674e-08,4.6399755e-08,1.8273438e-08,3.1026536e-07,0.9999996
13617,2,2,1,2.8524894e-08,2.17749e-08,0.9999951,2.9334917e-08,4.788344e-06,0.9999951
14293,1,1,1,1.3399762e-08,0.9999995,1.3719497e-08,3.2141645e-07,1.03532884e-07,0.9999995
16646,3,3,1,3.0661816e-08,4.5275105e-08,3.212265e-08,0.99999845,1.441057e-06,0.99999845
13854,2,2,1,9.445796e-09,8.066029e-09,0.99999994,8.373781e-09,6.101862e-08,0.99999994
15287,1,1,1,5.3400985e-05,0.8538172,6.0636994e-05,0.1455344,0.00053432636,0.8538172
13709,2,2,1,3.6791484e-05,1.5661351e-05,0.93919176,1.630835e-05,0.060739506,0.93919176
14663,1,1,1,6.613322e-09,0.9999999,6.6381323e-09,7.451217e-08,6.0081696e-08,0.9999999
13971,1,1,1,1.043444e-08,0.9999976,1.0531858e-08,7.754394e-08,2.277394e-06,0.9999976
19522,4,4,1,2.2472998e-06,2.2398783e-06,0.0072724842,2.6919695e-06,0.99272037,0.99272037
15571,1,1,1,3.540242e-06,0.9364276,3.8766675e-06,0.06354657,1.844464e-05,0.9364276
10885,0,2,0,0.0554985,1.8415592e-07,0.9444974,2.180024e-07,3.7023128e-06,0.9444974
15261,1,1,1,8.625681e-09,0.9999998,9.6013e-09,1.1332395e-07,3.2949327e-08,0.9999998
11245,0,0,1,0.9999912,4.398827e-08,5.693305e-06,4.766528e-08,3.007584e-06,0.9999912
19399,4,4,1,4.5385656e-05,6.3558537e-06,7.751931e-05,1.4202602e-05,0.99985653,0.99985653
13136,2,2,1,0.0040112855,5.57876e-05,0.91902715,7.683675e-05,0.07682894,0.91902715
15036,1,1,1,7.30017e-09,0.9999998,7.6254905e-09,5.8269162e-08,9.7561845e-08,0.9999998
16885,3,3,1,2.1852314e-08,3.392158e-08,2.2201652e-08,0.9999993,6.43599e-07,0.9999993
19505,4,4,1,2.5539389e-06,4.2982575e-07,8.885112e-06,5.901094e-07,0.99998754,0.99998754
17663,3,3,1,1.7103243e-06,1.9838942e-06,2.0429197e-06,0.99900144,0.0009928392,0.99900144
13665,2,2,1,1.0732564e-06,6.657661e-07,0.9986251,2.4719036e-06,0.0013706643,0.9986251
10149,0,0,1,0.9999823,7.958463e-09,1.0833765e-08,8.780506e-09,1.7656752e-05,0.9999823
13413,2,2,1,1.2330607e-08,1.1886276e-08,0.9999997,1.2895006e-08,2.4480826e-07,0.9999997
12512,2,2,1,3.4707217e-08,2.0371816e-08,0.9999997,2.207044e-08,2.4659042e-07,0.9999997
19914,4,4,1,2.4266026e-06,5.614898e-07,1.7506795e-06,5.9102916e-07,0.9999947,0.9999947
13329,2,2,1,1.1253516e-07,2.2734653e-08,0.99999833,2.4996483e-08,1.4987587e-06,0.99999833
14464,1,1,1,6.3251644e-09,0.9999999,9.648677e-09,7.071291e-08,3.043249e-08,0.9999999
10381,0,0,1,0.99999976,1.3542968e-08,2.769491e-08,3.9656612e-08,1.4514627e-07,0.99999976
11511,0,0,1,0.99999887,1.0800075e-08,5.533795e-07,5.5715468e-08,5.146543e-07,0.99999887
12568,2,2,1,3.179228e-08,1.2943438e-08,0.99999887,1.40226755e-08,1.0905784e-06,0.99999887
11112,0,0,1,0.999999,1.2194272e-08,7.0785525e-08,2.2912e-08,9.106729e-07,0.999999
17751,3,3,1,1.5648891e-07,1.5181321e-07,1.0565698e-06,0.99998474,1.389012e-05,0.99998474
13804,2,2,1,3.1071615e-08,1.8402835e-08,0.99999946,2.0132571e-08,4.882982e-07,0.99999946
10368,0,0,1,0.99999833,1.480122e-08,9.594082e-07,1.6606213e-08,6.7037627e-07,0.99999833
19079,4,4,1,9.877062e-08,3.4050854e-07,9.984202e-08,2.5109287e-07,0.9999992,0.9999992
14608,1,1,1,1.3440608e-08,0.9999992,1.3996381e-08,6.6419415e-07,1.0358471e-07,0.9999992
10026,0,0,1,0.99999964,1.1605111e-08,1.6123698e-07,1.2577758e-08,1.7647015e-07,0.99999964
17928,4,2,0,2.1983463e-07,1.2344086e-07,0.9999891,1.9521029e-07,1.03567145e-05,0.9999891
15352,1,1,1,9.501219e-09,0.9999997,9.9243e-09,2.1708989e-07,5.0390774e-08,0.9999997
10076,0,0,1,0.99999946,1.05172395e-08,3.5064332e-07,1.1390314e-08,1.5052959e-07,0.99999946
16955,3,3,1,3.2090682e-08,7.611204e-08,3.2055077e-08,0.99999934,4.9798143e-07,0.99999934
11426,0,0,1,0.9999853,6.820388e-08,1.7681934e-07,1.3038958e-07,1.4336848e-05,0.9999853
11504,0,0,1,0.99999917,1.0529229e-08,3.1798926e-08,2.5442628e-08,7.3816295e-07,0.99999917
15318,1,1,1,1.221491e-08,0.9999997,1.275423e-08,1.6530687e-07,1.2828697e-07,0.9999997
17326,3,3,1,6.8302347e-06,7.790483e-06,0.0010763439,0.994549,0.0043600723,0.994549
10886,0,0,1,0.99999934,7.892658e-09,2.942292e-07,9.277201e-09,3.6590797e-07,0.99999934
18916,4,4,1,9.646109e-07,4.2468573e-06,9.024182e-07,1.8794398e-06,0.999992,0.999992
15075,1,1,1,1.5309212e-08,0.999999,2.16286e-08,8.3819174e-07,1.09682645e-07,0.999999
19684,4,4,1,3.114899e-06,3.232856e-06,0.0002032561,3.057082e-06,0.99978733,0.99978733
13484,2,2,1,4.2667344e-07,1.5494494e-07,0.9999557,1.8569362e-07,4.3507163e-05,0.9999557
12281,2,2,1,5.981321e-08,2.2383345e-08,0.9999991,3.1705948e-08,8.049097e-07,0.9999991
10390,0,0,1,0.99999845,2.3674726e-08,8.021839e-08,9.033561e-08,1.3734086e-06,0.99999845
19583,4,4,1,6.823042e-07,6.3312274e-07,1.0235598e-05,7.9288793e-07,0.99998766,0.99998766
14062,1,1,1,1.0548794e-08,0.9999997,1.154713e-08,1.7206071e-07,1.2833749e-07,0.9999997
15160,1,1,1,7.1907005e-09,0.99999976,7.974947e-09,1.2107634e-07,8.9515545e-08,0.99999976
11143,0,0,1,0.9999996,1.0179482e-08,6.2502046e-08,1.2050395e-08,3.4665197e-07,0.9999996
18955,4,4,1,1.5796262e-06,6.4136084e-06,9.922095e-07,2.5713882e-06,0.99998844,0.99998844
17216,3,3,1,4.68365e-08,2.2234937e-07,4.6824432e-08,0.9999995,1.4230314e-07,0.9999995
11659,0,0,1,0.99999964,2.7058164e-08,1.08534465e-07,3.8890153e-08,2.0253161e-07,0.99999964
14421,1,1,1,6.644702e-09,0.99999934,7.192508e-09,1.2650708e-07,5.12269e-07,0.99999934
13811,2,2,1,1.25793465e-08,1.070973e-08,0.9999997,1.1517676e-08,2.5161978e-07,0.9999997
17231,3,3,1,3.5447755e-08,3.6812378e-07,4.8255192e-08,0.9999993,2.7782178e-07,0.9999993
15267,1,1,1,8.7575085e-09,0.9999998,9.222106e-09,1.09509415e-07,5.6583698e-08,0.9999998
10092,0,0,1,0.9999989,1.7918346e-08,7.221665e-07,1.942012e-08,3.3102455e-07,0.9999989
11183,0,0,1,0.9999984,8.0051e-09,2.9823493e-08,8.422027e-09,1.5603697e-06,0.9999984
15934,1,1,1,6.533685e-09,0.9999999,6.840383e-09,6.887743e-08,4.506027e-08,0.9999999
13532,2,2,1,7.0929886e-08,6.675671e-08,0.99974006,0.00021675228,4.30622e-05,0.99974006
12674,2,2,1,1.9543334e-08,1.3234715e-08,0.999999,1.4433706e-08,9.783834e-07,0.999999
12553,2,2,1,6.568581e-08,1.6285464e-08,0.999997,1.7614644e-08,2.880936e-06,0.999997
15221,1,1,1,1.6288183e-08,0.99999934,1.7451603e-08,4.6648452e-07,1.4661984e-07,0.99999934
14757,1,1,1,6.546276e-09,0.9999999,6.816098e-09,1.0149056e-07,2.6009543e-08,0.9999999
12297,2,2,1,2.0015666e-08,1.337514e-08,0.99999905,6.117691e-08,8.420465e-07,0.99999905
14759,1,1,1,8.581483e-09,0.9999997,1.0717904e-08,2.3376695e-07,3.1432965e-08,0.9999997
11111,0,0,1,0.9999998,7.4316557e-09,6.254263e-08,8.79754e-09,1.244668e-07,0.9999998
14787,1,1,1,7.158726e-09,0.9999998,7.388748e-09,7.277479e-08,1.14948435e-07,0.9999998
15100,1,1,1,9.228603e-09,0.99999976,9.766273e-09,1.1748423e-07,1.1865604e-07,0.99999976
10491,0,0,1,0.99999946,1.2910676e-08,3.3592805e-08,1.3005922e-07,3.5525557e-07,0.99999946
19857,4,4,1,7.96446e-07,6.734413e-07,0.00013572219,7.0765066e-07,0.9998621,0.9998621
11661,0,0,1,0.9999965,2.9449692e-08,7.336189e-07,5.0501793e-08,2.7143753e-06,0.9999965
12457,2,2,1,4.0833424e-08,1.8315559e-08,0.99999946,1.9801316e-08,4.4732778e-07,0.99999946
10961,0,0,1,0.9999996,9.4847765e-09,4.011715e-08,1.1069649e-08,3.29189e-07,0.9999996
14528,1,1,1,8.870334e-09,0.99999964,9.337614e-09,1.1073544e-07,2.2571791e-07,0.99999964
10784,0,0,1,0.99999976,8.184292e-09,4.0608793e-08,1.5271345e-08,1.7398038e-07,0.99999976
13693,2,2,1,2.2525965e-08,1.9868713e-08,0.9999982,2.823304e-08,1.6928673e-06,0.9999982
11777,0,0,1,0.9999998,1.7498971e-08,2.8045665e-08,3.6168746e-08,1.2426212e-07,0.9999998
19089,4,4,1,3.259233e-07,9.143544e-06,1.00124535e-05,1.0580645e-06,0.99997944,0.99997944
14852,1,1,1,6.9456454e-09,0.99999976,7.402041e-09,1.973104e-07,4.9557457e-08,0.99999976
15173,1,1,1,6.3209593e-09,0.9999999,6.7600996e-09,5.1606186e-08,3.0319846e-08,0.9999999
11093,0,0,1,0.99999976,8.0210985e-09,4.407642e-08,9.495317e-09,1.7634113e-07,0.99999976
13094,2,2,1,1.9212475e-08,7.257735e-09,0.9999998,7.593643e-09,1.211608e-07,0.9999998
11136,0,0,1,0.99999976,7.385142e-09,5.3415395e-08,8.742476e-09,1.6279175e-07,0.99999976
10880,0,0,1,0.99999976,7.753194e-09,5.5271617e-08,9.178173e-09,1.925954e-07,0.99999976
15857,1,1,1,2.5723222e-07,0.999957,2.823017e-07,1.5064118e-06,4.090523e-05,0.999957
14256,1,1,1,6.2937553e-09,0.9999998,6.764159e-09,7.744599e-08,9.45204e-08,0.9999998
13628,2,2,1,1.4603505e-08,1.0298713e-08,0.9999995,1.1068296e-08,4.4602862e-07,0.9999995
17023,3,3,1,1.07352996e-07,5.9018714e-07,1.10543205e-07,0.9998853,0.00011388245,0.9998853
14987,1,1,1,1.1431965e-08,0.9999997,1.2073035e-08,1.4046411e-07,1.1779915e-07,0.9999997
12739,2,2,1,8.013883e-08,1.2242772e-08,0.9999994,1.33572104e-08,5.144247e-07,0.9999994
10380,0,0,1,0.999999,1.22183135e-08,5.0514655e-07,1.3708323e-08,4.7408145e-07,0.999999
10554,0,0,1,0.9999996,3.0633743e-08,5.8139776e-08,8.027063e-08,2.6895387e-07,0.9999996
17388,3,3,1,1.3760824e-06,2.5615884e-05,2.0717864e-06,0.99970067,0.0002702708,0.99970067
11471,0,0,1,0.99999964,6.200389e-09,3.9645148e-08,2.5100046e-08,2.689868e-07,0.99999964
11584,0,0,1,0.999995,7.533962e-08,3.0071058e-06,2.2558316e-07,1.7155196e-06,0.999995
11674,0,0,1,0.9999989,5.7911326e-08,1.9081448e-07,1.101322e-07,6.953884e-07,0.9999989
14033,1,1,1,6.7355557e-09,0.99999964,6.951981e-09,2.9331021e-08,3.1662591e-07,0.99999964
11739,0,0,1,0.99999964,2.6298325e-08,8.174869e-08,3.7798053e-08,2.1160524e-07,0.99999964
19700,4,2,0,0.00020590209,6.4825595e-05,0.93793625,7.943599e-05,0.061713576,0.93793625
15298,1,1,1,2.7548333e-06,0.9994985,2.792846e-06,0.00047929643,1.6691862e-05,0.9994985
19722,4,4,1,9.678634e-06,1.3409724e-06,2.4390012e-05,1.3760043e-06,0.9999632,0.9999632
18473,4,4,1,2.2615127e-06,2.1496598e-06,4.2775905e-06,0.0006331523,0.9993582,0.9993582
12468,2,2,1,3.7724908e-07,1.7939374e-07,0.9999819,1.8968855e-07,1.7400518e-05,0.9999819
10195,0,0,1,0.99999255,1.8886134e-08,6.7118235e-06,2.1189278e-08,6.772095e-07,0.99999255
19407,4,4,1,0.0006210231,4.6471563e-05,0.0019929474,4.987588e-05,0.99728966,0.99728966
14255,1,1,1,7.166152e-09,0.99999976,7.3525386e-09,1.887424e-07,2.5664988e-08,0.99999976
16569,3,3,1,1.2220309e-05,0.032997232,1.2291541e-05,0.96685785,0.000120388526,0.96685785
17894,3,3,1,1.2024113e-05,1.2108252e-05,5.5392e-05,0.85741085,0.14250965,0.85741085
10430,0,0,1,0.9999999,1.0788051e-08,3.5596003e-08,3.0190478e-08,7.0623706e-08,0.9999999
17976,4,4,1,3.0308166e-07,2.354835e-07,3.63011e-06,3.5860418e-07,0.99999547,0.99999547
13622,2,2,1,2.5259496e-08,2.081218e-08,0.9999898,2.1762219e-08,1.0152762e-05,0.9999898
13945,1,1,1,6.4722374e-09,0.99999976,6.7078583e-09,1.9023959e-07,6.000753e-08,0.99999976
10970,0,0,1,0.9999988,1.6193294e-08,8.541163e-07,1.903395e-08,3.2337448e-07,0.9999988
19358,4,4,1,8.399603e-07,8.2068357e-07,5.910802e-06,8.3991137e-07,0.9999916,0.9999916
13477,2,2,1,1.2918311e-08,1.0180951e-08,0.9999993,1.6817577e-08,7.006141e-07,0.9999993
13351,2,2,1,2.9347559e-08,1.7651944e-08,0.999993,2.7870444e-08,6.8880568e-06,0.999993
16743,3,3,1,3.181844e-08,5.156933e-08,3.3949156e-08,0.9999946,5.3218578e-06,0.9999946
12843,2,2,1,3.8974786e-08,1.2643551e-08,0.99999934,1.4907874e-08,5.647333e-07,0.99999934
11839,0,0,1,0.9999998,2.4162771e-08,2.329887e-08,2.792625e-08,1.10183926e-07,0.9999998
19707,4,4,1,4.4676216e-07,4.3356312e-07,1.0898855e-05,5.5731e-07,0.99998766,0.99998766
13128,2,2,1,9.792683e-08,4.755331e-08,0.99996537,5.029099e-08,3.441322e-05,0.99996537
17610,3,3,1,9.2570836e-08,2.0373876e-07,1.2357772e-07,0.9999916,7.9826195e-06,0.9999916
15395,1,1,1,3.9564828e-08,0.9999583,3.6490352e-08,4.111924e-05,5.5436016e-07,0.9999583
15715,1,1,1,1.3338306e-08,0.9999995,1.0565271e-08,3.6817703e-08,4.0778977e-07,0.9999995
10155,0,0,1,0.99999934,8.6072545e-09,4.634468e-07,9.328646e-09,1.7692248e-07,0.99999934
12254,2,2,1,1.4394731e-08,1.2050116e-08,0.99999946,1.6965645e-08,5.0927e-07,0.99999946
16623,3,3,1,9.314136e-07,8.392539e-06,9.851568e-07,0.999865,0.0001246974,0.999865
10553,0,0,1,0.99999976,1.9809184e-08,3.3482383e-08,5.6055907e-08,1.4845111e-07,0.99999976
19898,4,4,1,6.6952697e-07,6.5320825e-07,7.143194e-05,8.402721e-07,0.9999264,0.9999264
12942,2,2,1,1.8635632e-08,9.026709e-09,0.9999999,9.459889e-09,5.2359596e-08,0.9999999
13641,2,2,1,0.0003201689,5.717425e-07,0.9995693,6.159811e-07,0.00010933025,0.9995693
13362,2,2,1,0.00019534795,1.8305617e-06,0.9987734,2.0604075e-06,0.001027368,0.9987734
19230,4,4,1,2.7744605e-07,1.4042913e-05,2.3782216e-07,2.4635563e-07,0.9999852,0.9999852
17072,3,3,1,1.812351e-06,0.0007056505,5.1259312e-06,0.9992608,2.6656784e-05,0.9992608
12147,2,2,1,7.107744e-08,5.7017914e-08,0.99999726,7.580056e-08,2.5243671e-06,0.99999726
14930,1,1,1,6.423407e-09,0.9999998,6.503065e-09,1.17138214e-07,2.1830035e-08,0.9999998
19110,4,4,1,1.4158624e-06,3.0823623e-05,1.2026476e-06,2.3971043e-06,0.9999642,0.9999642
13127,2,2,1,7.0548474e-08,2.1001052e-08,0.99999964,2.1973038e-08,2.66509e-07,0.99999964
17029,3,3,1,3.8142832e-07,1.9153463e-06,2.8637595e-07,0.999993,4.4066696e-06,0.999993
12825,2,2,1,1.2755371e-06,8.1243755e-08,0.99999654,1.2632957e-07,1.9863455e-06,0.99999654
15293,1,1,1,8.217708e-09,0.9999998,1.0860667e-08,7.628573e-08,9.3116405e-08,0.9999998
11352,0,0,1,0.9999953,1.1315131e-08,9.016537e-08,1.2260971e-08,4.599083e-06,0.9999953
12041,2,2,1,7.594982e-08,6.418162e-08,0.99995434,7.354427e-08,4.5459765e-05,0.99995434
17303,3,3,1,2.997181e-08,3.0183333e-08,3.6554194e-08,0.99998975,1.0130577e-05,0.99998975
14805,1,1,1,7.883455e-09,0.9999998,8.510884e-09,7.115423e-08,8.07583e-08,0.9999998
15127,1,1,1,2.1920103e-08,0.999997,2.5718094e-08,2.775966e-06,1.8337839e-07,0.999997
16599,3,3,1,3.100652e-07,2.6916176e-05,2.7424156e-07,0.99996877,3.7209836e-06,0.99996877
12290,2,2,1,2.261759e-06,1.4411194e-08,0.99999565,6.501836e-08,2.0187913e-06,0.99999565
19192,4,4,1,3.1003535e-06,0.15395771,3.5504304e-06,5.2588784e-06,0.84603035,0.84603035
15303,1,1,1,7.846817e-07,0.9789396,8.294509e-07,0.021056622,2.1876124e-06,0.9789396
11060,0,0,1,0.99999976,8.305185e-09,3.068021e-08,1.5297752e-08,2.0070989e-07,0.99999976
12529,2,2,1,4.5857888e-08,2.657066e-08,0.9999989,2.853607e-08,9.501667e-07,0.9999989
16433,3,3,1,2.2906545e-07,4.0943533e-07,1.9265497e-07,0.99999857,6.0612956e-07,0.99999857
18808,4,4,1,1.6274158e-06,9.38993e-07,1.6155062e-06,5.533414e-07,0.9999953,0.9999953
14885,1,1,1,6.0513177e-09,0.9999999,6.370095e-09,9.6444225e-08,2.6267417e-08,0.9999999
15697,1,1,1,1.680142e-08,0.9999989,1.7353617e-08,9.031215e-07,1.2549656e-07,0.9999989
11489,0,0,1,0.9999995,6.3942123e-09,1.6590699e-08,1.5327295e-08,4.494658e-07,0.9999995
14094,1,1,1,7.0045694e-09,0.9999998,8.61066e-09,1.5021665e-07,3.3336512e-08,0.9999998
19562,4,4,1,6.0574683e-07,3.9004723e-07,5.8398537e-06,3.985486e-07,0.9999928,0.9999928
16385,3,3,1,1.1496616e-07,2.6607188e-07,1.248954e-07,0.99995244,4.7038506e-05,0.99995244
19838,4,4,1,1.40957e-06,1.2105171e-06,5.6834455e-05,1.8997747e-06,0.99993867,0.99993867
14267,1,1,1,6.313956e-09,0.9999997,6.803819e-09,2.4978738e-07,2.6151161e-08,0.9999997
13311,2,2,1,8.4875325e-08,1.818527e-08,0.99999964,1.9728564e-08,2.2758837e-07,0.99999964
10780,0,0,1,0.999999,9.507898e-09,5.1168166e-07,1.1255379e-08,4.8493126e-07,0.999999
12439,2,2,1,1.0081457e-06,7.8297916e-08,0.9999874,8.462887e-08,1.1409587e-05,0.9999874
13889,2,2,1,2.7655055e-08,2.145844e-08,0.9999994,2.3445297e-08,4.9769346e-07,0.9999994
14914,1,1,1,6.7776105e-09,0.9999998,7.204099e-09,1.4012784e-07,3.5705312e-08,0.9999998
15152,1,1,1,8.077226e-09,0.9999999,9.2827905e-09,6.10404e-08,6.685204e-08,0.9999999
16980,3,3,1,2.3657082e-08,8.629421e-08,2.4805567e-08,0.99999934,5.322593e-07,0.99999934
12745,2,2,1,3.0012075e-07,7.978217e-08,0.9999972,8.43606e-08,2.3088849e-06,0.9999972
11237,0,0,1,0.99999857,8.308899e-09,9.374832e-07,9.003446e-09,4.5863507e-07,0.99999857
18007,4,4,1,6.886549e-07,5.514588e-07,3.3788076e-06,6.1378205e-07,0.99999475,0.99999475
10944,0,0,1,0.99999434,1.272681e-08,4.0705967e-08,1.4952318e-08,5.615034e-06,0.99999434
13957,1,1,1,6.3590773e-09,0.9999996,6.9609007e-09,3.389962e-08,3.5128645e-07,0.9999996
10708,0,0,1,0.99999505,7.837877e-09,3.783162e-08,3.7211917e-06,1.1509109e-06,0.99999505
17480,3,3,1,1.1769619e-06,1.1553578e-06,1.724538e-06,0.98964906,0.01034686,0.98964906
17515,3,3,1,5.982412e-08,8.696214e-08,2.008607e-07,0.9999885,1.1179441e-05,0.9999885
12965,2,2,1,3.0048493e-08,1.46802295e-08,0.9999989,1.6374038e-08,1.0390206e-06,0.9999989
12107,2,2,1,7.412995e-08,2.5407354e-08,0.99999785,2.9614599e-08,2.006152e-06,0.99999785
11360,0,0,1,0.99999803,9.572312e-09,4.9023964e-08,9.832198e-09,1.9124307e-06,0.99999803
11953,2,2,1,1.5207036e-08,1.2735657e-08,0.9999997,1.6576577e-08,2.456251e-07,0.9999997
17300,3,3,1,8.9869445e-08,9.213441e-08,2.0185837e-07,0.9999747,2.4901396e-05,0.9999747
19216,4,4,1,1.3328184e-07,5.280964e-07,1.3744713e-07,1.5185066e-07,0.99999905,0.99999905
12715,2,2,1,8.0390976e-08,1.3818051e-08,0.9999996,1.5208004e-08,3.250188e-07,0.9999996
15524,1,1,1,7.793521e-09,0.9999998,7.864654e-09,1.0328946e-07,3.163448e-08,0.9999998
15088,1,1,1,8.454444e-09,0.9999998,8.923483e-09,8.799654e-08,5.565238e-08,0.9999998
15085,1,1,1,1.3748072e-08,0.99999976,1.5706608e-08,1.1117167e-07,9.9397205e-08,0.99999976
14447,1,1,1,5.42684e-08,0.99999666,7.056402e-08,2.2599418e-06,9.5298293e-07,0.99999666
11119,0,0,1,0.99999696,3.311938e-08,1.2669115e-07,6.2642826e-08,2.830965e-06,0.99999696
13309,2,2,1,2.221386e-08,1.7517461e-08,0.99999374,1.8215475e-08,6.215475e-06,0.99999374
13565,2,2,1,4.524998e-08,1.9229912e-08,0.99999857,3.847347e-08,1.3186336e-06,0.99999857
10529,0,0,1,0.9999996,2.8798313e-08,5.443702e-08,7.5158425e-08,2.711599e-07,0.9999996
11014,0,0,1,0.99999976,7.445131e-09,8.495495e-08,8.813491e-09,1.6020708e-07,0.99999976
14605,1,1,1,6.4407617e-09,0.9999999,6.6227384e-09,5.498993e-08,6.08485e-08,0.9999999
18657,4,4,1,2.922706e-07,7.9361416e-07,2.7248154e-07,3.4770656e-07,0.9999983,0.9999983
11010,0,0,1,0.99999964,7.529918e-09,7.0295606e-08,8.913861e-09,2.9118416e-07,0.99999964
13647,2,2,1,5.1161678e-08,1.126321e-08,0.99999976,1.16160574e-08,1.3821743e-07,0.99999976
11722,0,0,1,0.9999993,1.9812752e-08,7.53981e-08,5.020581e-08,5.6415735e-07,0.9999993
11034,0,0,1,0.9999995,9.534679e-09,4.9867833e-08,1.1209106e-08,4.1493487e-07,0.9999995
19345,4,4,1,1.779973e-06,1.2188551e-06,4.2965803e-06,1.3441148e-06,0.99999136,0.99999136
14247,1,1,1,6.9050645e-09,0.9999999,7.126937e-09,3.2862125e-08,5.963071e-08,0.9999999
16576,3,3,1,9.2363784e-08,1.0717777e-06,7.9256225e-08,0.99999857,2.0152063e-07,0.99999857
17581,3,3,1,9.3761815e-07,9.4944846e-07,1.1663528e-06,0.9997493,0.00024762106,0.9997493
11980,2,2,1,1.7409034e-08,1.2407761e-08,0.99999696,1.4205954e-08,2.981714e-06,0.99999696
13119,2,2,1,2.009826e-08,1.34760585e-08,0.9999995,1.3869458e-08,4.3620147e-07,0.9999995
19846,4,2,0,2.938988e-07,1.8847263e-07,0.99986356,4.110778e-07,0.00013555738,0.99986356
12047,2,2,1,3.364294e-08,1.8075927e-08,0.99999857,2.082562e-08,1.331395e-06,0.99999857
15914,1,1,1,8.147608e-07,0.9999801,1.032764e-06,3.9314464e-06,1.4142658e-05,0.9999801
13275,2,2,1,1.0846836e-08,7.975749e-09,0.9999999,8.216073e-09,7.451708e-08,0.9999999
15121,1,1,1,1.0916792e-08,0.99999976,1.0563045e-08,1.6975059e-07,4.1646793e-08,0.99999976
16231,3,3,1,5.1619985e-08,1.0221306e-07,5.0973096e-08,0.9999996,2.1870991e-07,0.9999996
13710,2,2,1,1.2014229e-08,1.1390662e-08,0.99999976,1.2241841e-08,1.7563791e-07,0.99999976
13979,1,1,1,6.2230745e-09,0.99999976,6.423033e-09,1.2109668e-07,9.164859e-08,0.99999976
17031,3,3,1,2.9060757e-08,1.2293569e-07,2.583225e-08,0.99999964,1.755296e-07,0.99999964
11484,0,0,1,0.9999998,6.7531265e-09,4.1256936e-08,2.4409173e-08,1.2848832e-07,0.9999998
16770,3,3,1,4.7041095e-08,2.2001346e-07,5.538163e-08,0.9999995,1.3673694e-07,0.9999995
11796,0,0,1,0.9999993,2.018293e-08,1.0964892e-07,2.7753003e-08,5.4053845e-07,0.9999993
18319,4,4,1,2.6206171e-05,1.8876145e-06,4.4242834e-06,2.1303874e-06,0.99996537,0.99996537
14388,1,1,1,6.280177e-09,0.9999999,6.60978e-09,6.161519e-08,5.0168456e-08,0.9999999
