id,true_label,predicted_label,correct,prob_Trend,prob_Volatility,prob_Stochastic,prob_Anomaly,prob_Structural Break,confidence
13697,2,2,1,0.05172639219635975,0.0002913514795306895,0.8803279050329466,0.0018995334975104505,0.06575481779365258,0.8803279050329466
16824,3,3,1,0.00035110435345526715,0.017612090036363045,0.0011043147984434623,0.9627576812603044,0.018174809551433885,0.9627576812603044
12342,2,2,1,0.0013888395523119473,2.339929465737871e-05,0.9894245095252042,0.0001281075153475141,0.009035144112479009,0.9894245095252042
10235,0,0,1,0.9803395416828091,4.021924967092349e-05,0.015031743690497828,0.00010159593203074251,0.004486899444991078,0.9803395416828091
14377,1,1,1,4.490677660881548e-05,0.9942940931315158,0.00011760412896494374,0.0025280207442351117,0.003015375218675243,0.9942940931315158
17006,3,3,1,0.0001196377970736726,0.0021977028531303417,0.0002692409617126687,0.9934076332801605,0.00400578510792294,0.9934076332801605
12527,2,2,1,0.0022086390075657185,3.320231008613516e-05,0.9922181731511552,9.375531621377073e-05,0.005446230214979036,0.9922181731511552
14371,1,1,1,4.155536752010452e-05,0.9907132481907299,0.00016640866859756064,0.004591960079844515,0.0044868276933080235,0.9907132481907299
16886,3,3,1,0.0010984752867191374,0.036060329002420594,0.0027917095847921855,0.7466746042640416,0.21337488186202636,0.7466746042640416
18697,4,4,1,0.006402843256535308,0.03322488486153857,0.002705271176162722,0.0013568615495607923,0.9563101391562027,0.9563101391562027
12460,2,2,1,0.0023613247330793448,4.868105502188672e-05,0.9756296407558934,0.00012552382181821743,0.021834829634187126,0.9756296407558934
11205,0,0,1,0.9530794904126959,0.0002324289032201277,0.005821832317189059,0.0003181488998582313,0.040548099467036566,0.9530794904126959
16071,3,3,1,0.0003087662578451449,0.020282063707324362,0.002272274511215987,0.952211984402693,0.02492491112092156,0.952211984402693
13565,2,2,1,0.00789673810842196,6.598834631389712e-05,0.9738585023755162,0.00034045233220702815,0.01783831883754086,0.9738585023755162
19711,4,4,1,0.006615437376919288,0.00021377679221195938,0.2738075471976296,0.00046919286301055105,0.7188940457702285,0.7188940457702285
16819,3,3,1,0.00036828472486927607,0.025145330569386927,0.0015952157341867516,0.9545364262638004,0.0183547427077567,0.9545364262638004
10508,0,0,1,0.9993654683643833,4.4833303545724366e-05,0.00021130250692918108,5.324882572240129e-05,0.00032514699941927526,0.9993654683643833
16879,3,3,1,0.00018276866964540622,0.016673517351708356,0.00048143673733832605,0.9741332576776597,0.008529019563648195,0.9741332576776597
10660,0,0,1,0.9993989159235539,4.4939582402615736e-05,0.0001961927679955147,4.7614519715239765e-05,0.00031233720633260615,0.9993989159235539
18527,4,4,1,0.0016749940031915453,0.008924970278106811,0.008191807133290107,0.295937220965902,0.6852710076195094,0.6852710076195094
16963,3,3,1,7.790769540070287e-05,0.0015307414266107987,0.00020127140643151097,0.9938415251946073,0.004348554276949611,0.9938415251946073
18022,4,4,1,0.0006977305299783135,0.00033464937855895926,0.0035887162877123284,0.01184218610746319,0.9835367176962873,0.9835367176962873
18768,4,4,1,0.0012930134704625359,0.007193320217960868,0.0026927817056956586,0.004410390312328483,0.9844104942935525,0.9844104942935525
17995,4,4,1,0.0015448198744120812,0.0024179146846302125,0.006139439272914592,0.12987347684386635,0.8600243493241768,0.8600243493241768
10823,0,0,1,0.9925093272875833,3.5433736249419386e-05,0.0057217676887200905,0.00020151785648134924,0.0015319534309658105,0.9925093272875833
15431,1,1,1,7.697120015138758e-05,0.9639061796761476,0.0003121618107024353,0.03098373179639843,0.004720955516600342,0.9639061796761476
16252,3,3,1,9.094973055662449e-05,0.005379002836718527,0.0002474870688997036,0.9907847772140059,0.003497783149819136,0.9907847772140059
12317,2,2,1,0.001436935239009287,0.00010238246530582382,0.9745633859847516,0.0007292339260247403,0.023168062384908632,0.9745633859847516
15138,1,1,1,0.00011426869067470541,0.9372721549938592,0.0005682792023333955,0.05523236994432356,0.006812927168809336,0.9372721549938592
10605,0,0,1,0.9994614632270896,3.4767707262567666e-05,0.00017364430408318786,4.288160014524693e-05,0.00028724316141943507,0.9994614632270896
10026,0,0,1,0.9815958971005746,3.6928155448821177e-05,0.01645827160810714,0.0001444311520676186,0.0017644719838017127,0.9815958971005746
19205,4,4,1,0.00017322024154544673,0.04065274772043465,0.0007941113069679737,0.007092992977016623,0.9512869277540352,0.9512869277540352
17513,3,4,0,0.002928924970344806,0.004214239223101448,0.016837450946540492,0.4052999339526921,0.5707194509073211,0.5707194509073211
11649,0,0,1,0.9926108544897808,0.000106692978384079,0.004056421121773211,0.0002098263141911612,0.0030162050958708626,0.9926108544897808
13453,2,2,1,0.0005951622165272297,2.849307828898592e-05,0.9971775731585188,7.241572475349468e-05,0.0021263558219113453,0.9971775731585188
11882,0,0,1,0.9514477587879412,0.0001225928653572607,0.04076376967674493,0.0005212684207902755,0.007144610249166172,0.9514477587879412
17702,3,3,1,0.001238489109729959,0.001696443674028912,0.0044011492812138,0.8895599770596333,0.10310394087539412,0.8895599770596333
13598,2,2,1,0.004985690453265874,0.00010701760647556272,0.9759062452924476,0.0003254715613168054,0.01867557508649411,0.9759062452924476
12851,2,2,1,0.0008081177855309378,3.913707502862034e-05,0.9870090482647568,0.00037743862387688387,0.011766258250806898,0.9870090482647568
18470,4,4,1,0.010523726444485442,0.00033251322971254477,0.014568080971254596,0.004098394598745168,0.9704772847558023,0.9704772847558023
17646,3,3,1,0.0006255346671803357,0.02226031548487469,0.0021720241183022532,0.911731987202346,0.06321013852729664,0.911731987202346
10146,0,0,1,0.9801927464127765,3.5230550974696504e-05,0.01804288295266432,0.000131139976806329,0.001598000106778229,0.9801927464127765
19745,4,4,1,0.02908929778887102,0.0006453680594684331,0.08481671035589275,0.000791851537606508,0.8846567722581612,0.8846567722581612
10005,0,0,1,0.9770275264553967,4.32605251625006e-05,0.019542301840596348,0.00013751310566466037,0.003249398073179872,0.9770275264553967
16818,3,3,1,0.0003487817353749735,0.02726332686519956,0.0012523734027173742,0.9509527955424267,0.020182722454281436,0.9509527955424267
10014,0,0,1,0.9725497027852753,5.507511730377263e-05,0.02466232398168325,0.00022026737931571085,0.0025126307364220666,0.9725497027852753
17115,3,3,1,0.0001422574602258724,0.02019630474611602,0.0005014320869390327,0.9739304826772629,0.005229523029456187,0.9739304826772629
13764,2,2,1,0.02346786565687646,5.813667376623939e-05,0.960514027018655,0.00023522136600429697,0.015724749284698213,0.960514027018655
12690,2,2,1,0.001075912695992306,6.970640062623966e-05,0.9734185022052111,0.0005409072772285075,0.024894971420941964,0.9734185022052111
17469,3,3,1,0.0006389921211605648,0.0308858079567921,0.0023364492352655124,0.9432243936313239,0.022914357055457975,0.9432243936313239
10674,0,0,1,0.9989119027869019,8.831188626669197e-05,0.00026806882727901444,0.00012476967384533492,0.0006069468257070686,0.9989119027869019
14478,1,1,1,3.640534883592869e-05,0.9934043660614887,0.00015107629400904082,0.004019816067636097,0.0023883362280302453,0.9934043660614887
17705,3,3,1,0.0005787421913137796,0.008773988414388166,0.004261304578588172,0.9135247621982342,0.0728612026174756,0.9135247621982342
13372,2,0,0,0.521062055052945,0.00028160939397875304,0.454615094899426,0.002224912476209497,0.02181632817744079,0.521062055052945
10970,0,0,1,0.9660097308947594,5.7664678746064184e-05,0.03035561529360652,0.0004599846775733188,0.0031170044553145994,0.9660097308947594
18953,4,4,1,9.867616100518544e-05,0.01190440239567807,0.00022322135892493728,0.00026781873881422086,0.9875058813455775,0.9875058813455775
14117,1,1,1,4.770253576498906e-05,0.9889848163383108,0.00023968170672576946,0.006197322612894914,0.004530476806303641,0.9889848163383108
10818,0,0,1,0.9955245919613335,3.5488776309745054e-05,0.002394237770497647,0.00026531499181332727,0.0017803665000457826,0.9955245919613335
11486,0,0,1,0.993651648609362,7.756824628132414e-05,0.0036273195400758802,0.00016011026519126726,0.0024833533390894846,0.993651648609362
18836,4,4,1,4.681952502739659e-05,0.0020652405313099057,0.00012696356398824379,0.00026716884608938093,0.997493807533585,0.997493807533585
18345,4,3,0,0.0007615673456253994,0.001594976044885478,0.004064317982985,0.8913849252678067,0.10219421335869741,0.8913849252678067
18811,4,4,1,0.00038442995245534435,0.2304464091763041,0.0012010201612369503,0.01854398635364049,0.7494241543563631,0.7494241543563631
17863,3,3,1,0.0010889355421220995,0.0023190459220464644,0.004575595257366512,0.7428660933258532,0.2491503299526118,0.7428660933258532
18851,4,4,1,0.0008618914180804352,0.002161774336152997,0.0013403081738880371,0.002355285308767572,0.9932807407631109,0.9932807407631109
11822,0,0,1,0.9890758241699461,7.463855304655816e-05,0.00901393339101743,0.00017606754535110409,0.0016595363406386918,0.9890758241699461
17487,3,3,1,0.0010871826673570697,0.004767740225386847,0.011732777769451292,0.8461513392110046,0.13626096012680008,0.8461513392110046
14629,1,1,1,2.9094688291024978e-05,0.9929787970859079,0.00016395842224729577,0.005417190838274521,0.0014109589652792948,0.9929787970859079
13982,1,1,1,0.00010246796446718047,0.9737225154618205,0.00043828816315253207,0.016353717743487334,0.009383010667072542,0.9737225154618205
14794,1,1,1,3.298456864113813e-05,0.9927286178492684,0.00017207922934242312,0.005673473089991642,0.001392845262756572,0.9927286178492684
12249,2,2,1,0.0018274698833353243,0.00027752948856413716,0.9291614810984279,0.002630991851722437,0.06610252767795008,0.9291614810984279
10744,0,0,1,0.9994593944039006,3.314025627776209e-05,0.0001673219968163586,4.326988755780976e-05,0.00029687345544754346,0.9994593944039006
18649,4,4,1,0.00015649645068614438,0.006499980551381103,0.0003525573882886588,0.00035931821103459547,0.9926316473986095,0.9926316473986095
14635,1,1,1,2.6033842604225193e-05,0.9947861351872564,0.00012022051232103584,0.004073741752624555,0.0009938687051937389,0.9947861351872564
12135,2,2,1,0.000974541737061898,2.387679460393389e-05,0.9884755463171268,0.00011440298263149277,0.010411632168576108,0.9884755463171268
14921,1,1,1,4.272266626154442e-05,0.9928246663092919,0.00030043169298582816,0.005852614640375394,0.0009795646910852366,0.9928246663092919
11738,0,0,1,0.9941554182399187,0.0001274289906052373,0.003966008340888277,0.00023580734838232425,0.001515337080205544,0.9941554182399187
12357,2,2,1,0.0011163104077804578,2.546815469988984e-05,0.9935481348610455,0.00010942896955998079,0.005200657606914267,0.9935481348610455
13638,2,2,1,0.009514264385486328,7.023906644839394e-05,0.9619381274144752,0.00015008022604174131,0.0283272889075484,0.9619381274144752
19012,4,4,1,0.0005753677672097763,0.00048503684452966115,0.0008095299571416872,0.00300030847673431,0.9951297569543847,0.9951297569543847
19391,4,4,1,0.009774248772336291,0.00014017308220146723,0.31317773995884324,0.00035621212588200725,0.676551626060737,0.676551626060737
14860,1,1,1,5.4429972205576125e-05,0.9871337746492034,0.00020190929191599613,0.011079681759386397,0.0015302043272886184,0.9871337746492034
14408,1,1,1,3.563536593214284e-05,0.9933782049438629,0.00018446139950450212,0.0036284428906508126,0.0027732554000495947,0.9933782049438629
17539,3,3,1,0.0010584200972026717,0.0012919518928869536,0.0027676470368827,0.9292423121550643,0.06563966881796342,0.9292423121550643
19384,4,4,1,0.002911901698001905,0.0001225433388895022,0.12954889279266354,0.00022913583030781956,0.8671875263401372,0.8671875263401372
10593,0,0,1,0.9966340638067614,0.00011565175826447319,0.000908924019208483,0.00017924803087901654,0.0021621123848866736,0.9966340638067614
19249,4,4,1,0.0004858489803508367,0.003272612233744273,0.0006363203524824866,0.0011348722251837457,0.9944703462082387,0.9944703462082387
15911,1,1,1,0.0006818171669634066,0.7332155401939513,0.0009567464126172037,0.0030938119991424052,0.26205208422732573,0.7332155401939513
16429,3,3,1,0.0022215021560676204,0.004137761326259777,0.007420453648040782,0.7647330936421366,0.22148718922749533,0.7647330936421366
13409,2,2,1,0.00046002025640714275,2.728371760365123e-05,0.9960909741941635,7.328123169791829e-05,0.0033484406001279415,0.9960909741941635
16982,3,3,1,0.0003934224425223289,0.02239621930116272,0.0007446231565547364,0.9495008878936358,0.026964847206124243,0.9495008878936358
18370,4,4,1,0.0012712508798631672,0.00039761244782993436,0.010930559544199138,0.01596627560367286,0.9714343015244349,0.9714343015244349
14181,1,1,1,4.1165393916709035e-05,0.9923978959939291,0.0003296691289546939,0.005673793320182053,0.0015574761630174256,0.9923978959939291
16644,3,3,1,0.0002784402399957752,0.002834634540642146,0.0011676878329143975,0.9645698705292822,0.03114936685716549,0.9645698705292822
15151,1,1,1,0.00021549545729916347,0.9627101698286074,0.0005963565214363889,0.030169332210168178,0.006308645982488905,0.9627101698286074
18203,4,4,1,0.006858254633949749,0.007121540692095609,0.01648141694580751,0.45598020125957106,0.5135585864685761,0.5135585864685761
18430,4,4,1,0.05384723763543097,0.0005920278499379351,0.088055498976511,0.004282295200144847,0.8532229403379752,0.8532229403379752
11865,0,0,1,0.9881722664709747,8.07333453893014e-05,0.009212084853309793,0.0002165044215250223,0.0023184109088011454,0.9881722664709747
10390,0,0,1,0.9775376103205051,0.0005030393732789039,0.002860666057813129,0.0012191621407505987,0.017879522107652195,0.9775376103205051
12698,2,2,1,0.0025507176848724245,4.171631764676935e-05,0.9824252659917011,0.00012833806830572328,0.01485396193747381,0.9824252659917011
11974,2,2,1,0.001931199665396709,0.00011828617685019544,0.9813410203566617,0.0006219751859060372,0.015987518615185284,0.9813410203566617
17176,3,3,1,0.00010232825418704493,0.014489677962635429,0.00026078359422360484,0.9816699166613035,0.0034772935276504006,0.9816699166613035
17791,3,3,1,0.0005216278050741496,0.0007707556488583428,0.0013732188596793993,0.9366205282629917,0.060713869423396266,0.9366205282629917
10594,0,0,1,0.9993097548722686,3.9304579536333414e-05,0.00019266032502580086,5.1050474527016816e-05,0.0004072297486424397,0.9993097548722686
12875,2,2,1,0.007875856329799334,7.488008405013288e-05,0.9585694817979532,0.0002540758425687819,0.033225705945628466,0.9585694817979532
12883,2,2,1,0.0028609708293025515,0.00015925070925682563,0.9610232402293377,0.00030751934400265944,0.03564901888810026,0.9610232402293377
10325,0,0,1,0.9536421102874683,5.354839740075147e-05,0.04133982697908028,0.0001978599047412407,0.0047666544313092855,0.9536421102874683
13464,2,2,1,0.0019317219001012095,3.5373438021543476e-05,0.9953321798396993,0.00010281276459908655,0.002597912057578761,0.9953321798396993
12381,2,2,1,0.0002518319050376857,3.9565154301968824e-05,0.9784145681220651,0.0003530550361852509,0.020940979782410236,0.9784145681220651
19703,4,4,1,0.003009608499986157,0.00011862405180764834,0.17121922292373026,0.0002494492408172535,0.8254030952836587,0.8254030952836587
12586,2,2,1,0.00299465641411525,3.6221074562626755e-05,0.99009727842677,0.00010252588015887586,0.006769318204393247,0.99009727842677
14454,1,1,1,4.1061258925438245e-05,0.9941626746651349,0.00014391105143935452,0.004597274962234805,0.0010550780622655934,0.9941626746651349
15433,1,1,1,3.051274785577104e-05,0.9918933522537955,0.00015842688987328522,0.006961791418219091,0.0009559166902562703,0.9918933522537955
14833,1,1,1,2.605898885908534e-05,0.9939224916754619,0.0001344728359678169,0.0046126261220259,0.0013043503776852307,0.9939224916754619
18247,4,4,1,0.3328869066779781,0.00031573160076819954,0.030205138580540372,0.001763946468612655,0.6348282766721006,0.6348282766721006
12608,2,2,1,0.0016978265082304462,4.638185495373109e-05,0.980402270992365,0.00011911551440235254,0.017734405130048474,0.980402270992365
15195,1,1,1,0.00013174890628269516,0.8880013795647409,0.0005406129077284168,0.10151199025362474,0.009814268367623384,0.8880013795647409
10983,0,0,1,0.9934988809728905,7.022702859246014e-05,0.0036930861019997033,0.00026822439578820507,0.0024695815007291025,0.9934988809728905
10416,0,0,1,0.993272853178264,0.00035467402581256365,0.0007150914676068087,0.0009118113624936084,0.004745569965822856,0.993272853178264
18297,4,4,1,0.19419626764707165,0.0003561246435113763,0.04938152464310126,0.002008596584560122,0.7540574864817555,0.7540574864817555
14100,1,1,1,7.061038240254476e-05,0.984538073070298,0.0004362119387987541,0.009879154767373503,0.00507594984112737,0.984538073070298
12179,2,2,1,0.004802500603529996,0.00013109035271568345,0.9776168257369595,0.0006951062299095438,0.01675447707688533,0.9776168257369595
10027,0,0,1,0.9802472188089884,3.8154840291622024e-05,0.01774858761133823,0.00014685023439644135,0.0018191885049853058,0.9802472188089884
11218,0,0,1,0.9766495985798721,0.0001496976558830046,0.006654488895195394,0.00028038024990385585,0.016265834619145714,0.9766495985798721
14567,1,1,1,2.7852216375785504e-05,0.9930173515344282,0.00013898171339086723,0.005127453612123712,0.0016883609236815586,0.9930173515344282
17050,3,3,1,0.0005408065742746595,0.041864116323317706,0.0020476085147084666,0.9313723663720368,0.024175102215662166,0.9313723663720368
13548,2,2,1,0.0029485706618573976,0.00010808629932907938,0.9564025583704963,0.0006328740538566656,0.03990791061446033,0.9564025583704963
11718,0,0,1,0.9930638717423093,0.00022371010374505162,0.004376688923248954,0.00036302343717638024,0.0019727057935201675,0.9930638717423093
12746,2,2,1,0.0028882642701182648,4.008735945105529e-05,0.9798547914654796,0.00033109504370062585,0.016885761861250417,0.9798547914654796
16587,3,3,1,0.00032389237761530426,0.1351241993675017,0.0012149854838326352,0.8518961734912497,0.011440749279800743,0.8518961734912497
10224,0,0,1,0.9298505704411927,0.00010862330500398159,0.0472901128677826,0.0005286354389132814,0.02222205794710737,0.9298505704411927
13552,2,4,0,0.010689443806344652,0.0007192584479199205,0.43478782858780374,0.0013364953881498491,0.5524669737697818,0.5524669737697818
14278,1,1,1,3.7826388823622476e-05,0.9929680381510502,0.0001983443770828338,0.004271007230965354,0.002524783852077835,0.9929680381510502
15922,1,1,1,0.0002935263554451233,0.9852952539212319,0.0006855566667158371,0.0006468310412922755,0.013078832015314774,0.9852952539212319
10505,0,0,1,0.9988910214652071,9.209163518526637e-05,0.00022814616778643346,0.00011039476454314117,0.0006783459672778089,0.9988910214652071
11018,0,0,1,0.9839526408135174,4.442976727410783e-05,0.013316228571312703,0.00030500580144268464,0.0023816950464532276,0.9839526408135174
17445,3,3,1,0.0007466760389609979,0.0015361362872427706,0.0036102768569431245,0.8338557266476581,0.16025118416919504,0.8338557266476581
12720,2,2,1,0.00361383122862842,8.064177209774274e-05,0.9571130735421912,0.00023809858685873054,0.038954354870223855,0.9571130735421912
10324,0,0,1,0.9560879531880397,7.20047730817726e-05,0.03631298453358154,0.00024671649669914564,0.007280341008598008,0.9560879531880397
16928,3,3,1,6.908792138630109e-05,0.002188657589229784,0.00018518526265789162,0.9942874436654832,0.0032696255612427636,0.9942874436654832
19113,4,4,1,0.0006146222832810885,0.02114498417929224,0.0009283992103104434,0.0014639791932966417,0.9758480151338196,0.9758480151338196
12518,2,2,1,0.005909290660740602,0.0001558171985715085,0.9601945210582667,0.002685238500076494,0.03105513258234473,0.9601945210582667
17271,3,3,1,0.0005423732503390181,0.011477804594128178,0.0010089848136795956,0.9683781169106273,0.018592720431225996,0.9683781169106273
14841,1,1,1,3.3323304398621936e-05,0.9925653528830675,0.00017804077933035106,0.00583827609376966,0.001385006939433679,0.9925653528830675
17205,3,3,1,0.001549729348476773,0.1710479145028136,0.005322824323490049,0.7861732716689587,0.03590626015626092,0.7861732716689587
14595,1,1,1,2.9962760718230113e-05,0.9931165636119232,0.00014031275833238869,0.00533698971390393,0.0013761711551221547,0.9931165636119232
18330,4,4,1,0.0020814946457027353,0.00023609195064768689,0.01007446429175189,0.0034269149627347475,0.9841810341491629,0.9841810341491629
15255,1,1,1,0.00015005484054209545,0.9633379241476739,0.001622798867452139,0.028116473076941196,0.0067727490673906866,0.9633379241476739
12142,2,2,1,0.017397933518742748,0.00022705041363786367,0.900682007122398,0.0009369946877238382,0.08075601425749769,0.900682007122398
13623,2,2,1,0.00036191964013760887,6.034836839203424e-05,0.9826710702166561,0.00025354337117732836,0.01665311840363683,0.9826710702166561
14664,1,1,1,3.4722307618953385e-05,0.9937894001207002,0.0001449302572081784,0.0032492124963382487,0.0027817348181344956,0.9937894001207002
18593,4,4,1,0.0009421815087730488,0.0025531086574503356,0.00105012682827009,0.0007803191998701441,0.9946742638056364,0.9946742638056364
15907,1,1,1,0.00020385885713054965,0.8243375721104622,0.001066165757121956,0.01182296575488817,0.1625694375203971,0.8243375721104622
10691,0,0,1,0.9992214522019351,5.5027760396552426e-05,0.00023769646066459409,6.460826529249562e-05,0.00042121531171104094,0.9992214522019351
10606,0,0,1,0.9981194556407268,9.785643720686868e-05,0.00030118468516127946,0.00019959576634111904,0.0012819074705639306,0.9981194556407268
11569,0,0,1,0.9961372061370335,9.137316321530921e-05,0.002673965435128907,0.0001614555849285498,0.000935999679693994,0.9961372061370335
19054,4,4,1,0.0001948971216673178,0.08615719458868185,0.0007036361743993252,0.009008924696554215,0.9039353474186974,0.9039353474186974
18207,4,0,0,0.7721567802949065,0.00046711356160867944,0.06139726376087157,0.002221298468496877,0.1637575439141163,0.7721567802949065
18671,4,4,1,0.0005934791324354369,0.09097887360921737,0.0025535304033603374,0.22732897610775415,0.6785451407472326,0.6785451407472326
14239,1,1,1,5.416824139741973e-05,0.9804688320977609,0.00025712416441624485,0.00195735794259601,0.017262517553829574,0.9804688320977609
16616,3,3,1,0.00045270390177928963,0.0016410831516778031,0.0006592738878499196,0.9714148545187009,0.02583208453999203,0.9714148545187009
18114,4,4,1,0.0076382292768062045,0.0013163485916640513,0.032178793872682514,0.05380602080795369,0.9050606074508935,0.9050606074508935
10125,0,0,1,0.9051070046038703,0.00012286989406631925,0.07734034685181068,0.0004721625561475796,0.016957616094105024,0.9051070046038703
16866,3,3,1,0.0010007817095810218,0.09767462615771959,0.007288140647662249,0.867107466733206,0.02692898475183096,0.867107466733206
14046,1,1,1,0.00041746031852509354,0.8916065908537189,0.0014375680181943165,0.09101809644574471,0.015520284363817144,0.8916065908537189
10192,0,0,1,0.9810932917814915,3.640549155341743e-05,0.013955682791833623,8.608810153054736e-05,0.004828531833590722,0.9810932917814915
14126,1,1,1,3.845111973354981e-05,0.9930770964216393,0.00021500287936215023,0.005753937473610418,0.0009155121056545889,0.9930770964216393
15739,1,1,1,8.046981267922221e-05,0.9769750555495902,0.0004971202378976168,0.010760928400028121,0.011686425999804724,0.9769750555495902
18194,4,4,1,0.0016733985141795724,0.000319417280964442,0.013466930631073975,0.004011565113238519,0.9805286884605435,0.9805286884605435
17160,3,3,1,0.0004088470580637983,0.039374934928791364,0.001155979518237843,0.9483385335688289,0.010721704926078176,0.9483385335688289
10092,0,0,1,0.9725446932965276,4.080759040169646e-05,0.024674932117471324,0.0001329173046777103,0.0026066496909217685,0.9725446932965276
13217,2,2,1,0.0005942123567208592,8.494625618498682e-05,0.9757219915649381,0.0001978280389941868,0.023401021783161623,0.9757219915649381
12503,2,2,1,0.003503643130370268,0.00018235637985770155,0.8525827295442314,0.0004697141664355532,0.14326155677910501,0.8525827295442314
17397,3,4,0,0.0026080037981483107,0.0026154173819946374,0.02447989623161424,0.26162649326085785,0.7086701893273851,0.7086701893273851
17455,3,3,1,0.0005628300161117137,0.0008430050242588826,0.0030320846974984973,0.9482406071300216,0.04732147313210935,0.9482406071300216
11898,0,0,1,0.9829771231783595,0.00010377126281075556,0.013632659556686778,0.0003396706964239414,0.0029467753057191366,0.9829771231783595
14859,1,1,1,2.8427633429090593e-05,0.9940723106393684,0.00015494060135371246,0.004846801733597005,0.0008975193922519633,0.9940723106393684
18271,4,4,1,0.001892967452397842,0.0023823473462825672,0.007091684515430885,0.14410667196908647,0.8445263287168022,0.8445263287168022
17870,3,3,1,0.0012784604296274748,0.007833859662885663,0.011137459848556153,0.5969698089048353,0.3827804111540954,0.5969698089048353
10413,0,0,1,0.9991655969202793,5.707039219795413e-05,0.00036515021304470944,4.7891551408617476e-05,0.00036429092306963665,0.9991655969202793
14348,1,1,1,4.928103417169231e-05,0.9927850153035784,0.00023950057178240367,0.003626657684478524,0.003299545405988988,0.9927850153035784
15324,1,1,1,0.00010950816236902066,0.9553856005565733,0.00045504707784524054,0.04074156569760988,0.003308278505602427,0.9553856005565733
18819,4,4,1,0.0006721410912622013,0.044325831561263906,0.0012382556154765443,0.0013354011906403487,0.952428370541357,0.952428370541357
15337,1,1,1,8.174477510500893e-05,0.9797972154303581,0.0005175821857679162,0.017668704693481016,0.0019347529152879506,0.9797972154303581
11960,2,2,1,0.00992590415339721,9.816563092381096e-05,0.9703431883119948,0.0005319690349880005,0.019100772868696252,0.9703431883119948
13233,2,0,0,0.6001934022437884,0.00015058332974042787,0.38955287694212265,0.0005633711167270019,0.00953976636762151,0.6001934022437884
12174,2,2,1,0.005597993062466592,6.20987644701905e-05,0.9845205587335164,0.0006033539108843041,0.009215995528662604,0.9845205587335164
10456,0,0,1,0.999198895492521,5.707735872420729e-05,0.00035927810216736635,4.5234975641749045e-05,0.00033951407094564456,0.999198895492521
17801,3,3,1,0.0003400218424129365,0.0007703332919110319,0.0013383485960304596,0.9757443690791601,0.021806927190485503,0.9757443690791601
14662,1,1,1,2.644225822947437e-05,0.993914500240418,0.00012109750199495169,0.004852405227910345,0.0010855547714470873,0.993914500240418
13337,2,2,1,0.001352134523139087,4.660659147432811e-05,0.9857427905307885,0.00011099929255845886,0.01274746906203956,0.9857427905307885
18715,4,4,1,0.0003220438115089903,0.051732471768658,0.0019135197288533642,0.0471767287130001,0.8988552359779797,0.8988552359779797
10964,0,0,1,0.9773853525273858,0.00012613700312499298,0.008257429555726819,0.001669633610248788,0.012561447303513695,0.9773853525273858
15283,1,1,1,9.383873935649354e-05,0.9582220996741769,0.0005749977110220185,0.03834840115994317,0.0027606627155012573,0.9582220996741769
11408,0,0,1,0.9939912403761277,6.468037056134875e-05,0.002559359228476781,0.00012399972251633657,0.0032607203023176704,0.9939912403761277
12959,2,0,0,0.8569501188447316,0.00012629022507529213,0.13152339685783712,0.00070977108509494,0.010690422987260991,0.8569501188447316
17601,3,3,1,0.0013154315438510538,0.0040737878194935006,0.0070880231401633425,0.8335586722425191,0.1539640852539729,0.8335586722425191
11120,0,0,1,0.9946449650080099,3.9429374494536643e-05,0.0029157671656662907,0.00035500606652806295,0.00204483238530125,0.9946449650080099
13410,2,2,1,0.0002535425369723016,4.2570162348965835e-05,0.9919477947790317,0.00010776403459767352,0.007648328487049386,0.9919477947790317
11660,0,0,1,0.9946593219360139,9.031156541782222e-05,0.0035147025174117356,0.0001633007866746244,0.0015723631944817137,0.9946593219360139
13285,2,2,1,0.007938490215055301,0.00031944494321826884,0.8430213878018105,0.0007750289587062643,0.14794564808120986,0.8430213878018105
10111,0,0,1,0.9661732714770122,5.489429001942255e-05,0.031053489757039806,0.00022039618197064074,0.0024979482939580305,0.9661732714770122
15068,1,1,1,0.0006531084397808079,0.7662807118289341,0.0017873468736593094,0.21862404540914585,0.012654787448479893,0.7662807118289341
17640,3,3,1,0.0003776556965306793,0.0015448888282670586,0.0008447381660564981,0.9643062194383497,0.0329264978707961,0.9643062194383497
17285,3,3,1,0.001121029235233355,0.003394710193127563,0.001963291555744074,0.9109384387510729,0.08258253026482204,0.9109384387510729
18289,4,4,1,0.0015671410505693128,0.0011980658047332363,0.003259877709972015,0.010290783931718195,0.9836841315030073,0.9836841315030073
13008,2,2,1,0.002270000135326447,0.00027906058506485656,0.8011976979569254,0.0014825235845847722,0.19477071773809854,0.8011976979569254
11820,0,0,1,0.9946322195763727,0.00011973471440678097,0.004068940651149845,0.00020433198477870366,0.0009747730732917544,0.9946322195763727
15589,1,1,1,7.382968318784564e-05,0.9982816107423348,0.00011690622162843683,9.743761842468993e-05,0.0014302157344245425,0.9982816107423348
19341,4,4,1,0.0005533574500656908,0.0001375575900064466,0.0379681462087614,0.00028081490999450195,0.961060123841172,0.961060123841172
10696,0,0,1,0.9994044407127177,3.818032922976383e-05,0.00017799789937263615,4.6736326399820584e-05,0.0003326447322800271,0.9994044407127177
17573,3,3,1,0.0007007040316008236,0.0029540822190702283,0.0021907373423926562,0.8702941484685381,0.12386032793839817,0.8702941484685381
11767,0,0,1,0.9953801227645592,7.038711550642948e-05,0.0035019199866064684,0.00011508239325976481,0.0009324877400682494,0.9953801227645592
13100,2,2,1,0.15330996301951552,0.00031865952871495626,0.8150086729274727,0.0032101287272985257,0.02815257579699817,0.8150086729274727
17163,3,3,1,0.00013098817334494106,0.016543020822717986,0.0002807273660304386,0.9778716087830054,0.005173654854901288,0.9778716087830054
10807,0,0,1,0.9580356032765879,6.894049459139976e-05,0.038422791701337645,0.000737770146027736,0.0027348943814554175,0.9580356032765879
15344,1,1,1,0.0006104619544327136,0.952492188912777,0.0026275961725263186,0.008852977146936072,0.03541677581332783,0.952492188912777
11966,2,2,1,0.006773570592764984,4.083216003866195e-05,0.9862280584546784,0.00016503522229477615,0.006792503570223111,0.9862280584546784
13698,2,2,1,0.0011173939013768694,5.0807321341375645e-05,0.9832306084170662,8.975290567385669e-05,0.015511437454541642,0.9832306084170662
15355,1,1,1,0.00016720457602139162,0.9265369825255628,0.0005978592856553258,0.06316665026944804,0.009531303343312146,0.9265369825255628
11862,0,0,1,0.9919187618049103,0.00011769453374980367,0.005933746543254944,0.00016689828014872338,0.0018628988379364715,0.9919187618049103
14739,1,1,1,3.310537059857358e-05,0.9942400543748453,0.00012220342046016092,0.004517204896470865,0.0010874319376249252,0.9942400543748453
17703,3,3,1,0.0004662289573118786,0.010870781109006068,0.005055877561435379,0.9491054527482555,0.034501659623991085,0.9491054527482555
17697,3,3,1,0.00029713854114582744,0.010367839632034418,0.0008897734655989841,0.969670081735798,0.018775166625422657,0.969670081735798
11998,2,2,1,0.10984584636347139,0.00023883693445505162,0.850726532791087,0.0037359195836774006,0.035452864327309146,0.850726532791087
15608,1,1,1,2.9716373197699606e-05,0.991879427718545,0.000162670625601849,0.005671000476516891,0.0022571848061385493,0.991879427718545
13018,2,2,1,0.00012669854423523016,5.888714783215099e-05,0.9604145985467598,0.0002004947904358097,0.03919932097073694,0.9604145985467598
16691,3,3,1,0.00014237509393208775,0.008629202097198078,0.00028665306470605214,0.9872384353822004,0.0037033343619633213,0.9872384353822004
12193,2,2,1,0.0003312990692468316,3.594939374238913e-05,0.9794742604580995,0.00020891165003793767,0.019949579428873408,0.9794742604580995
14943,1,1,1,7.43314912304875e-05,0.9730493482373594,0.0003041410702793235,0.0222897663489305,0.004282412852200223,0.9730493482373594
11779,0,0,1,0.9954364627171524,9.527010228729726e-05,0.003357302798764082,0.00014258073086823522,0.0009683836509280023,0.9954364627171524
14430,1,1,1,3.56896812229221e-05,0.9907527207768297,0.00017402236866970189,0.007701791946471031,0.001335775226806841,0.9907527207768297
10007,0,0,1,0.976453161494669,4.226572428788585e-05,0.021666722241447493,0.00015518525341092068,0.001682665286184708,0.976453161494669
18701,4,4,1,0.00036183145170887605,0.0034298154614160873,0.0006354908760077433,0.003509187674539121,0.9920636745363282,0.9920636745363282
18657,4,4,1,0.00017585177290011008,0.012292323770720289,0.00046104137231380195,0.00504789657950599,0.9820228865045598,0.9820228865045598
11503,0,0,1,0.9965201071122226,5.769910913128801e-05,0.0024280080180395154,0.00012077315559230898,0.0008734126050142291,0.9965201071122226
13738,2,2,1,0.002246914009498471,8.539620588268295e-05,0.9782147363770707,0.0002825410360035017,0.019170412371544748,0.9782147363770707
17765,3,3,1,0.0006454871892452341,0.0008598036275836935,0.0028899991549710164,0.9475603093220254,0.0480444007061748,0.9475603093220254
18774,4,4,1,0.00030320160551539635,0.1202211187164278,0.0004274505862223473,0.0002956674916148531,0.8787525616002196,0.8787525616002196
13294,2,2,1,0.004069446642780109,0.0001916300863896207,0.9095147949169147,0.004007255959839908,0.0822168723940758,0.9095147949169147
12576,2,2,1,0.00204162906478803,4.8572697984561955e-05,0.9799639364440009,0.00014436851347750043,0.017801493279748812,0.9799639364440009
10733,0,0,1,0.9898984226342358,0.0006438272007624732,0.0010139515678378405,0.002037978075657125,0.00640582052150689,0.9898984226342358
12563,2,2,1,0.000948297241166437,3.251270924518499e-05,0.9914591879460096,0.0003250452159404689,0.00723495688763836,0.9914591879460096
14520,1,1,1,0.00011489249185041745,0.9659883156272973,0.0005559621547503209,0.024466026158891718,0.008874803567210517,0.9659883156272973
16265,3,3,1,0.0013220282200122099,0.3627365341209056,0.002506672516652712,0.6091897290589343,0.024245036083495024,0.6091897290589343
10914,0,0,1,0.9941611032542916,3.4436811073296524e-05,0.0038849943471044317,0.00023745222677707244,0.0016820133607537069,0.9941611032542916
10990,0,0,1,0.9949718419649254,3.8287184104221805e-05,0.0029774458918241328,0.0002162512225307561,0.0017961737366156553,0.9949718419649254
15452,1,1,1,7.012693531267514e-05,0.9709583877984221,0.0004500294532959604,0.025093528076498103,0.0034279277364712246,0.9709583877984221
12083,2,2,1,0.005564125916024842,6.656317442202712e-05,0.9821104794184511,0.0001335575846211886,0.012125273906480891,0.9821104794184511
12027,2,2,1,0.0020147084738415537,2.2957176593289366e-05,0.990042657217729,0.00011367331164956463,0.007806003820186634,0.990042657217729
12346,2,2,1,0.0018799336346977601,0.00011069588881138312,0.947407612941566,0.0005506457463796652,0.05005111178854529,0.947407612941566
13796,2,2,1,0.03494441414654903,0.0016517055511329768,0.8437773902959634,0.019758966263448443,0.09986752374290617,0.8437773902959634
12414,2,2,1,0.002289730601731988,6.461924548821752e-05,0.970100908005135,0.0001643464621829451,0.02738039568546184,0.970100908005135
13510,2,2,1,0.005399689996314487,0.00012558933313354544,0.9645593466535691,0.00031028529230948823,0.029605088724673368,0.9645593466535691
13020,2,2,1,0.022604836441254928,0.0001091226533212895,0.9598581607107252,0.0005170246499879714,0.016910855544710526,0.9598581607107252
11180,0,0,1,0.9744629917588551,0.00011800485216449621,0.02167343053614802,0.0003503462074592057,0.0033952266453731953,0.9744629917588551
13137,2,2,1,0.0011783080949454101,5.126608612822585e-05,0.983986220941394,9.965731300276296e-05,0.014684547564529499,0.983986220941394
13899,2,2,1,0.0004455147774367894,2.3731016605883596e-05,0.9972069615109612,6.29668437906135e-05,0.002260825851205506,0.9972069615109612
18418,4,4,1,0.00761736882641126,0.0007112226260451808,0.01940937834249791,0.0998944877232213,0.8723675424818242,0.8723675424818242
12030,2,2,1,0.002586778793025778,3.0404096555232362e-05,0.9930358092603006,0.00011289633882325898,0.004234111511295095,0.9930358092603006
19368,4,4,1,0.0022679328042395238,0.00010879357342964512,0.16902017523960627,0.0004284728003329018,0.8281746255823916,0.8281746255823916
17014,3,3,1,0.00018305611320064375,0.0055825438450971335,0.0005828346926087471,0.9809983460338472,0.012653219315246171,0.9809983460338472
10096,0,0,1,0.9725870810727292,4.605453022308002e-05,0.025123859239013144,0.00017639034122878054,0.002066614816805853,0.9725870810727292
10682,0,0,1,0.9993467887930255,4.415434942836827e-05,0.00021562034812635438,5.088920519248196e-05,0.0003425473042273512,0.9993467887930255
13622,2,2,1,0.0029067351303480714,0.00010102761029967517,0.9608886822348341,0.00033634853695490365,0.03576720648756325,0.9608886822348341
10358,0,0,1,0.982006699462765,4.223452618034369e-05,0.014655193608401321,0.0001346138445188577,0.0031612585581345023,0.982006699462765
17944,4,4,1,0.001501465509032513,0.0008605816169645305,0.003126695445331229,0.008250831189450483,0.9862604262392212,0.9862604262392212
15200,1,1,1,6.236783037874785e-05,0.9882779553166456,0.0003060898453467132,0.009353274488612565,0.002000312519016151,0.9882779553166456
18400,4,4,1,0.008404674152944942,0.0002599362216873431,0.019636172148854998,0.004381051829138768,0.967318165647374,0.967318165647374
10692,0,0,1,0.9799291225885268,0.0014155281025769694,0.0021584168471210784,0.002931156164896581,0.013565776296878536,0.9799291225885268
15732,1,1,1,3.6931192215286645e-05,0.9857210107879415,0.00019312715870756854,0.011565753391210522,0.002483177469925107,0.9857210107879415
16883,3,3,1,0.00028062921200029683,0.017358159630890335,0.0008602343180612343,0.9615788237568553,0.019922153082192817,0.9615788237568553
13760,2,2,1,0.0008719553152161774,7.581803639228746e-05,0.9900861214640526,0.0001743711815587392,0.008791734002780308,0.9900861214640526
15313,1,1,1,7.896691475422713e-05,0.9815927003706333,0.0005208634453538795,0.015093522101678424,0.0027139471675801117,0.9815927003706333
16069,3,3,1,0.00011710756952204625,0.009933436045437859,0.0003276075079911854,0.9854128827517419,0.004208966125306912,0.9854128827517419
11202,0,0,1,0.9749497156179455,0.00022144172930504597,0.002618158340865421,0.00031779985708384515,0.021892884454800147,0.9749497156179455
17464,3,3,1,0.0005979829330791261,0.01885898951171171,0.003568282625221906,0.8962067863060068,0.0807679586239804,0.8962067863060068
16894,3,3,1,0.00038407260364021155,0.06244411903109743,0.00411593826545164,0.9145574836995662,0.01849838640024455,0.9145574836995662
12474,2,2,1,0.02726727131455568,9.88072559671303e-05,0.9608516280902892,0.0002145656723618599,0.01156772766682604,0.9608516280902892
14431,1,1,1,7.637653740750462e-05,0.9719803181122902,0.0004019871215412393,0.013661099539312558,0.01388021868944865,0.9719803181122902
16400,3,3,1,0.003525580531322195,0.013815435345641013,0.006706013992787257,0.9366029428705653,0.039350027259684235,0.9366029428705653
10417,0,0,1,0.9990319341705354,8.095054473117746e-05,0.00028703773949091373,6.532221699650399e-05,0.0005347553282459287,0.9990319341705354
13908,2,2,1,0.0017070911415580541,0.0001394778519781115,0.9385532703001253,0.00040672501392167515,0.05919343569241686,0.9385532703001253
14413,1,1,1,2.510240248629793e-05,0.9953141213649283,0.00011608028149622721,0.0034049706004217937,0.0011397253506674498,0.9953141213649283
14688,1,1,1,2.336936429340567e-05,0.9951181065770294,0.00010748460675925176,0.0035322860836584737,0.0012187533682595497,0.9951181065770294
10105,0,0,1,0.9687199559471189,4.578413420225624e-05,0.028641853755294034,0.00017955604146740897,0.0024128501219174677,0.9687199559471189
18727,4,4,1,0.0001480753589848027,0.012055045187503728,0.0008453966735568756,0.0016977662299963033,0.9852537165499583,0.9852537165499583
19231,4,4,1,0.0006802221415569266,0.0013743603216249025,0.0008253454942441268,0.0019482020528355762,0.9951718699897384,0.9951718699897384
18700,4,4,1,0.0001469191645707568,0.014022428740441972,0.00023654637233213447,0.0002675927808543215,0.985326512941801,0.985326512941801
12991,2,2,1,0.0010689720379316037,0.00022586855372477713,0.9388438890785002,0.0017229882436295303,0.05813828208621371,0.9388438890785002
17474,3,3,1,0.0005394773444454068,0.014354037724950882,0.005583541229308848,0.9224444175779712,0.05707852612332347,0.9224444175779712
12058,2,2,1,0.04678391564139876,0.00012574100311001766,0.9370760456306407,0.0010452211330749266,0.014969076591775656,0.9370760456306407
15163,1,1,1,0.00012322997310118506,0.9420643285128422,0.00044967486027542344,0.05401665956158414,0.003346107092197038,0.9420643285128422
17689,3,3,1,0.0009416092025296539,0.00621792825149128,0.004190090217426961,0.9332661692393645,0.05538420308918775,0.9332661692393645
19732,4,4,1,0.04435373487005013,0.001549149837178446,0.02690466698810974,0.0009854663212122193,0.9262069819834494,0.9262069819834494
12462,2,2,1,0.051683170432554194,0.00011501002101465812,0.9329961335148258,0.0006372050746577639,0.014568480956947556,0.9329961335148258
13859,2,2,1,0.002922072027103258,0.00011118835559734965,0.9656211756866938,0.00020274699313422613,0.031142816937471285,0.9656211756866938
19915,4,4,1,0.030002248947161303,0.0012770855318923636,0.0684534472866687,0.001286275891926611,0.8989809423423509,0.8989809423423509
10404,0,0,1,0.9910497307309051,0.00041952690315749035,0.0012725992166458435,0.0010813722776989864,0.006176770871592551,0.9910497307309051
17064,3,3,1,0.0003764958178484918,0.12175315119148693,0.0020781485314285107,0.8443143621283608,0.03147784233087539,0.8443143621283608
14171,1,1,1,4.958580614883657e-05,0.9866960803212036,0.0002825979838723675,0.010987085981206304,0.0019846499075690184,0.9866960803212036
18676,4,4,1,0.00028486215748852644,0.003133185697647813,0.0005520114271188674,0.004351241495717499,0.9916786992220273,0.9916786992220273
19582,4,4,1,0.023591135884639236,0.00116717988357677,0.10205976264691412,0.0019077986525464997,0.8712741229323233,0.8712741229323233
11761,0,0,1,0.9866085225538904,8.395167211893192e-05,0.010253230393055394,0.00033727843193114335,0.002717016949003814,0.9866085225538904
12348,2,2,1,0.006064241128171118,0.00011791869632653622,0.9774409111210031,0.00024789215314669323,0.01612903690135248,0.9774409111210031
14970,1,1,1,0.0001444185788333528,0.974150930462684,0.0006745612410412699,0.02235171817128888,0.0026783715461525925,0.974150930462684
13375,2,2,1,0.002575282649345112,0.00010161623451351779,0.9579298793464924,0.00016844563611756564,0.039224776133531446,0.9579298793464924
16225,3,3,1,0.00020938668195282016,0.013897794798914944,0.000361345598646622,0.9800998335650056,0.005431639355479894,0.9800998335650056
19082,4,4,1,0.0004302157540448565,0.05401368642046756,0.0014469677811348503,0.012483796513042902,0.9316253335313097,0.9316253335313097
13885,2,2,1,0.0006202358241550339,3.603789142770623e-05,0.994749572764701,9.221188590442274e-05,0.004501941633811817,0.994749572764701
12632,2,2,1,0.0026126303266074398,4.519244097495512e-05,0.9887907881255972,0.00011064458333143916,0.008440744523489172,0.9887907881255972
16415,3,3,1,0.0003315742090385356,0.17020163698917978,0.0018133227756056093,0.8111110727157339,0.01654239331044215,0.8111110727157339
12490,2,2,1,0.008538420025876379,6.053165131864797e-05,0.981419072427489,0.00022217361604071555,0.009759802279275321,0.981419072427489
15642,1,1,1,0.00011633474667145762,0.9970851678150349,0.00018385064903076665,0.00015481366896674586,0.0024598331202963617,0.9970851678150349
14851,1,1,1,3.7355478546138775e-05,0.9945033468960666,0.00019043672841282183,0.004173589641828803,0.001095271255145721,0.9945033468960666
18019,4,3,0,0.002006757618255317,0.016117364407936857,0.006265525344677679,0.7161600960399224,0.2594502565892077,0.7161600960399224
18879,4,4,1,0.0009305505198176923,0.0008165769862167628,0.0016380280005079215,0.002966498536507868,0.9936483459569497,0.9936483459569497
10747,0,0,1,0.9981511923233447,0.00011692780268913585,0.0003092713716000361,0.0002495509822078532,0.001173057520158404,0.9981511923233447
19194,4,4,1,5.5782412280819275e-05,0.00547599750812868,0.00010452246726280425,0.0001573817681133806,0.9942063158442143,0.9942063158442143
10308,0,0,1,0.9832021907688749,4.040000523170181e-05,0.013582583993071728,0.00013855947166449987,0.003036265761156821,0.9832021907688749
11561,0,0,1,0.9856073448064829,0.0006669930760372921,0.008409314031457222,0.0010204278299030015,0.004295920256119677,0.9856073448064829
15340,1,1,1,0.0001310721729819835,0.9279027427498044,0.0008338721258633896,0.05895162611911611,0.01218068683223415,0.9279027427498044
17688,3,3,1,0.0014933794510406286,0.009530512279935998,0.0027350263912079005,0.8299329139238122,0.15630816795400332,0.8299329139238122
12355,2,2,1,0.0224624567894871,7.30160806475875e-05,0.9705782269238239,0.0002894982559841163,0.006596801950057352,0.9705782269238239
13183,2,2,1,0.004212457301974791,7.20526095926691e-05,0.9706388864362241,0.0006465773092097027,0.024430026342998793,0.9706388864362241
14657,1,1,1,3.129894709118224e-05,0.993153129436913,0.00017088846521068427,0.005415359856369888,0.0012293232944153099,0.993153129436913
18185,4,4,1,0.003983271889281252,0.0041666053199644745,0.005801167139713653,0.10246349300286747,0.8835854626481732,0.8835854626481732
12456,2,2,1,0.0020768010630888714,2.2564297033753655e-05,0.9936054069779251,0.00010022217901315656,0.0041950054829392605,0.9936054069779251
18735,4,4,1,0.0004910248065529315,0.005171658208241585,0.0006439306690111982,0.009077916730592293,0.984615469585602,0.984615469585602
10586,0,0,1,0.9970971782501825,0.00022085881194979287,0.0004890446366801922,0.0003438858179322529,0.0018490324832554626,0.9970971782501825
12622,2,2,1,0.001763401159983451,3.819045243690799e-05,0.985708550670185,0.00011145377585628939,0.012378403941538487,0.985708550670185
10529,0,0,1,0.9992271474655151,6.76918138831708e-05,0.00024346619231692128,6.6784331412019e-05,0.0003949101968730419,0.9992271474655151
13210,2,2,1,0.0050980416991098015,0.00018968509926032336,0.9614396655312325,0.0016219286847616386,0.03165067898563565,0.9614396655312325
15429,1,1,1,3.789518924482565e-05,0.9908373340447189,0.00017744703625480703,0.007121692632790363,0.00182563109699098,0.9908373340447189
18240,4,4,1,0.0037005845516533222,0.0013205020326005328,0.012543622566312128,0.20510968844012825,0.7773256024093057,0.7773256024093057
15526,1,1,1,0.0005337372901118641,0.943546910679407,0.0006780810854451794,0.00077370220562837,0.05446756873940776,0.943546910679407
14816,1,1,1,4.807423616995978e-05,0.992754297529945,0.00025353548024117494,0.0057389887343679245,0.0012051040192759324,0.992754297529945
10640,0,0,1,0.9099410526053183,0.0013296861469611733,0.004369032423244898,0.007676915452042087,0.07668331337243361,0.9099410526053183
15764,1,1,1,5.0077489197179024e-05,0.9889203137164714,0.00018452728067298207,0.0028558975736276463,0.007989183940030857,0.9889203137164714
18189,4,4,1,0.007019939005987092,0.001061482731612241,0.035795463567619944,0.051101454076480875,0.9050216606182999,0.9050216606182999
12899,2,2,1,0.0015505022828811344,5.630001176857885e-05,0.9818086638420932,0.0008771957325972954,0.015707338130659585,0.9818086638420932
15140,1,1,1,1.9410833122394286e-05,0.9954571535552394,7.946424047812557e-05,0.0036770938781423334,0.0007668774930174494,0.9954571535552394
19367,4,4,1,0.0035337137928358685,0.0002109233753766835,0.10375158519566545,0.00028584099106440723,0.8922179366450576,0.8922179366450576
11665,0,0,1,0.97476273497071,9.830885006405321e-05,0.02200759158423334,0.000285461092575998,0.0028459035024165046,0.97476273497071
12176,2,2,1,0.0025288531279153074,8.125119928808168e-05,0.988915102668464,0.00020078893069721754,0.008274004073635469,0.988915102668464
18116,4,4,1,0.001521230381304755,0.00020503656952577023,0.0033763526464864633,0.0028363516796186873,0.9920610287230642,0.9920610287230642
14144,1,1,1,2.9098010836660005e-05,0.9947403197532618,0.00013916959377041613,0.0019630540844527726,0.0031283585576779966,0.9947403197532618
19167,4,4,1,4.706079284964975e-05,0.004978837644084569,0.00010173900589233196,0.0001655260028672998,0.994706836554306,0.994706836554306
17155,3,1,0,0.00028868316430989704,0.6572782789283047,0.0017557623140360113,0.32888897725474675,0.01178829833860256,0.6572782789283047
14420,1,1,1,2.669674700300224e-05,0.9943488846495001,0.0001316911120624427,0.0039753818966627745,0.0015173455947715111,0.9943488846495001
11606,0,0,1,0.9970054742330096,9.17532737789859e-05,0.0019625251173228716,0.00016836610076729932,0.0007718812751212859,0.9970054742330096
13219,2,2,1,0.005629705157120748,0.0007948194336024025,0.8866202298720458,0.023816586660219543,0.08313865887701145,0.8866202298720458
16880,3,3,1,0.00021222489516018633,0.026495834867479563,0.0014586289006922745,0.9589498226949829,0.012883488641685079,0.9589498226949829
11720,0,0,1,0.9959136777336131,8.878755775830261e-05,0.002891115284351295,0.00015897102719209536,0.0009474483970852896,0.9959136777336131
12967,2,2,1,0.051792760147332195,9.791870018417508e-05,0.9334156426391071,0.0006225629441679333,0.014071115569208618,0.9334156426391071
10346,0,0,1,0.975988766510786,4.972020096505397e-05,0.017917743820414556,0.0001261405569027478,0.005917628910931478,0.975988766510786
18444,4,4,1,0.026520183248353636,0.00035712600373215687,0.049644529488265074,0.0035949651533990065,0.91988319610625,0.91988319610625
11764,0,0,1,0.9943850166681025,7.731310349882332e-05,0.004555289823981554,0.00011856396069574047,0.0008638164437215649,0.9943850166681025
19127,4,4,1,0.0007393780351922343,0.03836654166539532,0.0015698135308509983,0.00525668411761375,0.9540675826509477,0.9540675826509477
11577,0,0,1,0.9943568569775876,0.00018806532181975716,0.0035947888151934885,0.00029611934971230736,0.0015641695356868985,0.9943568569775876
18584,4,4,1,0.00142238898775364,0.0013048489690391442,0.007617824609124969,0.26372542650130676,0.7259295109327754,0.7259295109327754
18788,4,4,1,0.00043998837859322485,0.009604810883157965,0.00110560027428024,0.031805102857159435,0.9570444976068091,0.9570444976068091
10955,0,0,1,0.9839467437739862,8.421677472560793e-05,0.007711988272475813,0.0009325774172361903,0.007324473761576142,0.9839467437739862
17374,3,3,1,0.001046439511667067,0.032854878286799845,0.0040885032736329915,0.8914372091408973,0.07057296978700285,0.8914372091408973
14989,1,1,1,0.00015041470945429905,0.9798924762950585,0.0007071038026387281,0.008398481800245888,0.010851523392602471,0.9798924762950585
18224,4,4,1,0.019016812274840054,0.00018806838917907062,0.016993317880514912,0.00210034963082871,0.9617014518246372,0.9617014518246372
10233,0,0,1,0.9838395048300622,3.74527591425221e-05,0.011042717515678572,9.977302868741312e-05,0.004980551866429327,0.9838395048300622
17672,3,3,1,0.0007991051295429241,0.0010249574793505828,0.003805214540016066,0.8324427250415739,0.1619279978095165,0.8324427250415739
15028,1,1,1,4.5842004981275415e-05,0.9881103808211306,0.00019481986286033737,0.009847840374538017,0.0018011169364896898,0.9881103808211306
18938,4,4,1,0.0003776133587718814,0.009762799196893462,0.0020891869079042043,0.001902136348112739,0.9858682641883177,0.9858682641883177
14200,1,1,1,2.3042251991978974e-05,0.9964077160552204,0.00010447995778589705,0.0020985411279701638,0.0013662206070315748,0.9964077160552204
10046,0,0,1,0.9733952745067089,4.590681812831169e-05,0.0241389098928168,0.0001894114876893917,0.0022304972946566837,0.9733952745067089
11717,0,0,1,0.9917788390044664,0.0002751910727045442,0.005215558457463331,0.00041501756393912934,0.002315393901426469,0.9917788390044664
14812,1,1,1,5.446498907339649e-05,0.9898725997237814,0.000224055057799697,0.007947600232979222,0.001901279996366414,0.9898725997237814
13544,2,2,1,0.010049192980674977,5.1447232131671514e-05,0.9754497958286867,0.00024473651553323547,0.014204827442973425,0.9754497958286867
14630,1,1,1,2.7387785929301572e-05,0.9942636579374486,0.0001447644921918317,0.004387048691770972,0.0011771410926595008,0.9942636579374486
10647,0,0,1,0.9965691879124368,0.00021501096789040133,0.0003696788434119426,0.0004915853398274584,0.00235453693643358,0.9965691879124368
18255,4,4,1,0.001506119310142743,0.0013549537759012097,0.010220972798525945,0.050593578090413496,0.9363243760250166,0.9363243760250166
15527,1,1,1,3.9152319881076204e-05,0.9904683953453611,0.0002569501330499921,0.006764614950026592,0.0024708872516814367,0.9904683953453611
11461,0,0,1,0.9956176022392966,7.267678325382568e-05,0.002799320008183432,0.00015537432161203473,0.0013550266476540687,0.9956176022392966
15820,1,1,1,0.000248122229370709,0.8736063944453213,0.0011181170361198199,0.011603694836480114,0.11342367145270796,0.8736063944453213
17902,3,3,1,0.0012402398560155444,0.0012327902895740157,0.003458524402466258,0.9061895124628736,0.08787893298907068,0.9061895124628736
12284,2,2,1,0.0021156584005192687,5.544980739803582e-05,0.9828905108885095,0.00021117467415176976,0.014727206229421391,0.9828905108885095
10962,0,0,1,0.9939825420839798,3.815269318035259e-05,0.0035732885560355917,0.0002750089935442226,0.0021310076732599693,0.9939825420839798
12031,2,2,1,0.0019861049982138786,0.00010616102754161852,0.9764353073033374,0.00045985492314291594,0.02101257174776429,0.9764353073033374
10895,0,0,1,0.9950633782808724,3.843014382768957e-05,0.0022935409075409995,0.0002616887089821638,0.0023429619587765787,0.9950633782808724
14501,1,1,1,7.519652340647488e-05,0.9723598930525295,0.0003357319851424442,0.024343574198199856,0.0028856042407219423,0.9723598930525295
10028,0,0,1,0.9782393407839965,3.9837936556707585e-05,0.01978259840186104,0.0001524660276967771,0.0017857568498890145,0.9782393407839965
15727,1,1,1,6.950812259679098e-05,0.9982154156829468,0.0001277454301671939,8.763555013963918e-05,0.0014996952141495344,0.9982154156829468
19111,4,4,1,7.532649595839999e-05,0.01107189057233036,0.00016396252089784466,0.00018875775165463934,0.9885000626591588,0.9885000626591588
18260,4,4,1,0.02433401632772629,0.0005633307942874498,0.009631510638828944,0.0036808828898492922,0.9617902593493082,0.9617902593493082
17890,3,3,1,0.000968257377799059,0.004920946159078203,0.004862607972877067,0.5687914967955334,0.4204566916947122,0.5687914967955334
12371,2,2,1,0.0031829347541336046,3.38617080097468e-05,0.9916566534008265,0.00010665459421788674,0.005019895542812265,0.9916566534008265
15039,1,1,1,2.4133230578474992e-05,0.994222403418667,0.00010656104180929084,0.004813940635672608,0.0008329616732724221,0.994222403418667
16601,3,3,1,0.0004752390701654266,0.05032849013294257,0.001963937765422506,0.910986522241395,0.0362458107900745,0.910986522241395
14591,1,1,1,3.131262231656026e-05,0.9929481773690977,0.00013496729446158665,0.005657424106032681,0.0012281186080914878,0.9929481773690977
13774,2,2,1,0.00046977406223714676,3.210344278830842e-05,0.990931383002263,9.275501036716787e-05,0.008473984482344378,0.990931383002263
17692,3,3,1,0.0005374652132407232,0.003065493403931528,0.0029797059958325814,0.9247932246089987,0.06862411077799654,0.9247932246089987
15396,1,1,1,5.627366213778512e-05,0.9805533972218378,0.0003018858948365795,0.015720884821563624,0.003367558399624374,0.9805533972218378
14847,1,1,1,3.3539069733530194e-05,0.9928006798520096,0.00018548671702127976,0.0053351840454499595,0.001645110315785548,0.9928006798520096
12591,2,2,1,0.0016310641158936766,2.9775534881833112e-05,0.99307803850316,8.510089556197257e-05,0.005176020950502371,0.99307803850316
14125,1,1,1,3.076905127441846e-05,0.993955135740298,0.00019408804866598368,0.0049366412157641065,0.0008833659439974382,0.993955135740298
19186,4,4,1,0.0005144410053790016,0.3130115070698877,0.001967656717747917,0.058111963307978416,0.626394431899007,0.626394431899007
10655,0,0,1,0.9993968789790797,3.748874556752635e-05,0.00018338655012688159,4.5476168554526025e-05,0.00033676955667125396,0.9993968789790797
13103,2,2,1,0.0018415914482506157,6.001798771330739e-05,0.9719468326485149,0.00033526991623766117,0.025816287999283507,0.9719468326485149
14138,1,1,1,7.732232418716518e-05,0.9691658962922883,0.00033998138914702515,0.02672702868123497,0.003689771313142468,0.9691658962922883
17237,3,3,1,0.0002851820495028746,0.026095525702226667,0.0006670498096403699,0.9578738796139645,0.015078362824665612,0.9578738796139645
18294,4,4,1,0.00633506160844663,0.00019825828970985277,0.022260846509378398,0.0018459731904227827,0.9693598604020424,0.9693598604020424
19023,4,3,0,0.0020678242794399085,0.0046147235317582375,0.011946746212207308,0.6006659747714765,0.380704731205118,0.6006659747714765
11003,0,0,1,0.9548712475131776,6.139117397217565e-05,0.042247080257082195,0.0006339970189790878,0.0021862840367889358,0.9548712475131776
11596,0,0,1,0.9956994053269556,8.492849520013654e-05,0.003056181766524161,0.00015514667021666775,0.0010043377411032878,0.9956994053269556
11657,0,0,1,0.9953348996027119,0.00013176408537280193,0.0029899563422643616,0.0002591867262710585,0.0012841932433800768,0.9953348996027119
12298,2,2,1,0.0038942903497456963,5.705574209496438e-05,0.9830669347376976,0.000134058698229264,0.012847660472232361,0.9830669347376976
13711,2,2,1,0.004190677496801078,0.00014083972692232943,0.9585336752471552,0.0009270522739094036,0.03620775525521205,0.9585336752471552
17924,3,3,1,0.0014447004959020789,0.0009483810970688526,0.0026634884738822714,0.8695051925386791,0.12543823739446777,0.8695051925386791
12035,2,2,1,0.022250302968070724,6.0091104707590035e-05,0.964557877947453,0.000244883940955683,0.012886844038812842,0.964557877947453
13705,2,2,1,0.0010003958710982004,5.5236322921891915e-05,0.9891403897755204,0.00012422926568686046,0.009679748764772733,0.9891403897755204
12198,2,2,1,0.0020151494086116245,8.310823590395283e-05,0.9778867748460571,0.0005089918819264688,0.019505975627500675,0.9778867748460571
19566,4,4,1,0.0005628080075017594,0.0002465170114891174,0.07061823089506626,0.0007674255622160849,0.9278050185237268,0.9278050185237268
17431,3,3,1,0.0006567448797008709,0.008132558924495076,0.0028061227922010767,0.8590752088968061,0.12932936450679686,0.8590752088968061
10443,0,0,1,0.9984186092193094,0.00012001891082434425,0.00030912078822093435,0.00014196647667811892,0.0010102846049671512,0.9984186092193094
12994,2,2,1,0.0079288311499548,0.00016781783600236552,0.9521388310833039,0.0007255410151974283,0.03903897891554161,0.9521388310833039
18089,4,4,1,0.0011364919589926755,0.0006490133881669855,0.010481259475146047,0.01999114695603838,0.967742088221656,0.967742088221656
13578,2,4,0,0.03131376338214271,0.0005704617809381797,0.08678034796783561,0.01080147119159539,0.8705339556774881,0.8705339556774881
13616,2,2,1,0.0007966923842614712,4.967866200401186e-05,0.9865891540796753,9.626181463652586e-05,0.012468213059422655,0.9865891540796753
14415,1,1,1,2.8574657487498485e-05,0.9934212514388577,0.00013243627405548755,0.00492088356141561,0.00149685406818349,0.9934212514388577
10719,0,0,1,0.99914903979141,5.460065335120193e-05,0.0001844746577835758,6.90457801114709e-05,0.0005428391173436986,0.99914903979141
12708,2,2,1,0.0026481641508636355,4.663923990508488e-05,0.981196942497359,0.00012301850729078115,0.015985235604581358,0.981196942497359
10782,0,0,1,0.9761870217314096,4.8372509908835937e-05,0.021019585501322387,0.0003103520555385267,0.002434668201820786,0.9761870217314096
14044,1,1,1,2.5130553312967657e-05,0.9940094729906642,0.0001074288572208896,0.003936362629400189,0.001921604969401607,0.9940094729906642
18304,4,4,1,0.003205628394980849,0.0023623272964043087,0.014271955281838992,0.036690886902021345,0.9434692021247546,0.9434692021247546
18463,4,4,1,0.0026762626314707017,0.08731701489182676,0.010454252126346411,0.44028070574009603,0.4592717646102601,0.4592717646102601
15205,1,1,1,3.508095943541632e-05,0.993091019521251,0.0001722485902260615,0.0055433021429166065,0.0011583487861708704,0.993091019521251
19701,4,4,1,0.00023951260705759196,9.097502213166842e-05,0.0566962362763285,0.00019499454191307893,0.9427782815525692,0.9427782815525692
16608,3,3,1,0.000112843056374095,0.0018679029231425126,0.00024712107323527987,0.9932812609160898,0.004490872031158338,0.9932812609160898
17871,3,3,1,0.0002741779175650434,0.0006295382616203495,0.0006121867221996736,0.9824109476600604,0.016073149438554674,0.9824109476600604
16682,3,3,1,0.0007566685270367315,0.03271306208705253,0.00799732533182761,0.9214918308306698,0.0370411132234133,0.9214918308306698
18403,4,0,0,0.49193543594617467,0.00045321512227821384,0.06174128946130315,0.0023704890655969835,0.4434995704046468,0.49193543594617467
15154,1,1,1,0.00022717960366860665,0.9088583158433242,0.0009814101135012562,0.08211077160828723,0.007822322831218836,0.9088583158433242
17120,3,3,1,0.00020158009483925662,0.01661275857387974,0.0005331812247657738,0.9769992403501095,0.00565323975640591,0.9769992403501095
15272,1,1,1,2.706041744666466e-05,0.9950893103683967,0.0001206407187289239,0.004163243150737905,0.0005997453446899028,0.9950893103683967
19255,4,4,1,0.0003818633081329475,0.0020055773787107196,0.00113109627722869,0.0019322589837640434,0.9945492040521635,0.9945492040521635
15490,1,1,1,6.789275664543502e-05,0.9798173471414693,0.00034641363780943434,0.015023139599914989,0.004745206864160667,0.9798173471414693
18015,4,4,1,0.003380229634020371,0.0002264230058122121,0.0107488203350148,0.007183556929565729,0.9784609700955869,0.9784609700955869
15506,1,1,1,7.160396966623054e-05,0.9860051589994928,0.0002562972226714106,0.002362009642801677,0.011304930165367913,0.9860051589994928
12127,2,2,1,0.0017648121254227852,2.5952303012814728e-05,0.994055526453631,0.0001436132019812257,0.0040100959159522324,0.994055526453631
14604,1,1,1,5.3292976992291136e-05,0.9868755110639985,0.00023392522555463482,0.011275750293069589,0.0015615204403846331,0.9868755110639985
14086,1,1,1,3.8833060866263167e-05,0.9918536648330082,0.00017750099547759175,0.005198923584078617,0.002731077526569136,0.9918536648330082
16101,3,3,1,0.0003191043909669535,0.011820143084954174,0.002178996225404587,0.9388113137111614,0.04687044258751286,0.9388113137111614
13841,2,2,1,0.002234486948383355,7.7495723986844e-05,0.9736363885583814,0.00026089344706641606,0.02379073532218198,0.9736363885583814
17734,3,3,1,0.0008815477293672629,0.0030375725128426725,0.0008200042564584378,0.971745332959406,0.023515542541925605,0.971745332959406
15282,1,1,1,0.00021853201315508373,0.9492308421690694,0.0008789922729792428,0.03780397473203678,0.011867658812759446,0.9492308421690694
18011,4,4,1,0.010111839161539068,0.0002106706337865008,0.02634582000247308,0.0028151806190856747,0.9605164895831158,0.9605164895831158
15721,1,1,1,0.0001073692409350329,0.9641348745677984,0.00033317349952980443,0.003616269908191402,0.03180831278354534,0.9641348745677984
18776,4,4,1,0.0002632393779185151,0.07914803028349232,0.0010014507988814095,0.01523521201870105,0.9043520675210067,0.9043520675210067
12749,2,2,1,0.006730655904231557,0.000634754978102169,0.6077359752798415,0.0015089444526350901,0.3833896693851898,0.6077359752798415
18450,4,4,1,0.008080526147201051,0.00022235094733351552,0.023163419862120213,0.0037762829738800458,0.9647574200694651,0.9647574200694651
17037,3,3,1,0.0008494169537985076,0.04878674078391943,0.005107847945167719,0.8946610978458771,0.0505948964712372,0.8946610978458771
11973,2,2,1,0.04320507583337959,0.00010653343133470685,0.9385466208579205,0.0007385090306132725,0.017403260846752134,0.9385466208579205
10064,0,0,1,0.9726287633801218,4.217120194096671e-05,0.024901748699779923,0.0001542583624414992,0.002273058355716066,0.9726287633801218
18931,4,4,1,0.0001859009385980692,0.026275118081438127,0.0003263936681922133,0.00033736231932653577,0.972875224992445,0.972875224992445
10481,0,0,1,0.9751851916322142,0.000451937505380658,0.0101026053752543,0.0017087188743105774,0.01255154661284025,0.9751851916322142
19247,4,4,1,0.0005461184754760063,0.0019437341558034397,0.00048566110781831913,0.0007627752789132691,0.9962617109819889,0.9962617109819889
13057,2,2,1,0.00024022361463296816,3.339487583972454e-05,0.9967442626112826,7.03560147851886e-05,0.0029117628834596206,0.9967442626112826
13532,2,2,1,0.00035730675418180945,0.00016653643741241614,0.8225085152688484,0.0013297616743372122,0.17563787986522034,0.8225085152688484
14207,1,1,1,2.8274771499435962e-05,0.9934266498373568,0.00015290098153397864,0.004244650228558584,0.0021475241810513107,0.9934266498373568
15146,1,1,1,4.2552590674757256e-05,0.989019869072621,0.00020626390136467665,0.00730033927490724,0.003430975160432334,0.989019869072621
18996,4,4,1,0.0032103792121712764,0.0015961768958948689,0.22772427479519433,0.30601676455595783,0.4614524045407818,0.4614524045407818
11392,0,0,1,0.9920101126931343,7.745667902858965e-05,0.0032208107737193457,0.00016871064826614135,0.004522909205851541,0.9920101126931343
12350,2,2,1,0.004143870458080266,0.000175274334540569,0.9809392005216204,0.0008283871174032733,0.013913267568355418,0.9809392005216204
10802,0,0,1,0.9687503573886611,5.999408788392358e-05,0.02729760295314649,0.0006072576535979605,0.0032847879167105017,0.9687503573886611
17618,3,3,1,0.0005409744050908368,0.0022424272890984344,0.002273554375698839,0.9138953263928398,0.081047717537272,0.9138953263928398
16895,3,3,1,0.000187778380450134,0.037403575769612285,0.0006000327856548363,0.9557615930123409,0.006047020051941776,0.9557615930123409
17786,3,3,1,0.0018927384629497466,0.0014463192633414525,0.005973720541868633,0.7227417938306592,0.267945427901181,0.7227417938306592
10760,0,0,1,0.9983418101844926,0.00011502492272885974,0.0002908019350610597,0.00020259449528198513,0.001049768462435633,0.9983418101844926
15157,1,1,1,4.0409898301581e-05,0.9930447268052328,0.00020483795016994222,0.004574766770047347,0.002135258576248364,0.9930447268052328
19120,4,4,1,0.00024150537417476475,0.14773455453602352,0.000771811026562225,0.006007848120739613,0.8452442809424999,0.8452442809424999
13969,1,1,1,4.658800012679735e-05,0.987638762664269,0.00017833504764755873,0.010085730042064834,0.0020505842458919095,0.987638762664269
17270,3,3,1,0.00040542628740280356,0.005934906361552173,0.0009738122362436467,0.9541203971970629,0.03856545791773837,0.9541203971970629
13023,2,2,1,0.0009023703898727716,5.559565574671868e-05,0.9769185019650906,9.939577143262596e-05,0.022024136217857215,0.9769185019650906
14982,1,1,1,5.8759001229115135e-05,0.9893145650672512,0.00036926705566669234,0.008656394389995914,0.0016010144858571388,0.9893145650672512
10977,0,0,1,0.9944447747370129,5.660283915779281e-05,0.002972733330315804,0.0002791872264354463,0.0022467018670781144,0.9944447747370129
12053,2,2,1,0.0010476666508093483,0.00010249148779202569,0.9729760862573031,0.0018327096825049296,0.024041045921590523,0.9729760862573031
14149,1,1,1,4.2591875437891374e-05,0.989071429234325,0.00015712632918111693,0.003227008967365147,0.007501843593690939,0.989071429234325
12187,2,2,1,0.05309419297072545,0.0007602028217970567,0.889787206716288,0.026183567794561772,0.030174829696627794,0.889787206716288
18211,4,4,1,0.006314780116993186,0.003917791265780691,0.004401537057249437,0.060527697190874474,0.9248381943691023,0.9248381943691023
14639,1,1,1,8.37835445316176e-05,0.9766832592474325,0.00033678631718240897,0.020602290608386628,0.0022938802824666853,0.9766832592474325
18012,4,4,1,0.014610346766002825,0.00028477538694270365,0.036297664040707625,0.0030436193774210003,0.9457635944289258,0.9457635944289258
16735,3,3,1,0.00012107911272950634,0.004303088551664137,0.00040705950564612353,0.9861720675538307,0.00899670527612944,0.9861720675538307
11482,0,0,1,0.8218670037975325,0.0002950069024155686,0.05041488285363165,0.0005762737195397486,0.12684683272688063,0.8218670037975325
12390,2,2,1,0.001541540055014365,3.7442464905105534e-05,0.9899338787338964,0.00010024843674831322,0.008386890309435766,0.9899338787338964
10766,0,0,1,0.9992368210331843,6.307749477815733e-05,0.0001969039798422398,8.117123125267979e-05,0.00042202626094260475,0.9992368210331843
11534,0,0,1,0.9929461187647632,6.297357684523973e-05,0.005119887914836623,0.0001352887056836283,0.0017357310378710454,0.9929461187647632
11745,0,0,1,0.9943797133624791,0.000193671266571956,0.003510953724842529,0.0003308809039452448,0.0015847807421609343,0.9943797133624791
17145,3,3,1,0.0003378071012021566,0.08266368670441292,0.0011884723493942304,0.8989249912725372,0.016885042572453494,0.8989249912725372
15266,1,1,1,0.0001208983718672913,0.9818885050617316,0.0011564140139031565,0.013257763665682874,0.0035764188868149874,0.9818885050617316
18376,4,4,1,0.004796199162065547,0.0001980673412091866,0.010355780540292417,0.002108766010012546,0.9825411869464203,0.9825411869464203
13650,2,2,1,0.0011343796073846509,3.0375710792610168e-05,0.992951592289834,0.0001558547241493689,0.005727797667839348,0.992951592289834
19157,4,4,1,0.00026735433467036036,0.007241488021982986,0.0006050458116128409,0.0009327337736880125,0.9909533780580457,0.9909533780580457
11293,0,0,1,0.9699633514037151,0.00017275437298491686,0.006038199870682967,0.00025287139176312465,0.023572822960853806,0.9699633514037151
18824,4,4,1,0.0001280200810983704,0.008000791829912311,0.00016802062074896865,0.00027697634887775217,0.9914261911193626,0.9914261911193626
18804,4,4,1,8.429953648353899e-05,0.004154664847490347,0.00019367125188120854,0.0003908796638877501,0.9951764847002572,0.9951764847002572
15586,1,1,1,3.206850722554434e-05,0.9885220593458046,0.00017200246928462568,0.004560471322733733,0.0067133983549515835,0.9885220593458046
13396,2,2,1,0.028197399956761633,7.90775318106477e-05,0.9625956162137282,0.00027193881878183795,0.008855967478917525,0.9625956162137282
13191,2,2,1,0.024690787815554626,0.00012667506256827093,0.9623620022263432,0.000681733406468973,0.012138801489064802,0.9623620022263432
11290,0,0,1,0.9796409316830266,0.00015029139695795453,0.004991916587010607,0.00023258799145182315,0.014984272341553254,0.9796409316830266
15096,1,1,1,0.0001372473891078716,0.9630459634772315,0.0008647953055636859,0.029646625181709768,0.0063053686463871795,0.9630459634772315
15461,1,1,1,0.00021564203978515317,0.9210750733453981,0.000847688244060579,0.006066642181904392,0.07179495418885189,0.9210750733453981
13452,2,2,1,0.007373394509541538,6.715450944630363e-05,0.9691662507459874,0.00016462315909418482,0.02322857707593053,0.9691662507459874
15686,1,1,1,5.915051882771906e-05,0.9863972172104895,0.0002581908947283031,0.01092752430772028,0.00235791706823433,0.9863972172104895
13108,2,2,1,0.0011189513980140048,3.770283900584732e-05,0.9901129576981503,8.837645687171145e-05,0.008642011607958057,0.9901129576981503
17128,3,3,1,0.00014109092147569156,0.01932445373130076,0.0003208198643336579,0.9758106654995227,0.004402969983367067,0.9758106654995227
14809,1,1,1,3.457812591192463e-05,0.9943342392965334,0.00018394749617982328,0.00325608049754515,0.0021911545838295206,0.9943342392965334
10423,0,0,1,0.9989557567309338,5.6579227498944604e-05,0.000331059113965841,6.10390307430974e-05,0.0005955658968582546,0.9989557567309338
18273,4,4,1,0.023014889881834734,0.0003383094242061685,0.033451955527937116,0.003941056923720701,0.9392537882423012,0.9392537882423012
15038,1,1,1,3.7037055932331864e-05,0.9879961275345481,0.00014258413024046808,0.009870609319787352,0.0019536419594915594,0.9879961275345481
19681,4,4,1,0.050972019311656507,0.0003601620539176046,0.043093918000840496,0.0005341163309033266,0.9050397843026822,0.9050397843026822
11658,0,0,1,0.99603949818639,8.78895254372479e-05,0.0027678980492791922,0.0001571279907911983,0.0009475862481025389,0.99603949818639
10902,0,0,1,0.9937039494763328,3.871630918780234e-05,0.004003182678751697,0.00021346899790478642,0.0020406825378227363,0.9937039494763328
13456,2,2,1,0.0030288753902708108,3.252283307628129e-05,0.9907419259241299,0.00018754736287298585,0.006009128489650097,0.9907419259241299
13056,2,2,1,0.018056425961369603,7.01009690359194e-05,0.9769234362227166,0.00017336084718715835,0.004776675999690453,0.9769234362227166
10322,0,0,1,0.9665598158240726,7.064303388912228e-05,0.015435963919157834,0.0002696907419564543,0.01766388648092408,0.9665598158240726
13390,2,2,1,0.0011196290165136943,4.331739965711607e-05,0.9859661716597389,8.085526934589721e-05,0.012790026654744416,0.9859661716597389
17123,3,3,1,9.089142322083321e-05,0.009761394986555158,0.00022983318402419983,0.9867996472284692,0.003118233177730504,0.9867996472284692
10030,0,0,1,0.7035964220095348,0.00032213105399421516,0.023572899977730485,0.0014148655481821784,0.2710936814105583,0.7035964220095348
13473,2,2,1,0.08985266266079837,0.00016116057951776473,0.8873497229391409,0.0017235061226741383,0.020912947697868667,0.8873497229391409
15428,1,3,0,0.0008403338725637343,0.2800182398527768,0.0018423103264986022,0.7006410005991699,0.016658115348991063,0.7006410005991699
14923,1,1,1,5.103648027195464e-05,0.9926523280897263,0.00020756024366451117,0.005257819352068828,0.0018312558342683332,0.9926523280897263
10718,0,0,1,0.9994454465153615,3.777891814086862e-05,0.00015957192809607266,4.2660551234808574e-05,0.00031454208716686196,0.9994454465153615
18926,4,4,1,0.0002921104171783276,0.007300956717012844,0.0006791436175212867,0.0006633320009270259,0.9910644572473606,0.9910644572473606
12878,2,2,1,0.003927574563518336,7.60988513711597e-05,0.9838717429947518,0.00023927688101959204,0.01188530670933942,0.9838717429947518
13277,2,2,1,0.01138341524849779,0.00020523793468602044,0.9488778925302022,0.00043189464629198726,0.03910155964032204,0.9488778925302022
18417,4,0,0,0.6104111609196532,0.0004099789981711559,0.0757320205972694,0.0018849354700068621,0.31156190401489936,0.6104111609196532
17282,3,3,1,0.0025010642958816563,0.016096300662443417,0.006562952985528986,0.8942805005795852,0.08055918147656066,0.8942805005795852
16903,3,3,1,8.920434397452254e-05,0.004926634931437312,0.000262123135261291,0.9920095768159632,0.002712460773363563,0.9920095768159632
18419,4,4,1,0.0031663167249298707,0.0013936924004561346,0.026605675905668053,0.2113061335967137,0.7575281813722322,0.7575281813722322
14424,1,1,1,7.33680279980142e-05,0.9762692351565961,0.00041843801699873216,0.01952979033373082,0.0037091684646761687,0.9762692351565961
10771,0,0,1,0.9983328707120456,0.0001633736831181408,0.0002897133118324081,0.00025328000452824013,0.0009607622884756793,0.9983328707120456
16904,3,3,1,0.000292719004100069,0.008990717030772019,0.000548244727925739,0.9840289755489509,0.006139343688251309,0.9840289755489509
18981,4,4,1,9.20286578464997e-05,0.014698559121641626,0.0005774796823045149,0.00182928981534793,0.9828026427228593,0.9828026427228593
14838,1,1,1,0.00023082293600297429,0.9427331904073342,0.0013963045092689184,0.016271638237161146,0.03936804391023296,0.9427331904073342
10412,0,0,1,0.9993443946937244,4.1117357472536225e-05,0.00029044142016015315,2.906645974878119e-05,0.0002949800688941094,0.9993443946937244
10858,0,0,1,0.9925583324732491,3.73458325205387e-05,0.0053472035352861835,0.0002294674529570318,0.001827650705987212,0.9925583324732491
11156,0,0,1,0.9892874469587111,6.440263280365686e-05,0.005166657223445135,0.0006978264204301809,0.004783666764610154,0.9892874469587111
18054,4,4,1,0.005889484073642802,0.00031909449999920395,0.015847267103817043,0.008745630704396688,0.9691985236181442,0.9691985236181442
13743,2,2,1,0.000871516670145256,4.144215359032863e-05,0.9895859203289038,8.302654016507184e-05,0.009418094307195531,0.9895859203289038
12010,2,2,1,0.0008053404471375194,4.870134010697662e-05,0.9871535618590209,0.000287886214186688,0.011704510139547927,0.9871535618590209
18165,4,4,1,0.003511122071790737,0.0005010484450647632,0.016629114584773667,0.006266860910861465,0.9730918539875094,0.9730918539875094
14907,1,1,1,3.752145979476488e-05,0.9907313824477311,0.00016853762121870315,0.007681894301941425,0.001380664169313962,0.9907313824477311
18235,4,4,1,0.033028090645124616,0.00028059043686244677,0.015258668411816143,0.0024964924404132366,0.9489361580657836,0.9489361580657836
13831,2,2,1,0.001253059917346751,7.64145075788222e-05,0.9826878300419063,0.00015465212692223463,0.015828043406246,0.9826878300419063
17916,3,3,1,0.0003462935949968309,0.0006866072279711475,0.001518140479189035,0.9588376808952663,0.03861127780257675,0.9588376808952663
12921,2,2,1,0.0003814246265588979,0.00017466563442475447,0.9518367049276549,0.002161148109589619,0.045446056701771834,0.9518367049276549
9999,0,0,1,0.9812524504381551,3.5578988633441094e-05,0.015777207864448577,0.00011311187343208879,0.0028216508353308715,0.9812524504381551
11956,2,2,1,0.0030198209632869865,4.9093172653599505e-05,0.9901701831608494,0.000242809194447383,0.006518093508762631,0.9901701831608494
14045,1,1,1,1.9751323163435324e-05,0.9949303811995189,9.803525013447999e-05,0.0037796353952875106,0.001172196831895863,0.9949303811995189
10257,0,0,1,0.9820668386622484,4.004821745125544e-05,0.015243607601933277,0.00013598757872385176,0.002513517939643007,0.9820668386622484
16664,3,3,1,0.00035269688271422013,0.040133128027726436,0.002336698993281182,0.8943822104027362,0.06279526569354194,0.8943822104027362
19377,4,2,0,0.01542224123739318,0.00012961554956542748,0.8019986043416688,0.0003782288256357734,0.1820713100457368,0.8019986043416688
13954,1,1,1,3.0630606539744655e-05,0.9929734648849058,0.00016898296306051678,0.004844775222642112,0.0019821463228518995,0.9929734648849058
12303,2,2,1,0.0005336349890500624,5.636562601516688e-05,0.962073503492235,0.0003109519420519675,0.03702554395064792,0.962073503492235
17239,3,1,0,0.00031020054391480995,0.7531133093176947,0.0011606493185402997,0.22809674163415347,0.01731909918569662,0.7531133093176947
12958,2,2,1,0.09321856741791179,0.00034063582284310257,0.8754681740663712,0.0022074893023249676,0.028765133390548966,0.8754681740663712
11480,0,0,1,0.9955833270231916,5.4017443256961464e-05,0.0024810593704845288,0.00011187951045349838,0.00176971665261365,0.9955833270231916
17771,3,3,1,0.0013534983954647847,0.0011096222163102783,0.004410612664575437,0.8730347891306048,0.12009147759304463,0.8730347891306048
16846,3,3,1,0.00021923095032085396,0.024101653511048014,0.0005102249316899354,0.9625948408893823,0.012574049717559,0.9625948408893823
17372,3,3,1,0.000564802358949881,0.005876040843080947,0.0012941344583970562,0.9589875701044427,0.03327745223512945,0.9589875701044427
15744,1,1,1,0.0002790750915711226,0.8596826490998635,0.0006136594681482065,0.001503038431989029,0.13792157790842813,0.8596826490998635
19387,4,2,0,0.012937636522393497,0.0001569600119568362,0.8361031860480338,0.0007982587749040416,0.15000395864271182,0.8361031860480338
15549,1,1,1,4.724450356296868e-05,0.9889768974256772,0.00021323211091474497,0.0027315465840211106,0.00803107937582386,0.9889768974256772
11262,0,0,1,0.9613836384407944,0.0003243599421843957,0.00697644515864659,0.0005032263362145077,0.03081233012216026,0.9613836384407944
11601,0,0,1,0.9964613744151704,8.760673336230398e-05,0.0024605497865759374,0.00015930202423034492,0.0008311670406611992,0.9964613744151704
15005,1,1,1,0.0005292653700566017,0.7795231753151136,0.0020415289707504114,0.19951573022372093,0.018390300120358354,0.7795231753151136
15124,1,1,1,5.505332554216861e-05,0.9931774983693212,0.00024290504848654246,0.004552809307136714,0.001971733949513051,0.9931774983693212
17952,4,4,1,0.0027013896714892516,0.015578868904010059,0.009656425888348774,0.26918248885745,0.702880826678702,0.702880826678702
12900,2,2,1,0.004913667915339179,0.000643007596413755,0.5458582816304102,0.001608550868804567,0.4469764919890323,0.5458582816304102
11066,0,0,1,0.9950098920493651,3.0129232912182565e-05,0.0033386339530157775,0.00020320982010271397,0.001418134944604419,0.9950098920493651
17371,3,3,1,0.0005199879969461862,0.014893993397512973,0.002130938128718683,0.891445649405859,0.0910094310709633,0.891445649405859
10137,0,0,1,0.9766373078258546,5.6320710271882965e-05,0.015437619905218988,0.00018825764363027754,0.007680493915024378,0.9766373078258546
17723,3,3,1,0.0003668796476538191,0.00685129560983009,0.002659220035392453,0.96496968630625,0.025152918400873643,0.96496968630625
12539,2,2,1,0.0027433876871381566,9.320479429507472e-05,0.9442113505825639,0.00024087419530702776,0.05271118274069567,0.9442113505825639
10117,0,0,1,0.9737728712773904,4.572599386830594e-05,0.024020172330774622,0.00017649254557219941,0.0019847378523943303,0.9737728712773904
15123,1,1,1,0.00019851790566828762,0.9500717276122832,0.0012856198815799536,0.0438313698325676,0.0046127647679010415,0.9500717276122832
10100,0,0,1,0.9561250808162266,5.917079751392423e-05,0.03934261260353419,0.00020045160221683972,0.004272684180508645,0.9561250808162266
17418,3,3,1,0.00030386876292784975,0.0019525531590104314,0.0008216375867150353,0.9810362688627255,0.015885671628621208,0.9810362688627255
14440,1,1,1,0.0002772605977929111,0.9362260664118099,0.0010875404373730704,0.04534815260128429,0.01706097995173987,0.9362260664118099
17805,3,3,1,0.0038183116764736267,0.010223221502434718,0.013882722011011797,0.5652964766220335,0.4067792681880463,0.5652964766220335
18234,4,4,1,0.0004250315588496642,0.0004027134299897071,0.002069039150995182,0.008508620859694532,0.9885945950004709,0.9885945950004709
10281,0,0,1,0.9760218641840294,4.3576035682291354e-05,0.02077529881001835,0.0001413387836844332,0.0030179221865854616,0.9760218641840294
19240,4,4,1,0.0003639729363317543,0.14286779819148687,0.0018461377453838836,0.041246182337564545,0.813675908789233,0.813675908789233
18636,4,4,1,0.0014877328618107004,0.010671951317443874,0.005775076945794312,0.14604497077156614,0.8360202681033849,0.8360202681033849
12935,2,2,1,0.0007960101651852361,5.311893424700682e-05,0.9843731095852976,0.00010778002729089318,0.014669981287979434,0.9843731095852976
19116,4,4,1,0.0007217362836288204,0.13751972911674834,0.0023778020255584794,0.029217800666482854,0.8301629319075816,0.8301629319075816
19896,4,4,1,0.019410361712787285,0.000293978563504086,0.0662686355296364,0.0006129386608529292,0.9134140855332192,0.9134140855332192
13291,2,2,1,0.007050196949620193,5.091625254667963e-05,0.9859561420773112,0.00021243136172213536,0.006730313358799877,0.9859561420773112
14076,1,1,1,3.7042601204557514e-05,0.9932057219663121,0.000177405964819065,0.004643566952505917,0.0019362625151585918,0.9932057219663121
16089,3,3,1,9.469444300590737e-05,0.00350592338738738,0.00028297155919381227,0.9929145796305088,0.003201830979904048,0.9929145796305088
12118,2,2,1,0.013371050653942266,3.973378494325895e-05,0.9751586434964448,0.0001588209432124173,0.01127175112145724,0.9751586434964448
18157,4,3,0,0.0037470777658624283,0.002340463105137874,0.014730313420124324,0.6476692157005596,0.3315129300083158,0.6476692157005596
14613,1,1,1,3.140603291387927e-05,0.9938247163563966,0.00014855952283630562,0.004255049691468265,0.001740268396385095,0.9938247163563966
13000,2,2,1,0.0029106429582476745,0.0003269868177835386,0.8667818224092968,0.0007258330689853877,0.12925471474568664,0.8667818224092968
11911,0,0,1,0.9779349221209324,0.00023154219990979016,0.016424745371805553,0.00038061806426800953,0.005028172243084182,0.9779349221209324
18264,4,4,1,0.012812588957701048,0.001799494379422908,0.15282359105710122,0.04890645812212628,0.7836578674836485,0.7836578674836485
17246,3,3,1,0.0002816786971727796,0.02734799249818472,0.0006554491313661554,0.9616144744609786,0.010100405212297799,0.9616144744609786
10579,0,0,1,0.9992082293900714,6.198327632597658e-05,0.00021682572150343282,6.145685271908049e-05,0.00045150475938013677,0.9992082293900714
16262,3,3,1,0.0003286735412450892,0.17721755695026592,0.0012178402419492059,0.8043488810636212,0.016887048202918586,0.8043488810636212
13634,2,2,1,0.004006316411708395,0.000146845190118065,0.9721495604444715,0.00035058971466522587,0.023346688239036694,0.9721495604444715
16221,3,3,1,7.488579650977585e-05,0.004885466722950097,0.000222428669472057,0.991758095462082,0.003059123348985968,0.991758095462082
12213,2,2,1,0.0032457880897426073,4.132957825592356e-05,0.9850160782389984,0.0005099538079989067,0.01118685028500423,0.9850160782389984
15791,1,1,1,8.76357882363655e-05,0.9814637277835966,0.00017379157479910593,0.0021207033433159805,0.01615414151005195,0.9814637277835966
12341,2,2,1,0.006174964522506953,4.834445918216965e-05,0.973790214594295,0.0001395453972242678,0.019846931026791786,0.973790214594295
11581,0,0,1,0.9899196990481898,0.00034290020162514154,0.0060067389784580275,0.00041681280424238484,0.0033138489674846864,0.9899196990481898
11663,0,0,1,0.9874495206369892,0.0002092815058589742,0.008510988982729815,0.0003899286170911542,0.003440280257330778,0.9874495206369892
16910,3,3,1,0.00015147785253729837,0.022402273387406815,0.0003993548390630263,0.9711334815823259,0.005913412338667039,0.9711334815823259
13393,2,2,1,0.004418951999684038,0.00011099116736946647,0.9751364194050404,0.000450180897935219,0.019883456529970905,0.9751364194050404
17478,3,3,1,0.0015511720721686916,0.007243634587313459,0.006963697512914737,0.8557336385929453,0.12850785723465785,0.8557336385929453
14623,1,1,1,6.553116699596954e-05,0.9804223479730294,0.00044882258074158533,0.017084723901529576,0.001978574377703361,0.9804223479730294
18507,4,4,1,0.0012266971874523554,0.0010177777290084273,0.007242899550397225,0.04561989361507482,0.9448927319180671,0.9448927319180671
15450,1,1,1,0.00021577226454852773,0.956880285286257,0.0006806323506220954,0.0024709015059151468,0.03975240859265719,0.956880285286257
12115,2,2,1,0.002985343118072948,6.130478601020459e-05,0.9824169823937919,0.00031073528511332967,0.014225634417011383,0.9824169823937919
15869,1,1,1,0.000220211989161298,0.96466599169033,0.0005964287970844368,0.02327468007599916,0.011242687447424985,0.96466599169033
13549,2,2,1,0.0006994471861880252,3.131737811171043e-05,0.994523417612563,7.553429171929172e-05,0.004670283531417905,0.994523417612563
11158,0,0,1,0.9832945151327651,9.35344739402145e-05,0.006842847200060859,0.0012191039667209663,0.008549999226512842,0.9832945151327651
14237,1,1,1,3.4377627237958336e-05,0.993167568611426,0.0001353417394717759,0.0024267367015470415,0.004235975320317443,0.993167568611426
12786,2,2,1,0.013121232030118491,0.00021030508363546418,0.9581984267637182,0.0005385525199180963,0.02793148360260979,0.9581984267637182
19693,4,4,1,0.00545804126039974,0.00015561314551240643,0.019375774753484936,0.00026969006417731207,0.9747408807764256,0.9747408807764256
16774,3,3,1,0.0003946704491028551,0.018730978032849677,0.001641702429473292,0.9155518333645489,0.06368081572402523,0.9155518333645489
17162,3,3,1,9.8932866314217e-05,0.013665190803419172,0.00021811651451853804,0.98197045145409,0.004047308361658083,0.98197045145409
11320,0,0,1,0.9841754279199657,0.00013412123568670478,0.003343683836211721,0.00021365189205025002,0.012133115116085847,0.9841754279199657
10144,0,0,1,0.9740362463489873,5.902538493967768e-05,0.017898636233499,0.00022474145189772083,0.00778135058067636,0.9740362463489873
14120,1,1,1,2.7254667014805887e-05,0.9929378101408622,0.0001544261832954561,0.004190937702372839,0.0026895713064545757,0.9929378101408622
10150,0,0,1,0.9799358850281817,4.0240520955155575e-05,0.018006430509371268,0.00015669129479773273,0.0018607526466939883,0.9799358850281817
17309,3,3,1,0.000576871146927616,0.01628407092502245,0.001312240826377765,0.9645875169263077,0.017239300175364302,0.9645875169263077
11798,0,0,1,0.9894880191857066,0.0001276591278399483,0.008014839288767289,0.0002036835691877425,0.0021657988284982483,0.9894880191857066
12428,2,2,1,0.0030843776912006676,5.0383024655370656e-05,0.9829320212289435,0.00013823664077476828,0.013794981414425377,0.9829320212289435
18302,4,4,1,0.004037133092427105,0.0022614651706808872,0.007245076890641768,0.06635503931962342,0.9201012855266268,0.9201012855266268
16715,3,3,1,0.0003073786924971167,0.006170309152928641,0.0015231841259926862,0.9682891175496083,0.02371001047897333,0.9682891175496083
10909,0,0,1,0.9920964380961498,4.247931404773492e-05,0.00558095564813981,0.0002247533673274875,0.0020553735743352574,0.9920964380961498
17530,3,3,1,0.0016634507546026574,0.01379552427648454,0.0072024552963108,0.8150005636094975,0.16233800606310453,0.8150005636094975
12855,2,2,1,0.00028135279237446505,4.522074366855413e-05,0.9905552624617244,0.0003960557553214718,0.008722108246911026,0.9905552624617244
11533,0,0,1,0.9896661569764418,5.864403278777953e-05,0.006655869810396986,0.00016379590571799239,0.0034555332746555767,0.9896661569764418
16662,3,3,1,0.0010276147423596838,0.15105178207796555,0.009056241166797263,0.7866890371088502,0.05217532490402721,0.7866890371088502
13070,2,4,0,0.007023909466227092,0.0008919854038679625,0.06336428360764369,0.0015208004401016724,0.9271990210821596,0.9271990210821596
13863,2,2,1,0.029535561147619814,0.00016729598680339594,0.9195047804659584,0.00197565274203485,0.048816709657583585,0.9195047804659584
15828,1,1,1,8.655171337787624e-05,0.9548924376807517,0.00030374812698507264,0.040284297705382284,0.004432964773502934,0.9548924376807517
12675,2,2,1,0.002846687784965117,5.216138409680065e-05,0.9792052395531569,0.00016375597780685197,0.017732155299974527,0.9792052395531569
18935,4,4,1,0.00012390615055086525,0.005436631820386674,0.00029560048665728226,0.0006662659450341683,0.993477595597371,0.993477595597371
12447,2,2,1,0.002305350250665995,4.385593903315249e-05,0.9861342173175383,0.00012692528161519995,0.011389651211147454,0.9861342173175383
15825,1,1,1,5.8313023792057024e-05,0.9808534974699488,0.0003275200470260267,0.0027080810083898537,0.016052588450843244,0.9808534974699488
17003,3,3,1,0.00015172455909758992,0.014858430474650939,0.0010498302635999447,0.9741034331379188,0.009836581564732652,0.9741034331379188
17292,3,3,1,0.0014373501312581912,0.006618283311557281,0.01100880799620887,0.8026911606514101,0.1782443979095656,0.8026911606514101
10025,0,0,1,0.7294150418063965,0.0001625434865977048,0.26179764790341076,0.0005757314528383507,0.008049035350756762,0.7294150418063965
16641,3,3,1,0.00018498933117326867,0.006794458608408525,0.0003527974030812468,0.9820771934867707,0.010590561170566127,0.9820771934867707
19051,4,4,1,7.516070194053806e-05,0.011997742399393546,0.0004043657155011691,0.0016789295630623383,0.9858438016201023,0.9858438016201023
19743,4,4,1,0.0034864580288417684,0.00025593444004148045,0.009366102440139207,0.00038318224433541435,0.986508322846642,0.986508322846642
14106,1,1,1,2.484376574010043e-05,0.9955941554998532,0.00010621697244971671,0.003444120731886009,0.0008306630300709987,0.9955941554998532
13746,2,2,1,0.001789060397882237,5.2074640671204866e-05,0.9878092718403125,0.00011658919084790407,0.01023300393028622,0.9878092718403125
15757,1,1,1,0.00024307926692476327,0.9016324646847033,0.001006856698965356,0.0659475741331205,0.031170025216285972,0.9016324646847033
15789,1,1,1,3.996508096540376e-05,0.9933967367774753,0.00019272267089390753,0.0019222967811233177,0.004448278689542193,0.9933967367774753
13706,2,0,0,0.495543533558798,0.00030840396732209776,0.4610185881822948,0.00200410880199963,0.04112536548958558,0.495543533558798
19866,4,2,0,0.026623808201707008,0.00013401695702510794,0.910090774719528,0.0015508992441016333,0.0616005008776382,0.910090774719528
13216,2,2,1,0.0030737539358331348,0.00046300628778705305,0.8418093804950746,0.008597764775904394,0.14605609450540066,0.8418093804950746
11222,0,0,1,0.9661457356185963,0.00019967718613766715,0.004804337761926656,0.0002935058003077658,0.02855674363303149,0.9661457356185963
18695,4,4,1,0.00027907048098613023,0.03952160241672623,0.0005081653523535668,0.000623367390174058,0.9590677943597601,0.9590677943597601
13036,2,2,1,0.000867691359371496,4.0008072807368364e-05,0.9868112127508731,7.9949029291076e-05,0.012201138787656858,0.9868112127508731
10706,0,0,1,0.9985065852937487,0.00010729584178101843,0.0002731826085256499,0.0001573657767017642,0.0009555704792427181,0.9985065852937487
17819,3,3,1,0.0015525135945111963,0.005012729903212042,0.011194660746839714,0.6023941995422415,0.3798458962131954,0.6023941995422415
14293,1,1,1,3.5787616486105676e-05,0.9918172361988701,0.0001516312833516788,0.005857508416192464,0.002137836485099458,0.9918172361988701
14778,1,1,1,4.532065392774865e-05,0.989875178680616,0.00025533179446922356,0.008361205654158446,0.0014629632168284628,0.989875178680616
11310,0,0,1,0.9329144340620027,0.000301090137181812,0.007335334479884568,0.00041121978422463477,0.05903792153670637,0.9329144340620027
13068,2,2,1,0.27510207029460226,0.0001864393929763197,0.6876667049067827,0.0014615419797599167,0.035583243425878854,0.6876667049067827
17532,3,3,1,0.0006009375535577457,0.007333894661558864,0.0019255794319447035,0.8792511824839206,0.1108884058690181,0.8792511824839206
13073,2,2,1,0.0008367208787550631,3.972825615435399e-05,0.9948197399189557,0.00012081983485927898,0.0041829911112756316,0.9948197399189557
18266,4,4,1,0.0024621311455634135,0.00037320583309210186,0.014856276993920614,0.018464222426551744,0.963844163600872,0.963844163600872
16948,3,3,1,0.00033832016456751486,0.007837675225239047,0.0011122616164316035,0.9736085356812425,0.017103207312519346,0.9736085356812425
12819,2,2,1,0.004248019213684246,0.0001093011169695006,0.9371620148006885,0.0008451239494055958,0.05763554091925212,0.9371620148006885
13812,2,2,1,0.012907865698173262,0.0006638653098869422,0.8686866768503002,0.0549095014113835,0.06283209073025599,0.8686866768503002
17342,3,3,1,0.0005694650845025613,0.0011030313303058879,0.00442859418240469,0.8885568843243369,0.10534202507845004,0.8885568843243369
14917,1,1,1,2.7304024146112564e-05,0.9952681353597754,0.00012161901050867463,0.0033591790484691223,0.0012237625571006315,0.9952681353597754
19733,4,4,1,0.006169132412098252,0.000549693491906609,0.043654826306859025,0.001297033194726887,0.9483293145944093,0.9483293145944093
17776,3,3,1,0.00027767959513163784,0.001331127775616009,0.0013710265966638015,0.9703594176540108,0.02666074837857779,0.9703594176540108
18479,4,4,1,0.0016944538488501567,0.0014049127258515348,0.007353264416376273,0.12617000961335584,0.8633773593955663,0.8633773593955663
17996,4,4,1,0.002267935420022802,0.000260186106524012,0.01041066504734305,0.005131281961609136,0.981929931464501,0.981929931464501
12638,2,2,1,0.0009287983160878489,4.296388690294561e-05,0.9773337613708881,0.0002751805711237914,0.021419295854997456,0.9773337613708881
10053,0,0,1,0.8625008442668245,0.00011856059081107671,0.1310446600746802,0.0004562394080217095,0.005879695659662672,0.8625008442668245
18324,4,4,1,0.0023055749963844024,0.0006947465046200574,0.0017072460916574288,0.002510485956964073,0.9927819464503741,0.9927819464503741
15661,1,1,1,0.0001489078567588662,0.9968827836686571,0.0001793433648276018,0.00016327165107793995,0.0026256934586782843,0.9968827836686571
11231,0,0,1,0.9823583898036121,0.00012800589963607973,0.004033288092580601,0.00021687607091276992,0.013263440133258628,0.9823583898036121
17721,3,3,1,0.0005762214886016352,0.00793233487990739,0.0020664942473638333,0.9496360238213498,0.03978892556277738,0.9496360238213498
14040,1,1,1,3.146101895439363e-05,0.9949766558248572,0.00011784683068684963,0.0033713932991463595,0.0015026430263552328,0.9949766558248572
14603,1,1,1,0.00013699084362230206,0.9798751828515656,0.0008577039969656532,0.00936025113168961,0.009769871176157078,0.9798751828515656
10510,0,0,1,0.9938232757667198,0.0004223489937336773,0.001533762750097616,0.00034652297413001774,0.003874089515319062,0.9938232757667198
14085,1,1,1,2.672525172228408e-05,0.9928111045021428,0.00013169823439428127,0.005166171766208273,0.0018643002455324602,0.9928111045021428
15811,1,1,1,0.0001398148303146672,0.9673742488384306,0.0005333021274706236,0.006293641069330237,0.025658993134453807,0.9673742488384306
10296,0,0,1,0.9850841672619332,3.718730549029149e-05,0.011681612537590553,0.00013011366935103088,0.0030669192256350406,0.9850841672619332
17759,3,3,1,0.000915637147876096,0.005680231654578745,0.0025329788976457862,0.9169545963480081,0.07391655595189109,0.9169545963480081
14919,1,1,1,2.8492604260251435e-05,0.9939842929865196,0.00014130063793659636,0.00384776912344019,0.0019981446478435335,0.9939842929865196
15055,1,1,1,9.71457363002418e-05,0.9830252026235367,0.0006318599928474755,0.012405748368556216,0.003840043278759308,0.9830252026235367
14367,1,1,1,2.770367935786258e-05,0.9948406537270904,0.000135571212521653,0.0041548832955314976,0.0008411880854986058,0.9948406537270904
13567,2,2,1,0.006446601930897607,0.00035739949921514275,0.7448096019199365,0.0007636849825155725,0.2476227116674351,0.7448096019199365
15056,1,1,1,3.887006632663834e-05,0.990316529975197,0.0002082459596321454,0.007998479777555148,0.0014378742212889904,0.990316529975197
13581,2,2,1,0.14586184016536807,0.0006848771250489039,0.738051551348479,0.010014417707993032,0.10538731365311105,0.738051551348479
14619,1,1,1,3.239489730159565e-05,0.9945414643606102,0.00015622752340750426,0.0043595847404877585,0.0009103284781929314,0.9945414643606102
17969,4,4,1,0.00902046398494982,0.0003653054720814081,0.07303796390696482,0.006991226762995728,0.9105850398730081,0.9105850398730081
17321,3,3,1,0.004300438639340963,0.011550196080178512,0.014944519511899705,0.7303659166885224,0.2388389290800586,0.7303659166885224
18739,4,4,1,0.0015053997789799228,0.0006316034366991587,0.0028571870674100747,0.0020070325397418764,0.992998777177169,0.992998777177169
17055,3,3,1,0.00020684252616560698,0.008577874532650388,0.0005724408227275123,0.9774157485064915,0.013227093611965121,0.9774157485064915
17475,3,3,1,0.000440251330212598,0.0028926338307802956,0.00491640207438404,0.880949347645817,0.1108013651188061,0.880949347645817
15715,1,1,1,0.0004860675661195658,0.7571946417825557,0.0008248391458175,0.0015936737582686183,0.2399007777472386,0.7571946417825557
15374,1,1,1,0.0005938311913701208,0.6102672213402804,0.002771517815706373,0.36269164053685987,0.023675789115783174,0.6102672213402804
18568,4,4,1,0.001990503150320218,0.010464864871231043,0.009092836934379362,0.04269892445550258,0.9357528705885668,0.9357528705885668
14342,1,1,1,2.1087117271634488e-05,0.9952519736504418,0.00010236492750572996,0.003800039217455718,0.0008245350873252007,0.9952519736504418
14836,1,1,1,0.00028025445569149286,0.9648849554308324,0.0019039856415645742,0.018979475365223653,0.01395132910668782,0.9648849554308324
17088,3,3,1,0.00035361555092509184,0.0351623765337465,0.004174922512175465,0.9407970925724434,0.01951199283070955,0.9407970925724434
19353,4,0,0,0.5922189845290794,0.0005718516343074027,0.08529368351297649,0.0024352935461855623,0.3194801867774512,0.5922189845290794
17941,4,4,1,0.0031926235683019367,0.0010955780540898717,0.011999177310460038,0.08598562085159395,0.8977270002155542,0.8977270002155542
11285,0,0,1,0.9366286856829548,0.0002767322041626994,0.007654090218096701,0.0003938438823650099,0.05504664801242103,0.9366286856829548
13550,2,2,1,0.0033377014187784024,0.00043978925345550387,0.789393447870945,0.0010848763869447798,0.20574418506987635,0.789393447870945
15403,1,1,1,0.00037145524751994614,0.8345793721909129,0.00291411026758136,0.13816937476066754,0.023965687533318108,0.8345793721909129
14347,1,1,1,0.00031831704017939945,0.9031783043596474,0.0010328425230311526,0.004099858211888638,0.09137067786525332,0.9031783043596474
11711,0,0,1,0.989467943712216,0.0001439826653584557,0.00612693182097941,0.00029602024211977543,0.0039651215593263095,0.989467943712216
12107,2,2,1,0.0012003097884101673,3.833340530995295e-05,0.9844869576592034,0.00012244245476401413,0.01415195669231244,0.9844869576592034
11466,0,0,1,0.9954863946112189,6.166244177458749e-05,0.0013875766132857147,0.0001114414470549419,0.0029529248866656164,0.9954863946112189
15937,1,1,1,5.696465646347001e-05,0.9792919474354742,0.00033957956677248236,0.00873042141332667,0.011581086927963197,0.9792919474354742
13727,2,2,1,0.0004606885942267779,3.048967431933495e-05,0.9962495840693159,7.537850122302079e-05,0.0031838591609149986,0.9962495840693159
16237,3,3,1,0.00035556536972540433,0.024542489329317775,0.0021162108878123695,0.9590062197342843,0.013979514678860076,0.9590062197342843
15751,1,1,1,0.000336040902598733,0.9940897254030274,0.00039175214127718774,0.0003129362513155492,0.00486954530178105,0.9940897254030274
10193,0,0,1,0.9875543106057363,3.195348435860068e-05,0.009931258345092356,0.00011638963868897627,0.002366087926123803,0.9875543106057363
12620,2,2,1,0.002289386565801106,5.3090118031489125e-05,0.9787134148372684,0.0001490952797145614,0.01879501319918455,0.9787134148372684
18049,4,3,0,0.002911393753037216,0.07065847668202421,0.011852343824188113,0.4794369430167438,0.4351408427240066,0.4794369430167438
18855,4,4,1,0.0016024444420195693,0.0006874271699806258,0.0023359906672588346,0.0030712448026717905,0.9923028929180693,0.9923028929180693
15675,1,1,1,0.0001511856149232196,0.9960137273087664,0.0002537921743768943,0.0002476353006560854,0.003333659601277423,0.9960137273087664
13652,2,2,1,0.2868633979102909,0.0008268377174730854,0.5600741218619364,0.0037078854191689276,0.1485277570911306,0.5600741218619364
14738,1,1,1,3.895670279247734e-05,0.9931220224450281,0.00021486237085526188,0.0035389847126288667,0.003085173768695283,0.9931220224450281
15032,1,1,1,0.00018354709330546117,0.8842237168044134,0.0007606560883296761,0.10943895354540159,0.0053931264685498255,0.8842237168044134
12267,2,2,1,0.005242823262601678,3.94465149195324e-05,0.97893241377512,0.00023349235141676048,0.015551824095942048,0.97893241377512
10076,0,0,1,0.9815026495213733,4.062551403174128e-05,0.01637592013734645,0.00016144222177324593,0.0019193626054753656,0.9815026495213733
18425,4,4,1,0.001035380877081648,0.00040271184510936176,0.0054882166090189635,0.00456991672556925,0.9885037739432209,0.9885037739432209
13271,2,2,1,0.0002499652976721443,8.76682300694955e-05,0.960531901934522,0.0005537827708154129,0.03857668176692093,0.960531901934522
17755,3,3,1,0.0006493489825072715,0.00536243095012661,0.003469686359785578,0.888780141548949,0.10173839215863169,0.888780141548949
11968,2,2,1,0.0031127430011417233,3.227208028465885e-05,0.9916460406696086,0.00013736065299464861,0.00507158359597031,0.9916460406696086
14425,1,1,1,3.984078842085008e-05,0.9928371002107677,0.00033254584292738534,0.0056995579064164775,0.0010909552514676898,0.9928371002107677
18320,4,4,1,0.007808735125155292,0.0001906377123645464,0.016288975299037514,0.002057782417842902,0.9736538694455997,0.9736538694455997
18978,4,4,1,0.0009546673492095038,0.004612442861978604,0.0029095624776172713,0.011532218117302949,0.9799911091938917,0.9799911091938917
10145,0,0,1,0.9759453157108898,3.9758938797656375e-05,0.020711799493400965,0.00012337055272627323,0.0031797553041852987,0.9759453157108898
10104,0,0,1,0.9490429313382508,6.319092660091806e-05,0.04770074086619497,0.00026980303795247124,0.0029233338310006587,0.9490429313382508
15754,1,1,1,6.936953494917489e-05,0.9915346686017964,0.00022165799189110934,0.006011422906073837,0.0021628809652897317,0.9915346686017964
15599,1,1,1,3.96037884717878e-05,0.9941696683396781,0.00017115703671530163,0.0034297262840958164,0.002189844551039091,0.9941696683396781
10701,0,0,1,0.997327442169878,9.071347163389826e-05,0.0008180909420499654,0.00011962276183421363,0.001644130654603602,0.997327442169878
17456,3,3,1,0.00026959339108414775,0.0013962689122931238,0.0017900050543454384,0.9645479128065484,0.03199621983572885,0.9645479128065484
14792,1,1,1,3.595535989147961e-05,0.9915330559658527,0.00021273142237130435,0.006478869143219342,0.0017393881086649916,0.9915330559658527
10341,0,0,1,0.9871950635632911,3.6618971921549516e-05,0.010035865825452432,0.00011682251063356232,0.0026156291287013867,0.9871950635632911
10757,0,0,1,0.9898671000287911,0.0005625081515062485,0.00104079212423358,0.001707750754026166,0.006821848941443014,0.9898671000287911
14825,1,1,1,6.947940062646549e-05,0.9921437268392831,0.0003493927805333111,0.0040542103029103035,0.0033831906766469875,0.9921437268392831
13987,1,1,1,2.3573310562208172e-05,0.9939204895888525,0.00012315572155954734,0.003815451536283727,0.002117329842742148,0.9939204895888525
18170,4,4,1,0.02990490557078036,0.00019672622629296382,0.022250388087053277,0.0012268158251691893,0.9464211642907042,0.9464211642907042
10665,0,0,1,0.9994415654683001,3.7532104907238975e-05,0.00018608905726587123,3.9151517905762606e-05,0.0002956618516209747,0.9994415654683001
15483,1,1,1,0.00037443255665479627,0.895755154180534,0.0007663997280378647,0.002450031467313571,0.10065398206745983,0.895755154180534
17881,3,3,1,0.001117142720385481,0.01143973076587546,0.008652243305232772,0.688769936537561,0.29002094667094525,0.688769936537561
16420,3,3,1,0.00035982576892881903,0.01219334980379731,0.00061709474967153,0.9748382310387558,0.011991498638846654,0.9748382310387558
18889,4,4,1,0.00016194006874353374,0.03227440979667017,0.00025886389397763516,0.00030546710366807106,0.9669993191369406,0.9669993191369406
19362,4,0,0,0.8960084300186913,0.0001520986007682558,0.09169567779881355,0.0006282142544250391,0.011515579327302045,0.8960084300186913
14922,1,1,1,3.4058025553747654e-05,0.9926455991204377,0.00016666885403316856,0.003427828907460215,0.0037258450925150865,0.9926455991204377
12443,2,2,1,0.005318942348162962,5.649657923076361e-05,0.9831995654089677,0.00013940262795954214,0.01128559303567901,0.9831995654089677
15749,1,1,1,0.00019947562043670086,0.9030754707606795,0.0006687547721406646,0.002771834815217131,0.09328446403152595,0.9030754707606795
17031,3,3,1,0.0001058324817134132,0.004887183142772991,0.00030946791767980775,0.9901501858736541,0.004547330584179692,0.9901501858736541
18612,4,4,1,0.001015956981360537,0.005424949712662192,0.0036897370189783356,0.01138332255637524,0.9784860337306238,0.9784860337306238
17519,3,3,1,0.0003675068230887707,0.0009509639166808023,0.0022838733876572102,0.9655529830159592,0.030844672856614137,0.9655529830159592
11681,0,0,1,0.9819029288420185,0.0005646945070664966,0.011136131464911443,0.000601624761100025,0.005794620424903923,0.9819029288420185
19037,4,4,1,0.0017708344491326115,0.041409656426683136,0.0013123251767100678,0.0014863920592255752,0.9540207918882487,0.9540207918882487
14504,1,1,1,0.00024152971521192173,0.9591042960723468,0.001275037174202441,0.03290905860449901,0.006470078433739754,0.9591042960723468
14624,1,1,1,5.382238877213143e-05,0.9914841701154502,0.000253807624912444,0.005538600970051015,0.002669598900814053,0.9914841701154502
16878,3,3,1,0.00012131117352796913,0.008840222116304659,0.00030312576713156325,0.9871250927078341,0.0036102482352016723,0.9871250927078341
14636,1,1,1,3.172850614472581e-05,0.9935532588565557,0.00015794248834431312,0.0054631752163731995,0.0007938949325822399,0.9935532588565557
16836,3,3,1,0.00022530311004177487,0.02048426448776731,0.0008532701520229406,0.9667457226662511,0.011691439583916842,0.9667457226662511
14375,1,1,1,9.924815869292138e-05,0.987222608176585,0.0006385301935801539,0.004463701729212188,0.007575911741929538,0.987222608176585
13061,2,2,1,0.00040459417326667687,2.6029514912380798e-05,0.9964060244071747,6.336568842426088e-05,0.0030999862162218645,0.9964060244071747
15236,1,1,1,0.0006032386263784526,0.8069554928545218,0.004632329332659673,0.17008643397065074,0.017722505215789257,0.8069554928545218
10777,0,0,1,0.9932400863511442,7.235632849730093e-05,0.0038112944543962674,0.0003247936337764155,0.0025514692321857856,0.9932400863511442
14873,1,1,1,3.727171018014603e-05,0.9913956272867103,0.00018243750214439326,0.006975454774225476,0.0014092087267397724,0.9913956272867103
18060,4,4,1,0.06778453915826453,0.0005895087361912989,0.03944492989503472,0.008047664589255852,0.8841333576212536,0.8841333576212536
14960,1,1,1,4.930734460657754e-05,0.9924078675130537,0.0002462574539224766,0.005480770489438861,0.0018157971989784505,0.9924078675130537
17296,3,3,1,0.0009271439748824218,0.02110669394952591,0.0022453802230198118,0.9151739261308991,0.06054685572167272,0.9151739261308991
10032,0,0,1,0.9760329348021265,5.255178529674507e-05,0.020841851734853256,0.00021312968952006745,0.0028595319882032434,0.9760329348021265
15747,1,1,1,3.906106627878437e-05,0.9932308225048051,0.00026331454412239705,0.004623585437323468,0.0018432164474703955,0.9932308225048051
15258,1,1,1,6.447586657965727e-05,0.9813402489422413,0.00022600512395836808,0.015170378472653907,0.003198891594567042,0.9813402489422413
10470,0,0,1,0.9958656409487163,0.0002210724372651567,0.0006064441825050967,0.000425206102051712,0.002881636329461866,0.9958656409487163
19179,4,4,1,0.000251700462255408,0.09910597463827567,0.0007852804343201845,0.009929983402811789,0.8899270610623369,0.8899270610623369
16720,3,3,1,9.977157260258837e-05,0.004004178700958753,0.00029049500635387325,0.9909050045931252,0.004700550126959526,0.9909050045931252
10778,0,0,1,0.9953947910515182,3.565734878394569e-05,0.0021864630757725146,0.0002328526073869727,0.0021502359165382037,0.9953947910515182
10796,0,0,1,0.9530878196793715,8.078649102983071e-05,0.04252360254050061,0.0006236361300013972,0.0036841551590966327,0.9530878196793715
18690,4,4,1,0.00011807708372573433,0.00425478884622939,0.00021382329889968598,0.00018000339339769124,0.9952333073777474,0.9952333073777474
19399,4,4,1,0.017204817315697087,0.00018981499278672542,0.08614675902967801,0.0006037955312236258,0.8958548131306145,0.8958548131306145
18964,4,4,1,0.0031623075224920956,0.03104826610278446,0.001921588007389327,0.0011446779966738123,0.9627231603706604,0.9627231603706604
11645,0,0,1,0.9938660113308115,9.796220597639236e-05,0.004289324604786176,0.00019882256192173581,0.0015478792965040596,0.9938660113308115
14428,1,1,1,2.5653432575179696e-05,0.9938859269532716,0.00013441112815271318,0.0035252259476954008,0.0024287825383049735,0.9938859269532716
13854,2,2,1,0.00062801961412413,2.747076536419181e-05,0.9958276730667882,8.206506891835199e-05,0.0034347714848052126,0.9958276730667882
14343,1,1,1,2.5917629462282685e-05,0.9946940973712285,0.00014376607752000618,0.00394115008843641,0.001195068833352665,0.9946940973712285
18903,4,4,1,0.0003067885324416227,0.07990321282223874,0.0006076281364164026,0.0007741887858389192,0.9184081817230643,0.9184081817230643
13967,1,1,1,4.563171136452075e-05,0.9935186939615673,0.0002815889716170023,0.0051373004396803625,0.001016784915770793,0.9935186939615673
19839,4,4,1,0.20426712423592727,0.0014224258398906264,0.06759117662180977,0.0015193117160508564,0.7251999615863216,0.7251999615863216
17694,3,3,1,0.0013783959030612054,0.017788371970079497,0.0027751567886536758,0.8265963660445035,0.15146170929370203,0.8265963660445035
16832,3,3,1,0.00013200213963429096,0.012851205928573606,0.0003742352478190803,0.9828859337786261,0.0037566229053469413,0.9828859337786261
15572,1,1,1,0.00015122494671305586,0.9926556482833875,0.00017473569639407096,0.0001850168847504217,0.006833374188755064,0.9926556482833875
11009,0,0,1,0.9895135822422934,5.245395700516028e-05,0.0074556155400381146,0.0004612767953836481,0.0025170714652796937,0.9895135822422934
13236,2,2,1,0.09655061877644298,0.0002326675118588468,0.8825589732194997,0.001044688754505605,0.019613051737692812,0.8825589732194997
15246,1,1,1,0.00042173977962728484,0.8542215199988874,0.001921111447330732,0.1258384348713971,0.017597193902757467,0.8542215199988874
12671,2,2,1,0.0012335713583100899,4.771016874307593e-05,0.9689582797936612,0.0005600885496485596,0.029200350129636954,0.9689582797936612
16062,3,3,1,0.001892108989066638,0.0024009950549675036,0.0077449498861710975,0.7494741711880256,0.23848777488176912,0.7494741711880256
13447,2,2,1,0.0016444831212201769,8.116560947199319e-05,0.9577884493014368,0.00029690666396255133,0.04018899530390833,0.9577884493014368
16657,3,3,1,0.0009132968964844231,0.06213775913160621,0.0016544101535101452,0.8832271095427277,0.0520674242756715,0.8832271095427277
18685,4,4,1,0.0003166775113496445,0.006911534003090179,0.0009402941441421193,0.005444552184707393,0.9863869421567106,0.9863869421567106
19571,4,2,0,0.010624960199228593,0.00011678751817128511,0.9640395954066993,0.0005799469610987063,0.024638709914802086,0.9640395954066993
17946,4,4,1,0.0013733062410099374,0.00046184789300472863,0.006632011613845545,0.022880169619395308,0.9686526646327445,0.9686526646327445
10052,0,0,1,0.9680736428853893,4.9917211426329884e-05,0.0298305227298846,0.00017809090264586606,0.0018678262706539313,0.9680736428853893
11664,0,0,1,0.9943411072891366,0.00015060589938304094,0.003618012235652112,0.0002793612106216174,0.001610913365206756,0.9943411072891366
17041,3,3,1,0.0001443139534291983,0.002084330956496886,0.0002463945732547026,0.9926536937334614,0.004871266783357748,0.9926536937334614
15576,1,1,1,0.0002365777425520471,0.9947333362787604,0.0002931929269619596,0.000245200651220474,0.004491692400505242,0.9947333362787604
13566,2,2,1,0.00046684566504400583,3.495977185060953e-05,0.9949110352936842,9.747758427790475e-05,0.004489681685143272,0.9949110352936842
10734,0,0,1,0.9995266329174193,3.1657730224116924e-05,0.0001588510099263367,3.664124805381438e-05,0.0002462170943762936,0.9995266329174193
17879,3,3,1,0.0030215665842924385,0.007039352980977954,0.00922377827211244,0.5694250681528097,0.41129023400980746,0.5694250681528097
13540,2,2,1,0.0007957255139824084,2.3493524945923607e-05,0.9921160945016935,0.00013887793244501766,0.006925808526933147,0.9921160945016935
17206,3,3,1,0.00021342315996567807,0.0891221715350756,0.0006014675967518086,0.8996264366657973,0.010436501042409497,0.8996264366657973
13412,2,2,1,0.0005388418258748298,4.963718796000573e-05,0.9625626137551215,0.00045765492504684337,0.03639125230599672,0.9625626137551215
16079,3,3,1,0.00011461119332729366,0.0029107591457532586,0.00035186285236858716,0.9923276103422123,0.004295156466338699,0.9923276103422123
12908,2,2,1,0.008338986499791147,9.734615890462846e-05,0.969882238036556,0.0011333207054643158,0.02054810859928376,0.969882238036556
17862,3,3,1,0.0002511287225270482,0.0011728674601118978,0.002082411175904558,0.956961678319719,0.03953191432173759,0.956961678319719
17861,3,3,1,0.0006908200681399549,0.0013060987254773638,0.0026805006158678963,0.9309939583341817,0.06432862225633314,0.9309939583341817
14566,1,1,1,4.103767172497555e-05,0.9920961978800095,0.00016606622716775288,0.004795406820336079,0.0029012914007617045,0.9920961978800095
14160,1,1,1,6.153695453344214e-05,0.9853447268312634,0.0003577709616572699,0.005565082782801278,0.00867088246974475,0.9853447268312634
17843,3,3,1,0.0008983805696626768,0.004939996257004043,0.006160540366076502,0.8722828453800893,0.11571823742716754,0.8722828453800893
19843,4,4,1,0.017590881389615464,0.00024934039673723537,0.056079196473352674,0.00046351526766811837,0.9256170664726265,0.9256170664726265
12157,2,2,1,0.0013027435729801046,6.0244051853742154e-05,0.9676631031910421,0.00020586819939277757,0.030768040984731283,0.9676631031910421
10769,0,0,1,0.9991746503179079,6.851904800082062e-05,0.00020610517634030363,8.799699181329586e-05,0.0004627284659376796,0.9991746503179079
10251,0,0,1,0.9805919941456385,4.303608308869906e-05,0.01598263718616684,0.00011574657347064929,0.0032665860116354176,0.9805919941456385
13172,2,2,1,0.004375734495342621,0.0001225620650917193,0.945266784407127,0.0004456926849588549,0.04978922634747984,0.945266784407127
11876,0,0,1,0.9703698123252101,0.0009165275246189319,0.017463364825792776,0.0009108659660981499,0.010339429358280127,0.9703698123252101
13946,1,1,1,5.431439289278469e-05,0.9922936340575118,0.0003066359902635592,0.006339679260684816,0.0010057362986469727,0.9922936340575118
11607,0,0,1,0.9737129454067514,0.0002248949165590073,0.02146520849786302,0.0006096214859204344,0.0039873296929061955,0.9737129454067514
18956,4,4,1,0.00010391173247073942,0.0020295695676136806,0.0001983168394359654,0.0004226511862183441,0.9972455506742613,0.9972455506742613
14583,1,1,1,3.875119904407118e-05,0.991295511181793,0.00017894996127949293,0.006550544643147272,0.0019362430147361472,0.991295511181793
10363,0,0,1,0.9801264170655809,4.2898667628921604e-05,0.0156918158069307,9.587847447061198e-05,0.004042989985388583,0.9801264170655809
16687,3,3,1,0.00036578175362776845,0.001526032518892563,0.0014793015490179274,0.9521427962142553,0.044486087964206236,0.9521427962142553
18155,4,4,1,0.0035894514780044342,0.0006429258078947824,0.0021924923096076796,0.0034572183135123235,0.9901179120909809,0.9901179120909809
15935,1,1,1,2.7006734724119796e-05,0.9936499100062625,0.0001542895426650155,0.004085364648034152,0.0020834290683144118,0.9936499100062625
13852,2,2,1,0.0009992259622212023,4.056959176274905e-05,0.9910678124288076,0.00011990944789188342,0.007772482569316367,0.9910678124288076
16726,3,3,1,0.0003268839230747515,0.014681841300166278,0.0015176211622102444,0.9644128254413749,0.019060828173173786,0.9644128254413749
14845,1,1,1,3.624138934518161e-05,0.9926630378191305,0.0001501820937980072,0.005663140547120997,0.001487398150605369,0.9926630378191305
17204,3,3,1,0.00011774577369617355,0.02691016471747049,0.00035226123373829416,0.9686195966215835,0.004000231653511577,0.9686195966215835
19509,4,4,1,0.0002084952739136901,0.00010702010751491226,0.033060663399808864,0.0001900694414834993,0.966433751777279,0.966433751777279
15098,1,1,1,3.1546305635313796e-05,0.9933805383409481,0.00013793425773175674,0.0047228901576676875,0.0017270909380172712,0.9933805383409481
19219,4,4,1,0.001491691239246329,0.37047736243894996,0.004689519306153714,0.24473350838257937,0.3786079186330706,0.3786079186330706
14250,1,1,1,3.8022901330260736e-05,0.9946846596463785,0.0001730977186391843,0.004317223116422342,0.0007869966172296218,0.9946846596463785
19040,4,4,1,0.0020144848606837534,0.0011711464909408811,0.0076504017904172016,0.08807158463762471,0.9010923822203334,0.9010923822203334
15822,1,1,1,0.00042852650578785136,0.9485943436333468,0.0004716362573872108,0.0007831876026131448,0.04972230600086523,0.9485943436333468
11758,0,0,1,0.994777563664051,0.000102842958675458,0.0039610740337436045,0.00017879121772754368,0.0009797281258022393,0.994777563664051
11622,0,0,1,0.9958249587694958,8.9179357557061e-05,0.003084211796397806,0.00015519437937130102,0.0008464556971782403,0.9958249587694958
18046,4,4,1,0.1632288062343726,0.00024297767050126013,0.0341816344726853,0.0019187586857691873,0.8004278229366716,0.8004278229366716
15411,1,1,1,0.00047671598802215677,0.8015920605600328,0.0040636574468705736,0.17859837603637208,0.015269189968702544,0.8015920605600328
12269,2,2,1,0.039106081508330726,0.00012222471344783487,0.9402677630839978,0.00030939584017240253,0.02019453485405134,0.9402677630839978
19239,4,4,1,0.0005526401461306933,0.006393999643210738,0.0015709469092453313,0.0029966760638295694,0.9884857372375836,0.9884857372375836
13310,2,4,0,0.01109826037025614,0.0008883945963437829,0.043707961984215477,0.04918990612550592,0.8951154769236787,0.8951154769236787
18677,4,4,1,0.013536610533659971,0.001469698362494037,0.02131474746703519,0.005155690238703392,0.9585232533981075,0.9585232533981075
18474,4,4,1,0.0007024357048367887,0.00041845991099466706,0.0033517170918956852,0.01171366479033635,0.9838137225019365,0.9838137225019365
10336,0,0,1,0.9848567686217307,3.293671736666955e-05,0.011132509768691823,8.290061672031073e-05,0.003894884275490502,0.9848567686217307
19543,4,4,1,0.0026450869988069174,0.0001011342650076495,0.05309768612812747,0.00017027301695908957,0.943985819591099,0.943985819591099
17407,3,3,1,0.0006158522159449726,0.004026357832736042,0.0023349099887489833,0.8929808287283175,0.10004205123425242,0.8929808287283175
13935,2,2,1,0.0011015514906423684,4.427651460303693e-05,0.9841352244117079,8.377029946941021e-05,0.014635177283577433,0.9841352244117079
12952,2,2,1,0.2375823602408964,0.0004344630497998625,0.6769889374816435,0.002128954980126955,0.08286528424753337,0.6769889374816435
15706,1,1,1,0.00044953902846629914,0.95959226264218,0.0008129823504712052,0.0028555162855608772,0.036289699693321534,0.95959226264218
13826,2,2,1,0.0004839256849485327,4.372267341270498e-05,0.9659136709859926,0.000187216776590629,0.033371463879055645,0.9659136709859926
18222,4,4,1,0.0034314987874809353,0.0005017425354115415,0.012420607318336817,0.046940135970913656,0.936706015387857,0.936706015387857
19016,4,4,1,0.0016378847143482167,0.09141169596928553,0.0030980359711983087,0.013862604907385606,0.8899897784377824,0.8899897784377824
15542,1,1,1,4.553876898815397e-05,0.988347824478412,0.0003049158940212382,0.009141234945940104,0.0021604859126385855,0.988347824478412
13601,2,2,1,0.14586451690395585,0.00015280636427117083,0.8280740390025898,0.00046312285375711145,0.025445514875426237,0.8280740390025898
18754,4,4,1,0.0010127107031544717,0.00582855489025666,0.0006169506566471097,0.0006985518901913726,0.9918432318597503,0.9918432318597503
19365,4,4,1,0.01809642056352981,0.00021552551182029404,0.3132423758311188,0.0012528739138531356,0.667192804179678,0.667192804179678
17400,3,3,1,0.0005454288470905438,0.003680145305678132,0.001657057620353318,0.9620855136099498,0.03203185461692829,0.9620855136099498
18364,4,4,1,0.0046373782445600946,0.0017910694510189682,0.004782166987984693,0.06401417527671119,0.9247752100397251,0.9247752100397251
11356,0,0,1,0.9434562800146349,0.0002581755092702172,0.005885441887222938,0.00034260436575159865,0.05005749822312054,0.9434562800146349
12811,2,2,1,0.001051172135549172,4.552328669933413e-05,0.9844858772498929,8.055849447587374e-05,0.014336868833382536,0.9844858772498929
10189,0,0,1,0.9829856753132464,4.1538434905915366e-05,0.013599742145142008,0.0001336849369908895,0.0032393591697146926,0.9829856753132464
19893,4,4,1,0.001000803656814939,0.0001406321512659367,0.043572001752989135,0.00025484705312023086,0.9550317153858099,0.9550317153858099
13461,2,2,1,0.0012201609991296285,5.3977734017486714e-05,0.9522112467164339,0.00024984877460517357,0.04626476577581395,0.9522112467164339
18044,4,4,1,0.0014131589067838673,0.0009103074866116003,0.021180228151177986,0.06677005522138299,0.9097262502340436,0.9097262502340436
14991,1,1,1,9.982361916964808e-05,0.9745514859908883,0.0006497780946254345,0.01832928824956237,0.0063696240457543915,0.9745514859908883
12475,2,2,1,0.0023085339151718105,3.3848563028028366e-05,0.9913925002916414,0.00011149870571344236,0.006153618524445452,0.9913925002916414
12333,2,2,1,0.058903630019549715,0.00027792149715180533,0.894474830032249,0.0027377782494768742,0.04360584020157257,0.894474830032249
12956,2,2,1,0.009507559413325392,0.0003269836761127565,0.9132467229702295,0.008740519990625766,0.06817821394970663,0.9132467229702295
11735,0,0,1,0.8748815561790126,0.00013011499435066156,0.11300373079349077,0.0007887784145273761,0.011195819618618538,0.8748815561790126
16835,3,3,1,0.0004141887579511327,0.047869456390072056,0.0025676838500288124,0.9351145551141159,0.014034115887832207,0.9351145551141159
14075,1,1,1,3.004570740966675e-05,0.9943956104730626,0.0001210757865170448,0.00416327272445673,0.0012899953085537075,0.9943956104730626
11411,0,0,1,0.99371350303547,6.417993539146337e-05,0.0027392865449785706,0.00012969871356141441,0.003353331770598428,0.99371350303547
13649,2,2,1,0.0017343512386993403,4.844663230857313e-05,0.9888816898116148,0.00011705004420550608,0.009218462273172053,0.9888816898116148
12226,2,2,1,0.0016214875838366546,2.0036789427573827e-05,0.9951046601797897,7.435385616481673e-05,0.003179461590781154,0.9951046601797897
14700,1,1,1,2.7527681219631952e-05,0.9945972718734902,0.0001322112731518473,0.0035002934260623935,0.0017426957460757772,0.9945972718734902
18407,4,4,1,0.2477367133732825,0.0003604038658027131,0.03113752162425359,0.0015662162931840955,0.7191991448434771,0.7191991448434771
14890,1,1,1,2.8578530845105313e-05,0.9946662266581445,0.00012579499674376514,0.004314091784773452,0.0008653080294931222,0.9946662266581445
11947,0,0,1,0.9921948046168405,0.00014496332829380513,0.006255882017683715,0.0002452390857727367,0.0011591109514093403,0.9921948046168405
15808,1,1,1,3.873459465353829e-05,0.990764496990283,0.00017276093097481963,0.002620385998228981,0.006403621485859691,0.990764496990283
14294,1,1,1,2.8315279215510314e-05,0.9951198765607479,0.00011244810798863264,0.0037353142759375298,0.001004045776110287,0.9951198765607479
10195,0,0,1,0.9192782755166784,7.212467539397283e-05,0.073282567026157,0.00026030527458296407,0.0071067275071878735,0.9192782755166784
10511,0,0,1,0.999216888800965,6.053557243366592e-05,0.00030173743475634817,4.100885662087986e-05,0.000379829335224168,0.999216888800965
12730,2,2,1,0.0014806333373464304,7.581675884911277e-05,0.9777681746930579,0.0002380083138680949,0.0204373668968784,0.9777681746930579
13180,2,2,1,0.002008831256672573,6.815904370972346e-05,0.9851136869681181,0.00015449101963695836,0.012654831711862713,0.9851136869681181
12255,2,2,1,0.006231744479353922,5.737586646207299e-05,0.9726858711373669,0.0003279025322416006,0.020697105984575487,0.9726858711373669
12820,2,2,1,0.0020618966646322196,9.724933061983453e-05,0.9914363412542188,0.0002400870482192257,0.006164425702310086,0.9914363412542188
12744,2,2,1,0.0010397596941767843,2.092821011204136e-05,0.9960704827236811,9.378135999237519e-05,0.002775048012037636,0.9960704827236811
14298,1,1,1,2.0423297091166735e-05,0.9952218435977621,0.00011324539901409679,0.0038733687258019674,0.0007711189803306234,0.9952218435977621
14032,1,1,1,4.182140038644893e-05,0.9889775664034045,0.00018128303986194466,0.008780036044296839,0.002019293112050093,0.9889775664034045
10599,0,0,1,0.9866888469246781,0.00017984774517386122,0.0045655388770439965,0.0006637338114401542,0.007902032641663856,0.9866888469246781
17179,3,3,1,0.00010989272200909356,0.015721479382600285,0.000328032588439167,0.9786848009123352,0.005155794394616316,0.9786848009123352
10527,0,0,1,0.9995222505298964,3.9054117108739314e-05,0.0001870131537778046,3.589775114990367e-05,0.00021578444806727226,0.9995222505298964
13725,2,2,1,0.0012049612180731154,4.535215755328514e-05,0.9846670148143659,8.466831911138278e-05,0.013998003490896473,0.9846670148143659
12378,2,2,1,0.0030503967847167342,5.069456675508763e-05,0.9786928675254677,0.00015730233497305286,0.018048738788087496,0.9786928675254677
10774,0,0,1,0.9938010442144446,3.323610035612034e-05,0.0045472608217783156,0.00018839996526677838,0.0014300588981542104,0.9938010442144446
15893,1,1,1,0.0006348704897722542,0.9635420757449956,0.0004903230434663424,0.002777649370561372,0.0325550813512041,0.9635420757449956
14575,1,1,1,0.00014192361821257615,0.9829178819556952,0.0006991889139759429,0.013318114491181478,0.002922891020934824,0.9829178819556952
15544,1,1,1,4.587381733473386e-05,0.9898845223354755,0.00019982795465733425,0.0075533223184841795,0.0023164535740482,0.9898845223354755
12962,2,2,1,0.0006853466912832676,3.657306204655556e-05,0.9943554409316916,9.997246815183523e-05,0.00482266684682701,0.9943554409316916
17904,3,3,1,0.0003135594791666698,0.0017650299164647953,0.001994775705592723,0.9623376528378802,0.03358898206089555,0.9623376528378802
16859,3,3,1,0.0003238875396431615,0.026486115594913855,0.0011708601402473607,0.9542939666593715,0.01772517006582405,0.9542939666593715
18521,4,4,1,0.0030031488164861215,0.010771788098872621,0.017029384760183588,0.1889350604146249,0.7802606179098328,0.7802606179098328
10708,0,0,1,0.9632792154175186,0.0014509718470958998,0.003367217354851765,0.005234267657309696,0.026668327723224042,0.9632792154175186
17763,3,3,1,0.0012130373009954162,0.0042941553987663654,0.006613976993724628,0.6891137129547185,0.2987651173517951,0.6891137129547185
10547,0,0,1,0.9995482276661137,3.542472728540127e-05,0.00018359625699428494,3.1056288583912526e-05,0.00020169506102275954,0.9995482276661137
14307,1,1,1,4.652341483480633e-05,0.9910818116074743,0.0002009920820800343,0.005726494321894406,0.0029441785737165456,0.9910818116074743
10872,0,0,1,0.99443132420954,4.08664119290411e-05,0.0025592453476076895,0.00027579997137568385,0.0026927640595477286,0.99443132420954
14418,1,1,1,2.532066868496241e-05,0.9955567955695901,0.000104111034059787,0.003501145279401508,0.0008126274482636749,0.9955567955695901
11489,0,0,1,0.9967004245579705,4.245357649326929e-05,0.002202080794752338,0.00010155431014396926,0.0009534867606398081,0.9967004245579705
11109,0,0,1,0.9766842217617347,4.9947383817351594e-05,0.02010956496337174,0.0003527893470951083,0.0028034765439810035,0.9766842217617347
17641,3,3,1,0.00036823651510990073,0.000957234076838649,0.0012473575850160126,0.9637306008563377,0.03369657096669766,0.9637306008563377
19520,4,4,1,0.005081737915509539,0.0003029601142508752,0.17599993192734653,0.00047998040102973706,0.8181353896418632,0.8181353896418632
14718,1,1,1,4.8425477675611154e-05,0.9893451873635364,0.00018476691827792,0.007286157230311567,0.0031354630101985445,0.9893451873635364
18821,4,3,0,0.0014523515835433566,0.22584397455549518,0.008246977707547393,0.4874003419540117,0.27705635419940233,0.4874003419540117
13230,2,2,1,0.002132517030090454,0.00013510563539110033,0.9607561758697732,0.0070466019323051025,0.029929599532439947,0.9607561758697732
13945,1,1,1,2.177968400002203e-05,0.9949055039808212,0.00012117290919110623,0.004201047301261568,0.0007504961247259158,0.9949055039808212
13682,2,0,0,0.5888248329107292,0.00016731700586408325,0.4021997317819729,0.0008447842632618287,0.007963334038171925,0.5888248329107292
19149,4,4,1,3.942171993043654e-05,0.0025646686812064224,9.246264793388344e-05,0.0001337868950835564,0.9971696600558457,0.9971696600558457
10806,0,0,1,0.9869428659061849,4.0490534696661595e-05,0.010604440298313847,0.0002835408739112874,0.002128662386893151,0.9869428659061849
11938,0,0,1,0.9959793062385534,7.262154813205374e-05,0.003101965009521454,0.00010371256390470083,0.0007423946398884459,0.9959793062385534
13195,2,2,1,0.0005180059444769784,2.6842583744981804e-05,0.9968626364294976,7.362180224141804e-05,0.002518893240039104,0.9968626364294976
12756,2,2,1,0.0008978660794296016,5.370588581145643e-05,0.9843140177806919,0.0001115847442181534,0.014622825509849008,0.9843140177806919
14037,1,1,1,5.108575660796055e-05,0.9917027807463481,0.00017982538165939573,0.006886045994183694,0.0011802621212008066,0.9917027807463481
17577,3,3,1,0.0018284217219635074,0.0014144241462716227,0.0023146625144179027,0.8641629622684917,0.13027952934885523,0.8641629622684917
17066,3,3,1,0.0012983099537230377,0.08317703352301514,0.0024047280666475617,0.8795828536709018,0.03353707478571236,0.8795828536709018
17874,3,3,1,0.0004868713390095166,0.0008743703976060487,0.0022011466054179013,0.9375847870907758,0.058852824567190806,0.9375847870907758
12153,2,2,1,0.0036484076231809337,3.133295551143852e-05,0.9922828624655935,0.00017084212754643662,0.0038665548281678337,0.9922828624655935
18420,4,4,1,0.00745823892111916,0.002452236183220153,0.11840008777176399,0.2745756219551707,0.5971138151687261,0.5971138151687261
14373,1,1,1,8.032151588882566e-05,0.984494656182233,0.00030990195114137086,0.007123231439968175,0.007991888910768895,0.984494656182233
11371,0,0,1,0.9954833354686461,5.914577987887127e-05,0.0028992943613016294,0.00012474128867941383,0.0014334831014939603,0.9954833354686461
18638,4,4,1,0.00019607431661013329,0.010806807898484372,0.0009410247533998157,0.015574720260960902,0.9724813727705448,0.9724813727705448
17536,3,3,1,0.00044839783119421313,0.0017655912548517189,0.002458249024999691,0.9435568891416584,0.051770872747295874,0.9435568891416584
17967,4,4,1,0.0023172297325397937,0.002970150438988637,0.014122392864139278,0.3447606768268825,0.6358295501374498,0.6358295501374498
15877,1,1,1,2.5550863562301628e-05,0.9948248429155396,0.00012560704623689674,0.003477226938603388,0.001546772236057703,0.9948248429155396
11716,0,0,1,0.9948571257846608,0.00011093902240309289,0.0032674011889899162,0.0001830307931890447,0.0015815032107570019,0.9948571257846608
15906,1,1,1,0.00013636576353416214,0.9936704683405885,0.00018201657850517292,0.0001641392665132507,0.005847010050858737,0.9936704683405885
12203,2,2,1,0.022682258757585512,0.00019814621954511688,0.9492411354908781,0.0005652790403240105,0.02731318049166735,0.9492411354908781
13048,2,2,1,0.0009851773835923949,4.7658167986831426e-05,0.9859747449619927,0.00010020423036456025,0.012892215256063402,0.9859747449619927
14031,1,1,1,3.0476267317951216e-05,0.9922283737436345,0.0001604793003705528,0.005030435671586272,0.0025502350170906723,0.9922283737436345
16421,3,3,1,0.00033684382904477497,0.015893794274039176,0.001269752992025445,0.9611893318945685,0.02131027701032221,0.9611893318945685
12365,2,2,1,0.001959720727445754,3.985383623435161e-05,0.9826876090327168,0.00011206971802157727,0.01520074668558165,0.9826876090327168
14759,1,1,1,3.2642663305157535e-05,0.9880073634073654,0.00022175558174457113,0.007800894779995433,0.00393734356758947,0.9880073634073654
16956,3,3,1,0.00024300739631872954,0.00543496111546883,0.0011795548909254074,0.9801982794071673,0.012944197190119541,0.9801982794071673
11337,0,0,1,0.9849451770747868,9.681209066374793e-05,0.009918975115254735,0.00020814809053450596,0.00483088762876029,0.9849451770747868
17392,3,3,1,0.001530917839796331,0.004678326149035797,0.00310935150919032,0.8335246595281833,0.15715674497379428,0.8335246595281833
13825,2,2,1,0.0001909392661935627,9.260805909855461e-05,0.9475810164027233,0.00028345908439360296,0.051851977187591096,0.9475810164027233
10430,0,0,1,0.9995326072609151,3.353887713221221e-05,0.00023652672925755295,2.654576625743832e-05,0.00017078136643764865,0.9995326072609151
11629,0,0,1,0.9899075830851112,0.00029074684031943143,0.006596509190486019,0.000573542737439409,0.002631618146643895,0.9899075830851112
17554,3,3,1,0.0007271121557452266,0.0023467070456287824,0.0011657589560114703,0.9564098245570547,0.0393505972855599,0.9564098245570547
15135,1,1,1,2.381681291298489e-05,0.9948593317271277,0.0001274911918356583,0.003755229473612405,0.0012341307945112592,0.9948593317271277
12535,2,2,1,0.0008516015532136094,2.7644487896571436e-05,0.9934397381872312,0.00011626183806551047,0.005564753933593109,0.9934397381872312
15247,1,1,1,4.979165020654867e-05,0.9877836602279773,0.00021823922988893814,0.009505701712682892,0.0024426071792444056,0.9877836602279773
18179,4,3,0,0.0004373256354354068,0.003704139388667515,0.001306427848256164,0.9492490678552284,0.045303039272412325,0.9492490678552284
15183,1,1,1,0.0002944352893617264,0.8515982034306881,0.0007434216626244634,0.14168412861276952,0.005679811004555957,0.8515982034306881
17526,3,3,1,0.0006562634092961737,0.006084241739033788,0.005374332382600884,0.9466888941158242,0.041196268353244914,0.9466888941158242
18837,4,4,1,4.4798919679825067e-05,0.0036009052229676176,0.00011868364950204487,0.0002956813793135129,0.995939930828537,0.995939930828537
16394,3,3,1,0.0017348998297639136,0.026851551918968722,0.008101710708455877,0.8818931942096017,0.08141864333320975,0.8818931942096017
16418,3,3,1,0.00038433287214287385,0.07180917787167584,0.0014053155537936822,0.9187156502906411,0.007685523411746502,0.9187156502906411
18825,4,4,1,0.0001745459151887054,0.022866085943230304,0.0004635068983649278,0.0017747687846347382,0.9747210924585814,0.9747210924585814
19402,4,4,1,0.00011596549258262443,7.486523477874088e-05,0.04087471583777551,0.0002525307209573281,0.9586819227139058,0.9586819227139058
10920,0,0,1,0.8789216496149248,0.00032105026223439964,0.024553624016898097,0.005225577938657699,0.09097809816728507,0.8789216496149248
14880,1,1,1,0.00011808646646619847,0.9860941525610352,0.0004032639283817366,0.01002737819541944,0.0033571188486974024,0.9860941525610352
16665,3,3,1,0.0004109890836501983,0.009687141326443802,0.0022136263954317514,0.9526108658239387,0.035077377370535456,0.9526108658239387
18312,4,4,1,0.003768204310058645,0.002752380803556686,0.013790291872862273,0.2045709093934961,0.7751182136200262,0.7751182136200262
18422,4,4,1,0.0020873133612575047,0.0006264943085720931,0.0028356469579880264,0.0041165924656422475,0.99033395290654,0.99033395290654
14396,1,1,1,3.688870497808773e-05,0.9921384741427612,0.00018098080424565913,0.004501140314890808,0.003142516033124391,0.9921384741427612
10865,0,0,1,0.9929441661625029,3.5219983621546385e-05,0.005299179001263412,0.00020003764281622223,0.0015213972097962156,0.9929441661625029
17242,3,3,1,0.0007761885997495115,0.48942928827382265,0.0025425890836984913,0.4897802969036687,0.017471637139060674,0.4897802969036687
18154,4,4,1,0.004636765684499401,0.000320477608957743,0.03617568722168792,0.006462023124122278,0.9524050463607328,0.9524050463607328
13354,2,2,1,0.00037353914262809,4.7743446585878493e-05,0.9875087862854427,0.00016627195737019384,0.011903659167973202,0.9875087862854427
15208,1,1,1,4.6292326788610715e-05,0.9882209765278732,0.0002904062192667074,0.0056023189749944,0.00584000595107696,0.9882209765278732
10151,0,0,1,0.9753144138605526,3.971746694308811e-05,0.021315856707365098,0.00012073269259722917,0.0032092792725419593,0.9753144138605526
18737,4,4,1,0.0004116432494531707,0.1178001015570638,0.0023574290809968497,0.04529837302165725,0.834132453090829,0.834132453090829
13308,2,2,1,0.002517463723477944,0.00011423481402453538,0.969982117641262,0.00017895106007905607,0.027207232761156646,0.969982117641262
12323,2,2,1,0.01326999675362108,0.00021916575692437984,0.9016309550738744,0.0008421921041354375,0.08403769031144491,0.9016309550738744
18736,4,4,1,0.00018828438758797486,0.0016298498033460915,0.0003841755757312704,0.00046848961484493017,0.9973292006184896,0.9973292006184896
14009,1,1,1,5.355868829631026e-05,0.9891365471403626,0.00025365321472174815,0.009019371771059024,0.001536869185560331,0.9891365471403626
15086,1,1,1,6.285012447357368e-05,0.9904834886094782,0.0008316524211506991,0.006981054475904705,0.0016409543689928524,0.9904834886094782
11082,0,0,1,0.9951199584124895,2.896430719236848e-05,0.0033068314942201545,0.00018546831540267823,0.0013587774706954106,0.9951199584124895
10732,0,0,1,0.9994393573955873,3.68591194808014e-05,0.00017373828163200295,4.685961046131181e-05,0.00030318559283854624,0.9994393573955873
18969,4,4,1,0.0010259154494691083,0.0030929719689650427,0.0009084777346201433,0.0008077917809659364,0.9941648430659797,0.9941648430659797
16959,3,3,1,0.00024594499642507944,0.06374523149445807,0.0007667520162795172,0.9182231166268836,0.01701895486595366,0.9182231166268836
13965,1,1,1,2.2691682157930115e-05,0.9940932534274048,0.00011320380566656507,0.004082216506571083,0.001688634578199536,0.9940932534274048
12274,2,2,1,0.004271439375016745,0.0001345355902724019,0.9844359042625507,0.0012664400882186186,0.00989168068394169,0.9844359042625507
10989,0,0,1,0.9935033781640579,6.910214900110475e-05,0.0030794981064818567,0.00034898517408653,0.0029990364063727268,0.9935033781640579
17993,4,3,0,0.0020111175271960466,0.007247224449337322,0.011319562187619436,0.7385433872716746,0.24087870856417265,0.7385433872716746
14048,1,1,1,5.416405007908941e-05,0.9892588484555739,0.00021661459116481928,0.007995374306751787,0.0024749985964303604,0.9892588484555739
13107,2,2,1,0.0029584660991155455,0.000180308918476494,0.9520857185671965,0.0004079172115852134,0.04436758920362646,0.9520857185671965
15847,1,1,1,2.7972628992127462e-05,0.9940907548626063,9.93158606876937e-05,0.003081413159284015,0.0027005434884299134,0.9940907548626063
17131,3,3,1,0.00010683303522545835,0.011185416730235471,0.00030053362635170793,0.9837601072596807,0.004647109348506848,0.9837601072596807
17228,3,3,1,0.0001359492513367827,0.03334771765587796,0.00042402682023182895,0.9614224533641339,0.00466985290841954,0.9614224533641339
19513,4,4,1,0.0036570491053381053,0.00013757648591873834,0.29963260625803595,0.0003009690829360868,0.6962717990677711,0.6962717990677711
18184,4,4,1,0.003043381888491157,0.002036656378268259,0.007333952481042227,0.06943761544024318,0.9181483938119552,0.9181483938119552
12403,2,2,1,0.0024656463118577143,3.676603325991675e-05,0.9887341721626501,0.00010691327217100162,0.008656502220061164,0.9887341721626501
10509,0,0,1,0.9993795696169775,3.984645472056311e-05,0.00027528518463863295,3.7053065747716176e-05,0.0002682456779156711,0.9993795696169775
16991,3,3,1,0.0005495474931279292,0.028947925404783165,0.0017948448755132154,0.9196460302443424,0.049061651982233175,0.9196460302443424
13420,2,2,1,0.01071771968874164,0.0001679920498110887,0.9307572384612437,0.0024984831229541422,0.05585856667724926,0.9307572384612437
14143,1,1,1,2.9603701031114622e-05,0.9933450211838281,0.00016107915329600751,0.0038354356014524736,0.002628860360392325,0.9933450211838281
13641,2,2,1,0.2874377562779181,0.0002488104853907439,0.6880895203121743,0.0014924481436969274,0.022731464780819832,0.6880895203121743
11821,0,0,1,0.9839554727963016,9.259883547585477e-05,0.013775523018337149,0.0002197749819910178,0.0019566303678943257,0.9839554727963016
10522,0,0,1,0.9936082752857509,0.0004369220228087913,0.0015361970286978364,0.0006460417750045857,0.0037725638877378065,0.9936082752857509
16230,3,3,1,8.471259626164421e-05,0.005937612576426739,0.00023613192615890713,0.9904792341246653,0.0032623087764874193,0.9904792341246653
11321,0,0,1,0.9746650096865075,0.0001639433760883454,0.005899487536225862,0.0002729009660658536,0.01899865843511259,0.9746650096865075
17317,3,3,1,0.00273348339719852,0.0010993514030922062,0.006482142007471362,0.8035207948191647,0.18616422837307312,0.8035207948191647
13881,2,2,1,0.0002401428971557799,6.192281121165654e-05,0.9854072128448679,0.0003721487545622154,0.013918572692202424,0.9854072128448679
11748,0,0,1,0.9956078469782452,8.537210647851025e-05,0.0031018291610406213,0.00015944012205963739,0.0010455116321759635,0.9956078469782452
19883,4,4,1,0.4584656164633594,0.0007348856619939601,0.05158609480330019,0.001167323448187537,0.48804607962315877,0.48804607962315877
19913,4,4,1,0.0019430447590334517,0.0005842764850078942,0.16282348251937484,0.0008017266071759469,0.8338474696294079,0.8338474696294079
10878,0,0,1,0.9938792116071783,6.111675631927625e-05,0.0028260445770252186,0.0003641178369556236,0.002869509222521676,0.9938792116071783
13480,2,2,1,0.06197404086117889,0.0001622017126151817,0.9167911611046087,0.002010012132313834,0.01906258418928332,0.9167911611046087
14243,1,1,1,2.371304473902714e-05,0.9952789777975312,8.727060044717345e-05,0.0031462250301351447,0.0014638135271475845,0.9952789777975312
11042,0,0,1,0.9948775977466485,3.0495527855571348e-05,0.003496693395135151,0.00018847792826430203,0.0014067354020964222,0.9948775977466485
19022,4,4,1,0.0005116707007240767,0.004146363490356006,0.001409544170813563,0.0019079447174404098,0.992024476920666,0.992024476920666
12860,2,2,1,0.0013988146396693019,0.00027426599451758796,0.7929500338150763,0.0005998162373901553,0.20477706931334652,0.7929500338150763
13482,2,2,1,0.00864077043410256,0.00018085427600968553,0.958812663790163,0.00038378653847739457,0.03198192496124739,0.958812663790163
10227,0,0,1,0.9716379909490819,4.825638912155235e-05,0.024855471277655736,0.00017972724306166752,0.0032785541410792003,0.9716379909490819
18438,4,3,0,0.0012202602279268082,0.005499551838687481,0.010813955088705597,0.6695540232164754,0.31291220962820465,0.6695540232164754
13324,2,2,1,0.010105419677452813,8.678570636489521e-05,0.9740781157240137,0.0002939144176831924,0.015435764474485308,0.9740781157240137
11377,0,0,1,0.9948935358763263,4.726995309320783e-05,0.004143068002126532,0.00012988342083146605,0.0007862427476223163,0.9948935358763263
12509,2,2,1,0.018367872668217444,8.43568813529285e-05,0.9505267686508759,0.00020654148202204226,0.030814460317531586,0.9505267686508759
10519,0,0,1,0.8105396260650275,0.0033535379145270246,0.024014235541877985,0.017538461882850548,0.14455413859571692,0.8105396260650275
11294,0,0,1,0.9774637097504958,0.0001647472557324797,0.008296153228963554,0.0002952819493440785,0.013780107815463877,0.9774637097504958
11536,0,0,1,0.9934573249810815,4.97961314835163e-05,0.0052886991533082975,0.00014392621012587658,0.0010602535240006792,0.9934573249810815
11619,0,0,1,0.9938870721701784,0.00018622965505770935,0.003908809803162467,0.0003447801758938737,0.001673108195707725,0.9938870721701784
18074,4,4,1,0.003155418556948137,0.000990437172132716,0.04401464802228646,0.024728214977483853,0.9271112812711487,0.9271112812711487
11873,0,0,1,0.9802939918845911,0.00012062541258326366,0.016700797567657025,0.0003008052775749281,0.0025837798575939377,0.9802939918845911
15331,1,1,1,0.00012124177187661194,0.9714480691754792,0.0008341653487542496,0.024070641117823918,0.0035258825860660955,0.9714480691754792
10544,0,0,1,0.9991009140035194,7.023358931639239e-05,0.00028351856249038486,6.796891662761472e-05,0.0004773649280464168,0.9991009140035194
14965,1,1,1,2.6127467788262047e-05,0.9950732264670384,0.00012305555325614343,0.003908301160905874,0.0008692893510113913,0.9950732264670384
11213,0,0,1,0.9527255092249737,0.00023548989136133752,0.019816896874730604,0.000476480982831793,0.0267456230261027,0.9527255092249737
13930,2,2,1,0.0025675216281420645,0.00020081659712370013,0.9018243207692409,0.00048483755805250797,0.09492250344744091,0.9018243207692409
18989,4,4,1,0.00015742094147605355,0.003685951293674466,0.0003074847883850235,0.0005813822672701624,0.9952677607091942,0.9952677607091942
13830,2,2,1,0.009729320547584666,0.00017696520209134454,0.9591339530272184,0.00038338416324738194,0.03057637705985828,0.9591339530272184
19528,4,4,1,0.08614858715088775,0.0015690890137157892,0.08766185447955667,0.0013495660158770668,0.8232709033399627,0.8232709033399627
10559,0,0,1,0.9988614998952109,0.00010633934182203151,0.00023413168083506533,0.00012056794009746411,0.0006774611420347619,0.9988614998952109
19567,4,4,1,0.006848985173571807,0.00023823024249867335,0.009713002886984998,0.00035127810729104514,0.9828485035896536,0.9828485035896536
17013,3,3,1,7.324383649864855e-05,0.0038501395212318214,0.000189576104211729,0.993169910559747,0.0027171299783107466,0.993169910559747
16949,3,3,1,0.000399033760537214,0.098946180210856,0.002417748533717956,0.8814480253184962,0.01678901217639271,0.8814480253184962
11119,0,0,1,0.9875907127757958,9.100518724457998e-05,0.00496216365082459,0.0009470058712131494,0.00640911251492173,0.9875907127757958
14226,1,1,1,2.8131634277709133e-05,0.9920767972890553,0.0001679346819965399,0.005251155617135626,0.0024759807775345524,0.9920767972890553
10961,0,0,1,0.9857495358596766,7.704968836292273e-05,0.00721225581165618,0.0008240536469803836,0.006137104993323682,0.9857495358596766
16992,3,3,1,8.948609071879075e-05,0.003414899821672335,0.00020181597522828554,0.9930163991560076,0.0032773989563730623,0.9930163991560076
19053,4,4,1,0.0063295680026916115,0.0009535256647246623,0.011006581916774316,0.007644850732201533,0.9740654736836079,0.9740654736836079
18408,4,4,1,0.006498891244694428,0.0003802810535713652,0.016520362404815143,0.006201977355214732,0.9703984879417044,0.9703984879417044
11528,0,0,1,0.9900896932313763,9.043386890499054e-05,0.007312736408367087,0.00018423566570573418,0.0023229008256458556,0.9900896932313763
10750,0,0,1,0.9994572446112152,3.308851140949125e-05,0.0001731592881536907,4.023077320369243e-05,0.0002962768160179158,0.9994572446112152
16897,3,3,1,0.00033749704203466554,0.011157665701045203,0.0014102085191218937,0.9404463504429355,0.04664827829486273,0.9404463504429355
17306,3,3,1,0.0006399936659045768,0.005360266969399005,0.0012688089504689084,0.9454718846519167,0.04725904576231089,0.9454718846519167
12101,2,2,1,0.0003147115878491002,4.3091170305885e-05,0.9782611220368282,0.0002944624642590918,0.021086612740757654,0.9782611220368282
18547,4,4,1,0.002195384595841716,0.09658303441847504,0.010101367424094444,0.3309362490648437,0.560183964496745,0.560183964496745
18190,4,4,1,0.0014420498015562764,0.0032445275595227702,0.01151039146128057,0.3163612146492255,0.6674418165284149,0.6674418165284149
14313,1,1,1,3.440732589228885e-05,0.9928052870760021,0.00016471815045332894,0.004371829609214827,0.0026237578384373525,0.9928052870760021
14261,1,1,1,3.6083499554801056e-05,0.9934331839595665,0.0001562816308123307,0.002728910444604861,0.003645540465461412,0.9934331839595665
12913,2,2,1,0.014450808189902986,7.162905350136806e-05,0.972527398389039,0.00018387274096764658,0.012766291626589118,0.972527398389039
17386,3,3,1,0.0009455773626631758,0.0137111478317562,0.002006705901273096,0.845118234135343,0.1382183347689643,0.845118234135343
17174,3,3,1,0.0004592908600646228,0.2949392332611995,0.0012936218450429122,0.672039210886893,0.031268643146799995,0.672039210886893
19726,4,4,1,0.020948248654932274,0.0014903563505004247,0.03204260755153849,0.0010079203482546266,0.944510867094774,0.944510867094774
10793,0,0,1,0.9855666031754312,4.567559679850182e-05,0.01194540154292447,0.00026215218427338906,0.002180167500572236,0.9855666031754312
14400,1,1,1,5.6000300691230134e-05,0.9857691288351303,0.0003379091250272434,0.011404665468116214,0.002432296271034948,0.9857691288351303
14956,1,1,1,0.00012994409947961723,0.954680174082705,0.0005833564055881849,0.041603016491707244,0.003003508920520153,0.954680174082705
15399,1,1,1,2.9998622874177403e-05,0.9947226654617507,0.0001475347256839481,0.0032194763696183435,0.0018803248200730887,0.9947226654617507
15142,1,1,1,7.862059016163435e-05,0.9583623602094932,0.00030975806178310574,0.03649768052507209,0.0047515806134898276,0.9583623602094932
14783,1,1,1,2.428776749527498e-05,0.9947658562726147,0.00012494117436911823,0.0034868959356294995,0.0015980188498913462,0.9947658562726147
11894,0,0,1,0.9957680224825748,8.979504147570596e-05,0.0031816515134078633,0.0001348974679003379,0.0008256334946410848,0.9957680224825748
11457,0,0,1,0.9809078312708778,0.00013708923900192796,0.004780343292590428,0.00019395692997163622,0.013980779267558016,0.9809078312708778
16075,3,3,1,0.0003025363124005374,0.01317181509221385,0.0007119429037017034,0.978681998700418,0.007131706991265779,0.978681998700418
10845,0,0,1,0.9947192226269784,4.0478179544235566e-05,0.0027805708518522554,0.0002659715847609864,0.0021937567568638427,0.9947192226269784
19511,4,4,1,0.006649823572427363,0.0006470980669545527,0.3976434193500292,0.0012933099044198637,0.593766349106169,0.593766349106169
13838,2,2,1,0.0013058624373302932,5.545764916597395e-05,0.9940457327645392,0.00017287985188233813,0.004420067297082308,0.9940457327645392
17742,3,3,1,0.00028147089174069217,0.0006490539252958857,0.0013332637105515463,0.9602200765918992,0.037516134880512704,0.9602200765918992
18646,4,4,1,0.00011174815432463333,0.010795004994267601,0.00022097405826587222,0.0002748400740235075,0.9885974327191184,0.9885974327191184
19737,4,4,1,0.0009701059622204584,8.474397720934163e-05,0.21757161198052433,0.000297745662067177,0.7810757924179788,0.7810757924179788
17822,3,3,1,0.0002520088693343387,0.0013502337778213867,0.0024336698792899276,0.942292879457912,0.053671208015642416,0.942292879457912
17680,3,3,1,0.0012047975039932658,0.00621040295620262,0.00343602861762827,0.621059196999345,0.3680895739228309,0.621059196999345
15018,1,1,1,6.263343457042151e-05,0.9714439624114416,0.0003128796663461052,0.025709138220376456,0.00247138626726555,0.9714439624114416
18368,4,4,1,0.0004387919141146339,0.0004274030201629466,0.007619327628266464,0.007242052859296901,0.984272424578159,0.984272424578159
12293,2,2,1,0.0007915370115482718,2.808708354258395e-05,0.9947660443612939,0.00013646891985075313,0.004277862623764511,0.9947660443612939
11677,0,0,1,0.9959102935813123,0.00013793933564086822,0.0026695994504909583,0.00025118819888526536,0.0010309794336707174,0.9959102935813123
18310,4,4,1,0.006529174087084562,0.0018544254122715223,0.018348201079733905,0.23828262650603835,0.7349855729148717,0.7349855729148717
13681,2,2,1,0.000860568608170106,4.5571364355651445e-05,0.9862636824771874,8.897748787173957e-05,0.01274120006241506,0.9862636824771874
12916,2,2,1,0.002409295253229513,6.299701746494642e-05,0.9913730718345264,0.0002397486664054518,0.005914887228373675,0.9913730718345264
10378,0,0,1,0.9852804008602211,3.7787476895687575e-05,0.01218906676633056,0.0001305665042877594,0.002362178392265035,0.9852804008602211
11531,0,0,1,0.9966051863529375,3.97640419280443e-05,0.0026246639985615726,9.168474251347377e-05,0.0006387008640595994,0.9966051863529375
18355,4,4,1,0.01639953109132859,0.00036068263730964595,0.07054960800515117,0.00385299803652786,0.9088371802296827,0.9088371802296827
11497,0,0,1,0.9909772000775249,6.915907786553477e-05,0.006242735630396174,0.00019274953969016222,0.0025181556745233124,0.9909772000775249
14625,1,1,1,7.264665575820858e-05,0.9547249371790217,0.0002998814774337016,0.04208745898969012,0.0028150756980962464,0.9547249371790217
15353,1,1,1,3.328640083995805e-05,0.99256514823201,0.00014509948278200373,0.005750022000549046,0.0015064438838192867,0.99256514823201
14586,1,1,1,2.834719374413439e-05,0.9940695205910645,0.00015661877057286113,0.004326342818935932,0.0014191706256824243,0.9940695205910645
16645,3,3,1,0.0001401054505513402,0.013872828438378918,0.000515576963041483,0.9783788950002279,0.007092594147800314,0.9783788950002279
14684,1,1,1,2.0272197036056035e-05,0.9943729534916952,0.00010482524125673235,0.004269995094007919,0.0012319539760041085,0.9943729534916952
13591,2,2,1,0.003455420808874345,4.225932565260393e-05,0.9833794144094491,0.00012506708013775426,0.012997838375886143,0.9833794144094491
11382,0,0,1,0.9582450323191677,0.00013122079512702478,0.03757637060502303,0.00042762928056615907,0.003619747000115887,0.9582450323191677
10389,0,0,1,0.9990671544596109,6.656065918215955e-05,0.00031053914485702,6.703738621737856e-05,0.000488708350132405,0.9990671544596109
18030,4,4,1,0.016948199661503308,0.025810829974258043,0.06974221029016248,0.21027136503027252,0.6772273950438037,0.6772273950438037
16416,3,3,1,0.0004741783549380109,0.022348465060669023,0.001205839838574481,0.9647948111215943,0.011176705624224181,0.9647948111215943
17845,3,3,1,0.0006939042540203295,0.002653163752903142,0.003637548195639345,0.8209242875776264,0.17209109621981075,0.8209242875776264
10879,0,0,1,0.9929441661625029,3.5219983621546385e-05,0.005299179001263412,0.00020003764281622223,0.0015213972097962156,0.9929441661625029
11969,2,2,1,0.0012433403425745034,3.5199139169421965e-05,0.9916629705637626,0.00019414543763566022,0.006864344516857775,0.9916629705637626
18214,4,4,1,0.001156625407486095,0.00802367278503639,0.00427207046274305,0.24287221671437548,0.743675414630359,0.743675414630359
11701,0,0,1,0.9963686685753835,0.00011233949682661573,0.00234873509872564,0.00019720817474573794,0.000973048654318427,0.9963686685753835
11278,0,0,1,0.9721829928595336,0.0001717540186420627,0.0036440377894025114,0.0002482742298197597,0.023752941102602062,0.9721829928595336
14542,1,1,1,3.0306408968735773e-05,0.9925888433108917,0.00016523076396370476,0.006102913433006652,0.0011127060831692252,0.9925888433108917
18461,4,4,1,0.0037507374608709574,0.00022265614479332116,0.02686335888423417,0.004077954391028955,0.9650852931190727,0.9650852931190727
18457,4,4,1,0.034600443560389015,0.0003557084965168189,0.025990993963413603,0.0035580782136948813,0.9354947757659857,0.9354947757659857
18611,4,4,1,0.0006774443243411668,0.037907514485886216,0.002432104222112815,0.029354059967218116,0.9296288770004416,0.9296288770004416
12850,2,2,1,0.01631150490739398,8.190127002738392e-05,0.9557539821876101,0.00036957966648866355,0.027483031968479694,0.9557539821876101
13017,2,2,1,0.04074273407592226,0.0001799611664757335,0.9234176299626305,0.0005626879488976666,0.03509698684607361,0.9234176299626305
17502,3,3,1,0.0010038435777616763,0.17358556112132928,0.004657646900942654,0.7429421072924465,0.07781084110751994,0.7429421072924465
12938,2,2,1,0.07987534195200234,0.00011924642275819686,0.9017420159938125,0.0005762708773420883,0.01768712475408498,0.9017420159938125
10015,0,0,1,0.8472146783639537,0.00017252601784025845,0.022068562405350208,0.0008960192428599719,0.12964821396999593,0.8472146783639537
17473,3,3,1,0.0007202212242233645,0.002079990034004703,0.0024474908428923857,0.8145446226333979,0.18020767526548173,0.8145446226333979
19121,4,1,0,0.000897384064097794,0.48642612551534964,0.0039845470788087145,0.24088589181807663,0.26780605152366715,0.48642612551534964
12524,2,2,1,0.0028542690492174092,4.159431060591255e-05,0.9876038789671414,0.0001240455384025368,0.009376212134632713,0.9876038789671414
17600,3,3,1,0.0019449199800519526,0.0014939179594244,0.04706895089730861,0.709010638886253,0.24048157227696204,0.709010638886253
18200,4,4,1,0.0015996435780109,0.0006062453945571814,0.010564572732364027,0.013433135790490595,0.9737964025045773,0.9737964025045773
10982,0,0,1,0.9927040505660722,5.157661758794128e-05,0.004074730688681974,0.0004103870651371806,0.0027592550625205057,0.9927040505660722
12715,2,2,1,0.0007712619532936572,1.583109178199721e-05,0.996317131156011,7.163050029325428e-05,0.0028241452986201656,0.996317131156011
10395,0,0,1,0.9842192153320277,0.0008191822888576294,0.003194119504689107,0.0016597121164863993,0.010107770757938986,0.9842192153320277
10067,0,0,1,0.9717850904641725,5.071452319022034e-05,0.02370639228641212,0.00016805681670455916,0.004289745909520606,0.9717850904641725
14561,1,1,1,6.016941571781806e-05,0.9873356040097335,0.0003276401970390613,0.009391727866057941,0.0028848585114516797,0.9873356040097335
17334,3,3,1,0.00045936436838543866,0.005321114267854906,0.001046438026014762,0.9329082130287897,0.060264870308955235,0.9329082130287897
10216,0,0,1,0.984684207363364,3.7562760980791555e-05,0.01226243039228292,0.00013223078317035555,0.0028835687002017126,0.984684207363364
14564,1,1,1,2.4651047204200375e-05,0.994363038280794,0.00014112290345556064,0.0040722930203803175,0.00139889474816602,0.994363038280794
19878,4,4,1,0.003284953836387455,0.00015245569729684244,0.03455770717313491,0.0002690005529959596,0.9617358827401848,0.9617358827401848
12023,2,2,1,0.0023069235942393884,3.122716930357891e-05,0.9850124183113922,9.225496913458504e-05,0.012557175955930158,0.9850124183113922
13733,2,2,1,0.021452824368054235,0.00044049194445890344,0.8903631831980924,0.004015674840593335,0.08372782564880113,0.8903631831980924
18632,4,4,1,0.00015377210761078995,0.011774986250544578,0.0006557284656298094,0.0014126070859586662,0.9860029060902561,0.9860029060902561
17653,3,3,1,0.0008415306311762324,0.0011645856797326925,0.004003369505495329,0.9154671535386967,0.07852336064489905,0.9154671535386967
18985,4,4,1,0.0004957689087880349,0.007852767140185799,0.000775772040835196,0.0008010203247232959,0.9900746715854676,0.9900746715854676
11879,0,0,1,0.9665383677597739,0.0017471570031598047,0.02067087456918911,0.0011590063930602861,0.009884594274816796,0.9665383677597739
17624,3,3,1,0.0002782737693799721,0.002857684342056938,0.0018080661391979198,0.9706341312436416,0.02442184450572367,0.9706341312436416
17147,3,3,1,0.00030952340798180895,0.13142379177948207,0.000571288274441599,0.8568303643481299,0.010865032189964652,0.8568303643481299
17746,3,3,1,0.0005405153642878807,0.003527697005794338,0.0013478119381191795,0.8466296954331739,0.1479542802586247,0.8466296954331739
17686,3,3,1,0.0005529589018089375,0.0031306429647596917,0.003197812247851412,0.9538475687740255,0.0392710171115543,0.9538475687740255
14689,1,1,1,0.00013073200123503824,0.9766885896150632,0.000433310529997508,0.019164711918604936,0.0035826559350993887,0.9766885896150632
19221,4,4,1,0.000500267336950285,0.32140581224986875,0.0026349541167590826,0.26629424065271057,0.40916472564371137,0.40916472564371137
15103,1,1,1,0.0002879328324978218,0.9467965316130131,0.0018952387403241117,0.019162685157648227,0.03185761165651666,0.9467965316130131
15014,1,1,1,3.657603994163577e-05,0.9913793717632059,0.00019870532186125984,0.007093462226096684,0.0012918846488945105,0.9913793717632059
10468,0,0,1,0.9986278017652639,5.896788857231341e-05,0.0005268617592827009,6.0102531502002466e-05,0.0007262660553791938,0.9986278017652639
14284,1,1,1,2.7292937303929586e-05,0.9945318895425379,0.00015697969201154097,0.004404927955620494,0.0008789098725261585,0.9945318895425379
10476,0,0,1,0.9993748856262044,4.051490089787024e-05,0.0002755193904620386,3.19171605397939e-05,0.00027716292189597846,0.9993748856262044
10922,0,0,1,0.9815954909714368,0.00010577138530807242,0.008031969531666447,0.001292489352987068,0.008974278758601859,0.9815954909714368
15063,1,1,1,8.547579690615778e-05,0.9781356815960338,0.00033722074922009645,0.0168433351432787,0.0045982867145610284,0.9781356815960338
16889,3,3,1,0.00048083233355077814,0.027488683476178003,0.0024472986823404594,0.9408523534680904,0.028730832039840417,0.9408523534680904
13845,2,2,1,0.005759853809401019,0.00012288238318538088,0.977836019262163,0.0005931725483511506,0.01568807199689943,0.977836019262163
17720,3,3,1,0.0014734419096296772,0.02122656606884909,0.01767476061207576,0.7244061027117834,0.23521912869766212,0.7244061027117834
15774,1,1,1,0.00016704405694458716,0.9783128784994303,0.0006310430027993691,0.0067858630001248746,0.014103171440701135,0.9783128784994303
14519,1,1,1,0.00012501412752887898,0.9593963708020433,0.0004637826804671542,0.0362396569491988,0.0037751754407617686,0.9593963708020433
15393,1,1,1,2.2990665643268527e-05,0.9951202101951988,0.00012909034520719158,0.003874618455920109,0.0008530903380306958,0.9951202101951988
17575,3,3,1,0.00026636390674746323,0.000649020088550165,0.001635740141776318,0.9647369525430852,0.03271192331984079,0.9647369525430852
14202,1,1,1,2.0602341159329896e-05,0.994084453219838,0.00011198431812345303,0.004709107360797922,0.0010738527600812283,0.994084453219838
14776,1,1,1,2.141510352150815e-05,0.9950938210979422,9.243345442245058e-05,0.003557381466234748,0.0012349488778792654,0.9950938210979422
12658,2,2,1,0.0033865816223074795,0.00010407618694768305,0.9502348424768166,0.00022485187838182995,0.04604964783554672,0.9502348424768166
12729,2,2,1,0.002237946058918134,2.986658673207552e-05,0.9916048365796448,8.628028292634531e-05,0.006041070491778553,0.9916048365796448
19371,4,2,0,0.236123861623644,0.0010278477823781151,0.6331968292184095,0.005367415989391473,0.12428404538617702,0.6331968292184095
12733,2,2,1,0.0036583837066629207,5.0213046607570134e-05,0.9794406523530134,0.00014019903465245146,0.01671055185906362,0.9794406523530134
18566,4,4,1,0.0016846709630562735,0.0002534666289100533,0.005483043604896758,0.009878602434630852,0.9827002163685059,0.9827002163685059
14964,1,1,1,4.110049989502178e-05,0.9869781181422318,0.00019374193423241594,0.01033703204901703,0.0024500073746238247,0.9869781181422318
14192,1,1,1,3.0333124915642445e-05,0.9953858782313186,0.0001064913144072722,0.0016786263533719956,0.002798670975986519,0.9953858782313186
12858,2,2,1,0.012250640658549914,5.772394862035297e-05,0.9619123263228934,0.00029207822506974656,0.02548723084486646,0.9619123263228934
13620,2,2,1,0.008159639057112974,0.0001232492357552154,0.8464441971499954,0.00025077323305435807,0.14502214132408214,0.8464441971499954
19073,4,4,1,0.00019366325942346996,0.004895403559538511,0.0005128561874065224,0.004313883245389964,0.9900841937482415,0.9900841937482415
16666,3,3,1,0.0002088682215218687,0.010250090558106701,0.0009437064860416774,0.9753648361334237,0.013232498600905997,0.9753648361334237
18001,4,4,1,0.003944612921525469,0.00024076936381146291,0.016271313470357283,0.004070769165458706,0.9754725350788471,0.9754725350788471
18180,4,4,1,0.00361656265618965,0.0008190219969194095,0.03720862979205819,0.08956698882986693,0.8687887967249658,0.8687887967249658
14980,1,1,1,0.00025423781420949874,0.9297002700935341,0.0017107927116967367,0.06422503756912006,0.004109661811439459,0.9297002700935341
14987,1,1,1,5.4286519496345506e-05,0.9902537814409667,0.00029467811024481115,0.0064870807638374925,0.002910173165454803,0.9902537814409667
16755,3,3,1,7.054215048578147e-05,0.0017071151244590537,0.00018448903323964972,0.995787392334483,0.0022504613573325997,0.995787392334483
18378,4,4,1,0.0009102262659834603,0.0012829194521854223,0.0032172770203457864,0.011417511482049357,0.9831720657794358,0.9831720657794358
16242,3,3,1,0.00017736135027349718,0.012081934280308874,0.0004001271202826025,0.9801821277153496,0.007158449533785233,0.9801821277153496
10260,0,0,1,0.9872862327529337,3.815192832508889e-05,0.007277686012332143,0.00010697765487038542,0.005290951651538695,0.9872862327529337
18712,4,4,1,0.005949333920196769,0.04509477219486395,0.004392310711352267,0.0038936553782433535,0.9406699277953435,0.9406699277953435
15216,1,1,1,8.376370050058754e-05,0.9649716649457142,0.0004081870119551855,0.029669650998139868,0.00486673334369022,0.9649716649457142
16837,3,3,1,0.00018083361199153965,0.018263982361488077,0.00042152429782354826,0.9767804490558828,0.004353210672813915,0.9767804490558828
12871,2,2,1,0.00404678017671196,9.389676519736127e-05,0.9690885403182523,0.0006862115913702975,0.026084571148468214,0.9690885403182523
11130,0,0,1,0.9945785420992767,3.6835350303096984e-05,0.0028400861521673654,0.0003097920430353166,0.0022347443552175944,0.9945785420992767
13459,2,2,1,0.0027340109346461546,0.00015586162308796822,0.9538085285209084,0.00047019313961307646,0.0428314057817446,0.9538085285209084
16717,3,3,1,0.0003473261097318139,0.005776404453941653,0.0013855223392583895,0.962023917724516,0.030466829372552216,0.962023917724516
11456,0,0,1,0.9621678025526617,0.0001520011981269664,0.013123535923253094,0.0002950901180042172,0.024261570207954327,0.9621678025526617
11041,0,0,1,0.9944164945777825,5.380035467363276e-05,0.002597158099029576,0.0002907402819544257,0.002641806686559735,0.9944164945777825
18559,4,4,1,0.000690420795953577,0.0008474805389319694,0.0038698167951584585,0.026902249163409424,0.9676900327065466,0.9676900327065466
12528,2,2,1,0.0025921275125830126,5.349352076364612e-05,0.9756362744044373,0.00014751136052616048,0.021570593201689827,0.9756362744044373
17144,3,3,1,0.00017310985308110206,0.01712229628138649,0.0003404455155074733,0.9782355133918749,0.004128634958150215,0.9782355133918749
15044,1,1,1,0.0002030007864769862,0.9550881295126088,0.001071331665788818,0.038415970156982775,0.005221567878142598,0.9550881295126088
14545,1,1,1,8.258403803109544e-05,0.9753330281563561,0.0004176385148164735,0.02048884169843151,0.0036779075923648033,0.9753330281563561
17617,3,3,1,0.0013592759386473912,0.00970838766445103,0.00637567459102424,0.9102242767095494,0.07233238509632786,0.9102242767095494
10724,0,0,1,0.9994369059895236,3.403251612453203e-05,0.0001785355376131112,4.145871311884919e-05,0.000309067243619855,0.9994369059895236
15602,1,1,1,0.00019288006661691078,0.9426308972353858,0.000568738147839059,0.0017880647852005047,0.05481941976495766,0.9426308972353858
14257,1,1,1,0.00026350356925111364,0.9684073375732806,0.0014860535902307367,0.022169311923363057,0.0076737933438745815,0.9684073375732806
11441,0,0,1,0.9917116156206567,5.436528289527813e-05,0.0068122597138641225,0.0001921777770676525,0.0012295816055160628,0.9917116156206567
16847,3,3,1,0.00012222057926855175,0.014308593144540386,0.00027085268043289067,0.9806384723898015,0.004659861205956666,0.9806384723898015
11032,0,0,1,0.9943719474871521,5.522904946096245e-05,0.0025405389601700357,0.00031223504398939184,0.0027200494592274083,0.9943719474871521
11732,0,0,1,0.996463741652084,6.971700539767453e-05,0.0024954671133425163,0.0001327407347168718,0.0008383334944591244,0.996463741652084
10242,0,0,1,0.9770242987845658,4.273236232873308e-05,0.020059261261517698,0.00013910717395137188,0.0027346004176363975,0.9770242987845658
11199,0,0,1,0.9871542030829856,0.00015234157220622368,0.0022523650839621208,0.00024305779332992367,0.010198032467516327,0.9871542030829856
16065,3,3,1,0.00037501245877849743,0.018170732827204602,0.0010012028218596757,0.9713420139204764,0.009111037971680874,0.9713420139204764
18442,4,4,1,0.004850845196555666,0.00018551682110397885,0.008025814000882859,0.0020307806199743863,0.9849070433614832,0.9849070433614832
18105,4,4,1,0.0018057363487044386,0.0010248787532660042,0.007571223029888436,0.23614606112846281,0.7534521007396783,0.7534521007396783
18036,4,4,1,0.002006330373666763,0.0013289269746107912,0.005053881309899154,0.03004190876297366,0.9615689525788496,0.9615689525788496
17684,3,3,1,0.0011394728886550795,0.003215363523660273,0.005891928491699949,0.8415702227512455,0.14818301234473924,0.8415702227512455
10528,0,0,1,0.9967479435752277,0.00025788713828064767,0.00047482334822472675,0.0003940087730086658,0.0021253371652582747,0.9967479435752277
12041,2,2,1,0.0009968085558047597,0.0001861999765129994,0.9234575288419736,0.000803210449066056,0.0745562521766424,0.9234575288419736
12048,2,2,1,0.002331944453916783,2.6349371737628596e-05,0.9830768245706959,0.00010607589491895787,0.01445880570873064,0.9830768245706959
13878,2,2,1,0.02598792225461115,0.00042320493933325814,0.6132685914595115,0.004339518469353133,0.35598076287719094,0.6132685914595115
17234,3,3,1,0.0002905805717950401,0.16728704387836568,0.0008567475705323959,0.8211946444837931,0.010370983495513728,0.8211946444837931
11201,0,0,1,0.950401430676382,0.00032205216883660564,0.008105705112702961,0.00040185190194836425,0.04076896014012985,0.950401430676382
18314,4,4,1,0.014797891362136197,0.00030969845318794053,0.03241519109127824,0.003003704272594315,0.9494735148208033,0.9494735148208033
18531,4,4,1,0.003592203193229565,0.0004067939410884538,0.009855048988340517,0.006627227088690632,0.9795187267886509,0.9795187267886509
10919,0,0,1,0.9945168086387313,5.3038639510400035e-05,0.0027029834669271063,0.00027595817974267276,0.00245121107508855,0.9945168086387313
13704,2,2,1,0.0003092723279715625,6.936229294274346e-05,0.9782132205742864,0.00016400996525877122,0.02124413483954065,0.9782132205742864
14463,1,1,1,4.0521207676390245e-05,0.9898617214768166,0.0001601936358693243,0.006417193391892398,0.0035203702877451884,0.9898617214768166
12772,2,2,1,0.0014441023276676374,4.7566607177792594e-05,0.9637749287550935,0.00017063466716257908,0.034562767642898444,0.9637749287550935
15459,1,1,1,8.824222582102942e-05,0.9724417186330255,0.0002447988038603379,0.0023175109090903504,0.024907729428202702,0.9724417186330255
17101,3,3,1,0.00022759801824443038,0.03304415621289151,0.0005789165580447727,0.9576510357246313,0.008498293486187965,0.9576510357246313
18983,4,4,1,0.0007566050609452803,0.0033143888342435424,0.0007062903653876956,0.005593302789497098,0.9896294129499265,0.9896294129499265
14483,1,1,1,2.7915322529886445e-05,0.9943331489744877,0.00013742180312074052,0.004392992361746277,0.0011085215381155086,0.9943331489744877
11506,0,0,1,0.9893002102497562,9.436918370201722e-05,0.007122201097971643,0.0001650744028592956,0.003318145065710893,0.9893002102497562
12017,2,2,1,0.011277965402609865,6.78985875906894e-05,0.9521986234510714,0.0001581870187784576,0.036297325539949445,0.9521986234510714
18352,4,4,1,0.003222927060604356,0.0013694865468382449,0.018151970054370026,0.028118704164971864,0.9491369121732156,0.9491369121732156
14585,1,1,1,2.4013637601245536e-05,0.9950899289169607,0.00011691532694011546,0.0037832051168371224,0.0009859370016608781,0.9950899289169607
13847,2,2,1,0.11606034415233417,0.0014827273645870074,0.7944494521464285,0.0037291563877664296,0.08427831994888399,0.7944494521464285
15320,1,1,1,4.63869882039085e-05,0.9884419328999257,0.00026860777561145237,0.008929816164850819,0.002313256171408429,0.9884419328999257
12686,2,2,1,0.0024880145184006585,3.362891745418269e-05,0.9911810843365249,9.271996744738486e-05,0.006204552260172783,0.9911810843365249
12722,2,2,1,0.003933690387447166,7.338106236655846e-05,0.9640312293231674,0.00019837672107936527,0.03176332250593959,0.9640312293231674
11314,0,0,1,0.9588915159497994,0.000240075574817054,0.006492231843036163,0.00036056890818308795,0.03401560772416457,0.9588915159497994
17622,3,3,1,0.0005385970610386944,0.005756194404507285,0.001079437395673506,0.948242735596326,0.044383035542454576,0.948242735596326
11338,0,0,1,0.9755278045791651,0.00015618386372348876,0.015741476609309166,0.0003749693974651095,0.008199565550337202,0.9755278045791651
13327,2,2,1,0.0005523914687434931,2.7257754475247784e-05,0.997296383070763,7.485095961076677e-05,0.0020491167464073644,0.997296383070763
13512,2,2,1,0.007056756500167681,7.415148844772784e-05,0.9584191613741546,0.0007473637469921066,0.033702566890237706,0.9584191613741546
17518,3,3,1,0.0008376672802366126,0.019562615072638238,0.002331841664487177,0.9215685190138136,0.05569935696882429,0.9215685190138136
11832,0,0,1,0.9910306469029883,8.54177586736481e-05,0.007135784753608861,0.0001805556953328098,0.0015675948893964556,0.9910306469029883
14902,1,1,1,4.002106225925075e-05,0.9913845672516476,0.0001952085130486621,0.007004401051724676,0.0013758021213201193,0.9913845672516476
11197,0,0,1,0.9546346405150716,0.0003643022477290664,0.006404948585075193,0.0005087002442009547,0.03808740840792317,0.9546346405150716
15845,1,1,1,3.1313356144411356e-05,0.9927552884271098,0.00018254931607049102,0.0030317428869199472,0.003999106013755422,0.9927552884271098
12832,2,2,1,0.0007261675299595458,5.018234658272523e-05,0.9783056776878924,0.00010313291930078998,0.02081483951626454,0.9783056776878924
10784,0,0,1,0.9945607664273967,3.528826687268249e-05,0.0033207613530340466,0.00024883812488121196,0.0018343458278156323,0.9945607664273967
12796,2,2,1,0.000936366701363449,4.153677727820267e-05,0.9898111138523606,8.490395561532275e-05,0.009126078713382276,0.9898111138523606
18501,4,4,1,0.0015273969598347662,0.00038577877887831496,0.00698425972353051,0.009812683049097633,0.9812898814886588,0.9812898814886588
13708,2,2,1,0.0005709092520040297,2.7021808438258924e-05,0.9957015806941262,7.177601774645422e-05,0.003628712227684979,0.9957015806941262
11155,0,0,1,0.9793013505874614,0.00010450520864698248,0.009362014173627621,0.0012915560737412212,0.009940573956523114,0.9793013505874614
17982,4,4,1,0.00412904499856122,0.0015077437888730107,0.006008076340362781,0.0263016288570794,0.9620535060151235,0.9620535060151235
13898,2,2,1,0.001104055519648894,0.00016472578807588795,0.9340479686147501,0.00039302934583306345,0.06429022073169192,0.9340479686147501
15126,1,1,1,3.988965921415081e-05,0.9907784338744827,0.00016600475300422343,0.008028041293315278,0.000987630419983787,0.9907784338744827
12311,2,2,1,0.02432381007732007,8.260149287288678e-05,0.9442395810968374,0.00041663992624747635,0.030937367406722243,0.9442395810968374
17480,3,3,1,0.0006973957881171529,0.0052663570373815746,0.007746991880892114,0.8436385409511066,0.1426507143425025,0.8436385409511066
11245,0,0,1,0.9479673988169562,0.00011940347556400404,0.046959549164931384,0.0005109211535757621,0.004442727388972656,0.9479673988169562
13415,2,2,1,0.0003567460524313889,2.1940920717789635e-05,0.9970943184793694,5.7325763679402496e-05,0.0024696687838022062,0.9970943184793694
18254,4,4,1,0.0032152228894750897,0.0002465775723978953,0.011704869142682022,0.01202917936006742,0.9728041510353775,0.9728041510353775
13950,1,1,1,4.3430261962747544e-05,0.9905443519706246,0.0002441846103828487,0.0037004648745311603,0.005467568282498729,0.9905443519706246
12290,2,2,1,0.008066687610186427,0.00011981354677247295,0.966067830222126,0.0014652518118518565,0.024280416809063208,0.966067830222126
11054,0,0,1,0.9950865364923817,3.901246377130152e-05,0.0025051553542598725,0.0002608238681104091,0.0021084718214766786,0.9950865364923817
13604,2,4,0,0.08634859848889546,0.0021152554695293277,0.3168527627264249,0.0022946009183258454,0.5923887823968246,0.5923887823968246
13025,2,2,1,0.003809869407709102,4.4830916888693614e-05,0.984269324726472,0.0002517330185920239,0.011624241930338328,0.984269324726472
11496,0,0,1,0.9981032590102842,3.3307923950339135e-05,0.0012593827669914442,6.590823031174119e-05,0.0005381420684623431,0.9981032590102842
12448,2,2,1,0.0025317927848307075,4.41547476880522e-05,0.9839530663722624,0.00013034488049891207,0.013340641214719747,0.9839530663722624
18930,4,4,1,0.0009843716409709037,0.013432845138277687,0.0012875538932385112,0.0012349114691479965,0.983060317858365,0.983060317858365
14253,1,1,1,2.3618461661514535e-05,0.994557584866473,0.0001196667630227512,0.004349987909786083,0.0009491419990565823,0.994557584866473
10689,0,0,1,0.9991185982437748,5.339738671516724e-05,0.0002250963611565194,7.137612833858592e-05,0.0005315318800149357,0.9991185982437748
10376,0,0,1,0.9808034636740063,3.988946437425896e-05,0.015881794235619272,0.00014015246069027344,0.0031347001653099058,0.9808034636740063
16677,3,3,1,0.00026470583128229935,0.030170227555927853,0.001290203383627022,0.9518790837168877,0.016395779512275183,0.9518790837168877
19397,4,4,1,0.006264523644568954,0.00014741621934629667,0.16452263638500328,0.00040510667552171893,0.8286603170755598,0.8286603170755598
12643,2,2,1,0.0025612134146588625,4.688875931024704e-05,0.976616416213187,0.00013688222784001642,0.020638599385004112,0.976616416213187
18897,4,4,1,4.8560205103943394e-05,0.004626936157282843,0.00026662309081597585,0.0007502883069719105,0.9943075922398253,0.9943075922398253
12458,2,2,1,0.003388644491173378,5.052487740526174e-05,0.9901986368788612,0.0001267127702302262,0.006235480982329858,0.9901986368788612
11923,0,0,1,0.9852885659760914,0.00010294607640690097,0.011207052987834492,0.0003263478465068381,0.0030750871131604296,0.9852885659760914
17394,3,3,1,0.0010966319479446018,0.012690123661506705,0.0026615011261149706,0.9520788700218538,0.031472873242579906,0.9520788700218538
10598,0,0,1,0.9976221870673565,0.00011124371332736997,0.0003108581270447853,0.00018079145529062998,0.0017749196369805892,0.9976221870673565
14622,1,1,1,3.8876065465456385e-05,0.9918929730557119,0.00019110185005902604,0.006505380497112423,0.001371668531651269,0.9918929730557119
14087,1,1,1,6.392665362568934e-05,0.9869786882037588,0.0002686696208661166,0.010031879899663441,0.0026568356220857694,0.9869786882037588
16868,3,3,1,0.0003946270473112195,0.04015160917601558,0.0010438138505894795,0.928710980062135,0.02969896986394872,0.928710980062135
15303,1,1,1,0.00010305098662780807,0.9815876391359519,0.0009467133211302358,0.01421358444385044,0.0031490121124394216,0.9815876391359519
12344,2,2,1,0.0025686146075019813,2.5549058833741504e-05,0.9939034811889376,0.00010528994443471846,0.0033970652002922224,0.9939034811889376
15831,1,1,1,5.983624088070585e-05,0.9796875860387578,0.00039920654280278345,0.006958749714610884,0.012894621462947814,0.9796875860387578
18287,4,4,1,0.002034020440879882,0.00033872522625134986,0.00486852332007619,0.010515300892424882,0.9822434301203677,0.9822434301203677
18810,4,4,1,0.004737960619200334,0.01304586334046288,0.0028805712519656647,0.001350213139114694,0.9779853916492565,0.9779853916492565
19881,4,4,1,0.007748172361281998,0.0001747879214777784,0.28383390014651294,0.0004129508565464174,0.707830188714181,0.707830188714181
13418,2,2,1,0.006868638173684507,0.00019523069798393894,0.9762284265832143,0.00045611247235934836,0.016251592072757916,0.9762284265832143
16100,3,3,1,0.00023757500553629157,0.012694980655013424,0.0007184192630891993,0.9791837109879585,0.007165314088402583,0.9791837109879585
12754,2,2,1,0.008316629705366181,0.00011523105354850596,0.9644309867590822,0.0019286215702977634,0.02520853091170528,0.9644309867590822
15263,1,1,1,8.489726287546143e-05,0.9859158664368448,0.0004855732195920561,0.009294702635757024,0.004218960444930543,0.9859158664368448
17873,3,3,1,0.00035784185006587735,0.0026100440197798906,0.001263485514413806,0.9571528798493385,0.03861574876640181,0.9571528798493385
11343,0,0,1,0.8769385140431712,0.0003960634546688141,0.01563882301745543,0.0006439954689392726,0.10638260401576516,0.8769385140431712
18140,4,4,1,0.0027530894545196123,0.00040162003024319753,0.01342088764885057,0.0046650435412485805,0.978759359325138,0.978759359325138
11381,0,0,1,0.9546848730424838,0.00013689689982645275,0.04106635127039589,0.0004242674457050053,0.0036876113415888574,0.9546848730424838
15277,1,1,1,5.504078612009742e-05,0.9813539642700025,0.0003066382411145626,0.015952582946790857,0.0023317737559718477,0.9813539642700025
10690,0,0,1,0.9994241858395886,4.080708944370151e-05,0.00019762741602640156,4.5974294374327497e-05,0.0002914053605669582,0.9994241858395886
17381,3,3,1,0.00024200603165360298,0.003106159157362275,0.000691773507177743,0.982020460392807,0.013939600910999238,0.982020460392807
14167,1,1,1,4.1734537604400996e-05,0.9894316295809336,0.0002154578535058083,0.00543368880147926,0.004877489226476763,0.9894316295809336
14674,1,1,1,2.9796792361029112e-05,0.9926430013837533,0.0001177294407702944,0.005716314292367652,0.0014931580907476148,0.9926430013837533
10128,0,0,1,0.9711316114386642,6.155374148885954e-05,0.0197841257441429,0.0002165081075100961,0.008806200968194015,0.9711316114386642
10493,0,0,1,0.9234267775828727,0.0026835456807610997,0.007718216348425786,0.008429460007187632,0.05774200038075276,0.9234267775828727
19739,4,4,1,0.011939252312617258,0.0002996129626277371,0.3559137217028858,0.0006240640509241072,0.6312233489709451,0.6312233489709451
11763,0,0,1,0.9764914311274178,9.679737959359644e-05,0.019066415395362704,0.0003289328338861772,0.004016423263739918,0.9764914311274178
15491,1,1,1,0.00013036096606176524,0.924934474029645,0.0004357727074232004,0.0024958223645927197,0.0720035699322774,0.924934474029645
11347,0,0,1,0.9243253975580935,0.0001252215031688669,0.06943735198795065,0.00046729864844290397,0.005644730302344179,0.9243253975580935
13607,2,2,1,0.0012476857617277092,5.9016789673234645e-05,0.9893989763417786,0.0001791403846030459,0.009115180722217515,0.9893989763417786
13293,2,2,1,0.00042492427690088864,2.6176298893128538e-05,0.9971068181799356,6.443965008415103e-05,0.0023776415941862148,0.9971068181799356
16051,3,3,1,0.0013910939821635351,0.42175243581958444,0.004459843608432266,0.5397869197138115,0.03260970687600823,0.5397869197138115
12663,2,2,1,0.00296110047009648,4.380613141460531e-05,0.9786989847017747,0.00013032089566161628,0.018165787801052456,0.9786989847017747
16575,3,3,1,0.00021210160470267657,0.03623662582948808,0.000712169185130485,0.953431183984597,0.009407919396081724,0.953431183984597
10429,0,0,1,0.9661416993725561,0.00029006930213982277,0.01988733915913855,0.0014511423846564283,0.012229749781509003,0.9661416993725561
12022,2,2,1,0.0032884086143248107,2.5243894942402197e-05,0.9928556232198317,0.00011069579672882766,0.003720028474172092,0.9928556232198317
15573,1,1,1,0.0007700637810795849,0.7265299266923533,0.0008006578910114202,0.002471378134032621,0.269427973501523,0.7265299266923533
10779,0,0,1,0.9950966727070459,3.403085449762221e-05,0.002722240731702511,0.00020104401580518555,0.0019460116909485407,0.9950966727070459
19246,4,1,0,0.00031135295482338657,0.6184077135315871,0.0018564904986339097,0.01767625631143433,0.3617481867035212,0.6184077135315871
15202,1,1,1,8.013290557347054e-05,0.9820023975780687,0.00037326536988530957,0.015109324476168959,0.0024348796703034326,0.9820023975780687
17682,3,3,1,0.002519744308295064,0.02534152601742392,0.010454999024078204,0.6040675485447108,0.35761618210549206,0.6040675485447108
14208,1,1,1,0.00011026165210538215,0.9496193228685123,0.0005465613106243778,0.015336442450634669,0.03438741171812341,0.9496193228685123
14147,1,1,1,3.903455982783611e-05,0.9908152973742242,0.00016520527449125205,0.003957963348134259,0.00502249944332241,0.9908152973742242
15557,1,1,1,2.6268478451329828e-05,0.9956653544094435,0.00011054166317331583,0.0023834703253497055,0.0018143651235820444,0.9956653544094435
16240,3,3,1,9.060783207121112e-05,0.004786499052161852,0.00029508570804195644,0.9908692872777362,0.003958520129988881,0.9908692872777362
13388,2,2,1,0.0018135571433913126,6.723976639702151e-05,0.9885450582875277,0.00021435187987051566,0.00935979292281326,0.9885450582875277
12386,2,2,1,0.002760066033710827,2.6397378162092164e-05,0.9945904422372254,0.0001058405003636561,0.00251725385053809,0.9945904422372254
12092,2,2,1,0.0057762792664079205,2.8804517419708537e-05,0.9910831661807507,0.00010061861899356489,0.0030111314164282853,0.9910831661807507
10607,0,0,1,0.9993456257711839,4.1961991559110386e-05,0.00018721284978397913,5.779433342218438e-05,0.00036740505405063995,0.9993456257711839
11328,0,0,1,0.9780441816504258,0.00011099241091624477,0.018387664485400888,0.0003192854307835625,0.0031378760224733742,0.9780441816504258
12761,2,2,1,0.017596441151729376,5.153531263395488e-05,0.9764833341161526,0.0001719515888700825,0.005696737830614105,0.9764833341161526
12585,2,2,1,0.007565412786520092,6.172129313769225e-05,0.984432088911546,0.0003564391369881676,0.007584337871808113,0.984432088911546
19392,4,4,1,0.028586713631367756,0.0006001417018857974,0.07189324413613937,0.0009589647800862676,0.8979609357505207,0.8979609357505207
14129,1,1,1,2.8845599978016456e-05,0.9927911893301042,0.0001313210686502309,0.004433802493411368,0.0026148415078564354,0.9927911893301042
14182,1,1,1,2.4859342606653883e-05,0.993467243081633,0.00012512991699852892,0.004931362653501037,0.001451405005260675,0.993467243081633
18456,4,4,1,0.004490511159963519,0.001132955840044628,0.008974449656300553,0.04727801278679051,0.9381240705569007,0.9381240705569007
15434,1,3,0,0.00037157992763456137,0.32041932857422817,0.002119170553067664,0.6574160969247186,0.019673824020351026,0.6574160969247186
12929,2,2,1,0.0007972610469513065,3.791986213856558e-05,0.9953205606792344,0.0001090327331694895,0.00373522567850628,0.9953205606792344
12134,2,2,1,0.00043492156661270907,3.9707017019140774e-05,0.991334290900539,0.0010039205520432663,0.007187159963785756,0.991334290900539
11884,0,0,1,0.9944030522073245,7.977436371644378e-05,0.004210345212426512,0.00013650621110079553,0.0011703220054319467,0.9944030522073245
15595,1,1,1,0.0005249559889801403,0.9761403245994023,0.0004795638930318783,0.0006445168257922401,0.02221063869279354,0.9761403245994023
17346,3,3,1,0.0012060466149305356,0.006153881190308758,0.0037189707601050005,0.7408953775301422,0.2480257239045134,0.7408953775301422
18483,4,4,1,0.0015670552791716907,0.0003058343824149922,0.00541636727650536,0.01053826335713798,0.9821724797047701,0.9821724797047701
13059,2,2,1,0.0007639242824628816,0.0002599031427054445,0.849651280928806,0.0007453058317169192,0.14857958581430875,0.849651280928806
16966,3,3,1,0.0008708387758832119,0.03440199499620322,0.001392728790979267,0.9167801796831049,0.04655425775382944,0.9167801796831049
18513,4,4,1,0.0006305561850208888,0.00047774012890626396,0.0019091611045356763,0.020510599940829828,0.9764719426407072,0.9764719426407072
10694,0,0,1,0.9968546468595234,0.0001683761917985709,0.00041224803845193715,0.0003421520148940835,0.0022225768953321803,0.9968546468595234
15346,1,1,1,8.029383442243658e-05,0.9603517250102906,0.0005296074024031305,0.03141397416704325,0.0076243995858403975,0.9603517250102906
13483,2,4,0,0.016591970407547316,0.0017057118608058007,0.4636027386893605,0.02583065866158477,0.49226892038070164,0.49226892038070164
13264,2,2,1,0.000761173820380677,3.877258770080661e-05,0.9964181789597558,0.00012211030901149698,0.0026597643231510404,0.9964181789597558
13896,2,2,1,0.0006416512379266369,2.7931997054589787e-05,0.996814810538366,8.117757021757071e-05,0.002434428656435224,0.996814810538366
11050,0,0,1,0.9932816465069695,3.564550101084821e-05,0.004844446590767008,0.00022637062386372307,0.0016118907773887744,0.9932816465069695
12642,2,2,1,0.002601503133367619,4.111553913361541e-05,0.9823292201138191,0.0001198982170595266,0.014908262996620038,0.9823292201138191
10081,0,0,1,0.957401128398901,5.029564535128551e-05,0.04023671092764934,0.00017630293847377182,0.0021355620896245514,0.957401128398901
17159,3,3,1,0.0003220522767758206,0.06356585510737313,0.0007421271138910612,0.9157257962977292,0.019644169204230705,0.9157257962977292
18585,4,4,1,0.0035994370488397452,0.0001558274368153814,0.007633635051977092,0.00179994704892814,0.9868111534134397,0.9868111534134397
19686,4,4,1,0.0017428840462867827,0.00014658188443791205,0.01093026362204486,0.0003036746061748033,0.9868765958410557,0.9868765958410557
15736,1,1,1,7.091586171681571e-05,0.9805376489030712,0.00039650043952665497,0.014763837931979495,0.0042310968637056835,0.9805376489030712
12830,2,2,1,0.0008513352394872484,4.118514984566638e-05,0.991975229106776,0.0001087376003482905,0.00702351290354273,0.991975229106776
11924,0,0,1,0.9939398958749611,7.168138405720083e-05,0.004991417101585681,0.00012095457110818159,0.0008760510682876327,0.9939398958749611
16389,3,3,1,0.00015864733446115995,0.007431380166457075,0.0004953451156952239,0.9819732361322385,0.009941391251148112,0.9819732361322385
13773,2,2,1,0.00037048173124666005,0.00011168970789826424,0.9418270807550975,0.00024262538281397705,0.05744812242294357,0.9418270807550975
11121,0,0,1,0.9753879292337252,0.000138483360273402,0.010183562551981853,0.0020442054124881876,0.012245819441531535,0.9753879292337252
17315,3,3,1,0.001438857710171234,0.001048350325281283,0.0045773520934076035,0.8737247990454772,0.11921064082566274,0.8737247990454772
17770,3,3,1,0.0015167015271771122,0.0018947795777332847,0.005785232394097314,0.7952952525477117,0.19550803395328054,0.7952952525477117
11836,0,0,1,0.9940505186608714,0.000117401469878614,0.00456182913848928,0.00018127326592896022,0.0010889774648318094,0.9940505186608714
11272,0,0,1,0.9282461444511394,0.0002837878459742512,0.006886354521866508,0.00040313940598654224,0.0641805737750333,0.9282461444511394
9989,0,0,1,0.9706743977742859,5.256538627877244e-05,0.026678531358781316,0.00021705075937555982,0.0023774547212785115,0.9706743977742859
18150,4,4,1,0.014661118010254933,0.0002468427380829744,0.01857296333989614,0.002184063447832924,0.9643350124639332,0.9643350124639332
18067,4,4,1,0.0018208253146955304,0.0006718776705174273,0.0030828769433347953,0.01703192538128117,0.9773924946901711,0.9773924946901711
12917,2,2,1,0.0007976200488694907,4.915436185126999e-05,0.990014765530486,0.0001132962521007579,0.009025163806692608,0.990014765530486
16978,3,3,1,0.0009800108778941384,0.001458400639271188,0.0059161384053117326,0.840885393632594,0.15076005644492904,0.840885393632594
12933,2,2,1,0.0009553726474269464,3.974499804275436e-05,0.9903929613370362,7.908587103019413e-05,0.008532835146463861,0.9903929613370362
15181,1,1,1,4.961085567310663e-05,0.990560850515628,0.00023880183200051803,0.006404734461452586,0.0027460023352458666,0.990560850515628
14747,1,1,1,2.3228741662470643e-05,0.9936907162875321,0.00014806987510596975,0.0038649667330308553,0.0022730183626684646,0.9936907162875321
10315,0,0,1,0.9850580306163853,4.086027991507599e-05,0.011622207792007096,0.00016490215599621554,0.003113999155696332,0.9850580306163853
12606,2,2,1,0.001009923994427974,3.453740915360976e-05,0.9911166892575112,9.489630921204783e-05,0.0077439530296954185,0.9911166892575112
16545,3,3,1,0.0002553850472745944,0.126796190676566,0.0008174556011364472,0.8636647055526975,0.008466263122325422,0.8636647055526975
18411,4,4,1,0.005674545643551857,0.00026257292353984847,0.007901033536238177,0.005075216149546489,0.9810866317471235,0.9810866317471235
11666,0,0,1,0.9867623156215878,0.00040235168375518714,0.008487347598305248,0.00048707482317952405,0.0038609102731721853,0.9867623156215878
16055,3,3,1,0.0007257276405961175,0.012756525509078796,0.004422178264596312,0.8905073351668004,0.09158823341892837,0.8905073351668004
17191,3,3,1,0.00017900218107705184,0.07783960047605365,0.0004941636166582487,0.9115227669502158,0.00996446677599509,0.9115227669502158
14015,1,1,1,8.53717099380933e-05,0.979126673096256,0.000284144154592089,0.016382048618801874,0.004121762420411934,0.979126673096256
12326,2,2,1,0.0012110660966868636,2.939987765059367e-05,0.9905876271027407,0.00020824825593366525,0.007963658666988139,0.9905876271027407
15242,1,1,1,7.210621328024286e-05,0.9722782781276386,0.0003774591696492793,0.0231774195861564,0.004094736903275592,0.9722782781276386
17972,4,4,1,0.011746517455225973,0.00031199258487992854,0.019891464727280896,0.009794719736992367,0.9582553054956208,0.9582553054956208
18831,4,4,1,6.086607918298166e-05,0.005228789684789951,0.00012045418825904832,0.00016546941744076377,0.9944244206303272,0.9944244206303272
15780,1,1,1,4.7770616174776145e-05,0.9897512367149122,0.0002315144094219353,0.005036068335144348,0.0049334099243469095,0.9897512367149122
11618,0,0,1,0.9941301304587118,0.0001090730711972867,0.004173507674016947,0.00020288955553747444,0.0013843992405363369,0.9941301304587118
17700,3,3,1,0.001586978124068948,0.0025697065249704635,0.005159812903984364,0.9232386327549479,0.06744486969202824,0.9232386327549479
12711,2,2,1,0.0026609960539682198,5.572887434257402e-05,0.9803030089483259,0.00015137819018289789,0.016828887933180495,0.9803030089483259
17524,3,3,1,0.0011108558207393647,0.003241626587495115,0.001563006202863605,0.9546552122971171,0.03942929909178491,0.9546552122971171
13130,2,2,1,0.0013805188622556,9.699758324521315e-05,0.9487760135392492,0.0004705624231559181,0.049275907592094076,0.9487760135392492
12388,2,2,1,0.002004839717613287,3.9801885006859986e-05,0.9844188908774907,0.00011527810952096275,0.01342118941036815,0.9844188908774907
13588,2,2,1,0.00017643446305378696,7.22982561702315e-05,0.9731512929635139,0.00019862431720594196,0.026401350000056206,0.9731512929635139
14933,1,1,1,3.606003578472525e-05,0.9928293581433977,0.000189331124565268,0.0043604825272196,0.0025847681690327486,0.9928293581433977
10588,0,0,1,0.9994398832057356,3.811085387900974e-05,0.0002005557212631944,3.74349724998048e-05,0.00028401524662252653,0.9994398832057356
15708,1,1,1,3.7981081995565544e-05,0.9900107567611897,0.00024325205939978997,0.005181888373133439,0.004526121724281844,0.9900107567611897
13939,2,2,1,0.014484871309141768,0.00010455679890703165,0.9541154491301848,0.0005548527858726001,0.030740269975893852,0.9541154491301848
15584,1,1,1,3.416077014648019e-05,0.9909570595634726,0.00013885624736094236,0.003406751284509333,0.005463172134510566,0.9909570595634726
10312,0,0,1,0.9895039977099589,3.3869084221076196e-05,0.007995172718489993,0.00010825163188852712,0.002358708855441577,0.9895039977099589
12069,2,2,1,0.04499901454061527,0.00024287124031087222,0.933529927634836,0.0006586943176280175,0.020569492266609816,0.933529927634836
13758,2,2,1,0.08856668453775159,0.0004949111389560496,0.798673591840775,0.0023004346909051964,0.10996437779161213,0.798673591840775
10109,0,0,1,0.9852388731193393,3.52682956117863e-05,0.013078079991451495,0.00015415801695312269,0.0014936205766442404,0.9852388731193393
13013,2,2,1,0.0011988750162648068,0.00010183251553420258,0.9369597608494917,0.00020843210746160901,0.06153109951124773,0.9369597608494917
16945,3,3,1,0.00025940893488610704,0.04656806974433915,0.0010519454963975445,0.9408114435901486,0.011309132234228563,0.9408114435901486
16386,3,3,1,0.0002616032710886128,0.015547168702542814,0.0006562779377736307,0.9780538085071605,0.005481141581434474,0.9780538085071605
15360,1,1,1,0.00022781832222631732,0.8566461297529192,0.0011609490841100602,0.1353023751155321,0.0066627277252123305,0.8566461297529192
13691,2,2,1,0.004441248391924688,3.3337029533019736e-05,0.9900669191688858,0.00013755285344146096,0.005320942556214904,0.9900669191688858
17592,3,3,1,0.0008620453367032973,0.021061108430364933,0.00223492558906152,0.8922143405964743,0.08362758004739601,0.8922143405964743
17146,3,3,1,0.00029916797086962594,0.13161091001491715,0.0008963729604257181,0.8566791076942661,0.010514441359521468,0.8566791076942661
16813,3,3,1,0.00023412278585232518,0.011309668804286422,0.0010641247285293287,0.9628478064057651,0.024544277275566774,0.9628478064057651
10013,0,0,1,0.9742029367089909,4.7960222952966224e-05,0.02352679368855495,0.00018880337431583327,0.0020335060051851826,0.9742029367089909
10266,0,0,1,0.9673169819267238,4.7384535571866755e-05,0.028923943515020572,0.00017038000949919942,0.0035413100131845136,0.9673169819267238
18431,4,4,1,0.0024284997157669524,0.006874907666873806,0.00361334788068152,0.3871407103996432,0.5999425343370345,0.5999425343370345
17043,3,3,1,0.0004013385903831209,0.05316241247063418,0.002136846848269934,0.9208469339180387,0.02345246817267391,0.9208469339180387
18141,4,4,1,0.007904806069397835,0.007131043760895667,0.014547730552299342,0.38670493928467803,0.5837114803327291,0.5837114803327291
12927,2,2,1,0.0009275014843228391,3.798374787692409e-05,0.9908887699747279,7.528450881966386e-05,0.008070460284252842,0.9908887699747279
12143,2,2,1,0.0011007505522701428,2.5048204221802455e-05,0.9940258907679622,0.0002840055156707938,0.004564304959875034,0.9940258907679622
11977,2,2,1,0.01215643453131628,0.00010892900277223466,0.90388296095673,0.0002069616434493355,0.08364471386573229,0.90388296095673
12076,2,2,1,0.007362994599099659,7.0420334470832e-05,0.9462769957588599,0.00017140305469318372,0.04611818625287625,0.9462769957588599
12055,2,2,1,0.0055686468998655935,2.3752039450497477e-05,0.9920471491024138,8.333492311281855e-05,0.002277117035157395,0.9920471491024138
12202,2,2,1,0.0018861124480109297,3.128432256782101e-05,0.9870013848913423,0.00016166148965083386,0.010919556848428156,0.9870013848913423
17651,3,3,1,0.0038444075686968923,0.0011208334963500155,0.05173084257060334,0.6813620398432165,0.2619418765211333,0.6813620398432165
17463,3,3,1,0.0001731135394250333,0.0010248804600645409,0.0013696731754088548,0.9750309850776504,0.022401347747450992,0.9750309850776504
15856,1,1,1,0.0004458403153406172,0.7739887686488213,0.0015781503853223163,0.01838840297585217,0.2055988376746636,0.7739887686488213
11869,0,0,1,0.9898880272857509,0.00025036746153983677,0.006995557695778433,0.00033464763073599326,0.0025313999261947816,0.9898880272857509
14580,1,1,1,2.3005442395078355e-05,0.9945459833665171,0.00010902017421084726,0.003960335570979889,0.0013616554458969914,0.9945459833665171
16082,3,3,1,0.0001490089728627032,0.007386996321606857,0.000380362669468085,0.9873732688553365,0.004710363180725842,0.9873732688553365
15197,1,1,1,0.00019596479208696215,0.8753800635668257,0.0017818857952581397,0.11392494635073673,0.008717139495092483,0.8753800635668257
19419,4,4,1,0.0074276544989503625,0.00019326161896314175,0.49329776563013183,0.0003349432096785045,0.498746375042276,0.498746375042276
13806,2,2,1,0.00042857967628030064,0.00021793344983497042,0.6241321401745664,0.000598228206309925,0.3746231184930084,0.6241321401745664
19855,4,4,1,0.0034167126350602337,0.0001260774604946626,0.16987454476302927,0.0002605798954833976,0.8263220852459324,0.8263220852459324
12595,2,2,1,0.0030725034575380355,4.854341080457934e-05,0.9758389849816893,0.0001408764510017396,0.020899091698966334,0.9758389849816893
12497,2,2,1,0.0022564630053638164,4.744385516151352e-05,0.9803666921317123,0.0001316696028542473,0.017197731404907834,0.9803666921317123
11374,0,0,1,0.9964894847610386,4.181466224114599e-05,0.002765824508779334,9.148452253553026e-05,0.0006113915454054975,0.9964894847610386
11699,0,0,1,0.9960471855786597,0.00010968001236424874,0.00253361785160097,0.00022919479264367517,0.001080321764731285,0.9960471855786597
10995,0,0,1,0.9951010420495244,3.1057128995908076e-05,0.003166058452701082,0.00021016322244601015,0.001491679146332611,0.9951010420495244
16703,3,3,1,0.00018826469426673747,0.005882047518854414,0.000373767019064407,0.981843521429145,0.011712399338669447,0.981843521429145
15256,1,1,1,6.514440382435218e-05,0.9865020084114927,0.00018651813166236592,0.011125495647582459,0.0021208334054382185,0.9865020084114927
18502,4,4,1,0.0015143786938416146,0.016500061322620215,0.005820152914518747,0.05688416033784319,0.9192812467311763,0.9192812467311763
12601,2,2,1,0.0025741356305967276,3.875579438895766e-05,0.9861719547462519,0.00010153429690065182,0.011113619531861638,0.9861719547462519
15323,1,1,1,0.00037437885212295024,0.6886963074591318,0.0016004668490908222,0.29952790767315046,0.009800939166503927,0.6886963074591318
17757,3,3,1,0.00030266926027452127,0.0012622214422175074,0.0016590917892841644,0.9692378961081165,0.027538121400107442,0.9692378961081165
19136,4,4,1,0.0003261075191119386,0.0019209690163426718,0.0003124108576895339,0.0004418543977323316,0.9969986582091236,0.9969986582091236
11504,0,0,1,0.974968077649015,0.00012218343091913657,0.01721825234032917,0.00025665430912370074,0.0074348322706129,0.974968077649015
10299,0,0,1,0.9879286466575626,3.559018860844585e-05,0.009216337436897447,0.00014211405249825595,0.0026773116644331226,0.9879286466575626
11592,0,0,1,0.9944337822063705,0.00011921359754171652,0.00389017590600788,0.00018919754267084283,0.0013676307474090104,0.9944337822063705
17021,3,3,1,0.001677174568680236,0.04900020924927314,0.008713967633381552,0.8580550214259254,0.08255362712273974,0.8580550214259254
14658,1,1,1,2.6490636670965953e-05,0.9945292186310748,0.0001401829646162095,0.003971000195595238,0.001333107572042603,0.9945292186310748
13077,2,2,1,0.037819111827848945,0.0003008474705839337,0.932882556906532,0.0010660614550734486,0.027931422339961546,0.932882556906532
15569,1,1,1,9.365817096341021e-05,0.9852588424648567,0.0003443523565376751,0.0024952058093138186,0.011807941198328526,0.9852588424648567
18947,4,4,1,0.00026105600741169855,0.016286837685041366,0.0014580462298800637,0.07081907597257611,0.9111749841050907,0.9111749841050907
13363,2,2,1,0.038499748151422826,5.8266770460592536e-05,0.9435773872804191,0.00023848806701420928,0.01762610973068321,0.9435773872804191
10638,0,0,1,0.9987345368700916,9.062189567720658e-05,0.0002507669614574961,0.00011672444502213831,0.0008073498277512259,0.9987345368700916
13171,2,2,1,0.0008650592642726538,0.00015704520964726626,0.956709227883947,0.00031929557654153325,0.041949372065591545,0.956709227883947
18134,4,4,1,0.0023714229222794605,0.005180662456845994,0.002748709228522212,0.4649622275905924,0.52473697780176,0.52473697780176
19152,4,4,1,3.790151397028916e-05,0.005169793991509263,0.00023133250559364722,0.0009689524183514164,0.9935920195705753,0.9935920195705753
14093,1,1,1,2.4061653790613335e-05,0.995010496080302,0.00013079143577646589,0.003737164500756105,0.0010974863293748618,0.995010496080302
10453,0,0,1,0.999440332621723,4.09809983218014e-05,0.0001815177159229322,4.0355553261516776e-05,0.00029681311077051455,0.999440332621723
15199,1,1,1,0.0005563323986846676,0.8087700976390664,0.0030100735729992477,0.17045272129095418,0.017210775098295616,0.8087700976390664
14903,1,1,1,2.408456823959303e-05,0.9949604734426897,0.0001369586643543546,0.0036347837846932253,0.0012436995400232523,0.9949604734426897
12286,2,2,1,0.0034332071081922353,3.564910333173569e-05,0.9789509032911831,0.00010255870132773534,0.01747768179596507,0.9789509032911831
18726,4,4,1,0.0002175416376175467,0.014425332142407625,0.00042130329981840685,0.003133037641970534,0.9818027852781859,0.9818027852781859
16655,3,3,1,0.0007226408176700165,0.10533755071481869,0.0020988019743451766,0.8720280445506878,0.01981296194247829,0.8720280445506878
10721,0,0,1,0.9860027630446158,0.00021118495866887885,0.006695752638612449,0.0008531557706865813,0.006237143587416334,0.9860027630446158
18539,4,4,1,0.003246258970061385,0.00743756185075281,0.005655564296394158,0.26187435929734004,0.7217862555854516,0.7217862555854516
17733,3,3,1,0.0004114044707585187,0.001090363282701103,0.002238669800007567,0.9430160812064705,0.05324348124006215,0.9430160812064705
18675,4,4,1,0.00094542813761736,0.010097864743165541,0.0007095228298570832,0.0005792614649683613,0.9876679228243915,0.9876679228243915
16741,3,3,1,0.000243495036194068,0.005049956157079769,0.0008173348769096724,0.9880313980856489,0.005857815844167533,0.9880313980856489
14948,1,1,1,0.0002954886173844182,0.7455285903843825,0.0011723729976404593,0.24651668905170449,0.006486858948888389,0.7455285903843825
17188,3,3,1,0.00022150855137501255,0.04551367708025677,0.0005674618111724613,0.939726452712498,0.013970899844697708,0.939726452712498
10731,0,0,1,0.9883581473316216,0.0008834252419808165,0.001194354401127576,0.0025164262784622125,0.007047646746807702,0.9883581473316216
11917,0,0,1,0.9849603412934609,0.00038385617823346474,0.009869007735145745,0.0005080405464208588,0.004278754246738992,0.9849603412934609
17042,3,3,1,0.00019711452706240552,0.0056220506480743,0.0004958869973953385,0.9864629367783209,0.007222011049147202,0.9864629367783209
13640,2,2,1,0.004328210379255879,0.0005606839072825982,0.7531733675002751,0.0016788312022266551,0.24025890701095995,0.7531733675002751
15285,1,1,1,0.00023562083294863704,0.8641547372879437,0.0010784588604528056,0.10426109981301045,0.03027008320564442,0.8641547372879437
10843,0,0,1,0.9947594335875819,3.460039406108643e-05,0.003376215566683623,0.00021355201325574307,0.0016161984384177241,0.9947594335875819
11552,0,0,1,0.9875741958430205,0.00011219059417073567,0.007120255947730943,0.00016817754573942282,0.005025180069338384,0.9875741958430205
15341,1,1,1,2.187307421287484e-05,0.9956517177218535,0.00012316153069418008,0.003412637323170462,0.0007906103500692086,0.9956517177218535
18759,4,4,1,0.0072771166465849385,0.0049539838125799976,0.004009172806716933,0.0017404622406493463,0.9820192644934688,0.9820192644934688
17508,3,3,1,0.0005047016286631751,0.007424679759697903,0.001607675674586046,0.9686924014972602,0.02177054143979254,0.9686924014972602
18995,4,4,1,0.00031222166606983883,0.07012210470393107,0.0009078257059151918,0.017571264710711472,0.9110865832133725,0.9110865832133725
10254,0,0,1,0.9849451557228419,3.513671177873318e-05,0.012275099542976868,0.0001200267848163644,0.002624581237586092,0.9849451557228419
16255,3,3,1,0.0003776038037582293,0.017728117779563388,0.0016932201940391904,0.9508221627779074,0.02937889544473171,0.9508221627779074
10659,0,0,1,0.9985466274478911,9.217579865544728e-05,0.00024566641892131367,0.00015679094164414866,0.0009587393928880753,0.9985466274478911
15782,1,1,1,5.138538372879677e-05,0.9850326236791401,0.0003269337256126563,0.012168343161612982,0.002420714049905321,0.9850326236791401
10905,0,0,1,0.993666656413416,4.441994747333006e-05,0.0033671999668080438,0.0003167822585013523,0.00260494141380152,0.993666656413416
15418,1,1,1,8.691846854015727e-05,0.9878847259127715,0.0004945819601228308,0.009831118347446382,0.0017026553111192868,0.9878847259127715
16733,3,3,1,0.0014922744878188038,0.010746097472010656,0.0024945726078713887,0.9508452338386678,0.03442182159363142,0.9508452338386678
17411,3,3,1,0.0004106282488539108,0.0048381240982314925,0.0026908028919105423,0.9693887434638957,0.02267170129710833,0.9693887434638957
15220,1,1,1,8.948659039730405e-05,0.974208987234536,0.0004564494265877053,0.02351569686265048,0.0017293798858286258,0.974208987234536
18436,4,0,0,0.802806478305569,0.0003475017862036261,0.04281879047672,0.0014953434450529464,0.15253188598645465,0.802806478305569
16238,3,3,1,0.00012308957514140336,0.013277492001114924,0.0003593029401282862,0.9819978268764553,0.004242288607160206,0.9819978268764553
15230,1,1,1,0.0005357594469522067,0.7860381139357208,0.002556760984104366,0.1984313005164209,0.012438065116801593,0.7860381139357208
18351,4,4,1,0.03656620844410509,0.00024356039721074886,0.02301984646645703,0.0012096130838438425,0.9389607716083834,0.9389607716083834
16596,3,3,1,0.00047060587590542265,0.11125304564896621,0.000945612825729368,0.8664433660849765,0.020887369564422508,0.8664433660849765
11063,0,0,1,0.9948775977466485,3.0495527855571348e-05,0.003496693395135151,0.00018847792826430203,0.0014067354020964222,0.9948775977466485
11071,0,0,1,0.9942549423345389,5.80572453966392e-05,0.0025175394910656587,0.0003247637958214595,0.0028446971331772242,0.9942549423345389
14963,1,1,1,6.960855140774992e-05,0.9737649722197578,0.0004822166640384941,0.021723382362966014,0.003959820201830202,0.9737649722197578
14476,1,1,1,6.403445523078731e-05,0.9802531392312696,0.0003419551389003807,0.012854495301324409,0.006486375873274967,0.9802531392312696
15438,1,1,1,7.701269627419081e-05,0.9731969150093029,0.0003039036411954292,0.023184970583467506,0.0032371980697598036,0.9731969150093029
10573,0,0,1,0.999549686964379,3.4017089459981384e-05,0.0001915376189027053,2.9070566354517305e-05,0.0001956877609038309,0.999549686964379
13429,2,2,1,0.0016195062542552542,0.00012082392040453388,0.9253794553997242,0.0005956560289497507,0.07228455839666632,0.9253794553997242
17728,3,3,1,0.0005717709584967783,0.001286605443622223,0.0012911118795468272,0.9602335876597231,0.036616924058611056,0.9602335876597231
16705,3,3,1,0.0001186613043114902,0.004274920731140493,0.00039162296535513903,0.9908568596931665,0.004357935306026296,0.9908568596931665
18536,4,4,1,0.027220647841864194,0.0006003281282685697,0.024120985281780617,0.04551537317696474,0.9025426655711218,0.9025426655711218
13595,2,2,1,0.0013557848611373828,4.4979848080447236e-05,0.9929345566793659,0.0001628087411217501,0.005501869870294432,0.9929345566793659
19081,4,4,1,9.876684413388543e-05,0.012017771980076064,0.00016687870481523276,0.0002146947577721271,0.9875018877132028,0.9875018877132028
19523,4,2,0,0.0019691386886173962,0.00015224244350241884,0.571071072880179,0.0004268909362154593,0.4263806550514856,0.571071072880179
19906,4,2,0,0.00048823782050929054,0.0002383326875367864,0.7670782159223456,0.0006139125647368664,0.23158130100487134,0.7670782159223456
19721,4,4,1,0.320145854360676,0.0013223629790488926,0.23362317100819324,0.002554493919981909,0.4423541177321,0.4423541177321
13973,1,1,1,3.217420360482707e-05,0.9926904852315473,0.00017925062474556362,0.004711986221714179,0.0023861037183881503,0.9926904852315473
11804,0,0,1,0.9870243183280776,8.69279853546911e-05,0.011098140222659638,0.00020049728126882453,0.001590116182639196,0.9870243183280776
18666,4,4,1,0.0016628301801231127,0.03280350211946916,0.006453814039050374,0.13569294534790297,0.8233869083134544,0.8233869083134544
17829,3,3,1,0.0011608428847322359,0.0012421489314957536,0.0024906884935039257,0.8384301341863721,0.15667618550389603,0.8384301341863721
12040,2,2,1,0.0010466302499127949,3.965848282637353e-05,0.9865438773307653,0.0002415506465615023,0.012128283289933761,0.9865438773307653
14757,1,1,1,4.562318896805508e-05,0.9937220838709404,0.0003189489448667794,0.004791830343083676,0.0011215136521411048,0.9937220838709404
18328,4,4,1,0.004409839345299305,0.00020623593490085097,0.009171588410697777,0.0022882914936262623,0.9839240448154758,0.9839240448154758
11398,0,0,1,0.996248252584727,4.230767460602082e-05,0.002882087210039579,9.304414054585623e-05,0.0007343083900813324,0.996248252584727
16397,3,3,1,0.0008060932504615767,0.017585746428177295,0.0029277590489597913,0.9248418302322774,0.053838571040124,0.9248418302322774
11744,0,0,1,0.9936015317962505,0.00010456539017066807,0.0035226431217119793,0.00019817203762213255,0.0025730876542447833,0.9936015317962505
17608,3,3,1,0.0009534706013192792,0.003952332844327106,0.005340813796011444,0.9109820446605308,0.07877133809781132,0.9109820446605308
14315,1,1,1,6.0624617644185574e-05,0.9771214106469709,0.0002907222239191313,0.019438749141334602,0.003088493370131143,0.9771214106469709
13666,2,2,1,0.0012674366452320883,0.00014012218681255692,0.951447359213131,0.0003594360762568701,0.0467856458785677,0.951447359213131
14061,1,1,1,3.5362496597759914e-05,0.9921066151770954,0.00014558262267067688,0.002117829443914953,0.00559461025972112,0.9921066151770954
14249,1,1,1,2.7850938357501492e-05,0.9940061287171977,0.00014072282003742005,0.004337288164661329,0.001488009359745828,0.9940061287171977
12699,2,2,1,0.003942872418051186,6.905339264825849e-05,0.9836554818895986,0.00016985628474141114,0.012162736014960743,0.9836554818895986
14535,1,1,1,4.670184770164525e-05,0.9945783405610396,0.0001419353245483569,0.00437402920214041,0.0008589930645698573,0.9945783405610396
12862,2,2,1,0.0035284429119920506,7.80156591934835e-05,0.9864015827131903,0.00019293865341098613,0.009799020062213285,0.9864015827131903
10422,0,0,1,0.999091865606227,4.142440561633965e-05,0.0004296299843478396,3.999850605383082e-05,0.0003970814977549499,0.999091865606227
16384,3,3,1,0.0006375364960359353,0.025950531831906706,0.002310192834921683,0.9120519233293959,0.05904981550773972,0.9120519233293959
12375,2,2,1,0.006568372079895487,7.687454165247878e-05,0.9625180834084724,0.0002147121269192833,0.030621957843060224,0.9625180834084724
17766,3,3,1,0.0005218491399974287,0.0016955388000197112,0.005339022155112995,0.8864284746895865,0.10601511521528334,0.8864284746895865
10393,0,0,1,0.9993015653838524,4.516734595820833e-05,0.00029825059468039993,3.602477475483402e-05,0.0003189919007541405,0.9993015653838524
12186,2,2,1,0.0024509244129334905,5.832652027911691e-05,0.9799502897762806,0.000422329295246539,0.017118129995260398,0.9799502897762806
13028,2,2,1,0.16909813580770536,0.0004686477936928617,0.7471806245529474,0.0031919112185784613,0.08006068062707587,0.7471806245529474
10658,0,0,1,0.9989645366057068,6.088144108802836e-05,0.0002093578787420708,8.168687598688418e-05,0.0006835371984759382,0.9989645366057068
12626,2,2,1,0.005434838972956102,5.364041550540119e-05,0.9811336187327532,0.00017527530465321215,0.013202626574131926,0.9811336187327532
19718,4,4,1,0.0008134260182336946,0.00010849549398624894,0.025751295564875595,0.0004757663287887582,0.9728510165941158,0.9728510165941158
11298,0,0,1,0.8817877798107269,0.000553561196222959,0.01571372895842392,0.000664792428792601,0.1012801376058335,0.8817877798107269
12129,2,2,1,0.0021038170332491673,0.00010071939920679056,0.979908655057518,0.001504895342347729,0.01638191316767832,0.979908655057518
11537,0,0,1,0.9943702445361121,9.183918723707491e-05,0.002464737685376995,0.0001682823635253035,0.002904896227748813,0.9943702445361121
13462,2,2,1,0.4772608795147939,0.00022394247920501264,0.4834080268524022,0.001248840180948829,0.037858310972650085,0.4834080268524022
17868,3,3,1,0.0015245070372606549,0.004227629334600931,0.009008161097899153,0.6370777144943759,0.3481619880358634,0.6370777144943759
19358,4,4,1,0.00843697658563351,0.000499021175291412,0.04827984492489766,0.0005623525278573907,0.9422218047863201,0.9422218047863201
13986,1,1,1,4.612301169684619e-05,0.9865928912990486,0.00020662415895987237,0.010698125074835517,0.002456236455459256,0.9865928912990486
18545,4,4,1,0.0006858840801276274,0.0016301170933017823,0.003715111937273956,0.02258163854651039,0.9713872483427862,0.9713872483427862
12376,2,2,1,0.002793429747664314,6.251856328266461e-05,0.9764630726496131,0.00019384210292415897,0.02048713693651572,0.9764630726496131
18083,4,3,0,0.0011516211564827315,0.018336971480576194,0.002536177235296679,0.9098816046423196,0.0680936254853248,0.9098816046423196
18829,4,4,1,0.00037106772625490565,0.13081968415224998,0.00048339565537251544,0.0005327206190933351,0.8677931318470293,0.8677931318470293
16620,3,3,1,0.00036660609829720583,0.10461026114835932,0.000988654756025362,0.8805900019534298,0.013444476043888112,0.8805900019534298
10888,0,0,1,0.9950874819961439,3.848926769767459e-05,0.0023529863568001633,0.0002632300417659612,0.0022578123375921757,0.9950874819961439
13951,1,1,1,3.2770054715804295e-05,0.9924557432757908,0.00020271481623520955,0.00385488482347934,0.0034538870297789255,0.9924557432757908
13208,2,2,1,0.0004358869273914152,2.5816806785687467e-05,0.9971761016024028,6.756167142161294e-05,0.0022946329919985454,0.9971761016024028
11113,0,0,1,0.9937037293958726,6.821370840743035e-05,0.0026646450599285896,0.0004202984579833959,0.0031431133778079957,0.9937037293958726
12169,2,2,1,0.00428010744414608,3.3096940501845873e-05,0.9934348438379658,0.0001022306763796306,0.0021497211010065875,0.9934348438379658
18865,4,4,1,0.0002605872886820565,0.031011884048243427,0.0006792684188472292,0.0015979809364821632,0.9664502793077452,0.9664502793077452
12400,2,2,1,0.0025968462392335595,3.1599078814373756e-05,0.9939077405338436,9.457028941400358e-05,0.003369243858694461,0.9939077405338436
13221,2,2,1,0.0003106116571300812,5.471292992552107e-05,0.9847176841330619,0.000875869436611113,0.01404112184327143,0.9847176841330619
18840,4,4,1,0.00021553229683170526,0.01588531300817002,0.0003836722564711215,0.0030415244160596116,0.9804739580224675,0.9804739580224675
16557,3,3,1,0.00025851656586933655,0.24361498757179126,0.0008729358944778614,0.7436197114434056,0.011633848524455941,0.7436197114434056
15081,1,1,1,0.00015723526237105057,0.9252294297869587,0.0006442117023807151,0.06987211239953814,0.004097010848751345,0.9252294297869587
18775,4,4,1,0.00031105840324082595,0.081152812188667,0.00038312580197544547,0.0003548567554842627,0.9177981468506324,0.9177981468506324
17635,3,3,1,0.00032222797118600614,0.0036514201792224843,0.0012360869615924467,0.9610439410076506,0.03374632388034866,0.9610439410076506
17885,3,3,1,0.00036459117629686236,0.000795417758859437,0.00278884108639555,0.9172591006694141,0.07879204930903418,0.9172591006694141
14323,1,1,1,2.5368251686357684e-05,0.9938038233289215,8.320496524980314e-05,0.005082216776474938,0.0010053866776675443,0.9938038233289215
15912,1,1,1,7.073366844885985e-05,0.9979653176315854,0.0001162333557685276,9.970482911897737e-05,0.0017480105150785182,0.9979653176315854
18085,4,4,1,0.004752287388283632,0.00697002555673776,0.015918050456824748,0.07894311848478766,0.8934165181133662,0.8934165181133662
16634,3,3,1,0.0001479734213519263,0.012620461807398158,0.00037683663676018405,0.9836448230421261,0.0032099050923636192,0.9836448230421261
18079,4,4,1,0.0010660083561234526,0.0005327390382616989,0.0031258590396532667,0.007170414001404297,0.9881049795645573,0.9881049795645573
16419,3,3,1,0.00021679970643221733,0.010135593749835258,0.0004889095012496174,0.9832779323844951,0.005880764657987743,0.9832779323844951
18689,4,4,1,0.00018879843712705241,0.005506288438498718,0.0003383696443872717,0.0007459299452918482,0.9932206135346952,0.9932206135346952
18567,4,4,1,0.0017446211462489882,0.006122576365895453,0.005922660424289987,0.18907493400674674,0.7971352080568188,0.7971352080568188
14795,1,1,1,3.1057031901226375e-05,0.9922944741273819,0.00017266491795906626,0.0041793724635472915,0.003322431459210419,0.9922944741273819
17493,3,3,1,0.0002587823550383531,0.003526630161912111,0.0008366071406449489,0.9735013286190287,0.0218766517233759,0.9735013286190287
11659,0,0,1,0.9935114860145182,0.00020748598208655713,0.004089192904781869,0.00037581437354143637,0.0018160207250720911,0.9935114860145182
16891,3,3,1,0.000502783947134719,0.030036122262059862,0.0016082087466097327,0.9086328990384035,0.05921998600579225,0.9086328990384035
13439,2,2,1,0.0013486399241910895,4.7302372988846185e-05,0.9907989304813903,9.603036917964729e-05,0.007709096852250241,0.9907989304813903
14533,1,1,1,2.5086598285159164e-05,0.9947562339791239,0.00012005860099358427,0.003993372989981421,0.0011052478316158393,0.9947562339791239
13467,2,2,1,0.0007030153030641315,3.732891449897899e-05,0.9944305105001612,0.00011435077351227645,0.00471479450876318,0.9944305105001612
13606,2,2,1,0.014413247372085538,5.1923850121175594e-05,0.9748165505596661,0.00017211239904758868,0.010546165819079478,0.9748165505596661
14805,1,1,1,2.1342160360420055e-05,0.9944641029700197,0.00011285078419541228,0.004299561710832285,0.00110214237459232,0.9944641029700197
18277,4,4,1,0.0020162444573650954,0.0015758844952965497,0.006956493298198035,0.09759036432282427,0.891861013426316,0.891861013426316
17926,3,3,1,0.0010721953658322776,0.0009301416157201152,0.0020668844587817406,0.8908700291478557,0.10506074941181012,0.8908700291478557
18208,4,4,1,0.0020371409235449152,0.001331286282416958,0.011478951488938046,0.05273486404125649,0.9324177572638437,0.9324177572638437
12349,2,2,1,0.0020503375390482823,4.534645261513367e-05,0.9796804298243108,0.00012404994461180926,0.018099836239413962,0.9796804298243108
19252,4,4,1,6.673242502973418e-05,0.010933965624914364,0.0001608005500381076,0.00023748960122487941,0.9886010117987929,0.9886010117987929
10467,0,0,1,0.9964371631350218,7.745262601997005e-05,0.0011954725821216275,0.00012023572922155233,0.002169675927615053,0.9964371631350218
17140,3,3,1,0.00017837749787385962,0.0438307385546136,0.0005041690422747293,0.9495841231365197,0.005902591768718081,0.9495841231365197
10047,0,0,1,0.9830083410778293,3.894724162609084e-05,0.013895567924952069,0.00012587755682054092,0.0029312661987720124,0.9830083410778293
17537,3,3,1,0.001746130490665571,0.006900857699503358,0.0032605513619836683,0.8320006420822682,0.15609181836557925,0.8320006420822682
14781,1,1,1,9.439953808933072e-05,0.9661746558254226,0.00031474300524252487,0.020986993484542492,0.01242920814670317,0.9661746558254226
14245,1,1,1,2.3741807831250934e-05,0.9956021300495566,0.00011790021273858832,0.0031844255424565084,0.0010718023874170283,0.9956021300495566
18307,4,4,1,0.0040779557713060055,0.010239684826310422,0.028641469412394413,0.15898114480786749,0.7980597451821217,0.7980597451821217
19352,4,4,1,0.002296400275170043,0.00010110686800851855,0.13694444874956693,0.0002103583980639149,0.8604476857091905,0.8604476857091905
10017,0,0,1,0.9820588269532062,3.9906509591125415e-05,0.01572789906691094,0.0001563904000365427,0.0020169770702552505,0.9820588269532062
10420,0,0,1,0.9990371735263761,5.0875177235368746e-05,0.0003340497923852522,5.126832669706794e-05,0.0005266331773059869,0.9990371735263761
12420,2,2,1,0.0020541071369730686,6.409758529856292e-05,0.9717690145292417,0.0001708898804943935,0.025941890867992364,0.9717690145292417
15796,1,1,1,0.0005290205822082693,0.9899048989458914,0.0006938844953701603,0.0006713989737887232,0.008200797002741518,0.9899048989458914
17696,3,3,1,0.0008527806436887358,0.009657475356086825,0.010669602758052912,0.9145177357258152,0.06430240551635627,0.9145177357258152
12657,2,2,1,0.013339313232315402,8.127854010025806e-05,0.9693637367146957,0.0002666527071529813,0.016949018805735665,0.9693637367146957
15299,1,1,1,4.44263939943806e-05,0.9929973017967646,0.00017246003877939174,0.00495716217718406,0.0018286495932777669,0.9929973017967646
12512,2,2,1,0.002690504326896584,3.618402855721381e-05,0.9910040133832961,0.00011309468474749716,0.006156203576502735,0.9910040133832961
14176,1,1,1,2.761732693212872e-05,0.9950826467094842,0.00012942279362098335,0.0022635438435214543,0.002496769326440941,0.9950826467094842
15468,1,1,1,0.00019724411359240744,0.8905716930708237,0.00046948360721711814,0.0082479657807931,0.10051361342757358,0.8905716930708237
18858,4,4,1,0.003221984096000012,0.022785360511784494,0.003305742750006996,0.006760157803256062,0.9639267548389523,0.9639267548389523
14582,1,1,1,3.756328173595955e-05,0.9936423684301742,0.0001475211413283487,0.0047865082390819175,0.0013860389076797307,0.9936423684301742
11424,0,0,1,0.9858994721567313,0.00010183687459548377,0.010874031005047597,0.00018868890475448922,0.0029359710588712715,0.9858994721567313
15273,1,1,1,0.00040888112125121674,0.8266022886092441,0.002581243696693382,0.15837256087113186,0.012035025701679414,0.8266022886092441
10314,0,0,1,0.991635244979569,3.4685580078361855e-05,0.006139796975026333,0.00012937756979050833,0.0020608948955358514,0.991635244979569
18818,4,4,1,0.000359030404282246,0.005198503659801147,0.0005792175667945304,0.0009625574158616578,0.9929006909532604,0.9929006909532604
13535,2,2,1,0.0003131904526693326,2.0099916292598114e-05,0.9975454487063191,5.620385387803425e-05,0.0020650570708407577,0.9975454487063191
15048,1,3,0,0.00035551949980385753,0.2464607478122471,0.0011725551979489997,0.7364982005454969,0.015512976944503043,0.7364982005454969
17769,3,3,1,0.0005732951973947306,0.002734785289234567,0.0025424293547498256,0.8966738088726994,0.09747568128592143,0.8966738088726994
18841,4,4,1,0.0005983899012730956,0.16745098171396106,0.002137160989779502,0.11019705874115143,0.7196164086538348,0.7196164086538348
17219,3,3,1,0.0002984149077759154,0.1381906566555082,0.0011185479913762989,0.8514965244448343,0.008895856000505313,0.8514965244448343
12468,2,2,1,0.003132108723369753,6.480112383876101e-05,0.9621458791962563,0.00019036539561062673,0.03446684556092461,0.9621458791962563
11129,0,0,1,0.6712349071024252,0.0005856131236518886,0.04950593632284575,0.016287892435782176,0.262385651015295,0.6712349071024252
12216,2,2,1,0.003083913769613596,4.2562675296484804e-05,0.9878149956197542,0.0001289776055202525,0.008929550329815282,0.9878149956197542
13709,2,2,1,0.0019484445443670331,0.0002513019879509525,0.7937894802173725,0.0005815897706445408,0.203429183479665,0.7937894802173725
19250,4,4,1,0.00037069859550952085,0.0022186842455523335,0.0006322913992707019,0.0012865577705280162,0.9954917679891395,0.9954917679891395
12132,2,2,1,0.0002765997449311752,5.725755824326546e-05,0.986014857986398,0.0005996599400802687,0.013051624770347412,0.986014857986398
13977,1,1,1,0.00021549025996390848,0.9596903468826287,0.00096854343329944,0.013543274073879626,0.025582345350228457,0.9596903468826287
11753,0,0,1,0.875851568718692,0.00018793815239383566,0.1114074037154322,0.001054498813463554,0.011498590600018383,0.875851568718692
10139,0,0,1,0.9693221817992147,5.01381097577707e-05,0.028026059086916306,0.00020637439619492864,0.0023952466079163156,0.9693221817992147
13765,2,4,0,0.0015356540088756756,0.0004205936970715952,0.022705073434586803,0.005296896991945605,0.9700417818675203,0.9700417818675203
11259,0,0,1,0.9117668531088102,0.0006550888162724046,0.01635520076142819,0.0008294888182905227,0.07039336849519857,0.9117668531088102
16093,3,3,1,0.0008030521061906685,0.0359837670283704,0.002785959992076787,0.9413598913737559,0.019067329499606316,0.9413598913737559
12607,2,2,1,0.00148097554201364,5.6020874207402366e-05,0.9862392418106274,0.00011864569751692192,0.012105116075634702,0.9862392418106274
10956,0,0,1,0.9935181274705341,3.3398644947761424e-05,0.004583520981134763,0.00019545997104545153,0.00166949293233798,0.9935181274705341
18747,4,4,1,0.00017647791152127222,0.0026212085022379954,0.0011902747940783457,0.007151081562874498,0.9888609572292879,0.9888609572292879
14121,1,1,1,4.559884248147596e-05,0.9906760975381667,0.0001566273441479277,0.0018677991235903678,0.007253877151613476,0.9906760975381667
11006,0,0,1,0.972628212823416,5.447786332923035e-05,0.023992222489079687,0.00040504529983654007,0.00292004152433847,0.972628212823416
17928,4,2,0,0.037626410612948274,0.0003580119036841136,0.8711101969533188,0.01142296180780005,0.07948241872224887,0.8711101969533188
15364,1,3,0,0.0002552232057315887,0.07049472938668458,0.0008627528963962752,0.9190050257953972,0.009382268715790386,0.9190050257953972
11105,0,0,1,0.9933961189523636,3.6523210463498736e-05,0.004667720835793124,0.00020662061168481792,0.001693016389694821,0.9933961189523636
17839,3,3,1,0.0002635838903114223,0.002557076112252981,0.002067772937858532,0.949612398264292,0.045499168795285094,0.949612398264292
10103,0,0,1,0.829601893712407,0.00012805916770488552,0.1634013835171686,0.00044598496238553174,0.006422678640334192,0.829601893712407
10083,0,0,1,0.9474156666446764,0.000105602539664693,0.022474413240396188,0.0004542361373223829,0.029550081437940197,0.9474156666446764
15330,1,1,1,0.0004917112781609315,0.7644924412566493,0.0024425497487090314,0.19551191085039646,0.03706138686608438,0.7644924412566493
17048,3,3,1,0.0007342396634482035,0.03912701311519809,0.007947573370043828,0.9158543509906425,0.03633682286066749,0.9158543509906425
11425,0,0,1,0.984841935401318,0.000124305585379488,0.00743913832975739,0.0002218515487303318,0.007372769134814596,0.984841935401318
19912,4,4,1,0.00020806053036186332,4.5135966433226856e-05,0.04890770520808105,0.00012989884329065333,0.9507091994518332,0.9507091994518332
15087,1,1,1,9.291048204626237e-05,0.9721258699304925,0.0003830174833763039,0.0205040089978296,0.006894193106255276,0.9721258699304925
19103,4,4,1,0.00011440959455601493,0.020328684820238037,0.00019611081448295037,0.00018711170713826087,0.9791736830635848,0.9791736830635848
12287,2,2,1,0.023758809370416554,7.565990423352522e-05,0.9609959957149159,0.0002519220250782184,0.014917612985355717,0.9609959957149159
13079,2,2,1,0.00016217177575624997,4.556947722992873e-05,0.9731059803123429,0.00020736074659384178,0.026478917688077187,0.9731059803123429
11762,0,0,1,0.993469832773849,0.00010564374332081665,0.005167493400096726,0.00015409510846978145,0.0011029349742637093,0.993469832773849
18919,4,4,1,0.0001592347763304114,0.0377195296370373,0.00033117809869759313,0.00030550617539740356,0.9614845513125374,0.9614845513125374
15562,1,1,1,4.180039437138321e-05,0.986268187997421,0.0002889244509026859,0.0044405123869589325,0.008960574770345786,0.986268187997421
15172,1,1,1,7.980230999047557e-05,0.9659391128282551,0.0003553051748481867,0.029414949287001252,0.004210830399905156,0.9659391128282551
11339,0,0,1,0.8960012332886584,0.00021989413552812436,0.09263840946427489,0.0008167323715807897,0.010323730739957786,0.8960012332886584
18623,4,4,1,0.002221221244866115,0.03938172804720827,0.0015397850892633449,0.0006776629827783035,0.956179602635884,0.956179602635884
16938,3,3,1,0.0005795411655145925,0.042693450535919254,0.001738176827884864,0.9027506972606092,0.05223813421007201,0.9027506972606092
10630,0,0,1,0.9993653007622686,4.070678986302127e-05,0.000161751934953652,5.034266183159404e-05,0.00038189785108323516,0.9993653007622686
15930,1,1,1,5.3806197459508765e-05,0.9853251900039635,0.00024448651361093615,0.0018299221903920835,0.01254659509457401,0.9853251900039635
12614,2,2,1,0.00266564055511593,4.404462639527636e-05,0.9824561141251337,0.0001399568538553645,0.014694243839499787,0.9824561141251337
16953,3,4,0,0.008734865326979792,0.09008234916113564,0.05619819791609339,0.2729797368182604,0.5720048507775307,0.5720048507775307
15279,1,1,1,2.8685093389694592e-05,0.9942010585666925,0.00013626156117144055,0.004284535826169413,0.0013494589525768037,0.9942010585666925
11023,0,0,1,0.994845769626449,3.8423929203210965e-05,0.003025340710279025,0.0002247616276055823,0.0018657041064631876,0.994845769626449
10203,0,0,1,0.9825706138342626,4.179622144415062e-05,0.014176884977961586,0.00014027070280072168,0.0030704342635307835,0.9825706138342626
14936,1,1,1,0.0005479749791803758,0.8365579891616848,0.005357914384960605,0.14026761594326695,0.017268505530907155,0.8365579891616848
12335,2,2,1,0.009236398432958792,4.921922213993243e-05,0.9747936505566039,0.00022149717591763433,0.01569923461237989,0.9747936505566039
13871,2,2,1,0.021910389664292273,5.852239755419295e-05,0.9640180804206903,0.0002005580129993096,0.013812449504463984,0.9640180804206903
13750,2,2,1,0.000848163385067464,3.4616919639871175e-05,0.9924632416424942,7.17743385004714e-05,0.00658220371429789,0.9924632416424942
15233,1,1,1,0.0001360216141546063,0.9715148465132156,0.00045640912286140986,0.025168072437928863,0.0027246503118395033,0.9715148465132156
14270,1,1,1,4.365507380385065e-05,0.993366627909745,0.00020190141342295938,0.004060963226863906,0.002326852376164435,0.993366627909745
13095,2,2,1,0.0002370833435728633,4.529022142964248e-05,0.9687708009478845,0.00015576031581811755,0.03079106517129496,0.9687708009478845
14272,1,1,1,8.692909505656975e-05,0.9762547470537242,0.00033573875759412305,0.010569355307009837,0.012753229786615463,0.9762547470537242
11258,0,0,1,0.9010490125255541,0.00016599747976319337,0.09072710022804102,0.000643384840617139,0.0074145049260243515,0.9010490125255541
14300,1,1,1,3.970887267026903e-05,0.9912191669578223,0.00022590749534382752,0.006140820712791596,0.002374395961371876,0.9912191669578223
15112,1,1,1,3.5335355830928145e-05,0.9911652537451289,0.00019221907106296854,0.006254566233645725,0.002352625594331685,0.9911652537451289
11814,0,0,1,0.9744305160109261,0.0005061443378588141,0.01441012453670104,0.0005179624889355976,0.010135252625578399,0.9744305160109261
19193,4,4,1,0.0011775858229555178,0.036956606699495784,0.0019785235645751183,0.002501888517250449,0.9573853953957232,0.9573853953957232
10632,0,0,1,0.9969113798500289,0.00021118572553565366,0.0003606752224262121,0.0004172055890758478,0.0020995536129332797,0.9969113798500289
13654,2,2,1,0.000913823623457402,5.011575601993291e-05,0.9908592058612755,0.00014771382584953177,0.008029140933397452,0.9908592058612755
11549,0,0,1,0.9881011862651159,8.750845141097353e-05,0.005099476265566906,0.00020253544363962381,0.006509293574266565,0.9881011862651159
14041,1,1,1,2.1077180159886163e-05,0.9950153776866806,0.00013211591278879797,0.003780864040694085,0.0010505651796768357,0.9950153776866806
11372,0,0,1,0.9474003120647176,0.00014431812383726786,0.03196470360863011,0.00033568975067038665,0.020154976452144657,0.9474003120647176
12496,2,2,1,0.007993978625820637,5.675292880095646e-05,0.9857289866833299,0.00024597133530893686,0.00597431042673964,0.9857289866833299
10405,0,0,1,0.9739571258991055,0.0005816782221467219,0.006398420494229273,0.0021214714147431797,0.016941303969775365,0.9739571258991055
18757,4,4,1,0.00022995176276790157,0.02991409253499428,0.00028969001143296303,0.00046001761961514897,0.9691062480711896,0.9691062480711896
14365,1,1,1,5.510165981466302e-05,0.9875838609377721,0.00029014448069820953,0.007743986833582143,0.004326906088132885,0.9875838609377721
15185,1,1,1,0.00029751850447736264,0.7391375850048341,0.0014007824728392525,0.24835043413904787,0.010813679878801342,0.7391375850048341
11240,0,0,1,0.8838371303182513,0.0004154622207446925,0.011885991778492921,0.0005384897721826956,0.10332292591032853,0.8838371303182513
13493,2,2,1,0.018011341067637875,0.0003694414803305935,0.924577462086368,0.0007882421757883418,0.05625351318987513,0.924577462086368
11332,0,0,1,0.9105909268095688,0.0003092833922416428,0.0064551457956480585,0.00042703208748896387,0.08221761191505246,0.9105909268095688
11419,0,0,1,0.9921164482258517,8.228003439803487e-05,0.0023646912795777454,0.00013469208173729234,0.005301888378435486,0.9921164482258517
14863,1,1,1,0.0001505408164444883,0.9705132809000576,0.0006029198804811579,0.023496783582812746,0.0052364748202041594,0.9705132809000576
15759,1,1,1,9.469243868970348e-05,0.9872263991501598,0.00018077140106756708,0.0007942765951659873,0.011703860414916922,0.9872263991501598
12431,2,2,1,0.005570632210678654,3.297201320517595e-05,0.9914480543000295,0.00013210860529338017,0.0028162328707932263,0.9914480543000295
17907,3,3,1,0.0007514088681410019,0.007266441299243458,0.005617671212914951,0.8456381908547959,0.14072628776490462,0.8456381908547959
14999,1,1,1,0.00011763720624564243,0.9531603326211813,0.000460931966689319,0.04276061656247347,0.003500481643410375,0.9531603326211813
13936,2,2,1,0.000379756472783166,0.00012060610540986509,0.9392774854346402,0.0007369409033928572,0.05948521108377393,0.9392774854346402
10968,0,0,1,0.9944987547631138,2.865041190631077e-05,0.00397043561704071,0.0001745942812739233,0.0013275649266650748,0.9944987547631138
11926,0,0,1,0.8998604863186382,0.0002041906315411463,0.08913740329949424,0.0009584830273346226,0.009839436722991713,0.8998604863186382
16778,3,3,1,0.0003043246329684705,0.02985626874693003,0.000926946280728451,0.9457094077237073,0.023203052615665725,0.9457094077237073
10050,0,0,1,0.9602906407894523,5.1238497564399275e-05,0.03719702938235641,0.000187848784998857,0.0022732425456282097,0.9602906407894523
10604,0,0,1,0.9969130521478101,0.0001437251688816562,0.0005420552247830224,0.00022609092336012035,0.002175076535165213,0.9969130521478101
10645,0,0,1,0.9842816358509939,0.000919555479027089,0.0013890889277575536,0.0019767960927075004,0.011432923649514013,0.9842816358509939
15531,1,1,1,3.9768981649860346e-05,0.9924609704140674,0.00017514298474624327,0.004259400175289436,0.003064717444247004,0.9924609704140674
10759,0,0,1,0.9988875757125497,0.00010436498291319915,0.0002339442551194527,0.0001347021700770885,0.0006394128793404003,0.9988875757125497
19119,4,4,1,0.0024283511844350254,0.008456776328249073,0.0010410720108500685,0.0007288526673946609,0.9873449478090712,0.9873449478090712
15310,1,1,1,8.970403486572833e-05,0.9850496774560692,0.00041640579892637824,0.01222293520053933,0.0022212775095996197,0.9850496774560692
19141,4,4,1,8.272058576738896e-05,0.026698423786789962,0.0005604174995350043,0.0034662604212386443,0.9691921777066689,0.9691921777066689
18473,4,4,1,0.0009035489124440683,0.0014977788789497042,0.00301476250976286,0.10838644425656922,0.8861974654422742,0.8861974654422742
13665,2,2,1,0.02113194647497733,0.0005974766756739794,0.8491394796029015,0.012270912034166137,0.1168601852122811,0.8491394796029015
10783,0,0,1,0.9862077646611973,4.287821198849702e-05,0.01154978454370776,0.0002754545396160629,0.0019241180434904181,0.9862077646611973
18826,4,4,1,7.126464420810826e-05,0.009648262046825524,0.00034846193385833533,0.0006040773542290534,0.9893279340208789,0.9893279340208789
15758,1,1,1,0.00013627247010482808,0.9541278607831858,0.000673739049232453,0.04133949669357891,0.0037226310038981406,0.9541278607831858
17619,3,3,1,0.0004079389296650733,0.001750394151848561,0.0015557687519653612,0.9296295744912928,0.06665632367522817,0.9296295744912928
16566,3,1,0,0.0008469434602991911,0.519138399654024,0.004126784834761604,0.4569574044956978,0.018930467555217274,0.519138399654024
11851,0,0,1,0.9892608947188759,0.00010278135541097091,0.00833618405989133,0.0002796806253332464,0.0020204592404883545,0.9892608947188759
17976,4,4,1,0.0016988987120250942,0.00019007904884281576,0.004184398233621874,0.003580484764755012,0.9903461392407552,0.9903461392407552
12425,2,2,1,0.003084791075387284,5.139098443905451e-05,0.9711274797302628,0.00015714596123831716,0.025579192248672587,0.9711274797302628
15442,1,1,1,5.0174004527506236e-05,0.9846334787211594,0.0001775352271651327,0.00106207687310708,0.01407673517404107,0.9846334787211594
11166,0,0,1,0.9776755550470587,0.00010488747679400613,0.019119411280306607,0.00027996202720565497,0.0028201841686349063,0.9776755550470587
18777,4,4,1,0.0002880939034488006,0.002692128549834122,0.0005770075015877103,0.0017791712013425908,0.9946635988437867,0.9946635988437867
12280,2,2,1,0.02645631653779606,6.099102209870589e-05,0.9598015331691814,0.00024531389780498567,0.013435845373118599,0.9598015331691814
12154,2,2,1,0.003859490092373178,9.858655868407053e-05,0.9653953980043105,0.00032204884857952795,0.03032447649605253,0.9653953980043105
17461,3,4,0,0.0014637809390359638,0.0024646089019589386,0.0040888307060208,0.25893330649226215,0.7330494729607222,0.7330494729607222
13242,2,2,1,0.0004370153289335508,4.069833427437879e-05,0.99205980139815,0.0001753972740791961,0.007287087664562836,0.99205980139815
10516,0,0,1,0.9909990365817212,0.0005391102569161482,0.0013731190068895225,0.0008815058612999306,0.006207228293173462,0.9909990365817212
19126,4,4,1,0.00011474521778864035,0.03644573329786803,0.0007638091191890122,0.002598115763195549,0.9600775966019587,0.9600775966019587
13527,2,2,1,0.0005190863821810569,8.809336604333632e-05,0.9749142561473916,0.0004890893069807703,0.023989474797403293,0.9749142561473916
17166,3,3,1,0.0003486059742879825,0.27175799898675035,0.0011802501743507212,0.7156502664538771,0.011062878410733924,0.7156502664538771
15407,1,1,1,0.00022406462968215063,0.882844356831018,0.0011694835601799981,0.10902786617817777,0.006734228800942235,0.882844356831018
14724,1,1,1,6.0852935656655235e-05,0.9741612938295259,0.0003234798180532331,0.022266952562701826,0.003187420854062232,0.9741612938295259
11135,0,0,1,0.9848834641555436,8.654086485815002e-05,0.006421067811557978,0.001024807060964876,0.007584120107075498,0.9848834641555436
13052,2,2,1,0.0005896748313631711,3.428148920758037e-05,0.9954754463885442,8.944469847993839e-05,0.0038111525924047944,0.9954754463885442
17673,3,3,1,0.0022547853947561896,0.02859735659696081,0.011122683172267328,0.8946903145390621,0.06333486029695364,0.8946903145390621
11925,0,0,1,0.994239560417199,6.883592966786205e-05,0.004645672477225784,0.00011435017933486082,0.0009315809965727266,0.994239560417199
19234,4,4,1,0.0006592906921368528,0.31557896489744164,0.0019056949831564092,0.032099539801592025,0.649756509625673,0.649756509625673
13341,2,2,1,0.0004262725128230625,5.830853827993917e-05,0.9821055821654198,0.0010990680013553153,0.01631076878212183,0.9821055821654198
12444,2,2,1,0.003993093720429506,4.1367932268123e-05,0.9808874986752769,0.00026201906071659435,0.014816020611308819,0.9808874986752769
12165,2,2,1,0.001519371186468739,0.0004113028572119942,0.9464637691267291,0.003699834132008849,0.0479057226975814,0.9464637691267291
19064,4,4,1,0.0017135831524481013,0.002276977558550772,0.0017933514130706694,0.003012168489833125,0.9912039193860973,0.9912039193860973
16628,3,3,1,0.00030345009201573285,0.012552336564424955,0.000979685811735125,0.9635277175987035,0.02263680993312065,0.9635277175987035
12945,2,2,1,0.0028334086340309032,0.00018782569641397374,0.9487062739977085,0.0002966562867119594,0.047975835385134724,0.9487062739977085
14942,1,1,1,4.206545492189794e-05,0.9842298778416715,0.0002584726325308269,0.012408457800163182,0.0030611262707126,0.9842298778416715
18944,4,4,1,0.0014891539489545994,0.00894818662190491,0.0008789074497040405,0.0011965027895246123,0.9874872491899119,0.9874872491899119
13526,2,2,1,0.0005212859306585603,3.392291948493328e-05,0.9948307297221247,8.48250202313659e-05,0.004529236407500538,0.9948307297221247
17913,3,3,1,0.0006694652018060939,0.0018367003661073837,0.0047254349152072925,0.812044669782378,0.18072372973450115,0.812044669782378
13224,2,2,1,0.0018172362762438991,0.00013928127762822637,0.9743389668481722,0.0017617059838239588,0.0219428096141317,0.9743389668481722
15305,1,3,0,0.0005212761767610725,0.38922134772651695,0.0021685365106459287,0.5936407426427229,0.014448096943353155,0.5936407426427229
10372,0,0,1,0.9784464045962225,4.185362527932044e-05,0.01646307928881226,0.00010488792328837193,0.004943774566397558,0.9784464045962225
12839,2,2,1,0.0025562811469667926,6.999076916404051e-05,0.9888166811853473,0.0008783935887739315,0.0076786533097480195,0.9888166811853473
17025,3,3,1,0.0009681989839613001,0.07704944243439914,0.013161294498828816,0.860510843861796,0.048310220221014805,0.860510843861796
14318,1,1,1,4.24329095069841e-05,0.9848708177764438,0.0002109349192803664,0.005238350360202726,0.009637464034566187,0.9848708177764438
15139,1,1,1,3.4819090475026966e-05,0.9932937951425188,0.00024936095465664606,0.005478894829030641,0.0009431299833190356,0.9932937951425188
17649,3,3,1,0.002472445305876628,0.0052323301937041026,0.024267243783700577,0.5413073909802442,0.42672058973647453,0.5413073909802442
13088,2,2,1,0.00035535701801221156,2.897103487361811e-05,0.9953732002975667,0.0001912517617984411,0.004051219887748972,0.9953732002975667
19026,4,4,1,0.00032364551006116356,0.0036166336196201765,0.0007069132546959011,0.0012377503442311756,0.9941150572713916,0.9941150572713916
15315,1,1,1,6.0961898225392876e-05,0.9764058198733419,0.00038992193579086493,0.018678355585680248,0.004464940706961583,0.9764058198733419
11305,0,0,1,0.9515914884836748,0.0002039818837212455,0.04238010523273229,0.0005600028495300835,0.005264421550341343,0.9515914884836748
13726,2,2,1,0.0003683382168283845,2.9731011390527543e-05,0.9964999456673068,8.085363539607571e-05,0.0030211314690782036,0.9964999456673068
17427,3,3,1,0.0019721550544709644,0.004474313748094444,0.017082599248763174,0.6850610530013332,0.29140987894733816,0.6850610530013332
19555,4,2,0,0.028994275909314266,0.0012056196752669019,0.503808899008702,0.0015155651500904233,0.4644756402566265,0.503808899008702
14398,1,1,1,3.358023619158482e-05,0.9930944354377554,0.00016422754862836528,0.004286254399077048,0.0024215023783474335,0.9930944354377554
14707,1,1,1,2.2561096501950443e-05,0.9952033641484108,8.610302411875441e-05,0.003309415876309714,0.0013785558546591176,0.9952033641484108
10068,0,0,1,0.9741371943550134,4.148220353666355e-05,0.022836798179816927,0.0001238975095748213,0.00286062775205807,0.9741371943550134
15594,1,1,1,3.766134500512466e-05,0.9940829806975165,0.0001659102114631655,0.003216000534785314,0.0024974472112298347,0.9940829806975165
18898,4,4,1,0.001359759472717364,0.01128240450189702,0.0006770147867240467,0.0005628632105445453,0.986117958028117,0.986117958028117
17379,3,3,1,0.002053774980308162,0.011544104221031887,0.005873783266554434,0.7439255670981986,0.2366027704339069,0.7439255670981986
19174,4,4,1,0.0003443637465082283,0.23748206180317136,0.0011353407969639517,0.027606242131449552,0.733431991521907,0.733431991521907
15770,1,1,1,0.0009729462071774972,0.9406527980933556,0.0012167970306439756,0.003920578742744744,0.053236879926078305,0.9406527980933556
12114,2,2,1,0.005965174235875525,3.184238091344552e-05,0.9880065559754769,0.00014908760990709236,0.005847339797826884,0.9880065559754769
11368,0,0,1,0.994750487893938,6.257662077864747e-05,0.002033397294773897,0.00012153093861422483,0.0030320072518951777,0.994750487893938
13636,2,2,1,0.001188957114605156,7.633625146650117e-05,0.9852120877825152,0.0001958139413833418,0.013326804910029725,0.9852120877825152
12692,2,2,1,0.0065518919132805204,4.399335651457626e-05,0.985181794578635,0.00014026311821392973,0.008082057033355943,0.985181794578635
14427,1,1,1,4.2563677702819656e-05,0.9889470999155476,0.00014752038548995812,0.003101422494172223,0.007761393527087277,0.9889470999155476
15164,1,1,1,9.312838187572601e-05,0.9888226306235,0.00036457036229477045,0.006570772373354068,0.004148898258975293,0.9888226306235
17864,3,3,1,0.002183227498631648,0.0016032486493607568,0.009023763200819738,0.8430317030730191,0.14415805757816874,0.8430317030730191
13942,2,2,1,0.0009230107827235543,6.659522315083837e-05,0.9862520844233298,0.00015913424009723665,0.012599175330698532,0.9862520844233298
10306,0,0,1,0.9901477848147046,3.1853698541952263e-05,0.007625263556418741,9.985318107052944e-05,0.002095244749264487,0.9901477848147046
18007,4,4,1,0.005651821428426367,0.00047647463094972216,0.011668122828013834,0.01037708952114166,0.9718264915914684,0.9718264915914684
11532,0,0,1,0.9955808821166343,5.6784447760361954e-05,0.003423084418328072,0.00012757260591322428,0.0008116764113640241,0.9955808821166343
15454,1,1,1,8.127481700854965e-05,0.9970452817674754,0.00010887518667013703,0.00010530943235615273,0.002659258796489946,0.9970452817674754
11639,0,0,1,0.9962566340706583,0.00010567303894904991,0.0023875574400094397,0.00021597522150634853,0.0010341602288769887,0.9962566340706583
16870,3,3,1,0.00021672604630425116,0.019014024169030964,0.0016979841071642706,0.9623843345854906,0.01668693109201009,0.9623843345854906
16905,3,3,1,0.00032929216388170765,0.009932023605432563,0.001564266740692311,0.9566610286887319,0.031513388801261415,0.9566610286887319
13364,2,2,1,0.006057405917694164,8.436166670853773e-05,0.9644732509113637,0.0005588572187795462,0.028826124285453954,0.9644732509113637
12905,2,2,1,0.0006529518193486555,5.6299481648571644e-05,0.9637891511953821,0.00019716193857624966,0.03530443556504442,0.9637891511953821
10380,0,0,1,0.9905515268285285,3.11630197153902e-05,0.007275689946307946,9.778507858122078e-05,0.00204383512686705,0.9905515268285285
12751,2,2,1,0.0007917812687964867,4.860498338905765e-05,0.9867330302654195,9.470116976411806e-05,0.012331882312631014,0.9867330302654195
17022,3,3,1,0.00010361978392412793,0.005310614265928244,0.00037461540287143274,0.9888271513467233,0.005383999200552895,0.9888271513467233
19050,4,4,1,0.0009988409459273722,0.01031823738106948,0.005615260497438832,0.07702010940871773,0.9060475517668466,0.9060475517668466
13912,2,2,1,0.0013459211139293474,0.00010195540344057275,0.9527646002580816,0.0011162009005259432,0.04467132232402252,0.9527646002580816
14537,1,1,1,2.8005761629535668e-05,0.9945599637704826,0.0001455277001824837,0.004504510082170323,0.000761992685535002,0.9945599637704826
15100,1,1,1,3.2998948292773596e-05,0.9938542754622861,0.00013494317531489858,0.005020719222383761,0.0009570631917222327,0.9938542754622861
15097,1,1,1,2.878003907196369e-05,0.9935514132993717,0.00013117495975949517,0.004766424454046424,0.0015222072477503667,0.9935514132993717
13960,1,1,1,5.7850865352536166e-05,0.9879147200261464,0.0003411443454401904,0.010245803865058592,0.001440480898002193,0.9879147200261464
11315,0,0,1,0.9587639172875397,9.445861173846275e-05,0.03704699104886812,0.0003079246311308085,0.003786708420722742,0.9587639172875397
12112,2,2,1,0.007036045212522593,5.5321454184033185e-05,0.9746693758791412,0.00012400725006778712,0.018115250204084485,0.9746693758791412
12368,2,2,1,0.005187245380254684,6.558707241092287e-05,0.9721546120177842,0.00019891316664122062,0.022393642362909017,0.9721546120177842
11901,0,0,1,0.6640917246391531,0.0003363850810365977,0.30939026292736166,0.0015362980347895176,0.024645329317658976,0.6640917246391531
11210,0,0,1,0.9147618878748732,0.0003024866952130124,0.007131451118744357,0.00040762224102462523,0.07739655207014472,0.9147618878748732
14118,1,1,1,4.541840624634063e-05,0.9903994623628819,0.00030037874639532273,0.005107317524454076,0.004147422960022272,0.9903994623628819
19404,4,2,0,0.0037940306717186936,0.00016780074878457117,0.9504196542809838,0.006041176185385527,0.0395773381131275,0.9504196542809838
11206,0,0,1,0.9803649555055166,0.00014353490140679885,0.006770871098628276,0.00030174911485705787,0.01241888937959146,0.9803649555055166
12450,2,2,1,0.0011673387084016821,3.423418204411901e-05,0.9914283093646861,9.21544194713836e-05,0.0072779633253968416,0.9914283093646861
10742,0,0,1,0.9982184387917887,0.0001643563352653329,0.00030989120906149556,0.00029923271369422587,0.0010080809501905458,0.9982184387917887
11279,0,0,1,0.9188546442188725,0.0001451163315060537,0.07532787100777212,0.0004244102969505828,0.005247958144898971,0.9188546442188725
18764,4,4,1,0.00023571334953673132,0.07150978806445794,0.0013229695366765266,0.013315253797044797,0.913616275252284,0.913616275252284
15750,1,1,1,0.00012052407134913133,0.9979898802421213,0.0001727663953380237,0.00015375828912049993,0.0015630710020712246,0.9979898802421213
17626,3,2,0,0.005421204680782069,0.0018031014022904346,0.49905308665200704,0.28082118139575457,0.21290142586916586,0.49905308665200704
17137,3,3,1,9.238113860630632e-05,0.008349398958200437,0.0002302443083176004,0.9886315227861614,0.0026964528087142195,0.9886315227861614
12778,2,2,1,0.04159710792013605,0.00010570219595829822,0.9409208437522273,0.00035790961358139853,0.01701843651809688,0.9409208437522273
13518,2,2,1,0.012120785813757615,0.00011785192802275281,0.9659706696669125,0.0005184879474197949,0.021272204643887262,0.9659706696669125
19182,4,4,1,0.0007337069333651778,0.027370486055324387,0.0014396771271594096,0.003919655814206709,0.9665364740699444,0.9665364740699444
12845,2,2,1,0.0023772203867828703,8.953828151728745e-05,0.9772481704562885,0.0020335553251775653,0.018251515550233695,0.9772481704562885
14915,1,1,1,3.686235538238931e-05,0.9931789676798591,0.00020861693389119645,0.003940985816475009,0.0026345672143924157,0.9931789676798591
12078,2,2,1,0.0014205719247204877,7.371526148141243e-05,0.9760569196450879,0.0012708595977932264,0.0211779335709171,0.9760569196450879
15133,1,1,1,0.00011796443669517161,0.9517206225808429,0.0005080969364534046,0.04306466887445244,0.0045886471715559695,0.9517206225808429
17335,3,3,1,0.00039215222242342375,0.001499830286901817,0.002326127073798411,0.9484022187122443,0.04737967170463215,0.9484022187122443
12513,2,2,1,0.0018135631108784596,4.216147388674647e-05,0.9797271246741803,0.0001331134690398026,0.01828403727201448,0.9797271246741803
15476,1,1,1,2.8509393250733624e-05,0.9932506856419583,0.00011902534469787997,0.004956185465877464,0.0016455941542156077,0.9932506856419583
17915,3,3,1,0.0003544380808427261,0.0009418342702161055,0.0011442921746348358,0.9531198668182757,0.04443956865603079,0.9531198668182757
10063,0,0,1,0.973655565261624,4.6925386498365934e-05,0.024142489215414748,0.00019216188572728028,0.001962858250735389,0.973655565261624
17488,3,3,1,0.000739736614288506,0.002462029025028945,0.004229423870379411,0.9151412149865373,0.07742759550376581,0.9151412149865373
10424,0,0,1,0.9691208949956713,0.0013739669474969905,0.004078692325456589,0.004104020891806407,0.02132242483956843,0.9691208949956713
18153,4,4,1,0.0017891624942294804,0.0012506009875061109,0.0168044155284803,0.035814351328445765,0.9443414696613383,0.9443414696613383
15897,1,1,1,0.0002007826145813038,0.9266863782014475,0.0005919043294591009,0.0047958627560962955,0.06772507209841568,0.9266863782014475
