sample_id,true_label,predicted_label,model_name,prob_trend,prob_volatility,prob_stochastic,prob_anomaly,prob_structural_break
15769,1,1,TimeSeriesForest,0.0,0.45,0.0,0.31,0.24
17651,3,3,TimeSeriesForest,0.06,0.13,0.0,0.53,0.28
13620,2,2,TimeSeriesForest,0.07,0.01,0.76,0.0,0.16
11019,0,0,TimeSeriesForest,0.95,0.0,0.04,0.0,0.01
13860,2,3,TimeSeriesForest,0.2,0.0,0.0,0.55,0.25
17314,3,3,TimeSeriesForest,0.36,0.04,0.01,0.45,0.14
16925,3,1,TimeSeriesForest,0.05,0.68,0.0,0.27,0.0
14588,1,1,TimeSeriesForest,0.04,0.63,0.0,0.33,0.0
12135,2,2,TimeSeriesForest,0.01,0.0,0.88,0.0,0.11
18113,4,4,TimeSeriesForest,0.0,0.01,0.0,0.15,0.84
13817,2,2,TimeSeriesForest,0.0,0.0,0.88,0.0,0.12
11303,0,0,TimeSeriesForest,0.75,0.0,0.21,0.0,0.04
18819,4,4,TimeSeriesForest,0.0,0.01,0.0,0.0,0.99
12376,2,2,TimeSeriesForest,0.0,0.0,0.9,0.0,0.1
19741,4,2,TimeSeriesForest,0.0,0.0,0.89,0.0,0.11
17419,3,4,TimeSeriesForest,0.13,0.0,0.0,0.42,0.45
10557,0,0,TimeSeriesForest,1.0,0.0,0.0,0.0,0.0
14331,1,1,TimeSeriesForest,0.03,0.53,0.0,0.4,0.04
10758,0,0,TimeSeriesForest,0.98,0.0,0.0,0.0,0.02
15862,1,1,TimeSeriesForest,0.01,0.69,0.0,0.22,0.08
15602,1,1,TimeSeriesForest,0.05,0.45,0.0,0.33,0.17
13911,2,2,TimeSeriesForest,0.11,0.0,0.86,0.0,0.03
18147,4,3,TimeSeriesForest,0.13,0.0,0.0,0.57,0.3
10684,0,0,TimeSeriesForest,0.67,0.04,0.0,0.16,0.13
10039,0,2,TimeSeriesForest,0.33,0.02,0.47,0.0,0.18
15903,1,1,TimeSeriesForest,0.01,0.67,0.0,0.32,0.0
17076,3,1,TimeSeriesForest,0.05,0.5,0.0,0.45,0.0
17576,3,3,TimeSeriesForest,0.02,0.0,0.0,0.93,0.05
14931,1,1,TimeSeriesForest,0.03,0.62,0.0,0.35,0.0
10654,0,0,TimeSeriesForest,0.66,0.2,0.0,0.13,0.01
10859,0,0,TimeSeriesForest,1.0,0.0,0.0,0.0,0.0
18452,4,4,TimeSeriesForest,0.0,0.03,0.04,0.2,0.73
12833,2,2,TimeSeriesForest,0.0,0.0,0.97,0.0,0.03
11845,0,0,TimeSeriesForest,0.99,0.0,0.01,0.0,0.0
14034,1,1,TimeSeriesForest,0.02,0.72,0.0,0.26,0.0
11686,0,0,TimeSeriesForest,1.0,0.0,0.0,0.0,0.0
13616,2,2,TimeSeriesForest,0.0,0.0,0.96,0.0,0.04
12535,2,2,TimeSeriesForest,0.0,0.0,1.0,0.0,0.0
18455,4,3,TimeSeriesForest,0.05,0.18,0.02,0.54,0.21
18358,4,4,TimeSeriesForest,0.09,0.01,0.21,0.04,0.65
15445,1,1,TimeSeriesForest,0.0,1.0,0.0,0.0,0.0
10881,0,0,TimeSeriesForest,1.0,0.0,0.0,0.0,0.0
18283,4,4,TimeSeriesForest,0.14,0.02,0.0,0.01,0.83
10838,0,0,TimeSeriesForest,1.0,0.0,0.0,0.0,0.0
13196,2,2,TimeSeriesForest,0.0,0.0,0.92,0.0,0.08
10847,0,0,TimeSeriesForest,0.94,0.0,0.04,0.0,0.02
15151,1,1,TimeSeriesForest,0.02,0.68,0.0,0.29,0.01
18409,4,4,TimeSeriesForest,0.02,0.02,0.01,0.08,0.87
19081,4,4,TimeSeriesForest,0.02,0.05,0.0,0.0,0.93
15885,1,4,TimeSeriesForest,0.12,0.29,0.05,0.09,0.45
10772,0,4,TimeSeriesForest,0.27,0.02,0.0,0.0,0.71
12829,2,0,TimeSeriesForest,0.56,0.0,0.42,0.0,0.02
13413,2,2,TimeSeriesForest,0.0,0.0,1.0,0.0,0.0
12021,2,2,TimeSeriesForest,0.02,0.0,0.93,0.0,0.05
10284,0,0,TimeSeriesForest,0.91,0.01,0.08,0.0,0.0
18172,4,4,TimeSeriesForest,0.0,0.02,0.02,0.19,0.77
17687,3,3,TimeSeriesForest,0.0,0.14,0.0,0.67,0.19
10034,0,0,TimeSeriesForest,0.99,0.0,0.01,0.0,0.0
10811,0,0,TimeSeriesForest,0.97,0.01,0.0,0.0,0.02
12073,2,2,TimeSeriesForest,0.12,0.0,0.8,0.0,0.08
19350,4,2,TimeSeriesForest,0.09,0.0,0.58,0.0,0.33
16552,3,1,TimeSeriesForest,0.0,0.63,0.0,0.37,0.0
11953,2,2,TimeSeriesForest,0.01,0.0,0.95,0.0,0.04
19413,4,4,TimeSeriesForest,0.0,0.0,0.16,0.0,0.84
11626,0,0,TimeSeriesForest,0.99,0.0,0.0,0.0,0.01
16577,3,1,TimeSeriesForest,0.04,0.7,0.0,0.26,0.0
15421,1,1,TimeSeriesForest,0.02,0.63,0.0,0.35,0.0
19185,4,4,TimeSeriesForest,0.0,0.11,0.01,0.09,0.79
14423,1,1,TimeSeriesForest,0.04,0.72,0.0,0.23,0.01
12110,2,2,TimeSeriesForest,0.04,0.01,0.9,0.0,0.05
10695,0,1,TimeSeriesForest,0.38,0.41,0.0,0.21,0.0
17985,4,4,TimeSeriesForest,0.19,0.03,0.18,0.05,0.55
14022,1,1,TimeSeriesForest,0.04,0.53,0.0,0.43,0.0
18969,4,0,TimeSeriesForest,0.44,0.08,0.19,0.0,0.29
13977,1,1,TimeSeriesForest,0.02,0.68,0.0,0.3,0.0
11934,0,0,TimeSeriesForest,0.92,0.0,0.07,0.0,0.01
12905,2,2,TimeSeriesForest,0.02,0.0,0.88,0.0,0.1
18616,4,4,TimeSeriesForest,0.06,0.03,0.0,0.0,0.91
18348,4,3,TimeSeriesForest,0.0,0.02,0.0,0.95,0.03
12613,2,2,TimeSeriesForest,0.0,0.0,0.85,0.0,0.15
14803,1,1,TimeSeriesForest,0.09,0.59,0.0,0.32,0.0
16790,3,1,TimeSeriesForest,0.0,0.73,0.0,0.27,0.0
14544,1,1,TimeSeriesForest,0.19,0.48,0.0,0.3,0.03
18331,4,4,TimeSeriesForest,0.01,0.05,0.01,0.11,0.82
10642,0,1,TimeSeriesForest,0.19,0.48,0.0,0.32,0.01
17025,3,1,TimeSeriesForest,0.01,0.61,0.0,0.28,0.1
17082,3,1,TimeSeriesForest,0.03,0.67,0.0,0.3,0.0
12867,2,2,TimeSeriesForest,0.22,0.0,0.76,0.0,0.02
12815,2,2,TimeSeriesForest,0.1,0.0,0.74,0.0,0.16
16764,3,3,TimeSeriesForest,0.14,0.17,0.0,0.68,0.01
14327,1,1,TimeSeriesForest,0.03,0.77,0.0,0.2,0.0
18317,4,4,TimeSeriesForest,0.0,0.0,0.01,0.0,0.99
18541,4,4,TimeSeriesForest,0.03,0.0,0.0,0.36,0.61
13217,2,2,TimeSeriesForest,0.0,0.0,0.92,0.0,0.08
19153,4,1,TimeSeriesForest,0.06,0.5,0.0,0.44,0.0
19339,4,4,TimeSeriesForest,0.0,0.0,0.36,0.0,0.64
11669,0,0,TimeSeriesForest,0.99,0.0,0.01,0.0,0.0
10390,0,1,TimeSeriesForest,0.28,0.55,0.0,0.15,0.02
12158,2,4,TimeSeriesForest,0.05,0.16,0.28,0.08,0.43
14310,1,1,TimeSeriesForest,0.04,0.78,0.0,0.18,0.0
13693,2,2,TimeSeriesForest,0.0,0.0,0.98,0.0,0.02
16843,3,1,TimeSeriesForest,0.02,0.5,0.0,0.39,0.09
10643,0,3,TimeSeriesForest,0.24,0.26,0.0,0.48,0.02
17947,4,3,TimeSeriesForest,0.06,0.03,0.03,0.45,0.43
16426,3,1,TimeSeriesForest,0.0,0.73,0.0,0.25,0.02
11158,0,0,TimeSeriesForest,0.98,0.0,0.01,0.0,0.01
12118,2,2,TimeSeriesForest,0.13,0.0,0.8,0.0,0.07
12838,2,2,TimeSeriesForest,0.02,0.0,0.69,0.0,0.29
12796,2,2,TimeSeriesForest,0.0,0.14,0.69,0.0,0.17
12644,2,2,TimeSeriesForest,0.12,0.01,0.83,0.0,0.04
15525,1,1,TimeSeriesForest,0.02,0.67,0.0,0.09,0.22
19069,4,4,TimeSeriesForest,0.19,0.01,0.03,0.01,0.76
15225,1,3,TimeSeriesForest,0.16,0.29,0.01,0.43,0.11
19243,4,4,TimeSeriesForest,0.01,0.02,0.0,0.0,0.97
14841,1,1,TimeSeriesForest,0.03,0.65,0.0,0.32,0.0
15350,1,1,TimeSeriesForest,0.06,0.51,0.0,0.41,0.02
10297,0,0,TimeSeriesForest,0.59,0.0,0.39,0.0,0.02
10416,0,1,TimeSeriesForest,0.16,0.43,0.0,0.34,0.07
19708,4,4,TimeSeriesForest,0.0,0.0,0.48,0.0,0.52
14792,1,1,TimeSeriesForest,0.01,0.7,0.0,0.26,0.03
12524,2,2,TimeSeriesForest,0.0,0.0,0.89,0.0,0.11
10860,0,0,TimeSeriesForest,0.98,0.0,0.02,0.0,0.0
11169,0,0,TimeSeriesForest,0.86,0.0,0.04,0.0,0.1
18604,4,1,TimeSeriesForest,0.03,0.55,0.0,0.41,0.01
12169,2,2,TimeSeriesForest,0.05,0.01,0.9,0.0,0.04
15570,1,1,TimeSeriesForest,0.03,0.38,0.24,0.01,0.34
11914,0,0,TimeSeriesForest,1.0,0.0,0.0,0.0,0.0
13763,2,2,TimeSeriesForest,0.05,0.01,0.74,0.0,0.2
15929,1,1,TimeSeriesForest,0.0,0.71,0.0,0.27,0.02
11008,0,0,TimeSeriesForest,0.99,0.0,0.01,0.0,0.0
12597,2,2,TimeSeriesForest,0.0,0.0,0.91,0.0,0.09
14256,1,1,TimeSeriesForest,0.03,0.61,0.0,0.32,0.04
16596,3,1,TimeSeriesForest,0.03,0.67,0.0,0.3,0.0
10554,0,0,TimeSeriesForest,1.0,0.0,0.0,0.0,0.0
10332,0,0,TimeSeriesForest,0.99,0.0,0.0,0.0,0.01
17791,3,3,TimeSeriesForest,0.08,0.01,0.0,0.86,0.05
19250,4,3,TimeSeriesForest,0.01,0.11,0.04,0.46,0.38
11157,0,0,TimeSeriesForest,0.96,0.0,0.0,0.0,0.04
18456,4,4,TimeSeriesForest,0.0,0.11,0.0,0.05,0.84
17614,3,3,TimeSeriesForest,0.02,0.21,0.0,0.59,0.18
13723,2,2,TimeSeriesForest,0.0,0.0,0.64,0.0,0.36
18588,4,4,TimeSeriesForest,0.06,0.01,0.0,0.42,0.51
17431,3,3,TimeSeriesForest,0.05,0.06,0.0,0.79,0.1
18640,4,4,TimeSeriesForest,0.02,0.04,0.01,0.0,0.93
15742,1,1,TimeSeriesForest,0.05,0.52,0.0,0.32,0.11
13375,2,2,TimeSeriesForest,0.0,0.0,0.75,0.0,0.25
12210,2,2,TimeSeriesForest,0.02,0.04,0.8,0.01,0.13
14354,1,1,TimeSeriesForest,0.03,0.65,0.0,0.32,0.0
18112,4,3,TimeSeriesForest,0.0,0.0,0.0,0.87,0.13
13199,2,2,TimeSeriesForest,0.0,0.0,0.81,0.0,0.19
15128,1,1,TimeSeriesForest,0.04,0.53,0.0,0.43,0.0
15069,1,1,TimeSeriesForest,0.03,0.66,0.0,0.31,0.0
10593,0,0,TimeSeriesForest,0.97,0.01,0.0,0.01,0.01
10655,0,1,TimeSeriesForest,0.08,0.69,0.0,0.23,0.0
11765,0,0,TimeSeriesForest,0.92,0.01,0.06,0.0,0.01
12041,2,2,TimeSeriesForest,0.0,0.0,0.69,0.0,0.31
19203,4,4,TimeSeriesForest,0.01,0.04,0.0,0.0,0.95
16393,3,1,TimeSeriesForest,0.09,0.45,0.0,0.4,0.06
18352,4,4,TimeSeriesForest,0.0,0.0,0.0,0.01,0.99
12154,2,2,TimeSeriesForest,0.02,0.0,0.68,0.0,0.3
15850,1,1,TimeSeriesForest,0.07,0.68,0.0,0.16,0.09
12365,2,2,TimeSeriesForest,0.01,0.01,0.88,0.0,0.1
14532,1,1,TimeSeriesForest,0.03,0.6,0.0,0.37,0.0
15346,1,1,TimeSeriesForest,0.03,0.77,0.0,0.2,0.0
10976,0,0,TimeSeriesForest,1.0,0.0,0.0,0.0,0.0
12193,2,2,TimeSeriesForest,0.05,0.01,0.94,0.0,0.0
13305,2,2,TimeSeriesForest,0.04,0.03,0.82,0.02,0.09
13787,2,2,TimeSeriesForest,0.06,0.0,0.87,0.0,0.07
16986,3,3,TimeSeriesForest,0.05,0.11,0.0,0.84,0.0
10778,0,0,TimeSeriesForest,1.0,0.0,0.0,0.0,0.0
14305,1,1,TimeSeriesForest,0.05,0.52,0.0,0.43,0.0
16809,3,1,TimeSeriesForest,0.05,0.65,0.0,0.3,0.0
16434,3,1,TimeSeriesForest,0.08,0.7,0.0,0.22,0.0
15526,1,1,TimeSeriesForest,0.0,1.0,0.0,0.0,0.0
11702,0,0,TimeSeriesForest,0.98,0.0,0.02,0.0,0.0
17816,3,4,TimeSeriesForest,0.01,0.03,0.0,0.32,0.64
14508,1,1,TimeSeriesForest,0.0,0.76,0.0,0.23,0.01
14869,1,1,TimeSeriesForest,0.01,0.71,0.0,0.28,0.0
10413,0,0,TimeSeriesForest,0.88,0.02,0.0,0.04,0.06
17300,3,3,TimeSeriesForest,0.05,0.0,0.0,0.86,0.09
19910,4,4,TimeSeriesForest,0.0,0.0,0.4,0.0,0.6
13361,2,2,TimeSeriesForest,0.06,0.01,0.89,0.0,0.04
14303,1,1,TimeSeriesForest,0.05,0.7,0.0,0.2,0.05
13432,2,2,TimeSeriesForest,0.0,0.0,0.98,0.0,0.02
19062,4,1,TimeSeriesForest,0.02,0.37,0.0,0.32,0.29
19876,4,0,TimeSeriesForest,0.44,0.0,0.34,0.0,0.22
10456,0,0,TimeSeriesForest,0.88,0.03,0.0,0.06,0.03
17509,3,3,TimeSeriesForest,0.02,0.32,0.0,0.5,0.16
14058,1,1,TimeSeriesForest,0.01,0.75,0.0,0.18,0.06
11998,2,2,TimeSeriesForest,0.21,0.01,0.62,0.01,0.15
18885,4,4,TimeSeriesForest,0.01,0.08,0.0,0.05,0.86
10131,0,0,TimeSeriesForest,1.0,0.0,0.0,0.0,0.0
15175,1,1,TimeSeriesForest,0.02,0.56,0.0,0.42,0.0
11457,0,0,TimeSeriesForest,1.0,0.0,0.0,0.0,0.0
12471,2,2,TimeSeriesForest,0.05,0.0,0.9,0.0,0.05
18989,4,3,TimeSeriesForest,0.01,0.36,0.0,0.6,0.03
10189,0,0,TimeSeriesForest,0.97,0.01,0.02,0.0,0.0
12586,2,2,TimeSeriesForest,0.01,0.0,0.93,0.0,0.06
11856,0,0,TimeSeriesForest,0.64,0.01,0.33,0.0,0.02
13251,2,2,TimeSeriesForest,0.03,0.01,0.89,0.0,0.07
10797,0,0,TimeSeriesForest,1.0,0.0,0.0,0.0,0.0
15629,1,1,TimeSeriesForest,0.03,0.68,0.0,0.27,0.02
16639,3,1,TimeSeriesForest,0.04,0.55,0.0,0.4,0.01
19230,4,4,TimeSeriesForest,0.0,0.03,0.0,0.01,0.96
19700,4,2,TimeSeriesForest,0.13,0.04,0.57,0.0,0.26
12140,2,2,TimeSeriesForest,0.01,0.0,0.95,0.0,0.04
11624,0,0,TimeSeriesForest,1.0,0.0,0.0,0.0,0.0
18627,4,4,TimeSeriesForest,0.08,0.08,0.15,0.02,0.67
19562,4,4,TimeSeriesForest,0.0,0.0,0.02,0.0,0.98
13025,2,2,TimeSeriesForest,0.07,0.03,0.73,0.0,0.17
13448,2,2,TimeSeriesForest,0.0,0.0,0.93,0.0,0.07
11718,0,0,TimeSeriesForest,0.96,0.0,0.03,0.0,0.01
12527,2,2,TimeSeriesForest,0.0,0.0,0.96,0.0,0.04
14130,1,1,TimeSeriesForest,0.07,0.5,0.0,0.43,0.0
10023,0,0,TimeSeriesForest,0.96,0.0,0.04,0.0,0.0
19407,4,2,TimeSeriesForest,0.0,0.01,0.5,0.0,0.49
12743,2,2,TimeSeriesForest,0.0,0.01,0.96,0.0,0.03
15912,1,1,TimeSeriesForest,0.0,1.0,0.0,0.0,0.0
14345,1,1,TimeSeriesForest,0.02,0.75,0.0,0.23,0.0
11666,0,0,TimeSeriesForest,0.97,0.0,0.02,0.0,0.01
17642,3,3,TimeSeriesForest,0.0,0.15,0.0,0.48,0.37
13736,2,3,TimeSeriesForest,0.3,0.03,0.01,0.54,0.12
17426,3,3,TimeSeriesForest,0.04,0.04,0.02,0.66,0.24
12932,2,2,TimeSeriesForest,0.0,0.0,0.92,0.0,0.08
13570,2,2,TimeSeriesForest,0.13,0.01,0.81,0.0,0.05
13917,2,2,TimeSeriesForest,0.2,0.03,0.75,0.0,0.02
13168,2,2,TimeSeriesForest,0.0,0.0,0.97,0.0,0.03
14684,1,1,TimeSeriesForest,0.03,0.67,0.0,0.3,0.0
14787,1,3,TimeSeriesForest,0.05,0.42,0.0,0.5,0.03
11730,0,0,TimeSeriesForest,0.94,0.0,0.04,0.0,0.02
13970,1,1,TimeSeriesForest,0.07,0.62,0.0,0.28,0.03
10840,0,0,TimeSeriesForest,1.0,0.0,0.0,0.0,0.0
13753,2,2,TimeSeriesForest,0.1,0.02,0.76,0.0,0.12
18321,4,4,TimeSeriesForest,0.14,0.0,0.07,0.02,0.77
11503,0,0,TimeSeriesForest,0.99,0.0,0.01,0.0,0.0
13085,2,2,TimeSeriesForest,0.06,0.01,0.75,0.02,0.16
12386,2,2,TimeSeriesForest,0.03,0.0,0.93,0.0,0.04
16834,3,1,TimeSeriesForest,0.09,0.53,0.0,0.35,0.03
12742,2,2,TimeSeriesForest,0.29,0.0,0.62,0.0,0.09
11956,2,2,TimeSeriesForest,0.02,0.0,0.98,0.0,0.0
14815,1,1,TimeSeriesForest,0.03,0.64,0.0,0.33,0.0
18418,4,4,TimeSeriesForest,0.0,0.02,0.03,0.03,0.92
15137,1,1,TimeSeriesForest,0.02,0.78,0.0,0.16,0.04
17347,3,3,TimeSeriesForest,0.02,0.01,0.0,0.81,0.16
10179,0,0,TimeSeriesForest,0.98,0.0,0.02,0.0,0.0
10304,0,0,TimeSeriesForest,0.82,0.0,0.13,0.0,0.05
18165,4,4,TimeSeriesForest,0.01,0.03,0.0,0.15,0.81
12684,2,2,TimeSeriesForest,0.21,0.0,0.75,0.0,0.04
17298,3,3,TimeSeriesForest,0.04,0.06,0.01,0.71,0.18
19581,4,4,TimeSeriesForest,0.0,0.0,0.06,0.0,0.94
13792,2,2,TimeSeriesForest,0.0,0.0,0.98,0.0,0.02
17630,3,3,TimeSeriesForest,0.22,0.03,0.0,0.45,0.3
13543,2,2,TimeSeriesForest,0.03,0.0,0.95,0.0,0.02
19565,4,4,TimeSeriesForest,0.01,0.0,0.12,0.0,0.87
11278,0,0,TimeSeriesForest,0.95,0.0,0.03,0.0,0.02
13931,2,2,TimeSeriesForest,0.0,0.0,1.0,0.0,0.0
19684,4,4,TimeSeriesForest,0.0,0.0,0.38,0.0,0.62
12955,2,2,TimeSeriesForest,0.15,0.02,0.68,0.0,0.15
13365,2,2,TimeSeriesForest,0.0,0.0,0.96,0.0,0.04
13334,2,2,TimeSeriesForest,0.11,0.0,0.7,0.0,0.19
15315,1,3,TimeSeriesForest,0.0,0.15,0.0,0.64,0.21
10782,0,0,TimeSeriesForest,0.89,0.0,0.07,0.0,0.04
10584,0,3,TimeSeriesForest,0.21,0.18,0.0,0.56,0.05
18449,4,4,TimeSeriesForest,0.01,0.0,0.01,0.01,0.97
11093,0,0,TimeSeriesForest,1.0,0.0,0.0,0.0,0.0
15928,1,4,TimeSeriesForest,0.0,0.22,0.0,0.06,0.72
14724,1,1,TimeSeriesForest,0.07,0.64,0.0,0.27,0.02
19580,4,2,TimeSeriesForest,0.0,0.0,0.76,0.0,0.24
10594,0,0,TimeSeriesForest,0.91,0.0,0.0,0.07,0.02
14364,1,1,TimeSeriesForest,0.03,0.61,0.0,0.36,0.0
12305,2,2,TimeSeriesForest,0.06,0.0,0.87,0.0,0.07
13047,2,2,TimeSeriesForest,0.07,0.09,0.8,0.0,0.04
15188,1,1,TimeSeriesForest,0.04,0.68,0.0,0.28,0.0
16771,3,1,TimeSeriesForest,0.0,0.68,0.0,0.32,0.0
11300,0,4,TimeSeriesForest,0.28,0.0,0.35,0.0,0.37
19037,4,4,TimeSeriesForest,0.02,0.07,0.03,0.0,0.88
15452,1,1,TimeSeriesForest,0.05,0.64,0.0,0.29,0.02
18586,4,4,TimeSeriesForest,0.01,0.01,0.0,0.22,0.76
12047,2,2,TimeSeriesForest,0.01,0.0,0.95,0.0,0.04
16855,3,1,TimeSeriesForest,0.0,0.78,0.0,0.2,0.02
10417,0,1,TimeSeriesForest,0.36,0.52,0.0,0.11,0.01
15898,1,1,TimeSeriesForest,0.14,0.6,0.0,0.14,0.12
12350,2,2,TimeSeriesForest,0.15,0.0,0.76,0.0,0.09
19204,4,4,TimeSeriesForest,0.01,0.02,0.0,0.0,0.97
10791,0,0,TimeSeriesForest,0.9,0.01,0.07,0.0,0.02
13307,2,2,TimeSeriesForest,0.0,0.0,0.85,0.0,0.15
13594,2,2,TimeSeriesForest,0.0,0.0,0.78,0.0,0.22
17424,3,3,TimeSeriesForest,0.06,0.14,0.0,0.61,0.19
15856,1,1,TimeSeriesForest,0.05,0.63,0.0,0.23,0.09
16655,3,1,TimeSeriesForest,0.04,0.62,0.0,0.34,0.0
13439,2,2,TimeSeriesForest,0.0,0.0,0.93,0.0,0.07
17831,3,3,TimeSeriesForest,0.02,0.16,0.0,0.63,0.19
13898,2,2,TimeSeriesForest,0.0,0.0,0.94,0.0,0.06
16838,3,1,TimeSeriesForest,0.01,0.54,0.0,0.43,0.02
12657,2,2,TimeSeriesForest,0.01,0.0,0.87,0.0,0.12
13838,2,2,TimeSeriesForest,0.0,0.0,0.77,0.0,0.23
15270,1,1,TimeSeriesForest,0.01,0.63,0.0,0.34,0.02
10404,0,0,TimeSeriesForest,0.52,0.23,0.0,0.25,0.0
16956,3,1,TimeSeriesForest,0.06,0.68,0.0,0.25,0.01
11486,0,0,TimeSeriesForest,1.0,0.0,0.0,0.0,0.0
14198,1,1,TimeSeriesForest,0.03,0.66,0.0,0.31,0.0
16940,3,1,TimeSeriesForest,0.03,0.73,0.0,0.22,0.02
11712,0,0,TimeSeriesForest,0.99,0.0,0.01,0.0,0.0
17252,3,1,TimeSeriesForest,0.01,0.59,0.0,0.4,0.0
13709,2,2,TimeSeriesForest,0.0,0.0,0.63,0.0,0.37
17317,3,4,TimeSeriesForest,0.02,0.0,0.02,0.39,0.57
15531,1,1,TimeSeriesForest,0.17,0.51,0.0,0.12,0.2
18048,4,3,TimeSeriesForest,0.03,0.04,0.0,0.71,0.22
15757,1,1,TimeSeriesForest,0.0,0.68,0.0,0.26,0.06
19047,4,4,TimeSeriesForest,0.0,0.19,0.02,0.24,0.55
15724,1,1,TimeSeriesForest,0.08,0.57,0.0,0.35,0.0
19137,4,4,TimeSeriesForest,0.01,0.08,0.0,0.03,0.88
17605,3,4,TimeSeriesForest,0.01,0.05,0.0,0.07,0.87
15279,1,1,TimeSeriesForest,0.03,0.57,0.0,0.39,0.01
19347,4,4,TimeSeriesForest,0.0,0.0,0.16,0.0,0.84
17056,3,3,TimeSeriesForest,0.03,0.29,0.0,0.58,0.1
10698,0,0,TimeSeriesForest,0.56,0.25,0.0,0.17,0.02
18751,4,4,TimeSeriesForest,0.01,0.22,0.01,0.12,0.64
11141,0,0,TimeSeriesForest,0.99,0.0,0.0,0.0,0.01
11757,0,0,TimeSeriesForest,0.95,0.0,0.05,0.0,0.0
18160,4,4,TimeSeriesForest,0.16,0.0,0.02,0.0,0.82
12724,2,2,TimeSeriesForest,0.02,0.0,0.91,0.0,0.07
12766,2,2,TimeSeriesForest,0.0,0.0,0.98,0.0,0.02
12115,2,2,TimeSeriesForest,0.03,0.0,0.91,0.0,0.06
12057,2,2,TimeSeriesForest,0.12,0.0,0.88,0.0,0.0
19181,4,4,TimeSeriesForest,0.07,0.02,0.02,0.0,0.89
17235,3,1,TimeSeriesForest,0.1,0.57,0.0,0.31,0.02
12420,2,2,TimeSeriesForest,0.0,0.0,0.88,0.0,0.12
10635,0,1,TimeSeriesForest,0.04,0.65,0.0,0.31,0.0
10598,0,0,TimeSeriesForest,0.91,0.02,0.0,0.04,0.03
10480,0,1,TimeSeriesForest,0.24,0.45,0.0,0.31,0.0
14766,1,1,TimeSeriesForest,0.01,0.75,0.0,0.24,0.0
13464,2,2,TimeSeriesForest,0.0,0.0,0.98,0.0,0.02
17722,3,3,TimeSeriesForest,0.05,0.04,0.01,0.61,0.29
14770,1,1,TimeSeriesForest,0.02,0.68,0.0,0.3,0.0
14478,1,1,TimeSeriesForest,0.04,0.75,0.0,0.2,0.01
10738,0,4,TimeSeriesForest,0.29,0.03,0.0,0.0,0.68
13579,2,2,TimeSeriesForest,0.0,0.0,0.96,0.0,0.04
16657,3,1,TimeSeriesForest,0.0,0.62,0.0,0.38,0.0
16573,3,1,TimeSeriesForest,0.0,0.51,0.0,0.49,0.0
12378,2,2,TimeSeriesForest,0.0,0.0,0.92,0.0,0.08
17592,3,3,TimeSeriesForest,0.01,0.03,0.0,0.81,0.15
11861,0,0,TimeSeriesForest,0.97,0.01,0.01,0.0,0.01
15111,1,1,TimeSeriesForest,0.07,0.59,0.0,0.34,0.0
15238,1,1,TimeSeriesForest,0.02,0.65,0.0,0.33,0.0
15722,1,1,TimeSeriesForest,0.08,0.72,0.0,0.2,0.0
13309,2,2,TimeSeriesForest,0.0,0.0,0.92,0.0,0.08
16238,3,1,TimeSeriesForest,0.01,0.51,0.0,0.48,0.0
13953,1,1,TimeSeriesForest,0.0,0.79,0.0,0.21,0.0
11802,0,0,TimeSeriesForest,1.0,0.0,0.0,0.0,0.0
13943,2,2,TimeSeriesForest,0.0,0.02,0.92,0.0,0.06
17600,3,4,TimeSeriesForest,0.02,0.02,0.03,0.18,0.75
11916,0,0,TimeSeriesForest,1.0,0.0,0.0,0.0,0.0
19881,4,4,TimeSeriesForest,0.0,0.0,0.26,0.0,0.74
11081,0,0,TimeSeriesForest,0.99,0.0,0.0,0.0,0.01
17148,3,1,TimeSeriesForest,0.05,0.48,0.0,0.47,0.0
11715,0,0,TimeSeriesForest,0.97,0.0,0.02,0.0,0.01
15677,1,1,TimeSeriesForest,0.05,0.63,0.0,0.32,0.0
11773,0,0,TimeSeriesForest,1.0,0.0,0.0,0.0,0.0
15110,1,1,TimeSeriesForest,0.05,0.59,0.0,0.36,0.0
15685,1,1,TimeSeriesForest,0.02,0.54,0.0,0.38,0.06
10122,0,0,TimeSeriesForest,0.94,0.0,0.06,0.0,0.0
18870,4,4,TimeSeriesForest,0.0,0.08,0.1,0.0,0.82
14273,1,1,TimeSeriesForest,0.03,0.68,0.0,0.28,0.01
18917,4,4,TimeSeriesForest,0.03,0.08,0.06,0.0,0.83
11017,0,0,TimeSeriesForest,0.97,0.0,0.02,0.0,0.01
17157,3,1,TimeSeriesForest,0.02,0.58,0.0,0.4,0.0
14901,1,1,TimeSeriesForest,0.01,0.59,0.0,0.37,0.03
17862,3,3,TimeSeriesForest,0.0,0.0,0.01,0.75,0.24
12626,2,2,TimeSeriesForest,0.01,0.0,0.95,0.0,0.04
10928,0,0,TimeSeriesForest,1.0,0.0,0.0,0.0,0.0
18036,4,4,TimeSeriesForest,0.0,0.0,0.0,0.03,0.97
11913,0,0,TimeSeriesForest,1.0,0.0,0.0,0.0,0.0
17087,3,1,TimeSeriesForest,0.07,0.59,0.0,0.34,0.0
15632,1,1,TimeSeriesForest,0.0,1.0,0.0,0.0,0.0
15910,1,4,TimeSeriesForest,0.03,0.24,0.15,0.01,0.57
10745,0,1,TimeSeriesForest,0.08,0.64,0.0,0.28,0.0
17369,3,3,TimeSeriesForest,0.0,0.01,0.0,0.81,0.18
14754,1,1,TimeSeriesForest,0.0,0.67,0.0,0.33,0.0
11461,0,0,TimeSeriesForest,0.99,0.0,0.01,0.0,0.0
18239,4,0,TimeSeriesForest,0.63,0.01,0.03,0.0,0.33
15296,1,1,TimeSeriesForest,0.08,0.65,0.0,0.27,0.0
13088,2,2,TimeSeriesForest,0.01,0.0,0.98,0.0,0.01
10129,0,0,TimeSeriesForest,1.0,0.0,0.0,0.0,0.0
12876,2,2,TimeSeriesForest,0.03,0.01,0.9,0.0,0.06
10160,0,0,TimeSeriesForest,1.0,0.0,0.0,0.0,0.0
12754,2,2,TimeSeriesForest,0.17,0.01,0.58,0.0,0.24
10861,0,0,TimeSeriesForest,0.98,0.0,0.02,0.0,0.0
13726,2,2,TimeSeriesForest,0.0,0.0,0.94,0.0,0.06
17929,4,4,TimeSeriesForest,0.23,0.0,0.02,0.0,0.75
18938,4,4,TimeSeriesForest,0.0,0.02,0.0,0.0,0.98
17173,3,1,TimeSeriesForest,0.1,0.58,0.0,0.32,0.0
18530,4,4,TimeSeriesForest,0.0,0.01,0.0,0.25,0.74
12508,2,2,TimeSeriesForest,0.01,0.01,0.96,0.0,0.02
18984,4,4,TimeSeriesForest,0.0,0.03,0.0,0.01,0.96
16779,3,1,TimeSeriesForest,0.06,0.75,0.0,0.19,0.0
16617,3,1,TimeSeriesForest,0.02,0.54,0.0,0.43,0.01
14444,1,1,TimeSeriesForest,0.03,0.73,0.0,0.24,0.0
16598,3,1,TimeSeriesForest,0.04,0.67,0.0,0.29,0.0
13431,2,2,TimeSeriesForest,0.0,0.0,0.68,0.0,0.32
12537,2,2,TimeSeriesForest,0.0,0.0,0.88,0.0,0.12
13531,2,2,TimeSeriesForest,0.0,0.0,0.83,0.0,0.17
18522,4,4,TimeSeriesForest,0.0,0.0,0.0,0.07,0.93
10753,0,4,TimeSeriesForest,0.21,0.04,0.0,0.0,0.75
13144,2,2,TimeSeriesForest,0.09,0.0,0.87,0.0,0.04
13235,2,2,TimeSeriesForest,0.0,0.0,0.97,0.0,0.03
17045,3,1,TimeSeriesForest,0.0,0.52,0.0,0.48,0.0
19721,4,2,TimeSeriesForest,0.03,0.0,0.78,0.0,0.19
18359,4,4,TimeSeriesForest,0.01,0.02,0.01,0.0,0.96
10317,0,0,TimeSeriesForest,0.97,0.0,0.03,0.0,0.0
11792,0,0,TimeSeriesForest,0.97,0.0,0.03,0.0,0.0
11853,0,0,TimeSeriesForest,0.57,0.05,0.33,0.0,0.05
14029,1,1,TimeSeriesForest,0.05,0.7,0.0,0.25,0.0
12984,2,2,TimeSeriesForest,0.06,0.03,0.87,0.0,0.04
16720,3,1,TimeSeriesForest,0.03,0.53,0.0,0.44,0.0
13676,2,2,TimeSeriesForest,0.0,0.0,0.89,0.0,0.11
12259,2,2,TimeSeriesForest,0.0,0.0,0.93,0.0,0.07
19382,4,2,TimeSeriesForest,0.34,0.01,0.52,0.0,0.13
13861,2,2,TimeSeriesForest,0.07,0.0,0.88,0.0,0.05
14125,1,1,TimeSeriesForest,0.0,0.54,0.0,0.46,0.0
10443,0,1,TimeSeriesForest,0.05,0.68,0.0,0.27,0.0
17810,3,3,TimeSeriesForest,0.04,0.01,0.0,0.65,0.3
18636,4,4,TimeSeriesForest,0.05,0.01,0.01,0.0,0.93
13571,2,2,TimeSeriesForest,0.03,0.01,0.77,0.0,0.19
13082,2,2,TimeSeriesForest,0.0,0.0,0.91,0.0,0.09
17258,3,1,TimeSeriesForest,0.0,0.58,0.0,0.39,0.03
10621,0,0,TimeSeriesForest,0.99,0.0,0.0,0.01,0.0
18733,4,4,TimeSeriesForest,0.02,0.01,0.01,0.0,0.96
9998,0,0,TimeSeriesForest,0.76,0.0,0.02,0.0,0.22
18012,4,4,TimeSeriesForest,0.01,0.01,0.0,0.0,0.98
16587,3,1,TimeSeriesForest,0.09,0.59,0.0,0.32,0.0
12608,2,2,TimeSeriesForest,0.0,0.0,0.88,0.0,0.12
14195,1,1,TimeSeriesForest,0.0,0.68,0.0,0.32,0.0
18225,4,4,TimeSeriesForest,0.01,0.01,0.0,0.15,0.83
16812,3,1,TimeSeriesForest,0.01,0.58,0.0,0.41,0.0
16052,3,0,TimeSeriesForest,0.46,0.17,0.0,0.31,0.06
17458,3,3,TimeSeriesForest,0.03,0.01,0.0,0.89,0.07
15666,1,1,TimeSeriesForest,0.06,0.55,0.0,0.17,0.22
17789,3,3,TimeSeriesForest,0.0,0.22,0.01,0.55,0.22
17441,3,3,TimeSeriesForest,0.0,0.15,0.0,0.52,0.33
15359,1,1,TimeSeriesForest,0.04,0.63,0.0,0.33,0.0
15109,1,1,TimeSeriesForest,0.02,0.67,0.0,0.3,0.01
15605,1,1,TimeSeriesForest,0.0,1.0,0.0,0.0,0.0
19166,4,4,TimeSeriesForest,0.03,0.03,0.0,0.0,0.94
15606,1,1,TimeSeriesForest,0.12,0.59,0.0,0.28,0.01
13814,2,2,TimeSeriesForest,0.0,0.0,0.99,0.0,0.01
14456,1,1,TimeSeriesForest,0.02,0.64,0.0,0.34,0.0
14712,1,1,TimeSeriesForest,0.01,0.6,0.0,0.39,0.0
15610,1,4,TimeSeriesForest,0.02,0.36,0.0,0.1,0.52
16404,3,1,TimeSeriesForest,0.01,0.65,0.0,0.32,0.02
17502,3,3,TimeSeriesForest,0.03,0.31,0.01,0.57,0.08
13121,2,2,TimeSeriesForest,0.01,0.0,0.54,0.0,0.45
19374,4,2,TimeSeriesForest,0.0,0.0,0.76,0.0,0.24
12767,2,2,TimeSeriesForest,0.0,0.0,0.98,0.0,0.02
14090,1,1,TimeSeriesForest,0.03,0.63,0.0,0.34,0.0
12281,2,2,TimeSeriesForest,0.04,0.0,0.92,0.0,0.04
13024,2,2,TimeSeriesForest,0.02,0.0,0.9,0.0,0.08
17717,3,3,TimeSeriesForest,0.02,0.03,0.05,0.48,0.42
13223,2,2,TimeSeriesForest,0.02,0.0,0.72,0.0,0.26
10946,0,0,TimeSeriesForest,1.0,0.0,0.0,0.0,0.0
18267,4,4,TimeSeriesForest,0.06,0.02,0.02,0.02,0.88
10530,0,1,TimeSeriesForest,0.09,0.57,0.0,0.34,0.0
14965,1,1,TimeSeriesForest,0.01,0.7,0.0,0.29,0.0
14162,1,1,TimeSeriesForest,0.11,0.69,0.0,0.2,0.0
19698,4,4,TimeSeriesForest,0.0,0.0,0.21,0.0,0.79
15692,1,1,TimeSeriesForest,0.06,0.59,0.0,0.28,0.07
14136,1,1,TimeSeriesForest,0.05,0.56,0.0,0.21,0.18
18154,4,4,TimeSeriesForest,0.17,0.01,0.04,0.0,0.78
11441,0,0,TimeSeriesForest,0.91,0.0,0.08,0.0,0.01
13351,2,2,TimeSeriesForest,0.01,0.0,0.89,0.0,0.1
10018,0,0,TimeSeriesForest,0.98,0.0,0.02,0.0,0.0
17227,3,1,TimeSeriesForest,0.02,0.66,0.0,0.32,0.0
15915,1,1,TimeSeriesForest,0.0,1.0,0.0,0.0,0.0
18389,4,4,TimeSeriesForest,0.0,0.03,0.02,0.04,0.91
10711,0,0,TimeSeriesForest,0.96,0.01,0.0,0.01,0.02
13486,2,2,TimeSeriesForest,0.09,0.03,0.8,0.0,0.08
12575,2,2,TimeSeriesForest,0.01,0.04,0.85,0.0,0.1
13597,2,2,TimeSeriesForest,0.02,0.0,0.97,0.0,0.01
17296,3,3,TimeSeriesForest,0.05,0.0,0.0,0.74,0.21
12442,2,2,TimeSeriesForest,0.0,0.0,0.93,0.0,0.07
14746,1,1,TimeSeriesForest,0.03,0.62,0.0,0.35,0.0
10291,0,0,TimeSeriesForest,0.99,0.0,0.01,0.0,0.0
18953,4,4,TimeSeriesForest,0.0,0.05,0.0,0.01,0.94
15454,1,1,TimeSeriesForest,0.0,1.0,0.0,0.0,0.0
19902,4,2,TimeSeriesForest,0.05,0.0,0.68,0.0,0.27
18679,4,4,TimeSeriesForest,0.02,0.08,0.1,0.21,0.59
15126,1,1,TimeSeriesForest,0.04,0.69,0.0,0.27,0.0
19340,4,4,TimeSeriesForest,0.0,0.0,0.17,0.0,0.83
18021,4,4,TimeSeriesForest,0.0,0.0,0.01,0.0,0.99
11482,0,0,TimeSeriesForest,0.97,0.0,0.01,0.0,0.02
13939,2,2,TimeSeriesForest,0.03,0.0,0.94,0.0,0.03
10717,0,1,TimeSeriesForest,0.02,0.63,0.0,0.35,0.0
11387,0,0,TimeSeriesForest,1.0,0.0,0.0,0.0,0.0
11941,0,0,TimeSeriesForest,0.97,0.0,0.03,0.0,0.0
19905,4,4,TimeSeriesForest,0.0,0.0,0.25,0.0,0.75
12357,2,2,TimeSeriesForest,0.0,0.0,0.99,0.0,0.01
19538,4,2,TimeSeriesForest,0.0,0.0,0.72,0.0,0.28
18447,4,4,TimeSeriesForest,0.21,0.02,0.01,0.0,0.76
19677,4,4,TimeSeriesForest,0.0,0.0,0.35,0.0,0.65
11342,0,0,TimeSeriesForest,0.99,0.0,0.01,0.0,0.0
16724,3,3,TimeSeriesForest,0.09,0.03,0.0,0.66,0.22
19705,4,2,TimeSeriesForest,0.01,0.0,0.83,0.0,0.16
15073,1,1,TimeSeriesForest,0.06,0.57,0.0,0.37,0.0
12196,2,2,TimeSeriesForest,0.03,0.0,0.94,0.0,0.03
12550,2,2,TimeSeriesForest,0.0,0.0,0.92,0.0,0.08
11339,0,2,TimeSeriesForest,0.33,0.0,0.65,0.0,0.02
14071,1,1,TimeSeriesForest,0.06,0.75,0.0,0.17,0.02
15860,1,1,TimeSeriesForest,0.0,1.0,0.0,0.0,0.0
12952,2,2,TimeSeriesForest,0.33,0.04,0.34,0.0,0.29
14185,1,1,TimeSeriesForest,0.06,0.71,0.0,0.21,0.02
12101,2,2,TimeSeriesForest,0.0,0.0,0.98,0.0,0.02
19682,4,4,TimeSeriesForest,0.0,0.0,0.4,0.0,0.6
17360,3,3,TimeSeriesForest,0.04,0.0,0.0,0.67,0.29
10423,0,0,TimeSeriesForest,0.86,0.0,0.0,0.13,0.01
15062,1,1,TimeSeriesForest,0.01,0.65,0.0,0.33,0.01
15571,1,1,TimeSeriesForest,0.02,0.71,0.0,0.23,0.04
19017,4,4,TimeSeriesForest,0.15,0.01,0.02,0.01,0.81
11854,0,0,TimeSeriesForest,0.99,0.0,0.01,0.0,0.0
10167,0,0,TimeSeriesForest,0.96,0.0,0.04,0.0,0.0
12916,2,2,TimeSeriesForest,0.13,0.0,0.71,0.0,0.16
13267,2,2,TimeSeriesForest,0.0,0.0,0.97,0.0,0.03
11155,0,0,TimeSeriesForest,1.0,0.0,0.0,0.0,0.0
12846,2,2,TimeSeriesForest,0.0,0.0,0.88,0.0,0.12
12332,2,2,TimeSeriesForest,0.02,0.0,0.98,0.0,0.0
10863,0,0,TimeSeriesForest,0.74,0.0,0.22,0.0,0.04
18732,4,4,TimeSeriesForest,0.02,0.07,0.06,0.0,0.85
13499,2,2,TimeSeriesForest,0.0,0.0,0.91,0.0,0.09
18555,4,4,TimeSeriesForest,0.02,0.01,0.03,0.0,0.94
10620,0,0,TimeSeriesForest,0.95,0.0,0.0,0.04,0.01
18926,4,4,TimeSeriesForest,0.0,0.11,0.0,0.0,0.89
17715,3,3,TimeSeriesForest,0.0,0.09,0.0,0.68,0.23
19587,4,4,TimeSeriesForest,0.0,0.0,0.36,0.0,0.64
17948,4,4,TimeSeriesForest,0.0,0.01,0.03,0.06,0.9
13142,2,2,TimeSeriesForest,0.0,0.0,0.95,0.0,0.05
17249,3,1,TimeSeriesForest,0.05,0.63,0.0,0.32,0.0
17265,3,3,TimeSeriesForest,0.03,0.01,0.01,0.74,0.21
16425,3,1,TimeSeriesForest,0.02,0.55,0.0,0.43,0.0
10722,0,1,TimeSeriesForest,0.06,0.65,0.0,0.28,0.01
13855,2,3,TimeSeriesForest,0.12,0.0,0.0,0.62,0.26
19582,4,2,TimeSeriesForest,0.0,0.0,0.85,0.0,0.15
14470,1,1,TimeSeriesForest,0.02,0.6,0.0,0.38,0.0
10412,0,1,TimeSeriesForest,0.09,0.59,0.0,0.28,0.04
10074,0,0,TimeSeriesForest,0.98,0.0,0.01,0.0,0.01
10225,0,0,TimeSeriesForest,0.91,0.0,0.09,0.0,0.0
15358,1,1,TimeSeriesForest,0.02,0.68,0.0,0.28,0.02
17410,3,4,TimeSeriesForest,0.09,0.18,0.0,0.35,0.38
12462,2,2,TimeSeriesForest,0.31,0.0,0.47,0.0,0.22
18820,4,4,TimeSeriesForest,0.07,0.08,0.01,0.0,0.84
14421,1,1,TimeSeriesForest,0.02,0.68,0.0,0.29,0.01
17402,3,3,TimeSeriesForest,0.04,0.06,0.0,0.83,0.07
17915,3,3,TimeSeriesForest,0.05,0.01,0.0,0.76,0.18
14575,1,1,TimeSeriesForest,0.1,0.63,0.0,0.27,0.0
16635,3,3,TimeSeriesForest,0.07,0.25,0.0,0.66,0.02
10832,0,0,TimeSeriesForest,1.0,0.0,0.0,0.0,0.0
19850,4,4,TimeSeriesForest,0.06,0.02,0.38,0.0,0.54
19236,4,4,TimeSeriesForest,0.0,0.06,0.0,0.06,0.88
11041,0,0,TimeSeriesForest,1.0,0.0,0.0,0.0,0.0
19573,4,4,TimeSeriesForest,0.09,0.01,0.36,0.0,0.54
13740,2,2,TimeSeriesForest,0.01,0.0,0.83,0.0,0.16
15401,1,1,TimeSeriesForest,0.2,0.4,0.0,0.4,0.0
17463,3,3,TimeSeriesForest,0.21,0.22,0.0,0.43,0.14
15808,1,1,TimeSeriesForest,0.02,0.71,0.0,0.16,0.11
17391,3,3,TimeSeriesForest,0.04,0.01,0.0,0.81,0.14
11480,0,0,TimeSeriesForest,0.99,0.0,0.01,0.0,0.0
17569,3,3,TimeSeriesForest,0.02,0.03,0.0,0.95,0.0
19671,4,4,TimeSeriesForest,0.0,0.0,0.07,0.0,0.93
14556,1,1,TimeSeriesForest,0.01,0.62,0.0,0.37,0.0
15893,1,1,TimeSeriesForest,0.04,0.46,0.0,0.12,0.38
12728,2,2,TimeSeriesForest,0.03,0.0,0.71,0.0,0.26
14389,1,1,TimeSeriesForest,0.04,0.72,0.0,0.24,0.0
11213,0,0,TimeSeriesForest,0.88,0.0,0.11,0.0,0.01
11797,0,0,TimeSeriesForest,0.99,0.0,0.01,0.0,0.0
15462,1,4,TimeSeriesForest,0.01,0.39,0.01,0.06,0.53
17303,3,3,TimeSeriesForest,0.03,0.0,0.0,0.89,0.08
19861,4,4,TimeSeriesForest,0.0,0.01,0.27,0.0,0.72
16233,3,1,TimeSeriesForest,0.15,0.55,0.01,0.28,0.01
10380,0,0,TimeSeriesForest,0.98,0.0,0.02,0.0,0.0
17496,3,3,TimeSeriesForest,0.01,0.01,0.0,0.71,0.27
10872,0,0,TimeSeriesForest,1.0,0.0,0.0,0.0,0.0
16252,3,1,TimeSeriesForest,0.0,0.57,0.0,0.43,0.0
13909,2,2,TimeSeriesForest,0.0,0.0,0.98,0.0,0.02
10803,0,0,TimeSeriesForest,0.99,0.0,0.01,0.0,0.0
14548,1,1,TimeSeriesForest,0.03,0.73,0.0,0.24,0.0
10786,0,0,TimeSeriesForest,0.99,0.0,0.0,0.0,0.01
17188,3,1,TimeSeriesForest,0.1,0.62,0.0,0.28,0.0
14820,1,1,TimeSeriesForest,0.01,0.71,0.0,0.28,0.0
17161,3,1,TimeSeriesForest,0.02,0.72,0.0,0.25,0.01
17649,3,1,TimeSeriesForest,0.04,0.54,0.0,0.28,0.14
11065,0,0,TimeSeriesForest,0.97,0.0,0.01,0.0,0.02
14397,1,1,TimeSeriesForest,0.05,0.7,0.0,0.25,0.0
17972,4,4,TimeSeriesForest,0.04,0.01,0.01,0.0,0.94
12227,2,2,TimeSeriesForest,0.07,0.0,0.89,0.0,0.04
12808,2,2,TimeSeriesForest,0.0,0.0,0.84,0.0,0.16
18900,4,4,TimeSeriesForest,0.0,0.01,0.0,0.01,0.98
18390,4,4,TimeSeriesForest,0.03,0.02,0.0,0.01,0.94
13590,2,2,TimeSeriesForest,0.0,0.0,0.87,0.0,0.13
11991,2,2,TimeSeriesForest,0.09,0.01,0.83,0.0,0.07
14963,1,1,TimeSeriesForest,0.0,0.7,0.0,0.3,0.0
18007,4,4,TimeSeriesForest,0.01,0.07,0.02,0.01,0.89
15024,1,1,TimeSeriesForest,0.03,0.63,0.0,0.34,0.0
16402,3,1,TimeSeriesForest,0.01,0.54,0.0,0.31,0.14
11568,0,0,TimeSeriesForest,0.99,0.0,0.01,0.0,0.0
19231,4,4,TimeSeriesForest,0.0,0.02,0.0,0.0,0.98
17511,3,3,TimeSeriesForest,0.04,0.02,0.0,0.59,0.35
10628,0,1,TimeSeriesForest,0.01,0.59,0.0,0.4,0.0
17232,3,1,TimeSeriesForest,0.02,0.59,0.0,0.39,0.0
17993,4,3,TimeSeriesForest,0.01,0.0,0.0,0.62,0.37
16878,3,1,TimeSeriesForest,0.01,0.51,0.0,0.48,0.0
12309,2,2,TimeSeriesForest,0.29,0.0,0.65,0.0,0.06
16787,3,1,TimeSeriesForest,0.02,0.64,0.0,0.34,0.0
13312,2,2,TimeSeriesForest,0.04,0.01,0.94,0.0,0.01
11777,0,0,TimeSeriesForest,1.0,0.0,0.0,0.0,0.0
11859,0,0,TimeSeriesForest,0.97,0.0,0.03,0.0,0.0
18781,4,4,TimeSeriesForest,0.07,0.29,0.0,0.16,0.48
19735,4,4,TimeSeriesForest,0.0,0.0,0.31,0.0,0.69
19517,4,2,TimeSeriesForest,0.05,0.02,0.71,0.0,0.22
19395,4,0,TimeSeriesForest,0.47,0.0,0.42,0.0,0.11
18673,4,4,TimeSeriesForest,0.0,0.07,0.02,0.0,0.91
15925,1,1,TimeSeriesForest,0.07,0.59,0.0,0.31,0.03
12013,2,2,TimeSeriesForest,0.05,0.0,0.9,0.0,0.05
14861,1,1,TimeSeriesForest,0.02,0.74,0.0,0.24,0.0
17337,3,3,TimeSeriesForest,0.01,0.02,0.0,0.87,0.1
10227,0,0,TimeSeriesForest,0.99,0.0,0.01,0.0,0.0
15335,1,1,TimeSeriesForest,0.04,0.65,0.0,0.29,0.02
17164,3,1,TimeSeriesForest,0.02,0.6,0.0,0.38,0.0
12119,2,2,TimeSeriesForest,0.13,0.0,0.44,0.0,0.43
17765,3,4,TimeSeriesForest,0.0,0.02,0.02,0.3,0.66
13153,2,2,TimeSeriesForest,0.0,0.0,0.88,0.0,0.12
11222,0,0,TimeSeriesForest,0.96,0.0,0.02,0.0,0.02
10879,0,0,TimeSeriesForest,1.0,0.0,0.0,0.0,0.0
15472,1,1,TimeSeriesForest,0.06,0.67,0.0,0.18,0.09
10885,0,2,TimeSeriesForest,0.26,0.01,0.72,0.0,0.01
13866,2,2,TimeSeriesForest,0.0,0.0,0.88,0.0,0.12
11749,0,0,TimeSeriesForest,0.99,0.0,0.01,0.0,0.0
13347,2,4,TimeSeriesForest,0.15,0.02,0.25,0.03,0.55
12642,2,2,TimeSeriesForest,0.0,0.0,0.97,0.0,0.03
16904,3,3,TimeSeriesForest,0.06,0.46,0.0,0.48,0.0
10174,0,0,TimeSeriesForest,0.99,0.0,0.0,0.0,0.01
19199,4,4,TimeSeriesForest,0.03,0.0,0.0,0.0,0.97
14568,1,1,TimeSeriesForest,0.04,0.71,0.0,0.23,0.02
11386,0,0,TimeSeriesForest,1.0,0.0,0.0,0.0,0.0
15471,1,1,TimeSeriesForest,0.01,0.8,0.0,0.19,0.0
17566,3,3,TimeSeriesForest,0.01,0.05,0.0,0.53,0.41
11988,2,2,TimeSeriesForest,0.07,0.0,0.93,0.0,0.0
15091,1,1,TimeSeriesForest,0.03,0.59,0.0,0.38,0.0
17827,3,3,TimeSeriesForest,0.0,0.06,0.02,0.69,0.23
12381,2,2,TimeSeriesForest,0.02,0.0,0.92,0.0,0.06
18645,4,2,TimeSeriesForest,0.29,0.07,0.4,0.0,0.24
15623,1,4,TimeSeriesForest,0.01,0.28,0.01,0.19,0.51
17059,3,1,TimeSeriesForest,0.04,0.6,0.0,0.36,0.0
17648,3,3,TimeSeriesForest,0.02,0.28,0.0,0.4,0.3
10858,0,0,TimeSeriesForest,1.0,0.0,0.0,0.0,0.0
14572,1,1,TimeSeriesForest,0.1,0.64,0.0,0.26,0.0
18387,4,4,TimeSeriesForest,0.01,0.09,0.02,0.04,0.84
15292,1,1,TimeSeriesForest,0.08,0.56,0.0,0.36,0.0
15591,1,1,TimeSeriesForest,0.0,0.57,0.0,0.17,0.26
18591,4,4,TimeSeriesForest,0.01,0.01,0.01,0.25,0.72
14187,1,1,TimeSeriesForest,0.02,0.64,0.0,0.34,0.0
14940,1,1,TimeSeriesForest,0.05,0.57,0.0,0.38,0.0
19079,4,4,TimeSeriesForest,0.01,0.01,0.0,0.0,0.98
17890,3,3,TimeSeriesForest,0.27,0.02,0.0,0.55,0.16
15693,1,4,TimeSeriesForest,0.0,0.08,0.0,0.15,0.77
11173,0,0,TimeSeriesForest,1.0,0.0,0.0,0.0,0.0
12077,2,2,TimeSeriesForest,0.0,0.02,0.87,0.09,0.02
13427,2,2,TimeSeriesForest,0.06,0.01,0.53,0.0,0.4
10608,0,1,TimeSeriesForest,0.1,0.61,0.0,0.27,0.02
16420,3,1,TimeSeriesForest,0.03,0.72,0.0,0.25,0.0
15402,1,1,TimeSeriesForest,0.02,0.64,0.0,0.34,0.0
14008,1,1,TimeSeriesForest,0.04,0.67,0.0,0.29,0.0
11359,0,0,TimeSeriesForest,0.92,0.0,0.05,0.0,0.03
11958,2,2,TimeSeriesForest,0.09,0.0,0.91,0.0,0.0
17517,3,3,TimeSeriesForest,0.01,0.0,0.0,0.65,0.34
18503,4,4,TimeSeriesForest,0.0,0.0,0.0,0.27,0.73
13809,2,2,TimeSeriesForest,0.15,0.0,0.72,0.01,0.12
18400,4,4,TimeSeriesForest,0.06,0.0,0.0,0.0,0.94
12123,2,2,TimeSeriesForest,0.0,0.0,0.99,0.0,0.01
12450,2,2,TimeSeriesForest,0.03,0.0,0.9,0.0,0.07
17481,3,3,TimeSeriesForest,0.06,0.0,0.02,0.63,0.29
14849,1,1,TimeSeriesForest,0.03,0.72,0.0,0.25,0.0
18576,4,4,TimeSeriesForest,0.01,0.0,0.0,0.38,0.61
17711,3,4,TimeSeriesForest,0.0,0.06,0.03,0.42,0.49
18623,4,4,TimeSeriesForest,0.18,0.01,0.05,0.01,0.75
12456,2,2,TimeSeriesForest,0.18,0.01,0.77,0.0,0.04
18033,4,4,TimeSeriesForest,0.04,0.06,0.03,0.06,0.81
10935,0,0,TimeSeriesForest,0.98,0.0,0.0,0.0,0.02
13950,1,1,TimeSeriesForest,0.03,0.65,0.0,0.15,0.17
15265,1,1,TimeSeriesForest,0.02,0.67,0.0,0.31,0.0
11182,0,0,TimeSeriesForest,0.97,0.0,0.03,0.0,0.0
12375,2,2,TimeSeriesForest,0.0,0.0,0.75,0.0,0.25
14594,1,1,TimeSeriesForest,0.03,0.66,0.0,0.31,0.0
15783,1,1,TimeSeriesForest,0.0,1.0,0.0,0.0,0.0
10559,0,0,TimeSeriesForest,0.98,0.01,0.0,0.0,0.01
14123,1,1,TimeSeriesForest,0.01,0.73,0.0,0.26,0.0
15280,1,1,TimeSeriesForest,0.09,0.64,0.0,0.25,0.02
11129,0,0,TimeSeriesForest,0.77,0.0,0.04,0.02,0.17
17882,3,3,TimeSeriesForest,0.02,0.01,0.0,0.75,0.22
13954,1,1,TimeSeriesForest,0.05,0.64,0.0,0.31,0.0
14585,1,1,TimeSeriesForest,0.11,0.56,0.0,0.23,0.1
15205,1,1,TimeSeriesForest,0.09,0.63,0.0,0.28,0.0
16690,3,1,TimeSeriesForest,0.01,0.53,0.0,0.46,0.0
14046,1,1,TimeSeriesForest,0.02,0.69,0.0,0.24,0.05
18002,4,4,TimeSeriesForest,0.03,0.0,0.05,0.19,0.73
14750,1,1,TimeSeriesForest,0.07,0.62,0.0,0.31,0.0
19878,4,4,TimeSeriesForest,0.0,0.0,0.11,0.0,0.89
18280,4,4,TimeSeriesForest,0.0,0.0,0.0,0.0,1.0
18897,4,3,TimeSeriesForest,0.01,0.12,0.0,0.52,0.35
16605,3,3,TimeSeriesForest,0.02,0.48,0.0,0.5,0.0
12632,2,2,TimeSeriesForest,0.0,0.0,0.93,0.0,0.07
15533,1,1,TimeSeriesForest,0.02,0.47,0.0,0.13,0.38
13979,1,3,TimeSeriesForest,0.03,0.37,0.0,0.4,0.2
18124,4,4,TimeSeriesForest,0.02,0.0,0.01,0.21,0.76
12523,2,2,TimeSeriesForest,0.14,0.0,0.7,0.0,0.16
14128,1,1,TimeSeriesForest,0.05,0.73,0.0,0.22,0.0
18386,4,4,TimeSeriesForest,0.01,0.04,0.0,0.02,0.93
18916,4,4,TimeSeriesForest,0.0,0.14,0.0,0.37,0.49
15517,1,1,TimeSeriesForest,0.05,0.65,0.0,0.28,0.02
11334,0,0,TimeSeriesForest,0.9,0.0,0.09,0.0,0.01
16620,3,1,TimeSeriesForest,0.01,0.53,0.0,0.46,0.0
14902,1,1,TimeSeriesForest,0.11,0.49,0.0,0.39,0.01
15325,1,1,TimeSeriesForest,0.03,0.64,0.0,0.31,0.02
11907,0,0,TimeSeriesForest,0.86,0.03,0.04,0.0,0.07
12349,2,2,TimeSeriesForest,0.01,0.0,0.86,0.0,0.13
11466,0,0,TimeSeriesForest,1.0,0.0,0.0,0.0,0.0
14028,1,1,TimeSeriesForest,0.03,0.65,0.0,0.3,0.02
12131,2,2,TimeSeriesForest,0.06,0.0,0.64,0.0,0.3
13453,2,2,TimeSeriesForest,0.0,0.0,0.99,0.0,0.01
15100,1,1,TimeSeriesForest,0.04,0.69,0.0,0.27,0.0
10977,0,0,TimeSeriesForest,1.0,0.0,0.0,0.0,0.0
17489,3,3,TimeSeriesForest,0.05,0.19,0.02,0.63,0.11
16859,3,1,TimeSeriesForest,0.04,0.61,0.0,0.35,0.0
16702,3,1,TimeSeriesForest,0.07,0.57,0.0,0.29,0.07
13101,2,2,TimeSeriesForest,0.0,0.0,0.95,0.0,0.05
18962,4,4,TimeSeriesForest,0.0,0.15,0.0,0.04,0.81
15418,1,1,TimeSeriesForest,0.03,0.58,0.0,0.39,0.0
14038,1,1,TimeSeriesForest,0.0,0.66,0.0,0.34,0.0
12933,2,2,TimeSeriesForest,0.0,0.0,0.95,0.0,0.05
10958,0,0,TimeSeriesForest,1.0,0.0,0.0,0.0,0.0
17206,3,1,TimeSeriesForest,0.04,0.68,0.0,0.28,0.0
12974,2,2,TimeSeriesForest,0.03,0.01,0.91,0.0,0.05
17850,3,4,TimeSeriesForest,0.03,0.01,0.0,0.4,0.56
15144,1,1,TimeSeriesForest,0.03,0.58,0.0,0.39,0.0
14262,1,1,TimeSeriesForest,0.03,0.65,0.0,0.32,0.0
18157,4,4,TimeSeriesForest,0.01,0.09,0.02,0.21,0.67
18314,4,4,TimeSeriesForest,0.0,0.03,0.0,0.03,0.94
10880,0,0,TimeSeriesForest,1.0,0.0,0.0,0.0,0.0
10790,0,0,TimeSeriesForest,1.0,0.0,0.0,0.0,0.0
15687,1,4,TimeSeriesForest,0.0,0.09,0.02,0.02,0.87
15187,1,1,TimeSeriesForest,0.0,0.7,0.0,0.3,0.0
10603,0,4,TimeSeriesForest,0.13,0.07,0.0,0.01,0.79
17809,3,3,TimeSeriesForest,0.03,0.03,0.0,0.7,0.24
14659,1,1,TimeSeriesForest,0.04,0.67,0.0,0.23,0.06
11076,0,0,TimeSeriesForest,0.95,0.0,0.0,0.0,0.05
10708,0,0,TimeSeriesForest,0.54,0.03,0.0,0.37,0.06
15324,1,1,TimeSeriesForest,0.06,0.63,0.0,0.31,0.0
15080,1,3,TimeSeriesForest,0.04,0.39,0.0,0.48,0.09
17747,3,3,TimeSeriesForest,0.07,0.12,0.01,0.63,0.17
10763,0,0,TimeSeriesForest,0.99,0.0,0.0,0.0,0.01
14785,1,1,TimeSeriesForest,0.06,0.63,0.0,0.3,0.01
17631,3,3,TimeSeriesForest,0.0,0.14,0.0,0.49,0.37
17919,3,3,TimeSeriesForest,0.03,0.01,0.1,0.59,0.27
19713,4,2,TimeSeriesForest,0.18,0.0,0.53,0.0,0.29
18882,4,4,TimeSeriesForest,0.0,0.1,0.0,0.03,0.87
15379,1,1,TimeSeriesForest,0.02,0.69,0.0,0.28,0.01
13299,2,2,TimeSeriesForest,0.02,0.0,0.89,0.0,0.09
15529,1,1,TimeSeriesForest,0.04,0.63,0.0,0.33,0.0
16065,3,1,TimeSeriesForest,0.0,0.71,0.0,0.24,0.05
17588,3,3,TimeSeriesForest,0.04,0.04,0.0,0.84,0.08
18194,4,4,TimeSeriesForest,0.02,0.02,0.04,0.0,0.92
11877,0,0,TimeSeriesForest,0.94,0.0,0.06,0.0,0.0
18596,4,4,TimeSeriesForest,0.0,0.0,0.0,0.0,1.0
14991,1,1,TimeSeriesForest,0.05,0.53,0.0,0.42,0.0
13407,2,2,TimeSeriesForest,0.02,0.0,0.93,0.0,0.05
16669,3,1,TimeSeriesForest,0.03,0.5,0.0,0.47,0.0
14045,1,1,TimeSeriesForest,0.04,0.71,0.0,0.24,0.01
17257,3,1,TimeSeriesForest,0.06,0.66,0.0,0.28,0.0
14729,1,1,TimeSeriesForest,0.03,0.67,0.0,0.3,0.0
17433,3,3,TimeSeriesForest,0.02,0.01,0.0,0.86,0.11
14245,1,1,TimeSeriesForest,0.05,0.7,0.0,0.25,0.0
9993,0,0,TimeSeriesForest,0.89,0.0,0.1,0.0,0.01
14321,1,3,TimeSeriesForest,0.0,0.41,0.0,0.59,0.0
16909,3,1,TimeSeriesForest,0.01,0.66,0.0,0.33,0.0
14760,1,1,TimeSeriesForest,0.0,0.77,0.0,0.16,0.07
12698,2,2,TimeSeriesForest,0.0,0.0,0.95,0.0,0.05
10865,0,0,TimeSeriesForest,0.99,0.0,0.01,0.0,0.0
14272,1,1,TimeSeriesForest,0.03,0.64,0.0,0.32,0.01
14334,1,3,TimeSeriesForest,0.32,0.32,0.0,0.35,0.01
10470,0,1,TimeSeriesForest,0.02,0.62,0.0,0.36,0.0
18162,4,4,TimeSeriesForest,0.02,0.02,0.05,0.05,0.86
17294,3,3,TimeSeriesForest,0.0,0.02,0.0,0.65,0.33
9994,0,0,TimeSeriesForest,0.75,0.0,0.24,0.0,0.01
10012,0,0,TimeSeriesForest,0.99,0.0,0.01,0.0,0.0
18026,4,4,TimeSeriesForest,0.0,0.04,0.01,0.43,0.52
19190,4,4,TimeSeriesForest,0.0,0.04,0.0,0.02,0.94
13609,2,2,TimeSeriesForest,0.01,0.0,0.97,0.0,0.02
11841,0,0,TimeSeriesForest,0.99,0.0,0.01,0.0,0.0
14755,1,1,TimeSeriesForest,0.06,0.7,0.0,0.24,0.0
12147,2,2,TimeSeriesForest,0.07,0.03,0.79,0.01,0.1
14087,1,1,TimeSeriesForest,0.0,0.59,0.0,0.41,0.0
19175,4,4,TimeSeriesForest,0.15,0.02,0.01,0.0,0.82
13989,1,1,TimeSeriesForest,0.02,0.81,0.0,0.14,0.03
18843,4,4,TimeSeriesForest,0.08,0.11,0.21,0.01,0.59
19715,4,2,TimeSeriesForest,0.01,0.0,0.67,0.0,0.32
13053,2,2,TimeSeriesForest,0.0,0.0,0.79,0.0,0.21
15372,1,1,TimeSeriesForest,0.06,0.64,0.0,0.29,0.01
10323,0,0,TimeSeriesForest,0.88,0.01,0.1,0.0,0.01
18274,4,4,TimeSeriesForest,0.06,0.05,0.03,0.01,0.85
15909,1,1,TimeSeriesForest,0.0,1.0,0.0,0.0,0.0
12820,2,2,TimeSeriesForest,0.0,0.0,0.93,0.0,0.07
12222,2,2,TimeSeriesForest,0.2,0.01,0.69,0.0,0.1
12317,2,2,TimeSeriesForest,0.04,0.01,0.9,0.0,0.05
17020,3,3,TimeSeriesForest,0.2,0.14,0.0,0.62,0.04
18025,4,3,TimeSeriesForest,0.02,0.05,0.0,0.65,0.28
18824,4,4,TimeSeriesForest,0.02,0.05,0.01,0.0,0.92
19112,4,4,TimeSeriesForest,0.0,0.09,0.0,0.05,0.86
10934,0,0,TimeSeriesForest,0.93,0.0,0.02,0.01,0.04
11860,0,0,TimeSeriesForest,1.0,0.0,0.0,0.0,0.0
16407,3,1,TimeSeriesForest,0.03,0.57,0.0,0.36,0.04
15244,1,1,TimeSeriesForest,0.05,0.66,0.0,0.29,0.0
13140,2,2,TimeSeriesForest,0.0,0.0,0.93,0.0,0.07
10685,0,0,TimeSeriesForest,0.97,0.0,0.0,0.03,0.0
17026,3,1,TimeSeriesForest,0.15,0.49,0.0,0.03,0.33
16222,3,1,TimeSeriesForest,0.01,0.78,0.0,0.2,0.01
18919,4,4,TimeSeriesForest,0.0,0.07,0.0,0.0,0.93
13397,2,2,TimeSeriesForest,0.0,0.0,0.88,0.0,0.12
16935,3,1,TimeSeriesForest,0.08,0.64,0.0,0.28,0.0
18583,4,3,TimeSeriesForest,0.04,0.01,0.0,0.68,0.27
17172,3,1,TimeSeriesForest,0.18,0.51,0.0,0.31,0.0
16259,3,1,TimeSeriesForest,0.08,0.67,0.0,0.25,0.0
15149,1,1,TimeSeriesForest,0.04,0.71,0.0,0.25,0.0
15053,1,1,TimeSeriesForest,0.02,0.56,0.0,0.41,0.01
16566,3,1,TimeSeriesForest,0.04,0.62,0.0,0.34,0.0
19176,4,4,TimeSeriesForest,0.0,0.33,0.01,0.1,0.56
12670,2,2,TimeSeriesForest,0.0,0.0,0.95,0.0,0.05
10720,0,3,TimeSeriesForest,0.25,0.03,0.04,0.4,0.28
11035,0,0,TimeSeriesForest,1.0,0.0,0.0,0.0,0.0
12160,2,2,TimeSeriesForest,0.0,0.0,1.0,0.0,0.0
11680,0,0,TimeSeriesForest,1.0,0.0,0.0,0.0,0.0
15634,1,1,TimeSeriesForest,0.05,0.53,0.0,0.28,0.14
11803,0,0,TimeSeriesForest,0.99,0.0,0.01,0.0,0.0
12254,2,2,TimeSeriesForest,0.0,0.0,0.99,0.0,0.01
13955,1,1,TimeSeriesForest,0.02,0.54,0.0,0.44,0.0
11098,0,0,TimeSeriesForest,0.88,0.0,0.11,0.0,0.01
13078,2,2,TimeSeriesForest,0.04,0.0,0.95,0.0,0.01
18518,4,4,TimeSeriesForest,0.0,0.0,0.0,0.07,0.93
14925,1,1,TimeSeriesForest,0.0,0.7,0.0,0.3,0.0
16816,3,3,TimeSeriesForest,0.03,0.36,0.0,0.61,0.0
16895,3,3,TimeSeriesForest,0.03,0.42,0.0,0.55,0.0
14269,1,1,TimeSeriesForest,0.0,0.66,0.0,0.34,0.0
18104,4,4,TimeSeriesForest,0.02,0.0,0.05,0.28,0.65
19731,4,2,TimeSeriesForest,0.0,0.0,0.8,0.0,0.2
15311,1,1,TimeSeriesForest,0.0,0.74,0.0,0.26,0.0
19218,4,4,TimeSeriesForest,0.0,0.11,0.07,0.02,0.8
14542,1,1,TimeSeriesForest,0.02,0.66,0.0,0.32,0.0
18300,4,4,TimeSeriesForest,0.17,0.0,0.0,0.0,0.83
15778,1,1,TimeSeriesForest,0.01,0.39,0.01,0.22,0.37
11709,0,0,TimeSeriesForest,0.9,0.0,0.1,0.0,0.0
11818,0,0,TimeSeriesForest,0.98,0.0,0.02,0.0,0.0
16853,3,1,TimeSeriesForest,0.04,0.68,0.0,0.27,0.01
14401,1,1,TimeSeriesForest,0.02,0.61,0.0,0.37,0.0
13934,2,2,TimeSeriesForest,0.01,0.0,0.9,0.0,0.09
18093,4,4,TimeSeriesForest,0.06,0.05,0.01,0.0,0.88
14237,1,1,TimeSeriesForest,0.07,0.67,0.0,0.11,0.15
18013,4,4,TimeSeriesForest,0.0,0.02,0.02,0.02,0.94
18687,4,4,TimeSeriesForest,0.01,0.3,0.01,0.08,0.6
11071,0,0,TimeSeriesForest,1.0,0.0,0.0,0.0,0.0
18289,4,4,TimeSeriesForest,0.0,0.05,0.0,0.02,0.93
16215,3,3,TimeSeriesForest,0.01,0.28,0.0,0.71,0.0
12634,2,2,TimeSeriesForest,0.03,0.0,0.95,0.0,0.02
18362,4,4,TimeSeriesForest,0.0,0.06,0.0,0.37,0.57
14393,1,1,TimeSeriesForest,0.02,0.59,0.0,0.39,0.0
17183,3,1,TimeSeriesForest,0.01,0.7,0.0,0.27,0.02
16640,3,1,TimeSeriesForest,0.04,0.56,0.0,0.4,0.0
16077,3,1,TimeSeriesForest,0.07,0.62,0.0,0.31,0.0
14920,1,1,TimeSeriesForest,0.04,0.54,0.0,0.42,0.0
18937,4,4,TimeSeriesForest,0.01,0.13,0.0,0.03,0.83
18187,4,4,TimeSeriesForest,0.07,0.02,0.01,0.0,0.9
18950,4,4,TimeSeriesForest,0.0,0.24,0.04,0.0,0.72
18215,4,4,TimeSeriesForest,0.01,0.02,0.0,0.0,0.97
18417,4,4,TimeSeriesForest,0.11,0.02,0.31,0.01,0.55
11258,0,0,TimeSeriesForest,0.8,0.01,0.18,0.0,0.01
12026,2,2,TimeSeriesForest,0.02,0.01,0.94,0.0,0.03
10973,0,0,TimeSeriesForest,0.93,0.01,0.02,0.0,0.04
19110,4,4,TimeSeriesForest,0.01,0.11,0.0,0.01,0.87
12703,2,2,TimeSeriesForest,0.0,0.01,0.89,0.0,0.1
19688,4,2,TimeSeriesForest,0.0,0.0,0.83,0.0,0.17
14718,1,1,TimeSeriesForest,0.0,0.62,0.0,0.36,0.02
13205,2,2,TimeSeriesForest,0.0,0.0,0.78,0.0,0.22
11951,2,2,TimeSeriesForest,0.1,0.01,0.76,0.01,0.12
13774,2,2,TimeSeriesForest,0.02,0.02,0.79,0.0,0.17
11931,0,0,TimeSeriesForest,1.0,0.0,0.0,0.0,0.0
13635,2,2,TimeSeriesForest,0.0,0.0,0.98,0.0,0.02
14778,1,1,TimeSeriesForest,0.01,0.75,0.0,0.23,0.01
11509,0,0,TimeSeriesForest,1.0,0.0,0.0,0.0,0.0
13513,2,2,TimeSeriesForest,0.04,0.0,0.8,0.0,0.16
18110,4,4,TimeSeriesForest,0.0,0.0,0.0,0.0,1.0
14220,1,1,TimeSeriesForest,0.04,0.66,0.0,0.29,0.01
18071,4,4,TimeSeriesForest,0.0,0.02,0.0,0.05,0.93
14263,1,1,TimeSeriesForest,0.05,0.72,0.0,0.21,0.02
11604,0,0,TimeSeriesForest,0.93,0.0,0.07,0.0,0.0
14189,1,1,TimeSeriesForest,0.04,0.73,0.0,0.23,0.0
15832,1,1,TimeSeriesForest,0.01,0.74,0.0,0.25,0.0
10979,0,0,TimeSeriesForest,0.99,0.0,0.01,0.0,0.0
10560,0,0,TimeSeriesForest,0.56,0.02,0.0,0.03,0.39
13328,2,2,TimeSeriesForest,0.09,0.0,0.86,0.0,0.05
12022,2,2,TimeSeriesForest,0.05,0.0,0.91,0.0,0.04
12764,2,2,TimeSeriesForest,0.03,0.0,0.95,0.0,0.02
12746,2,2,TimeSeriesForest,0.04,0.0,0.93,0.0,0.03
17555,3,3,TimeSeriesForest,0.0,0.02,0.0,0.74,0.24
15883,1,1,TimeSeriesForest,0.0,1.0,0.0,0.0,0.0
14253,1,1,TimeSeriesForest,0.13,0.58,0.0,0.29,0.0
10648,0,1,TimeSeriesForest,0.11,0.52,0.0,0.37,0.0
17620,3,3,TimeSeriesForest,0.02,0.04,0.01,0.67,0.26
10576,0,0,TimeSeriesForest,0.52,0.05,0.0,0.01,0.42
13623,2,2,TimeSeriesForest,0.03,0.0,0.92,0.0,0.05
12230,2,2,TimeSeriesForest,0.03,0.0,0.93,0.0,0.04
9990,0,0,TimeSeriesForest,0.73,0.0,0.01,0.0,0.26
14883,1,1,TimeSeriesForest,0.07,0.68,0.0,0.25,0.0
13946,1,1,TimeSeriesForest,0.03,0.61,0.0,0.35,0.01
15432,1,1,TimeSeriesForest,0.03,0.71,0.0,0.26,0.0
12595,2,2,TimeSeriesForest,0.0,0.0,0.9,0.0,0.1
16102,3,3,TimeSeriesForest,0.01,0.48,0.0,0.51,0.0
16606,3,1,TimeSeriesForest,0.03,0.6,0.0,0.37,0.0
19146,4,4,TimeSeriesForest,0.01,0.09,0.0,0.0,0.9
10610,0,3,TimeSeriesForest,0.28,0.03,0.04,0.44,0.21
17401,3,3,TimeSeriesForest,0.02,0.01,0.04,0.52,0.41
10498,0,0,TimeSeriesForest,0.99,0.0,0.0,0.01,0.0
14300,1,1,TimeSeriesForest,0.03,0.72,0.0,0.23,0.02
10137,0,0,TimeSeriesForest,0.96,0.0,0.0,0.0,0.04
13972,1,1,TimeSeriesForest,0.0,0.54,0.0,0.45,0.01
11489,0,0,TimeSeriesForest,1.0,0.0,0.0,0.0,0.0
10276,0,0,TimeSeriesForest,0.94,0.0,0.05,0.0,0.01
16385,3,1,TimeSeriesForest,0.02,0.48,0.0,0.44,0.06
18262,4,4,TimeSeriesForest,0.02,0.03,0.0,0.01,0.94
15735,1,1,TimeSeriesForest,0.0,1.0,0.0,0.0,0.0
17438,3,3,TimeSeriesForest,0.05,0.3,0.0,0.55,0.1
12687,2,2,TimeSeriesForest,0.18,0.0,0.76,0.0,0.06
14293,1,1,TimeSeriesForest,0.09,0.66,0.0,0.24,0.01
12161,2,2,TimeSeriesForest,0.01,0.0,0.91,0.0,0.08
18485,4,4,TimeSeriesForest,0.0,0.0,0.0,0.21,0.79
10022,0,0,TimeSeriesForest,0.97,0.0,0.03,0.0,0.0
11595,0,0,TimeSeriesForest,1.0,0.0,0.0,0.0,0.0
13000,2,4,TimeSeriesForest,0.0,0.0,0.39,0.0,0.61
12275,2,2,TimeSeriesForest,0.0,0.01,0.96,0.0,0.03
15522,1,1,TimeSeriesForest,0.08,0.68,0.0,0.2,0.04
19569,4,2,TimeSeriesForest,0.14,0.0,0.63,0.0,0.23
12085,2,2,TimeSeriesForest,0.09,0.02,0.84,0.0,0.05
17563,3,4,TimeSeriesForest,0.0,0.06,0.0,0.07,0.87
12913,2,2,TimeSeriesForest,0.02,0.0,0.87,0.0,0.11
16409,3,1,TimeSeriesForest,0.03,0.58,0.0,0.39,0.0
15546,1,1,TimeSeriesForest,0.0,1.0,0.0,0.0,0.0
11420,0,0,TimeSeriesForest,0.99,0.0,0.0,0.0,0.01
12443,2,2,TimeSeriesForest,0.1,0.0,0.76,0.0,0.14
13926,2,0,TimeSeriesForest,0.57,0.0,0.32,0.0,0.11
17636,3,3,TimeSeriesForest,0.06,0.15,0.01,0.56,0.22
15389,1,1,TimeSeriesForest,0.02,0.68,0.0,0.3,0.0
11912,0,0,TimeSeriesForest,0.82,0.0,0.15,0.0,0.03
14190,1,1,TimeSeriesForest,0.16,0.54,0.0,0.3,0.0
17974,4,4,TimeSeriesForest,0.0,0.02,0.02,0.01,0.95
12496,2,2,TimeSeriesForest,0.36,0.02,0.61,0.0,0.01
15332,1,1,TimeSeriesForest,0.02,0.63,0.0,0.35,0.0
17415,3,3,TimeSeriesForest,0.03,0.01,0.01,0.79,0.16
13366,2,2,TimeSeriesForest,0.0,0.0,0.95,0.0,0.05
15803,1,1,TimeSeriesForest,0.02,0.68,0.0,0.18,0.12
16984,3,3,TimeSeriesForest,0.02,0.31,0.0,0.67,0.0
11239,0,0,TimeSeriesForest,0.98,0.0,0.02,0.0,0.0
16662,3,1,TimeSeriesForest,0.06,0.59,0.0,0.28,0.07
13497,2,2,TimeSeriesForest,0.0,0.0,0.91,0.0,0.09
10430,0,0,TimeSeriesForest,0.84,0.0,0.0,0.13,0.03
11825,0,0,TimeSeriesForest,0.99,0.0,0.01,0.0,0.0
19377,4,2,TimeSeriesForest,0.09,0.0,0.8,0.0,0.11
15206,1,1,TimeSeriesForest,0.03,0.71,0.0,0.26,0.0
13479,2,2,TimeSeriesForest,0.0,0.0,0.95,0.0,0.05
14206,1,1,TimeSeriesForest,0.01,0.72,0.0,0.27,0.0
12650,2,2,TimeSeriesForest,0.02,0.0,0.95,0.0,0.03
14747,1,1,TimeSeriesForest,0.01,0.72,0.0,0.27,0.0
17125,3,1,TimeSeriesForest,0.0,0.64,0.0,0.36,0.0
18173,4,4,TimeSeriesForest,0.01,0.05,0.0,0.06,0.88
16942,3,1,TimeSeriesForest,0.02,0.61,0.0,0.32,0.05
17267,3,3,TimeSeriesForest,0.0,0.09,0.0,0.52,0.39
18161,4,4,TimeSeriesForest,0.0,0.0,0.0,0.08,0.92
18987,4,4,TimeSeriesForest,0.01,0.01,0.0,0.0,0.98
10087,0,0,TimeSeriesForest,0.55,0.0,0.43,0.0,0.02
13995,1,1,TimeSeriesForest,0.0,0.7,0.0,0.28,0.02
16883,3,3,TimeSeriesForest,0.05,0.46,0.0,0.49,0.0
19723,4,2,TimeSeriesForest,0.0,0.0,0.62,0.0,0.38
19584,4,4,TimeSeriesForest,0.0,0.0,0.11,0.0,0.89
14776,1,1,TimeSeriesForest,0.12,0.64,0.0,0.19,0.05
10081,0,0,TimeSeriesForest,1.0,0.0,0.0,0.0,0.0
17102,3,1,TimeSeriesForest,0.04,0.7,0.0,0.26,0.0
18972,4,4,TimeSeriesForest,0.01,0.07,0.0,0.0,0.92
18146,4,4,TimeSeriesForest,0.0,0.03,0.0,0.08,0.89
14418,1,1,TimeSeriesForest,0.05,0.71,0.0,0.24,0.0
10886,0,0,TimeSeriesForest,0.98,0.0,0.0,0.0,0.02
18073,4,4,TimeSeriesForest,0.0,0.07,0.0,0.15,0.78
12851,2,2,TimeSeriesForest,0.03,0.0,0.9,0.0,0.07
13690,2,0,TimeSeriesForest,0.43,0.01,0.18,0.0,0.38
19149,4,4,TimeSeriesForest,0.0,0.04,0.01,0.02,0.93
14970,1,1,TimeSeriesForest,0.0,0.71,0.0,0.28,0.01
14173,1,1,TimeSeriesForest,0.03,0.67,0.0,0.29,0.01
10249,0,0,TimeSeriesForest,0.76,0.0,0.21,0.0,0.03
10683,0,0,TimeSeriesForest,0.99,0.0,0.0,0.01,0.0
18305,4,3,TimeSeriesForest,0.01,0.01,0.0,0.8,0.18
16759,3,3,TimeSeriesForest,0.02,0.35,0.0,0.63,0.0
15450,1,4,TimeSeriesForest,0.0,0.29,0.01,0.12,0.58
18947,4,4,TimeSeriesForest,0.04,0.2,0.0,0.04,0.72
10303,0,0,TimeSeriesForest,0.89,0.0,0.09,0.0,0.02
18557,4,4,TimeSeriesForest,0.02,0.05,0.01,0.3,0.62
15246,1,1,TimeSeriesForest,0.04,0.55,0.0,0.41,0.0
17817,3,0,TimeSeriesForest,0.28,0.19,0.0,0.28,0.25
15656,1,4,TimeSeriesForest,0.06,0.32,0.02,0.1,0.5
16248,3,1,TimeSeriesForest,0.01,0.64,0.0,0.35,0.0
16103,3,3,TimeSeriesForest,0.0,0.46,0.0,0.54,0.0
19372,4,4,TimeSeriesForest,0.01,0.0,0.26,0.0,0.73
19180,4,4,TimeSeriesForest,0.23,0.06,0.14,0.02,0.55
12355,2,2,TimeSeriesForest,0.39,0.0,0.6,0.0,0.01
10558,0,0,TimeSeriesForest,0.6,0.22,0.0,0.08,0.1
13202,2,2,TimeSeriesForest,0.0,0.0,0.92,0.0,0.08
12528,2,2,TimeSeriesForest,0.03,0.03,0.9,0.0,0.04
14607,1,1,TimeSeriesForest,0.02,0.74,0.0,0.24,0.0
13684,2,2,TimeSeriesForest,0.09,0.0,0.89,0.0,0.02
11625,0,0,TimeSeriesForest,0.98,0.0,0.02,0.0,0.0
10571,0,0,TimeSeriesForest,1.0,0.0,0.0,0.0,0.0
17716,3,3,TimeSeriesForest,0.22,0.16,0.0,0.48,0.14
11223,0,0,TimeSeriesForest,0.99,0.0,0.01,0.0,0.0
19532,4,4,TimeSeriesForest,0.0,0.0,0.13,0.0,0.87
17493,3,3,TimeSeriesForest,0.06,0.01,0.0,0.91,0.02
11944,0,0,TimeSeriesForest,0.99,0.0,0.01,0.0,0.0
13632,2,2,TimeSeriesForest,0.0,0.0,0.97,0.0,0.03
18063,4,4,TimeSeriesForest,0.0,0.0,0.0,0.0,1.0
10143,0,0,TimeSeriesForest,0.93,0.01,0.01,0.0,0.05
12032,2,2,TimeSeriesForest,0.22,0.0,0.7,0.0,0.08
15905,1,1,TimeSeriesForest,0.01,0.72,0.0,0.27,0.0
10356,0,0,TimeSeriesForest,0.98,0.0,0.02,0.0,0.0
16943,3,1,TimeSeriesForest,0.02,0.49,0.0,0.49,0.0
12302,2,2,TimeSeriesForest,0.35,0.0,0.56,0.0,0.09
12052,2,2,TimeSeriesForest,0.02,0.0,0.92,0.0,0.06
11011,0,0,TimeSeriesForest,0.98,0.0,0.02,0.0,0.0
19150,4,4,TimeSeriesForest,0.0,0.02,0.0,0.0,0.98
12737,2,2,TimeSeriesForest,0.0,0.0,0.91,0.0,0.09
11426,0,0,TimeSeriesForest,0.98,0.0,0.02,0.0,0.0
12279,2,2,TimeSeriesForest,0.01,0.0,0.98,0.0,0.01
10568,0,1,TimeSeriesForest,0.33,0.48,0.0,0.17,0.02
11343,0,0,TimeSeriesForest,0.56,0.01,0.29,0.0,0.14
11389,0,0,TimeSeriesForest,1.0,0.0,0.0,0.0,0.0
11815,0,0,TimeSeriesForest,0.68,0.03,0.23,0.0,0.06
19402,4,4,TimeSeriesForest,0.0,0.0,0.27,0.0,0.73
11677,0,0,TimeSeriesForest,1.0,0.0,0.0,0.0,0.0
15458,1,1,TimeSeriesForest,0.02,0.65,0.0,0.33,0.0
10495,0,1,TimeSeriesForest,0.05,0.69,0.0,0.23,0.03
15516,1,1,TimeSeriesForest,0.2,0.5,0.0,0.08,0.22
11311,0,0,TimeSeriesForest,0.88,0.0,0.11,0.0,0.01
13641,2,0,TimeSeriesForest,0.49,0.0,0.47,0.0,0.04
12220,2,2,TimeSeriesForest,0.09,0.01,0.82,0.0,0.08
12839,2,2,TimeSeriesForest,0.15,0.0,0.69,0.0,0.16
18457,4,4,TimeSeriesForest,0.0,0.0,0.0,0.0,1.0
10510,0,1,TimeSeriesForest,0.32,0.47,0.0,0.18,0.03
18649,4,4,TimeSeriesForest,0.0,0.03,0.0,0.04,0.93
13091,2,2,TimeSeriesForest,0.0,0.0,0.9,0.0,0.1
18472,4,4,TimeSeriesForest,0.0,0.0,0.0,0.06,0.94
10188,0,0,TimeSeriesForest,0.87,0.0,0.13,0.0,0.0
15711,1,1,TimeSeriesForest,0.0,0.75,0.0,0.24,0.01
10128,0,0,TimeSeriesForest,0.98,0.0,0.0,0.0,0.02
17243,3,1,TimeSeriesForest,0.04,0.49,0.0,0.47,0.0
18075,4,3,TimeSeriesForest,0.15,0.02,0.01,0.64,0.18
19570,4,4,TimeSeriesForest,0.01,0.0,0.17,0.0,0.82
11381,0,0,TimeSeriesForest,0.86,0.01,0.13,0.0,0.0
10701,0,0,TimeSeriesForest,0.56,0.03,0.0,0.25,0.16
17213,3,1,TimeSeriesForest,0.05,0.7,0.0,0.25,0.0
13306,2,2,TimeSeriesForest,0.04,0.0,0.93,0.0,0.03
13808,2,2,TimeSeriesForest,0.16,0.02,0.77,0.0,0.05
17853,3,3,TimeSeriesForest,0.0,0.01,0.0,0.78,0.21
19186,4,0,TimeSeriesForest,0.58,0.0,0.0,0.03,0.39
15798,1,1,TimeSeriesForest,0.04,0.64,0.0,0.3,0.02
15746,1,4,TimeSeriesForest,0.0,0.35,0.0,0.08,0.57
12881,2,2,TimeSeriesForest,0.0,0.0,0.95,0.0,0.05
16869,3,3,TimeSeriesForest,0.22,0.03,0.0,0.6,0.15
18201,4,0,TimeSeriesForest,0.66,0.0,0.16,0.0,0.18
18011,4,4,TimeSeriesForest,0.01,0.06,0.01,0.08,0.84
10009,0,0,TimeSeriesForest,1.0,0.0,0.0,0.0,0.0
14295,1,1,TimeSeriesForest,0.08,0.5,0.0,0.39,0.03
15792,1,1,TimeSeriesForest,0.13,0.55,0.0,0.3,0.02
15611,1,1,TimeSeriesForest,0.05,0.66,0.0,0.29,0.0
14703,1,1,TimeSeriesForest,0.03,0.73,0.0,0.24,0.0
14753,1,1,TimeSeriesForest,0.07,0.49,0.0,0.43,0.01
11698,0,0,TimeSeriesForest,1.0,0.0,0.0,0.0,0.0
11555,0,0,TimeSeriesForest,1.0,0.0,0.0,0.0,0.0
17902,3,4,TimeSeriesForest,0.0,0.13,0.0,0.13,0.74
10061,0,0,TimeSeriesForest,0.98,0.0,0.02,0.0,0.0
18764,4,4,TimeSeriesForest,0.0,0.19,0.0,0.33,0.48
13811,2,2,TimeSeriesForest,0.0,0.0,0.91,0.0,0.09
17377,3,3,TimeSeriesForest,0.02,0.01,0.0,0.97,0.0
12225,2,2,TimeSeriesForest,0.0,0.0,1.0,0.0,0.0
18582,4,4,TimeSeriesForest,0.01,0.01,0.0,0.07,0.91
17334,3,3,TimeSeriesForest,0.13,0.02,0.0,0.64,0.21
17442,3,3,TimeSeriesForest,0.07,0.01,0.02,0.68,0.22
14153,1,1,TimeSeriesForest,0.04,0.73,0.0,0.21,0.02
19530,4,2,TimeSeriesForest,0.0,0.0,0.85,0.0,0.15
13096,2,2,TimeSeriesForest,0.01,0.0,0.98,0.0,0.01
11873,0,0,TimeSeriesForest,0.88,0.01,0.1,0.0,0.01
19837,4,4,TimeSeriesForest,0.12,0.0,0.35,0.0,0.53
12129,2,2,TimeSeriesForest,0.03,0.0,0.9,0.01,0.06
12428,2,2,TimeSeriesForest,0.0,0.0,0.91,0.0,0.09
11113,0,0,TimeSeriesForest,1.0,0.0,0.0,0.0,0.0
11384,0,0,TimeSeriesForest,0.99,0.0,0.01,0.0,0.0
16551,3,3,TimeSeriesForest,0.03,0.38,0.0,0.59,0.0
11497,0,0,TimeSeriesForest,1.0,0.0,0.0,0.0,0.0
14461,1,1,TimeSeriesForest,0.04,0.57,0.0,0.39,0.0
14343,1,1,TimeSeriesForest,0.03,0.72,0.0,0.25,0.0
15785,1,1,TimeSeriesForest,0.06,0.71,0.0,0.22,0.01
16808,3,1,TimeSeriesForest,0.01,0.71,0.0,0.28,0.0
15048,1,1,TimeSeriesForest,0.06,0.67,0.0,0.27,0.0
13239,2,2,TimeSeriesForest,0.03,0.0,0.89,0.0,0.08
11431,0,0,TimeSeriesForest,1.0,0.0,0.0,0.0,0.0
10389,0,0,TimeSeriesForest,0.86,0.0,0.0,0.09,0.05
17169,3,1,TimeSeriesForest,0.03,0.67,0.0,0.29,0.01
17820,3,4,TimeSeriesForest,0.0,0.02,0.02,0.43,0.53
16968,3,4,TimeSeriesForest,0.05,0.08,0.0,0.04,0.83
10144,0,0,TimeSeriesForest,0.98,0.0,0.0,0.0,0.02
12991,2,2,TimeSeriesForest,0.01,0.03,0.87,0.0,0.09
19210,4,4,TimeSeriesForest,0.02,0.27,0.02,0.04,0.65
11897,0,0,TimeSeriesForest,0.95,0.0,0.04,0.0,0.01
11327,0,0,TimeSeriesForest,0.95,0.0,0.04,0.0,0.01
15029,1,3,TimeSeriesForest,0.3,0.27,0.0,0.33,0.1
18062,4,4,TimeSeriesForest,0.02,0.02,0.02,0.01,0.93
16766,3,1,TimeSeriesForest,0.04,0.64,0.0,0.32,0.0
17751,3,3,TimeSeriesForest,0.07,0.22,0.0,0.6,0.11
13509,2,2,TimeSeriesForest,0.0,0.0,0.95,0.0,0.05
12238,2,2,TimeSeriesForest,0.0,0.0,0.8,0.0,0.2
18373,4,4,TimeSeriesForest,0.14,0.01,0.0,0.16,0.69
13234,2,2,TimeSeriesForest,0.0,0.0,0.96,0.0,0.04
10848,0,0,TimeSeriesForest,1.0,0.0,0.0,0.0,0.0
16590,3,1,TimeSeriesForest,0.0,0.6,0.0,0.4,0.0
17982,4,4,TimeSeriesForest,0.0,0.0,0.0,0.0,1.0
13879,2,2,TimeSeriesForest,0.09,0.0,0.67,0.01,0.23
18796,4,4,TimeSeriesForest,0.1,0.08,0.03,0.0,0.79
18762,4,4,TimeSeriesForest,0.08,0.18,0.3,0.0,0.44
10296,0,0,TimeSeriesForest,0.99,0.0,0.01,0.0,0.0
13255,2,2,TimeSeriesForest,0.0,0.0,0.98,0.0,0.02
10395,0,0,TimeSeriesForest,0.86,0.01,0.0,0.08,0.05
10949,0,0,TimeSeriesForest,0.79,0.0,0.03,0.0,0.18
14492,1,1,TimeSeriesForest,0.26,0.37,0.0,0.34,0.03
17022,3,1,TimeSeriesForest,0.01,0.53,0.0,0.46,0.0
11000,0,0,TimeSeriesForest,1.0,0.0,0.0,0.0,0.0
15900,1,1,TimeSeriesForest,0.03,0.68,0.0,0.28,0.01
18750,4,4,TimeSeriesForest,0.06,0.01,0.0,0.0,0.93
12899,2,2,TimeSeriesForest,0.03,0.0,0.88,0.0,0.09
12080,2,2,TimeSeriesForest,0.06,0.0,0.93,0.0,0.01
18952,4,4,TimeSeriesForest,0.0,0.04,0.0,0.0,0.96
17625,3,3,TimeSeriesForest,0.03,0.12,0.0,0.77,0.08
18376,4,4,TimeSeriesForest,0.0,0.02,0.01,0.0,0.97
11683,0,0,TimeSeriesForest,0.92,0.0,0.08,0.0,0.0
17453,3,3,TimeSeriesForest,0.2,0.02,0.0,0.64,0.14
16999,3,4,TimeSeriesForest,0.01,0.18,0.0,0.4,0.41
17146,3,1,TimeSeriesForest,0.06,0.63,0.0,0.3,0.01
17807,3,3,TimeSeriesForest,0.03,0.0,0.0,0.89,0.08
15800,1,1,TimeSeriesForest,0.04,0.63,0.0,0.28,0.05
19675,4,4,TimeSeriesForest,0.0,0.0,0.27,0.0,0.73
15734,1,3,TimeSeriesForest,0.01,0.4,0.0,0.46,0.13
14927,1,1,TimeSeriesForest,0.0,0.65,0.0,0.35,0.0
10468,0,3,TimeSeriesForest,0.34,0.26,0.0,0.39,0.01
14442,1,1,TimeSeriesForest,0.0,0.75,0.0,0.23,0.02
10476,0,3,TimeSeriesForest,0.43,0.03,0.0,0.44,0.1
10089,0,4,TimeSeriesForest,0.45,0.01,0.01,0.0,0.53
15211,1,3,TimeSeriesForest,0.01,0.46,0.0,0.53,0.0
17689,3,3,TimeSeriesForest,0.02,0.23,0.0,0.43,0.32
12972,2,2,TimeSeriesForest,0.08,0.03,0.86,0.0,0.03
16066,3,1,TimeSeriesForest,0.08,0.55,0.0,0.37,0.0
14419,1,1,TimeSeriesForest,0.04,0.59,0.0,0.37,0.0
14745,1,1,TimeSeriesForest,0.04,0.64,0.0,0.32,0.0
15417,1,1,TimeSeriesForest,0.02,0.79,0.0,0.19,0.0
17467,3,3,TimeSeriesForest,0.01,0.01,0.0,0.91,0.07
15420,1,1,TimeSeriesForest,0.01,0.59,0.0,0.4,0.0
14113,1,1,TimeSeriesForest,0.05,0.72,0.0,0.22,0.01
13472,2,2,TimeSeriesForest,0.07,0.01,0.81,0.0,0.11
12699,2,2,TimeSeriesForest,0.02,0.0,0.85,0.0,0.13
18956,4,4,TimeSeriesForest,0.0,0.25,0.02,0.05,0.68
12733,2,2,TimeSeriesForest,0.05,0.01,0.9,0.0,0.04
16678,3,1,TimeSeriesForest,0.01,0.67,0.0,0.32,0.0
14175,1,1,TimeSeriesForest,0.08,0.61,0.0,0.31,0.0
14733,1,1,TimeSeriesForest,0.02,0.7,0.0,0.27,0.01
12856,2,2,TimeSeriesForest,0.0,0.0,0.9,0.0,0.1
13282,2,2,TimeSeriesForest,0.03,0.0,0.92,0.0,0.05
19507,4,2,TimeSeriesForest,0.0,0.0,0.52,0.0,0.48
17083,3,1,TimeSeriesForest,0.02,0.58,0.0,0.4,0.0
19853,4,2,TimeSeriesForest,0.0,0.0,0.89,0.0,0.11
19054,4,4,TimeSeriesForest,0.0,0.08,0.0,0.05,0.87
14004,1,1,TimeSeriesForest,0.02,0.72,0.0,0.26,0.0
14571,1,1,TimeSeriesForest,0.02,0.63,0.0,0.32,0.03
17712,3,3,TimeSeriesForest,0.01,0.31,0.0,0.66,0.02
19540,4,4,TimeSeriesForest,0.02,0.0,0.14,0.0,0.84
17287,3,3,TimeSeriesForest,0.04,0.0,0.0,0.7,0.26
11044,0,0,TimeSeriesForest,0.98,0.0,0.01,0.0,0.01
18463,4,3,TimeSeriesForest,0.01,0.02,0.0,0.59,0.38
15020,1,1,TimeSeriesForest,0.05,0.64,0.0,0.31,0.0
17573,3,3,TimeSeriesForest,0.02,0.0,0.0,0.88,0.1
13224,2,2,TimeSeriesForest,0.06,0.01,0.9,0.0,0.03
10199,0,0,TimeSeriesForest,0.97,0.0,0.03,0.0,0.0
12368,2,2,TimeSeriesForest,0.0,0.0,0.95,0.0,0.05
17709,3,3,TimeSeriesForest,0.01,0.03,0.0,0.53,0.43
11554,0,0,TimeSeriesForest,0.97,0.0,0.02,0.0,0.01
10355,0,0,TimeSeriesForest,0.63,0.01,0.33,0.0,0.03
18725,4,4,TimeSeriesForest,0.26,0.1,0.08,0.03,0.53
13482,2,2,TimeSeriesForest,0.09,0.0,0.77,0.0,0.14
19855,4,2,TimeSeriesForest,0.0,0.0,0.63,0.0,0.37
15652,1,1,TimeSeriesForest,0.06,0.7,0.0,0.24,0.0
15007,1,1,TimeSeriesForest,0.16,0.63,0.0,0.21,0.0
17286,3,3,TimeSeriesForest,0.03,0.09,0.01,0.78,0.09
10675,0,4,TimeSeriesForest,0.11,0.11,0.05,0.22,0.51
15051,1,1,TimeSeriesForest,0.03,0.66,0.0,0.31,0.0
14116,1,1,TimeSeriesForest,0.05,0.72,0.0,0.23,0.0
11539,0,0,TimeSeriesForest,0.89,0.0,0.08,0.0,0.03
18292,4,3,TimeSeriesForest,0.23,0.02,0.01,0.69,0.05
10346,0,0,TimeSeriesForest,1.0,0.0,0.0,0.0,0.0
11928,0,0,TimeSeriesForest,0.96,0.0,0.04,0.0,0.0
11026,0,0,TimeSeriesForest,0.99,0.0,0.01,0.0,0.0
11297,0,0,TimeSeriesForest,0.96,0.0,0.02,0.0,0.02
17859,3,3,TimeSeriesForest,0.0,0.04,0.0,0.63,0.33
19718,4,4,TimeSeriesForest,0.0,0.0,0.13,0.0,0.87
17785,3,3,TimeSeriesForest,0.03,0.01,0.01,0.76,0.19
19364,4,2,TimeSeriesForest,0.02,0.0,0.7,0.0,0.28
19151,4,4,TimeSeriesForest,0.04,0.05,0.01,0.0,0.9
10479,0,0,TimeSeriesForest,0.71,0.03,0.0,0.25,0.01
13455,2,2,TimeSeriesForest,0.0,0.0,0.98,0.0,0.02
13241,2,2,TimeSeriesForest,0.08,0.01,0.67,0.02,0.22
13446,2,2,TimeSeriesForest,0.02,0.0,0.93,0.0,0.05
16765,3,1,TimeSeriesForest,0.03,0.66,0.0,0.29,0.02
11299,0,0,TimeSeriesForest,1.0,0.0,0.0,0.0,0.0
19725,4,4,TimeSeriesForest,0.08,0.01,0.33,0.0,0.58
18072,4,4,TimeSeriesForest,0.02,0.0,0.03,0.01,0.94
10184,0,0,TimeSeriesForest,0.96,0.0,0.03,0.0,0.01
12448,2,2,TimeSeriesForest,0.0,0.0,0.93,0.0,0.07
14839,1,1,TimeSeriesForest,0.02,0.66,0.0,0.31,0.01
13237,2,2,TimeSeriesForest,0.0,0.0,0.73,0.0,0.27
14950,1,1,TimeSeriesForest,0.05,0.65,0.0,0.29,0.01
17819,3,3,TimeSeriesForest,0.03,0.03,0.01,0.47,0.46
18319,4,4,TimeSeriesForest,0.14,0.0,0.07,0.01,0.78
14823,1,1,TimeSeriesForest,0.13,0.53,0.0,0.34,0.0
11506,0,0,TimeSeriesForest,0.99,0.0,0.0,0.0,0.01
12513,2,4,TimeSeriesForest,0.02,0.0,0.41,0.0,0.57
19579,4,2,TimeSeriesForest,0.0,0.0,0.59,0.0,0.41
15236,1,1,TimeSeriesForest,0.1,0.69,0.0,0.21,0.0
13250,2,2,TimeSeriesForest,0.12,0.02,0.8,0.0,0.06
13960,1,1,TimeSeriesForest,0.06,0.53,0.0,0.41,0.0
12683,2,2,TimeSeriesForest,0.01,0.0,0.97,0.0,0.02
13771,2,2,TimeSeriesForest,0.0,0.0,0.94,0.0,0.06
11216,0,0,TimeSeriesForest,0.85,0.0,0.09,0.0,0.06
17065,3,3,TimeSeriesForest,0.05,0.19,0.0,0.66,0.1
11240,0,0,TimeSeriesForest,0.96,0.0,0.01,0.0,0.03
13607,2,2,TimeSeriesForest,0.03,0.0,0.81,0.0,0.16
13500,2,2,TimeSeriesForest,0.0,0.0,0.91,0.0,0.09
17137,3,1,TimeSeriesForest,0.04,0.58,0.0,0.38,0.0
11636,0,0,TimeSeriesForest,1.0,0.0,0.0,0.0,0.0
15416,1,1,TimeSeriesForest,0.03,0.59,0.0,0.37,0.01
11295,0,0,TimeSeriesForest,0.91,0.0,0.05,0.0,0.04
14248,1,1,TimeSeriesForest,0.0,0.66,0.0,0.34,0.0
13618,2,3,TimeSeriesForest,0.02,0.0,0.0,0.6,0.38
10000,0,0,TimeSeriesForest,0.81,0.0,0.17,0.0,0.02
12474,2,2,TimeSeriesForest,0.11,0.01,0.84,0.0,0.04
18515,4,4,TimeSeriesForest,0.03,0.01,0.08,0.31,0.57
12951,2,2,TimeSeriesForest,0.0,0.0,1.0,0.0,0.0
10224,0,0,TimeSeriesForest,0.93,0.0,0.05,0.0,0.02
19891,4,4,TimeSeriesForest,0.0,0.0,0.3,0.0,0.7
12588,2,2,TimeSeriesForest,0.0,0.0,0.88,0.0,0.12
15122,1,1,TimeSeriesForest,0.25,0.44,0.0,0.3,0.01
12202,2,2,TimeSeriesForest,0.02,0.0,0.82,0.0,0.16
16563,3,1,TimeSeriesForest,0.01,0.56,0.0,0.43,0.0
11196,0,0,TimeSeriesForest,0.99,0.0,0.0,0.0,0.01
12270,2,2,TimeSeriesForest,0.02,0.0,0.94,0.0,0.04
16844,3,1,TimeSeriesForest,0.05,0.64,0.0,0.28,0.03
15082,1,1,TimeSeriesForest,0.02,0.59,0.0,0.39,0.0
13615,2,2,TimeSeriesForest,0.03,0.0,0.9,0.0,0.07
10368,0,0,TimeSeriesForest,1.0,0.0,0.0,0.0,0.0
12963,2,2,TimeSeriesForest,0.04,0.0,0.95,0.0,0.01
12425,2,2,TimeSeriesForest,0.0,0.0,0.95,0.0,0.05
11496,0,0,TimeSeriesForest,1.0,0.0,0.0,0.0,0.0
13344,2,2,TimeSeriesForest,0.03,0.0,0.92,0.0,0.05
18266,4,4,TimeSeriesForest,0.0,0.01,0.01,0.09,0.89
14561,1,1,TimeSeriesForest,0.02,0.68,0.0,0.29,0.01
10591,0,0,TimeSeriesForest,0.8,0.1,0.0,0.06,0.04
11111,0,0,TimeSeriesForest,1.0,0.0,0.0,0.0,0.0
16235,3,1,TimeSeriesForest,0.02,0.66,0.0,0.32,0.0
18982,4,1,TimeSeriesForest,0.04,0.51,0.0,0.19,0.26
12403,2,2,TimeSeriesForest,0.0,0.0,0.98,0.0,0.02
18233,4,4,TimeSeriesForest,0.0,0.01,0.03,0.0,0.96
13846,2,2,TimeSeriesForest,0.0,0.0,0.99,0.0,0.01
11580,0,0,TimeSeriesForest,1.0,0.0,0.0,0.0,0.0
19251,4,4,TimeSeriesForest,0.0,0.02,0.0,0.01,0.97
10647,0,0,TimeSeriesForest,0.67,0.03,0.0,0.22,0.08
15763,1,1,TimeSeriesForest,0.05,0.61,0.0,0.27,0.07
15572,1,1,TimeSeriesForest,0.0,1.0,0.0,0.0,0.0
17638,3,3,TimeSeriesForest,0.06,0.03,0.0,0.76,0.15
14350,1,1,TimeSeriesForest,0.02,0.57,0.0,0.41,0.0
13139,2,2,TimeSeriesForest,0.0,0.0,0.64,0.0,0.36
15281,1,1,TimeSeriesForest,0.06,0.65,0.0,0.29,0.0
19739,4,2,TimeSeriesForest,0.0,0.0,0.91,0.0,0.09
18608,4,4,TimeSeriesForest,0.08,0.09,0.12,0.04,0.67
19358,4,4,TimeSeriesForest,0.0,0.0,0.12,0.0,0.88
11980,2,2,TimeSeriesForest,0.04,0.01,0.92,0.0,0.03
16651,3,1,TimeSeriesForest,0.02,0.66,0.0,0.32,0.0
12034,2,2,TimeSeriesForest,0.01,0.0,0.99,0.0,0.0
14076,1,1,TimeSeriesForest,0.02,0.64,0.0,0.34,0.0
17558,3,3,TimeSeriesForest,0.03,0.05,0.0,0.84,0.08
11245,0,0,TimeSeriesForest,0.86,0.01,0.11,0.0,0.02
18051,4,4,TimeSeriesForest,0.0,0.02,0.0,0.01,0.97
11430,0,0,TimeSeriesForest,0.94,0.0,0.04,0.0,0.02
15467,1,1,TimeSeriesForest,0.0,1.0,0.0,0.0,0.0
10592,0,0,TimeSeriesForest,0.89,0.0,0.0,0.09,0.02
17732,3,3,TimeSeriesForest,0.09,0.27,0.0,0.53,0.11
15858,1,1,TimeSeriesForest,0.01,0.7,0.0,0.29,0.0
15157,1,1,TimeSeriesForest,0.2,0.57,0.0,0.23,0.0
10814,0,0,TimeSeriesForest,1.0,0.0,0.0,0.0,0.0
10542,0,0,TimeSeriesForest,0.99,0.01,0.0,0.0,0.0
19161,4,4,TimeSeriesForest,0.0,0.04,0.0,0.0,0.96
11714,0,0,TimeSeriesForest,0.99,0.0,0.01,0.0,0.0
15730,1,1,TimeSeriesForest,0.0,1.0,0.0,0.0,0.0
11249,0,0,TimeSeriesForest,0.99,0.0,0.01,0.0,0.0
12060,2,2,TimeSeriesForest,0.0,0.0,0.95,0.0,0.05
13192,2,2,TimeSeriesForest,0.0,0.0,0.66,0.0,0.34
16628,3,1,TimeSeriesForest,0.04,0.59,0.0,0.37,0.0
12390,2,2,TimeSeriesForest,0.0,0.0,0.96,0.0,0.04
16386,3,1,TimeSeriesForest,0.05,0.55,0.0,0.4,0.0
10429,0,0,TimeSeriesForest,0.56,0.01,0.0,0.26,0.17
12721,2,2,TimeSeriesForest,0.02,0.0,0.93,0.0,0.05
15779,1,3,TimeSeriesForest,0.08,0.4,0.0,0.44,0.08
9995,0,0,TimeSeriesForest,0.83,0.0,0.13,0.0,0.04
19073,4,4,TimeSeriesForest,0.0,0.02,0.0,0.02,0.96
14937,1,1,TimeSeriesForest,0.04,0.64,0.0,0.31,0.01
17115,3,1,TimeSeriesForest,0.03,0.61,0.0,0.35,0.01
15067,1,1,TimeSeriesForest,0.01,0.68,0.0,0.31,0.0
13981,1,1,TimeSeriesForest,0.08,0.62,0.0,0.3,0.0
15006,1,1,TimeSeriesForest,0.01,0.62,0.0,0.37,0.0
16939,3,1,TimeSeriesForest,0.0,0.7,0.0,0.29,0.01
12977,2,2,TimeSeriesForest,0.09,0.01,0.72,0.0,0.18
13707,2,2,TimeSeriesForest,0.0,0.0,0.85,0.0,0.15
13115,2,2,TimeSeriesForest,0.0,0.0,0.99,0.0,0.01
10656,0,0,TimeSeriesForest,0.94,0.0,0.0,0.06,0.0
11230,0,0,TimeSeriesForest,1.0,0.0,0.0,0.0,0.0
12250,2,2,TimeSeriesForest,0.08,0.0,0.88,0.0,0.04
13828,2,2,TimeSeriesForest,0.0,0.0,0.97,0.0,0.03
18271,4,4,TimeSeriesForest,0.02,0.02,0.09,0.2,0.67
15614,1,1,TimeSeriesForest,0.03,0.6,0.0,0.37,0.0
15258,1,1,TimeSeriesForest,0.03,0.65,0.0,0.32,0.0
19057,4,3,TimeSeriesForest,0.01,0.1,0.01,0.6,0.28
14424,1,1,TimeSeriesForest,0.03,0.65,0.0,0.32,0.0
12992,2,2,TimeSeriesForest,0.2,0.0,0.77,0.0,0.03
12544,2,2,TimeSeriesForest,0.01,0.01,0.9,0.0,0.08
11688,0,0,TimeSeriesForest,1.0,0.0,0.0,0.0,0.0
15661,1,1,TimeSeriesForest,0.0,1.0,0.0,0.0,0.0
18610,4,4,TimeSeriesForest,0.07,0.02,0.18,0.02,0.71
18567,4,4,TimeSeriesForest,0.01,0.0,0.0,0.33,0.66
12455,2,2,TimeSeriesForest,0.0,0.01,0.93,0.0,0.06
17181,3,1,TimeSeriesForest,0.11,0.61,0.0,0.28,0.0
19220,4,4,TimeSeriesForest,0.0,0.08,0.01,0.01,0.9
10596,0,0,TimeSeriesForest,0.84,0.03,0.0,0.08,0.05
15561,1,1,TimeSeriesForest,0.08,0.67,0.0,0.25,0.0
12258,2,2,TimeSeriesForest,0.02,0.0,0.98,0.0,0.0
12996,2,2,TimeSeriesForest,0.09,0.0,0.83,0.0,0.08
13242,2,2,TimeSeriesForest,0.02,0.0,0.78,0.0,0.2
10364,0,4,TimeSeriesForest,0.17,0.06,0.09,0.0,0.68
13789,2,2,TimeSeriesForest,0.09,0.0,0.86,0.0,0.05
10963,0,0,TimeSeriesForest,1.0,0.0,0.0,0.0,0.0
16241,3,1,TimeSeriesForest,0.04,0.5,0.0,0.46,0.0
19207,4,4,TimeSeriesForest,0.07,0.07,0.04,0.0,0.82
18667,4,4,TimeSeriesForest,0.08,0.03,0.02,0.0,0.87
14236,1,1,TimeSeriesForest,0.02,0.7,0.0,0.28,0.0
13067,2,2,TimeSeriesForest,0.0,0.0,0.84,0.0,0.16
11581,0,0,TimeSeriesForest,0.97,0.0,0.03,0.0,0.0
17310,3,3,TimeSeriesForest,0.01,0.0,0.0,0.63,0.36
13582,2,2,TimeSeriesForest,0.0,0.0,0.98,0.0,0.02
10190,0,0,TimeSeriesForest,0.98,0.0,0.02,0.0,0.0
17836,3,3,TimeSeriesForest,0.03,0.01,0.0,0.86,0.1
17158,3,1,TimeSeriesForest,0.03,0.74,0.0,0.23,0.0
11640,0,0,TimeSeriesForest,1.0,0.0,0.0,0.0,0.0
11321,0,0,TimeSeriesForest,1.0,0.0,0.0,0.0,0.0
10822,0,0,TimeSeriesForest,1.0,0.0,0.0,0.0,0.0
18090,4,4,TimeSeriesForest,0.02,0.04,0.0,0.02,0.92
18711,4,4,TimeSeriesForest,0.27,0.03,0.18,0.0,0.52
12297,2,2,TimeSeriesForest,0.01,0.01,0.91,0.0,0.07
17342,3,3,TimeSeriesForest,0.02,0.04,0.0,0.77,0.17
12828,2,2,TimeSeriesForest,0.28,0.0,0.68,0.0,0.04
14171,1,1,TimeSeriesForest,0.02,0.6,0.0,0.38,0.0
15585,1,4,TimeSeriesForest,0.05,0.32,0.01,0.12,0.5
11148,0,0,TimeSeriesForest,1.0,0.0,0.0,0.0,0.0
13221,2,2,TimeSeriesForest,0.0,0.0,0.99,0.0,0.01
16868,3,1,TimeSeriesForest,0.0,0.81,0.0,0.17,0.02
19068,4,4,TimeSeriesForest,0.06,0.2,0.08,0.09,0.57
11862,0,0,TimeSeriesForest,0.96,0.0,0.04,0.0,0.0
17825,3,3,TimeSeriesForest,0.24,0.0,0.0,0.53,0.23
17063,3,1,TimeSeriesForest,0.02,0.66,0.0,0.32,0.0
15173,1,1,TimeSeriesForest,0.08,0.63,0.0,0.26,0.03
13189,2,2,TimeSeriesForest,0.09,0.01,0.88,0.0,0.02
14320,1,1,TimeSeriesForest,0.04,0.48,0.0,0.48,0.0
17870,3,3,TimeSeriesForest,0.12,0.01,0.0,0.78,0.09
19916,4,2,TimeSeriesForest,0.17,0.0,0.56,0.0,0.27
14817,1,1,TimeSeriesForest,0.0,0.8,0.0,0.2,0.0
11814,0,0,TimeSeriesForest,0.97,0.0,0.01,0.0,0.02
17407,3,3,TimeSeriesForest,0.01,0.29,0.0,0.63,0.07
12064,2,2,TimeSeriesForest,0.01,0.0,0.98,0.0,0.01
17371,3,3,TimeSeriesForest,0.02,0.02,0.0,0.88,0.08
13283,2,2,TimeSeriesForest,0.02,0.0,0.94,0.0,0.04
13536,2,2,TimeSeriesForest,0.0,0.0,0.98,0.0,0.02
13881,2,2,TimeSeriesForest,0.0,0.0,0.77,0.0,0.23
15090,1,1,TimeSeriesForest,0.02,0.7,0.0,0.28,0.0
10637,0,0,TimeSeriesForest,0.94,0.0,0.0,0.06,0.0
14705,1,1,TimeSeriesForest,0.02,0.69,0.0,0.28,0.01
11963,2,2,TimeSeriesForest,0.02,0.01,0.97,0.0,0.0
15728,1,1,TimeSeriesForest,0.0,1.0,0.0,0.0,0.0
11145,0,0,TimeSeriesForest,0.96,0.0,0.02,0.0,0.02
13266,2,2,TimeSeriesForest,0.0,0.0,0.96,0.0,0.04
13292,2,2,TimeSeriesForest,0.0,0.0,1.0,0.0,0.0
10795,0,0,TimeSeriesForest,0.94,0.0,0.05,0.0,0.01
12164,2,0,TimeSeriesForest,0.35,0.0,0.34,0.0,0.31
17302,3,3,TimeSeriesForest,0.02,0.03,0.0,0.83,0.12
16924,3,1,TimeSeriesForest,0.13,0.58,0.0,0.29,0.0
14936,1,1,TimeSeriesForest,0.14,0.54,0.0,0.32,0.0
12400,2,2,TimeSeriesForest,0.07,0.0,0.92,0.0,0.01
17479,3,3,TimeSeriesForest,0.05,0.15,0.0,0.6,0.2
17075,3,1,TimeSeriesForest,0.02,0.61,0.0,0.37,0.0
17875,3,3,TimeSeriesForest,0.15,0.02,0.02,0.57,0.24
10846,0,0,TimeSeriesForest,1.0,0.0,0.0,0.0,0.0
11050,0,0,TimeSeriesForest,0.99,0.0,0.01,0.0,0.0
18597,4,4,TimeSeriesForest,0.02,0.06,0.05,0.01,0.86
17306,3,3,TimeSeriesForest,0.01,0.19,0.0,0.47,0.33
18835,4,4,TimeSeriesForest,0.07,0.01,0.04,0.0,0.88
12890,2,2,TimeSeriesForest,0.03,0.0,0.65,0.0,0.32
12940,2,2,TimeSeriesForest,0.0,0.0,0.75,0.0,0.25
13133,2,2,TimeSeriesForest,0.05,0.04,0.82,0.0,0.09
13310,2,4,TimeSeriesForest,0.01,0.01,0.05,0.08,0.85
12821,2,2,TimeSeriesForest,0.0,0.0,0.92,0.0,0.08
12388,2,2,TimeSeriesForest,0.0,0.0,0.94,0.0,0.06
17808,3,3,TimeSeriesForest,0.05,0.01,0.01,0.66,0.27
17356,3,4,TimeSeriesForest,0.08,0.09,0.04,0.37,0.42
15294,1,1,TimeSeriesForest,0.13,0.65,0.0,0.22,0.0
11673,0,0,TimeSeriesForest,0.8,0.01,0.17,0.0,0.02
15881,1,1,TimeSeriesForest,0.0,1.0,0.0,0.0,0.0
17704,3,3,TimeSeriesForest,0.02,0.01,0.0,0.71,0.26
14383,1,1,TimeSeriesForest,0.01,0.63,0.0,0.36,0.0
19004,4,4,TimeSeriesForest,0.0,0.1,0.0,0.01,0.89
13151,2,2,TimeSeriesForest,0.06,0.01,0.79,0.0,0.14
18191,4,4,TimeSeriesForest,0.0,0.04,0.0,0.33,0.63
13131,2,2,TimeSeriesForest,0.0,0.0,0.97,0.0,0.03
12930,2,2,TimeSeriesForest,0.38,0.01,0.55,0.0,0.06
11423,0,0,TimeSeriesForest,0.98,0.0,0.01,0.0,0.01
11895,0,0,TimeSeriesForest,0.98,0.0,0.02,0.0,0.0
10309,0,0,TimeSeriesForest,0.93,0.0,0.06,0.0,0.01
17094,3,1,TimeSeriesForest,0.09,0.6,0.0,0.31,0.0
15667,1,4,TimeSeriesForest,0.0,0.32,0.0,0.16,0.52
18668,4,4,TimeSeriesForest,0.01,0.02,0.0,0.01,0.96
13179,2,2,TimeSeriesForest,0.0,0.0,0.68,0.0,0.32
14897,1,1,TimeSeriesForest,0.04,0.75,0.0,0.17,0.04
17861,3,3,TimeSeriesForest,0.06,0.01,0.0,0.68,0.25
16807,3,1,TimeSeriesForest,0.02,0.52,0.0,0.46,0.0
11504,0,0,TimeSeriesForest,0.99,0.0,0.0,0.0,0.01
11132,0,0,TimeSeriesForest,0.99,0.0,0.01,0.0,0.0
11788,0,0,TimeSeriesForest,0.99,0.0,0.01,0.0,0.0
17768,3,3,TimeSeriesForest,0.0,0.0,0.0,0.66,0.34
15828,1,1,TimeSeriesForest,0.01,0.65,0.0,0.34,0.0
13442,2,2,TimeSeriesForest,0.4,0.0,0.58,0.0,0.02
14275,1,1,TimeSeriesForest,0.04,0.72,0.0,0.24,0.0
18859,4,4,TimeSeriesForest,0.06,0.2,0.01,0.0,0.73
13149,2,2,TimeSeriesForest,0.01,0.0,0.98,0.0,0.01
10736,0,0,TimeSeriesForest,0.97,0.01,0.0,0.0,0.02
13298,2,1,TimeSeriesForest,0.03,0.57,0.0,0.4,0.0
19130,4,4,TimeSeriesForest,0.02,0.27,0.0,0.0,0.71
18488,4,4,TimeSeriesForest,0.0,0.02,0.01,0.04,0.93
15578,1,4,TimeSeriesForest,0.01,0.09,0.16,0.01,0.73
10453,0,1,TimeSeriesForest,0.11,0.61,0.0,0.28,0.0
15645,1,1,TimeSeriesForest,0.0,1.0,0.0,0.0,0.0
15116,1,1,TimeSeriesForest,0.12,0.73,0.0,0.14,0.01
12758,2,2,TimeSeriesForest,0.03,0.0,0.95,0.0,0.02
19196,4,4,TimeSeriesForest,0.01,0.01,0.0,0.0,0.98
17348,3,3,TimeSeriesForest,0.08,0.06,0.01,0.6,0.25
10623,0,3,TimeSeriesForest,0.18,0.2,0.0,0.56,0.06
18705,4,4,TimeSeriesForest,0.02,0.0,0.0,0.0,0.98
17311,3,3,TimeSeriesForest,0.16,0.05,0.0,0.51,0.28
18713,4,4,TimeSeriesForest,0.0,0.06,0.0,0.01,0.93
16959,3,1,TimeSeriesForest,0.02,0.68,0.0,0.29,0.01
15934,1,1,TimeSeriesForest,0.03,0.66,0.0,0.31,0.0
16777,3,1,TimeSeriesForest,0.02,0.57,0.0,0.41,0.0
10682,0,0,TimeSeriesForest,0.74,0.02,0.0,0.16,0.08
11574,0,0,TimeSeriesForest,0.98,0.0,0.02,0.0,0.0
16227,3,1,TimeSeriesForest,0.04,0.71,0.0,0.24,0.01
13167,2,2,TimeSeriesForest,0.0,0.0,0.76,0.0,0.24
14154,1,1,TimeSeriesForest,0.02,0.77,0.0,0.21,0.0
10059,0,0,TimeSeriesForest,0.97,0.01,0.0,0.0,0.02
11405,0,0,TimeSeriesForest,1.0,0.0,0.0,0.0,0.0
15500,1,4,TimeSeriesForest,0.01,0.36,0.01,0.21,0.41
18095,4,4,TimeSeriesForest,0.04,0.01,0.0,0.37,0.58
16776,3,1,TimeSeriesForest,0.01,0.5,0.0,0.49,0.0
18622,4,4,TimeSeriesForest,0.0,0.03,0.01,0.02,0.94
11038,0,0,TimeSeriesForest,1.0,0.0,0.0,0.0,0.0
17110,3,1,TimeSeriesForest,0.02,0.67,0.0,0.31,0.0
10757,0,0,TimeSeriesForest,0.99,0.0,0.0,0.0,0.01
14093,1,1,TimeSeriesForest,0.03,0.58,0.0,0.39,0.0
10170,0,0,TimeSeriesForest,0.98,0.0,0.02,0.0,0.0
14408,1,3,TimeSeriesForest,0.01,0.29,0.0,0.46,0.24
16073,3,1,TimeSeriesForest,0.14,0.6,0.0,0.25,0.01
16680,3,4,TimeSeriesForest,0.04,0.07,0.02,0.31,0.56
14887,1,1,TimeSeriesForest,0.04,0.62,0.0,0.34,0.0
18602,4,4,TimeSeriesForest,0.01,0.36,0.0,0.15,0.48
17079,3,1,TimeSeriesForest,0.03,0.7,0.0,0.27,0.0
15422,1,1,TimeSeriesForest,0.03,0.58,0.0,0.39,0.0
19513,4,0,TimeSeriesForest,0.67,0.0,0.23,0.0,0.1
17113,3,1,TimeSeriesForest,0.05,0.57,0.0,0.38,0.0
10377,0,0,TimeSeriesForest,0.88,0.0,0.1,0.0,0.02
10238,0,0,TimeSeriesForest,0.97,0.0,0.01,0.0,0.02
15032,1,1,TimeSeriesForest,0.04,0.5,0.0,0.45,0.01
14144,1,3,TimeSeriesForest,0.1,0.34,0.01,0.46,0.09
14232,1,1,TimeSeriesForest,0.06,0.66,0.0,0.28,0.0
10524,0,4,TimeSeriesForest,0.08,0.24,0.03,0.31,0.34
13762,2,2,TimeSeriesForest,0.0,0.0,0.92,0.0,0.08
17644,3,3,TimeSeriesForest,0.0,0.0,0.0,0.97,0.03
17421,3,3,TimeSeriesForest,0.02,0.34,0.0,0.39,0.25
18702,4,4,TimeSeriesForest,0.0,0.25,0.0,0.05,0.7
13339,2,2,TimeSeriesForest,0.18,0.03,0.48,0.01,0.3
19526,4,4,TimeSeriesForest,0.01,0.0,0.17,0.0,0.82
18776,4,4,TimeSeriesForest,0.0,0.0,0.0,0.0,1.0
18167,4,4,TimeSeriesForest,0.01,0.0,0.01,0.15,0.83
19101,4,3,TimeSeriesForest,0.16,0.3,0.0,0.42,0.12
14528,1,1,TimeSeriesForest,0.07,0.65,0.0,0.27,0.01
11608,0,0,TimeSeriesForest,1.0,0.0,0.0,0.0,0.0
19136,4,4,TimeSeriesForest,0.04,0.01,0.0,0.0,0.95
17182,3,1,TimeSeriesForest,0.01,0.74,0.0,0.25,0.0
13150,2,2,TimeSeriesForest,0.0,0.0,0.5,0.0,0.5
15913,1,3,TimeSeriesForest,0.05,0.25,0.01,0.43,0.26
18977,4,4,TimeSeriesForest,0.0,0.05,0.0,0.01,0.94
11447,0,0,TimeSeriesForest,1.0,0.0,0.0,0.0,0.0
16645,3,1,TimeSeriesForest,0.04,0.61,0.0,0.35,0.0
11940,0,0,TimeSeriesForest,0.99,0.0,0.01,0.0,0.0
17124,3,1,TimeSeriesForest,0.01,0.58,0.0,0.41,0.0
15183,1,1,TimeSeriesForest,0.03,0.7,0.0,0.26,0.01
12735,2,2,TimeSeriesForest,0.0,0.0,0.78,0.0,0.22
14386,1,1,TimeSeriesForest,0.01,0.69,0.0,0.28,0.02
14493,1,1,TimeSeriesForest,0.07,0.64,0.0,0.28,0.01
12219,2,2,TimeSeriesForest,0.01,0.0,0.81,0.0,0.18
15022,1,1,TimeSeriesForest,0.05,0.8,0.0,0.14,0.01
12263,2,2,TimeSeriesForest,0.07,0.0,0.91,0.0,0.02
10422,0,0,TimeSeriesForest,1.0,0.0,0.0,0.0,0.0
17894,3,4,TimeSeriesForest,0.0,0.0,0.0,0.25,0.75
12503,2,2,TimeSeriesForest,0.0,0.0,0.54,0.0,0.46
17308,3,3,TimeSeriesForest,0.03,0.12,0.01,0.57,0.27
10393,0,0,TimeSeriesForest,0.82,0.01,0.0,0.14,0.03
12529,2,2,TimeSeriesForest,0.0,0.0,0.94,0.0,0.06
13537,2,2,TimeSeriesForest,0.01,0.0,0.9,0.0,0.09
10756,0,0,TimeSeriesForest,0.98,0.0,0.0,0.0,0.02
13870,2,4,TimeSeriesForest,0.02,0.04,0.04,0.01,0.89
18332,4,4,TimeSeriesForest,0.05,0.01,0.0,0.34,0.6
11347,0,0,TimeSeriesForest,0.99,0.0,0.01,0.0,0.0
12925,2,2,TimeSeriesForest,0.26,0.0,0.69,0.0,0.05
11390,0,0,TimeSeriesForest,0.87,0.0,0.03,0.0,0.1
12053,2,2,TimeSeriesForest,0.03,0.01,0.88,0.0,0.08
17156,3,1,TimeSeriesForest,0.06,0.75,0.0,0.18,0.01
18943,4,4,TimeSeriesForest,0.0,0.13,0.01,0.37,0.49
14463,1,1,TimeSeriesForest,0.01,0.65,0.0,0.33,0.01
19388,4,2,TimeSeriesForest,0.3,0.0,0.49,0.0,0.21
12927,2,2,TimeSeriesForest,0.0,0.0,0.93,0.0,0.07
19411,4,2,TimeSeriesForest,0.0,0.0,0.97,0.0,0.03
18575,4,4,TimeSeriesForest,0.01,0.01,0.0,0.48,0.5
17114,3,1,TimeSeriesForest,0.06,0.59,0.0,0.35,0.0
10153,0,0,TimeSeriesForest,1.0,0.0,0.0,0.0,0.0
14147,1,3,TimeSeriesForest,0.01,0.4,0.0,0.41,0.18
12490,2,2,TimeSeriesForest,0.01,0.0,0.83,0.0,0.16
10280,0,0,TimeSeriesForest,0.95,0.0,0.05,0.0,0.0
13819,2,2,TimeSeriesForest,0.0,0.0,0.99,0.0,0.01
18325,4,4,TimeSeriesForest,0.0,0.01,0.01,0.01,0.97
12062,2,2,TimeSeriesForest,0.03,0.0,0.95,0.0,0.02
13670,2,2,TimeSeriesForest,0.0,0.0,1.0,0.0,0.0
18176,4,4,TimeSeriesForest,0.01,0.0,0.01,0.1,0.88
16793,3,1,TimeSeriesForest,0.03,0.65,0.0,0.32,0.0
15112,1,0,TimeSeriesForest,0.45,0.26,0.0,0.27,0.02
18111,4,3,TimeSeriesForest,0.01,0.01,0.0,0.51,0.47
17685,3,4,TimeSeriesForest,0.05,0.0,0.02,0.17,0.76
16985,3,1,TimeSeriesForest,0.04,0.58,0.0,0.37,0.01
14988,1,1,TimeSeriesForest,0.06,0.68,0.0,0.26,0.0
14743,1,1,TimeSeriesForest,0.07,0.66,0.0,0.27,0.0
17959,4,4,TimeSeriesForest,0.04,0.0,0.01,0.32,0.63
16627,3,1,TimeSeriesForest,0.02,0.67,0.0,0.31,0.0
19514,4,2,TimeSeriesForest,0.02,0.0,0.84,0.0,0.14
16403,3,1,TimeSeriesForest,0.0,0.84,0.0,0.12,0.04
16656,3,3,TimeSeriesForest,0.0,0.48,0.0,0.51,0.01
18155,4,4,TimeSeriesForest,0.0,0.0,0.01,0.26,0.73
14086,1,1,TimeSeriesForest,0.02,0.5,0.0,0.48,0.0
17049,3,1,TimeSeriesForest,0.02,0.66,0.0,0.32,0.0
11855,0,0,TimeSeriesForest,1.0,0.0,0.0,0.0,0.0
17256,3,1,TimeSeriesForest,0.01,0.7,0.0,0.29,0.0
12107,2,2,TimeSeriesForest,0.23,0.0,0.69,0.0,0.08
15852,1,3,TimeSeriesForest,0.07,0.28,0.0,0.48,0.17
12469,2,2,TimeSeriesForest,0.0,0.01,0.9,0.0,0.09
13011,2,2,TimeSeriesForest,0.24,0.0,0.72,0.0,0.04
14336,1,1,TimeSeriesForest,0.01,0.78,0.0,0.21,0.0
19417,4,4,TimeSeriesForest,0.0,0.0,0.23,0.0,0.77
17175,3,1,TimeSeriesForest,0.09,0.48,0.0,0.43,0.0
16268,3,3,TimeSeriesForest,0.03,0.3,0.0,0.67,0.0
13001,2,2,TimeSeriesForest,0.01,0.0,0.95,0.0,0.04
17968,4,4,TimeSeriesForest,0.0,0.01,0.0,0.17,0.82
10467,0,3,TimeSeriesForest,0.37,0.13,0.0,0.4,0.1
16431,3,3,TimeSeriesForest,0.03,0.4,0.0,0.57,0.0
10929,0,4,TimeSeriesForest,0.45,0.01,0.03,0.04,0.47
17872,3,3,TimeSeriesForest,0.0,0.15,0.0,0.58,0.27
15435,1,1,TimeSeriesForest,0.01,0.73,0.0,0.26,0.0
14912,1,1,TimeSeriesForest,0.01,0.73,0.0,0.26,0.0
18493,4,4,TimeSeriesForest,0.01,0.02,0.03,0.15,0.79
18100,4,4,TimeSeriesForest,0.03,0.01,0.03,0.28,0.65
10850,0,0,TimeSeriesForest,0.99,0.0,0.01,0.0,0.0
10420,0,0,TimeSeriesForest,0.85,0.0,0.0,0.08,0.07
12941,2,2,TimeSeriesForest,0.04,0.02,0.71,0.0,0.23
14428,1,1,TimeSeriesForest,0.04,0.69,0.0,0.27,0.0
17008,3,3,TimeSeriesForest,0.01,0.47,0.0,0.51,0.01
12348,2,2,TimeSeriesForest,0.06,0.0,0.87,0.0,0.07
14289,1,1,TimeSeriesForest,0.05,0.55,0.0,0.4,0.0
12290,2,2,TimeSeriesForest,0.04,0.01,0.88,0.02,0.05
14018,1,1,TimeSeriesForest,0.03,0.63,0.0,0.32,0.02
14132,1,1,TimeSeriesForest,0.02,0.84,0.0,0.13,0.01
19904,4,4,TimeSeriesForest,0.0,0.0,0.44,0.0,0.56
15123,1,1,TimeSeriesForest,0.05,0.51,0.0,0.44,0.0
11522,0,0,TimeSeriesForest,0.99,0.0,0.01,0.0,0.0
14826,1,1,TimeSeriesForest,0.07,0.68,0.0,0.25,0.0
11147,0,0,TimeSeriesForest,0.99,0.0,0.0,0.0,0.01
18031,4,3,TimeSeriesForest,0.0,0.01,0.0,0.55,0.44
13327,2,2,TimeSeriesForest,0.0,0.0,0.98,0.0,0.02
15070,1,1,TimeSeriesForest,0.06,0.68,0.0,0.25,0.01
17373,3,4,TimeSeriesForest,0.04,0.14,0.08,0.18,0.56
18177,4,4,TimeSeriesForest,0.0,0.03,0.01,0.12,0.84
17335,3,3,TimeSeriesForest,0.03,0.02,0.0,0.89,0.06
12475,2,2,TimeSeriesForest,0.05,0.0,0.87,0.0,0.08
10198,0,0,TimeSeriesForest,0.97,0.01,0.02,0.0,0.0
12985,2,2,TimeSeriesForest,0.0,0.0,0.51,0.0,0.49
12371,2,2,TimeSeriesForest,0.02,0.0,0.84,0.0,0.14
18976,4,4,TimeSeriesForest,0.01,0.05,0.0,0.0,0.94
13084,2,2,TimeSeriesForest,0.15,0.0,0.8,0.0,0.05
14452,1,1,TimeSeriesForest,0.02,0.51,0.0,0.47,0.0
11704,0,0,TimeSeriesForest,0.98,0.0,0.02,0.0,0.0
10874,0,0,TimeSeriesForest,0.98,0.0,0.0,0.0,0.02
13326,2,2,TimeSeriesForest,0.0,0.0,0.96,0.0,0.04
11210,0,0,TimeSeriesForest,0.9,0.0,0.04,0.0,0.06
16636,3,1,TimeSeriesForest,0.03,0.69,0.0,0.25,0.03
12102,2,2,TimeSeriesForest,0.01,0.0,0.99,0.0,0.0
10123,0,0,TimeSeriesForest,0.61,0.01,0.0,0.0,0.38
18083,4,3,TimeSeriesForest,0.02,0.01,0.0,0.83,0.14
14102,1,1,TimeSeriesForest,0.04,0.79,0.0,0.16,0.01
10320,0,0,TimeSeriesForest,1.0,0.0,0.0,0.0,0.0
18140,4,4,TimeSeriesForest,0.0,0.0,0.06,0.0,0.94
14141,1,1,TimeSeriesForest,0.06,0.7,0.0,0.24,0.0
10272,0,0,TimeSeriesForest,0.96,0.0,0.02,0.0,0.02
17017,3,3,TimeSeriesForest,0.09,0.11,0.0,0.75,0.05
10789,0,0,TimeSeriesForest,0.97,0.01,0.02,0.0,0.0
10965,0,0,TimeSeriesForest,0.71,0.0,0.19,0.01,0.09
14077,1,1,TimeSeriesForest,0.05,0.73,0.0,0.22,0.0
17144,3,1,TimeSeriesForest,0.23,0.51,0.0,0.26,0.0
11523,0,0,TimeSeriesForest,1.0,0.0,0.0,0.0,0.0
18037,4,3,TimeSeriesForest,0.0,0.01,0.02,0.56,0.41
15054,1,1,TimeSeriesForest,0.0,0.73,0.0,0.24,0.03
18439,4,4,TimeSeriesForest,0.0,0.0,0.0,0.0,1.0
13359,2,2,TimeSeriesForest,0.09,0.0,0.88,0.0,0.03
12607,2,2,TimeSeriesForest,0.02,0.0,0.95,0.0,0.03
11713,0,0,TimeSeriesForest,1.0,0.0,0.0,0.0,0.0
18255,4,4,TimeSeriesForest,0.0,0.01,0.0,0.06,0.93
14640,1,1,TimeSeriesForest,0.01,0.63,0.0,0.36,0.0
14088,1,1,TimeSeriesForest,0.04,0.69,0.0,0.26,0.01
11241,0,0,TimeSeriesForest,0.95,0.0,0.05,0.0,0.0
18887,4,1,TimeSeriesForest,0.06,0.66,0.0,0.27,0.01
17775,3,3,TimeSeriesForest,0.04,0.01,0.01,0.69,0.25
10728,0,0,TimeSeriesForest,0.97,0.0,0.0,0.0,0.03
14267,1,1,TimeSeriesForest,0.02,0.73,0.0,0.24,0.01
13852,2,2,TimeSeriesForest,0.0,0.0,0.98,0.0,0.02
17918,3,3,TimeSeriesForest,0.05,0.13,0.0,0.61,0.21
14485,1,1,TimeSeriesForest,0.03,0.71,0.0,0.25,0.01
10337,0,0,TimeSeriesForest,0.98,0.0,0.02,0.0,0.0
10987,0,0,TimeSeriesForest,0.92,0.0,0.07,0.0,0.01
15560,1,1,TimeSeriesForest,0.01,0.72,0.0,0.18,0.09
13858,2,2,TimeSeriesForest,0.0,0.0,0.95,0.0,0.05
13851,2,2,TimeSeriesForest,0.0,0.0,1.0,0.0,0.0
12655,2,2,TimeSeriesForest,0.02,0.01,0.87,0.0,0.1
14223,1,1,TimeSeriesForest,0.03,0.65,0.0,0.31,0.01
15340,1,1,TimeSeriesForest,0.02,0.59,0.0,0.39,0.0
12447,2,2,TimeSeriesForest,0.04,0.01,0.86,0.0,0.09
14896,1,1,TimeSeriesForest,0.03,0.54,0.0,0.43,0.0
11209,0,0,TimeSeriesForest,0.86,0.01,0.11,0.0,0.02
14330,1,1,TimeSeriesForest,0.07,0.53,0.0,0.39,0.01
15344,1,1,TimeSeriesForest,0.0,0.73,0.0,0.27,0.0
11618,0,0,TimeSeriesForest,0.99,0.0,0.01,0.0,0.0
18529,4,3,TimeSeriesForest,0.08,0.12,0.0,0.76,0.04
10730,0,0,TimeSeriesForest,0.94,0.0,0.0,0.0,0.06
12638,2,2,TimeSeriesForest,0.09,0.0,0.64,0.0,0.27
11402,0,0,TimeSeriesForest,0.98,0.0,0.02,0.0,0.0
15530,1,1,TimeSeriesForest,0.01,0.77,0.0,0.21,0.01
11421,0,0,TimeSeriesForest,1.0,0.0,0.0,0.0,0.0
12825,2,2,TimeSeriesForest,0.0,0.0,0.5,0.0,0.5
10405,0,1,TimeSeriesForest,0.02,0.63,0.0,0.34,0.01
18693,4,4,TimeSeriesForest,0.0,0.04,0.05,0.0,0.91
14601,1,1,TimeSeriesForest,0.04,0.68,0.0,0.27,0.01
14932,1,1,TimeSeriesForest,0.08,0.45,0.0,0.45,0.02
11191,0,0,TimeSeriesForest,0.87,0.01,0.11,0.0,0.01
12509,2,2,TimeSeriesForest,0.24,0.0,0.7,0.0,0.06
11234,0,0,TimeSeriesForest,0.9,0.0,0.03,0.0,0.07
19039,4,3,TimeSeriesForest,0.0,0.38,0.0,0.62,0.0
11517,0,0,TimeSeriesForest,0.95,0.0,0.04,0.0,0.01
15362,1,1,TimeSeriesForest,0.04,0.58,0.0,0.38,0.0
15827,1,1,TimeSeriesForest,0.0,0.69,0.0,0.26,0.05
12771,2,2,TimeSeriesForest,0.0,0.0,0.76,0.0,0.24
17666,3,3,TimeSeriesForest,0.03,0.16,0.0,0.59,0.22
15738,1,1,TimeSeriesForest,0.0,1.0,0.0,0.0,0.0
12705,2,2,TimeSeriesForest,0.06,0.0,0.79,0.0,0.15
10135,0,0,TimeSeriesForest,1.0,0.0,0.0,0.0,0.0
11583,0,0,TimeSeriesForest,0.89,0.0,0.11,0.0,0.0
17531,3,3,TimeSeriesForest,0.05,0.09,0.0,0.7,0.16
10932,0,0,TimeSeriesForest,0.72,0.03,0.13,0.0,0.12
10653,0,0,TimeSeriesForest,0.97,0.0,0.0,0.03,0.0
10743,0,4,TimeSeriesForest,0.47,0.02,0.0,0.02,0.49
14314,1,1,TimeSeriesForest,0.07,0.69,0.0,0.21,0.03
10710,0,0,TimeSeriesForest,0.77,0.0,0.0,0.18,0.05
18629,4,4,TimeSeriesForest,0.0,0.24,0.0,0.28,0.48
14313,1,1,TimeSeriesForest,0.12,0.74,0.0,0.13,0.01
18477,4,3,TimeSeriesForest,0.03,0.02,0.0,0.56,0.39
18639,4,4,TimeSeriesForest,0.0,0.09,0.0,0.02,0.89
13065,2,2,TimeSeriesForest,0.25,0.01,0.69,0.0,0.05
9999,0,0,TimeSeriesForest,0.97,0.01,0.02,0.0,0.0
19022,4,4,TimeSeriesForest,0.01,0.16,0.02,0.16,0.65
14210,1,1,TimeSeriesForest,0.0,0.86,0.0,0.11,0.03
17548,3,3,TimeSeriesForest,0.08,0.14,0.0,0.5,0.28
16971,3,4,TimeSeriesForest,0.01,0.34,0.0,0.22,0.43
11655,0,0,TimeSeriesForest,0.97,0.0,0.03,0.0,0.0
19885,4,2,TimeSeriesForest,0.2,0.04,0.67,0.0,0.09
13166,2,2,TimeSeriesForest,0.0,0.0,0.96,0.0,0.04
14735,1,1,TimeSeriesForest,0.03,0.54,0.0,0.43,0.0
11264,0,0,TimeSeriesForest,0.78,0.01,0.07,0.0,0.14
18773,4,0,TimeSeriesForest,0.43,0.05,0.17,0.0,0.35
13109,2,2,TimeSeriesForest,0.0,0.0,1.0,0.0,0.0
12775,2,2,TimeSeriesForest,0.02,0.0,0.95,0.0,0.03
17814,3,3,TimeSeriesForest,0.07,0.2,0.0,0.57,0.16
12261,2,2,TimeSeriesForest,0.09,0.0,0.89,0.0,0.02
10565,0,0,TimeSeriesForest,0.99,0.0,0.0,0.01,0.0
18462,4,4,TimeSeriesForest,0.0,0.05,0.06,0.26,0.63
13925,2,2,TimeSeriesForest,0.02,0.0,0.91,0.0,0.07
17014,3,1,TimeSeriesForest,0.01,0.77,0.0,0.22,0.0
14593,1,1,TimeSeriesForest,0.01,0.64,0.0,0.35,0.0
14114,1,1,TimeSeriesForest,0.12,0.65,0.0,0.19,0.04
10204,0,0,TimeSeriesForest,0.51,0.01,0.38,0.0,0.1
13124,2,2,TimeSeriesForest,0.0,0.0,0.98,0.0,0.02
17240,3,1,TimeSeriesForest,0.01,0.61,0.0,0.38,0.0
11582,0,0,TimeSeriesForest,0.99,0.0,0.01,0.0,0.0
18570,4,4,TimeSeriesForest,0.11,0.02,0.02,0.0,0.85
12675,2,2,TimeSeriesForest,0.0,0.0,0.96,0.0,0.04
13117,2,2,TimeSeriesForest,0.0,0.0,0.9,0.0,0.1
13863,2,2,TimeSeriesForest,0.03,0.01,0.87,0.0,0.09
18734,4,4,TimeSeriesForest,0.02,0.09,0.0,0.01,0.88
17599,3,3,TimeSeriesForest,0.03,0.02,0.0,0.62,0.33
12618,2,2,TimeSeriesForest,0.01,0.0,0.98,0.0,0.01
15755,1,4,TimeSeriesForest,0.07,0.3,0.2,0.01,0.42
19075,4,4,TimeSeriesForest,0.09,0.19,0.04,0.0,0.68
13072,2,2,TimeSeriesForest,0.0,0.0,1.0,0.0,0.0
16664,3,1,TimeSeriesForest,0.03,0.77,0.0,0.19,0.01
13426,2,2,TimeSeriesForest,0.07,0.01,0.91,0.0,0.01
14806,1,1,TimeSeriesForest,0.04,0.64,0.0,0.32,0.0
11107,0,0,TimeSeriesForest,0.96,0.0,0.04,0.0,0.0
12539,2,2,TimeSeriesForest,0.0,0.0,0.87,0.0,0.13
16946,3,1,TimeSeriesForest,0.01,0.61,0.0,0.35,0.03
14226,1,1,TimeSeriesForest,0.06,0.66,0.0,0.28,0.0
14129,1,1,TimeSeriesForest,0.04,0.5,0.0,0.44,0.02
16411,3,1,TimeSeriesForest,0.06,0.6,0.0,0.34,0.0
13882,2,2,TimeSeriesForest,0.01,0.0,0.84,0.0,0.15
19029,4,4,TimeSeriesForest,0.03,0.12,0.01,0.05,0.79
15833,1,1,TimeSeriesForest,0.04,0.58,0.01,0.25,0.12
11354,0,0,TimeSeriesForest,1.0,0.0,0.0,0.0,0.0
12339,2,2,TimeSeriesForest,0.02,0.0,0.89,0.0,0.09
17908,3,3,TimeSeriesForest,0.11,0.07,0.02,0.62,0.18
18808,4,4,TimeSeriesForest,0.12,0.07,0.16,0.01,0.64
14527,1,3,TimeSeriesForest,0.12,0.42,0.0,0.46,0.0
15275,1,1,TimeSeriesForest,0.07,0.58,0.0,0.33,0.02
10950,0,0,TimeSeriesForest,0.88,0.0,0.01,0.0,0.11
15106,1,1,TimeSeriesForest,0.0,0.58,0.0,0.42,0.0
18234,4,4,TimeSeriesForest,0.0,0.03,0.01,0.03,0.93
16954,3,1,TimeSeriesForest,0.05,0.63,0.0,0.32,0.0
18510,4,4,TimeSeriesForest,0.0,0.02,0.01,0.09,0.88
14583,1,1,TimeSeriesForest,0.03,0.59,0.0,0.38,0.0
13872,2,2,TimeSeriesForest,0.02,0.0,0.97,0.0,0.01
11417,0,0,TimeSeriesForest,1.0,0.0,0.0,0.0,0.0
13540,2,2,TimeSeriesForest,0.0,0.0,0.97,0.0,0.03
12137,2,2,TimeSeriesForest,0.1,0.01,0.85,0.0,0.04
15078,1,1,TimeSeriesForest,0.02,0.56,0.0,0.4,0.02
14192,1,1,TimeSeriesForest,0.01,0.8,0.0,0.19,0.0
17409,3,3,TimeSeriesForest,0.0,0.0,0.0,0.97,0.03
12310,2,2,TimeSeriesForest,0.06,0.0,0.79,0.0,0.15
11139,0,0,TimeSeriesForest,0.95,0.0,0.0,0.0,0.05
18910,4,1,TimeSeriesForest,0.06,0.41,0.0,0.2,0.33
11385,0,0,TimeSeriesForest,1.0,0.0,0.0,0.0,0.0
14673,1,1,TimeSeriesForest,0.0,0.73,0.0,0.27,0.0
11835,0,0,TimeSeriesForest,0.99,0.0,0.0,0.0,0.01
17491,3,3,TimeSeriesForest,0.01,0.0,0.0,0.99,0.0
17319,3,3,TimeSeriesForest,0.02,0.22,0.0,0.58,0.18
13629,2,2,TimeSeriesForest,0.0,0.0,0.99,0.0,0.01
13692,2,2,TimeSeriesForest,0.01,0.0,0.97,0.0,0.02
11115,0,0,TimeSeriesForest,0.96,0.0,0.04,0.0,0.0
13892,2,2,TimeSeriesForest,0.0,0.0,0.92,0.0,0.08
17316,3,4,TimeSeriesForest,0.0,0.06,0.02,0.23,0.69
18847,4,4,TimeSeriesForest,0.0,0.08,0.0,0.0,0.92
13663,2,2,TimeSeriesForest,0.09,0.0,0.83,0.0,0.08
14598,1,1,TimeSeriesForest,0.06,0.6,0.0,0.31,0.03
15628,1,3,TimeSeriesForest,0.09,0.13,0.03,0.39,0.36
14246,1,1,TimeSeriesForest,0.02,0.62,0.0,0.36,0.0
14053,1,1,TimeSeriesForest,0.02,0.54,0.0,0.44,0.0
11217,0,0,TimeSeriesForest,1.0,0.0,0.0,0.0,0.0
13610,2,2,TimeSeriesForest,0.15,0.0,0.72,0.0,0.13
12910,2,2,TimeSeriesForest,0.0,0.0,0.69,0.0,0.31
11558,0,0,TimeSeriesForest,0.95,0.0,0.03,0.0,0.02
11308,0,0,TimeSeriesForest,0.47,0.01,0.39,0.0,0.13
15603,1,1,TimeSeriesForest,0.0,1.0,0.0,0.0,0.0
18766,4,0,TimeSeriesForest,0.61,0.01,0.0,0.02,0.36
11304,0,0,TimeSeriesForest,0.96,0.0,0.03,0.0,0.01
12272,2,2,TimeSeriesForest,0.0,0.0,0.85,0.0,0.15
10693,0,4,TimeSeriesForest,0.16,0.16,0.0,0.07,0.61
11328,0,0,TimeSeriesForest,0.96,0.0,0.04,0.0,0.0
19343,4,2,TimeSeriesForest,0.01,0.0,0.53,0.0,0.46
15916,1,1,TimeSeriesForest,0.08,0.49,0.0,0.38,0.05
16857,3,1,TimeSeriesForest,0.12,0.47,0.0,0.39,0.02
17420,3,3,TimeSeriesForest,0.0,0.08,0.0,0.52,0.4
13182,2,4,TimeSeriesForest,0.29,0.03,0.27,0.02,0.39
12853,2,2,TimeSeriesForest,0.0,0.0,0.92,0.0,0.08
18585,4,4,TimeSeriesForest,0.0,0.0,0.0,0.01,0.99
13208,2,2,TimeSeriesForest,0.0,0.0,0.93,0.0,0.07
15494,1,1,TimeSeriesForest,0.01,0.52,0.0,0.47,0.0
13374,2,2,TimeSeriesForest,0.0,0.0,0.97,0.0,0.03
14454,1,1,TimeSeriesForest,0.04,0.49,0.0,0.47,0.0
17737,3,3,TimeSeriesForest,0.12,0.07,0.0,0.64,0.17
13460,2,2,TimeSeriesForest,0.09,0.0,0.77,0.0,0.14
15406,1,1,TimeSeriesForest,0.02,0.7,0.0,0.28,0.0
16220,3,1,TimeSeriesForest,0.02,0.67,0.0,0.29,0.02
10945,0,0,TimeSeriesForest,0.97,0.01,0.0,0.0,0.02
17259,3,1,TimeSeriesForest,0.02,0.56,0.0,0.42,0.0
10424,0,1,TimeSeriesForest,0.19,0.68,0.0,0.07,0.06
18697,4,4,TimeSeriesForest,0.02,0.09,0.08,0.01,0.8
14740,1,1,TimeSeriesForest,0.01,0.52,0.0,0.45,0.02
15769,1,1,ROCKET,0.0,1.0,0.0,0.0,0.0
17651,3,4,ROCKET,0.0,0.0,0.0,0.0,1.0
13620,2,2,ROCKET,0.0,0.0,1.0,0.0,0.0
11019,0,0,ROCKET,1.0,0.0,0.0,0.0,0.0
13860,2,3,ROCKET,0.0,0.0,0.0,1.0,0.0
17314,3,3,ROCKET,0.0,0.0,0.0,1.0,0.0
16925,3,3,ROCKET,0.0,0.0,0.0,1.0,0.0
14588,1,1,ROCKET,0.0,1.0,0.0,0.0,0.0
12135,2,2,ROCKET,0.0,0.0,1.0,0.0,0.0
18113,4,0,ROCKET,1.0,0.0,0.0,0.0,0.0
13817,2,2,ROCKET,0.0,0.0,1.0,0.0,0.0
11303,0,0,ROCKET,1.0,0.0,0.0,0.0,0.0
18819,4,4,ROCKET,0.0,0.0,0.0,0.0,1.0
12376,2,2,ROCKET,0.0,0.0,1.0,0.0,0.0
19741,4,2,ROCKET,0.0,0.0,1.0,0.0,0.0
17419,3,3,ROCKET,0.0,0.0,0.0,1.0,0.0
10557,0,0,ROCKET,1.0,0.0,0.0,0.0,0.0
14331,1,1,ROCKET,0.0,1.0,0.0,0.0,0.0
10758,0,3,ROCKET,0.0,0.0,0.0,1.0,0.0
15862,1,1,ROCKET,0.0,1.0,0.0,0.0,0.0
15602,1,1,ROCKET,0.0,1.0,0.0,0.0,0.0
13911,2,2,ROCKET,0.0,0.0,1.0,0.0,0.0
18147,4,3,ROCKET,0.0,0.0,0.0,1.0,0.0
10684,0,4,ROCKET,0.0,0.0,0.0,0.0,1.0
10039,0,0,ROCKET,1.0,0.0,0.0,0.0,0.0
15903,1,1,ROCKET,0.0,1.0,0.0,0.0,0.0
17076,3,1,ROCKET,0.0,1.0,0.0,0.0,0.0
17576,3,3,ROCKET,0.0,0.0,0.0,1.0,0.0
14931,1,1,ROCKET,0.0,1.0,0.0,0.0,0.0
10654,0,1,ROCKET,0.0,1.0,0.0,0.0,0.0
10859,0,0,ROCKET,1.0,0.0,0.0,0.0,0.0
18452,4,0,ROCKET,1.0,0.0,0.0,0.0,0.0
12833,2,2,ROCKET,0.0,0.0,1.0,0.0,0.0
11845,0,4,ROCKET,0.0,0.0,0.0,0.0,1.0
14034,1,1,ROCKET,0.0,1.0,0.0,0.0,0.0
11686,0,0,ROCKET,1.0,0.0,0.0,0.0,0.0
13616,2,2,ROCKET,0.0,0.0,1.0,0.0,0.0
12535,2,2,ROCKET,0.0,0.0,1.0,0.0,0.0
18455,4,3,ROCKET,0.0,0.0,0.0,1.0,0.0
18358,4,0,ROCKET,1.0,0.0,0.0,0.0,0.0
15445,1,0,ROCKET,1.0,0.0,0.0,0.0,0.0
10881,0,0,ROCKET,1.0,0.0,0.0,0.0,0.0
18283,4,0,ROCKET,1.0,0.0,0.0,0.0,0.0
10838,0,0,ROCKET,1.0,0.0,0.0,0.0,0.0
13196,2,2,ROCKET,0.0,0.0,1.0,0.0,0.0
10847,0,0,ROCKET,1.0,0.0,0.0,0.0,0.0
15151,1,1,ROCKET,0.0,1.0,0.0,0.0,0.0
18409,4,3,ROCKET,0.0,0.0,0.0,1.0,0.0
19081,4,4,ROCKET,0.0,0.0,0.0,0.0,1.0
15885,1,1,ROCKET,0.0,1.0,0.0,0.0,0.0
10772,0,1,ROCKET,0.0,1.0,0.0,0.0,0.0
12829,2,0,ROCKET,1.0,0.0,0.0,0.0,0.0
13413,2,2,ROCKET,0.0,0.0,1.0,0.0,0.0
12021,2,2,ROCKET,0.0,0.0,1.0,0.0,0.0
10284,0,0,ROCKET,1.0,0.0,0.0,0.0,0.0
18172,4,0,ROCKET,1.0,0.0,0.0,0.0,0.0
17687,3,1,ROCKET,0.0,1.0,0.0,0.0,0.0
10034,0,1,ROCKET,0.0,1.0,0.0,0.0,0.0
10811,0,0,ROCKET,1.0,0.0,0.0,0.0,0.0
12073,2,2,ROCKET,0.0,0.0,1.0,0.0,0.0
19350,4,2,ROCKET,0.0,0.0,1.0,0.0,0.0
16552,3,3,ROCKET,0.0,0.0,0.0,1.0,0.0
11953,2,2,ROCKET,0.0,0.0,1.0,0.0,0.0
19413,4,4,ROCKET,0.0,0.0,0.0,0.0,1.0
11626,0,4,ROCKET,0.0,0.0,0.0,0.0,1.0
16577,3,3,ROCKET,0.0,0.0,0.0,1.0,0.0
15421,1,1,ROCKET,0.0,1.0,0.0,0.0,0.0
19185,4,4,ROCKET,0.0,0.0,0.0,0.0,1.0
14423,1,1,ROCKET,0.0,1.0,0.0,0.0,0.0
12110,2,2,ROCKET,0.0,0.0,1.0,0.0,0.0
10695,0,3,ROCKET,0.0,0.0,0.0,1.0,0.0
17985,4,0,ROCKET,1.0,0.0,0.0,0.0,0.0
14022,1,3,ROCKET,0.0,0.0,0.0,1.0,0.0
18969,4,1,ROCKET,0.0,1.0,0.0,0.0,0.0
13977,1,1,ROCKET,0.0,1.0,0.0,0.0,0.0
11934,0,0,ROCKET,1.0,0.0,0.0,0.0,0.0
12905,2,2,ROCKET,0.0,0.0,1.0,0.0,0.0
18616,4,4,ROCKET,0.0,0.0,0.0,0.0,1.0
18348,4,4,ROCKET,0.0,0.0,0.0,0.0,1.0
12613,2,2,ROCKET,0.0,0.0,1.0,0.0,0.0
14803,1,1,ROCKET,0.0,1.0,0.0,0.0,0.0
16790,3,1,ROCKET,0.0,1.0,0.0,0.0,0.0
14544,1,1,ROCKET,0.0,1.0,0.0,0.0,0.0
18331,4,3,ROCKET,0.0,0.0,0.0,1.0,0.0
10642,0,1,ROCKET,0.0,1.0,0.0,0.0,0.0
17025,3,3,ROCKET,0.0,0.0,0.0,1.0,0.0
17082,3,3,ROCKET,0.0,0.0,0.0,1.0,0.0
12867,2,2,ROCKET,0.0,0.0,1.0,0.0,0.0
12815,2,2,ROCKET,0.0,0.0,1.0,0.0,0.0
16764,3,3,ROCKET,0.0,0.0,0.0,1.0,0.0
14327,1,1,ROCKET,0.0,1.0,0.0,0.0,0.0
18317,4,3,ROCKET,0.0,0.0,0.0,1.0,0.0
18541,4,3,ROCKET,0.0,0.0,0.0,1.0,0.0
13217,2,2,ROCKET,0.0,0.0,1.0,0.0,0.0
19153,4,0,ROCKET,1.0,0.0,0.0,0.0,0.0
19339,4,4,ROCKET,0.0,0.0,0.0,0.0,1.0
11669,0,3,ROCKET,0.0,0.0,0.0,1.0,0.0
10390,0,3,ROCKET,0.0,0.0,0.0,1.0,0.0
12158,2,2,ROCKET,0.0,0.0,1.0,0.0,0.0
14310,1,1,ROCKET,0.0,1.0,0.0,0.0,0.0
13693,2,2,ROCKET,0.0,0.0,1.0,0.0,0.0
16843,3,3,ROCKET,0.0,0.0,0.0,1.0,0.0
10643,0,3,ROCKET,0.0,0.0,0.0,1.0,0.0
17947,4,0,ROCKET,1.0,0.0,0.0,0.0,0.0
16426,3,3,ROCKET,0.0,0.0,0.0,1.0,0.0
11158,0,0,ROCKET,1.0,0.0,0.0,0.0,0.0
12118,2,2,ROCKET,0.0,0.0,1.0,0.0,0.0
12838,2,2,ROCKET,0.0,0.0,1.0,0.0,0.0
12796,2,2,ROCKET,0.0,0.0,1.0,0.0,0.0
12644,2,2,ROCKET,0.0,0.0,1.0,0.0,0.0
15525,1,1,ROCKET,0.0,1.0,0.0,0.0,0.0
19069,4,3,ROCKET,0.0,0.0,0.0,1.0,0.0
15225,1,1,ROCKET,0.0,1.0,0.0,0.0,0.0
19243,4,1,ROCKET,0.0,1.0,0.0,0.0,0.0
14841,1,1,ROCKET,0.0,1.0,0.0,0.0,0.0
15350,1,1,ROCKET,0.0,1.0,0.0,0.0,0.0
10297,0,0,ROCKET,1.0,0.0,0.0,0.0,0.0
10416,0,3,ROCKET,0.0,0.0,0.0,1.0,0.0
19708,4,2,ROCKET,0.0,0.0,1.0,0.0,0.0
14792,1,1,ROCKET,0.0,1.0,0.0,0.0,0.0
12524,2,2,ROCKET,0.0,0.0,1.0,0.0,0.0
10860,0,0,ROCKET,1.0,0.0,0.0,0.0,0.0
11169,0,0,ROCKET,1.0,0.0,0.0,0.0,0.0
18604,4,0,ROCKET,1.0,0.0,0.0,0.0,0.0
12169,2,2,ROCKET,0.0,0.0,1.0,0.0,0.0
15570,1,1,ROCKET,0.0,1.0,0.0,0.0,0.0
11914,0,1,ROCKET,0.0,1.0,0.0,0.0,0.0
13763,2,2,ROCKET,0.0,0.0,1.0,0.0,0.0
15929,1,1,ROCKET,0.0,1.0,0.0,0.0,0.0
11008,0,0,ROCKET,1.0,0.0,0.0,0.0,0.0
12597,2,2,ROCKET,0.0,0.0,1.0,0.0,0.0
14256,1,1,ROCKET,0.0,1.0,0.0,0.0,0.0
16596,3,3,ROCKET,0.0,0.0,0.0,1.0,0.0
10554,0,3,ROCKET,0.0,0.0,0.0,1.0,0.0
10332,0,0,ROCKET,1.0,0.0,0.0,0.0,0.0
17791,3,3,ROCKET,0.0,0.0,0.0,1.0,0.0
19250,4,3,ROCKET,0.0,0.0,0.0,1.0,0.0
11157,0,0,ROCKET,1.0,0.0,0.0,0.0,0.0
18456,4,3,ROCKET,0.0,0.0,0.0,1.0,0.0
17614,3,4,ROCKET,0.0,0.0,0.0,0.0,1.0
13723,2,2,ROCKET,0.0,0.0,1.0,0.0,0.0
18588,4,3,ROCKET,0.0,0.0,0.0,1.0,0.0
17431,3,3,ROCKET,0.0,0.0,0.0,1.0,0.0
18640,4,4,ROCKET,0.0,0.0,0.0,0.0,1.0
15742,1,1,ROCKET,0.0,1.0,0.0,0.0,0.0
13375,2,2,ROCKET,0.0,0.0,1.0,0.0,0.0
12210,2,2,ROCKET,0.0,0.0,1.0,0.0,0.0
14354,1,1,ROCKET,0.0,1.0,0.0,0.0,0.0
18112,4,3,ROCKET,0.0,0.0,0.0,1.0,0.0
13199,2,2,ROCKET,0.0,0.0,1.0,0.0,0.0
15128,1,3,ROCKET,0.0,0.0,0.0,1.0,0.0
15069,1,1,ROCKET,0.0,1.0,0.0,0.0,0.0
10593,0,3,ROCKET,0.0,0.0,0.0,1.0,0.0
10655,0,4,ROCKET,0.0,0.0,0.0,0.0,1.0
11765,0,0,ROCKET,1.0,0.0,0.0,0.0,0.0
12041,2,2,ROCKET,0.0,0.0,1.0,0.0,0.0
19203,4,4,ROCKET,0.0,0.0,0.0,0.0,1.0
16393,3,1,ROCKET,0.0,1.0,0.0,0.0,0.0
18352,4,3,ROCKET,0.0,0.0,0.0,1.0,0.0
12154,2,2,ROCKET,0.0,0.0,1.0,0.0,0.0
15850,1,1,ROCKET,0.0,1.0,0.0,0.0,0.0
12365,2,2,ROCKET,0.0,0.0,1.0,0.0,0.0
14532,1,1,ROCKET,0.0,1.0,0.0,0.0,0.0
15346,1,1,ROCKET,0.0,1.0,0.0,0.0,0.0
10976,0,0,ROCKET,1.0,0.0,0.0,0.0,0.0
12193,2,2,ROCKET,0.0,0.0,1.0,0.0,0.0
13305,2,2,ROCKET,0.0,0.0,1.0,0.0,0.0
13787,2,2,ROCKET,0.0,0.0,1.0,0.0,0.0
16986,3,1,ROCKET,0.0,1.0,0.0,0.0,0.0
10778,0,0,ROCKET,1.0,0.0,0.0,0.0,0.0
14305,1,1,ROCKET,0.0,1.0,0.0,0.0,0.0
16809,3,3,ROCKET,0.0,0.0,0.0,1.0,0.0
16434,3,3,ROCKET,0.0,0.0,0.0,1.0,0.0
15526,1,4,ROCKET,0.0,0.0,0.0,0.0,1.0
11702,0,3,ROCKET,0.0,0.0,0.0,1.0,0.0
17816,3,1,ROCKET,0.0,1.0,0.0,0.0,0.0
14508,1,1,ROCKET,0.0,1.0,0.0,0.0,0.0
14869,1,1,ROCKET,0.0,1.0,0.0,0.0,0.0
10413,0,3,ROCKET,0.0,0.0,0.0,1.0,0.0
17300,3,4,ROCKET,0.0,0.0,0.0,0.0,1.0
19910,4,4,ROCKET,0.0,0.0,0.0,0.0,1.0
13361,2,2,ROCKET,0.0,0.0,1.0,0.0,0.0
14303,1,1,ROCKET,0.0,1.0,0.0,0.0,0.0
13432,2,2,ROCKET,0.0,0.0,1.0,0.0,0.0
19062,4,1,ROCKET,0.0,1.0,0.0,0.0,0.0
19876,4,4,ROCKET,0.0,0.0,0.0,0.0,1.0
10456,0,3,ROCKET,0.0,0.0,0.0,1.0,0.0
17509,3,3,ROCKET,0.0,0.0,0.0,1.0,0.0
14058,1,1,ROCKET,0.0,1.0,0.0,0.0,0.0
11998,2,2,ROCKET,0.0,0.0,1.0,0.0,0.0
18885,4,4,ROCKET,0.0,0.0,0.0,0.0,1.0
10131,0,0,ROCKET,1.0,0.0,0.0,0.0,0.0
15175,1,1,ROCKET,0.0,1.0,0.0,0.0,0.0
11457,0,0,ROCKET,1.0,0.0,0.0,0.0,0.0
12471,2,2,ROCKET,0.0,0.0,1.0,0.0,0.0
18989,4,4,ROCKET,0.0,0.0,0.0,0.0,1.0
10189,0,0,ROCKET,1.0,0.0,0.0,0.0,0.0
12586,2,2,ROCKET,0.0,0.0,1.0,0.0,0.0
11856,0,0,ROCKET,1.0,0.0,0.0,0.0,0.0
13251,2,2,ROCKET,0.0,0.0,1.0,0.0,0.0
10797,0,0,ROCKET,1.0,0.0,0.0,0.0,0.0
15629,1,1,ROCKET,0.0,1.0,0.0,0.0,0.0
16639,3,4,ROCKET,0.0,0.0,0.0,0.0,1.0
19230,4,4,ROCKET,0.0,0.0,0.0,0.0,1.0
19700,4,4,ROCKET,0.0,0.0,0.0,0.0,1.0
12140,2,2,ROCKET,0.0,0.0,1.0,0.0,0.0
11624,0,3,ROCKET,0.0,0.0,0.0,1.0,0.0
18627,4,4,ROCKET,0.0,0.0,0.0,0.0,1.0
19562,4,4,ROCKET,0.0,0.0,0.0,0.0,1.0
13025,2,2,ROCKET,0.0,0.0,1.0,0.0,0.0
13448,2,2,ROCKET,0.0,0.0,1.0,0.0,0.0
11718,0,1,ROCKET,0.0,1.0,0.0,0.0,0.0
12527,2,2,ROCKET,0.0,0.0,1.0,0.0,0.0
14130,1,1,ROCKET,0.0,1.0,0.0,0.0,0.0
10023,0,0,ROCKET,1.0,0.0,0.0,0.0,0.0
19407,4,4,ROCKET,0.0,0.0,0.0,0.0,1.0
12743,2,2,ROCKET,0.0,0.0,1.0,0.0,0.0
15912,1,1,ROCKET,0.0,1.0,0.0,0.0,0.0
14345,1,1,ROCKET,0.0,1.0,0.0,0.0,0.0
11666,0,0,ROCKET,1.0,0.0,0.0,0.0,0.0
17642,3,3,ROCKET,0.0,0.0,0.0,1.0,0.0
13736,2,3,ROCKET,0.0,0.0,0.0,1.0,0.0
17426,3,3,ROCKET,0.0,0.0,0.0,1.0,0.0
12932,2,2,ROCKET,0.0,0.0,1.0,0.0,0.0
13570,2,2,ROCKET,0.0,0.0,1.0,0.0,0.0
13917,2,2,ROCKET,0.0,0.0,1.0,0.0,0.0
13168,2,2,ROCKET,0.0,0.0,1.0,0.0,0.0
14684,1,1,ROCKET,0.0,1.0,0.0,0.0,0.0
14787,1,1,ROCKET,0.0,1.0,0.0,0.0,0.0
11730,0,3,ROCKET,0.0,0.0,0.0,1.0,0.0
13970,1,1,ROCKET,0.0,1.0,0.0,0.0,0.0
10840,0,0,ROCKET,1.0,0.0,0.0,0.0,0.0
13753,2,2,ROCKET,0.0,0.0,1.0,0.0,0.0
18321,4,0,ROCKET,1.0,0.0,0.0,0.0,0.0
11503,0,0,ROCKET,1.0,0.0,0.0,0.0,0.0
13085,2,2,ROCKET,0.0,0.0,1.0,0.0,0.0
12386,2,2,ROCKET,0.0,0.0,1.0,0.0,0.0
16834,3,3,ROCKET,0.0,0.0,0.0,1.0,0.0
12742,2,2,ROCKET,0.0,0.0,1.0,0.0,0.0
11956,2,2,ROCKET,0.0,0.0,1.0,0.0,0.0
14815,1,1,ROCKET,0.0,1.0,0.0,0.0,0.0
18418,4,3,ROCKET,0.0,0.0,0.0,1.0,0.0
15137,1,1,ROCKET,0.0,1.0,0.0,0.0,0.0
17347,3,3,ROCKET,0.0,0.0,0.0,1.0,0.0
10179,0,0,ROCKET,1.0,0.0,0.0,0.0,0.0
10304,0,0,ROCKET,1.0,0.0,0.0,0.0,0.0
18165,4,3,ROCKET,0.0,0.0,0.0,1.0,0.0
12684,2,2,ROCKET,0.0,0.0,1.0,0.0,0.0
17298,3,3,ROCKET,0.0,0.0,0.0,1.0,0.0
19581,4,4,ROCKET,0.0,0.0,0.0,0.0,1.0
13792,2,2,ROCKET,0.0,0.0,1.0,0.0,0.0
17630,3,3,ROCKET,0.0,0.0,0.0,1.0,0.0
13543,2,2,ROCKET,0.0,0.0,1.0,0.0,0.0
19565,4,4,ROCKET,0.0,0.0,0.0,0.0,1.0
11278,0,0,ROCKET,1.0,0.0,0.0,0.0,0.0
13931,2,2,ROCKET,0.0,0.0,1.0,0.0,0.0
19684,4,4,ROCKET,0.0,0.0,0.0,0.0,1.0
12955,2,2,ROCKET,0.0,0.0,1.0,0.0,0.0
13365,2,2,ROCKET,0.0,0.0,1.0,0.0,0.0
13334,2,2,ROCKET,0.0,0.0,1.0,0.0,0.0
15315,1,1,ROCKET,0.0,1.0,0.0,0.0,0.0
10782,0,0,ROCKET,1.0,0.0,0.0,0.0,0.0
10584,0,3,ROCKET,0.0,0.0,0.0,1.0,0.0
18449,4,0,ROCKET,1.0,0.0,0.0,0.0,0.0
11093,0,0,ROCKET,1.0,0.0,0.0,0.0,0.0
15928,1,1,ROCKET,0.0,1.0,0.0,0.0,0.0
14724,1,1,ROCKET,0.0,1.0,0.0,0.0,0.0
19580,4,4,ROCKET,0.0,0.0,0.0,0.0,1.0
10594,0,3,ROCKET,0.0,0.0,0.0,1.0,0.0
14364,1,1,ROCKET,0.0,1.0,0.0,0.0,0.0
12305,2,2,ROCKET,0.0,0.0,1.0,0.0,0.0
13047,2,2,ROCKET,0.0,0.0,1.0,0.0,0.0
15188,1,1,ROCKET,0.0,1.0,0.0,0.0,0.0
16771,3,3,ROCKET,0.0,0.0,0.0,1.0,0.0
11300,0,0,ROCKET,1.0,0.0,0.0,0.0,0.0
19037,4,4,ROCKET,0.0,0.0,0.0,0.0,1.0
15452,1,1,ROCKET,0.0,1.0,0.0,0.0,0.0
18586,4,3,ROCKET,0.0,0.0,0.0,1.0,0.0
12047,2,2,ROCKET,0.0,0.0,1.0,0.0,0.0
16855,3,3,ROCKET,0.0,0.0,0.0,1.0,0.0
10417,0,3,ROCKET,0.0,0.0,0.0,1.0,0.0
15898,1,1,ROCKET,0.0,1.0,0.0,0.0,0.0
12350,2,2,ROCKET,0.0,0.0,1.0,0.0,0.0
19204,4,4,ROCKET,0.0,0.0,0.0,0.0,1.0
10791,0,0,ROCKET,1.0,0.0,0.0,0.0,0.0
13307,2,2,ROCKET,0.0,0.0,1.0,0.0,0.0
13594,2,2,ROCKET,0.0,0.0,1.0,0.0,0.0
17424,3,3,ROCKET,0.0,0.0,0.0,1.0,0.0
15856,1,1,ROCKET,0.0,1.0,0.0,0.0,0.0
16655,3,3,ROCKET,0.0,0.0,0.0,1.0,0.0
13439,2,2,ROCKET,0.0,0.0,1.0,0.0,0.0
17831,3,3,ROCKET,0.0,0.0,0.0,1.0,0.0
13898,2,2,ROCKET,0.0,0.0,1.0,0.0,0.0
16838,3,3,ROCKET,0.0,0.0,0.0,1.0,0.0
12657,2,2,ROCKET,0.0,0.0,1.0,0.0,0.0
13838,2,2,ROCKET,0.0,0.0,1.0,0.0,0.0
15270,1,1,ROCKET,0.0,1.0,0.0,0.0,0.0
10404,0,1,ROCKET,0.0,1.0,0.0,0.0,0.0
16956,3,3,ROCKET,0.0,0.0,0.0,1.0,0.0
11486,0,0,ROCKET,1.0,0.0,0.0,0.0,0.0
14198,1,1,ROCKET,0.0,1.0,0.0,0.0,0.0
16940,3,3,ROCKET,0.0,0.0,0.0,1.0,0.0
11712,0,3,ROCKET,0.0,0.0,0.0,1.0,0.0
17252,3,3,ROCKET,0.0,0.0,0.0,1.0,0.0
13709,2,2,ROCKET,0.0,0.0,1.0,0.0,0.0
17317,3,3,ROCKET,0.0,0.0,0.0,1.0,0.0
15531,1,1,ROCKET,0.0,1.0,0.0,0.0,0.0
18048,4,3,ROCKET,0.0,0.0,0.0,1.0,0.0
15757,1,1,ROCKET,0.0,1.0,0.0,0.0,0.0
19047,4,4,ROCKET,0.0,0.0,0.0,0.0,1.0
15724,1,1,ROCKET,0.0,1.0,0.0,0.0,0.0
19137,4,4,ROCKET,0.0,0.0,0.0,0.0,1.0
17605,3,3,ROCKET,0.0,0.0,0.0,1.0,0.0
15279,1,1,ROCKET,0.0,1.0,0.0,0.0,0.0
19347,4,4,ROCKET,0.0,0.0,0.0,0.0,1.0
17056,3,3,ROCKET,0.0,0.0,0.0,1.0,0.0
10698,0,1,ROCKET,0.0,1.0,0.0,0.0,0.0
18751,4,4,ROCKET,0.0,0.0,0.0,0.0,1.0
11141,0,0,ROCKET,1.0,0.0,0.0,0.0,0.0
11757,0,3,ROCKET,0.0,0.0,0.0,1.0,0.0
18160,4,1,ROCKET,0.0,1.0,0.0,0.0,0.0
12724,2,2,ROCKET,0.0,0.0,1.0,0.0,0.0
12766,2,2,ROCKET,0.0,0.0,1.0,0.0,0.0
12115,2,2,ROCKET,0.0,0.0,1.0,0.0,0.0
12057,2,2,ROCKET,0.0,0.0,1.0,0.0,0.0
19181,4,4,ROCKET,0.0,0.0,0.0,0.0,1.0
17235,3,3,ROCKET,0.0,0.0,0.0,1.0,0.0
12420,2,2,ROCKET,0.0,0.0,1.0,0.0,0.0
10635,0,4,ROCKET,0.0,0.0,0.0,0.0,1.0
10598,0,4,ROCKET,0.0,0.0,0.0,0.0,1.0
10480,0,3,ROCKET,0.0,0.0,0.0,1.0,0.0
14766,1,1,ROCKET,0.0,1.0,0.0,0.0,0.0
13464,2,2,ROCKET,0.0,0.0,1.0,0.0,0.0
17722,3,3,ROCKET,0.0,0.0,0.0,1.0,0.0
14770,1,1,ROCKET,0.0,1.0,0.0,0.0,0.0
14478,1,1,ROCKET,0.0,1.0,0.0,0.0,0.0
10738,0,3,ROCKET,0.0,0.0,0.0,1.0,0.0
13579,2,2,ROCKET,0.0,0.0,1.0,0.0,0.0
16657,3,3,ROCKET,0.0,0.0,0.0,1.0,0.0
16573,3,3,ROCKET,0.0,0.0,0.0,1.0,0.0
12378,2,2,ROCKET,0.0,0.0,1.0,0.0,0.0
17592,3,3,ROCKET,0.0,0.0,0.0,1.0,0.0
11861,0,1,ROCKET,0.0,1.0,0.0,0.0,0.0
15111,1,3,ROCKET,0.0,0.0,0.0,1.0,0.0
15238,1,1,ROCKET,0.0,1.0,0.0,0.0,0.0
15722,1,1,ROCKET,0.0,1.0,0.0,0.0,0.0
13309,2,2,ROCKET,0.0,0.0,1.0,0.0,0.0
16238,3,3,ROCKET,0.0,0.0,0.0,1.0,0.0
13953,1,1,ROCKET,0.0,1.0,0.0,0.0,0.0
11802,0,0,ROCKET,1.0,0.0,0.0,0.0,0.0
13943,2,2,ROCKET,0.0,0.0,1.0,0.0,0.0
17600,3,4,ROCKET,0.0,0.0,0.0,0.0,1.0
11916,0,3,ROCKET,0.0,0.0,0.0,1.0,0.0
19881,4,4,ROCKET,0.0,0.0,0.0,0.0,1.0
11081,0,0,ROCKET,1.0,0.0,0.0,0.0,0.0
17148,3,1,ROCKET,0.0,1.0,0.0,0.0,0.0
11715,0,3,ROCKET,0.0,0.0,0.0,1.0,0.0
15677,1,3,ROCKET,0.0,0.0,0.0,1.0,0.0
11773,0,3,ROCKET,0.0,0.0,0.0,1.0,0.0
15110,1,1,ROCKET,0.0,1.0,0.0,0.0,0.0
15685,1,1,ROCKET,0.0,1.0,0.0,0.0,0.0
10122,0,0,ROCKET,1.0,0.0,0.0,0.0,0.0
18870,4,4,ROCKET,0.0,0.0,0.0,0.0,1.0
14273,1,1,ROCKET,0.0,1.0,0.0,0.0,0.0
18917,4,4,ROCKET,0.0,0.0,0.0,0.0,1.0
11017,0,0,ROCKET,1.0,0.0,0.0,0.0,0.0
17157,3,3,ROCKET,0.0,0.0,0.0,1.0,0.0
14901,1,1,ROCKET,0.0,1.0,0.0,0.0,0.0
17862,3,1,ROCKET,0.0,1.0,0.0,0.0,0.0
12626,2,2,ROCKET,0.0,0.0,1.0,0.0,0.0
10928,0,0,ROCKET,1.0,0.0,0.0,0.0,0.0
18036,4,3,ROCKET,0.0,0.0,0.0,1.0,0.0
11913,0,1,ROCKET,0.0,1.0,0.0,0.0,0.0
17087,3,1,ROCKET,0.0,1.0,0.0,0.0,0.0
15632,1,1,ROCKET,0.0,1.0,0.0,0.0,0.0
15910,1,1,ROCKET,0.0,1.0,0.0,0.0,0.0
10745,0,3,ROCKET,0.0,0.0,0.0,1.0,0.0
17369,3,3,ROCKET,0.0,0.0,0.0,1.0,0.0
14754,1,1,ROCKET,0.0,1.0,0.0,0.0,0.0
11461,0,0,ROCKET,1.0,0.0,0.0,0.0,0.0
18239,4,3,ROCKET,0.0,0.0,0.0,1.0,0.0
15296,1,1,ROCKET,0.0,1.0,0.0,0.0,0.0
13088,2,2,ROCKET,0.0,0.0,1.0,0.0,0.0
10129,0,0,ROCKET,1.0,0.0,0.0,0.0,0.0
12876,2,2,ROCKET,0.0,0.0,1.0,0.0,0.0
10160,0,0,ROCKET,1.0,0.0,0.0,0.0,0.0
12754,2,2,ROCKET,0.0,0.0,1.0,0.0,0.0
10861,0,0,ROCKET,1.0,0.0,0.0,0.0,0.0
13726,2,2,ROCKET,0.0,0.0,1.0,0.0,0.0
17929,4,0,ROCKET,1.0,0.0,0.0,0.0,0.0
18938,4,0,ROCKET,1.0,0.0,0.0,0.0,0.0
17173,3,3,ROCKET,0.0,0.0,0.0,1.0,0.0
18530,4,3,ROCKET,0.0,0.0,0.0,1.0,0.0
12508,2,2,ROCKET,0.0,0.0,1.0,0.0,0.0
18984,4,4,ROCKET,0.0,0.0,0.0,0.0,1.0
16779,3,3,ROCKET,0.0,0.0,0.0,1.0,0.0
16617,3,3,ROCKET,0.0,0.0,0.0,1.0,0.0
14444,1,1,ROCKET,0.0,1.0,0.0,0.0,0.0
16598,3,1,ROCKET,0.0,1.0,0.0,0.0,0.0
13431,2,2,ROCKET,0.0,0.0,1.0,0.0,0.0
12537,2,2,ROCKET,0.0,0.0,1.0,0.0,0.0
13531,2,2,ROCKET,0.0,0.0,1.0,0.0,0.0
18522,4,1,ROCKET,0.0,1.0,0.0,0.0,0.0
10753,0,3,ROCKET,0.0,0.0,0.0,1.0,0.0
13144,2,2,ROCKET,0.0,0.0,1.0,0.0,0.0
13235,2,2,ROCKET,0.0,0.0,1.0,0.0,0.0
17045,3,3,ROCKET,0.0,0.0,0.0,1.0,0.0
19721,4,2,ROCKET,0.0,0.0,1.0,0.0,0.0
18359,4,4,ROCKET,0.0,0.0,0.0,0.0,1.0
10317,0,0,ROCKET,1.0,0.0,0.0,0.0,0.0
11792,0,0,ROCKET,1.0,0.0,0.0,0.0,0.0
11853,0,0,ROCKET,1.0,0.0,0.0,0.0,0.0
14029,1,1,ROCKET,0.0,1.0,0.0,0.0,0.0
12984,2,2,ROCKET,0.0,0.0,1.0,0.0,0.0
16720,3,3,ROCKET,0.0,0.0,0.0,1.0,0.0
13676,2,2,ROCKET,0.0,0.0,1.0,0.0,0.0
12259,2,2,ROCKET,0.0,0.0,1.0,0.0,0.0
19382,4,4,ROCKET,0.0,0.0,0.0,0.0,1.0
13861,2,2,ROCKET,0.0,0.0,1.0,0.0,0.0
14125,1,1,ROCKET,0.0,1.0,0.0,0.0,0.0
10443,0,4,ROCKET,0.0,0.0,0.0,0.0,1.0
17810,3,3,ROCKET,0.0,0.0,0.0,1.0,0.0
18636,4,4,ROCKET,0.0,0.0,0.0,0.0,1.0
13571,2,2,ROCKET,0.0,0.0,1.0,0.0,0.0
13082,2,2,ROCKET,0.0,0.0,1.0,0.0,0.0
17258,3,3,ROCKET,0.0,0.0,0.0,1.0,0.0
10621,0,3,ROCKET,0.0,0.0,0.0,1.0,0.0
18733,4,4,ROCKET,0.0,0.0,0.0,0.0,1.0
9998,0,4,ROCKET,0.0,0.0,0.0,0.0,1.0
18012,4,0,ROCKET,1.0,0.0,0.0,0.0,0.0
16587,3,1,ROCKET,0.0,1.0,0.0,0.0,0.0
12608,2,2,ROCKET,0.0,0.0,1.0,0.0,0.0
14195,1,1,ROCKET,0.0,1.0,0.0,0.0,0.0
18225,4,3,ROCKET,0.0,0.0,0.0,1.0,0.0
16812,3,3,ROCKET,0.0,0.0,0.0,1.0,0.0
16052,3,3,ROCKET,0.0,0.0,0.0,1.0,0.0
17458,3,3,ROCKET,0.0,0.0,0.0,1.0,0.0
15666,1,1,ROCKET,0.0,1.0,0.0,0.0,0.0
17789,3,3,ROCKET,0.0,0.0,0.0,1.0,0.0
17441,3,3,ROCKET,0.0,0.0,0.0,1.0,0.0
15359,1,1,ROCKET,0.0,1.0,0.0,0.0,0.0
15109,1,1,ROCKET,0.0,1.0,0.0,0.0,0.0
15605,1,1,ROCKET,0.0,1.0,0.0,0.0,0.0
19166,4,4,ROCKET,0.0,0.0,0.0,0.0,1.0
15606,1,1,ROCKET,0.0,1.0,0.0,0.0,0.0
13814,2,2,ROCKET,0.0,0.0,1.0,0.0,0.0
14456,1,1,ROCKET,0.0,1.0,0.0,0.0,0.0
14712,1,1,ROCKET,0.0,1.0,0.0,0.0,0.0
15610,1,1,ROCKET,0.0,1.0,0.0,0.0,0.0
16404,3,1,ROCKET,0.0,1.0,0.0,0.0,0.0
17502,3,3,ROCKET,0.0,0.0,0.0,1.0,0.0
13121,2,2,ROCKET,0.0,0.0,1.0,0.0,0.0
19374,4,2,ROCKET,0.0,0.0,1.0,0.0,0.0
12767,2,2,ROCKET,0.0,0.0,1.0,0.0,0.0
14090,1,1,ROCKET,0.0,1.0,0.0,0.0,0.0
12281,2,2,ROCKET,0.0,0.0,1.0,0.0,0.0
13024,2,2,ROCKET,0.0,0.0,1.0,0.0,0.0
17717,3,3,ROCKET,0.0,0.0,0.0,1.0,0.0
13223,2,2,ROCKET,0.0,0.0,1.0,0.0,0.0
10946,0,0,ROCKET,1.0,0.0,0.0,0.0,0.0
18267,4,3,ROCKET,0.0,0.0,0.0,1.0,0.0
10530,0,1,ROCKET,0.0,1.0,0.0,0.0,0.0
14965,1,1,ROCKET,0.0,1.0,0.0,0.0,0.0
14162,1,1,ROCKET,0.0,1.0,0.0,0.0,0.0
19698,4,4,ROCKET,0.0,0.0,0.0,0.0,1.0
15692,1,1,ROCKET,0.0,1.0,0.0,0.0,0.0
14136,1,1,ROCKET,0.0,1.0,0.0,0.0,0.0
18154,4,0,ROCKET,1.0,0.0,0.0,0.0,0.0
11441,0,0,ROCKET,1.0,0.0,0.0,0.0,0.0
13351,2,2,ROCKET,0.0,0.0,1.0,0.0,0.0
10018,0,0,ROCKET,1.0,0.0,0.0,0.0,0.0
17227,3,3,ROCKET,0.0,0.0,0.0,1.0,0.0
15915,1,1,ROCKET,0.0,1.0,0.0,0.0,0.0
18389,4,3,ROCKET,0.0,0.0,0.0,1.0,0.0
10711,0,0,ROCKET,1.0,0.0,0.0,0.0,0.0
13486,2,2,ROCKET,0.0,0.0,1.0,0.0,0.0
12575,2,2,ROCKET,0.0,0.0,1.0,0.0,0.0
13597,2,2,ROCKET,0.0,0.0,1.0,0.0,0.0
17296,3,3,ROCKET,0.0,0.0,0.0,1.0,0.0
12442,2,2,ROCKET,0.0,0.0,1.0,0.0,0.0
14746,1,1,ROCKET,0.0,1.0,0.0,0.0,0.0
10291,0,0,ROCKET,1.0,0.0,0.0,0.0,0.0
18953,4,4,ROCKET,0.0,0.0,0.0,0.0,1.0
15454,1,1,ROCKET,0.0,1.0,0.0,0.0,0.0
19902,4,0,ROCKET,1.0,0.0,0.0,0.0,0.0
18679,4,4,ROCKET,0.0,0.0,0.0,0.0,1.0
15126,1,1,ROCKET,0.0,1.0,0.0,0.0,0.0
19340,4,4,ROCKET,0.0,0.0,0.0,0.0,1.0
18021,4,0,ROCKET,1.0,0.0,0.0,0.0,0.0
11482,0,0,ROCKET,1.0,0.0,0.0,0.0,0.0
13939,2,2,ROCKET,0.0,0.0,1.0,0.0,0.0
10717,0,3,ROCKET,0.0,0.0,0.0,1.0,0.0
11387,0,0,ROCKET,1.0,0.0,0.0,0.0,0.0
11941,0,1,ROCKET,0.0,1.0,0.0,0.0,0.0
19905,4,4,ROCKET,0.0,0.0,0.0,0.0,1.0
12357,2,2,ROCKET,0.0,0.0,1.0,0.0,0.0
19538,4,4,ROCKET,0.0,0.0,0.0,0.0,1.0
18447,4,3,ROCKET,0.0,0.0,0.0,1.0,0.0
19677,4,4,ROCKET,0.0,0.0,0.0,0.0,1.0
11342,0,0,ROCKET,1.0,0.0,0.0,0.0,0.0
16724,3,3,ROCKET,0.0,0.0,0.0,1.0,0.0
19705,4,4,ROCKET,0.0,0.0,0.0,0.0,1.0
15073,1,1,ROCKET,0.0,1.0,0.0,0.0,0.0
12196,2,2,ROCKET,0.0,0.0,1.0,0.0,0.0
12550,2,2,ROCKET,0.0,0.0,1.0,0.0,0.0
11339,0,0,ROCKET,1.0,0.0,0.0,0.0,0.0
14071,1,1,ROCKET,0.0,1.0,0.0,0.0,0.0
15860,1,1,ROCKET,0.0,1.0,0.0,0.0,0.0
12952,2,3,ROCKET,0.0,0.0,0.0,1.0,0.0
14185,1,1,ROCKET,0.0,1.0,0.0,0.0,0.0
12101,2,2,ROCKET,0.0,0.0,1.0,0.0,0.0
19682,4,4,ROCKET,0.0,0.0,0.0,0.0,1.0
17360,3,3,ROCKET,0.0,0.0,0.0,1.0,0.0
10423,0,3,ROCKET,0.0,0.0,0.0,1.0,0.0
15062,1,1,ROCKET,0.0,1.0,0.0,0.0,0.0
15571,1,1,ROCKET,0.0,1.0,0.0,0.0,0.0
19017,4,4,ROCKET,0.0,0.0,0.0,0.0,1.0
11854,0,3,ROCKET,0.0,0.0,0.0,1.0,0.0
10167,0,0,ROCKET,1.0,0.0,0.0,0.0,0.0
12916,2,2,ROCKET,0.0,0.0,1.0,0.0,0.0
13267,2,2,ROCKET,0.0,0.0,1.0,0.0,0.0
11155,0,0,ROCKET,1.0,0.0,0.0,0.0,0.0
12846,2,2,ROCKET,0.0,0.0,1.0,0.0,0.0
12332,2,2,ROCKET,0.0,0.0,1.0,0.0,0.0
10863,0,0,ROCKET,1.0,0.0,0.0,0.0,0.0
18732,4,4,ROCKET,0.0,0.0,0.0,0.0,1.0
13499,2,2,ROCKET,0.0,0.0,1.0,0.0,0.0
18555,4,0,ROCKET,1.0,0.0,0.0,0.0,0.0
10620,0,0,ROCKET,1.0,0.0,0.0,0.0,0.0
18926,4,4,ROCKET,0.0,0.0,0.0,0.0,1.0
17715,3,1,ROCKET,0.0,1.0,0.0,0.0,0.0
19587,4,4,ROCKET,0.0,0.0,0.0,0.0,1.0
17948,4,3,ROCKET,0.0,0.0,0.0,1.0,0.0
13142,2,2,ROCKET,0.0,0.0,1.0,0.0,0.0
17249,3,3,ROCKET,0.0,0.0,0.0,1.0,0.0
17265,3,3,ROCKET,0.0,0.0,0.0,1.0,0.0
16425,3,3,ROCKET,0.0,0.0,0.0,1.0,0.0
10722,0,3,ROCKET,0.0,0.0,0.0,1.0,0.0
13855,2,3,ROCKET,0.0,0.0,0.0,1.0,0.0
19582,4,4,ROCKET,0.0,0.0,0.0,0.0,1.0
14470,1,1,ROCKET,0.0,1.0,0.0,0.0,0.0
10412,0,1,ROCKET,0.0,1.0,0.0,0.0,0.0
10074,0,0,ROCKET,1.0,0.0,0.0,0.0,0.0
10225,0,0,ROCKET,1.0,0.0,0.0,0.0,0.0
15358,1,1,ROCKET,0.0,1.0,0.0,0.0,0.0
17410,3,3,ROCKET,0.0,0.0,0.0,1.0,0.0
12462,2,2,ROCKET,0.0,0.0,1.0,0.0,0.0
18820,4,1,ROCKET,0.0,1.0,0.0,0.0,0.0
14421,1,1,ROCKET,0.0,1.0,0.0,0.0,0.0
17402,3,3,ROCKET,0.0,0.0,0.0,1.0,0.0
17915,3,0,ROCKET,1.0,0.0,0.0,0.0,0.0
14575,1,1,ROCKET,0.0,1.0,0.0,0.0,0.0
16635,3,3,ROCKET,0.0,0.0,0.0,1.0,0.0
10832,0,0,ROCKET,1.0,0.0,0.0,0.0,0.0
19850,4,4,ROCKET,0.0,0.0,0.0,0.0,1.0
19236,4,4,ROCKET,0.0,0.0,0.0,0.0,1.0
11041,0,0,ROCKET,1.0,0.0,0.0,0.0,0.0
19573,4,2,ROCKET,0.0,0.0,1.0,0.0,0.0
13740,2,2,ROCKET,0.0,0.0,1.0,0.0,0.0
15401,1,1,ROCKET,0.0,1.0,0.0,0.0,0.0
17463,3,3,ROCKET,0.0,0.0,0.0,1.0,0.0
15808,1,1,ROCKET,0.0,1.0,0.0,0.0,0.0
17391,3,3,ROCKET,0.0,0.0,0.0,1.0,0.0
11480,0,0,ROCKET,1.0,0.0,0.0,0.0,0.0
17569,3,3,ROCKET,0.0,0.0,0.0,1.0,0.0
19671,4,4,ROCKET,0.0,0.0,0.0,0.0,1.0
14556,1,1,ROCKET,0.0,1.0,0.0,0.0,0.0
15893,1,1,ROCKET,0.0,1.0,0.0,0.0,0.0
12728,2,2,ROCKET,0.0,0.0,1.0,0.0,0.0
14389,1,1,ROCKET,0.0,1.0,0.0,0.0,0.0
11213,0,0,ROCKET,1.0,0.0,0.0,0.0,0.0
11797,0,3,ROCKET,0.0,0.0,0.0,1.0,0.0
15462,1,4,ROCKET,0.0,0.0,0.0,0.0,1.0
17303,3,3,ROCKET,0.0,0.0,0.0,1.0,0.0
19861,4,4,ROCKET,0.0,0.0,0.0,0.0,1.0
16233,3,3,ROCKET,0.0,0.0,0.0,1.0,0.0
10380,0,0,ROCKET,1.0,0.0,0.0,0.0,0.0
17496,3,3,ROCKET,0.0,0.0,0.0,1.0,0.0
10872,0,0,ROCKET,1.0,0.0,0.0,0.0,0.0
16252,3,3,ROCKET,0.0,0.0,0.0,1.0,0.0
13909,2,2,ROCKET,0.0,0.0,1.0,0.0,0.0
10803,0,0,ROCKET,1.0,0.0,0.0,0.0,0.0
14548,1,1,ROCKET,0.0,1.0,0.0,0.0,0.0
10786,0,0,ROCKET,1.0,0.0,0.0,0.0,0.0
17188,3,3,ROCKET,0.0,0.0,0.0,1.0,0.0
14820,1,1,ROCKET,0.0,1.0,0.0,0.0,0.0
17161,3,3,ROCKET,0.0,0.0,0.0,1.0,0.0
17649,3,1,ROCKET,0.0,1.0,0.0,0.0,0.0
11065,0,0,ROCKET,1.0,0.0,0.0,0.0,0.0
14397,1,3,ROCKET,0.0,0.0,0.0,1.0,0.0
17972,4,3,ROCKET,0.0,0.0,0.0,1.0,0.0
12227,2,2,ROCKET,0.0,0.0,1.0,0.0,0.0
12808,2,2,ROCKET,0.0,0.0,1.0,0.0,0.0
18900,4,4,ROCKET,0.0,0.0,0.0,0.0,1.0
18390,4,3,ROCKET,0.0,0.0,0.0,1.0,0.0
13590,2,2,ROCKET,0.0,0.0,1.0,0.0,0.0
11991,2,2,ROCKET,0.0,0.0,1.0,0.0,0.0
14963,1,1,ROCKET,0.0,1.0,0.0,0.0,0.0
18007,4,4,ROCKET,0.0,0.0,0.0,0.0,1.0
15024,1,1,ROCKET,0.0,1.0,0.0,0.0,0.0
16402,3,0,ROCKET,1.0,0.0,0.0,0.0,0.0
11568,0,1,ROCKET,0.0,1.0,0.0,0.0,0.0
19231,4,0,ROCKET,1.0,0.0,0.0,0.0,0.0
17511,3,3,ROCKET,0.0,0.0,0.0,1.0,0.0
10628,0,3,ROCKET,0.0,0.0,0.0,1.0,0.0
17232,3,3,ROCKET,0.0,0.0,0.0,1.0,0.0
17993,4,3,ROCKET,0.0,0.0,0.0,1.0,0.0
16878,3,3,ROCKET,0.0,0.0,0.0,1.0,0.0
12309,2,2,ROCKET,0.0,0.0,1.0,0.0,0.0
16787,3,1,ROCKET,0.0,1.0,0.0,0.0,0.0
13312,2,2,ROCKET,0.0,0.0,1.0,0.0,0.0
11777,0,1,ROCKET,0.0,1.0,0.0,0.0,0.0
11859,0,3,ROCKET,0.0,0.0,0.0,1.0,0.0
18781,4,4,ROCKET,0.0,0.0,0.0,0.0,1.0
19735,4,4,ROCKET,0.0,0.0,0.0,0.0,1.0
19517,4,2,ROCKET,0.0,0.0,1.0,0.0,0.0
19395,4,4,ROCKET,0.0,0.0,0.0,0.0,1.0
18673,4,3,ROCKET,0.0,0.0,0.0,1.0,0.0
15925,1,1,ROCKET,0.0,1.0,0.0,0.0,0.0
12013,2,2,ROCKET,0.0,0.0,1.0,0.0,0.0
14861,1,1,ROCKET,0.0,1.0,0.0,0.0,0.0
17337,3,3,ROCKET,0.0,0.0,0.0,1.0,0.0
10227,0,0,ROCKET,1.0,0.0,0.0,0.0,0.0
15335,1,0,ROCKET,1.0,0.0,0.0,0.0,0.0
17164,3,3,ROCKET,0.0,0.0,0.0,1.0,0.0
12119,2,2,ROCKET,0.0,0.0,1.0,0.0,0.0
17765,3,3,ROCKET,0.0,0.0,0.0,1.0,0.0
13153,2,2,ROCKET,0.0,0.0,1.0,0.0,0.0
11222,0,0,ROCKET,1.0,0.0,0.0,0.0,0.0
10879,0,0,ROCKET,1.0,0.0,0.0,0.0,0.0
15472,1,3,ROCKET,0.0,0.0,0.0,1.0,0.0
10885,0,2,ROCKET,0.0,0.0,1.0,0.0,0.0
13866,2,2,ROCKET,0.0,0.0,1.0,0.0,0.0
11749,0,3,ROCKET,0.0,0.0,0.0,1.0,0.0
13347,2,3,ROCKET,0.0,0.0,0.0,1.0,0.0
12642,2,2,ROCKET,0.0,0.0,1.0,0.0,0.0
16904,3,3,ROCKET,0.0,0.0,0.0,1.0,0.0
10174,0,0,ROCKET,1.0,0.0,0.0,0.0,0.0
19199,4,3,ROCKET,0.0,0.0,0.0,1.0,0.0
14568,1,1,ROCKET,0.0,1.0,0.0,0.0,0.0
11386,0,0,ROCKET,1.0,0.0,0.0,0.0,0.0
15471,1,1,ROCKET,0.0,1.0,0.0,0.0,0.0
17566,3,0,ROCKET,1.0,0.0,0.0,0.0,0.0
11988,2,2,ROCKET,0.0,0.0,1.0,0.0,0.0
15091,1,1,ROCKET,0.0,1.0,0.0,0.0,0.0
17827,3,1,ROCKET,0.0,1.0,0.0,0.0,0.0
12381,2,2,ROCKET,0.0,0.0,1.0,0.0,0.0
18645,4,4,ROCKET,0.0,0.0,0.0,0.0,1.0
15623,1,1,ROCKET,0.0,1.0,0.0,0.0,0.0
17059,3,3,ROCKET,0.0,0.0,0.0,1.0,0.0
17648,3,3,ROCKET,0.0,0.0,0.0,1.0,0.0
10858,0,0,ROCKET,1.0,0.0,0.0,0.0,0.0
14572,1,1,ROCKET,0.0,1.0,0.0,0.0,0.0
18387,4,4,ROCKET,0.0,0.0,0.0,0.0,1.0
15292,1,1,ROCKET,0.0,1.0,0.0,0.0,0.0
15591,1,1,ROCKET,0.0,1.0,0.0,0.0,0.0
18591,4,0,ROCKET,1.0,0.0,0.0,0.0,0.0
14187,1,1,ROCKET,0.0,1.0,0.0,0.0,0.0
14940,1,1,ROCKET,0.0,1.0,0.0,0.0,0.0
19079,4,3,ROCKET,0.0,0.0,0.0,1.0,0.0
17890,3,3,ROCKET,0.0,0.0,0.0,1.0,0.0
15693,1,1,ROCKET,0.0,1.0,0.0,0.0,0.0
11173,0,0,ROCKET,1.0,0.0,0.0,0.0,0.0
12077,2,2,ROCKET,0.0,0.0,1.0,0.0,0.0
13427,2,2,ROCKET,0.0,0.0,1.0,0.0,0.0
10608,0,4,ROCKET,0.0,0.0,0.0,0.0,1.0
16420,3,3,ROCKET,0.0,0.0,0.0,1.0,0.0
15402,1,1,ROCKET,0.0,1.0,0.0,0.0,0.0
14008,1,1,ROCKET,0.0,1.0,0.0,0.0,0.0
11359,0,0,ROCKET,1.0,0.0,0.0,0.0,0.0
11958,2,2,ROCKET,0.0,0.0,1.0,0.0,0.0
17517,3,4,ROCKET,0.0,0.0,0.0,0.0,1.0
18503,4,0,ROCKET,1.0,0.0,0.0,0.0,0.0
13809,2,0,ROCKET,1.0,0.0,0.0,0.0,0.0
18400,4,0,ROCKET,1.0,0.0,0.0,0.0,0.0
12123,2,2,ROCKET,0.0,0.0,1.0,0.0,0.0
12450,2,2,ROCKET,0.0,0.0,1.0,0.0,0.0
17481,3,1,ROCKET,0.0,1.0,0.0,0.0,0.0
14849,1,1,ROCKET,0.0,1.0,0.0,0.0,0.0
18576,4,3,ROCKET,0.0,0.0,0.0,1.0,0.0
17711,3,3,ROCKET,0.0,0.0,0.0,1.0,0.0
18623,4,3,ROCKET,0.0,0.0,0.0,1.0,0.0
12456,2,2,ROCKET,0.0,0.0,1.0,0.0,0.0
18033,4,0,ROCKET,1.0,0.0,0.0,0.0,0.0
10935,0,0,ROCKET,1.0,0.0,0.0,0.0,0.0
13950,1,1,ROCKET,0.0,1.0,0.0,0.0,0.0
15265,1,1,ROCKET,0.0,1.0,0.0,0.0,0.0
11182,0,0,ROCKET,1.0,0.0,0.0,0.0,0.0
12375,2,2,ROCKET,0.0,0.0,1.0,0.0,0.0
14594,1,1,ROCKET,0.0,1.0,0.0,0.0,0.0
15783,1,1,ROCKET,0.0,1.0,0.0,0.0,0.0
10559,0,1,ROCKET,0.0,1.0,0.0,0.0,0.0
14123,1,1,ROCKET,0.0,1.0,0.0,0.0,0.0
15280,1,1,ROCKET,0.0,1.0,0.0,0.0,0.0
11129,0,0,ROCKET,1.0,0.0,0.0,0.0,0.0
17882,3,3,ROCKET,0.0,0.0,0.0,1.0,0.0
13954,1,1,ROCKET,0.0,1.0,0.0,0.0,0.0
14585,1,1,ROCKET,0.0,1.0,0.0,0.0,0.0
15205,1,1,ROCKET,0.0,1.0,0.0,0.0,0.0
16690,3,3,ROCKET,0.0,0.0,0.0,1.0,0.0
14046,1,1,ROCKET,0.0,1.0,0.0,0.0,0.0
18002,4,3,ROCKET,0.0,0.0,0.0,1.0,0.0
14750,1,1,ROCKET,0.0,1.0,0.0,0.0,0.0
19878,4,4,ROCKET,0.0,0.0,0.0,0.0,1.0
18280,4,4,ROCKET,0.0,0.0,0.0,0.0,1.0
18897,4,3,ROCKET,0.0,0.0,0.0,1.0,0.0
16605,3,3,ROCKET,0.0,0.0,0.0,1.0,0.0
12632,2,2,ROCKET,0.0,0.0,1.0,0.0,0.0
15533,1,1,ROCKET,0.0,1.0,0.0,0.0,0.0
13979,1,1,ROCKET,0.0,1.0,0.0,0.0,0.0
18124,4,0,ROCKET,1.0,0.0,0.0,0.0,0.0
12523,2,2,ROCKET,0.0,0.0,1.0,0.0,0.0
14128,1,1,ROCKET,0.0,1.0,0.0,0.0,0.0
18386,4,3,ROCKET,0.0,0.0,0.0,1.0,0.0
18916,4,3,ROCKET,0.0,0.0,0.0,1.0,0.0
15517,1,1,ROCKET,0.0,1.0,0.0,0.0,0.0
11334,0,0,ROCKET,1.0,0.0,0.0,0.0,0.0
16620,3,1,ROCKET,0.0,1.0,0.0,0.0,0.0
14902,1,1,ROCKET,0.0,1.0,0.0,0.0,0.0
15325,1,1,ROCKET,0.0,1.0,0.0,0.0,0.0
11907,0,3,ROCKET,0.0,0.0,0.0,1.0,0.0
12349,2,2,ROCKET,0.0,0.0,1.0,0.0,0.0
11466,0,0,ROCKET,1.0,0.0,0.0,0.0,0.0
14028,1,1,ROCKET,0.0,1.0,0.0,0.0,0.0
12131,2,2,ROCKET,0.0,0.0,1.0,0.0,0.0
13453,2,2,ROCKET,0.0,0.0,1.0,0.0,0.0
15100,1,1,ROCKET,0.0,1.0,0.0,0.0,0.0
10977,0,0,ROCKET,1.0,0.0,0.0,0.0,0.0
17489,3,3,ROCKET,0.0,0.0,0.0,1.0,0.0
16859,3,1,ROCKET,0.0,1.0,0.0,0.0,0.0
16702,3,3,ROCKET,0.0,0.0,0.0,1.0,0.0
13101,2,2,ROCKET,0.0,0.0,1.0,0.0,0.0
18962,4,4,ROCKET,0.0,0.0,0.0,0.0,1.0
15418,1,1,ROCKET,0.0,1.0,0.0,0.0,0.0
14038,1,1,ROCKET,0.0,1.0,0.0,0.0,0.0
12933,2,2,ROCKET,0.0,0.0,1.0,0.0,0.0
10958,0,0,ROCKET,1.0,0.0,0.0,0.0,0.0
17206,3,3,ROCKET,0.0,0.0,0.0,1.0,0.0
12974,2,2,ROCKET,0.0,0.0,1.0,0.0,0.0
17850,3,3,ROCKET,0.0,0.0,0.0,1.0,0.0
15144,1,1,ROCKET,0.0,1.0,0.0,0.0,0.0
14262,1,1,ROCKET,0.0,1.0,0.0,0.0,0.0
18157,4,3,ROCKET,0.0,0.0,0.0,1.0,0.0
18314,4,4,ROCKET,0.0,0.0,0.0,0.0,1.0
10880,0,0,ROCKET,1.0,0.0,0.0,0.0,0.0
10790,0,0,ROCKET,1.0,0.0,0.0,0.0,0.0
15687,1,1,ROCKET,0.0,1.0,0.0,0.0,0.0
15187,1,1,ROCKET,0.0,1.0,0.0,0.0,0.0
10603,0,0,ROCKET,1.0,0.0,0.0,0.0,0.0
17809,3,0,ROCKET,1.0,0.0,0.0,0.0,0.0
14659,1,1,ROCKET,0.0,1.0,0.0,0.0,0.0
11076,0,0,ROCKET,1.0,0.0,0.0,0.0,0.0
10708,0,3,ROCKET,0.0,0.0,0.0,1.0,0.0
15324,1,1,ROCKET,0.0,1.0,0.0,0.0,0.0
15080,1,1,ROCKET,0.0,1.0,0.0,0.0,0.0
17747,3,3,ROCKET,0.0,0.0,0.0,1.0,0.0
10763,0,3,ROCKET,0.0,0.0,0.0,1.0,0.0
14785,1,1,ROCKET,0.0,1.0,0.0,0.0,0.0
17631,3,3,ROCKET,0.0,0.0,0.0,1.0,0.0
17919,3,0,ROCKET,1.0,0.0,0.0,0.0,0.0
19713,4,4,ROCKET,0.0,0.0,0.0,0.0,1.0
18882,4,4,ROCKET,0.0,0.0,0.0,0.0,1.0
15379,1,1,ROCKET,0.0,1.0,0.0,0.0,0.0
13299,2,2,ROCKET,0.0,0.0,1.0,0.0,0.0
15529,1,1,ROCKET,0.0,1.0,0.0,0.0,0.0
16065,3,3,ROCKET,0.0,0.0,0.0,1.0,0.0
17588,3,3,ROCKET,0.0,0.0,0.0,1.0,0.0
18194,4,1,ROCKET,0.0,1.0,0.0,0.0,0.0
11877,0,3,ROCKET,0.0,0.0,0.0,1.0,0.0
18596,4,0,ROCKET,1.0,0.0,0.0,0.0,0.0
14991,1,1,ROCKET,0.0,1.0,0.0,0.0,0.0
13407,2,2,ROCKET,0.0,0.0,1.0,0.0,0.0
16669,3,3,ROCKET,0.0,0.0,0.0,1.0,0.0
14045,1,1,ROCKET,0.0,1.0,0.0,0.0,0.0
17257,3,3,ROCKET,0.0,0.0,0.0,1.0,0.0
14729,1,1,ROCKET,0.0,1.0,0.0,0.0,0.0
17433,3,0,ROCKET,1.0,0.0,0.0,0.0,0.0
14245,1,1,ROCKET,0.0,1.0,0.0,0.0,0.0
9993,0,0,ROCKET,1.0,0.0,0.0,0.0,0.0
14321,1,1,ROCKET,0.0,1.0,0.0,0.0,0.0
16909,3,3,ROCKET,0.0,0.0,0.0,1.0,0.0
14760,1,1,ROCKET,0.0,1.0,0.0,0.0,0.0
12698,2,2,ROCKET,0.0,0.0,1.0,0.0,0.0
10865,0,0,ROCKET,1.0,0.0,0.0,0.0,0.0
14272,1,1,ROCKET,0.0,1.0,0.0,0.0,0.0
14334,1,1,ROCKET,0.0,1.0,0.0,0.0,0.0
10470,0,3,ROCKET,0.0,0.0,0.0,1.0,0.0
18162,4,3,ROCKET,0.0,0.0,0.0,1.0,0.0
17294,3,4,ROCKET,0.0,0.0,0.0,0.0,1.0
9994,0,0,ROCKET,1.0,0.0,0.0,0.0,0.0
10012,0,0,ROCKET,1.0,0.0,0.0,0.0,0.0
18026,4,3,ROCKET,0.0,0.0,0.0,1.0,0.0
19190,4,4,ROCKET,0.0,0.0,0.0,0.0,1.0
13609,2,2,ROCKET,0.0,0.0,1.0,0.0,0.0
11841,0,3,ROCKET,0.0,0.0,0.0,1.0,0.0
14755,1,1,ROCKET,0.0,1.0,0.0,0.0,0.0
12147,2,2,ROCKET,0.0,0.0,1.0,0.0,0.0
14087,1,1,ROCKET,0.0,1.0,0.0,0.0,0.0
19175,4,3,ROCKET,0.0,0.0,0.0,1.0,0.0
13989,1,1,ROCKET,0.0,1.0,0.0,0.0,0.0
18843,4,2,ROCKET,0.0,0.0,1.0,0.0,0.0
19715,4,4,ROCKET,0.0,0.0,0.0,0.0,1.0
13053,2,2,ROCKET,0.0,0.0,1.0,0.0,0.0
15372,1,1,ROCKET,0.0,1.0,0.0,0.0,0.0
10323,0,0,ROCKET,1.0,0.0,0.0,0.0,0.0
18274,4,3,ROCKET,0.0,0.0,0.0,1.0,0.0
15909,1,1,ROCKET,0.0,1.0,0.0,0.0,0.0
12820,2,2,ROCKET,0.0,0.0,1.0,0.0,0.0
12222,2,2,ROCKET,0.0,0.0,1.0,0.0,0.0
12317,2,2,ROCKET,0.0,0.0,1.0,0.0,0.0
17020,3,3,ROCKET,0.0,0.0,0.0,1.0,0.0
18025,4,4,ROCKET,0.0,0.0,0.0,0.0,1.0
18824,4,1,ROCKET,0.0,1.0,0.0,0.0,0.0
19112,4,4,ROCKET,0.0,0.0,0.0,0.0,1.0
10934,0,0,ROCKET,1.0,0.0,0.0,0.0,0.0
11860,0,3,ROCKET,0.0,0.0,0.0,1.0,0.0
16407,3,3,ROCKET,0.0,0.0,0.0,1.0,0.0
15244,1,1,ROCKET,0.0,1.0,0.0,0.0,0.0
13140,2,2,ROCKET,0.0,0.0,1.0,0.0,0.0
10685,0,3,ROCKET,0.0,0.0,0.0,1.0,0.0
17026,3,4,ROCKET,0.0,0.0,0.0,0.0,1.0
16222,3,1,ROCKET,0.0,1.0,0.0,0.0,0.0
18919,4,4,ROCKET,0.0,0.0,0.0,0.0,1.0
13397,2,2,ROCKET,0.0,0.0,1.0,0.0,0.0
16935,3,1,ROCKET,0.0,1.0,0.0,0.0,0.0
18583,4,1,ROCKET,0.0,1.0,0.0,0.0,0.0
17172,3,3,ROCKET,0.0,0.0,0.0,1.0,0.0
16259,3,3,ROCKET,0.0,0.0,0.0,1.0,0.0
15149,1,1,ROCKET,0.0,1.0,0.0,0.0,0.0
15053,1,1,ROCKET,0.0,1.0,0.0,0.0,0.0
16566,3,4,ROCKET,0.0,0.0,0.0,0.0,1.0
19176,4,4,ROCKET,0.0,0.0,0.0,0.0,1.0
12670,2,2,ROCKET,0.0,0.0,1.0,0.0,0.0
10720,0,4,ROCKET,0.0,0.0,0.0,0.0,1.0
11035,0,0,ROCKET,1.0,0.0,0.0,0.0,0.0
12160,2,2,ROCKET,0.0,0.0,1.0,0.0,0.0
11680,0,3,ROCKET,0.0,0.0,0.0,1.0,0.0
15634,1,1,ROCKET,0.0,1.0,0.0,0.0,0.0
11803,0,1,ROCKET,0.0,1.0,0.0,0.0,0.0
12254,2,2,ROCKET,0.0,0.0,1.0,0.0,0.0
13955,1,1,ROCKET,0.0,1.0,0.0,0.0,0.0
11098,0,0,ROCKET,1.0,0.0,0.0,0.0,0.0
13078,2,2,ROCKET,0.0,0.0,1.0,0.0,0.0
18518,4,3,ROCKET,0.0,0.0,0.0,1.0,0.0
14925,1,1,ROCKET,0.0,1.0,0.0,0.0,0.0
16816,3,3,ROCKET,0.0,0.0,0.0,1.0,0.0
16895,3,3,ROCKET,0.0,0.0,0.0,1.0,0.0
14269,1,1,ROCKET,0.0,1.0,0.0,0.0,0.0
18104,4,0,ROCKET,1.0,0.0,0.0,0.0,0.0
19731,4,4,ROCKET,0.0,0.0,0.0,0.0,1.0
15311,1,1,ROCKET,0.0,1.0,0.0,0.0,0.0
19218,4,4,ROCKET,0.0,0.0,0.0,0.0,1.0
14542,1,1,ROCKET,0.0,1.0,0.0,0.0,0.0
18300,4,3,ROCKET,0.0,0.0,0.0,1.0,0.0
15778,1,1,ROCKET,0.0,1.0,0.0,0.0,0.0
11709,0,0,ROCKET,1.0,0.0,0.0,0.0,0.0
11818,0,3,ROCKET,0.0,0.0,0.0,1.0,0.0
16853,3,3,ROCKET,0.0,0.0,0.0,1.0,0.0
14401,1,3,ROCKET,0.0,0.0,0.0,1.0,0.0
13934,2,2,ROCKET,0.0,0.0,1.0,0.0,0.0
18093,4,4,ROCKET,0.0,0.0,0.0,0.0,1.0
14237,1,1,ROCKET,0.0,1.0,0.0,0.0,0.0
18013,4,3,ROCKET,0.0,0.0,0.0,1.0,0.0
18687,4,4,ROCKET,0.0,0.0,0.0,0.0,1.0
11071,0,0,ROCKET,1.0,0.0,0.0,0.0,0.0
18289,4,3,ROCKET,0.0,0.0,0.0,1.0,0.0
16215,3,0,ROCKET,1.0,0.0,0.0,0.0,0.0
12634,2,2,ROCKET,0.0,0.0,1.0,0.0,0.0
18362,4,3,ROCKET,0.0,0.0,0.0,1.0,0.0
14393,1,1,ROCKET,0.0,1.0,0.0,0.0,0.0
17183,3,3,ROCKET,0.0,0.0,0.0,1.0,0.0
16640,3,3,ROCKET,0.0,0.0,0.0,1.0,0.0
16077,3,1,ROCKET,0.0,1.0,0.0,0.0,0.0
14920,1,1,ROCKET,0.0,1.0,0.0,0.0,0.0
18937,4,4,ROCKET,0.0,0.0,0.0,0.0,1.0
18187,4,4,ROCKET,0.0,0.0,0.0,0.0,1.0
18950,4,4,ROCKET,0.0,0.0,0.0,0.0,1.0
18215,4,1,ROCKET,0.0,1.0,0.0,0.0,0.0
18417,4,0,ROCKET,1.0,0.0,0.0,0.0,0.0
11258,0,0,ROCKET,1.0,0.0,0.0,0.0,0.0
12026,2,2,ROCKET,0.0,0.0,1.0,0.0,0.0
10973,0,0,ROCKET,1.0,0.0,0.0,0.0,0.0
19110,4,4,ROCKET,0.0,0.0,0.0,0.0,1.0
12703,2,2,ROCKET,0.0,0.0,1.0,0.0,0.0
19688,4,2,ROCKET,0.0,0.0,1.0,0.0,0.0
14718,1,1,ROCKET,0.0,1.0,0.0,0.0,0.0
13205,2,2,ROCKET,0.0,0.0,1.0,0.0,0.0
11951,2,2,ROCKET,0.0,0.0,1.0,0.0,0.0
13774,2,2,ROCKET,0.0,0.0,1.0,0.0,0.0
11931,0,3,ROCKET,0.0,0.0,0.0,1.0,0.0
13635,2,2,ROCKET,0.0,0.0,1.0,0.0,0.0
14778,1,1,ROCKET,0.0,1.0,0.0,0.0,0.0
11509,0,0,ROCKET,1.0,0.0,0.0,0.0,0.0
13513,2,2,ROCKET,0.0,0.0,1.0,0.0,0.0
18110,4,3,ROCKET,0.0,0.0,0.0,1.0,0.0
14220,1,1,ROCKET,0.0,1.0,0.0,0.0,0.0
18071,4,3,ROCKET,0.0,0.0,0.0,1.0,0.0
14263,1,1,ROCKET,0.0,1.0,0.0,0.0,0.0
11604,0,3,ROCKET,0.0,0.0,0.0,1.0,0.0
14189,1,1,ROCKET,0.0,1.0,0.0,0.0,0.0
15832,1,1,ROCKET,0.0,1.0,0.0,0.0,0.0
10979,0,0,ROCKET,1.0,0.0,0.0,0.0,0.0
10560,0,1,ROCKET,0.0,1.0,0.0,0.0,0.0
13328,2,2,ROCKET,0.0,0.0,1.0,0.0,0.0
12022,2,2,ROCKET,0.0,0.0,1.0,0.0,0.0
12764,2,2,ROCKET,0.0,0.0,1.0,0.0,0.0
12746,2,2,ROCKET,0.0,0.0,1.0,0.0,0.0
17555,3,3,ROCKET,0.0,0.0,0.0,1.0,0.0
15883,1,1,ROCKET,0.0,1.0,0.0,0.0,0.0
14253,1,1,ROCKET,0.0,1.0,0.0,0.0,0.0
10648,0,1,ROCKET,0.0,1.0,0.0,0.0,0.0
17620,3,3,ROCKET,0.0,0.0,0.0,1.0,0.0
10576,0,3,ROCKET,0.0,0.0,0.0,1.0,0.0
13623,2,2,ROCKET,0.0,0.0,1.0,0.0,0.0
12230,2,2,ROCKET,0.0,0.0,1.0,0.0,0.0
9990,0,0,ROCKET,1.0,0.0,0.0,0.0,0.0
14883,1,1,ROCKET,0.0,1.0,0.0,0.0,0.0
13946,1,1,ROCKET,0.0,1.0,0.0,0.0,0.0
15432,1,1,ROCKET,0.0,1.0,0.0,0.0,0.0
12595,2,2,ROCKET,0.0,0.0,1.0,0.0,0.0
16102,3,3,ROCKET,0.0,0.0,0.0,1.0,0.0
16606,3,3,ROCKET,0.0,0.0,0.0,1.0,0.0
19146,4,4,ROCKET,0.0,0.0,0.0,0.0,1.0
10610,0,4,ROCKET,0.0,0.0,0.0,0.0,1.0
17401,3,3,ROCKET,0.0,0.0,0.0,1.0,0.0
10498,0,1,ROCKET,0.0,1.0,0.0,0.0,0.0
14300,1,1,ROCKET,0.0,1.0,0.0,0.0,0.0
10137,0,0,ROCKET,1.0,0.0,0.0,0.0,0.0
13972,1,1,ROCKET,0.0,1.0,0.0,0.0,0.0
11489,0,0,ROCKET,1.0,0.0,0.0,0.0,0.0
10276,0,0,ROCKET,1.0,0.0,0.0,0.0,0.0
16385,3,3,ROCKET,0.0,0.0,0.0,1.0,0.0
18262,4,3,ROCKET,0.0,0.0,0.0,1.0,0.0
15735,1,1,ROCKET,0.0,1.0,0.0,0.0,0.0
17438,3,3,ROCKET,0.0,0.0,0.0,1.0,0.0
12687,2,2,ROCKET,0.0,0.0,1.0,0.0,0.0
14293,1,1,ROCKET,0.0,1.0,0.0,0.0,0.0
12161,2,2,ROCKET,0.0,0.0,1.0,0.0,0.0
18485,4,0,ROCKET,1.0,0.0,0.0,0.0,0.0
10022,0,0,ROCKET,1.0,0.0,0.0,0.0,0.0
11595,0,3,ROCKET,0.0,0.0,0.0,1.0,0.0
13000,2,2,ROCKET,0.0,0.0,1.0,0.0,0.0
12275,2,2,ROCKET,0.0,0.0,1.0,0.0,0.0
15522,1,1,ROCKET,0.0,1.0,0.0,0.0,0.0
19569,4,4,ROCKET,0.0,0.0,0.0,0.0,1.0
12085,2,2,ROCKET,0.0,0.0,1.0,0.0,0.0
17563,3,3,ROCKET,0.0,0.0,0.0,1.0,0.0
12913,2,2,ROCKET,0.0,0.0,1.0,0.0,0.0
16409,3,3,ROCKET,0.0,0.0,0.0,1.0,0.0
15546,1,1,ROCKET,0.0,1.0,0.0,0.0,0.0
11420,0,0,ROCKET,1.0,0.0,0.0,0.0,0.0
12443,2,2,ROCKET,0.0,0.0,1.0,0.0,0.0
13926,2,2,ROCKET,0.0,0.0,1.0,0.0,0.0
17636,3,3,ROCKET,0.0,0.0,0.0,1.0,0.0
15389,1,1,ROCKET,0.0,1.0,0.0,0.0,0.0
11912,0,0,ROCKET,1.0,0.0,0.0,0.0,0.0
14190,1,1,ROCKET,0.0,1.0,0.0,0.0,0.0
17974,4,4,ROCKET,0.0,0.0,0.0,0.0,1.0
12496,2,2,ROCKET,0.0,0.0,1.0,0.0,0.0
15332,1,1,ROCKET,0.0,1.0,0.0,0.0,0.0
17415,3,3,ROCKET,0.0,0.0,0.0,1.0,0.0
13366,2,2,ROCKET,0.0,0.0,1.0,0.0,0.0
15803,1,1,ROCKET,0.0,1.0,0.0,0.0,0.0
16984,3,3,ROCKET,0.0,0.0,0.0,1.0,0.0
11239,0,0,ROCKET,1.0,0.0,0.0,0.0,0.0
16662,3,3,ROCKET,0.0,0.0,0.0,1.0,0.0
13497,2,2,ROCKET,0.0,0.0,1.0,0.0,0.0
10430,0,1,ROCKET,0.0,1.0,0.0,0.0,0.0
11825,0,0,ROCKET,1.0,0.0,0.0,0.0,0.0
19377,4,4,ROCKET,0.0,0.0,0.0,0.0,1.0
15206,1,1,ROCKET,0.0,1.0,0.0,0.0,0.0
13479,2,2,ROCKET,0.0,0.0,1.0,0.0,0.0
14206,1,1,ROCKET,0.0,1.0,0.0,0.0,0.0
12650,2,2,ROCKET,0.0,0.0,1.0,0.0,0.0
14747,1,1,ROCKET,0.0,1.0,0.0,0.0,0.0
17125,3,3,ROCKET,0.0,0.0,0.0,1.0,0.0
18173,4,3,ROCKET,0.0,0.0,0.0,1.0,0.0
16942,3,3,ROCKET,0.0,0.0,0.0,1.0,0.0
17267,3,4,ROCKET,0.0,0.0,0.0,0.0,1.0
18161,4,3,ROCKET,0.0,0.0,0.0,1.0,0.0
18987,4,0,ROCKET,1.0,0.0,0.0,0.0,0.0
10087,0,0,ROCKET,1.0,0.0,0.0,0.0,0.0
13995,1,1,ROCKET,0.0,1.0,0.0,0.0,0.0
16883,3,3,ROCKET,0.0,0.0,0.0,1.0,0.0
19723,4,4,ROCKET,0.0,0.0,0.0,0.0,1.0
19584,4,4,ROCKET,0.0,0.0,0.0,0.0,1.0
14776,1,1,ROCKET,0.0,1.0,0.0,0.0,0.0
10081,0,0,ROCKET,1.0,0.0,0.0,0.0,0.0
17102,3,3,ROCKET,0.0,0.0,0.0,1.0,0.0
18972,4,4,ROCKET,0.0,0.0,0.0,0.0,1.0
18146,4,3,ROCKET,0.0,0.0,0.0,1.0,0.0
14418,1,1,ROCKET,0.0,1.0,0.0,0.0,0.0
10886,0,0,ROCKET,1.0,0.0,0.0,0.0,0.0
18073,4,3,ROCKET,0.0,0.0,0.0,1.0,0.0
12851,2,2,ROCKET,0.0,0.0,1.0,0.0,0.0
13690,2,0,ROCKET,1.0,0.0,0.0,0.0,0.0
19149,4,4,ROCKET,0.0,0.0,0.0,0.0,1.0
14970,1,1,ROCKET,0.0,1.0,0.0,0.0,0.0
14173,1,1,ROCKET,0.0,1.0,0.0,0.0,0.0
10249,0,4,ROCKET,0.0,0.0,0.0,0.0,1.0
10683,0,0,ROCKET,1.0,0.0,0.0,0.0,0.0
18305,4,3,ROCKET,0.0,0.0,0.0,1.0,0.0
16759,3,3,ROCKET,0.0,0.0,0.0,1.0,0.0
15450,1,1,ROCKET,0.0,1.0,0.0,0.0,0.0
18947,4,4,ROCKET,0.0,0.0,0.0,0.0,1.0
10303,0,0,ROCKET,1.0,0.0,0.0,0.0,0.0
18557,4,3,ROCKET,0.0,0.0,0.0,1.0,0.0
15246,1,1,ROCKET,0.0,1.0,0.0,0.0,0.0
17817,3,0,ROCKET,1.0,0.0,0.0,0.0,0.0
15656,1,4,ROCKET,0.0,0.0,0.0,0.0,1.0
16248,3,3,ROCKET,0.0,0.0,0.0,1.0,0.0
16103,3,0,ROCKET,1.0,0.0,0.0,0.0,0.0
19372,4,4,ROCKET,0.0,0.0,0.0,0.0,1.0
19180,4,4,ROCKET,0.0,0.0,0.0,0.0,1.0
12355,2,2,ROCKET,0.0,0.0,1.0,0.0,0.0
10558,0,3,ROCKET,0.0,0.0,0.0,1.0,0.0
13202,2,2,ROCKET,0.0,0.0,1.0,0.0,0.0
12528,2,2,ROCKET,0.0,0.0,1.0,0.0,0.0
14607,1,1,ROCKET,0.0,1.0,0.0,0.0,0.0
13684,2,2,ROCKET,0.0,0.0,1.0,0.0,0.0
11625,0,3,ROCKET,0.0,0.0,0.0,1.0,0.0
10571,0,3,ROCKET,0.0,0.0,0.0,1.0,0.0
17716,3,4,ROCKET,0.0,0.0,0.0,0.0,1.0
11223,0,0,ROCKET,1.0,0.0,0.0,0.0,0.0
19532,4,4,ROCKET,0.0,0.0,0.0,0.0,1.0
17493,3,3,ROCKET,0.0,0.0,0.0,1.0,0.0
11944,0,3,ROCKET,0.0,0.0,0.0,1.0,0.0
13632,2,2,ROCKET,0.0,0.0,1.0,0.0,0.0
18063,4,3,ROCKET,0.0,0.0,0.0,1.0,0.0
10143,0,3,ROCKET,0.0,0.0,0.0,1.0,0.0
12032,2,2,ROCKET,0.0,0.0,1.0,0.0,0.0
15905,1,1,ROCKET,0.0,1.0,0.0,0.0,0.0
10356,0,0,ROCKET,1.0,0.0,0.0,0.0,0.0
16943,3,3,ROCKET,0.0,0.0,0.0,1.0,0.0
12302,2,2,ROCKET,0.0,0.0,1.0,0.0,0.0
12052,2,2,ROCKET,0.0,0.0,1.0,0.0,0.0
11011,0,0,ROCKET,1.0,0.0,0.0,0.0,0.0
19150,4,3,ROCKET,0.0,0.0,0.0,1.0,0.0
12737,2,2,ROCKET,0.0,0.0,1.0,0.0,0.0
11426,0,0,ROCKET,1.0,0.0,0.0,0.0,0.0
12279,2,2,ROCKET,0.0,0.0,1.0,0.0,0.0
10568,0,3,ROCKET,0.0,0.0,0.0,1.0,0.0
11343,0,0,ROCKET,1.0,0.0,0.0,0.0,0.0
11389,0,0,ROCKET,1.0,0.0,0.0,0.0,0.0
11815,0,0,ROCKET,1.0,0.0,0.0,0.0,0.0
19402,4,4,ROCKET,0.0,0.0,0.0,0.0,1.0
11677,0,3,ROCKET,0.0,0.0,0.0,1.0,0.0
15458,1,1,ROCKET,0.0,1.0,0.0,0.0,0.0
10495,0,4,ROCKET,0.0,0.0,0.0,0.0,1.0
15516,1,1,ROCKET,0.0,1.0,0.0,0.0,0.0
11311,0,0,ROCKET,1.0,0.0,0.0,0.0,0.0
13641,2,0,ROCKET,1.0,0.0,0.0,0.0,0.0
12220,2,2,ROCKET,0.0,0.0,1.0,0.0,0.0
12839,2,2,ROCKET,0.0,0.0,1.0,0.0,0.0
18457,4,0,ROCKET,1.0,0.0,0.0,0.0,0.0
10510,0,4,ROCKET,0.0,0.0,0.0,0.0,1.0
18649,4,4,ROCKET,0.0,0.0,0.0,0.0,1.0
13091,2,2,ROCKET,0.0,0.0,1.0,0.0,0.0
18472,4,3,ROCKET,0.0,0.0,0.0,1.0,0.0
10188,0,0,ROCKET,1.0,0.0,0.0,0.0,0.0
15711,1,1,ROCKET,0.0,1.0,0.0,0.0,0.0
10128,0,0,ROCKET,1.0,0.0,0.0,0.0,0.0
17243,3,3,ROCKET,0.0,0.0,0.0,1.0,0.0
18075,4,4,ROCKET,0.0,0.0,0.0,0.0,1.0
19570,4,4,ROCKET,0.0,0.0,0.0,0.0,1.0
11381,0,0,ROCKET,1.0,0.0,0.0,0.0,0.0
10701,0,3,ROCKET,0.0,0.0,0.0,1.0,0.0
17213,3,3,ROCKET,0.0,0.0,0.0,1.0,0.0
13306,2,2,ROCKET,0.0,0.0,1.0,0.0,0.0
13808,2,2,ROCKET,0.0,0.0,1.0,0.0,0.0
17853,3,3,ROCKET,0.0,0.0,0.0,1.0,0.0
19186,4,3,ROCKET,0.0,0.0,0.0,1.0,0.0
15798,1,1,ROCKET,0.0,1.0,0.0,0.0,0.0
15746,1,1,ROCKET,0.0,1.0,0.0,0.0,0.0
12881,2,2,ROCKET,0.0,0.0,1.0,0.0,0.0
16869,3,3,ROCKET,0.0,0.0,0.0,1.0,0.0
18201,4,0,ROCKET,1.0,0.0,0.0,0.0,0.0
18011,4,3,ROCKET,0.0,0.0,0.0,1.0,0.0
10009,0,0,ROCKET,1.0,0.0,0.0,0.0,0.0
14295,1,1,ROCKET,0.0,1.0,0.0,0.0,0.0
15792,1,1,ROCKET,0.0,1.0,0.0,0.0,0.0
15611,1,1,ROCKET,0.0,1.0,0.0,0.0,0.0
14703,1,3,ROCKET,0.0,0.0,0.0,1.0,0.0
14753,1,1,ROCKET,0.0,1.0,0.0,0.0,0.0
11698,0,1,ROCKET,0.0,1.0,0.0,0.0,0.0
11555,0,0,ROCKET,1.0,0.0,0.0,0.0,0.0
17902,3,1,ROCKET,0.0,1.0,0.0,0.0,0.0
10061,0,0,ROCKET,1.0,0.0,0.0,0.0,0.0
18764,4,4,ROCKET,0.0,0.0,0.0,0.0,1.0
13811,2,2,ROCKET,0.0,0.0,1.0,0.0,0.0
17377,3,3,ROCKET,0.0,0.0,0.0,1.0,0.0
12225,2,2,ROCKET,0.0,0.0,1.0,0.0,0.0
18582,4,1,ROCKET,0.0,1.0,0.0,0.0,0.0
17334,3,0,ROCKET,1.0,0.0,0.0,0.0,0.0
17442,3,1,ROCKET,0.0,1.0,0.0,0.0,0.0
14153,1,1,ROCKET,0.0,1.0,0.0,0.0,0.0
19530,4,2,ROCKET,0.0,0.0,1.0,0.0,0.0
13096,2,2,ROCKET,0.0,0.0,1.0,0.0,0.0
11873,0,3,ROCKET,0.0,0.0,0.0,1.0,0.0
19837,4,0,ROCKET,1.0,0.0,0.0,0.0,0.0
12129,2,2,ROCKET,0.0,0.0,1.0,0.0,0.0
12428,2,2,ROCKET,0.0,0.0,1.0,0.0,0.0
11113,0,0,ROCKET,1.0,0.0,0.0,0.0,0.0
11384,0,0,ROCKET,1.0,0.0,0.0,0.0,0.0
16551,3,3,ROCKET,0.0,0.0,0.0,1.0,0.0
11497,0,0,ROCKET,1.0,0.0,0.0,0.0,0.0
14461,1,1,ROCKET,0.0,1.0,0.0,0.0,0.0
14343,1,1,ROCKET,0.0,1.0,0.0,0.0,0.0
15785,1,1,ROCKET,0.0,1.0,0.0,0.0,0.0
16808,3,3,ROCKET,0.0,0.0,0.0,1.0,0.0
15048,1,1,ROCKET,0.0,1.0,0.0,0.0,0.0
13239,2,2,ROCKET,0.0,0.0,1.0,0.0,0.0
11431,0,0,ROCKET,1.0,0.0,0.0,0.0,0.0
10389,0,3,ROCKET,0.0,0.0,0.0,1.0,0.0
17169,3,1,ROCKET,0.0,1.0,0.0,0.0,0.0
17820,3,3,ROCKET,0.0,0.0,0.0,1.0,0.0
16968,3,1,ROCKET,0.0,1.0,0.0,0.0,0.0
10144,0,3,ROCKET,0.0,0.0,0.0,1.0,0.0
12991,2,2,ROCKET,0.0,0.0,1.0,0.0,0.0
19210,4,4,ROCKET,0.0,0.0,0.0,0.0,1.0
11897,0,3,ROCKET,0.0,0.0,0.0,1.0,0.0
11327,0,0,ROCKET,1.0,0.0,0.0,0.0,0.0
15029,1,1,ROCKET,0.0,1.0,0.0,0.0,0.0
18062,4,4,ROCKET,0.0,0.0,0.0,0.0,1.0
16766,3,3,ROCKET,0.0,0.0,0.0,1.0,0.0
17751,3,3,ROCKET,0.0,0.0,0.0,1.0,0.0
13509,2,2,ROCKET,0.0,0.0,1.0,0.0,0.0
12238,2,2,ROCKET,0.0,0.0,1.0,0.0,0.0
18373,4,4,ROCKET,0.0,0.0,0.0,0.0,1.0
13234,2,2,ROCKET,0.0,0.0,1.0,0.0,0.0
10848,0,0,ROCKET,1.0,0.0,0.0,0.0,0.0
16590,3,1,ROCKET,0.0,1.0,0.0,0.0,0.0
17982,4,3,ROCKET,0.0,0.0,0.0,1.0,0.0
13879,2,2,ROCKET,0.0,0.0,1.0,0.0,0.0
18796,4,4,ROCKET,0.0,0.0,0.0,0.0,1.0
18762,4,4,ROCKET,0.0,0.0,0.0,0.0,1.0
10296,0,0,ROCKET,1.0,0.0,0.0,0.0,0.0
13255,2,2,ROCKET,0.0,0.0,1.0,0.0,0.0
10395,0,3,ROCKET,0.0,0.0,0.0,1.0,0.0
10949,0,0,ROCKET,1.0,0.0,0.0,0.0,0.0
14492,1,1,ROCKET,0.0,1.0,0.0,0.0,0.0
17022,3,3,ROCKET,0.0,0.0,0.0,1.0,0.0
11000,0,0,ROCKET,1.0,0.0,0.0,0.0,0.0
15900,1,1,ROCKET,0.0,1.0,0.0,0.0,0.0
18750,4,3,ROCKET,0.0,0.0,0.0,1.0,0.0
12899,2,2,ROCKET,0.0,0.0,1.0,0.0,0.0
12080,2,2,ROCKET,0.0,0.0,1.0,0.0,0.0
18952,4,3,ROCKET,0.0,0.0,0.0,1.0,0.0
17625,3,3,ROCKET,0.0,0.0,0.0,1.0,0.0
18376,4,0,ROCKET,1.0,0.0,0.0,0.0,0.0
11683,0,4,ROCKET,0.0,0.0,0.0,0.0,1.0
17453,3,3,ROCKET,0.0,0.0,0.0,1.0,0.0
16999,3,3,ROCKET,0.0,0.0,0.0,1.0,0.0
17146,3,3,ROCKET,0.0,0.0,0.0,1.0,0.0
17807,3,3,ROCKET,0.0,0.0,0.0,1.0,0.0
15800,1,1,ROCKET,0.0,1.0,0.0,0.0,0.0
19675,4,4,ROCKET,0.0,0.0,0.0,0.0,1.0
15734,1,1,ROCKET,0.0,1.0,0.0,0.0,0.0
14927,1,1,ROCKET,0.0,1.0,0.0,0.0,0.0
10468,0,0,ROCKET,1.0,0.0,0.0,0.0,0.0
14442,1,1,ROCKET,0.0,1.0,0.0,0.0,0.0
10476,0,0,ROCKET,1.0,0.0,0.0,0.0,0.0
10089,0,4,ROCKET,0.0,0.0,0.0,0.0,1.0
15211,1,1,ROCKET,0.0,1.0,0.0,0.0,0.0
17689,3,3,ROCKET,0.0,0.0,0.0,1.0,0.0
12972,2,2,ROCKET,0.0,0.0,1.0,0.0,0.0
16066,3,3,ROCKET,0.0,0.0,0.0,1.0,0.0
14419,1,1,ROCKET,0.0,1.0,0.0,0.0,0.0
14745,1,3,ROCKET,0.0,0.0,0.0,1.0,0.0
15417,1,1,ROCKET,0.0,1.0,0.0,0.0,0.0
17467,3,3,ROCKET,0.0,0.0,0.0,1.0,0.0
15420,1,1,ROCKET,0.0,1.0,0.0,0.0,0.0
14113,1,1,ROCKET,0.0,1.0,0.0,0.0,0.0
13472,2,2,ROCKET,0.0,0.0,1.0,0.0,0.0
12699,2,2,ROCKET,0.0,0.0,1.0,0.0,0.0
18956,4,4,ROCKET,0.0,0.0,0.0,0.0,1.0
12733,2,2,ROCKET,0.0,0.0,1.0,0.0,0.0
16678,3,3,ROCKET,0.0,0.0,0.0,1.0,0.0
14175,1,1,ROCKET,0.0,1.0,0.0,0.0,0.0
14733,1,1,ROCKET,0.0,1.0,0.0,0.0,0.0
12856,2,2,ROCKET,0.0,0.0,1.0,0.0,0.0
13282,2,2,ROCKET,0.0,0.0,1.0,0.0,0.0
19507,4,2,ROCKET,0.0,0.0,1.0,0.0,0.0
17083,3,3,ROCKET,0.0,0.0,0.0,1.0,0.0
19853,4,4,ROCKET,0.0,0.0,0.0,0.0,1.0
19054,4,4,ROCKET,0.0,0.0,0.0,0.0,1.0
14004,1,1,ROCKET,0.0,1.0,0.0,0.0,0.0
14571,1,1,ROCKET,0.0,1.0,0.0,0.0,0.0
17712,3,3,ROCKET,0.0,0.0,0.0,1.0,0.0
19540,4,4,ROCKET,0.0,0.0,0.0,0.0,1.0
17287,3,3,ROCKET,0.0,0.0,0.0,1.0,0.0
11044,0,0,ROCKET,1.0,0.0,0.0,0.0,0.0
18463,4,3,ROCKET,0.0,0.0,0.0,1.0,0.0
15020,1,1,ROCKET,0.0,1.0,0.0,0.0,0.0
17573,3,3,ROCKET,0.0,0.0,0.0,1.0,0.0
13224,2,2,ROCKET,0.0,0.0,1.0,0.0,0.0
10199,0,0,ROCKET,1.0,0.0,0.0,0.0,0.0
12368,2,2,ROCKET,0.0,0.0,1.0,0.0,0.0
17709,3,3,ROCKET,0.0,0.0,0.0,1.0,0.0
11554,0,0,ROCKET,1.0,0.0,0.0,0.0,0.0
10355,0,0,ROCKET,1.0,0.0,0.0,0.0,0.0
18725,4,4,ROCKET,0.0,0.0,0.0,0.0,1.0
13482,2,2,ROCKET,0.0,0.0,1.0,0.0,0.0
19855,4,4,ROCKET,0.0,0.0,0.0,0.0,1.0
15652,1,1,ROCKET,0.0,1.0,0.0,0.0,0.0
15007,1,1,ROCKET,0.0,1.0,0.0,0.0,0.0
17286,3,3,ROCKET,0.0,0.0,0.0,1.0,0.0
10675,0,3,ROCKET,0.0,0.0,0.0,1.0,0.0
15051,1,3,ROCKET,0.0,0.0,0.0,1.0,0.0
14116,1,1,ROCKET,0.0,1.0,0.0,0.0,0.0
11539,0,0,ROCKET,1.0,0.0,0.0,0.0,0.0
18292,4,3,ROCKET,0.0,0.0,0.0,1.0,0.0
10346,0,0,ROCKET,1.0,0.0,0.0,0.0,0.0
11928,0,1,ROCKET,0.0,1.0,0.0,0.0,0.0
11026,0,0,ROCKET,1.0,0.0,0.0,0.0,0.0
11297,0,0,ROCKET,1.0,0.0,0.0,0.0,0.0
17859,3,3,ROCKET,0.0,0.0,0.0,1.0,0.0
19718,4,4,ROCKET,0.0,0.0,0.0,0.0,1.0
17785,3,0,ROCKET,1.0,0.0,0.0,0.0,0.0
19364,4,4,ROCKET,0.0,0.0,0.0,0.0,1.0
19151,4,3,ROCKET,0.0,0.0,0.0,1.0,0.0
10479,0,4,ROCKET,0.0,0.0,0.0,0.0,1.0
13455,2,2,ROCKET,0.0,0.0,1.0,0.0,0.0
13241,2,2,ROCKET,0.0,0.0,1.0,0.0,0.0
13446,2,2,ROCKET,0.0,0.0,1.0,0.0,0.0
16765,3,3,ROCKET,0.0,0.0,0.0,1.0,0.0
11299,0,0,ROCKET,1.0,0.0,0.0,0.0,0.0
19725,4,2,ROCKET,0.0,0.0,1.0,0.0,0.0
18072,4,0,ROCKET,1.0,0.0,0.0,0.0,0.0
10184,0,0,ROCKET,1.0,0.0,0.0,0.0,0.0
12448,2,2,ROCKET,0.0,0.0,1.0,0.0,0.0
14839,1,1,ROCKET,0.0,1.0,0.0,0.0,0.0
13237,2,2,ROCKET,0.0,0.0,1.0,0.0,0.0
14950,1,1,ROCKET,0.0,1.0,0.0,0.0,0.0
17819,3,1,ROCKET,0.0,1.0,0.0,0.0,0.0
18319,4,3,ROCKET,0.0,0.0,0.0,1.0,0.0
14823,1,1,ROCKET,0.0,1.0,0.0,0.0,0.0
11506,0,0,ROCKET,1.0,0.0,0.0,0.0,0.0
12513,2,2,ROCKET,0.0,0.0,1.0,0.0,0.0
19579,4,4,ROCKET,0.0,0.0,0.0,0.0,1.0
15236,1,3,ROCKET,0.0,0.0,0.0,1.0,0.0
13250,2,2,ROCKET,0.0,0.0,1.0,0.0,0.0
13960,1,1,ROCKET,0.0,1.0,0.0,0.0,0.0
12683,2,2,ROCKET,0.0,0.0,1.0,0.0,0.0
13771,2,2,ROCKET,0.0,0.0,1.0,0.0,0.0
11216,0,0,ROCKET,1.0,0.0,0.0,0.0,0.0
17065,3,3,ROCKET,0.0,0.0,0.0,1.0,0.0
11240,0,0,ROCKET,1.0,0.0,0.0,0.0,0.0
13607,2,2,ROCKET,0.0,0.0,1.0,0.0,0.0
13500,2,2,ROCKET,0.0,0.0,1.0,0.0,0.0
17137,3,1,ROCKET,0.0,1.0,0.0,0.0,0.0
11636,0,3,ROCKET,0.0,0.0,0.0,1.0,0.0
15416,1,1,ROCKET,0.0,1.0,0.0,0.0,0.0
11295,0,0,ROCKET,1.0,0.0,0.0,0.0,0.0
14248,1,1,ROCKET,0.0,1.0,0.0,0.0,0.0
13618,2,3,ROCKET,0.0,0.0,0.0,1.0,0.0
10000,0,0,ROCKET,1.0,0.0,0.0,0.0,0.0
12474,2,2,ROCKET,0.0,0.0,1.0,0.0,0.0
18515,4,3,ROCKET,0.0,0.0,0.0,1.0,0.0
12951,2,2,ROCKET,0.0,0.0,1.0,0.0,0.0
10224,0,0,ROCKET,1.0,0.0,0.0,0.0,0.0
19891,4,4,ROCKET,0.0,0.0,0.0,0.0,1.0
12588,2,2,ROCKET,0.0,0.0,1.0,0.0,0.0
15122,1,3,ROCKET,0.0,0.0,0.0,1.0,0.0
12202,2,2,ROCKET,0.0,0.0,1.0,0.0,0.0
16563,3,3,ROCKET,0.0,0.0,0.0,1.0,0.0
11196,0,0,ROCKET,1.0,0.0,0.0,0.0,0.0
12270,2,2,ROCKET,0.0,0.0,1.0,0.0,0.0
16844,3,3,ROCKET,0.0,0.0,0.0,1.0,0.0
15082,1,1,ROCKET,0.0,1.0,0.0,0.0,0.0
13615,2,2,ROCKET,0.0,0.0,1.0,0.0,0.0
10368,0,0,ROCKET,1.0,0.0,0.0,0.0,0.0
12963,2,2,ROCKET,0.0,0.0,1.0,0.0,0.0
12425,2,2,ROCKET,0.0,0.0,1.0,0.0,0.0
11496,0,0,ROCKET,1.0,0.0,0.0,0.0,0.0
13344,2,2,ROCKET,0.0,0.0,1.0,0.0,0.0
18266,4,3,ROCKET,0.0,0.0,0.0,1.0,0.0
14561,1,1,ROCKET,0.0,1.0,0.0,0.0,0.0
10591,0,3,ROCKET,0.0,0.0,0.0,1.0,0.0
11111,0,0,ROCKET,1.0,0.0,0.0,0.0,0.0
16235,3,3,ROCKET,0.0,0.0,0.0,1.0,0.0
18982,4,1,ROCKET,0.0,1.0,0.0,0.0,0.0
12403,2,2,ROCKET,0.0,0.0,1.0,0.0,0.0
18233,4,3,ROCKET,0.0,0.0,0.0,1.0,0.0
13846,2,2,ROCKET,0.0,0.0,1.0,0.0,0.0
11580,0,0,ROCKET,1.0,0.0,0.0,0.0,0.0
19251,4,4,ROCKET,0.0,0.0,0.0,0.0,1.0
10647,0,1,ROCKET,0.0,1.0,0.0,0.0,0.0
15763,1,1,ROCKET,0.0,1.0,0.0,0.0,0.0
15572,1,4,ROCKET,0.0,0.0,0.0,0.0,1.0
17638,3,3,ROCKET,0.0,0.0,0.0,1.0,0.0
14350,1,1,ROCKET,0.0,1.0,0.0,0.0,0.0
13139,2,2,ROCKET,0.0,0.0,1.0,0.0,0.0
15281,1,1,ROCKET,0.0,1.0,0.0,0.0,0.0
19739,4,4,ROCKET,0.0,0.0,0.0,0.0,1.0
18608,4,3,ROCKET,0.0,0.0,0.0,1.0,0.0
19358,4,4,ROCKET,0.0,0.0,0.0,0.0,1.0
11980,2,2,ROCKET,0.0,0.0,1.0,0.0,0.0
16651,3,3,ROCKET,0.0,0.0,0.0,1.0,0.0
12034,2,2,ROCKET,0.0,0.0,1.0,0.0,0.0
14076,1,1,ROCKET,0.0,1.0,0.0,0.0,0.0
17558,3,3,ROCKET,0.0,0.0,0.0,1.0,0.0
11245,0,0,ROCKET,1.0,0.0,0.0,0.0,0.0
18051,4,3,ROCKET,0.0,0.0,0.0,1.0,0.0
11430,0,0,ROCKET,1.0,0.0,0.0,0.0,0.0
15467,1,1,ROCKET,0.0,1.0,0.0,0.0,0.0
10592,0,4,ROCKET,0.0,0.0,0.0,0.0,1.0
17732,3,3,ROCKET,0.0,0.0,0.0,1.0,0.0
15858,1,1,ROCKET,0.0,1.0,0.0,0.0,0.0
15157,1,1,ROCKET,0.0,1.0,0.0,0.0,0.0
10814,0,0,ROCKET,1.0,0.0,0.0,0.0,0.0
10542,0,3,ROCKET,0.0,0.0,0.0,1.0,0.0
19161,4,4,ROCKET,0.0,0.0,0.0,0.0,1.0
11714,0,3,ROCKET,0.0,0.0,0.0,1.0,0.0
15730,1,1,ROCKET,0.0,1.0,0.0,0.0,0.0
11249,0,0,ROCKET,1.0,0.0,0.0,0.0,0.0
12060,2,2,ROCKET,0.0,0.0,1.0,0.0,0.0
13192,2,2,ROCKET,0.0,0.0,1.0,0.0,0.0
16628,3,3,ROCKET,0.0,0.0,0.0,1.0,0.0
12390,2,2,ROCKET,0.0,0.0,1.0,0.0,0.0
16386,3,3,ROCKET,0.0,0.0,0.0,1.0,0.0
10429,0,3,ROCKET,0.0,0.0,0.0,1.0,0.0
12721,2,2,ROCKET,0.0,0.0,1.0,0.0,0.0
15779,1,1,ROCKET,0.0,1.0,0.0,0.0,0.0
9995,0,0,ROCKET,1.0,0.0,0.0,0.0,0.0
19073,4,3,ROCKET,0.0,0.0,0.0,1.0,0.0
14937,1,1,ROCKET,0.0,1.0,0.0,0.0,0.0
17115,3,3,ROCKET,0.0,0.0,0.0,1.0,0.0
15067,1,1,ROCKET,0.0,1.0,0.0,0.0,0.0
13981,1,1,ROCKET,0.0,1.0,0.0,0.0,0.0
15006,1,3,ROCKET,0.0,0.0,0.0,1.0,0.0
16939,3,1,ROCKET,0.0,1.0,0.0,0.0,0.0
12977,2,2,ROCKET,0.0,0.0,1.0,0.0,0.0
13707,2,2,ROCKET,0.0,0.0,1.0,0.0,0.0
13115,2,2,ROCKET,0.0,0.0,1.0,0.0,0.0
10656,0,3,ROCKET,0.0,0.0,0.0,1.0,0.0
11230,0,0,ROCKET,1.0,0.0,0.0,0.0,0.0
12250,2,2,ROCKET,0.0,0.0,1.0,0.0,0.0
13828,2,0,ROCKET,1.0,0.0,0.0,0.0,0.0
18271,4,0,ROCKET,1.0,0.0,0.0,0.0,0.0
15614,1,1,ROCKET,0.0,1.0,0.0,0.0,0.0
15258,1,1,ROCKET,0.0,1.0,0.0,0.0,0.0
19057,4,1,ROCKET,0.0,1.0,0.0,0.0,0.0
14424,1,1,ROCKET,0.0,1.0,0.0,0.0,0.0
12992,2,2,ROCKET,0.0,0.0,1.0,0.0,0.0
12544,2,2,ROCKET,0.0,0.0,1.0,0.0,0.0
11688,0,1,ROCKET,0.0,1.0,0.0,0.0,0.0
15661,1,1,ROCKET,0.0,1.0,0.0,0.0,0.0
18610,4,4,ROCKET,0.0,0.0,0.0,0.0,1.0
18567,4,3,ROCKET,0.0,0.0,0.0,1.0,0.0
12455,2,2,ROCKET,0.0,0.0,1.0,0.0,0.0
17181,3,3,ROCKET,0.0,0.0,0.0,1.0,0.0
19220,4,4,ROCKET,0.0,0.0,0.0,0.0,1.0
10596,0,1,ROCKET,0.0,1.0,0.0,0.0,0.0
15561,1,1,ROCKET,0.0,1.0,0.0,0.0,0.0
12258,2,2,ROCKET,0.0,0.0,1.0,0.0,0.0
12996,2,2,ROCKET,0.0,0.0,1.0,0.0,0.0
13242,2,2,ROCKET,0.0,0.0,1.0,0.0,0.0
10364,0,0,ROCKET,1.0,0.0,0.0,0.0,0.0
13789,2,2,ROCKET,0.0,0.0,1.0,0.0,0.0
10963,0,0,ROCKET,1.0,0.0,0.0,0.0,0.0
16241,3,3,ROCKET,0.0,0.0,0.0,1.0,0.0
19207,4,4,ROCKET,0.0,0.0,0.0,0.0,1.0
18667,4,1,ROCKET,0.0,1.0,0.0,0.0,0.0
14236,1,1,ROCKET,0.0,1.0,0.0,0.0,0.0
13067,2,2,ROCKET,0.0,0.0,1.0,0.0,0.0
11581,0,3,ROCKET,0.0,0.0,0.0,1.0,0.0
17310,3,0,ROCKET,1.0,0.0,0.0,0.0,0.0
13582,2,2,ROCKET,0.0,0.0,1.0,0.0,0.0
10190,0,0,ROCKET,1.0,0.0,0.0,0.0,0.0
17836,3,3,ROCKET,0.0,0.0,0.0,1.0,0.0
17158,3,3,ROCKET,0.0,0.0,0.0,1.0,0.0
11640,0,3,ROCKET,0.0,0.0,0.0,1.0,0.0
11321,0,0,ROCKET,1.0,0.0,0.0,0.0,0.0
10822,0,0,ROCKET,1.0,0.0,0.0,0.0,0.0
18090,4,4,ROCKET,0.0,0.0,0.0,0.0,1.0
18711,4,3,ROCKET,0.0,0.0,0.0,1.0,0.0
12297,2,2,ROCKET,0.0,0.0,1.0,0.0,0.0
17342,3,3,ROCKET,0.0,0.0,0.0,1.0,0.0
12828,2,2,ROCKET,0.0,0.0,1.0,0.0,0.0
14171,1,1,ROCKET,0.0,1.0,0.0,0.0,0.0
15585,1,4,ROCKET,0.0,0.0,0.0,0.0,1.0
11148,0,0,ROCKET,1.0,0.0,0.0,0.0,0.0
13221,2,2,ROCKET,0.0,0.0,1.0,0.0,0.0
16868,3,3,ROCKET,0.0,0.0,0.0,1.0,0.0
19068,4,4,ROCKET,0.0,0.0,0.0,0.0,1.0
11862,0,3,ROCKET,0.0,0.0,0.0,1.0,0.0
17825,3,3,ROCKET,0.0,0.0,0.0,1.0,0.0
17063,3,3,ROCKET,0.0,0.0,0.0,1.0,0.0
15173,1,1,ROCKET,0.0,1.0,0.0,0.0,0.0
13189,2,2,ROCKET,0.0,0.0,1.0,0.0,0.0
14320,1,1,ROCKET,0.0,1.0,0.0,0.0,0.0
17870,3,3,ROCKET,0.0,0.0,0.0,1.0,0.0
19916,4,0,ROCKET,1.0,0.0,0.0,0.0,0.0
14817,1,1,ROCKET,0.0,1.0,0.0,0.0,0.0
11814,0,1,ROCKET,0.0,1.0,0.0,0.0,0.0
17407,3,3,ROCKET,0.0,0.0,0.0,1.0,0.0
12064,2,2,ROCKET,0.0,0.0,1.0,0.0,0.0
17371,3,0,ROCKET,1.0,0.0,0.0,0.0,0.0
13283,2,2,ROCKET,0.0,0.0,1.0,0.0,0.0
13536,2,2,ROCKET,0.0,0.0,1.0,0.0,0.0
13881,2,2,ROCKET,0.0,0.0,1.0,0.0,0.0
15090,1,1,ROCKET,0.0,1.0,0.0,0.0,0.0
10637,0,3,ROCKET,0.0,0.0,0.0,1.0,0.0
14705,1,1,ROCKET,0.0,1.0,0.0,0.0,0.0
11963,2,2,ROCKET,0.0,0.0,1.0,0.0,0.0
15728,1,1,ROCKET,0.0,1.0,0.0,0.0,0.0
11145,0,0,ROCKET,1.0,0.0,0.0,0.0,0.0
13266,2,2,ROCKET,0.0,0.0,1.0,0.0,0.0
13292,2,2,ROCKET,0.0,0.0,1.0,0.0,0.0
10795,0,0,ROCKET,1.0,0.0,0.0,0.0,0.0
12164,2,2,ROCKET,0.0,0.0,1.0,0.0,0.0
17302,3,4,ROCKET,0.0,0.0,0.0,0.0,1.0
16924,3,3,ROCKET,0.0,0.0,0.0,1.0,0.0
14936,1,1,ROCKET,0.0,1.0,0.0,0.0,0.0
12400,2,2,ROCKET,0.0,0.0,1.0,0.0,0.0
17479,3,1,ROCKET,0.0,1.0,0.0,0.0,0.0
17075,3,3,ROCKET,0.0,0.0,0.0,1.0,0.0
17875,3,3,ROCKET,0.0,0.0,0.0,1.0,0.0
10846,0,0,ROCKET,1.0,0.0,0.0,0.0,0.0
11050,0,0,ROCKET,1.0,0.0,0.0,0.0,0.0
18597,4,4,ROCKET,0.0,0.0,0.0,0.0,1.0
17306,3,0,ROCKET,1.0,0.0,0.0,0.0,0.0
18835,4,4,ROCKET,0.0,0.0,0.0,0.0,1.0
12890,2,2,ROCKET,0.0,0.0,1.0,0.0,0.0
12940,2,2,ROCKET,0.0,0.0,1.0,0.0,0.0
13133,2,2,ROCKET,0.0,0.0,1.0,0.0,0.0
13310,2,4,ROCKET,0.0,0.0,0.0,0.0,1.0
12821,2,2,ROCKET,0.0,0.0,1.0,0.0,0.0
12388,2,2,ROCKET,0.0,0.0,1.0,0.0,0.0
17808,3,3,ROCKET,0.0,0.0,0.0,1.0,0.0
17356,3,4,ROCKET,0.0,0.0,0.0,0.0,1.0
15294,1,1,ROCKET,0.0,1.0,0.0,0.0,0.0
11673,0,0,ROCKET,1.0,0.0,0.0,0.0,0.0
15881,1,1,ROCKET,0.0,1.0,0.0,0.0,0.0
17704,3,3,ROCKET,0.0,0.0,0.0,1.0,0.0
14383,1,1,ROCKET,0.0,1.0,0.0,0.0,0.0
19004,4,3,ROCKET,0.0,0.0,0.0,1.0,0.0
13151,2,2,ROCKET,0.0,0.0,1.0,0.0,0.0
18191,4,3,ROCKET,0.0,0.0,0.0,1.0,0.0
13131,2,2,ROCKET,0.0,0.0,1.0,0.0,0.0
12930,2,2,ROCKET,0.0,0.0,1.0,0.0,0.0
11423,0,0,ROCKET,1.0,0.0,0.0,0.0,0.0
11895,0,3,ROCKET,0.0,0.0,0.0,1.0,0.0
10309,0,0,ROCKET,1.0,0.0,0.0,0.0,0.0
17094,3,3,ROCKET,0.0,0.0,0.0,1.0,0.0
15667,1,1,ROCKET,0.0,1.0,0.0,0.0,0.0
18668,4,4,ROCKET,0.0,0.0,0.0,0.0,1.0
13179,2,2,ROCKET,0.0,0.0,1.0,0.0,0.0
14897,1,1,ROCKET,0.0,1.0,0.0,0.0,0.0
17861,3,3,ROCKET,0.0,0.0,0.0,1.0,0.0
16807,3,3,ROCKET,0.0,0.0,0.0,1.0,0.0
11504,0,0,ROCKET,1.0,0.0,0.0,0.0,0.0
11132,0,0,ROCKET,1.0,0.0,0.0,0.0,0.0
11788,0,3,ROCKET,0.0,0.0,0.0,1.0,0.0
17768,3,1,ROCKET,0.0,1.0,0.0,0.0,0.0
15828,1,1,ROCKET,0.0,1.0,0.0,0.0,0.0
13442,2,0,ROCKET,1.0,0.0,0.0,0.0,0.0
14275,1,1,ROCKET,0.0,1.0,0.0,0.0,0.0
18859,4,4,ROCKET,0.0,0.0,0.0,0.0,1.0
13149,2,2,ROCKET,0.0,0.0,1.0,0.0,0.0
10736,0,3,ROCKET,0.0,0.0,0.0,1.0,0.0
13298,2,3,ROCKET,0.0,0.0,0.0,1.0,0.0
19130,4,4,ROCKET,0.0,0.0,0.0,0.0,1.0
18488,4,3,ROCKET,0.0,0.0,0.0,1.0,0.0
15578,1,4,ROCKET,0.0,0.0,0.0,0.0,1.0
10453,0,3,ROCKET,0.0,0.0,0.0,1.0,0.0
15645,1,1,ROCKET,0.0,1.0,0.0,0.0,0.0
15116,1,1,ROCKET,0.0,1.0,0.0,0.0,0.0
12758,2,2,ROCKET,0.0,0.0,1.0,0.0,0.0
19196,4,1,ROCKET,0.0,1.0,0.0,0.0,0.0
17348,3,3,ROCKET,0.0,0.0,0.0,1.0,0.0
10623,0,3,ROCKET,0.0,0.0,0.0,1.0,0.0
18705,4,0,ROCKET,1.0,0.0,0.0,0.0,0.0
17311,3,1,ROCKET,0.0,1.0,0.0,0.0,0.0
18713,4,4,ROCKET,0.0,0.0,0.0,0.0,1.0
16959,3,3,ROCKET,0.0,0.0,0.0,1.0,0.0
15934,1,1,ROCKET,0.0,1.0,0.0,0.0,0.0
16777,3,3,ROCKET,0.0,0.0,0.0,1.0,0.0
10682,0,3,ROCKET,0.0,0.0,0.0,1.0,0.0
11574,0,1,ROCKET,0.0,1.0,0.0,0.0,0.0
16227,3,3,ROCKET,0.0,0.0,0.0,1.0,0.0
13167,2,2,ROCKET,0.0,0.0,1.0,0.0,0.0
14154,1,1,ROCKET,0.0,1.0,0.0,0.0,0.0
10059,0,3,ROCKET,0.0,0.0,0.0,1.0,0.0
11405,0,0,ROCKET,1.0,0.0,0.0,0.0,0.0
15500,1,1,ROCKET,0.0,1.0,0.0,0.0,0.0
18095,4,0,ROCKET,1.0,0.0,0.0,0.0,0.0
16776,3,3,ROCKET,0.0,0.0,0.0,1.0,0.0
18622,4,4,ROCKET,0.0,0.0,0.0,0.0,1.0
11038,0,0,ROCKET,1.0,0.0,0.0,0.0,0.0
17110,3,1,ROCKET,0.0,1.0,0.0,0.0,0.0
10757,0,1,ROCKET,0.0,1.0,0.0,0.0,0.0
14093,1,1,ROCKET,0.0,1.0,0.0,0.0,0.0
10170,0,0,ROCKET,1.0,0.0,0.0,0.0,0.0
14408,1,1,ROCKET,0.0,1.0,0.0,0.0,0.0
16073,3,4,ROCKET,0.0,0.0,0.0,0.0,1.0
16680,3,2,ROCKET,0.0,0.0,1.0,0.0,0.0
14887,1,1,ROCKET,0.0,1.0,0.0,0.0,0.0
18602,4,3,ROCKET,0.0,0.0,0.0,1.0,0.0
17079,3,3,ROCKET,0.0,0.0,0.0,1.0,0.0
15422,1,3,ROCKET,0.0,0.0,0.0,1.0,0.0
19513,4,4,ROCKET,0.0,0.0,0.0,0.0,1.0
17113,3,3,ROCKET,0.0,0.0,0.0,1.0,0.0
10377,0,0,ROCKET,1.0,0.0,0.0,0.0,0.0
10238,0,0,ROCKET,1.0,0.0,0.0,0.0,0.0
15032,1,1,ROCKET,0.0,1.0,0.0,0.0,0.0
14144,1,1,ROCKET,0.0,1.0,0.0,0.0,0.0
14232,1,1,ROCKET,0.0,1.0,0.0,0.0,0.0
10524,0,4,ROCKET,0.0,0.0,0.0,0.0,1.0
13762,2,2,ROCKET,0.0,0.0,1.0,0.0,0.0
17644,3,3,ROCKET,0.0,0.0,0.0,1.0,0.0
17421,3,3,ROCKET,0.0,0.0,0.0,1.0,0.0
18702,4,4,ROCKET,0.0,0.0,0.0,0.0,1.0
13339,2,2,ROCKET,0.0,0.0,1.0,0.0,0.0
19526,4,4,ROCKET,0.0,0.0,0.0,0.0,1.0
18776,4,3,ROCKET,0.0,0.0,0.0,1.0,0.0
18167,4,3,ROCKET,0.0,0.0,0.0,1.0,0.0
19101,4,3,ROCKET,0.0,0.0,0.0,1.0,0.0
14528,1,1,ROCKET,0.0,1.0,0.0,0.0,0.0
11608,0,3,ROCKET,0.0,0.0,0.0,1.0,0.0
19136,4,4,ROCKET,0.0,0.0,0.0,0.0,1.0
17182,3,3,ROCKET,0.0,0.0,0.0,1.0,0.0
13150,2,2,ROCKET,0.0,0.0,1.0,0.0,0.0
15913,1,1,ROCKET,0.0,1.0,0.0,0.0,0.0
18977,4,4,ROCKET,0.0,0.0,0.0,0.0,1.0
11447,0,0,ROCKET,1.0,0.0,0.0,0.0,0.0
16645,3,3,ROCKET,0.0,0.0,0.0,1.0,0.0
11940,0,3,ROCKET,0.0,0.0,0.0,1.0,0.0
17124,3,3,ROCKET,0.0,0.0,0.0,1.0,0.0
15183,1,1,ROCKET,0.0,1.0,0.0,0.0,0.0
12735,2,2,ROCKET,0.0,0.0,1.0,0.0,0.0
14386,1,1,ROCKET,0.0,1.0,0.0,0.0,0.0
14493,1,1,ROCKET,0.0,1.0,0.0,0.0,0.0
12219,2,2,ROCKET,0.0,0.0,1.0,0.0,0.0
15022,1,1,ROCKET,0.0,1.0,0.0,0.0,0.0
12263,2,2,ROCKET,0.0,0.0,1.0,0.0,0.0
10422,0,3,ROCKET,0.0,0.0,0.0,1.0,0.0
17894,3,3,ROCKET,0.0,0.0,0.0,1.0,0.0
12503,2,2,ROCKET,0.0,0.0,1.0,0.0,0.0
17308,3,3,ROCKET,0.0,0.0,0.0,1.0,0.0
10393,0,4,ROCKET,0.0,0.0,0.0,0.0,1.0
12529,2,2,ROCKET,0.0,0.0,1.0,0.0,0.0
13537,2,2,ROCKET,0.0,0.0,1.0,0.0,0.0
10756,0,3,ROCKET,0.0,0.0,0.0,1.0,0.0
13870,2,3,ROCKET,0.0,0.0,0.0,1.0,0.0
18332,4,3,ROCKET,0.0,0.0,0.0,1.0,0.0
11347,0,0,ROCKET,1.0,0.0,0.0,0.0,0.0
12925,2,2,ROCKET,0.0,0.0,1.0,0.0,0.0
11390,0,0,ROCKET,1.0,0.0,0.0,0.0,0.0
12053,2,2,ROCKET,0.0,0.0,1.0,0.0,0.0
17156,3,3,ROCKET,0.0,0.0,0.0,1.0,0.0
18943,4,0,ROCKET,1.0,0.0,0.0,0.0,0.0
14463,1,1,ROCKET,0.0,1.0,0.0,0.0,0.0
19388,4,0,ROCKET,1.0,0.0,0.0,0.0,0.0
12927,2,2,ROCKET,0.0,0.0,1.0,0.0,0.0
19411,4,4,ROCKET,0.0,0.0,0.0,0.0,1.0
18575,4,3,ROCKET,0.0,0.0,0.0,1.0,0.0
17114,3,3,ROCKET,0.0,0.0,0.0,1.0,0.0
10153,0,0,ROCKET,1.0,0.0,0.0,0.0,0.0
14147,1,1,ROCKET,0.0,1.0,0.0,0.0,0.0
12490,2,2,ROCKET,0.0,0.0,1.0,0.0,0.0
10280,0,0,ROCKET,1.0,0.0,0.0,0.0,0.0
13819,2,2,ROCKET,0.0,0.0,1.0,0.0,0.0
18325,4,1,ROCKET,0.0,1.0,0.0,0.0,0.0
12062,2,2,ROCKET,0.0,0.0,1.0,0.0,0.0
13670,2,2,ROCKET,0.0,0.0,1.0,0.0,0.0
18176,4,3,ROCKET,0.0,0.0,0.0,1.0,0.0
16793,3,3,ROCKET,0.0,0.0,0.0,1.0,0.0
15112,1,1,ROCKET,0.0,1.0,0.0,0.0,0.0
18111,4,3,ROCKET,0.0,0.0,0.0,1.0,0.0
17685,3,3,ROCKET,0.0,0.0,0.0,1.0,0.0
16985,3,3,ROCKET,0.0,0.0,0.0,1.0,0.0
14988,1,1,ROCKET,0.0,1.0,0.0,0.0,0.0
14743,1,1,ROCKET,0.0,1.0,0.0,0.0,0.0
17959,4,0,ROCKET,1.0,0.0,0.0,0.0,0.0
16627,3,1,ROCKET,0.0,1.0,0.0,0.0,0.0
19514,4,4,ROCKET,0.0,0.0,0.0,0.0,1.0
16403,3,4,ROCKET,0.0,0.0,0.0,0.0,1.0
16656,3,3,ROCKET,0.0,0.0,0.0,1.0,0.0
18155,4,0,ROCKET,1.0,0.0,0.0,0.0,0.0
14086,1,1,ROCKET,0.0,1.0,0.0,0.0,0.0
17049,3,3,ROCKET,0.0,0.0,0.0,1.0,0.0
11855,0,4,ROCKET,0.0,0.0,0.0,0.0,1.0
17256,3,3,ROCKET,0.0,0.0,0.0,1.0,0.0
12107,2,2,ROCKET,0.0,0.0,1.0,0.0,0.0
15852,1,1,ROCKET,0.0,1.0,0.0,0.0,0.0
12469,2,2,ROCKET,0.0,0.0,1.0,0.0,0.0
13011,2,2,ROCKET,0.0,0.0,1.0,0.0,0.0
14336,1,1,ROCKET,0.0,1.0,0.0,0.0,0.0
19417,4,4,ROCKET,0.0,0.0,0.0,0.0,1.0
17175,3,3,ROCKET,0.0,0.0,0.0,1.0,0.0
16268,3,3,ROCKET,0.0,0.0,0.0,1.0,0.0
13001,2,2,ROCKET,0.0,0.0,1.0,0.0,0.0
17968,4,3,ROCKET,0.0,0.0,0.0,1.0,0.0
10467,0,1,ROCKET,0.0,1.0,0.0,0.0,0.0
16431,3,3,ROCKET,0.0,0.0,0.0,1.0,0.0
10929,0,0,ROCKET,1.0,0.0,0.0,0.0,0.0
17872,3,1,ROCKET,0.0,1.0,0.0,0.0,0.0
15435,1,1,ROCKET,0.0,1.0,0.0,0.0,0.0
14912,1,1,ROCKET,0.0,1.0,0.0,0.0,0.0
18493,4,0,ROCKET,1.0,0.0,0.0,0.0,0.0
18100,4,0,ROCKET,1.0,0.0,0.0,0.0,0.0
10850,0,0,ROCKET,1.0,0.0,0.0,0.0,0.0
10420,0,3,ROCKET,0.0,0.0,0.0,1.0,0.0
12941,2,2,ROCKET,0.0,0.0,1.0,0.0,0.0
14428,1,1,ROCKET,0.0,1.0,0.0,0.0,0.0
17008,3,3,ROCKET,0.0,0.0,0.0,1.0,0.0
12348,2,2,ROCKET,0.0,0.0,1.0,0.0,0.0
14289,1,1,ROCKET,0.0,1.0,0.0,0.0,0.0
12290,2,2,ROCKET,0.0,0.0,1.0,0.0,0.0
14018,1,1,ROCKET,0.0,1.0,0.0,0.0,0.0
14132,1,1,ROCKET,0.0,1.0,0.0,0.0,0.0
19904,4,4,ROCKET,0.0,0.0,0.0,0.0,1.0
15123,1,1,ROCKET,0.0,1.0,0.0,0.0,0.0
11522,0,0,ROCKET,1.0,0.0,0.0,0.0,0.0
14826,1,1,ROCKET,0.0,1.0,0.0,0.0,0.0
11147,0,0,ROCKET,1.0,0.0,0.0,0.0,0.0
18031,4,3,ROCKET,0.0,0.0,0.0,1.0,0.0
13327,2,2,ROCKET,0.0,0.0,1.0,0.0,0.0
15070,1,1,ROCKET,0.0,1.0,0.0,0.0,0.0
17373,3,2,ROCKET,0.0,0.0,1.0,0.0,0.0
18177,4,3,ROCKET,0.0,0.0,0.0,1.0,0.0
17335,3,3,ROCKET,0.0,0.0,0.0,1.0,0.0
12475,2,2,ROCKET,0.0,0.0,1.0,0.0,0.0
10198,0,0,ROCKET,1.0,0.0,0.0,0.0,0.0
12985,2,2,ROCKET,0.0,0.0,1.0,0.0,0.0
12371,2,2,ROCKET,0.0,0.0,1.0,0.0,0.0
18976,4,4,ROCKET,0.0,0.0,0.0,0.0,1.0
13084,2,2,ROCKET,0.0,0.0,1.0,0.0,0.0
14452,1,1,ROCKET,0.0,1.0,0.0,0.0,0.0
11704,0,4,ROCKET,0.0,0.0,0.0,0.0,1.0
10874,0,0,ROCKET,1.0,0.0,0.0,0.0,0.0
13326,2,2,ROCKET,0.0,0.0,1.0,0.0,0.0
11210,0,0,ROCKET,1.0,0.0,0.0,0.0,0.0
16636,3,3,ROCKET,0.0,0.0,0.0,1.0,0.0
12102,2,2,ROCKET,0.0,0.0,1.0,0.0,0.0
10123,0,3,ROCKET,0.0,0.0,0.0,1.0,0.0
18083,4,3,ROCKET,0.0,0.0,0.0,1.0,0.0
14102,1,1,ROCKET,0.0,1.0,0.0,0.0,0.0
10320,0,0,ROCKET,1.0,0.0,0.0,0.0,0.0
18140,4,3,ROCKET,0.0,0.0,0.0,1.0,0.0
14141,1,1,ROCKET,0.0,1.0,0.0,0.0,0.0
10272,0,0,ROCKET,1.0,0.0,0.0,0.0,0.0
17017,3,3,ROCKET,0.0,0.0,0.0,1.0,0.0
10789,0,0,ROCKET,1.0,0.0,0.0,0.0,0.0
10965,0,0,ROCKET,1.0,0.0,0.0,0.0,0.0
14077,1,1,ROCKET,0.0,1.0,0.0,0.0,0.0
17144,3,1,ROCKET,0.0,1.0,0.0,0.0,0.0
11523,0,0,ROCKET,1.0,0.0,0.0,0.0,0.0
18037,4,3,ROCKET,0.0,0.0,0.0,1.0,0.0
15054,1,1,ROCKET,0.0,1.0,0.0,0.0,0.0
18439,4,3,ROCKET,0.0,0.0,0.0,1.0,0.0
13359,2,2,ROCKET,0.0,0.0,1.0,0.0,0.0
12607,2,2,ROCKET,0.0,0.0,1.0,0.0,0.0
11713,0,3,ROCKET,0.0,0.0,0.0,1.0,0.0
18255,4,0,ROCKET,1.0,0.0,0.0,0.0,0.0
14640,1,1,ROCKET,0.0,1.0,0.0,0.0,0.0
14088,1,1,ROCKET,0.0,1.0,0.0,0.0,0.0
11241,0,0,ROCKET,1.0,0.0,0.0,0.0,0.0
18887,4,3,ROCKET,0.0,0.0,0.0,1.0,0.0
17775,3,3,ROCKET,0.0,0.0,0.0,1.0,0.0
10728,0,1,ROCKET,0.0,1.0,0.0,0.0,0.0
14267,1,1,ROCKET,0.0,1.0,0.0,0.0,0.0
13852,2,2,ROCKET,0.0,0.0,1.0,0.0,0.0
17918,3,3,ROCKET,0.0,0.0,0.0,1.0,0.0
14485,1,1,ROCKET,0.0,1.0,0.0,0.0,0.0
10337,0,0,ROCKET,1.0,0.0,0.0,0.0,0.0
10987,0,0,ROCKET,1.0,0.0,0.0,0.0,0.0
15560,1,1,ROCKET,0.0,1.0,0.0,0.0,0.0
13858,2,2,ROCKET,0.0,0.0,1.0,0.0,0.0
13851,2,2,ROCKET,0.0,0.0,1.0,0.0,0.0
12655,2,2,ROCKET,0.0,0.0,1.0,0.0,0.0
14223,1,1,ROCKET,0.0,1.0,0.0,0.0,0.0
15340,1,1,ROCKET,0.0,1.0,0.0,0.0,0.0
12447,2,2,ROCKET,0.0,0.0,1.0,0.0,0.0
14896,1,1,ROCKET,0.0,1.0,0.0,0.0,0.0
11209,0,0,ROCKET,1.0,0.0,0.0,0.0,0.0
14330,1,1,ROCKET,0.0,1.0,0.0,0.0,0.0
15344,1,1,ROCKET,0.0,1.0,0.0,0.0,0.0
11618,0,0,ROCKET,1.0,0.0,0.0,0.0,0.0
18529,4,3,ROCKET,0.0,0.0,0.0,1.0,0.0
10730,0,1,ROCKET,0.0,1.0,0.0,0.0,0.0
12638,2,2,ROCKET,0.0,0.0,1.0,0.0,0.0
11402,0,0,ROCKET,1.0,0.0,0.0,0.0,0.0
15530,1,1,ROCKET,0.0,1.0,0.0,0.0,0.0
11421,0,0,ROCKET,1.0,0.0,0.0,0.0,0.0
12825,2,2,ROCKET,0.0,0.0,1.0,0.0,0.0
10405,0,3,ROCKET,0.0,0.0,0.0,1.0,0.0
18693,4,4,ROCKET,0.0,0.0,0.0,0.0,1.0
14601,1,1,ROCKET,0.0,1.0,0.0,0.0,0.0
14932,1,1,ROCKET,0.0,1.0,0.0,0.0,0.0
11191,0,0,ROCKET,1.0,0.0,0.0,0.0,0.0
12509,2,2,ROCKET,0.0,0.0,1.0,0.0,0.0
11234,0,0,ROCKET,1.0,0.0,0.0,0.0,0.0
19039,4,4,ROCKET,0.0,0.0,0.0,0.0,1.0
11517,0,0,ROCKET,1.0,0.0,0.0,0.0,0.0
15362,1,1,ROCKET,0.0,1.0,0.0,0.0,0.0
15827,1,1,ROCKET,0.0,1.0,0.0,0.0,0.0
12771,2,2,ROCKET,0.0,0.0,1.0,0.0,0.0
17666,3,3,ROCKET,0.0,0.0,0.0,1.0,0.0
15738,1,1,ROCKET,0.0,1.0,0.0,0.0,0.0
12705,2,2,ROCKET,0.0,0.0,1.0,0.0,0.0
10135,0,0,ROCKET,1.0,0.0,0.0,0.0,0.0
11583,0,3,ROCKET,0.0,0.0,0.0,1.0,0.0
17531,3,1,ROCKET,0.0,1.0,0.0,0.0,0.0
10932,0,0,ROCKET,1.0,0.0,0.0,0.0,0.0
10653,0,3,ROCKET,0.0,0.0,0.0,1.0,0.0
10743,0,3,ROCKET,0.0,0.0,0.0,1.0,0.0
14314,1,1,ROCKET,0.0,1.0,0.0,0.0,0.0
10710,0,3,ROCKET,0.0,0.0,0.0,1.0,0.0
18629,4,4,ROCKET,0.0,0.0,0.0,0.0,1.0
14313,1,1,ROCKET,0.0,1.0,0.0,0.0,0.0
18477,4,3,ROCKET,0.0,0.0,0.0,1.0,0.0
18639,4,4,ROCKET,0.0,0.0,0.0,0.0,1.0
13065,2,2,ROCKET,0.0,0.0,1.0,0.0,0.0
9999,0,0,ROCKET,1.0,0.0,0.0,0.0,0.0
19022,4,4,ROCKET,0.0,0.0,0.0,0.0,1.0
14210,1,1,ROCKET,0.0,1.0,0.0,0.0,0.0
17548,3,3,ROCKET,0.0,0.0,0.0,1.0,0.0
16971,3,3,ROCKET,0.0,0.0,0.0,1.0,0.0
11655,0,1,ROCKET,0.0,1.0,0.0,0.0,0.0
19885,4,0,ROCKET,1.0,0.0,0.0,0.0,0.0
13166,2,2,ROCKET,0.0,0.0,1.0,0.0,0.0
14735,1,1,ROCKET,0.0,1.0,0.0,0.0,0.0
11264,0,0,ROCKET,1.0,0.0,0.0,0.0,0.0
18773,4,3,ROCKET,0.0,0.0,0.0,1.0,0.0
13109,2,2,ROCKET,0.0,0.0,1.0,0.0,0.0
12775,2,2,ROCKET,0.0,0.0,1.0,0.0,0.0
17814,3,3,ROCKET,0.0,0.0,0.0,1.0,0.0
12261,2,2,ROCKET,0.0,0.0,1.0,0.0,0.0
10565,0,1,ROCKET,0.0,1.0,0.0,0.0,0.0
18462,4,3,ROCKET,0.0,0.0,0.0,1.0,0.0
13925,2,2,ROCKET,0.0,0.0,1.0,0.0,0.0
17014,3,3,ROCKET,0.0,0.0,0.0,1.0,0.0
14593,1,1,ROCKET,0.0,1.0,0.0,0.0,0.0
14114,1,1,ROCKET,0.0,1.0,0.0,0.0,0.0
10204,0,0,ROCKET,1.0,0.0,0.0,0.0,0.0
13124,2,2,ROCKET,0.0,0.0,1.0,0.0,0.0
17240,3,3,ROCKET,0.0,0.0,0.0,1.0,0.0
11582,0,3,ROCKET,0.0,0.0,0.0,1.0,0.0
18570,4,0,ROCKET,1.0,0.0,0.0,0.0,0.0
12675,2,2,ROCKET,0.0,0.0,1.0,0.0,0.0
13117,2,2,ROCKET,0.0,0.0,1.0,0.0,0.0
13863,2,2,ROCKET,0.0,0.0,1.0,0.0,0.0
18734,4,4,ROCKET,0.0,0.0,0.0,0.0,1.0
17599,3,3,ROCKET,0.0,0.0,0.0,1.0,0.0
12618,2,2,ROCKET,0.0,0.0,1.0,0.0,0.0
15755,1,1,ROCKET,0.0,1.0,0.0,0.0,0.0
19075,4,4,ROCKET,0.0,0.0,0.0,0.0,1.0
13072,2,2,ROCKET,0.0,0.0,1.0,0.0,0.0
16664,3,3,ROCKET,0.0,0.0,0.0,1.0,0.0
13426,2,2,ROCKET,0.0,0.0,1.0,0.0,0.0
14806,1,1,ROCKET,0.0,1.0,0.0,0.0,0.0
11107,0,0,ROCKET,1.0,0.0,0.0,0.0,0.0
12539,2,2,ROCKET,0.0,0.0,1.0,0.0,0.0
16946,3,0,ROCKET,1.0,0.0,0.0,0.0,0.0
14226,1,1,ROCKET,0.0,1.0,0.0,0.0,0.0
14129,1,1,ROCKET,0.0,1.0,0.0,0.0,0.0
16411,3,3,ROCKET,0.0,0.0,0.0,1.0,0.0
13882,2,2,ROCKET,0.0,0.0,1.0,0.0,0.0
19029,4,4,ROCKET,0.0,0.0,0.0,0.0,1.0
15833,1,1,ROCKET,0.0,1.0,0.0,0.0,0.0
11354,0,0,ROCKET,1.0,0.0,0.0,0.0,0.0
12339,2,2,ROCKET,0.0,0.0,1.0,0.0,0.0
17908,3,3,ROCKET,0.0,0.0,0.0,1.0,0.0
18808,4,4,ROCKET,0.0,0.0,0.0,0.0,1.0
14527,1,1,ROCKET,0.0,1.0,0.0,0.0,0.0
15275,1,3,ROCKET,0.0,0.0,0.0,1.0,0.0
10950,0,0,ROCKET,1.0,0.0,0.0,0.0,0.0
15106,1,1,ROCKET,0.0,1.0,0.0,0.0,0.0
18234,4,3,ROCKET,0.0,0.0,0.0,1.0,0.0
16954,3,1,ROCKET,0.0,1.0,0.0,0.0,0.0
18510,4,0,ROCKET,1.0,0.0,0.0,0.0,0.0
14583,1,1,ROCKET,0.0,1.0,0.0,0.0,0.0
13872,2,2,ROCKET,0.0,0.0,1.0,0.0,0.0
11417,0,0,ROCKET,1.0,0.0,0.0,0.0,0.0
13540,2,2,ROCKET,0.0,0.0,1.0,0.0,0.0
12137,2,2,ROCKET,0.0,0.0,1.0,0.0,0.0
15078,1,3,ROCKET,0.0,0.0,0.0,1.0,0.0
14192,1,1,ROCKET,0.0,1.0,0.0,0.0,0.0
17409,3,4,ROCKET,0.0,0.0,0.0,0.0,1.0
12310,2,2,ROCKET,0.0,0.0,1.0,0.0,0.0
11139,0,0,ROCKET,1.0,0.0,0.0,0.0,0.0
18910,4,4,ROCKET,0.0,0.0,0.0,0.0,1.0
11385,0,0,ROCKET,1.0,0.0,0.0,0.0,0.0
14673,1,1,ROCKET,0.0,1.0,0.0,0.0,0.0
11835,0,3,ROCKET,0.0,0.0,0.0,1.0,0.0
17491,3,3,ROCKET,0.0,0.0,0.0,1.0,0.0
17319,3,3,ROCKET,0.0,0.0,0.0,1.0,0.0
13629,2,2,ROCKET,0.0,0.0,1.0,0.0,0.0
13692,2,2,ROCKET,0.0,0.0,1.0,0.0,0.0
11115,0,0,ROCKET,1.0,0.0,0.0,0.0,0.0
13892,2,2,ROCKET,0.0,0.0,1.0,0.0,0.0
17316,3,0,ROCKET,1.0,0.0,0.0,0.0,0.0
18847,4,4,ROCKET,0.0,0.0,0.0,0.0,1.0
13663,2,2,ROCKET,0.0,0.0,1.0,0.0,0.0
14598,1,1,ROCKET,0.0,1.0,0.0,0.0,0.0
15628,1,1,ROCKET,0.0,1.0,0.0,0.0,0.0
14246,1,1,ROCKET,0.0,1.0,0.0,0.0,0.0
14053,1,1,ROCKET,0.0,1.0,0.0,0.0,0.0
11217,0,0,ROCKET,1.0,0.0,0.0,0.0,0.0
13610,2,2,ROCKET,0.0,0.0,1.0,0.0,0.0
12910,2,2,ROCKET,0.0,0.0,1.0,0.0,0.0
11558,0,3,ROCKET,0.0,0.0,0.0,1.0,0.0
11308,0,0,ROCKET,1.0,0.0,0.0,0.0,0.0
15603,1,1,ROCKET,0.0,1.0,0.0,0.0,0.0
18766,4,3,ROCKET,0.0,0.0,0.0,1.0,0.0
11304,0,0,ROCKET,1.0,0.0,0.0,0.0,0.0
12272,2,2,ROCKET,0.0,0.0,1.0,0.0,0.0
10693,0,4,ROCKET,0.0,0.0,0.0,0.0,1.0
11328,0,0,ROCKET,1.0,0.0,0.0,0.0,0.0
19343,4,4,ROCKET,0.0,0.0,0.0,0.0,1.0
15916,1,1,ROCKET,0.0,1.0,0.0,0.0,0.0
16857,3,3,ROCKET,0.0,0.0,0.0,1.0,0.0
17420,3,3,ROCKET,0.0,0.0,0.0,1.0,0.0
13182,2,0,ROCKET,1.0,0.0,0.0,0.0,0.0
12853,2,2,ROCKET,0.0,0.0,1.0,0.0,0.0
18585,4,1,ROCKET,0.0,1.0,0.0,0.0,0.0
13208,2,2,ROCKET,0.0,0.0,1.0,0.0,0.0
15494,1,1,ROCKET,0.0,1.0,0.0,0.0,0.0
13374,2,2,ROCKET,0.0,0.0,1.0,0.0,0.0
14454,1,1,ROCKET,0.0,1.0,0.0,0.0,0.0
17737,3,3,ROCKET,0.0,0.0,0.0,1.0,0.0
13460,2,3,ROCKET,0.0,0.0,0.0,1.0,0.0
15406,1,3,ROCKET,0.0,0.0,0.0,1.0,0.0
16220,3,1,ROCKET,0.0,1.0,0.0,0.0,0.0
10945,0,0,ROCKET,1.0,0.0,0.0,0.0,0.0
17259,3,3,ROCKET,0.0,0.0,0.0,1.0,0.0
10424,0,3,ROCKET,0.0,0.0,0.0,1.0,0.0
18697,4,4,ROCKET,0.0,0.0,0.0,0.0,1.0
14740,1,1,ROCKET,0.0,1.0,0.0,0.0,0.0
15769,1,1,Arsenal,-0.0,1.0,-0.0,-0.0,-0.0
17651,3,4,Arsenal,-0.0,-0.0,-0.0,-0.0,1.0
13620,2,2,Arsenal,-0.0,-0.0,1.0,-0.0,-0.0
11019,0,0,Arsenal,1.0,-0.0,-0.0,-0.0,-0.0
13860,2,3,Arsenal,-0.0,-0.0,-0.0,0.95969924,0.04030076
17314,3,3,Arsenal,-0.0,0.1192371,-0.0,0.72083526,0.15992765
16925,3,3,Arsenal,-0.0,-0.0,-0.0,1.0,-0.0
14588,1,1,Arsenal,-0.0,1.0,-0.0,-0.0,-0.0
12135,2,2,Arsenal,-0.0,-0.0,1.0,-0.0,-0.0
18113,4,4,Arsenal,0.40074783,-0.0,-0.0,0.15968275,0.43956943
13817,2,2,Arsenal,-0.0,-0.0,1.0,-0.0,-0.0
11303,0,0,Arsenal,1.0,-0.0,-0.0,-0.0,-0.0
18819,4,4,Arsenal,-0.0,-0.0,-0.0,0.04004764,0.95995236
12376,2,2,Arsenal,-0.0,-0.0,1.0,-0.0,-0.0
19741,4,2,Arsenal,-0.0,-0.0,0.96013231,-0.0,0.03986769
17419,3,3,Arsenal,-0.0,-0.0,-0.0,0.96042907,0.03957093
10557,0,3,Arsenal,0.40096921,0.04002541,-0.0,0.51928493,0.03972046
14331,1,1,Arsenal,-0.0,1.0,-0.0,-0.0,-0.0
10758,0,0,Arsenal,0.72070884,-0.0,-0.0,0.27929116,-0.0
15862,1,1,Arsenal,-0.0,1.0,-0.0,-0.0,-0.0
15602,1,1,Arsenal,-0.0,1.0,-0.0,-0.0,-0.0
13911,2,2,Arsenal,-0.0,-0.0,1.0,-0.0,-0.0
18147,4,0,Arsenal,0.55986701,-0.0,-0.0,0.36066289,0.0794701
10684,0,4,Arsenal,-0.0,-0.0,-0.0,0.35936834,0.64063166
10039,0,0,Arsenal,1.0,-0.0,-0.0,-0.0,-0.0
15903,1,1,Arsenal,-0.0,1.0,-0.0,-0.0,-0.0
17076,3,1,Arsenal,-0.0,0.64031423,-0.0,0.35968577,-0.0
17576,3,3,Arsenal,-0.0,-0.0,-0.0,1.0,-0.0
14931,1,1,Arsenal,-0.0,1.0,-0.0,-0.0,-0.0
10654,0,1,Arsenal,-0.0,0.95988891,-0.0,0.04011109,-0.0
10859,0,0,Arsenal,1.0,-0.0,-0.0,-0.0,-0.0
18452,4,0,Arsenal,0.79962111,-0.0,-0.0,0.20037889,-0.0
12833,2,2,Arsenal,-0.0,-0.0,1.0,-0.0,-0.0
11845,0,3,Arsenal,-0.0,0.28009136,-0.0,0.63972906,0.08017958
14034,1,1,Arsenal,-0.0,1.0,-0.0,-0.0,-0.0
11686,0,0,Arsenal,0.95988406,-0.0,-0.0,0.04011594,-0.0
13616,2,2,Arsenal,-0.0,-0.0,1.0,-0.0,-0.0
12535,2,2,Arsenal,-0.0,-0.0,1.0,-0.0,-0.0
18455,4,3,Arsenal,-0.0,0.08000907,-0.0,0.91999093,-0.0
18358,4,0,Arsenal,0.67990083,-0.0,-0.0,0.32009917,-0.0
15445,1,0,Arsenal,0.72023297,0.04003632,-0.0,0.11989427,0.11983643
10881,0,0,Arsenal,1.0,-0.0,-0.0,-0.0,-0.0
18283,4,0,Arsenal,1.0,-0.0,-0.0,-0.0,-0.0
10838,0,0,Arsenal,1.0,-0.0,-0.0,-0.0,-0.0
13196,2,2,Arsenal,-0.0,-0.0,1.0,-0.0,-0.0
10847,0,0,Arsenal,1.0,-0.0,-0.0,-0.0,-0.0
15151,1,3,Arsenal,-0.0,0.44038938,-0.0,0.55961062,-0.0
18409,4,3,Arsenal,0.12033737,-0.0,-0.0,0.71964558,0.16001705
19081,4,4,Arsenal,-0.0,-0.0,-0.0,-0.0,1.0
15885,1,1,Arsenal,-0.0,0.67907655,-0.0,-0.0,0.32092345
10772,0,1,Arsenal,-0.0,0.91944863,-0.0,0.08055137,-0.0
12829,2,2,Arsenal,0.40026041,-0.0,0.59973959,-0.0,-0.0
13413,2,2,Arsenal,-0.0,-0.0,1.0,-0.0,-0.0
12021,2,2,Arsenal,-0.0,-0.0,1.0,-0.0,-0.0
10284,0,0,Arsenal,1.0,-0.0,-0.0,-0.0,-0.0
18172,4,0,Arsenal,0.91988704,-0.0,-0.0,0.08011296,-0.0
17687,3,3,Arsenal,-0.0,0.44011395,-0.0,0.44022694,0.11965912
10034,0,1,Arsenal,0.11971979,0.88028021,-0.0,-0.0,-0.0
10811,0,0,Arsenal,1.0,-0.0,-0.0,-0.0,-0.0
12073,2,2,Arsenal,-0.0,-0.0,1.0,-0.0,-0.0
19350,4,2,Arsenal,-0.0,-0.0,1.0,-0.0,-0.0
16552,3,3,Arsenal,-0.0,-0.0,-0.0,1.0,-0.0
11953,2,2,Arsenal,-0.0,-0.0,1.0,-0.0,-0.0
19413,4,4,Arsenal,-0.0,-0.0,-0.0,-0.0,1.0
11626,0,3,Arsenal,-0.0,-0.0,-0.0,0.95988537,0.04011463
16577,3,3,Arsenal,-0.0,-0.0,-0.0,0.75984447,0.24015553
15421,1,1,Arsenal,-0.0,1.0,-0.0,-0.0,-0.0
19185,4,4,Arsenal,-0.0,0.07980566,-0.0,-0.0,0.92019434
14423,1,1,Arsenal,-0.0,1.0,-0.0,-0.0,-0.0
12110,2,2,Arsenal,-0.0,-0.0,1.0,-0.0,-0.0
10695,0,3,Arsenal,-0.0,-0.0,-0.0,0.9196383,0.0803617
17985,4,0,Arsenal,0.76044884,-0.0,0.23955116,-0.0,-0.0
14022,1,1,Arsenal,0.04016365,0.60045856,-0.0,0.28017463,0.07920317
18969,4,1,Arsenal,-0.0,1.0,-0.0,-0.0,-0.0
13977,1,1,Arsenal,-0.0,1.0,-0.0,-0.0,-0.0
11934,0,0,Arsenal,1.0,-0.0,-0.0,-0.0,-0.0
12905,2,2,Arsenal,-0.0,-0.0,1.0,-0.0,-0.0
18616,4,1,Arsenal,0.11988954,0.4003242,-0.0,0.23951688,0.24026938
18348,4,3,Arsenal,-0.0,-0.0,-0.0,0.96013231,0.03986769
12613,2,2,Arsenal,-0.0,-0.0,1.0,-0.0,-0.0
14803,1,1,Arsenal,-0.0,1.0,-0.0,-0.0,-0.0
16790,3,3,Arsenal,-0.0,0.4392601,-0.0,0.5607399,-0.0
14544,1,1,Arsenal,-0.0,1.0,-0.0,-0.0,-0.0
18331,4,3,Arsenal,0.20034145,-0.0,-0.0,0.79965855,-0.0
10642,0,1,Arsenal,-0.0,0.79989691,-0.0,0.12025918,0.07984391
17025,3,3,Arsenal,-0.0,-0.0,-0.0,0.87992102,0.12007898
17082,3,3,Arsenal,-0.0,0.04004764,-0.0,0.95995236,-0.0
12867,2,2,Arsenal,-0.0,-0.0,1.0,-0.0,-0.0
12815,2,2,Arsenal,-0.0,-0.0,1.0,-0.0,-0.0
16764,3,3,Arsenal,-0.0,-0.0,-0.0,0.95997459,0.04002541
14327,1,1,Arsenal,-0.0,1.0,-0.0,-0.0,-0.0
18317,4,3,Arsenal,-0.0,-0.0,-0.0,1.0,-0.0
18541,4,3,Arsenal,0.20030157,-0.0,-0.0,0.68008696,0.11961147
13217,2,2,Arsenal,-0.0,-0.0,1.0,-0.0,-0.0
19153,4,3,Arsenal,0.04000187,-0.0,-0.0,0.95999813,-0.0
19339,4,4,Arsenal,-0.0,-0.0,0.36169477,-0.0,0.63830523
11669,0,3,Arsenal,-0.0,-0.0,-0.0,0.92050008,0.07949992
10390,0,3,Arsenal,-0.0,-0.0,-0.0,0.84068226,0.15931774
12158,2,2,Arsenal,-0.0,-0.0,1.0,-0.0,-0.0
14310,1,1,Arsenal,-0.0,1.0,-0.0,-0.0,-0.0
13693,2,2,Arsenal,-0.0,-0.0,1.0,-0.0,-0.0
16843,3,1,Arsenal,-0.0,0.59995492,-0.0,0.40004508,-0.0
10643,0,3,Arsenal,-0.0,-0.0,-0.0,0.80037626,0.19962374
17947,4,4,Arsenal,0.24027343,-0.0,-0.0,0.04025061,0.71947596
16426,3,1,Arsenal,-0.0,0.56006886,-0.0,0.36023053,0.07970061
11158,0,0,Arsenal,1.0,-0.0,-0.0,-0.0,-0.0
12118,2,2,Arsenal,-0.0,-0.0,1.0,-0.0,-0.0
12838,2,2,Arsenal,-0.0,-0.0,1.0,-0.0,-0.0
12796,2,2,Arsenal,-0.0,-0.0,1.0,-0.0,-0.0
12644,2,2,Arsenal,-0.0,-0.0,1.0,-0.0,-0.0
15525,1,1,Arsenal,-0.0,1.0,-0.0,-0.0,-0.0
19069,4,3,Arsenal,-0.0,-0.0,-0.0,0.79968117,0.20031883
15225,1,1,Arsenal,-0.0,0.7990501,-0.0,0.2009499,-0.0
19243,4,1,Arsenal,-0.0,0.59922169,-0.0,0.04025061,0.3605277
14841,1,1,Arsenal,-0.0,1.0,-0.0,-0.0,-0.0
15350,1,1,Arsenal,-0.0,1.0,-0.0,-0.0,-0.0
10297,0,0,Arsenal,1.0,-0.0,-0.0,-0.0,-0.0
10416,0,3,Arsenal,-0.0,-0.0,-0.0,1.0,-0.0
19708,4,2,Arsenal,-0.0,-0.0,0.63931807,-0.0,0.36068193
14792,1,1,Arsenal,-0.0,1.0,-0.0,-0.0,-0.0
12524,2,2,Arsenal,-0.0,-0.0,1.0,-0.0,-0.0
10860,0,0,Arsenal,1.0,-0.0,-0.0,-0.0,-0.0
11169,0,0,Arsenal,0.720342,-0.0,-0.0,-0.0,0.279658
18604,4,0,Arsenal,0.84016264,-0.0,-0.0,0.15983736,-0.0
12169,2,2,Arsenal,-0.0,-0.0,1.0,-0.0,-0.0
15570,1,1,Arsenal,-0.0,1.0,-0.0,-0.0,-0.0
11914,0,1,Arsenal,0.11991316,0.67948025,-0.0,0.20060659,-0.0
13763,2,2,Arsenal,-0.0,-0.0,1.0,-0.0,-0.0
15929,1,1,Arsenal,-0.0,0.6004651,-0.0,0.3995349,-0.0
11008,0,0,Arsenal,1.0,-0.0,-0.0,-0.0,-0.0
12597,2,2,Arsenal,-0.0,-0.0,1.0,-0.0,-0.0
14256,1,1,Arsenal,-0.0,1.0,-0.0,-0.0,-0.0
16596,3,3,Arsenal,-0.0,0.08041185,-0.0,0.91958815,-0.0
10554,0,3,Arsenal,0.07938474,-0.0,-0.0,0.79969525,0.12092001
10332,0,0,Arsenal,1.0,-0.0,-0.0,-0.0,-0.0
17791,3,3,Arsenal,0.24031199,-0.0,-0.0,0.75968801,-0.0
19250,4,3,Arsenal,-0.0,-0.0,-0.0,0.96042907,0.03957093
11157,0,0,Arsenal,1.0,-0.0,-0.0,-0.0,-0.0
18456,4,3,Arsenal,-0.0,-0.0,-0.0,0.96036777,0.03963223
17614,3,3,Arsenal,0.04009161,-0.0,-0.0,0.59961673,0.36029166
13723,2,2,Arsenal,-0.0,-0.0,1.0,-0.0,-0.0
18588,4,3,Arsenal,0.16012008,-0.0,-0.0,0.6400239,0.19985602
17431,3,3,Arsenal,-0.0,-0.0,-0.0,1.0,-0.0
18640,4,4,Arsenal,-0.0,-0.0,-0.0,-0.0,1.0
15742,1,1,Arsenal,-0.0,1.0,-0.0,-0.0,-0.0
13375,2,2,Arsenal,-0.0,-0.0,1.0,-0.0,-0.0
12210,2,2,Arsenal,-0.0,-0.0,1.0,-0.0,-0.0
14354,1,1,Arsenal,-0.0,1.0,-0.0,-0.0,-0.0
18112,4,3,Arsenal,-0.0,-0.0,-0.0,1.0,-0.0
13199,2,2,Arsenal,-0.0,-0.0,1.0,-0.0,-0.0
15128,1,3,Arsenal,-0.0,0.48091814,-0.0,0.51908186,-0.0
15069,1,1,Arsenal,-0.0,1.0,-0.0,-0.0,-0.0
10593,0,3,Arsenal,0.04008491,0.1205353,0.31962247,0.51975732,-0.0
10655,0,3,Arsenal,0.03963223,0.03981521,-0.0,0.84052122,0.08003134
11765,0,0,Arsenal,1.0,-0.0,-0.0,-0.0,-0.0
12041,2,2,Arsenal,-0.0,-0.0,1.0,-0.0,-0.0
19203,4,4,Arsenal,-0.0,0.07969438,-0.0,0.0798931,0.84041252
16393,3,3,Arsenal,-0.0,0.43910919,-0.0,0.52117035,0.03972046
18352,4,3,Arsenal,0.04011594,-0.0,-0.0,0.95988406,-0.0
12154,2,2,Arsenal,-0.0,-0.0,1.0,-0.0,-0.0
15850,1,1,Arsenal,-0.0,1.0,-0.0,-0.0,-0.0
12365,2,2,Arsenal,-0.0,-0.0,1.0,-0.0,-0.0
14532,1,1,Arsenal,-0.0,1.0,-0.0,-0.0,-0.0
15346,1,1,Arsenal,-0.0,1.0,-0.0,-0.0,-0.0
10976,0,0,Arsenal,1.0,-0.0,-0.0,-0.0,-0.0
12193,2,2,Arsenal,-0.0,-0.0,1.0,-0.0,-0.0
13305,2,2,Arsenal,-0.0,-0.0,1.0,-0.0,-0.0
13787,2,2,Arsenal,-0.0,-0.0,1.0,-0.0,-0.0
16986,3,1,Arsenal,-0.0,0.84018009,-0.0,0.15981991,-0.0
10778,0,0,Arsenal,1.0,-0.0,-0.0,-0.0,-0.0
14305,1,1,Arsenal,-0.0,0.95987655,-0.0,0.04012345,-0.0
16809,3,3,Arsenal,-0.0,-0.0,-0.0,1.0,-0.0
16434,3,3,Arsenal,-0.0,0.12026646,-0.0,0.79998703,0.0797465
15526,1,4,Arsenal,-0.0,-0.0,-0.0,-0.0,1.0
11702,0,3,Arsenal,0.080196,0.03986769,-0.0,0.47945126,0.40048505
17816,3,1,Arsenal,-0.0,0.80000369,-0.0,0.19999631,-0.0
14508,1,1,Arsenal,-0.0,1.0,-0.0,-0.0,-0.0
14869,1,1,Arsenal,-0.0,1.0,-0.0,-0.0,-0.0
10413,0,3,Arsenal,0.03965489,-0.0,-0.0,0.96034511,-0.0
17300,3,3,Arsenal,-0.0,-0.0,-0.0,0.67985183,0.32014817
19910,4,4,Arsenal,-0.0,-0.0,-0.0,-0.0,1.0
13361,2,2,Arsenal,-0.0,-0.0,1.0,-0.0,-0.0
14303,1,1,Arsenal,-0.0,1.0,-0.0,-0.0,-0.0
13432,2,2,Arsenal,-0.0,-0.0,1.0,-0.0,-0.0
19062,4,1,Arsenal,-0.0,0.83993153,-0.0,0.03957093,0.12049754
19876,4,4,Arsenal,-0.0,-0.0,-0.0,-0.0,1.0
10456,0,3,Arsenal,-0.0,-0.0,-0.0,1.0,-0.0
17509,3,3,Arsenal,-0.0,-0.0,-0.0,0.87958378,0.12041622
14058,1,1,Arsenal,-0.0,1.0,-0.0,-0.0,-0.0
11998,2,2,Arsenal,-0.0,-0.0,1.0,-0.0,-0.0
18885,4,4,Arsenal,-0.0,-0.0,-0.0,-0.0,1.0
10131,0,0,Arsenal,1.0,-0.0,-0.0,-0.0,-0.0
15175,1,1,Arsenal,-0.0,1.0,-0.0,-0.0,-0.0
11457,0,0,Arsenal,1.0,-0.0,-0.0,-0.0,-0.0
12471,2,2,Arsenal,-0.0,-0.0,1.0,-0.0,-0.0
18989,4,4,Arsenal,0.20062627,-0.0,-0.0,0.36004021,0.43933352
10189,0,0,Arsenal,1.0,-0.0,-0.0,-0.0,-0.0
12586,2,2,Arsenal,-0.0,-0.0,1.0,-0.0,-0.0
11856,0,0,Arsenal,1.0,-0.0,-0.0,-0.0,-0.0
13251,2,2,Arsenal,-0.0,-0.0,1.0,-0.0,-0.0
10797,0,0,Arsenal,1.0,-0.0,-0.0,-0.0,-0.0
15629,1,1,Arsenal,-0.0,1.0,-0.0,-0.0,-0.0
16639,3,3,Arsenal,-0.0,-0.0,-0.0,0.75970441,0.24029559
19230,4,4,Arsenal,0.03972046,0.03986769,-0.0,-0.0,0.92041185
19700,4,4,Arsenal,0.27948603,-0.0,-0.0,-0.0,0.72051397
12140,2,2,Arsenal,-0.0,-0.0,1.0,-0.0,-0.0
11624,0,3,Arsenal,0.4012337,-0.0,-0.0,0.5987663,-0.0
18627,4,4,Arsenal,-0.0,-0.0,-0.0,0.07943863,0.92056137
19562,4,4,Arsenal,-0.0,-0.0,-0.0,-0.0,1.0
13025,2,2,Arsenal,-0.0,-0.0,1.0,-0.0,-0.0
13448,2,2,Arsenal,-0.0,-0.0,1.0,-0.0,-0.0
11718,0,1,Arsenal,-0.0,0.71989929,-0.0,0.24022189,0.03987882
12527,2,2,Arsenal,-0.0,-0.0,1.0,-0.0,-0.0
14130,1,1,Arsenal,-0.0,0.91991322,-0.0,0.08008678,-0.0
10023,0,0,Arsenal,1.0,-0.0,-0.0,-0.0,-0.0
19407,4,4,Arsenal,-0.0,-0.0,-0.0,-0.0,1.0
12743,2,2,Arsenal,-0.0,-0.0,1.0,-0.0,-0.0
15912,1,1,Arsenal,-0.0,1.0,-0.0,-0.0,-0.0
14345,1,1,Arsenal,-0.0,1.0,-0.0,-0.0,-0.0
11666,0,3,Arsenal,0.04030076,-0.0,-0.0,0.8403664,0.11933284
17642,3,3,Arsenal,-0.0,-0.0,-0.0,1.0,-0.0
13736,2,3,Arsenal,-0.0,-0.0,-0.0,1.0,-0.0
17426,3,3,Arsenal,-0.0,-0.0,-0.0,1.0,-0.0
12932,2,2,Arsenal,-0.0,-0.0,1.0,-0.0,-0.0
13570,2,2,Arsenal,-0.0,-0.0,1.0,-0.0,-0.0
13917,2,2,Arsenal,-0.0,-0.0,1.0,-0.0,-0.0
13168,2,2,Arsenal,-0.0,-0.0,1.0,-0.0,-0.0
14684,1,1,Arsenal,-0.0,1.0,-0.0,-0.0,-0.0
14787,1,1,Arsenal,-0.0,1.0,-0.0,-0.0,-0.0
11730,0,3,Arsenal,-0.0,0.04025061,-0.0,0.88006252,0.07968687
13970,1,1,Arsenal,-0.0,1.0,-0.0,-0.0,-0.0
10840,0,0,Arsenal,1.0,-0.0,-0.0,-0.0,-0.0
13753,2,2,Arsenal,-0.0,-0.0,1.0,-0.0,-0.0
18321,4,0,Arsenal,1.0,-0.0,-0.0,-0.0,-0.0
11503,0,0,Arsenal,1.0,-0.0,-0.0,-0.0,-0.0
13085,2,2,Arsenal,-0.0,-0.0,1.0,-0.0,-0.0
12386,2,2,Arsenal,-0.0,-0.0,1.0,-0.0,-0.0
16834,3,3,Arsenal,-0.0,0.19961111,-0.0,0.80038889,-0.0
12742,2,2,Arsenal,-0.0,-0.0,1.0,-0.0,-0.0
11956,2,2,Arsenal,-0.0,-0.0,1.0,-0.0,-0.0
14815,1,1,Arsenal,-0.0,1.0,-0.0,-0.0,-0.0
18418,4,3,Arsenal,-0.0,0.04011594,-0.0,0.95988406,-0.0
15137,1,3,Arsenal,-0.0,0.28079799,-0.0,0.71920201,-0.0
17347,3,3,Arsenal,0.07995565,0.12085656,-0.0,0.47927337,0.31991442
10179,0,0,Arsenal,1.0,-0.0,-0.0,-0.0,-0.0
10304,0,0,Arsenal,1.0,-0.0,-0.0,-0.0,-0.0
18165,4,3,Arsenal,-0.0,-0.0,-0.0,1.0,-0.0
12684,2,2,Arsenal,-0.0,-0.0,1.0,-0.0,-0.0
17298,3,3,Arsenal,-0.0,0.08041185,-0.0,0.91958815,-0.0
19581,4,4,Arsenal,-0.0,-0.0,-0.0,-0.0,1.0
13792,2,2,Arsenal,-0.0,-0.0,1.0,-0.0,-0.0
17630,3,3,Arsenal,-0.0,-0.0,-0.0,0.95990839,0.04009161
13543,2,2,Arsenal,-0.0,-0.0,1.0,-0.0,-0.0
19565,4,4,Arsenal,-0.0,-0.0,-0.0,-0.0,1.0
11278,0,0,Arsenal,1.0,-0.0,-0.0,-0.0,-0.0
13931,2,2,Arsenal,-0.0,-0.0,1.0,-0.0,-0.0
19684,4,4,Arsenal,-0.0,-0.0,0.16103948,-0.0,0.83896052
12955,2,2,Arsenal,-0.0,-0.0,1.0,-0.0,-0.0
13365,2,2,Arsenal,-0.0,-0.0,1.0,-0.0,-0.0
13334,2,2,Arsenal,-0.0,-0.0,1.0,-0.0,-0.0
15315,1,1,Arsenal,-0.0,1.0,-0.0,-0.0,-0.0
10782,0,0,Arsenal,1.0,-0.0,-0.0,-0.0,-0.0
10584,0,3,Arsenal,-0.0,-0.0,-0.0,0.75973794,0.24026206
18449,4,0,Arsenal,1.0,-0.0,-0.0,-0.0,-0.0
11093,0,0,Arsenal,1.0,-0.0,-0.0,-0.0,-0.0
15928,1,1,Arsenal,-0.0,1.0,-0.0,-0.0,-0.0
14724,1,1,Arsenal,-0.0,1.0,-0.0,-0.0,-0.0
19580,4,4,Arsenal,-0.0,-0.0,-0.0,-0.0,1.0
10594,0,3,Arsenal,-0.0,-0.0,-0.0,1.0,-0.0
14364,1,1,Arsenal,-0.0,1.0,-0.0,-0.0,-0.0
12305,2,2,Arsenal,-0.0,-0.0,1.0,-0.0,-0.0
13047,2,2,Arsenal,-0.0,-0.0,1.0,-0.0,-0.0
15188,1,1,Arsenal,-0.0,1.0,-0.0,-0.0,-0.0
16771,3,3,Arsenal,-0.0,-0.0,-0.0,0.84035602,0.15964398
11300,0,0,Arsenal,1.0,-0.0,-0.0,-0.0,-0.0
19037,4,4,Arsenal,-0.0,-0.0,-0.0,-0.0,1.0
15452,1,1,Arsenal,-0.0,1.0,-0.0,-0.0,-0.0
18586,4,3,Arsenal,-0.0,-0.0,-0.0,1.0,-0.0
12047,2,2,Arsenal,-0.0,-0.0,1.0,-0.0,-0.0
16855,3,3,Arsenal,-0.0,-0.0,-0.0,1.0,-0.0
10417,0,3,Arsenal,0.08028693,-0.0,-0.0,0.91971307,-0.0
15898,1,1,Arsenal,-0.0,0.96013231,-0.0,0.03986769,-0.0
12350,2,2,Arsenal,-0.0,-0.0,1.0,-0.0,-0.0
19204,4,4,Arsenal,-0.0,-0.0,-0.0,-0.0,1.0
10791,0,0,Arsenal,1.0,-0.0,-0.0,-0.0,-0.0
13307,2,2,Arsenal,-0.0,-0.0,1.0,-0.0,-0.0
13594,2,2,Arsenal,-0.0,-0.0,1.0,-0.0,-0.0
17424,3,3,Arsenal,0.160007,-0.0,-0.0,0.59987538,0.24011763
15856,1,1,Arsenal,-0.0,1.0,-0.0,-0.0,-0.0
16655,3,3,Arsenal,-0.0,-0.0,-0.0,0.79954855,0.20045145
13439,2,2,Arsenal,-0.0,-0.0,1.0,-0.0,-0.0
17831,3,3,Arsenal,-0.0,0.11983259,-0.0,0.84005279,0.04011463
13898,2,2,Arsenal,-0.0,-0.0,1.0,-0.0,-0.0
16838,3,3,Arsenal,-0.0,-0.0,-0.0,1.0,-0.0
12657,2,2,Arsenal,-0.0,-0.0,1.0,-0.0,-0.0
13838,2,2,Arsenal,-0.0,-0.0,1.0,-0.0,-0.0
15270,1,1,Arsenal,-0.0,0.96010008,-0.0,0.03989992,-0.0
10404,0,1,Arsenal,-0.0,0.92015938,-0.0,0.03981521,0.04002541
16956,3,3,Arsenal,-0.0,0.12061177,-0.0,0.79918826,0.08019997
11486,0,0,Arsenal,1.0,-0.0,-0.0,-0.0,-0.0
14198,1,1,Arsenal,-0.0,1.0,-0.0,-0.0,-0.0
16940,3,3,Arsenal,-0.0,-0.0,-0.0,0.92003495,0.07996505
11712,0,3,Arsenal,0.20049243,-0.0,-0.0,0.75948217,0.04002541
17252,3,3,Arsenal,-0.0,-0.0,-0.0,0.96010008,0.03989992
13709,2,2,Arsenal,-0.0,-0.0,1.0,-0.0,-0.0
17317,3,3,Arsenal,-0.0,-0.0,-0.0,0.56055606,0.43944394
15531,1,1,Arsenal,-0.0,1.0,-0.0,-0.0,-0.0
18048,4,3,Arsenal,-0.0,-0.0,-0.0,1.0,-0.0
15757,1,1,Arsenal,-0.0,1.0,-0.0,-0.0,-0.0
19047,4,4,Arsenal,-0.0,-0.0,-0.0,-0.0,1.0
15724,1,1,Arsenal,-0.0,1.0,-0.0,-0.0,-0.0
19137,4,4,Arsenal,-0.0,-0.0,-0.0,-0.0,1.0
17605,3,0,Arsenal,0.88036279,-0.0,-0.0,0.04011463,0.07952258
15279,1,1,Arsenal,-0.0,1.0,-0.0,-0.0,-0.0
19347,4,4,Arsenal,-0.0,-0.0,-0.0,-0.0,1.0
17056,3,1,Arsenal,0.03987882,0.48018385,-0.0,0.11988403,0.3600533
10698,0,1,Arsenal,-0.0,0.83963842,-0.0,0.16036158,-0.0
18751,4,4,Arsenal,-0.0,-0.0,-0.0,-0.0,1.0
11141,0,0,Arsenal,1.0,-0.0,-0.0,-0.0,-0.0
11757,0,1,Arsenal,0.15929813,0.44134063,-0.0,0.2788894,0.12047185
18160,4,4,Arsenal,-0.0,0.07975568,-0.0,0.32004545,0.60019887
12724,2,2,Arsenal,-0.0,-0.0,1.0,-0.0,-0.0
12766,2,2,Arsenal,-0.0,-0.0,1.0,-0.0,-0.0
12115,2,2,Arsenal,-0.0,-0.0,1.0,-0.0,-0.0
12057,2,2,Arsenal,-0.0,-0.0,1.0,-0.0,-0.0
19181,4,4,Arsenal,-0.0,-0.0,-0.0,-0.0,1.0
17235,3,3,Arsenal,0.0804167,0.08006173,-0.0,0.83952157,-0.0
12420,2,2,Arsenal,-0.0,-0.0,1.0,-0.0,-0.0
10635,0,3,Arsenal,-0.0,-0.0,-0.0,0.84003301,0.15996699
10598,0,3,Arsenal,-0.0,0.2798973,-0.0,0.56086802,0.15923468
10480,0,3,Arsenal,-0.0,-0.0,-0.0,1.0,-0.0
14766,1,1,Arsenal,-0.0,1.0,-0.0,-0.0,-0.0
13464,2,2,Arsenal,-0.0,-0.0,1.0,-0.0,-0.0
17722,3,1,Arsenal,0.08022702,0.40075811,-0.0,0.35999706,0.15901781
14770,1,1,Arsenal,-0.0,1.0,-0.0,-0.0,-0.0
14478,1,1,Arsenal,-0.0,1.0,-0.0,-0.0,-0.0
10738,0,3,Arsenal,-0.0,-0.0,-0.0,0.96013231,0.03986769
13579,2,2,Arsenal,-0.0,-0.0,1.0,-0.0,-0.0
16657,3,3,Arsenal,-0.0,-0.0,-0.0,1.0,-0.0
16573,3,3,Arsenal,0.04008491,0.04025061,-0.0,0.83952799,0.0801365
12378,2,2,Arsenal,-0.0,-0.0,1.0,-0.0,-0.0
17592,3,3,Arsenal,-0.0,-0.0,-0.0,1.0,-0.0
11861,0,0,Arsenal,0.51944216,0.12061846,-0.0,0.24020927,0.11973011
15111,1,3,Arsenal,-0.0,0.44055281,-0.0,0.51954727,0.03989992
15238,1,1,Arsenal,-0.0,0.87998345,-0.0,0.12001655,-0.0
15722,1,1,Arsenal,-0.0,1.0,-0.0,-0.0,-0.0
13309,2,2,Arsenal,-0.0,-0.0,1.0,-0.0,-0.0
16238,3,3,Arsenal,0.07931918,0.08027473,-0.0,0.76017981,0.08022628
13953,1,1,Arsenal,-0.0,1.0,-0.0,-0.0,-0.0
11802,0,3,Arsenal,-0.0,-0.0,-0.0,0.92004341,0.07995659
13943,2,2,Arsenal,-0.0,-0.0,1.0,-0.0,-0.0
17600,3,4,Arsenal,-0.0,-0.0,-0.0,-0.0,1.0
11916,0,3,Arsenal,-0.0,-0.0,-0.0,1.0,-0.0
19881,4,4,Arsenal,-0.0,-0.0,-0.0,-0.0,1.0
11081,0,0,Arsenal,1.0,-0.0,-0.0,-0.0,-0.0
17148,3,1,Arsenal,-0.0,0.67984424,-0.0,0.32015576,-0.0
11715,0,3,Arsenal,-0.0,0.03965489,-0.0,0.84067572,0.11966939
15677,1,1,Arsenal,-0.0,0.8794103,-0.0,0.1205897,-0.0
11773,0,3,Arsenal,-0.0,0.23974341,-0.0,0.67995157,0.08030502
15110,1,1,Arsenal,-0.0,1.0,-0.0,-0.0,-0.0
15685,1,1,Arsenal,-0.0,1.0,-0.0,-0.0,-0.0
10122,0,0,Arsenal,1.0,-0.0,-0.0,-0.0,-0.0
18870,4,4,Arsenal,-0.0,-0.0,-0.0,-0.0,1.0
14273,1,1,Arsenal,-0.0,1.0,-0.0,-0.0,-0.0
18917,4,4,Arsenal,-0.0,-0.0,-0.0,-0.0,1.0
11017,0,0,Arsenal,1.0,-0.0,-0.0,-0.0,-0.0
17157,3,3,Arsenal,-0.0,-0.0,-0.0,1.0,-0.0
14901,1,1,Arsenal,-0.0,1.0,-0.0,-0.0,-0.0
17862,3,1,Arsenal,-0.0,1.0,-0.0,-0.0,-0.0
12626,2,2,Arsenal,-0.0,-0.0,1.0,-0.0,-0.0
10928,0,0,Arsenal,1.0,-0.0,-0.0,-0.0,-0.0
18036,4,3,Arsenal,0.03965489,-0.0,-0.0,0.92034428,0.04000083
11913,0,1,Arsenal,-0.0,1.0,-0.0,-0.0,-0.0
17087,3,1,Arsenal,-0.0,0.92001637,-0.0,0.07998363,-0.0
15632,1,1,Arsenal,-0.0,1.0,-0.0,-0.0,-0.0
15910,1,1,Arsenal,-0.0,0.95991509,-0.0,-0.0,0.04008491
10745,0,3,Arsenal,-0.0,-0.0,-0.0,1.0,-0.0
17369,3,3,Arsenal,0.16039199,-0.0,-0.0,0.7207179,0.11889011
14754,1,1,Arsenal,-0.0,1.0,-0.0,-0.0,-0.0
11461,0,0,Arsenal,1.0,-0.0,-0.0,-0.0,-0.0
18239,4,3,Arsenal,0.12029619,-0.0,-0.0,0.79961032,0.08009349
15296,1,1,Arsenal,-0.0,1.0,-0.0,-0.0,-0.0
13088,2,2,Arsenal,-0.0,-0.0,1.0,-0.0,-0.0
10129,0,0,Arsenal,1.0,-0.0,-0.0,-0.0,-0.0
12876,2,2,Arsenal,-0.0,-0.0,1.0,-0.0,-0.0
10160,0,0,Arsenal,1.0,-0.0,-0.0,-0.0,-0.0
12754,2,2,Arsenal,0.04068547,-0.0,0.95931453,-0.0,-0.0
10861,0,0,Arsenal,1.0,-0.0,-0.0,-0.0,-0.0
13726,2,2,Arsenal,-0.0,-0.0,1.0,-0.0,-0.0
17929,4,3,Arsenal,0.44123217,0.03987882,-0.0,0.47902131,0.03986769
18938,4,4,Arsenal,0.07985153,-0.0,-0.0,0.24034701,0.67980145
17173,3,3,Arsenal,-0.0,-0.0,-0.0,1.0,-0.0
18530,4,3,Arsenal,0.15979996,0.2398619,-0.0,0.60033814,-0.0
12508,2,2,Arsenal,-0.0,-0.0,1.0,-0.0,-0.0
18984,4,4,Arsenal,-0.0,-0.0,-0.0,-0.0,1.0
16779,3,3,Arsenal,-0.0,-0.0,-0.0,1.0,-0.0
16617,3,3,Arsenal,-0.0,-0.0,-0.0,1.0,-0.0
14444,1,1,Arsenal,-0.0,1.0,-0.0,-0.0,-0.0
16598,3,3,Arsenal,-0.0,0.28001242,-0.0,0.63983705,0.08015053
13431,2,2,Arsenal,-0.0,-0.0,1.0,-0.0,-0.0
12537,2,2,Arsenal,-0.0,-0.0,1.0,-0.0,-0.0
13531,2,2,Arsenal,-0.0,-0.0,1.0,-0.0,-0.0
18522,4,0,Arsenal,0.39902267,0.240557,-0.0,0.31973486,0.04068547
10753,0,3,Arsenal,0.03981521,0.04011594,-0.0,0.88020116,0.03986769
13144,2,2,Arsenal,-0.0,-0.0,1.0,-0.0,-0.0
13235,2,2,Arsenal,-0.0,-0.0,1.0,-0.0,-0.0
17045,3,3,Arsenal,0.04004764,-0.0,-0.0,0.92013715,0.03981521
19721,4,2,Arsenal,-0.0,-0.0,1.0,-0.0,-0.0
18359,4,3,Arsenal,0.08011597,-0.0,-0.0,0.71985314,0.20003089
10317,0,0,Arsenal,1.0,-0.0,-0.0,-0.0,-0.0
11792,0,0,Arsenal,1.0,-0.0,-0.0,-0.0,-0.0
11853,0,0,Arsenal,1.0,-0.0,-0.0,-0.0,-0.0
14029,1,1,Arsenal,-0.0,1.0,-0.0,-0.0,-0.0
12984,2,2,Arsenal,-0.0,-0.0,1.0,-0.0,-0.0
16720,3,3,Arsenal,-0.0,-0.0,-0.0,1.0,-0.0
13676,2,2,Arsenal,-0.0,-0.0,1.0,-0.0,-0.0
12259,2,2,Arsenal,-0.0,-0.0,1.0,-0.0,-0.0
19382,4,4,Arsenal,-0.0,-0.0,-0.0,-0.0,1.0
13861,2,2,Arsenal,-0.0,-0.0,1.0,-0.0,-0.0
14125,1,1,Arsenal,-0.0,0.87992518,-0.0,0.12007482,-0.0
10443,0,3,Arsenal,0.23998162,-0.0,-0.0,0.60043721,0.15958117
17810,3,3,Arsenal,-0.0,-0.0,-0.0,1.0,-0.0
18636,4,4,Arsenal,-0.0,-0.0,-0.0,-0.0,1.0
13571,2,2,Arsenal,-0.0,-0.0,1.0,-0.0,-0.0
13082,2,2,Arsenal,-0.0,-0.0,1.0,-0.0,-0.0
17258,3,3,Arsenal,-0.0,-0.0,-0.0,1.0,-0.0
10621,0,3,Arsenal,-0.0,-0.0,-0.0,1.0,-0.0
18733,4,4,Arsenal,-0.0,-0.0,-0.0,0.04011109,0.95988891
9998,0,0,Arsenal,0.84038346,-0.0,-0.0,0.04002541,0.11959113
18012,4,0,Arsenal,0.48069585,0.31916836,-0.0,0.16041533,0.03972046
16587,3,3,Arsenal,-0.0,-0.0,-0.0,0.96033571,0.03966429
12608,2,2,Arsenal,-0.0,-0.0,1.0,-0.0,-0.0
14195,1,1,Arsenal,-0.0,0.4407922,-0.0,0.43899338,0.12021442
18225,4,3,Arsenal,-0.0,-0.0,-0.0,0.76069832,0.23930168
16812,3,3,Arsenal,-0.0,0.24060545,-0.0,0.67976045,0.0796341
16052,3,3,Arsenal,0.03965489,-0.0,-0.0,0.71971818,0.24062693
17458,3,3,Arsenal,-0.0,-0.0,-0.0,1.0,-0.0
15666,1,1,Arsenal,-0.0,1.0,-0.0,-0.0,-0.0
17789,3,3,Arsenal,-0.0,0.1997132,-0.0,0.56012124,0.24016556
17441,3,3,Arsenal,-0.0,-0.0,-0.0,1.0,-0.0
15359,1,1,Arsenal,-0.0,1.0,-0.0,-0.0,-0.0
15109,1,1,Arsenal,-0.0,1.0,-0.0,-0.0,-0.0
15605,1,1,Arsenal,-0.0,1.0,-0.0,-0.0,-0.0
19166,4,4,Arsenal,-0.0,0.32063176,-0.0,0.07978022,0.59958801
15606,1,1,Arsenal,-0.0,1.0,-0.0,-0.0,-0.0
13814,2,2,Arsenal,-0.0,-0.0,1.0,-0.0,-0.0
14456,1,1,Arsenal,-0.0,1.0,-0.0,-0.0,-0.0
14712,1,1,Arsenal,-0.0,1.0,-0.0,-0.0,-0.0
15610,1,1,Arsenal,-0.0,0.56090384,-0.0,-0.0,0.43909616
16404,3,1,Arsenal,-0.0,0.71965293,-0.0,0.19984638,0.08050068
17502,3,3,Arsenal,-0.0,-0.0,-0.0,1.0,-0.0
13121,2,2,Arsenal,-0.0,-0.0,1.0,-0.0,-0.0
19374,4,2,Arsenal,-0.0,-0.0,0.96036777,-0.0,0.03963223
12767,2,2,Arsenal,-0.0,-0.0,1.0,-0.0,-0.0
14090,1,1,Arsenal,-0.0,1.0,-0.0,-0.0,-0.0
12281,2,2,Arsenal,-0.0,-0.0,1.0,-0.0,-0.0
13024,2,2,Arsenal,0.03989992,-0.0,0.96010008,-0.0,-0.0
17717,3,3,Arsenal,-0.0,-0.0,-0.0,0.51978704,0.48021296
13223,2,2,Arsenal,-0.0,-0.0,1.0,-0.0,-0.0
10946,0,0,Arsenal,1.0,-0.0,-0.0,-0.0,-0.0
18267,4,3,Arsenal,-0.0,-0.0,-0.0,0.92025183,0.07974817
10530,0,3,Arsenal,0.08012943,0.11994256,-0.0,0.67920538,0.12072263
14965,1,3,Arsenal,-0.0,0.47984474,-0.0,0.52015526,-0.0
14162,1,1,Arsenal,-0.0,1.0,-0.0,-0.0,-0.0
19698,4,4,Arsenal,-0.0,-0.0,-0.0,-0.0,1.0
15692,1,1,Arsenal,-0.0,1.0,-0.0,-0.0,-0.0
14136,1,1,Arsenal,-0.0,1.0,-0.0,-0.0,-0.0
18154,4,0,Arsenal,1.0,-0.0,-0.0,-0.0,-0.0
11441,0,0,Arsenal,1.0,-0.0,-0.0,-0.0,-0.0
13351,2,2,Arsenal,-0.0,-0.0,1.0,-0.0,-0.0
10018,0,0,Arsenal,1.0,-0.0,-0.0,-0.0,-0.0
17227,3,3,Arsenal,-0.0,0.19943123,-0.0,0.80056877,-0.0
15915,1,1,Arsenal,-0.0,1.0,-0.0,-0.0,-0.0
18389,4,3,Arsenal,0.32020525,-0.0,-0.0,0.35892358,0.32087118
10711,0,0,Arsenal,1.0,-0.0,-0.0,-0.0,-0.0
13486,2,2,Arsenal,-0.0,-0.0,1.0,-0.0,-0.0
12575,2,2,Arsenal,-0.0,-0.0,1.0,-0.0,-0.0
13597,2,2,Arsenal,-0.0,-0.0,1.0,-0.0,-0.0
17296,3,3,Arsenal,-0.0,-0.0,-0.0,0.91944684,0.08055316
12442,2,2,Arsenal,-0.0,-0.0,1.0,-0.0,-0.0
14746,1,1,Arsenal,-0.0,1.0,-0.0,-0.0,-0.0
10291,0,0,Arsenal,1.0,-0.0,-0.0,-0.0,-0.0
18953,4,4,Arsenal,-0.0,-0.0,-0.0,-0.0,1.0
15454,1,1,Arsenal,-0.0,1.0,-0.0,-0.0,-0.0
19902,4,0,Arsenal,1.0,-0.0,-0.0,-0.0,-0.0
18679,4,4,Arsenal,-0.0,-0.0,-0.0,-0.0,1.0
15126,1,1,Arsenal,-0.0,1.0,-0.0,-0.0,-0.0
19340,4,4,Arsenal,-0.0,-0.0,-0.0,-0.0,1.0
18021,4,0,Arsenal,0.59944089,-0.0,-0.0,0.28053143,0.12002768
11482,0,0,Arsenal,1.0,-0.0,-0.0,-0.0,-0.0
13939,2,2,Arsenal,-0.0,-0.0,1.0,-0.0,-0.0
10717,0,3,Arsenal,0.1600618,-0.0,-0.0,0.76065108,0.07928712
11387,0,0,Arsenal,1.0,-0.0,-0.0,-0.0,-0.0
11941,0,1,Arsenal,-0.0,0.96027954,-0.0,0.03972046,-0.0
19905,4,4,Arsenal,-0.0,-0.0,-0.0,-0.0,1.0
12357,2,2,Arsenal,-0.0,-0.0,1.0,-0.0,-0.0
19538,4,4,Arsenal,-0.0,-0.0,-0.0,-0.0,1.0
18447,4,3,Arsenal,-0.0,-0.0,-0.0,1.0,-0.0
19677,4,4,Arsenal,-0.0,-0.0,-0.0,-0.0,1.0
11342,0,0,Arsenal,1.0,-0.0,-0.0,-0.0,-0.0
16724,3,3,Arsenal,-0.0,-0.0,-0.0,1.0,-0.0
19705,4,4,Arsenal,-0.0,-0.0,-0.0,-0.0,1.0
15073,1,1,Arsenal,-0.0,1.0,-0.0,-0.0,-0.0
12196,2,2,Arsenal,-0.0,-0.0,1.0,-0.0,-0.0
12550,2,2,Arsenal,-0.0,-0.0,1.0,-0.0,-0.0
11339,0,0,Arsenal,1.0,-0.0,-0.0,-0.0,-0.0
14071,1,1,Arsenal,-0.0,1.0,-0.0,-0.0,-0.0
15860,1,1,Arsenal,-0.0,1.0,-0.0,-0.0,-0.0
12952,2,3,Arsenal,-0.0,-0.0,-0.0,1.0,-0.0
14185,1,1,Arsenal,-0.0,1.0,-0.0,-0.0,-0.0
12101,2,2,Arsenal,-0.0,-0.0,1.0,-0.0,-0.0
19682,4,4,Arsenal,-0.0,-0.0,-0.0,-0.0,1.0
17360,3,3,Arsenal,-0.0,0.35943725,-0.0,0.64056275,-0.0
10423,0,3,Arsenal,0.15982489,-0.0,-0.0,0.7202118,0.11996331
15062,1,1,Arsenal,-0.0,1.0,-0.0,-0.0,-0.0
15571,1,1,Arsenal,-0.0,1.0,-0.0,-0.0,-0.0
19017,4,3,Arsenal,-0.0,-0.0,-0.0,0.92006885,0.07993115
11854,0,3,Arsenal,-0.0,0.04068547,-0.0,0.95931453,-0.0
10167,0,0,Arsenal,1.0,-0.0,-0.0,-0.0,-0.0
12916,2,2,Arsenal,-0.0,-0.0,1.0,-0.0,-0.0
13267,2,2,Arsenal,-0.0,-0.0,1.0,-0.0,-0.0
11155,0,0,Arsenal,1.0,-0.0,-0.0,-0.0,-0.0
12846,2,2,Arsenal,-0.0,-0.0,1.0,-0.0,-0.0
12332,2,2,Arsenal,-0.0,-0.0,1.0,-0.0,-0.0
10863,0,0,Arsenal,1.0,-0.0,-0.0,-0.0,-0.0
18732,4,4,Arsenal,-0.0,-0.0,-0.0,-0.0,1.0
13499,2,2,Arsenal,-0.0,-0.0,1.0,-0.0,-0.0
18555,4,3,Arsenal,0.31900972,-0.0,-0.0,0.5211496,0.15984069
10620,0,0,Arsenal,0.60113107,-0.0,-0.0,0.39886893,-0.0
18926,4,4,Arsenal,-0.0,-0.0,-0.0,-0.0,1.0
17715,3,1,Arsenal,-0.0,0.9198835,-0.0,0.0801165,-0.0
19587,4,4,Arsenal,-0.0,-0.0,-0.0,-0.0,1.0
17948,4,3,Arsenal,0.04011463,-0.0,-0.0,0.87981955,0.08006582
13142,2,2,Arsenal,-0.0,-0.0,1.0,-0.0,-0.0
17249,3,1,Arsenal,-0.0,0.55978045,-0.0,0.40019415,0.04002541
17265,3,0,Arsenal,0.44111318,-0.0,-0.0,0.31938978,0.23949704
16425,3,3,Arsenal,-0.0,-0.0,-0.0,0.92034236,0.07965764
10722,0,3,Arsenal,-0.0,-0.0,-0.0,0.80048227,0.19951773
13855,2,3,Arsenal,-0.0,-0.0,-0.0,1.0,-0.0
19582,4,4,Arsenal,-0.0,-0.0,0.08042421,-0.0,0.91957579
14470,1,1,Arsenal,-0.0,1.0,-0.0,-0.0,-0.0
10412,0,4,Arsenal,-0.0,0.35986274,-0.0,0.28014698,0.35999028
10074,0,0,Arsenal,1.0,-0.0,-0.0,-0.0,-0.0
10225,0,0,Arsenal,1.0,-0.0,-0.0,-0.0,-0.0
15358,1,1,Arsenal,-0.0,0.95997459,-0.0,0.04002541,-0.0
17410,3,3,Arsenal,-0.0,-0.0,-0.0,1.0,-0.0
12462,2,2,Arsenal,-0.0,-0.0,1.0,-0.0,-0.0
18820,4,1,Arsenal,0.11959412,0.72046953,-0.0,0.07981853,0.08011781
14421,1,1,Arsenal,-0.0,1.0,-0.0,-0.0,-0.0
17402,3,3,Arsenal,-0.0,-0.0,-0.0,1.0,-0.0
17915,3,3,Arsenal,0.1604541,0.11996456,-0.0,0.55963846,0.15994287
14575,1,1,Arsenal,-0.0,1.0,-0.0,-0.0,-0.0
16635,3,3,Arsenal,-0.0,-0.0,-0.0,1.0,-0.0
10832,0,0,Arsenal,1.0,-0.0,-0.0,-0.0,-0.0
19850,4,4,Arsenal,-0.0,-0.0,-0.0,-0.0,1.0
19236,4,3,Arsenal,-0.0,-0.0,-0.0,0.92001637,0.07998363
11041,0,0,Arsenal,1.0,-0.0,-0.0,-0.0,-0.0
19573,4,2,Arsenal,-0.0,0.12018413,0.87981587,-0.0,-0.0
13740,2,2,Arsenal,-0.0,-0.0,1.0,-0.0,-0.0
15401,1,1,Arsenal,-0.0,1.0,-0.0,-0.0,-0.0
17463,3,3,Arsenal,-0.0,-0.0,-0.0,1.0,-0.0
15808,1,1,Arsenal,-0.0,1.0,-0.0,-0.0,-0.0
17391,3,3,Arsenal,-0.0,-0.0,-0.0,0.84007116,0.15992884
11480,0,0,Arsenal,1.0,-0.0,-0.0,-0.0,-0.0
17569,3,3,Arsenal,-0.0,-0.0,-0.0,1.0,-0.0
19671,4,4,Arsenal,-0.0,-0.0,-0.0,-0.0,1.0
14556,1,1,Arsenal,-0.0,1.0,-0.0,-0.0,-0.0
15893,1,1,Arsenal,-0.0,1.0,-0.0,-0.0,-0.0
12728,2,2,Arsenal,-0.0,-0.0,1.0,-0.0,-0.0
14389,1,1,Arsenal,-0.0,1.0,-0.0,-0.0,-0.0
11213,0,0,Arsenal,1.0,-0.0,-0.0,-0.0,-0.0
11797,0,3,Arsenal,-0.0,-0.0,-0.0,0.95995236,0.04004764
15462,1,4,Arsenal,-0.0,0.35929768,-0.0,-0.0,0.64070232
17303,3,3,Arsenal,-0.0,-0.0,-0.0,0.95988891,0.04011109
19861,4,4,Arsenal,-0.0,-0.0,0.0808001,-0.0,0.9191999
16233,3,3,Arsenal,-0.0,-0.0,-0.0,0.9203103,0.0796897
10380,0,0,Arsenal,1.0,-0.0,-0.0,-0.0,-0.0
17496,3,3,Arsenal,0.08016448,-0.0,-0.0,0.60056613,0.31926939
10872,0,0,Arsenal,1.0,-0.0,-0.0,-0.0,-0.0
16252,3,3,Arsenal,0.04016365,0.0800382,-0.0,0.51914275,0.36065541
13909,2,2,Arsenal,-0.0,-0.0,1.0,-0.0,-0.0
10803,0,0,Arsenal,1.0,-0.0,-0.0,-0.0,-0.0
14548,1,1,Arsenal,-0.0,1.0,-0.0,-0.0,-0.0
10786,0,0,Arsenal,1.0,-0.0,-0.0,-0.0,-0.0
17188,3,3,Arsenal,-0.0,-0.0,-0.0,1.0,-0.0
14820,1,1,Arsenal,-0.0,0.91919108,-0.0,0.08080892,-0.0
17161,3,3,Arsenal,-0.0,0.12007836,-0.0,0.80002854,0.0798931
17649,3,1,Arsenal,0.03965489,0.96034511,-0.0,-0.0,-0.0
11065,0,0,Arsenal,1.0,-0.0,-0.0,-0.0,-0.0
14397,1,3,Arsenal,-0.0,0.03987882,-0.0,0.84075437,0.11936681
17972,4,3,Arsenal,0.12056513,-0.0,-0.0,0.87943487,-0.0
12227,2,2,Arsenal,-0.0,-0.0,1.0,-0.0,-0.0
12808,2,2,Arsenal,-0.0,-0.0,1.0,-0.0,-0.0
18900,4,4,Arsenal,-0.0,-0.0,-0.0,-0.0,1.0
18390,4,3,Arsenal,0.04000187,-0.0,-0.0,0.84018912,0.11980901
13590,2,2,Arsenal,-0.0,-0.0,1.0,-0.0,-0.0
11991,2,2,Arsenal,-0.0,-0.0,1.0,-0.0,-0.0
14963,1,1,Arsenal,-0.0,1.0,-0.0,-0.0,-0.0
18007,4,4,Arsenal,-0.0,-0.0,-0.0,0.40096836,0.59903164
15024,1,1,Arsenal,-0.0,1.0,-0.0,-0.0,-0.0
16402,3,4,Arsenal,0.2396069,0.0796803,-0.0,0.32068429,0.36002851
11568,0,1,Arsenal,0.12034017,0.43993308,-0.0,0.39961213,0.04011463
19231,4,3,Arsenal,0.03957093,-0.0,-0.0,0.92012831,0.04030076
17511,3,3,Arsenal,0.04025061,0.04014137,-0.0,0.87995313,0.03965489
10628,0,3,Arsenal,-0.0,-0.0,-0.0,1.0,-0.0
17232,3,3,Arsenal,-0.0,-0.0,-0.0,1.0,-0.0
17993,4,1,Arsenal,-0.0,0.4799964,-0.0,0.44001998,0.07998363
16878,3,3,Arsenal,-0.0,0.32010367,-0.0,0.67989633,-0.0
12309,2,2,Arsenal,-0.0,-0.0,1.0,-0.0,-0.0
16787,3,1,Arsenal,0.15936957,0.56052746,-0.0,0.04009161,0.24001135
13312,2,2,Arsenal,-0.0,-0.0,1.0,-0.0,-0.0
11777,0,1,Arsenal,0.04011463,0.92023049,-0.0,0.03965489,-0.0
11859,0,3,Arsenal,0.04009161,0.04003632,-0.0,0.51980734,0.40006473
18781,4,4,Arsenal,-0.0,-0.0,-0.0,-0.0,1.0
19735,4,4,Arsenal,-0.0,-0.0,-0.0,-0.0,1.0
19517,4,4,Arsenal,-0.0,-0.0,0.24020087,-0.0,0.75979913
19395,4,4,Arsenal,-0.0,-0.0,-0.0,-0.0,1.0
18673,4,4,Arsenal,-0.0,0.03965489,-0.0,0.40125982,0.55908529
15925,1,1,Arsenal,-0.0,1.0,-0.0,-0.0,-0.0
12013,2,2,Arsenal,-0.0,-0.0,1.0,-0.0,-0.0
14861,1,1,Arsenal,-0.0,1.0,-0.0,-0.0,-0.0
17337,3,3,Arsenal,-0.0,-0.0,-0.0,1.0,-0.0
10227,0,0,Arsenal,1.0,-0.0,-0.0,-0.0,-0.0
15335,1,1,Arsenal,-0.0,0.87943383,-0.0,0.12056617,-0.0
17164,3,3,Arsenal,-0.0,-0.0,-0.0,1.0,-0.0
12119,2,2,Arsenal,-0.0,-0.0,1.0,-0.0,-0.0
17765,3,3,Arsenal,-0.0,-0.0,-0.0,1.0,-0.0
13153,2,2,Arsenal,-0.0,-0.0,1.0,-0.0,-0.0
11222,0,0,Arsenal,1.0,-0.0,-0.0,-0.0,-0.0
10879,0,0,Arsenal,1.0,-0.0,-0.0,-0.0,-0.0
15472,1,1,Arsenal,-0.0,0.5999896,-0.0,0.35932493,0.04068547
10885,0,2,Arsenal,-0.0,-0.0,1.0,-0.0,-0.0
13866,2,2,Arsenal,-0.0,-0.0,1.0,-0.0,-0.0
11749,0,3,Arsenal,0.04011109,0.12013931,-0.0,0.83974961,-0.0
13347,2,3,Arsenal,-0.0,-0.0,-0.0,1.0,-0.0
12642,2,2,Arsenal,-0.0,-0.0,1.0,-0.0,-0.0
16904,3,3,Arsenal,-0.0,-0.0,-0.0,0.9198817,0.0801183
10174,0,0,Arsenal,0.95995236,-0.0,-0.0,-0.0,0.04004764
19199,4,3,Arsenal,-0.0,0.28022344,-0.0,0.71977656,-0.0
14568,1,1,Arsenal,-0.0,1.0,-0.0,-0.0,-0.0
11386,0,0,Arsenal,1.0,-0.0,-0.0,-0.0,-0.0
15471,1,1,Arsenal,-0.0,1.0,-0.0,-0.0,-0.0
17566,3,0,Arsenal,0.72079839,-0.0,-0.0,0.07977891,0.1994227
11988,2,2,Arsenal,-0.0,-0.0,1.0,-0.0,-0.0
15091,1,1,Arsenal,-0.0,1.0,-0.0,-0.0,-0.0
17827,3,3,Arsenal,-0.0,0.15997119,-0.0,0.84002881,-0.0
12381,2,2,Arsenal,-0.0,-0.0,1.0,-0.0,-0.0
18645,4,4,Arsenal,-0.0,-0.0,0.15941268,-0.0,0.84058732
15623,1,1,Arsenal,-0.0,1.0,-0.0,-0.0,-0.0
17059,3,3,Arsenal,-0.0,-0.0,-0.0,1.0,-0.0
17648,3,3,Arsenal,0.03972046,0.07991515,-0.0,0.84073217,0.03963223
10858,0,0,Arsenal,1.0,-0.0,-0.0,-0.0,-0.0
14572,1,1,Arsenal,-0.0,1.0,-0.0,-0.0,-0.0
18387,4,4,Arsenal,0.16022047,-0.0,-0.0,0.19992109,0.63985844
15292,1,1,Arsenal,-0.0,1.0,-0.0,-0.0,-0.0
15591,1,1,Arsenal,-0.0,0.8402641,-0.0,0.03966429,0.12007162
18591,4,0,Arsenal,0.92013043,-0.0,-0.0,0.07986957,-0.0
14187,1,1,Arsenal,-0.0,1.0,-0.0,-0.0,-0.0
14940,1,1,Arsenal,-0.0,1.0,-0.0,-0.0,-0.0
19079,4,4,Arsenal,-0.0,-0.0,-0.0,0.32083543,0.67916457
17890,3,3,Arsenal,-0.0,-0.0,-0.0,0.95996368,0.04003632
15693,1,1,Arsenal,-0.0,1.0,-0.0,-0.0,-0.0
11173,0,0,Arsenal,1.0,-0.0,-0.0,-0.0,-0.0
12077,2,2,Arsenal,-0.0,-0.0,1.0,-0.0,-0.0
13427,2,2,Arsenal,-0.0,-0.0,1.0,-0.0,-0.0
10608,0,3,Arsenal,0.1601984,0.31988517,-0.0,0.44008489,0.07983154
16420,3,3,Arsenal,-0.0,-0.0,-0.0,0.95974939,0.04025061
15402,1,1,Arsenal,-0.0,1.0,-0.0,-0.0,-0.0
14008,1,1,Arsenal,-0.0,1.0,-0.0,-0.0,-0.0
11359,0,0,Arsenal,1.0,-0.0,-0.0,-0.0,-0.0
11958,2,2,Arsenal,-0.0,-0.0,1.0,-0.0,-0.0
17517,3,3,Arsenal,0.03966429,-0.0,-0.0,0.76057896,0.19975675
18503,4,0,Arsenal,0.59931636,0.24052946,-0.0,0.08009244,0.08006173
13809,2,0,Arsenal,1.0,-0.0,-0.0,-0.0,-0.0
18400,4,3,Arsenal,0.2002254,0.12067661,-0.0,0.59952622,0.07957177
12123,2,2,Arsenal,-0.0,-0.0,1.0,-0.0,-0.0
12450,2,2,Arsenal,-0.0,-0.0,1.0,-0.0,-0.0
17481,3,1,Arsenal,-0.0,0.60083946,-0.0,0.35912421,0.04003632
14849,1,1,Arsenal,-0.0,1.0,-0.0,-0.0,-0.0
18576,4,3,Arsenal,0.0797492,-0.0,-0.0,0.9202508,-0.0
17711,3,3,Arsenal,-0.0,-0.0,-0.0,0.75948123,0.24051877
18623,4,3,Arsenal,-0.0,-0.0,-0.0,0.91981099,0.08018901
12456,2,2,Arsenal,-0.0,-0.0,1.0,-0.0,-0.0
18033,4,4,Arsenal,0.12049676,-0.0,-0.0,0.24041358,0.63908966
10935,0,0,Arsenal,1.0,-0.0,-0.0,-0.0,-0.0
13950,1,1,Arsenal,-0.0,1.0,-0.0,-0.0,-0.0
15265,1,1,Arsenal,-0.0,1.0,-0.0,-0.0,-0.0
11182,0,0,Arsenal,1.0,-0.0,-0.0,-0.0,-0.0
12375,2,2,Arsenal,-0.0,-0.0,1.0,-0.0,-0.0
14594,1,1,Arsenal,-0.0,1.0,-0.0,-0.0,-0.0
15783,1,1,Arsenal,-0.0,1.0,-0.0,-0.0,-0.0
10559,0,1,Arsenal,0.04011109,0.48004415,-0.0,0.43979713,0.04004764
14123,1,1,Arsenal,-0.0,0.80018033,-0.0,0.07990012,0.11991955
15280,1,1,Arsenal,-0.0,1.0,-0.0,-0.0,-0.0
11129,0,0,Arsenal,1.0,-0.0,-0.0,-0.0,-0.0
17882,3,3,Arsenal,0.20125906,-0.0,-0.0,0.75884102,0.03989992
13954,1,1,Arsenal,-0.0,1.0,-0.0,-0.0,-0.0
14585,1,1,Arsenal,-0.0,1.0,-0.0,-0.0,-0.0
15205,1,1,Arsenal,-0.0,1.0,-0.0,-0.0,-0.0
16690,3,3,Arsenal,-0.0,-0.0,-0.0,0.96010008,0.03989992
14046,1,1,Arsenal,-0.0,1.0,-0.0,-0.0,-0.0
18002,4,3,Arsenal,-0.0,-0.0,-0.0,0.88030604,0.11969396
14750,1,1,Arsenal,-0.0,0.91988298,-0.0,0.08011702,-0.0
19878,4,4,Arsenal,-0.0,-0.0,-0.0,-0.0,1.0
18280,4,3,Arsenal,0.24031011,-0.0,-0.0,0.67942507,0.08026482
18897,4,3,Arsenal,-0.0,-0.0,-0.0,0.92028487,0.07971513
16605,3,3,Arsenal,-0.0,-0.0,-0.0,1.0,-0.0
12632,2,2,Arsenal,-0.0,-0.0,1.0,-0.0,-0.0
15533,1,1,Arsenal,-0.0,1.0,-0.0,-0.0,-0.0
13979,1,1,Arsenal,-0.0,1.0,-0.0,-0.0,-0.0
18124,4,0,Arsenal,0.91963477,-0.0,-0.0,0.08036523,-0.0
12523,2,2,Arsenal,-0.0,-0.0,1.0,-0.0,-0.0
14128,1,1,Arsenal,-0.0,1.0,-0.0,-0.0,-0.0
18386,4,3,Arsenal,-0.0,0.07982793,-0.0,0.92017207,-0.0
18916,4,3,Arsenal,0.03972046,-0.0,-0.0,0.88062382,0.07965572
15517,1,1,Arsenal,-0.0,1.0,-0.0,-0.0,-0.0
11334,0,0,Arsenal,1.0,-0.0,-0.0,-0.0,-0.0
16620,3,3,Arsenal,0.07981708,0.04011594,-0.0,0.88006698,-0.0
14902,1,1,Arsenal,-0.0,1.0,-0.0,-0.0,-0.0
15325,1,1,Arsenal,-0.0,1.0,-0.0,-0.0,-0.0
11907,0,3,Arsenal,0.04000187,-0.0,-0.0,0.95999813,-0.0
12349,2,2,Arsenal,-0.0,-0.0,1.0,-0.0,-0.0
11466,0,0,Arsenal,1.0,-0.0,-0.0,-0.0,-0.0
14028,1,1,Arsenal,-0.0,1.0,-0.0,-0.0,-0.0
12131,2,2,Arsenal,-0.0,-0.0,1.0,-0.0,-0.0
13453,2,2,Arsenal,-0.0,-0.0,1.0,-0.0,-0.0
15100,1,1,Arsenal,-0.0,1.0,-0.0,-0.0,-0.0
10977,0,0,Arsenal,1.0,-0.0,-0.0,-0.0,-0.0
17489,3,3,Arsenal,0.080256,0.28017894,-0.0,0.51975192,0.11981315
16859,3,1,Arsenal,-0.0,0.87959713,-0.0,0.12040287,-0.0
16702,3,3,Arsenal,-0.0,-0.0,-0.0,1.0,-0.0
13101,2,2,Arsenal,-0.0,-0.0,1.0,-0.0,-0.0
18962,4,4,Arsenal,-0.0,0.04008491,-0.0,-0.0,0.95991509
15418,1,1,Arsenal,-0.0,1.0,-0.0,-0.0,-0.0
14038,1,1,Arsenal,-0.0,1.0,-0.0,-0.0,-0.0
12933,2,2,Arsenal,-0.0,-0.0,1.0,-0.0,-0.0
10958,0,0,Arsenal,1.0,-0.0,-0.0,-0.0,-0.0
17206,3,3,Arsenal,0.04008491,-0.0,-0.0,0.95991509,-0.0
12974,2,2,Arsenal,-0.0,-0.0,1.0,-0.0,-0.0
17850,3,3,Arsenal,0.24064042,-0.0,-0.0,0.75935958,-0.0
15144,1,1,Arsenal,-0.0,1.0,-0.0,-0.0,-0.0
14262,1,1,Arsenal,-0.0,1.0,-0.0,-0.0,-0.0
18157,4,3,Arsenal,0.04004764,-0.0,-0.0,0.8799433,0.08000907
18314,4,3,Arsenal,0.31945275,0.24023688,-0.0,0.36019492,0.08011546
10880,0,0,Arsenal,1.0,-0.0,-0.0,-0.0,-0.0
10790,0,0,Arsenal,1.0,-0.0,-0.0,-0.0,-0.0
15687,1,1,Arsenal,-0.0,1.0,-0.0,-0.0,-0.0
15187,1,1,Arsenal,0.04011463,0.95988537,-0.0,-0.0,-0.0
10603,0,0,Arsenal,0.95999917,-0.0,-0.0,0.04000083,-0.0
17809,3,0,Arsenal,1.0,-0.0,-0.0,-0.0,-0.0
14659,1,1,Arsenal,-0.0,1.0,-0.0,-0.0,-0.0
11076,0,0,Arsenal,1.0,-0.0,-0.0,-0.0,-0.0
10708,0,3,Arsenal,-0.0,-0.0,0.07993624,0.92006376,-0.0
15324,1,1,Arsenal,-0.0,1.0,-0.0,-0.0,-0.0
15080,1,1,Arsenal,-0.0,1.0,-0.0,-0.0,-0.0
17747,3,3,Arsenal,-0.0,-0.0,-0.0,0.95997459,0.04002541
10763,0,3,Arsenal,-0.0,0.31994375,-0.0,0.68005625,-0.0
14785,1,1,Arsenal,-0.0,1.0,-0.0,-0.0,-0.0
17631,3,3,Arsenal,0.07977361,-0.0,-0.0,0.8403547,0.07987169
17919,3,3,Arsenal,-0.0,-0.0,-0.0,0.87994246,0.12005754
19713,4,4,Arsenal,-0.0,-0.0,-0.0,-0.0,1.0
18882,4,4,Arsenal,-0.0,-0.0,-0.0,-0.0,1.0
15379,1,1,Arsenal,-0.0,1.0,-0.0,-0.0,-0.0
13299,2,2,Arsenal,-0.0,-0.0,1.0,-0.0,-0.0
15529,1,1,Arsenal,-0.0,0.95931453,-0.0,0.04068547,-0.0
16065,3,3,Arsenal,-0.0,-0.0,-0.0,0.96012118,0.03987882
17588,3,3,Arsenal,-0.0,-0.0,-0.0,1.0,-0.0
18194,4,1,Arsenal,-0.0,1.0,-0.0,-0.0,-0.0
11877,0,3,Arsenal,0.04000187,-0.0,-0.0,0.84029881,0.11969931
18596,4,4,Arsenal,0.24024722,0.03966429,-0.0,0.31994722,0.40014127
14991,1,1,Arsenal,-0.0,1.0,-0.0,-0.0,-0.0
13407,2,2,Arsenal,-0.0,-0.0,1.0,-0.0,-0.0
16669,3,3,Arsenal,-0.0,-0.0,-0.0,1.0,-0.0
14045,1,1,Arsenal,-0.0,1.0,-0.0,-0.0,-0.0
17257,3,1,Arsenal,-0.0,0.76040435,-0.0,0.23959565,-0.0
14729,1,1,Arsenal,-0.0,1.0,-0.0,-0.0,-0.0
17433,3,0,Arsenal,0.95999813,-0.0,-0.0,0.04000187,-0.0
14245,1,1,Arsenal,-0.0,1.0,-0.0,-0.0,-0.0
9993,0,0,Arsenal,1.0,-0.0,-0.0,-0.0,-0.0
14321,1,1,Arsenal,-0.0,1.0,-0.0,-0.0,-0.0
16909,3,3,Arsenal,-0.0,0.0801165,-0.0,0.87919803,0.04068547
14760,1,1,Arsenal,-0.0,1.0,-0.0,-0.0,-0.0
12698,2,2,Arsenal,-0.0,-0.0,1.0,-0.0,-0.0
10865,0,0,Arsenal,1.0,-0.0,-0.0,-0.0,-0.0
14272,1,1,Arsenal,-0.0,1.0,-0.0,-0.0,-0.0
14334,1,1,Arsenal,-0.0,1.0,-0.0,-0.0,-0.0
10470,0,3,Arsenal,-0.0,-0.0,-0.0,1.0,-0.0
18162,4,3,Arsenal,0.07975568,-0.0,-0.0,0.80061985,0.11962447
17294,3,3,Arsenal,-0.0,-0.0,-0.0,0.95990839,0.04009161
9994,0,0,Arsenal,1.0,-0.0,-0.0,-0.0,-0.0
10012,0,0,Arsenal,1.0,-0.0,-0.0,-0.0,-0.0
18026,4,3,Arsenal,0.04000083,-0.0,-0.0,0.92013148,0.03986769
19190,4,4,Arsenal,-0.0,-0.0,-0.0,-0.0,1.0
13609,2,2,Arsenal,-0.0,-0.0,1.0,-0.0,-0.0
11841,0,1,Arsenal,-0.0,0.92022126,-0.0,0.07977874,-0.0
14755,1,1,Arsenal,-0.0,1.0,-0.0,-0.0,-0.0
12147,2,2,Arsenal,-0.0,-0.0,1.0,-0.0,-0.0
14087,1,1,Arsenal,-0.0,1.0,-0.0,-0.0,-0.0
19175,4,3,Arsenal,-0.0,-0.0,-0.0,1.0,-0.0
13989,1,1,Arsenal,-0.0,1.0,-0.0,-0.0,-0.0
18843,4,2,Arsenal,-0.0,-0.0,1.0,-0.0,-0.0
19715,4,4,Arsenal,-0.0,-0.0,-0.0,-0.0,1.0
13053,2,2,Arsenal,-0.0,-0.0,1.0,-0.0,-0.0
15372,1,1,Arsenal,-0.0,1.0,-0.0,-0.0,-0.0
10323,0,0,Arsenal,1.0,-0.0,-0.0,-0.0,-0.0
18274,4,3,Arsenal,-0.0,-0.0,-0.0,1.0,-0.0
15909,1,1,Arsenal,-0.0,1.0,-0.0,-0.0,-0.0
12820,2,2,Arsenal,-0.0,-0.0,1.0,-0.0,-0.0
12222,2,2,Arsenal,-0.0,-0.0,1.0,-0.0,-0.0
12317,2,2,Arsenal,-0.0,-0.0,1.0,-0.0,-0.0
17020,3,3,Arsenal,-0.0,-0.0,-0.0,1.0,-0.0
18025,4,3,Arsenal,-0.0,-0.0,-0.0,0.9199798,0.0800202
18824,4,1,Arsenal,-0.0,0.88080005,-0.0,0.07938474,0.03981521
19112,4,4,Arsenal,-0.0,-0.0,-0.0,-0.0,1.0
10934,0,0,Arsenal,1.0,-0.0,-0.0,-0.0,-0.0
11860,0,3,Arsenal,0.07979626,-0.0,-0.0,0.92020374,-0.0
16407,3,3,Arsenal,-0.0,-0.0,-0.0,1.0,-0.0
15244,1,1,Arsenal,-0.0,1.0,-0.0,-0.0,-0.0
13140,2,2,Arsenal,-0.0,-0.0,1.0,-0.0,-0.0
10685,0,3,Arsenal,-0.0,-0.0,-0.0,0.8403118,0.1596882
17026,3,4,Arsenal,0.07966856,-0.0,-0.0,0.03965489,0.88067656
16222,3,1,Arsenal,-0.0,0.79940576,-0.0,0.16047961,0.04011463
18919,4,4,Arsenal,-0.0,-0.0,-0.0,-0.0,1.0
13397,2,2,Arsenal,-0.0,-0.0,1.0,-0.0,-0.0
16935,3,1,Arsenal,-0.0,0.71892737,-0.0,0.2410363,0.04003632
18583,4,1,Arsenal,0.03989992,0.55976874,-0.0,0.40033134,-0.0
17172,3,3,Arsenal,-0.0,-0.0,-0.0,1.0,-0.0
16259,3,3,Arsenal,-0.0,-0.0,-0.0,0.84006826,0.15993174
15149,1,1,Arsenal,-0.0,1.0,-0.0,-0.0,-0.0
15053,1,1,Arsenal,-0.0,0.95990839,-0.0,-0.0,0.04009161
16566,3,3,Arsenal,0.03963223,0.23984057,-0.0,0.72052719,-0.0
19176,4,4,Arsenal,-0.0,-0.0,-0.0,-0.0,1.0
12670,2,2,Arsenal,-0.0,-0.0,1.0,-0.0,-0.0
10720,0,4,Arsenal,-0.0,-0.0,-0.0,0.07963306,0.92036694
11035,0,0,Arsenal,1.0,-0.0,-0.0,-0.0,-0.0
12160,2,2,Arsenal,-0.0,-0.0,1.0,-0.0,-0.0
11680,0,3,Arsenal,-0.0,-0.0,-0.0,0.87973312,0.12026688
15634,1,1,Arsenal,-0.0,1.0,-0.0,-0.0,-0.0
11803,0,1,Arsenal,-0.0,0.71991126,-0.0,0.24008687,0.04000187
12254,2,2,Arsenal,-0.0,-0.0,1.0,-0.0,-0.0
13955,1,1,Arsenal,-0.0,1.0,-0.0,-0.0,-0.0
11098,0,0,Arsenal,1.0,-0.0,-0.0,-0.0,-0.0
13078,2,2,Arsenal,-0.0,-0.0,1.0,-0.0,-0.0
18518,4,3,Arsenal,-0.0,0.07980536,-0.0,0.84072378,0.07947085
14925,1,1,Arsenal,-0.0,1.0,-0.0,-0.0,-0.0
16816,3,3,Arsenal,-0.0,-0.0,-0.0,1.0,-0.0
16895,3,3,Arsenal,0.03987882,0.07995565,-0.0,0.80086901,0.07929652
14269,1,1,Arsenal,-0.0,1.0,-0.0,-0.0,-0.0
18104,4,0,Arsenal,0.8405664,-0.0,-0.0,0.1594336,-0.0
19731,4,4,Arsenal,-0.0,-0.0,0.3603051,-0.0,0.6396949
15311,1,1,Arsenal,-0.0,0.95999917,-0.0,0.04000083,-0.0
19218,4,4,Arsenal,-0.0,-0.0,-0.0,-0.0,1.0
14542,1,1,Arsenal,-0.0,1.0,-0.0,-0.0,-0.0
18300,4,3,Arsenal,-0.0,0.36030012,-0.0,0.55977342,0.07992646
15778,1,1,Arsenal,-0.0,0.84042256,-0.0,-0.0,0.15957744
11709,0,0,Arsenal,1.0,-0.0,-0.0,-0.0,-0.0
11818,0,3,Arsenal,-0.0,0.04011594,-0.0,0.95988406,-0.0
16853,3,3,Arsenal,-0.0,-0.0,-0.0,1.0,-0.0
14401,1,1,Arsenal,-0.0,0.83955851,-0.0,0.16044149,-0.0
13934,2,2,Arsenal,-0.0,-0.0,1.0,-0.0,-0.0
18093,4,4,Arsenal,-0.0,-0.0,-0.0,0.11988826,0.88011174
14237,1,1,Arsenal,-0.0,1.0,-0.0,-0.0,-0.0
18013,4,1,Arsenal,-0.0,0.5190052,-0.0,0.4809948,-0.0
18687,4,4,Arsenal,-0.0,-0.0,-0.0,-0.0,1.0
11071,0,0,Arsenal,1.0,-0.0,-0.0,-0.0,-0.0
18289,4,3,Arsenal,0.12086506,-0.0,-0.0,0.83888434,0.04025061
16215,3,3,Arsenal,0.19958589,0.04004764,-0.0,0.7202251,0.04014137
12634,2,2,Arsenal,-0.0,-0.0,1.0,-0.0,-0.0
18362,4,3,Arsenal,-0.0,-0.0,-0.0,0.71974887,0.28025113
14393,1,1,Arsenal,-0.0,1.0,-0.0,-0.0,-0.0
17183,3,3,Arsenal,-0.0,0.11988749,-0.0,0.83997114,0.04014137
16640,3,3,Arsenal,-0.0,-0.0,-0.0,1.0,-0.0
16077,3,1,Arsenal,-0.0,0.87892216,-0.0,0.12107784,-0.0
14920,1,1,Arsenal,-0.0,0.96012118,-0.0,0.03987882,-0.0
18937,4,4,Arsenal,-0.0,-0.0,-0.0,-0.0,1.0
18187,4,3,Arsenal,0.03989992,0.03957093,-0.0,0.51991014,0.40061901
18950,4,4,Arsenal,-0.0,-0.0,-0.0,-0.0,1.0
18215,4,1,Arsenal,-0.0,1.0,-0.0,-0.0,-0.0
18417,4,0,Arsenal,0.72026707,-0.0,-0.0,0.19963944,0.08009349
11258,0,0,Arsenal,1.0,-0.0,-0.0,-0.0,-0.0
12026,2,2,Arsenal,-0.0,-0.0,1.0,-0.0,-0.0
10973,0,0,Arsenal,1.0,-0.0,-0.0,-0.0,-0.0
19110,4,4,Arsenal,-0.0,-0.0,-0.0,-0.0,1.0
12703,2,2,Arsenal,-0.0,-0.0,1.0,-0.0,-0.0
19688,4,2,Arsenal,-0.0,-0.0,1.0,-0.0,-0.0
14718,1,1,Arsenal,-0.0,1.0,-0.0,-0.0,-0.0
13205,2,2,Arsenal,-0.0,-0.0,1.0,-0.0,-0.0
11951,2,2,Arsenal,-0.0,-0.0,1.0,-0.0,-0.0
13774,2,2,Arsenal,-0.0,-0.0,1.0,-0.0,-0.0
11931,0,3,Arsenal,0.04011594,-0.0,-0.0,0.83997669,0.11990737
13635,2,2,Arsenal,-0.0,-0.0,1.0,-0.0,-0.0
14778,1,1,Arsenal,-0.0,1.0,-0.0,-0.0,-0.0
11509,0,0,Arsenal,1.0,-0.0,-0.0,-0.0,-0.0
13513,2,2,Arsenal,-0.0,-0.0,0.92047742,-0.0,0.07952258
18110,4,3,Arsenal,-0.0,0.20002688,-0.0,0.72045054,0.07952258
14220,1,1,Arsenal,-0.0,1.0,-0.0,-0.0,-0.0
18071,4,3,Arsenal,-0.0,-0.0,-0.0,1.0,-0.0
14263,1,1,Arsenal,-0.0,1.0,-0.0,-0.0,-0.0
11604,0,3,Arsenal,-0.0,0.04011109,-0.0,0.95988891,-0.0
14189,1,1,Arsenal,-0.0,1.0,-0.0,-0.0,-0.0
15832,1,1,Arsenal,-0.0,1.0,-0.0,-0.0,-0.0
10979,0,0,Arsenal,1.0,-0.0,-0.0,-0.0,-0.0
10560,0,1,Arsenal,-0.0,0.92004069,-0.0,0.03986769,0.04009161
13328,2,2,Arsenal,-0.0,-0.0,1.0,-0.0,-0.0
12022,2,2,Arsenal,-0.0,-0.0,1.0,-0.0,-0.0
12764,2,2,Arsenal,-0.0,-0.0,1.0,-0.0,-0.0
12746,2,2,Arsenal,-0.0,-0.0,1.0,-0.0,-0.0
17555,3,3,Arsenal,-0.0,-0.0,-0.0,1.0,-0.0
15883,1,1,Arsenal,-0.0,1.0,-0.0,-0.0,-0.0
14253,1,1,Arsenal,-0.0,1.0,-0.0,-0.0,-0.0
10648,0,3,Arsenal,0.07990423,0.39999522,-0.0,0.44037926,0.07972129
17620,3,4,Arsenal,0.07966856,-0.0,-0.0,0.39997937,0.52035207
10576,0,3,Arsenal,-0.0,-0.0,-0.0,0.96010008,0.03989992
13623,2,2,Arsenal,-0.0,-0.0,1.0,-0.0,-0.0
12230,2,2,Arsenal,-0.0,-0.0,1.0,-0.0,-0.0
9990,0,0,Arsenal,1.0,-0.0,-0.0,-0.0,-0.0
14883,1,1,Arsenal,-0.0,1.0,-0.0,-0.0,-0.0
13946,1,1,Arsenal,-0.0,1.0,-0.0,-0.0,-0.0
15432,1,1,Arsenal,-0.0,0.91966448,-0.0,0.04025061,0.04008491
12595,2,2,Arsenal,-0.0,-0.0,1.0,-0.0,-0.0
16102,3,3,Arsenal,-0.0,0.11972602,-0.0,0.88027398,-0.0
16606,3,3,Arsenal,-0.0,-0.0,-0.0,1.0,-0.0
19146,4,4,Arsenal,-0.0,0.20015061,-0.0,-0.0,0.79984939
10610,0,4,Arsenal,-0.0,-0.0,-0.0,0.07974586,0.92025414
17401,3,4,Arsenal,-0.0,-0.0,-0.0,0.48016803,0.51983197
10498,0,1,Arsenal,0.120327,0.879673,-0.0,-0.0,-0.0
14300,1,1,Arsenal,-0.0,1.0,-0.0,-0.0,-0.0
10137,0,0,Arsenal,1.0,-0.0,-0.0,-0.0,-0.0
13972,1,1,Arsenal,-0.0,1.0,-0.0,-0.0,-0.0
11489,0,0,Arsenal,1.0,-0.0,-0.0,-0.0,-0.0
10276,0,0,Arsenal,1.0,-0.0,-0.0,-0.0,-0.0
16385,3,3,Arsenal,-0.0,-0.0,-0.0,1.0,-0.0
18262,4,3,Arsenal,-0.0,-0.0,-0.0,1.0,-0.0
15735,1,1,Arsenal,-0.0,1.0,-0.0,-0.0,-0.0
17438,3,3,Arsenal,-0.0,-0.0,-0.0,1.0,-0.0
12687,2,2,Arsenal,-0.0,-0.0,1.0,-0.0,-0.0
14293,1,1,Arsenal,-0.0,0.96018479,-0.0,-0.0,0.03981521
12161,2,2,Arsenal,-0.0,-0.0,1.0,-0.0,-0.0
18485,4,3,Arsenal,0.12002895,-0.0,-0.0,0.83988614,0.04008491
10022,0,0,Arsenal,1.0,-0.0,-0.0,-0.0,-0.0
11595,0,3,Arsenal,0.04009161,0.08011546,-0.0,0.80050581,0.07928712
13000,2,2,Arsenal,-0.0,-0.0,1.0,-0.0,-0.0
12275,2,2,Arsenal,-0.0,-0.0,1.0,-0.0,-0.0
15522,1,1,Arsenal,-0.0,1.0,-0.0,-0.0,-0.0
19569,4,4,Arsenal,-0.0,-0.0,-0.0,-0.0,1.0
12085,2,2,Arsenal,-0.0,-0.0,1.0,-0.0,-0.0
17563,3,3,Arsenal,-0.0,0.1602018,-0.0,0.72003038,0.11976781
12913,2,2,Arsenal,-0.0,-0.0,1.0,-0.0,-0.0
16409,3,3,Arsenal,0.11986497,0.04009161,-0.0,0.72012371,0.11991971
15546,1,1,Arsenal,-0.0,1.0,-0.0,-0.0,-0.0
11420,0,0,Arsenal,1.0,-0.0,-0.0,-0.0,-0.0
12443,2,2,Arsenal,-0.0,-0.0,1.0,-0.0,-0.0
13926,2,2,Arsenal,-0.0,-0.0,1.0,-0.0,-0.0
17636,3,3,Arsenal,0.03986769,-0.0,-0.0,0.92046802,0.03966429
15389,1,1,Arsenal,-0.0,1.0,-0.0,-0.0,-0.0
11912,0,0,Arsenal,1.0,-0.0,-0.0,-0.0,-0.0
14190,1,1,Arsenal,-0.0,1.0,-0.0,-0.0,-0.0
17974,4,4,Arsenal,-0.0,-0.0,-0.0,0.43968126,0.56031874
12496,2,2,Arsenal,-0.0,-0.0,1.0,-0.0,-0.0
15332,1,1,Arsenal,-0.0,1.0,-0.0,-0.0,-0.0
17415,3,3,Arsenal,-0.0,-0.0,-0.0,1.0,-0.0
13366,2,2,Arsenal,-0.0,-0.0,1.0,-0.0,-0.0
15803,1,1,Arsenal,-0.0,1.0,-0.0,-0.0,-0.0
16984,3,3,Arsenal,-0.0,-0.0,-0.0,1.0,-0.0
11239,0,0,Arsenal,1.0,-0.0,-0.0,-0.0,-0.0
16662,3,3,Arsenal,-0.0,-0.0,-0.0,0.92070348,0.07929652
13497,2,2,Arsenal,-0.0,-0.0,1.0,-0.0,-0.0
10430,0,1,Arsenal,-0.0,0.83994507,-0.0,0.12039064,0.03966429
11825,0,1,Arsenal,0.16035246,0.51914264,-0.0,0.08033708,0.24016781
19377,4,4,Arsenal,-0.0,-0.0,-0.0,-0.0,1.0
15206,1,1,Arsenal,-0.0,1.0,-0.0,-0.0,-0.0
13479,2,2,Arsenal,-0.0,-0.0,1.0,-0.0,-0.0
14206,1,1,Arsenal,-0.0,0.95983635,-0.0,0.04016365,-0.0
12650,2,2,Arsenal,-0.0,-0.0,1.0,-0.0,-0.0
14747,1,1,Arsenal,-0.0,1.0,-0.0,-0.0,-0.0
17125,3,3,Arsenal,-0.0,-0.0,-0.0,1.0,-0.0
18173,4,3,Arsenal,0.24005437,-0.0,-0.0,0.75994563,-0.0
16942,3,1,Arsenal,-0.0,0.51926441,-0.0,0.48073559,-0.0
17267,3,3,Arsenal,0.03981521,0.1203871,-0.0,0.4395658,0.40023189
18161,4,3,Arsenal,0.04030076,0.04016365,-0.0,0.8393991,0.0801365
18987,4,0,Arsenal,0.59933469,0.36066344,-0.0,0.04000187,-0.0
10087,0,0,Arsenal,1.0,-0.0,-0.0,-0.0,-0.0
13995,1,1,Arsenal,-0.0,1.0,-0.0,-0.0,-0.0
16883,3,3,Arsenal,-0.0,-0.0,-0.0,1.0,-0.0
19723,4,4,Arsenal,-0.0,-0.0,0.32153162,-0.0,0.67846838
19584,4,4,Arsenal,-0.0,-0.0,-0.0,-0.0,1.0
14776,1,1,Arsenal,-0.0,1.0,-0.0,-0.0,-0.0
10081,0,0,Arsenal,1.0,-0.0,-0.0,-0.0,-0.0
17102,3,3,Arsenal,-0.0,-0.0,-0.0,1.0,-0.0
18972,4,4,Arsenal,-0.0,-0.0,-0.0,-0.0,1.0
18146,4,3,Arsenal,0.07995931,-0.0,-0.0,0.92004069,-0.0
14418,1,1,Arsenal,-0.0,1.0,-0.0,-0.0,-0.0
10886,0,0,Arsenal,1.0,-0.0,-0.0,-0.0,-0.0
18073,4,3,Arsenal,-0.0,-0.0,-0.0,0.84088744,0.15911256
12851,2,2,Arsenal,-0.0,-0.0,1.0,-0.0,-0.0
13690,2,0,Arsenal,1.0,-0.0,-0.0,-0.0,-0.0
19149,4,3,Arsenal,-0.0,-0.0,-0.0,0.60011794,0.39988206
14970,1,1,Arsenal,-0.0,0.95988891,-0.0,-0.0,0.04011109
14173,1,1,Arsenal,-0.0,1.0,-0.0,-0.0,-0.0
10249,0,0,Arsenal,0.87959697,-0.0,-0.0,-0.0,0.12040303
10683,0,3,Arsenal,0.47968249,-0.0,-0.0,0.48020157,0.04011594
18305,4,3,Arsenal,0.1192371,-0.0,-0.0,0.84059926,0.04016365
16759,3,3,Arsenal,-0.0,0.35875484,-0.0,0.64124516,-0.0
15450,1,1,Arsenal,-0.0,1.0,-0.0,-0.0,-0.0
18947,4,4,Arsenal,-0.0,-0.0,-0.0,-0.0,1.0
10303,0,0,Arsenal,1.0,-0.0,-0.0,-0.0,-0.0
18557,4,3,Arsenal,0.08044213,-0.0,-0.0,0.87965795,0.03989992
15246,1,1,Arsenal,-0.0,1.0,-0.0,-0.0,-0.0
17817,3,0,Arsenal,0.68078092,-0.0,-0.0,0.31921908,-0.0
15656,1,4,Arsenal,-0.0,-0.0,-0.0,-0.0,1.0
16248,3,3,Arsenal,-0.0,-0.0,-0.0,0.96034511,0.03965489
16103,3,3,Arsenal,-0.0,-0.0,-0.0,0.95990839,0.04009161
19372,4,4,Arsenal,-0.0,-0.0,-0.0,-0.0,1.0
19180,4,4,Arsenal,-0.0,-0.0,-0.0,-0.0,1.0
12355,2,2,Arsenal,-0.0,-0.0,1.0,-0.0,-0.0
10558,0,3,Arsenal,0.03963223,-0.0,-0.0,0.96036777,-0.0
13202,2,2,Arsenal,-0.0,-0.0,1.0,-0.0,-0.0
12528,2,2,Arsenal,-0.0,-0.0,1.0,-0.0,-0.0
14607,1,1,Arsenal,-0.0,1.0,-0.0,-0.0,-0.0
13684,2,2,Arsenal,-0.0,-0.0,1.0,-0.0,-0.0
11625,0,3,Arsenal,0.03981521,0.15988966,-0.0,0.80029512,-0.0
10571,0,0,Arsenal,0.51856485,-0.0,-0.0,0.48143515,-0.0
17716,3,3,Arsenal,-0.0,-0.0,-0.0,0.64039061,0.35960939
11223,0,0,Arsenal,1.0,-0.0,-0.0,-0.0,-0.0
19532,4,4,Arsenal,-0.0,-0.0,-0.0,-0.0,1.0
17493,3,3,Arsenal,-0.0,-0.0,-0.0,1.0,-0.0
11944,0,3,Arsenal,-0.0,-0.0,-0.0,1.0,-0.0
13632,2,2,Arsenal,-0.0,-0.0,1.0,-0.0,-0.0
18063,4,3,Arsenal,0.07953567,-0.0,-0.0,0.92046433,-0.0
10143,0,0,Arsenal,0.28014848,0.19956536,-0.0,0.27993095,0.24035521
12032,2,2,Arsenal,-0.0,-0.0,1.0,-0.0,-0.0
15905,1,1,Arsenal,-0.0,1.0,-0.0,-0.0,-0.0
10356,0,0,Arsenal,1.0,-0.0,-0.0,-0.0,-0.0
16943,3,3,Arsenal,-0.0,0.23954012,-0.0,0.76045988,-0.0
12302,2,2,Arsenal,-0.0,-0.0,1.0,-0.0,-0.0
12052,2,2,Arsenal,-0.0,-0.0,1.0,-0.0,-0.0
11011,0,0,Arsenal,1.0,-0.0,-0.0,-0.0,-0.0
19150,4,3,Arsenal,-0.0,-0.0,-0.0,0.87920157,0.12079843
12737,2,2,Arsenal,-0.0,-0.0,1.0,-0.0,-0.0
11426,0,0,Arsenal,1.0,-0.0,-0.0,-0.0,-0.0
12279,2,2,Arsenal,-0.0,-0.0,1.0,-0.0,-0.0
10568,0,3,Arsenal,0.0802027,0.04016365,-0.0,0.79963889,0.07999476
11343,0,0,Arsenal,1.0,-0.0,-0.0,-0.0,-0.0
11389,0,0,Arsenal,1.0,-0.0,-0.0,-0.0,-0.0
11815,0,0,Arsenal,1.0,-0.0,-0.0,-0.0,-0.0
19402,4,4,Arsenal,-0.0,-0.0,-0.0,-0.0,1.0
11677,0,4,Arsenal,0.03966429,-0.0,-0.0,0.44045691,0.5198788
15458,1,1,Arsenal,-0.0,0.95988406,-0.0,0.04011594,-0.0
10495,0,3,Arsenal,-0.0,-0.0,-0.0,0.52012518,0.47987482
15516,1,1,Arsenal,-0.0,1.0,-0.0,-0.0,-0.0
11311,0,0,Arsenal,1.0,-0.0,-0.0,-0.0,-0.0
13641,2,0,Arsenal,1.0,-0.0,-0.0,-0.0,-0.0
12220,2,2,Arsenal,-0.0,-0.0,1.0,-0.0,-0.0
12839,2,2,Arsenal,-0.0,-0.0,1.0,-0.0,-0.0
18457,4,0,Arsenal,1.0,-0.0,-0.0,-0.0,-0.0
10510,0,4,Arsenal,-0.0,-0.0,-0.0,0.04004764,0.95995236
18649,4,4,Arsenal,-0.0,-0.0,-0.0,-0.0,1.0
13091,2,2,Arsenal,-0.0,-0.0,1.0,-0.0,-0.0
18472,4,3,Arsenal,0.04016365,-0.0,-0.0,0.92018147,0.03965489
10188,0,0,Arsenal,1.0,-0.0,-0.0,-0.0,-0.0
15711,1,1,Arsenal,-0.0,1.0,-0.0,-0.0,-0.0
10128,0,0,Arsenal,1.0,-0.0,-0.0,-0.0,-0.0
17243,3,3,Arsenal,-0.0,-0.0,-0.0,0.95999813,0.04000187
18075,4,3,Arsenal,-0.0,-0.0,-0.0,0.68100642,0.31899358
19570,4,4,Arsenal,-0.0,-0.0,-0.0,-0.0,1.0
11381,0,0,Arsenal,1.0,-0.0,-0.0,-0.0,-0.0
10701,0,3,Arsenal,-0.0,-0.0,-0.0,0.75993368,0.24006632
17213,3,3,Arsenal,-0.0,-0.0,-0.0,1.0,-0.0
13306,2,2,Arsenal,-0.0,-0.0,1.0,-0.0,-0.0
13808,2,2,Arsenal,-0.0,-0.0,1.0,-0.0,-0.0
17853,3,3,Arsenal,0.04011463,-0.0,-0.0,0.83956684,0.12031853
19186,4,1,Arsenal,-0.0,0.96042907,-0.0,0.03957093,-0.0
15798,1,1,Arsenal,-0.0,1.0,-0.0,-0.0,-0.0
15746,1,1,Arsenal,-0.0,1.0,-0.0,-0.0,-0.0
12881,2,2,Arsenal,-0.0,-0.0,1.0,-0.0,-0.0
16869,3,3,Arsenal,0.03981521,0.15915426,-0.0,0.68095448,0.12007605
18201,4,0,Arsenal,1.0,-0.0,-0.0,-0.0,-0.0
18011,4,3,Arsenal,-0.0,-0.0,-0.0,0.80113094,0.19886906
10009,0,0,Arsenal,1.0,-0.0,-0.0,-0.0,-0.0
14295,1,1,Arsenal,-0.0,1.0,-0.0,-0.0,-0.0
15792,1,1,Arsenal,-0.0,1.0,-0.0,-0.0,-0.0
15611,1,1,Arsenal,-0.0,1.0,-0.0,-0.0,-0.0
14703,1,3,Arsenal,-0.0,0.07984062,-0.0,0.92015938,-0.0
14753,1,1,Arsenal,-0.0,1.0,-0.0,-0.0,-0.0
11698,0,1,Arsenal,0.04000187,0.4796428,-0.0,0.36025309,0.12010223
11555,0,0,Arsenal,1.0,-0.0,-0.0,-0.0,-0.0
17902,3,1,Arsenal,-0.0,0.91996866,-0.0,0.08003134,-0.0
10061,0,0,Arsenal,1.0,-0.0,-0.0,-0.0,-0.0
18764,4,4,Arsenal,0.08041539,-0.0,-0.0,-0.0,0.91958461
13811,2,2,Arsenal,-0.0,-0.0,1.0,-0.0,-0.0
17377,3,3,Arsenal,-0.0,-0.0,-0.0,1.0,-0.0
12225,2,2,Arsenal,-0.0,-0.0,1.0,-0.0,-0.0
18582,4,1,Arsenal,0.03957093,0.92042823,-0.0,-0.0,0.04000083
17334,3,3,Arsenal,0.2795323,-0.0,-0.0,0.68034425,0.04012345
17442,3,1,Arsenal,-0.0,0.91974269,-0.0,0.08025731,-0.0
14153,1,1,Arsenal,-0.0,1.0,-0.0,-0.0,-0.0
19530,4,2,Arsenal,-0.0,-0.0,1.0,-0.0,-0.0
13096,2,2,Arsenal,-0.0,-0.0,1.0,-0.0,-0.0
11873,0,3,Arsenal,-0.0,-0.0,-0.0,0.51995908,0.48004092
19837,4,0,Arsenal,0.6000368,-0.0,-0.0,-0.0,0.3999632
12129,2,2,Arsenal,-0.0,-0.0,1.0,-0.0,-0.0
12428,2,2,Arsenal,-0.0,-0.0,1.0,-0.0,-0.0
11113,0,0,Arsenal,1.0,-0.0,-0.0,-0.0,-0.0
11384,0,0,Arsenal,1.0,-0.0,-0.0,-0.0,-0.0
16551,3,3,Arsenal,0.07972233,-0.0,-0.0,0.88061338,0.03966429
11497,0,0,Arsenal,1.0,-0.0,-0.0,-0.0,-0.0
14461,1,1,Arsenal,-0.0,1.0,-0.0,-0.0,-0.0
14343,1,1,Arsenal,-0.0,0.88011177,-0.0,0.11988823,-0.0
15785,1,1,Arsenal,-0.0,1.0,-0.0,-0.0,-0.0
16808,3,3,Arsenal,-0.0,-0.0,-0.0,1.0,-0.0
15048,1,1,Arsenal,-0.0,0.88064648,-0.0,0.07935269,0.04000083
13239,2,2,Arsenal,-0.0,-0.0,1.0,-0.0,-0.0
11431,0,0,Arsenal,1.0,-0.0,-0.0,-0.0,-0.0
10389,0,3,Arsenal,0.04025061,0.03972046,-0.0,0.88036465,0.03966429
17169,3,1,Arsenal,0.04003632,0.52028473,-0.0,0.43967894,-0.0
17820,3,3,Arsenal,-0.0,-0.0,-0.0,0.95988537,0.04011463
16968,3,0,Arsenal,0.79961165,0.20038835,-0.0,-0.0,-0.0
10144,0,0,Arsenal,0.96036777,-0.0,-0.0,-0.0,0.03963223
12991,2,2,Arsenal,-0.0,-0.0,1.0,-0.0,-0.0
19210,4,4,Arsenal,-0.0,-0.0,-0.0,-0.0,1.0
11897,0,3,Arsenal,-0.0,0.07986285,-0.0,0.8800137,0.04012345
11327,0,0,Arsenal,1.0,-0.0,-0.0,-0.0,-0.0
15029,1,1,Arsenal,-0.0,1.0,-0.0,-0.0,-0.0
18062,4,0,Arsenal,0.75993344,-0.0,-0.0,0.20034611,0.03972046
16766,3,3,Arsenal,-0.0,0.03963223,-0.0,0.96036777,-0.0
17751,3,3,Arsenal,-0.0,0.16047099,-0.0,0.83952901,-0.0
13509,2,2,Arsenal,-0.0,-0.0,1.0,-0.0,-0.0
12238,2,2,Arsenal,-0.0,-0.0,1.0,-0.0,-0.0
18373,4,3,Arsenal,-0.0,-0.0,-0.0,0.7201363,0.2798637
13234,2,2,Arsenal,-0.0,-0.0,1.0,-0.0,-0.0
10848,0,0,Arsenal,1.0,-0.0,-0.0,-0.0,-0.0
16590,3,1,Arsenal,0.04012345,0.63900496,-0.0,0.28073022,0.04014137
17982,4,3,Arsenal,0.19909882,-0.0,-0.0,0.6802582,0.12064298
13879,2,2,Arsenal,-0.0,-0.0,1.0,-0.0,-0.0
18796,4,4,Arsenal,-0.0,0.07986957,-0.0,-0.0,0.92013043
18762,4,4,Arsenal,-0.0,-0.0,-0.0,-0.0,1.0
10296,0,0,Arsenal,1.0,-0.0,-0.0,-0.0,-0.0
13255,2,2,Arsenal,-0.0,-0.0,1.0,-0.0,-0.0
10395,0,4,Arsenal,-0.0,-0.0,-0.0,0.23992286,0.76007714
10949,0,0,Arsenal,1.0,-0.0,-0.0,-0.0,-0.0
14492,1,1,Arsenal,-0.0,1.0,-0.0,-0.0,-0.0
17022,3,3,Arsenal,-0.0,-0.0,-0.0,1.0,-0.0
11000,0,0,Arsenal,1.0,-0.0,-0.0,-0.0,-0.0
15900,1,1,Arsenal,-0.0,1.0,-0.0,-0.0,-0.0
18750,4,3,Arsenal,-0.0,-0.0,-0.0,0.87927633,0.12072367
12899,2,2,Arsenal,-0.0,-0.0,1.0,-0.0,-0.0
12080,2,2,Arsenal,-0.0,-0.0,1.0,-0.0,-0.0
18952,4,4,Arsenal,0.11946016,0.2002413,-0.0,0.08041539,0.59988315
17625,3,3,Arsenal,-0.0,-0.0,-0.0,1.0,-0.0
18376,4,0,Arsenal,0.95990839,-0.0,-0.0,0.04009161,-0.0
11683,0,4,Arsenal,-0.0,-0.0,-0.0,0.04003632,0.95996368
17453,3,3,Arsenal,-0.0,0.20010591,-0.0,0.75977064,0.04012345
16999,3,1,Arsenal,-0.0,0.68032401,-0.0,0.31967599,-0.0
17146,3,3,Arsenal,-0.0,0.03986769,-0.0,0.79983981,0.16029249
17807,3,3,Arsenal,0.04000083,-0.0,-0.0,0.83969228,0.12030689
15800,1,1,Arsenal,-0.0,1.0,-0.0,-0.0,-0.0
19675,4,4,Arsenal,-0.0,-0.0,-0.0,-0.0,1.0
15734,1,1,Arsenal,-0.0,1.0,-0.0,-0.0,-0.0
14927,1,1,Arsenal,-0.0,1.0,-0.0,-0.0,-0.0
10468,0,3,Arsenal,0.03986769,-0.0,-0.0,0.84041917,0.11971314
14442,1,1,Arsenal,-0.0,1.0,-0.0,-0.0,-0.0
10476,0,3,Arsenal,-0.0,-0.0,-0.0,0.91941461,0.08058539
10089,0,3,Arsenal,0.11957111,0.04011463,-0.0,0.44019113,0.40012314
15211,1,1,Arsenal,-0.0,0.92046629,-0.0,0.07953371,-0.0
17689,3,3,Arsenal,-0.0,-0.0,-0.0,0.95974939,0.04025061
12972,2,2,Arsenal,-0.0,-0.0,1.0,-0.0,-0.0
16066,3,3,Arsenal,-0.0,-0.0,-0.0,1.0,-0.0
14419,1,1,Arsenal,-0.0,1.0,-0.0,-0.0,-0.0
14745,1,3,Arsenal,-0.0,0.1594678,-0.0,0.8405322,-0.0
15417,1,1,Arsenal,-0.0,0.92050008,-0.0,0.07949992,-0.0
17467,3,3,Arsenal,-0.0,-0.0,-0.0,1.0,-0.0
15420,1,1,Arsenal,-0.0,1.0,-0.0,-0.0,-0.0
14113,1,1,Arsenal,-0.0,1.0,-0.0,-0.0,-0.0
13472,2,2,Arsenal,-0.0,-0.0,1.0,-0.0,-0.0
12699,2,2,Arsenal,-0.0,-0.0,1.0,-0.0,-0.0
18956,4,4,Arsenal,-0.0,-0.0,-0.0,-0.0,1.0
12733,2,2,Arsenal,-0.0,-0.0,1.0,-0.0,-0.0
16678,3,3,Arsenal,-0.0,-0.0,-0.0,1.0,-0.0
14175,1,1,Arsenal,-0.0,1.0,-0.0,-0.0,-0.0
14733,1,1,Arsenal,-0.0,1.0,-0.0,-0.0,-0.0
12856,2,2,Arsenal,-0.0,-0.0,1.0,-0.0,-0.0
13282,2,2,Arsenal,-0.0,-0.0,1.0,-0.0,-0.0
19507,4,2,Arsenal,-0.0,-0.0,0.76061862,-0.0,0.23938138
17083,3,3,Arsenal,-0.0,-0.0,-0.0,1.0,-0.0
19853,4,4,Arsenal,-0.0,-0.0,-0.0,-0.0,1.0
19054,4,4,Arsenal,-0.0,-0.0,-0.0,-0.0,1.0
14004,1,1,Arsenal,-0.0,1.0,-0.0,-0.0,-0.0
14571,1,1,Arsenal,-0.0,1.0,-0.0,-0.0,-0.0
17712,3,3,Arsenal,-0.0,-0.0,-0.0,1.0,-0.0
19540,4,4,Arsenal,-0.0,-0.0,-0.0,-0.0,1.0
17287,3,3,Arsenal,-0.0,-0.0,-0.0,1.0,-0.0
11044,0,0,Arsenal,1.0,-0.0,-0.0,-0.0,-0.0
18463,4,3,Arsenal,-0.0,-0.0,-0.0,1.0,-0.0
15020,1,1,Arsenal,-0.0,1.0,-0.0,-0.0,-0.0
17573,3,3,Arsenal,-0.0,-0.0,-0.0,0.88088595,0.11911405
13224,2,2,Arsenal,-0.0,-0.0,1.0,-0.0,-0.0
10199,0,0,Arsenal,1.0,-0.0,-0.0,-0.0,-0.0
12368,2,2,Arsenal,-0.0,-0.0,1.0,-0.0,-0.0
17709,3,3,Arsenal,-0.0,0.04068547,-0.0,0.7990976,0.16021693
11554,0,0,Arsenal,1.0,-0.0,-0.0,-0.0,-0.0
10355,0,0,Arsenal,1.0,-0.0,-0.0,-0.0,-0.0
18725,4,4,Arsenal,-0.0,-0.0,-0.0,-0.0,1.0
13482,2,2,Arsenal,-0.0,-0.0,1.0,-0.0,-0.0
19855,4,4,Arsenal,-0.0,-0.0,-0.0,-0.0,1.0
15652,1,1,Arsenal,-0.0,1.0,-0.0,-0.0,-0.0
15007,1,1,Arsenal,-0.0,1.0,-0.0,-0.0,-0.0
17286,3,3,Arsenal,-0.0,-0.0,-0.0,0.95983635,0.04016365
10675,0,0,Arsenal,0.44043301,-0.0,-0.0,0.32030784,0.23925914
15051,1,1,Arsenal,-0.0,0.63960184,-0.0,0.32014755,0.04025061
14116,1,1,Arsenal,-0.0,1.0,-0.0,-0.0,-0.0
11539,0,0,Arsenal,1.0,-0.0,-0.0,-0.0,-0.0
18292,4,3,Arsenal,-0.0,-0.0,-0.0,0.88041396,0.11958604
10346,0,0,Arsenal,1.0,-0.0,-0.0,-0.0,-0.0
11928,0,1,Arsenal,-0.0,0.76093678,-0.0,0.15986006,0.07920317
11026,0,0,Arsenal,1.0,-0.0,-0.0,-0.0,-0.0
11297,0,0,Arsenal,1.0,-0.0,-0.0,-0.0,-0.0
17859,3,3,Arsenal,0.11957022,-0.0,-0.0,0.84031869,0.04011109
19718,4,4,Arsenal,-0.0,-0.0,-0.0,-0.0,1.0
17785,3,0,Arsenal,1.0,-0.0,-0.0,-0.0,-0.0
19364,4,4,Arsenal,-0.0,-0.0,-0.0,-0.0,1.0
19151,4,3,Arsenal,0.08036654,-0.0,-0.0,0.56004912,0.35958434
10479,0,1,Arsenal,0.0797492,0.72056404,-0.0,0.07972384,0.11996292
13455,2,2,Arsenal,-0.0,-0.0,1.0,-0.0,-0.0
13241,2,2,Arsenal,-0.0,-0.0,1.0,-0.0,-0.0
13446,2,2,Arsenal,-0.0,-0.0,1.0,-0.0,-0.0
16765,3,3,Arsenal,-0.0,-0.0,-0.0,1.0,-0.0
11299,0,0,Arsenal,1.0,-0.0,-0.0,-0.0,-0.0
19725,4,2,Arsenal,-0.0,-0.0,0.60017548,-0.0,0.39982452
18072,4,0,Arsenal,0.84051291,-0.0,-0.0,0.15948709,-0.0
10184,0,0,Arsenal,1.0,-0.0,-0.0,-0.0,-0.0
12448,2,2,Arsenal,-0.0,-0.0,1.0,-0.0,-0.0
14839,1,1,Arsenal,-0.0,1.0,-0.0,-0.0,-0.0
13237,2,2,Arsenal,-0.0,-0.0,1.0,-0.0,-0.0
14950,1,1,Arsenal,-0.0,1.0,-0.0,-0.0,-0.0
17819,3,1,Arsenal,0.07973458,0.64089418,-0.0,0.11919995,0.16017128
18319,4,0,Arsenal,0.88012735,-0.0,-0.0,0.11987265,-0.0
14823,1,1,Arsenal,-0.0,1.0,-0.0,-0.0,-0.0
11506,0,0,Arsenal,1.0,-0.0,-0.0,-0.0,-0.0
12513,2,2,Arsenal,-0.0,-0.0,1.0,-0.0,-0.0
19579,4,4,Arsenal,-0.0,-0.0,-0.0,-0.0,1.0
15236,1,3,Arsenal,-0.0,0.19977838,-0.0,0.80022162,-0.0
13250,2,2,Arsenal,-0.0,-0.0,1.0,-0.0,-0.0
13960,1,1,Arsenal,-0.0,1.0,-0.0,-0.0,-0.0
12683,2,2,Arsenal,-0.0,-0.0,1.0,-0.0,-0.0
13771,2,2,Arsenal,-0.0,-0.0,1.0,-0.0,-0.0
11216,0,0,Arsenal,1.0,-0.0,-0.0,-0.0,-0.0
17065,3,3,Arsenal,-0.0,0.12020494,-0.0,0.87979506,-0.0
11240,0,0,Arsenal,1.0,-0.0,-0.0,-0.0,-0.0
13607,2,2,Arsenal,-0.0,-0.0,1.0,-0.0,-0.0
13500,2,2,Arsenal,-0.0,-0.0,1.0,-0.0,-0.0
17137,3,1,Arsenal,-0.0,0.63938702,-0.0,0.36061298,-0.0
11636,0,3,Arsenal,-0.0,0.04009161,-0.0,0.88016187,0.07974652
15416,1,1,Arsenal,-0.0,1.0,-0.0,-0.0,-0.0
11295,0,0,Arsenal,1.0,-0.0,-0.0,-0.0,-0.0
14248,1,1,Arsenal,-0.0,1.0,-0.0,-0.0,-0.0
13618,2,3,Arsenal,-0.0,-0.0,-0.0,1.0,-0.0
10000,0,0,Arsenal,1.0,-0.0,-0.0,-0.0,-0.0
12474,2,2,Arsenal,-0.0,-0.0,1.0,-0.0,-0.0
18515,4,3,Arsenal,0.03957093,-0.0,-0.0,0.92076478,0.03966429
12951,2,2,Arsenal,-0.0,-0.0,1.0,-0.0,-0.0
10224,0,0,Arsenal,1.0,-0.0,-0.0,-0.0,-0.0
19891,4,4,Arsenal,-0.0,-0.0,-0.0,-0.0,1.0
12588,2,2,Arsenal,-0.0,-0.0,1.0,-0.0,-0.0
15122,1,1,Arsenal,-0.0,0.88007183,-0.0,0.11992817,-0.0
12202,2,2,Arsenal,-0.0,-0.0,1.0,-0.0,-0.0
16563,3,3,Arsenal,-0.0,0.03981521,-0.0,0.92030596,0.03987882
11196,0,0,Arsenal,1.0,-0.0,-0.0,-0.0,-0.0
12270,2,2,Arsenal,-0.0,-0.0,1.0,-0.0,-0.0
16844,3,3,Arsenal,-0.0,-0.0,-0.0,0.91977429,0.08022571
15082,1,1,Arsenal,-0.0,1.0,-0.0,-0.0,-0.0
13615,2,2,Arsenal,-0.0,-0.0,1.0,-0.0,-0.0
10368,0,0,Arsenal,1.0,-0.0,-0.0,-0.0,-0.0
12963,2,2,Arsenal,-0.0,-0.0,1.0,-0.0,-0.0
12425,2,2,Arsenal,-0.0,-0.0,1.0,-0.0,-0.0
11496,0,0,Arsenal,1.0,-0.0,-0.0,-0.0,-0.0
13344,2,2,Arsenal,-0.0,-0.0,1.0,-0.0,-0.0
18266,4,3,Arsenal,0.16016884,-0.0,-0.0,0.83983116,-0.0
14561,1,1,Arsenal,-0.0,1.0,-0.0,-0.0,-0.0
10591,0,3,Arsenal,-0.0,-0.0,-0.0,1.0,-0.0
11111,0,0,Arsenal,1.0,-0.0,-0.0,-0.0,-0.0
16235,3,3,Arsenal,0.08029825,0.08008678,-0.0,0.75935897,0.080256
18982,4,1,Arsenal,-0.0,0.56050527,-0.0,0.04025061,0.39924412
12403,2,2,Arsenal,-0.0,-0.0,1.0,-0.0,-0.0
18233,4,3,Arsenal,-0.0,-0.0,-0.0,0.83962672,0.16037328
13846,2,2,Arsenal,-0.0,-0.0,1.0,-0.0,-0.0
11580,0,0,Arsenal,0.80038263,-0.0,-0.0,0.19961737,-0.0
19251,4,4,Arsenal,-0.0,0.04004764,-0.0,0.03963223,0.92032013
10647,0,3,Arsenal,0.03965489,-0.0,-0.0,0.96034511,-0.0
15763,1,1,Arsenal,-0.0,1.0,-0.0,-0.0,-0.0
15572,1,4,Arsenal,-0.0,0.04030076,-0.0,-0.0,0.95969924
17638,3,3,Arsenal,-0.0,-0.0,-0.0,1.0,-0.0
14350,1,1,Arsenal,-0.0,1.0,-0.0,-0.0,-0.0
13139,2,2,Arsenal,-0.0,-0.0,1.0,-0.0,-0.0
15281,1,1,Arsenal,-0.0,1.0,-0.0,-0.0,-0.0
19739,4,2,Arsenal,-0.0,-0.0,0.64050641,-0.0,0.35949359
18608,4,4,Arsenal,-0.0,-0.0,0.23968547,0.27945476,0.48085977
19358,4,4,Arsenal,-0.0,-0.0,-0.0,-0.0,1.0
11980,2,2,Arsenal,-0.0,-0.0,1.0,-0.0,-0.0
16651,3,3,Arsenal,-0.0,-0.0,-0.0,1.0,-0.0
12034,2,2,Arsenal,-0.0,-0.0,1.0,-0.0,-0.0
14076,1,1,Arsenal,-0.0,0.60021321,-0.0,0.39978679,-0.0
17558,3,3,Arsenal,-0.0,-0.0,-0.0,1.0,-0.0
11245,0,0,Arsenal,1.0,-0.0,-0.0,-0.0,-0.0
18051,4,3,Arsenal,-0.0,-0.0,-0.0,0.67946857,0.32053143
11430,0,0,Arsenal,1.0,-0.0,-0.0,-0.0,-0.0
15467,1,1,Arsenal,-0.0,1.0,-0.0,-0.0,-0.0
10592,0,3,Arsenal,0.12015238,-0.0,-0.0,0.75999189,0.11985573
17732,3,4,Arsenal,0.12034311,-0.0,-0.0,0.32028976,0.55936713
15858,1,1,Arsenal,-0.0,1.0,-0.0,-0.0,-0.0
15157,1,1,Arsenal,-0.0,1.0,-0.0,-0.0,-0.0
10814,0,0,Arsenal,1.0,-0.0,-0.0,-0.0,-0.0
10542,0,3,Arsenal,0.11980635,-0.0,-0.0,0.84015732,0.04003632
19161,4,4,Arsenal,-0.0,-0.0,-0.0,-0.0,1.0
11714,0,3,Arsenal,0.04011463,0.15980475,-0.0,0.6790969,0.12098372
15730,1,1,Arsenal,-0.0,1.0,-0.0,-0.0,-0.0
11249,0,0,Arsenal,1.0,-0.0,-0.0,-0.0,-0.0
12060,2,2,Arsenal,-0.0,-0.0,1.0,-0.0,-0.0
13192,2,2,Arsenal,-0.0,-0.0,1.0,-0.0,-0.0
16628,3,3,Arsenal,-0.0,0.04011463,-0.0,0.95988537,-0.0
12390,2,2,Arsenal,-0.0,-0.0,1.0,-0.0,-0.0
16386,3,3,Arsenal,-0.0,-0.0,-0.0,0.95997459,0.04002541
10429,0,4,Arsenal,-0.0,-0.0,-0.0,0.24033436,0.75966564
12721,2,2,Arsenal,-0.0,-0.0,1.0,-0.0,-0.0
15779,1,1,Arsenal,-0.0,1.0,-0.0,-0.0,-0.0
9995,0,0,Arsenal,1.0,-0.0,-0.0,-0.0,-0.0
19073,4,3,Arsenal,-0.0,-0.0,-0.0,1.0,-0.0
14937,1,1,Arsenal,-0.0,1.0,-0.0,-0.0,-0.0
17115,3,3,Arsenal,-0.0,-0.0,-0.0,1.0,-0.0
15067,1,1,Arsenal,-0.0,1.0,-0.0,-0.0,-0.0
13981,1,1,Arsenal,-0.0,1.0,-0.0,-0.0,-0.0
15006,1,3,Arsenal,-0.0,0.27953872,-0.0,0.68034666,0.04011463
16939,3,1,Arsenal,-0.0,1.0,-0.0,-0.0,-0.0
12977,2,2,Arsenal,-0.0,-0.0,1.0,-0.0,-0.0
13707,2,2,Arsenal,-0.0,-0.0,1.0,-0.0,-0.0
13115,2,2,Arsenal,-0.0,-0.0,1.0,-0.0,-0.0
10656,0,3,Arsenal,-0.0,-0.0,-0.0,1.0,-0.0
11230,0,0,Arsenal,1.0,-0.0,-0.0,-0.0,-0.0
12250,2,2,Arsenal,-0.0,-0.0,1.0,-0.0,-0.0
13828,2,0,Arsenal,1.0,-0.0,-0.0,-0.0,-0.0
18271,4,0,Arsenal,1.0,-0.0,-0.0,-0.0,-0.0
15614,1,1,Arsenal,-0.0,1.0,-0.0,-0.0,-0.0
15258,1,1,Arsenal,-0.0,1.0,-0.0,-0.0,-0.0
19057,4,1,Arsenal,-0.0,0.96027954,-0.0,-0.0,0.03972046
14424,1,1,Arsenal,-0.0,1.0,-0.0,-0.0,-0.0
12992,2,2,Arsenal,-0.0,-0.0,1.0,-0.0,-0.0
12544,2,2,Arsenal,-0.0,-0.0,1.0,-0.0,-0.0
11688,0,4,Arsenal,0.19986915,0.23998604,-0.0,0.2797526,0.28039221
15661,1,1,Arsenal,-0.0,1.0,-0.0,-0.0,-0.0
18610,4,4,Arsenal,-0.0,-0.0,-0.0,-0.0,1.0
18567,4,3,Arsenal,0.27997792,0.04014137,-0.0,0.36002551,0.3198552
12455,2,2,Arsenal,-0.0,-0.0,1.0,-0.0,-0.0
17181,3,3,Arsenal,-0.0,0.03986769,-0.0,0.96013231,-0.0
19220,4,4,Arsenal,-0.0,-0.0,-0.0,-0.0,1.0
10596,0,1,Arsenal,0.03987882,0.83981623,-0.0,0.12030495,-0.0
15561,1,1,Arsenal,-0.0,1.0,-0.0,-0.0,-0.0
12258,2,2,Arsenal,-0.0,-0.0,1.0,-0.0,-0.0
12996,2,2,Arsenal,-0.0,-0.0,1.0,-0.0,-0.0
13242,2,2,Arsenal,-0.0,-0.0,1.0,-0.0,-0.0
10364,0,0,Arsenal,1.0,-0.0,-0.0,-0.0,-0.0
13789,2,2,Arsenal,-0.0,-0.0,1.0,-0.0,-0.0
10963,0,0,Arsenal,1.0,-0.0,-0.0,-0.0,-0.0
16241,3,3,Arsenal,-0.0,-0.0,-0.0,0.88046441,0.11953559
19207,4,4,Arsenal,-0.0,-0.0,-0.0,-0.0,1.0
18667,4,3,Arsenal,-0.0,0.23999201,-0.0,0.68015645,0.07985153
14236,1,1,Arsenal,-0.0,1.0,-0.0,-0.0,-0.0
13067,2,2,Arsenal,-0.0,-0.0,1.0,-0.0,-0.0
11581,0,3,Arsenal,0.04012345,-0.0,-0.0,0.91962594,0.04025061
17310,3,0,Arsenal,0.40015351,-0.0,-0.0,0.32030808,0.27953841
13582,2,2,Arsenal,-0.0,-0.0,1.0,-0.0,-0.0
10190,0,0,Arsenal,1.0,-0.0,-0.0,-0.0,-0.0
17836,3,3,Arsenal,0.03957093,-0.0,-0.0,0.96042907,-0.0
17158,3,3,Arsenal,-0.0,-0.0,-0.0,1.0,-0.0
11640,0,3,Arsenal,-0.0,-0.0,-0.0,1.0,-0.0
11321,0,0,Arsenal,1.0,-0.0,-0.0,-0.0,-0.0
10822,0,0,Arsenal,1.0,-0.0,-0.0,-0.0,-0.0
18090,4,4,Arsenal,-0.0,-0.0,-0.0,0.16023872,0.83976128
18711,4,3,Arsenal,-0.0,-0.0,-0.0,0.7194714,0.2805286
12297,2,2,Arsenal,-0.0,-0.0,1.0,-0.0,-0.0
17342,3,3,Arsenal,-0.0,-0.0,-0.0,1.0,-0.0
12828,2,2,Arsenal,-0.0,-0.0,1.0,-0.0,-0.0
14171,1,1,Arsenal,-0.0,1.0,-0.0,-0.0,-0.0
15585,1,4,Arsenal,-0.0,-0.0,-0.0,-0.0,1.0
11148,0,0,Arsenal,1.0,-0.0,-0.0,-0.0,-0.0
13221,2,2,Arsenal,-0.0,-0.0,1.0,-0.0,-0.0
16868,3,3,Arsenal,-0.0,0.07981708,-0.0,0.92018292,-0.0
19068,4,4,Arsenal,-0.0,-0.0,0.48005991,-0.0,0.51994009
11862,0,3,Arsenal,-0.0,0.31994494,-0.0,0.68005506,-0.0
17825,3,3,Arsenal,-0.0,-0.0,-0.0,1.0,-0.0
17063,3,3,Arsenal,0.04011463,0.04002541,-0.0,0.91985997,-0.0
15173,1,1,Arsenal,-0.0,1.0,-0.0,-0.0,-0.0
13189,2,2,Arsenal,-0.0,-0.0,1.0,-0.0,-0.0
14320,1,1,Arsenal,-0.0,1.0,-0.0,-0.0,-0.0
17870,3,3,Arsenal,-0.0,0.08032617,-0.0,0.87956274,0.04011109
19916,4,4,Arsenal,0.3200301,-0.0,0.28084649,-0.0,0.39912341
14817,1,1,Arsenal,-0.0,1.0,-0.0,-0.0,-0.0
11814,0,3,Arsenal,0.03963223,0.04011109,-0.0,0.5598472,0.36040948
17407,3,3,Arsenal,-0.0,-0.0,-0.0,1.0,-0.0
12064,2,2,Arsenal,-0.0,-0.0,1.0,-0.0,-0.0
17371,3,0,Arsenal,1.0,-0.0,-0.0,-0.0,-0.0
13283,2,2,Arsenal,-0.0,-0.0,1.0,-0.0,-0.0
13536,2,2,Arsenal,-0.0,-0.0,1.0,-0.0,-0.0
13881,2,2,Arsenal,-0.0,-0.0,1.0,-0.0,-0.0
15090,1,1,Arsenal,-0.0,1.0,-0.0,-0.0,-0.0
10637,0,1,Arsenal,0.07943863,0.40054467,-0.0,0.40018451,0.1198322
14705,1,1,Arsenal,-0.0,1.0,-0.0,-0.0,-0.0
11963,2,2,Arsenal,-0.0,-0.0,1.0,-0.0,-0.0
15728,1,1,Arsenal,-0.0,1.0,-0.0,-0.0,-0.0
11145,0,0,Arsenal,1.0,-0.0,-0.0,-0.0,-0.0
13266,2,2,Arsenal,-0.0,-0.0,1.0,-0.0,-0.0
13292,2,2,Arsenal,-0.0,-0.0,1.0,-0.0,-0.0
10795,0,0,Arsenal,1.0,-0.0,-0.0,-0.0,-0.0
12164,2,2,Arsenal,-0.0,-0.0,1.0,-0.0,-0.0
17302,3,3,Arsenal,0.20033272,-0.0,-0.0,0.5595461,0.24012118
16924,3,3,Arsenal,-0.0,-0.0,-0.0,0.84052008,0.15947992
14936,1,1,Arsenal,-0.0,1.0,-0.0,-0.0,-0.0
12400,2,2,Arsenal,-0.0,-0.0,1.0,-0.0,-0.0
17479,3,1,Arsenal,0.08019953,0.64002146,-0.0,0.279779,-0.0
17075,3,3,Arsenal,-0.0,-0.0,-0.0,0.96033571,0.03966429
17875,3,3,Arsenal,-0.0,-0.0,-0.0,1.0,-0.0
10846,0,0,Arsenal,1.0,-0.0,-0.0,-0.0,-0.0
11050,0,0,Arsenal,1.0,-0.0,-0.0,-0.0,-0.0
18597,4,4,Arsenal,-0.0,-0.0,-0.0,-0.0,1.0
17306,3,3,Arsenal,0.28050975,0.03981521,-0.0,0.55969226,0.11998278
18835,4,4,Arsenal,-0.0,-0.0,-0.0,-0.0,1.0
12890,2,2,Arsenal,-0.0,-0.0,1.0,-0.0,-0.0
12940,2,2,Arsenal,-0.0,-0.0,1.0,-0.0,-0.0
13133,2,2,Arsenal,-0.0,-0.0,1.0,-0.0,-0.0
13310,2,3,Arsenal,-0.0,-0.0,-0.0,1.0,-0.0
12821,2,2,Arsenal,-0.0,-0.0,1.0,-0.0,-0.0
12388,2,2,Arsenal,-0.0,-0.0,1.0,-0.0,-0.0
17808,3,3,Arsenal,-0.0,-0.0,-0.0,1.0,-0.0
17356,3,4,Arsenal,-0.0,-0.0,-0.0,0.04008491,0.95991509
15294,1,1,Arsenal,-0.0,1.0,-0.0,-0.0,-0.0
11673,0,0,Arsenal,1.0,-0.0,-0.0,-0.0,-0.0
15881,1,1,Arsenal,-0.0,1.0,-0.0,-0.0,-0.0
17704,3,3,Arsenal,0.07981853,-0.0,-0.0,0.84042556,0.0797559
14383,1,1,Arsenal,-0.0,1.0,-0.0,-0.0,-0.0
19004,4,3,Arsenal,-0.0,-0.0,-0.0,0.8395495,0.1604505
13151,2,2,Arsenal,-0.0,-0.0,1.0,-0.0,-0.0
18191,4,3,Arsenal,-0.0,-0.0,-0.0,0.95997459,0.04002541
13131,2,2,Arsenal,-0.0,-0.0,1.0,-0.0,-0.0
12930,2,2,Arsenal,-0.0,-0.0,1.0,-0.0,-0.0
11423,0,0,Arsenal,1.0,-0.0,-0.0,-0.0,-0.0
11895,0,3,Arsenal,-0.0,-0.0,-0.0,0.92034324,0.07965676
10309,0,0,Arsenal,1.0,-0.0,-0.0,-0.0,-0.0
17094,3,3,Arsenal,-0.0,-0.0,-0.0,1.0,-0.0
15667,1,1,Arsenal,-0.0,0.60068904,-0.0,0.39931096,-0.0
18668,4,4,Arsenal,-0.0,-0.0,-0.0,-0.0,1.0
13179,2,2,Arsenal,-0.0,-0.0,1.0,-0.0,-0.0
14897,1,1,Arsenal,-0.0,1.0,-0.0,-0.0,-0.0
17861,3,3,Arsenal,0.04002541,-0.0,-0.0,0.88031875,0.07965584
16807,3,3,Arsenal,-0.0,0.03966429,-0.0,0.96033571,-0.0
11504,0,0,Arsenal,1.0,-0.0,-0.0,-0.0,-0.0
11132,0,0,Arsenal,1.0,-0.0,-0.0,-0.0,-0.0
11788,0,3,Arsenal,0.08014134,0.04004764,-0.0,0.84024009,0.03957093
17768,3,1,Arsenal,0.03963223,0.68067239,-0.0,0.23966997,0.04002541
15828,1,1,Arsenal,-0.0,0.72036885,-0.0,0.27963115,-0.0
13442,2,0,Arsenal,1.0,-0.0,-0.0,-0.0,-0.0
14275,1,1,Arsenal,-0.0,1.0,-0.0,-0.0,-0.0
18859,4,4,Arsenal,-0.0,-0.0,-0.0,-0.0,1.0
13149,2,2,Arsenal,-0.0,-0.0,1.0,-0.0,-0.0
10736,0,3,Arsenal,0.04000187,0.04068547,-0.0,0.91931266,-0.0
13298,2,3,Arsenal,-0.0,-0.0,-0.0,1.0,-0.0
19130,4,4,Arsenal,-0.0,-0.0,-0.0,-0.0,1.0
18488,4,0,Arsenal,0.96012118,-0.0,-0.0,0.03987882,-0.0
15578,1,4,Arsenal,-0.0,-0.0,-0.0,-0.0,1.0
10453,0,1,Arsenal,0.04030076,0.48048794,-0.0,0.39941503,0.07979626
15645,1,1,Arsenal,-0.0,1.0,-0.0,-0.0,-0.0
15116,1,1,Arsenal,-0.0,1.0,-0.0,-0.0,-0.0
12758,2,2,Arsenal,-0.0,-0.0,1.0,-0.0,-0.0
19196,4,1,Arsenal,-0.0,1.0,-0.0,-0.0,-0.0
17348,3,3,Arsenal,-0.0,-0.0,-0.0,1.0,-0.0
10623,0,3,Arsenal,-0.0,-0.0,-0.0,0.95983635,0.04016365
18705,4,3,Arsenal,0.15959804,-0.0,-0.0,0.67969125,0.16071071
17311,3,3,Arsenal,-0.0,0.31966399,-0.0,0.64043609,0.03989992
18713,4,4,Arsenal,-0.0,-0.0,-0.0,-0.0,1.0
16959,3,3,Arsenal,-0.0,-0.0,-0.0,1.0,-0.0
15934,1,1,Arsenal,-0.0,1.0,-0.0,-0.0,-0.0
16777,3,3,Arsenal,-0.0,0.2399796,-0.0,0.7600204,-0.0
10682,0,3,Arsenal,-0.0,-0.0,-0.0,0.79967846,0.20032154
11574,0,1,Arsenal,-0.0,0.95991509,-0.0,-0.0,0.04008491
16227,3,3,Arsenal,-0.0,-0.0,-0.0,1.0,-0.0
13167,2,2,Arsenal,-0.0,-0.0,1.0,-0.0,-0.0
14154,1,1,Arsenal,-0.0,1.0,-0.0,-0.0,-0.0
10059,0,3,Arsenal,-0.0,-0.0,-0.0,1.0,-0.0
11405,0,0,Arsenal,1.0,-0.0,-0.0,-0.0,-0.0
15500,1,1,Arsenal,-0.0,1.0,-0.0,-0.0,-0.0
18095,4,3,Arsenal,0.08041425,-0.0,-0.0,0.67966455,0.23992119
16776,3,3,Arsenal,-0.0,-0.0,-0.0,0.95931453,0.04068547
18622,4,4,Arsenal,-0.0,-0.0,-0.0,-0.0,1.0
11038,0,0,Arsenal,1.0,-0.0,-0.0,-0.0,-0.0
17110,3,3,Arsenal,0.12041613,0.36029514,-0.0,0.39902307,0.12026566
10757,0,1,Arsenal,0.03966429,0.88009633,-0.0,0.08023939,-0.0
14093,1,1,Arsenal,-0.0,1.0,-0.0,-0.0,-0.0
10170,0,0,Arsenal,1.0,-0.0,-0.0,-0.0,-0.0
14408,1,1,Arsenal,-0.0,1.0,-0.0,-0.0,-0.0
16073,3,1,Arsenal,-0.0,0.60034432,-0.0,0.35975576,0.03989992
16680,3,2,Arsenal,-0.0,-0.0,0.56010782,0.43989218,-0.0
14887,1,1,Arsenal,-0.0,1.0,-0.0,-0.0,-0.0
18602,4,4,Arsenal,-0.0,-0.0,-0.0,0.08080141,0.91919859
17079,3,3,Arsenal,-0.0,-0.0,-0.0,0.72009802,0.27990198
15422,1,3,Arsenal,0.04009161,0.23915248,-0.0,0.52048858,0.20026733
19513,4,4,Arsenal,-0.0,-0.0,-0.0,-0.0,1.0
17113,3,3,Arsenal,0.16019006,0.04008491,-0.0,0.79972503,-0.0
10377,0,0,Arsenal,1.0,-0.0,-0.0,-0.0,-0.0
10238,0,0,Arsenal,1.0,-0.0,-0.0,-0.0,-0.0
15032,1,1,Arsenal,-0.0,1.0,-0.0,-0.0,-0.0
14144,1,1,Arsenal,-0.0,1.0,-0.0,-0.0,-0.0
14232,1,1,Arsenal,-0.0,1.0,-0.0,-0.0,-0.0
10524,0,3,Arsenal,-0.0,-0.0,-0.0,0.52027697,0.47972303
13762,2,2,Arsenal,-0.0,-0.0,1.0,-0.0,-0.0
17644,3,3,Arsenal,-0.0,-0.0,-0.0,1.0,-0.0
17421,3,3,Arsenal,0.07998232,0.08072179,-0.0,0.7190442,0.12025169
18702,4,4,Arsenal,-0.0,-0.0,-0.0,-0.0,1.0
13339,2,2,Arsenal,-0.0,-0.0,1.0,-0.0,-0.0
19526,4,4,Arsenal,-0.0,-0.0,-0.0,-0.0,1.0
18776,4,1,Arsenal,0.04000083,0.68081771,-0.0,0.23906684,0.04011463
18167,4,0,Arsenal,0.59949712,-0.0,-0.0,0.40050288,-0.0
19101,4,3,Arsenal,-0.0,0.08017958,-0.0,0.91982042,-0.0
14528,1,1,Arsenal,-0.0,1.0,-0.0,-0.0,-0.0
11608,0,3,Arsenal,0.04014137,0.07920317,-0.0,0.80066393,0.07999153
19136,4,3,Arsenal,-0.0,-0.0,-0.0,0.64075193,0.35924807
17182,3,3,Arsenal,-0.0,0.20005053,-0.0,0.72022818,0.07972129
13150,2,2,Arsenal,-0.0,-0.0,1.0,-0.0,-0.0
15913,1,1,Arsenal,-0.0,1.0,-0.0,-0.0,-0.0
18977,4,4,Arsenal,-0.0,-0.0,-0.0,-0.0,1.0
11447,0,0,Arsenal,1.0,-0.0,-0.0,-0.0,-0.0
16645,3,3,Arsenal,-0.0,-0.0,-0.0,0.96018479,0.03981521
11940,0,3,Arsenal,0.07944744,-0.0,-0.0,0.72085575,0.19969681
17124,3,3,Arsenal,-0.0,-0.0,-0.0,1.0,-0.0
15183,1,1,Arsenal,-0.0,1.0,-0.0,-0.0,-0.0
12735,2,2,Arsenal,-0.0,-0.0,1.0,-0.0,-0.0
14386,1,1,Arsenal,-0.0,1.0,-0.0,-0.0,-0.0
14493,1,1,Arsenal,-0.0,1.0,-0.0,-0.0,-0.0
12219,2,2,Arsenal,-0.0,-0.0,1.0,-0.0,-0.0
15022,1,1,Arsenal,-0.0,1.0,-0.0,-0.0,-0.0
12263,2,2,Arsenal,-0.0,-0.0,1.0,-0.0,-0.0
10422,0,3,Arsenal,0.28069817,-0.0,-0.0,0.71930183,-0.0
17894,3,3,Arsenal,-0.0,0.04004764,-0.0,0.95995236,-0.0
12503,2,2,Arsenal,-0.0,-0.0,1.0,-0.0,-0.0
17308,3,3,Arsenal,-0.0,-0.0,-0.0,1.0,-0.0
10393,0,3,Arsenal,-0.0,-0.0,-0.0,0.52115762,0.47884238
12529,2,2,Arsenal,-0.0,-0.0,1.0,-0.0,-0.0
13537,2,2,Arsenal,-0.0,-0.0,1.0,-0.0,-0.0
10756,0,0,Arsenal,0.52093101,-0.0,-0.0,0.47906899,-0.0
13870,2,3,Arsenal,-0.0,-0.0,-0.0,0.8399382,0.1600618
18332,4,3,Arsenal,0.08007304,-0.0,-0.0,0.84015335,0.07977361
11347,0,0,Arsenal,1.0,-0.0,-0.0,-0.0,-0.0
12925,2,2,Arsenal,-0.0,-0.0,1.0,-0.0,-0.0
11390,0,0,Arsenal,1.0,-0.0,-0.0,-0.0,-0.0
12053,2,2,Arsenal,-0.0,-0.0,1.0,-0.0,-0.0
17156,3,3,Arsenal,-0.0,-0.0,-0.0,1.0,-0.0
18943,4,0,Arsenal,0.75972449,-0.0,-0.0,-0.0,0.24027551
14463,1,1,Arsenal,-0.0,1.0,-0.0,-0.0,-0.0
19388,4,0,Arsenal,1.0,-0.0,-0.0,-0.0,-0.0
12927,2,2,Arsenal,-0.0,-0.0,1.0,-0.0,-0.0
19411,4,4,Arsenal,-0.0,-0.0,-0.0,-0.0,1.0
18575,4,3,Arsenal,0.16010711,-0.0,-0.0,0.79980127,0.04009161
17114,3,3,Arsenal,-0.0,-0.0,-0.0,1.0,-0.0
10153,0,0,Arsenal,1.0,-0.0,-0.0,-0.0,-0.0
14147,1,1,Arsenal,-0.0,1.0,-0.0,-0.0,-0.0
12490,2,2,Arsenal,-0.0,-0.0,1.0,-0.0,-0.0
10280,0,0,Arsenal,1.0,-0.0,-0.0,-0.0,-0.0
13819,2,2,Arsenal,-0.0,-0.0,1.0,-0.0,-0.0
18325,4,3,Arsenal,-0.0,0.19941116,-0.0,0.80058884,-0.0
12062,2,2,Arsenal,-0.0,-0.0,1.0,-0.0,-0.0
13670,2,2,Arsenal,-0.0,-0.0,1.0,-0.0,-0.0
18176,4,3,Arsenal,0.03972046,-0.0,-0.0,0.87981514,0.08046441
16793,3,3,Arsenal,-0.0,-0.0,-0.0,1.0,-0.0
15112,1,1,Arsenal,-0.0,1.0,-0.0,-0.0,-0.0
18111,4,3,Arsenal,-0.0,-0.0,-0.0,0.92000886,0.07999114
17685,3,3,Arsenal,-0.0,-0.0,-0.0,1.0,-0.0
16985,3,3,Arsenal,-0.0,-0.0,-0.0,0.87949693,0.12050307
14988,1,1,Arsenal,-0.0,0.96010008,-0.0,0.03989992,-0.0
14743,1,1,Arsenal,-0.0,1.0,-0.0,-0.0,-0.0
17959,4,0,Arsenal,0.87979679,-0.0,-0.0,0.04025061,0.0799526
16627,3,1,Arsenal,0.04012345,0.60102584,-0.0,0.31897188,0.03987882
19514,4,4,Arsenal,-0.0,-0.0,-0.0,-0.0,1.0
16403,3,3,Arsenal,-0.0,0.23973074,-0.0,0.56016628,0.20010298
16656,3,3,Arsenal,-0.0,-0.0,-0.0,1.0,-0.0
18155,4,0,Arsenal,0.76012502,-0.0,-0.0,0.159759,0.08011597
14086,1,1,Arsenal,-0.0,1.0,-0.0,-0.0,-0.0
17049,3,3,Arsenal,-0.0,-0.0,-0.0,0.95974939,0.04025061
11855,0,1,Arsenal,-0.0,0.56012974,-0.0,0.39970662,0.04016365
17256,3,3,Arsenal,0.03981521,0.04016365,-0.0,0.84029881,0.07972233
12107,2,2,Arsenal,-0.0,-0.0,1.0,-0.0,-0.0
15852,1,1,Arsenal,-0.0,1.0,-0.0,-0.0,-0.0
12469,2,2,Arsenal,-0.0,-0.0,1.0,-0.0,-0.0
13011,2,2,Arsenal,-0.0,-0.0,1.0,-0.0,-0.0
14336,1,1,Arsenal,-0.0,1.0,-0.0,-0.0,-0.0
19417,4,4,Arsenal,-0.0,-0.0,-0.0,-0.0,1.0
17175,3,3,Arsenal,-0.0,-0.0,-0.0,1.0,-0.0
16268,3,3,Arsenal,-0.0,0.19961506,-0.0,0.80038494,-0.0
13001,2,2,Arsenal,-0.0,-0.0,1.0,-0.0,-0.0
17968,4,3,Arsenal,0.12028897,0.07957177,-0.0,0.68035608,0.11978318
10467,0,1,Arsenal,-0.0,0.84040629,-0.0,0.15959371,-0.0
16431,3,1,Arsenal,-0.0,0.47964843,-0.0,0.44026761,0.08008396
10929,0,0,Arsenal,1.0,-0.0,-0.0,-0.0,-0.0
17872,3,1,Arsenal,-0.0,0.55986721,-0.0,0.44013279,-0.0
15435,1,1,Arsenal,-0.0,1.0,-0.0,-0.0,-0.0
14912,1,1,Arsenal,0.03965489,0.84064103,-0.0,0.11970408,-0.0
18493,4,0,Arsenal,0.96013231,0.03986769,-0.0,-0.0,-0.0
18100,4,0,Arsenal,0.71993931,0.19968663,-0.0,0.08037406,-0.0
10850,0,0,Arsenal,1.0,-0.0,-0.0,-0.0,-0.0
10420,0,0,Arsenal,0.91978872,-0.0,-0.0,0.08021128,-0.0
12941,2,2,Arsenal,-0.0,-0.0,1.0,-0.0,-0.0
14428,1,1,Arsenal,-0.0,1.0,-0.0,-0.0,-0.0
17008,3,3,Arsenal,0.03972046,-0.0,-0.0,0.92015609,0.04012345
12348,2,2,Arsenal,-0.0,-0.0,1.0,-0.0,-0.0
14289,1,1,Arsenal,-0.0,1.0,-0.0,-0.0,-0.0
12290,2,2,Arsenal,-0.0,-0.0,1.0,-0.0,-0.0
14018,1,1,Arsenal,-0.0,1.0,-0.0,-0.0,-0.0
14132,1,1,Arsenal,-0.0,1.0,-0.0,-0.0,-0.0
19904,4,4,Arsenal,-0.0,-0.0,-0.0,-0.0,1.0
15123,1,1,Arsenal,-0.0,1.0,-0.0,-0.0,-0.0
11522,0,0,Arsenal,1.0,-0.0,-0.0,-0.0,-0.0
14826,1,1,Arsenal,-0.0,1.0,-0.0,-0.0,-0.0
11147,0,0,Arsenal,1.0,-0.0,-0.0,-0.0,-0.0
18031,4,3,Arsenal,0.04016365,0.04000187,-0.0,0.7992689,0.12056558
13327,2,2,Arsenal,-0.0,-0.0,1.0,-0.0,-0.0
15070,1,1,Arsenal,-0.0,1.0,-0.0,-0.0,-0.0
17373,3,2,Arsenal,-0.0,-0.0,0.64099544,0.31918934,0.03981521
18177,4,3,Arsenal,0.43979511,-0.0,-0.0,0.56020489,-0.0
17335,3,3,Arsenal,-0.0,-0.0,-0.0,0.95999813,0.04000187
12475,2,2,Arsenal,-0.0,-0.0,1.0,-0.0,-0.0
10198,0,0,Arsenal,1.0,-0.0,-0.0,-0.0,-0.0
12985,2,2,Arsenal,-0.0,-0.0,1.0,-0.0,-0.0
12371,2,2,Arsenal,-0.0,-0.0,1.0,-0.0,-0.0
18976,4,4,Arsenal,-0.0,-0.0,-0.0,-0.0,1.0
13084,2,2,Arsenal,-0.0,-0.0,1.0,-0.0,-0.0
14452,1,1,Arsenal,-0.0,1.0,-0.0,-0.0,-0.0
11704,0,3,Arsenal,-0.0,0.4392968,-0.0,0.48088611,0.07981708
10874,0,0,Arsenal,1.0,-0.0,-0.0,-0.0,-0.0
13326,2,2,Arsenal,-0.0,-0.0,1.0,-0.0,-0.0
11210,0,0,Arsenal,1.0,-0.0,-0.0,-0.0,-0.0
16636,3,1,Arsenal,-0.0,0.80019993,-0.0,0.19980007,-0.0
12102,2,2,Arsenal,-0.0,-0.0,1.0,-0.0,-0.0
10123,0,1,Arsenal,0.03957093,0.72078733,-0.0,0.2000095,0.03963223
18083,4,3,Arsenal,0.04030076,-0.0,-0.0,0.95969924,-0.0
14102,1,1,Arsenal,-0.0,1.0,-0.0,-0.0,-0.0
10320,0,0,Arsenal,1.0,-0.0,-0.0,-0.0,-0.0
18140,4,3,Arsenal,0.39953227,-0.0,-0.0,0.60046773,-0.0
14141,1,1,Arsenal,-0.0,1.0,-0.0,-0.0,-0.0
10272,0,3,Arsenal,0.31984944,-0.0,-0.0,0.64049567,0.03965489
17017,3,3,Arsenal,-0.0,-0.0,-0.0,1.0,-0.0
10789,0,0,Arsenal,1.0,-0.0,-0.0,-0.0,-0.0
10965,0,0,Arsenal,1.0,-0.0,-0.0,-0.0,-0.0
14077,1,1,Arsenal,-0.0,1.0,-0.0,-0.0,-0.0
17144,3,1,Arsenal,-0.0,0.88027684,-0.0,0.11972316,-0.0
11523,0,0,Arsenal,1.0,-0.0,-0.0,-0.0,-0.0
18037,4,3,Arsenal,0.04000083,-0.0,-0.0,0.56023857,0.3997606
15054,1,1,Arsenal,-0.0,1.0,-0.0,-0.0,-0.0
18439,4,3,Arsenal,-0.0,0.36025735,-0.0,0.55973164,0.08001101
13359,2,2,Arsenal,-0.0,-0.0,1.0,-0.0,-0.0
12607,2,2,Arsenal,-0.0,-0.0,1.0,-0.0,-0.0
11713,0,3,Arsenal,0.08077038,0.07988284,-0.0,0.79953157,0.03981521
18255,4,0,Arsenal,1.0,-0.0,-0.0,-0.0,-0.0
14640,1,1,Arsenal,-0.0,1.0,-0.0,-0.0,-0.0
14088,1,1,Arsenal,-0.0,1.0,-0.0,-0.0,-0.0
11241,0,0,Arsenal,1.0,-0.0,-0.0,-0.0,-0.0
18887,4,3,Arsenal,0.03989992,-0.0,-0.0,0.96010008,-0.0
17775,3,0,Arsenal,0.39975242,0.11938901,-0.0,0.36051633,0.12034223
10728,0,1,Arsenal,-0.0,0.67989742,-0.0,0.32010258,-0.0
14267,1,1,Arsenal,-0.0,1.0,-0.0,-0.0,-0.0
13852,2,2,Arsenal,-0.0,-0.0,1.0,-0.0,-0.0
17918,3,3,Arsenal,0.16033223,-0.0,-0.0,0.83966777,-0.0
14485,1,1,Arsenal,-0.0,1.0,-0.0,-0.0,-0.0
10337,0,0,Arsenal,1.0,-0.0,-0.0,-0.0,-0.0
10987,0,0,Arsenal,1.0,-0.0,-0.0,-0.0,-0.0
15560,1,1,Arsenal,-0.0,1.0,-0.0,-0.0,-0.0
13858,2,2,Arsenal,-0.0,-0.0,1.0,-0.0,-0.0
13851,2,2,Arsenal,-0.0,-0.0,1.0,-0.0,-0.0
12655,2,2,Arsenal,-0.0,-0.0,1.0,-0.0,-0.0
14223,1,1,Arsenal,-0.0,1.0,-0.0,-0.0,-0.0
15340,1,1,Arsenal,-0.0,1.0,-0.0,-0.0,-0.0
12447,2,2,Arsenal,-0.0,-0.0,1.0,-0.0,-0.0
14896,1,1,Arsenal,-0.0,1.0,-0.0,-0.0,-0.0
11209,0,0,Arsenal,1.0,-0.0,-0.0,-0.0,-0.0
14330,1,1,Arsenal,-0.0,0.96027954,-0.0,0.03972046,-0.0
15344,1,1,Arsenal,-0.0,1.0,-0.0,-0.0,-0.0
11618,0,3,Arsenal,0.03987882,-0.0,-0.0,0.84063311,0.11948807
18529,4,3,Arsenal,-0.0,-0.0,-0.0,1.0,-0.0
10730,0,1,Arsenal,-0.0,0.71964081,-0.0,0.11933476,0.16102443
12638,2,2,Arsenal,-0.0,-0.0,1.0,-0.0,-0.0
11402,0,0,Arsenal,1.0,-0.0,-0.0,-0.0,-0.0
15530,1,1,Arsenal,-0.0,1.0,-0.0,-0.0,-0.0
11421,0,0,Arsenal,1.0,-0.0,-0.0,-0.0,-0.0
12825,2,2,Arsenal,-0.0,-0.0,1.0,-0.0,-0.0
10405,0,3,Arsenal,-0.0,-0.0,-0.0,1.0,-0.0
18693,4,4,Arsenal,-0.0,0.04068547,-0.0,-0.0,0.95931453
14601,1,1,Arsenal,-0.0,1.0,-0.0,-0.0,-0.0
14932,1,1,Arsenal,-0.0,1.0,-0.0,-0.0,-0.0
11191,0,0,Arsenal,1.0,-0.0,-0.0,-0.0,-0.0
12509,2,2,Arsenal,-0.0,-0.0,1.0,-0.0,-0.0
11234,0,0,Arsenal,1.0,-0.0,-0.0,-0.0,-0.0
19039,4,4,Arsenal,0.04003632,-0.0,-0.0,0.11988789,0.84007579
11517,0,0,Arsenal,1.0,-0.0,-0.0,-0.0,-0.0
15362,1,1,Arsenal,-0.0,1.0,-0.0,-0.0,-0.0
15827,1,1,Arsenal,-0.0,1.0,-0.0,-0.0,-0.0
12771,2,2,Arsenal,-0.0,-0.0,1.0,-0.0,-0.0
17666,3,3,Arsenal,0.27956819,-0.0,-0.0,0.64053169,0.07990012
15738,1,1,Arsenal,-0.0,1.0,-0.0,-0.0,-0.0
12705,2,2,Arsenal,-0.0,-0.0,1.0,-0.0,-0.0
10135,0,0,Arsenal,1.0,-0.0,-0.0,-0.0,-0.0
11583,0,3,Arsenal,-0.0,-0.0,-0.0,1.0,-0.0
17531,3,3,Arsenal,-0.0,0.28094429,-0.0,0.67915579,0.03989992
10932,0,0,Arsenal,1.0,-0.0,-0.0,-0.0,-0.0
10653,0,3,Arsenal,-0.0,0.03987882,-0.0,0.88034757,0.07977361
10743,0,3,Arsenal,-0.0,0.28029606,-0.0,0.5996073,0.12009664
14314,1,1,Arsenal,-0.0,1.0,-0.0,-0.0,-0.0
10710,0,3,Arsenal,-0.0,-0.0,-0.0,0.72042103,0.27957897
18629,4,4,Arsenal,-0.0,-0.0,-0.0,-0.0,1.0
14313,1,1,Arsenal,-0.0,1.0,-0.0,-0.0,-0.0
18477,4,3,Arsenal,0.04016365,0.36000277,-0.0,0.55974868,0.04008491
18639,4,4,Arsenal,-0.0,-0.0,-0.0,-0.0,1.0
13065,2,2,Arsenal,-0.0,-0.0,1.0,-0.0,-0.0
9999,0,0,Arsenal,1.0,-0.0,-0.0,-0.0,-0.0
19022,4,4,Arsenal,0.04009161,-0.0,-0.0,-0.0,0.95990839
14210,1,1,Arsenal,-0.0,1.0,-0.0,-0.0,-0.0
17548,3,3,Arsenal,-0.0,-0.0,-0.0,1.0,-0.0
16971,3,4,Arsenal,-0.0,0.03966429,-0.0,0.24025865,0.72007706
11655,0,1,Arsenal,-0.0,0.87941051,-0.0,0.04003632,0.08055316
19885,4,0,Arsenal,1.0,-0.0,-0.0,-0.0,-0.0
13166,2,2,Arsenal,-0.0,-0.0,1.0,-0.0,-0.0
14735,1,1,Arsenal,-0.0,1.0,-0.0,-0.0,-0.0
11264,0,0,Arsenal,1.0,-0.0,-0.0,-0.0,-0.0
18773,4,3,Arsenal,0.04012345,-0.0,-0.0,0.55960388,0.40027267
13109,2,2,Arsenal,-0.0,-0.0,1.0,-0.0,-0.0
12775,2,2,Arsenal,-0.0,-0.0,1.0,-0.0,-0.0
17814,3,3,Arsenal,-0.0,-0.0,-0.0,1.0,-0.0
12261,2,2,Arsenal,-0.0,-0.0,1.0,-0.0,-0.0
10565,0,3,Arsenal,0.07968556,0.28011523,-0.0,0.60033151,0.03986769
18462,4,3,Arsenal,0.47937579,-0.0,-0.0,0.52062421,-0.0
13925,2,2,Arsenal,-0.0,-0.0,1.0,-0.0,-0.0
17014,3,3,Arsenal,0.04004764,0.04000083,-0.0,0.8803193,0.03963223
14593,1,1,Arsenal,-0.0,1.0,-0.0,-0.0,-0.0
14114,1,1,Arsenal,-0.0,1.0,-0.0,-0.0,-0.0
10204,0,0,Arsenal,1.0,-0.0,-0.0,-0.0,-0.0
13124,2,2,Arsenal,-0.0,-0.0,1.0,-0.0,-0.0
17240,3,3,Arsenal,-0.0,0.23987389,-0.0,0.76012611,-0.0
11582,0,3,Arsenal,-0.0,0.08032617,-0.0,0.55960223,0.3600716
18570,4,0,Arsenal,0.92028286,-0.0,-0.0,0.04008491,0.03963223
12675,2,2,Arsenal,-0.0,-0.0,1.0,-0.0,-0.0
13117,2,2,Arsenal,-0.0,-0.0,1.0,-0.0,-0.0
13863,2,2,Arsenal,-0.0,-0.0,1.0,-0.0,-0.0
18734,4,4,Arsenal,-0.0,0.07971193,-0.0,-0.0,0.92028807
17599,3,3,Arsenal,0.04004764,-0.0,-0.0,0.7603595,0.19959286
12618,2,2,Arsenal,-0.0,-0.0,1.0,-0.0,-0.0
15755,1,1,Arsenal,-0.0,1.0,-0.0,-0.0,-0.0
19075,4,4,Arsenal,-0.0,-0.0,-0.0,0.11993447,0.88006553
13072,2,2,Arsenal,-0.0,-0.0,1.0,-0.0,-0.0
16664,3,3,Arsenal,-0.0,0.03987882,-0.0,0.96012118,-0.0
13426,2,2,Arsenal,-0.0,-0.0,1.0,-0.0,-0.0
14806,1,1,Arsenal,-0.0,1.0,-0.0,-0.0,-0.0
11107,0,0,Arsenal,1.0,-0.0,-0.0,-0.0,-0.0
12539,2,2,Arsenal,-0.0,-0.0,1.0,-0.0,-0.0
16946,3,3,Arsenal,0.04014137,-0.0,-0.0,0.56057943,0.3992792
14226,1,1,Arsenal,-0.0,1.0,-0.0,-0.0,-0.0
14129,1,1,Arsenal,-0.0,1.0,-0.0,-0.0,-0.0
16411,3,3,Arsenal,-0.0,-0.0,-0.0,0.83998829,0.16001171
13882,2,2,Arsenal,-0.0,-0.0,1.0,-0.0,-0.0
19029,4,4,Arsenal,-0.0,-0.0,-0.0,-0.0,1.0
15833,1,1,Arsenal,-0.0,1.0,-0.0,-0.0,-0.0
11354,0,0,Arsenal,1.0,-0.0,-0.0,-0.0,-0.0
12339,2,2,Arsenal,-0.0,-0.0,1.0,-0.0,-0.0
17908,3,3,Arsenal,-0.0,-0.0,-0.0,1.0,-0.0
18808,4,4,Arsenal,-0.0,-0.0,-0.0,0.31935389,0.68064611
14527,1,1,Arsenal,-0.0,1.0,-0.0,-0.0,-0.0
15275,1,3,Arsenal,0.04004764,-0.0,-0.0,0.95995236,-0.0
10950,0,0,Arsenal,1.0,-0.0,-0.0,-0.0,-0.0
15106,1,1,Arsenal,-0.0,1.0,-0.0,-0.0,-0.0
18234,4,3,Arsenal,-0.0,0.280375,-0.0,0.6795996,0.04002541
16954,3,1,Arsenal,-0.0,0.60093651,-0.0,0.39906349,-0.0
18510,4,3,Arsenal,0.16053073,-0.0,-0.0,0.79943294,0.04003632
14583,1,1,Arsenal,-0.0,1.0,-0.0,-0.0,-0.0
13872,2,2,Arsenal,-0.0,-0.0,1.0,-0.0,-0.0
11417,0,0,Arsenal,1.0,-0.0,-0.0,-0.0,-0.0
13540,2,2,Arsenal,-0.0,-0.0,1.0,-0.0,-0.0
12137,2,2,Arsenal,-0.0,-0.0,1.0,-0.0,-0.0
15078,1,3,Arsenal,-0.0,-0.0,-0.0,0.79985733,0.20014267
14192,1,1,Arsenal,-0.0,1.0,-0.0,-0.0,-0.0
17409,3,3,Arsenal,-0.0,-0.0,-0.0,0.95999917,0.04000083
12310,2,2,Arsenal,-0.0,-0.0,1.0,-0.0,-0.0
11139,0,0,Arsenal,1.0,-0.0,-0.0,-0.0,-0.0
18910,4,4,Arsenal,-0.0,-0.0,-0.0,-0.0,1.0
11385,0,0,Arsenal,1.0,-0.0,-0.0,-0.0,-0.0
14673,1,1,Arsenal,-0.0,1.0,-0.0,-0.0,-0.0
11835,0,3,Arsenal,0.03981521,-0.0,-0.0,0.92018396,0.04000083
17491,3,3,Arsenal,-0.0,-0.0,-0.0,1.0,-0.0
17319,3,3,Arsenal,-0.0,-0.0,-0.0,1.0,-0.0
13629,2,2,Arsenal,-0.0,-0.0,1.0,-0.0,-0.0
13692,2,2,Arsenal,-0.0,-0.0,1.0,-0.0,-0.0
11115,0,0,Arsenal,1.0,-0.0,-0.0,-0.0,-0.0
13892,2,2,Arsenal,-0.0,-0.0,1.0,-0.0,-0.0
17316,3,0,Arsenal,1.0,-0.0,-0.0,-0.0,-0.0
18847,4,4,Arsenal,0.04011594,-0.0,-0.0,-0.0,0.95988406
13663,2,2,Arsenal,-0.0,-0.0,1.0,-0.0,-0.0
14598,1,1,Arsenal,0.04011594,0.48098595,-0.0,0.47889811,-0.0
15628,1,1,Arsenal,-0.0,1.0,-0.0,-0.0,-0.0
14246,1,1,Arsenal,-0.0,1.0,-0.0,-0.0,-0.0
14053,1,1,Arsenal,-0.0,0.91965024,-0.0,0.08034976,-0.0
11217,0,0,Arsenal,1.0,-0.0,-0.0,-0.0,-0.0
13610,2,2,Arsenal,-0.0,-0.0,1.0,-0.0,-0.0
12910,2,2,Arsenal,-0.0,-0.0,1.0,-0.0,-0.0
11558,0,3,Arsenal,-0.0,-0.0,-0.0,1.0,-0.0
11308,0,0,Arsenal,1.0,-0.0,-0.0,-0.0,-0.0
15603,1,1,Arsenal,-0.0,1.0,-0.0,-0.0,-0.0
18766,4,3,Arsenal,-0.0,-0.0,-0.0,0.91988454,0.08011546
11304,0,0,Arsenal,1.0,-0.0,-0.0,-0.0,-0.0
12272,2,2,Arsenal,-0.0,-0.0,1.0,-0.0,-0.0
10693,0,4,Arsenal,0.23946649,-0.0,-0.0,-0.0,0.76053351
11328,0,0,Arsenal,1.0,-0.0,-0.0,-0.0,-0.0
19343,4,4,Arsenal,-0.0,-0.0,-0.0,-0.0,1.0
15916,1,1,Arsenal,-0.0,1.0,-0.0,-0.0,-0.0
16857,3,3,Arsenal,-0.0,-0.0,-0.0,0.95931453,0.04068547
17420,3,3,Arsenal,0.15937606,-0.0,-0.0,0.76065889,0.07996505
13182,2,0,Arsenal,0.63930904,-0.0,0.36069096,-0.0,-0.0
12853,2,2,Arsenal,-0.0,-0.0,1.0,-0.0,-0.0
18585,4,3,Arsenal,0.11956852,0.04014137,-0.0,0.72026735,0.12002276
13208,2,2,Arsenal,-0.0,-0.0,1.0,-0.0,-0.0
15494,1,1,Arsenal,-0.0,1.0,-0.0,-0.0,-0.0
13374,2,2,Arsenal,-0.0,-0.0,1.0,-0.0,-0.0
14454,1,1,Arsenal,-0.0,0.71997526,-0.0,0.1600801,0.11994464
17737,3,3,Arsenal,-0.0,-0.0,-0.0,0.91997663,0.08002337
13460,2,3,Arsenal,-0.0,-0.0,0.07977538,0.92022462,-0.0
15406,1,3,Arsenal,-0.0,0.47935493,-0.0,0.52064507,-0.0
16220,3,1,Arsenal,-0.0,0.40016776,-0.0,0.27982592,0.32000632
10945,0,0,Arsenal,1.0,-0.0,-0.0,-0.0,-0.0
17259,3,3,Arsenal,-0.0,-0.0,-0.0,1.0,-0.0
10424,0,3,Arsenal,-0.0,-0.0,-0.0,0.91922292,0.08077708
18697,4,4,Arsenal,-0.0,-0.0,-0.0,-0.0,1.0
14740,1,1,Arsenal,-0.0,1.0,-0.0,-0.0,-0.0
