sample_id,true_label,predicted_label,model_name,prob_trend,prob_volatility,prob_stochastic,prob_anomaly,prob_structural_break
12499,2,2,RandomForest,0.0,0.0,1.0,0.0,0.0
16980,3,3,RandomForest,0.0,0.0,0.0,0.99,0.01
13538,2,2,RandomForest,0.0,0.0,1.0,0.0,0.0
11263,0,0,RandomForest,1.0,0.0,0.0,0.0,0.0
14863,1,1,RandomForest,0.0,1.0,0.0,0.0,0.0
16830,3,3,RandomForest,0.0,0.0,0.0,0.995,0.005
13723,2,2,RandomForest,0.0,0.0,0.995,0.0,0.005
14857,1,1,RandomForest,0.0,1.0,0.0,0.0,0.0
17042,3,3,RandomForest,0.0,0.0,0.0,0.99,0.01
18575,4,4,RandomForest,0.0,0.0,0.0,0.005,0.995
13656,2,2,RandomForest,0.0,0.0,0.775,0.0,0.225
11008,0,0,RandomForest,1.0,0.0,0.0,0.0,0.0
17275,3,3,RandomForest,0.0,0.02,0.005,0.9,0.075
12367,2,2,RandomForest,0.0,0.0,1.0,0.0,0.0
18261,4,4,RandomForest,0.0,0.025,0.0,0.095,0.88
16975,3,3,RandomForest,0.0,0.015,0.0,0.955,0.03
11830,0,0,RandomForest,1.0,0.0,0.0,0.0,0.0
17035,3,3,RandomForest,0.0,0.0,0.0,1.0,0.0
11688,0,0,RandomForest,1.0,0.0,0.0,0.0,0.0
18073,4,4,RandomForest,0.0,0.0,0.0,0.035,0.965
16787,3,3,RandomForest,0.0,0.005,0.0,0.995,0.0
17568,4,4,RandomForest,0.0,0.0,0.0,0.01,0.99
18812,4,4,RandomForest,0.0,0.0,0.03,0.0,0.97
17541,4,4,RandomForest,0.0,0.0,0.0,0.07,0.93
10283,0,0,RandomForest,0.985,0.0,0.015,0.0,0.0
15418,1,1,RandomForest,0.0,1.0,0.0,0.0,0.0
17401,3,3,RandomForest,0.0,0.0,0.0,0.995,0.005
13513,2,2,RandomForest,0.0,0.0,0.97,0.0,0.03
15125,1,1,RandomForest,0.0,0.98,0.0,0.015,0.005
11584,0,0,RandomForest,0.965,0.0,0.03,0.0,0.005
11397,0,0,RandomForest,1.0,0.0,0.0,0.0,0.0
19083,4,4,RandomForest,0.0,0.0,0.045,0.0,0.955
16341,3,3,RandomForest,0.0,0.01,0.0,0.945,0.045
10717,0,0,RandomForest,1.0,0.0,0.0,0.0,0.0
13053,2,2,RandomForest,0.0,0.0,0.985,0.0,0.015
10460,0,0,RandomForest,1.0,0.0,0.0,0.0,0.0
16198,3,3,RandomForest,0.0,0.0,0.0,0.995,0.005
12400,2,2,RandomForest,0.0,0.0,1.0,0.0,0.0
12052,2,2,RandomForest,0.005,0.0,0.99,0.005,0.0
18016,4,4,RandomForest,0.0,0.0,0.02,0.0,0.98
16142,3,3,RandomForest,0.0,0.04,0.0,0.93,0.03
11517,0,0,RandomForest,0.98,0.0,0.02,0.0,0.0
18295,4,4,RandomForest,0.0,0.0,0.0,0.0,1.0
11376,0,0,RandomForest,0.995,0.0,0.0,0.0,0.005
16974,3,3,RandomForest,0.0,0.005,0.0,0.975,0.02
11385,0,0,RandomForest,1.0,0.0,0.0,0.0,0.0
17105,3,3,RandomForest,0.0,0.0,0.0,0.98,0.02
12566,2,2,RandomForest,0.0,0.0,1.0,0.0,0.0
13886,2,2,RandomForest,0.0,0.0,1.0,0.0,0.0
16297,3,3,RandomForest,0.0,0.0,0.0,0.995,0.005
11702,0,0,RandomForest,1.0,0.0,0.0,0.0,0.0
15463,1,1,RandomForest,0.0,1.0,0.0,0.0,0.0
16201,3,3,RandomForest,0.0,0.065,0.0,0.905,0.03
12972,2,2,RandomForest,0.01,0.0,0.99,0.0,0.0
9989,0,0,RandomForest,0.965,0.0,0.01,0.0,0.025
18665,4,4,RandomForest,0.0,0.015,0.0,0.0,0.985
14603,1,1,RandomForest,0.0,1.0,0.0,0.0,0.0
10229,0,0,RandomForest,1.0,0.0,0.0,0.0,0.0
10848,0,0,RandomForest,1.0,0.0,0.0,0.0,0.0
18880,4,4,RandomForest,0.0,0.0,0.015,0.0,0.985
17725,4,4,RandomForest,0.0,0.0,0.0,0.06,0.94
18855,4,4,RandomForest,0.015,0.0,0.07,0.0,0.915
16525,3,3,RandomForest,0.0,0.0,0.0,1.0,0.0
18895,4,4,RandomForest,0.0,0.0,0.05,0.0,0.95
10498,0,0,RandomForest,1.0,0.0,0.0,0.0,0.0
16315,3,3,RandomForest,0.0,0.005,0.0,0.975,0.02
15614,1,1,RandomForest,0.0,1.0,0.0,0.0,0.0
14468,1,1,RandomForest,0.0,1.0,0.0,0.0,0.0
15779,1,1,RandomForest,0.0,1.0,0.0,0.0,0.0
13445,2,2,RandomForest,0.01,0.0,0.965,0.01,0.015
11723,0,0,RandomForest,1.0,0.0,0.0,0.0,0.0
18527,4,4,RandomForest,0.0,0.0,0.0,0.005,0.995
15620,1,1,RandomForest,0.005,0.99,0.0,0.0,0.005
13331,2,2,RandomForest,0.0,0.0,0.985,0.0,0.015
15905,1,1,RandomForest,0.0,0.995,0.0,0.0,0.005
10757,0,0,RandomForest,1.0,0.0,0.0,0.0,0.0
13553,2,2,RandomForest,0.0,0.0,0.955,0.0,0.045
12440,2,2,RandomForest,0.0,0.0,1.0,0.0,0.0
18724,4,4,RandomForest,0.0,0.0,0.0,0.0,1.0
18190,4,4,RandomForest,0.0,0.0,0.025,0.08,0.895
15844,1,1,RandomForest,0.0,1.0,0.0,0.0,0.0
14894,1,1,RandomForest,0.0,0.94,0.0,0.06,0.0
16367,3,3,RandomForest,0.0,0.0,0.0,1.0,0.0
18183,4,4,RandomForest,0.0,0.005,0.0,0.0,0.995
11572,0,0,RandomForest,1.0,0.0,0.0,0.0,0.0
19127,4,4,RandomForest,0.0,0.0,0.075,0.0,0.925
14401,1,1,RandomForest,0.0,1.0,0.0,0.0,0.0
17358,3,3,RandomForest,0.0,0.0,0.0,0.985,0.015
13009,2,2,RandomForest,0.015,0.0,0.98,0.0,0.005
16806,3,3,RandomForest,0.0,0.01,0.0,0.985,0.005
17750,4,4,RandomForest,0.005,0.005,0.005,0.045,0.94
14667,1,1,RandomForest,0.0,1.0,0.0,0.0,0.0
16634,3,3,RandomForest,0.0,0.0,0.0,0.995,0.005
15138,1,1,RandomForest,0.0,1.0,0.0,0.0,0.0
17915,4,4,RandomForest,0.0,0.0,0.0,0.015,0.985
17976,4,4,RandomForest,0.04,0.0,0.02,0.005,0.935
10443,0,0,RandomForest,1.0,0.0,0.0,0.0,0.0
11761,0,0,RandomForest,1.0,0.0,0.0,0.0,0.0
13894,2,2,RandomForest,0.0,0.0,0.975,0.0,0.025
13170,2,2,RandomForest,0.0,0.0,0.985,0.0,0.015
17166,3,3,RandomForest,0.0,0.0,0.005,0.96,0.035
16453,3,3,RandomForest,0.0,0.0,0.0,1.0,0.0
11573,0,0,RandomForest,1.0,0.0,0.0,0.0,0.0
12076,2,2,RandomForest,0.005,0.0,0.995,0.0,0.0
12084,2,2,RandomForest,0.0,0.0,1.0,0.0,0.0
11255,0,0,RandomForest,1.0,0.0,0.0,0.0,0.0
13064,2,2,RandomForest,0.03,0.0,0.93,0.0,0.04
13577,2,2,RandomForest,0.075,0.01,0.605,0.045,0.265
18253,4,4,RandomForest,0.0,0.005,0.0,0.0,0.995
13782,2,2,RandomForest,0.0,0.0,1.0,0.0,0.0
15439,1,1,RandomForest,0.0,1.0,0.0,0.0,0.0
15420,1,1,RandomForest,0.0,0.935,0.005,0.04,0.02
15817,1,1,RandomForest,0.0,0.985,0.0,0.005,0.01
17959,4,4,RandomForest,0.0,0.0,0.0,0.015,0.985
13804,2,2,RandomForest,0.0,0.0,0.995,0.005,0.0
15182,1,1,RandomForest,0.0,0.935,0.0,0.065,0.0
10002,0,0,RandomForest,1.0,0.0,0.0,0.0,0.0
11787,0,0,RandomForest,1.0,0.0,0.0,0.0,0.0
17677,4,4,RandomForest,0.0,0.005,0.0,0.11,0.885
14586,1,1,RandomForest,0.0,1.0,0.0,0.0,0.0
13375,2,2,RandomForest,0.0,0.0,1.0,0.0,0.0
11398,0,0,RandomForest,0.99,0.0,0.005,0.0,0.005
11070,0,0,RandomForest,1.0,0.0,0.0,0.0,0.0
15552,1,1,RandomForest,0.015,0.905,0.0,0.02,0.06
16874,3,3,RandomForest,0.0,0.005,0.0,0.945,0.05
12350,2,2,RandomForest,0.0,0.0,0.99,0.0,0.01
10737,0,0,RandomForest,1.0,0.0,0.0,0.0,0.0
13942,2,2,RandomForest,0.0,0.0,0.98,0.005,0.015
17461,3,3,RandomForest,0.0,0.0,0.0,0.99,0.01
11203,0,0,RandomForest,1.0,0.0,0.0,0.0,0.0
12354,2,2,RandomForest,0.0,0.0,1.0,0.0,0.0
14764,1,1,RandomForest,0.0,1.0,0.0,0.0,0.0
14412,1,1,RandomForest,0.0,1.0,0.0,0.0,0.0
11827,0,0,RandomForest,0.875,0.0,0.125,0.0,0.0
10086,0,0,RandomForest,0.96,0.0,0.035,0.0,0.005
16273,3,3,RandomForest,0.0,0.005,0.0,0.99,0.005
13916,2,2,RandomForest,0.03,0.0,0.95,0.0,0.02
11254,0,0,RandomForest,1.0,0.0,0.0,0.0,0.0
17084,3,3,RandomForest,0.005,0.0,0.0,0.945,0.05
18991,4,4,RandomForest,0.0,0.0,0.05,0.0,0.95
13714,2,2,RandomForest,0.0,0.0,0.985,0.0,0.015
15933,3,3,RandomForest,0.0,0.0,0.0,1.0,0.0
15825,1,1,RandomForest,0.0,0.995,0.0,0.005,0.0
17195,3,3,RandomForest,0.005,0.025,0.02,0.76,0.19
15580,1,1,RandomForest,0.0,1.0,0.0,0.0,0.0
17710,4,4,RandomForest,0.0,0.0,0.0,0.0,1.0
15242,1,1,RandomForest,0.0,1.0,0.0,0.0,0.0
13338,2,2,RandomForest,0.055,0.0,0.705,0.0,0.24
12425,2,2,RandomForest,0.0,0.0,1.0,0.0,0.0
15649,1,1,RandomForest,0.0,0.95,0.0,0.005,0.045
18471,4,4,RandomForest,0.0,0.005,0.03,0.275,0.69
14397,1,1,RandomForest,0.0,1.0,0.0,0.0,0.0
11621,0,0,RandomForest,1.0,0.0,0.0,0.0,0.0
11585,0,0,RandomForest,1.0,0.0,0.0,0.0,0.0
10588,0,0,RandomForest,0.975,0.0,0.0,0.025,0.0
18766,4,4,RandomForest,0.0,0.005,0.0,0.0,0.995
17919,4,4,RandomForest,0.0,0.0,0.0,0.065,0.935
18549,4,4,RandomForest,0.0,0.0,0.0,0.0,1.0
14725,1,1,RandomForest,0.0,1.0,0.0,0.0,0.0
16606,3,3,RandomForest,0.0,0.02,0.0,0.975,0.005
17826,4,4,RandomForest,0.0,0.0,0.025,0.005,0.97
11447,0,0,RandomForest,1.0,0.0,0.0,0.0,0.0
17022,3,3,RandomForest,0.0,0.005,0.02,0.915,0.06
14532,1,1,RandomForest,0.0,1.0,0.0,0.0,0.0
11171,0,0,RandomForest,1.0,0.0,0.0,0.0,0.0
14612,1,1,RandomForest,0.0,1.0,0.0,0.0,0.0
14235,1,1,RandomForest,0.0,0.905,0.0,0.065,0.03
17906,4,4,RandomForest,0.0,0.0,0.01,0.02,0.97
17150,3,3,RandomForest,0.0,0.005,0.01,0.91,0.075
11414,0,0,RandomForest,0.99,0.0,0.005,0.0,0.005
12817,2,2,RandomForest,0.005,0.0,0.995,0.0,0.0
13699,2,2,RandomForest,0.0,0.0,1.0,0.0,0.0
16059,3,3,RandomForest,0.0,0.025,0.0,0.93,0.045
16283,3,3,RandomForest,0.0,0.025,0.0,0.965,0.01
10476,0,0,RandomForest,1.0,0.0,0.0,0.0,0.0
15843,1,1,RandomForest,0.0,0.875,0.0,0.05,0.075
17651,4,4,RandomForest,0.0,0.0,0.0,0.005,0.995
16532,3,3,RandomForest,0.0,0.015,0.0,0.97,0.015
11784,0,0,RandomForest,1.0,0.0,0.0,0.0,0.0
14834,1,1,RandomForest,0.0,1.0,0.0,0.0,0.0
15311,1,1,RandomForest,0.0,0.98,0.0,0.015,0.005
18863,4,4,RandomForest,0.01,0.0,0.33,0.03,0.63
15324,1,1,RandomForest,0.0,0.83,0.0,0.17,0.0
13156,2,2,RandomForest,0.0,0.0,1.0,0.0,0.0
12833,2,2,RandomForest,0.0,0.0,1.0,0.0,0.0
13370,2,2,RandomForest,0.0,0.0,0.995,0.0,0.005
11876,0,0,RandomForest,1.0,0.0,0.0,0.0,0.0
16463,3,3,RandomForest,0.0,0.02,0.0,0.97,0.01
15647,1,1,RandomForest,0.0,0.995,0.0,0.005,0.0
12937,2,2,RandomForest,0.05,0.0,0.945,0.0,0.005
18593,4,4,RandomForest,0.0,0.02,0.0,0.115,0.865
10375,0,0,RandomForest,1.0,0.0,0.0,0.0,0.0
15270,1,1,RandomForest,0.0,1.0,0.0,0.0,0.0
10819,0,0,RandomForest,1.0,0.0,0.0,0.0,0.0
12160,2,2,RandomForest,0.0,0.0,1.0,0.0,0.0
16097,3,3,RandomForest,0.0,0.035,0.0,0.955,0.01
10139,0,0,RandomForest,1.0,0.0,0.0,0.0,0.0
13010,2,2,RandomForest,0.07,0.0,0.91,0.0,0.02
10630,0,0,RandomForest,1.0,0.0,0.0,0.0,0.0
12885,2,2,RandomForest,0.0,0.0,1.0,0.0,0.0
11433,0,0,RandomForest,1.0,0.0,0.0,0.0,0.0
15055,1,1,RandomForest,0.0,1.0,0.0,0.0,0.0
16136,3,3,RandomForest,0.0,0.01,0.005,0.96,0.025
15947,3,3,RandomForest,0.0,0.01,0.0,0.98,0.01
17669,4,4,RandomForest,0.005,0.0,0.02,0.03,0.945
12209,2,2,RandomForest,0.0,0.0,1.0,0.0,0.0
10496,0,0,RandomForest,0.995,0.0,0.0,0.0,0.005
14088,1,1,RandomForest,0.0,0.895,0.01,0.085,0.01
18140,4,4,RandomForest,0.0,0.0,0.005,0.0,0.995
11626,0,0,RandomForest,1.0,0.0,0.0,0.0,0.0
16401,3,3,RandomForest,0.0,0.01,0.0,0.97,0.02
10394,0,0,RandomForest,0.955,0.005,0.01,0.01,0.02
12301,2,2,RandomForest,0.0,0.0,1.0,0.0,0.0
17153,3,3,RandomForest,0.0,0.015,0.0,0.985,0.0
10218,0,0,RandomForest,0.965,0.005,0.01,0.0,0.02
15331,1,1,RandomForest,0.0,0.99,0.0,0.01,0.0
13162,2,2,RandomForest,0.0,0.0,0.995,0.0,0.005
12500,2,2,RandomForest,0.0,0.0,1.0,0.0,0.0
15342,1,1,RandomForest,0.0,0.995,0.0,0.0,0.005
10440,0,0,RandomForest,1.0,0.0,0.0,0.0,0.0
15732,1,1,RandomForest,0.0,1.0,0.0,0.0,0.0
16199,3,3,RandomForest,0.0,0.005,0.005,0.915,0.075
16193,3,3,RandomForest,0.0,0.105,0.0,0.69,0.205
13194,2,2,RandomForest,0.0,0.0,1.0,0.0,0.0
14107,1,1,RandomForest,0.0,1.0,0.0,0.0,0.0
12219,2,2,RandomForest,0.0,0.0,1.0,0.0,0.0
16681,3,3,RandomForest,0.0,0.0,0.0,1.0,0.0
13389,2,2,RandomForest,0.0,0.0,1.0,0.0,0.0
14930,1,1,RandomForest,0.0,1.0,0.0,0.0,0.0
10406,0,0,RandomForest,1.0,0.0,0.0,0.0,0.0
14916,1,1,RandomForest,0.0,1.0,0.0,0.0,0.0
11378,0,0,RandomForest,1.0,0.0,0.0,0.0,0.0
18579,4,4,RandomForest,0.0,0.02,0.005,0.01,0.965
18535,4,4,RandomForest,0.0,0.005,0.0,0.0,0.995
10865,0,0,RandomForest,1.0,0.0,0.0,0.0,0.0
12540,2,2,RandomForest,0.0,0.0,1.0,0.0,0.0
16427,3,3,RandomForest,0.0,0.0,0.0,1.0,0.0
18818,4,4,RandomForest,0.0,0.0,0.22,0.0,0.78
12894,2,2,RandomForest,0.0,0.0,0.99,0.0,0.01
13772,2,2,RandomForest,0.0,0.0,0.99,0.0,0.01
11712,0,0,RandomForest,1.0,0.0,0.0,0.0,0.0
13759,2,2,RandomForest,0.005,0.0,0.98,0.0,0.015
15505,1,1,RandomForest,0.0,1.0,0.0,0.0,0.0
17414,3,3,RandomForest,0.0,0.0,0.0,0.935,0.065
10276,0,0,RandomForest,1.0,0.0,0.0,0.0,0.0
10009,0,0,RandomForest,1.0,0.0,0.0,0.0,0.0
13954,1,1,RandomForest,0.0,1.0,0.0,0.0,0.0
13279,2,2,RandomForest,0.02,0.0,0.955,0.0,0.025
13223,2,2,RandomForest,0.005,0.0,0.98,0.0,0.015
13542,2,2,RandomForest,0.015,0.0,0.98,0.0,0.005
12598,2,2,RandomForest,0.0,0.0,0.995,0.0,0.005
13610,2,2,RandomForest,0.01,0.0,0.985,0.0,0.005
13110,2,2,RandomForest,0.0,0.0,0.99,0.0,0.01
12221,2,2,RandomForest,0.0,0.0,0.995,0.0,0.005
10983,0,0,RandomForest,1.0,0.0,0.0,0.0,0.0
12338,2,2,RandomForest,0.0,0.0,1.0,0.0,0.0
12701,2,2,RandomForest,0.0,0.0,1.0,0.0,0.0
17798,4,4,RandomForest,0.0,0.0,0.0,0.065,0.935
13226,2,2,RandomForest,0.005,0.0,0.995,0.0,0.0
18167,4,4,RandomForest,0.0,0.0,0.0,0.0,1.0
16838,3,3,RandomForest,0.005,0.03,0.04,0.76,0.165
11418,0,0,RandomForest,1.0,0.0,0.0,0.0,0.0
11612,0,0,RandomForest,1.0,0.0,0.0,0.0,0.0
12424,2,2,RandomForest,0.0,0.0,1.0,0.0,0.0
11337,0,0,RandomForest,1.0,0.0,0.0,0.0,0.0
17490,4,4,RandomForest,0.0,0.0,0.0,0.005,0.995
15187,1,1,RandomForest,0.0,0.97,0.0,0.02,0.01
17780,4,4,RandomForest,0.0,0.0,0.0,0.0,1.0
11622,0,0,RandomForest,1.0,0.0,0.0,0.0,0.0
14229,1,1,RandomForest,0.0,1.0,0.0,0.0,0.0
17039,3,3,RandomForest,0.0,0.0,0.0,0.995,0.005
12562,2,2,RandomForest,0.0,0.0,1.0,0.0,0.0
15300,1,1,RandomForest,0.0,1.0,0.0,0.0,0.0
17273,3,3,RandomForest,0.0,0.0,0.0,0.985,0.015
11005,0,0,RandomForest,0.99,0.0,0.005,0.0,0.005
16292,3,3,RandomForest,0.0,0.0,0.0,1.0,0.0
17050,3,3,RandomForest,0.0,0.01,0.01,0.68,0.3
13670,2,2,RandomForest,0.0,0.0,0.96,0.0,0.04
14917,1,1,RandomForest,0.0,1.0,0.0,0.0,0.0
17329,3,3,RandomForest,0.005,0.015,0.0,0.935,0.045
11788,0,0,RandomForest,1.0,0.0,0.0,0.0,0.0
12710,2,2,RandomForest,0.0,0.0,1.0,0.0,0.0
14899,1,1,RandomForest,0.0,1.0,0.0,0.0,0.0
15673,1,1,RandomForest,0.0,0.995,0.0,0.0,0.005
11427,0,0,RandomForest,1.0,0.0,0.0,0.0,0.0
18605,4,4,RandomForest,0.0,0.005,0.0,0.0,0.995
19109,4,4,RandomForest,0.0,0.0,0.02,0.0,0.98
18578,4,4,RandomForest,0.0,0.005,0.0,0.0,0.995
12192,2,2,RandomForest,0.0,0.0,1.0,0.0,0.0
16302,3,3,RandomForest,0.0,0.0,0.0,1.0,0.0
13254,2,2,RandomForest,0.0,0.0,1.0,0.0,0.0
15150,1,1,RandomForest,0.0,1.0,0.0,0.0,0.0
16185,3,3,RandomForest,0.0,0.0,0.0,1.0,0.0
18282,4,4,RandomForest,0.0,0.02,0.005,0.0,0.975
13658,2,2,RandomForest,0.0,0.0,0.98,0.0,0.02
12661,2,2,RandomForest,0.0,0.0,1.0,0.0,0.0
18465,4,4,RandomForest,0.0,0.0,0.0,0.0,1.0
11775,0,0,RandomForest,1.0,0.0,0.0,0.0,0.0
16888,3,3,RandomForest,0.0,0.0,0.0,0.995,0.005
14657,1,1,RandomForest,0.0,1.0,0.0,0.0,0.0
18554,4,4,RandomForest,0.0,0.005,0.0,0.005,0.99
18381,4,4,RandomForest,0.0,0.005,0.0,0.0,0.995
10388,0,0,RandomForest,1.0,0.0,0.0,0.0,0.0
13544,2,2,RandomForest,0.03,0.0,0.96,0.0,0.01
14957,1,1,RandomForest,0.0,1.0,0.0,0.0,0.0
12975,2,2,RandomForest,0.0,0.0,1.0,0.0,0.0
17374,3,3,RandomForest,0.0,0.0,0.005,0.925,0.07
18794,4,4,RandomForest,0.0,0.0,0.0,0.0,1.0
12687,2,2,RandomForest,0.0,0.0,1.0,0.0,0.0
13828,2,2,RandomForest,0.0,0.0,1.0,0.0,0.0
17344,3,3,RandomForest,0.0,0.0,0.0,0.985,0.015
13686,2,2,RandomForest,0.0,0.0,0.995,0.0,0.005
14140,1,1,RandomForest,0.0,0.975,0.0,0.0,0.025
15835,1,1,RandomForest,0.0,0.995,0.0,0.0,0.005
17565,4,4,RandomForest,0.0,0.015,0.0,0.205,0.78
18923,4,4,RandomForest,0.0,0.0,0.025,0.0,0.975
11726,0,0,RandomForest,1.0,0.0,0.0,0.0,0.0
19072,4,4,RandomForest,0.0,0.0,0.035,0.0,0.965
11238,0,0,RandomForest,1.0,0.0,0.0,0.0,0.0
10580,0,0,RandomForest,1.0,0.0,0.0,0.0,0.0
15327,1,1,RandomForest,0.0,0.985,0.0,0.015,0.0
16184,3,3,RandomForest,0.0,0.005,0.025,0.825,0.145
13551,2,2,RandomForest,0.01,0.0,0.86,0.0,0.13
12783,2,2,RandomForest,0.0,0.0,1.0,0.0,0.0
15642,1,1,RandomForest,0.0,0.965,0.0,0.015,0.02
17897,4,4,RandomForest,0.02,0.0,0.01,0.005,0.965
13652,2,2,RandomForest,0.0,0.0,1.0,0.0,0.0
18613,4,4,RandomForest,0.0,0.02,0.005,0.06,0.915
11565,0,0,RandomForest,0.995,0.0,0.005,0.0,0.0
13818,2,2,RandomForest,0.0,0.0,1.0,0.0,0.0
11900,0,0,RandomForest,0.96,0.0,0.04,0.0,0.0
12810,2,2,RandomForest,0.0,0.0,1.0,0.0,0.0
15416,1,1,RandomForest,0.0,1.0,0.0,0.0,0.0
17952,4,4,RandomForest,0.0,0.0,0.005,0.055,0.94
14027,1,1,RandomForest,0.0,1.0,0.0,0.0,0.0
15800,1,1,RandomForest,0.0,1.0,0.0,0.0,0.0
11668,0,0,RandomForest,1.0,0.0,0.0,0.0,0.0
14260,1,1,RandomForest,0.0,1.0,0.0,0.0,0.0
17901,4,4,RandomForest,0.025,0.0,0.015,0.015,0.945
12100,2,2,RandomForest,0.0,0.0,0.99,0.0,0.01
15127,1,1,RandomForest,0.0,0.995,0.0,0.005,0.0
18166,4,4,RandomForest,0.0,0.025,0.0,0.08,0.895
10635,0,0,RandomForest,1.0,0.0,0.0,0.0,0.0
13372,2,2,RandomForest,0.0,0.0,0.99,0.0,0.01
17828,4,4,RandomForest,0.02,0.0,0.075,0.095,0.81
14630,1,1,RandomForest,0.0,1.0,0.0,0.0,0.0
19045,4,4,RandomForest,0.04,0.0,0.02,0.0,0.94
17145,3,3,RandomForest,0.0,0.0,0.005,0.99,0.005
14906,1,1,RandomForest,0.0,1.0,0.0,0.0,0.0
10674,0,0,RandomForest,0.925,0.01,0.055,0.01,0.0
12819,2,2,RandomForest,0.05,0.0,0.93,0.0,0.02
17036,3,3,RandomForest,0.0,0.0,0.0,0.98,0.02
10739,0,0,RandomForest,1.0,0.0,0.0,0.0,0.0
12168,2,2,RandomForest,0.005,0.0,0.995,0.0,0.0
11325,0,0,RandomForest,0.995,0.0,0.0,0.0,0.005
17990,4,4,RandomForest,0.005,0.0,0.01,0.0,0.985
10391,0,0,RandomForest,1.0,0.0,0.0,0.0,0.0
19005,4,4,RandomForest,0.0,0.0,0.235,0.0,0.765
10596,0,0,RandomForest,1.0,0.0,0.0,0.0,0.0
18130,4,4,RandomForest,0.0,0.0,0.0,0.025,0.975
18832,4,4,RandomForest,0.0,0.0,0.015,0.0,0.985
10366,0,0,RandomForest,1.0,0.0,0.0,0.0,0.0
16036,3,3,RandomForest,0.0,0.005,0.0,0.995,0.0
14976,1,1,RandomForest,0.0,0.99,0.0,0.01,0.0
17936,4,4,RandomForest,0.03,0.0,0.01,0.0,0.96
11212,0,0,RandomForest,0.995,0.0,0.005,0.0,0.0
16168,3,3,RandomForest,0.005,0.06,0.0,0.87,0.065
15015,1,1,RandomForest,0.0,0.975,0.0,0.015,0.01
18650,4,4,RandomForest,0.0,0.015,0.0,0.0,0.985
14686,1,1,RandomForest,0.0,1.0,0.0,0.0,0.0
11466,0,0,RandomForest,1.0,0.0,0.0,0.0,0.0
10736,0,0,RandomForest,1.0,0.0,0.0,0.0,0.0
15796,1,1,RandomForest,0.0,1.0,0.0,0.0,0.0
13144,2,2,RandomForest,0.0,0.0,0.965,0.0,0.035
15629,1,1,RandomForest,0.0,0.995,0.0,0.0,0.005
11675,0,0,RandomForest,1.0,0.0,0.0,0.0,0.0
17967,4,4,RandomForest,0.0,0.0,0.0,0.005,0.995
14028,1,1,RandomForest,0.0,1.0,0.0,0.0,0.0
10823,0,0,RandomForest,1.0,0.0,0.0,0.0,0.0
14315,1,1,RandomForest,0.0,0.955,0.005,0.035,0.005
16564,3,3,RandomForest,0.0,0.02,0.0,0.96,0.02
13480,2,2,RandomForest,0.0,0.0,1.0,0.0,0.0
10373,0,0,RandomForest,0.985,0.0,0.015,0.0,0.0
13227,2,2,RandomForest,0.005,0.0,0.995,0.0,0.0
10257,0,0,RandomForest,0.625,0.01,0.235,0.05,0.08
15486,1,1,RandomForest,0.0,1.0,0.0,0.0,0.0
11399,0,0,RandomForest,0.995,0.0,0.005,0.0,0.0
14224,1,1,RandomForest,0.0,1.0,0.0,0.0,0.0
18989,4,4,RandomForest,0.0,0.0,0.01,0.0,0.99
17640,4,4,RandomForest,0.005,0.0,0.0,0.085,0.91
16552,3,3,RandomForest,0.0,0.015,0.005,0.965,0.015
13567,2,2,RandomForest,0.0,0.0,1.0,0.0,0.0
15026,1,1,RandomForest,0.0,0.995,0.0,0.005,0.0
16591,3,3,RandomForest,0.0,0.01,0.0,0.99,0.0
15576,1,1,RandomForest,0.0,1.0,0.0,0.0,0.0
12576,2,2,RandomForest,0.0,0.0,1.0,0.0,0.0
16188,3,3,RandomForest,0.0,0.005,0.0,0.995,0.0
15383,1,1,RandomForest,0.0,1.0,0.0,0.0,0.0
15831,1,1,RandomForest,0.0,1.0,0.0,0.0,0.0
13787,2,2,RandomForest,0.0,0.0,1.0,0.0,0.0
14611,1,1,RandomForest,0.0,1.0,0.0,0.0,0.0
19064,4,4,RandomForest,0.0,0.0,0.025,0.0,0.975
11683,0,0,RandomForest,1.0,0.0,0.0,0.0,0.0
12304,2,2,RandomForest,0.0,0.0,1.0,0.0,0.0
14624,1,1,RandomForest,0.0,1.0,0.0,0.0,0.0
17227,3,3,RandomForest,0.0,0.025,0.0,0.94,0.035
17674,4,4,RandomForest,0.0,0.0,0.005,0.0,0.995
18735,4,4,RandomForest,0.0,0.0,0.0,0.0,1.0
10022,0,0,RandomForest,1.0,0.0,0.0,0.0,0.0
10615,0,0,RandomForest,1.0,0.0,0.0,0.0,0.0
10627,0,0,RandomForest,1.0,0.0,0.0,0.0,0.0
13494,2,2,RandomForest,0.0,0.0,0.995,0.0,0.005
12513,2,2,RandomForest,0.0,0.0,0.995,0.0,0.005
16586,3,3,RandomForest,0.0,0.01,0.0,0.98,0.01
13231,2,2,RandomForest,0.0,0.0,1.0,0.0,0.0
12507,2,2,RandomForest,0.0,0.0,1.0,0.0,0.0
13394,2,2,RandomForest,0.0,0.0,1.0,0.0,0.0
18365,4,4,RandomForest,0.0,0.04,0.0,0.0,0.96
16259,3,3,RandomForest,0.0,0.005,0.0,0.99,0.005
11863,0,0,RandomForest,0.985,0.0,0.015,0.0,0.0
12195,2,2,RandomForest,0.0,0.0,0.995,0.0,0.005
17635,4,4,RandomForest,0.0,0.0,0.02,0.02,0.96
12380,2,2,RandomForest,0.0,0.0,1.0,0.0,0.0
12418,2,2,RandomForest,0.0,0.0,1.0,0.0,0.0
14901,1,1,RandomForest,0.0,1.0,0.0,0.0,0.0
11649,0,0,RandomForest,1.0,0.0,0.0,0.0,0.0
13904,2,2,RandomForest,0.03,0.0,0.955,0.0,0.015
10193,0,0,RandomForest,1.0,0.0,0.0,0.0,0.0
14530,1,1,RandomForest,0.0,0.99,0.0,0.01,0.0
17684,4,4,RandomForest,0.0,0.0,0.0,0.035,0.965
18009,4,4,RandomForest,0.0,0.035,0.0,0.155,0.81
15192,1,1,RandomForest,0.0,0.995,0.0,0.005,0.0
18251,4,4,RandomForest,0.0,0.015,0.0,0.0,0.985
16598,3,3,RandomForest,0.0,0.0,0.0,0.995,0.005
16533,3,3,RandomForest,0.0,0.01,0.0,0.98,0.01
16672,3,3,RandomForest,0.0,0.01,0.0,0.97,0.02
17783,4,4,RandomForest,0.0,0.0,0.0,0.13,0.87
15141,1,1,RandomForest,0.0,1.0,0.0,0.0,0.0
17110,3,3,RandomForest,0.0,0.005,0.005,0.985,0.005
15259,1,1,RandomForest,0.0,0.945,0.0,0.055,0.0
19133,4,4,RandomForest,0.0,0.0,0.01,0.0,0.99
13992,1,1,RandomForest,0.0,0.96,0.0,0.03,0.01
17561,4,4,RandomForest,0.0,0.0,0.0,0.0,1.0
14008,1,1,RandomForest,0.0,1.0,0.0,0.0,0.0
13323,2,2,RandomForest,0.03,0.0,0.965,0.0,0.005
15589,1,1,RandomForest,0.0,1.0,0.0,0.0,0.0
14572,1,1,RandomForest,0.0,1.0,0.0,0.0,0.0
17305,3,3,RandomForest,0.0,0.0,0.0,0.965,0.035
12643,2,2,RandomForest,0.0,0.0,0.995,0.0,0.005
16230,3,3,RandomForest,0.0,0.015,0.0,0.985,0.0
15269,1,1,RandomForest,0.0,1.0,0.0,0.0,0.0
17557,4,4,RandomForest,0.0,0.0,0.005,0.01,0.985
14218,1,1,RandomForest,0.0,1.0,0.0,0.0,0.0
18820,4,4,RandomForest,0.0,0.0,0.01,0.0,0.99
11950,2,2,RandomForest,0.0,0.0,1.0,0.0,0.0
17996,4,4,RandomForest,0.0,0.0,0.005,0.01,0.985
16861,3,3,RandomForest,0.0,0.01,0.0,0.97,0.02
13169,2,2,RandomForest,0.0,0.0,0.925,0.0,0.075
11484,0,0,RandomForest,0.985,0.0,0.015,0.0,0.0
18643,4,4,RandomForest,0.0,0.005,0.0,0.005,0.99
11803,0,0,RandomForest,0.995,0.0,0.005,0.0,0.0
19125,4,4,RandomForest,0.0,0.0,0.045,0.0,0.955
12258,2,2,RandomForest,0.0,0.0,0.99,0.0,0.01
13132,2,2,RandomForest,0.01,0.0,0.955,0.0,0.035
14693,1,1,RandomForest,0.0,0.99,0.0,0.01,0.0
15133,1,1,RandomForest,0.0,1.0,0.0,0.0,0.0
18708,4,4,RandomForest,0.0,0.025,0.0,0.005,0.97
10803,0,0,RandomForest,0.995,0.0,0.0,0.0,0.005
13546,2,2,RandomForest,0.0,0.0,0.955,0.0,0.045
10213,0,0,RandomForest,0.985,0.0,0.01,0.0,0.005
16114,3,3,RandomForest,0.0,0.19,0.0,0.785,0.025
17051,3,3,RandomForest,0.0,0.0,0.0,0.95,0.05
16448,3,3,RandomForest,0.0,0.005,0.0,0.995,0.0
11739,0,0,RandomForest,1.0,0.0,0.0,0.0,0.0
15144,1,1,RandomForest,0.0,1.0,0.0,0.0,0.0
18998,4,4,RandomForest,0.0,0.0,0.02,0.0,0.98
14455,1,1,RandomForest,0.0,1.0,0.0,0.0,0.0
15932,3,3,RandomForest,0.0,0.015,0.0,0.985,0.0
12224,2,2,RandomForest,0.0,0.0,1.0,0.0,0.0
14969,1,1,RandomForest,0.0,0.985,0.0,0.005,0.01
9996,0,0,RandomForest,1.0,0.0,0.0,0.0,0.0
13249,2,2,RandomForest,0.01,0.0,0.975,0.0,0.015
14635,1,1,RandomForest,0.0,1.0,0.0,0.0,0.0
13383,2,2,RandomForest,0.01,0.0,0.96,0.0,0.03
17923,4,4,RandomForest,0.005,0.0,0.025,0.205,0.765
15624,1,1,RandomForest,0.0,0.95,0.0,0.01,0.04
17558,4,4,RandomForest,0.005,0.0,0.005,0.0,0.99
16725,3,3,RandomForest,0.0,0.0,0.0,1.0,0.0
10844,0,0,RandomForest,1.0,0.0,0.0,0.0,0.0
13586,2,2,RandomForest,0.0,0.0,1.0,0.0,0.0
11745,0,0,RandomForest,1.0,0.0,0.0,0.0,0.0
10945,0,0,RandomForest,1.0,0.0,0.0,0.0,0.0
10764,0,0,RandomForest,0.995,0.0,0.0,0.0,0.005
17135,3,3,RandomForest,0.0,0.0,0.005,0.965,0.03
15253,1,1,RandomForest,0.0,0.98,0.0,0.02,0.0
17756,4,4,RandomForest,0.0,0.0,0.0,0.005,0.995
12452,2,2,RandomForest,0.0,0.0,0.995,0.0,0.005
19035,4,4,RandomForest,0.0,0.0,0.01,0.0,0.99
11047,0,0,RandomForest,1.0,0.0,0.0,0.0,0.0
18868,4,4,RandomForest,0.0,0.0,0.015,0.0,0.985
18848,4,4,RandomForest,0.005,0.0,0.06,0.0,0.935
14085,1,1,RandomForest,0.0,1.0,0.0,0.0,0.0
12996,2,2,RandomForest,0.0,0.0,0.985,0.0,0.015
12791,2,2,RandomForest,0.005,0.0,0.955,0.0,0.04
11044,0,0,RandomForest,1.0,0.0,0.0,0.0,0.0
15083,1,1,RandomForest,0.0,1.0,0.0,0.0,0.0
13963,1,1,RandomForest,0.0,1.0,0.0,0.0,0.0
13052,2,2,RandomForest,0.005,0.0,0.975,0.0,0.02
14184,1,1,RandomForest,0.0,1.0,0.0,0.0,0.0
12309,2,2,RandomForest,0.0,0.0,1.0,0.0,0.0
17118,3,3,RandomForest,0.0,0.0,0.0,0.99,0.01
15794,1,1,RandomForest,0.0,0.995,0.0,0.0,0.005
11794,0,0,RandomForest,1.0,0.0,0.0,0.0,0.0
17653,4,4,RandomForest,0.0,0.005,0.0,0.11,0.885
15025,1,1,RandomForest,0.0,1.0,0.0,0.0,0.0
18231,4,4,RandomForest,0.0,0.0,0.0,0.005,0.995
10628,0,0,RandomForest,1.0,0.0,0.0,0.0,0.0
10264,0,0,RandomForest,0.995,0.0,0.005,0.0,0.0
13056,2,2,RandomForest,0.0,0.0,1.0,0.0,0.0
12257,2,2,RandomForest,0.005,0.0,0.995,0.0,0.0
11252,0,0,RandomForest,0.975,0.0,0.015,0.0,0.01
12990,2,2,RandomForest,0.0,0.0,0.985,0.0,0.015
17113,3,3,RandomForest,0.0,0.0,0.0,0.99,0.01
11401,0,0,RandomForest,1.0,0.0,0.0,0.0,0.0
13073,2,2,RandomForest,0.0,0.0,0.975,0.0,0.025
15415,1,1,RandomForest,0.0,0.995,0.0,0.005,0.0
15907,1,1,RandomForest,0.0,0.985,0.0,0.0,0.015
11648,0,0,RandomForest,0.965,0.0,0.035,0.0,0.0
18638,4,4,RandomForest,0.0,0.01,0.0,0.0,0.99
12079,2,2,RandomForest,0.0,0.0,1.0,0.0,0.0
12877,2,2,RandomForest,0.0,0.0,1.0,0.0,0.0
17797,4,4,RandomForest,0.0,0.0,0.005,0.0,0.995
15944,3,3,RandomForest,0.0,0.02,0.0,0.97,0.01
17059,3,3,RandomForest,0.015,0.01,0.005,0.885,0.085
17799,4,4,RandomForest,0.0,0.0,0.005,0.02,0.975
14910,1,1,RandomForest,0.0,1.0,0.0,0.0,0.0
11750,0,0,RandomForest,1.0,0.0,0.0,0.0,0.0
17060,3,3,RandomForest,0.0,0.005,0.0,0.99,0.005
18693,4,4,RandomForest,0.0,0.0,0.0,0.0,1.0
15823,1,1,RandomForest,0.0,1.0,0.0,0.0,0.0
11783,0,0,RandomForest,0.995,0.0,0.005,0.0,0.0
10318,0,0,RandomForest,1.0,0.0,0.0,0.0,0.0
10175,0,0,RandomForest,1.0,0.0,0.0,0.0,0.0
17600,4,4,RandomForest,0.015,0.0,0.015,0.0,0.97
12545,2,2,RandomForest,0.0,0.0,1.0,0.0,0.0
13206,2,2,RandomForest,0.0,0.0,0.93,0.0,0.07
17877,4,4,RandomForest,0.0,0.0,0.015,0.03,0.955
15891,1,1,RandomForest,0.0,0.975,0.0,0.015,0.01
17947,4,4,RandomForest,0.0,0.005,0.0,0.045,0.95
12633,2,2,RandomForest,0.0,0.0,1.0,0.0,0.0
16578,3,3,RandomForest,0.0,0.04,0.0,0.955,0.005
12122,2,2,RandomForest,0.0,0.0,1.0,0.0,0.0
11370,0,0,RandomForest,1.0,0.0,0.0,0.0,0.0
13152,2,2,RandomForest,0.005,0.0,0.97,0.0,0.025
14531,1,1,RandomForest,0.0,0.985,0.0,0.015,0.0
11285,0,0,RandomForest,1.0,0.0,0.0,0.0,0.0
16654,3,3,RandomForest,0.0,0.0,0.0,1.0,0.0
18176,4,4,RandomForest,0.0,0.025,0.0,0.045,0.93
14440,1,1,RandomForest,0.0,1.0,0.0,0.0,0.0
13499,2,2,RandomForest,0.015,0.0,0.985,0.0,0.0
17229,3,3,RandomForest,0.015,0.0,0.015,0.795,0.175
12159,2,2,RandomForest,0.0,0.0,1.0,0.0,0.0
10842,0,0,RandomForest,1.0,0.0,0.0,0.0,0.0
16433,3,3,RandomForest,0.0,0.0,0.0,0.995,0.005
17002,3,3,RandomForest,0.0,0.0,0.0,0.995,0.005
16034,3,3,RandomForest,0.0,0.01,0.0,0.99,0.0
14240,1,1,RandomForest,0.0,1.0,0.0,0.0,0.0
18186,4,4,RandomForest,0.0,0.01,0.0,0.0,0.99
14048,1,1,RandomForest,0.0,0.99,0.0,0.005,0.005
11114,0,0,RandomForest,1.0,0.0,0.0,0.0,0.0
10620,0,0,RandomForest,0.99,0.0,0.0,0.0,0.01
14992,1,1,RandomForest,0.0,0.965,0.0,0.025,0.01
15111,1,1,RandomForest,0.0,1.0,0.0,0.0,0.0
17498,4,4,RandomForest,0.0,0.02,0.005,0.16,0.815
12101,2,2,RandomForest,0.0,0.0,1.0,0.0,0.0
10134,0,0,RandomForest,1.0,0.0,0.0,0.0,0.0
16033,3,3,RandomForest,0.0,0.02,0.0,0.97,0.01
11508,0,0,RandomForest,0.995,0.0,0.005,0.0,0.0
16219,3,3,RandomForest,0.0,0.015,0.0,0.985,0.0
13735,2,3,RandomForest,0.04,0.095,0.355,0.4,0.11
11439,0,0,RandomForest,0.97,0.0,0.03,0.0,0.0
15110,1,1,RandomForest,0.0,0.985,0.0,0.005,0.01
11422,0,0,RandomForest,1.0,0.0,0.0,0.0,0.0
16080,3,3,RandomForest,0.0,0.03,0.0,0.97,0.0
14926,1,1,RandomForest,0.0,1.0,0.0,0.0,0.0
16467,3,3,RandomForest,0.005,0.005,0.0,0.99,0.0
17946,4,4,RandomForest,0.005,0.0,0.0,0.0,0.995
11309,0,0,RandomForest,1.0,0.0,0.0,0.0,0.0
19118,4,4,RandomForest,0.0,0.0,0.095,0.0,0.905
18514,4,4,RandomForest,0.0,0.01,0.0,0.0,0.99
12136,2,2,RandomForest,0.005,0.0,0.995,0.0,0.0
18994,4,4,RandomForest,0.0,0.0,0.015,0.0,0.985
18446,4,4,RandomForest,0.0,0.01,0.0,0.0,0.99
12891,2,2,RandomForest,0.01,0.0,0.985,0.0,0.005
14562,1,1,RandomForest,0.0,0.99,0.0,0.0,0.01
17293,3,3,RandomForest,0.0,0.005,0.0,0.96,0.035
13314,2,2,RandomForest,0.01,0.0,0.8,0.0,0.19
17869,4,4,RandomForest,0.0,0.0,0.015,0.02,0.965
15598,1,1,RandomForest,0.0,0.995,0.0,0.0,0.005
12201,2,2,RandomForest,0.0,0.0,1.0,0.0,0.0
10538,0,0,RandomForest,1.0,0.0,0.0,0.0,0.0
17644,4,4,RandomForest,0.0,0.0,0.0,0.03,0.97
17236,3,3,RandomForest,0.0,0.0,0.0,0.985,0.015
11558,0,0,RandomForest,0.995,0.0,0.005,0.0,0.0
17411,3,3,RandomForest,0.0,0.0,0.0,0.96,0.04
12436,2,2,RandomForest,0.0,0.0,1.0,0.0,0.0
17370,3,3,RandomForest,0.0,0.0,0.0,0.93,0.07
13409,2,2,RandomForest,0.0,0.0,0.99,0.0,0.01
14287,1,1,RandomForest,0.0,1.0,0.0,0.0,0.0
13537,2,2,RandomForest,0.0,0.0,1.0,0.0,0.0
10600,0,0,RandomForest,1.0,0.0,0.0,0.0,0.0
10633,0,0,RandomForest,1.0,0.0,0.0,0.0,0.0
17066,3,3,RandomForest,0.0,0.005,0.015,0.91,0.07
12993,2,2,RandomForest,0.02,0.0,0.975,0.0,0.005
16306,3,3,RandomForest,0.0,0.005,0.0,0.995,0.0
15608,1,1,RandomForest,0.0,0.995,0.0,0.0,0.005
18053,4,4,RandomForest,0.0,0.0,0.0,0.01,0.99
13952,1,1,RandomForest,0.0,1.0,0.0,0.0,0.0
13311,2,2,RandomForest,0.01,0.0,0.985,0.0,0.005
14361,1,1,RandomForest,0.0,1.0,0.0,0.0,0.0
12351,2,2,RandomForest,0.0,0.0,1.0,0.0,0.0
10177,0,0,RandomForest,1.0,0.0,0.0,0.0,0.0
14723,1,1,RandomForest,0.0,0.995,0.0,0.005,0.0
11987,2,2,RandomForest,0.0,0.0,1.0,0.0,0.0
18243,4,4,RandomForest,0.0,0.065,0.0,0.0,0.935
16930,3,3,RandomForest,0.0,0.005,0.0,0.995,0.0
17152,3,3,RandomForest,0.0,0.0,0.0,0.995,0.005
11123,0,0,RandomForest,1.0,0.0,0.0,0.0,0.0
11515,0,0,RandomForest,1.0,0.0,0.0,0.0,0.0
14606,1,1,RandomForest,0.0,1.0,0.0,0.0,0.0
11521,0,0,RandomForest,1.0,0.0,0.0,0.0,0.0
15971,3,3,RandomForest,0.0,0.0,0.005,0.985,0.01
10425,0,0,RandomForest,1.0,0.0,0.0,0.0,0.0
13624,2,2,RandomForest,0.0,0.0,0.945,0.0,0.055
17682,4,4,RandomForest,0.005,0.0,0.01,0.0,0.985
16705,3,3,RandomForest,0.0,0.015,0.0,0.98,0.005
10271,0,0,RandomForest,1.0,0.0,0.0,0.0,0.0
16358,3,3,RandomForest,0.0,0.0,0.0,1.0,0.0
12056,2,2,RandomForest,0.0,0.0,1.0,0.0,0.0
10944,0,0,RandomForest,1.0,0.0,0.0,0.0,0.0
16652,3,3,RandomForest,0.0,0.04,0.0,0.955,0.005
12271,2,2,RandomForest,0.0,0.0,0.92,0.0,0.08
12665,2,2,RandomForest,0.0,0.0,1.0,0.0,0.0
14323,1,1,RandomForest,0.0,0.995,0.0,0.0,0.005
13871,2,2,RandomForest,0.025,0.0,0.935,0.0,0.04
18647,4,4,RandomForest,0.0,0.035,0.0,0.155,0.81
13643,2,2,RandomForest,0.0,0.0,0.99,0.0,0.01
14320,1,1,RandomForest,0.0,0.98,0.0,0.015,0.005
16827,3,3,RandomForest,0.005,0.01,0.0,0.93,0.055
15954,3,3,RandomForest,0.0,0.0,0.0,1.0,0.0
11396,0,0,RandomForest,0.995,0.0,0.005,0.0,0.0
16631,3,3,RandomForest,0.0,0.005,0.0,0.995,0.0
18763,4,4,RandomForest,0.0,0.01,0.0,0.0,0.99
18293,4,4,RandomForest,0.0,0.035,0.005,0.0,0.96
14592,1,1,RandomForest,0.0,0.995,0.0,0.0,0.005
12548,2,2,RandomForest,0.0,0.0,0.995,0.0,0.005
14253,1,1,RandomForest,0.0,1.0,0.0,0.0,0.0
14285,1,1,RandomForest,0.0,1.0,0.0,0.0,0.0
12508,2,2,RandomForest,0.0,0.0,0.995,0.0,0.005
18416,4,4,RandomForest,0.0,0.01,0.0,0.0,0.99
12816,2,2,RandomForest,0.0,0.0,0.865,0.0,0.135
11074,0,0,RandomForest,1.0,0.0,0.0,0.0,0.0
18573,4,4,RandomForest,0.0,0.02,0.01,0.025,0.945
12237,2,2,RandomForest,0.0,0.0,1.0,0.0,0.0
11636,0,0,RandomForest,1.0,0.0,0.0,0.0,0.0
16481,3,3,RandomForest,0.0,0.005,0.0,0.995,0.0
14779,1,1,RandomForest,0.0,1.0,0.0,0.0,0.0
15763,1,1,RandomForest,0.005,0.98,0.0,0.0,0.015
11064,0,0,RandomForest,1.0,0.0,0.0,0.0,0.0
12269,2,2,RandomForest,0.0,0.0,1.0,0.0,0.0
16360,3,3,RandomForest,0.0,0.005,0.0,0.99,0.005
12274,2,2,RandomForest,0.0,0.0,1.0,0.0,0.0
17646,4,4,RandomForest,0.0,0.01,0.0,0.12,0.87
16772,3,3,RandomForest,0.0,0.0,0.0,0.995,0.005
12020,2,2,RandomForest,0.0,0.0,1.0,0.0,0.0
12614,2,2,RandomForest,0.0,0.0,0.995,0.0,0.005
16004,3,3,RandomForest,0.0,0.02,0.0,0.975,0.005
15901,1,1,RandomForest,0.005,0.96,0.01,0.01,0.015
18283,4,4,RandomForest,0.0,0.03,0.0,0.01,0.96
16438,3,3,RandomForest,0.0,0.0,0.0,0.995,0.005
18025,4,4,RandomForest,0.005,0.0,0.005,0.015,0.975
17542,4,4,RandomForest,0.0,0.0,0.0,0.0,1.0
13834,2,2,RandomForest,0.0,0.0,0.995,0.0,0.005
11473,0,0,RandomForest,1.0,0.0,0.0,0.0,0.0
17704,4,4,RandomForest,0.0,0.0,0.015,0.035,0.95
14159,1,1,RandomForest,0.0,0.99,0.0,0.005,0.005
11083,0,0,RandomForest,0.72,0.0,0.275,0.0,0.005
16217,3,3,RandomForest,0.0,0.0,0.0,1.0,0.0
14526,1,1,RandomForest,0.0,0.99,0.0,0.01,0.0
15588,1,1,RandomForest,0.005,0.965,0.0,0.005,0.025
11832,0,0,RandomForest,1.0,0.0,0.0,0.0,0.0
14571,1,1,RandomForest,0.0,1.0,0.0,0.0,0.0
14306,1,1,RandomForest,0.0,1.0,0.0,0.0,0.0
11226,0,0,RandomForest,1.0,0.0,0.0,0.0,0.0
16255,3,3,RandomForest,0.0,0.005,0.005,0.965,0.025
15903,1,1,RandomForest,0.0,0.93,0.0,0.015,0.055
15042,1,1,RandomForest,0.0,0.92,0.0,0.08,0.0
14853,1,1,RandomForest,0.0,1.0,0.0,0.0,0.0
12369,2,2,RandomForest,0.0,0.0,1.0,0.0,0.0
15043,1,1,RandomForest,0.0,1.0,0.0,0.0,0.0
12383,2,2,RandomForest,0.0,0.0,1.0,0.0,0.0
15604,1,1,RandomForest,0.0,1.0,0.0,0.0,0.0
17515,4,4,RandomForest,0.005,0.005,0.005,0.025,0.96
15983,3,3,RandomForest,0.0,0.005,0.0,0.995,0.0
18617,4,4,RandomForest,0.0,0.0,0.0,0.005,0.995
16879,3,3,RandomForest,0.005,0.005,0.005,0.955,0.03
16303,3,3,RandomForest,0.0,0.015,0.0,0.95,0.035
14212,1,1,RandomForest,0.0,1.0,0.0,0.0,0.0
15361,1,1,RandomForest,0.0,1.0,0.0,0.0,0.0
18114,4,4,RandomForest,0.0,0.0,0.0,0.06,0.94
14828,1,1,RandomForest,0.0,0.92,0.005,0.07,0.005
15820,1,1,RandomForest,0.0,0.98,0.0,0.02,0.0
16912,3,3,RandomForest,0.0,0.0,0.0,0.98,0.02
18152,4,4,RandomForest,0.0,0.0,0.0,0.0,1.0
17487,4,4,RandomForest,0.005,0.005,0.0,0.07,0.92
11039,0,0,RandomForest,1.0,0.0,0.0,0.0,0.0
12352,2,2,RandomForest,0.015,0.0,0.895,0.0,0.09
15390,1,1,RandomForest,0.0,1.0,0.0,0.0,0.0
14833,1,1,RandomForest,0.0,1.0,0.0,0.0,0.0
10730,0,0,RandomForest,0.975,0.005,0.015,0.005,0.0
13303,2,2,RandomForest,0.0,0.0,0.965,0.0,0.035
10828,0,0,RandomForest,0.995,0.0,0.005,0.0,0.0
14427,1,1,RandomForest,0.0,1.0,0.0,0.0,0.0
12529,2,2,RandomForest,0.0,0.0,1.0,0.0,0.0
17386,3,3,RandomForest,0.0,0.0,0.0,0.985,0.015
14247,1,1,RandomForest,0.0,1.0,0.0,0.0,0.0
11172,0,0,RandomForest,0.995,0.0,0.005,0.0,0.0
13816,2,2,RandomForest,0.0,0.0,0.995,0.0,0.005
17595,4,4,RandomForest,0.0,0.015,0.0,0.185,0.8
18899,4,4,RandomForest,0.005,0.0,0.005,0.0,0.99
14173,1,1,RandomForest,0.0,1.0,0.0,0.0,0.0
12454,2,2,RandomForest,0.0,0.0,1.0,0.0,0.0
15723,1,1,RandomForest,0.0,0.98,0.0,0.0,0.02
15019,1,1,RandomForest,0.005,0.835,0.0,0.155,0.005
13463,2,2,RandomForest,0.0,0.0,0.995,0.0,0.005
11496,0,0,RandomForest,1.0,0.0,0.0,0.0,0.0
17805,4,4,RandomForest,0.0,0.0,0.0,0.045,0.955
12871,2,2,RandomForest,0.0,0.0,0.99,0.0,0.01
16251,3,3,RandomForest,0.0,0.005,0.0,0.995,0.0
13164,2,2,RandomForest,0.0,0.0,1.0,0.0,0.0
14911,1,1,RandomForest,0.0,0.965,0.0,0.035,0.0
17700,4,4,RandomForest,0.0,0.0,0.0,0.0,1.0
18690,4,4,RandomForest,0.0,0.025,0.0,0.18,0.795
11516,0,0,RandomForest,1.0,0.0,0.0,0.0,0.0
11426,0,0,RandomForest,1.0,0.0,0.0,0.0,0.0
14250,1,1,RandomForest,0.0,1.0,0.0,0.0,0.0
14098,1,1,RandomForest,0.0,1.0,0.0,0.0,0.0
11631,0,0,RandomForest,1.0,0.0,0.0,0.0,0.0
16284,3,3,RandomForest,0.0,0.0,0.0,0.99,0.01
15777,1,1,RandomForest,0.005,0.99,0.0,0.0,0.005
11320,0,0,RandomForest,1.0,0.0,0.0,0.0,0.0
11736,0,0,RandomForest,1.0,0.0,0.0,0.0,0.0
15809,1,1,RandomForest,0.0,1.0,0.0,0.0,0.0
14473,1,1,RandomForest,0.0,1.0,0.0,0.0,0.0
17882,4,4,RandomForest,0.0,0.0,0.005,0.03,0.965
11693,0,0,RandomForest,1.0,0.0,0.0,0.0,0.0
13985,1,1,RandomForest,0.0,1.0,0.0,0.0,0.0
16543,3,3,RandomForest,0.0,0.005,0.0,0.99,0.005
17349,3,3,RandomForest,0.0,0.0,0.0,0.99,0.01
18933,4,4,RandomForest,0.005,0.0,0.215,0.06,0.72
18161,4,4,RandomForest,0.0,0.01,0.0,0.0,0.99
15906,1,1,RandomForest,0.0,1.0,0.0,0.0,0.0
13639,2,2,RandomForest,0.005,0.0,0.895,0.0,0.1
14245,1,1,RandomForest,0.0,1.0,0.0,0.0,0.0
16855,3,3,RandomForest,0.0,0.01,0.0,0.985,0.005
18490,4,4,RandomForest,0.0,0.045,0.015,0.005,0.935
16347,3,3,RandomForest,0.0,0.0,0.0,1.0,0.0
10651,0,0,RandomForest,1.0,0.0,0.0,0.0,0.0
18749,4,4,RandomForest,0.0,0.015,0.0,0.015,0.97
15489,1,1,RandomForest,0.0,1.0,0.0,0.0,0.0
15609,1,1,RandomForest,0.0,1.0,0.0,0.0,0.0
17034,3,3,RandomForest,0.0,0.0,0.005,0.97,0.025
15621,1,1,RandomForest,0.0,0.985,0.0,0.0,0.015
16992,3,3,RandomForest,0.0,0.005,0.01,0.925,0.06
14861,1,1,RandomForest,0.0,1.0,0.0,0.0,0.0
12262,2,2,RandomForest,0.005,0.0,0.995,0.0,0.0
15223,1,1,RandomForest,0.0,1.0,0.0,0.0,0.0
10188,0,0,RandomForest,0.995,0.0,0.0,0.0,0.005
15857,1,1,RandomForest,0.0,0.99,0.0,0.0,0.01
17606,4,4,RandomForest,0.015,0.0,0.04,0.01,0.935
14947,1,1,RandomForest,0.0,0.975,0.0,0.025,0.0
15958,3,3,RandomForest,0.0,0.015,0.0,0.985,0.0
11403,0,0,RandomForest,1.0,0.0,0.0,0.0,0.0
14243,1,1,RandomForest,0.0,1.0,0.0,0.0,0.0
15245,1,1,RandomForest,0.0,0.855,0.0,0.135,0.01
11890,0,0,RandomForest,1.0,0.0,0.0,0.0,0.0
19057,4,4,RandomForest,0.01,0.0,0.015,0.0,0.975
16710,3,3,RandomForest,0.0,0.02,0.0,0.965,0.015
10189,0,0,RandomForest,1.0,0.0,0.0,0.0,0.0
10207,0,0,RandomForest,1.0,0.0,0.0,0.0,0.0
18568,4,4,RandomForest,0.0,0.015,0.0,0.01,0.975
18198,4,4,RandomForest,0.0,0.005,0.0,0.0,0.995
18676,4,4,RandomForest,0.0,0.04,0.0,0.005,0.955
10713,0,0,RandomForest,1.0,0.0,0.0,0.0,0.0
14914,1,1,RandomForest,0.0,1.0,0.0,0.0,0.0
12656,2,2,RandomForest,0.0,0.0,1.0,0.0,0.0
14829,1,1,RandomForest,0.0,1.0,0.0,0.0,0.0
18947,4,4,RandomForest,0.0,0.0,0.015,0.0,0.985
14453,1,1,RandomForest,0.0,0.995,0.0,0.005,0.0
18389,4,4,RandomForest,0.0,0.0,0.0,0.0,1.0
16190,3,3,RandomForest,0.0,0.0,0.0,0.985,0.015
16988,3,3,RandomForest,0.0,0.0,0.0,0.98,0.02
14071,1,1,RandomForest,0.0,0.995,0.0,0.005,0.0
10028,0,0,RandomForest,1.0,0.0,0.0,0.0,0.0
12836,2,2,RandomForest,0.07,0.0,0.82,0.025,0.085
15233,1,1,RandomForest,0.0,1.0,0.0,0.0,0.0
13867,2,2,RandomForest,0.02,0.0,0.94,0.0,0.04
17266,3,3,RandomForest,0.0,0.0,0.0,0.965,0.035
13047,2,2,RandomForest,0.0,0.0,1.0,0.0,0.0
16647,3,3,RandomForest,0.0,0.015,0.0,0.985,0.0
18563,4,4,RandomForest,0.0,0.0,0.0,0.0,1.0
18370,4,4,RandomForest,0.0,0.0,0.0,0.0,1.0
17492,4,4,RandomForest,0.0,0.0,0.0,0.03,0.97
11472,0,0,RandomForest,0.905,0.0,0.085,0.0,0.01
10634,0,0,RandomForest,1.0,0.0,0.0,0.0,0.0
16865,3,3,RandomForest,0.0,0.005,0.0,0.955,0.04
14075,1,1,RandomForest,0.0,1.0,0.0,0.0,0.0
12368,2,2,RandomForest,0.0,0.0,1.0,0.0,0.0
11713,0,0,RandomForest,1.0,0.0,0.0,0.0,0.0
16541,3,3,RandomForest,0.0,0.015,0.0,0.975,0.01
13140,2,2,RandomForest,0.0,0.0,1.0,0.0,0.0
17196,3,3,RandomForest,0.0,0.0,0.0,0.985,0.015
13012,2,2,RandomForest,0.0,0.0,0.97,0.0,0.03
17283,3,3,RandomForest,0.0,0.0,0.0,0.985,0.015
12109,2,2,RandomForest,0.0,0.0,1.0,0.0,0.0
16524,3,3,RandomForest,0.0,0.0,0.0,0.96,0.04
16523,3,3,RandomForest,0.0,0.01,0.005,0.955,0.03
15551,1,1,RandomForest,0.0,1.0,0.0,0.0,0.0
14646,1,1,RandomForest,0.0,1.0,0.0,0.0,0.0
16505,3,3,RandomForest,0.0,0.01,0.0,0.985,0.005
18393,4,4,RandomForest,0.0,0.0,0.0,0.0,1.0
13353,2,2,RandomForest,0.0,0.0,0.995,0.0,0.005
11748,0,0,RandomForest,1.0,0.0,0.0,0.0,0.0
11279,0,0,RandomForest,0.99,0.0,0.005,0.0,0.005
12772,2,2,RandomForest,0.0,0.0,1.0,0.0,0.0
10454,0,0,RandomForest,1.0,0.0,0.0,0.0,0.0
14432,1,1,RandomForest,0.0,1.0,0.0,0.0,0.0
10675,0,0,RandomForest,0.995,0.0,0.0,0.0,0.005
18668,4,4,RandomForest,0.0,0.01,0.0,0.01,0.98
15568,1,1,RandomForest,0.0,0.99,0.0,0.005,0.005
11342,0,0,RandomForest,0.97,0.0,0.005,0.0,0.025
16677,3,3,RandomForest,0.0,0.0,0.0,1.0,0.0
17867,4,4,RandomForest,0.005,0.0,0.025,0.065,0.905
14425,1,1,RandomForest,0.0,1.0,0.0,0.0,0.0
12654,2,2,RandomForest,0.0,0.0,1.0,0.0,0.0
16716,3,3,RandomForest,0.0,0.02,0.0,0.98,0.0
15829,1,1,RandomForest,0.0,1.0,0.0,0.0,0.0
17194,3,3,RandomForest,0.0,0.0,0.005,0.87,0.125
18308,4,4,RandomForest,0.0,0.07,0.0,0.0,0.93
15085,1,1,RandomForest,0.0,0.99,0.0,0.01,0.0
19097,4,4,RandomForest,0.02,0.0,0.055,0.0,0.925
14736,1,1,RandomForest,0.0,1.0,0.0,0.0,0.0
18752,4,4,RandomForest,0.0,0.0,0.0,0.0,1.0
14317,1,1,RandomForest,0.0,1.0,0.0,0.0,0.0
10385,0,0,RandomForest,1.0,0.0,0.0,0.0,0.0
10690,0,0,RandomForest,1.0,0.0,0.0,0.0,0.0
17592,4,4,RandomForest,0.035,0.0,0.0,0.0,0.965
15398,1,1,RandomForest,0.0,1.0,0.0,0.0,0.0
13465,2,2,RandomForest,0.005,0.0,0.99,0.0,0.005
19117,4,4,RandomForest,0.03,0.0,0.065,0.0,0.905
12910,2,2,RandomForest,0.0,0.0,0.955,0.0,0.045
18555,4,4,RandomForest,0.0,0.005,0.0,0.005,0.99
18020,4,4,RandomForest,0.0,0.0,0.0,0.01,0.99
11315,0,0,RandomForest,1.0,0.0,0.0,0.0,0.0
18342,4,4,RandomForest,0.0,0.0,0.0,0.0,1.0
16069,3,3,RandomForest,0.0,0.005,0.0,0.99,0.005
12737,2,2,RandomForest,0.005,0.0,0.99,0.0,0.005
12153,2,2,RandomForest,0.0,0.0,0.98,0.0,0.02
14203,1,1,RandomForest,0.0,0.955,0.005,0.025,0.015
12628,2,2,RandomForest,0.0,0.0,1.0,0.0,0.0
17934,4,4,RandomForest,0.0,0.0,0.005,0.045,0.95
18728,4,4,RandomForest,0.0,0.015,0.0,0.02,0.965
14042,1,1,RandomForest,0.0,0.995,0.0,0.005,0.0
12403,2,2,RandomForest,0.0,0.0,1.0,0.0,0.0
18632,4,4,RandomForest,0.01,0.0,0.005,0.025,0.96
18164,4,4,RandomForest,0.0,0.05,0.0,0.015,0.935
16062,3,3,RandomForest,0.0,0.0,0.0,1.0,0.0
17744,4,4,RandomForest,0.025,0.0,0.03,0.025,0.92
11159,0,0,RandomForest,1.0,0.0,0.0,0.0,0.0
12012,2,2,RandomForest,0.0,0.0,1.0,0.0,0.0
11168,0,0,RandomForest,0.985,0.0,0.01,0.0,0.005
18443,4,4,RandomForest,0.0,0.0,0.0,0.0,1.0
13061,2,2,RandomForest,0.015,0.0,0.985,0.0,0.0
17590,4,4,RandomForest,0.0,0.0,0.0,0.01,0.99
14978,1,1,RandomForest,0.0,0.99,0.0,0.01,0.0
13671,2,2,RandomForest,0.055,0.0,0.9,0.0,0.045
13529,2,2,RandomForest,0.01,0.0,0.91,0.0,0.08
12157,2,2,RandomForest,0.01,0.0,0.92,0.06,0.01
10754,0,0,RandomForest,1.0,0.0,0.0,0.0,0.0
16991,3,3,RandomForest,0.0,0.0,0.0,1.0,0.0
14561,1,1,RandomForest,0.0,1.0,0.0,0.0,0.0
10871,0,0,RandomForest,1.0,0.0,0.0,0.0,0.0
12451,2,2,RandomForest,0.0,0.0,1.0,0.0,0.0
13422,2,2,RandomForest,0.0,0.0,1.0,0.0,0.0
15685,1,1,RandomForest,0.0,1.0,0.0,0.0,0.0
17787,4,4,RandomForest,0.0,0.0,0.0,0.105,0.895
15874,1,1,RandomForest,0.0,0.97,0.0,0.01,0.02
10574,0,0,RandomForest,1.0,0.0,0.0,0.0,0.0
14303,1,1,RandomForest,0.0,1.0,0.0,0.0,0.0
14780,1,1,RandomForest,0.0,1.0,0.0,0.0,0.0
11174,0,0,RandomForest,0.95,0.0,0.03,0.0,0.02
11833,0,0,RandomForest,1.0,0.0,0.0,0.0,0.0
13926,2,2,RandomForest,0.095,0.015,0.55,0.17,0.17
12780,2,2,RandomForest,0.0,0.0,0.85,0.0,0.15
13451,2,2,RandomForest,0.0,0.0,1.0,0.0,0.0
12021,2,2,RandomForest,0.0,0.0,1.0,0.0,0.0
13940,2,2,RandomForest,0.0,0.0,0.995,0.005,0.0
14784,1,1,RandomForest,0.0,1.0,0.0,0.0,0.0
14518,1,1,RandomForest,0.0,0.99,0.0,0.005,0.005
11578,0,0,RandomForest,1.0,0.0,0.0,0.0,0.0
17169,3,3,RandomForest,0.0,0.0,0.0,0.995,0.005
11849,0,0,RandomForest,1.0,0.0,0.0,0.0,0.0
12527,2,2,RandomForest,0.0,0.0,1.0,0.0,0.0
13574,2,2,RandomForest,0.0,0.0,0.99,0.0,0.01
10185,0,0,RandomForest,0.96,0.0,0.005,0.005,0.03
14383,1,1,RandomForest,0.0,1.0,0.0,0.0,0.0
15560,1,1,RandomForest,0.0,0.965,0.0,0.005,0.03
14044,1,1,RandomForest,0.0,1.0,0.0,0.0,0.0
12163,2,2,RandomForest,0.0,0.0,0.97,0.0,0.03
16566,3,3,RandomForest,0.0,0.005,0.0,0.975,0.02
17015,3,3,RandomForest,0.0,0.015,0.0,0.975,0.01
18067,4,4,RandomForest,0.0,0.0,0.03,0.045,0.925
11638,0,0,RandomForest,1.0,0.0,0.0,0.0,0.0
16425,3,3,RandomForest,0.0,0.01,0.0,0.98,0.01
11918,0,0,RandomForest,1.0,0.0,0.0,0.0,0.0
14793,1,1,RandomForest,0.0,0.995,0.0,0.005,0.0
10234,0,0,RandomForest,1.0,0.0,0.0,0.0,0.0
14904,1,1,RandomForest,0.0,1.0,0.0,0.0,0.0
10851,0,0,RandomForest,1.0,0.0,0.0,0.0,0.0
10079,0,0,RandomForest,1.0,0.0,0.0,0.0,0.0
16137,3,3,RandomForest,0.0,0.015,0.0,0.985,0.0
18319,4,4,RandomForest,0.0,0.01,0.0,0.0,0.99
15703,1,1,RandomForest,0.005,0.97,0.005,0.01,0.01
18865,4,4,RandomForest,0.0,0.0,0.02,0.0,0.98
12830,2,2,RandomForest,0.025,0.0,0.87,0.0,0.105
14431,1,1,RandomForest,0.0,0.985,0.0,0.015,0.0
12484,2,2,RandomForest,0.0,0.0,1.0,0.0,0.0
19027,4,4,RandomForest,0.03,0.0,0.05,0.0,0.92
10217,0,0,RandomForest,1.0,0.0,0.0,0.0,0.0
10565,0,0,RandomForest,1.0,0.0,0.0,0.0,0.0
12795,2,2,RandomForest,0.005,0.0,0.99,0.0,0.005
11957,2,2,RandomForest,0.0,0.0,0.995,0.0,0.005
14523,1,1,RandomForest,0.0,1.0,0.0,0.0,0.0
16405,3,3,RandomForest,0.0,0.005,0.0,0.995,0.0
16890,3,3,RandomForest,0.0,0.03,0.005,0.91,0.055
16536,3,3,RandomForest,0.0,0.005,0.0,0.995,0.0
13349,2,2,RandomForest,0.0,0.0,1.0,0.0,0.0
17800,4,4,RandomForest,0.0,0.0,0.0,0.005,0.995
14859,1,1,RandomForest,0.0,0.98,0.0,0.005,0.015
10782,0,0,RandomForest,1.0,0.0,0.0,0.0,0.0
18516,4,4,RandomForest,0.0,0.045,0.0,0.005,0.95
16364,3,3,RandomForest,0.0,0.0,0.0,1.0,0.0
17513,4,4,RandomForest,0.0,0.0,0.005,0.07,0.925
14369,1,1,RandomForest,0.0,1.0,0.0,0.0,0.0
10735,0,0,RandomForest,0.995,0.0,0.005,0.0,0.0
14396,1,1,RandomForest,0.0,0.97,0.0,0.03,0.0
13399,2,2,RandomForest,0.015,0.0,0.98,0.0,0.005
12249,2,2,RandomForest,0.0,0.0,1.0,0.0,0.0
14517,1,1,RandomForest,0.0,1.0,0.0,0.0,0.0
17350,3,3,RandomForest,0.0,0.0,0.0,0.98,0.02
13561,2,2,RandomForest,0.0,0.0,1.0,0.0,0.0
15744,1,1,RandomForest,0.0,0.975,0.0,0.01,0.015
16780,3,3,RandomForest,0.0,0.035,0.0,0.965,0.0
11140,0,0,RandomForest,1.0,0.0,0.0,0.0,0.0
16054,3,3,RandomForest,0.0,0.0,0.0,1.0,0.0
12627,2,2,RandomForest,0.0,0.0,1.0,0.0,0.0
11850,0,0,RandomForest,1.0,0.0,0.0,0.0,0.0
10697,0,0,RandomForest,0.99,0.0,0.0,0.005,0.005
16382,3,3,RandomForest,0.0,0.01,0.0,0.985,0.005
15122,1,1,RandomForest,0.0,0.995,0.0,0.005,0.0
13731,2,2,RandomForest,0.015,0.0,0.9,0.0,0.085
15234,1,1,RandomForest,0.0,0.945,0.0,0.04,0.015
17891,4,4,RandomForest,0.0,0.0,0.0,0.09,0.91
15170,1,1,RandomForest,0.0,0.96,0.0,0.04,0.0
16354,3,3,RandomForest,0.0,0.01,0.0,0.975,0.015
18881,4,4,RandomForest,0.0,0.0,0.03,0.0,0.97
17323,3,3,RandomForest,0.0,0.01,0.01,0.9,0.08
17347,3,3,RandomForest,0.0,0.0,0.0,1.0,0.0
18869,4,4,RandomForest,0.03,0.0,0.255,0.0,0.715
18201,4,4,RandomForest,0.005,0.02,0.0,0.02,0.955
10331,0,0,RandomForest,1.0,0.0,0.0,0.0,0.0
15743,1,1,RandomForest,0.0,0.985,0.0,0.01,0.005
16655,3,3,RandomForest,0.0,0.02,0.0,0.965,0.015
17692,4,4,RandomForest,0.0,0.0,0.0,0.005,0.995
17802,4,4,RandomForest,0.0,0.0,0.0,0.0,1.0
14882,1,1,RandomForest,0.0,1.0,0.0,0.0,0.0
10325,0,0,RandomForest,1.0,0.0,0.0,0.0,0.0
17232,3,3,RandomForest,0.0,0.0,0.0,1.0,0.0
17866,4,4,RandomForest,0.0,0.0,0.0,0.005,0.995
12954,2,2,RandomForest,0.0,0.0,1.0,0.0,0.0
15195,1,1,RandomForest,0.0,1.0,0.0,0.0,0.0
11522,0,0,RandomForest,1.0,0.0,0.0,0.0,0.0
18615,4,4,RandomForest,0.0,0.01,0.0,0.0,0.99
12908,2,2,RandomForest,0.0,0.0,1.0,0.0,0.0
13519,2,2,RandomForest,0.035,0.0,0.965,0.0,0.0
18614,4,4,RandomForest,0.0,0.005,0.01,0.165,0.82
14495,1,1,RandomForest,0.0,1.0,0.0,0.0,0.0
15073,1,1,RandomForest,0.0,0.935,0.0,0.065,0.0
10052,0,0,RandomForest,0.99,0.0,0.01,0.0,0.0
11711,0,0,RandomForest,1.0,0.0,0.0,0.0,0.0
18681,4,4,RandomForest,0.0,0.0,0.0,0.0,1.0
16783,3,3,RandomForest,0.0,0.015,0.0,0.975,0.01
14451,1,1,RandomForest,0.0,0.985,0.0,0.015,0.0
13470,2,2,RandomForest,0.01,0.0,0.98,0.0,0.01
10008,0,0,RandomForest,0.995,0.0,0.005,0.0,0.0
17539,4,4,RandomForest,0.0,0.0,0.02,0.12,0.86
14534,1,1,RandomForest,0.0,1.0,0.0,0.0,0.0
12308,2,2,RandomForest,0.03,0.0,0.96,0.0,0.01
14341,1,1,RandomForest,0.0,1.0,0.0,0.0,0.0
17121,3,3,RandomForest,0.0,0.0,0.0,0.995,0.005
17218,3,3,RandomForest,0.0,0.0,0.0,0.975,0.025
18312,4,4,RandomForest,0.0,0.005,0.0,0.0,0.995
17896,4,4,RandomForest,0.03,0.0,0.065,0.02,0.885
13599,2,2,RandomForest,0.0,0.0,0.995,0.0,0.005
11831,0,0,RandomForest,1.0,0.0,0.0,0.0,0.0
16815,3,3,RandomForest,0.0,0.0,0.0,1.0,0.0
13020,2,2,RandomForest,0.0,0.0,1.0,0.0,0.0
14629,1,1,RandomForest,0.0,1.0,0.0,0.0,0.0
12443,2,2,RandomForest,0.0,0.0,1.0,0.0,0.0
10497,0,0,RandomForest,1.0,0.0,0.0,0.0,0.0
11844,0,0,RandomForest,0.995,0.0,0.005,0.0,0.0
17379,3,3,RandomForest,0.0,0.01,0.005,0.91,0.075
11124,0,0,RandomForest,0.99,0.0,0.005,0.0,0.005
15979,3,3,RandomForest,0.0,0.01,0.0,0.99,0.0
12683,2,2,RandomForest,0.0,0.0,1.0,0.0,0.0
10767,0,0,RandomForest,0.985,0.0,0.005,0.005,0.005
18433,4,4,RandomForest,0.0,0.01,0.0,0.0,0.99
18463,4,4,RandomForest,0.0,0.005,0.0,0.01,0.985
10240,0,0,RandomForest,0.96,0.0,0.015,0.0,0.025
13080,2,2,RandomForest,0.0,0.0,0.92,0.0,0.08
14729,1,1,RandomForest,0.0,1.0,0.0,0.0,0.0
10110,0,0,RandomForest,1.0,0.0,0.0,0.0,0.0
18734,4,4,RandomForest,0.0,0.04,0.0,0.02,0.94
12061,2,2,RandomForest,0.02,0.0,0.97,0.0,0.01
13082,2,2,RandomForest,0.02,0.0,0.97,0.0,0.01
11206,0,0,RandomForest,1.0,0.0,0.0,0.0,0.0
17984,4,4,RandomForest,0.0,0.0,0.0,0.05,0.95
12924,2,2,RandomForest,0.0,0.0,1.0,0.0,0.0
10788,0,0,RandomForest,0.995,0.0,0.005,0.0,0.0
13705,2,2,RandomForest,0.05,0.0,0.94,0.0,0.01
11841,0,0,RandomForest,1.0,0.0,0.0,0.0,0.0
11048,0,0,RandomForest,1.0,0.0,0.0,0.0,0.0
10947,0,0,RandomForest,0.99,0.0,0.005,0.0,0.005
10687,0,0,RandomForest,1.0,0.0,0.0,0.0,0.0
17620,4,4,RandomForest,0.0,0.0,0.005,0.065,0.93
10451,0,0,RandomForest,1.0,0.0,0.0,0.0,0.0
15318,1,1,RandomForest,0.0,0.995,0.0,0.005,0.0
11915,0,0,RandomForest,1.0,0.0,0.0,0.0,0.0
14952,1,1,RandomForest,0.0,1.0,0.0,0.0,0.0
11016,0,0,RandomForest,1.0,0.0,0.0,0.0,0.0
12732,2,2,RandomForest,0.0,0.0,1.0,0.0,0.0
18701,4,4,RandomForest,0.0,0.0,0.0,0.0,1.0
12632,2,2,RandomForest,0.0,0.0,0.975,0.0,0.025
18327,4,4,RandomForest,0.0,0.005,0.0,0.005,0.99
11930,0,0,RandomForest,1.0,0.0,0.0,0.0,0.0
18366,4,4,RandomForest,0.0,0.02,0.0,0.0,0.98
16837,3,3,RandomForest,0.0,0.005,0.0,0.98,0.015
16773,3,3,RandomForest,0.0,0.03,0.0,0.945,0.025
10138,0,0,RandomForest,1.0,0.0,0.0,0.0,0.0
14712,1,1,RandomForest,0.0,1.0,0.0,0.0,0.0
10372,0,0,RandomForest,1.0,0.0,0.0,0.0,0.0
16816,3,3,RandomForest,0.0,0.0,0.0,0.99,0.01
18765,4,4,RandomForest,0.0,0.045,0.0,0.19,0.765
17788,4,4,RandomForest,0.0,0.0,0.0,0.0,1.0
10939,0,0,RandomForest,0.995,0.0,0.0,0.0,0.005
11729,0,0,RandomForest,1.0,0.0,0.0,0.0,0.0
17053,3,3,RandomForest,0.0,0.005,0.0,0.975,0.02
15968,3,3,RandomForest,0.0,0.015,0.0,0.985,0.0
13297,2,1,RandomForest,0.04,0.525,0.12,0.31,0.005
18093,4,4,RandomForest,0.0,0.01,0.0,0.135,0.855
17902,4,4,RandomForest,0.05,0.0,0.02,0.0,0.93
14799,1,1,RandomForest,0.0,1.0,0.0,0.0,0.0
14747,1,1,RandomForest,0.0,1.0,0.0,0.0,0.0
12114,2,2,RandomForest,0.0,0.0,0.98,0.0,0.02
16048,3,3,RandomForest,0.0,0.0,0.0,1.0,0.0
17164,3,3,RandomForest,0.005,0.01,0.0,0.935,0.05
18276,4,4,RandomForest,0.0,0.01,0.0,0.0,0.99
10204,0,0,RandomForest,1.0,0.0,0.0,0.0,0.0
14886,1,1,RandomForest,0.0,1.0,0.0,0.0,0.0
14943,1,1,RandomForest,0.0,0.975,0.0,0.02,0.005
15386,1,1,RandomForest,0.0,0.965,0.0,0.03,0.005
15129,1,1,RandomForest,0.0,1.0,0.0,0.0,0.0
15768,1,1,RandomForest,0.005,0.92,0.005,0.02,0.05
10472,0,0,RandomForest,1.0,0.0,0.0,0.0,0.0
10917,0,0,RandomForest,1.0,0.0,0.0,0.0,0.0
17279,3,3,RandomForest,0.0,0.0,0.0,0.955,0.045
10305,0,0,RandomForest,1.0,0.0,0.0,0.0,0.0
18310,4,4,RandomForest,0.0,0.0,0.0,0.005,0.995
12640,2,2,RandomForest,0.0,0.0,1.0,0.0,0.0
16238,3,3,RandomForest,0.0,0.015,0.0,0.97,0.015
18524,4,4,RandomForest,0.01,0.01,0.005,0.03,0.945
18287,4,4,RandomForest,0.0,0.015,0.0,0.0,0.985
16484,3,3,RandomForest,0.0,0.015,0.0,0.98,0.005
16176,3,3,RandomForest,0.0,0.055,0.0,0.93,0.015
15005,1,1,RandomForest,0.0,0.965,0.0,0.035,0.0
17748,4,4,RandomForest,0.005,0.0,0.0,0.005,0.99
13489,2,2,RandomForest,0.0,0.0,0.995,0.0,0.005
10647,0,0,RandomForest,1.0,0.0,0.0,0.0,0.0
17690,4,4,RandomForest,0.0,0.0,0.005,0.05,0.945
12483,2,2,RandomForest,0.0,0.0,1.0,0.0,0.0
12117,2,2,RandomForest,0.0,0.0,1.0,0.0,0.0
11357,0,0,RandomForest,1.0,0.0,0.0,0.0,0.0
10942,0,0,RandomForest,1.0,0.0,0.0,0.0,0.0
17735,4,4,RandomForest,0.0,0.0,0.02,0.02,0.96
10859,0,0,RandomForest,1.0,0.0,0.0,0.0,0.0
15610,1,1,RandomForest,0.0,1.0,0.0,0.0,0.0
15340,1,1,RandomForest,0.0,0.985,0.0,0.01,0.005
15571,1,1,RandomForest,0.0,0.95,0.01,0.025,0.015
16635,3,3,RandomForest,0.0,0.0,0.0,0.985,0.015
15668,1,1,RandomForest,0.0,0.98,0.0,0.005,0.015
12393,2,2,RandomForest,0.0,0.0,1.0,0.0,0.0
10793,0,0,RandomForest,1.0,0.0,0.0,0.0,0.0
11760,0,0,RandomForest,0.995,0.0,0.005,0.0,0.0
17576,4,4,RandomForest,0.05,0.01,0.015,0.135,0.79
17345,3,3,RandomForest,0.0,0.005,0.02,0.93,0.045
16507,3,3,RandomForest,0.0,0.015,0.0,0.95,0.035
10241,0,0,RandomForest,1.0,0.0,0.0,0.0,0.0
13165,2,2,RandomForest,0.0,0.0,1.0,0.0,0.0
17926,4,4,RandomForest,0.005,0.0,0.01,0.0,0.985
10671,0,0,RandomForest,0.91,0.01,0.025,0.035,0.02
11032,0,0,RandomForest,1.0,0.0,0.0,0.0,0.0
15527,1,1,RandomForest,0.0,1.0,0.0,0.0,0.0
18007,4,4,RandomForest,0.0,0.0,0.005,0.01,0.985
18003,4,4,RandomForest,0.005,0.0,0.02,0.0,0.975
18489,4,4,RandomForest,0.0,0.005,0.005,0.07,0.92
12051,2,2,RandomForest,0.0,0.0,0.99,0.0,0.01
12218,2,2,RandomForest,0.0,0.0,1.0,0.0,0.0
16330,3,3,RandomForest,0.0,0.0,0.0,1.0,0.0
12139,2,2,RandomForest,0.0,0.0,0.985,0.0,0.015
11386,0,0,RandomForest,0.995,0.0,0.005,0.0,0.0
16301,3,3,RandomForest,0.0,0.0,0.0,1.0,0.0
18999,4,4,RandomForest,0.0,0.0,0.025,0.0,0.975
13720,2,2,RandomForest,0.0,0.0,1.0,0.0,0.0
16096,3,3,RandomForest,0.0,0.015,0.0,0.985,0.0
17912,4,4,RandomForest,0.0,0.0,0.0,0.005,0.995
10001,0,0,RandomForest,1.0,0.0,0.0,0.0,0.0
13911,2,2,RandomForest,0.0,0.0,0.995,0.0,0.005
11766,0,0,RandomForest,1.0,0.0,0.0,0.0,0.0
11487,0,0,RandomForest,0.97,0.0,0.025,0.0,0.005
15546,1,1,RandomForest,0.0,1.0,0.0,0.0,0.0
15996,3,3,RandomForest,0.0,0.0,0.0,1.0,0.0
11195,0,0,RandomForest,0.985,0.0,0.015,0.0,0.0
15549,1,1,RandomForest,0.0,1.0,0.0,0.0,0.0
18428,4,4,RandomForest,0.0,0.01,0.0,0.0,0.99
13219,2,2,RandomForest,0.0,0.0,0.99,0.0,0.01
12535,2,2,RandomForest,0.005,0.0,0.99,0.0,0.005
18510,4,4,RandomForest,0.0,0.005,0.0,0.0,0.995
16149,3,3,RandomForest,0.005,0.06,0.0,0.84,0.095
18697,4,4,RandomForest,0.0,0.0,0.0,0.0,1.0
10457,0,0,RandomForest,1.0,0.0,0.0,0.0,0.0
16120,3,3,RandomForest,0.0,0.09,0.0,0.865,0.045
17137,3,3,RandomForest,0.0,0.0,0.0,0.955,0.045
16242,3,3,RandomForest,0.0,0.005,0.0,0.995,0.0
16182,3,3,RandomForest,0.0,0.035,0.0,0.9,0.065
15869,1,1,RandomForest,0.0,1.0,0.0,0.0,0.0
19099,4,4,RandomForest,0.02,0.0,0.21,0.0,0.77
15090,1,1,RandomForest,0.0,1.0,0.0,0.0,0.0
15001,1,1,RandomForest,0.0,0.925,0.0,0.065,0.01
11888,0,0,RandomForest,0.985,0.0,0.01,0.0,0.005
14770,1,1,RandomForest,0.0,0.98,0.0,0.02,0.0
11896,0,0,RandomForest,1.0,0.0,0.0,0.0,0.0
10333,0,0,RandomForest,1.0,0.0,0.0,0.0,0.0
15050,1,1,RandomForest,0.0,0.975,0.0,0.025,0.0
17045,3,3,RandomForest,0.0,0.0,0.0,1.0,0.0
12647,2,2,RandomForest,0.0,0.0,1.0,0.0,0.0
16216,3,3,RandomForest,0.0,0.005,0.0,0.99,0.005
14270,1,1,RandomForest,0.0,1.0,0.0,0.0,0.0
15504,1,1,RandomForest,0.0,0.995,0.0,0.005,0.0
15380,1,1,RandomForest,0.0,1.0,0.0,0.0,0.0
16403,3,3,RandomForest,0.0,0.045,0.0,0.95,0.005
14688,1,1,RandomForest,0.0,1.0,0.0,0.0,0.0
15760,1,1,RandomForest,0.005,0.95,0.005,0.02,0.02
13854,2,2,RandomForest,0.045,0.22,0.315,0.295,0.125
13925,2,2,RandomForest,0.015,0.0,0.94,0.0,0.045
18170,4,4,RandomForest,0.0,0.01,0.0,0.0,0.99
13929,2,2,RandomForest,0.0,0.0,0.94,0.0,0.06
18112,4,4,RandomForest,0.0,0.0,0.0,0.005,0.995
14951,1,1,RandomForest,0.0,1.0,0.0,0.0,0.0
14678,1,1,RandomForest,0.0,1.0,0.0,0.0,0.0
12059,2,2,RandomForest,0.0,0.0,1.0,0.0,0.0
12422,2,2,RandomForest,0.0,0.0,1.0,0.0,0.0
18785,4,4,RandomForest,0.0,0.015,0.0,0.02,0.965
16656,3,3,RandomForest,0.0,0.03,0.0,0.97,0.0
17547,4,4,RandomForest,0.0,0.0,0.0,0.01,0.99
17892,4,4,RandomForest,0.0,0.005,0.0,0.13,0.865
14967,1,1,RandomForest,0.0,1.0,0.0,0.0,0.0
14974,1,1,RandomForest,0.0,0.97,0.0,0.015,0.015
16745,3,3,RandomForest,0.0,0.0,0.0,1.0,0.0
17758,4,4,RandomForest,0.025,0.0,0.0,0.0,0.975
17391,3,3,RandomForest,0.0,0.0,0.0,0.99,0.01
11288,0,0,RandomForest,1.0,0.0,0.0,0.0,0.0
18590,4,4,RandomForest,0.0,0.055,0.0,0.015,0.93
15203,1,1,RandomForest,0.0,1.0,0.0,0.0,0.0
16993,3,3,RandomForest,0.0,0.01,0.0,0.97,0.02
12072,2,2,RandomForest,0.0,0.0,1.0,0.0,0.0
10149,0,0,RandomForest,1.0,0.0,0.0,0.0,0.0
13059,2,2,RandomForest,0.0,0.0,0.995,0.0,0.005
16707,3,3,RandomForest,0.0,0.01,0.0,0.99,0.0
10916,0,0,RandomForest,1.0,0.0,0.0,0.0,0.0
10109,0,0,RandomForest,0.985,0.0,0.015,0.0,0.0
18105,4,4,RandomForest,0.0,0.0,0.0,0.015,0.985
13724,2,2,RandomForest,0.0,0.0,1.0,0.0,0.0
17134,3,3,RandomForest,0.0,0.0,0.0,0.935,0.065
15031,1,1,RandomForest,0.0,1.0,0.0,0.0,0.0
15530,1,1,RandomForest,0.0,0.91,0.01,0.01,0.07
16113,3,3,RandomForest,0.0,0.025,0.0,0.97,0.005
11703,0,0,RandomForest,1.0,0.0,0.0,0.0,0.0
14101,1,1,RandomForest,0.0,1.0,0.0,0.0,0.0
14743,1,1,RandomForest,0.0,1.0,0.0,0.0,0.0
10901,0,0,RandomForest,1.0,0.0,0.0,0.0,0.0
17003,3,3,RandomForest,0.0,0.0,0.0,0.995,0.005
10100,0,0,RandomForest,0.99,0.0,0.01,0.0,0.0
10751,0,0,RandomForest,1.0,0.0,0.0,0.0,0.0
11270,0,0,RandomForest,1.0,0.0,0.0,0.0,0.0
11002,0,0,RandomForest,0.995,0.0,0.005,0.0,0.0
17269,3,3,RandomForest,0.0,0.0,0.0,0.995,0.005
17988,4,4,RandomForest,0.0,0.0,0.0,0.0,1.0
17817,4,4,RandomForest,0.0,0.0,0.0,0.055,0.945
17582,4,4,RandomForest,0.0,0.0,0.005,0.015,0.98
16180,3,3,RandomForest,0.0,0.005,0.0,0.99,0.005
11899,0,0,RandomForest,1.0,0.0,0.0,0.0,0.0
13237,2,2,RandomForest,0.0,0.0,0.99,0.0,0.01
13244,2,2,RandomForest,0.01,0.0,0.765,0.0,0.225
12680,2,2,RandomForest,0.0,0.0,1.0,0.0,0.0
17224,3,3,RandomForest,0.0,0.0,0.005,0.955,0.04
11004,0,0,RandomForest,1.0,0.0,0.0,0.0,0.0
17694,4,4,RandomForest,0.0,0.0,0.01,0.015,0.975
18077,4,4,RandomForest,0.0,0.0,0.0,0.0,1.0
10281,0,0,RandomForest,1.0,0.0,0.0,0.0,0.0
12506,2,2,RandomForest,0.0,0.0,1.0,0.0,0.0
15448,1,1,RandomForest,0.0,0.97,0.0,0.02,0.01
11973,2,2,RandomForest,0.01,0.0,0.985,0.0,0.005
13961,1,1,RandomForest,0.0,1.0,0.0,0.0,0.0
17091,3,3,RandomForest,0.0,0.0,0.0,0.98,0.02
18695,4,4,RandomForest,0.0,0.0,0.0,0.0,1.0
15468,1,1,RandomForest,0.0,1.0,0.0,0.0,0.0
10868,0,0,RandomForest,1.0,0.0,0.0,0.0,0.0
13213,2,2,RandomForest,0.0,0.0,1.0,0.0,0.0
17732,4,4,RandomForest,0.0,0.0,0.0,0.0,1.0
15569,1,1,RandomForest,0.0,0.955,0.0,0.005,0.04
12649,2,2,RandomForest,0.0,0.0,1.0,0.0,0.0
15307,1,1,RandomForest,0.0,0.985,0.0,0.015,0.0
13882,2,2,RandomForest,0.0,0.0,0.995,0.0,0.005
13918,2,2,RandomForest,0.025,0.0,0.96,0.0,0.015
11117,0,0,RandomForest,0.995,0.0,0.0,0.0,0.005
16118,3,3,RandomForest,0.0,0.01,0.0,0.99,0.0
11141,0,0,RandomForest,1.0,0.0,0.0,0.0,0.0
12927,2,2,RandomForest,0.0,0.0,0.99,0.0,0.01
13112,2,2,RandomForest,0.0,0.0,0.955,0.0,0.045
16346,3,3,RandomForest,0.0,0.0,0.0,1.0,0.0
10508,0,0,RandomForest,1.0,0.0,0.0,0.0,0.0
15886,1,1,RandomForest,0.0,1.0,0.0,0.0,0.0
11000,0,0,RandomForest,0.995,0.0,0.0,0.0,0.005
14339,1,1,RandomForest,0.0,1.0,0.0,0.0,0.0
12033,2,2,RandomForest,0.0,0.0,1.0,0.0,0.0
10195,0,0,RandomForest,0.93,0.0,0.005,0.0,0.065
11997,2,2,RandomForest,0.055,0.0,0.945,0.0,0.0
18047,4,4,RandomForest,0.0,0.0,0.0,0.0,1.0
12510,2,2,RandomForest,0.0,0.0,1.0,0.0,0.0
10174,0,0,RandomForest,1.0,0.0,0.0,0.0,0.0
17528,4,4,RandomForest,0.01,0.0,0.015,0.05,0.925
12700,2,2,RandomForest,0.0,0.0,1.0,0.0,0.0
15113,1,1,RandomForest,0.0,0.935,0.0,0.045,0.02
13507,2,2,RandomForest,0.0,0.0,1.0,0.0,0.0
16308,3,3,RandomForest,0.0,0.005,0.0,0.96,0.035
11097,0,0,RandomForest,1.0,0.0,0.0,0.0,0.0
13015,2,2,RandomForest,0.005,0.0,0.98,0.0,0.015
17966,4,4,RandomForest,0.0,0.0,0.015,0.085,0.9
14436,1,1,RandomForest,0.0,1.0,0.0,0.0,0.0
13486,2,2,RandomForest,0.09,0.1,0.385,0.27,0.155
10122,0,0,RandomForest,0.965,0.0,0.01,0.005,0.02
12406,2,2,RandomForest,0.0,0.0,1.0,0.0,0.0
12226,2,2,RandomForest,0.0,0.0,1.0,0.0,0.0
10858,0,0,RandomForest,1.0,0.0,0.0,0.0,0.0
13644,2,2,RandomForest,0.0,0.0,0.96,0.0,0.04
18642,4,4,RandomForest,0.0,0.0,0.0,0.0,1.0
14739,1,1,RandomForest,0.0,1.0,0.0,0.0,0.0
11619,0,0,RandomForest,1.0,0.0,0.0,0.0,0.0
11355,0,0,RandomForest,1.0,0.0,0.0,0.0,0.0
16667,3,3,RandomForest,0.0,0.005,0.0,0.99,0.005
18196,4,4,RandomForest,0.0,0.01,0.0,0.0,0.99
13839,2,2,RandomForest,0.0,0.0,0.92,0.0,0.08
18941,4,4,RandomForest,0.0,0.0,0.06,0.0,0.94
13654,2,2,RandomForest,0.005,0.0,0.97,0.0,0.025
10550,0,0,RandomForest,1.0,0.0,0.0,0.0,0.0
16056,3,3,RandomForest,0.025,0.005,0.0,0.9,0.07
11577,0,0,RandomForest,0.975,0.0,0.02,0.0,0.005
15607,1,1,RandomForest,0.0,1.0,0.0,0.0,0.0
14573,1,1,RandomForest,0.0,1.0,0.0,0.0,0.0
17024,3,3,RandomForest,0.0,0.0,0.0,0.965,0.035
15290,1,1,RandomForest,0.0,0.965,0.0,0.035,0.0
13540,2,2,RandomForest,0.01,0.0,0.965,0.0,0.025
14326,1,1,RandomForest,0.0,1.0,0.0,0.0,0.0
17667,4,4,RandomForest,0.0,0.0,0.0,0.015,0.985
18854,4,4,RandomForest,0.0,0.0,0.01,0.0,0.99
18431,4,4,RandomForest,0.0,0.0,0.0,0.015,0.985
13018,2,2,RandomForest,0.0,0.0,0.99,0.0,0.01
17304,3,3,RandomForest,0.0,0.0,0.0,0.94,0.06
11955,2,2,RandomForest,0.0,0.0,1.0,0.0,0.0
15250,1,1,RandomForest,0.0,0.9,0.0,0.1,0.0
16535,3,3,RandomForest,0.0,0.005,0.0,0.995,0.0
11146,0,0,RandomForest,1.0,0.0,0.0,0.0,0.0
17852,4,4,RandomForest,0.0,0.0,0.005,0.03,0.965
10792,0,0,RandomForest,1.0,0.0,0.0,0.0,0.0
15264,1,1,RandomForest,0.0,1.0,0.0,0.0,0.0
11620,0,0,RandomForest,1.0,0.0,0.0,0.0,0.0
16043,3,3,RandomForest,0.0,0.01,0.005,0.985,0.0
14653,1,1,RandomForest,0.0,0.975,0.0,0.02,0.005
15658,1,1,RandomForest,0.0,0.995,0.0,0.005,0.0
11450,0,0,RandomForest,1.0,0.0,0.0,0.0,0.0
11815,0,0,RandomForest,0.99,0.0,0.01,0.0,0.0
18289,4,4,RandomForest,0.01,0.0,0.06,0.145,0.785
10390,0,0,RandomForest,0.995,0.0,0.0,0.0,0.005
13993,1,1,RandomForest,0.0,1.0,0.0,0.0,0.0
11150,0,0,RandomForest,1.0,0.0,0.0,0.0,0.0
12409,2,2,RandomForest,0.0,0.0,1.0,0.0,0.0
12893,2,2,RandomForest,0.0,0.0,1.0,0.0,0.0
17255,3,3,RandomForest,0.0,0.0,0.0,0.995,0.005
13859,2,3,RandomForest,0.035,0.25,0.285,0.42,0.01
17449,3,3,RandomForest,0.0,0.005,0.0,0.905,0.09
11800,0,0,RandomForest,1.0,0.0,0.0,0.0,0.0
13218,2,2,RandomForest,0.0,0.0,0.995,0.005,0.0
14072,1,1,RandomForest,0.0,1.0,0.0,0.0,0.0
10190,0,0,RandomForest,1.0,0.0,0.0,0.0,0.0
19124,4,4,RandomForest,0.0,0.0,0.025,0.0,0.975
15189,1,1,RandomForest,0.0,0.945,0.0,0.055,0.0
16178,3,3,RandomForest,0.0,0.0,0.0,0.995,0.005
14694,1,1,RandomForest,0.0,1.0,0.0,0.0,0.0
14633,1,1,RandomForest,0.0,1.0,0.0,0.0,0.0
14056,1,1,RandomForest,0.0,1.0,0.0,0.0,0.0
17389,3,3,RandomForest,0.0,0.005,0.0,0.975,0.02
12988,2,2,RandomForest,0.0,0.0,1.0,0.0,0.0
13582,2,2,RandomForest,0.0,0.0,0.985,0.0,0.015
13288,2,2,RandomForest,0.005,0.0,0.99,0.0,0.005
11586,0,0,RandomForest,1.0,0.0,0.0,0.0,0.0
11131,0,0,RandomForest,0.99,0.0,0.0,0.0,0.01
11962,2,2,RandomForest,0.0,0.0,1.0,0.0,0.0
13781,2,2,RandomForest,0.0,0.0,1.0,0.0,0.0
18191,4,4,RandomForest,0.0,0.0,0.0,0.0,1.0
14615,1,1,RandomForest,0.0,1.0,0.0,0.0,0.0
14668,1,1,RandomForest,0.0,1.0,0.0,0.0,0.0
18002,4,4,RandomForest,0.0,0.0,0.01,0.015,0.975
15421,1,1,RandomForest,0.0,0.905,0.0,0.095,0.0
12130,2,2,RandomForest,0.0,0.0,0.995,0.0,0.005
13330,2,2,RandomForest,0.0,0.0,1.0,0.0,0.0
10462,0,0,RandomForest,1.0,0.0,0.0,0.0,0.0
14094,1,1,RandomForest,0.0,1.0,0.0,0.0,0.0
16008,3,3,RandomForest,0.0,0.005,0.0,0.995,0.0
18029,4,4,RandomForest,0.0,0.0,0.0,0.005,0.995
12260,2,2,RandomForest,0.005,0.0,0.995,0.0,0.0
16790,3,3,RandomForest,0.0,0.015,0.0,0.985,0.0
18059,4,4,RandomForest,0.0,0.0,0.0,0.0,1.0
11624,0,0,RandomForest,1.0,0.0,0.0,0.0,0.0
15333,1,1,RandomForest,0.0,1.0,0.0,0.0,0.0
13083,2,2,RandomForest,0.0,0.0,0.995,0.0,0.005
12864,2,2,RandomForest,0.0,0.0,1.0,0.0,0.0
12698,2,2,RandomForest,0.0,0.0,1.0,0.0,0.0
10118,0,0,RandomForest,1.0,0.0,0.0,0.0,0.0
13838,2,2,RandomForest,0.0,0.0,1.0,0.0,0.0
11501,0,0,RandomForest,1.0,0.0,0.0,0.0,0.0
17149,3,3,RandomForest,0.0,0.0,0.0,0.995,0.005
18131,4,4,RandomForest,0.0,0.0,0.0,0.0,1.0
18236,4,4,RandomForest,0.0,0.0,0.005,0.0,0.995
14233,1,1,RandomForest,0.0,1.0,0.0,0.0,0.0
12031,2,2,RandomForest,0.085,0.0,0.875,0.0,0.04
10551,0,0,RandomForest,1.0,0.0,0.0,0.0,0.0
17318,3,3,RandomForest,0.005,0.0,0.015,0.73,0.25
12575,2,2,RandomForest,0.0,0.0,0.995,0.0,0.005
10140,0,0,RandomForest,1.0,0.0,0.0,0.0,0.0
15977,3,3,RandomForest,0.0,0.03,0.0,0.955,0.015
16432,3,3,RandomForest,0.005,0.15,0.0,0.635,0.21
10512,0,0,RandomForest,1.0,0.0,0.0,0.0,0.0
11026,0,0,RandomForest,1.0,0.0,0.0,0.0,0.0
11360,0,0,RandomForest,1.0,0.0,0.0,0.0,0.0
17862,4,4,RandomForest,0.005,0.0,0.01,0.115,0.87
17613,4,4,RandomForest,0.0,0.0,0.005,0.015,0.98
12118,2,2,RandomForest,0.005,0.0,0.93,0.0,0.065
16802,3,3,RandomForest,0.0,0.05,0.0,0.95,0.0
12134,2,2,RandomForest,0.0,0.0,0.995,0.0,0.005
15168,1,1,RandomForest,0.0,0.97,0.0,0.015,0.015
15731,1,1,RandomForest,0.0,0.995,0.0,0.005,0.0
11245,0,0,RandomForest,0.995,0.0,0.005,0.0,0.0
13802,2,2,RandomForest,0.06,0.0,0.915,0.0,0.025
17419,3,3,RandomForest,0.0,0.0,0.0,0.99,0.01
17791,4,4,RandomForest,0.01,0.0,0.015,0.015,0.96
10636,0,0,RandomForest,1.0,0.0,0.0,0.0,0.0
17259,3,3,RandomForest,0.0,0.015,0.005,0.955,0.025
17181,3,3,RandomForest,0.0,0.0,0.0,0.995,0.005
14501,1,1,RandomForest,0.0,1.0,0.0,0.0,0.0
13522,2,2,RandomForest,0.0,0.0,1.0,0.0,0.0
15229,1,1,RandomForest,0.0,0.96,0.0,0.035,0.005
17518,4,4,RandomForest,0.0,0.0,0.0,0.0,1.0
18875,4,4,RandomForest,0.0,0.0,0.01,0.0,0.99
14276,1,1,RandomForest,0.0,1.0,0.0,0.0,0.0
10686,0,0,RandomForest,1.0,0.0,0.0,0.0,0.0
16196,3,3,RandomForest,0.0,0.01,0.0,0.985,0.005
13907,2,2,RandomForest,0.0,0.0,0.975,0.0,0.025
16352,3,3,RandomForest,0.0,0.015,0.0,0.98,0.005
12331,2,2,RandomForest,0.0,0.0,1.0,0.0,0.0
13584,2,2,RandomForest,0.0,0.0,0.97,0.0,0.03
12390,2,2,RandomForest,0.0,0.0,0.995,0.0,0.005
15917,1,1,RandomForest,0.015,0.86,0.02,0.035,0.07
11567,0,0,RandomForest,1.0,0.0,0.0,0.0,0.0
14205,1,1,RandomForest,0.0,0.96,0.0,0.04,0.0
12741,2,2,RandomForest,0.005,0.0,0.995,0.0,0.0
14083,1,1,RandomForest,0.0,0.99,0.0,0.01,0.0
11242,0,0,RandomForest,1.0,0.0,0.0,0.0,0.0
13265,2,2,RandomForest,0.0,0.0,0.995,0.0,0.005
12560,2,2,RandomForest,0.0,0.0,1.0,0.0,0.0
11431,0,0,RandomForest,1.0,0.0,0.0,0.0,0.0
12214,2,2,RandomForest,0.005,0.0,0.98,0.0,0.015
16769,3,3,RandomForest,0.0,0.015,0.0,0.95,0.035
17315,3,3,RandomForest,0.0,0.0,0.0,1.0,0.0
15347,1,1,RandomForest,0.0,0.965,0.0,0.025,0.01
12493,2,2,RandomForest,0.01,0.0,0.99,0.0,0.0
16420,3,3,RandomForest,0.0,0.03,0.0,0.97,0.0
17136,3,3,RandomForest,0.0,0.0,0.0,0.965,0.035
16969,3,3,RandomForest,0.0,0.0,0.0,0.985,0.015
11384,0,0,RandomForest,1.0,0.0,0.0,0.0,0.0
11294,0,0,RandomForest,1.0,0.0,0.0,0.0,0.0
17977,4,4,RandomForest,0.0,0.0,0.0,0.045,0.955
16867,3,3,RandomForest,0.0,0.015,0.0,0.9,0.085
17853,4,4,RandomForest,0.005,0.0,0.025,0.07,0.9
12128,2,2,RandomForest,0.005,0.0,0.985,0.0,0.01
13339,2,2,RandomForest,0.0,0.0,0.995,0.0,0.005
13173,2,2,RandomForest,0.0,0.0,1.0,0.0,0.0
13272,2,2,RandomForest,0.0,0.0,0.99,0.0,0.01
13251,2,2,RandomForest,0.005,0.0,0.995,0.0,0.0
13398,2,2,RandomForest,0.0,0.0,0.995,0.0,0.005
16147,3,3,RandomForest,0.0,0.0,0.0,0.97,0.03
16291,3,3,RandomForest,0.0,0.0,0.0,1.0,0.0
14349,1,1,RandomForest,0.0,1.0,0.0,0.0,0.0
10447,0,0,RandomForest,1.0,0.0,0.0,0.0,0.0
15565,1,1,RandomForest,0.0,1.0,0.0,0.0,0.0
17286,3,3,RandomForest,0.0,0.0,0.0,0.99,0.01
15184,1,1,RandomForest,0.0,0.995,0.0,0.005,0.0
18218,4,4,RandomForest,0.0,0.0,0.0,0.0,1.0
12608,2,2,RandomForest,0.0,0.0,1.0,0.0,0.0
18405,4,4,RandomForest,0.0,0.01,0.0,0.0,0.99
13791,2,2,RandomForest,0.0,0.0,1.0,0.0,0.0
13693,2,2,RandomForest,0.0,0.0,1.0,0.0,0.0
10785,0,0,RandomForest,1.0,0.0,0.0,0.0,0.0
10669,0,0,RandomForest,1.0,0.0,0.0,0.0,0.0
10014,0,0,RandomForest,0.975,0.0,0.015,0.0,0.01
16693,3,3,RandomForest,0.0,0.03,0.0,0.955,0.015
15243,1,1,RandomForest,0.0,0.99,0.0,0.01,0.0
18048,4,4,RandomForest,0.0,0.005,0.0,0.08,0.915
13797,2,2,RandomForest,0.01,0.0,0.98,0.0,0.01
15310,1,1,RandomForest,0.0,1.0,0.0,0.0,0.0
16253,3,3,RandomForest,0.0,0.0,0.0,1.0,0.0
19014,4,4,RandomForest,0.01,0.0,0.015,0.0,0.975
10866,0,0,RandomForest,1.0,0.0,0.0,0.0,0.0
11229,0,0,RandomForest,1.0,0.0,0.0,0.0,0.0
10611,0,0,RandomForest,0.99,0.0,0.0,0.005,0.005
16845,3,3,RandomForest,0.0,0.0,0.0,1.0,0.0
15876,1,1,RandomForest,0.0,0.985,0.0,0.0,0.015
12278,2,2,RandomForest,0.0,0.0,1.0,0.0,0.0
14068,1,1,RandomForest,0.0,1.0,0.0,0.0,0.0
18659,4,4,RandomForest,0.0,0.025,0.0,0.005,0.97
12963,2,2,RandomForest,0.0,0.0,0.995,0.0,0.005
11666,0,0,RandomForest,1.0,0.0,0.0,0.0,0.0
12771,2,2,RandomForest,0.0,0.0,0.995,0.0,0.005
17846,4,4,RandomForest,0.015,0.0,0.0,0.0,0.985
19030,4,4,RandomForest,0.005,0.0,0.025,0.0,0.97
14579,1,1,RandomForest,0.0,1.0,0.0,0.0,0.0
11873,0,0,RandomForest,1.0,0.0,0.0,0.0,0.0
15186,1,1,RandomForest,0.0,1.0,0.0,0.0,0.0
15887,1,1,RandomForest,0.0,1.0,0.0,0.0,0.0
13482,2,2,RandomForest,0.06,0.02,0.545,0.165,0.21
18604,4,4,RandomForest,0.0,0.0,0.005,0.19,0.805
16645,3,3,RandomForest,0.0,0.04,0.0,0.945,0.015
11651,0,0,RandomForest,1.0,0.0,0.0,0.0,0.0
18085,4,4,RandomForest,0.0,0.0,0.0,0.06,0.94
16229,3,3,RandomForest,0.0,0.02,0.005,0.945,0.03
18553,4,4,RandomForest,0.0,0.05,0.0,0.005,0.945
16731,3,3,RandomForest,0.0,0.025,0.0,0.975,0.0
14935,1,1,RandomForest,0.0,0.985,0.0,0.015,0.0
17178,3,3,RandomForest,0.015,0.0,0.06,0.845,0.08
11710,0,0,RandomForest,0.98,0.0,0.015,0.0,0.005
10544,0,0,RandomForest,1.0,0.0,0.0,0.0,0.0
16866,3,3,RandomForest,0.0,0.0,0.0,0.99,0.01
12442,2,2,RandomForest,0.0,0.0,1.0,0.0,0.0
15272,1,1,RandomForest,0.0,0.94,0.01,0.01,0.04
10303,0,0,RandomForest,1.0,0.0,0.0,0.0,0.0
10963,0,0,RandomForest,0.965,0.0,0.02,0.0,0.015
15328,1,1,RandomForest,0.0,0.995,0.0,0.005,0.0
18803,4,4,RandomForest,0.0,0.0,0.025,0.0,0.975
16336,3,3,RandomForest,0.0,0.015,0.0,0.985,0.0
18707,4,4,RandomForest,0.0,0.005,0.0,0.0,0.995
11282,0,0,RandomForest,1.0,0.0,0.0,0.0,0.0
17404,3,3,RandomForest,0.0,0.01,0.0,0.935,0.055
11687,0,0,RandomForest,1.0,0.0,0.0,0.0,0.0
14278,1,1,RandomForest,0.0,1.0,0.0,0.0,0.0
10267,0,0,RandomForest,1.0,0.0,0.0,0.0,0.0
15405,1,1,RandomForest,0.0,0.975,0.0,0.025,0.0
16723,3,3,RandomForest,0.0,0.04,0.0,0.955,0.005
16073,3,3,RandomForest,0.0,0.01,0.0,0.98,0.01
15207,1,1,RandomForest,0.0,1.0,0.0,0.0,0.0
17982,4,4,RandomForest,0.05,0.0,0.07,0.01,0.87
17387,3,3,RandomForest,0.0,0.0,0.0,0.975,0.025
15217,1,1,RandomForest,0.0,1.0,0.0,0.0,0.0
17731,4,4,RandomForest,0.005,0.0,0.01,0.085,0.9
17470,3,3,RandomForest,0.0,0.0,0.005,0.925,0.07
10131,0,0,RandomForest,1.0,0.0,0.0,0.0,0.0
10041,0,0,RandomForest,1.0,0.0,0.0,0.0,0.0
14950,1,1,RandomForest,0.0,1.0,0.0,0.0,0.0
15461,1,1,RandomForest,0.0,0.975,0.0,0.005,0.02
15425,1,1,RandomForest,0.0,0.985,0.0,0.015,0.0
11944,0,0,RandomForest,1.0,0.0,0.0,0.0,0.0
13029,2,2,RandomForest,0.01,0.0,0.985,0.0,0.005
16224,3,3,RandomForest,0.0,0.005,0.0,0.985,0.01
16695,3,3,RandomForest,0.0,0.0,0.0,1.0,0.0
18082,4,4,RandomForest,0.0,0.0,0.0,0.0,1.0
12397,2,2,RandomForest,0.0,0.0,1.0,0.0,0.0
18793,4,4,RandomForest,0.0,0.0,0.0,0.005,0.995
18322,4,4,RandomForest,0.0,0.005,0.0,0.005,0.99
18456,4,4,RandomForest,0.0,0.005,0.0,0.0,0.995
18271,4,4,RandomForest,0.005,0.0,0.005,0.01,0.98
14459,1,1,RandomForest,0.0,0.975,0.005,0.02,0.0
10480,0,0,RandomForest,0.995,0.0,0.005,0.0,0.0
18544,4,4,RandomForest,0.0,0.005,0.0,0.0,0.995
16491,3,3,RandomForest,0.0,0.015,0.0,0.985,0.0
13236,2,2,RandomForest,0.0,0.0,1.0,0.0,0.0
15742,1,1,RandomForest,0.0,0.995,0.0,0.0,0.005
17708,4,4,RandomForest,0.005,0.0,0.01,0.0,0.985
10809,0,0,RandomForest,1.0,0.0,0.0,0.0,0.0
17326,3,3,RandomForest,0.0,0.0,0.0,0.99,0.01
10763,0,0,RandomForest,1.0,0.0,0.0,0.0,0.0
16104,3,3,RandomForest,0.0,0.0,0.0,1.0,0.0
14801,1,1,RandomForest,0.0,1.0,0.0,0.0,0.0
12468,2,2,RandomForest,0.0,0.0,1.0,0.0,0.0
14547,1,1,RandomForest,0.0,1.0,0.0,0.0,0.0
14735,1,1,RandomForest,0.0,0.995,0.0,0.005,0.0
13895,2,2,RandomForest,0.01,0.0,0.99,0.0,0.0
15520,1,1,RandomForest,0.0,1.0,0.0,0.0,0.0
12063,2,2,RandomForest,0.0,0.0,1.0,0.0,0.0
11793,0,0,RandomForest,1.0,0.0,0.0,0.0,0.0
17313,3,3,RandomForest,0.0,0.0,0.0,1.0,0.0
13571,2,2,RandomForest,0.0,0.0,1.0,0.0,0.0
16428,3,3,RandomForest,0.0,0.085,0.0,0.785,0.13
11764,0,0,RandomForest,1.0,0.0,0.0,0.0,0.0
13382,2,2,RandomForest,0.05,0.0,0.905,0.0,0.045
12229,2,2,RandomForest,0.0,0.0,1.0,0.0,0.0
11686,0,0,RandomForest,1.0,0.0,0.0,0.0,0.0
13822,2,2,RandomForest,0.0,0.0,0.99,0.0,0.01
18268,4,4,RandomForest,0.0,0.025,0.0,0.025,0.95
11052,0,0,RandomForest,1.0,0.0,0.0,0.0,0.0
13325,2,2,RandomForest,0.0,0.0,1.0,0.0,0.0
10948,0,0,RandomForest,0.935,0.0,0.015,0.0,0.05
13062,2,2,RandomForest,0.0,0.0,0.995,0.0,0.005
16530,3,3,RandomForest,0.0,0.005,0.0,0.985,0.01
18157,4,4,RandomForest,0.0,0.01,0.0,0.005,0.985
14472,1,1,RandomForest,0.0,1.0,0.0,0.0,0.0
18091,4,4,RandomForest,0.0,0.005,0.0,0.01,0.985
13572,2,2,RandomForest,0.0,0.0,0.97,0.0,0.03
17629,4,4,RandomForest,0.0,0.005,0.0,0.245,0.75
18873,4,4,RandomForest,0.015,0.0,0.265,0.0,0.72
16610,3,3,RandomForest,0.0,0.005,0.0,0.995,0.0
10250,0,0,RandomForest,1.0,0.0,0.0,0.0,0.0
14437,1,1,RandomForest,0.0,1.0,0.0,0.0,0.0
12808,2,2,RandomForest,0.0,0.0,0.98,0.0,0.02
10083,0,0,RandomForest,1.0,0.0,0.0,0.0,0.0
13365,2,2,RandomForest,0.0,0.0,1.0,0.0,0.0
18909,4,4,RandomForest,0.0,0.0,0.14,0.0,0.86
13596,2,2,RandomForest,0.005,0.0,0.96,0.0,0.035
12821,2,2,RandomForest,0.0,0.0,1.0,0.0,0.0
18884,4,4,RandomForest,0.0,0.0,0.015,0.0,0.985
17431,3,3,RandomForest,0.0,0.005,0.0,0.98,0.015
15068,1,1,RandomForest,0.0,0.99,0.0,0.01,0.0
18819,4,4,RandomForest,0.0,0.0,0.0,0.0,1.0
16131,3,3,RandomForest,0.0,0.07,0.0,0.92,0.01
16547,3,3,RandomForest,0.0,0.02,0.0,0.98,0.0
14809,1,1,RandomForest,0.0,1.0,0.0,0.0,0.0
14402,1,1,RandomForest,0.0,0.995,0.0,0.005,0.0
17631,4,4,RandomForest,0.0,0.01,0.0,0.105,0.885
16624,3,3,RandomForest,0.0,0.01,0.0,0.985,0.005
17625,4,4,RandomForest,0.0,0.0,0.005,0.0,0.995
17348,3,3,RandomForest,0.0,0.0,0.0,1.0,0.0
18567,4,4,RandomForest,0.0,0.0,0.0,0.0,1.0
18113,4,4,RandomForest,0.0,0.0,0.0,0.05,0.95
15788,1,1,RandomForest,0.0,0.995,0.0,0.0,0.005
16321,3,3,RandomForest,0.0,0.005,0.0,0.99,0.005
10629,0,0,RandomForest,1.0,0.0,0.0,0.0,0.0
17047,3,3,RandomForest,0.0,0.0,0.005,0.995,0.0
13039,2,2,RandomForest,0.0,0.0,0.995,0.0,0.005
15518,1,1,RandomForest,0.0,0.99,0.0,0.0,0.01
13067,2,2,RandomForest,0.01,0.0,0.98,0.0,0.01
12408,2,2,RandomForest,0.005,0.0,0.995,0.0,0.0
15790,1,1,RandomForest,0.0,0.995,0.0,0.0,0.005
17657,4,4,RandomForest,0.0,0.005,0.0,0.03,0.965
16588,3,3,RandomForest,0.0,0.005,0.0,0.985,0.01
17920,4,4,RandomForest,0.0,0.0,0.0,0.0,1.0
13545,2,2,RandomForest,0.01,0.0,0.98,0.0,0.01
19130,4,4,RandomForest,0.035,0.0,0.01,0.0,0.955
11887,0,0,RandomForest,0.95,0.0,0.04,0.0,0.01
17130,3,3,RandomForest,0.0,0.0,0.065,0.59,0.345
11467,0,0,RandomForest,0.83,0.0,0.155,0.0,0.015
16365,3,3,RandomForest,0.0,0.0,0.0,0.995,0.005
15765,1,1,RandomForest,0.0,1.0,0.0,0.0,0.0
14731,1,1,RandomForest,0.0,1.0,0.0,0.0,0.0
17687,4,4,RandomForest,0.005,0.0,0.0,0.045,0.95
18151,4,4,RandomForest,0.0,0.01,0.0,0.035,0.955
11388,0,0,RandomForest,1.0,0.0,0.0,0.0,0.0
11791,0,0,RandomForest,0.995,0.0,0.005,0.0,0.0
13616,2,2,RandomForest,0.0,0.0,1.0,0.0,0.0
14292,1,1,RandomForest,0.0,1.0,0.0,0.0,0.0
16192,3,3,RandomForest,0.0,0.0,0.0,0.99,0.01
13853,2,2,RandomForest,0.0,0.0,1.0,0.0,0.0
15286,1,1,RandomForest,0.0,0.94,0.0,0.06,0.0
13708,2,2,RandomForest,0.0,0.0,0.885,0.0,0.115
14662,1,1,RandomForest,0.0,1.0,0.0,0.0,0.0
13970,1,1,RandomForest,0.0,0.985,0.0,0.005,0.01
18902,4,4,RandomForest,0.0,0.0,0.06,0.0,0.94
15567,1,1,RandomForest,0.0,0.905,0.0,0.085,0.01
10884,0,0,RandomForest,0.88,0.0,0.12,0.0,0.0
15260,1,1,RandomForest,0.0,1.0,0.0,0.0,0.0
11244,0,0,RandomForest,1.0,0.0,0.0,0.0,0.0
18862,4,4,RandomForest,0.035,0.0,0.01,0.01,0.945
13135,2,2,RandomForest,0.07,0.0,0.825,0.005,0.1
15035,1,1,RandomForest,0.0,1.0,0.0,0.0,0.0
16431,3,3,RandomForest,0.0,0.0,0.0,0.99,0.01
18885,4,4,RandomForest,0.035,0.0,0.07,0.005,0.89
17209,3,3,RandomForest,0.0,0.0,0.0,0.975,0.025
13664,2,2,RandomForest,0.005,0.0,0.92,0.06,0.015
10148,0,0,RandomForest,0.985,0.0,0.0,0.0,0.015
13412,2,2,RandomForest,0.0,0.0,1.0,0.0,0.0
12511,2,2,RandomForest,0.0,0.0,1.0,0.0,0.0
19128,4,4,RandomForest,0.015,0.0,0.01,0.0,0.975
13328,2,2,RandomForest,0.0,0.0,0.975,0.0,0.025
14463,1,1,RandomForest,0.0,1.0,0.0,0.0,0.0
10380,0,0,RandomForest,1.0,0.0,0.0,0.0,0.0
11510,0,0,RandomForest,0.95,0.0,0.05,0.0,0.0
12567,2,2,RandomForest,0.0,0.0,1.0,0.0,0.0
11111,0,0,RandomForest,1.0,0.0,0.0,0.0,0.0
17297,3,3,RandomForest,0.005,0.01,0.005,0.955,0.025
13803,2,2,RandomForest,0.0,0.0,1.0,0.0,0.0
10367,0,0,RandomForest,1.0,0.0,0.0,0.0,0.0
18625,4,4,RandomForest,0.0,0.0,0.0,0.0,1.0
14607,1,1,RandomForest,0.0,1.0,0.0,0.0,0.0
10025,0,0,RandomForest,1.0,0.0,0.0,0.0,0.0
17474,4,4,RandomForest,0.0,0.0,0.345,0.09,0.565
15351,1,1,RandomForest,0.0,1.0,0.0,0.0,0.0
10075,0,0,RandomForest,1.0,0.0,0.0,0.0,0.0
16501,3,3,RandomForest,0.0,0.0,0.0,0.995,0.005
11425,0,0,RandomForest,0.99,0.0,0.01,0.0,0.0
11503,0,0,RandomForest,1.0,0.0,0.0,0.0,0.0
15317,1,1,RandomForest,0.0,1.0,0.0,0.0,0.0
16872,3,3,RandomForest,0.0,0.0,0.02,0.935,0.045
10885,0,0,RandomForest,0.995,0.0,0.0,0.0,0.005
18462,4,4,RandomForest,0.0,0.015,0.0,0.0,0.985
15074,1,1,RandomForest,0.0,1.0,0.0,0.0,0.0
18981,4,4,RandomForest,0.0,0.0,0.055,0.0,0.945
13483,2,2,RandomForest,0.0,0.0,0.99,0.0,0.01
12280,2,2,RandomForest,0.0,0.0,1.0,0.0,0.0
10389,0,0,RandomForest,0.965,0.005,0.01,0.015,0.005
18963,4,4,RandomForest,0.0,0.0,0.035,0.005,0.96
14061,1,1,RandomForest,0.0,1.0,0.0,0.0,0.0
15159,1,1,RandomForest,0.0,1.0,0.0,0.0,0.0
11142,0,0,RandomForest,1.0,0.0,0.0,0.0,0.0
18501,4,4,RandomForest,0.0,0.005,0.0,0.0,0.995
16762,3,3,RandomForest,0.0,0.005,0.0,0.995,0.0
11658,0,0,RandomForest,1.0,0.0,0.0,0.0,0.0
14420,1,1,RandomForest,0.0,1.0,0.0,0.0,0.0
13810,2,2,RandomForest,0.0,0.0,1.0,0.0,0.0
16777,3,3,RandomForest,0.0,0.005,0.0,0.995,0.0
15266,1,1,RandomForest,0.0,1.0,0.0,0.0,0.0
10091,0,0,RandomForest,1.0,0.0,0.0,0.0,0.0
11182,0,0,RandomForest,1.0,0.0,0.0,0.0,0.0
15920,1,1,RandomForest,0.0,1.0,0.0,0.0,0.0
13531,2,2,RandomForest,0.0,0.0,0.91,0.0,0.09
12673,2,2,RandomForest,0.0,0.0,1.0,0.0,0.0
12552,2,2,RandomForest,0.0,0.0,0.995,0.0,0.005
15220,1,1,RandomForest,0.0,0.995,0.0,0.005,0.0
14756,1,1,RandomForest,0.0,1.0,0.0,0.0,0.0
12296,2,2,RandomForest,0.0,0.0,1.0,0.0,0.0
14758,1,1,RandomForest,0.0,1.0,0.0,0.0,0.0
11110,0,0,RandomForest,1.0,0.0,0.0,0.0,0.0
14786,1,1,RandomForest,0.0,1.0,0.0,0.0,0.0
15099,1,1,RandomForest,0.0,1.0,0.0,0.0,0.0
10490,0,0,RandomForest,0.995,0.0,0.005,0.0,0.0
19071,4,4,RandomForest,0.0,0.0,0.02,0.0,0.98
11660,0,0,RandomForest,0.99,0.0,0.01,0.0,0.0
12456,2,2,RandomForest,0.0,0.0,1.0,0.0,0.0
10960,0,0,RandomForest,0.99,0.0,0.0,0.0,0.01
14527,1,1,RandomForest,0.0,0.97,0.0,0.02,0.01
10783,0,0,RandomForest,1.0,0.0,0.0,0.0,0.0
13692,2,2,RandomForest,0.0,0.0,0.985,0.0,0.015
11776,0,0,RandomForest,1.0,0.0,0.0,0.0,0.0
18635,4,4,RandomForest,0.02,0.055,0.035,0.04,0.85
14851,1,1,RandomForest,0.0,0.985,0.0,0.01,0.005
15172,1,1,RandomForest,0.0,1.0,0.0,0.0,0.0
11092,0,0,RandomForest,1.0,0.0,0.0,0.0,0.0
13093,2,2,RandomForest,0.0,0.0,1.0,0.0,0.0
11135,0,0,RandomForest,1.0,0.0,0.0,0.0,0.0
10879,0,0,RandomForest,1.0,0.0,0.0,0.0,0.0
15847,1,1,RandomForest,0.0,0.97,0.0,0.005,0.025
14255,1,1,RandomForest,0.0,1.0,0.0,0.0,0.0
13627,2,2,RandomForest,0.0,0.0,0.99,0.0,0.01
16569,3,3,RandomForest,0.0,0.035,0.005,0.96,0.0
14986,1,1,RandomForest,0.0,1.0,0.0,0.0,0.0
12738,2,2,RandomForest,0.0,0.0,1.0,0.0,0.0
10379,0,0,RandomForest,1.0,0.0,0.0,0.0,0.0
10553,0,0,RandomForest,1.0,0.0,0.0,0.0,0.0
16934,3,3,RandomForest,0.0,0.025,0.0,0.965,0.01
11470,0,0,RandomForest,1.0,0.0,0.0,0.0,0.0
11583,0,0,RandomForest,0.97,0.0,0.03,0.0,0.0
11673,0,0,RandomForest,1.0,0.0,0.0,0.0,0.0
14032,1,1,RandomForest,0.0,1.0,0.0,0.0,0.0
11738,0,0,RandomForest,1.0,0.0,0.0,0.0,0.0
18997,4,4,RandomForest,0.025,0.005,0.275,0.06,0.635
15297,1,1,RandomForest,0.0,0.965,0.0,0.01,0.025
19019,4,4,RandomForest,0.01,0.0,0.03,0.0,0.96
18019,4,4,RandomForest,0.0,0.0,0.0,0.04,0.96
12467,2,2,RandomForest,0.0,0.0,1.0,0.0,0.0
10194,0,0,RandomForest,1.0,0.0,0.0,0.0,0.0
18870,4,4,RandomForest,0.035,0.0,0.055,0.0,0.91
14254,1,1,RandomForest,0.0,1.0,0.0,0.0,0.0
16115,3,3,RandomForest,0.0,0.055,0.0,0.94,0.005
17440,3,3,RandomForest,0.0,0.0,0.0,0.925,0.075
10429,0,0,RandomForest,1.0,0.0,0.0,0.0,0.0
17522,4,4,RandomForest,0.0,0.0,0.0,0.0,1.0
13621,2,2,RandomForest,0.0,0.0,0.975,0.0,0.025
13944,1,1,RandomForest,0.0,1.0,0.0,0.0,0.0
10969,0,0,RandomForest,0.99,0.0,0.01,0.0,0.0
18821,4,4,RandomForest,0.01,0.0,0.015,0.0,0.975
13476,2,2,RandomForest,0.0,0.0,1.0,0.0,0.0
13350,2,2,RandomForest,0.0,0.0,0.985,0.0,0.015
16289,3,3,RandomForest,0.0,0.01,0.0,0.965,0.025
12842,2,2,RandomForest,0.005,0.0,0.995,0.0,0.0
11838,0,0,RandomForest,1.0,0.0,0.0,0.0,0.0
19004,4,4,RandomForest,0.0,0.0,0.025,0.0,0.975
13127,2,2,RandomForest,0.0,0.0,0.96,0.0,0.04
17156,3,3,RandomForest,0.0,0.0,0.0,0.995,0.005
15394,1,1,RandomForest,0.0,0.885,0.0,0.115,0.0
15709,1,1,RandomForest,0.0,0.99,0.0,0.0,0.01
10154,0,0,RandomForest,1.0,0.0,0.0,0.0,0.0
12253,2,2,RandomForest,0.0,0.0,1.0,0.0,0.0
16169,3,3,RandomForest,0.0,0.0,0.0,0.99,0.01
10552,0,0,RandomForest,1.0,0.0,0.0,0.0,0.0
19112,4,4,RandomForest,0.0,0.0,0.03,0.0,0.97
12941,2,2,RandomForest,0.0,0.0,1.0,0.0,0.0
13640,2,2,RandomForest,0.085,0.0,0.86,0.0,0.055
13361,2,2,RandomForest,0.055,0.0,0.925,0.0,0.02
18776,4,4,RandomForest,0.0,0.01,0.0,0.0,0.99
16618,3,3,RandomForest,0.0,0.055,0.0,0.865,0.08
12146,2,2,RandomForest,0.035,0.0,0.965,0.0,0.0
14929,1,1,RandomForest,0.0,0.995,0.0,0.005,0.0
18656,4,4,RandomForest,0.0,0.005,0.0,0.0,0.995
13126,2,2,RandomForest,0.0,0.0,1.0,0.0,0.0
16575,3,3,RandomForest,0.0,0.02,0.0,0.96,0.02
12824,2,2,RandomForest,0.0,0.0,0.985,0.0,0.015
15292,1,1,RandomForest,0.0,1.0,0.0,0.0,0.0
11351,0,0,RandomForest,0.91,0.0,0.045,0.0,0.045
12040,2,2,RandomForest,0.0,0.0,0.93,0.0,0.07
16849,3,3,RandomForest,0.0,0.0,0.0,0.995,0.005
14804,1,1,RandomForest,0.0,1.0,0.0,0.0,0.0
15126,1,1,RandomForest,0.0,0.985,0.0,0.015,0.0
16145,3,3,RandomForest,0.0,0.06,0.0,0.925,0.015
12289,2,2,RandomForest,0.01,0.0,0.985,0.0,0.005
18738,4,4,RandomForest,0.0,0.07,0.0,0.035,0.895
15302,1,1,RandomForest,0.0,0.91,0.0,0.09,0.0
11059,0,0,RandomForest,1.0,0.0,0.0,0.0,0.0
12528,2,2,RandomForest,0.0,0.0,1.0,0.0,0.0
16089,3,3,RandomForest,0.0,0.005,0.0,0.995,0.0
18354,4,4,RandomForest,0.005,0.03,0.0,0.0,0.965
14884,1,1,RandomForest,0.0,1.0,0.0,0.0,0.0
15691,1,1,RandomForest,0.0,1.0,0.0,0.0,0.0
11488,0,0,RandomForest,1.0,0.0,0.0,0.0,0.0
14093,1,1,RandomForest,0.0,1.0,0.0,0.0,0.0
18942,4,4,RandomForest,0.005,0.0,0.0,0.0,0.995
16041,3,3,RandomForest,0.0,0.0,0.005,0.965,0.03
19052,4,4,RandomForest,0.0,0.0,0.015,0.0,0.985
14266,1,1,RandomForest,0.0,1.0,0.0,0.0,0.0
13310,2,2,RandomForest,0.005,0.0,0.995,0.0,0.0
10779,0,0,RandomForest,0.995,0.0,0.0,0.0,0.005
12438,2,2,RandomForest,0.0,0.0,1.0,0.0,0.0
13888,2,2,RandomForest,0.0,0.0,1.0,0.0,0.0
14913,1,1,RandomForest,0.0,1.0,0.0,0.0,0.0
15151,1,1,RandomForest,0.0,1.0,0.0,0.0,0.0
16526,3,3,RandomForest,0.0,0.0,0.0,0.995,0.005
12744,2,2,RandomForest,0.0,0.0,1.0,0.0,0.0
11236,0,0,RandomForest,1.0,0.0,0.0,0.0,0.0
17553,4,4,RandomForest,0.0,0.0,0.005,0.035,0.96
10943,0,0,RandomForest,0.995,0.0,0.0,0.0,0.005
13956,1,1,RandomForest,0.0,1.0,0.0,0.0,0.0
10707,0,0,RandomForest,0.895,0.015,0.025,0.025,0.04
17026,3,3,RandomForest,0.0,0.0,0.0,0.955,0.045
17061,3,3,RandomForest,0.0,0.0,0.0,0.99,0.01
12964,2,2,RandomForest,0.005,0.0,0.995,0.0,0.0
12106,2,2,RandomForest,0.01,0.0,0.99,0.0,0.0
11359,0,0,RandomForest,1.0,0.0,0.0,0.0,0.0
11952,2,2,RandomForest,0.0,0.0,1.0,0.0,0.0
16846,3,3,RandomForest,0.0,0.0,0.015,0.96,0.025
18762,4,4,RandomForest,0.0,0.005,0.0,0.0,0.995
12714,2,2,RandomForest,0.0,0.0,1.0,0.0,0.0
15522,1,1,RandomForest,0.0,1.0,0.0,0.0,0.0
15087,1,1,RandomForest,0.0,1.0,0.0,0.0,0.0
15084,1,1,RandomForest,0.0,1.0,0.0,0.0,0.0
14446,1,1,RandomForest,0.0,1.0,0.0,0.0,0.0
11118,0,0,RandomForest,0.985,0.0,0.005,0.0,0.01
13308,2,2,RandomForest,0.0,0.0,0.99,0.0,0.01
13564,2,2,RandomForest,0.015,0.0,0.97,0.0,0.015
10528,0,0,RandomForest,1.0,0.0,0.0,0.0,0.0
11013,0,0,RandomForest,1.0,0.0,0.0,0.0,0.0
14604,1,1,RandomForest,0.0,0.995,0.0,0.005,0.0
18203,4,4,RandomForest,0.0,0.005,0.0,0.0,0.995
11009,0,0,RandomForest,1.0,0.0,0.0,0.0,0.0
13646,2,2,RandomForest,0.005,0.0,0.995,0.0,0.0
11721,0,0,RandomForest,1.0,0.0,0.0,0.0,0.0
11033,0,0,RandomForest,1.0,0.0,0.0,0.0,0.0
18808,4,4,RandomForest,0.01,0.0,0.01,0.0,0.98
14246,1,1,RandomForest,0.0,1.0,0.0,0.0,0.0
16122,3,3,RandomForest,0.0,0.005,0.0,0.995,0.0
17127,3,3,RandomForest,0.0,0.005,0.0,0.995,0.0
11979,2,2,RandomForest,0.005,0.0,0.995,0.0,0.0
13118,2,2,RandomForest,0.0,0.0,1.0,0.0,0.0
19060,4,4,RandomForest,0.0,0.0,0.32,0.04,0.64
12046,2,2,RandomForest,0.0,0.0,1.0,0.0,0.0
15900,1,1,RandomForest,0.005,0.965,0.0,0.015,0.015
13274,2,2,RandomForest,0.0,0.0,1.0,0.0,0.0
15120,1,1,RandomForest,0.0,0.995,0.0,0.005,0.0
15997,3,3,RandomForest,0.0,0.0,0.0,1.0,0.0
13709,2,2,RandomForest,0.0,0.0,0.995,0.0,0.005
13978,1,1,RandomForest,0.0,1.0,0.0,0.0,0.0
16577,3,3,RandomForest,0.0,0.005,0.0,0.99,0.005
11483,0,0,RandomForest,1.0,0.0,0.0,0.0,0.0
16316,3,3,RandomForest,0.0,0.01,0.0,0.99,0.0
11795,0,0,RandomForest,1.0,0.0,0.0,0.0,0.0
17865,4,4,RandomForest,0.005,0.0,0.01,0.0,0.985
14387,1,1,RandomForest,0.0,1.0,0.0,0.0,0.0
12499,2,2,XGBoost,4.626877489499748e-05,2.9483828257070854e-05,0.9998594522476196,9.821781532082241e-06,5.4930129408603534e-05
16980,3,3,XGBoost,6.146901432657614e-05,4.695621464634314e-05,4.4747856009053066e-05,0.9997933506965637,5.344122473616153e-05
13538,2,2,XGBoost,6.8128269049339e-05,4.3413383536972106e-05,0.999803364276886,1.925972173921764e-05,6.582489004358649e-05
11263,0,0,XGBoost,0.9997020363807678,3.9761755033396184e-05,0.00020026414131280035,1.659319423197303e-05,4.135483322897926e-05
14863,1,1,XGBoost,3.966534495702945e-05,0.9998350143432617,2.8875350835733116e-05,6.08859772910364e-05,3.558302341843955e-05
16830,3,3,XGBoost,2.5687641027616337e-05,3.4534339647507295e-05,1.869994230219163e-05,0.9999030828475952,1.8038419511867687e-05
13723,2,2,XGBoost,4.626836744137108e-05,2.9483568141586147e-05,0.9998506307601929,9.821695130085573e-06,6.376345118042082e-05
14857,1,1,XGBoost,3.966446456615813e-05,0.99981290102005,2.8874710551463068e-05,6.75334595143795e-05,5.104158117319457e-05
17042,3,3,XGBoost,6.532783299917355e-05,4.9903970648301765e-05,4.7556979552609846e-05,0.9997890591621399,4.817169610760175e-05
18575,4,4,XGBoost,4.009646727354266e-05,4.998649819754064e-05,2.6438705390319228e-05,7.00253076502122e-05,0.9998134970664978
13656,2,2,XGBoost,0.000126900224131532,0.00010222852870356292,0.9996141195297241,5.038815288571641e-05,0.00010632436169544235
11008,0,0,XGBoost,0.999778687953949,3.1054358260007575e-05,0.0001282962621189654,1.7308355381828733e-05,4.463753793970682e-05
17275,3,3,XGBoost,3.3625274227233604e-05,6.264397234190255e-05,2.4478331397403963e-05,0.999854326248169,2.4907452825573273e-05
12367,2,2,XGBoost,5.1081995479762554e-05,2.948368819488678e-05,0.9998546838760376,9.82173514785245e-06,5.4929867474129423e-05
18261,4,4,XGBoost,3.771119372686371e-05,0.00013045566447544843,2.7452777430880815e-05,0.00025630235904827714,0.9995480179786682
16975,3,3,XGBoost,4.061195795657113e-05,3.371585626155138e-05,3.1285548175219446e-05,0.9998457431793213,4.8576490371488035e-05
11830,0,0,XGBoost,0.9998840093612671,2.9666023692698218e-05,4.013751458842307e-05,1.7111511624534614e-05,2.9098280720063485e-05
17035,3,3,XGBoost,5.2955867431592196e-05,4.04530183004681e-05,4.0794759115669876e-05,0.999822199344635,4.363710468169302e-05
11688,0,0,XGBoost,0.9998853206634521,2.9666063710465096e-05,4.5763412344967946e-05,1.6655316358082928e-05,2.2528065528604202e-05
18073,4,4,XGBoost,4.9518894229549915e-05,3.9068541809683666e-05,3.604847734095529e-05,0.0003584659134503454,0.9995168447494507
16787,3,3,XGBoost,3.4595585020724684e-05,0.00010290973295923322,2.5184697733493522e-05,0.999806821346283,3.0458433684543706e-05
17568,4,4,XGBoost,2.4289480279549025e-05,1.855473055911716e-05,1.871148015197832e-05,0.00011660574818961322,0.9998218417167664
18812,4,4,XGBoost,2.928057983808685e-05,2.236745240224991e-05,0.0002698679454624653,3.778748941840604e-05,0.999640703201294
17541,4,4,XGBoost,4.2777639464475214e-05,3.374991501914337e-05,3.114101855317131e-05,0.0002823300310410559,0.9996100068092346
10283,0,0,XGBoost,0.9998071789741516,2.8128919439041056e-05,0.00010565728007350117,9.370420229970478e-06,4.9681024393066764e-05
15418,1,1,XGBoost,3.966507938457653e-05,0.9998283386230469,2.887515802285634e-05,6.918808503542095e-05,3.392471990082413e-05
17401,3,3,XGBoost,8.665255882078782e-05,6.619393388973549e-05,6.675306940451264e-05,0.9996999502182007,8.048487507039681e-05
13513,2,2,XGBoost,4.9823287554318085e-05,3.1748870242154226e-05,0.9998360872268677,1.6502777725690976e-05,6.580106128240004e-05
15125,1,1,XGBoost,3.761316474992782e-05,0.9998375177383423,2.73814130196115e-05,5.687771044904366e-05,4.0549122786615044e-05
11584,0,0,XGBoost,0.9998431205749512,3.8716265407856554e-05,6.36064651189372e-05,2.1736339476774447e-05,3.2829062547534704e-05
11397,0,0,XGBoost,0.9998646974563599,2.96654507110361e-05,6.707219290547073e-05,1.6037014574976638e-05,2.2527599867316894e-05
19083,4,4,XGBoost,4.227897443342954e-05,2.925360604422167e-05,0.0003526071668602526,2.990221582876984e-05,0.9995458722114563
16341,3,3,XGBoost,9.411076462129131e-05,0.00026403204537928104,6.851021316833794e-05,0.9994726777076721,0.000100675446446985
10717,0,0,XGBoost,0.9997039437294006,0.00011782277579186484,5.0841270422097296e-05,6.611004209844396e-05,6.121006299508736e-05
13053,2,2,XGBoost,4.909906419925392e-05,3.7506804801523685e-05,0.999821126461029,1.552054709463846e-05,7.676339737372473e-05
10460,0,0,XGBoost,0.9997552037239075,3.67098291462753e-05,5.084387521492317e-05,9.072280226973817e-05,6.651007424807176e-05
16198,3,3,XGBoost,6.371577910613269e-05,0.00014834846660960466,4.63834403490182e-05,0.9996815919876099,6.0034941270714626e-05
12400,2,2,XGBoost,5.1081995479762554e-05,2.948368819488678e-05,0.9998546838760376,9.82173514785245e-06,5.4929867474129423e-05
12052,2,2,XGBoost,8.412326133111492e-05,6.426174513762817e-05,0.9996967315673828,3.517702134558931e-05,0.00011972345964750275
18016,4,4,XGBoost,3.645822289399803e-05,2.7850457627209835e-05,2.8085734811611474e-05,5.77006685489323e-05,0.9998499155044556
16142,3,3,XGBoost,3.636635665316135e-05,0.00014953510253690183,2.647377004905138e-05,0.9997503161430359,3.732645564014092e-05
11517,0,0,XGBoost,0.9997474551200867,3.6016619560541585e-05,0.00017063264385797083,1.8584234567242675e-05,2.7350657546776347e-05
18295,4,4,XGBoost,6.509292143164203e-05,0.00014501711120828986,4.2920804844470695e-05,0.00011367964907549322,0.9996333122253418
11376,0,0,XGBoost,0.9998646974563599,2.96654507110361e-05,6.707219290547073e-05,1.6037014574976638e-05,2.2527599867316894e-05
16974,3,3,XGBoost,6.309181480901316e-05,8.147715561790392e-05,4.592921686707996e-05,0.9997414946556091,6.79622171446681e-05
11385,0,0,XGBoost,0.9997411370277405,3.6016394005855545e-05,0.00017063156701624393,2.4801649487926625e-05,2.735048474278301e-05
17105,3,3,XGBoost,5.689315003110096e-05,7.64868818805553e-05,4.382786210044287e-05,0.9997819066047668,4.093258758075535e-05
12566,2,2,XGBoost,5.1081846322631463e-05,2.9483602702384815e-05,0.9998518228530884,9.821706953516696e-06,5.7716846640687436e-05
13886,2,2,XGBoost,7.004779035924003e-05,4.46365556854289e-05,0.999783456325531,1.8681108485907316e-05,8.316055755130947e-05
16297,3,3,XGBoost,5.875948409084231e-05,9.089276136364788e-05,4.2775387555593625e-05,0.9997623562812805,4.521477239904925e-05
11702,0,0,XGBoost,0.9998904466629028,2.966621468658559e-05,4.072291267220862e-05,1.6655401850584894e-05,2.2528180124936625e-05
15463,1,1,XGBoost,3.761472908081487e-05,0.9998791217803955,2.738255170697812e-05,1.9808285287581384e-05,3.6076988180866465e-05
16201,3,3,XGBoost,3.806237145909108e-05,0.00010736399417510256,2.7708425477612764e-05,0.9997848868370056,4.200122566544451e-05
12972,2,2,XGBoost,0.0001667050673859194,0.00012734609481412917,0.9994148015975952,6.619336636504158e-05,0.00022491742856800556
9989,0,0,XGBoost,0.9998202919960022,3.6712219298351556e-05,6.630945426877588e-05,1.2229724234202877e-05,6.44733154331334e-05
18665,4,4,XGBoost,4.009508847957477e-05,0.00010224412835668772,2.643779771460686e-05,5.2028914069524035e-05,0.9997791647911072
14603,1,1,XGBoost,3.761272455449216e-05,0.9998258948326111,2.7381092877476476e-05,7.583457772852853e-05,3.336010195198469e-05
10229,0,0,XGBoost,0.9998096823692322,2.8128990379627794e-05,0.00010318637214368209,9.370443876832724e-06,4.9681148084346205e-05
10848,0,0,XGBoost,0.9997982382774353,3.105496580246836e-05,0.0001113340476877056,1.7308693713857792e-05,4.207763777230866e-05
18880,4,4,XGBoost,3.548285167198628e-05,2.261073859699536e-05,0.0002937674580607563,1.7370213754475117e-05,0.9996308088302612
17725,4,4,XGBoost,5.714446524507366e-05,4.365268614492379e-05,4.159969830652699e-05,0.0010890477569773793,0.9987685084342957
18855,4,4,XGBoost,6.509343074867502e-05,4.374273703433573e-05,0.0002701745252124965,5.408022116171196e-05,0.9995668530464172
16525,3,3,XGBoost,3.8270842196652666e-05,0.0001291422959184274,2.786016011668835e-05,0.9997739195823669,3.080828537349589e-05
18895,4,4,XGBoost,3.702573667396791e-05,2.359389327466488e-05,0.0002846652059815824,2.828225478879176e-05,0.9996263980865479
10498,0,0,XGBoost,0.9996938705444336,7.818226731615141e-05,9.312049951404333e-05,6.0537880926858634e-05,7.42611737223342e-05
16315,3,3,XGBoost,4.665546657633968e-05,0.0002303600194863975,3.396394458832219e-05,0.9996411800384521,4.7887155233183876e-05
15614,1,1,XGBoost,0.0002171765227103606,0.9993317723274231,0.00013188285811338574,7.705581811023876e-05,0.00024212132848333567
14468,1,1,XGBoost,3.7613608583342284e-05,0.9998493194580078,2.738173679972533e-05,4.9658770876703784e-05,3.601802382036112e-05
15779,1,1,XGBoost,4.0172148146666586e-05,0.9998595714569092,2.9244289180496708e-05,1.596682341187261e-05,5.5033378885127604e-05
13445,2,2,XGBoost,0.000593053933698684,0.0004327349888626486,0.99843829870224,0.00020725757349282503,0.0003286142600700259
11723,0,0,XGBoost,0.9998890161514282,2.966617284982931e-05,4.211831765132956e-05,1.665537820372265e-05,2.252814738312736e-05
18527,4,4,XGBoost,3.0494105885736644e-05,7.602859841426834e-05,2.2198923034011386e-05,5.17023763677571e-05,0.9998195767402649
15620,1,1,XGBoost,0.0001615940418560058,0.9994847774505615,9.812977077672258e-05,7.004770304774866e-05,0.00018544877821113914
13331,2,2,XGBoost,5.108223922434263e-05,2.9483828257070854e-05,0.9998594522476196,1.0739939170889556e-05,4.9280435632681474e-05
15905,1,1,XGBoost,0.0001550455781398341,0.9995194673538208,9.415314707439393e-05,6.258835492189974e-05,0.00016879674512892962
10757,0,0,XGBoost,0.9996004700660706,0.00011781057401094586,0.00012465058534871787,9.31934337131679e-05,6.385055894497782e-05
13553,2,2,XGBoost,4.749455547425896e-05,3.826071770163253e-05,0.999849796295166,1.5668152627767995e-05,4.8726924433140084e-05
12440,2,2,XGBoost,5.108136247145012e-05,2.948332257801667e-05,0.9998422861099243,9.821613275562413e-06,6.726002902723849e-05
18724,4,4,XGBoost,2.6650732252164744e-05,0.0001405975635861978,1.940104630193673e-05,4.518598143476993e-05,0.9997681975364685
18190,4,4,XGBoost,4.687006730819121e-05,3.7757647078251466e-05,4.3411106162238866e-05,6.0080510593252257e-05,0.9998119473457336
15844,1,1,XGBoost,4.2364263208583e-05,0.9998644590377808,3.0840092222206295e-05,2.230901191069279e-05,4.0002603782340884e-05
14894,1,1,XGBoost,9.331986075267196e-05,0.999687671661377,6.793445209041238e-05,5.8331501350039616e-05,9.275147749576718e-05
16367,3,3,XGBoost,4.3861393351107836e-05,0.00019808538490906358,3.192996155121364e-05,0.9996788501739502,4.728506246465258e-05
18183,4,4,XGBoost,2.665216743480414e-05,9.381303243571892e-05,1.940209222084377e-05,3.811253191088326e-05,0.9998220801353455
11572,0,0,XGBoost,0.9998904466629028,2.966621468658559e-05,4.072291267220862e-05,1.6655401850584894e-05,2.2528180124936625e-05
19127,4,4,XGBoost,5.4306965466821566e-05,4.374866693979129e-05,0.00013576139463111758,6.372080679284409e-05,0.9997023940086365
14401,1,1,XGBoost,3.761482730624266e-05,0.9998817443847656,2.7382624466554262e-05,2.1706355255446397e-05,3.1587678677169606e-05
17358,3,3,XGBoost,6.854857201687992e-05,5.236429569777101e-05,6.775280780857429e-05,0.9997310042381287,8.026308933040127e-05
13009,2,2,XGBoost,0.00013464700896292925,8.580105350119993e-05,0.9996198415756226,4.299007559893653e-05,0.00011671401443891227
16806,3,3,XGBoost,3.2819356420077384e-05,0.00012630173296201974,2.3891645469120704e-05,0.9997801184654236,3.6919718695571646e-05
17750,4,4,XGBoost,5.012393376091495e-05,3.4681681427173316e-05,3.3050597266992554e-05,0.00019151755259372294,0.9996906518936157
14667,1,1,XGBoost,3.761433981708251e-05,0.9998687505722046,2.7382267944631167e-05,2.3711349058430642e-05,4.257627369952388e-05
16634,3,3,XGBoost,7.177310908446088e-05,0.00018724358233157545,5.224897540756501e-05,0.9996082186698914,8.053706551436335e-05
15138,1,1,XGBoost,4.336196798249148e-05,0.9997484087944031,3.1566363759338856e-05,0.0001274263922823593,4.928915586788207e-05
17915,4,4,XGBoost,2.9818178518326022e-05,2.277812200190965e-05,3.54357689502649e-05,9.057560964720324e-05,0.9998213648796082
17976,4,4,XGBoost,4.7002333303680643e-05,3.2521817047381774e-05,6.54044997645542e-05,6.897591811139137e-05,0.9997860789299011
10443,0,0,XGBoost,0.9997304081916809,7.818512676749378e-05,5.488020906341262e-05,6.219839997356758e-05,7.426389493048191e-05
11761,0,0,XGBoost,0.9998774528503418,2.966582906083204e-05,4.665941742132418e-05,1.7111398847191595e-05,2.9098089726176113e-05
13894,2,2,XGBoost,9.333530033472925e-05,7.129881851142272e-05,0.9996862411499023,4.206096855341457e-05,0.00010708325862651691
13170,2,2,XGBoost,4.982399332220666e-05,3.17493177135475e-05,0.9998502731323242,1.7790182027965784e-05,5.029941166867502e-05
17166,3,3,XGBoost,9.292399045079947e-05,0.00016327606863342226,7.158429070841521e-05,0.9995412826538086,0.00013100745854899287
16453,3,3,XGBoost,3.4231132303830236e-05,8.160090510500595e-05,2.4919359930208884e-05,0.9998220801353455,3.7239351513562724e-05
11573,0,0,XGBoost,0.9998863935470581,3.29941394738853e-05,4.1382896597497165e-05,1.6655334547976963e-05,2.2528089175466448e-05
12076,2,2,XGBoost,4.626818554243073e-05,3.21307779813651e-05,0.9998466968536377,2.305033012817148e-05,5.1802689995383844e-05
12084,2,2,XGBoost,4.6268727601272985e-05,2.948379551526159e-05,0.9998583793640137,2.3518372472608462e-05,4.2306150135118514e-05
11255,0,0,XGBoost,0.9996936321258545,3.9761416701367125e-05,0.00020026243873871863,2.4964632757473737e-05,4.135448398301378e-05
13064,2,2,XGBoost,8.200336014851928e-05,5.6739645515335724e-05,0.9997628331184387,1.8901340808952227e-05,7.951730367494747e-05
13577,2,2,XGBoost,0.000501287984661758,0.00038293414399959147,0.998354971408844,0.00021343069965951145,0.0005473103374242783
18253,4,4,XGBoost,4.513709791353904e-05,0.00014818654744885862,2.9762386475340463e-05,5.260414764052257e-05,0.9997243285179138
13782,2,2,XGBoost,5.190300362301059e-05,3.307415317976847e-05,0.9998424053192139,1.10177970782388e-05,6.161911733215675e-05
15439,1,1,XGBoost,4.812992847291753e-05,0.9995797276496887,3.5037315683439374e-05,0.00029673363314941525,4.0429749788017944e-05
15420,1,1,XGBoost,4.6967543312348425e-05,0.9998210072517395,3.4191129088867456e-05,2.2079728296375833e-05,7.572514732601121e-05
15817,1,1,XGBoost,4.01725665142294e-05,0.9998699426651001,2.92445929517271e-05,1.7561646018293686e-05,4.306460323277861e-05
17959,4,4,XGBoost,4.287302726879716e-05,3.2750729587860405e-05,3.9709080738248304e-05,5.6757733545964584e-05,0.9998278617858887
13804,2,2,XGBoost,0.00016671289631631225,0.00012735207565128803,0.9994617104530334,5.329892155714333e-05,0.00019093576702289283
15182,1,1,XGBoost,5.934534055995755e-05,0.9994915723800659,4.32018750871066e-05,0.00035595527151599526,4.985088526154868e-05
10002,0,0,XGBoost,0.9998044371604919,2.8128843041486107e-05,0.0001056569890351966,9.370394764118828e-06,5.2405710448510945e-05
11787,0,0,XGBoost,0.9998852014541626,2.966606007248629e-05,3.896381167578511e-05,1.7111531633418053e-05,2.9098315280862153e-05
17677,4,4,XGBoost,5.933657303103246e-05,7.796105637680739e-05,9.115744614973664e-05,0.000595273042563349,0.9991762042045593
14586,1,1,XGBoost,3.966688382206485e-05,0.9998737573623657,2.8876469514216296e-05,2.0974246581317857e-05,3.671194281196222e-05
13375,2,2,XGBoost,4.261178764863871e-05,2.9483884645742364e-05,0.9998613595962524,1.4772728718526196e-05,5.1803450332954526e-05
11398,0,0,XGBoost,0.9998639822006226,2.9665430702152662e-05,6.33823437965475e-05,2.0428240532055497e-05,2.2527583496412262e-05
11070,0,0,XGBoost,0.999789297580719,3.105468931607902e-05,0.00012599767069332302,1.1550398085091729e-05,4.2077259422512725e-05
15552,1,1,XGBoost,9.035320545081049e-05,0.9996755123138428,6.577480962732807e-05,3.678378925542347e-05,0.00013154177577234805
16874,3,3,XGBoost,4.025780435767956e-05,9.648792911320925e-05,2.9306616852409206e-05,0.9998065829277039,2.743807272054255e-05
12350,2,2,XGBoost,4.588638330460526e-05,3.174964149366133e-05,0.999860405921936,1.0913648111454677e-05,5.0998172810068354e-05
10737,0,0,XGBoost,0.9996684789657593,0.00011781859211623669,5.107466859044507e-05,9.800319821806625e-05,6.459523137891665e-05
13942,2,2,XGBoost,7.004779035924003e-05,4.46365556854289e-05,0.999783456325531,1.8681108485907316e-05,8.316055755130947e-05
17461,3,3,XGBoost,0.0001342358737019822,0.00010254285734845325,9.772025077836588e-05,0.993597149848938,0.006068303249776363
11203,0,0,XGBoost,0.9996936321258545,3.9761416701367125e-05,0.00020026243873871863,2.4964632757473737e-05,4.135448398301378e-05
12354,2,2,XGBoost,5.108136247145012e-05,2.948332257801667e-05,0.9998422861099243,9.821613275562413e-06,6.726002902723849e-05
14764,1,1,XGBoost,3.7614645407302305e-05,0.999876856803894,2.73824898613384e-05,2.500166192476172e-05,3.308999657747336e-05
14412,1,1,XGBoost,3.761499101528898e-05,0.9998860359191895,2.738274088187609e-05,1.803228042263072e-05,3.0908391636330634e-05
11827,0,0,XGBoost,0.9997377991676331,3.601627395255491e-05,0.00017063099949155003,2.022051194217056e-05,3.5326997021911666e-05
10086,0,0,XGBoost,0.9994219541549683,2.811808190017473e-05,0.0004882026696577668,9.366809536004439e-06,5.238566154730506e-05
16273,3,3,XGBoost,0.00010836462024599314,0.00032754192943684757,7.888658001320437e-05,0.9993886947631836,9.644080273574218e-05
13916,2,2,XGBoost,0.0017458416987210512,0.0012079800944775343,0.9946392178535461,0.0005793531308881938,0.001827661762945354
11254,0,0,XGBoost,0.9997138381004333,3.274665505159646e-05,0.000206336539122276,1.2995914403290953e-05,3.405866300454363e-05
17084,3,3,XGBoost,8.823036478133872e-05,6.739922537235543e-05,8.647648064652458e-05,0.9996752738952637,8.257712761405855e-05
18991,4,4,XGBoost,4.821395123144612e-05,2.7828327802126296e-05,0.00036155639099888504,3.5191926144761965e-05,0.9995272159576416
13714,2,2,XGBoost,9.521429456071928e-05,6.0673413827316836e-05,0.9996813535690308,3.153752913931385e-05,0.00013121690426487476
15933,3,3,XGBoost,0.000156048423377797,0.0034247988369315863,0.00011359912605257705,0.9961369633674622,0.00016858993330970407
15825,1,1,XGBoost,4.0171900764107704e-05,0.9998533725738525,2.9244109100545757e-05,2.9474877010216005e-05,4.7718007408548146e-05
17195,3,3,XGBoost,0.00030935482936911285,0.00039950269274413586,0.0003032053355127573,0.9986740350723267,0.00031396347912959754
15580,1,1,XGBoost,3.7614507164107636e-05,0.999873161315918,2.7382389816921204e-05,1.991334283957258e-05,4.186376099823974e-05
17710,4,4,XGBoost,2.8218513762112707e-05,2.1556139472522773e-05,2.1738220311817713e-05,0.00010754587856354192,0.9998210072517395
15242,1,1,XGBoost,3.761088373721577e-05,0.9997768998146057,2.7379752282286063e-05,0.00012099283776478842,3.7073856219649315e-05
13338,2,2,XGBoost,0.00015211520076263696,9.693238098407164e-05,0.9995443224906921,5.298135511111468e-05,0.00015356681251432747
12425,2,2,XGBoost,5.1081995479762554e-05,2.948368819488678e-05,0.9998546838760376,9.82173514785245e-06,5.4929867474129423e-05
15649,1,1,XGBoost,3.7614758184645325e-05,0.9998798370361328,2.738257171586156e-05,1.328141206613509e-05,4.186404112260789e-05
18471,4,4,XGBoost,7.31972831999883e-05,5.896635411772877e-05,8.567648910684511e-05,0.00021696285693906248,0.9995651841163635
14397,1,1,XGBoost,3.7614270695485175e-05,0.9998669624328613,2.738221883191727e-05,3.1251889595296234e-05,3.681041926029138e-05
11621,0,0,XGBoost,0.9998818635940552,2.9665960028069094e-05,4.928059934172779e-05,1.6655258150422014e-05,2.252798731205985e-05
11585,0,0,XGBoost,0.9998677968978882,2.9665543479495682e-05,6.338258390314877e-05,1.665502531977836e-05,2.2527670807903633e-05
10588,0,0,XGBoost,0.999729573726654,3.670889054774307e-05,5.1077789976261556e-05,0.00011872680624946952,6.38588098809123e-05
18766,4,4,XGBoost,5.2450042858254164e-05,0.0001725729671306908,3.4584376408020034e-05,6.497285357909277e-05,0.9996753931045532
17919,4,4,XGBoost,5.959070404060185e-05,4.552137033897452e-05,4.3380496208555996e-05,7.825217471690848e-05,0.9997732043266296
18549,4,4,XGBoost,6.700870289932936e-05,7.470636046491563e-05,5.62153581995517e-05,0.00012615292507689446,0.999675989151001
14725,1,1,XGBoost,3.966654185205698e-05,0.9998651742935181,2.8876222131657414e-05,2.891659278247971e-05,3.7375022657215595e-05
16606,3,3,XGBoost,5.0082639063475654e-05,7.870364061091095e-05,3.6458837712416425e-05,0.9997857213020325,4.9045942432712764e-05
17826,4,4,XGBoost,3.140877015539445e-05,2.3993176000658423e-05,2.4195844162022695e-05,2.3334827346843667e-05,0.9998970031738281
11447,0,0,XGBoost,0.9998553991317749,2.9665176043636166e-05,7.636152440682054e-05,1.6036865417845547e-05,2.2527390683535486e-05
17022,3,3,XGBoost,3.4485452488297597e-05,2.7931298973271623e-05,2.5104520318564028e-05,0.9998730421066284,3.94199560105335e-05
14532,1,1,XGBoost,4.403240018291399e-05,0.9997926354408264,3.2054453185992315e-05,9.586902160663158e-05,3.544638093444519e-05
11171,0,0,XGBoost,0.9996936321258545,3.9761416701367125e-05,0.00020026243873871863,2.4964632757473737e-05,4.135448398301378e-05
14612,1,1,XGBoost,3.7614307075273246e-05,0.9998679161071777,2.7382246116758324e-05,3.15801335091237e-05,3.5441342333797365e-05
14235,1,1,XGBoost,3.761418702197261e-05,0.9998646974563599,2.738215698627755e-05,4.171034015598707e-05,2.8621339879464358e-05
17906,4,4,XGBoost,5.3176441724644974e-05,4.062151492689736e-05,4.9252124881604686e-05,8.006417920114473e-05,0.9997768998146057
17150,3,3,XGBoost,0.00016798757133074105,0.0002951697679236531,0.0002493841457180679,0.9991108775138855,0.00017652018868830055
11414,0,0,XGBoost,0.999864935874939,2.9665457986993715e-05,6.338240200420842e-05,1.9504350348142907e-05,2.2527605324285105e-05
12817,2,2,XGBoost,0.00019983298261649907,0.00012733945914078504,0.9993627667427063,7.280051067937165e-05,0.00023724099446553737
13699,2,2,XGBoost,3.859618300339207e-05,2.9483617254300043e-05,0.9998522996902466,1.2339374734438024e-05,6.726070569129661e-05
16059,3,3,XGBoost,9.11339302547276e-05,0.00029315723804757,7.02053148415871e-05,0.9994550347328186,9.045905608218163e-05
16283,3,3,XGBoost,4.117046046303585e-05,0.00012246779806446284,2.9971037292852998e-05,0.9997685551643372,3.782329076784663e-05
10476,0,0,XGBoost,0.9996939897537231,3.6707580875372514e-05,0.00011524371802806854,9.071724343812093e-05,6.331931217573583e-05
15843,1,1,XGBoost,0.00015402330609504133,0.9994875192642212,0.00010155950440093875,8.202434401027858e-05,0.00017480495444033295
17651,4,4,XGBoost,3.2345888030249625e-05,2.47090429184027e-05,2.3546974261989817e-05,0.0002989248314406723,0.9996204376220703
16532,3,3,XGBoost,9.760687680682167e-05,0.000448139471700415,7.105528493411839e-05,0.9992862343788147,9.697030327515677e-05
11784,0,0,XGBoost,0.9998793601989746,3.2993906643241644e-05,4.13826055591926e-05,1.711143158900086e-05,2.909814429585822e-05
14834,1,1,XGBoost,3.7614056054735556e-05,0.9998612403869629,2.7382062398828566e-05,2.8142114388174377e-05,4.554522820399143e-05
15311,1,1,XGBoost,6.188434781506658e-05,0.9996562004089355,4.505020842771046e-05,0.0001548867585370317,8.197515126084909e-05
18863,4,4,XGBoost,5.068726386525668e-05,2.9255885237944312e-05,0.000268339499598369,2.7918689738726243e-05,0.9996237754821777
15324,1,1,XGBoost,5.83330838708207e-05,0.99968421459198,4.246498065185733e-05,0.00015211253776215017,6.288637086981907e-05
13156,2,2,XGBoost,5.108250479679555e-05,2.9483982871170156e-05,0.9998646974563599,1.6248164683929645e-05,3.8435300666606054e-05
12833,2,2,XGBoost,6.89081716700457e-05,5.26389449078124e-05,0.9997580647468567,2.736127862590365e-05,9.297038923250511e-05
13370,2,2,XGBoost,3.859668140648864e-05,2.9483997423085384e-05,0.9998651742935181,2.200156268372666e-05,4.470470594242215e-05
11876,0,0,XGBoost,0.9998800754547119,3.2993928471114486e-05,4.0722490666667e-05,1.7111444321926683e-05,2.9098166123731062e-05
16463,3,3,XGBoost,4.634241486201063e-05,9.263326501240954e-05,3.373608342371881e-05,0.9997865557670593,4.0800503484206274e-05
15647,1,1,XGBoost,3.96655268559698e-05,0.9998395442962646,2.887548180297017e-05,5.039965981268324e-05,4.1540897655067965e-05
12937,2,2,XGBoost,0.00014822796219959855,8.555475506000221e-05,0.9995823502540588,3.976518564741127e-05,0.00014405601541511714
18593,4,4,XGBoost,4.6704441047040746e-05,6.310661410680041e-05,3.5978915548184887e-05,0.00014613711391575634,0.9997079968452454
10375,0,0,XGBoost,0.9998071789741516,2.8128919439041056e-05,0.00010565728007350117,9.370420229970478e-06,4.9681024393066764e-05
15270,1,1,XGBoost,3.761366315302439e-05,0.9998507499694824,2.7381774998502806e-05,3.578825999284163e-05,4.840253313886933e-05
10819,0,0,XGBoost,0.9997982382774353,3.105496580246836e-05,0.0001113340476877056,1.7308693713857792e-05,4.207763777230866e-05
12160,2,2,XGBoost,4.479972994886339e-05,3.422251029405743e-05,0.9998513460159302,2.1151463442947716e-05,4.847282252740115e-05
16097,3,3,XGBoost,2.575912731117569e-05,9.770598262548447e-05,1.8751981770037673e-05,0.9998315572738647,2.6140132831642404e-05
10139,0,0,XGBoost,0.9998069405555725,2.8128913982072845e-05,0.00010318608838133514,9.370417501486372e-06,5.2405841415748e-05
13010,2,2,XGBoost,9.830138151301071e-05,5.673799751093611e-05,0.9997337460517883,2.5171018933178857e-05,8.602820889791474e-05
10630,0,0,XGBoost,0.9997429251670837,4.78150395792909e-05,5.488089664140716e-05,9.32067196117714e-05,6.121244950918481e-05
12885,2,2,XGBoost,5.1081995479762554e-05,2.948368819488678e-05,0.9998546838760376,9.82173514785245e-06,5.4929867474129423e-05
11433,0,0,XGBoost,0.9998342990875244,2.9664550311281346e-05,9.821586718317121e-05,1.5306597560993396e-05,2.252691592730116e-05
15055,1,1,XGBoost,4.3950720282737166e-05,0.9997478127479553,3.1994961318559945e-05,0.00014089953037910163,3.5380624467507005e-05
16136,3,3,XGBoost,4.441994315129705e-05,8.778674964560196e-05,3.233657844248228e-05,0.9997816681861877,5.380121729103848e-05
15947,3,1,XGBoost,0.0028897568117827177,0.6784860491752625,0.0021036684047430754,0.31254473328590393,0.0039757960475981236
17669,4,4,XGBoost,3.79218727175612e-05,2.8968539481866173e-05,2.7606145522440784e-05,0.00014609028585255146,0.9997593760490417
12209,2,2,XGBoost,3.859695061692037e-05,2.9484204787877388e-05,0.9998722076416016,2.369529101997614e-05,3.6038709367858246e-05
10496,0,0,XGBoost,0.9997393488883972,7.151426689233631e-05,5.1078292017336935e-05,6.05406348768156e-05,7.747616473352537e-05
14088,1,1,XGBoost,5.36826228199061e-05,0.9997960925102234,3.907956852344796e-05,5.813101233798079e-05,5.30621109646745e-05
18140,4,4,XGBoost,3.117751839454286e-05,0.00010868746903724968,2.2696429368807003e-05,5.286109080770984e-05,0.9997846484184265
11626,0,0,XGBoost,0.9998904466629028,2.966621468658559e-05,4.072291267220862e-05,1.6655401850584894e-05,2.2528180124936625e-05
16401,3,3,XGBoost,7.36923684598878e-05,0.00018373149214312434,5.364614480640739e-05,0.9995960593223572,9.293918265029788e-05
10394,0,0,XGBoost,0.9996422529220581,0.00010575093619991094,9.836759272729978e-05,9.071255044545978e-05,6.293490878306329e-05
12301,2,2,XGBoost,5.108214099891484e-05,2.9483771868399344e-05,0.9998575448989868,9.821763342188206e-06,5.207394860917702e-05
17153,3,3,XGBoost,2.4796330762910657e-05,3.049151382583659e-05,1.8051072402158752e-05,0.9999071359634399,1.9551209334167652e-05
10218,0,0,XGBoost,0.9997724890708923,3.3719301427481696e-05,0.00012174093717476353,1.3138332178641576e-05,5.896356742596254e-05
15331,1,1,XGBoost,4.813237319467589e-05,0.9996304512023926,3.503909465507604e-05,0.00022705756418872625,5.927863094257191e-05
13162,2,2,XGBoost,0.00010651661432348192,7.37008813302964e-05,0.9996734857559204,4.1909803258022293e-05,0.00010438997560413554
12500,2,2,XGBoost,4.626846930477768e-05,2.948363180621527e-05,0.9998527765274048,1.652065839152783e-05,5.492976197274402e-05
15342,1,1,XGBoost,3.966349322581664e-05,0.9997883439064026,2.8874001145595685e-05,0.00010590304736979306,3.727188232005574e-05
10440,0,0,XGBoost,0.9997040629386902,7.818306767148897e-05,4.804437776328996e-05,9.539369057165459e-05,7.42619376978837e-05
15732,1,1,XGBoost,3.761422703973949e-05,0.9998657703399658,2.7382186090108007e-05,1.8539061784395017e-05,5.070316183264367e-05
16199,3,3,XGBoost,0.0002398437209194526,0.0001832165871746838,0.0002350759896216914,0.9991683959960938,0.0001735465630190447
16193,3,3,XGBoost,6.80451630614698e-05,0.00014951395860407501,4.953512689098716e-05,0.9996547698974609,7.815572462277487e-05
13194,2,2,XGBoost,5.1081995479762554e-05,2.948368819488678e-05,0.9998546838760376,9.82173514785245e-06,5.4929867474129423e-05
14107,1,1,XGBoost,3.761457264772616e-05,0.9998749494552612,2.73824389296351e-05,1.8896558685810305e-05,4.119279401493259e-05
12219,2,2,XGBoost,4.987294232705608e-05,3.178053884766996e-05,0.9998594522476196,1.3148738617019262e-05,4.5681343181058764e-05
16681,3,3,XGBoost,2.3097163648344576e-05,6.515112909255549e-05,1.6814141417853534e-05,0.9998689889907837,2.598286300781183e-05
13389,2,2,XGBoost,4.626836744137108e-05,2.9483568141586147e-05,0.9998506307601929,9.821695130085573e-06,6.376345118042082e-05
14930,1,1,XGBoost,3.9665686927037314e-05,0.9998435974121094,2.8875598218291998e-05,5.160691944183782e-05,3.6214798456057906e-05
10406,0,0,XGBoost,0.9997407793998718,3.670930163934827e-05,6.523347110487521e-05,9.072149259736761e-05,6.650911382166669e-05
14916,1,1,XGBoost,3.9667211240157485e-05,0.9998821020126343,2.8876709620817564e-05,1.876108581200242e-05,3.052348256460391e-05
11378,0,0,XGBoost,0.9998288154602051,2.9664386602235027e-05,0.00010367533832322806,1.5306513887480833e-05,2.252679223602172e-05
18579,4,4,XGBoost,2.8816417398047633e-05,4.7007135435706005e-05,2.0977609892725013e-05,7.321443990804255e-05,0.9998300075531006
18535,4,4,XGBoost,3.0494484235532582e-05,7.49656101106666e-05,2.2199199520400725e-05,4.036381506011821e-05,0.9998319149017334
10865,0,0,XGBoost,0.9997974038124084,3.105494033661671e-05,0.00011212136450922117,1.7308679161942564e-05,4.207760139252059e-05
12540,2,2,XGBoost,5.1081995479762554e-05,2.948368819488678e-05,0.9998546838760376,9.82173514785245e-06,5.4929867474129423e-05
16427,3,3,XGBoost,3.605496385716833e-05,0.00015634401643183082,2.6247082132613286e-05,0.9997461438179016,3.518332232488319e-05
18818,4,4,XGBoost,3.435661710682325e-05,2.6245041226502508e-05,0.0003409855125937611,4.345635534264147e-05,0.9995549321174622
12894,2,2,XGBoost,3.859654316329397e-05,2.948389192169998e-05,0.9998615980148315,1.5325478671002202e-05,5.493024582392536e-05
13772,2,2,XGBoost,0.00021060921426396817,0.0001342065370408818,0.9993072748184204,6.975935684749857e-05,0.0002781494986265898
11712,0,0,XGBoost,0.9998809099197388,3.299395757494494e-05,4.6859178837621585e-05,1.6655243598506786e-05,2.2527965484187007e-05
13759,2,2,XGBoost,3.859761272906326e-05,2.9484710466931574e-05,0.9998893737792969,1.0135098818864208e-05,3.233929237467237e-05
15505,1,1,XGBoost,3.761433981708251e-05,0.9998687505722046,2.7382267944631167e-05,2.2793154130340554e-05,4.3404466850915924e-05
17414,3,3,XGBoost,3.866880069836043e-05,2.9539092793129385e-05,2.814986692101229e-05,0.9998457431793213,5.7828339777188376e-05
10276,0,0,XGBoost,0.9998055100440979,2.8128872145316564e-05,0.00010736989497672766,9.370404768560547e-06,4.96809407195542e-05
10009,0,0,XGBoost,0.9998089671134949,2.8128970370744355e-05,0.00010109393770108,9.37043660087511e-06,5.2405946917133406e-05
13954,1,1,XGBoost,3.761440530070104e-05,0.9998705387115479,2.7382317057345062e-05,3.2737669243942946e-05,3.173497680108994e-05
13279,2,2,XGBoost,0.00014210146036930382,9.055124246515334e-05,0.9995580315589905,4.93123043270316e-05,0.00015993071428965777
13223,2,2,XGBoost,5.460656393552199e-05,3.47969435097184e-05,0.999840497970581,2.2732336219632998e-05,4.7333818656625226e-05
13542,2,2,XGBoost,4.987325155525468e-05,3.178073529852554e-05,0.9998656511306763,1.592353692103643e-05,3.6761743103852496e-05
12598,2,2,XGBoost,5.1081995479762554e-05,2.948368819488678e-05,0.9998546838760376,9.82173514785245e-06,5.4929867474129423e-05
13610,2,2,XGBoost,0.00016671563207637519,0.0001273541565751657,0.9994781613349915,6.178051989991218e-05,0.0001660186389926821
13110,2,2,XGBoost,0.00011761024506995454,9.474469698034227e-05,0.9996428489685059,5.167022391106002e-05,9.309363667853177e-05
12221,2,2,XGBoost,4.261148933437653e-05,2.948367728095036e-05,0.999854326248169,9.821731509873644e-06,6.376368401106447e-05
10983,0,0,XGBoost,0.9997944235801697,3.105484938714653e-05,0.00012045200855936855,1.2020498616038822e-05,4.207747770124115e-05
12338,2,2,XGBoost,3.859669959638268e-05,2.948401015601121e-05,0.9998656511306763,2.2064463337301277e-05,4.4128610170446336e-05
12701,2,2,XGBoost,4.261133653926663e-05,2.9483571779564954e-05,0.9998507499694824,9.821696039580274e-06,6.72605965519324e-05
17798,4,4,XGBoost,4.367885776446201e-05,3.336630470585078e-05,3.1797080737305805e-05,0.0002083891158690676,0.9996827840805054
13226,2,2,XGBoost,4.6269116865005344e-05,2.948404653579928e-05,0.9998668432235718,1.5072598216647748e-05,4.2306510295020416e-05
18167,4,4,XGBoost,4.1273218812420964e-05,0.00010456988093210384,2.7214631700189784e-05,5.185275585972704e-05,0.9997751116752625
16838,3,3,XGBoost,0.00015315487689804286,0.00012994479038752615,0.00014185233158059418,0.9994294047355652,0.00014565468882210553
11418,0,0,XGBoost,0.9997411370277405,3.6016394005855545e-05,0.00017063156701624393,2.4801649487926625e-05,2.735048474278301e-05
11612,0,0,XGBoost,0.9998853206634521,2.9666063710465096e-05,4.5763412344967946e-05,1.6655316358082928e-05,2.2528065528604202e-05
12424,2,2,XGBoost,5.1081995479762554e-05,2.948368819488678e-05,0.9998546838760376,9.82173514785245e-06,5.4929867474129423e-05
11337,0,0,XGBoost,0.9998049139976501,3.274963455623947e-05,0.00011527354217832908,1.299709765589796e-05,3.406176620046608e-05
17490,4,4,XGBoost,3.113892671535723e-05,2.37870444834698e-05,2.5892943085636944e-05,0.00014758990437258035,0.9997716546058655
15187,1,1,XGBoost,3.761210246011615e-05,0.9998093247413635,2.7380639949114993e-05,8.251018152805045e-05,4.3200692743994296e-05
17780,4,4,XGBoost,2.847155883500818e-05,2.174941801058594e-05,2.072654024232179e-05,0.00016910066187847406,0.9997599720954895
11622,0,0,XGBoost,0.9998610019683838,3.26376648445148e-05,5.906931255594827e-05,2.2474987417808734e-05,2.478471287759021e-05
14229,1,1,XGBoost,3.76146417693235e-05,0.9998767375946045,2.7382486223359592e-05,1.4952882338548079e-05,4.3288608139846474e-05
17039,3,3,XGBoost,2.9444312531268224e-05,4.0883474866859615e-05,2.1434701920952648e-05,0.9998687505722046,3.944464697269723e-05
12562,2,2,XGBoost,3.8596976082772017e-05,2.948422115878202e-05,0.9998728036880493,1.8936387277790345e-05,4.010703196399845e-05
15300,1,1,XGBoost,3.76146417693235e-05,0.9998767375946045,2.7382486223359592e-05,1.8502032617107034e-05,3.969992758356966e-05
17273,3,3,XGBoost,4.554313272819854e-05,5.6003413192229345e-05,3.3154195989482105e-05,0.9998181462287903,4.723413803731091e-05
11005,0,0,XGBoost,0.9997771382331848,3.105431096628308e-05,0.00012983499618712813,1.730832809698768e-05,4.463746881810948e-05
16292,3,3,XGBoost,0.00013268462498672307,0.00028436630964279175,9.659089846536517e-05,0.9993627667427063,0.00012362720735836774
17050,3,3,XGBoost,6.526330980705097e-05,8.77396814757958e-05,4.7510009608231485e-05,0.9997555613517761,4.3919422751059756e-05
13670,2,2,XGBoost,4.1562776459613815e-05,3.348218888277188e-05,0.9998663663864136,1.815150972106494e-05,4.042407090310007e-05
14917,1,1,XGBoost,3.966649092035368e-05,0.999863862991333,2.887618393287994e-05,2.818140092131216e-05,3.9424860005965456e-05
17329,3,3,XGBoost,1.571785287524108e-05,1.2662005246966146e-05,1.1442180948506575e-05,0.9999431371688843,1.701762630546e-05
11788,0,0,XGBoost,0.999881386756897,2.966594729514327e-05,4.013740908703767e-05,1.9666160369524732e-05,2.9098204322508536e-05
12710,2,2,XGBoost,5.108156256028451e-05,2.9483437174349092e-05,0.9998462200164795,9.821651474339887e-06,6.331325857900083e-05
14899,1,1,XGBoost,3.966551230405457e-05,0.999839186668396,3.920503877452575e-05,4.784035627380945e-05,3.4071057598339394e-05
15673,1,1,XGBoost,3.761444895644672e-05,0.9998716115951538,2.738234616117552e-05,1.991331191675272e-05,4.3404590542195365e-05
11427,0,0,XGBoost,0.9997327923774719,3.601609205361456e-05,0.0001852329878602177,1.8583961718832143e-05,2.7350255550118163e-05
18605,4,4,XGBoost,4.088348214281723e-05,0.00010803913755808026,2.9762120902887546e-05,0.00010584969277260825,0.9997153878211975
19109,4,4,XGBoost,2.959887387987692e-05,2.2610596715821885e-05,0.00029376562451943755,2.947931716335006e-05,0.999624490737915
18578,4,4,XGBoost,3.830550122074783e-05,0.00014158507110551,2.7885416784556583e-05,9.917523857438937e-05,0.9996930360794067
12192,2,2,XGBoost,4.987210559193045e-05,3.1780004064785317e-05,0.999842643737793,1.9585853806347586e-05,5.6129531003534794e-05
16302,3,3,XGBoost,4.267738404450938e-05,0.00015566688671242446,3.106803706032224e-05,0.9997220635414124,4.851099583902396e-05
13254,2,2,XGBoost,5.1081507990602404e-05,2.948340625152923e-05,0.9998451471328735,9.821641469898168e-06,6.445727922255173e-05
15150,1,1,XGBoost,4.336558049544692e-05,0.9998316764831543,3.156899401801638e-05,4.642629937734455e-05,4.6955821744631976e-05
16185,3,3,XGBoost,3.733028279384598e-05,8.241854084189981e-05,2.7175485229236074e-05,0.9998224377632141,3.0659648473374546e-05
18282,4,4,XGBoost,2.799473440973088e-05,2.6461213565198705e-05,2.0379424313432537e-05,5.998930282657966e-05,0.9998651742935181
13658,2,2,XGBoost,0.00010883975483011454,6.935596320545301e-05,0.9996427297592163,2.9026576157775708e-05,0.00014999430277384818
12661,2,2,XGBoost,5.108202458359301e-05,2.9483704565791413e-05,0.9998552799224854,1.507242450315971e-05,4.910964344162494e-05
18465,4,4,XGBoost,2.7435105948825367e-05,0.0001014058361761272,1.997205072257202e-05,3.923213080270216e-05,0.9998119473457336
11775,0,0,XGBoost,0.9998834133148193,2.9666007321793586e-05,4.067418922204524e-05,1.7111500710598193e-05,2.909826253016945e-05
16888,3,3,XGBoost,3.1327417673310265e-05,2.393101021880284e-05,2.2805532353231683e-05,0.9999004602432251,2.143423625966534e-05
14657,1,1,XGBoost,3.761506741284393e-05,0.9998880624771118,2.73827972705476e-05,1.798546509235166e-05,2.8944348741788417e-05
18554,4,4,XGBoost,3.631567960837856e-05,6.483917240984738e-05,2.6436879124958068e-05,0.00012810212501790375,0.9997443556785583
18381,4,4,XGBoost,5.856618008692749e-05,0.0001582560216775164,3.861722143483348e-05,6.825481250416487e-05,0.9996763467788696
10388,0,0,XGBoost,0.9997434020042419,3.670939622679725e-05,5.488092210725881e-05,9.072173270396888e-05,7.426485535688698e-05
13544,2,2,XGBoost,4.987225838704035e-05,3.178010229021311e-05,0.9998457431793213,1.6521849829587154e-05,5.6031833082670346e-05
14957,1,1,XGBoost,3.96643445128575e-05,0.9998098015785217,2.8874621420982294e-05,8.978266851045191e-05,3.1930063414620236e-05
12975,2,2,XGBoost,9.648322884459049e-05,7.370358798652887e-05,0.9997101426124573,6.066486457712017e-05,5.9023575886385515e-05
17374,3,3,XGBoost,7.930007996037602e-05,6.057737846276723e-05,5.772841177531518e-05,0.9997490048408508,5.338521805242635e-05
18794,4,4,XGBoost,5.245327702141367e-05,7.948159327497706e-05,3.458650826360099e-05,9.647155093261972e-05,0.9997369647026062
12687,2,2,XGBoost,4.626877489499748e-05,2.9483828257070854e-05,0.9998594522476196,9.821781532082241e-06,5.4930129408603534e-05
13828,2,2,XGBoost,5.190300362301059e-05,3.307415317976847e-05,0.9998424053192139,1.10177970782388e-05,6.161911733215675e-05
17344,3,3,XGBoost,3.215474134776741e-05,2.456302536302246e-05,4.939865175401792e-05,0.9998502731323242,4.358817022875883e-05
13686,2,2,XGBoost,4.6269167796708643e-05,2.948407745861914e-05,0.9998679161071777,1.6248217434622347e-05,4.010683551314287e-05
14140,1,1,XGBoost,3.761428888537921e-05,0.9998674392700195,2.7382231564843096e-05,3.035461122635752e-05,3.7179506762186065e-05
15835,1,1,XGBoost,4.0171900764107704e-05,0.9998533725738525,2.9244109100545757e-05,2.6714255000115372e-05,5.0423095672158524e-05
17565,4,4,XGBoost,4.2044011934194714e-05,4.8182831960730255e-05,3.060695598833263e-05,0.0004968984867446125,0.9993822574615479
18923,4,4,XGBoost,3.548745371517725e-05,2.2613670807913877e-05,0.00015968371008057147,2.1825686417287216e-05,0.9997604489326477
11726,0,0,XGBoost,0.9998844861984253,3.299407399026677e-05,4.067423287779093e-05,1.66553018061677e-05,2.515501546440646e-05
19072,4,4,XGBoost,4.1186805901816115e-05,2.6245472326991148e-05,0.00034099112963303924,2.0162520740996115e-05,0.9995713829994202
11238,0,0,XGBoost,0.9998018145561218,3.105507857981138e-05,0.00011865399574162439,1.2997057638131082e-05,3.554290742613375e-05
10580,0,0,XGBoost,0.999718964099884,7.818423182470724e-05,4.8045094445114955e-05,6.540322647197172e-05,8.941905980464071e-05
15327,1,1,XGBoost,4.336426718509756e-05,0.9998014569282532,3.1568040867568925e-05,9.021725418278947e-05,3.3368323784088716e-05
16184,3,3,XGBoost,0.00017761709750629961,0.00014308499521575868,0.00017408636631444097,0.9993641972541809,0.00014107990136835724
13551,2,2,XGBoost,3.859729986288585e-05,3.109325916739181e-05,0.9998812675476074,9.82199617283186e-06,3.917230787919834e-05
12783,2,2,XGBoost,5.108214099891484e-05,2.9483771868399344e-05,0.9998575448989868,9.821763342188206e-06,5.207394860917702e-05
15642,1,1,XGBoost,5.368266283767298e-05,0.9997968077659607,3.907959762727842e-05,3.822834696620703e-05,7.224908040370792e-05
17897,4,4,XGBoost,3.645806646090932e-05,2.78503375739092e-05,5.6009706895565614e-05,3.399889465072192e-05,0.9998456239700317
13652,2,2,XGBoost,4.626877489499748e-05,2.9483828257070854e-05,0.9998594522476196,9.821781532082241e-06,5.4930129408603534e-05
18613,4,4,XGBoost,3.733771518454887e-05,5.516835517482832e-05,2.6073084882227704e-05,2.9855047614546493e-05,0.9998515844345093
11565,0,0,XGBoost,0.9998847246170044,3.299408490420319e-05,4.312680903240107e-05,1.6655305444146506e-05,2.2528050976688974e-05
13818,2,2,XGBoost,5.190300362301059e-05,3.307415317976847e-05,0.9998424053192139,1.10177970782388e-05,6.161911733215675e-05
11900,0,0,XGBoost,0.9998119473457336,3.472143362159841e-05,7.875097071519122e-05,1.6138252249220386e-05,5.846351268701255e-05
12810,2,2,XGBoost,4.626836744137108e-05,2.9483568141586147e-05,0.9998506307601929,9.821695130085573e-06,6.376345118042082e-05
15416,1,1,XGBoost,3.966622534790076e-05,0.9998571872711182,3.05570283671841e-05,3.408102929824963e-05,3.8473077438538894e-05
17952,4,4,XGBoost,4.0039452869677916e-05,3.058616130147129e-05,3.084455238422379e-05,0.0004701378056779504,0.9994283318519592
14027,1,1,XGBoost,3.761480184039101e-05,0.9998810291290283,2.7382604457670823e-05,1.7015270714182407e-05,3.693883627420291e-05
15800,1,1,XGBoost,5.7334222219651565e-05,0.9998065829277039,4.173783599981107e-05,2.8156950065749697e-05,6.61599769955501e-05
11668,0,0,XGBoost,0.9998862743377686,2.966609099530615e-05,4.4835447624791414e-05,1.665533272898756e-05,2.2528087356477045e-05
14260,1,1,XGBoost,3.761461266549304e-05,0.9998760223388672,2.7382468033465557e-05,1.9913401047233492e-05,3.905098856193945e-05
17901,4,4,XGBoost,2.8187969292048365e-05,2.1532805476454087e-05,4.330458614276722e-05,2.0782483261427842e-05,0.999886155128479
12100,2,2,XGBoost,4.1562638216419145e-05,3.174972516717389e-05,0.9998630285263062,1.7790407582651824e-05,4.5848886657040566e-05
15127,1,1,XGBoost,4.813144914805889e-05,0.9996113181114197,3.503842162899673e-05,0.0002537025429774076,5.188843351788819e-05
18166,4,4,XGBoost,5.100321504869498e-05,7.219394319690764e-05,4.723927486338653e-05,0.00011348844418535009,0.9997161030769348
10635,0,0,XGBoost,0.9996815919876099,8.696522854734212e-05,7.707602344453335e-05,9.320100070908666e-05,6.120868783909827e-05
13372,2,2,XGBoost,4.160231037531048e-05,3.1780029530636966e-05,0.9998433589935303,1.4461696991929784e-05,6.872988160466775e-05
17828,4,4,XGBoost,4.041123975184746e-05,3.087017103098333e-05,0.00013476247841026634,2.371534355916083e-05,0.9997702240943909
14630,1,1,XGBoost,3.966576332459226e-05,0.9998455047607422,2.8875652787974104e-05,5.3336480050347745e-05,3.259355071350001e-05
19045,4,4,XGBoost,6.50974761811085e-05,4.374545096652582e-05,0.00019330486247781664,6.889263750053942e-05,0.9996289014816284
17145,3,3,XGBoost,2.4056771508185193e-05,3.234180621802807e-05,1.7512709746370092e-05,0.9999090433120728,1.7077101801987737e-05
14906,1,1,XGBoost,3.761441257665865e-05,0.9998706579208374,2.738232069532387e-05,2.889610368583817e-05,3.544144055922516e-05
10674,0,0,XGBoost,0.9996392726898193,7.81780036049895e-05,0.00012842244177591056,9.319705714005977e-05,6.096317520132288e-05
12819,2,2,XGBoost,0.00019553882884792984,0.00011286191147519276,0.999446451663971,5.5160882766358554e-05,0.00019003527995664626
17036,3,3,XGBoost,0.00011258865561103448,8.815686305752024e-05,8.673302363604307e-05,0.9995943903923035,0.00011810312571469694
10739,0,0,XGBoost,0.9996060729026794,0.00011781123612308875,0.00012465128384064883,9.319395758211613e-05,5.8271420130040497e-05
12168,2,2,XGBoost,4.5885914005339146e-05,3.174931407556869e-05,0.9998501539230347,1.0576460226729978e-05,6.15909302723594e-05
11325,0,0,XGBoost,0.9996936321258545,3.9761416701367125e-05,0.00020026243873871863,2.4964632757473737e-05,4.135448398301378e-05
17990,4,4,XGBoost,4.912710210192017e-05,3.7528221582761034e-05,7.547286077169701e-05,0.00010782548633869737,0.9997300505638123
10391,0,0,XGBoost,0.9997245669364929,3.6708705010823905e-05,8.142676233546808e-05,9.072002285392955e-05,6.650803697993979e-05
19005,4,4,XGBoost,6.509642116725445e-05,4.374474156065844e-05,0.00020956306252628565,6.889152427902445e-05,0.9996127486228943
10596,0,0,XGBoost,0.9997125267982483,7.818372978363186e-05,5.804527609143406e-05,8.6680767708458e-05,6.45980762783438e-05
18130,4,4,XGBoost,2.7281375878374092e-05,2.084025982185267e-05,1.9860137399518862e-05,0.00012590947153512388,0.9998061060905457
18832,4,4,XGBoost,4.677671313402243e-05,3.768243914237246e-05,0.00029277632711455226,6.036672129994258e-05,0.9995624423027039
10366,0,0,XGBoost,0.9998093247413635,2.8128979465691373e-05,0.00010354861296946183,9.370440238853917e-06,4.968112989445217e-05
16036,3,3,XGBoost,2.3616827093064785e-05,3.1726529414299875e-05,1.7192442101077177e-05,0.9999027252197266,2.469674655003473e-05
14976,1,1,XGBoost,3.9665646909270436e-05,0.999842643737793,3.055658453376964e-05,4.200292823952623e-05,4.514627289609052e-05
17936,4,4,XGBoost,3.645900505944155e-05,2.78510560747236e-05,3.031677260878496e-05,3.399977140361443e-05,0.9998713731765747
11212,0,0,XGBoost,0.9996465444564819,3.975954678026028e-05,0.00025657049263827503,1.577903822180815e-05,4.1352537664351985e-05
16168,3,3,XGBoost,5.005246202927083e-05,0.00016979247448034585,3.64368679584004e-05,0.9996923208236694,5.1373830501688644e-05
15015,1,1,XGBoost,3.761168409255333e-05,0.9997982382774353,2.8974280212423764e-05,0.00010196768562309444,3.3256292226724327e-05
18650,4,4,XGBoost,3.6245710361981764e-05,0.0001912164589157328,2.6385943783679977e-05,0.000186012068297714,0.9995601773262024
14686,1,1,XGBoost,3.7614470784319565e-05,0.9998722076416016,2.738236253208015e-05,3.377873508725315e-05,2.8943890356458724e-05
11466,0,0,XGBoost,0.999775230884552,3.6017620004713535e-05,0.0001366264623356983,2.480249349900987e-05,2.7351416065357625e-05
10736,0,0,XGBoost,0.9996833801269531,7.818145240889862e-05,6.52297239867039e-05,9.320116805611178e-05,8.007814176380634e-05
15796,1,1,XGBoost,4.017252285848372e-05,0.9998688697814941,2.924456202890724e-05,1.5154265383898746e-05,4.650996925192885e-05
13144,2,2,XGBoost,0.00028759922133758664,0.00018326687859371305,0.9990805387496948,0.00010717914119595662,0.00034143676748499274
15629,1,1,XGBoost,3.761388506973162e-05,0.99985671043396,2.7381938707549125e-05,2.3331305783358403e-05,5.489949762704782e-05
11675,0,0,XGBoost,0.9998842477798462,2.9666030968655832e-05,4.685933527071029e-05,1.6655298168188892e-05,2.2528040062752552e-05
17967,4,4,XGBoost,3.661447044578381e-05,2.7969816073891707e-05,3.58866345777642e-05,2.6420722861075774e-05,0.9998730421066284
14028,1,1,XGBoost,3.761444895644672e-05,0.9998716115951538,2.738234616117552e-05,2.307302929693833e-05,4.032232754980214e-05
10823,0,0,XGBoost,0.9998001456260681,3.105502401012927e-05,0.00010947310511255637,1.7308726455667056e-05,4.207771780784242e-05
14315,1,1,XGBoost,5.3340307204052806e-05,0.9996904134750366,3.883036697516218e-05,0.00017044854757841676,4.696154428529553e-05
16564,3,3,XGBoost,0.0001030824423651211,0.00032857683254405856,7.504128734581172e-05,0.9994019269943237,9.142750059254467e-05
13480,2,2,XGBoost,0.00016670730838086456,0.00012734781194012612,0.9994282126426697,0.00010481910430826247,0.0001728586939861998
10373,0,0,XGBoost,0.9997909665107727,2.812846469169017e-05,0.00012192002031952143,9.370268344355281e-06,4.9680220399750397e-05
13227,2,2,XGBoost,0.00019983852689620107,0.00012734299525618553,0.9993904829025269,7.017668394837528e-05,0.00021210913837421685
10257,0,0,XGBoost,0.9998041987419128,4.0530834667151794e-05,6.782072887290269e-05,1.6623544070171192e-05,7.087455014698207e-05
15486,1,1,XGBoost,3.7613932363456115e-05,0.9998579025268555,2.738197144935839e-05,4.167145016253926e-05,3.544098944985308e-05
11399,0,0,XGBoost,0.9998509883880615,2.966504507639911e-05,8.0806617916096e-05,1.603679447725881e-05,2.2527292458107695e-05
14224,1,1,XGBoost,3.761501648114063e-05,0.9998867511749268,2.7382760890759528e-05,1.8105374692822807e-05,3.0191815312718973e-05
18989,4,4,XGBoost,4.590624666889198e-05,2.9252814783831127e-05,0.000380063836928457,2.5895977159962058e-05,0.999518871307373
17640,4,4,XGBoost,4.630089460988529e-05,3.536924486979842e-05,4.538050779956393e-05,6.343549466691911e-05,0.9998095631599426
16552,3,3,XGBoost,4.4731532398145646e-05,0.00015735816850792617,3.256340278312564e-05,0.9997259974479675,3.938225927413441e-05
13567,2,2,XGBoost,5.1081995479762554e-05,2.948368819488678e-05,0.9998546838760376,9.82173514785245e-06,5.4929867474129423e-05
15026,1,1,XGBoost,4.4023938244208694e-05,0.9996004700660706,3.204829408787191e-05,0.0002774340973701328,4.601194814313203e-05
16591,3,3,XGBoost,4.865987284574658e-05,0.00016030164260882884,3.542313788784668e-05,0.9997097849845886,4.5848813897464424e-05
15576,1,1,XGBoost,3.7615020119119436e-05,0.9998868703842163,2.7382764528738335e-05,1.2718330253846943e-05,3.544201535987668e-05
12576,2,2,XGBoost,5.1081995479762554e-05,2.948368819488678e-05,0.9998546838760376,9.82173514785245e-06,5.4929867474129423e-05
16188,3,3,XGBoost,4.4489745050668716e-05,0.00012481801968533546,3.238738645450212e-05,0.9997591376304626,3.916938658221625e-05
15383,1,1,XGBoost,3.761415428016335e-05,0.999863862991333,2.7382135158404708e-05,2.1329500668798573e-05,4.982561949873343e-05
15831,1,1,XGBoost,6.872996164020151e-05,0.9997863173484802,4.173699198872782e-05,2.438586852804292e-05,7.887590618338436e-05
13787,2,2,XGBoost,4.780084782396443e-05,3.3074287784984335e-05,0.9998464584350586,1.1017841643479187e-05,6.161937199067324e-05
14611,1,1,XGBoost,3.761456537176855e-05,0.9998747110366821,2.7382431653677486e-05,2.513688014005311e-05,3.5191475035389885e-05
19064,4,4,XGBoost,4.704825551016256e-05,3.2553562050452456e-05,0.0004229486221447587,2.500859773135744e-05,0.999472439289093
11683,0,0,XGBoost,0.9998897314071655,2.966619467770215e-05,4.1383034840691835e-05,1.665538911765907e-05,2.2528163754031993e-05
12304,2,2,XGBoost,4.626879308489151e-05,2.9483839171007276e-05,0.9998598098754883,1.2339467502897605e-05,5.207406502449885e-05
14624,1,1,XGBoost,3.966088843299076e-05,0.9997226595878601,2.887210575863719e-05,0.00016608207079116255,4.2756684706546366e-05
17227,3,3,XGBoost,2.816205596900545e-05,4.961419108440168e-05,2.0501252947724424e-05,0.9998753070831299,2.6413525120005943e-05
17674,4,4,XGBoost,3.6615874705603346e-05,2.79708892776398e-05,2.665541433088947e-05,3.646797631517984e-05,0.9998723268508911
18735,4,4,XGBoost,5.856947973370552e-05,9.59583994699642e-05,3.861940058413893e-05,7.419016037601978e-05,0.9997326731681824
10022,0,0,XGBoost,0.9998044371604919,2.8128843041486107e-05,0.0001056569890351966,9.370394764118828e-06,5.2405710448510945e-05
10615,0,0,XGBoost,0.9996976852416992,7.818256563041359e-05,5.0840946641983464e-05,9.320249955635518e-05,8.007928408915177e-05
10627,0,0,XGBoost,0.9997144341468811,7.818388257874176e-05,4.804487616638653e-05,7.922817167127505e-05,8.00806301413104e-05
13494,2,2,XGBoost,4.26119877374731e-05,2.948402106994763e-05,0.9998660087585449,9.821846106206067e-06,5.207438880461268e-05
12513,2,2,XGBoost,5.1081995479762554e-05,2.948368819488678e-05,0.9998546838760376,9.82173514785245e-06,5.4929867474129423e-05
16586,3,3,XGBoost,1.3178373592381831e-05,3.113966522505507e-05,9.59351564233657e-06,0.9999344348907471,1.1602423001022544e-05
13231,2,2,XGBoost,4.626877489499748e-05,2.9483828257070854e-05,0.9998594522476196,9.821781532082241e-06,5.4930129408603534e-05
12507,2,2,XGBoost,5.1082632126053795e-05,2.9484055630746298e-05,0.9998672008514404,1.0290234968124423e-05,4.190633262624033e-05
13394,2,2,XGBoost,4.588612137013115e-05,3.1749459594720975e-05,0.9998546838760376,1.4085204384173267e-05,5.355266694095917e-05
18365,4,4,XGBoost,3.274653499829583e-05,0.00014230025408323854,2.383863647992257e-05,4.021628774353303e-05,0.9997609257698059
16259,3,3,XGBoost,3.082965122302994e-05,3.685739284264855e-05,2.244318966404535e-05,0.9998815059661865,2.8323163860477507e-05
11863,0,0,XGBoost,0.9998807907104492,2.9665929105249234e-05,4.37294838775415e-05,1.665523996052798e-05,2.90981861326145e-05
12195,2,2,XGBoost,4.5886790758231655e-05,3.3482283470220864e-05,0.9998692274093628,1.5227416952257045e-05,3.621237556217238e-05
17635,4,4,XGBoost,4.452093708096072e-05,3.400956848054193e-05,3.4296845115022734e-05,0.0002730079577304423,0.9996141195297241
12380,2,2,XGBoost,3.859648495563306e-05,2.9483848265954293e-05,0.9998601675033569,1.684500057308469e-05,5.493016942637041e-05
12418,2,2,XGBoost,5.108241384732537e-05,2.9483930120477453e-05,0.9998629093170166,9.821816092880908e-06,4.6710432798136026e-05
14901,1,1,XGBoost,4.3366238969611004e-05,0.9998469352722168,3.340731927892193e-05,4.088020432391204e-05,3.541360274539329e-05
11649,0,0,XGBoost,0.9998863935470581,3.29941394738853e-05,4.1382896597497165e-05,1.6655334547976963e-05,2.2528089175466448e-05
13904,2,2,XGBoost,0.0005862320540472865,0.00042775709880515933,0.9983953833580017,0.00014731535338796675,0.0004433554131537676
10193,0,0,XGBoost,0.9998072981834412,2.8128923077019863e-05,0.00010553161700954661,9.37042113946518e-06,4.968103166902438e-05
14530,1,1,XGBoost,6.283635593717918e-05,0.9996229410171509,4.574320337269455e-05,0.0002157079870812595,5.2783332648687065e-05
17684,4,4,XGBoost,2.8235117497388273e-05,2.1568821466644295e-05,2.0554436559905298e-05,4.8785579565446824e-05,0.9998807907104492
18009,4,4,XGBoost,3.8455589674413204e-05,4.623286804417148e-05,2.962438520626165e-05,0.00017413725436199456,0.9997115731239319
15192,1,1,XGBoost,5.3334904805524275e-05,0.9995891451835632,3.882643432007171e-05,0.0002586466143839061,5.999842323944904e-05
18251,4,4,XGBoost,3.505858694552444e-05,8.740886551095173e-05,2.5521749194012955e-05,9.076870628632605e-05,0.9997612833976746
16598,3,3,XGBoost,3.383456714800559e-05,0.00011704499047482386,2.4630689949844964e-05,0.9997879862785339,3.647557969088666e-05
16533,3,3,XGBoost,6.10974311712198e-05,5.162333036423661e-05,5.080437767901458e-05,0.9997629523277283,7.351891690632328e-05
16672,3,3,XGBoost,4.976441050530411e-05,0.0001037151669152081,3.622717485995963e-05,0.9997475743293762,6.27617773716338e-05
17783,4,4,XGBoost,4.691656067734584e-05,6.30743961664848e-05,3.415404717088677e-05,0.0009268529247492552,0.998928964138031
15141,1,1,XGBoost,3.761397238122299e-05,0.9998589754104614,2.7382000553188846e-05,4.0599945350550115e-05,3.53531249857042e-05
17110,3,3,XGBoost,2.089553527184762e-05,2.646165739861317e-05,1.5211397112580016e-05,0.999920129776001,1.725542279018555e-05
15259,1,1,XGBoost,7.079327770043164e-05,0.9995982050895691,5.1535684178816155e-05,0.0002083422732539475,7.112243474693969e-05
19133,4,4,XGBoost,3.636636756709777e-05,2.7780264645116404e-05,0.0003609320556279272,3.110595207544975e-05,0.9995437264442444
13992,1,1,XGBoost,4.446303137228824e-05,0.9998432397842407,3.236790871596895e-05,3.577089591999538e-05,4.4173055357532576e-05
17561,4,4,XGBoost,3.27919187839143e-05,2.504976509953849e-05,2.3871671146480367e-05,5.050409890827723e-05,0.9998677968978882
14008,1,1,XGBoost,3.9666574593866244e-05,0.9998660087585449,2.887624577851966e-05,3.3590473321964964e-05,3.185032255714759e-05
13323,2,2,XGBoost,4.160313255852088e-05,3.1780655262991786e-05,0.9998631477355957,1.3148786820238456e-05,5.03490591654554e-05
15589,1,1,XGBoost,3.7614569009747356e-05,0.9998748302459717,2.7382435291656293e-05,2.415820927126333e-05,3.601894422899932e-05
14572,1,1,XGBoost,3.7614019674947485e-05,0.9998602867126465,2.7382036932976916e-05,4.462415381567553e-05,3.006169936270453e-05
17305,3,3,XGBoost,3.019467112608254e-05,5.8171175624011084e-05,2.198094080085866e-05,0.9998658895492554,2.3798476831871085e-05
12643,2,2,XGBoost,4.626820737030357e-05,2.948346627817955e-05,0.9998471736907959,9.821661478781607e-06,6.726035644533113e-05
16230,3,3,XGBoost,3.214925163774751e-05,0.00011726536467904225,2.3403827071888372e-05,0.9998016953468323,2.5465498765697703e-05
15269,1,1,XGBoost,3.966607982874848e-05,0.9998534917831421,2.8875883799628355e-05,3.847062180284411e-05,3.9424448914360255e-05
17557,4,4,XGBoost,2.96070720651187e-05,2.2616859496338293e-05,2.9018530767643824e-05,1.7374915842083283e-05,0.9999014139175415
14218,1,1,XGBoost,3.9666174416197464e-05,0.9998558759689331,2.887595292122569e-05,3.228511195629835e-05,4.322879613027908e-05
18820,4,4,XGBoost,5.8928580983774737e-05,3.401260983082466e-05,0.00044190516928210855,3.808439942076802e-05,0.999427080154419
11950,2,2,XGBoost,0.014406377449631691,5.677854278474115e-05,0.9854055643081665,3.092037150054239e-05,0.00010028161341324449
17996,4,4,XGBoost,2.4007895262911916e-05,1.833964415709488e-05,2.3729187887511216e-05,3.0270690331235528e-05,0.999903678894043
16861,3,3,XGBoost,0.00014505581930279732,0.00011080822150688618,0.00013435084838420153,0.9994701743125916,0.00013962951197754592
13169,2,2,XGBoost,6.890810618642718e-05,5.26388939761091e-05,0.9997571110725403,2.7361253160052e-05,9.398245310876518e-05
11484,0,0,XGBoost,0.9998503923416138,2.9665026886505075e-05,8.134610834531486e-05,1.603678538231179e-05,2.2527277906192467e-05
18643,4,4,XGBoost,4.211067789583467e-05,0.00011686806101351976,2.776683322736062e-05,8.934499783208594e-05,0.9997238516807556
11803,0,0,XGBoost,0.9998834133148193,2.9666007321793586e-05,4.072262527188286e-05,1.7111500710598193e-05,2.909826253016945e-05
19125,4,4,XGBoost,2.92798868031241e-05,2.2366923076333478e-05,0.0002905996807385236,4.0733753849053755e-05,0.9996169805526733
12258,2,2,XGBoost,4.588715091813356e-05,3.348254904267378e-05,0.9998770952224731,1.8054661268251948e-05,2.542631045798771e-05
13132,2,2,XGBoost,6.114998541306704e-05,3.5294800909468904e-05,0.9998235106468201,1.804312523745466e-05,6.201321957632899e-05
14693,1,1,XGBoost,3.761440166272223e-05,0.9998704195022583,2.7382313419366255e-05,2.9123202693881467e-05,3.544143328326754e-05
15133,1,1,XGBoost,3.966625808971003e-05,0.999858021736145,2.887601476686541e-05,4.2394825868541375e-05,3.10200011881534e-05
18708,4,4,XGBoost,3.6313256714493036e-05,0.00019157279166392982,2.643511470523663e-05,6.799223774578422e-05,0.9996776580810547
10803,0,0,XGBoost,0.9997870326042175,3.1054620194481686e-05,0.00012000738206552342,1.7308499081991613e-05,4.463790901354514e-05
13546,2,2,XGBoost,4.1563078411854804e-05,3.1750059861224145e-05,0.9998736381530762,1.81516425072914e-05,3.48239263985306e-05
10213,0,0,XGBoost,0.9998071789741516,2.8128919439041056e-05,0.00010565728007350117,9.370420229970478e-06,4.9681024393066764e-05
16114,3,3,XGBoost,4.361717583378777e-05,0.00019958079792559147,3.175218080286868e-05,0.9996868371963501,3.819018093054183e-05
17051,3,3,XGBoost,0.00010084737004945055,0.0001068894998752512,7.341420860029757e-05,0.9995566010475159,0.00016220675024669617
16448,3,3,XGBoost,1.726616574160289e-05,4.5934648369438946e-05,1.2569311365950853e-05,0.9999083280563354,1.5862422515056096e-05
11739,0,0,XGBoost,0.9998897314071655,2.966619467770215e-05,4.1383034840691835e-05,1.665538911765907e-05,2.2528163754031993e-05
15144,1,1,XGBoost,3.966142685385421e-05,0.9997362494468689,2.8872498660348356e-05,0.0001561596291139722,3.909512088284828e-05
18998,4,4,XGBoost,3.702553658513352e-05,2.3593762307427824e-05,0.00028466363437473774,3.383333023521118e-05,0.9996209144592285
14455,1,1,XGBoost,3.9662721974309534e-05,0.9997689127922058,2.8873440896859393e-05,0.0001307529309997335,3.1847230275161564e-05
15932,3,3,XGBoost,0.00018372754857409745,0.0032175120431929827,0.00013374890841078013,0.9962665438652039,0.00019849359523504972
12224,2,2,XGBoost,5.108207915327512e-05,2.9483737307600677e-05,0.9998563528060913,1.1092712156823836e-05,5.198313374421559e-05
14969,1,1,XGBoost,3.966358053730801e-05,0.999790608882904,3.298147566965781e-05,7.350566738750786e-05,6.322103581624106e-05
9996,0,0,XGBoost,0.9998027682304382,2.8128795747761615e-05,0.0001073696039384231,9.370378393214196e-06,5.2405623137019575e-05
13249,2,2,XGBoost,8.835671906126663e-05,5.0998045480810106e-05,0.9997473359107971,2.3703496481175534e-05,8.960402919910848e-05
14635,1,1,XGBoost,3.96651666960679e-05,0.9998304843902588,2.887521986849606e-05,6.15522512816824e-05,3.940647729905322e-05
13383,2,2,XGBoost,9.003743616631255e-05,5.196817801333964e-05,0.9997383952140808,2.3054957637214102e-05,9.648466220824048e-05
17923,4,4,XGBoost,3.48151515936479e-05,2.6595289455144666e-05,5.227535075391643e-05,4.438916948856786e-05,0.9998419284820557
15624,1,1,XGBoost,0.0006719532539136708,0.9975396394729614,0.00048916443483904,0.00031845702324062586,0.0009807520546019077
17558,4,4,XGBoost,4.624810389941558e-05,3.199991988367401e-05,6.435497925849631e-05,8.809126302367076e-05,0.9997692704200745
16725,3,3,XGBoost,2.1067055058665574e-05,9.514226258033887e-05,1.5336258002207614e-05,0.9998457431793213,2.271147968713194e-05
10844,0,0,XGBoost,0.9998032450675964,3.1055122235557064e-05,0.00011212201934540644,1.1550559065653943e-05,4.2077848775079474e-05
13586,2,2,XGBoost,5.108214099891484e-05,2.9483771868399344e-05,0.9998575448989868,9.821763342188206e-06,5.207394860917702e-05
11745,0,0,XGBoost,0.9998897314071655,2.966619467770215e-05,4.1383034840691835e-05,1.665538911765907e-05,2.2528163754031993e-05
10945,0,0,XGBoost,0.999788224697113,3.105465657426976e-05,0.00012130326649639755,1.7308519090875052e-05,4.207721576676704e-05
10764,0,0,XGBoost,0.9996770620346069,0.00011781960347434506,5.370736835175194e-05,9.320057870354503e-05,5.827556014992297e-05
17135,3,3,XGBoost,0.00012276055349502712,9.377676906296983e-05,8.936644007917494e-05,0.9996166229248047,7.741266745142639e-05
15253,1,1,XGBoost,5.263814455247484e-05,0.9996341466903687,3.831921276287176e-05,0.00022752508812118322,4.730468936031684e-05
17756,4,4,XGBoost,4.1239742131438106e-05,3.150306292809546e-05,3.002147059305571e-05,0.00018587223894428462,0.9997113347053528
12452,2,2,XGBoost,4.626877489499748e-05,2.9483828257070854e-05,0.9998594522476196,9.821781532082241e-06,5.4930129408603534e-05
19035,4,4,XGBoost,3.702789035742171e-05,2.3595264792675152e-05,0.00022409119992516935,3.0763112590648234e-05,0.9996845722198486
11047,0,0,XGBoost,0.9997949004173279,3.105486393906176e-05,0.00012045206676702946,1.1550463568710256e-05,4.2077495891135186e-05
18868,4,4,XGBoost,4.261426511220634e-05,3.255303090554662e-05,0.00042294172453694046,4.5752407459076494e-05,0.9994561076164246
18848,4,4,XGBoost,4.6167631808202714e-05,3.719177402672358e-05,0.00042550908983685076,6.422774458769709e-05,0.9994269609451294
14085,1,1,XGBoost,3.7614270695485175e-05,0.9998669624328613,2.738221883191727e-05,2.8994516469538212e-05,3.905063567799516e-05
12996,2,2,XGBoost,4.6268654841696844e-05,2.9483750040526502e-05,0.9998568296432495,1.532540591142606e-05,5.207391222938895e-05
12791,2,2,XGBoost,4.156286740908399e-05,3.1749896152177826e-05,0.9998685121536255,1.7773649233276956e-05,4.0424158214591444e-05
11044,0,0,XGBoost,0.999788224697113,3.105465657426976e-05,0.00012130326649639755,1.7308519090875052e-05,4.207721576676704e-05
15083,1,1,XGBoost,3.761378684430383e-05,0.9998540878295898,2.7381867766962387e-05,3.938032386940904e-05,4.155267379246652e-05
13963,1,1,XGBoost,3.7614769098581746e-05,0.9998801946640015,2.7382580810808577e-05,2.0837631382164545e-05,3.390539131942205e-05
13052,2,2,XGBoost,0.00015923858154565096,0.00010147152352146804,0.9995383024215698,4.2467490857234225e-05,0.0001585359568707645
14184,1,1,XGBoost,3.761387779377401e-05,0.9998564720153809,2.738193143159151e-05,4.1692856029840186e-05,3.681003363453783e-05
12309,2,2,XGBoost,5.1081995479762554e-05,2.948368819488678e-05,0.9998546838760376,9.82173514785245e-06,5.4929867474129423e-05
17118,3,3,XGBoost,3.4416490962030366e-05,4.9445541662862524e-05,2.5054316211026162e-05,0.9998568296432495,3.420683788135648e-05
15794,1,1,XGBoost,5.7333545555593446e-05,0.9997947812080383,4.173734487267211e-05,3.299004310974851e-05,7.313831156352535e-05
11794,0,0,XGBoost,0.9998698234558105,2.9665603506146e-05,5.431564204627648e-05,1.711126787995454e-05,2.909786780946888e-05
17653,4,4,XGBoost,6.758902600267902e-05,9.0866356913466e-05,4.9203066737391055e-05,0.0004614798817783594,0.9993308782577515
15025,1,1,XGBoost,5.6602384574944153e-05,0.9996305704116821,4.120503945159726e-05,0.00021579378517344594,5.579983189818449e-05
18231,4,4,XGBoost,4.3640135118039325e-05,0.00010880456829909235,3.176889367750846e-05,0.00011298681783955544,0.9997027516365051
10628,0,0,XGBoost,0.9996935129165649,0.00011782153887907043,6.523038609884679e-05,6.21961007709615e-05,6.120942271081731e-05
10264,0,0,XGBoost,0.999800980091095,2.8128744816058315e-05,0.00011468338198028505,9.370362022309564e-06,4.6830682549625635e-05
13056,2,2,XGBoost,4.261159119778313e-05,2.9483746402547695e-05,0.99985671043396,1.0134767762792762e-05,6.099999154685065e-05
12257,2,2,XGBoost,4.261144204065204e-05,2.9483644539141096e-05,0.999853253364563,1.0134733201994095e-05,6.445780309149995e-05
11252,0,0,XGBoost,0.9996936321258545,3.9761416701367125e-05,0.00020026243873871863,2.4964632757473737e-05,4.135448398301378e-05
12990,2,2,XGBoost,5.7198561989935115e-05,4.607808659784496e-05,0.9998151659965515,2.5263472707592882e-05,5.6357770517934114e-05
17113,3,3,XGBoost,6.041851156624034e-05,4.615369107341394e-05,4.398307646624744e-05,0.9998076558113098,4.182175325695425e-05
11401,0,0,XGBoost,0.9997455477714539,3.601655043894425e-05,0.0001706323237158358,2.0473895347095095e-05,2.7350604796083644e-05
13073,2,2,XGBoost,4.6268902224255726e-05,2.948390829260461e-05,0.9998621940612793,1.7751463019521907e-05,4.428169995662756e-05
15415,1,1,XGBoost,3.7611480365740135e-05,0.999792754650116,2.738018702075351e-05,0.00010177689546253532,4.05473037972115e-05
15907,1,1,XGBoost,8.83323373273015e-05,0.9996955394744873,6.430360372178257e-05,4.643015927285887e-05,0.00010537661728449166
11648,0,0,XGBoost,0.9997696280479431,3.263468170189299e-05,0.00015461034490726888,1.8321994502912275e-05,2.4782448235782795e-05
18638,4,4,XGBoost,3.6314395401859656e-05,0.0001342256582574919,2.6435942345415242e-05,9.402005525771528e-05,0.9997089505195618
12079,2,2,XGBoost,5.108234836370684e-05,2.948389192169998e-05,0.9998615980148315,1.3080129065201618e-05,4.470454587135464e-05
12877,2,2,XGBoost,5.1082468417007476e-05,2.9483961043297313e-05,0.9998639822006226,1.3080159988021478e-05,4.238024484948255e-05
17797,4,4,XGBoost,4.7253401135094464e-05,3.6096902476856485e-05,4.999204247724265e-05,4.234559673932381e-05,0.9998243451118469
15944,3,3,XGBoost,0.007771357428282499,0.4047743082046509,0.005657345522195101,0.5754451155662537,0.006351858843117952
17059,3,3,XGBoost,7.971534796524793e-05,6.08945447311271e-05,6.14089731243439e-05,0.9996877908706665,0.00011026009451597929
17799,4,4,XGBoost,2.8696085792034864e-05,2.1920954168308526e-05,4.408514723763801e-05,8.373626042157412e-05,0.9998216032981873
14910,1,1,XGBoost,3.7614168832078576e-05,0.9998642206192017,2.7382144253351726e-05,3.3215601433767006e-05,3.759806713787839e-05
11750,0,0,XGBoost,0.9998897314071655,2.966619467770215e-05,4.1383034840691835e-05,1.665538911765907e-05,2.2528163754031993e-05
17060,3,3,XGBoost,1.7264475900446996e-05,1.3983265489514451e-05,1.2568081729114056e-05,0.9999401569366455,1.6033545762184076e-05
18693,4,4,XGBoost,3.6314395401859656e-05,0.0001342256582574919,2.6435942345415242e-05,9.402005525771528e-05,0.9997089505195618
15823,1,1,XGBoost,4.017240280518308e-05,0.9998658895492554,2.924447471741587e-05,1.855477057688404e-05,4.617412560037337e-05
11783,0,0,XGBoost,0.9998843669891357,2.966603460663464e-05,3.977022061008029e-05,1.7111517081502825e-05,2.9098289815010503e-05
10318,0,0,XGBoost,0.9998071789741516,2.8128919439041056e-05,0.00010565728007350117,9.370420229970478e-06,4.9681024393066764e-05
10175,0,0,XGBoost,0.9998045563697815,2.8128846679464914e-05,0.00010553132597124204,9.37039567361353e-06,5.240571772446856e-05
17600,4,4,XGBoost,3.3373027690686285e-05,2.549367673054803e-05,3.091013422817923e-05,3.650327562354505e-05,0.9998737573623657
12545,2,2,XGBoost,5.1081995479762554e-05,2.948368819488678e-05,0.9998546838760376,9.82173514785245e-06,5.4929867474129423e-05
13206,2,2,XGBoost,0.00011398160131648183,7.263250881806016e-05,0.9996585845947266,3.9759190258337185e-05,0.00011506920418469235
17877,4,4,XGBoost,3.635864413809031e-05,2.7774391128332354e-05,3.0233291909098625e-05,9.652516746427864e-05,0.9998090863227844
15891,1,1,XGBoost,7.544616528321058e-05,0.9997348189353943,5.4922860726946965e-05,4.3779597035609186e-05,9.10529270186089e-05
17947,4,4,XGBoost,2.5233299311366864e-05,2.0437570128706284e-05,1.9438552044448443e-05,8.08070253697224e-05,0.9998540878295898
12633,2,2,XGBoost,3.859617208945565e-05,2.948360997834243e-05,0.9998520612716675,1.5325333151849918e-05,6.44577230559662e-05
16578,3,3,XGBoost,2.744031007750891e-05,8.797059126663953e-05,1.9975819668616168e-05,0.9998394250869751,2.5209405066561885e-05
12122,2,2,XGBoost,3.859665594063699e-05,2.948397923319135e-05,0.9998645782470703,1.0134847798326518e-05,5.7196371926693246e-05
11370,0,0,XGBoost,0.9998190999031067,3.601919888751581e-05,9.271759336115792e-05,2.480358125467319e-05,2.7352616598363966e-05
13152,2,2,XGBoost,0.00015924299077596515,0.0001014743247651495,0.9995658993721008,4.246866228641011e-05,0.00013088456762488931
14531,1,1,XGBoost,5.0244565500179306e-05,0.9998435974121094,3.6576748243533075e-05,2.257693631690927e-05,4.703364902525209e-05
11285,0,0,XGBoost,0.9996936321258545,3.9761416701367125e-05,0.00020026243873871863,2.4964632757473737e-05,4.135448398301378e-05
16654,3,3,XGBoost,3.8370602851500735e-05,0.00010823354386957362,2.7932783268624917e-05,0.9997755885124207,4.992547837900929e-05
18176,4,4,XGBoost,6.170992855913937e-05,5.4985805036267266e-05,5.7155855756718665e-05,0.00021043485321570188,0.9996156692504883
14440,1,1,XGBoost,3.761447442229837e-05,0.9998723268508911,2.7382366170058958e-05,1.8410039047012106e-05,4.4257831177674234e-05
13499,2,2,XGBoost,4.626893132808618e-05,2.9483926482498646e-05,0.999862790107727,1.1317893040541094e-05,5.006945502827875e-05
17229,3,3,XGBoost,7.738119165878743e-05,0.00010403079795651138,5.6331464293180034e-05,0.9996801614761353,8.215594425564632e-05
12159,2,2,XGBoost,3.8596201193286106e-05,2.948363180621527e-05,0.9998527765274048,1.532534406578634e-05,6.376358942361549e-05
10842,0,0,XGBoost,0.9997974038124084,3.105494033661671e-05,0.00011212136450922117,1.7308679161942564e-05,4.207760139252059e-05
16433,3,3,XGBoost,0.00010656422091415152,0.00026568834437057376,7.757600542390719e-05,0.9994681477546692,8.199991862056777e-05
17002,3,3,XGBoost,2.4481974833179265e-05,1.997063372982666e-05,1.782224717317149e-05,0.9999212026596069,1.6475325537612662e-05
16034,3,3,XGBoost,0.00011068167077610269,0.000363074301276356,8.057332888711244e-05,0.9992936849594116,0.00015200802590698004
14240,1,1,XGBoost,3.761426341952756e-05,0.9998667240142822,2.738221337494906e-05,2.897294871218037e-05,3.9287151594180614e-05
18186,4,4,XGBoost,3.631489380495623e-05,0.00012659680214710534,2.6436304324306548e-05,8.79674480529502e-05,0.9997226595878601
14048,1,1,XGBoost,4.152756810071878e-05,0.9998724460601807,2.7382369808037765e-05,1.2718146535917185e-05,4.586519571603276e-05
11114,0,0,XGBoost,0.9997928738594055,3.105479845544323e-05,0.00012045181938447058,1.3509950804291293e-05,4.207741221762262e-05
10620,0,0,XGBoost,0.9997466206550598,3.670951628009789e-05,6.523385673062876e-05,9.320706158177927e-05,5.8279616496292874e-05
14992,1,1,XGBoost,3.9665985241299495e-05,0.9998511075973511,3.055684283026494e-05,4.138127769692801e-05,3.722612382262014e-05
15111,1,1,XGBoost,3.966577060054988e-05,0.9998457431793213,2.887566006393172e-05,4.9428115744376555e-05,3.620993811637163e-05
17498,4,4,XGBoost,2.5317984182038344e-05,4.816000728169456e-05,2.5024046408361755e-05,0.00016343877359759063,0.9997380375862122
12101,2,2,XGBoost,4.626869485946372e-05,2.948377550637815e-05,0.9998576641082764,1.477267414884409e-05,5.180325752007775e-05
10134,0,0,XGBoost,0.9998044371604919,2.8128843041486107e-05,0.0001056569890351966,9.370394764118828e-06,5.2405710448510945e-05
16033,3,3,XGBoost,0.00011487220035633072,0.0003876284172292799,8.362399239558727e-05,0.9992508292198181,0.0001630341721465811
11508,0,0,XGBoost,0.9998509883880615,2.966504507639911e-05,7.636118971277028e-05,2.0427976778591983e-05,2.2527292458107695e-05
16219,3,3,XGBoost,7.895004091551527e-05,0.000174307482666336,5.7473596825730056e-05,0.9996148347854614,7.438912871293724e-05
13735,2,2,XGBoost,0.0017004021210595965,0.0012989380629733205,0.9921693205833435,0.002802680479362607,0.00202860776335001
11439,0,0,XGBoost,0.9997474551200867,3.6016619560541585e-05,0.00017063264385797083,1.8584234567242675e-05,2.7350657546776347e-05
15110,1,1,XGBoost,4.394716233946383e-05,0.9996669292449951,3.1992371077649295e-05,0.00020975057850591838,4.737753260997124e-05
11422,0,0,XGBoost,0.9998675584793091,2.9665536203538068e-05,6.338256935123354e-05,1.6863594282767735e-05,2.2527665350935422e-05
16080,3,3,XGBoost,3.211572766304016e-05,0.0001303376629948616,2.33794235100504e-05,0.999784529209137,2.970981404359918e-05
14926,1,1,XGBoost,3.9666272641625255e-05,0.9998583793640137,2.887602568080183e-05,4.119124423596077e-05,3.185007881256752e-05
16467,3,3,XGBoost,7.0638743636664e-05,0.00011142781295347959,5.1423190598143265e-05,0.9997121691703796,5.435573621070944e-05
17946,4,4,XGBoost,4.471824286156334e-05,3.416028994251974e-05,4.130849629291333e-05,4.3838841520482674e-05,0.9998359680175781
11309,0,0,XGBoost,0.9996936321258545,3.9761416701367125e-05,0.00020026243873871863,2.4964632757473737e-05,4.135448398301378e-05
19118,4,4,XGBoost,3.548456516000442e-05,2.261182999063749e-05,0.0002454045170452446,1.737105230859015e-05,0.9996790885925293
18514,4,4,XGBoost,2.6652622182155028e-05,7.672804349567741e-05,1.940242145792581e-05,3.811318310908973e-05,0.9998390674591064
12136,2,2,XGBoost,4.1603241697885096e-05,3.178073893650435e-05,0.9998657703399658,1.3148821381037124e-05,4.773129694513045e-05
18994,4,4,XGBoost,5.608173887594603e-05,3.7686884752474725e-05,0.00016653307829983532,5.935134322498925e-05,0.9996803998947144
18446,4,4,XGBoost,3.2746091164881364e-05,0.00012103634799132124,2.383831269980874e-05,7.506758265662938e-05,0.9997473359107971
12891,2,2,XGBoost,4.626870941137895e-05,2.9483786420314573e-05,0.999858021736145,1.1317838470858987e-05,5.493004937306978e-05
14562,1,1,XGBoost,3.7614070606650785e-05,0.9998615980148315,2.7382073312764987e-05,1.9678042008308694e-05,5.3655436204280704e-05
17293,3,3,XGBoost,0.0001475337048759684,0.0001563729892950505,0.00011365305545041338,0.9994557499885559,0.00012672532466240227
13314,2,2,XGBoost,0.0002497892710380256,0.0001678583212196827,0.9993023872375488,0.00010539164941292256,0.0001745836780173704
17869,4,4,XGBoost,2.6494390112929977e-05,2.8081765776732937e-05,2.2030872059985995e-05,3.5454188036965206e-05,0.9998879432678223
15598,1,1,XGBoost,3.761418702197261e-05,0.9998646974563599,2.738215698627755e-05,2.2325701138470322e-05,4.79829941468779e-05
12201,2,2,XGBoost,4.261197682353668e-05,2.9484013793990016e-05,0.9998657703399658,1.5072581845743116e-05,4.706354593508877e-05
10538,0,0,XGBoost,0.9996732473373413,7.818065932951868e-05,7.707537588430569e-05,9.320022218162194e-05,7.833245763322338e-05
17644,4,4,XGBoost,3.0997143767308444e-05,2.3678734578425065e-05,2.3878768843133003e-05,0.0003256597847212106,0.9995958209037781
17236,3,3,XGBoost,2.7314623366692103e-05,2.0865656551904976e-05,1.9884342691511847e-05,0.9999082088470459,2.3742493794998154e-05
11558,0,0,XGBoost,0.9998918771743774,2.9666258342331275e-05,4.2118437704630196e-05,1.3749068784818519e-05,2.252821286674589e-05
17411,3,3,XGBoost,4.509922655415721e-05,3.445132460910827e-05,4.457567774807103e-05,0.9998272061347961,4.8715966840973124e-05
12436,2,2,XGBoost,5.1081995479762554e-05,2.948368819488678e-05,0.9998546838760376,9.82173514785245e-06,5.4929867474129423e-05
17370,3,3,XGBoost,3.050155282835476e-05,2.3300131942960434e-05,2.2204323613550514e-05,0.9998929500579834,3.1063627830008045e-05
13409,2,2,XGBoost,4.2611954995663837e-05,2.948400106106419e-05,0.9998652935028076,1.555294329591561e-05,4.706352046923712e-05
14287,1,1,XGBoost,3.7614481698255986e-05,0.9998725652694702,2.7382373446016572e-05,3.2259951694868505e-05,3.0202589186956175e-05
13537,2,2,XGBoost,4.626836744137108e-05,2.9483568141586147e-05,0.9998506307601929,9.821695130085573e-06,6.376345118042082e-05
10600,0,0,XGBoost,0.9997318387031555,3.670897422125563e-05,7.707990152994171e-05,9.320568642579019e-05,6.121176556916907e-05
10633,0,0,XGBoost,0.9996758699417114,0.00010183217818848789,6.522923649754375e-05,9.320046956418082e-05,6.385537562891841e-05
17066,3,3,XGBoost,8.979274571174756e-05,6.859266432002187e-05,6.53667448204942e-05,0.9997150301933289,6.114224379416555e-05
12993,2,2,XGBoost,4.626846930477768e-05,2.948363180621527e-05,0.9998527765274048,1.652065839152783e-05,5.492976197274402e-05
16306,3,3,XGBoost,2.843239599314984e-05,6.277361535467207e-05,2.0698053049272858e-05,0.9998645782470703,2.3500737370341085e-05
15608,1,1,XGBoost,3.7613957829307765e-05,0.9998586177825928,2.7381991458241828e-05,4.094412724953145e-05,3.544101491570473e-05
18053,4,4,XGBoost,2.5080002160393633e-05,1.915862776513677e-05,3.8529840821865946e-05,0.00012008472549496219,0.9997971653938293
13952,1,1,XGBoost,3.761457264772616e-05,0.9998749494552612,2.73824389296351e-05,2.455679168633651e-05,3.5441593354335055e-05
13311,2,2,XGBoost,4.626836744137108e-05,2.9483568141586147e-05,0.9998506307601929,9.821695130085573e-06,6.376345118042082e-05
14361,1,1,XGBoost,3.96656287193764e-05,0.9998421669006348,2.8875556381535716e-05,5.19251698278822e-05,3.737416409421712e-05
12351,2,2,XGBoost,4.626852387445979e-05,2.948366636701394e-05,0.9998539686203003,1.5325362255680375e-05,5.4929827456362545e-05
10177,0,0,XGBoost,0.9998044371604919,2.8128843041486107e-05,0.0001056569890351966,9.370394764118828e-06,5.2405710448510945e-05
14723,1,1,XGBoost,3.965508585679345e-05,0.9995763897895813,2.8867880246252753e-05,0.00030715414322912693,4.796650318894535e-05
11987,2,2,XGBoost,4.261184949427843e-05,2.9483926482498646e-05,0.999862790107727,1.0377287253504619e-05,5.4740216000936925e-05
18243,4,4,XGBoost,5.2807801694143564e-05,0.00015439627168234438,3.482027386780828e-05,5.017620787839405e-05,0.9997077584266663
16930,3,3,XGBoost,3.098665183642879e-05,2.509746809664648e-05,2.2557485863217153e-05,0.999894380569458,2.691597183002159e-05
17152,3,3,XGBoost,3.3929165510926396e-05,3.596198439481668e-05,2.4699558707652614e-05,0.9998773336410522,2.806845623126719e-05
11123,0,0,XGBoost,0.999788224697113,3.105465657426976e-05,0.00012130326649639755,1.7308519090875052e-05,4.207721576676704e-05
11515,0,0,XGBoost,0.9997411370277405,3.6016394005855545e-05,0.00017063156701624393,2.4801649487926625e-05,2.735048474278301e-05
14606,1,1,XGBoost,3.7614481698255986e-05,0.9998725652694702,2.7382373446016572e-05,2.8599055440281518e-05,3.3846332371467724e-05
11521,0,0,XGBoost,0.9998509883880615,2.966504507639911e-05,7.636118971277028e-05,2.0427976778591983e-05,2.2527292458107695e-05
15971,3,3,XGBoost,0.00014704886416438967,0.00017733707500156015,0.0001361969334539026,0.9993836879730225,0.00015568529488518834
10425,0,0,XGBoost,0.999716579914093,7.818404992576689e-05,4.804497802979313e-05,9.071929525816813e-05,6.650750583503395e-05
13624,2,2,XGBoost,4.6268654841696844e-05,2.9483750040526502e-05,0.9998568296432495,1.532540591142606e-05,5.207391222938895e-05
17682,4,4,XGBoost,2.55034065048676e-05,1.9482065908960067e-05,6.336918886518106e-05,3.4881602914538234e-05,0.99985671043396
16705,3,3,XGBoost,5.779642015113495e-05,0.0002788910933304578,4.2074305383721367e-05,0.9995607733726501,6.043833855073899e-05
10271,0,0,XGBoost,0.9997937083244324,2.8128541089245118e-05,0.00011910618923138827,9.370293810206931e-06,4.968035500496626e-05
16358,3,3,XGBoost,5.806734407087788e-05,0.00019594440527725965,4.227152749081142e-05,0.9996300935745239,7.361592724919319e-05
12056,2,2,XGBoost,5.1082632126053795e-05,2.9484055630746298e-05,0.9998672008514404,1.0290234968124423e-05,4.190633262624033e-05
10944,0,0,XGBoost,0.9997853636741638,3.105456562479958e-05,0.00012130292452638969,2.0244819097570144e-05,4.2077095713466406e-05
16652,3,3,XGBoost,3.256965283071622e-05,0.00013947946717962623,2.3709868401056156e-05,0.9997720122337341,3.2216095860349014e-05
12271,2,2,XGBoost,4.626866211765446e-05,2.948375367850531e-05,0.9998569488525391,1.2339432032604236e-05,5.4929991165408865e-05
12665,2,2,XGBoost,5.1081995479762554e-05,2.948368819488678e-05,0.9998546838760376,9.82173514785245e-06,5.4929867474129423e-05
14323,1,1,XGBoost,3.7614296161336824e-05,0.9998675584793091,2.7382235202821903e-05,2.965739076898899e-05,3.777465826715343e-05
13871,2,2,XGBoost,0.0016168885631486773,0.0010303296148777008,0.9945472478866577,0.000577327620703727,0.0022282684221863747
18647,4,4,XGBoost,3.2564032153459266e-05,0.00017179353744722903,2.3705775674898177e-05,6.184932863106951e-05,0.9997100234031677
13643,2,2,XGBoost,5.1081544370390475e-05,2.9483428079402074e-05,0.9998458623886108,9.82164783636108e-06,6.376314559020102e-05
14320,1,1,XGBoost,5.6611115724081174e-05,0.9997847676277161,5.595387119683437e-05,2.8618369469768368e-05,7.40498217055574e-05
16827,3,3,XGBoost,8.543628064217046e-05,6.526482320623472e-05,6.581610796274617e-05,0.9996919631958008,9.157159365713596e-05
15954,3,3,XGBoost,2.504532312741503e-05,6.466352351708338e-05,1.8232349248137325e-05,0.9998677968978882,2.429196501907427e-05
11396,0,0,XGBoost,0.9997411370277405,3.6016394005855545e-05,0.00017063156701624393,2.4801649487926625e-05,2.735048474278301e-05
16631,3,3,XGBoost,3.698518776218407e-05,5.328249972080812e-05,2.6924264602712356e-05,0.9998438358306885,3.898219802067615e-05
18763,4,4,XGBoost,4.023277142550796e-05,0.00014870867016725242,2.9288421501405537e-05,0.00010416496661491692,0.9996776580810547
18293,4,4,XGBoost,3.439432839513756e-05,6.156242307042703e-05,2.5038185412995517e-05,0.0001273677626159042,0.999751627445221
14592,1,1,XGBoost,3.966610165662132e-05,0.9998540878295898,2.887590198952239e-05,3.9428763557225466e-05,3.797914177994244e-05
12548,2,2,XGBoost,5.1081995479762554e-05,2.948368819488678e-05,0.9998546838760376,9.82173514785245e-06,5.4929867474129423e-05
14253,1,1,XGBoost,3.7614721804857254e-05,0.9998788833618164,2.738254625000991e-05,1.7058160665328614e-05,3.905110133928247e-05
14285,1,1,XGBoost,3.761453626793809e-05,0.9998739957809448,2.7382411644794047e-05,2.4158189262379892e-05,3.6810677556786686e-05
12508,2,2,XGBoost,4.982435712008737e-05,3.174955054419115e-05,0.9998575448989868,1.057653844327433e-05,5.029977546655573e-05
18416,4,4,XGBoost,6.509094964712858e-05,0.00021791896142531186,4.2919502448057756e-05,7.108072895789519e-05,0.9996029734611511
12816,2,2,XGBoost,0.0001771254901541397,0.0001190280745504424,0.9995144605636597,4.5728862460236996e-05,0.0001437062310287729
11074,0,0,XGBoost,0.9997857213020325,3.1054576538736e-05,0.00012130296818213537,1.7308475435129367e-05,4.463785080588423e-05
18573,4,4,XGBoost,3.935263885068707e-05,5.575031173066236e-05,2.8647678846027702e-05,0.0001188194946735166,0.9997574687004089
12237,2,2,XGBoost,5.1082395657431334e-05,2.948391920654103e-05,0.999862551689148,1.5072533642523922e-05,4.176107904640958e-05
11636,0,0,XGBoost,0.9998844861984253,3.299407399026677e-05,4.067423287779093e-05,1.66553018061677e-05,2.515501546440646e-05
16481,3,3,XGBoost,9.299727389588952e-05,0.00024740854860283434,6.769955507479608e-05,0.9995104074478149,8.14921222627163e-05
14779,1,1,XGBoost,3.7614332541124895e-05,0.9998685121536255,2.7382262487662956e-05,2.2224223357625306e-05,4.42452983406838e-05
15763,1,1,XGBoost,6.043903704266995e-05,0.999776303768158,4.399806130095385e-05,3.532616756274365e-05,8.398518548347056e-05
11064,0,0,XGBoost,0.9997771382331848,3.105431096628308e-05,0.00012983499618712813,1.730832809698768e-05,4.463746881810948e-05
12269,2,2,XGBoost,5.108254117658362e-05,2.9484002880053595e-05,0.9998654127120972,9.821840649237856e-06,4.420467303134501e-05
16360,3,3,XGBoost,3.634552922449075e-05,0.00012264546239748597,2.6458581487531774e-05,0.9997753500938416,3.9208218368003145e-05
12274,2,2,XGBoost,6.756577204214409e-05,4.93008665216621e-05,0.9998124241828918,2.2421529138227925e-05,4.835735308006406e-05
17646,4,4,XGBoost,4.2768282582983375e-05,5.4160835134098306e-05,3.113420825684443e-05,0.0004806607321370393,0.9993913173675537
16772,3,3,XGBoost,2.4352229957003146e-05,0.00011142934090457857,1.7727777958498336e-05,0.9998250603675842,2.1440018826979212e-05
12020,2,2,XGBoost,4.1602706915000454e-05,3.1780331482877955e-05,0.9998528957366943,1.4461835235124454e-05,5.9208647144259885e-05
12614,2,2,XGBoost,4.626877489499748e-05,2.9483828257070854e-05,0.9998594522476196,9.821781532082241e-06,5.4930129408603534e-05
16004,3,3,XGBoost,4.517323031905107e-05,0.00021150139218661934,3.288494917796925e-05,0.9996757507324219,3.4760301787173375e-05
15901,1,1,XGBoost,0.0015960779273882508,0.9954543113708496,0.0009692360763438046,0.0004616993246600032,0.00151870958507061
18283,4,4,XGBoost,3.6314435419626534e-05,0.0001758267608238384,2.64359714492457e-05,5.139131098985672e-05,0.9997100234031677
16438,3,3,XGBoost,2.5930206902557984e-05,3.480456871329807e-05,1.8876504327636212e-05,0.9998965263366699,2.3822074581403285e-05
18025,4,4,XGBoost,3.270420711487532e-05,2.498276262485888e-05,2.5193789042532444e-05,0.0001079705762094818,0.999809205532074
17542,4,4,XGBoost,2.978884003823623e-05,2.275571387144737e-05,2.2947928300709464e-05,1.7481586837675422e-05,0.9999070167541504
13834,2,2,XGBoost,5.147436240804382e-05,3.561606354196556e-05,0.9998494386672974,1.2242695447639562e-05,5.1262337365187705e-05
11473,0,0,XGBoost,0.9998745918273926,2.9665745387319475e-05,5.369052814785391e-05,1.9504537704051472e-05,2.252782360301353e-05
17704,4,4,XGBoost,4.678768527810462e-05,3.574110451154411e-05,5.8836878451984376e-05,6.176675378810614e-05,0.9997969269752502
14159,1,1,XGBoost,3.761416155612096e-05,0.9998639822006226,2.738213697739411e-05,2.965728344861418e-05,4.132450703764334e-05
11083,0,0,XGBoost,0.9995208978652954,6.781541014788672e-05,0.00026691227685660124,4.694382369052619e-05,9.74778740783222e-05
16217,3,3,XGBoost,4.7349243686767295e-05,0.00020764699729625136,3.4469030651962385e-05,0.9996705055236816,4.005049049737863e-05
14526,1,1,XGBoost,3.9663958887103945e-05,0.9998001456260681,3.298179217381403e-05,7.409871614072472e-05,5.308935942593962e-05
15588,1,1,XGBoost,5.926784797338769e-05,0.9998041987419128,3.907988502760418e-05,2.6363857614342123e-05,7.107775309123099e-05
11832,0,0,XGBoost,0.9998807907104492,2.9665929105249234e-05,4.37294838775415e-05,1.665523996052798e-05,2.90981861326145e-05
14571,1,1,XGBoost,4.8791458539199084e-05,0.9997437596321106,3.551888949004933e-05,0.00012369851174298674,4.8261801566695794e-05
14306,1,1,XGBoost,3.966284930356778e-05,0.9997721314430237,2.8873533665318973e-05,0.00012671490549109876,3.261510209995322e-05
11226,0,0,XGBoost,0.9996936321258545,3.9761416701367125e-05,0.00020026243873871863,2.4964632757473737e-05,4.135448398301378e-05
16255,3,3,XGBoost,0.00016643603157717735,0.0003042146854568273,0.0001211611379403621,0.9992159605026245,0.00019220718240831047
15903,1,1,XGBoost,0.00018355995416641235,0.9993010759353638,0.00013362691970542073,0.00011385936522856355,0.0002679156605154276
15042,1,1,XGBoost,0.0001533501490484923,0.999056875705719,0.00011813376477221027,0.00042952795047312975,0.0002421175013296306
14853,1,1,XGBoost,3.966582880821079e-05,0.9998471736907959,2.8875701900688e-05,2.7389331080485135e-05,5.6850221881177276e-05
12369,2,2,XGBoost,4.626877489499748e-05,2.9483828257070854e-05,0.9998594522476196,9.821781532082241e-06,5.4930129408603534e-05
15043,1,1,XGBoost,4.335808989708312e-05,0.9996590614318848,3.156354432576336e-05,0.00022204263950698078,4.399940371513367e-05
12383,2,2,XGBoost,5.500700353877619e-05,3.1749172194395214e-05,0.9998456239700317,1.4085076145420317e-05,5.34588034497574e-05
15604,1,1,XGBoost,3.7613968743244186e-05,0.9998588562011719,2.738199691521004e-05,4.0673847252037376e-05,3.544102219166234e-05
17515,4,4,XGBoost,2.9606808311655186e-05,2.26166575885145e-05,2.7421883714850992e-05,2.7853475330630317e-05,0.9998924732208252
15983,3,3,XGBoost,5.815058102598414e-05,0.0001717707928037271,4.233212166582234e-05,0.9996587038040161,6.901845335960388e-05
18617,4,4,XGBoost,2.7992658942821436e-05,4.6925888455007225e-05,2.0377914552227594e-05,0.00011368088598828763,0.9997910857200623
16879,3,3,XGBoost,3.667091368697584e-05,0.00012118175800424069,2.6695453925640322e-05,0.9997692704200745,4.618111051968299e-05
16303,3,3,XGBoost,5.12460210302379e-05,0.00011314186849631369,4.2612584365997463e-05,0.999744713306427,4.828551027458161e-05
14212,1,1,XGBoost,3.761488551390357e-05,0.9998832941055298,2.7382666303310543e-05,1.84102409548359e-05,3.332023698021658e-05
15361,1,1,XGBoost,3.7613568565575406e-05,0.9998482465744019,2.7381707695894875e-05,4.617027298081666e-05,4.0549559344071895e-05
18114,4,4,XGBoost,5.145339673617855e-05,4.160973912803456e-05,3.963728522649035e-05,0.000303105975035578,0.9995642304420471
14828,1,1,XGBoost,6.813261279603466e-05,0.9996659755706787,4.9598740588407964e-05,0.00015315721975639462,6.313525955192745e-05
15820,1,1,XGBoost,5.2100051107117906e-05,0.9995567202568054,3.792746065300889e-05,0.00031128956470638514,4.19408934249077e-05
16912,3,3,XGBoost,7.357011782005429e-05,8.493061613989994e-05,5.355714893084951e-05,0.9997124075889587,7.545202242909e-05
18152,4,4,XGBoost,4.476734466152266e-05,0.0001384993811370805,2.9518580049625598e-05,7.818263111403212e-05,0.9997089505195618
17487,4,3,XGBoost,0.0024152810219675303,0.0016711776843294501,0.0015925818588584661,0.8126654028892517,0.18165557086467743
11039,0,0,XGBoost,0.9997856020927429,3.1054572900757194e-05,0.00012144741049269214,1.7308473616139963e-05,4.463784716790542e-05
12352,2,2,XGBoost,0.00010416882287245244,7.000129699008539e-05,0.9997184872627258,3.450344593147747e-05,7.280593854375184e-05
15390,1,1,XGBoost,3.76143361791037e-05,0.999868631362915,2.738226430665236e-05,2.5772713343030773e-05,4.0550385165261105e-05
14833,1,1,XGBoost,3.966518852394074e-05,0.9998310804367065,2.8875238058390096e-05,6.500176095869392e-05,3.5300690797157586e-05
10730,0,0,XGBoost,0.9995015859603882,0.00020720860629808158,6.363684224197641e-05,0.00011612291564233601,0.00011140667629661039
13303,2,2,XGBoost,5.885872451472096e-05,3.750655014300719e-05,0.9998143315315247,1.9495568267302588e-05,6.987686356296763e-05
10828,0,0,XGBoost,0.9997907280921936,3.1054732971824706e-05,0.0001121206150855869,2.1496978661161847e-05,4.463807272259146e-05
14427,1,1,XGBoost,3.761468542506918e-05,0.9998779296875,2.7382518965168856e-05,1.8036504116025753e-05,3.90510649594944e-05
12529,2,2,XGBoost,5.1081995479762554e-05,2.948368819488678e-05,0.9998546838760376,9.82173514785245e-06,5.4929867474129423e-05
17386,3,3,XGBoost,3.0224207876017317e-05,2.4348053557332605e-05,2.2002423065714538e-05,0.9998947381973267,2.8650574677158147e-05
14247,1,1,XGBoost,3.761455081985332e-05,0.9998743534088135,2.7382422558730468e-05,2.7259389753453434e-05,3.3361720852553844e-05
11172,0,0,XGBoost,0.9997027516365051,3.976178413722664e-05,0.0002002642722800374,1.577992588863708e-05,4.1354862332809716e-05
13816,2,2,XGBoost,5.589102511294186e-05,3.561540870578028e-05,0.9998310804367065,1.1864361113111954e-05,6.549851241288707e-05
17595,4,4,XGBoost,3.2699121220503e-05,4.152861947659403e-05,2.5189870939357206e-05,0.00024688581470400095,0.999653697013855
18899,4,4,XGBoost,6.238562491489574e-05,3.975395884481259e-05,0.00020083607523702085,5.1830545999109745e-05,0.9996452331542969
14173,1,1,XGBoost,3.9664922951487824e-05,0.9998244643211365,2.887504524551332e-05,6.641966319875792e-05,4.0581857319921255e-05
12454,2,2,XGBoost,5.1081995479762554e-05,2.948368819488678e-05,0.9998546838760376,9.82173514785245e-06,5.4929867474129423e-05
15723,1,1,XGBoost,5.368267011363059e-05,0.9997969269752502,3.9079601265257224e-05,3.569889668142423e-05,7.459663902409375e-05
15019,1,1,XGBoost,0.00018521194579079747,0.9991655349731445,0.0001348294026684016,0.00035132523044012487,0.0001630629994906485
13463,2,2,XGBoost,4.588679439621046e-05,3.348229074617848e-05,0.9998693466186523,1.0913745427387767e-05,4.0353741496801376e-05
11496,0,0,XGBoost,0.9998117089271545,3.263605321990326e-05,0.0001140612512244843,1.6839894669828936e-05,2.4783490516711026e-05
17805,4,4,XGBoost,3.866183033096604e-05,4.058589547639713e-05,2.8144817406428047e-05,0.0002232952683698386,0.9996693134307861
12871,2,2,XGBoost,0.0001904884702526033,0.00018270889995619655,0.9993537068367004,8.814723696559668e-05,0.00018494673713576049
16251,3,3,XGBoost,7.944693061290309e-05,0.00017540433327667415,5.7835259212879464e-05,0.999599277973175,8.803035598248243e-05
13164,2,2,XGBoost,5.1081995479762554e-05,2.948368819488678e-05,0.9998546838760376,9.82173514785245e-06,5.4929867474129423e-05
14911,1,1,XGBoost,0.00012468273052945733,0.999272882938385,9.604973456589505e-05,0.00030680184136144817,0.00019955183961428702
17700,4,4,XGBoost,3.8456750189652666e-05,2.9377135433605872e-05,5.9080302889924496e-05,5.1188235374866053e-05,0.9998219609260559
18690,4,4,XGBoost,3.064130214625038e-05,0.00016165005217771977,2.2306079699774273e-05,0.00011238252773182467,0.9996730089187622
11516,0,0,XGBoost,0.9997435212135315,2.8127129553467967e-05,0.00017580379790160805,1.2142568266426679e-05,4.0429935324937105e-05
11426,0,0,XGBoost,0.9997474551200867,3.6016619560541585e-05,0.00017063264385797083,1.8584234567242675e-05,2.7350657546776347e-05
14250,1,1,XGBoost,3.761461266549304e-05,0.9998760223388672,2.7382468033465557e-05,1.9913401047233492e-05,3.905098856193945e-05
14098,1,1,XGBoost,3.761449261219241e-05,0.9998728036880493,2.7382378902984783e-05,1.4189300600264687e-05,4.798338341061026e-05
11631,0,0,XGBoost,0.9998871088027954,3.299416130175814e-05,4.0674338379176334e-05,1.6655345461913384e-05,2.252810554637108e-05
16284,3,3,XGBoost,2.209575723099988e-05,0.00010144757834495977,1.6085141396615654e-05,0.9998419284820557,1.846201303123962e-05
15777,1,1,XGBoost,6.329885218292475e-05,0.9998065829277039,4.173783599981107e-05,2.5600180379115045e-05,6.278834189288318e-05
11320,0,0,XGBoost,0.9996985197067261,3.976161315222271e-05,0.00020026341371703893,2.0100686015211977e-05,4.1354687709826976e-05
11736,0,0,XGBoost,0.9998897314071655,2.966619467770215e-05,4.1383034840691835e-05,1.665538911765907e-05,2.2528163754031993e-05
15809,1,1,XGBoost,4.017229730379768e-05,0.9998632669448853,2.924439831986092e-05,2.794189640553668e-05,3.931377432309091e-05
14473,1,1,XGBoost,3.966642907471396e-05,0.9998623132705688,2.887613845814485e-05,3.1803247111383826e-05,3.737491351785138e-05
17882,4,4,XGBoost,3.4396754927001894e-05,4.6242785174399614e-05,2.8601920348592103e-05,0.0001630310871405527,0.9997276663780212
11693,0,0,XGBoost,0.9998774528503418,2.966582906083204e-05,5.369068094296381e-05,1.6655185390845872e-05,2.2527887267642654e-05
13985,1,1,XGBoost,3.76140269509051e-05,0.999860405921936,2.7382040570955724e-05,2.3848535420256667e-05,5.070288898423314e-05
16543,3,3,XGBoost,0.00010691177885746583,0.00029994588112458587,7.782893953844905e-05,0.9994255304336548,8.978103869594634e-05
17349,3,3,XGBoost,3.078374356846325e-05,2.351571856706869e-05,2.2409773009712808e-05,0.99989914894104,2.415448943793308e-05
18933,4,4,XGBoost,4.677589095081203e-05,3.768177703022957e-05,0.0003277406212873757,4.283249654690735e-05,0.9995449185371399
18161,4,4,XGBoost,2.665212014107965e-05,7.653169450350106e-05,1.9402057660045102e-05,5.7112298236461356e-05,0.9998202919960022
15906,1,1,XGBoost,5.2864252211293206e-05,0.9998196959495544,3.848381311399862e-05,3.464535984676331e-05,5.439456072053872e-05
13639,2,2,XGBoost,0.0003511760151013732,0.00023598999541718513,0.9989797472953796,0.00014816898328717798,0.0002849179145414382
14245,1,1,XGBoost,3.76148491341155e-05,0.9998823404312134,2.7382640837458894e-05,1.5798632375663146e-05,3.681098314700648e-05
16855,3,3,XGBoost,5.130811405251734e-05,0.00010563242540229112,3.735098289325833e-05,0.9997492432594299,5.64810870855581e-05
18490,4,4,XGBoost,4.2110470531042665e-05,0.0001651179336477071,2.7766696803155355e-05,4.598555460688658e-05,0.999718964099884
16347,3,3,XGBoost,2.1841728084837086e-05,0.00010784289770526811,1.590020110597834e-05,0.9998362064361572,1.8178732716478407e-05
10651,0,0,XGBoost,0.999677300453186,7.818097219569609e-05,5.107511969981715e-05,0.00011335120507283136,8.007765427464619e-05
18749,4,4,XGBoost,3.830550122074783e-05,0.00014158507110551,2.7885416784556583e-05,9.917523857438937e-05,0.9996930360794067
15489,1,1,XGBoost,4.112120222998783e-05,0.9998168349266052,2.993517591676209e-05,7.961980008985847e-05,3.2572203053859994e-05
15609,1,1,XGBoost,3.761427797144279e-05,0.9998670816421509,2.7382222469896078e-05,2.880462670873385e-05,3.905063931597397e-05
17034,3,3,XGBoost,0.0001509812573203817,0.00011533466749824584,0.00010991046292474493,0.9994910955429077,0.00013270812632981688
15621,1,1,XGBoost,5.3682982979808e-05,0.9998027682304382,3.907983045792207e-05,2.400643097644206e-05,8.043130219448358e-05
16992,3,3,XGBoost,7.098095375113189e-05,5.42223897355143e-05,5.4680400353390723e-05,0.9997269511222839,9.317554940935224e-05
14861,1,1,XGBoost,3.761461266549304e-05,0.9998760223388672,2.7382468033465557e-05,1.9913401047233492e-05,3.905098856193945e-05
12262,2,2,XGBoost,4.261172216502018e-05,2.9483839171007276e-05,0.9998598098754883,1.6248086467385292e-05,5.180337029742077e-05
15223,1,1,XGBoost,4.4029202399542555e-05,0.9997199177742004,3.205212487955578e-05,0.00015849371266085654,4.544516923488118e-05
10188,0,0,XGBoost,0.9997956156730652,2.8128595658927225e-05,0.00011722841736627743,9.370312000100967e-06,4.968044959241524e-05
15857,1,1,XGBoost,0.00016841171600390226,0.999509334564209,0.00010226987797068432,5.975370004307479e-05,0.00016024810611270368
17606,4,4,XGBoost,3.644213211373426e-05,2.7838166715810075e-05,3.375277447048575e-05,2.1386073058238253e-05,0.9998805522918701
14947,1,1,XGBoost,4.860608896706253e-05,0.9997435212135315,3.538398232194595e-05,0.00012213722220622003,5.032416811445728e-05
15958,3,3,XGBoost,4.785574128618464e-05,0.00014863262185826898,3.4837747080018744e-05,0.9997220635414124,4.657748286263086e-05
11403,0,0,XGBoost,0.9998852014541626,2.966606007248629e-05,4.312683086027391e-05,1.9504745068843476e-05,2.2528061890625395e-05
14243,1,1,XGBoost,3.7614219763781875e-05,0.9998655319213867,2.7382180633139797e-05,3.0354553018696606e-05,3.9050581108313054e-05
15245,1,1,XGBoost,5.058386886958033e-05,0.9997571110725403,3.68237160728313e-05,0.00010048364492831752,5.505303488462232e-05
11890,0,0,XGBoost,0.9998561143875122,3.6617588193621486e-05,5.0265130994375795e-05,2.1121208192198537e-05,3.591680433601141e-05
19057,4,4,XGBoost,4.843908754992299e-05,3.086684591835365e-05,0.0002179622824769467,4.024363443022594e-05,0.9996625185012817
16710,3,3,XGBoost,4.5721357309957966e-05,0.0002412058092886582,3.3283937227679417e-05,0.9996192455291748,6.056477650417946e-05
10189,0,0,XGBoost,0.999679684638977,2.8125332391937263e-05,0.0002331791038159281,9.369225153932348e-06,4.967469067196362e-05
10207,0,0,XGBoost,0.9998071789741516,2.8128919439041056e-05,0.00010565728007350117,9.370420229970478e-06,4.9681024393066764e-05
18568,4,4,XGBoost,4.211183113511652e-05,0.00013195180508773774,2.7767593564931303e-05,4.685873136622831e-05,0.9997512698173523
18198,4,4,XGBoost,6.37499542790465e-05,5.6803539337124676e-05,5.5649372370680794e-05,0.00013519258936867118,0.9996886253356934
18676,4,4,XGBoost,4.023307337774895e-05,0.00014870977611280978,2.9288641599123366e-05,9.662906086305156e-05,0.9996851682662964
10713,0,0,XGBoost,0.9996857643127441,0.0001049304410116747,5.487775706569664e-05,9.320138633484021e-05,6.120894249761477e-05
14914,1,1,XGBoost,3.7614645407302305e-05,0.999876856803894,2.73824898613384e-05,2.2563910533790477e-05,3.5564768040785566e-05
12656,2,2,XGBoost,4.626877489499748e-05,2.9483828257070854e-05,0.9998594522476196,9.821781532082241e-06,5.4930129408603534e-05
14829,1,1,XGBoost,3.9664271753281355e-05,0.9998080134391785,3.0555525881936774e-05,5.808759306091815e-05,6.370232586050406e-05
18947,4,4,XGBoost,5.608173887594603e-05,3.7686884752474725e-05,0.00016653307829983532,5.935134322498925e-05,0.9996803998947144
14453,1,1,XGBoost,3.966157237300649e-05,0.999739944934845,2.887260416173376e-05,0.00015964069461915642,3.192783333361149e-05
18389,4,4,XGBoost,6.701184611301869e-05,4.889669071417302e-05,4.418610842549242e-05,0.0001170309042208828,0.9997228980064392
16190,3,3,XGBoost,7.398283196380362e-05,8.92213502083905e-05,6.852304068161175e-05,0.9996989965438843,6.929163646418601e-05
16988,3,3,XGBoost,4.986078783986159e-05,3.808865221799351e-05,3.62973369192332e-05,0.9998360872268677,3.965158248320222e-05
14071,1,1,XGBoost,4.2348354327259585e-05,0.999847412109375,3.082847979385406e-05,3.709648808580823e-05,4.233022627886385e-05
10028,0,0,XGBoost,0.9998069405555725,2.8128913982072845e-05,0.00010318608838133514,9.370417501486372e-06,5.2405841415748e-05
12836,2,2,XGBoost,0.00021976663265377283,0.00016787984350230545,0.9992437362670898,5.5924818298080936e-05,0.0003127701347693801
15233,1,1,XGBoost,3.9664108044235036e-05,0.9998038411140442,2.8874448616988957e-05,8.964234439190477e-05,3.798153920797631e-05
13867,2,2,XGBoost,0.00011199629079783335,8.555394742870703e-05,0.9995729327201843,4.447021638043225e-05,0.000185025593964383
17266,3,3,XGBoost,5.975652311462909e-05,0.00010499775817152113,4.350116432760842e-05,0.9997252821922302,6.641757499892265e-05
13047,2,2,XGBoost,4.6268251026049256e-05,2.9483493563020602e-05,0.9998481273651123,1.2339323802734725e-05,6.37632911093533e-05
16647,3,3,XGBoost,3.439954525674693e-05,0.00014916554209776223,2.504195799701847e-05,0.999761164188385,3.0285806133178994e-05
18563,4,4,XGBoost,4.587520015775226e-05,8.587879710830748e-05,3.0249075280153193e-05,5.3464358643395826e-05,0.999784529209137
18370,4,4,XGBoost,2.6652189262676984e-05,9.29117959458381e-05,1.9402106772758998e-05,3.8112564652692527e-05,0.9998229146003723
17492,4,4,XGBoost,4.2285595554858446e-05,3.230199217796326e-05,3.2574840588495135e-05,0.00016186769062187523,0.9997310042381287
11472,0,0,XGBoost,0.9992976188659668,3.413776357774623e-05,0.0006014102254994214,1.7703157936921343e-05,4.9069618398789316e-05
10634,0,0,XGBoost,0.9997108578681946,0.00010776985436677933,5.0841619668062776e-05,6.925289198989049e-05,6.121048500062898e-05
16865,3,3,XGBoost,8.882630208972842e-05,7.155680214054883e-05,6.466319609899074e-05,0.9997121691703796,6.27694244030863e-05
14075,1,1,XGBoost,3.966574149671942e-05,0.999845027923584,2.887564005504828e-05,4.903884473606013e-05,3.737426959560253e-05
12368,2,2,XGBoost,3.859628122881986e-05,2.948369183286559e-05,0.9998548030853271,9.821736057347152e-06,6.726087303832173e-05
11713,0,0,XGBoost,0.9998862743377686,2.966609099530615e-05,4.4835447624791414e-05,1.665533272898756e-05,2.2528087356477045e-05
16541,3,3,XGBoost,5.26257099409122e-05,0.00011848421854665503,3.831016510957852e-05,0.99974125623703,4.932162119075656e-05
13140,2,2,XGBoost,4.160279058851302e-05,3.178039696649648e-05,0.9998549222946167,1.3300601494847797e-05,5.8343823184259236e-05
17196,3,3,XGBoost,6.363613647408783e-05,4.861168417846784e-05,4.6325469156727195e-05,0.9997822642326355,5.9170430176891387e-05
13012,2,2,XGBoost,9.548181697027758e-05,6.084383130655624e-05,0.9996805191040039,3.162611028528772e-05,0.00013158559158910066
17283,3,3,XGBoost,9.043625323101878e-05,6.908424256835133e-05,8.376223559025675e-05,0.9996997117996216,5.708482785848901e-05
12109,2,2,XGBoost,4.5931297790957615e-05,3.17807134706527e-05,0.999864935874939,1.4099069630901795e-05,4.3230877054156736e-05
16524,3,3,XGBoost,0.00013689296611119062,0.00011566558532649651,0.00012679051724262536,0.9995218515396118,9.884584142128006e-05
16523,3,3,XGBoost,4.39821851614397e-05,6.686212873319164e-05,3.201789877493866e-05,0.9998026490211487,5.448921729112044e-05
15551,1,1,XGBoost,3.761423795367591e-05,0.9998660087585449,2.738219336606562e-05,2.024740206252318e-05,4.8751138820080087e-05
14646,1,1,XGBoost,3.761335392482579e-05,0.9998425245285034,2.7381549443816766e-05,6.35510659776628e-05,2.8943029974470846e-05
16505,3,3,XGBoost,3.672983075375669e-05,0.00015927042113617063,2.6738371161627583e-05,0.9997352957725525,4.2006631701951846e-05
18393,4,4,XGBoost,2.6652040105545893e-05,9.851146751316264e-05,1.940199945238419e-05,3.811235001194291e-05,0.9998173117637634
13353,2,2,XGBoost,3.859602293232456e-05,2.9483493563020602e-05,0.9998481273651123,1.6520581993972883e-05,6.726042192894965e-05
11748,0,0,XGBoost,0.9998818635940552,2.9665960028069094e-05,4.928943599225022e-05,1.6655258150422014e-05,2.252798731205985e-05
11279,0,0,XGBoost,0.9996434450149536,3.975942308898084e-05,0.00025967429974116385,1.5778989109094255e-05,4.135241033509374e-05
12772,2,2,XGBoost,4.626836744137108e-05,2.9483568141586147e-05,0.9998506307601929,9.821695130085573e-06,6.376345118042082e-05
10454,0,0,XGBoost,0.9997361302375793,7.818557787686586e-05,5.084290387458168e-05,6.0540442063938826e-05,7.426431693602353e-05
14432,1,1,XGBoost,3.7614434404531494e-05,0.9998712539672852,2.73823370662285e-05,2.473202948749531e-05,3.9050803025020286e-05
10675,0,0,XGBoost,0.9996867179870605,0.0001057556364685297,6.522994226543233e-05,6.219567876541987e-05,8.007841097423807e-05
18668,4,4,XGBoost,4.0096409065881744e-05,7.065529644023627e-05,2.6438669010531157e-05,5.079025504528545e-05,0.9998120665550232
15568,1,1,XGBoost,6.435436807805672e-05,0.9998037219047546,3.907986683771014e-05,2.283337562403176e-05,7.006202940829098e-05
11342,0,0,XGBoost,0.9996213912963867,3.975854633608833e-05,0.0002798957866616547,1.5778641682118177e-05,4.3149757402716205e-05
16677,3,3,XGBoost,2.0647636119974777e-05,9.324809070676565e-05,1.5030946997285355e-05,0.9998528957366943,1.8178465325036086e-05
17867,4,4,XGBoost,3.5765428037848324e-05,2.7321204470354132e-05,2.7552008759812452e-05,3.964006100432016e-05,0.999869704246521
14425,1,1,XGBoost,3.7614670873153955e-05,0.9998775720596313,2.738250987022184e-05,2.7375148420105688e-05,3.0062219593673944e-05
12654,2,2,XGBoost,4.588652518577874e-05,3.174973971908912e-05,0.9998635053634644,1.0576602107903454e-05,4.8203870392171666e-05
16716,3,3,XGBoost,2.6460740627953783e-05,7.463889778591692e-05,1.9262719433754683e-05,0.9998539686203003,2.5642788386903703e-05
15829,1,1,XGBoost,4.0172701119445264e-05,0.9998732805252075,2.924469117715489e-05,1.614664688531775e-05,4.110137160751037e-05
17194,3,3,XGBoost,3.8542315451195464e-05,5.4643332987325266e-05,2.805781150527764e-05,0.9998394250869751,3.9321123040281236e-05
18308,4,4,XGBoost,4.4769873056793585e-05,0.00010802620818139985,2.952024806290865e-05,5.217617217567749e-05,0.9997654557228088
15085,1,1,XGBoost,4.3365875171730295e-05,0.9998384714126587,3.3407039154553786e-05,3.651393126347102e-05,4.819986133952625e-05
19097,4,4,XGBoost,6.509844388347119e-05,4.374610216473229e-05,0.00019330774375703186,5.408438664744608e-05,0.9996438026428223
14736,1,1,XGBoost,3.761473999475129e-05,0.9998793601989746,2.7382558982935734e-05,2.024068271566648e-05,3.544174978742376e-05
18752,4,4,XGBoost,4.009389886050485e-05,0.0001319183356827125,2.643701373017393e-05,5.202736792853102e-05,0.999749481678009
14317,1,1,XGBoost,3.761419065995142e-05,0.9998648166656494,2.7382160624256358e-05,3.107158045168035e-05,3.90505520044826e-05
10385,0,0,XGBoost,0.999717652797699,7.818412996130064e-05,7.707880286034197e-05,6.053932156646624e-05,6.65075785946101e-05
10690,0,0,XGBoost,0.9997664093971252,5.532312934519723e-05,5.488218448590487e-05,6.220064096851274e-05,6.12138828728348e-05
17592,4,4,XGBoost,3.661454320535995e-05,2.7969872462563217e-05,5.6250155466841534e-05,4.322657696320675e-05,0.9998359680175781
15398,1,1,XGBoost,3.761389962164685e-05,0.9998570680618286,2.7381947802496143e-05,3.637999179773033e-05,4.155279748374596e-05
13465,2,2,XGBoost,6.165257946122438e-05,4.70964441774413e-05,0.9997902512550354,2.6389676349936053e-05,7.461335917469114e-05
19117,4,4,XGBoost,6.509581726277247e-05,4.374433774501085e-05,0.0002476619847584516,4.003558569820598e-05,0.9996034502983093
12910,2,2,XGBoost,8.155629620887339e-05,5.4805714171379805e-05,0.9997749924659729,2.9120534236426465e-05,5.948037505731918e-05
18555,4,4,XGBoost,5.1752489525824785e-05,0.00019363692263141274,3.412442674743943e-05,6.031392331351526e-05,0.9996601343154907
18020,4,4,XGBoost,3.17201811412815e-05,2.423104342597071e-05,2.3091453840606846e-05,0.00019338716811034828,0.9997275471687317
11315,0,0,XGBoost,0.9996936321258545,3.9761416701367125e-05,0.00020026243873871863,2.4964632757473737e-05,4.135448398301378e-05
18342,4,4,XGBoost,2.665274587343447e-05,8.780291682342067e-05,1.940251240739599e-05,2.245754330942873e-05,0.9998437166213989
16069,3,3,XGBoost,8.676057041157037e-05,0.00013256422244012356,6.315940117929131e-05,0.9996381998062134,7.933607412269339e-05
12737,2,2,XGBoost,6.85668273945339e-05,4.369284215499647e-05,0.9997883439064026,2.143346682714764e-05,7.800992898410186e-05
12153,2,2,XGBoost,4.626852387445979e-05,2.948366636701394e-05,0.9998539686203003,1.5325362255680375e-05,5.4929827456362545e-05
14203,1,1,XGBoost,3.761443076655269e-05,0.9998711347579956,2.7382333428249694e-05,1.5603711290168576e-05,4.827389057027176e-05
12628,2,2,XGBoost,4.626877489499748e-05,2.9483828257070854e-05,0.9998594522476196,9.821781532082241e-06,5.4930129408603534e-05
17934,4,4,XGBoost,3.074929190916009e-05,2.348937778151594e-05,2.8480051696533337e-05,4.508212077780627e-05,0.9998722076416016
18728,4,4,XGBoost,3.631403160397895e-05,0.000191576880752109,2.6435678591951728e-05,4.672428985941224e-05,0.9996989965438843
14042,1,1,XGBoost,4.395329597173259e-05,0.9998064637184143,3.654847023426555e-05,6.755821232218295e-05,4.550686935544945e-05
12403,2,2,XGBoost,5.108136247145012e-05,2.948332257801667e-05,0.9998422861099243,9.821613275562413e-06,6.726002902723849e-05
18632,4,4,XGBoost,6.701199163217098e-05,4.8896796215558425e-05,5.6218119425466284e-05,0.0001028632468660362,0.9997250437736511
18164,4,4,XGBoost,4.210858605802059e-05,0.00014859686780255288,2.776545261440333e-05,0.00010739613935584202,0.9996742010116577
16062,3,3,XGBoost,9.753277117852122e-05,0.0003199416387360543,7.100134098436683e-05,0.9994326233863831,7.885845116106793e-05
17744,4,4,XGBoost,4.42337550339289e-05,3.379015834070742e-05,3.678167922771536e-05,0.00023932276235427707,0.9996458292007446
11159,0,0,XGBoost,0.9998319149017334,3.10560135403648e-05,7.500344509026036e-05,1.730927760945633e-05,4.4639917177846655e-05
12012,2,2,XGBoost,4.261226058588363e-05,2.94842102448456e-05,0.9998724460601807,1.3080270946375094e-05,4.238060500938445e-05
11168,0,0,XGBoost,0.9996936321258545,3.9761416701367125e-05,0.00020026243873871863,2.4964632757473737e-05,4.135448398301378e-05
18443,4,4,XGBoost,2.6652040105545893e-05,9.851146751316264e-05,1.940199945238419e-05,3.811235001194291e-05,0.9998173117637634
13061,2,2,XGBoost,4.987253123545088e-05,3.178027691319585e-05,0.9998512268066406,1.887636972242035e-05,4.818641173187643e-05
17590,4,4,XGBoost,2.5196502974722534e-05,1.9247623640694655e-05,1.9410224922467023e-05,4.497990812524222e-05,0.9998911619186401
14978,1,1,XGBoost,3.966491567553021e-05,0.9998242259025574,3.055602064705454e-05,6.654080789303407e-05,3.899872172041796e-05
13671,2,2,XGBoost,8.159546268871054e-05,4.709560744231567e-05,0.9997724890708923,1.568867992318701e-05,8.317979518324137e-05
13529,2,2,XGBoost,0.00014145325985737145,9.505647176411003e-05,0.9995998740196228,4.890101990895346e-05,0.00011476457439130172
12157,2,2,XGBoost,0.00011854289914481342,9.055490227183327e-05,0.9995984435081482,3.2518873922526836e-05,0.00015993717534001917
10754,0,0,XGBoost,0.9996548891067505,0.00011781699140556157,5.404729017755017e-05,9.31985123315826e-05,8.00758643890731e-05
16991,3,3,XGBoost,7.902969809947535e-05,6.037082857801579e-05,5.753157893195748e-05,0.9997267127037048,7.637332601007074e-05
14561,1,1,XGBoost,3.966688382206485e-05,0.9998737573623657,2.8876469514216296e-05,2.2516334865940735e-05,3.518200901453383e-05
10871,0,0,XGBoost,0.9997943043708801,3.1054845749167725e-05,0.00012045199400745332,1.2106483154639136e-05,4.2077470425283536e-05
12451,2,2,XGBoost,5.500646511791274e-05,3.1748859328217804e-05,0.9998358488082886,1.0576309250609484e-05,6.673782627331093e-05
13422,2,2,XGBoost,5.10824793309439e-05,2.9483968319254927e-05,0.9998642206192017,1.2787816558557097e-05,4.238025576341897e-05
15685,1,1,XGBoost,3.76142306777183e-05,0.9998658895492554,2.7382189728086814e-05,3.025514342880342e-05,3.882933742715977e-05
17787,4,4,XGBoost,2.3640710423933342e-05,2.9070501113892533e-05,1.8211712813354097e-05,9.035356197273359e-05,0.9998387098312378
15874,1,1,XGBoost,6.198890332598239e-05,0.9997783303260803,4.512632222031243e-05,4.443305806489661e-05,7.010503759374842e-05
10574,0,0,XGBoost,0.9996969699859619,7.818251469871029e-05,4.804403579328209e-05,0.00011033126793336123,6.65061961626634e-05
14303,1,1,XGBoost,3.9665799704380333e-05,0.9998464584350586,2.887568189180456e-05,4.9718812078936026e-05,3.530123285599984e-05
14780,1,1,XGBoost,3.761462357942946e-05,0.9998762607574463,2.7382473490433767e-05,2.869445233955048e-05,3.0062179575907066e-05
11174,0,0,XGBoost,0.9993440508842468,3.7690952012781054e-05,0.0005593323730863631,1.5774263374623843e-05,4.3137784814462066e-05
11833,0,0,XGBoost,0.9998840093612671,2.9666023692698218e-05,4.013751458842307e-05,1.7111511624534614e-05,2.9098280720063485e-05
13926,2,2,XGBoost,0.1356014907360077,0.10358602553606033,0.5090999007225037,0.08907220512628555,0.16264037787914276
12780,2,2,XGBoost,3.859685966745019e-05,2.948413384729065e-05,0.9998698234558105,1.5325604181271046e-05,4.671075657824986e-05
13451,2,2,XGBoost,3.859735079458915e-05,2.9484510378097184e-05,0.9998825788497925,1.0135030606761575e-05,3.917235881090164e-05
12021,2,2,XGBoost,4.2612144170561805e-05,2.9484130209311843e-05,0.999869704246521,1.3497093277692329e-05,4.470490966923535e-05
13940,2,2,XGBoost,6.45111795165576e-05,4.4636475649895146e-05,0.9997816681861877,1.6793635950307362e-05,9.234993194695562e-05
14784,1,1,XGBoost,3.76143361791037e-05,0.999868631362915,2.738226430665236e-05,3.745582580449991e-05,2.894378667406272e-05
14518,1,1,XGBoost,3.7614121538354084e-05,0.9998629093170166,2.7382107873563655e-05,2.885762842197437e-05,4.320301013649441e-05
11578,0,0,XGBoost,0.9998688697814941,3.2637923141010106e-05,5.4217627621255815e-05,1.9502194845699705e-05,2.478490750945639e-05
17169,3,3,XGBoost,5.674912972608581e-05,4.5716031308984384e-05,4.131190507905558e-05,0.9997945427894592,6.172808934934437e-05
11849,0,0,XGBoost,0.9998793601989746,3.2993906643241644e-05,4.13826055591926e-05,1.711143158900086e-05,2.909814429585822e-05
12527,2,2,XGBoost,3.859675780404359e-05,2.9484055630746298e-05,0.9998672008514404,9.82185792963719e-06,5.4930555052123964e-05
13574,2,2,XGBoost,4.626833469956182e-05,2.9483546313713305e-05,0.9998499155044556,1.0587740689516068e-05,6.376340752467513e-05
10185,0,0,XGBoost,0.9998151659965515,3.671203012345359e-05,6.630911229876801e-05,1.761173552949913e-05,6.419677083613351e-05
14383,1,1,XGBoost,3.966360600315966e-05,0.9997912049293518,3.0555012926924974e-05,8.314851584145799e-05,5.540253550861962e-05
15560,1,1,XGBoost,5.368297570385039e-05,0.9998026490211487,3.907982318196446e-05,3.740148895303719e-05,6.726454012095928e-05
14044,1,1,XGBoost,3.7614769098581746e-05,0.9998801946640015,2.7382580810808577e-05,1.7985323211178184e-05,3.681090674945153e-05
12163,2,2,XGBoost,5.10828904225491e-05,2.9484204787877388e-05,0.9998722076416016,1.3080267308396287e-05,3.41052764269989e-05
16566,3,3,XGBoost,8.268955571111292e-05,7.36794900149107e-05,6.019586362526752e-05,0.9997168183326721,6.65496481815353e-05
17015,3,3,XGBoost,4.195692599751055e-05,0.00012974347919225693,3.4888431400759146e-05,0.9997557997703552,3.7568148400168866e-05
18067,4,4,XGBoost,3.434871177887544e-05,2.872357435990125e-05,2.6460638764547184e-05,0.00014321331400424242,0.9997672438621521
11638,0,0,XGBoost,0.9998880624771118,2.9666143745998852e-05,4.3126954551553354e-05,1.6655361832818016e-05,2.2528127374243923e-05
16425,3,3,XGBoost,2.090623638650868e-05,3.049649967579171e-05,1.5219200577121228e-05,0.9999141693115234,1.9206552678951994e-05
11918,0,0,XGBoost,0.9998561143875122,3.6617588193621486e-05,5.0265130994375795e-05,2.1121208192198537e-05,3.591680433601141e-05
14793,1,1,XGBoost,3.761395419132896e-05,0.9998584985733032,2.738198782026302e-05,3.963579729315825e-05,3.681010639411397e-05
10234,0,0,XGBoost,0.9998072981834412,2.8128923077019863e-05,0.00010553161700954661,9.37042113946518e-06,4.968103166902438e-05
14904,1,1,XGBoost,3.965836003771983e-05,0.9996589422225952,2.88702649413608e-05,0.00024063774617388844,3.1925246730679646e-05
10851,0,0,XGBoost,0.9997959733009338,3.1054896680871025e-05,0.00011357416224200279,1.7308653696090914e-05,4.207753954688087e-05
10079,0,0,XGBoost,0.9998044371604919,2.8128843041486107e-05,0.0001056569890351966,9.370394764118828e-06,5.2405710448510945e-05
16137,3,3,XGBoost,2.4940914954640903e-05,7.035186717985198e-05,1.815634277591016e-05,0.9998607635498047,2.5822500901995227e-05
18319,4,4,XGBoost,6.700808444293216e-05,0.00014389201533049345,4.4183627323945984e-05,7.809326780261472e-05,0.9996668100357056
15703,1,1,XGBoost,0.00010831405961653218,0.9996762275695801,6.577485328307375e-05,3.1332132493844256e-05,0.00011834732140414417
18865,4,4,XGBoost,3.97747935494408e-05,3.038398608623538e-05,0.0003665887634269893,5.4057200031820685e-05,0.9995092153549194
12830,2,2,XGBoost,0.00014732367708347738,0.00011868118599522859,0.9995303153991699,6.036196282366291e-05,0.00014328741235658526
14431,1,1,XGBoost,5.0243539590155706e-05,0.999823272228241,3.657600245787762e-05,3.773546632146463e-05,5.2162220526952296e-05
12484,2,2,XGBoost,5.1081995479762554e-05,2.948368819488678e-05,0.9998546838760376,9.82173514785245e-06,5.4929867474129423e-05
19027,4,4,XGBoost,6.510322418762371e-05,4.3749314500018954e-05,0.00010503886733204126,6.889872020110488e-05,0.9997171759605408
10217,0,0,XGBoost,0.9998108744621277,2.8129023121437058e-05,0.00010202782141277567,9.370454790769145e-06,4.968120629200712e-05
10565,0,0,XGBoost,0.999705970287323,7.818322046659887e-05,5.0841372285503894e-05,9.071833483176306e-05,7.426207594107836e-05
12795,2,2,XGBoost,4.261231515556574e-05,2.9484250262612477e-05,0.9998737573623657,9.821922503761016e-06,4.4282209273660555e-05
11957,2,2,XGBoost,4.160259049967863e-05,3.1780244171386585e-05,0.9998501539230347,1.0586763892206363e-05,6.5866086515598e-05
14523,1,1,XGBoost,3.761494008358568e-05,0.9998847246170044,2.738270632107742e-05,1.9807999706245027e-05,3.0412915293709375e-05
16405,3,3,XGBoost,7.506817928515375e-05,0.00014917433145456016,5.464764399221167e-05,0.9996370077133179,8.405400876654312e-05
16890,3,3,XGBoost,5.5156317102955654e-05,8.350321149919182e-05,4.0152335714083165e-05,0.9997649788856506,5.617272108793259e-05
16536,3,3,XGBoost,2.6030093067674898e-05,0.00012852282088715583,1.8949218429042958e-05,0.9998026490211487,2.391384077782277e-05
13349,2,2,XGBoost,3.859675780404359e-05,2.9484055630746298e-05,0.9998672008514404,9.82185792963719e-06,5.4930555052123964e-05
17800,4,4,XGBoost,3.438896601437591e-05,2.626972673169803e-05,2.5034256395883858e-05,6.589965050807223e-05,0.9998483657836914
14859,1,1,XGBoost,4.1679697460494936e-05,0.9998202919960022,3.034174551430624e-05,6.899051368236542e-05,3.8708032661816105e-05
10782,0,0,XGBoost,0.9997853636741638,3.105456562479958e-05,0.00012162936036475003,1.7308469978161156e-05,4.4637836253969e-05
18516,4,4,XGBoost,3.814177034655586e-05,0.0001124011178035289,2.7766200219048187e-05,0.000120623990369495,0.9997010827064514
16364,3,3,XGBoost,1.6485450032632798e-05,3.160924097755924e-05,1.2000970855297055e-05,0.9999194145202637,2.0528765162453055e-05
17513,4,4,XGBoost,4.48376449639909e-05,3.425150498514995e-05,3.2640651625115424e-05,0.000197984540136531,0.9996902942657471
14369,1,1,XGBoost,3.761451444006525e-05,0.9998733997344971,2.7382395273889415e-05,2.690922156034503e-05,3.4650460293050855e-05
10735,0,0,XGBoost,0.9996743202209473,0.00011781927605625242,5.083976066089235e-05,9.320032404502854e-05,6.385528104146942e-05
14396,1,1,XGBoost,5.935129593126476e-05,0.9995918869972229,4.3206211557844654e-05,0.00024145166389644146,6.412131915567443e-05
13399,2,2,XGBoost,5.506096204044297e-05,3.178031329298392e-05,0.9998522996902466,1.519854868092807e-05,4.5681015762966126e-05
12249,2,2,XGBoost,4.626795634976588e-05,2.9483304388122633e-05,0.9998416900634766,1.5325173080782406e-05,6.725999264745042e-05
14517,1,1,XGBoost,3.761444895644672e-05,0.9998716115951538,2.738234616117552e-05,2.7959828003076836e-05,3.539189128787257e-05
17350,3,3,XGBoost,2.8665959689533338e-05,2.1897942133364268e-05,2.208293335570488e-05,0.999906063079834,2.1233910956652835e-05
13561,2,2,XGBoost,4.626877489499748e-05,2.9483828257070854e-05,0.9998594522476196,9.821781532082241e-06,5.4930129408603534e-05
15744,1,1,XGBoost,0.0006378067773766816,0.9979356527328491,0.0005933537613600492,0.00022629827435594052,0.0006068894290365279
16780,3,3,XGBoost,2.373597635596525e-05,0.00010860952897928655,1.7279178791795857e-05,0.9998273253440857,2.3021982997306623e-05
11140,0,0,XGBoost,0.9998034834861755,3.105512951151468e-05,0.0001061529983417131,1.7308782844338566e-05,4.207785605103709e-05
16054,3,3,XGBoost,4.416432784637436e-05,0.00014902945258654654,3.215048855054192e-05,0.9997219443321228,5.2747043810086325e-05
12627,2,2,XGBoost,5.1081995479762554e-05,2.948368819488678e-05,0.9998546838760376,9.82173514785245e-06,5.4929867474129423e-05
11850,0,0,XGBoost,0.9998843669891357,2.966603460663464e-05,3.977022061008029e-05,1.7111517081502825e-05,2.9098289815010503e-05
10697,0,0,XGBoost,0.9997223019599915,3.670862133731134e-05,5.8343262935522944e-05,9.320479875896126e-05,8.941935811890289e-05
16382,3,3,XGBoost,2.4761569875408895e-05,6.946971552679315e-05,1.8025766621576622e-05,0.9998642206192017,2.3469418010790832e-05
15122,1,1,XGBoost,5.264232095214538e-05,0.9997134804725647,3.8322254113154486e-05,0.00015129796520341188,4.422025813255459e-05
13731,2,2,XGBoost,0.00022254313807934523,0.00014954866492189467,0.9993948936462402,7.75111693656072e-05,0.00015554041601717472
15234,1,1,XGBoost,4.1750536183826625e-05,0.9997054934501648,3.039331568288617e-05,0.00017719077004585415,4.5203061745269224e-05
17891,4,4,XGBoost,5.8780362451216206e-05,6.230211874935776e-05,4.279059066902846e-05,0.00051549804629758,0.9993206262588501
15170,1,1,XGBoost,5.7550976634956896e-05,0.9996727705001831,4.189562605461106e-05,0.0001699365529930219,5.78185536141973e-05
16354,3,3,XGBoost,5.700130350305699e-05,0.0001599197566974908,4.149543747189455e-05,0.9996764659881592,6.519040471175686e-05
18881,4,4,XGBoost,4.118622746318579e-05,2.624510307214223e-05,0.0003409863275010139,3.4217897336930037e-05,0.9995573163032532
17323,3,3,XGBoost,4.5334043534239754e-05,3.463070243014954e-05,3.300201569800265e-05,0.9998427629470825,4.4252974475966766e-05
17347,3,3,XGBoost,2.4136625143000856e-05,1.8437982362229377e-05,1.757084100972861e-05,0.9999165534973145,2.3303304260480218e-05
18869,4,4,XGBoost,3.548823224264197e-05,2.2614167392021045e-05,0.00014214366092346609,1.737284765113145e-05,0.999782383441925
18201,4,4,XGBoost,5.4033058404456824e-05,4.814543353859335e-05,5.0045524403685704e-05,9.67882588156499e-05,0.9997510313987732
10331,0,0,XGBoost,0.9997909665107727,2.812846469169017e-05,0.00012192002031952143,9.370268344355281e-06,4.9680220399750397e-05
15743,1,1,XGBoost,0.0002039167593466118,0.9993995428085327,0.00012383070134092122,7.863835344323888e-05,0.00019403207988943905
16655,3,3,XGBoost,5.255032374407165e-05,0.0002535765524953604,3.8255282561294734e-05,0.999599039554596,5.665222488460131e-05
17692,4,4,XGBoost,3.05996036331635e-05,2.337505247851368e-05,3.024437501153443e-05,0.00027991848764941096,0.9996358156204224
17802,4,4,XGBoost,2.803661482175812e-05,2.1417186871985905e-05,4.307206108933315e-05,3.9906972233438864e-05,0.9998675584793091
14882,1,1,XGBoost,3.761458719964139e-05,0.9998753070831299,2.7382448024582118e-05,2.4294256945722736e-05,3.5441604268271476e-05
10325,0,0,XGBoost,0.9998071789741516,2.8128919439041056e-05,0.00010565728007350117,9.370420229970478e-06,4.9681024393066764e-05
17232,3,3,XGBoost,7.177243969636038e-05,5.80414998694323e-05,5.2248433348722756e-05,0.9997580647468567,5.985606912872754e-05
17866,4,4,XGBoost,4.0636183257447556e-05,2.8116955945733935e-05,2.8354455935186706e-05,3.2984222343657166e-05,0.9998699426651001
12954,2,2,XGBoost,5.108214099891484e-05,2.9483771868399344e-05,0.9998575448989868,9.821763342188206e-06,5.207394860917702e-05
15195,1,1,XGBoost,3.761437619687058e-05,0.999869704246521,2.738229522947222e-05,2.967459658975713e-05,3.556451338226907e-05
11522,0,0,XGBoost,0.9997411370277405,3.6016394005855545e-05,0.00017063156701624393,2.4801649487926625e-05,2.735048474278301e-05
18615,4,4,XGBoost,4.4771313696401194e-05,7.585044659208506e-05,2.95211975753773e-05,5.217785292188637e-05,0.9997976422309875
12908,2,2,XGBoost,4.626877489499748e-05,2.9483828257070854e-05,0.9998594522476196,9.821781532082241e-06,5.4930129408603534e-05
13519,2,2,XGBoost,0.00010557231144048274,6.0934664361411706e-05,0.9997188448905945,2.7032812795368955e-05,8.758748299442232e-05
18614,4,4,XGBoost,6.672810559393838e-05,5.3754905820824206e-05,0.00010544410906732082,8.67257040226832e-05,0.9996873140335083
14495,1,1,XGBoost,3.9663758798269555e-05,0.9997950196266174,2.887419395847246e-05,9.619188494980335e-05,4.025046655442566e-05
15073,1,1,XGBoost,5.3336443670559675e-05,0.9996179342269897,3.8827554817544296e-05,0.000246049661654979,4.385901047498919e-05
10052,0,0,XGBoost,0.9995976090431213,2.8123024094384164e-05,0.00031256748479790986,9.368455721414648e-06,5.239486927166581e-05
11711,0,0,XGBoost,0.9998818635940552,2.9665960028069094e-05,4.928059934172779e-05,1.6655258150422014e-05,2.252798731205985e-05
18681,4,4,XGBoost,2.6652040105545893e-05,9.851146751316264e-05,1.940199945238419e-05,3.811235001194291e-05,0.9998173117637634
16783,3,3,XGBoost,2.407690953987185e-05,7.618306699441746e-05,1.7527368981973268e-05,0.9998559951782227,2.621651947265491e-05
14451,1,1,XGBoost,4.1122559196082875e-05,0.999849796295166,2.9936163628008217e-05,3.8010140997357666e-05,4.1104995034402236e-05
13470,2,2,XGBoost,0.00011760741472244263,8.984037413029e-05,0.9996187686920166,3.879797804984264e-05,0.00013493069855030626
10008,0,0,XGBoost,0.999808132648468,2.812894672388211e-05,0.00010202754492638633,9.370429324917495e-06,5.240590326138772e-05
17539,4,4,XGBoost,5.129567580297589e-05,7.627705053891987e-05,3.734193160198629e-05,0.0002519483387004584,0.9995831847190857
14534,1,1,XGBoost,3.9666821976425126e-05,0.9998722076416016,2.8876424039481208e-05,2.873486482712906e-05,3.052318061236292e-05
12308,2,2,XGBoost,4.626877489499748e-05,2.9483828257070854e-05,0.9998594522476196,9.821781532082241e-06,5.4930129408603534e-05
14341,1,1,XGBoost,3.966616714023985e-05,0.9998557567596436,2.8875949283246882e-05,3.995638689957559e-05,3.575452501536347e-05
17121,3,3,XGBoost,6.842083530500531e-05,5.22667178302072e-05,4.980860830983147e-05,0.9997808337211609,4.872918361797929e-05
17218,3,3,XGBoost,5.447896910482086e-05,4.1616476664785296e-05,3.965924770454876e-05,0.9998157620429993,4.848783646593802e-05
18312,4,4,XGBoost,4.009367694379762e-05,0.00013423034397419542,2.6436866392032243e-05,5.540150232263841e-05,0.9997438788414001
17896,4,4,XGBoost,5.369157952372916e-05,3.4213859180454165e-05,0.0002423976402496919,2.628408583404962e-05,0.9996434450149536
13599,2,2,XGBoost,4.9872549425344914e-05,3.178028782713227e-05,0.9998515844345093,1.0586778444121592e-05,5.613003304461017e-05
11831,0,0,XGBoost,0.9998834133148193,2.9666007321793586e-05,4.072262527188286e-05,1.7111500710598193e-05,2.909826253016945e-05
16815,3,3,XGBoost,7.331302185775712e-05,5.600386066362262e-05,5.336998947313987e-05,0.9997765421867371,4.076268305652775e-05
13020,2,2,XGBoost,3.859699791064486e-05,2.9484239348676056e-05,0.9998733997344971,1.6766145563451573e-05,4.1761533793760464e-05
14629,1,1,XGBoost,3.761479092645459e-05,0.9998807907104492,2.738259718171321e-05,2.0865105398115702e-05,3.336193549330346e-05
12443,2,2,XGBoost,4.987312786397524e-05,3.1780655262991786e-05,0.9998631477355957,1.1956874914176296e-05,4.323080065660179e-05
10497,0,0,XGBoost,0.9997019171714783,7.818290032446384e-05,5.487864837050438e-05,9.071797103388235e-05,7.426177762681618e-05
11844,0,0,XGBoost,0.9998834133148193,2.9666007321793586e-05,4.072262527188286e-05,1.7111500710598193e-05,2.909826253016945e-05
17379,3,3,XGBoost,2.848041731340345e-05,2.1756208298029378e-05,2.0733010387630202e-05,0.9998841285705566,4.4927848648512736e-05
11124,0,0,XGBoost,0.9997853636741638,3.105456562479958e-05,0.00012130292452638969,2.0244819097570144e-05,4.2077095713466406e-05
15979,3,3,XGBoost,4.988436194253154e-05,0.00011013557377737015,3.631448998930864e-05,0.9997574687004089,4.6168279368430376e-05
12683,2,2,XGBoost,4.626867303159088e-05,2.9483760954462923e-05,0.9998571872711182,1.2100250387447886e-05,5.493000571732409e-05
10767,0,0,XGBoost,0.9996422529220581,9.74228823906742e-05,6.364579894579947e-05,0.00011613925744313747,8.04942028480582e-05
18433,4,4,XGBoost,3.274444679846056e-05,0.0001727453200146556,2.3837113985791802e-05,7.357081631198525e-05,0.9996970891952515
18463,4,4,XGBoost,4.036629616166465e-05,7.174738129833713e-05,2.9385621019173414e-05,7.097157504176721e-05,0.9997875094413757
10240,0,0,XGBoost,0.9997393488883972,3.670924706966616e-05,0.00015061747399158776,1.2228734703967348e-05,6.111609400250018e-05
13080,2,2,XGBoost,4.982362224836834e-05,3.174908124492504e-05,0.9998427629470825,1.650288686505519e-05,5.915042493143119e-05
14729,1,1,XGBoost,3.7614459870383143e-05,0.9998719692230225,2.738235707511194e-05,2.0709874661406502e-05,4.232746869092807e-05
10110,0,0,XGBoost,0.9998089671134949,2.8128970370744355e-05,0.00010109393770108,9.37043660087511e-06,5.2405946917133406e-05
18734,4,4,XGBoost,2.9504270059987903e-05,0.00015565157809760422,2.147834857169073e-05,3.036666748812422e-05,0.9997629523277283
12061,2,2,XGBoost,5.108152618049644e-05,2.9483417165465653e-05,0.9998455047607422,1.0290012141922489e-05,6.365193985402584e-05
13082,2,2,XGBoost,0.00022062200878281146,0.00012733951734844595,0.9993632435798645,6.509743252536282e-05,0.00022373668616637588
11206,0,0,XGBoost,0.9996994733810425,3.976164953201078e-05,0.00020026361744385213,1.919160786201246e-05,4.135472408961505e-05
17984,4,4,XGBoost,3.2891395676415414e-05,2.5125755200861022e-05,2.5337991246487945e-05,4.970574809703976e-05,0.9998669624328613
12924,2,2,XGBoost,4.987225838704035e-05,3.178010229021311e-05,0.9998457431793213,2.436423528706655e-05,4.818614979740232e-05
10788,0,0,XGBoost,0.9997922778129578,3.10547802655492e-05,0.00011437678040238097,2.0244959159754217e-05,4.207738675177097e-05
13705,2,2,XGBoost,0.00018405124137643725,0.00012734845222439617,0.9994333386421204,4.242283830535598e-05,0.0002128550549969077
11841,0,0,XGBoost,0.9998834133148193,2.9666007321793586e-05,4.072262527188286e-05,1.7111500710598193e-05,2.909826253016945e-05
11048,0,0,XGBoost,0.999788224697113,3.105465657426976e-05,0.00012130326649639755,1.7308519090875052e-05,4.207721576676704e-05
10947,0,0,XGBoost,0.9998337030410767,3.105606811004691e-05,7.500358333345503e-05,1.814255847421009e-05,4.207913298159838e-05
10687,0,0,XGBoost,0.9996947050094604,0.0001178216771222651,4.804392665391788e-05,7.564341649413109e-05,6.385658343788236e-05
17620,4,4,XGBoost,3.559001925168559e-05,4.596116559696384e-05,3.29635149682872e-05,4.454989539226517e-05,0.9998408555984497
10451,0,0,XGBoost,0.9997361302375793,7.818557787686586e-05,5.084290387458168e-05,6.0540442063938826e-05,7.426431693602353e-05
15318,1,1,XGBoost,3.7613455788232386e-05,0.9998452663421631,2.7381625841371715e-05,4.5412260078592226e-05,4.42566342826467e-05
11915,0,0,XGBoost,0.9998561143875122,3.6617588193621486e-05,5.0265130994375795e-05,2.1121208192198537e-05,3.591680433601141e-05
14952,1,1,XGBoost,4.860270200879313e-05,0.9996738433837891,3.538151577231474e-05,0.00020128226606175303,4.085621549165808e-05
11016,0,0,XGBoost,0.9998001456260681,3.105502401012927e-05,0.00010947310511255637,1.7308726455667056e-05,4.207771780784242e-05
12732,2,2,XGBoost,5.108241384732537e-05,2.9483930120477453e-05,0.9998629093170166,9.821816092880908e-06,4.6710432798136026e-05
18701,4,4,XGBoost,2.6650424842955545e-05,9.850548667600378e-05,1.9400822566240095e-05,9.886575571727008e-05,0.9997566342353821
12632,2,2,XGBoost,4.626877489499748e-05,2.9483828257070854e-05,0.9998594522476196,9.821781532082241e-06,5.4930129408603534e-05
18327,4,4,XGBoost,3.631756771937944e-05,9.05477863852866e-05,2.6438252461957745e-05,5.037349910708144e-05,0.9997963309288025
11930,0,0,XGBoost,0.9948493838310242,0.00023024306574370712,0.004561677109450102,0.00013280549319460988,0.00022583671670872718
18366,4,4,XGBoost,2.665091960807331e-05,0.00014059855311643332,1.9401182726141997e-05,3.811074930126779e-05,0.999775230884552
16837,3,3,XGBoost,0.00011083125718869269,0.00012388113827910274,8.068229362834245e-05,0.9995692372322083,0.00011531519703567028
16773,3,3,XGBoost,2.570344804553315e-05,0.0001240295241586864,1.8711447410169058e-05,0.9998077750205994,2.377787859586533e-05
10138,0,0,XGBoost,0.9997915625572205,2.81284810625948e-05,0.00011853809701278806,9.370273801323492e-06,5.240503742243163e-05
14712,1,1,XGBoost,3.966587610193528e-05,0.9998483657836914,2.8875736461486667e-05,4.5739823690382764e-05,3.737439328688197e-05
10372,0,0,XGBoost,0.9998071789741516,2.8128919439041056e-05,0.00010565728007350117,9.370420229970478e-06,4.9681024393066764e-05
16816,3,3,XGBoost,4.486317266128026e-05,8.368509588763118e-05,3.2659238058840856e-05,0.9998074173927307,3.142060086247511e-05
18765,4,4,XGBoost,3.771322008105926e-05,0.00013939589553046972,2.745425263128709e-05,0.00019373089889995754,0.9996017813682556
17788,4,4,XGBoost,3.547322194208391e-05,2.7098014470539056e-05,2.732690700213425e-05,9.669436985859647e-05,0.9998133778572083
10939,0,0,XGBoost,0.9997889399528503,3.10546784021426e-05,0.00012063355825375766,1.7308531823800877e-05,4.20772448705975e-05
11729,0,0,XGBoost,0.9998878240585327,2.966613828903064e-05,4.067436748300679e-05,1.665535819483921e-05,2.5155099137919024e-05
17053,3,3,XGBoost,3.273099355283193e-05,2.651028444233816e-05,2.5214423658326268e-05,0.9998935461044312,2.2026562874088995e-05
15968,3,3,XGBoost,3.781497071031481e-05,0.00014168211782816797,2.7528321879799478e-05,0.9997630715370178,2.9953327612020075e-05
13297,2,1,XGBoost,0.0003883757162839174,0.758551836013794,0.23980607092380524,0.0008030893513932824,0.0004506321856752038
18093,4,4,XGBoost,3.4231059544254094e-05,3.3106134651461616e-05,2.4919330826378427e-05,0.00012121841427870095,0.9997865557670593
17902,4,4,XGBoost,3.140723492833786e-05,2.399200457148254e-05,7.803863263688982e-05,1.843134123191703e-05,0.9998481273651123
14799,1,1,XGBoost,3.966165240854025e-05,0.9997419714927673,2.8872662369394675e-05,0.0001545752602396533,3.491867028060369e-05
14747,1,1,XGBoost,3.966391886933707e-05,0.9997990727424622,2.887431219278369e-05,9.846449393080547e-05,3.3923726732609794e-05
12114,2,2,XGBoost,4.1562787373550236e-05,3.174983794451691e-05,0.9998666048049927,1.710284414002672e-05,4.301356602809392e-05
16048,3,3,XGBoost,4.110693771508522e-05,0.00010936037870123982,2.992479312524665e-05,0.9997760653495789,4.352902396931313e-05
17164,3,3,XGBoost,0.00010336255218135193,0.00011932351480936632,7.524527609348297e-05,0.9996368885040283,6.51803711662069e-05
18276,4,4,XGBoost,6.83706603012979e-05,0.00016308558406308293,4.508211350184865e-05,6.496351852547377e-05,0.999658465385437
10204,0,0,XGBoost,0.9998071789741516,2.8128919439041056e-05,0.00010565728007350117,9.370420229970478e-06,4.9681024393066764e-05
14886,1,1,XGBoost,3.760999970836565e-05,0.9997534155845642,2.737911017902661e-05,0.00014455577183980495,3.707673022290692e-05
14943,1,1,XGBoost,4.804703712579794e-05,0.9996688365936279,3.497700527077541e-05,0.00019935882301069796,4.875770537182689e-05
15386,1,1,XGBoost,7.056230242596939e-05,0.9997194409370422,5.1367489504627883e-05,8.794895984465256e-05,7.060188363539055e-05
15129,1,1,XGBoost,3.966600343119353e-05,0.9998515844345093,2.8875829229946248e-05,4.68191210529767e-05,3.301376273157075e-05
15768,1,1,XGBoost,9.035335824592039e-05,0.9996771812438965,6.577491876669228e-05,5.4436572099803016e-05,0.00011227029608562589
10472,0,0,XGBoost,0.9997226595878601,7.818452286301181e-05,6.523229239974171e-05,6.740730896126479e-05,6.650790601270273e-05
10917,0,0,XGBoost,0.9997857213020325,3.1054576538736e-05,0.00012130296818213537,1.7308475435129367e-05,4.463785080588423e-05
17279,3,3,XGBoost,0.00016994928591884673,0.00012982422776985914,0.00015740735398139805,0.9994377493858337,0.00010507191473152488
10305,0,0,XGBoost,0.9998071789741516,2.8128919439041056e-05,0.00010565728007350117,9.370420229970478e-06,4.9681024393066764e-05
18310,4,4,XGBoost,3.7467514630407095e-05,9.341485565528274e-05,2.7275385946268216e-05,6.940891034901142e-05,0.9997724890708923
12640,2,2,XGBoost,4.626915688277222e-05,2.9484070182661526e-05,0.9998676776885986,9.821862477110699e-06,4.671065471484326e-05
16238,3,3,XGBoost,3.990653931396082e-05,0.00011256602010689676,2.9050932425889187e-05,0.9997833371162415,3.513426781864837e-05
18524,4,4,XGBoost,3.814504816546105e-05,7.352650573011488e-05,2.776858673314564e-05,7.354769331868738e-05,0.9997870326042175
18287,4,4,XGBoost,2.665293686732184e-05,7.489122072001919e-05,1.9402650650590658e-05,2.821448833856266e-05,0.999850869178772
16484,3,3,XGBoost,1.56157784658717e-05,1.45846170198638e-05,1.1367873412382323e-05,0.9999433755874634,1.507415345258778e-05
16176,3,3,XGBoost,5.050002800999209e-05,9.682888048700988e-05,3.890285734087229e-05,0.9997348189353943,7.891021232353523e-05
15005,1,1,XGBoost,4.403464117785916e-05,0.9998434782028198,3.661614755401388e-05,3.065637793042697e-05,4.513404201134108e-05
17748,4,4,XGBoost,3.6641544284066185e-05,2.5352961529279128e-05,3.073955303989351e-05,2.3687922293902375e-05,0.9998835325241089
13489,2,2,XGBoost,5.108182449475862e-05,2.948358996945899e-05,0.9998513460159302,1.6247948224190623e-05,5.180293010198511e-05
10647,0,0,XGBoost,0.9997285008430481,7.81849812483415e-05,5.107773540657945e-05,6.219828355824575e-05,8.008175791474059e-05
17690,4,4,XGBoost,5.871353641850874e-05,4.4851305574411526e-05,5.754640369559638e-05,0.0001082422022591345,0.99973064661026
12483,2,2,XGBoost,4.261221329215914e-05,2.948417932202574e-05,0.9998713731765747,9.82189885689877e-06,4.671082569984719e-05
12117,2,2,XGBoost,4.626920781447552e-05,2.948410292447079e-05,0.9998687505722046,1.3080221833661199e-05,4.238044857629575e-05
11357,0,0,XGBoost,0.9998018145561218,3.105507857981138e-05,0.00011865399574162439,1.2997057638131082e-05,3.554290742613375e-05
10942,0,0,XGBoost,0.999788224697113,3.105465657426976e-05,0.00012130326649639755,1.7308519090875052e-05,4.207721576676704e-05
17735,4,4,XGBoost,7.770062802592292e-05,5.376255285227671e-05,5.4216678108787164e-05,0.00019837576837744564,0.9996159076690674
10859,0,0,XGBoost,0.999792754650116,3.1054794817464426e-05,0.00011426835408201441,1.7308597307419404e-05,4.463816367206164e-05
15610,1,1,XGBoost,4.3951997213298455e-05,0.9997768998146057,3.199588900315575e-05,0.00010919862688751891,3.797591489274055e-05
15340,1,1,XGBoost,3.7613670428982005e-05,0.9998509883880615,2.738178227446042e-05,4.248510958859697e-05,4.155254646320827e-05
15571,1,1,XGBoost,0.006932152435183525,0.9760396480560303,0.006449000909924507,0.0030049458146095276,0.007574285846203566
16635,3,3,XGBoost,2.5926963644451462e-05,5.182508175494149e-05,1.8874161469284445e-05,0.9998754262924194,2.7950736694037914e-05
15668,1,1,XGBoost,0.00019698635151144117,0.9993938207626343,0.00011962203279836103,6.989212852204219e-05,0.0002196119021391496
12393,2,2,XGBoost,4.261186404619366e-05,2.9483937396435067e-05,0.9998631477355957,9.821817911870312e-06,5.493033313541673e-05
10793,0,0,XGBoost,0.9997957348823547,3.105488940491341e-05,0.00011133377120131627,1.7308650058112107e-05,4.46382982772775e-05
11760,0,0,XGBoost,0.9998844861984253,2.9666038244613446e-05,4.0137536416295916e-05,1.66553018061677e-05,2.909829345298931e-05
17576,4,4,XGBoost,3.635577377281152e-05,3.9295569877140224e-05,9.033444075612351e-05,0.00017823422967921942,0.9996557235717773
17345,3,3,XGBoost,4.0780927520245314e-05,3.115257641184144e-05,3.1415718694915995e-05,0.9998664855957031,3.0119825169094838e-05
16507,3,3,XGBoost,4.333972901804373e-05,0.00015422669821418822,3.155020749545656e-05,0.9997237324714661,4.7191140765789896e-05
10241,0,0,XGBoost,0.9998071789741516,2.8128919439041056e-05,0.00010565728007350117,9.370420229970478e-06,4.9681024393066764e-05
13165,2,2,XGBoost,4.626866211765446e-05,2.948375367850531e-05,0.9998569488525391,1.2339432032604236e-05,5.4929991165408865e-05
17926,4,4,XGBoost,2.9606842872453853e-05,2.2616684873355553e-05,2.4618970201117918e-05,2.9487255233107135e-05,0.9998936653137207
10671,0,0,XGBoost,0.9998002648353577,3.6711484426632524e-05,6.489452061941847e-05,2.1242114598862827e-05,7.693476072745398e-05
11032,0,0,XGBoost,0.9997833371162415,3.105450377915986e-05,0.00012362594134174287,1.730843541736249e-05,4.463774530449882e-05
15527,1,1,XGBoost,3.761405241675675e-05,0.9998611211776733,2.738205876084976e-05,2.9561924748122692e-05,4.425733277457766e-05
18007,4,4,XGBoost,2.263072929054033e-05,1.7287609807681292e-05,2.2367989004123956e-05,3.075983113376424e-05,0.9999068975448608
18003,4,4,XGBoost,3.0987121135694906e-05,2.3671060262131505e-05,3.062736868741922e-05,5.8609402913134545e-05,0.9998561143875122
18489,4,4,XGBoost,4.764646655530669e-05,0.00010759940050775185,3.1417006539413705e-05,4.88062905787956e-05,0.9997645020484924
12051,2,2,XGBoost,7.766018097754568e-05,4.9487407522974536e-05,0.9997647404670715,2.0711268007289618e-05,8.740416524233297e-05
12218,2,2,XGBoost,4.626877489499748e-05,2.9483828257070854e-05,0.9998594522476196,9.821781532082241e-06,5.4930129408603534e-05
16330,3,3,XGBoost,3.8752565160393715e-05,0.00019133985915686935,2.8210870368639007e-05,0.9996998310089111,4.19225798395928e-05
12139,2,2,XGBoost,4.6268389269243926e-05,2.9483582693501376e-05,0.9998511075973511,1.8170580005971715e-05,5.492967102327384e-05
11386,0,0,XGBoost,0.9997411370277405,3.6016394005855545e-05,0.00017063156701624393,2.4801649487926625e-05,2.735048474278301e-05
16301,3,3,XGBoost,6.556849257322028e-05,0.0001526621199445799,4.773216642206535e-05,0.9996705055236816,6.359614053508267e-05
18999,4,4,XGBoost,4.813016130356118e-05,2.7779940865002573e-05,0.00036092783557251096,3.110558827756904e-05,0.9995321035385132
13720,2,2,XGBoost,3.8597052480326965e-05,2.9484281185432337e-05,0.9998748302459717,1.4140805433271453e-05,4.298406565794721e-05
16096,3,3,XGBoost,3.373861909494735e-05,9.51678302953951e-05,2.4560846213717014e-05,0.999815046787262,3.1523220968665555e-05
17912,4,4,XGBoost,3.268893851782195e-05,2.4971075617941096e-05,2.5182027457049116e-05,5.134366074344143e-05,0.9998657703399658
10001,0,0,XGBoost,0.9998027682304382,2.8128795747761615e-05,0.0001073696039384231,9.370378393214196e-06,5.2405623137019575e-05
13911,2,2,XGBoost,0.00011243989138165489,8.589289791416377e-05,0.9996035695075989,5.2935352869099006e-05,0.00014512761845253408
11766,0,0,XGBoost,0.9998834133148193,2.9666007321793586e-05,4.072262527188286e-05,1.7111500710598193e-05,2.909826253016945e-05
11487,0,0,XGBoost,0.9997474551200867,3.6016619560541585e-05,0.00017063264385797083,1.8584234567242675e-05,2.7350657546776347e-05
15546,1,1,XGBoost,3.761462721740827e-05,0.9998763799667358,2.7382477128412575e-05,1.9603632608777843e-05,3.9051003113854676e-05
15996,3,3,XGBoost,2.4175365979317576e-05,0.00011318923498038203,1.7599026250536554e-05,0.9998237490653992,2.1284306058078073e-05
11195,0,0,XGBoost,0.9997027516365051,3.976178413722664e-05,0.0002002642722800374,1.577992588863708e-05,4.1354862332809716e-05
15549,1,1,XGBoost,3.7614481698255986e-05,0.9998725652694702,2.7382373446016572e-05,2.729732295847498e-05,3.510913302307017e-05
18428,4,4,XGBoost,2.665208921825979e-05,9.2911439423915e-05,1.9402034013182856e-05,4.1918785427697e-05,0.9998190999031067
13219,2,2,XGBoost,4.626915688277222e-05,2.9484070182661526e-05,0.9998676776885986,9.821862477110699e-06,4.671065471484326e-05
12535,2,2,XGBoost,5.5007370974635705e-05,3.1749383197166026e-05,0.9998522996902466,1.0576482964097522e-05,5.029951353208162e-05
18510,4,4,XGBoost,6.70094377710484e-05,0.00012380408588796854,4.418451862875372e-05,7.809483940945938e-05,0.9996869564056396
16149,3,3,XGBoost,0.00015309527225326747,0.00013641361147165298,0.000141797136166133,0.9994617104530334,0.00010700510756578296
18697,4,4,XGBoost,4.009387703263201e-05,0.00013381523604039103,2.64369973592693e-05,5.07870499859564e-05,0.9997488856315613
10457,0,0,XGBoost,0.9997207522392273,7.818437734385952e-05,5.1077342504868284e-05,7.564538827864453e-05,7.42631746106781e-05
16120,3,3,XGBoost,4.84017982671503e-05,0.0001365289353998378,3.523526174831204e-05,0.9997316002845764,4.818905654246919e-05
17137,3,3,XGBoost,0.00012424947635736316,9.491424134466797e-05,9.045041224453598e-05,0.9996035695075989,8.688068191986531e-05
16242,3,3,XGBoost,3.6315246688900515e-05,0.00017002824461087584,2.6436538973939605e-05,0.9997352957725525,3.19724167638924e-05
16182,3,3,XGBoost,0.00012730868184007704,0.00012033485836582258,0.0001179135506390594,0.9995205402374268,0.00011390391591703519
15869,1,1,XGBoost,0.00014209699293132871,0.9995627999305725,8.628988871350884e-05,5.0417002057656646e-05,0.00015841804270166904
19099,4,4,XGBoost,4.7695491957711056e-05,3.205133180017583e-05,7.792333781253546e-05,3.643242234829813e-05,0.9998058676719666
15090,1,1,XGBoost,4.336585698183626e-05,0.99983811378479,3.156919774482958e-05,4.15421454817988e-05,4.5416138164000586e-05
15001,1,1,XGBoost,3.761412517633289e-05,0.9998630285263062,2.7382111511542462e-05,3.450737858656794e-05,3.750494579435326e-05
11888,0,0,XGBoost,0.9997838139533997,6.1369726608973e-05,9.299902740167454e-05,2.5904470021487214e-05,3.5914206819143146e-05
14770,1,1,XGBoost,5.213173062657006e-05,0.9996477365493774,3.795052180066705e-05,0.00021633673168253154,4.589745367411524e-05
11896,0,0,XGBoost,0.9998297691345215,6.13725496805273e-05,5.020402022637427e-05,2.1120651581441052e-05,3.74690571334213e-05
10333,0,0,XGBoost,0.9998071789741516,2.8128919439041056e-05,0.00010565728007350117,9.370420229970478e-06,4.9681024393066764e-05
15050,1,1,XGBoost,5.125055758981034e-05,0.999804675579071,3.730908429133706e-05,5.5503867770312354e-05,5.122866787132807e-05
17045,3,3,XGBoost,7.266509783221409e-05,9.76906085270457e-05,5.289832188282162e-05,0.9997028708457947,7.382377225439996e-05
12647,2,2,XGBoost,5.108136247145012e-05,2.948332257801667e-05,0.9998422861099243,9.821613275562413e-06,6.726002902723849e-05
16216,3,3,XGBoost,0.0001379349414492026,0.0003669602156151086,0.00010041308269137517,0.9992361068725586,0.00015860082930885255
14270,1,1,XGBoost,3.76145908376202e-05,0.9998754262924194,2.7382451662560925e-05,2.285436130478047e-05,3.675929838209413e-05
15504,1,1,XGBoost,0.0001880392519524321,0.9993835687637329,0.00011418891517678276,7.428629032801837e-05,0.00023985718144103885
15380,1,1,XGBoost,3.966551594203338e-05,0.9998393058776855,2.8875474527012557e-05,3.488695074338466e-05,5.727079405914992e-05
16403,3,3,XGBoost,3.600765921873972e-05,4.641026316676289e-05,2.6212625016341917e-05,0.9998505115509033,4.085692853550427e-05
14688,1,1,XGBoost,3.966638178098947e-05,0.9998611211776733,2.8876103897346184e-05,3.29289905494079e-05,3.73748698621057e-05
15760,1,1,XGBoost,0.016477001830935478,0.9436624646186829,0.0127304308116436,0.008760601282119751,0.018369529396295547
13854,2,2,XGBoost,0.001552519854158163,0.03634944185614586,0.958617627620697,0.0005645419005304575,0.002915905322879553
13925,2,2,XGBoost,0.00011386860569473356,6.572315032826737e-05,0.9997005462646484,3.054758417420089e-05,8.940231782617047e-05
18170,4,4,XGBoost,3.274726259405725e-05,8.164621976902708e-05,2.3839165805839002e-05,7.865015504648909e-05,0.9997830986976624
13929,2,2,XGBoost,0.00016517200856469572,0.00013305946777109057,0.9994990825653076,4.2031926568597555e-05,0.00016064674127846956
18112,4,4,XGBoost,2.9160712074371986e-05,2.2275886294664815e-05,2.2464046196546406e-05,0.0001246837346116081,0.9998014569282532
14951,1,1,XGBoost,3.761462357942946e-05,0.9998762607574463,2.7382473490433767e-05,2.656031028891448e-05,3.2170974009204656e-05
14678,1,1,XGBoost,4.11229812016245e-05,0.9998600482940674,2.9936471037217416e-05,2.9363747671595775e-05,3.9515351090813056e-05
12059,2,2,XGBoost,3.859685966745019e-05,2.948413384729065e-05,0.9998698234558105,1.737151796987746e-05,4.4704913307214156e-05
12422,2,2,XGBoost,4.261184221832082e-05,2.948392284451984e-05,0.9998626708984375,1.5552903278148733e-05,4.9644659156911075e-05
18785,4,4,XGBoost,4.0093556890496984e-05,0.0001319172151852399,2.6436786356498487e-05,6.066695641493425e-05,0.9997408986091614
16656,3,3,XGBoost,4.132085814489983e-05,0.00016990755102597177,3.0080522265052423e-05,0.9997223019599915,3.637945337686688e-05
17547,4,4,XGBoost,4.62402640550863e-05,3.53229625034146e-05,3.562133133527823e-05,6.273730105021968e-05,0.9998200535774231
17892,4,4,XGBoost,3.240383375668898e-05,5.693654020433314e-05,2.3589154807268642e-05,4.9512964324094355e-05,0.9998375177383423
14967,1,1,XGBoost,4.403047205414623e-05,0.9997487664222717,3.205304892617278e-05,0.00013643197598867118,3.8765036151744425e-05
14974,1,1,XGBoost,4.3364649172872305e-05,0.9998102784156799,4.286119292373769e-05,6.223374657565728e-05,4.127860665903427e-05
16745,3,3,XGBoost,2.0968340322724544e-05,5.9146201238036156e-05,1.526441155874636e-05,0.9998819828033447,2.2605056074098684e-05
17758,4,4,XGBoost,3.469789226073772e-05,2.6505740606808104e-05,4.1234801756218076e-05,4.096376505913213e-05,0.9998565912246704
17391,3,3,XGBoost,2.479144313838333e-05,1.8938178982352838e-05,3.808653127634898e-05,0.9998949766159058,2.316328027518466e-05
11288,0,0,XGBoost,0.9997785687446594,3.105435462202877e-05,0.00012222562509123236,1.034495380736189e-05,5.785611574538052e-05
18590,4,4,XGBoost,3.427456977078691e-05,7.907301187515259e-05,2.259989923913963e-05,4.909062045044266e-05,0.999815046787262
15203,1,1,XGBoost,4.8135345423361287e-05,0.9996922016143799,3.5041255614487454e-05,0.00018223037477582693,4.237898247083649e-05
16993,3,3,XGBoost,1.545300256111659e-05,1.956934829649981e-05,1.1249387171119452e-05,0.9999427795410156,1.096957112167729e-05
12072,2,2,XGBoost,5.5007698392728344e-05,3.1749572372063994e-05,0.9998582601547241,1.4085254406381864e-05,4.093610550626181e-05
10149,0,0,XGBoost,0.9998044371604919,2.8128843041486107e-05,0.0001056569890351966,9.370394764118828e-06,5.2405710448510945e-05
13059,2,2,XGBoost,4.626866211765446e-05,2.948375367850531e-05,0.9998569488525391,1.2339432032604236e-05,5.4929991165408865e-05
16707,3,3,XGBoost,2.1976218704367056e-05,9.529479575576261e-05,1.599812094355002e-05,0.999847412109375,1.934816646098625e-05
10916,0,0,XGBoost,0.9997748732566833,3.105424184468575e-05,0.000132167391711846,1.73082880792208e-05,4.4637366954702884e-05
10109,0,0,XGBoost,0.9997441172599792,2.81271459243726e-05,0.00016600375238340348,9.369829058414325e-06,5.240254904492758e-05
18105,4,4,XGBoost,2.9671244192286395e-05,2.2665881260763854e-05,2.1599902538582683e-05,0.00015686122060287744,0.9997691512107849
13724,2,2,XGBoost,4.626836744137108e-05,2.9483568141586147e-05,0.9998506307601929,9.821695130085573e-06,6.376345118042082e-05
17134,3,3,XGBoost,5.235883145360276e-05,3.999694308731705e-05,4.0334831282962114e-05,0.9998021721839905,6.513037078548223e-05
15031,1,1,XGBoost,3.76138232240919e-05,0.9998550415039062,2.7381893232814036e-05,4.050747156725265e-05,3.939219095627777e-05
15530,1,1,XGBoost,0.0009220793144777417,0.9970640540122986,0.0006079986924305558,0.00037292021443136036,0.0010328901698812842
16113,3,3,XGBoost,2.572682024037931e-05,7.256870594574139e-05,1.8728445866145194e-05,0.9998593330383301,2.3635224351892248e-05
11703,0,0,XGBoost,0.9998904466629028,2.966621468658559e-05,4.072291267220862e-05,1.6655401850584894e-05,2.2528180124936625e-05
14101,1,1,XGBoost,3.761461266549304e-05,0.9998760223388672,2.7382468033465557e-05,1.9913401047233492e-05,3.905098856193945e-05
14743,1,1,XGBoost,3.7614321627188474e-05,0.9998682737350464,2.7382255211705342e-05,2.3129132387111895e-05,4.35481961176265e-05
10901,0,0,XGBoost,0.9997914433479309,3.105475479969755e-05,0.00012130365939810872,1.1550423550943378e-05,4.4638105464400724e-05
17003,3,3,XGBoost,6.119790486991405e-05,4.674911906477064e-05,4.4550502934725955e-05,0.9997915625572205,5.5968124797800556e-05
10100,0,0,XGBoost,0.9997674822807312,2.8127804398536682e-05,0.00014259107410907745,9.370048246637452e-06,5.240377504378557e-05
10751,0,0,XGBoost,0.9996851682662964,7.818159065209329e-05,5.404892726801336e-05,9.320133540313691e-05,8.941603300627321e-05
11270,0,0,XGBoost,0.9997027516365051,3.976178413722664e-05,0.0002002642722800374,1.577992588863708e-05,4.1354862332809716e-05
11002,0,0,XGBoost,0.9997788071632385,3.105436189798638e-05,0.00012400749255903065,2.1496722183655947e-05,4.4637541577685624e-05
17269,3,3,XGBoost,1.9419157979427837e-05,2.0582632714649662e-05,1.4136647223494947e-05,0.9999240636825562,2.1845335140824318e-05
17988,4,4,XGBoost,2.6079473173012957e-05,1.9922123101423495e-05,2.0090405087103136e-05,3.760863182833418e-05,0.9998962879180908
17817,4,4,XGBoost,4.543023169389926e-05,3.470418232609518e-05,3.307203951408155e-05,0.00048770217108540237,0.9993990659713745
17582,4,4,XGBoost,2.4559065423090942e-05,3.0199757020454854e-05,2.4273940653074533e-05,0.00011640317825367674,0.9998045563697815
16180,3,3,XGBoost,0.0001080754809663631,0.0005232779658399522,7.867609383538365e-05,0.9991794228553772,0.00011057386291213334
11899,0,0,XGBoost,0.9998446702957153,4.6544340875698254e-05,5.020476601202972e-05,2.1120966266607866e-05,3.746961374417879e-05
13237,2,2,XGBoost,5.885921564185992e-05,3.75068630091846e-05,0.9998226761817932,2.991813926200848e-05,5.102008071844466e-05
13244,2,2,XGBoost,6.676319753751159e-05,5.378318019211292e-05,0.9997934699058533,3.008641942869872e-05,5.593803143710829e-05
12680,2,2,XGBoost,4.261133653926663e-05,2.9483571779564954e-05,0.9998507499694824,9.821696039580274e-06,6.72605965519324e-05
17224,3,3,XGBoost,9.579538891557604e-05,0.00010056269820779562,6.973651761654764e-05,0.9996652603149414,6.86125349602662e-05
11004,0,0,XGBoost,0.9997857213020325,3.1054576538736e-05,0.00012130296818213537,1.7308475435129367e-05,4.463785080588423e-05
17694,4,4,XGBoost,4.926805559080094e-05,3.4089480323018506e-05,3.248624489060603e-05,4.2302948713768274e-05,0.9998418092727661
18077,4,4,XGBoost,3.1230309105012566e-05,2.3856828192947432e-05,2.2734837330062874e-05,4.6057437430135906e-05,0.9998761415481567
10281,0,0,XGBoost,0.9998072981834412,2.8128923077019863e-05,0.00010553161700954661,9.37042113946518e-06,4.968103166902438e-05
12506,2,2,XGBoost,5.108136247145012e-05,2.948332257801667e-05,0.9998422861099243,9.821613275562413e-06,6.726002902723849e-05
15448,1,1,XGBoost,7.426326192216948e-05,0.9995255470275879,5.406174386735074e-05,0.0002804666291922331,6.56636620988138e-05
11973,2,2,XGBoost,5.243596751824953e-05,3.8261034205788746e-05,0.999858021736145,2.063134525087662e-05,3.064858174184337e-05
13961,1,1,XGBoost,3.7614532629959285e-05,0.9998738765716553,2.738240800681524e-05,1.9913357391487807e-05,4.11927503591869e-05
17091,3,3,XGBoost,3.2325664506061e-05,6.0298370954114944e-05,2.3532251361757517e-05,0.9998456239700317,3.8248777855187654e-05
18695,4,4,XGBoost,2.6652040105545893e-05,9.851146751316264e-05,1.940199945238419e-05,3.811235001194291e-05,0.9998173117637634
15468,1,1,XGBoost,3.9666861994192004e-05,0.9998732805252075,2.8876454962301068e-05,2.6783765861182474e-05,3.142021887470037e-05
10868,0,0,XGBoost,0.9997730851173401,3.105418727500364e-05,0.00012968003284186125,2.149660031136591e-05,4.463728691916913e-05
13213,2,2,XGBoost,7.976741471793503e-05,6.093437332310714e-05,0.9997140765190125,3.755354191525839e-05,0.00010762169404188171
17732,4,4,XGBoost,2.2857668227516115e-05,1.746098314470146e-05,1.7608475900487974e-05,3.17425983666908e-05,0.9999103546142578
15569,1,1,XGBoost,0.00011159286077599972,0.9996397495269775,7.358182483585551e-05,4.845544754061848e-05,0.00012664958194363862
12649,2,2,XGBoost,4.2611733078956604e-05,2.948384644696489e-05,0.9998600482940674,1.3080108146823477e-05,5.4740066843805835e-05
15307,1,1,XGBoost,5.212409814703278e-05,0.9995013475418091,3.794496296904981e-05,0.0003542340127751231,5.429795783129521e-05
13882,2,2,XGBoost,7.004770304774866e-05,4.46365047537256e-05,0.9997822642326355,1.9908115064026788e-05,8.316046296386048e-05
13918,2,2,XGBoost,0.00011517255188664421,7.969002035679296e-05,0.9996589422225952,2.6546664230409078e-05,0.00011968595208600163
11117,0,0,XGBoost,0.9997709393501282,3.105411815340631e-05,0.00013785013288725168,1.814141978684347e-05,4.207648817100562e-05
16118,3,3,XGBoost,4.432544665178284e-05,0.0001250306231668219,3.2267780625261366e-05,0.999757707118988,4.0721773984842e-05
11141,0,0,XGBoost,0.999788224697113,3.105465657426976e-05,0.00012130326649639755,1.7308519090875052e-05,4.207721576676704e-05
12927,2,2,XGBoost,3.8596201193286106e-05,2.948363180621527e-05,0.9998527765274048,1.532534406578634e-05,6.376358942361549e-05
13112,2,2,XGBoost,0.001214703544974327,0.0007740455912426114,0.9961267113685608,0.0004425251390784979,0.0014420924708247185
16346,3,3,XGBoost,0.00011931657354580238,0.0002371042937738821,0.00011051123146899045,0.9994328618049622,0.00010019818728324026
10508,0,0,XGBoost,0.9997137188911438,7.818382437108085e-05,5.084176518721506e-05,9.071904059965163e-05,6.650731666013598e-05
15886,1,1,XGBoost,5.574163515120745e-05,0.9996933937072754,4.057847399963066e-05,0.00016540416982024908,4.487239493755624e-05
11000,0,0,XGBoost,0.9997768998146057,3.105430369032547e-05,0.00013013383431825787,1.7308324459008873e-05,4.463745790417306e-05
14339,1,1,XGBoost,3.9664559153607115e-05,0.9998152852058411,3.0555747798644006e-05,8.006626012502238e-05,3.4405409678583965e-05
12033,2,2,XGBoost,4.626880036084913e-05,2.9483842808986083e-05,0.9998599290847778,1.2198513104522135e-05,5.2074072300456464e-05
10195,0,0,XGBoost,0.9997372031211853,3.670917067211121e-05,0.0001506171392975375,1.4303285752248485e-05,6.111596303526312e-05
11997,2,2,XGBoost,9.355989459436387e-05,5.961912393104285e-05,0.9997197985649109,4.127007196075283e-05,8.569652709411457e-05
18047,4,4,XGBoost,3.338459646329284e-05,2.5502513381070457e-05,2.571792902017478e-05,6.31440052529797e-05,0.999852180480957
12510,2,2,XGBoost,5.1081995479762554e-05,2.948368819488678e-05,0.9998546838760376,9.82173514785245e-06,5.4929867474129423e-05
10174,0,0,XGBoost,0.9998069405555725,2.8128913982072845e-05,0.00010318608838133514,9.370417501486372e-06,5.2405841415748e-05
17528,4,4,XGBoost,4.569689554045908e-05,6.143468635855243e-05,3.5202781873522326e-05,0.00022811586677562445,0.9996294975280762
12700,2,2,XGBoost,5.108136247145012e-05,2.948332257801667e-05,0.9998422861099243,9.821613275562413e-06,6.726002902723849e-05
15113,1,1,XGBoost,0.0001588904415257275,0.9992942810058594,0.0001156681464635767,0.00027767702704295516,0.00015351448382716626
13507,2,2,XGBoost,4.9872549425344914e-05,3.178028782713227e-05,0.9998515844345093,1.0586778444121592e-05,5.613003304461017e-05
16308,3,3,XGBoost,2.0687901269411668e-05,1.580349817231763e-05,1.5060259102028795e-05,0.9999281167984009,2.0383369701448828e-05
11097,0,0,XGBoost,0.9997829794883728,3.105449286522344e-05,0.00012400800187606364,1.7308428141404875e-05,4.4637727114604786e-05
13015,2,2,XGBoost,4.16029870393686e-05,3.178054612362757e-05,0.9998596906661987,1.651926140766591e-05,5.034888454247266e-05
17966,4,4,XGBoost,3.625227327574976e-05,2.76931059488561e-05,3.8353289710357785e-05,3.071855826419778e-05,0.9998669624328613
14436,1,1,XGBoost,3.761428888537921e-05,0.9998674392700195,2.7382231564843096e-05,3.1037398002808914e-05,3.648282654467039e-05
13486,2,2,XGBoost,0.0017042789841070771,0.0013018996687605977,0.9944314360618591,0.0012160908663645387,0.001346263219602406
10122,0,0,XGBoost,0.9997934699058533,3.6711233406094834e-05,9.312977636000142e-05,1.2229395906615537e-05,6.447158375522122e-05
12406,2,2,XGBoost,5.108183540869504e-05,2.94835954264272e-05,0.9998515844345093,1.3079998097964562e-05,5.4739604820497334e-05
12226,2,2,XGBoost,4.593091944116168e-05,3.178045153617859e-05,0.99985671043396,1.4771293535886798e-05,5.072915882919915e-05
10858,0,0,XGBoost,0.9997982382774353,3.105496580246836e-05,0.0001113340476877056,1.7308693713857792e-05,4.207763777230866e-05
13644,2,2,XGBoost,4.749491927213967e-05,3.8261012377915904e-05,0.9998574256896973,1.703625457594171e-05,3.979395842179656e-05
18642,4,4,XGBoost,2.6651938242139295e-05,9.85110891633667e-05,1.9401924873818643e-05,4.191854895907454e-05,0.9998134970664978
14739,1,1,XGBoost,3.761367770493962e-05,0.9998511075973511,2.7381785912439227e-05,5.451478500617668e-05,2.9414830351015553e-05
11619,0,0,XGBoost,0.9998842477798462,2.9666030968655832e-05,4.685933527071029e-05,1.6655298168188892e-05,2.2528040062752552e-05
11355,0,0,XGBoost,0.9996936321258545,3.9761416701367125e-05,0.00020026243873871863,2.4964632757473737e-05,4.135448398301378e-05
16667,3,3,XGBoost,4.226391320116818e-05,0.00016264825535472482,3.076704160775989e-05,0.999708354473114,5.598493225988932e-05
18196,4,4,XGBoost,3.631704021245241e-05,9.674657485447824e-05,2.6437868655193597e-05,5.8706347772385925e-05,0.9997817873954773
13839,2,2,XGBoost,4.329645889811218e-05,3.3074189559556544e-05,0.9998434782028198,1.8532567992224358e-05,6.161918281577528e-05
18941,4,4,XGBoost,3.7025558413006365e-05,2.3593776859343052e-05,0.0002846638089977205,3.3160387829411775e-05,0.9996215105056763
13654,2,2,XGBoost,4.626805821317248e-05,2.9483371690730564e-05,0.999843955039978,1.6520512872375548e-05,6.376302189892158e-05
10550,0,0,XGBoost,0.9997511506080627,3.6709679989144206e-05,5.488134775077924e-05,9.072243119589984e-05,6.650980503764004e-05
16056,3,3,XGBoost,0.0001288938510697335,0.00027296043117530644,9.383140422869474e-05,0.9993676543235779,0.00013666535960510373
11577,0,0,XGBoost,0.9996932744979858,2.8125714379712008e-05,0.0002330484421690926,1.3072602087049745e-05,3.2533873309148476e-05
15607,1,1,XGBoost,3.96660398109816e-05,0.9998525381088257,2.88758565147873e-05,3.618339542299509e-05,4.2762239900184795e-05
14573,1,1,XGBoost,3.7614834582200274e-05,0.9998818635940552,2.738262810453307e-05,2.3345002773567103e-05,2.9794797228532843e-05
17024,3,3,XGBoost,9.654773020884022e-05,0.00010233226203126833,7.028425898170099e-05,0.9996403455734253,9.046927152667195e-05
15290,1,1,XGBoost,4.4455609895521775e-05,0.9996763467788696,3.236250631744042e-05,0.0002017665101448074,4.5113156375009567e-05
13540,2,2,XGBoost,4.156247086939402e-05,3.174959419993684e-05,0.9998589754104614,1.73797980096424e-05,5.029984822613187e-05
14326,1,1,XGBoost,3.7614983739331365e-05,0.9998859167098999,2.7382739062886685e-05,1.899282869999297e-05,3.0062470614211634e-05
17667,4,4,XGBoost,2.8140912036178634e-05,3.783250576816499e-05,2.0485858840402216e-05,0.00016746888286434114,0.9997460246086121
18854,4,4,XGBoost,4.796414577867836e-05,2.7684116503223777e-05,0.0003596829192247242,2.2281948986346833e-05,0.9995424747467041
18431,4,4,XGBoost,6.303448026301339e-05,5.087357931188308e-05,5.288133615977131e-05,0.00010430449765408412,0.9997288584709167
13018,2,2,XGBoost,0.00011854450713144615,9.055613190867007e-05,0.999612033367157,5.5652912124060094e-05,0.00012318239896558225
17304,3,3,XGBoost,4.639299731934443e-05,5.0144419219577685e-05,4.585442729876377e-05,0.9997921586036682,6.544882489833981e-05
11955,2,2,XGBoost,4.588692536344752e-05,3.175001620547846e-05,0.9998722076416016,1.5908144632703625e-05,3.426979674259201e-05
15250,1,1,XGBoost,9.298626537201926e-05,0.9993520379066467,6.769160245312378e-05,0.00036903980071656406,0.00011829438153654337
16535,3,3,XGBoost,5.197148129809648e-05,0.00010653253411874175,3.783389911404811e-05,0.9997599720954895,4.36567424912937e-05
11146,0,0,XGBoost,0.999788224697113,3.105465657426976e-05,0.00012130326649639755,1.7308519090875052e-05,4.207721576676704e-05
17852,4,4,XGBoost,4.544445619103499e-05,3.471504896879196e-05,3.3082393201766536e-05,0.00017485622083768249,0.9997119307518005
10792,0,0,XGBoost,0.9997888207435608,3.105467476416379e-05,0.00011821817315649241,1.7308530004811473e-05,4.46379890490789e-05
15264,1,1,XGBoost,3.96659888792783e-05,0.9998512268066406,2.8875818316009827e-05,4.224399890517816e-05,3.798334364546463e-05
11620,0,0,XGBoost,0.9998630285263062,4.025919406558387e-05,5.3689909691456705e-05,2.0428222342161462e-05,2.2527563487528823e-05
16043,3,3,XGBoost,2.7204530852031894e-05,4.8288944526575506e-05,1.980417982849758e-05,0.9998749494552612,2.9710914532188326e-05
14653,1,1,XGBoost,3.761416519409977e-05,0.9998641014099121,2.738214061537292e-05,4.2125382606172934e-05,2.8755110179190524e-05
15658,1,1,XGBoost,0.0002171873056795448,0.999381422996521,0.0001318894064752385,6.282603135332465e-05,0.0002066593588097021
11450,0,0,XGBoost,0.999854564666748,2.9665150577784516e-05,7.636146619915962e-05,1.686337600403931e-05,2.252737249364145e-05
11815,0,0,XGBoost,0.999848484992981,6.067019057809375e-05,4.072120282216929e-05,2.098748336720746e-05,2.9097245715092868e-05
18289,4,4,XGBoost,6.009295611875132e-05,4.590504613588564e-05,5.5658154451521114e-05,8.820877701509744e-05,0.9997500777244568
10390,0,0,XGBoost,0.9997511506080627,3.6709679989144206e-05,5.488134775077924e-05,9.072243119589984e-05,6.650980503764004e-05
13993,1,1,XGBoost,3.761422703973949e-05,0.9998657703399658,2.7382186090108007e-05,2.7715557735064067e-05,4.155316128162667e-05
11150,0,0,XGBoost,0.999788224697113,3.105465657426976e-05,0.00012130326649639755,1.7308519090875052e-05,4.207721576676704e-05
12409,2,2,XGBoost,5.108136247145012e-05,2.948332257801667e-05,0.9998422861099243,9.821613275562413e-06,6.726002902723849e-05
12893,2,2,XGBoost,3.859674325212836e-05,2.948404653579928e-05,0.9998668432235718,1.0134870535694063e-05,5.493053322425112e-05
17255,3,3,XGBoost,9.916446288116276e-05,7.575171912321821e-05,7.218910468509421e-05,0.9996558427810669,9.704531112220138e-05
13859,2,2,XGBoost,0.001693138969130814,0.006541844457387924,0.9879313111305237,0.0014091432094573975,0.0024244911037385464
17449,3,3,XGBoost,3.875808761222288e-05,2.9607295800815336e-05,2.8214861231390387e-05,0.9998555183410645,4.78233014291618e-05
11800,0,0,XGBoost,0.9998834133148193,2.9666007321793586e-05,4.072262527188286e-05,1.7111500710598193e-05,2.909826253016945e-05
13218,2,2,XGBoost,0.00013087970728520304,9.549929382046685e-05,0.9996336698532104,3.5156626836396754e-05,0.00010479077172931284
14072,1,1,XGBoost,3.76146417693235e-05,0.9998767375946045,2.7382486223359592e-05,1.8571259715827182e-05,3.968724558944814e-05
10190,0,0,XGBoost,0.9998071789741516,2.8128919439041056e-05,0.00010565728007350117,9.370420229970478e-06,4.9681024393066764e-05
19124,4,4,XGBoost,4.227800673106685e-05,2.9252936656121165e-05,0.0003800654085353017,2.5381021259818226e-05,0.9995230436325073
15189,1,1,XGBoost,5.6028355174930766e-05,0.9997445940971375,4.078715937794186e-05,0.00010336363629903644,5.522830178961158e-05
16178,3,3,XGBoost,3.7655488995369524e-05,9.233856690116227e-05,2.7412224881118163e-05,0.9998082518577576,3.437948544160463e-05
14694,1,1,XGBoost,3.761449261219241e-05,0.9998728036880493,2.7382378902984783e-05,2.535612293286249e-05,3.6810633901041e-05
14633,1,1,XGBoost,3.7614834582200274e-05,0.9998818635940552,2.738262810453307e-05,1.6318417692673393e-05,3.6810968595091254e-05
14056,1,1,XGBoost,3.761471089092083e-05,0.9998786449432373,2.7382538974052295e-05,1.984832670132164e-05,3.65511114068795e-05
17389,3,3,XGBoost,4.061128493049182e-05,3.102298069279641e-05,6.239025969989598e-05,0.9998235106468201,4.246830576448701e-05
12988,2,2,XGBoost,0.00016670151671860367,0.00012734337360598147,0.9993934631347656,5.329528357833624e-05,0.00025924071087501943
13582,2,2,XGBoost,4.626799272955395e-05,2.9483329853974283e-05,0.9998425245285034,1.4463023944699671e-05,6.726004357915372e-05
13288,2,2,XGBoost,5.10824793309439e-05,2.9483968319254927e-05,0.9998642206192017,1.5072559108375572e-05,4.010668635601178e-05
11586,0,0,XGBoost,0.9998904466629028,2.966621468658559e-05,4.0674472984392196e-05,1.6655401850584894e-05,2.2528180124936625e-05
11131,0,0,XGBoost,0.9997687935829163,3.105405266978778e-05,0.00013784982729703188,2.024448440351989e-05,4.2076397221535444e-05
11962,2,2,XGBoost,4.6268451114883646e-05,2.948362089227885e-05,0.9998524188995361,1.6855909052537754e-05,5.492974378284998e-05
13781,2,2,XGBoost,5.1902483392041177e-05,3.307382212369703e-05,0.9998323917388916,1.1017687029379886e-05,7.152794569265097e-05
18191,4,4,XGBoost,5.856799543835223e-05,9.322864934802055e-05,3.8618418329861015e-05,0.00010228437167825177,0.9997072815895081
14615,1,1,XGBoost,4.336643542046659e-05,0.9998514652252197,3.15696197503712e-05,3.266619023634121e-05,4.086113767698407e-05
14668,1,1,XGBoost,3.9665937947575e-05,0.9998499155044556,2.8875780117232352e-05,4.1594012145651504e-05,3.997692692792043e-05
18002,4,4,XGBoost,4.29318897658959e-05,3.2795698643894866e-05,3.1253308407031e-05,0.00024187369854189456,0.9996511936187744
15421,1,1,XGBoost,5.934461296419613e-05,0.999479353427887,4.320134758017957e-05,0.0003658754285424948,5.224781489232555e-05
12130,2,2,XGBoost,4.6269178710645065e-05,2.9484084734576754e-05,0.9998681545257568,1.3703973309020512e-05,4.23804231104441e-05
13330,2,2,XGBoost,4.626877489499748e-05,2.9483828257070854e-05,0.9998594522476196,9.821781532082241e-06,5.4930129408603534e-05
10462,0,0,XGBoost,0.9997686743736267,3.671032391139306e-05,4.804748095921241e-05,7.229163747979328e-05,7.426673255395144e-05
14094,1,1,XGBoost,3.9666672819294035e-05,0.9998685121536255,2.8876318538095802e-05,3.2384479709435254e-05,3.05230678350199e-05
16008,3,3,XGBoost,3.26063709508162e-05,0.00011002792598446831,2.373659663135186e-05,0.9997904896736145,4.319205254432745e-05
18029,4,4,XGBoost,2.9775716029689647e-05,2.2745687601855025e-05,2.29378401854774e-05,0.00010625747381709516,0.9998182654380798
12260,2,2,XGBoost,5.1082519348710775e-05,2.948399014712777e-05,0.999864935874939,1.3703929653274827e-05,4.0748716855887324e-05
16790,3,3,XGBoost,4.3213276512688026e-05,0.00012854434316977859,3.145815571770072e-05,0.9997476935386658,4.9120142648462206e-05
18059,4,4,XGBoost,3.0616407457273453e-05,2.3387890905723907e-05,2.2287955289357342e-05,0.00011462329712230712,0.9998090863227844
11624,0,0,XGBoost,0.9998904466629028,2.966621468658559e-05,4.072291267220862e-05,1.6655401850584894e-05,2.2528180124936625e-05
15333,1,1,XGBoost,3.966216536355205e-05,0.9997548460960388,2.8873035262222402e-05,0.0001452001160942018,3.1416493584401906e-05
13083,2,2,XGBoost,4.626890950021334e-05,2.9483911930583417e-05,0.9998623132705688,9.821809726417996e-06,5.2074195991735905e-05
12864,2,2,XGBoost,5.1082421123282984e-05,2.948393375845626e-05,0.9998630285263062,1.6248139218077995e-05,4.0106639062287286e-05
12698,2,2,XGBoost,4.5886175939813256e-05,3.1749495974509045e-05,0.9998558759689331,1.0576521162874997e-05,5.585803955909796e-05
10118,0,0,XGBoost,0.9998044371604919,2.8128843041486107e-05,0.0001056569890351966,9.370394764118828e-06,5.2405710448510945e-05
13838,2,2,XGBoost,5.730150223826058e-05,3.307351653347723e-05,0.9998231530189514,1.1017584256478585e-05,7.545030530309305e-05
11501,0,0,XGBoost,0.999678373336792,3.6014131183037534e-05,0.0002384848048677668,1.858295036072377e-05,2.8538033802760765e-05
17149,3,3,XGBoost,2.100714118569158e-05,1.604735189175699e-05,1.5292644093278795e-05,0.9999254941940308,2.209781450801529e-05
18131,4,4,XGBoost,3.471125819487497e-05,2.6515948775340803e-05,2.5268900571973063e-05,6.376266537699848e-05,0.9998496770858765
18236,4,4,XGBoost,3.04935183521593e-05,0.00010344295151298866,2.2198495571501553e-05,4.360561433713883e-05,0.9998002648353577
14233,1,1,XGBoost,3.7614758184645325e-05,0.9998798370361328,2.738257171586156e-05,1.6116429833346047e-05,3.905113771907054e-05
12031,2,2,XGBoost,4.6204982936615124e-05,3.7221900129225105e-05,0.9998577833175659,1.8346570868743584e-05,4.039674604428001e-05
10551,0,0,XGBoost,0.9997003078460693,7.818276935722679e-05,5.4049745813244954e-05,9.320274693891406e-05,7.426165393553674e-05
17318,3,3,XGBoost,0.00019094249000772834,0.00014586109318770468,0.00013900121848564595,0.9993739724159241,0.00015023568994365633
12575,2,2,XGBoost,4.261133653926663e-05,2.9483571779564954e-05,0.9998507499694824,9.821696039580274e-06,6.72605965519324e-05
10140,0,0,XGBoost,0.9998045563697815,2.8128846679464914e-05,0.00010553132597124204,9.37039567361353e-06,5.240571772446856e-05
15977,3,3,XGBoost,3.615703826653771e-05,6.2936196627561e-05,2.6321391487726942e-05,0.9998304843902588,4.406444350024685e-05
16432,3,3,XGBoost,6.362440763041377e-05,0.00011679664021357894,4.631693445844576e-05,0.9997000694274902,7.32056942069903e-05
10512,0,0,XGBoost,0.9996740818023682,3.670684964163229e-05,0.00013169068552087992,9.071543900063261e-05,6.679082434857264e-05
11026,0,0,XGBoost,0.999794065952301,3.105483847321011e-05,0.00012130397954024374,1.1550453564268537e-05,4.2077459511347115e-05
11360,0,0,XGBoost,0.9998190999031067,3.601919888751581e-05,9.811523341340944e-05,1.9471861378406174e-05,2.7352616598363966e-05
17862,4,4,XGBoost,2.836073690559715e-05,3.005993494298309e-05,2.1847805328434333e-05,0.00014581471623387188,0.9997739195823669
17613,4,4,XGBoost,3.269779699621722e-05,2.497786408639513e-05,2.3803151634638198e-05,0.0003053697873838246,0.9996132254600525
12118,2,2,XGBoost,5.1082555728498846e-05,2.948401015601121e-05,0.9998656511306763,1.3703939657716546e-05,4.010674456367269e-05
16802,3,3,XGBoost,2.0344677977846004e-05,5.738701656810008e-05,1.4810400898568332e-05,0.9998886585235596,1.882056130853016e-05
12134,2,2,XGBoost,4.261182402842678e-05,2.948390829260461e-05,0.9998621940612793,1.3774936633126345e-05,5.1893930503865704e-05
15168,1,1,XGBoost,3.9665708754910156e-05,0.9998441934585571,2.8875616408186033e-05,4.872399949817918e-05,3.8472575397463515e-05
15731,1,1,XGBoost,0.00012681027874350548,0.9996080994606018,7.700687274336815e-05,6.742330151610076e-05,0.00012066315684933215
11245,0,0,XGBoost,0.9996476173400879,3.105028736172244e-05,0.00027275815955363214,1.2995053111808375e-05,3.553742863005027e-05
13802,2,2,XGBoost,0.00012400149716995656,8.57989361975342e-05,0.9995952248573303,2.8581689548445866e-05,0.0001664425217313692
17419,3,3,XGBoost,1.94372478290461e-05,1.4848110367893241e-05,1.4149801245366689e-05,0.9999366998672485,1.489734131610021e-05
17791,4,4,XGBoost,2.9497326977434568e-05,2.253300408483483e-05,7.329302752623335e-05,4.2858722736127675e-05,0.9998317956924438
10636,0,0,XGBoost,0.9997338652610779,4.1954244807129726e-05,5.084279109723866e-05,9.320587560068816e-05,8.008218719623983e-05
17259,3,3,XGBoost,3.3509077184135094e-05,3.1545525416731834e-05,2.5813824322540313e-05,0.9998680353164673,4.1054459870792925e-05
17181,3,3,XGBoost,1.515404710517032e-05,1.1955971785937436e-05,1.103175509342691e-05,0.9999479055404663,1.392201920680236e-05
14501,1,1,XGBoost,4.3365263991290703e-05,0.9998244643211365,3.1568764825351536e-05,6.581516208825633e-05,3.482015381450765e-05
13522,2,2,XGBoost,4.626836744137108e-05,2.9483568141586147e-05,0.9998506307601929,9.821695130085573e-06,6.376345118042082e-05
15229,1,1,XGBoost,4.813666964764707e-05,0.9997196793556213,3.708223448484205e-05,0.00013401643082033843,6.1026079492876306e-05
17518,4,4,XGBoost,3.661425580503419e-05,2.7969652364845388e-05,2.8205908165546134e-05,7.908219413366169e-05,0.9998281002044678
18875,4,4,XGBoost,4.118622746318579e-05,2.624510307214223e-05,0.0003409863275010139,3.4217897336930037e-05,0.9995573163032532
14276,1,1,XGBoost,3.761376501643099e-05,0.9998534917831421,2.7381851396057755e-05,4.462385186343454e-05,3.680992449517362e-05
10686,0,0,XGBoost,0.9997408986091614,7.818594895070419e-05,5.488078386406414e-05,6.219905480975285e-05,6.385953020071611e-05
16196,3,3,XGBoost,4.754660403705202e-05,0.00016919708286877722,3.461270534899086e-05,0.999702513217926,4.611637268681079e-05
13907,2,2,XGBoost,0.00014413944154512137,9.184998634736985e-05,0.999545156955719,4.7742803872097284e-05,0.00017112182104028761
16352,3,3,XGBoost,2.8926833692821674e-05,0.0001428255345672369,2.10579892154783e-05,0.999778687953949,2.8513801225926727e-05
12331,2,2,XGBoost,4.626833469956182e-05,2.9483546313713305e-05,0.9998499155044556,1.0587740689516068e-05,6.376340752467513e-05
13584,2,2,XGBoost,6.596467574127018e-05,5.3139901865506545e-05,0.9997876286506653,2.9135291697457433e-05,6.415742973331362e-05
12390,2,2,XGBoost,4.6268742153188214e-05,2.9483806429198012e-05,0.9998587369918823,1.0587833457975648e-05,5.4930089390836656e-05
15917,1,1,XGBoost,0.0008803814998827875,0.9968403577804565,0.0006408948102034628,0.0006504710763692856,0.0009879152057692409
11567,0,0,XGBoost,0.9998842477798462,2.9666030968655832e-05,4.685933527071029e-05,1.6655298168188892e-05,2.2528040062752552e-05
14205,1,1,XGBoost,4.5760687498841435e-05,0.99983811378479,3.331260086270049e-05,4.0470527892466635e-05,4.233608706272207e-05
12741,2,2,XGBoost,4.626877489499748e-05,2.9483828257070854e-05,0.9998594522476196,9.821781532082241e-06,5.4930129408603534e-05
14083,1,1,XGBoost,9.153783321380615e-05,0.9996799230575562,6.66371124680154e-05,4.5194490667199716e-05,0.00011677134898491204
11242,0,0,XGBoost,0.9997020363807678,3.9761755033396184e-05,0.00020026414131280035,1.659319423197303e-05,4.135483322897926e-05
13265,2,2,XGBoost,8.806680125417188e-05,7.651055057067424e-05,0.9997251629829407,2.3656315534026362e-05,8.660823368700221e-05
12560,2,2,XGBoost,5.1081995479762554e-05,2.948368819488678e-05,0.9998546838760376,9.82173514785245e-06,5.4929867474129423e-05
11431,0,0,XGBoost,0.9998892545700073,2.9666180125786923e-05,4.164534402661957e-05,1.6863959899637848e-05,2.2528152840095572e-05
12214,2,2,XGBoost,5.1082555728498846e-05,2.948401015601121e-05,0.9998656511306763,1.3703939657716546e-05,4.010674456367269e-05
16769,3,3,XGBoost,4.973734758095816e-05,0.0002623923646751791,3.620750430854969e-05,0.9995974898338318,5.415722989710048e-05
17315,3,3,XGBoost,1.257448093383573e-05,9.605653758626431e-06,9.153897735814098e-06,0.9999570846557617,1.1552160685823765e-05
15347,1,1,XGBoost,6.188821134855971e-05,0.9997186064720154,4.505302058532834e-05,0.00011998109403066337,5.448723823064938e-05
12493,2,2,XGBoost,5.1081995479762554e-05,2.948368819488678e-05,0.9998546838760376,9.82173514785245e-06,5.4929867474129423e-05
16420,3,3,XGBoost,6.281444075284526e-05,0.00013852646225132048,4.572724719764665e-05,0.9996823072433472,7.066230318741873e-05
17136,3,3,XGBoost,4.4051917939214036e-05,5.922312629991211e-05,3.393553561181761e-05,0.9998008608818054,6.196340837050229e-05
16969,3,3,XGBoost,3.0981980671640486e-05,2.3667131245019846e-05,2.255406252515968e-05,0.9998923540115356,3.0405288271140307e-05
11384,0,0,XGBoost,0.9997465014457703,3.601658681873232e-05,0.00017063248378690332,1.947044802363962e-05,2.7350630261935294e-05
11294,0,0,XGBoost,0.9996994733810425,3.976164953201078e-05,0.00020026361744385213,1.919160786201246e-05,4.135472408961505e-05
17977,4,4,XGBoost,4.615857687895186e-05,3.859942444250919e-05,3.360225309734233e-05,0.0003638171183411032,0.9995177984237671
16867,3,3,XGBoost,5.212442920310423e-05,6.409628986148164e-05,4.3343010474927723e-05,0.999797523021698,4.2951978684868664e-05
17853,4,4,XGBoost,4.038541010231711e-05,5.306157618178986e-05,6.204325472936034e-05,0.0002710677217692137,0.9995734095573425
12128,2,2,XGBoost,4.946063199895434e-05,3.4222728572785854e-05,0.9998577833175659,1.6751388102420606e-05,4.175769572611898e-05
13339,2,2,XGBoost,4.626782174455002e-05,2.948322071461007e-05,0.9998388290405273,1.817035627027508e-05,6.725979619659483e-05
13173,2,2,XGBoost,4.5886954467277974e-05,3.1750034395372495e-05,0.9998728036880493,1.6748284906498156e-05,3.284162448835559e-05
13272,2,2,XGBoost,4.6269051381386817e-05,2.9484002880053595e-05,0.9998654127120972,1.6433106793556362e-05,4.238030669512227e-05
13251,2,2,XGBoost,3.859649586956948e-05,2.9483855541911907e-05,0.999860405921936,1.6520783901796676e-05,5.493018034030683e-05
13398,2,2,XGBoost,7.33601555111818e-05,4.6747296437388286e-05,0.9997544884681702,2.4298851712956093e-05,0.00010109923459822312
16147,3,3,XGBoost,4.40390249423217e-05,0.0001235535164596513,3.205924804206006e-05,0.9997523427009583,4.795253698830493e-05
16291,3,3,XGBoost,0.00010970538278343156,0.00024699652567505836,7.986269338289276e-05,0.9994545578956604,0.0001088457356672734
14349,1,1,XGBoost,3.761445259442553e-05,0.9998717308044434,2.7382349799154326e-05,2.641741230036132e-05,3.681059388327412e-05
10447,0,0,XGBoost,0.9997896552085876,3.6711095162900165e-05,5.664071431965567e-05,4.627838279702701e-05,7.070959691191092e-05
15565,1,1,XGBoost,5.36833904334344e-05,0.9998103976249695,3.908012877218425e-05,3.9264785300474614e-05,5.754808444180526e-05
17286,3,3,XGBoost,3.0914543458493426e-05,2.361563929298427e-05,2.2504991648020223e-05,0.9999001026153564,2.2894215362612158e-05
15184,1,1,XGBoost,4.813842679141089e-05,0.9997561573982239,3.504350024741143e-05,0.00010771369852591306,5.2892461098963395e-05
18218,4,4,XGBoost,3.202781590516679e-05,0.00011079484829679132,2.3315424186876044e-05,4.5799653889844194e-05,0.9997881054878235
12608,2,2,XGBoost,5.1081995479762554e-05,2.948368819488678e-05,0.9998546838760376,9.82173514785245e-06,5.4929867474129423e-05
18405,4,4,XGBoost,2.6652040105545893e-05,9.851146751316264e-05,1.940199945238419e-05,3.811235001194291e-05,0.9998173117637634
13791,2,2,XGBoost,5.190300362301059e-05,3.307415317976847e-05,0.9998424053192139,1.10177970782388e-05,6.161911733215675e-05
13693,2,2,XGBoost,4.479996277950704e-05,3.422268491704017e-05,0.9998564720153809,2.8983375159441493e-05,3.546112202457152e-05
10785,0,0,XGBoost,0.9998053908348083,3.105518771917559e-05,0.00010934346209978685,1.2106617759854998e-05,4.2077936086570844e-05
10669,0,0,XGBoost,0.9996944665908813,7.818231824785471e-05,5.404942930908874e-05,9.3202201242093e-05,8.007902943063527e-05
10014,0,0,XGBoost,0.9997934699058533,3.6711233406094834e-05,9.312977636000142e-05,1.2229395906615537e-05,6.447158375522122e-05
16693,3,3,XGBoost,2.9170283596613444e-05,0.00014075840590521693,2.1235215172055177e-05,0.9997729659080505,3.5896457120543346e-05
15243,1,1,XGBoost,5.297758980304934e-05,0.9996830224990845,3.8566282455576584e-05,0.0001707487681414932,5.468128074426204e-05
18048,4,4,XGBoost,3.9929687773110345e-05,3.7869041989324614e-05,2.9067781724734232e-05,0.0001173790151369758,0.9997757077217102
13797,2,2,XGBoost,0.00010592932812869549,7.729369099251926e-05,0.9996960163116455,2.759026210696902e-05,9.315630450146273e-05
15310,1,1,XGBoost,4.879105108557269e-05,0.999735414981842,3.551859117578715e-05,0.00013728805060964078,4.295627149986103e-05
16253,3,3,XGBoost,2.290733937115874e-05,1.935518412210513e-05,2.1216801542323083e-05,0.9999163150787354,2.0167939510429278e-05
19014,4,4,XGBoost,5.608173887594603e-05,3.7686884752474725e-05,0.00016653307829983532,5.935134322498925e-05,0.9996803998947144
10866,0,0,XGBoost,0.9998032450675964,3.1055122235557064e-05,0.00011212201934540644,1.1550559065653943e-05,4.2077848775079474e-05
11229,0,0,XGBoost,0.9997027516365051,3.976178413722664e-05,0.0002002642722800374,1.577992588863708e-05,4.1354862332809716e-05
10611,0,0,XGBoost,0.9997162222862244,3.670839942060411e-05,6.934876728337258e-05,9.320423123426735e-05,8.447293657809496e-05
16845,3,3,XGBoost,1.6896334273042157e-05,1.3611368558485992e-05,1.2300095477257855e-05,0.9999397993087769,1.734239049255848e-05
15876,1,1,XGBoost,6.198883784236386e-05,0.9997772574424744,4.512627128860913e-05,3.788134199567139e-05,7.780734449625015e-05
12278,2,2,XGBoost,4.626877489499748e-05,2.9483828257070854e-05,0.9998594522476196,9.821781532082241e-06,5.4930129408603534e-05
14068,1,1,XGBoost,3.7614834582200274e-05,0.9998818635940552,2.738262810453307e-05,2.2763779270462692e-05,3.0412827982218005e-05
18659,4,4,XGBoost,4.127325883018784e-05,0.00010032047430286184,2.7214658985030837e-05,5.511412746272981e-05,0.9997760653495789
12963,2,2,XGBoost,4.6268665755633265e-05,2.9483757316484116e-05,0.9998570680618286,1.220057311002165e-05,5.492999844136648e-05
11666,0,0,XGBoost,0.9998853206634521,2.9666063710465096e-05,4.5763412344967946e-05,1.6655316358082928e-05,2.2528065528604202e-05
12771,2,2,XGBoost,4.261185313225724e-05,2.9483930120477453e-05,0.9998629093170166,1.308014543610625e-05,5.1893966883653775e-05
17846,4,4,XGBoost,4.479584458749741e-05,3.42195708071813e-05,6.881885201437399e-05,4.17742739955429e-05,0.9998103976249695
19030,4,4,XGBoost,7.665072189411148e-05,5.1509225158952177e-05,0.00022761186119168997,6.368212052620947e-05,0.9995805621147156
14579,1,1,XGBoost,3.761498010135256e-05,0.9998857975006104,2.7382735424907878e-05,1.7096666852012277e-05,3.2080959499580786e-05
11873,0,0,XGBoost,0.9998834133148193,2.9666007321793586e-05,4.072262527188286e-05,1.7111500710598193e-05,2.909826253016945e-05
15186,1,1,XGBoost,3.761218613362871e-05,0.999811589717865,2.7380701794754714e-05,8.32032019388862e-05,4.026195892947726e-05
15887,1,1,XGBoost,5.286452505970374e-05,0.9998248219490051,3.8484009564854205e-05,3.0513932870235294e-05,5.337536640581675e-05
13482,2,2,XGBoost,0.0008175385883077979,0.000624517910182476,0.9974278807640076,0.0003349647158756852,0.0007951402803882957
18604,4,4,XGBoost,3.0570747185265645e-05,4.009342228528112e-05,2.2254693249124102e-05,5.609061918221414e-05,0.9998509883880615
16645,3,3,XGBoost,3.04451441479614e-05,0.00012355780927464366,2.216328175563831e-05,0.9997919201850891,3.1884581403573975e-05
11651,0,0,XGBoost,0.9998904466629028,2.966621468658559e-05,4.072291267220862e-05,1.6655401850584894e-05,2.2528180124936625e-05
18085,4,4,XGBoost,4.0387920307694e-05,3.0852352210786194e-05,2.9401364372461103e-05,0.00026392651489004493,0.9996354579925537
16229,3,3,XGBoost,1.8533561160438694e-05,4.056402394780889e-05,1.4277386981120799e-05,0.9999103546142578,1.621092451387085e-05
18553,4,4,XGBoost,4.211021587252617e-05,0.00014098155952524394,2.7766527637140825e-05,7.627989543834701e-05,0.9997128844261169
16731,3,3,XGBoost,2.6498581064515747e-05,0.00012406654423102736,1.929028621816542e-05,0.9998058676719666,2.4344215489691123e-05
14935,1,1,XGBoost,4.3358882976463065e-05,0.999677300453186,3.156411912641488e-05,0.00020550047338474542,4.231067214277573e-05
17178,3,3,XGBoost,0.00021611867123283446,0.00027909697382710874,0.0005634952103719115,0.9987277388572693,0.00021351323812268674
11710,0,0,XGBoost,0.999745786190033,3.601656135288067e-05,0.00017063235281966627,2.0220672013238072e-05,2.7350612072041258e-05
10544,0,0,XGBoost,0.9997010827064514,7.818283484084532e-05,5.107633478473872e-05,9.539340680930763e-05,7.426171941915527e-05
16866,3,3,XGBoost,7.213735807454214e-05,5.510577102540992e-05,5.251414040685631e-05,0.9997684359550476,5.182299719308503e-05
12442,2,2,XGBoost,4.626877489499748e-05,2.9483828257070854e-05,0.9998594522476196,9.821781532082241e-06,5.4930129408603534e-05
15272,1,1,XGBoost,3.7614470784319565e-05,0.9998722076416016,2.738236253208015e-05,1.891192005132325e-05,4.3812095100292936e-05
10303,0,0,XGBoost,0.9997468590736389,2.812722414091695e-05,0.0001660042180446908,9.369854524265975e-06,4.967802669852972e-05
10963,0,0,XGBoost,0.9997873902320862,3.105463110841811e-05,0.00012130316463299096,1.8141718101105653e-05,4.207717938697897e-05
15328,1,1,XGBoost,3.9665548683842644e-05,0.9998401403427124,3.055650813621469e-05,5.31995392520912e-05,3.644073149189353e-05
18803,4,4,XGBoost,4.344473927631043e-05,2.768426747934427e-05,0.0003596848691813648,2.1267864212859422e-05,0.9995478987693787
16336,3,3,XGBoost,3.040779301954899e-05,0.00010519074567127973,2.2136089683044702e-05,0.9998193383216858,2.293195757374633e-05
18707,4,4,XGBoost,2.6652040105545893e-05,9.851146751316264e-05,1.940199945238419e-05,3.811235001194291e-05,0.9998173117637634
11282,0,0,XGBoost,0.9997907280921936,3.274917253293097e-05,0.00012944299669470638,1.2996913937968202e-05,3.406128234928474e-05
17404,3,3,XGBoost,4.741218072012998e-05,3.621815631049685e-05,3.6524121242109686e-05,0.9998304843902588,4.9385285819880664e-05
11687,0,0,XGBoost,0.9998853206634521,2.9666063710465096e-05,4.5763412344967946e-05,1.6655316358082928e-05,2.2528065528604202e-05
14278,1,1,XGBoost,3.761440166272223e-05,0.9998704195022583,2.7382313419366255e-05,2.546511313994415e-05,3.905077028321102e-05
10267,0,0,XGBoost,0.9998096823692322,2.8128990379627794e-05,0.00010318637214368209,9.370443876832724e-06,4.9681148084346205e-05
15405,1,1,XGBoost,4.8603022150928155e-05,0.9996803998947144,3.5381748602958396e-05,0.00019289345073048025,4.2790772567968816e-05
16723,3,3,XGBoost,4.583565896609798e-05,0.00019629111920949072,3.336718145874329e-05,0.99968421459198,4.035434903926216e-05
16073,3,3,XGBoost,3.283828482381068e-05,9.69077882473357e-05,2.3905426132841967e-05,0.9997902512550354,5.6144628615584224e-05
15207,1,1,XGBoost,3.7614045140799135e-05,0.9998608827590942,2.738205330388155e-05,4.367718429421075e-05,3.041218951693736e-05
17982,4,4,XGBoost,4.370352326077409e-05,2.784917342069093e-05,9.058482100954279e-05,3.399747220100835e-05,0.9998038411140442
17387,3,3,XGBoost,4.806790457223542e-05,3.6719102354254574e-05,3.7029261875431985e-05,0.9998093247413635,6.888877396704629e-05
15217,1,1,XGBoost,3.7612757296301425e-05,0.9998267292976379,2.7381116524338722e-05,6.777446833439171e-05,4.0548682591179386e-05
17731,4,4,XGBoost,3.600371564971283e-05,4.840322071686387e-05,2.6209778297925368e-05,0.00013598238001577556,0.9997534155845642
17470,3,3,XGBoost,0.00028479270986281335,0.0002175533154513687,0.00020732174743898213,0.9928963780403137,0.006393972784280777
10131,0,0,XGBoost,0.9997904896736145,2.812845013977494e-05,0.00011963276483584195,9.370263796881773e-06,5.240497921477072e-05
10041,0,0,XGBoost,0.9998044371604919,2.8128843041486107e-05,0.0001056569890351966,9.370394764118828e-06,5.2405710448510945e-05
14950,1,1,XGBoost,4.336488200351596e-05,0.9998156428337097,3.15684883389622e-05,6.860486610094085e-05,4.089592403033748e-05
15461,1,1,XGBoost,5.368337224354036e-05,0.9998100399971008,3.9080114220269024e-05,1.8895529137807898e-05,7.835378346499056e-05
15425,1,1,XGBoost,5.843403414473869e-05,0.999601423740387,4.253847146173939e-05,0.000245287170400843,5.232176772551611e-05
11944,0,0,XGBoost,0.9989489912986755,0.00023119185061659664,0.0004597277147695422,0.00013335274707060307,0.0002267673407914117
13029,2,2,XGBoost,0.00014098038082011044,8.983693987829611e-05,0.9995805621147156,2.992684494529385e-05,0.00015866912144701928
16224,3,3,XGBoost,7.402197661576793e-05,0.0001207492605317384,5.388609133660793e-05,0.9996795654296875,7.179534441092983e-05
16695,3,3,XGBoost,3.63177023245953e-05,0.00010244283475913107,2.6438325221533887e-05,0.9998028874397278,3.197457772330381e-05
18082,4,4,XGBoost,5.290058470563963e-05,4.041078864247538e-05,3.851026121992618e-05,0.0001501304068369791,0.9997180104255676
12397,2,2,XGBoost,5.1081995479762554e-05,2.948368819488678e-05,0.9998546838760376,9.82173514785245e-06,5.4929867474129423e-05
18793,4,4,XGBoost,5.509037509909831e-05,0.00015917883138172328,3.632538937381469e-05,6.203116208780557e-05,0.9996874332427979
18322,4,4,XGBoost,3.6314708268037066e-05,0.00012562474876176566,2.6436169719090685e-05,9.402086288901046e-05,0.9997175335884094
18456,4,4,XGBoost,3.631386789493263e-05,0.00010188021406065673,2.6435558538651094e-05,0.00014088890748098493,0.9996944665908813
18271,4,4,XGBoost,4.678689583670348e-05,4.168883606325835e-05,4.333411197876558e-05,8.812112355371937e-05,0.9997801184654236
14459,1,1,XGBoost,4.804979107575491e-05,0.9997261166572571,3.701531022670679e-05,0.00014576449757441878,4.3067611841252074e-05
10480,0,0,XGBoost,0.9998196959495544,3.6712197470478714e-05,5.7980676501756534e-05,2.06761706067482e-05,6.49635840090923e-05
18544,4,4,XGBoost,3.3709820854710415e-05,3.7195273762336e-05,2.4539880541851744e-05,0.0001158009035862051,0.9997888207435608
16491,3,3,XGBoost,2.4702576411073096e-05,6.444473547162488e-05,1.798282391973771e-05,0.9998688697814941,2.3938973754411563e-05
13236,2,2,XGBoost,4.2611492972355336e-05,2.9483680918929167e-05,0.9998544454574585,9.821732419368345e-06,6.365251465467736e-05
15742,1,1,XGBoost,3.761424159165472e-05,0.9998661279678345,2.738219700404443e-05,2.0247403881512582e-05,4.8573125241091475e-05
17708,4,4,XGBoost,3.2648407795932144e-05,2.4940136427176185e-05,8.11226200312376e-05,8.702871127752587e-05,0.9997742772102356
10809,0,0,XGBoost,0.9997978806495667,3.105495488853194e-05,0.00011167577758897096,1.7308686437900178e-05,4.2077623220393434e-05
17326,3,3,XGBoost,2.449443309160415e-05,1.871131098596379e-05,1.7831314835348167e-05,0.9999215602874756,1.7387781554134563e-05
10763,0,0,XGBoost,0.9997581839561462,3.670993828563951e-05,5.405287447501905e-05,9.320813842350617e-05,5.785471512353979e-05
16104,3,3,XGBoost,2.333432530576829e-05,9.992911509471014e-05,1.6986772607197054e-05,0.9998345375061035,2.5155726689263247e-05
14801,1,1,XGBoost,4.395061841933057e-05,0.9997455477714539,3.19948885589838e-05,0.0001376929139951244,4.0817001718096435e-05
12468,2,2,XGBoost,5.1081995479762554e-05,2.948368819488678e-05,0.9998546838760376,9.82173514785245e-06,5.4929867474129423e-05
14547,1,1,XGBoost,3.7614481698255986e-05,0.9998725652694702,2.7382373446016572e-05,2.3392454750137404e-05,3.9050853956723586e-05
14735,1,1,XGBoost,4.825690484722145e-05,0.9998244643211365,3.717486106324941e-05,4.154561975155957e-05,4.852841084357351e-05
13895,2,2,XGBoost,7.733477104920894e-05,4.4636402890319005e-05,0.999779999256134,1.4869459846522659e-05,8.316027378896251e-05
15520,1,1,XGBoost,3.761408515856601e-05,0.9998619556427002,2.7382082407712005e-05,2.9657223421963863e-05,4.340417217463255e-05
12063,2,2,XGBoost,4.626818554243073e-05,2.948345172626432e-05,0.9998466968536377,1.3724566997552756e-05,6.376320379786193e-05
11793,0,0,XGBoost,0.9998626708984375,4.9721700634108856e-05,4.138191434321925e-05,1.71111460076645e-05,2.9097658625687473e-05
17313,3,3,XGBoost,2.3574872102472e-05,1.8008859115070663e-05,1.7161901268991642e-05,0.9999204874038696,2.0755645891767927e-05
13571,2,2,XGBoost,4.626852387445979e-05,2.948366636701394e-05,0.9998539686203003,1.5325362255680375e-05,5.4929827456362545e-05
16428,3,3,XGBoost,4.143757905694656e-05,0.00019995306502096355,3.0165490898070857e-05,0.9996858835220337,4.253155930200592e-05
11764,0,0,XGBoost,0.9998844861984253,2.9666038244613446e-05,4.0137536416295916e-05,1.66553018061677e-05,2.909829345298931e-05
13382,2,2,XGBoost,8.90381052158773e-05,5.673776104231365e-05,0.999729573726654,1.89007114386186e-05,0.00010570581798674539
12229,2,2,XGBoost,4.160287062404677e-05,3.1780455174157396e-05,0.9998568296432495,1.05868339232984e-05,5.920887997490354e-05
11686,0,0,XGBoost,0.9998836517333984,3.299404852441512e-05,4.3126765376655385e-05,1.7726350051816553e-05,2.2528027329826728e-05
13822,2,2,XGBoost,5.730244447477162e-05,3.307405859231949e-05,0.9998395442962646,1.1017765245924238e-05,5.905103898840025e-05
18268,4,4,XGBoost,3.685268893605098e-05,3.2837091566761956e-05,3.41330305673182e-05,7.839236059226096e-05,0.9998177886009216
11052,0,0,XGBoost,0.9997891783714294,3.1054685678100213e-05,0.00012045137555105612,1.7308535461779684e-05,4.207725578453392e-05
13325,2,2,XGBoost,5.108214099891484e-05,2.9483771868399344e-05,0.9998575448989868,9.821763342188206e-06,5.207394860917702e-05
10948,0,0,XGBoost,0.9997618794441223,3.105383802903816e-05,0.00013784888142254204,2.7164693165104836e-05,4.207610618323088e-05
13062,2,2,XGBoost,4.626869849744253e-05,2.948377914435696e-05,0.9998577833175659,1.44632440424175e-05,5.198321014177054e-05
16530,3,3,XGBoost,4.4213709770701826e-05,0.0001456545141991228,3.218644269509241e-05,0.999739944934845,3.7938352761557326e-05
18157,4,4,XGBoost,3.814569936366752e-05,6.222564115887508e-05,2.776905967039056e-05,6.782065611332655e-05,0.9998040795326233
14472,1,1,XGBoost,3.761469997698441e-05,0.9998782873153687,2.7382529879105277e-05,2.5136969270533882e-05,3.158756953780539e-05
18091,4,4,XGBoost,2.8078728064429015e-05,2.1449337509693578e-05,2.044056964223273e-05,0.00018743258260656148,0.9997425675392151
13572,2,2,XGBoost,3.8596153899561614e-05,2.94835954264272e-05,0.9998515844345093,1.6520638382644393e-05,6.376350938808173e-05
17629,4,4,XGBoost,5.855420386069454e-05,0.00018106744391843677,4.262591028236784e-05,0.0004907730617560446,0.9992269277572632
18873,4,4,XGBoost,4.797127257916145e-05,2.7688231057254598e-05,0.00021212476713117212,2.1270907382131554e-05,0.9996910095214844
16610,3,3,XGBoost,3.651448059827089e-05,0.00010244304576190189,2.6581601559882984e-05,0.9997972846031189,3.721403845702298e-05
10250,0,0,XGBoost,0.9998055100440979,2.8128872145316564e-05,0.00010736989497672766,9.370404768560547e-06,4.96809407195542e-05
14437,1,1,XGBoost,3.9667022065259516e-05,0.9998773336410522,2.88765731966123e-05,1.8966618881677277e-05,3.518213634379208e-05
12808,2,2,XGBoost,0.0002531680220272392,0.00016132614109665155,0.9992371797561646,0.00010681723506422713,0.00024154721177183092
10083,0,0,XGBoost,0.9997939467430115,2.8128548365202732e-05,0.000116134608106222,9.370295629196335e-06,5.2405161113711074e-05
13365,2,2,XGBoost,4.626836744137108e-05,2.9483568141586147e-05,0.9998506307601929,9.821695130085573e-06,6.376345118042082e-05
18909,4,4,XGBoost,6.669709546258673e-05,5.37299201823771e-05,0.0005379370413720608,0.00011904973507625982,0.9992226362228394
13596,2,2,XGBoost,6.165403465274721e-05,4.709755376097746e-05,0.9998138546943665,3.121263944194652e-05,4.6183828089851886e-05
12821,2,2,XGBoost,4.626922236639075e-05,2.9484112019417807e-05,0.9998691082000732,1.5072632777446415e-05,4.010688280686736e-05
18884,4,4,XGBoost,4.118759898119606e-05,2.624597618705593e-05,0.0003166628594044596,2.5331421056762338e-05,0.9995905756950378
17431,3,3,XGBoost,4.80466551380232e-05,3.670286969281733e-05,3.497672878438607e-05,0.999843955039978,3.633412779890932e-05
15068,1,1,XGBoost,3.9666309021413326e-05,0.9998593330383301,3.055709385080263e-05,3.4704375138971955e-05,3.570756234694272e-05
18819,4,4,XGBoost,3.548285167198628e-05,2.261073859699536e-05,0.0002937674580607563,1.7370213754475117e-05,0.9996308088302612
16131,3,3,XGBoost,2.4884431695681997e-05,7.01925455359742e-05,1.8115208149538375e-05,0.9998527765274048,3.402674337849021e-05
16547,3,3,XGBoost,7.97891552792862e-05,0.00024315447080880404,5.808445348520763e-05,0.9995575547218323,6.139687320683151e-05
14809,1,1,XGBoost,3.966582880821079e-05,0.9998471736907959,2.8875701900688e-05,5.240380414761603e-05,3.184972229064442e-05
14402,1,1,XGBoost,3.761399057111703e-05,0.9998594522476196,2.738201328611467e-05,3.872539309668355e-05,3.6810142773902044e-05
17631,4,4,XGBoost,5.5878950661281124e-05,5.7691180700203404e-05,3.684535840875469e-05,0.00010388969531049952,0.9997456669807434
16624,3,3,XGBoost,3.62711725756526e-05,0.00010231159103568643,2.640447928570211e-05,0.9998045563697815,3.0468270779238082e-05
17625,4,4,XGBoost,3.467427086434327e-05,2.648767076607328e-05,2.5241950424970128e-05,6.191799911903217e-05,0.9998517036437988
17348,3,3,XGBoost,4.7577770601492375e-05,3.8327758375089616e-05,3.463535904302262e-05,0.9998456239700317,3.386815660633147e-05
18567,4,4,XGBoost,2.6652915039449e-05,6.572990969289094e-05,1.9402634279686026e-05,3.811360147665255e-05,0.9998500347137451
18113,4,4,XGBoost,3.0023955332580954e-05,2.293531724717468e-05,2.1856665625819005e-05,0.00011006223212461919,0.9998151659965515
15788,1,1,XGBoost,4.017183164251037e-05,0.9998517036437988,2.924405998783186e-05,2.3783779397490434e-05,5.503294596564956e-05
16321,3,3,XGBoost,3.2670785003574565e-05,9.165929077425972e-05,2.378349017817527e-05,0.9998167157173157,3.5220957215642557e-05
10629,0,0,XGBoost,0.9997323155403137,8.935683581512421e-05,5.488031456479803e-05,6.21985163888894e-05,6.121179467299953e-05
17047,3,3,XGBoost,4.998693475499749e-05,3.818505138042383e-05,3.6389199522091076e-05,0.9998470544815063,2.8390524676069617e-05
13039,2,2,XGBoost,4.626823647413403e-05,2.9483484468073584e-05,0.9998477697372437,1.5325265849241987e-05,6.110594404162839e-05
15518,1,1,XGBoost,3.761455081985332e-05,0.9998743534088135,2.7382422558730468e-05,2.160532858397346e-05,3.905092307832092e-05
13067,2,2,XGBoost,0.00014865040429867804,8.579865971114486e-05,0.9995920062065125,3.009981446666643e-05,0.00014340713096316904
12408,2,2,XGBoost,4.2612693505361676e-05,2.9484510378097184e-05,0.9998825788497925,9.822008905757684e-06,3.545765139278956e-05
15790,1,1,XGBoost,0.00029038646607659757,0.9990550875663757,0.00017634039977565408,0.00015439467097166926,0.0003237401251681149
17657,4,4,XGBoost,2.9299884772626683e-05,2.3731256078463048e-05,2.132956069544889e-05,0.00017899998056236655,0.9997466206550598
16588,3,3,XGBoost,5.006613355362788e-05,8.167099440470338e-05,3.64468214684166e-05,0.9997860789299011,4.571036697598174e-05
17920,4,4,XGBoost,3.6458575777942315e-05,2.785072683764156e-05,2.654090349096805e-05,4.950201400788501e-05,0.9998595714569092
13545,2,2,XGBoost,4.1603041609050706e-05,3.178058977937326e-05,0.9998610019683838,1.780771890480537e-05,4.7731067752465606e-05
19130,4,4,XGBoost,4.843908754992299e-05,3.086684591835365e-05,0.0002179622824769467,4.024363443022594e-05,0.9996625185012817
11887,0,0,XGBoost,0.9997146725654602,3.471805393928662e-05,0.00017595723329577595,1.6136682461365126e-05,5.845782652613707e-05
17130,3,3,XGBoost,0.00024200821644626558,0.000184870048542507,0.000186431803740561,0.9992146492004395,0.00017197863780893385
11467,0,0,XGBoost,0.9993440508842468,3.413934973650612e-05,0.0005579735152423382,1.4738074241904542e-05,4.9071895773522556e-05
16365,3,3,XGBoost,7.278370321728289e-05,0.0001013351502479054,6.353522621793672e-05,0.9996763467788696,8.596586849307641e-05
15765,1,1,XGBoost,3.761273910640739e-05,0.9998262524604797,2.7381103791412897e-05,6.912785465829074e-05,3.9643629861529917e-05
14731,1,1,XGBoost,3.7614470784319565e-05,0.9998722076416016,2.738236253208015e-05,2.5356108380947262e-05,3.741034015547484e-05
17687,4,4,XGBoost,2.4455965103697963e-05,1.8681927031138912e-05,1.883973163785413e-05,4.79743757750839e-05,0.9998900890350342
18151,4,4,XGBoost,4.315763362683356e-05,7.040148921078071e-05,3.1417643185704947e-05,7.023591024335474e-05,0.9997847676277161
11388,0,0,XGBoost,0.999775230884552,3.6017620004713535e-05,0.0001366264623356983,2.480249349900987e-05,2.7351416065357625e-05
11791,0,0,XGBoost,0.999884843826294,2.9666049158549868e-05,3.977023879997432e-05,1.6655309082125314e-05,2.909830436692573e-05
13616,2,2,XGBoost,4.626922236639075e-05,2.9484112019417807e-05,0.9998691082000732,1.5072632777446415e-05,4.010688280686736e-05
14292,1,1,XGBoost,3.966576696257107e-05,0.9998456239700317,2.887565642595291e-05,5.085162410978228e-05,3.492229006951675e-05
16192,3,3,XGBoost,0.00011685031495289877,0.00014860733062960207,0.00010200237738899887,0.9995119571685791,0.00012062509631505236
13853,2,2,XGBoost,5.975389285595156e-05,3.8076941564213485e-05,0.9998186230659485,1.268435789825162e-05,7.09396117599681e-05
15286,1,1,XGBoost,4.859789623878896e-05,0.9995749592781067,3.537801603670232e-05,0.00028868569643236697,5.239128222456202e-05
13708,2,2,XGBoost,0.00013344548642635345,8.503540448145941e-05,0.999576985836029,4.613270721165463e-05,0.00015842601715121418
14662,1,1,XGBoost,3.761461266549304e-05,0.9998760223388672,2.7382468033465557e-05,2.8599155484698713e-05,3.0412649721256457e-05
13970,1,1,XGBoost,0.00011551340139703825,0.9995813965797424,8.409070142079145e-05,7.165116403484717e-05,0.00014735608419869095
18902,4,4,XGBoost,3.7714868085458875e-05,3.038238537556026e-05,0.00016888498794287443,3.756249134312384e-05,0.9997254014015198
15567,1,1,XGBoost,5.4775653552496806e-05,0.99956876039505,3.987522723036818e-05,0.0002825826231855899,5.3993491746950895e-05
10884,0,0,XGBoost,0.9996131062507629,3.104921415797435e-05,0.00029391326825134456,1.730548683553934e-05,4.4630141928792e-05
15260,1,1,XGBoost,4.3364099838072434e-05,0.9997976422309875,3.156792081426829e-05,8.342212095158175e-05,4.400550460559316e-05
11244,0,0,XGBoost,0.999796450138092,3.105491123278625e-05,0.0001240096753463149,1.2996987607039046e-05,3.554271825123578e-05
18862,4,4,XGBoost,5.892877743463032e-05,3.401272260816768e-05,0.0004419066244736314,3.4797965781763196e-05,0.9994303584098816
13135,2,2,XGBoost,0.00011854973126901314,9.056012640940025e-05,0.999656081199646,3.1129213311942294e-05,0.00010364723857492208
15035,1,1,XGBoost,3.7614547181874514e-05,0.9998742341995239,2.738241892075166e-05,2.689510802156292e-05,3.390519123058766e-05
16431,3,3,XGBoost,2.3060136300045997e-05,7.564524275949225e-05,1.6787183994892985e-05,0.9998552799224854,2.9234906833153218e-05
18885,4,4,XGBoost,5.9518133639357984e-05,3.792671122937463e-05,0.0001999856613110751,5.4937347158556804e-05,0.9996476173400879
17209,3,3,XGBoost,2.1573581761913374e-05,2.286613562318962e-05,1.5705012629041448e-05,0.9999164342880249,2.335759018023964e-05
13664,2,2,XGBoost,0.0001916881592478603,0.00015442051517311484,0.9993919134140015,6.739027594448999e-05,0.00019454384164419025
10148,0,0,XGBoost,0.9997881054878235,3.671103695523925e-05,9.312927431892604e-05,1.4304014257504605e-05,6.771590415155515e-05
13412,2,2,XGBoost,4.626890950021334e-05,2.9483911930583417e-05,0.9998623132705688,9.821809726417996e-06,5.2074195991735905e-05
12511,2,2,XGBoost,5.1081995479762554e-05,2.948368819488678e-05,0.9998546838760376,9.82173514785245e-06,5.4929867474129423e-05
19128,4,4,XGBoost,6.238474452402443e-05,3.975339495809749e-05,0.0002008332230616361,6.602181383641437e-05,0.9996310472488403
13328,2,2,XGBoost,4.626866211765446e-05,2.948375367850531e-05,0.9998569488525391,1.2339432032604236e-05,5.4929991165408865e-05
14463,1,1,XGBoost,3.7614932807628065e-05,0.9998844861984253,2.7382699045119807e-05,2.158962524845265e-05,2.8944245059392415e-05
10380,0,0,XGBoost,0.9997361302375793,7.818557787686586e-05,5.084290387458168e-05,6.0540442063938826e-05,7.426431693602353e-05
11510,0,0,XGBoost,0.999626636505127,2.8123840820626356e-05,0.00030178422457538545,1.5303417967515998e-05,2.8079784897272475e-05
12567,2,2,XGBoost,5.1081995479762554e-05,2.948368819488678e-05,0.9998546838760376,9.82173514785245e-06,5.4929867474129423e-05
11111,0,0,XGBoost,0.9997864365577698,3.105459836660884e-05,0.00012059448636136949,1.730848816805519e-05,4.463788354769349e-05
17297,3,3,XGBoost,5.812839663121849e-05,7.814753917045891e-05,4.477939728531055e-05,0.9997645020484924,5.447596777230501e-05
13803,2,2,XGBoost,5.594536560238339e-05,3.565007136785425e-05,0.9998291730880737,1.6569845683989115e-05,6.26374312560074e-05
10367,0,0,XGBoost,0.9998071789741516,2.8128919439041056e-05,0.00010565728007350117,9.370420229970478e-06,4.9681024393066764e-05
18625,4,4,XGBoost,3.6315461329650134e-05,0.00010494415619177744,2.6436717234901153e-05,9.402281284565106e-05,0.9997382760047913
14607,1,1,XGBoost,4.336090569267981e-05,0.9997239708900452,3.156559250783175e-05,0.00016293303633574396,3.817550532403402e-05
10025,0,0,XGBoost,0.9998044371604919,2.8128843041486107e-05,0.0001056569890351966,9.370394764118828e-06,5.2405710448510945e-05
17474,4,4,XGBoost,0.0006518936716020107,0.00041540630627423525,0.05201098695397377,0.005373578518629074,0.9415481090545654
15351,1,1,XGBoost,3.9664722862653434e-05,0.9998193383216858,2.887489608838223e-05,7.310105138458312e-05,3.909836959792301e-05
10075,0,0,XGBoost,0.9998069405555725,2.8128913982072845e-05,0.00010318608838133514,9.370417501486372e-06,5.2405841415748e-05
16501,3,3,XGBoost,0.00015019644342828542,0.00031538979965262115,0.00010933915473287925,0.9992521405220032,0.00017285296053159982
11425,0,0,XGBoost,0.9997455477714539,3.601655043894425e-05,0.0001706323237158358,2.0473895347095095e-05,2.7350604796083644e-05
11503,0,0,XGBoost,0.9997474551200867,3.6016619560541585e-05,0.00017063264385797083,1.8584234567242675e-05,2.7350657546776347e-05
15317,1,1,XGBoost,3.966302392655052e-05,0.9997765421867371,2.887366099457722e-05,0.00012003588199149817,3.4919878089567646e-05
16872,3,3,XGBoost,0.0001889193954411894,0.00020023825345560908,0.00014553466462530196,0.9992554783821106,0.00020978666725568473
10885,0,0,XGBoost,0.9997946619987488,3.105485666310415e-05,0.00011807824193965644,1.155045993073145e-05,4.463825098355301e-05
18462,4,4,XGBoost,2.9505810744012706e-05,0.0001090596997528337,2.147947088815272e-05,2.48615542659536e-05,0.9998151659965515
15074,1,1,XGBoost,4.9352511268807575e-05,0.9996836185455322,3.592732173274271e-05,0.00019035466539207846,4.079221616848372e-05
18981,4,4,XGBoost,6.50974761811085e-05,4.374545096652582e-05,0.00019330486247781664,6.889263750053942e-05,0.9996289014816284
13483,2,2,XGBoost,3.859668504446745e-05,2.948400106106419e-05,0.9998652935028076,1.2339534805505536e-05,5.422254980658181e-05
12280,2,2,XGBoost,4.261262438376434e-05,2.9484464903362095e-05,0.9998810291290283,1.5072811947902665e-05,3.182444197591394e-05
10389,0,0,XGBoost,0.9997650980949402,3.6710192944156006e-05,4.8047309974208474e-05,8.361207437701523e-05,6.651072908425704e-05
18963,4,4,XGBoost,3.812191789620556e-05,3.0710300052305683e-05,0.00025694200303405523,4.1759831219678745e-05,0.9996324777603149
14061,1,1,XGBoost,3.761362313525751e-05,0.9998496770858765,2.738174589467235e-05,3.978147287853062e-05,4.555738632916473e-05
15159,1,1,XGBoost,4.403192360769026e-05,0.9997817873954773,3.205410757800564e-05,9.781037806533277e-05,4.4286836782703176e-05
11142,0,0,XGBoost,0.999788224697113,3.105465657426976e-05,0.00012130326649639755,1.7308519090875052e-05,4.207721576676704e-05
18501,4,4,XGBoost,2.9623408408951946e-05,0.00010247730097034946,2.15650798054412e-05,3.135899532935582e-05,0.999815046787262
16762,3,3,XGBoost,4.04351121687796e-05,0.00011405698751332238,2.943569234048482e-05,0.99977046251297,4.564492337522097e-05
11658,0,0,XGBoost,0.9998863935470581,3.29941394738853e-05,4.1382896597497165e-05,1.6655334547976963e-05,2.2528089175466448e-05
14420,1,1,XGBoost,3.761478001251817e-05,0.9998804330825806,2.738258808676619e-05,1.5474852261831984e-05,3.905116318492219e-05
13810,2,2,XGBoost,5.190317097003572e-05,3.3074262319132686e-05,0.9998456239700317,1.101783254853217e-05,5.841543315909803e-05
16777,3,3,XGBoost,2.6988582249032333e-05,0.00010386263602413237,1.964697366929613e-05,0.9998247027397156,2.47944044531323e-05
15266,1,1,XGBoost,3.9665734220761806e-05,0.9998447895050049,2.8875632779090665e-05,5.177493585506454e-05,3.492226096568629e-05
10091,0,0,XGBoost,0.9998027682304382,2.8128795747761615e-05,0.0001073696039384231,9.370378393214196e-06,5.2405623137019575e-05
11182,0,0,XGBoost,0.9997027516365051,3.976178413722664e-05,0.0002002642722800374,1.577992588863708e-05,4.1354862332809716e-05
15920,1,1,XGBoost,5.286328087095171e-05,0.9998013377189636,3.8483107346110046e-05,5.970973870716989e-05,4.7650173655711114e-05
13531,2,2,XGBoost,3.859636126435362e-05,2.948375367850531e-05,0.9998569488525391,2.2447862647823058e-05,5.245861757430248e-05
12673,2,2,XGBoost,4.2611492972355336e-05,2.9483680918929167e-05,0.9998544454574585,9.821732419368345e-06,6.365251465467736e-05
12552,2,2,XGBoost,4.626877489499748e-05,2.9483828257070854e-05,0.9998594522476196,9.821781532082241e-06,5.4930129408603534e-05
15220,1,1,XGBoost,4.8136622353922576e-05,0.9997187256813049,3.504218693706207e-05,0.00014949616161175072,4.8573099775239825e-05
14756,1,1,XGBoost,3.966704389313236e-05,0.9998778104782104,2.8876585929538123e-05,2.3124566723708995e-05,3.0523351597366855e-05
12296,2,2,XGBoost,4.1602841520216316e-05,3.1780433346284553e-05,0.9998561143875122,2.484612377884332e-05,4.5681190385948867e-05
14758,1,1,XGBoost,4.112263195565902e-05,0.9998515844345093,2.993621637870092e-05,4.513505336944945e-05,3.215892138541676e-05
11110,0,0,XGBoost,0.99978107213974,3.1054434657562524e-05,0.0001259966375073418,1.730839539959561e-05,4.463764344109222e-05
14786,1,1,XGBoost,3.7614179746015e-05,0.9998644590377808,2.738215152930934e-05,3.17409576382488e-05,3.882927921949886e-05
15099,1,1,XGBoost,3.761419793590903e-05,0.999864935874939,2.7382164262235165e-05,1.8955930499942042e-05,5.1147155318176374e-05
10490,0,0,XGBoost,0.9996833801269531,7.818145240889862e-05,7.707616168772802e-05,9.071628301171586e-05,7.070208084769547e-05
19071,4,4,XGBoost,3.435684266150929e-05,2.624521221150644e-05,0.00034098775358870625,3.6886907764710486e-05,0.9995614886283875
11660,0,0,XGBoost,0.9998677968978882,2.9665543479495682e-05,6.338258390314877e-05,1.665502531977836e-05,2.2527670807903633e-05
12456,2,2,XGBoost,5.108136247145012e-05,2.948332257801667e-05,0.9998422861099243,9.821613275562413e-06,6.726002902723849e-05
10960,0,0,XGBoost,0.9997873902320862,3.105463110841811e-05,0.00012130316463299096,1.8141718101105653e-05,4.207717938697897e-05
14527,1,1,XGBoost,3.7614321627188474e-05,0.9998682737350464,2.7382255211705342e-05,2.331018004042562e-05,4.340444502304308e-05
10783,0,0,XGBoost,0.9997949004173279,3.105486393906176e-05,0.00011212108802283183,1.730863550619688e-05,4.463826189748943e-05
13692,2,2,XGBoost,4.479872586671263e-05,3.422174268052913e-05,0.9998289346694946,2.1090683731017634e-05,7.092620217008516e-05
11776,0,0,XGBoost,0.9998843669891357,2.966603460663464e-05,3.977022061008029e-05,1.7111517081502825e-05,2.9098289815010503e-05
18635,4,4,XGBoost,3.0494156817439944e-05,5.315015368978493e-05,5.6857039453461766e-05,3.832747825072147e-05,0.9998212456703186
14851,1,1,XGBoost,3.7614609027514234e-05,0.9998759031295776,2.738246439548675e-05,2.4360508177778684e-05,3.473501419648528e-05
15172,1,1,XGBoost,3.966635267715901e-05,0.999860405921936,2.8876083888462745e-05,3.5218970879213884e-05,3.5754692362388596e-05
11092,0,0,XGBoost,0.9997857213020325,3.1054576538736e-05,0.00012130296818213537,1.7308475435129367e-05,4.463785080588423e-05
13093,2,2,XGBoost,4.626877489499748e-05,2.9483828257070854e-05,0.9998594522476196,9.821781532082241e-06,5.4930129408603534e-05
11135,0,0,XGBoost,0.999788224697113,3.105465657426976e-05,0.00012130326649639755,1.7308519090875052e-05,4.207721576676704e-05
10879,0,0,XGBoost,0.99978107213974,3.1054434657562524e-05,0.0001259966375073418,1.730839539959561e-05,4.463764344109222e-05
15847,1,1,XGBoost,9.067491191672161e-05,0.999704897403717,5.506329398485832e-05,4.8210615204880014e-05,0.00010108968854183331
14255,1,1,XGBoost,3.7614434404531494e-05,0.9998712539672852,2.73823370662285e-05,1.5744371921755373e-05,4.798331065103412e-05
13627,2,2,XGBoost,4.156199065619148e-05,3.174922676407732e-05,0.999847412109375,1.0576432032394223e-05,6.866327748866752e-05
16569,3,3,XGBoost,2.803419738484081e-05,3.31462433678098e-05,2.0408155251061544e-05,0.9998910427093506,2.7404195861890912e-05
14986,1,1,XGBoost,3.966471558669582e-05,0.9998192191123962,2.8874892450403422e-05,7.076059409882873e-05,4.145828643231653e-05
12738,2,2,XGBoost,4.261186404619366e-05,2.9483937396435067e-05,0.9998631477355957,9.821817911870312e-06,5.493033313541673e-05
10379,0,0,XGBoost,0.9998071789741516,2.8128919439041056e-05,0.00010565728007350117,9.370420229970478e-06,4.9681024393066764e-05
10553,0,0,XGBoost,0.999677300453186,7.818097219569609e-05,7.70756887504831e-05,9.320060053141788e-05,7.425994408549741e-05
16934,3,3,XGBoost,2.485481854819227e-05,3.337278758408502e-05,1.809364948712755e-05,0.9998941421508789,2.9493627152987756e-05
11470,0,0,XGBoost,0.999742329120636,3.6016434023622423e-05,0.00017063177074305713,2.3679969672230072e-05,2.7350517484592274e-05
11583,0,0,XGBoost,0.9998499155044556,4.305988477426581e-05,5.2404047892196104e-05,2.1736488633905537e-05,3.2829288102220744e-05
11673,0,0,XGBoost,0.9998871088027954,3.299416130175814e-05,4.0674338379176334e-05,1.6655345461913384e-05,2.252810554637108e-05
14032,1,1,XGBoost,3.761460538953543e-05,0.9998757839202881,2.7382460757507943e-05,1.8036464098258875e-05,4.119283039472066e-05
11738,0,0,XGBoost,0.9998863935470581,3.29941394738853e-05,4.1382896597497165e-05,1.6655334547976963e-05,2.2528089175466448e-05
18997,4,4,XGBoost,4.617850936483592e-05,3.720053791766986e-05,0.00020004926773253828,5.418332511908375e-05,0.9996623992919922
15297,1,1,XGBoost,4.168019586359151e-05,0.9998321533203125,3.0342107493197545e-05,5.9058766055386513e-05,3.669581928988919e-05
19019,4,4,XGBoost,5.430366218206473e-05,4.3746011215262115e-05,0.00019330732175149024,6.700077938148752e-05,0.9996416568756104
18019,4,4,XGBoost,3.750498217414133e-05,2.865007809305098e-05,2.7302661692374386e-05,0.00026561698177829385,0.999640941619873
12467,2,2,XGBoost,5.1081995479762554e-05,2.948368819488678e-05,0.9998546838760376,9.82173514785245e-06,5.4929867474129423e-05
10194,0,0,XGBoost,0.9997966885566711,2.812862476275768e-05,0.00011613492824835703,9.370322004542686e-06,4.968050416209735e-05
18870,4,4,XGBoost,3.585084050428122e-05,2.738644980126992e-05,0.00035581551492214203,2.1039071725681424e-05,0.9995599389076233
14254,1,1,XGBoost,3.9665996155235916e-05,0.9998514652252197,2.887582559196744e-05,4.255394378560595e-05,3.7454756238730624e-05
16115,3,3,XGBoost,3.195632598362863e-05,9.014043462229893e-05,2.326337926206179e-05,0.999786913394928,6.768405728507787e-05
17440,3,3,XGBoost,5.16364598297514e-05,3.944508353015408e-05,3.7589976273011416e-05,0.9997950196266174,7.630901382071897e-05
10429,0,0,XGBoost,0.9996875524520874,7.818177255103365e-05,7.707648182986304e-05,9.07166613615118e-05,6.650557043030858e-05
17522,4,4,XGBoost,2.9169412300689146e-05,2.2282529243966565e-05,2.4255232347059064e-05,7.260317943291739e-05,0.9998517036437988
13621,2,2,XGBoost,4.626920781447552e-05,2.948410292447079e-05,0.9998687505722046,1.3080221833661199e-05,4.238044857629575e-05
13944,1,1,XGBoost,3.761001426028088e-05,0.9997537732124329,0.0001334344851784408,4.461939897737466e-05,3.054815897485241e-05
10969,0,0,XGBoost,0.9997754693031311,3.1054260034579784e-05,0.0001315172848990187,1.7308298993157223e-05,4.4637392420554534e-05
18821,4,4,XGBoost,5.430295641417615e-05,4.37454400525894e-05,0.00020956640946678817,6.371610652422532e-05,0.9996286630630493
13476,2,2,XGBoost,3.859687421936542e-05,2.948414476122707e-05,0.9998701810836792,1.7393440430168994e-05,4.428205284057185e-05
13350,2,2,XGBoost,4.156262366450392e-05,3.348206519149244e-05,0.9998626708984375,1.9623115804279223e-05,4.264106974005699e-05
16289,3,3,XGBoost,8.657634316477925e-05,7.315135007956997e-05,8.01871792646125e-05,0.9996936321258545,6.650369323324412e-05
12842,2,2,XGBoost,4.261216236045584e-05,2.948414476122707e-05,0.9998701810836792,1.3704001503356267e-05,4.405186336953193e-05
11838,0,0,XGBoost,0.9998742341995239,3.770831972360611e-05,4.072225056006573e-05,1.821173464122694e-05,2.909799513872713e-05
19004,4,4,XGBoost,4.677291144616902e-05,3.767937596421689e-05,0.00038777306326664984,4.658394027501345e-05,0.9994812607765198
13127,2,2,XGBoost,4.626852387445979e-05,2.948366636701394e-05,0.9998539686203003,1.5325362255680375e-05,5.4929827456362545e-05
17156,3,3,XGBoost,2.178600334445946e-05,2.4483102606609464e-05,1.5859635823289864e-05,0.9999176263809204,2.023269553319551e-05
15394,1,1,XGBoost,7.877208554418758e-05,0.9995126724243164,5.734405203838833e-05,0.0002749153645709157,7.633709901710972e-05
15709,1,1,XGBoost,0.00013062902144156396,0.9995121955871582,9.509455412626266e-05,9.810906340135261e-05,0.00016396335558965802
10154,0,0,XGBoost,0.9998027682304382,2.8128795747761615e-05,0.0001073696039384231,9.370378393214196e-06,5.2405623137019575e-05
12253,2,2,XGBoost,5.108231198391877e-05,2.9483870093827136e-05,0.9998608827590942,1.6248102838289924e-05,4.230625563650392e-05
16169,3,3,XGBoost,3.504834239720367e-05,9.143504576059058e-05,2.5514289518469013e-05,0.9998142123222351,3.383267903700471e-05
10552,0,0,XGBoost,0.9997096657752991,7.818351150490344e-05,5.4879070376046e-05,9.071866952581331e-05,6.650704744970426e-05
19112,4,4,XGBoost,4.261561480234377e-05,3.255406045354903e-05,0.00039277150062844157,4.429869295563549e-05,0.9994877576828003
12941,2,2,XGBoost,4.626877489499748e-05,2.9483828257070854e-05,0.9998594522476196,9.821781532082241e-06,5.4930129408603534e-05
13640,2,2,XGBoost,0.00018403891590423882,0.00012733992480207235,0.9993664622306824,4.377193545224145e-05,0.00027839315589517355
13361,2,2,XGBoost,0.0001308676874032244,9.054977999767289e-05,0.9995418787002563,3.016433765878901e-05,0.00020657034474425018
18776,4,4,XGBoost,3.631252548075281e-05,0.0001915689354063943,2.643458174134139e-05,8.813696331344545e-05,0.9996575117111206
16618,3,3,XGBoost,5.717581370845437e-05,0.00019779031572397798,4.404556966619566e-05,0.9996386766433716,6.225677498150617e-05
12146,2,2,XGBoost,4.626868758350611e-05,2.9483771868399344e-05,0.9998575448989868,2.2001395336701535e-05,4.4704363972414285e-05
14929,1,1,XGBoost,4.23487217631191e-05,0.9998561143875122,3.082874900428578e-05,3.495754208415747e-05,3.5702068998944014e-05
18656,4,4,XGBoost,2.6652123779058456e-05,9.851177310338244e-05,1.9402059479034506e-05,3.504093911033124e-05,0.9998204112052917
13126,2,2,XGBoost,4.982378231943585e-05,3.1749183108331636e-05,0.9998459815979004,1.3287551155372057e-05,5.9150617744307965e-05
16575,3,3,XGBoost,3.3277836337219924e-05,7.483408262487501e-05,2.4225382730946876e-05,0.9998334646224976,3.415635728742927e-05
12824,2,2,XGBoost,0.00011320181511109695,6.533823034260422e-05,0.9997155070304871,3.0368701118277386e-05,7.557871867902577e-05
15292,1,1,XGBoost,3.966669464716688e-05,0.9998689889907837,3.055739216506481e-05,2.344970744161401e-05,3.737516453838907e-05
11351,0,0,XGBoost,0.9993364214897156,3.7690664612455294e-05,0.0005593281239271164,1.577414332132321e-05,5.072858766652644e-05
12040,2,2,XGBoost,3.859629214275628e-05,2.9483700927812606e-05,0.9998551607131958,2.2001342586008832e-05,5.473980127135292e-05
16849,3,3,XGBoost,5.278106254991144e-05,4.031944627058692e-05,3.8423215301008895e-05,0.9998193383216858,4.910983989248052e-05
14804,1,1,XGBoost,3.7614634493365884e-05,0.9998766183853149,2.738248440437019e-05,2.564561873441562e-05,3.268595537520014e-05
15126,1,1,XGBoost,0.0001230172929354012,0.999467670917511,9.476676495978609e-05,0.0002015757345361635,0.00011301595804980025
16145,3,3,XGBoost,2.087907887471374e-05,8.941460691858083e-05,1.519943089078879e-05,0.9998579025268555,1.6609494196018204e-05
12289,2,2,XGBoost,8.260520553449169e-05,5.263847197056748e-05,0.9997491240501404,1.7535159713588655e-05,9.806860907701775e-05
18738,4,4,XGBoost,3.13435957650654e-05,0.00013707119796890765,2.2817328499513678e-05,4.7306974011007696e-05,0.9997615218162537
15302,1,1,XGBoost,0.00012436039105523378,0.9988333582878113,9.05311680980958e-05,0.000848227646201849,0.0001035043751471676
11059,0,0,XGBoost,0.9997889399528503,3.10546784021426e-05,0.00012059479195158929,1.7308531823800877e-05,4.20772448705975e-05
12528,2,2,XGBoost,5.1081995479762554e-05,2.948368819488678e-05,0.9998546838760376,9.82173514785245e-06,5.4929867474129423e-05
16089,3,3,XGBoost,6.748455780325457e-05,0.00031596317421644926,4.912696749670431e-05,0.9994890689849854,7.829823152860627e-05
18354,4,4,XGBoost,6.837047840235755e-05,0.00013333630340639502,4.5081997086526826e-05,9.734898048918694e-05,0.9996558427810669
14884,1,1,XGBoost,3.7614569009747356e-05,0.9998748302459717,2.7382435291656293e-05,2.4920960640884005e-05,3.52149763784837e-05
15691,1,1,XGBoost,4.696656105807051e-05,0.9998000264167786,3.419041240704246e-05,7.634418579982594e-05,4.250004349160008e-05
11488,0,0,XGBoost,0.9998519420623779,2.9665072361240163e-05,7.636126247234643e-05,1.950409568962641e-05,2.2527312466991134e-05
14093,1,1,XGBoost,4.336258280090988e-05,0.9997625946998596,3.340450348332524e-05,0.00012152398267062381,3.908642247552052e-05
18942,4,4,XGBoost,4.678278855863027e-05,3.7687332223868e-05,0.00016653505736030638,5.666767174261622e-05,0.9996923208236694
16041,3,3,XGBoost,0.00019833764235954732,0.00018044214812107384,0.00018370071484241635,0.9992446899414062,0.00019283476285636425
19052,4,4,XGBoost,6.226650293683633e-05,3.5939239751314744e-05,0.00046693641343154013,4.998808799427934e-05,0.999384880065918
14266,1,1,XGBoost,3.761446350836195e-05,0.999872088432312,2.7382358894101344e-05,2.0358935216790996e-05,4.257641558069736e-05
13310,2,2,XGBoost,5.108214099891484e-05,2.9483771868399344e-05,0.9998575448989868,9.821763342188206e-06,5.207394860917702e-05
10779,0,0,XGBoost,0.9997802376747131,3.1054409191710874e-05,0.00013234656944405288,1.1775362509069964e-05,4.463760706130415e-05
12438,2,2,XGBoost,4.626877489499748e-05,2.9483828257070854e-05,0.9998594522476196,9.821781532082241e-06,5.4930129408603534e-05
13888,2,2,XGBoost,0.00010313814709661528,6.572266283910722e-05,0.9996931552886963,2.1893800294492394e-05,0.00011607872875174507
14913,1,1,XGBoost,3.966656367992982e-05,0.9998657703399658,2.8876238502562046e-05,3.5093431506538764e-05,3.052298416150734e-05
15151,1,1,XGBoost,3.966613076045178e-05,0.9998548030853271,2.887592199840583e-05,3.654184183687903e-05,4.0049435483524576e-05
16526,3,3,XGBoost,2.897603189921938e-05,6.117283919593319e-05,2.1093803297844715e-05,0.9998481273651123,4.0559029002906755e-05
12744,2,2,XGBoost,5.1081995479762554e-05,2.948368819488678e-05,0.9998546838760376,9.82173514785245e-06,5.4929867474129423e-05
11236,0,0,XGBoost,0.9997077584266663,3.1052157282829285e-05,0.00020633527310565114,1.29958352772519e-05,4.1793693526415154e-05
17553,4,4,XGBoost,6.154087895993143e-05,4.513260500971228e-05,4.057867045048624e-05,8.399072248721495e-05,0.9997687935829163
10943,0,0,XGBoost,0.9997853636741638,3.105456562479958e-05,0.00012130292452638969,2.0244819097570144e-05,4.2077095713466406e-05
13956,1,1,XGBoost,3.7614481698255986e-05,0.9998725652694702,2.7382373446016572e-05,2.3392454750137404e-05,3.9050853956723586e-05
10707,0,0,XGBoost,0.9997087121009827,6.426313484553248e-05,6.142413622001186e-05,0.00011856061610160396,4.701030775322579e-05
17026,3,3,XGBoost,5.384531687013805e-05,4.1132465412374586e-05,3.919800292351283e-05,0.9997760653495789,8.97561913006939e-05
17061,3,3,XGBoost,2.3314149075304158e-05,3.1343428418040276e-05,1.697209881967865e-05,0.9999078512191772,2.0526098523987457e-05
12964,2,2,XGBoost,4.588684896589257e-05,3.174996163579635e-05,0.9998705387115479,1.1434204679972026e-05,4.035378879052587e-05
12106,2,2,XGBoost,4.626897134585306e-05,2.9483950129360892e-05,0.9998636245727539,1.1310477930237539e-05,4.928064299747348e-05
11359,0,0,XGBoost,0.9996936321258545,3.9761416701367125e-05,0.00020026243873871863,2.4964632757473737e-05,4.135448398301378e-05
11952,2,2,XGBoost,0.034295763820409775,7.687460310989991e-05,0.9654401540756226,4.394953793962486e-05,0.0001432219723938033
16846,3,3,XGBoost,9.820997365750372e-05,0.00012437099940143526,7.149433076847345e-05,0.9996160268783569,8.981734572444111e-05
18762,4,4,XGBoost,4.554093902697787e-05,0.00011993040243396536,3.3152631658595055e-05,6.947515794308856e-05,0.9997318387031555
12714,2,2,XGBoost,4.261158392182551e-05,2.948374458355829e-05,0.9998565912246704,1.029012582876021e-05,6.099998427089304e-05
15522,1,1,XGBoost,3.761392872547731e-05,0.9998577833175659,2.738196781137958e-05,4.8235920985462144e-05,2.8943471988895908e-05
15087,1,1,XGBoost,3.966251824749634e-05,0.9997637867927551,2.8873293558717705e-05,0.00012321743997745216,4.449508560355753e-05
15084,1,1,XGBoost,3.966571966884658e-05,0.9998444318771362,2.8875621865154244e-05,5.511190465767868e-05,3.19311729981564e-05
14446,1,1,XGBoost,4.167358929407783e-05,0.9996737241744995,3.033729808521457e-05,0.00020686909556388855,4.7390549298143014e-05
11118,0,0,XGBoost,0.9997873902320862,3.105463110841811e-05,0.00012130316463299096,1.8141718101105653e-05,4.207717938697897e-05
13308,2,2,XGBoost,4.6268389269243926e-05,2.9483582693501376e-05,0.9998511075973511,1.8170580005971715e-05,5.492967102327384e-05
13564,2,2,XGBoost,4.4800293835578486e-05,3.422293593757786e-05,0.999863862991333,1.7495176507509314e-05,3.958671368309297e-05
10528,0,0,XGBoost,0.9996672868728638,0.0001103537724702619,5.487674206960946e-05,9.319966920884326e-05,7.425920193782076e-05
11013,0,0,XGBoost,0.9997791647911072,3.1054372811922804e-05,0.00012362541747279465,2.149672945961356e-05,4.463755976757966e-05
14604,1,1,XGBoost,3.761347397812642e-05,0.9998457431793213,2.738163857429754e-05,5.189501098357141e-05,3.738435043487698e-05
18203,4,4,XGBoost,3.631038998719305e-05,0.00019155765767209232,2.6433026505401358e-05,0.00014705286594107747,0.9995986819267273
11009,0,0,XGBoost,0.9997867941856384,3.105461291852407e-05,0.000125997350551188,1.1550369890755974e-05,4.463789809960872e-05
13646,2,2,XGBoost,4.626877489499748e-05,2.9483828257070854e-05,0.9998594522476196,9.821781532082241e-06,5.4930129408603534e-05
11721,0,0,XGBoost,0.9998904466629028,2.966621468658559e-05,4.072291267220862e-05,1.6655401850584894e-05,2.2528180124936625e-05
11033,0,0,XGBoost,0.999794065952301,3.105483847321011e-05,0.00012130397954024374,1.1550453564268537e-05,4.2077459511347115e-05
18808,4,4,XGBoost,4.4823500502388924e-05,3.424069655011408e-05,0.00041312072426080704,3.0989638617029414e-05,0.9994768500328064
14246,1,1,XGBoost,3.761433981708251e-05,0.9998687505722046,2.7382267944631167e-05,2.5017750886036083e-05,4.119253935641609e-05
16122,3,3,XGBoost,2.2011701730662026e-05,6.208926060935482e-05,1.6023952412069775e-05,0.9998795986175537,2.0222125385771506e-05
17127,3,3,XGBoost,6.963127088965848e-05,5.493644857779145e-05,5.068977043265477e-05,0.9997637867927551,6.094117998145521e-05
11979,2,2,XGBoost,3.859602293232456e-05,2.9483493563020602e-05,0.9998481273651123,1.6520581993972883e-05,6.726042192894965e-05
13118,2,2,XGBoost,4.626866211765446e-05,2.948375367850531e-05,0.9998569488525391,1.2339432032604236e-05,5.4929991165408865e-05
19060,4,4,XGBoost,5.1949282351415604e-05,3.594467489165254e-05,0.00032969011226668954,4.6378369006561115e-05,0.9995360374450684
12046,2,2,XGBoost,4.6269040467450395e-05,2.9483997423085384e-05,0.9998651742935181,9.821837920753751e-06,4.928071939502843e-05
15900,1,1,XGBoost,0.0005650649545714259,0.9981774091720581,0.00034314178628847003,0.00022810359951108694,0.0006862423615530133
13274,2,2,XGBoost,5.1081995479762554e-05,2.948368819488678e-05,0.9998546838760376,9.82173514785245e-06,5.4929867474129423e-05
15120,1,1,XGBoost,3.9662434573983774e-05,0.9997616410255432,2.8873231713077985e-05,0.00012044530012644827,4.939026621286757e-05
15997,3,3,XGBoost,7.822493353160098e-05,0.00026396458270028234,5.6945678807096556e-05,0.9995232820510864,7.761188317090273e-05
13709,2,2,XGBoost,3.859678690787405e-05,2.948407745861914e-05,0.9998679161071777,9.821865205594804e-06,5.422269168775529e-05
13978,1,1,XGBoost,3.7614394386764616e-05,0.9998701810836792,2.7382307962398045e-05,2.7598385713645257e-05,3.724572525243275e-05
16577,3,3,XGBoost,5.4041374824009836e-05,0.00013251995551399887,3.934069172828458e-05,0.9997237324714661,5.033920388086699e-05
11483,0,0,XGBoost,0.9998235106468201,3.6019358958583325e-05,9.271800081478432e-05,2.0475492419791408e-05,2.73527366516646e-05
16316,3,3,XGBoost,2.4016317183850333e-05,0.00011857998470077291,1.7483262126916088e-05,0.9998206496238708,1.9333298041601665e-05
11795,0,0,XGBoost,0.9998834133148193,2.9666007321793586e-05,4.072262527188286e-05,1.7111500710598193e-05,2.909826253016945e-05
17865,4,4,XGBoost,3.661438313429244e-05,2.7969748771283776e-05,3.0445946322288364e-05,7.33605629648082e-05,0.9998315572738647
14387,1,1,XGBoost,3.76147982024122e-05,0.9998809099197388,2.7382600819692016e-05,1.8687012925511226e-05,3.5441804357105866e-05
12499,2,2,CatBoost,0.00013965453128617447,2.643563212726273e-05,0.9997771214973682,2.448114037109163e-05,3.230719884717159e-05
16980,3,3,CatBoost,5.642183615360323e-05,0.00046240677655704036,0.00015254236411719042,0.9989410674716822,0.00038756155149000554
13538,2,2,CatBoost,0.0002345871894188358,3.576981902270543e-05,0.9996459864300171,3.966343742706906e-05,4.399312411409281e-05
11263,0,0,CatBoost,0.9986089040497568,0.00010644650674541588,0.001109696413909191,9.639163781154049e-05,7.856139177726895e-05
14863,1,1,CatBoost,2.6604094820468407e-05,0.999536876943849,8.751496839162174e-05,0.000287814751893144,6.11892410456628e-05
16830,3,3,CatBoost,7.243498130257802e-05,0.00029195891369167103,0.00020443210592035476,0.9991077927709852,0.0003233812281002794
13723,2,2,CatBoost,0.0002884701728645413,7.197291778011453e-05,0.9994916980330874,5.1336888303828015e-05,9.652198796420257e-05
14857,1,1,CatBoost,3.0006899086570748e-05,0.9994140884522669,0.00010974192431809051,0.00038531280419854,6.0849920129974187e-05
17042,3,3,CatBoost,5.5947171966637014e-05,0.0004022833251005225,0.00016714545885737609,0.998887968301516,0.0004866557425594669
18575,4,4,CatBoost,7.8401972395592e-05,0.00015430947446167897,0.0001669631069880607,0.00023978740924638926,0.9993605380369083
13656,2,2,CatBoost,0.0006370657329325577,0.0001848462090245514,0.9989176031727819,0.00011416591966518243,0.00014631896559572324
11008,0,0,CatBoost,0.9994569839715715,4.501628998483354e-05,0.00041150267922779494,4.0660494288702755e-05,4.583656492736773e-05
17275,3,3,CatBoost,0.00013580857793288044,0.0003825546117176414,0.0002575882382701331,0.9987848116602168,0.00043923691186257223
12367,2,2,CatBoost,0.00017403963091030243,2.6886158903880142e-05,0.9997394182575733,2.503332669309257e-05,3.4622625919350646e-05
18261,4,4,CatBoost,9.043497091324105e-05,0.0003008612919418354,0.00014116190029189531,0.0005571451086871525,0.998910396728166
16975,3,3,CatBoost,6.202496751110129e-05,0.00024216700349494422,0.00012644264139975638,0.9993462996733988,0.00022306571419526214
11830,0,0,CatBoost,0.9995416939944137,6.527706916487826e-05,0.0002794736122366916,6.744235202203924e-05,4.611297216276076e-05
17035,3,3,CatBoost,5.8999407922561786e-05,0.0004008099945260687,0.00017782667470128444,0.9989939087880264,0.0003684551348237069
11688,0,0,CatBoost,0.9996696884518226,4.064579434763988e-05,0.00021579978331938323,3.6304390506656854e-05,3.7561580003759974e-05
18073,4,4,CatBoost,7.285004130900332e-05,0.0001302241510703226,0.0001419774197995606,0.0008814429500122573,0.9987735054378089
16787,3,3,CatBoost,4.261711958090086e-05,0.00047409109088218497,8.202449924313175e-05,0.9991765360272777,0.00022473126301612785
17568,4,4,CatBoost,0.00012562265940238047,0.00020030249577984195,0.00022785581780477142,0.0008263201396545041,0.9986198988873586
18812,4,4,CatBoost,0.00010412328103615189,0.00015409985746812362,0.00027565808177630667,0.00023384866526334592,0.999232270114456
17541,4,4,CatBoost,0.00022680926802504228,0.00033554762126589,0.0004084670161738507,0.003935567301236211,0.9950936087932989
10283,0,0,CatBoost,0.9993658861729263,3.75063227245544e-05,0.0005231998466268198,3.4750098779666464e-05,3.8657558942578954e-05
15418,1,1,CatBoost,3.003302838528129e-05,0.9993918244718948,0.00013346797521695587,0.00038310377443880186,6.1570750064148e-05
17401,3,3,CatBoost,6.209870737773488e-05,0.0002927219359033697,0.00016334083723057446,0.9989313753731961,0.0005504631462920996
13513,2,2,CatBoost,0.0002702614226252728,4.971798009219006e-05,0.9995841923523026,3.568112405715444e-05,6.014712092283645e-05
15125,1,1,CatBoost,2.543825584968009e-05,0.9994769946187837,9.659361925666275e-05,0.0003400220065181826,6.095149959183943e-05
11584,0,0,CatBoost,0.9995183748851736,8.05408517130015e-05,0.0002651600300283021,7.269249637283779e-05,6.323173671247163e-05
11397,0,0,CatBoost,0.9996259565953721,5.371181517446374e-05,0.00022720874603797652,5.0139761488946656e-05,4.298308192651232e-05
19083,4,4,CatBoost,0.0001298584896693559,0.0001829550237798032,0.00035293189309549937,0.00025939603864606346,0.9990748585548093
16341,3,3,CatBoost,7.256371549029185e-05,0.0015609007679878203,0.00018921706414992554,0.9977858325704301,0.00039148588194187626
10717,0,0,CatBoost,0.9993379166946592,0.00014757895147931763,0.00022043349436855764,0.00016264366511330647,0.00013142719437965572
13053,2,2,CatBoost,0.000359754048809786,5.9205213949661264e-05,0.999424760761051,7.323490578608395e-05,8.304507040336886e-05
10460,0,0,CatBoost,0.9993042129801109,0.00015501311344719328,0.00026930722199743307,0.0001480974955182848,0.00012336918892630694
16198,3,3,CatBoost,7.852534154023564e-05,0.0009040112136658703,0.000202006676718077,0.9983654503071236,0.00045000646095204083
12400,2,2,CatBoost,0.00019568421132042715,2.929612998553633e-05,0.9997038203700633,3.0099652430057212e-05,4.109963620066108e-05
12052,2,2,CatBoost,0.00028738846332390254,9.183888459884696e-05,0.9994497630765803,9.433500561795338e-05,7.667456987904007e-05
18016,4,4,CatBoost,5.999241042939417e-05,8.408816648731184e-05,0.00013504940197838871,0.00021182768651255293,0.9995090423345923
16142,3,3,CatBoost,4.001107850216447e-05,0.0005385480098312695,8.725596077106224e-05,0.9990850597370419,0.0002491252138536156
11517,0,0,CatBoost,0.9994999916892123,6.271413777230836e-05,0.00032673452086286425,5.894451144381731e-05,5.161514070862095e-05
18295,4,4,CatBoost,8.437330802968253e-05,0.0001669688230727903,0.00016714414932124714,0.00019111769122020437,0.9993903960283561
11376,0,0,CatBoost,0.9995887063287647,6.260548483513007e-05,0.00024091174267693654,5.8599365442768913e-05,4.9177078280624835e-05
16974,3,3,CatBoost,5.7796251038157425e-05,0.000498272097473965,0.0001647826100817965,0.9988432364241147,0.00043591261729152605
11385,0,0,CatBoost,0.9995599509162514,5.8941815232745104e-05,0.000277817366939565,5.543115500150398e-05,4.785874657482908e-05
17105,3,3,CatBoost,8.491994933224963e-05,0.0003083108710325803,0.00016432231117888895,0.9989747175198281,0.0004677293486281693
12566,2,2,CatBoost,0.00016757583913142742,2.9206779621019792e-05,0.9997400109725796,2.6879293862567006e-05,3.6327114805584676e-05
13886,2,2,CatBoost,0.00017160456924803302,9.070430758677248e-05,0.9995241788606248,9.32526409875253e-05,0.00012025962155297452
16297,3,3,CatBoost,7.463114795147641e-05,0.00065077435286072,0.00015588418318520853,0.9987227815786522,0.00039592873735052117
11702,0,0,CatBoost,0.9996496151551534,4.339753765325662e-05,0.00022621423978616092,3.9766808765937303e-05,4.100625864125694e-05
15463,1,1,CatBoost,3.473553674901374e-05,0.9995036818043583,8.847783769314518e-05,0.00029843692221436554,7.466789898504176e-05
16201,3,3,CatBoost,5.3074348856970445e-05,0.0004839062368268324,9.62887786202433e-05,0.9990627313017186,0.0003039993339772438
12972,2,2,CatBoost,0.00016327243500266768,6.072256517130136e-05,0.9996711336732751,4.649628666097661e-05,5.8375039890030775e-05
9989,0,0,CatBoost,0.9990190180085171,7.616749670246131e-05,0.0007686048146587573,7.266853769173241e-05,6.35411424300546e-05
18665,4,4,CatBoost,7.668139293383355e-05,0.00016316753231278975,0.00015333738016889815,0.00016652692251670022,0.9994402867720678
14603,1,1,CatBoost,3.949271568514063e-05,0.9992780026628052,0.0001182616227273705,0.00048543855456570795,7.880444421670144e-05
10229,0,0,CatBoost,0.9993607600711057,3.730492898572169e-05,0.0005289007681535576,3.4574746475575524e-05,3.845948527947943e-05
10848,0,0,CatBoost,0.9995339660820943,4.1623424520698276e-05,0.0003461375332416218,3.76395574052344e-05,4.063340273795515e-05
18880,4,4,CatBoost,8.16270422821616e-05,0.0001223791500008052,0.000288679042225586,0.00012081034927086312,0.9993865044162206
17725,4,4,CatBoost,9.779052654740034e-05,0.00025674061978371105,0.00017250995801008562,0.0017209574093544223,0.9977520014863045
18855,4,4,CatBoost,0.00011395665727793545,0.00015840994649484198,0.0002560195597816642,0.0003034211266415908,0.999168192709804
16525,3,3,CatBoost,3.618551463021419e-05,0.0003378403846173171,6.515086643621841e-05,0.9993450582583601,0.00021576497595614784
18895,4,4,CatBoost,8.465871338202983e-05,0.00011029121371570441,0.0002461606396945329,0.00015370792694981768,0.999405181506258
10498,0,0,CatBoost,0.998834805969983,0.0003752710694196665,0.00036456654218142674,0.00023676510941323542,0.00018859130900268986
16315,3,3,CatBoost,6.862373705343316e-05,0.0012356541306224377,0.00012251984034862112,0.9982653721636631,0.00030783012831251284
15614,1,1,CatBoost,0.0003347994664395926,0.9976234498716698,0.0009540261398744849,0.0005634590713408548,0.0005242654506751839
14468,1,1,CatBoost,2.2831513143134706e-05,0.9995587487759461,8.471457628713488e-05,0.00028458242835263203,4.912270627108327e-05
15779,1,1,CatBoost,2.2076638051584166e-05,0.9996942014491718,5.562023641075084e-05,0.00017102889312463297,5.7072783241379935e-05
13445,2,2,CatBoost,0.0010325769471615201,0.0002117373926933048,0.998280578684222,0.00023024296215222358,0.00024486401377081545
11723,0,0,CatBoost,0.9996200701133636,4.4660247733221486e-05,0.00025428246109935416,4.0528025072929094e-05,4.045915273088716e-05
18527,4,4,CatBoost,0.00011393594805388792,0.00028582661053647775,0.00014964154516734237,0.0002854063212534954,0.9991651895749888
15620,1,1,CatBoost,0.0006303760016602969,0.9952996473399403,0.0022065483390540245,0.0008400005717849805,0.0010234277475605932
13331,2,2,CatBoost,0.00034120757791399807,4.9314680832196483e-05,0.9994912375794806,5.3838715164135535e-05,6.440144660919325e-05
15905,1,1,CatBoost,0.0003797558487169857,0.9968454123849292,0.0008004784776524793,0.001184869874905695,0.0007894834137957713
10757,0,0,CatBoost,0.9992896833778234,0.000158548486140415,0.0002585701824962493,0.00015918452270984666,0.0001340134308300699
13553,2,2,CatBoost,0.00021322527046871372,7.851505584456041e-05,0.999537634580814,7.888355528754022e-05,9.174153758494359e-05
12440,2,2,CatBoost,0.0001622984706860519,2.9524529141488944e-05,0.999741602482566,2.79041934983251e-05,3.867032410825691e-05
18724,4,4,CatBoost,8.257415987738162e-05,0.00022251642458681045,0.00012627033293089606,0.00024911331854406637,0.9993195257640608
18190,4,4,CatBoost,5.8388809283468294e-05,8.933800703643269e-05,0.0001594676552584945,0.00030212721588762734,0.9993906783125339
15844,1,1,CatBoost,4.111691136863485e-05,0.9991604073873235,0.000133684355560815,0.000565933817091128,9.885752865610703e-05
14894,1,1,CatBoost,5.649329859572631e-05,0.998871184704164,0.00018586773022526566,0.0007629146281945986,0.00012353963882043544
16367,3,3,CatBoost,4.903030425359521e-05,0.0008832082988453442,9.968596777973084e-05,0.99874247276461,0.00022560266451124953
18183,4,4,CatBoost,0.00010719979474845966,0.00022495355793479107,0.00017187454336709335,0.00016457810614967032,0.9993313939978
11572,0,0,CatBoost,0.9996698684687261,4.1935278699704554e-05,0.00021152865849342987,3.7407405370824306e-05,3.9260188709958914e-05
19127,4,4,CatBoost,0.00015626780387743703,0.00021052124704777368,0.0003408859807244025,0.00029699299908866417,0.9989953319692618
14401,1,1,CatBoost,1.6832898590296486e-05,0.99972515628876,4.9598206361499844e-05,0.00016966586863187397,3.874673765606136e-05
17358,3,3,CatBoost,4.8707912786385864e-05,0.000255000896138467,0.0001345268663997841,0.9991938471293517,0.00036791719532352476
13009,2,2,CatBoost,0.000520582792438171,7.922217400147208e-05,0.9991830798125856,0.00011753917804570623,9.957604292904847e-05
16806,3,3,CatBoost,3.084695418979389e-05,0.0004303237467586219,5.714141541771068e-05,0.9992849021436719,0.00019678573996189508
17750,4,4,CatBoost,0.00012586940964791707,0.0001383198720496045,0.00024769868366379395,0.000954050598937515,0.9985340614357012
14667,1,1,CatBoost,1.858656103483507e-05,0.9997137079923955,5.972274968457328e-05,0.00016716138248364706,4.082131440155769e-05
16634,3,3,CatBoost,8.688367107388639e-05,0.0008556843252808195,0.00023431903802892553,0.9983681839240836,0.0004549290415329865
15138,1,1,CatBoost,7.005907458496291e-05,0.9982234821391135,0.0003027728184140551,0.001272746498843075,0.00013093946904442196
17915,4,4,CatBoost,7.66105092674387e-05,0.00010192405144407053,0.00013918568409269778,0.0005302241610623262,0.9991520555941334
17976,4,4,CatBoost,0.00010651851846484697,0.00012603665598495123,0.0002803129966028017,0.00020821270806836915,0.999278919120879
10443,0,0,CatBoost,0.999265140322972,0.00016783948206938382,0.00027972901700997605,0.00015551838766229563,0.00013177279028622727
11761,0,0,CatBoost,0.999612581604028,7.233365023703457e-05,0.00021261202967477166,5.924343251522405e-05,4.322928354482743e-05
13894,2,2,CatBoost,0.0003360837515232398,0.0002753621837004345,0.9989435526697559,0.00018400478667952524,0.00026099660834068056
13170,2,2,CatBoost,0.0002577210852611865,6.439797265943796e-05,0.9995653721148673,5.8574530781798225e-05,5.39342964301526e-05
17166,3,3,CatBoost,0.0001729274993058046,0.0005656626955587437,0.0006481867851268792,0.9972952917284219,0.001317931291586556
16453,3,3,CatBoost,4.633078500491615e-05,0.000385500080841759,9.130343174722382e-05,0.99929683900472,0.00018002669768624476
11573,0,0,CatBoost,0.9996345660828274,6.0468152034020726e-05,0.0002029321781572547,5.4753687049309625e-05,4.7279899932220066e-05
12076,2,2,CatBoost,0.0008271910119405209,0.00013703823789132784,0.9988388810996051,0.00011153458429919855,8.535506626390972e-05
12084,2,2,CatBoost,0.00034078026520515997,6.374347805959532e-05,0.9994574145822276,7.475554152227743e-05,6.330613298534182e-05
11255,0,0,CatBoost,0.9987570423461529,0.00010137858214002498,0.000984206267066337,8.502577893022008e-05,7.234702571066727e-05
13064,2,2,CatBoost,0.00022823090533440166,4.3392262909388915e-05,0.9996310574554935,4.182445694941052e-05,5.549491931343285e-05
13577,2,2,CatBoost,0.0014774039157637385,0.0005317377939168691,0.9971648362182444,0.00038752098951235387,0.0004385010825626861
18253,4,4,CatBoost,6.610379849901269e-05,0.00016999781535161163,0.00014269076942321414,0.00018132991096000582,0.9994398777057661
13782,2,2,CatBoost,0.00020024587760437138,5.273671237267863e-05,0.9996252966982598,4.7925461911427e-05,7.379524985179974e-05
15439,1,1,CatBoost,6.443786851494939e-05,0.9985324841351172,0.0002177040146722436,0.0010494390458870263,0.0001359349358084462
15420,1,1,CatBoost,5.55564229963432e-05,0.9990473471252272,0.00020847221433157163,0.0005529566447271996,0.00013566759271752996
15817,1,1,CatBoost,1.9795365273875318e-05,0.9997226148084511,5.1044514809717474e-05,0.00015339937553496906,5.314593593006968e-05
17959,4,4,CatBoost,3.9224062147819845e-05,6.819656322016964e-05,8.840292617547926e-05,0.0002262631969015172,0.999577913251555
13804,2,2,CatBoost,0.00023295014527802016,0.00011720150298747095,0.9994157648295284,0.00010873477387167896,0.00012534874833444439
15182,1,1,CatBoost,7.484800339422864e-05,0.9982882965487841,0.00022437476044610043,0.0012633660822899964,0.00014911460508526834
10002,0,0,CatBoost,0.9990494528625516,4.700137595291332e-05,0.0008153627461776588,4.499949705069226e-05,4.318351826709807e-05
11787,0,0,CatBoost,0.9996033470345506,5.28483577446122e-05,0.00025956702624625776,4.658656120269463e-05,3.765102025582433e-05
17677,4,4,CatBoost,9.040516509494318e-05,0.00022800475939660698,0.0002064431452310489,0.0010543470341070557,0.9984207998961704
14586,1,1,CatBoost,2.497076742493984e-05,0.9995537893059582,0.00010380013989974388,0.00026674548533249184,5.069430138469081e-05
13375,2,2,CatBoost,0.00030549466746296544,7.083572439260541e-05,0.999477011706406,8.192842527535414e-05,6.472947646297443e-05
11398,0,0,CatBoost,0.9995878776773764,6.309940560570178e-05,0.00024007390532189773,5.926394728440349e-05,4.9685064411816744e-05
11070,0,0,CatBoost,0.9995341019471656,5.083299608073316e-05,0.0003162626194730296,4.7998612488520477e-05,5.0803824792093335e-05
15552,1,1,CatBoost,0.00028631329217792173,0.9979999801959836,0.0008059144788778112,0.00040361706160435264,0.0005041749713563353
16874,3,3,CatBoost,0.00019197742561718068,0.0006412475171951773,0.0003019028671281334,0.9979265262151659,0.0009383459748936765
12350,2,2,CatBoost,0.00016472935882993228,5.139122938391549e-05,0.9996783192471761,4.5962111222000066e-05,5.9598053387988015e-05
10737,0,0,CatBoost,0.9983887473200507,0.00043734677882572204,0.0004195445662626957,0.0004425779306303488,0.00031178340423064564
13942,2,2,CatBoost,0.00022245876071503223,0.00015956967027694764,0.9992899347388293,0.00015023612034158155,0.0001778007098371037
17461,3,3,CatBoost,0.0006411012814580498,0.0014009910313041677,0.001403869929202649,0.9317655446249019,0.06478849313313306
11203,0,0,CatBoost,0.998599772204383,0.00011406388026545899,0.0011092011689611818,9.562255960057887e-05,8.134018678990215e-05
12354,2,2,CatBoost,0.00018159959127202264,3.424665698048565e-05,0.9997125865967037,3.120644465818192e-05,4.036071038568187e-05
14764,1,1,CatBoost,2.9318663295993746e-05,0.9995243036251923,9.425843502648148e-05,0.00029203389558567303,6.0085380899608544e-05
14412,1,1,CatBoost,2.9040064084186166e-05,0.9995066518300546,8.820531660153782e-05,0.00031073092413084666,6.537186512870162e-05
11827,0,0,CatBoost,0.9991037160703907,7.23479537351434e-05,0.0006911153544372192,7.5098946663789e-05,5.7721674773186835e-05
10086,0,0,CatBoost,0.9984237605263455,7.258411517349702e-05,0.0013728186182646205,6.866142178964828e-05,6.217531842692618e-05
16273,3,3,CatBoost,0.00010214194149512433,0.0009159456971271511,0.00024094991770113575,0.9982301129388076,0.0005108495048689892
13916,2,2,CatBoost,0.0006297944547971097,0.0004567230033222545,0.9980857582012067,0.00039016478144904737,0.000437559559224848
11254,0,0,CatBoost,0.9986714483165904,8.93406511761408e-05,0.001091413228595877,8.057665693102905e-05,6.722114670654253e-05
17084,3,3,CatBoost,0.00010305921176881768,0.00032772947133051397,0.00035889367252379603,0.9985769831911344,0.0006333344532423756
18991,4,4,CatBoost,9.387788395138001e-05,0.00012336654482557005,0.00022944294923217512,0.0002765772479096747,0.9992767353740811
13714,2,2,CatBoost,0.0003388034590269773,8.025024348328445e-05,0.9993932930662318,7.186196085750909e-05,0.00011579127040041113
15933,3,3,CatBoost,0.00041258730129217807,0.02420925019203637,0.0010135697749312478,0.9731322426463432,0.001232350085396936
15825,1,1,CatBoost,2.9401216787014055e-05,0.9995257254654126,7.882677521084823e-05,0.0002926980923733179,7.33484502163852e-05
17195,3,3,CatBoost,0.00030728276605277246,0.0009410682952302298,0.0012257276305778512,0.99514730466816,0.0023786166399789354
15580,1,1,CatBoost,3.332516259189872e-05,0.9996017057675406,8.376662985903465e-05,0.00020096186138795805,8.024057862049522e-05
17710,4,4,CatBoost,8.296622243323915e-05,0.00012332286424569317,0.00016013560520613084,0.000784091148280046,0.9988494841598349
15242,1,1,CatBoost,2.3941949584856622e-05,0.9995485590048218,9.018961188883494e-05,0.00028835524059279906,4.895419311143544e-05
13338,2,2,CatBoost,0.0002114966946604668,6.033815481977999e-05,0.9996179612964559,5.0700150728826365e-05,5.9503703335078156e-05
12425,2,2,CatBoost,0.0001742367462169877,2.746812893643109e-05,0.9997373662806434,2.5822319151536888e-05,3.510652505173957e-05
15649,1,1,CatBoost,3.63641070922799e-05,0.9995402878133732,0.00010195471458345643,0.0002354684828431687,8.592488210801336e-05
18471,4,4,CatBoost,8.844461048389797e-05,0.00016432344810378898,0.0001833112689943812,0.00038433588340817135,0.9991795847890097
14397,1,1,CatBoost,1.7537493925950814e-05,0.99975018734409,4.942702637999344e-05,0.00014535181678618518,3.749631881785263e-05
11621,0,0,CatBoost,0.9996239409461365,4.486944700507036e-05,0.0002464964680510122,4.240731031628556e-05,4.228582849098846e-05
11585,0,0,CatBoost,0.9996405083707673,5.65633620571396e-05,0.00020514831201344155,5.2087997005243905e-05,4.569195815705732e-05
10588,0,0,CatBoost,0.999072812935812,0.00020078869848580495,0.0003595055665343167,0.00021073021328280847,0.00015616258588525668
18766,4,4,CatBoost,7.14763836504779e-05,0.00015195198909973522,0.0001478215190756519,0.00019146284137260507,0.9994372872668014
17919,4,4,CatBoost,4.816088907669968e-05,7.659546285807624e-05,0.00012091334618107855,0.00031921464488412994,0.999435115657
18549,4,4,CatBoost,8.166010460758251e-05,0.00017002667243721077,0.00016429973784922743,0.00035768302287031846,0.9992263304622357
14725,1,1,CatBoost,2.3566557344118212e-05,0.999634719870218,9.049773151918312e-05,0.00020452658080823559,4.668926011038225e-05
16606,3,3,CatBoost,5.7102304376569945e-05,0.0005346643438551957,0.00011011192748676534,0.9989935034863293,0.0003046179379522201
17826,4,4,CatBoost,5.5673625364683954e-05,9.396294605940851e-05,0.00013188809063927105,0.00024158737359311337,0.9994768879643435
11447,0,0,CatBoost,0.9996258919163024,5.3563982725404405e-05,0.00022767756342934584,5.000175973893809e-05,4.2864777804017376e-05
17022,3,3,CatBoost,0.0001292968931711358,0.00039444561710563937,0.00029066600635346514,0.9986299221421855,0.0005556693411842578
14532,1,1,CatBoost,4.339310179311993e-05,0.9990824545359557,0.00015914531704729632,0.0006204678806858514,9.453916451790947e-05
11171,0,0,CatBoost,0.9987295004379879,0.00010891410825759266,0.0009926857269053325,9.128513025969277e-05,7.761459658928364e-05
14612,1,1,CatBoost,2.4960358161126552e-05,0.9995598328105827,8.582741008595764e-05,0.00027262752573813386,5.6751895432189855e-05
14235,1,1,CatBoost,4.355627075752339e-05,0.9993079315361584,0.00011652902654750242,0.0004326270544491686,9.935611208742767e-05
17906,4,4,CatBoost,0.00010802070975514016,0.0001615247597707848,0.00029974775063351807,0.0003952981808128106,0.9990354085990278
17150,3,3,CatBoost,0.0002641004549343587,0.0007588409796465986,0.0008960240117612749,0.9968991326649195,0.0011819018887381366
11414,0,0,CatBoost,0.9995868081188852,6.280909827649897e-05,0.0002419589980998878,5.898401684417493e-05,4.9439767894066326e-05
12817,2,2,CatBoost,0.0003665110636791144,8.891015330967698e-05,0.9993824614461431,8.162054235686003e-05,8.049679451137827e-05
13699,2,2,CatBoost,0.00020516920028858539,6.619249384673744e-05,0.9995733169356448,7.710067408399829e-05,7.82206961359409e-05
16059,3,3,CatBoost,9.150152065313578e-05,0.0024604614663592318,0.00023766112219408746,0.9967137965298808,0.0004965793609128153
16283,3,3,CatBoost,4.5370097353628246e-05,0.0004380679765180419,8.518209344234662e-05,0.9991959802409548,0.00023539959173130712
10476,0,0,CatBoost,0.9992033759137013,0.00018532401029459664,0.00031488777016174235,0.00016202555091893208,0.00013438675492346351
15843,1,1,CatBoost,5.257843978937938e-05,0.9993441254624296,0.00011269407471875895,0.00038116987716037005,0.00010943214590205857
17651,4,4,CatBoost,9.340885645288963e-05,0.0001915272218025803,0.00020370185070236877,0.0017583175987085308,0.9977530444723337
16532,3,3,CatBoost,6.0545784762866944e-05,0.0008183193596869027,0.00014323062660605594,0.9986551534413505,0.0003227507875936691
11784,0,0,CatBoost,0.9996527359298029,6.612007581714336e-05,0.0001798255673563226,5.906306001968594e-05,4.225536700406289e-05
14834,1,1,CatBoost,2.8817303444187033e-05,0.9994370731613362,0.00010873848845103257,0.00035902480229545945,6.63462444732691e-05
15311,1,1,CatBoost,3.434742365599218e-05,0.9992551426865829,0.00018249383049142003,0.0004518064325834393,7.620962668620753e-05
18863,4,4,CatBoost,8.930247376038114e-05,0.00010623018448506135,0.0001945218975306969,0.00024501916643979193,0.9993649262777841
15324,1,1,CatBoost,9.098632078715509e-05,0.9975115713726328,0.0003247554821216193,0.0018710215500016177,0.000201665274457096
13156,2,2,CatBoost,0.00041297789803941006,6.600126718926219e-05,0.9993546328273133,8.74521716412736e-05,7.893583581682955e-05
12833,2,2,CatBoost,0.0001998648033406542,9.622664046537432e-05,0.9995161579836944,0.00011257371800258384,7.51768544969834e-05
13370,2,2,CatBoost,0.0002768424244361366,6.583287140490693e-05,0.9995306517212248,6.930324161952847e-05,5.736974131467107e-05
11876,0,0,CatBoost,0.9994789691211531,6.583714265017185e-05,0.00035040781720368,5.749854631077757e-05,4.728737268245739e-05
16463,3,3,CatBoost,4.291247631548825e-05,0.000989246251284296,9.296172884907035e-05,0.9986631968655078,0.0002116826780435162
15647,1,1,CatBoost,2.6074070778510868e-05,0.9995229812894607,9.760838280376978e-05,0.0002994539608731132,5.388229608391304e-05
12937,2,2,CatBoost,0.00046083791579356855,8.229742229584897e-05,0.9992625920305225,0.00010253010478230133,9.174252660582527e-05
18593,4,4,CatBoost,9.902196889185673e-05,0.00020095097376485727,0.00017301737207802215,0.000523055218384928,0.9990039544668804
10375,0,0,CatBoost,0.9994077659415731,3.646014965942742e-05,0.0004844277614424784,3.3765975123690385e-05,3.758017220125032e-05
15270,1,1,CatBoost,3.2644680870768404e-05,0.9993874773465206,0.00011573732037346949,0.00039674851318560945,6.739213904965738e-05
10819,0,0,CatBoost,0.9994977617964749,4.2795728639243816e-05,0.0003804119817998431,3.7908986545972665e-05,4.112150654002621e-05
12160,2,2,CatBoost,0.00019402332612736153,0.00011297754054269871,0.9995180195975953,9.67439227378553e-05,7.823561299683747e-05
16097,3,3,CatBoost,3.055105493703206e-05,0.0006320661634883195,6.650522996079692e-05,0.9991296358775265,0.00014124167408742088
10139,0,0,CatBoost,0.9990015181464209,4.950168672891416e-05,0.0008580519504183285,4.629752551461103e-05,4.463069091731137e-05
13010,2,2,CatBoost,0.00027099752033295834,3.955915421869226e-05,0.9995967537751553,3.893601774999232e-05,5.37535325428882e-05
10630,0,0,CatBoost,0.999450974667806,0.00011668380160293069,0.00020393858798434402,0.00012506394110006197,0.00010333900150677746
12885,2,2,CatBoost,0.00018269657345163791,2.7645896722266222e-05,0.999725347240484,2.6886247167281013e-05,3.7424042174887605e-05
11433,0,0,CatBoost,0.9996153281383304,5.496077077259585e-05,0.00023468634951780856,5.0609197497402204e-05,4.441554388195135e-05
15055,1,1,CatBoost,6.908284224327447e-05,0.998394743952587,0.0002595492873132199,0.001121314585961941,0.00015530933189452726
16136,3,3,CatBoost,3.887279490694419e-05,0.00038923436316528107,9.150591821078643e-05,0.9992338885782146,0.0002464983455024039
15947,3,3,CatBoost,0.0005478135083148233,0.09631463970556696,0.0017540413717034708,0.8994708771380613,0.0019126282763535008
17669,4,4,CatBoost,0.0001616568078852302,0.00019831070714674293,0.0002991052901301538,0.0009308336155709556,0.9984100935792669
12209,2,2,CatBoost,0.0002177043200304684,0.00010362544630883315,0.9994762060930148,0.00011798809326177331,8.44760473840938e-05
10496,0,0,CatBoost,0.9988088433430418,0.0003604259999031868,0.0003472731631583747,0.00026827529198665,0.00021518220191008586
14088,1,1,CatBoost,2.7193936195740745e-05,0.9995658176894818,7.353870673449814e-05,0.00027636439658891587,5.7085270999016664e-05
18140,4,4,CatBoost,7.693494151691708e-05,0.00016664880809358037,0.00011904597209426753,0.0003192887414190354,0.9993180815368763
11626,0,0,CatBoost,0.9996872749303347,4.912928954098236e-05,0.00017479518962203218,4.723490836501283e-05,4.156568213717316e-05
16401,3,3,CatBoost,0.00010641430088317097,0.0012841192094120977,0.00020604349901044174,0.9978918849903754,0.0005115380003188151
10394,0,0,CatBoost,0.9975736860654223,0.0006889538187056977,0.0008018758319655907,0.0005286963253803011,0.0004067879585263084
12301,2,2,CatBoost,0.00025782956065005606,5.004931236071716e-05,0.9995913985758749,3.881707642205295e-05,6.190547469234865e-05
17153,3,3,CatBoost,6.945508529556275e-05,0.00030529877506007695,0.00017169099075875372,0.9991758747994408,0.00027768034944485834
10218,0,0,CatBoost,0.9994769371546384,4.795407433363919e-05,0.0003847309329108779,4.284810817961479e-05,4.752972993755479e-05
15331,1,1,CatBoost,3.837360438149604e-05,0.9991023516738292,0.0001190393385006025,0.0006506366584636605,8.959872482519577e-05
13162,2,2,CatBoost,0.0003162725148571034,0.00010614372004124801,0.9993138523477062,0.00015424530124460924,0.00010948611615062856
12500,2,2,CatBoost,0.00019635421684155216,6.691224236706137e-05,0.9996280964286838,5.559597975116606e-05,5.304113235641814e-05
15342,1,1,CatBoost,4.032427480785349e-05,0.9989923686989952,0.00017183936208135645,0.0007044732069466248,9.099445716897964e-05
10440,0,0,CatBoost,0.9993559947088848,0.0001587725124697179,0.00022583893143077668,0.0001418292041215746,0.0001175646430928665
15732,1,1,CatBoost,2.8470779201809653e-05,0.9995301390157879,7.747173906812166e-05,0.00029964297679266127,6.42754891494825e-05
16199,3,3,CatBoost,0.00021034165087543185,0.0005452766531605958,0.0008419526682804138,0.997007671806491,0.0013947572211927173
16193,3,3,CatBoost,0.00010627244864548677,0.0030161324998175592,0.0002118608995221636,0.996150916137441,0.0005148180145736995
13194,2,2,CatBoost,0.0001831460117088794,2.8789444573685908e-05,0.9997241675685763,2.735579443284124e-05,3.654118070830744e-05
14107,1,1,CatBoost,2.5946132912430196e-05,0.999677313839855,6.348480913923331e-05,0.00017865428419916508,5.460093389433739e-05
12219,2,2,CatBoost,0.00015334769609592983,6.656380410909258e-05,0.9996411752099134,7.92127455529571e-05,5.9700544328689376e-05
16681,3,3,CatBoost,3.225583347553517e-05,0.00039966552159191853,5.627225515731193e-05,0.9993365752600325,0.0001752311297428353
13389,2,2,CatBoost,0.00024505977105992907,3.6689145354066844e-05,0.9996386586020115,2.921552516382064e-05,5.037695641064342e-05
14930,1,1,CatBoost,3.347441498891274e-05,0.9993004147392379,0.00017655990323073406,0.0004069182497982142,8.263269274432031e-05
10406,0,0,CatBoost,0.9993725200470511,0.00014229444453997013,0.0002376392935617659,0.00013448676395483905,0.00011305945089234443
14916,1,1,CatBoost,2.5697774371446508e-05,0.9995138151703674,9.138023158660055e-05,0.00031264541482523684,5.646140884918123e-05
11378,0,0,CatBoost,0.9996227211822071,5.3289279243620785e-05,0.00023114026550185757,4.9952162427980705e-05,4.289711061951318e-05
18579,4,4,CatBoost,0.00016043576187919299,0.0003196551833075431,0.00020898341322773303,0.0003733900606879437,0.9989375355808976
18535,4,4,CatBoost,0.0001565022543446682,0.00037539994784896745,0.0002527973012419092,0.00030752727896939954,0.998907773217595
10865,0,0,CatBoost,0.9995427812014882,4.0095648398717064e-05,0.00034169378726457364,3.61943637622642e-05,3.9234999086122715e-05
12540,2,2,CatBoost,0.00017763126014559228,2.7310011286732838e-05,0.9997348096438166,2.5522215579171577e-05,3.472686917197794e-05
16427,3,3,CatBoost,3.9674735999265677e-05,0.000667201763064649,7.225804175289378e-05,0.9990558573713391,0.00016500808784410966
18818,4,4,CatBoost,0.0001383314047315655,0.00016094850641924162,0.000270553233487674,0.0003045825767606527,0.9991255842786009
12894,2,2,CatBoost,0.00017889912306381494,4.3868479266375244e-05,0.9996964843179631,3.5892754128842965e-05,4.48553255779676e-05
13772,2,2,CatBoost,0.00039486327655821054,0.00011456177446851684,0.9992592733133828,7.346708688477844e-05,0.00015783454870557764
11712,0,0,CatBoost,0.9996515417310969,5.10533203577704e-05,0.00019918207906821764,5.2923377856185266e-05,4.52994916206723e-05
13759,2,2,CatBoost,0.00022601102690784672,9.325369108054058e-05,0.9994739095498986,8.269974671903245e-05,0.00012412598539377663
15505,1,1,CatBoost,1.9312165521257356e-05,0.9997228903563641,5.369769573260359e-05,0.0001546120209668401,4.948776141526426e-05
17414,3,3,CatBoost,8.435695459689863e-05,0.00030502600563821696,0.000178756216045875,0.9988602761645956,0.0005715846591233356
10276,0,0,CatBoost,0.9994862708218768,3.5204187444802203e-05,0.00041006423489037833,3.214816749314789e-05,3.6312588294800055e-05
10009,0,0,CatBoost,0.998952454081523,4.9477498830429505e-05,0.000905251133939314,4.737343613333279e-05,4.544384957409091e-05
13954,1,1,CatBoost,3.273937083685039e-05,0.9992662620839737,0.00020483781559650763,0.00042418161763091585,7.197911196190616e-05
13279,2,2,CatBoost,0.0004299384339454319,8.095154560881256e-05,0.9993121033861511,7.08799468975152e-05,0.00010612668739726612
13223,2,2,CatBoost,0.00041433653384686576,0.00010387597734441435,0.9992520151157169,0.0001281761068351471,0.0001015962662566595
13542,2,2,CatBoost,0.0006307294953512677,9.04599237542477e-05,0.9990552290087823,0.00011471098843654684,0.00010887058367559637
12598,2,2,CatBoost,0.0001667299820947533,2.8369247263545826e-05,0.9997447003842184,2.6161989552092857e-05,3.4038396871243844e-05
13610,2,2,CatBoost,0.0005613873853340704,7.533305200352373e-05,0.9991730031274318,7.946532425789381e-05,0.00011081111097263529
13110,2,2,CatBoost,0.00045312956194322283,0.00011496289154103422,0.9991404914063748,0.00012827520055904573,0.00016314093958172106
12221,2,2,CatBoost,0.0002796693511331197,4.687469861432509e-05,0.9995788074657614,3.496465857217903e-05,5.9683825919118495e-05
10983,0,0,CatBoost,0.9995693569527667,4.37384295053771e-05,0.0003041958732720265,3.9746164747191883e-05,4.296257970863826e-05
12338,2,2,CatBoost,0.0001123056932354937,6.3244558852282e-05,0.9997048131177908,5.793078186297416e-05,6.170584825845062e-05
12701,2,2,CatBoost,0.0001686907068745215,2.873522071603495e-05,0.9997405449939226,2.577383416416656e-05,3.625524432271694e-05
17798,4,4,CatBoost,7.339636710539465e-05,0.00012344049483128662,0.00014305227003298237,0.0006052030994981827,0.9990549077685321
13226,2,2,CatBoost,0.0003227522028775433,5.417656857979564e-05,0.9994922527563693,7.046921208697743e-05,6.034926008650605e-05
18167,4,4,CatBoost,9.457718712744541e-05,0.00025429185838404063,0.00014940380939380547,0.00029670724234827145,0.9992050199027463
16838,3,3,CatBoost,0.00027941769742511274,0.0012581800577024787,0.00102468576276205,0.9956894111458475,0.0017483053362629115
11418,0,0,CatBoost,0.9995536770715507,5.8022596090718745e-05,0.00028664265966095833,5.456059041801398e-05,4.7097082279517346e-05
11612,0,0,CatBoost,0.9997054840886063,4.724270947502686e-05,0.00016475210405823005,4.3447979622980424e-05,3.907311823732001e-05
12424,2,2,CatBoost,0.0001842386642358669,2.758248523227743e-05,0.9997282579782122,2.5246559611942864e-05,3.4674312707640666e-05
11337,0,0,CatBoost,0.9988337898288367,9.401756715956579e-05,0.0009202818575774826,8.413099680668095e-05,6.77797496195194e-05
17490,4,4,CatBoost,0.0001919114110132268,0.00035765417015990266,0.00036117055225876504,0.006705483771185845,0.9923837800953822
15187,1,1,CatBoost,5.093265097340709e-05,0.9989788738080181,0.0001148835320163456,0.0007407294773411257,0.00011458053165120959
17780,4,4,CatBoost,6.359144468955113e-05,9.635318113975855e-05,0.00013373395430095158,0.000733808416593865,0.9989725130032758
11622,0,0,CatBoost,0.9995992768764057,5.9753511275456625e-05,0.0002294494438673664,5.987090580683731e-05,5.164926264436598e-05
14229,1,1,CatBoost,2.9330999368971467e-05,0.9995331199673736,9.25110917137062e-05,0.00027292170875657293,7.211623278691946e-05
17039,3,3,CatBoost,5.704359401696402e-05,0.0004372750739406139,0.00013302406917218307,0.9990543673579464,0.0003182899049239577
12562,2,2,CatBoost,0.0003771518394060474,6.40865576260396e-05,0.9994081246879641,6.419244442863482e-05,8.64444705751089e-05
15300,1,1,CatBoost,2.7495854487154824e-05,0.9995076256373382,0.00011196237335336397,0.0002897455364696329,6.317059835152738e-05
17273,3,3,CatBoost,6.232765135493233e-05,0.00036157880579710134,0.0001301721972804271,0.9991123355564845,0.00033358578908311315
11005,0,0,CatBoost,0.9994778997049399,4.146389816927241e-05,0.0004008495431593735,3.869135533446376e-05,4.109549839679171e-05
16292,3,3,CatBoost,7.986022757060336e-05,0.0014311753114001633,0.000186246406385911,0.9979046613922741,0.00039805666236925443
17050,3,3,CatBoost,0.00015945385248351948,0.0005714761064808606,0.0003812919096243768,0.9981967383907041,0.0006910397407072487
13670,2,2,CatBoost,0.0005840900354857713,0.00015754849743101983,0.9989444318592555,0.00013116351183684955,0.00018276609599077645
14917,1,1,CatBoost,2.36686158224254e-05,0.9995709969403651,9.027293126262973e-05,0.00025970778739132404,5.535372515854736e-05
17329,3,3,CatBoost,0.00011491537046373377,0.00039272853379715997,0.00019246803721510207,0.9987907163812759,0.0005091716772481161
11788,0,0,CatBoost,0.9995473233210714,9.129941143653653e-05,0.00023862424066789002,7.335090901095743e-05,4.940211781315051e-05
12710,2,2,CatBoost,0.0001250984699303711,2.8515053294123337e-05,0.9997864010624797,2.6337275583958105e-05,3.3648138711844786e-05
14899,1,1,CatBoost,4.491909780439005e-05,0.9991886201505149,0.00016513612897522847,0.0005051710899081741,9.615353279743604e-05
15673,1,1,CatBoost,2.3040102422909553e-05,0.9996906800427916,5.548808644969693e-05,0.0001774487966434447,5.3342971692289746e-05
11427,0,0,CatBoost,0.9993273060878717,8.139098672951939e-05,0.0004573296211744987,7.26368292111872e-05,6.133647501307835e-05
18605,4,4,CatBoost,9.80954846739709e-05,0.00029595398660612623,0.00015442337186125551,0.00041415701923485255,0.9990373701376238
19109,4,4,CatBoost,8.414624571364518e-05,0.0001215609067795942,0.00022121963816037663,0.0001591663047503875,0.999413906904596
18578,4,4,CatBoost,0.00010352268761505603,0.00025813548801173865,0.00013399631678660766,0.0002787071798616599,0.9992256383277249
12192,2,2,CatBoost,0.0004607348272345592,7.794631662783352e-05,0.999302746693817,7.303364999642183e-05,8.553851232426649e-05
16302,3,3,CatBoost,5.7090390884325806e-05,0.0006043629694532388,0.00010860229277562278,0.9989723199015925,0.00025762444529438727
13254,2,2,CatBoost,0.0001799481304970558,2.94678849219461e-05,0.9997260659163901,2.6981966364476208e-05,3.7536101826203605e-05
15150,1,1,CatBoost,6.213010400046176e-05,0.9988412907046137,0.0002045008802723057,0.0007638994020128626,0.0001281789091006657
16185,3,3,CatBoost,6.927411252335726e-05,0.0008310869709328554,0.0001502160780296656,0.9986345690912609,0.0003148537472531028
18282,4,4,CatBoost,0.00011755530102885497,0.0002166084597206919,0.00020105256722433666,0.00025302678480879906,0.9992117568872172
13658,2,2,CatBoost,0.0002633751813772494,6.265087421472656e-05,0.9995547070255164,4.392753519263334e-05,7.533938369902159e-05
12661,2,2,CatBoost,0.00038891803210616476,5.8011122728046995e-05,0.999412366017811,5.826689390729722e-05,8.243793344766488e-05
18465,4,4,CatBoost,0.00010234731051764294,0.00024268222113727581,0.00016187799904984429,0.00014635435104144647,0.9993467381182538
11775,0,0,CatBoost,0.9996357813079189,5.796459665772784e-05,0.00021722743816865027,4.956456458008336e-05,3.946209267487557e-05
16888,3,3,CatBoost,7.908137008428219e-05,0.00036200356389599545,0.0002444168086504969,0.9989190466391478,0.00039545161822142995
14657,1,1,CatBoost,1.769137417638989e-05,0.9997167726177246,5.560353841399491e-05,0.00017213056153321852,3.7801908151877e-05
18554,4,4,CatBoost,0.0002474111344486933,0.00027630547364724986,0.00022642591042648603,0.00036629993959010884,0.9988835575418874
18381,4,4,CatBoost,9.31671179994023e-05,0.00024071633529461827,0.00016592014135954658,0.00026368021814501477,0.9992365161872014
10388,0,0,CatBoost,0.9992687411252097,0.00015582984553488515,0.00029962812856405016,0.00015107068374549864,0.00012473021694565277
13544,2,2,CatBoost,0.000182696081937366,6.86037821890898e-05,0.9996091823750723,8.21236934836639e-05,5.7394067317579035e-05
14957,1,1,CatBoost,5.495628433372507e-05,0.9990094184025085,0.00020175799599105067,0.0006323140575719626,0.0001015532595949344
12975,2,2,CatBoost,0.0004026340796636401,0.00012604049354820443,0.9991776350756509,0.00013687658647446792,0.0001568137646626129
17374,3,3,CatBoost,0.0001434202957606453,0.00047403009369652657,0.0003651174553251739,0.998192432284227,0.0008249998709906615
18794,4,4,CatBoost,7.834631089066495e-05,0.0001951422087049488,0.0001419619715950084,0.0002998359218649825,0.9992847135869444
12687,2,2,CatBoost,0.00015503927231665142,2.789971270498824e-05,0.9997568467299646,2.5853780752957736e-05,3.436050426079121e-05
13828,2,2,CatBoost,0.00017894906672811397,6.372925230227021e-05,0.9996132245385889,5.889742886912349e-05,8.51997135115987e-05
17344,3,3,CatBoost,5.460524372203797e-05,0.0002455445756182831,0.0001315196096625602,0.99923280073084,0.00033552984015713786
13686,2,2,CatBoost,0.00034511850203509936,6.568098070459234e-05,0.9994011358715805,0.00010159816980276478,8.64664758772343e-05
14140,1,1,CatBoost,3.1036861853743285e-05,0.9994148651539728,0.00010231217412914289,0.00037333907946663844,7.844673057757355e-05
15835,1,1,CatBoost,4.286908075360155e-05,0.9995123436387834,0.00011537667143873887,0.00021247993037265816,0.00011693067865139243
17565,4,4,CatBoost,0.00012872936594322725,0.00026519486048354163,0.000245821481327403,0.001555507585952575,0.9978047467062933
18923,4,4,CatBoost,7.439632727286351e-05,0.00010747691082759981,0.0002611368970390842,0.00012610294408581986,0.9994308869207746
11726,0,0,CatBoost,0.999583244874618,6.911228817231679e-05,0.00023814991179210872,5.928616716778651e-05,5.020675824972262e-05
19072,4,4,CatBoost,8.21960514422359e-05,0.00011040652253220571,0.0002791989540368026,0.00016569118961656898,0.9993625072823722
11238,0,0,CatBoost,0.9986914422765251,7.952010791170505e-05,0.0010945868095705098,7.015769458957731e-05,6.429311140342182e-05
10580,0,0,CatBoost,0.9988434024124724,0.000314438621455881,0.00038057306192461804,0.0002428442400391373,0.0002187416641082128
15327,1,1,CatBoost,5.404314994717941e-05,0.998869194356031,0.00019531491200389903,0.0007512133147921835,0.00013023426722568091
16184,3,3,CatBoost,0.00022478904131599848,0.0007380626250342132,0.001079997774005115,0.9958073466065315,0.002149803953113457
13551,2,2,CatBoost,0.0003866612929099291,7.644172976343784e-05,0.9993899068657436,5.774817355471558e-05,8.924193802828013e-05
12783,2,2,CatBoost,0.0002753064997388178,3.805919422572605e-05,0.9996025830181162,3.2483439902465075e-05,5.1567848016727155e-05
15642,1,1,CatBoost,2.5462151006246015e-05,0.9996351521619242,7.757276841197567e-05,0.0001971532568557402,6.465966180175483e-05
17897,4,4,CatBoost,6.571686907764163e-05,7.488754240062253e-05,0.00016328456869267542,0.00015256865237588496,0.9995435423674532
13652,2,2,CatBoost,0.00013842311903727275,3.587979969431416e-05,0.9997503319438114,3.3336456754522605e-05,4.202868070271158e-05
18613,4,4,CatBoost,0.00010630835821115251,0.00031426179503390403,0.00022277066652644776,0.0004148151340145388,0.9989418440462141
11565,0,0,CatBoost,0.9996111808630125,4.386191728326101e-05,0.00025665764253616835,4.4799677126990515e-05,4.349990004126276e-05
13818,2,2,CatBoost,0.00022355154212216544,6.42533394034543e-05,0.9995654488944015,5.895686372419989e-05,8.778936034889896e-05
11900,0,0,CatBoost,0.9973721246987787,0.00010655411272232847,0.0023201868360218374,0.00011104713653831335,9.008721593883514e-05
12810,2,2,CatBoost,0.0002408187979668846,3.9591529406978096e-05,0.9996329942540295,3.286300639383793e-05,5.373241220298542e-05
15416,1,1,CatBoost,5.142402671814627e-05,0.9990116540044501,0.00016999051697060718,0.0006573628668255906,0.00010956858503555554
17952,4,4,CatBoost,8.746938419096496e-05,0.000149912131286696,0.0001741520347652536,0.0012233951830635517,0.9983650712666936
14027,1,1,CatBoost,2.4444981752590507e-05,0.9997091435445992,6.79198666089184e-05,0.0001524900171846573,4.600158985472295e-05
15800,1,1,CatBoost,3.2271133036655595e-05,0.9995978454649008,7.438578307744633e-05,0.00022047965374075347,7.501796524453417e-05
11668,0,0,CatBoost,0.9996861404053756,5.026499275565095e-05,0.00017559671584561125,4.6565343810416266e-05,4.143254221278145e-05
14260,1,1,CatBoost,2.6714794215114233e-05,0.9996798332491259,6.026451532443021e-05,0.00017990630781858022,5.3281133516215994e-05
17901,4,4,CatBoost,7.32451748315349e-05,9.026330164064699e-05,0.00019546392302372513,0.00012269121861588047,0.9995183363818883
12100,2,2,CatBoost,0.0002477416156114578,6.790337743720854e-05,0.9995475239601546,7.070149519749728e-05,6.612955159922562e-05
15127,1,1,CatBoost,4.619356671019907e-05,0.9989545487264426,0.0001630111642296053,0.0007444057929979637,9.184074961949605e-05
18166,4,4,CatBoost,9.743343458594534e-05,0.00021294603688960822,0.00017042564175983728,0.000486611774295803,0.9990325831124688
10635,0,0,CatBoost,0.9994023372053095,0.00013080651985277538,0.00020987351730885438,0.00014009272948968388,0.00011689002803923263
13372,2,2,CatBoost,0.00014527472914361683,5.393598663909663e-05,0.9997130119867073,3.514244490631649e-05,5.2634852603871196e-05
17828,4,4,CatBoost,6.143535910967246e-05,7.469474977488325e-05,0.000151905948450246,0.0001703827263875857,0.9995415812162776
14630,1,1,CatBoost,3.4970748469583816e-05,0.9993727434010787,0.00013485928234927688,0.00038688954429477143,7.053702380755427e-05
19045,4,4,CatBoost,0.0001248397295691899,0.0001898131076016859,0.0003123606209642249,0.00024577912435063884,0.9991272074175143
17145,3,3,CatBoost,8.268733347878467e-05,0.00022819261049382167,0.00019710095872685964,0.9991648960737264,0.0003271230235741271
14906,1,1,CatBoost,2.5292570359078036e-05,0.9995240733391275,7.57318935385974e-05,0.0003220770792084468,5.282511776628463e-05
10674,0,0,CatBoost,0.9972593448567335,0.0007313587910479276,0.000984423215520537,0.0005700235181669398,0.00045484961853090695
12819,2,2,CatBoost,0.0004003548278943347,5.596083673629717e-05,0.9994235809477461,5.884440171422023e-05,6.125898590913558e-05
17036,3,3,CatBoost,6.082367625431592e-05,0.00032218847484223546,0.0001837345855463409,0.9989307991844744,0.0005024540788828492
10739,0,0,CatBoost,0.9991350246118459,0.00019363668308641953,0.000313922783867464,0.000195233346747665,0.00016218257445265683
12168,2,2,CatBoost,0.00017801404507897104,3.417436149116284e-05,0.9997099662173335,3.2559207399523714e-05,4.52861686968098e-05
11325,0,0,CatBoost,0.9985328200867808,0.00012108945684770266,0.0011596258628639217,0.00010078701548698666,8.567757802061599e-05
17990,4,4,CatBoost,9.608096651776936e-05,0.00012089293673768717,0.0002734503681976044,0.00018294468552348345,0.9993266310430235
10391,0,0,CatBoost,0.9992441247974515,0.00016396702248461985,0.00030234874243350945,0.00015586329688292946,0.00013369614074729152
19005,4,4,CatBoost,0.00013810929703946863,0.0001968124519167245,0.00034840882249428555,0.0002869422860775939,0.999029727142472
10596,0,0,CatBoost,0.9985463435976,0.00035726161922934786,0.00047374037502951656,0.0003473647600549055,0.00027528964808601656
18130,4,4,CatBoost,5.997154910865627e-05,0.00012023558765615761,0.00012505041191080213,0.0008282732963301971,0.9988664691549942
18832,4,4,CatBoost,0.00014622152972130876,0.00020591155476544493,0.0003751723760359153,0.00023879165795872008,0.9990339028815186
10366,0,0,CatBoost,0.999542730873407,3.3035319302658564e-05,0.0003596622093504188,3.0250072217895255e-05,3.4321525722129064e-05
16036,3,3,CatBoost,7.639142655504092e-05,0.0011217323846321855,0.00015439821144181497,0.998265413070256,0.0003820649071148498
14976,1,1,CatBoost,3.76314781796033e-05,0.999216651210276,0.0001560894132239852,0.0005008844291306972,8.874346918956601e-05
17936,4,4,CatBoost,6.404945511294442e-05,8.086243624069259e-05,0.00016318750031038768,0.00016787563077287564,0.9995240249775631
11212,0,0,CatBoost,0.9985005896851004,0.00010501411760208432,0.0012226005954549329,9.385513766250454e-05,7.794046418029413e-05
16168,3,3,CatBoost,8.728256196706942e-05,0.0013325527222514785,0.0001859335693902337,0.9980344954850002,0.00035973566139100514
15015,1,1,CatBoost,4.395282867667967e-05,0.9990140497358879,0.00015676371631915845,0.0006890172790837306,9.621644003251868e-05
18650,4,4,CatBoost,6.653069021284387e-05,0.0001916168179620353,0.00010769985718972216,0.00018576766918279765,0.9994483849654526
14686,1,1,CatBoost,2.0719193302990045e-05,0.9996919297162996,5.4816980237288846e-05,0.0001923801579875645,4.015395217244326e-05
11466,0,0,CatBoost,0.9995606060767729,5.846579497429141e-05,0.00027849263124749105,5.497781367708534e-05,4.7457683328037766e-05
10736,0,0,CatBoost,0.999304188258678,0.00014966577228079397,0.00024306881121548385,0.00016146073851542838,0.00014161641931036956
15796,1,1,CatBoost,2.500662726880774e-05,0.999600027949141,7.311485412554571e-05,0.00024056112906551956,6.128944039912666e-05
13144,2,2,CatBoost,0.0002487991744725987,6.978933584868604e-05,0.9995532679161936,6.590941032700788e-05,6.22341631581306e-05
15629,1,1,CatBoost,2.2744588906547643e-05,0.9996625134837213,6.233144248550734e-05,0.00019596523428022045,5.6445250606443115e-05
11675,0,0,CatBoost,0.9996758779264736,5.1196545466163634e-05,0.0001810739657175337,4.8688989290734366e-05,4.316257305207596e-05
17967,4,4,CatBoost,4.702704318631087e-05,8.19221363196076e-05,0.00011149301728016546,0.00024169740313451462,0.9995178604000794
14028,1,1,CatBoost,2.139409652583219e-05,0.9997028026246485,6.938003866165263e-05,0.0001601220342684163,4.630120589560979e-05
10823,0,0,CatBoost,0.9994609745610781,4.557675345860315e-05,0.0004072862923815261,4.021630904977721e-05,4.594608403206888e-05
14315,1,1,CatBoost,5.533628904167258e-05,0.9985872477183444,0.00023475966796602363,0.0010083272892781438,0.00011432903537004539
16564,3,3,CatBoost,8.216039291444714e-05,0.0018843342414631102,0.00017386507663812574,0.9975253327341926,0.0003343075547914492
13480,2,2,CatBoost,0.0001768785527939442,9.551688814875296e-05,0.9995325381387986,9.80285234175606e-05,9.703789684125721e-05
10373,0,0,CatBoost,0.9994834745453647,3.643379395378533e-05,0.0004088417629833009,3.287721892605768e-05,3.8372678772207316e-05
13227,2,2,CatBoost,0.0004171656878680168,7.833552059812554e-05,0.9992949034383865,0.00010792861265163621,0.00010166674049581892
10257,0,0,CatBoost,0.9989006857782432,0.00010506554829178601,0.0007936969690546203,9.816293501310596e-05,0.00010238876939709058
15486,1,1,CatBoost,2.7656826082702224e-05,0.999524181535745,7.786976928627239e-05,0.0003152472224140898,5.5044646472118876e-05
11399,0,0,CatBoost,0.9995368212979886,6.981562329863252e-05,0.00027398218079155353,6.503895109385464e-05,5.434194682766579e-05
14224,1,1,CatBoost,3.325945077991497e-05,0.9995456807083236,7.79874976092338e-05,0.00027343454601718575,6.963779727021171e-05
18989,4,4,CatBoost,8.921617709608481e-05,0.0001220383989878994,0.0003019107536861928,0.00013160033160529813,0.9993552343386245
17640,4,4,CatBoost,6.73780505117348e-05,0.00013397082636161354,0.00014065079330888026,0.0006216755188080832,0.9990363248110096
16552,3,3,CatBoost,7.123509511981553e-05,0.00106287351300294,0.0001538592320740526,0.9983971120282032,0.0003149201315999369
13567,2,2,CatBoost,0.00017998792695023504,2.9764172552854216e-05,0.9997293014505346,2.676202648098104e-05,3.418442348139266e-05
15026,1,1,CatBoost,3.0136703444994733e-05,0.9994236526363173,0.0001128765960490005,0.000368528761758431,6.480530243025941e-05
16591,3,3,CatBoost,5.907423227263028e-05,0.0007542629734484132,0.00012085360564380269,0.9988177790264838,0.0002480301621512788
15576,1,1,CatBoost,2.2334273411079777e-05,0.9996688999456473,6.31884666139279e-05,0.00019505212040961322,5.0525193917965014e-05
12576,2,2,CatBoost,0.00017466576689617377,3.0229416676771433e-05,0.9997319649121859,2.7112928708136446e-05,3.602697553301275e-05
16188,3,3,CatBoost,4.5821706924398746e-05,0.0010278274138053154,9.535937431020424e-05,0.9986325645426591,0.00019842696230083906
15383,1,1,CatBoost,2.3780106884837982e-05,0.9995342731011276,8.37127879931747e-05,0.0003044317062425322,5.380229775191913e-05
15831,1,1,CatBoost,0.0002673265723827279,0.9980556725274757,0.0006826228699630775,0.0005117833532910415,0.00048259467688737784
13787,2,2,CatBoost,0.0001751052639982203,4.7707015515324705e-05,0.9996616362694103,4.403620694841829e-05,7.151524412780233e-05
14611,1,1,CatBoost,2.729368932265608e-05,0.999594310845479,6.399437098064388e-05,0.0002556768234975545,5.872427072027228e-05
19064,4,4,CatBoost,9.902864453161965e-05,0.00013055752020025505,0.0003026826495940526,0.00013843744805460773,0.9993292937376195
11683,0,0,CatBoost,0.999605401155208,6.417762858720668e-05,0.0002160099793174263,6.13977066297242e-05,5.301353025776837e-05
12304,2,2,CatBoost,0.000269617617089889,3.9918958448671076e-05,0.9995952272698742,3.760250035142591e-05,5.763365423611857e-05
14624,1,1,CatBoost,3.0024261561589817e-05,0.9993521001688771,0.00011245432745430001,0.0004419900476269325,6.343119447996845e-05
17227,3,3,CatBoost,0.0001253181341516273,0.0006970252001317762,0.0003839460094902695,0.9980934594521045,0.000700251204121848
17674,4,4,CatBoost,5.330612453442607e-05,7.807390435235218e-05,0.0001322306899823229,0.00015397228196987442,0.999582416999161
18735,4,4,CatBoost,7.220088066130971e-05,0.00019011709798449894,0.00013225998720570658,0.0002694694422938593,0.9993359525918546
10022,0,0,CatBoost,0.9990122825372713,4.894144510205702e-05,0.0008488769246787498,4.577352839019502e-05,4.4125564557748365e-05
10615,0,0,CatBoost,0.9992214978931407,0.0001906909795013296,0.00026174108040350207,0.0001767334973906341,0.00014933654956355771
10627,0,0,CatBoost,0.9992522223402881,0.0002004475284800815,0.00022513037904030487,0.00017700534578414916,0.00014519440640745743
13494,2,2,CatBoost,0.00027091775663945565,3.8648061386195504e-05,0.9996077810908091,3.0148407071046467e-05,5.2504684094312126e-05
12513,2,2,CatBoost,0.00018662012083944915,3.6746645490053854e-05,0.9997051013848904,3.2297967568907203e-05,3.923388121123733e-05
16586,3,3,CatBoost,3.8132375163669675e-05,0.0006995004426445032,7.07455502771396e-05,0.9990167924302596,0.0001748292016551643
13231,2,2,CatBoost,0.00013174898767434942,2.797161029751435e-05,0.999781840609731,2.6008455518464714e-05,3.2430336778769185e-05
12507,2,2,CatBoost,0.0002030099520657696,4.151171789768268e-05,0.9996531444234301,4.517072067815731e-05,5.716318592823627e-05
13394,2,2,CatBoost,0.0003316373109188493,5.720306198716697e-05,0.9994942613540414,4.368502084699471e-05,7.321325220581528e-05
18365,4,4,CatBoost,8.827580190046326e-05,0.00018905293436351526,0.00014470498030096522,0.0001537178108988737,0.9994242484725362
16259,3,3,CatBoost,3.936256946812877e-05,0.0004680927678154078,9.706034416938958e-05,0.9992078437312029,0.00018764058734415566
11863,0,0,CatBoost,0.9989299490785791,7.678141943852609e-05,0.0008500813985328632,8.228279456305853e-05,6.0905308886390065e-05
12195,2,2,CatBoost,0.0002978832992721082,7.854164249736699e-05,0.9994594189372736,8.036372861247053e-05,8.37923923441982e-05
17635,4,4,CatBoost,0.00010477841848362878,0.00017712675814005513,0.000217544237828698,0.001464946801353712,0.998035603784194
12380,2,2,CatBoost,0.00020678607722758032,6.714182129822733e-05,0.9996123811059687,5.9014592882953935e-05,5.467640262239446e-05
12418,2,2,CatBoost,0.0001483146581001989,2.9036483221042727e-05,0.9997607786196164,2.777124659714724e-05,3.409899246528661e-05
14901,1,1,CatBoost,3.731912653052364e-05,0.9993415962832819,0.00013512132358216604,0.0004035066709869302,8.245659561869968e-05
11649,0,0,CatBoost,0.999594414844823,6.63563199129634e-05,0.00023093099828835577,5.910288791393524e-05,4.919494906172542e-05
13904,2,2,CatBoost,0.0006367485410518837,0.00031232859458475937,0.9984049233828287,0.0002563842190079726,0.0003896152625265529
10193,0,0,CatBoost,0.999464398292353,3.7012361653089194e-05,0.0004278997481878196,3.307754895774893e-05,3.76120488481713e-05
14530,1,1,CatBoost,4.176427176687675e-05,0.9990414324581235,0.00015459274824661162,0.0006627056206318266,9.950490123120009e-05
17684,4,4,CatBoost,5.320704502407343e-05,0.00014033996004022973,0.00012238301160912043,0.0005527101699980876,0.9991313598133285
18009,4,4,CatBoost,8.637739455122566e-05,0.00020396932757710937,0.00019096680652108835,0.000808794401981914,0.9987098920693687
15192,1,1,CatBoost,4.907305186562669e-05,0.9987057407776481,0.0001536845292786428,0.0009739133419335618,0.00011758829927403692
18251,4,4,CatBoost,0.00010690653463144519,0.0002628899043401044,0.0001377632112576012,0.0003201670061625104,0.9991722733436083
16598,3,3,CatBoost,5.624682777706608e-05,0.000875569893659538,0.00010083845015357457,0.9987316977164911,0.0002356471119186923
16533,3,3,CatBoost,5.224584900909949e-05,0.0005110773201759063,0.00013260578740728921,0.998963076396369,0.00034099464703867373
16672,3,3,CatBoost,6.338308944257786e-05,0.0008074687503185774,0.00012546881623226442,0.998698840777303,0.0003048385667036579
17783,4,4,CatBoost,0.00013013571092043933,0.0002837948957244833,0.00023432734375506195,0.001837416436330275,0.9975143256132697
15141,1,1,CatBoost,2.2111315698782382e-05,0.9996310124610965,6.565331156095476e-05,0.00023414416205198401,4.7078749591975736e-05
17110,3,3,CatBoost,3.9277549617533645e-05,0.0002006702205653195,0.00010907438273337904,0.9994163456804834,0.00023463216660035642
15259,1,1,CatBoost,0.00011529950083457773,0.9970179895750103,0.000504134617241639,0.0021105867826493804,0.000251989524263842
19133,4,4,CatBoost,8.542931777803247e-05,0.00011589834861962433,0.0002929005920497108,0.00013146032016533743,0.9993743114213873
13992,1,1,CatBoost,7.112335376663003e-05,0.9987509367529256,0.00029497100024028017,0.0007347160383843021,0.00014825285468303938
17561,4,4,CatBoost,7.518255672868777e-05,0.0001300144101819332,0.0001755624370643647,0.0005106380732059268,0.999108602522819
14008,1,1,CatBoost,5.52544074704846e-05,0.9990803269763061,0.00026247185091460805,0.0005027237801486038,9.9222985160055e-05
13323,2,2,CatBoost,0.00012062789207050526,3.592863670309434e-05,0.999769396457057,3.12744404520022e-05,4.277257371746143e-05
15589,1,1,CatBoost,2.0165005915965852e-05,0.9996826482928429,5.505732079943358e-05,0.00020061490848752867,4.15144719543481e-05
14572,1,1,CatBoost,2.0122749788415537e-05,0.9996975468133448,5.2041350310524775e-05,0.00018831477747525554,4.1974309080997566e-05
17305,3,3,CatBoost,8.324158013500657e-05,0.0003525257084687803,0.000214228424643498,0.9988982938070664,0.00045171047968624203
12643,2,2,CatBoost,0.0001348022277832946,3.6207355298077635e-05,0.9997601464761655,2.8703806699800743e-05,4.0140134053260454e-05
16230,3,3,CatBoost,4.615793830049874e-05,0.00036116109895747755,9.319024526668841e-05,0.9992896752173929,0.00020981550008233925
15269,1,1,CatBoost,3.649552443015401e-05,0.9993781909532401,0.0001315485982516739,0.0003705088397290443,8.325608434924828e-05
17557,4,4,CatBoost,6.941053441615619e-05,0.00010728447584078279,0.0001894641555307137,0.0002466711920553867,0.999387169642157
14218,1,1,CatBoost,2.8899730394094346e-05,0.9993871120574352,0.0001189980048907675,0.00039458109827556197,7.040910900451681e-05
18820,4,4,CatBoost,9.517732308651356e-05,0.00012902131488985827,0.0003105252417317537,0.00013920039219822444,0.9993260757280935
11950,2,0,CatBoost,0.7969777781572858,0.0010720406987360157,0.20000661523468397,0.0011129992669598647,0.000830566642334386
17996,4,4,CatBoost,5.783870984367343e-05,7.810867008720349e-05,0.00013940006192977172,0.00015491638943742215,0.9995697361687019
16861,3,3,CatBoost,0.00010994964227126695,0.0003234487663183848,0.00042664352655202024,0.9984336846170601,0.0007062734477981827
13169,2,2,CatBoost,0.00023856063552032128,9.60403688088949e-05,0.9995326116833646,5.6992644132006826e-05,7.579466817433154e-05
11484,0,0,CatBoost,0.9996777634507424,5.1588310440463776e-05,0.00018196477294545564,4.828130140192046e-05,4.040216446969866e-05
18643,4,4,CatBoost,6.3347751081234e-05,0.00015988813680944193,0.00013734323042720973,0.00019472336545700366,0.999444697516225
11803,0,0,CatBoost,0.9996342048957149,4.6380437061693105e-05,0.0002352871270564803,4.9216492344103046e-05,3.491104782282829e-05
19125,4,4,CatBoost,0.000145857909505785,0.00016746649711858958,0.0002693903020836776,0.0003043508678928842,0.9991129344233991
12258,2,2,CatBoost,0.0007958035320190769,0.00014057165930589488,0.9987532549088147,0.00015003436259464407,0.00016033553726553198
13132,2,2,CatBoost,0.0003999016962926116,6.063498387775838e-05,0.9994112659463179,6.352849472311746e-05,6.466887878857442e-05
14693,1,1,CatBoost,3.6677813437673523e-05,0.9994512165299623,0.00010081051394324162,0.0003416098268852695,6.968531577157635e-05
15133,1,1,CatBoost,4.0977191171083464e-05,0.9992046010161119,0.00013060559951617789,0.0005399869206643404,8.382927253668112e-05
18708,4,4,CatBoost,6.308342240294973e-05,0.0002079706614758127,0.00011583805697002649,0.0003287431305550462,0.9992843647285962
10803,0,0,CatBoost,0.9994910848558729,3.976099581660248e-05,0.00039237035863661917,3.605491023784965e-05,4.0728879435995286e-05
13546,2,2,CatBoost,0.00032294749609052963,8.291825696519612e-05,0.9994585962540601,5.843948390008881e-05,7.709850898410337e-05
10213,0,0,CatBoost,0.999362614350194,3.781057585369403e-05,0.0005255617745226715,3.504042448814974e-05,3.897287494133309e-05
16114,3,3,CatBoost,9.268968501058251e-05,0.0014560559212028264,0.00016284388142765612,0.9978892000772535,0.0003992104351054367
17051,3,3,CatBoost,8.831623546516459e-05,0.0003859526832868057,0.0001882523152058063,0.99885867962802,0.00047879913802226226
16448,3,3,CatBoost,2.759089209774426e-05,0.00039856719450836976,7.072196308516166e-05,0.9993435899491551,0.00015953000115350935
11739,0,0,CatBoost,0.9996125152714284,4.547825216903711e-05,0.0002545087187016802,4.4162419842626703e-05,4.3335337858483104e-05
15144,1,1,CatBoost,3.2884500112112095e-05,0.9993490366933767,0.00010867249297213544,0.00043688779763069956,7.251851590844385e-05
18998,4,4,CatBoost,8.682896628199613e-05,0.00012525617422186303,0.00024018014903119352,0.00017449833037239148,0.9993732363800927
14455,1,1,CatBoost,4.1149984621427694e-05,0.9990374800592551,0.00021645786231500082,0.0006095761467697051,9.5335947038751e-05
15932,3,3,CatBoost,0.0003157201057945327,0.04314393739528282,0.0008959478233406733,0.9544951128736875,0.0011492818018944847
12224,2,2,CatBoost,0.00025995864291214834,5.519733751357441e-05,0.9995633832793336,6.504491341794487e-05,5.6415826822801856e-05
14969,1,1,CatBoost,0.00016040433316040614,0.9973078244474717,0.0007398266893263486,0.0014904798077362514,0.00030146472230540726
9996,0,0,CatBoost,0.9990494528625516,4.700137595291332e-05,0.0008153627461776588,4.499949705069226e-05,4.318351826709807e-05
13249,2,2,CatBoost,0.00025484314221152124,4.149349645926368e-05,0.9996086875815788,4.1868354169464114e-05,5.310742558101142e-05
14635,1,1,CatBoost,4.245009163404228e-05,0.9991379068287923,0.0002021792662988226,0.0005289823868278824,8.848142644690797e-05
13383,2,2,CatBoost,0.000260413177710296,4.1746817738194714e-05,0.9996056733095747,4.062178062356433e-05,5.154491435328984e-05
17923,4,4,CatBoost,6.792644309110459e-05,9.277977898580948e-05,0.00019431180712413127,0.00016803312276191624,0.9994769488480371
15624,1,1,CatBoost,4.1812708782175034e-05,0.9994957539650475,0.00010376686981001002,0.0002678011398631857,9.08653164970576e-05
17558,4,4,CatBoost,0.00010503360608597833,0.00014856595484247215,0.0003176509010265966,0.0003016830838442474,0.9991270664542007
16725,3,3,CatBoost,4.5034333534026416e-05,0.000725819042155758,8.903082409056378e-05,0.9988991591545892,0.00024095664563048897
10844,0,0,CatBoost,0.9995129390019275,4.7938454832596886e-05,0.00035055964238013196,4.2512065140934824e-05,4.605083571899797e-05
13586,2,2,CatBoost,0.00028098796827522005,3.6192023185761506e-05,0.9996010798584302,2.954914281625403e-05,5.2191007292479536e-05
11745,0,0,CatBoost,0.9996369576090369,5.83207007445099e-05,0.00020603607775687824,5.218762421239106e-05,4.649798824904406e-05
10945,0,0,CatBoost,0.9995425795798847,4.2184586988251016e-05,0.0003359843345349482,3.816799984597293e-05,4.108349874630707e-05
10764,0,0,CatBoost,0.999290419676995,0.00015704380448567975,0.0002733741321359764,0.00015043147053754404,0.0001287309158458235
17135,3,3,CatBoost,0.0001202539989961994,0.0006228227508297397,0.00032037235642379394,0.9981202533652566,0.0008162975284937612
15253,1,1,CatBoost,5.5803837059311826e-05,0.9986393185292276,0.00018230418572272804,0.001002642913456166,0.00011993053453428544
17756,4,4,CatBoost,6.89945676239171e-05,0.00012677042531015003,0.00014648700087318447,0.0004254429906557666,0.999232305015537
12452,2,2,CatBoost,0.00012951074183383427,2.6759025870558445e-05,0.9997843306858099,2.6458294468891938e-05,3.2941252016873226e-05
19035,4,4,CatBoost,7.603439987542708e-05,9.741906661897409e-05,0.00023381975456196672,0.00013710786478700148,0.9994556189141567
11047,0,0,CatBoost,0.9995615308606919,4.611401164243195e-05,0.00030518142353953934,4.18752398120083e-05,4.529846431405074e-05
18868,4,4,CatBoost,0.00012913517887604644,0.0001391616395719321,0.0002465007899378483,0.0002186239760194308,0.9992665784155949
18848,4,4,CatBoost,0.00014839665655993434,0.00020714610522868065,0.00028928437621752356,0.0003510583090906357,0.9990041145529032
14085,1,1,CatBoost,2.3909786244305787e-05,0.9996817805295164,6.305245386669113e-05,0.0001817634720825287,4.9493758290126554e-05
12996,2,2,CatBoost,0.00023604326095993667,4.7754257461326785e-05,0.9996134239575201,3.9641971216772514e-05,6.31365528419484e-05
12791,2,2,CatBoost,0.00023652503163606363,8.381815036995919e-05,0.9995210572312601,5.857546312568226e-05,0.00010002412360841928
11044,0,0,CatBoost,0.9995474708687448,4.3495419158030275e-05,0.0003269103798638896,3.946386727300139e-05,4.2659464960157906e-05
15083,1,1,CatBoost,2.669568135667106e-05,0.9995606514194465,8.610617580925052e-05,0.000275194078897332,5.135264449028519e-05
13963,1,1,CatBoost,3.086638053285358e-05,0.999507059106024,0.00010975153503561004,0.0002902795082691496,6.204347013828357e-05
13052,2,2,CatBoost,0.00028762560059872116,5.177449876764455e-05,0.9995547794392298,3.927321533229639e-05,6.654724607164445e-05
14184,1,1,CatBoost,2.2504784552200902e-05,0.9996754603774147,5.4742187339567564e-05,0.00020074918801236936,4.654346268095626e-05
12309,2,2,CatBoost,0.0001645243818443181,2.7467287563514447e-05,0.9997457521622114,2.524932879744376e-05,3.7006839583433874e-05
17118,3,3,CatBoost,7.226583355144084e-05,0.00027514519800117304,0.00011036223753299405,0.9992245122827734,0.0003177144481408581
15794,1,1,CatBoost,2.7459979744235203e-05,0.9996308814322061,7.404182014257614e-05,0.00019496154972848987,7.265521817876203e-05
11794,0,0,CatBoost,0.9995960050601326,5.8419767632746855e-05,0.0002535223387507233,5.0391282311570184e-05,4.166155117248457e-05
17653,4,4,CatBoost,0.0001049048999309985,0.0001537512298198544,0.00023313811704595648,0.0009423060368583671,0.9985658997163448
15025,1,1,CatBoost,2.929343374696533e-05,0.9993301383123689,0.00010234056423687962,0.0004721677403305125,6.605994931662669e-05
18231,4,4,CatBoost,9.120946295677846e-05,0.00026945025925806615,0.00015183733785967808,0.00033388361885860595,0.9991536193210667
10628,0,0,CatBoost,0.9993389621520168,0.00015436330583474352,0.00021067878016340472,0.00016305758337069787,0.00013293817861441645
10264,0,0,CatBoost,0.9995250623704355,3.730948531169876e-05,0.00036712278381528866,3.2720493949164996e-05,3.7784866488419565e-05
13056,2,2,CatBoost,0.00016104425061891245,4.093256947412834e-05,0.9997085178381998,3.9239130159443046e-05,5.0266211547632584e-05
12257,2,2,CatBoost,0.0001460195364562722,3.8065397491117755e-05,0.999734601192592,3.383767874811149e-05,4.747619471263583e-05
11252,0,0,CatBoost,0.9984365313002727,0.0001090108548848131,0.0012710175078232918,0.00010039551471342451,8.304482230575272e-05
12990,2,2,CatBoost,0.0003183987496968563,0.0001926155562163158,0.9992089379884034,0.00015412323054640005,0.00012592447513698758
17113,3,3,CatBoost,0.00010239104553759498,0.0002802164467659309,0.00027609465104145626,0.9987981373771947,0.0005431604794603028
11401,0,0,CatBoost,0.9995565188550428,5.94306083624421e-05,0.0002808278485786819,5.548434111845152e-05,4.773834689750178e-05
13073,2,2,CatBoost,0.0002374521859042414,8.41623740252393e-05,0.9995475160084593,6.76867388258218e-05,6.318269278532388e-05
15415,1,1,CatBoost,2.8298205105474934e-05,0.9994340013574706,0.00010604414995608526,0.00036939622779209495,6.226005967556121e-05
15907,1,1,CatBoost,0.00022552552885137152,0.9959333137216702,0.0004891896756246473,0.00279355643288227,0.0005584146409714954
11648,0,0,CatBoost,0.9995445312273458,5.171117282337558e-05,0.0003106004558862827,4.608489720563479e-05,4.707224673910243e-05
18638,4,4,CatBoost,6.70290606626433e-05,0.0002049542272825994,0.00010378061468708433,0.00027081579153858727,0.9993534203058291
12079,2,2,CatBoost,0.0003071911494497581,4.768668670238013e-05,0.9995344570145809,5.783859865708802e-05,5.282655060977064e-05
12877,2,2,CatBoost,0.0002834045327315588,4.630084734980344e-05,0.9995702264587748,3.9301181035883145e-05,6.0766980108124184e-05
17797,4,4,CatBoost,7.195551703040723e-05,9.535593274623516e-05,0.00020452366372959848,0.00013104804533503234,0.9994971168411587
15944,3,3,CatBoost,0.0008408014253147763,0.11872797769398095,0.002568311012918277,0.8752316528425224,0.0026312570252636225
17059,3,3,CatBoost,0.00012465196694700704,0.000471655652638121,0.0003383255349653113,0.9984241484002165,0.0006412184452331018
17799,4,4,CatBoost,0.00017387650246687356,0.0002952387433411443,0.00029928830030383,0.0010572553627072618,0.998174341091181
14910,1,1,CatBoost,2.951704331424597e-05,0.9993575353890608,9.165124311822333e-05,0.0004527499320738324,6.854639243274897e-05
11750,0,0,CatBoost,0.999642870768618,4.3863851004461456e-05,0.00023088070283295255,4.093133084797375e-05,4.145334669640829e-05
17060,3,3,CatBoost,4.120532906281591e-05,0.00020037045797890673,9.651788715387293e-05,0.9994782320813775,0.00018367424442694184
18693,4,4,CatBoost,6.925901419428919e-05,0.00020971013606186628,0.0001060919528580381,0.00026129982139280907,0.9993536390754929
15823,1,1,CatBoost,1.991160536036557e-05,0.9996670656738912,5.6522739745516835e-05,0.00020640185314737674,5.009812785570271e-05
11783,0,0,CatBoost,0.999547220768787,5.240239127363977e-05,0.0003048167158597446,5.4232340602208335e-05,4.13277834776167e-05
10318,0,0,CatBoost,0.9994216290338315,3.582381670109344e-05,0.00047243544974205637,3.318000416287329e-05,3.6931695562522404e-05
10175,0,0,CatBoost,0.9992007640715291,4.563059571833151e-05,0.0006679864505387762,4.355646755334354e-05,4.206241466032255e-05
17600,4,4,CatBoost,6.081339366529167e-05,8.912635908812267e-05,0.00015523495448696933,0.00018978209454559606,0.9995050431982141
12545,2,2,CatBoost,0.00016347851270905134,3.307026343652707e-05,0.999732433510531,3.163988695893598e-05,3.937782636445448e-05
13206,2,2,CatBoost,0.00023146496020156403,6.265414610863731e-05,0.9995931119104977,5.722636900270897e-05,5.554261418953699e-05
17877,4,4,CatBoost,9.895615882994245e-05,0.00013634888833549767,0.00020953107068129203,0.00038282739322111645,0.9991723364889321
15891,1,1,CatBoost,6.913812966732512e-05,0.9960309398159377,0.0001751723258104151,0.003522208302640537,0.00020254142594417954
17947,4,4,CatBoost,0.0001033908955281762,0.00016416523769002375,0.00019843789902312088,0.0008968093178831467,0.9986371966498755
12633,2,2,CatBoost,0.00020833941332107424,5.73238221311282e-05,0.9996449073375883,3.7609550169632927e-05,5.181987678979264e-05
16578,3,3,CatBoost,3.627356483477536e-05,0.0004307493745844071,6.633363866950242e-05,0.9993045122859014,0.00016213113601008954
12122,2,2,CatBoost,0.0001282956484317931,3.5961304350194884e-05,0.9997582250101393,3.1544163339393885e-05,4.597387373930876e-05
11370,0,0,CatBoost,0.9995626543064555,6.200721813685929e-05,0.0002670659830067801,5.8919379803164474e-05,4.935311259776748e-05
13152,2,2,CatBoost,0.00017946464641024995,4.1538023467736456e-05,0.9996963826564861,3.621600562437402e-05,4.639866801147146e-05
14531,1,1,CatBoost,5.161139422939396e-05,0.9990280060009508,0.00018863384633445343,0.0006144868246273518,0.0001172619338579327
11285,0,0,CatBoost,0.998599772204383,0.00011406388026545899,0.0011092011689611818,9.562255960057887e-05,8.134018678990215e-05
16654,3,3,CatBoost,3.697699829092458e-05,0.000410032003382335,7.726201811593217e-05,0.9992415753417139,0.00023415363849699016
18176,4,4,CatBoost,7.858847426191602e-05,0.00017568292286811285,0.0001519554388927666,0.00040978611080677736,0.9991839870531705
14440,1,1,CatBoost,1.9557241498524567e-05,0.9996552702636528,7.234395945405e-05,0.00021115644945669934,4.167208593781805e-05
13499,2,2,CatBoost,0.0002183900991243314,3.981172349461144e-05,0.9996463447716085,4.6222839435293024e-05,4.923056633715562e-05
17229,3,3,CatBoost,0.000256744744013249,0.0005920402294035583,0.0005911720253863127,0.9972098408277131,0.0013502021734837833
12159,2,2,CatBoost,0.0003516467837226283,6.945037837683596e-05,0.9994397986181541,5.71692185294612e-05,8.193500121674609e-05
10842,0,0,CatBoost,0.9995129687356779,4.4228136220790904e-05,0.0003611170184724957,3.912858125270802e-05,4.2557528376197334e-05
16433,3,3,CatBoost,7.647899186404392e-05,0.000978746192675357,0.00016955474820046413,0.9983630940260327,0.0004121260412271868
17002,3,3,CatBoost,3.5762883576490654e-05,0.00035642877409933986,7.267411053724043e-05,0.999373043071713,0.00016209116007403042
16034,3,3,CatBoost,8.94379105220633e-05,0.0012222703874484586,0.00019546116593854274,0.9979321521605949,0.0005606783754960126
14240,1,1,CatBoost,3.063116310475618e-05,0.9995797338520173,7.40170656747947e-05,0.0002427456605355013,7.287225866794651e-05
18186,4,4,CatBoost,7.185783546621841e-05,0.00017458498625185686,0.00013900476107854632,0.0001933931536845228,0.9994211592635188
14048,1,1,CatBoost,3.345234654165265e-05,0.9995663477393866,0.0001028231172387895,0.00021908347168917564,7.82933251436915e-05
11114,0,0,CatBoost,0.9995325839343089,5.3186949532952634e-05,0.0003100536452048727,5.0686946181386295e-05,5.348852477213849e-05
10620,0,0,CatBoost,0.9992507945893166,0.00016788584872567218,0.0002752355667676322,0.00016201338004568892,0.00014407061514442842
14992,1,1,CatBoost,8.123300232204437e-05,0.998572673719321,0.00030150860212148454,0.0008505090264231456,0.00019407564981227993
15111,1,1,CatBoost,2.690512975966839e-05,0.9994759473484044,0.00011157027542075028,0.00032701487846590444,5.856236794916956e-05
17498,4,4,CatBoost,0.0005103341015255822,0.0013107838823755115,0.0009759337087001863,0.019852506187000598,0.9773504421203982
12101,2,2,CatBoost,0.0002837076817487844,6.027808594957225e-05,0.9995166782037007,7.398560775908353e-05,6.535042084200761e-05
10134,0,0,CatBoost,0.999026376823687,4.783581279538078e-05,0.00083605221747534,4.5793782018210096e-05,4.394136402406788e-05
16033,3,3,CatBoost,7.204831523477178e-05,0.0008201001484027323,0.0001623834553659724,0.9984818258012279,0.0004636422797687184
11508,0,0,CatBoost,0.9996016878276671,5.552995605581002e-05,0.0002444176627092284,5.283662791010547e-05,4.5527925657699064e-05
16219,3,3,CatBoost,5.806209998419e-05,0.0007937355210963393,0.0001334061583669321,0.9987161908280052,0.00029860539254747024
13735,2,2,CatBoost,0.00586635046700921,0.05595960439574139,0.9175616790162687,0.014622286343307186,0.0059900797776736864
11439,0,0,CatBoost,0.9993445647742596,7.358681198927605e-05,0.00045790477754835304,6.668354683999523e-05,5.726008936270727e-05
15110,1,1,CatBoost,4.168657500331554e-05,0.9990257300224039,0.00014128665957740389,0.0006977432675299256,9.35534754853047e-05
11422,0,0,CatBoost,0.9996469442437816,5.118378234857227e-05,0.00021382769300500162,4.71818412182187e-05,4.086243964667059e-05
16080,3,3,CatBoost,3.8178024908971695e-05,0.000731969463104356,7.011200193879473e-05,0.9989935660687589,0.0001661744412889727
14926,1,1,CatBoost,5.679416339338978e-05,0.9990552047563696,0.00024408523037826153,0.0005363041207248129,0.00010761172913367455
16467,3,3,CatBoost,8.491573049364479e-05,0.0009677076894038804,0.00020367473937280236,0.9983260271601537,0.00041767468057597376
17946,4,4,CatBoost,7.643344482227208e-05,0.0001168435949977155,0.00019987306132449191,0.0002288032289463751,0.9993780466699091
11309,0,0,CatBoost,0.9986470413608839,0.00011666829888170223,0.0010593252894255398,9.543486059170544e-05,8.153019021729366e-05
19118,4,4,CatBoost,7.742624474152123e-05,0.00011583888050417705,0.0002625097449628062,0.00012815386859663062,0.9994160712611949
18514,4,4,CatBoost,9.277210267628471e-05,0.00021863490448158007,0.0001579135425594792,0.00015670995753955518,0.9993739694927432
12136,2,2,CatBoost,0.00019484607127099736,4.821780169395941e-05,0.9996660911932856,3.797276797701986e-05,5.287216577231673e-05
18994,4,4,CatBoost,0.00013596467477635464,0.00018340743483022813,0.0002920933891383543,0.0002620704956614247,0.9991264640055937
18446,4,4,CatBoost,8.26815825217141e-05,0.0002306897657867138,0.00013394321424657643,0.00018214684391278866,0.9993705385935322
12891,2,2,CatBoost,0.00014405094544548737,3.9293335106144024e-05,0.9997384569780281,3.72625229275056e-05,4.093621849287e-05
14562,1,1,CatBoost,2.165833070151704e-05,0.9996872459366126,5.9461803643653833e-05,0.00018301676926430572,4.861715977791606e-05
17293,3,3,CatBoost,8.85419955437666e-05,0.0008598092092485629,0.00019392875818966817,0.9985074248051284,0.0003502952318896826
13314,2,2,CatBoost,0.0005373713904223261,0.00012746152017020792,0.999142100851804,8.577124007585112e-05,0.00010729499752764292
17869,4,4,CatBoost,6.263575021189942e-05,0.00012142790447678198,0.00013235183928691745,0.00041740165767907025,0.9992661828483453
15598,1,1,CatBoost,3.1916803987245334e-05,0.9996311657155746,7.624403842370287e-05,0.00019680843443092917,6.386500758335877e-05
12201,2,2,CatBoost,0.00033982847078059124,5.393862730616565e-05,0.9994808581892218,4.9997905491130104e-05,7.537680720023102e-05
10538,0,0,CatBoost,0.9991327418559262,0.00022323098644384055,0.00031333870112378677,0.00018212656040865314,0.00014856189609753555
17644,4,4,CatBoost,0.00011132840526194598,0.00017340970802959748,0.00020574796914067794,0.0011886255379589246,0.9983208883796088
17236,3,3,CatBoost,5.644897824805192e-05,0.0002620614344674812,0.0001218540003918164,0.99930908522633,0.00025055036056268116
11558,0,0,CatBoost,0.9996641462820947,3.679672037580984e-05,0.00023001816683401263,3.418459912407162e-05,3.485423157150686e-05
17411,3,3,CatBoost,8.807735069956e-05,0.0005795511016215293,0.0002245443087251706,0.9982266295072515,0.0008811977317021849
12436,2,2,CatBoost,0.00015923999365832073,2.5621336893719357e-05,0.9997551713918812,2.4756499535306323e-05,3.521077803141053e-05
17370,3,3,CatBoost,5.590685236849636e-05,0.00019225452621181104,0.00013120749537271073,0.999182340580507,0.00043829054553969993
13409,2,2,CatBoost,0.00028375769036438007,6.493601088694624e-05,0.999498525963821,6.22674884546245e-05,9.051284647286246e-05
14287,1,1,CatBoost,2.4377355209912032e-05,0.9995604395482045,8.141546190978857e-05,0.00028698310785685245,4.678452681896757e-05
13537,2,2,CatBoost,0.00025501495811349324,4.4251509744423524e-05,0.9996088931102661,3.4933690850465626e-05,5.69067310254977e-05
10600,0,0,CatBoost,0.9993668432867251,0.00013141756328901858,0.00022690483816333468,0.0001548685035696592,0.00011996580825289982
10633,0,0,CatBoost,0.9992786826533719,0.00016130642389933388,0.0002643347869419727,0.00015668602057457303,0.00013899011521219614
17066,3,3,CatBoost,7.728212443384425e-05,0.0003673394003980272,0.00025489900304555757,0.9987178854849906,0.0005825939871317746
12993,2,2,CatBoost,0.00017708843053360938,5.055679092787693e-05,0.9996780554372209,4.8618548988486054e-05,4.5680792329075244e-05
16306,3,3,CatBoost,6.474110026081261e-05,0.0004417257454003285,0.00013671013900073725,0.9990566768602374,0.00030014615510074073
15608,1,1,CatBoost,2.6213284349117675e-05,0.9994589485839269,9.603664460491678e-05,0.0003623295077090297,5.647197940977223e-05
18053,4,4,CatBoost,0.0001321355954406242,0.00025225067153771235,0.0002229186577937235,0.001073658948660347,0.9983190361265676
13952,1,1,CatBoost,4.087679210591457e-05,0.9993161745797039,0.00019555252744596637,0.0003620215180680335,8.537458267626283e-05
13311,2,2,CatBoost,0.00026296321443027964,4.875219880629728e-05,0.9995888918159045,3.7715711383831915e-05,6.167705947520243e-05
14361,1,1,CatBoost,3.935316091349086e-05,0.9992221232407881,0.0001607021380274166,0.0004974071908577573,8.04142694133644e-05
12351,2,2,CatBoost,0.00020529075963816572,5.167731564291863e-05,0.9996443264877326,5.072570966381185e-05,4.79797273224722e-05
10177,0,0,CatBoost,0.9990598406136433,5.131714707717731e-05,0.0007946596465493004,4.784547039756656e-05,4.633712233247302e-05
14723,1,1,CatBoost,4.029058472015272e-05,0.9992361622957668,0.0001425710447649659,0.000504497488942952,7.647858580528497e-05
11987,2,2,CatBoost,0.0010482358468543484,7.970505631466698e-05,0.998698001081509,7.440311199641296e-05,9.96549033255791e-05
18243,4,4,CatBoost,0.00011783588467237647,0.0002577977400291627,0.0002263981214324928,0.00022383959457493197,0.999174128659291
16930,3,3,CatBoost,4.679763891086436e-05,0.00025730787521949385,8.538479203497728e-05,0.9993598108753892,0.00025069881844561135
17152,3,3,CatBoost,4.9354508118676504e-05,0.0003347012461351849,0.0001345277583984862,0.999213551760892,0.00026786472645549107
11123,0,0,CatBoost,0.9995187758566485,4.530122795678266e-05,0.0003491161505944398,3.9996285050070355e-05,4.6810479750113355e-05
11515,0,0,CatBoost,0.9995585388934518,5.867061601469314e-05,0.00027999873054322286,5.5169309670070395e-05,4.762245032042132e-05
14606,1,1,CatBoost,3.6861704704856635e-05,0.9994349235843606,9.595001264658163e-05,0.0003606936148302935,7.157108345776564e-05
11521,0,0,CatBoost,0.9996460294413597,5.1253413740720306e-05,0.00021250768257851892,4.8445525347203586e-05,4.176393697367242e-05
15971,3,3,CatBoost,0.00017113111061117328,0.0027010923066895934,0.0006069504881182598,0.9954880320933087,0.0010327940012722502
10425,0,0,CatBoost,0.9992973114480441,0.00015801501524387779,0.0002755204311848443,0.00014575996172936905,0.00012339314379771163
13624,2,2,CatBoost,0.00020561005310736332,4.2831394694584914e-05,0.9996555134926133,3.656989807918057e-05,5.947516150557498e-05
17682,4,4,CatBoost,4.953043582363136e-05,7.328813089239868e-05,0.00012728583992059706,0.00017545932145986823,0.9995744362719036
16705,3,3,CatBoost,5.2160507486394266e-05,0.0007090714126522506,9.33776827079911e-05,0.9988940048777484,0.0002513855194050628
10271,0,0,CatBoost,0.9995326368748066,3.443966512852547e-05,0.0003659259444729707,3.141883702118582e-05,3.5578678570694545e-05
16358,3,3,CatBoost,4.263696876558319e-05,0.0003077699094916761,8.528390072980285e-05,0.9992908617685049,0.00027344745250805773
12056,2,2,CatBoost,0.0003915827643326996,6.210814379325395e-05,0.9994007131423431,6.778080904379915e-05,7.781514048715052e-05
10944,0,0,CatBoost,0.9994526317155232,5.57111913152853e-05,0.00038154638930076054,5.33745575780392e-05,5.673614628288339e-05
16652,3,3,CatBoost,3.531403511264284e-05,0.00045347845775641795,6.756605459257445e-05,0.9992439133347227,0.00019972811781544502
12271,2,2,CatBoost,0.00020164998430619968,3.3814773492402485e-05,0.9996845634880902,3.687486536294432e-05,4.309688874809037e-05
12665,2,2,CatBoost,0.00018382521567606792,3.1920106073983845e-05,0.9997167561971338,2.836814734709905e-05,3.913033376905326e-05
14323,1,1,CatBoost,2.7444895948759102e-05,0.9995600030419087,7.277751761943852e-05,0.00027882365274871693,6.095089177428844e-05
13871,2,2,CatBoost,0.0005382264967348194,0.00018209348288925731,0.9988793817707735,0.00015827432015805715,0.00024202392944425372
18647,4,4,CatBoost,8.595587267116959e-05,0.00026036321156308536,0.00016508427817942217,0.0006085273630245132,0.9988800692745619
13643,2,2,CatBoost,0.00025984510044434097,5.002608151363808e-05,0.9995816365477969,3.942527503091263e-05,6.906699521416673e-05
14320,1,1,CatBoost,4.712866698783463e-05,0.9991075144138654,0.00018995416981479747,0.0005454546457418961,0.0001099481035900658
16827,3,3,CatBoost,8.125991022207259e-05,0.0003490040041675624,0.0002278605778778592,0.9988159807444152,0.0005258947633174054
15954,3,3,CatBoost,0.00011669355401729595,0.0026662110042256757,0.00022717392730134533,0.996500076276615,0.0004898452378406929
11396,0,0,CatBoost,0.9995435744417136,5.9585610415711006e-05,0.00029245748403976273,5.601493646474414e-05,4.836752736602244e-05
16631,3,3,CatBoost,3.3225809843473614e-05,0.0007151164296168499,8.319447052053034e-05,0.9989708389889521,0.00019762430106706286
18763,4,4,CatBoost,8.21702949635653e-05,0.00022479167861010708,0.00011135656020146601,0.00024771862661939566,0.9993339628396055
18293,4,4,CatBoost,0.0001185767155731282,0.00018457493675193157,0.0001662148690047901,0.00041604411636781015,0.9991145893623022
14592,1,1,CatBoost,6.331973419628892e-05,0.9991446687101798,0.0001772291413897096,0.0005018254758380366,0.00011295693839616643
12548,2,2,CatBoost,0.00016785376743572365,2.5747057240300796e-05,0.9997481847773262,2.4334196947018977e-05,3.388020105072408e-05
14253,1,1,CatBoost,2.1011361008012515e-05,0.9997010524801028,5.925182958242843e-05,0.0001706448988379072,4.8039430469061295e-05
14285,1,1,CatBoost,2.162550654107674e-05,0.9996986606040117,5.366570042858038e-05,0.00018324521101665346,4.2802978001924035e-05
12508,2,2,CatBoost,0.00015057187752204549,3.7101501298934746e-05,0.9997360340093491,3.307158777867962e-05,4.3221024051328723e-05
18416,4,4,CatBoost,8.896720214702494e-05,0.0002063314258864122,0.00017524857188977466,0.00017230843310643324,0.9993571443669703
12816,2,2,CatBoost,0.00044847254156726683,8.14912167091547e-05,0.9992936966431823,6.349043772324398e-05,0.000112849160817847
11074,0,0,CatBoost,0.9995123007877162,4.1626320330476795e-05,0.00036611363239594843,3.873996210934632e-05,4.121929744799788e-05
18573,4,4,CatBoost,9.54114068489315e-05,0.0001827563059627535,0.00018038582896388522,0.00023503699135645842,0.999306409466868
12237,2,2,CatBoost,0.0003014797107444864,4.873447877494186e-05,0.9995275851631711,4.6826131316496436e-05,7.53745159930086e-05
11636,0,0,CatBoost,0.9996013240344901,6.0236569158657084e-05,0.00023497985281669054,5.600194008019075e-05,4.74576034543093e-05
16481,3,3,CatBoost,7.977083617266544e-05,0.0011751762264102252,0.00022502787434704172,0.9980977449089247,0.0004222801541453315
14779,1,1,CatBoost,2.7290744552764496e-05,0.9995090559172339,7.09464722402225e-05,0.0003321877658644738,6.051910010858464e-05
15763,1,1,CatBoost,0.00014549650932107138,0.9989937225142057,0.0002813054265559041,0.0002880094304110399,0.0002914661195062142
11064,0,0,CatBoost,0.9994614887404202,4.2165158795208625e-05,0.00041532838656612066,3.938306812835121e-05,4.163464609032366e-05
12269,2,2,CatBoost,0.00018692455785505896,3.611259032587503e-05,0.9996965011560655,3.497507033316484e-05,4.548662542046545e-05
16360,3,3,CatBoost,4.102829813089462e-05,0.000299489305728093,7.673665972024888e-05,0.99938172815021,0.000201017586210707
12274,2,2,CatBoost,0.00035930457512101447,9.596945673207241e-05,0.9993324503223162,0.00010466153101473234,0.00010761411481600455
17646,4,4,CatBoost,0.0001321299539387289,0.00017218323754509876,0.00026561384159346467,0.0016913876469471275,0.9977386853199754
16772,3,3,CatBoost,3.3023487621632694e-05,0.0004409175102563897,6.255525966848394e-05,0.9993021294327386,0.00016137430971478712
12020,2,2,CatBoost,0.00022023087997077197,4.829095138766637e-05,0.9996448848701543,3.9332438246227586e-05,4.7260860240881856e-05
12614,2,2,CatBoost,0.00013045309398421615,3.2301904288714156e-05,0.9997740955708336,2.7336804850200925e-05,3.5812626043499676e-05
16004,3,3,CatBoost,7.759317108342411e-05,0.0019133090262613644,0.00015105963664342682,0.9974722386093474,0.00038579955666451243
15901,1,1,CatBoost,0.000841247385703407,0.9934980673574242,0.002078004672604314,0.001972160570072503,0.0016105200141958084
18283,4,4,CatBoost,7.416470691467188e-05,0.0003142347697590817,0.00013956778095922437,0.0003466401915557611,0.9991253925508112
16438,3,3,CatBoost,2.74256739434278e-05,0.00032531952205378645,6.394847700261528e-05,0.9994225927727666,0.00016071355423368045
18025,4,4,CatBoost,7.473293583956407e-05,0.00013632836115999518,0.00013911039192475498,0.0009591396243688054,0.9986906886867069
17542,4,4,CatBoost,7.288065737228158e-05,0.0001501003147719455,0.00017421951821829516,0.0006579957146106641,0.9989448037950269
13834,2,2,CatBoost,0.00037523590959724997,0.00016634925609625788,0.9991397335149921,0.00010220166527499477,0.00021647965403938797
11473,0,0,CatBoost,0.9997002381986961,4.617499099132517e-05,0.0001727651331201443,4.344151849891847e-05,3.738015869364909e-05
17704,4,4,CatBoost,0.00010721491878927359,0.00012877825966748865,0.0001865904610752079,0.0003184586966359368,0.999258957663832
14159,1,1,CatBoost,2.6458583939403524e-05,0.9996178663944733,7.326700946069803e-05,0.0002237850275659276,5.862298456065307e-05
11083,0,0,CatBoost,0.9990659398502652,6.0400652005209715e-05,0.0007588075583757908,5.642876665134754e-05,5.842317270237663e-05
16217,3,3,CatBoost,7.788538197964509e-05,0.0019952355663343728,0.00014646562773562577,0.9974508344996118,0.00032957892433873914
14526,1,1,CatBoost,4.7418037375901594e-05,0.9990404529969804,0.00023611695681871288,0.0005642842956116658,0.00011172771321322064
15588,1,1,CatBoost,0.00011987308052450053,0.9991896503519259,0.000226525021611576,0.0002734393722956258,0.00019051217364245127
11832,0,0,CatBoost,0.9994149071227864,6.003317537838876e-05,0.0004164151899976367,6.125126440899459e-05,4.739324742880383e-05
14571,1,1,CatBoost,7.160190443336825e-05,0.9983877453300934,0.00029643650161643927,0.0011075821568641265,0.0001366341069926212
14306,1,1,CatBoost,4.3541506571222566e-05,0.9991383946835665,0.00019126870703206874,0.0005320545175440189,9.474058528602356e-05
11226,0,0,CatBoost,0.9985814326692062,9.910727267705656e-05,0.001152589665105006,9.131498426449547e-05,7.555540874750685e-05
16255,3,3,CatBoost,0.0001012197704709849,0.001270897849939859,0.00031578460539331095,0.9977585229962921,0.0005535747779037492
15903,1,1,CatBoost,7.583689851812635e-05,0.99746133306667,0.000171059240199361,0.0020854105028397744,0.00020636029177269758
15042,1,1,CatBoost,0.0001554037612598071,0.9960952899475135,0.0006145392970854904,0.002774952133923234,0.00035981486021786663
14853,1,1,CatBoost,9.350834799386858e-05,0.99849843956128,0.00028506969751632366,0.0009087944026574229,0.00021418799055228813
12369,2,2,CatBoost,0.00016416238111952378,3.0795655959931676e-05,0.9997383928474097,2.880701563661537e-05,3.7842099874253854e-05
15043,1,1,CatBoost,4.028598691975969e-05,0.9990148760995428,0.00014237938167822474,0.0007128882740378812,8.957025782120224e-05
12383,2,2,CatBoost,0.0002920720979038235,4.6440359645985426e-05,0.999562683166723,4.422990905826978e-05,5.4574466668899206e-05
15604,1,1,CatBoost,4.9472714926578614e-05,0.9991075769781088,0.00017672211365568537,0.0005688863534214514,9.734183988737135e-05
17515,4,4,CatBoost,0.00014279216751705295,0.00021263099969217892,0.000357271873430734,0.0010588636227044405,0.9982284413366557
15983,3,3,CatBoost,8.325270795402033e-05,0.004292520023896434,0.00023631498565902583,0.9949424135939181,0.00044549868857258156
18617,4,4,CatBoost,7.107961134238085e-05,0.0001966184636612529,0.00013769660160799826,0.0004039846190678438,0.9991906207043205
16879,3,3,CatBoost,0.00011679195141794031,0.0007587766328866986,0.00028227625113339737,0.9981535506812333,0.0006886044833286166
16303,3,3,CatBoost,7.739327954236049e-05,0.0009192986803231421,0.00020821095109597125,0.9983861215059894,0.00040897558304914337
14212,1,1,CatBoost,1.9453347508976952e-05,0.9997225814393348,5.127931617479714e-05,0.00016745921571106182,3.922668127034455e-05
15361,1,1,CatBoost,3.119130777383139e-05,0.999472880502269,7.908211599280165e-05,0.0003475768555254646,6.926921843893227e-05
18114,4,4,CatBoost,9.25267273974732e-05,0.00021550999817001893,0.00019460407576577337,0.001626599022830103,0.9978707601758365
14828,1,1,CatBoost,6.291023084913716e-05,0.9988479217989721,0.00021402814191976896,0.000764131187487452,0.00011100864077140137
15820,1,1,CatBoost,7.314421201937686e-05,0.9975591854850482,0.0002481052193885438,0.0019477390046005049,0.0001718260789435147
16912,3,3,CatBoost,8.686296369768592e-05,0.0005219061524605441,0.00029436328559228215,0.9985632783912607,0.0005335892069886894
18152,4,4,CatBoost,0.00010608336587097533,0.00021107304958711283,0.00021679859790446474,0.00023935636354334447,0.999226688623094
17487,4,3,CatBoost,0.0012381049933907762,0.0035517395353084676,0.0029217794288079247,0.7399527213132818,0.252335654729211
11039,0,0,CatBoost,0.9994546550108703,4.661953517339089e-05,0.0004102412912411281,4.3216340604714674e-05,4.5267822110572766e-05
12352,2,2,CatBoost,0.0004297309125450427,0.0001007777644732226,0.9993034746305146,7.155323296230865e-05,9.446345950487671e-05
15390,1,1,CatBoost,5.329503483816774e-05,0.9991157419743448,0.00014232265202423618,0.0005930831802409095,9.555715855207492e-05
14833,1,1,CatBoost,3.8235177043472916e-05,0.9992919234153966,0.00011879391381677273,0.0004686135061186411,8.243398762451054e-05
10730,0,0,CatBoost,0.9961455939039937,0.0010437541987777423,0.0009433093993557267,0.0011453257505973436,0.0007220167472753773
13303,2,2,CatBoost,0.00021940080105931593,5.250282901641082e-05,0.9996375471023072,4.006658097167362e-05,5.0482686645476116e-05
10828,0,0,CatBoost,0.9994839442298603,4.7379154785926374e-05,0.0003772592717680714,4.3011127366437376e-05,4.84062162193587e-05
14427,1,1,CatBoost,2.8079354617651558e-05,0.9996425005124774,6.699251208243593e-05,0.0002026137224009766,5.9813898421502264e-05
12529,2,2,CatBoost,0.00016274461828806613,2.875344602109454e-05,0.9997487315119827,2.5868903205162412e-05,3.390152050291575e-05
17386,3,3,CatBoost,7.375095567755207e-05,0.00020816809693153087,0.00015160693058871924,0.9991492422739532,0.00041723174284907224
14247,1,1,CatBoost,2.2655718937294306e-05,0.9996116754368027,7.06958948706994e-05,0.0002470419199403612,4.793102944904144e-05
11172,0,0,CatBoost,0.9985911441269492,9.865378040958742e-05,0.0011452637476402766,9.031284682164208e-05,7.462549817936545e-05
13816,2,2,CatBoost,0.0003365209724073075,0.00011561719894171694,0.9993301678246277,6.839860229200675e-05,0.00014929540173149326
17595,4,4,CatBoost,0.00010450984579672965,0.0002181096153632721,0.00020031748046951336,0.0013014344674186819,0.9981756285909519
18899,4,4,CatBoost,0.00010892413052166776,0.00013190376458774628,0.00021503511254487972,0.0002545614927993902,0.9992895754995463
14173,1,1,CatBoost,5.838742306137182e-05,0.9990187548550128,0.0002059597265453237,0.0006013824846520117,0.00011551551072852613
12454,2,2,CatBoost,0.0001873793063833207,2.775442889761045e-05,0.9997244851241839,2.5672784933322073e-05,3.4708355601894746e-05
15723,1,1,CatBoost,0.00013711474244810837,0.99899837984409,0.00026994837558916914,0.00031460515542210094,0.0002799518824506208
15019,1,1,CatBoost,5.631203931717174e-05,0.9986980019158485,0.00022206468165784462,0.0008930294940297336,0.0001305918691466058
13463,2,2,CatBoost,0.00033366269559635274,7.940966248722685e-05,0.9994137891967526,7.80357599108009e-05,9.510268525324053e-05
11496,0,0,CatBoost,0.9995473910985763,5.987088555825525e-05,0.00028718179420022253,5.6289945016611286e-05,4.926627664871892e-05
17805,4,4,CatBoost,7.998350276972564e-05,0.00010497223950840219,0.00016162765290091613,0.000650337726903938,0.9990030788779171
12871,2,2,CatBoost,0.000675966061891842,0.00018364213020541392,0.9988317050500408,0.00018279921410303812,0.00012588754375888819
16251,3,3,CatBoost,0.00010849083449098911,0.0008443791257730943,0.00023679450189760483,0.9982510424433386,0.0005592930944996547
13164,2,2,CatBoost,0.000171701113829493,2.716974907675406e-05,0.9997416584057873,2.5120523971440204e-05,3.435020733501747e-05
14911,1,1,CatBoost,0.00015672580055119774,0.996852097230479,0.0006019822979718879,0.0019831497103956377,0.0004060449606021376
17700,4,4,CatBoost,6.576669967400689e-05,8.285093948770395e-05,0.00012774410062825776,0.0001620102677087779,0.9995616279925013
18690,4,4,CatBoost,9.4304968146286e-05,0.000209614100923157,0.00020529549317953972,0.0004575826015445645,0.9990332028362064
11516,0,0,CatBoost,0.999426428289381,6.198777164493702e-05,0.0004090213685592607,5.40439728550139e-05,4.8518597559799506e-05
11426,0,0,CatBoost,0.9995109040796478,6.130940779022808e-05,0.0003197032231007312,5.762424689380128e-05,5.045904256739873e-05
14250,1,1,CatBoost,2.9794241873957396e-05,0.9996222223318371,7.749616650375577e-05,0.0002066146717300916,6.387258805483218e-05
14098,1,1,CatBoost,2.6844518890682946e-05,0.9996691380694116,7.064563255702442e-05,0.00017392304935102032,5.944872978970902e-05
11631,0,0,CatBoost,0.9996085682930435,5.879588053849713e-05,0.00023085506441199345,5.51708414282595e-05,4.660992057768555e-05
16284,3,3,CatBoost,5.579904703708247e-05,0.00040154008764029675,0.00010535403859555066,0.9991895559375658,0.0002477508891613176
15777,1,1,CatBoost,6.0677169001418825e-05,0.9994108950329991,0.00016173149434423582,0.0002262445956996122,0.00014045170795560184
11320,0,0,CatBoost,0.998612166267748,9.688929928655589e-05,0.001127808435179198,8.927144474840661e-05,7.386455303798471e-05
11736,0,0,CatBoost,0.9996310479282561,5.761406901497396e-05,0.00021298060469596107,5.269290605573524e-05,4.566449197741359e-05
15809,1,1,CatBoost,2.527678104858953e-05,0.9995481868866204,6.305628382588542e-05,0.00030555913887514793,5.7920909630108644e-05
14473,1,1,CatBoost,2.7295765173690802e-05,0.9994716228403804,0.00010148786055828598,0.00034012490335866996,5.9468630529244024e-05
17882,4,4,CatBoost,0.00012511207036739838,0.00015804586160120056,0.00023684171671577145,0.0006987687942888805,0.9987812315570267
11693,0,0,CatBoost,0.999560475865525,4.769624770496434e-05,0.00029858186784181736,4.702300945547286e-05,4.622300947277848e-05
13985,1,1,CatBoost,2.8546303126493562e-05,0.9995387393287418,0.00012029096030247143,0.0002550391430328311,5.738426479641548e-05
16543,3,3,CatBoost,7.45352987601077e-05,0.0010319239874733465,0.0001933444349466076,0.9983341379221773,0.0003660583566425065
17349,3,3,CatBoost,4.207232110990174e-05,0.0001488947664614253,0.00011175254521411512,0.9993660592805351,0.0003312210866792238
18933,4,4,CatBoost,0.00010552652793606985,0.0001280453607626709,0.0002324575188279666,0.0002068728632933062,0.9993270977291799
18161,4,4,CatBoost,0.0001137037976847717,0.0002675141757817778,0.00017992254426563056,0.0001866296814957398,0.999252229800772
15906,1,1,CatBoost,6.46001067083132e-05,0.9971681058946654,0.00015493929784831628,0.0024343863533156087,0.00017796834746219807
13639,2,2,CatBoost,0.0006137677347121102,0.00014823586486824097,0.9989366235947101,0.00012821553597074355,0.00017315726973873822
14245,1,1,CatBoost,2.084879582225186e-05,0.9997178029240675,5.4177502540788856e-05,0.00016163116060090594,4.553961696847585e-05
16855,3,3,CatBoost,0.00010949862956039787,0.0005298007764668236,0.0002265600514921021,0.9985484520608183,0.0005856884816624455
18490,4,4,CatBoost,0.00013315118130076696,0.0003474500092458864,0.00026480813372344606,0.00028272952785544854,0.9989718611478745
16347,3,3,CatBoost,7.461841795803715e-05,0.0013759938682567274,0.0001447077050866629,0.9980640065099403,0.0003406734987583845
10651,0,0,CatBoost,0.999099142985161,0.00020448253991471818,0.0002865762725684172,0.00023324668019765002,0.00017655152215833477
18749,4,4,CatBoost,9.23977879415809e-05,0.0002546944610974663,0.0001323606338703405,0.0004019301013748339,0.9991186170157159
15489,1,1,CatBoost,3.3654489438843966e-05,0.9993551125311073,9.896617362039469e-05,0.0004401595728515301,7.210723298190991e-05
15609,1,1,CatBoost,3.0354551638375927e-05,0.999590893701048,7.448110749063646e-05,0.00023841563504970576,6.58550047731725e-05
17034,3,3,CatBoost,6.834067140619987e-05,0.00040767872443991975,0.00021011722778578408,0.9987796388090524,0.0005342245673156568
15621,1,1,CatBoost,2.716092631214752e-05,0.9996556844897599,6.829273917535618e-05,0.00018715224776849108,6.170959698419823e-05
16992,3,3,CatBoost,8.243020209021444e-05,0.0004151062726376135,0.0001678682852186804,0.998816595572038,0.0005179996680154472
14861,1,1,CatBoost,3.9286983780199004e-05,0.9994117702433158,0.0001072743076676746,0.0003645466453908711,7.712181984517131e-05
12262,2,2,CatBoost,0.00038881417152134885,7.004013069270987e-05,0.9993854069574087,8.456651406034098e-05,7.117222631683553e-05
15223,1,1,CatBoost,3.5666261800656336e-05,0.9992819485388984,0.0001355053869941019,0.0004732453325859583,7.36344797209246e-05
10188,0,0,CatBoost,0.9993206656123939,4.0858703430419654e-05,0.0005619914371239771,3.671205143190596e-05,3.977219561978489e-05
15857,1,1,CatBoost,0.00023024667421522814,0.9983767391739135,0.0005287533129631535,0.00043196730004400283,0.00043229353886434365
17606,4,4,CatBoost,5.645413261304743e-05,7.034903998500561e-05,0.00015981598049016324,0.00020021479669141823,0.9995131660502202
14947,1,1,CatBoost,8.479595138175001e-05,0.9981359038009443,0.0003230951646659131,0.0012834194900895484,0.00017278559291848184
15958,3,3,CatBoost,0.00013432209059667375,0.002592567239325882,0.0002431968540151727,0.996495084984848,0.0005348288312143305
11403,0,0,CatBoost,0.9997250283251644,4.269661596063573e-05,0.00015599814804537944,4.07061156762436e-05,3.557079515339896e-05
14243,1,1,CatBoost,2.9618659841757307e-05,0.9995928312425241,8.134506101434763e-05,0.00023194886789122478,6.425616872849803e-05
15245,1,1,CatBoost,7.379537275576016e-05,0.9982655639261723,0.0002966971109543887,0.0012114281396410566,0.00015251545047659926
11890,0,0,CatBoost,0.9992317250916911,7.220302477609533e-05,0.000578006859891666,6.579519983560996e-05,5.226982380545045e-05
19057,4,4,CatBoost,7.591353388481083e-05,0.0001013777075937484,0.0002418606200803765,0.00019032789601448644,0.9993905202424267
16710,3,3,CatBoost,6.898081021517125e-05,0.001366606142080478,0.0001384309958696088,0.9981020231550337,0.00032395889680100125
10189,0,0,CatBoost,0.9993055469303613,4.0224775196215765e-05,0.0005786280543603786,3.6286758693479574e-05,3.9313481388606184e-05
10207,0,0,CatBoost,0.999388757143535,3.629658827978586e-05,0.0005034735353478887,3.378842878626958e-05,3.768430405104469e-05
18568,4,4,CatBoost,8.8805356133459e-05,0.00020246232656204397,0.00020519588532508581,0.0002854248547543013,0.9992181115772252
18198,4,4,CatBoost,8.060043524746739e-05,0.0001346522494496429,0.00018228747623335117,0.00025110739046805056,0.9993513524486014
18676,4,4,CatBoost,6.927094335094996e-05,0.0002384804370088602,0.0001057943475571884,0.00022144868105849943,0.9993650055910246
10713,0,0,CatBoost,0.999342038565295,0.0001363220137765971,0.0002527889272814432,0.00014756654321085896,0.00012128395043611032
14914,1,1,CatBoost,2.30870151549115e-05,0.9996182620423827,6.609396787078954e-05,0.00023414695772071053,5.841001687111881e-05
12656,2,2,CatBoost,0.00012088347413942667,3.142094778764179e-05,0.9997836522253793,2.759210483061752e-05,3.645124786296859e-05
14829,1,1,CatBoost,6.899936509168385e-05,0.998628828098586,0.0003183524441032925,0.0008347307854286332,0.0001490893067902512
18947,4,4,CatBoost,0.0001028642233507533,0.00014304158227758666,0.0003121890623515888,0.00018916975604852364,0.9992527353759715
14453,1,1,CatBoost,3.95079837990357e-05,0.9990997834975485,0.00012653533321612846,0.0006446468290013552,8.952635643531175e-05
18389,4,4,CatBoost,9.754798323667074e-05,0.0001663445742287206,0.00020439089470587535,0.00023309751444608744,0.9992986190333826
16190,3,3,CatBoost,6.224468869086132e-05,0.0003888356843107853,0.00017771273364895914,0.9990008387107729,0.00037036818257645134
16988,3,3,CatBoost,4.161232360364329e-05,0.00048332292170078157,0.00011192574623777039,0.9990580549776116,0.00030508403084621887
14071,1,1,CatBoost,3.6925043641251694e-05,0.9993880132991879,0.00010944302941996911,0.0003929630262901309,7.265560146073129e-05
10028,0,0,CatBoost,0.9989349312977565,5.147706845639325e-05,0.000919059499561182,4.813756895579683e-05,4.6394565270195266e-05
12836,2,2,CatBoost,0.00035385995794352815,8.97939277940091e-05,0.999364093385045,8.642123231450394e-05,0.0001058314969031243
15233,1,1,CatBoost,3.087603017515371e-05,0.9993174334076105,0.00010796345915557508,0.00047210352494871593,7.162357811025222e-05
13867,2,2,CatBoost,0.000545018445118673,0.00020185582336219754,0.9988574454555773,0.00013196683959243409,0.00026371343634937
17266,3,3,CatBoost,7.751201236002363e-05,0.0003696767005216875,0.00020571561381291825,0.998891411628939,0.0004556840443664917
13047,2,2,CatBoost,0.00024219430326123402,4.670451595872822e-05,0.9996208864291279,3.45839096847826e-05,5.563084196736596e-05
16647,3,3,CatBoost,3.388456601135588e-05,0.0003689470206183443,6.549573297216747e-05,0.9993657914119193,0.00016588126847886638
18563,4,4,CatBoost,8.780640781890173e-05,0.00019609006836631955,0.00016899200215417167,0.00017558266494690217,0.9993715288567138
18370,4,4,CatBoost,8.894982247974239e-05,0.00018927847539889793,0.00014568399343289147,0.00015901460600921364,0.9994170731026792
17492,4,4,CatBoost,0.00026173050654924537,0.0004768008980444754,0.000580371315958523,0.0061361461213831426,0.9925449511580646
11472,0,0,CatBoost,0.998993501973504,9.383921855022943e-05,0.000761418671177099,7.955603405613145e-05,7.168410271236312e-05
10634,0,0,CatBoost,0.9993761176937412,0.00013571052702288729,0.00022425312763755937,0.00014414022177434274,0.00011977842982394441
16865,3,3,CatBoost,7.019952727652172e-05,0.00034373816315894415,0.0002556771950859908,0.9988689988134745,0.0004613863010040588
14075,1,1,CatBoost,3.2430088195429305e-05,0.9995011470522386,0.00010520053471490855,0.00029558087075254595,6.564145409878881e-05
12368,2,2,CatBoost,0.00013359048421264248,2.9797051183516002e-05,0.9997760053416317,2.656532090114303e-05,3.404180207113161e-05
11713,0,0,CatBoost,0.9996249176282003,4.243062719010792e-05,0.0002520881047542472,4.0321335769080816e-05,4.0242304086335e-05
16541,3,3,CatBoost,7.67665118491543e-05,0.0015272951782409848,0.00016752690407091284,0.9978578568873903,0.00037055451844873364
13140,2,2,CatBoost,0.0002098073267526566,5.6740221055759156e-05,0.9996169483882318,5.9971280905980896e-05,5.653278305385369e-05
17196,3,3,CatBoost,5.682792674426232e-05,0.0002222576960475724,0.00015840760883955777,0.9991970489081635,0.0003654578602052158
13012,2,2,CatBoost,0.0002577528878300788,4.7923869049131535e-05,0.9995947714404598,3.5640095923541426e-05,6.391170673746647e-05
17283,3,3,CatBoost,6.946921593491946e-05,0.0002953206149297111,0.0002639926591964092,0.9988823421578616,0.0004888753520772526
12109,2,2,CatBoost,0.00015604857187963994,4.042289811691821e-05,0.9997204074876267,3.9488314408811695e-05,4.3632727967813713e-05
16524,3,3,CatBoost,9.209586540753324e-05,0.0003278079161065049,0.0003590512431317622,0.9985705050467859,0.0006505399285681363
16523,3,3,CatBoost,0.0001526471685838574,0.0010862652774509534,0.00036505124809785636,0.9976738110687647,0.0007222252371025805
15551,1,1,CatBoost,2.499910720009921e-05,0.9996656520513266,6.257823066211695e-05,0.00019364381597541515,5.3126794835850816e-05
14646,1,1,CatBoost,4.09401814686919e-05,0.9992036376483561,0.00014941136634700526,0.0005199587130537482,8.605209077452964e-05
16505,3,3,CatBoost,5.3812847143526476e-05,0.000886868967002124,0.00011116861488202511,0.9986687072193807,0.0002794423515914995
18393,4,4,CatBoost,8.118672057710031e-05,0.00017772060060694775,0.000130221925535279,0.0001400304963414241,0.9994708402569392
13353,2,2,CatBoost,0.0001731076455527029,6.067070935387389e-05,0.99965756702161,5.43484196132664e-05,5.4306203870189215e-05
11748,0,0,CatBoost,0.9996281312081328,4.63154196823473e-05,0.000242270497033233,4.127190390672137e-05,4.20109712447858e-05
11279,0,0,CatBoost,0.9980960348262772,0.0001052218450569171,0.0016222913619280018,9.48681596370492e-05,8.158380710095681e-05
12772,2,2,CatBoost,0.0002554193651812668,4.064364271820667e-05,0.9996207662137837,3.0313850265182774e-05,5.285692805168431e-05
10454,0,0,CatBoost,0.9992395449411038,0.00020047296123257844,0.0002582428750660226,0.00016710472025080686,0.000134634502346726
14432,1,1,CatBoost,2.2411176628587362e-05,0.9996878428760885,5.508993463052282e-05,0.0001810796239683623,5.3576388683938506e-05
10675,0,0,CatBoost,0.998327820178544,0.0004481437702965538,0.0005704080269865371,0.00036562634843549007,0.00028800167573746546
18668,4,4,CatBoost,7.410577090456537e-05,0.00018063639250605776,0.0001445190821822031,0.00021382053503540664,0.9993869182193718
15568,1,1,CatBoost,0.00021326133113543967,0.9985026307424766,0.0005646677075037765,0.00033271999954621184,0.00038672021933813447
11342,0,0,CatBoost,0.99787369129597,0.0001226593509281206,0.0018031341509995456,0.00010858823654116926,9.192696556106543e-05
16677,3,3,CatBoost,3.514359099882928e-05,0.0004970640131378697,6.839164648227356e-05,0.9992536846342006,0.0001457161151806332
17867,4,4,CatBoost,9.570848586831532e-05,0.0001288784140938624,0.00022523703292103071,0.0002537632557289672,0.9992964128113878
14425,1,1,CatBoost,2.6736780812208228e-05,0.9995773710383017,8.464739250865641e-05,0.00025245981131032536,5.8784977067201586e-05
12654,2,2,CatBoost,0.0002125038867084832,3.5476565414628885e-05,0.999676978530121,3.247334261745667e-05,4.256767513839623e-05
16716,3,3,CatBoost,4.747788604532293e-05,0.0003252399554511062,8.24667990559221e-05,0.9992250246367017,0.0003197907227458141
15829,1,1,CatBoost,2.8261034465630212e-05,0.9993424426437743,7.466140540256366e-05,0.0004882868653517961,6.63480510058625e-05
17194,3,3,CatBoost,9.694993923400585e-05,0.0005142157802043707,0.00024381459270669722,0.9985819308496435,0.0005630888382114727
18308,4,4,CatBoost,0.00010291440945451345,0.0002224792677456301,0.0002035670332905257,0.00018748999692071706,0.9992835492925886
15085,1,1,CatBoost,6.079166217019659e-05,0.9987402239778577,0.0002321670365758135,0.000834061026320003,0.00013275629707635227
19097,4,4,CatBoost,0.00010023585352673457,0.00013953687140247413,0.0003009536790369108,0.00024964145141151547,0.9992096321446224
14736,1,1,CatBoost,2.7863215068609166e-05,0.9995785772821554,7.835019575324609e-05,0.0002616151057435612,5.359420127916111e-05
18752,4,4,CatBoost,7.495604527256592e-05,0.00017714924116250862,0.00014929972331827676,0.00020357304000272254,0.999395021950244
14317,1,1,CatBoost,2.7899343123698174e-05,0.9995954413503717,7.076496490237227e-05,0.0002490738995540968,5.682044204813477e-05
10385,0,0,CatBoost,0.9993147199599715,0.00016277503603927198,0.00025343258269428133,0.00014505715199136524,0.00012401526930347863
10690,0,0,CatBoost,0.9994040164362528,0.00013240980813818408,0.0002029529888319595,0.0001426212650049814,0.00011799950177205225
17592,4,4,CatBoost,7.637652491106266e-05,9.501969619545375e-05,0.00020201626527944775,0.00012002138499278844,0.9995065661286212
15398,1,1,CatBoost,2.114810117158937e-05,0.999647703311489,6.241718351993643e-05,0.00022417392003302894,4.4557483786353636e-05
13465,2,2,CatBoost,0.00036634342535967683,7.730293942730271e-05,0.9994055799332754,7.676218409907291e-05,7.40115178385174e-05
19117,4,4,CatBoost,9.16520377288173e-05,0.0001255723973504136,0.00028901803249415536,0.0002416782695783197,0.9992520792628483
12910,2,2,CatBoost,0.0003714050120681485,8.59421571638043e-05,0.9993938462748067,7.284895769037122e-05,7.595759827088023e-05
18555,4,4,CatBoost,0.00012432828130987857,0.0002556601390669202,0.0002595195119673572,0.00022875840167757103,0.9991317336659784
18020,4,4,CatBoost,7.643984275615415e-05,0.0001319259325887283,0.0001697136182716405,0.0009780838948217619,0.9986438367115619
11315,0,0,CatBoost,0.9984365313002727,0.0001090108548848131,0.0012710175078232918,0.00010039551471342451,8.304482230575272e-05
18342,4,4,CatBoost,9.893269433840018e-05,0.00023262780448006688,0.00019992334337336885,0.00020353384004749594,0.9992649823177607
16069,3,3,CatBoost,3.7980857575651265e-05,0.0008075871671591215,9.429161248247685e-05,0.9988227675266138,0.0002373728361688628
12737,2,2,CatBoost,0.00032160454557758346,0.0001119889115384892,0.999400676185537,9.126395085262873e-05,7.446640649435474e-05
12153,2,2,CatBoost,0.00014093863378099964,3.9261532371771954e-05,0.9997445542776289,3.536532093470986e-05,3.9880235283668414e-05
14203,1,1,CatBoost,3.391382455740029e-05,0.9995225712377301,9.20138554816983e-05,0.0002646074493581103,8.68936328726086e-05
12628,2,2,CatBoost,0.00016055522572090377,2.972311979416359e-05,0.9997427629517018,2.9519971987325472e-05,3.743873079575311e-05
17934,4,4,CatBoost,5.726832479500476e-05,0.00011147002404677059,0.00012704440081354084,0.0004183382234461634,0.9992858790268986
18728,4,4,CatBoost,6.51053962017292e-05,0.00016210433618420034,0.0001446724806708152,0.00019858777217878276,0.9994295300147643
14042,1,1,CatBoost,5.4994827015941876e-05,0.9988693499684886,0.00021899262190946373,0.0007465459805325424,0.00011011660205339244
12403,2,2,CatBoost,0.00017336744642366635,2.9930667011363307e-05,0.9997299462311764,2.8220803089165848e-05,3.853485229961468e-05
18632,4,4,CatBoost,0.00012725510455594528,0.00019731590066980153,0.00027054002495419517,0.0005272689081485609,0.9988776200616715
18164,4,4,CatBoost,9.559178888176524e-05,0.0002305294587875983,0.00017333710417202552,0.00043458648470996334,0.9990659551634486
16062,3,3,CatBoost,7.19493313880238e-05,0.0012359443242318433,0.00014923523396344584,0.9981507929644948,0.00039207814592181865
17744,4,4,CatBoost,0.00016429394748162886,0.00025010779062269384,0.00036005576220074075,0.0013564196432691914,0.9978691228564257
11159,0,0,CatBoost,0.9995475900445476,3.9917541106243916e-05,0.00033526194556598635,3.596373127697292e-05,4.126673750298429e-05
12012,2,2,CatBoost,0.00043538356893603166,5.196384489538912e-05,0.999389993350348,4.924880982691358e-05,7.34104259936785e-05
11168,0,0,CatBoost,0.9986474776302446,0.000118623484789079,0.001050010925867594,9.939524106282437e-05,8.449271803605228e-05
18443,4,4,CatBoost,7.52307528346666e-05,0.0002002767840741375,0.00011848316852297193,0.000261383544014976,0.9993446257505534
13061,2,2,CatBoost,0.00026988785707986765,5.682330266642091e-05,0.9995478229472772,6.775479566407555e-05,5.771109731265998e-05
17590,4,4,CatBoost,5.38101767074732e-05,0.00012050884216730386,0.00012240525477928615,0.0005933803974407963,0.9991098953289052
14978,1,1,CatBoost,3.91596643746717e-05,0.9992190555082918,0.00012983317643751113,0.0005228341733760911,8.911747751979025e-05
13671,2,2,CatBoost,0.0003701501717292224,5.4554410099158516e-05,0.9994420067921426,4.5210884482893674e-05,8.807774154628146e-05
13529,2,2,CatBoost,0.000724193422380675,0.0001449794519033097,0.9988482402935088,0.00012027599680636268,0.00016231083540074436
12157,2,2,CatBoost,0.00031702230748256553,0.00017369940712518632,0.9992554588721816,0.00014688255436664697,0.00010693685884389415
10754,0,0,CatBoost,0.998819594669783,0.000310743878406249,0.0003373733246626702,0.0002992036236536193,0.00023308450349449875
16991,3,3,CatBoost,9.237312732332759e-05,0.00038738486689998295,0.00027432317031599984,0.9985200643784439,0.0007258544570167767
14561,1,1,CatBoost,4.108223196699135e-05,0.9992667942589161,0.00013739081611159541,0.000463708353367935,9.10243396372658e-05
10871,0,0,CatBoost,0.9995564720348511,4.525379212292277e-05,0.00031272869932999183,4.117787394633282e-05,4.4367599749610134e-05
12451,2,2,CatBoost,0.00018253088354515113,3.123792049847179e-05,0.9997167821339952,2.9770483737605976e-05,3.96785782237689e-05
13422,2,2,CatBoost,0.00028957055946421216,4.336023504451835e-05,0.9995748622769818,3.783203647311012e-05,5.437489203638087e-05
15685,1,1,CatBoost,4.934800217430568e-05,0.9991425300293623,0.00015336595708636094,0.0005641999957450533,9.055601563194918e-05
17787,4,4,CatBoost,0.00012689348428813772,0.0002164879480942221,0.0002467376984925518,0.0012098890917957694,0.9981999917773294
15874,1,1,CatBoost,0.00015403791244884878,0.9991890026728999,0.000173012882488655,0.00034254957750364765,0.0001413969546591152
10574,0,0,CatBoost,0.9992839746981328,0.00016369616939926972,0.0002776675251608441,0.0001507992103042749,0.0001238623970028207
14303,1,1,CatBoost,5.353427021517308e-05,0.99896291900007,0.00022630873434969595,0.0006396083750831955,0.0001176296202819092
14780,1,1,CatBoost,3.5558739855890746e-05,0.9993827013768705,0.00013080776455105152,0.0003736673513292481,7.726476739353073e-05
11174,0,0,CatBoost,0.9980242993122735,0.00010094924633604217,0.0017038934677773634,8.956397744471723e-05,8.129399616823337e-05
11833,0,0,CatBoost,0.9995590159322184,4.9163373153964004e-05,0.00030258840264884917,5.040195591519901e-05,3.8830336063621836e-05
13926,2,2,CatBoost,0.0048365965582238685,0.00717641201914856,0.9816005311393581,0.0037684629294318537,0.0026179973538377824
12780,2,2,CatBoost,0.00014804009812704463,3.7722268545341694e-05,0.9997379601170099,3.577864652693934e-05,4.0498869790721887e-05
13451,2,2,CatBoost,0.0002275652488922351,5.510059146521646e-05,0.9995880728641192,4.5858173223751444e-05,8.340312229951015e-05
12021,2,2,CatBoost,0.00017432444021688528,4.432624920934765e-05,0.999679996648067,5.1156389309979046e-05,5.01962731966326e-05
13940,2,2,CatBoost,0.0006643097506507755,0.0004334063941878816,0.9980711093719813,0.0004490093607770717,0.00038216512240278367
14784,1,1,CatBoost,2.8909149248500095e-05,0.9994628861812884,9.984564635678892e-05,0.00034871583981640884,5.9643183289985e-05
14518,1,1,CatBoost,3.146223561678086e-05,0.9995345088623501,9.102475466414285e-05,0.0002755504302170988,6.745371715192062e-05
11578,0,0,CatBoost,0.9996629434451152,5.4942268236914976e-05,0.00018542249084121788,5.241165828182418e-05,4.4280137524973576e-05
17169,3,3,CatBoost,5.950433741915596e-05,0.0002481900191780509,0.00015099522791607676,0.9991985118371672,0.0003427985783195835
11849,0,0,CatBoost,0.9995673155206016,6.496257410347412e-05,0.00027065411702168396,5.292533862763662e-05,4.4142449645653703e-05
12527,2,2,CatBoost,0.00015499919612434315,2.8126506036606594e-05,0.9997560555680763,2.612962636319711e-05,3.468910339958793e-05
13574,2,2,CatBoost,0.0001826961767471675,3.8261343417318595e-05,0.9996884711660458,4.234677267043189e-05,4.8224541119318466e-05
10185,0,0,CatBoost,0.9994096046393429,5.9240839393063475e-05,0.00041893869817268735,5.321204308642458e-05,5.9003780004941574e-05
14383,1,1,CatBoost,3.481682792395509e-05,0.9992435499452348,0.0001537162722852666,0.0004921708376294487,7.574611692658677e-05
15560,1,1,CatBoost,5.110026378728161e-05,0.999417452082799,0.00011949647045615436,0.00028556258867018665,0.0001263885942873815
14044,1,1,CatBoost,2.774581679283087e-05,0.9995983520963264,8.688926991152698e-05,0.00023028540384298138,5.6727413126101004e-05
12163,2,2,CatBoost,0.00034506452034617827,5.493862616484802e-05,0.9994857727600049,4.791535341209217e-05,6.630874007199731e-05
16566,3,3,CatBoost,8.452466766363608e-05,0.0005641376609420203,0.0002540528147687294,0.9985910480183333,0.0005062368382922312
17015,3,3,CatBoost,9.322783062312752e-05,0.0005533181729624191,0.0001978218799326468,0.9987764461803862,0.00037918593609564087
18067,4,4,CatBoost,0.0001094161713704274,0.00019261570044131707,0.00021743925722303653,0.0007730180630532739,0.9987075108079119
11638,0,0,CatBoost,0.999653797603126,4.145310465221232e-05,0.00022742467699798813,3.835259271338129e-05,3.897202251015501e-05
16425,3,3,CatBoost,4.1891785367126065e-05,0.00029486302385876005,9.005304963181165e-05,0.9993530116081676,0.0002201805329747596
11918,0,0,CatBoost,0.9992876866124231,7.634864613634784e-05,0.0005097565536235164,7.032767403959674e-05,5.5880513777457516e-05
14793,1,1,CatBoost,2.3558755763623386e-05,0.9996878184533745,5.273637564498216e-05,0.00018973373892162642,4.615267629535812e-05
10234,0,0,CatBoost,0.9995343012650462,3.3172833236324095e-05,0.0003679599845191558,3.029419609803428e-05,3.427172110008704e-05
14904,1,1,CatBoost,3.241626411115085e-05,0.9994327508720467,0.00010252120555451253,0.0003728090878973615,5.9502570390362845e-05
10851,0,0,CatBoost,0.9995069513940795,4.4760207667102026e-05,0.0003632675169905405,4.0812674288640855e-05,4.4208206974238686e-05
10079,0,0,CatBoost,0.9990494528625516,4.700137595291332e-05,0.0008153627461776588,4.499949705069226e-05,4.318351826709807e-05
16137,3,3,CatBoost,4.0511720781060704e-05,0.0005457346855507095,8.600545887992078e-05,0.9991439036219093,0.00018384451287895172
18319,4,4,CatBoost,8.940917359910954e-05,0.0001949850684632088,0.00017495986118643236,0.00016904424477598337,0.9993716016519752
15703,1,1,CatBoost,0.0007539328633342719,0.9933026444657813,0.002775361874667144,0.0018179642227542552,0.0013500965734631481
18865,4,4,CatBoost,0.00013778550282809077,0.00017410138335564757,0.00028831523809603793,0.00024792497976299454,0.9991518728959573
12830,2,2,CatBoost,0.0005502902023900618,0.00018151145269215303,0.9988978416724632,0.00016917899455251513,0.00020117767790214477
14431,1,1,CatBoost,2.4760816288955284e-05,0.9996369867967474,6.434485077986337e-05,0.00021975368484788554,5.4153851335952934e-05
12484,2,2,CatBoost,0.00014896555944499503,2.6081856676653478e-05,0.9997673423210943,2.4859875388577775e-05,3.275038739536962e-05
19027,4,4,CatBoost,0.000162228941882355,0.00024525077429581613,0.0003576967028696511,0.0003141664165002206,0.9989206571644519
10217,0,0,CatBoost,0.9993378437314027,3.9159803568967276e-05,0.0005493865146773043,3.532962177758793e-05,3.828032857341907e-05
10565,0,0,CatBoost,0.9993036281912537,0.00016158408903423275,0.0002577700294324353,0.00015152368960643156,0.00012549400067305086
12795,2,2,CatBoost,0.00029226932579343775,4.2619952047116733e-05,0.9995748195549645,3.6364433379738766e-05,5.3926733815240335e-05
11957,2,2,CatBoost,0.0008828179900385157,7.226071087638555e-05,0.9988616855975013,7.02230681344648e-05,0.00011301263344936471
14523,1,1,CatBoost,3.438333215579625e-05,0.9994315207838245,0.00012220567001256497,0.00033683451267963675,7.50557013275832e-05
16405,3,3,CatBoost,5.072493470847833e-05,0.0008932296849287622,0.00013263033754507803,0.9986340249924602,0.00028939005035751643
16890,3,3,CatBoost,8.322886750767019e-05,0.0005145713887468531,0.00023398447334329044,0.9987539937519814,0.0004142215184209078
16536,3,3,CatBoost,3.528514149947425e-05,0.0004628293727518763,8.164023573197532e-05,0.9992531294084482,0.0001671158415683388
13349,2,2,CatBoost,0.00013694995516299514,2.8197605139137812e-05,0.9997762823619778,2.6266241375149945e-05,3.230383634487137e-05
17800,4,4,CatBoost,6.0485467897462347e-05,0.0001081000153052114,0.00014456471104852154,0.0004341395531067809,0.9992527102526421
14859,1,1,CatBoost,4.787684031073904e-05,0.9988575367412219,0.00017100502678663805,0.0008214046612793861,0.00010217673040135113
10782,0,0,CatBoost,0.9995269940095403,3.864095228483004e-05,0.00035950766476408467,3.480115893722531e-05,4.005621447363622e-05
18516,4,4,CatBoost,0.0002373729108356206,0.00034346237692011697,0.00021946974846830195,0.0003155387718107737,0.9988841561919651
16364,3,3,CatBoost,3.1744749531259724e-05,0.0003958808833640133,7.103382989452288e-05,0.9992991218076471,0.0002022187295631429
17513,4,4,CatBoost,0.00029434187474045866,0.0007766550229069064,0.0006868071576636554,0.014788734568232431,0.9834534613764565
14369,1,1,CatBoost,2.3071216700454493e-05,0.9996541802111407,6.119440084249789e-05,0.00021662544366320643,4.492872765321629e-05
10735,0,0,CatBoost,0.9992449473765093,0.00016950818684790202,0.00026351393444719486,0.00017142405476008478,0.0001506064474356309
14396,1,1,CatBoost,0.00013080875446762818,0.9973005502051083,0.0005778488784145509,0.0017349679306447856,0.00025582423136473047
13399,2,2,CatBoost,0.0003812284327889888,6.193175585241531e-05,0.9994179605354362,5.943755262027348e-05,7.944172330217224e-05
12249,2,2,CatBoost,0.00015011058713889123,3.514866640238224e-05,0.9997413431914757,3.087254106327401e-05,4.252501391975996e-05
14517,1,1,CatBoost,2.6159719944672832e-05,0.9996401391236552,6.436994523167969e-05,0.00022211583913498833,4.7215372033445406e-05
17350,3,3,CatBoost,4.605989176013996e-05,0.00025952034843337103,0.00011014896860689854,0.9992962509911224,0.00028801980007731374
13561,2,2,CatBoost,0.00017003956194174544,2.898975626970935e-05,0.9997388023482509,2.800682542796147e-05,3.41615081095794e-05
15744,1,1,CatBoost,0.0006956057699549265,0.9946413136456818,0.002442663115467399,0.0011681889848840926,0.0010522284840119094
16780,3,3,CatBoost,3.15729528275958e-05,0.000492984124679645,6.616688141803794e-05,0.999214762486293,0.00019451355478175252
11140,0,0,CatBoost,0.9995326916457092,4.454959211124617e-05,0.00033907791879919815,4.022310441049638e-05,4.3457738969822184e-05
16054,3,3,CatBoost,6.748845414747524e-05,0.0005200722251549237,0.00012495873836928576,0.9989793880461153,0.00030809253621298264
12627,2,2,CatBoost,0.00015975914453952796,2.7773369621114714e-05,0.9997532803425657,2.5529776361143148e-05,3.3657366912289356e-05
11850,0,0,CatBoost,0.9995767338291628,6.436165662054674e-05,0.00024872364605435976,6.798669415021975e-05,4.2194174011952427e-05
10697,0,0,CatBoost,0.9991675192547098,0.00018260899613282546,0.00030488715814294296,0.00018945931218686528,0.00015552527882764129
16382,3,3,CatBoost,4.5175767350445596e-05,0.0005373384253407294,9.862339024613392e-05,0.9991079523481651,0.00021091006889761187
15122,1,1,CatBoost,5.243496419968951e-05,0.9988993374087244,0.0002082607348787355,0.0007243427166596687,0.00011562417553749219
13731,2,2,CatBoost,0.0004352940135841956,0.00014179934794613736,0.9991725035717941,0.00010094264928733765,0.0001494604173881988
15234,1,1,CatBoost,6.070060910421159e-05,0.9987996842998953,0.0001888346910114316,0.0008194012390664426,0.00013137916092243517
17891,4,4,CatBoost,0.00013298049883521924,0.0002130116855902537,0.0002600177731985618,0.0016572302515573383,0.9977367597908186
15170,1,1,CatBoost,9.023637464249047e-05,0.9980209585802042,0.0003469592298319784,0.0013496979783632524,0.00019214783695809125
16354,3,3,CatBoost,9.183830939673749e-05,0.0017181138842672868,0.0001584364103112672,0.9976968566742136,0.00033475472181121165
18881,4,4,CatBoost,7.532871830179934e-05,0.00010517717543977806,0.000246784692964681,0.00017646118989838607,0.9993962482233955
17323,3,3,CatBoost,0.00017652141719258746,0.0004004793893772983,0.00036863154934407225,0.9982576331649072,0.0007967344791787325
17347,3,3,CatBoost,4.2671480759626145e-05,0.00019589074778368328,0.00011631444776911385,0.9993702355370199,0.00027488778666765373
18869,4,4,CatBoost,7.125800763409567e-05,9.526509456128846e-05,0.0002208899943050777,0.00011767192067468722,0.999494914982825
18201,4,4,CatBoost,7.085651740208061e-05,0.00012368426136856488,0.00018062005703901033,0.00030543558209792824,0.9993194035820925
10331,0,0,CatBoost,0.9995413566963477,3.395677598017998e-05,0.0003586275941828707,3.09739483352792e-05,3.508498515408836e-05
15743,1,1,CatBoost,0.00034030078076891944,0.9972920562531444,0.0010153485294165559,0.000755378175373035,0.000596916261296965
16655,3,3,CatBoost,5.8141209607922685e-05,0.001504187070454348,0.00010686974931461172,0.9980347033489423,0.00029609862168082006
17692,4,4,CatBoost,8.328609483886665e-05,0.00012488204887197232,0.00017206256231725654,0.000465586647653348,0.9991541826463186
17802,4,4,CatBoost,6.313960810164856e-05,8.032190300414867e-05,0.0001279943765370913,0.0003686497866538465,0.9993598943257033
14882,1,1,CatBoost,2.401851117775153e-05,0.9996536175072919,5.54290109820556e-05,0.00022057450161702376,4.636046893119469e-05
10325,0,0,CatBoost,0.9994216290338315,3.582381670109344e-05,0.00047243544974205637,3.318000416287329e-05,3.6931695562522404e-05
17232,3,3,CatBoost,6.705181643349581e-05,0.000516496901139464,0.00018996403530896123,0.9987832306277397,0.00044325661937842024
17866,4,4,CatBoost,7.002512494510275e-05,0.00010066582108090503,0.00014899100860651333,0.00037269067675429395,0.9993076273686132
12954,2,2,CatBoost,0.0002453442703591409,3.922273142358221e-05,0.9996308110586253,3.182177518868519e-05,5.280016440341077e-05
15195,1,1,CatBoost,2.8008381845819846e-05,0.9994724071428984,0.00011684710822524145,0.00032253447705850275,6.020288997210714e-05
11522,0,0,CatBoost,0.9996014895248225,5.715800619582651e-05,0.00023890111970188948,5.4518851406307004e-05,4.793249787339869e-05
18615,4,4,CatBoost,7.897208445359516e-05,0.00017155329252416005,0.0001538125302549889,0.00016648736244608277,0.9994291747303211
12908,2,2,CatBoost,0.00016208270456543456,2.8784710584885926e-05,0.9997483884342517,2.6725292303960265e-05,3.401885829395937e-05
13519,2,2,CatBoost,0.0003818855333095378,5.756484317761824e-05,0.9994303822305952,5.172125316002903e-05,7.844613975742867e-05
18614,4,4,CatBoost,7.256809240241284e-05,0.0001179060266046207,0.00019235150890178638,0.00028533522177072695,0.9993318391503205
14495,1,1,CatBoost,4.022480155534286e-05,0.9990642154750833,0.00015655548658217446,0.0006564234723053237,8.258076447379548e-05
15073,1,1,CatBoost,6.372828472009107e-05,0.9984434644113982,0.00020848828776618886,0.0011561831796256835,0.0001281358364896741
10052,0,0,CatBoost,0.998802234856269,5.421553960081841e-05,0.00104565934998865,5.100239573424535e-05,4.688785840722467e-05
11711,0,0,CatBoost,0.9996359305609662,4.5590647608455464e-05,0.0002350642915510597,4.1451580148566414e-05,4.1962919725377145e-05
18681,4,4,CatBoost,8.789859427003995e-05,0.00020085625086180834,0.00013864838266033433,0.0001251076301008022,0.9994474891421071
16783,3,3,CatBoost,6.152886747529572e-05,0.0008978135279463992,0.0001057223456588164,0.9986529450952945,0.00028199016362509663
14451,1,1,CatBoost,3.769561270863263e-05,0.999300820229766,0.00010079318930078782,0.00047576501874151323,8.49259494829557e-05
13470,2,2,CatBoost,0.0002403088983883571,6.74945612007651e-05,0.9995418386790279,5.801065410042799e-05,9.234720728247702e-05
10008,0,0,CatBoost,0.9989786925003326,4.865774341581169e-05,0.0008813601570474063,4.6591111386906326e-05,4.469848781736168e-05
17539,4,4,CatBoost,0.0002654727062904987,0.000645273930252983,0.0005498103666727708,0.0023424580144701303,0.9961969849823136
14534,1,1,CatBoost,4.0303201339718806e-05,0.9993716685107068,0.00014187388616738745,0.0003793733338293835,6.67810679568573e-05
12308,2,2,CatBoost,0.0002296522892824368,4.105691400037539e-05,0.9996368249623122,4.0407189082994495e-05,5.205864532198854e-05
14341,1,1,CatBoost,2.955371309080348e-05,0.9995076339420914,0.00010477020560212597,0.000301463288116016,5.657885109945429e-05
17121,3,3,CatBoost,4.790888196574512e-05,0.0003409547102650717,0.00012737545391193798,0.9992133824102581,0.00027037854359912794
17218,3,3,CatBoost,6.583005494765386e-05,0.0002465437654158776,0.00015996912968102716,0.9991440677058853,0.00038358934407025996
18312,4,4,CatBoost,7.564789124181822e-05,0.00020549331112957732,0.0001413608960554592,0.00029091632203880367,0.9992865815795344
17896,4,4,CatBoost,7.688654940316902e-05,9.973625696257021e-05,0.00021803968265952906,0.00019231285805615682,0.9994130246529186
13599,2,2,CatBoost,0.00015067997328031658,3.496743235685143e-05,0.9997233493231599,3.9851176838112135e-05,5.115209436503783e-05
11831,0,0,CatBoost,0.9995683105954493,5.344524089337385e-05,0.0002868403692355317,5.299001323857893e-05,3.841378118337481e-05
16815,3,3,CatBoost,6.299590909111844e-05,0.00030782374018293576,0.00019967384072096088,0.9990416186039699,0.00038788790603504073
13020,2,2,CatBoost,0.00036089227815883996,9.595315087961293e-05,0.9993061521200177,0.0001225297711687919,0.0001144726797748666
14629,1,1,CatBoost,2.1550867269043533e-05,0.9996314795844732,6.64133826971906e-05,0.00023366963892693557,4.688652663377308e-05
12443,2,2,CatBoost,0.0004858743452584583,7.472914565214053e-05,0.9992450766744928,9.010728601931607e-05,0.0001042125485773273
10497,0,0,CatBoost,0.9992398043978009,0.00019010661903119655,0.0002939183513570728,0.00014928987533124955,0.00012688075647965627
11844,0,0,CatBoost,0.9995646358760417,5.3968212438179274e-05,0.0002895469103765425,5.35573933636774e-05,3.829160777989198e-05
17379,3,3,CatBoost,7.224281384672598e-05,0.00020076351754455898,0.0001541385647082436,0.9991177970168026,0.00045505808709780606
11124,0,0,CatBoost,0.999477219925567,5.717934804229788e-05,0.00036027730883754977,5.125724146081135e-05,5.406617609220204e-05
15979,3,3,CatBoost,0.00012307234942474877,0.0026500279550327427,0.0003013607391548766,0.9962924030755362,0.0006331358808513718
12683,2,2,CatBoost,0.00016123784820753844,3.249997508939002e-05,0.9997395283797027,2.9698194913619823e-05,3.703560208707312e-05
10767,0,0,CatBoost,0.9965435498497608,0.001023321253184607,0.0009403537730489721,0.0008664278823075929,0.0006263472416981192
18433,4,4,CatBoost,8.879618100267337e-05,0.0002240664269855404,0.0001324141252918515,0.00026682638612214983,0.9992878968805978
18463,4,4,CatBoost,8.995938376458543e-05,0.00023861252270469585,0.0001698414713282044,0.00018982563693329356,0.9993117609852693
10240,0,0,CatBoost,0.9994607233621117,4.44630836573824e-05,0.00041120960564080546,3.957249845718274e-05,4.403145013284963e-05
13080,2,2,CatBoost,0.0001682718672872783,5.690247238666099e-05,0.9996710623352241,5.456466801482932e-05,4.919865708715969e-05
14729,1,1,CatBoost,2.3861173760733508e-05,0.9996505802234807,7.727894132482912e-05,0.0002041691847349835,4.411047669852447e-05
10110,0,0,CatBoost,0.9987975551107768,5.551129876576806e-05,0.001044871823985501,5.34037067083211e-05,4.865805976368351e-05
18734,4,4,CatBoost,6.888330502548765e-05,0.0001890593687845127,0.00012990014456143575,0.00017185048777619314,0.9994403066938524
12061,2,2,CatBoost,0.0002098973906357473,3.3503207345761506e-05,0.999676778726968,3.518352232581908e-05,4.463715272470569e-05
13082,2,2,CatBoost,0.0005411105730674763,8.92916505977617e-05,0.9991503529201377,0.000114836351213368,0.00010440850498386596
11206,0,0,CatBoost,0.9985945257887406,9.771696163955444e-05,0.0011432402620673056,9.002835777778072e-05,7.448862977475331e-05
17984,4,4,CatBoost,8.070956705665082e-05,0.000162322037702702,0.0001276400953361795,0.0007992170493321898,0.9988301112505723
12924,2,2,CatBoost,0.00031660104130202556,7.453954389919288e-05,0.9994598133769971,8.13391429203723e-05,6.770689488142648e-05
10788,0,0,CatBoost,0.9995089001304064,4.9499664689081304e-05,0.0003463417976675975,4.620336427432579e-05,4.905504296244903e-05
13705,2,2,CatBoost,0.00041254054126855215,8.399039754648633e-05,0.9992840879797985,7.853939882072117e-05,0.0001408416825656673
11841,0,0,CatBoost,0.9996225610188723,6.621314076692044e-05,0.00020994168204672208,5.845666783328438e-05,4.2827490480718244e-05
11048,0,0,CatBoost,0.999537281905153,4.241956975691433e-05,0.00034060416979828914,3.830874000726345e-05,4.1385615284442764e-05
10947,0,0,CatBoost,0.9994882652562813,5.176106467215691e-05,0.000361939772587248,4.717156565792609e-05,5.08623408014675e-05
10687,0,0,CatBoost,0.9992891409336805,0.00015537608479379868,0.00023526973610213438,0.00017517453128037226,0.00014503871414343184
17620,4,4,CatBoost,7.707854035397537e-05,0.00014903739393237907,0.00017544759617322227,0.000497758791765965,0.9991006776777746
10451,0,0,CatBoost,0.9990799630907305,0.0002457958943666361,0.00032862973768232824,0.00018877683963235335,0.000156834437588055
15318,1,1,CatBoost,2.8429408722527057e-05,0.9994287431410774,0.0001194815728671025,0.00035514983571923435,6.819604161375592e-05
11915,0,0,CatBoost,0.9992162756036375,7.439527168399528e-05,0.000587150188783995,6.998197825744118e-05,5.219695763713811e-05
14952,1,1,CatBoost,4.343563771856471e-05,0.9989673799257635,0.00016974290627399442,0.0007209446886188615,9.849684162537e-05
11016,0,0,CatBoost,0.9994437058223035,4.799792175558066e-05,0.0004187672353551132,4.352701943583585e-05,4.6002001150044264e-05
12732,2,2,CatBoost,0.00012726676958325109,2.8760921763241502e-05,0.9997836122371553,2.6836568369158858e-05,3.35235031289894e-05
18701,4,4,CatBoost,9.580303218531248e-05,0.00017703351005723923,0.00014243898676329422,0.0003016385578152364,0.9992830859131788
12632,2,2,CatBoost,0.0001342038954504214,2.8566560917612112e-05,0.9997768740386002,2.6897464849904578e-05,3.3458040182007126e-05
18327,4,4,CatBoost,8.593654419961029e-05,0.00023547963943182495,0.00014071589848640975,0.00029773329604048504,0.9992401346218418
11930,0,0,CatBoost,0.9936573808378998,0.0002005374661528674,0.005783117563396833,0.00021003379464299066,0.00014893033790735102
18366,4,4,CatBoost,0.00010419451792229836,0.00025798603461610467,0.0001648611718872582,0.0001469139681538532,0.9993260443074204
16837,3,3,CatBoost,0.00014962383297115897,0.0005875867698889821,0.0005060925141366157,0.9980616039917861,0.0006950928912171692
16773,3,3,CatBoost,5.141306677621573e-05,0.0012835217747850928,9.798093684712998e-05,0.9983055183291439,0.000261565892447496
10138,0,0,CatBoost,0.9988775164324912,5.094029716366987e-05,0.0009760771447287803,4.8624152802508304e-05,4.6841972813775716e-05
14712,1,1,CatBoost,2.383599070363983e-05,0.9995597641842945,9.696387177450449e-05,0.0002666585308133885,5.277742241387373e-05
10372,0,0,CatBoost,0.9994574066368414,3.6810675793875804e-05,0.0004354449252417614,3.2930186967141095e-05,3.74075751557453e-05
16816,3,3,CatBoost,7.829002030048037e-05,0.00041265182690450834,0.00017936304663209127,0.998910586099423,0.00041910900673996837
18765,4,4,CatBoost,9.276204860038246e-05,0.00026284967653191334,0.00018980713666549815,0.0008030796976340441,0.9986515014405681
17788,4,4,CatBoost,6.370517898586542e-05,0.000137056343823479,0.00013762042869938887,0.0008597349239213737,0.9988018831245699
10939,0,0,CatBoost,0.999459533545238,5.283413789914854e-05,0.00038269352890068614,4.876780602495544e-05,5.6170981937090963e-05
11729,0,0,CatBoost,0.9996031444587844,4.5552296068312736e-05,0.0002637320261824062,4.3910206589091996e-05,4.366101237576619e-05
17053,3,3,CatBoost,5.859024788100481e-05,0.0002447188879719732,0.00014107049903141803,0.9992884915990689,0.0002671287660469505
15968,3,3,CatBoost,9.350640730136712e-05,0.002775165562129513,0.00021689388514400625,0.9964897549665801,0.0004246791788448546
13297,2,1,CatBoost,0.005304268144529032,0.7613667302560935,0.18881437604848314,0.03685165594407774,0.0076629696068165245
18093,4,4,CatBoost,7.418464975346298e-05,0.0001861873327877829,0.00014327076468592296,0.0009672195292484835,0.9986291377235242
17902,4,4,CatBoost,6.609036060256381e-05,8.528695248209727e-05,0.00018364585966978132,0.00011441736311386761,0.9995505594641317
14799,1,1,CatBoost,3.384400660227317e-05,0.9992925319874475,0.00014233361689033435,0.0004619928270467539,6.929756201308758e-05
14747,1,1,CatBoost,2.9001851750201862e-05,0.9994457642284342,0.00010690478209453927,0.00036394730558126644,5.438183213996863e-05
12114,2,2,CatBoost,0.00020541976498505288,7.392991568253371e-05,0.9996130847571313,4.54677772585126e-05,6.209778494254461e-05
16048,3,3,CatBoost,4.0157911461642925e-05,0.0010379487849300672,7.844907459272481e-05,0.9986101661127402,0.0002332781162752788
17164,3,3,CatBoost,0.00019365191909471126,0.000506023707184648,0.0006166254779861072,0.9978591518902378,0.0008245470054966326
18276,4,4,CatBoost,9.018905693018325e-05,0.0002336161567937345,0.00016318651346269126,0.00024598342168845777,0.9992670248511251
10204,0,0,CatBoost,0.9994077659415731,3.646014965942742e-05,0.0004844277614424784,3.3765975123690385e-05,3.758017220125032e-05
14886,1,1,CatBoost,3.02444758176583e-05,0.9993829110883619,9.300822872669717e-05,0.00042545524498668153,6.838096210737068e-05
14943,1,1,CatBoost,4.849534100456637e-05,0.9987411616830582,0.00017712213106609097,0.0009325387755897331,0.00010068206928140332
15386,1,1,CatBoost,7.000620466342143e-05,0.9989347050200499,0.0002362985469953647,0.0006174614116278119,0.00014152881666354232
15129,1,1,CatBoost,3.679128175305037e-05,0.9992746470179025,0.00012486516568430465,0.00048612208047531453,7.757445418461263e-05
15768,1,1,CatBoost,0.00020101409996880985,0.9982834086974928,0.0005520983681445676,0.0005054363689529546,0.0004580424654407861
10472,0,0,CatBoost,0.9992986099518777,0.0001729049284581737,0.00023904712323700205,0.00015674229613824592,0.00013269570028888014
10917,0,0,CatBoost,0.9995472723701219,4.046220060513709e-05,0.00033498722082139006,3.740514957712762e-05,3.987305887455256e-05
17279,3,3,CatBoost,8.579228688425139e-05,0.00027665429056059326,0.0002314514702222046,0.9988522491997198,0.0005538527526131144
10305,0,0,CatBoost,0.9994216290338315,3.582381670109344e-05,0.00047243544974205637,3.318000416287329e-05,3.6931695562522404e-05
18310,4,4,CatBoost,0.00010147689624288793,0.0003133271408812751,0.00014661256524881725,0.00030832809750408485,0.999130255300123
12640,2,2,CatBoost,0.00012683302523981498,3.670924436446104e-05,0.9997690722147431,3.0055094108113503e-05,3.733042154456272e-05
16238,3,3,CatBoost,3.085543405026968e-05,0.0005091389239186712,6.371536501196489e-05,0.99918961487759,0.00020667539942931078
18524,4,4,CatBoost,0.0001324423309479121,0.00027086098669762453,0.0002797643458327791,0.00042962341592825,0.9988873089205935
18287,4,4,CatBoost,9.656423107580181e-05,0.0002153903105735431,0.00019936604269103344,0.00021796131019268764,0.9992707181054669
16484,3,3,CatBoost,3.299624342967306e-05,0.0003333765614938032,7.255879582729478e-05,0.9993686488496389,0.0001924195496102916
16176,3,3,CatBoost,3.8174346152154504e-05,0.0004339281595023735,8.301307124427094e-05,0.9991980369252885,0.0002468474978127441
15005,1,1,CatBoost,5.2925145283639285e-05,0.9989032947430373,0.0002471236999993117,0.0006741742448920483,0.000122482166787682
17748,4,4,CatBoost,5.6179289937555e-05,8.531336764622052e-05,0.00015321492350297823,0.00018989092786479768,0.9995154014910486
13489,2,2,CatBoost,0.00040919774770230115,7.28468763030802e-05,0.9993512219069801,9.3010546718108e-05,7.372292229646116e-05
10647,0,0,CatBoost,0.9988020501763083,0.00029588602139308796,0.00040637913258063035,0.0002751900804607978,0.0002204945892571569
17690,4,4,CatBoost,5.820010073242068e-05,9.716583758778091e-05,0.0001310899049820908,0.00036303027247112343,0.9993505138842266
12483,2,2,CatBoost,0.00015830543225990476,3.4007228596199534e-05,0.9997369057634361,3.0257938111882374e-05,4.052363759606585e-05
12117,2,2,CatBoost,0.0002894232290089441,4.383172347996288e-05,0.9995647358348989,3.8997688823113314e-05,6.301152378909838e-05
11357,0,0,CatBoost,0.9986711524317079,8.035129909141245e-05,0.001112626638124772,7.088988758721264e-05,6.497974348870932e-05
10942,0,0,CatBoost,0.9995181231422188,4.617781206183324e-05,0.0003484083675088433,4.1918901458473244e-05,4.537177675214416e-05
17735,4,4,CatBoost,0.00012394300609057455,0.0001951561333166777,0.000296200272336751,0.0007857269549557646,0.9985989736333003
10859,0,0,CatBoost,0.9995268636264262,3.982839417319575e-05,0.00035716306149807244,3.6806412001706677e-05,3.933850590075025e-05
15610,1,1,CatBoost,5.219951807525096e-05,0.9988010469418532,0.00019045886815760728,0.0008520941182684684,0.00010420055364563647
15340,1,1,CatBoost,2.3980614207364698e-05,0.9995743651653614,6.53182725011719e-05,0.0002869373763711838,4.939857155896787e-05
15571,1,1,CatBoost,0.0011962998423814008,0.9906477329969756,0.0048192375104485746,0.0016354432452099705,0.001701286404984664
16635,3,3,CatBoost,3.5609056695667574e-05,0.0006416727628078463,8.350355795111884e-05,0.9990500952895884,0.00018911933295686186
15668,1,1,CatBoost,0.0003649471089486316,0.9974443812917445,0.0010439447507853818,0.0005714485909285107,0.0005752782575928624
12393,2,2,CatBoost,0.00018092448949621407,2.650114781711375e-05,0.9997300298154661,2.532289012951899e-05,3.7221657090925245e-05
10793,0,0,CatBoost,0.9995169590590924,4.0547491294479007e-05,0.0003650029660141388,3.7530270184561574e-05,3.9960213414518225e-05
11760,0,0,CatBoost,0.9994579694289429,5.3666299419106334e-05,0.00038831194402780793,5.7454986694439826e-05,4.259734091549794e-05
17576,4,4,CatBoost,0.0004592268067445164,0.00058958092202376,0.0007017375924301938,0.002016938469585921,0.9962325162092156
17345,3,3,CatBoost,0.00012646187875945663,0.00030979047120622703,0.000330203382370605,0.9985003789702638,0.000733165297399745
16507,3,3,CatBoost,9.479182892888659e-05,0.002283354347655824,0.00018152818142620642,0.9970500644121464,0.000390261229842911
10241,0,0,CatBoost,0.9994216290338315,3.582381670109344e-05,0.00047243544974205637,3.318000416287329e-05,3.6931695562522404e-05
13165,2,2,CatBoost,0.00017202158335324238,3.5940443703502e-05,0.9997220772791884,3.2539683421766513e-05,3.7421010333044675e-05
17926,4,4,CatBoost,4.7447990785269415e-05,7.305199723639181e-05,0.0001185576614486468,0.00014799678086728732,0.9996129455696623
10671,0,0,CatBoost,0.997726036011117,0.0005464550216129595,0.0009739440243906624,0.00041532666374839017,0.00033823827913088457
11032,0,0,CatBoost,0.9995086689307697,4.143847342709688e-05,0.00037069895782417916,3.8356586427794633e-05,4.0837051551079414e-05
15527,1,1,CatBoost,2.7865448984135794e-05,0.9995268237941186,8.308192458479467e-05,0.00030947949403136425,5.2749338280880005e-05
18007,4,4,CatBoost,6.27409989735039e-05,8.810833674024119e-05,0.00014454595463581448,0.00018433684608898398,0.9995202678635614
18003,4,4,CatBoost,7.451761738392701e-05,8.88744543866029e-05,0.00014804106295426652,0.00024543043459872884,0.9994431364306765
18489,4,4,CatBoost,9.77369992436452e-05,0.0002195030317168299,0.00022505798936970744,0.00028466978526218626,0.9991730321944077
12051,2,2,CatBoost,0.0002756159157429219,5.491070439071587e-05,0.9995416759075932,5.729900523453017e-05,7.049846703865454e-05
12218,2,2,CatBoost,0.00013865874441317265,2.7122345177598895e-05,0.999776267215945,2.490507953181793e-05,3.304661493221866e-05
16330,3,3,CatBoost,9.599565220903289e-05,0.000755883758886573,0.00018184853013207813,0.9985591589733795,0.00040711308539268345
12139,2,2,CatBoost,0.00034819446899523796,6.520102119339432e-05,0.9994635950172917,5.954513646281766e-05,6.346435605678689e-05
11386,0,0,CatBoost,0.999605246011699,5.779630610567135e-05,0.00023336350680754265,5.5127044015608645e-05,4.846713137196466e-05
16301,3,3,CatBoost,0.00013060318993784998,0.0015242174334330627,0.00030050733157327826,0.9975213318381257,0.0005233402069301544
18999,4,4,CatBoost,8.485150592024327e-05,0.00011237689704703996,0.00028880906312703415,0.00013119477536263201,0.9993827677585431
13720,2,2,CatBoost,0.0001832984724765787,7.27249172467639e-05,0.9995728664833312,8.195371692200857e-05,8.915641002331215e-05
16096,3,3,CatBoost,4.356120497473524e-05,0.00034446326120449937,9.409884336310187e-05,0.9993037010919747,0.00021417559848301346
17912,4,4,CatBoost,4.87221982055508e-05,9.347435592010328e-05,0.00011515768860596657,0.0004345452625685822,0.9993081004946998
10001,0,0,CatBoost,0.9991163964742195,4.84230450443372e-05,0.0007443944941571088,4.622039359256499e-05,4.4565592986355864e-05
13911,2,2,CatBoost,0.0004152639585261085,0.00023453321390427175,0.9989375587116683,0.00021204896470697983,0.00020059515119439102
11766,0,0,CatBoost,0.9996667037354444,4.838180093711811e-05,0.00020737394430010332,4.270261925765977e-05,3.483790006072191e-05
11487,0,0,CatBoost,0.999461704206416,6.718929432851405e-05,0.00035272548586257817,6.312294260292747e-05,5.525807079013336e-05
15546,1,1,CatBoost,1.835655111328514e-05,0.9996824674436413,5.845418054901377e-05,0.0001944344874911523,4.6287337205002994e-05
15996,3,3,CatBoost,4.5119095621004434e-05,0.0009788924801746516,9.600142268973732e-05,0.9986702327578824,0.0002097542436323136
11195,0,0,CatBoost,0.9985650495384631,9.685577649149942e-05,0.001176211684477352,8.861228653684137e-05,7.32707140311093e-05
15549,1,1,CatBoost,2.2195525546647603e-05,0.999630891706165,5.781297396198928e-05,0.0002433787343918562,4.5721059934789335e-05
18428,4,4,CatBoost,9.886768495727707e-05,0.00024101051194932335,0.00017420831360159038,0.0002158742833453833,0.9992700392061464
13219,2,2,CatBoost,0.0001525591813193296,3.900346490092246e-05,0.9997352053590359,3.3266959777397027e-05,3.9965034966441697e-05
12535,2,2,CatBoost,0.00013975627555313299,3.490154135135309e-05,0.9997599083559852,2.8375355716528e-05,3.705847139363963e-05
18510,4,4,CatBoost,8.16408803542751e-05,0.00018102961014738387,0.00015681570650017497,0.0001708543747180907,0.9994096594282802
16149,3,3,CatBoost,0.00015625290295711314,0.0008608752202019603,0.0005726519418384033,0.9974019248818463,0.001008295053156181
18697,4,4,CatBoost,8.042127401416525e-05,0.00016269628208546533,0.00015714065428132438,0.00019529788637500606,0.999404443903244
10457,0,0,CatBoost,0.9986972977625501,0.0003818392725110099,0.00038612654748978884,0.00030321445869567644,0.00023152195875333198
16120,3,3,CatBoost,3.505838204152442e-05,0.0007008037461806938,7.5563948491745e-05,0.9989762025380243,0.0002123713852618512
17137,3,3,CatBoost,8.891781651041264e-05,0.0002620622638490523,0.00028523890107296835,0.9988170684649893,0.0005467125535782968
16242,3,3,CatBoost,3.355898947064914e-05,0.0003669953076286636,6.797107117524138e-05,0.9993561263632741,0.00017534826845134197
16182,3,3,CatBoost,0.0001766959361861785,0.0011411187772310907,0.00048231468976557345,0.9971521788069421,0.0010476917898748985
15869,1,1,CatBoost,0.00039107849200760463,0.9963664629192696,0.001206121781738876,0.0011239638440179197,0.0009123729629658353
19099,4,4,CatBoost,0.00011668272744686986,0.00014106807553161948,0.00024411963528638814,0.0001744370440373895,0.9993236925176978
15090,1,1,CatBoost,4.308870701469205e-05,0.9992536322896028,0.00014365325753354016,0.00048286080291751003,7.67649429315119e-05
15001,1,1,CatBoost,2.9290949681440654e-05,0.9994942437812713,8.422688750228976e-05,0.0003245091037282657,6.772927781673223e-05
11888,0,0,CatBoost,0.9987703856794892,0.0002022869571818381,0.0007698358574482578,0.0001520342576358631,0.00010545724824480967
14770,1,1,CatBoost,7.089131558270547e-05,0.9985464454549601,0.00024890498881942075,0.0009973646336430028,0.00013639360699479908
11896,0,0,CatBoost,0.9992599806447555,0.0001045170776069177,0.00048503308731154477,8.781899814195755e-05,6.265019218418192e-05
10333,0,0,CatBoost,0.9994130680509974,3.599739667789577e-05,0.000480483093473289,3.334079343135385e-05,3.711066542010972e-05
15050,1,1,CatBoost,7.209651980793999e-05,0.9988444417174227,0.00020421391566249195,0.0007272810425858571,0.00015196680452080318
17045,3,3,CatBoost,4.068755572974193e-05,0.0003730329866387606,0.00010145183759303971,0.9992083852344744,0.00027644238556419787
12647,2,2,CatBoost,0.00013014323422381115,3.090491803302811e-05,0.9997774216150989,2.6949132741418727e-05,3.458109990282251e-05
16216,3,3,CatBoost,8.349495920725816e-05,0.0011503107616194273,0.00027815898026471307,0.9979662125728881,0.0005218227260206011
14270,1,1,CatBoost,2.4974938573719167e-05,0.9996108058855824,6.288052443025636e-05,0.00025209357468029787,4.9245076733175614e-05
15504,1,1,CatBoost,0.0002966706993366444,0.9977086480100714,0.0009220428693238108,0.0005064737885020026,0.0005661646327659751
15380,1,1,CatBoost,4.119630904792789e-05,0.999296030447108,0.00017608297547376205,0.00040625065169369004,8.043961667652588e-05
16403,3,3,CatBoost,5.8879506715023134e-05,0.0008670323252057268,0.00012972040738767337,0.9986263120408168,0.00031805571987480053
14688,1,1,CatBoost,4.060848454912595e-05,0.9991806871336831,0.000160325187423138,0.0005227372729151174,9.564192142964882e-05
15760,1,1,CatBoost,0.0017752543780159356,0.9859576422140114,0.00694846050306424,0.0031675373131683756,0.0021511055917400796
13854,2,2,CatBoost,0.007677141658644461,0.4613158973540048,0.47831182543706385,0.039165159784193986,0.013529975766092986
13925,2,2,CatBoost,0.0005331593156554841,0.00021809752211986326,0.9987611501949063,0.00018611269858435198,0.00030148026873378877
18170,4,4,CatBoost,0.0001046762476425833,0.000261675418462453,0.00015559504237875552,0.00016721979049908397,0.999310833501017
13929,2,2,CatBoost,0.0007461826482434261,0.0002808501732667483,0.9983772248569115,0.0002016153324025118,0.0003941269891756987
18112,4,4,CatBoost,8.269666727786517e-05,0.00011959910583545697,0.00016379143325672704,0.0005081491186866338,0.9991257636749432
14951,1,1,CatBoost,2.4006742608738242e-05,0.9995627936436842,8.311656656293349e-05,0.00028172680362819203,4.835624351584097e-05
14678,1,1,CatBoost,2.8657804315961836e-05,0.9995308464245924,0.00010532567032335975,0.0002817393128176266,5.343078795067377e-05
12059,2,2,CatBoost,0.00027185928413805846,6.172170018563219e-05,0.9995367113509565,6.959829757527018e-05,6.010936714468943e-05
12422,2,2,CatBoost,0.0002084647780547326,6.481193227432913e-05,0.9995734454075975,8.392605058429402e-05,6.93518314890983e-05
18785,4,4,CatBoost,7.603826732402589e-05,0.00019977825414951525,0.0001484651965186751,0.00035842500052793875,0.9992172932814799
16656,3,3,CatBoost,2.950613703675099e-05,0.0005280215091095259,6.102813455133447e-05,0.9992178724149616,0.0001635718043408803
17547,4,4,CatBoost,0.00011457954604624887,0.0001886072895167676,0.00032228558355804554,0.0006219544130241759,0.9987525731678547
17892,4,4,CatBoost,7.715542243278179e-05,0.00019355564015801035,0.00016706935040971578,0.000570953909451426,0.9989912656775479
14967,1,1,CatBoost,3.6384652534028015e-05,0.9993327139304821,0.0001566613823303767,0.000397395242965993,7.684479168751139e-05
14974,1,1,CatBoost,8.441861616721127e-05,0.9981246802746265,0.00036671388851919784,0.001223896847732133,0.00020029037295510045
16745,3,3,CatBoost,3.624175416602529e-05,0.0005534563080177384,6.0779099652025376e-05,0.9991875250288308,0.0001619978093335856
17758,4,4,CatBoost,9.476660576108979e-05,0.00012921335505146852,0.00022274744501972352,0.0002080152326419502,0.9993452573615259
17391,3,3,CatBoost,4.553779360686655e-05,0.00021327973779425934,0.00010509261076376648,0.999198746256285,0.00043734360155006364
11288,0,0,CatBoost,0.9981450107815432,8.758850750496096e-05,0.0016206291539807276,7.660346299487754e-05,7.016809397626382e-05
18590,4,4,CatBoost,9.502317942361095e-05,0.00021371512917312747,0.00018572852876085828,0.00021132487399011185,0.9992942082886523
15203,1,1,CatBoost,3.1011811706054515e-05,0.9993065677516552,0.00011308899259621632,0.00047707241879847375,7.225902524404594e-05
16993,3,3,CatBoost,3.573960918517656e-05,0.0003782757402191505,7.786969610680407e-05,0.9993182485109284,0.00018986644356052738
12072,2,2,CatBoost,0.00025846513214133676,4.132011170905058e-05,0.9996125440680094,3.977444265509382e-05,4.7896245485228184e-05
10149,0,0,CatBoost,0.9990101560326289,4.802458594571198e-05,0.0008517265898424314,4.597661726540315e-05,4.411617431735794e-05
13059,2,2,CatBoost,0.0001706930055796953,3.247018878713831e-05,0.9997274667776116,3.28380161013757e-05,3.653201192020873e-05
16707,3,3,CatBoost,4.696027452712231e-05,0.0007424447178910861,7.874964895245422e-05,0.9989243375105007,0.00020750784812879856
10916,0,0,CatBoost,0.9995350158683473,4.13824917971884e-05,0.0003441293538132283,3.847321021886647e-05,4.099907582352227e-05
10109,0,0,CatBoost,0.998881487146004,5.177343319029225e-05,0.0009712430534121122,4.98611654773914e-05,4.5635201916413635e-05
18105,4,4,CatBoost,8.016429699280696e-05,0.00015301446695201442,0.0001605292145658569,0.0011707320594493006,0.99843555996204
13724,2,2,CatBoost,0.0003013186368783792,6.120387552795634e-05,0.9994998233601711,4.554476106164866e-05,9.21093663606455e-05
17134,3,3,CatBoost,6.833675770231738e-05,0.0003987406669973611,0.0001673254139213556,0.9990189806195718,0.0003466165418070704
15031,1,1,CatBoost,2.9653693555901294e-05,0.9995330806182683,0.00010600810046574863,0.0002682168880522534,6.304069965769881e-05
15530,1,1,CatBoost,9.572904765096537e-05,0.9991340598982933,0.00023598884374911736,0.0003123726892317604,0.00022184952107472385
16113,3,3,CatBoost,3.562698283810786e-05,0.0006129433903153071,7.45379909928615e-05,0.9990844529780127,0.00019243865784076487
11703,0,0,CatBoost,0.9996669711567681,4.222487862636104e-05,0.00021363410736341713,3.7654951796477756e-05,3.9514905445679244e-05
14101,1,1,CatBoost,2.4673551575859116e-05,0.9997180953023713,5.671330276250236e-05,0.0001536530468077886,4.686479648236397e-05
14743,1,1,CatBoost,2.3206592190181625e-05,0.9996012058474948,9.277089546386942e-05,0.00023508929388608068,4.772737096513448e-05
10901,0,0,CatBoost,0.9995568799333557,4.221116269771686e-05,0.0003201852983992762,3.9140935164184854e-05,4.158267038299163e-05
17003,3,3,CatBoost,5.687572635437742e-05,0.0003247159191045926,0.0001615961774490027,0.9990674768323953,0.00038933534469690615
10100,0,0,CatBoost,0.9988669704983738,5.810721043726715e-05,0.0009679495383918782,5.4856623676243074e-05,5.211612912088641e-05
10751,0,0,CatBoost,0.9982891367713495,0.0005119384140124205,0.00044664178488571085,0.0004390953034860896,0.0003131877262662815
11270,0,0,CatBoost,0.9986552384819257,9.879899528618581e-05,0.0010840258428860899,8.812941228141701e-05,7.380726762048551e-05
11002,0,0,CatBoost,0.9994133738073381,4.348115909894332e-05,0.0004600780646427404,4.073953424898513e-05,4.232743467123194e-05
17269,3,3,CatBoost,8.621409624635157e-05,0.0002746385920792871,0.0002647079379872551,0.9989647216666884,0.0004097177069987519
17988,4,4,CatBoost,6.359867451997958e-05,0.00011121630790393228,0.00012134658938907535,0.0005003124068532267,0.9992035260213338
17817,4,4,CatBoost,7.346801423450964e-05,0.0001052633768162761,0.00015470298633582256,0.0009682903940386673,0.9986982752285748
17582,4,4,CatBoost,0.0001519154037567603,0.00022147223794383004,0.00027791806012258355,0.0007050351783438395,0.9986436591198329
16180,3,3,CatBoost,0.00013992387227307416,0.002162604079404084,0.00030045437870035896,0.9966233418120205,0.0007736758576019063
11899,0,0,CatBoost,0.9992326775196922,7.955918233868304e-05,0.0005575923725825751,7.208968070955531e-05,5.808124467688074e-05
13237,2,2,CatBoost,0.00020246435618132534,5.168260733776928e-05,0.9996138903093096,6.550389114086843e-05,6.645883603049266e-05
13244,2,2,CatBoost,0.00037060626173239454,0.0001992837823030237,0.9991518232048142,0.00014277211500385084,0.00013551463614662433
12680,2,2,CatBoost,0.00017090530850735167,2.8791094497168794e-05,0.9997378280858776,2.61132280172442e-05,3.636228310049903e-05
17224,3,3,CatBoost,4.796166287655211e-05,0.000552110105082292,0.00013751646680786595,0.9989615415881311,0.000300870177102281
11004,0,0,CatBoost,0.9995432389925281,4.091265412203956e-05,0.00033769323428843465,3.782235256025652e-05,4.033276650132954e-05
17694,4,4,CatBoost,7.773728935176333e-05,0.00012352419336705286,0.00017006898448916955,0.00040950260302137124,0.9992191669297706
18077,4,4,CatBoost,5.073003520256042e-05,7.270856504562511e-05,9.881233297972592e-05,0.00031350894645647276,0.9994642401203155
10281,0,0,CatBoost,0.9994834331353897,3.544846952840718e-05,0.00041218259018804343,3.2371268134315375e-05,3.6564536759567584e-05
12506,2,2,CatBoost,0.0001757009799710787,3.161073898319217e-05,0.9997237456473415,2.8904421216577856e-05,4.003821248773554e-05
15448,1,1,CatBoost,5.986429056139282e-05,0.9986784017601971,0.00017257174790515594,0.000977203135278401,0.00011195906605789315
11973,2,2,CatBoost,0.003299904659934342,0.0004178170082790411,0.9953989352116478,0.0005373949496401513,0.00034594817049871964
13961,1,1,CatBoost,4.5513511652699155e-05,0.9994558731864595,0.00012776589089732917,0.0002786793682204285,9.216804276976877e-05
17091,3,3,CatBoost,6.892012384487218e-05,0.0002702392617976472,0.00015624711511484375,0.9992119154850574,0.0002926780141852156
18695,4,4,CatBoost,7.888373237018656e-05,0.00018035795066930873,0.00012552858477085722,0.00014473693824309733,0.9994704927939465
15468,1,1,CatBoost,2.7888266739081026e-05,0.9994912632072308,0.00011139580605797861,0.0003100183599060276,5.943436006623703e-05
10868,0,0,CatBoost,0.9995318552754896,3.966134918542573e-05,0.0003526154733229175,3.666141875882655e-05,3.9206483243308085e-05
13213,2,2,CatBoost,0.00020472155152222686,8.302956160496721e-05,0.9995623310074471,8.11350179496081e-05,6.878286147598539e-05
17732,4,4,CatBoost,8.021760371917923e-05,0.00011094887163915014,0.00013543542791159035,0.00026632421184290354,0.9994070738848873
15569,1,1,CatBoost,0.00012560380322151142,0.998772786586119,0.0002491385101794927,0.0005903956057899294,0.00026207549469013864
12649,2,2,CatBoost,0.00020726275464578433,3.63159220243473e-05,0.999676582307396,3.410021199484704e-05,4.5738803939026856e-05
15307,1,1,CatBoost,5.7170232164793476e-05,0.9986080829595826,0.000210629952439656,0.0009993302135217215,0.00012478664229125807
13882,2,2,CatBoost,0.00026931800137911617,0.00011646485170627493,0.9993297369942584,0.00013840223168678172,0.00014607792096951814
13918,2,2,CatBoost,0.0005333372850046197,0.0002935455839593842,0.9986688967080242,0.00017437293204108055,0.0003298474909705334
11117,0,0,CatBoost,0.9994822972832832,5.148005704155324e-05,0.0003674814890526821,4.560458459554929e-05,5.313658602685758e-05
16118,3,3,CatBoost,3.583978617314527e-05,0.0004774700945742779,7.654535577537934e-05,0.9992161807614544,0.00019396400202281917
11141,0,0,CatBoost,0.9995396802660629,4.44034127739452e-05,0.0003321016779600965,4.028459293401987e-05,4.353005026907808e-05
12927,2,2,CatBoost,0.00016326283961750785,3.9440755937274185e-05,0.9997096400889987,3.655649373744186e-05,5.1099821708961155e-05
13112,2,2,CatBoost,0.00033948445683548473,9.943464508457815e-05,0.9993906490392894,8.186623446731871e-05,8.85656243231121e-05
16346,3,3,CatBoost,8.394469634427226e-05,0.001388551673007253,0.00020569214427735446,0.9978285959067925,0.000493215579578502
10508,0,0,CatBoost,0.9992536367645747,0.00017882115415446116,0.0002732338833968771,0.00015897430720487898,0.0001353338906691425
15886,1,1,CatBoost,0.00013091440006213377,0.9889469394420416,0.00032970170032598195,0.010292701342249886,0.0002997431153201607
11000,0,0,CatBoost,0.999421384496409,4.832870360791278e-05,0.0004381640739606812,4.5167209177512825e-05,4.6955516844853686e-05
14339,1,1,CatBoost,5.6767614207502106e-05,0.9987540396796176,0.0002663262710811985,0.0008057383158632787,0.00011712811923059707
12033,2,2,CatBoost,0.00040753763503186154,6.0535058788711064e-05,0.9993920054362653,5.671048259864794e-05,8.32113873155133e-05
10195,0,0,CatBoost,0.999380268862524,5.365283624188676e-05,0.0004612717880682903,4.8344618525948324e-05,5.646189463975237e-05
11997,2,2,CatBoost,0.0005715595478635071,8.212206758602118e-05,0.9991638225704469,7.454575078732516e-05,0.00010795006331624596
18047,4,4,CatBoost,6.849039356963577e-05,9.221478444471629e-05,0.0001454620579507359,0.0005254776725584757,0.9991683550914765
12510,2,2,CatBoost,0.00016316038733482847,3.045316054209875e-05,0.999743818578617,2.7083471281610008e-05,3.548440222432352e-05
10174,0,0,CatBoost,0.9988748086042105,5.629881294714977e-05,0.0009652019065921327,5.3178691936092466e-05,5.051198431429707e-05
17528,4,4,CatBoost,0.00030424634912103193,0.0004738174997459352,0.0005093066458197239,0.0015749301074401024,0.9971376993978732
12700,2,2,CatBoost,0.00018071845229762572,3.1332716179546546e-05,0.999719651740402,2.8062549637303763e-05,4.0234541483502454e-05
15113,1,1,CatBoost,4.584903942129252e-05,0.9989401117767855,0.00016387566523143869,0.0007441892073847958,0.00010597431117713933
13507,2,2,CatBoost,0.0002860741322971192,3.42801537717228e-05,0.9995911056497395,3.038308817299643e-05,5.8156976018734776e-05
16308,3,3,CatBoost,5.517834051535876e-05,0.00024095914947787356,0.00011295144524689889,0.9992482910598008,0.0003426200049590163
11097,0,0,CatBoost,0.9994133738073381,4.348115909894332e-05,0.0004600780646427404,4.073953424898513e-05,4.232743467123194e-05
13015,2,2,CatBoost,0.00025349795477289376,6.860600242855343e-05,0.9995524658742834,6.420902995245831e-05,6.122113856270744e-05
17966,4,4,CatBoost,4.7485468216842044e-05,7.386721742060828e-05,0.000126540320283102,0.0001781255423876402,0.9995739814516919
14436,1,1,CatBoost,2.2458066221012893e-05,0.9996587049681477,6.023451469793388e-05,0.00021653279633497205,4.2069654598382294e-05
13486,2,2,CatBoost,0.004050812731928903,0.0068234695980082605,0.983106030497485,0.004311782124239399,0.0017079050483383492
10122,0,0,CatBoost,0.9990464479680256,6.539504153799422e-05,0.0007649375923282442,6.141958854779264e-05,6.179980956039846e-05
12406,2,2,CatBoost,0.00017792372031835626,3.179853301278197e-05,0.999718933737312,3.0129622109846496e-05,4.121438724703423e-05
12226,2,2,CatBoost,0.0002688914532799632,4.8000561403042965e-05,0.9995608394499295,5.766190981623828e-05,6.46066255713564e-05
10858,0,0,CatBoost,0.9995404586573667,4.168532333788051e-05,0.0003395340962444986,3.7652114927295916e-05,4.06698081236294e-05
13644,2,2,CatBoost,0.00026569378937004557,0.00015619009528546437,0.9993418217161628,0.0001051902422698779,0.0001311041569116426
18642,4,4,CatBoost,8.781585020045981e-05,0.000205726722392115,0.0001277943211828555,0.00018484232986521102,0.9993938207763594
14739,1,1,CatBoost,2.3980093984848703e-05,0.9995585474870629,9.026851405011496e-05,0.0002764378854259919,5.076601947605549e-05
11619,0,0,CatBoost,0.999628870427955,4.509392852389006e-05,0.00024043349716602059,4.29567860039549e-05,4.264536035094549e-05
11355,0,0,CatBoost,0.9984365313002727,0.0001090108548848131,0.0012710175078232918,0.00010039551471342451,8.304482230575272e-05
16667,3,3,CatBoost,4.199527557270159e-05,0.0005205404401841439,8.656852309116189e-05,0.999122811650307,0.00022808411084507754
18196,4,4,CatBoost,7.4587948898265e-05,0.0002606187377986584,0.00013162182521251307,0.00027366127198322465,0.9992595102161073
13839,2,2,CatBoost,0.0003268856976173947,0.00012734511627714986,0.9993082654428004,0.00011571888449427172,0.00012178485881091818
18941,4,4,CatBoost,9.634587738141387e-05,0.0001215284902310939,0.00022264109900460406,0.00018976046332772287,0.9993697240700553
13654,2,2,CatBoost,0.0003398511836868915,7.808883951845383e-05,0.99941870199736,6.945005399324574e-05,9.390792544129553e-05
10550,0,0,CatBoost,0.999360260139071,0.0001479472767216216,0.00023824555940518867,0.00013962625112079864,0.00011392077368150393
16056,3,3,CatBoost,0.0001884429513722656,0.0015910570830687599,0.0004889995195930919,0.9967651845720541,0.0009663158739118254
11577,0,0,CatBoost,0.9991219821278845,6.521423892378918e-05,0.0006942097029048363,5.950912104052263e-05,5.9084809246385884e-05
15607,1,1,CatBoost,2.3758513501898553e-05,0.9995919327915617,8.409600686680372e-05,0.0002516309555259751,4.858173254349302e-05
14573,1,1,CatBoost,2.4824309358182248e-05,0.9995632133329901,9.762679492290207e-05,0.0002627025784385176,5.163298429038787e-05
17024,3,3,CatBoost,9.60123505026434e-05,0.0007156873078585578,0.0003014577149571203,0.9983702988845883,0.0005165437420935712
15290,1,1,CatBoost,6.547784739185487e-05,0.9984820965043548,0.00028940653260425706,0.001037740709872278,0.00012527840577685308
13540,2,2,CatBoost,0.00024945562728562697,7.095412354975768e-05,0.9995527695790727,6.233702939819698e-05,6.448364069379179e-05
14326,1,1,CatBoost,2.6466641977476293e-05,0.9996416551273748,6.391021774635012e-05,0.00021973788131139546,4.823013158996796e-05
17667,4,4,CatBoost,0.00013571344158511467,0.0002270189432258418,0.00026107269939790905,0.001103196351377161,0.998272998564414
18854,4,4,CatBoost,0.00010313413169301289,0.00014181763284855728,0.0003250639032387861,0.00015042596983020045,0.9992795583623895
18431,4,4,CatBoost,8.261774506744403e-05,0.0001589377135359562,0.00015655520013529008,0.00035986355706471286,0.9992420257841967
13018,2,2,CatBoost,0.0005465051353648192,7.922493043426087e-05,0.9991766530192763,8.54645126843305e-05,0.00011215240224045608
17304,3,3,CatBoost,7.991127243164537e-05,0.000330684754103304,0.00022730108888061664,0.9989605634073766,0.00040153947720776806
11955,2,2,CatBoost,0.0026208743567339246,0.00019176927042908025,0.9967610181313917,0.00023311613973490286,0.00019322210171029828
15250,1,1,CatBoost,7.133595157890116e-05,0.9983030648681727,0.0002785044302325043,0.0011983175605727728,0.00014877718944314282
16535,3,3,CatBoost,4.8643644057217255e-05,0.0005830738227455956,0.00010559455276566891,0.9990086021258714,0.0002540858545601818
11146,0,0,CatBoost,0.9995378130032362,4.452338583686882e-05,0.00033360333627998175,4.0393636527051334e-05,4.366663811999223e-05
17852,4,4,CatBoost,0.00013100423842369747,0.00019713287724686926,0.00029523104243894436,0.0007266708651842877,0.9986499609767062
10792,0,0,CatBoost,0.9994893327052026,4.2363048038057216e-05,0.0003887154252981413,3.842202205654363e-05,4.116679940445359e-05
15264,1,1,CatBoost,2.4819771062208807e-05,0.9995183469336275,9.14296490763311e-05,0.0003122676219004704,5.313602433333955e-05
11620,0,0,CatBoost,0.9996029470731648,5.964476455074304e-05,0.00022511340511034039,6.074090906042742e-05,5.1553848113585443e-05
16043,3,3,CatBoost,6.937960209665837e-05,0.0008143759325873959,0.00015752079288397256,0.9986596207258086,0.0002991029466234432
14653,1,1,CatBoost,6.793942129310553e-05,0.9988982288867336,0.00020088904747931694,0.0006727024734490191,0.00016024017104489222
15658,1,1,CatBoost,0.0003723406085929943,0.9969264386746335,0.0011638390005025763,0.000810715654740242,0.0007266660615305317
11450,0,0,CatBoost,0.9996203893233306,5.379828996543609e-05,0.0002319804486138347,5.041518782538403e-05,4.3416750264661716e-05
11815,0,0,CatBoost,0.9994565232708343,0.00010836001296643789,0.0002921947053242072,8.448430425239014e-05,5.843770662237472e-05
18289,4,4,CatBoost,6.858320618274139e-05,9.833039193088471e-05,0.00015647485414540564,0.0003506064724216798,0.9993260050753192
10390,0,0,CatBoost,0.9992475463726562,0.0001746952219112103,0.0002721411631254653,0.00016858703191266835,0.0001370302103942622
13993,1,1,CatBoost,2.8193333286872346e-05,0.9994823679758537,0.00011030536439686974,0.00031803470383050654,6.109862263200756e-05
11150,0,0,CatBoost,0.9995429936870769,4.432216713390601e-05,0.0003290216064449428,4.021026927098958e-05,4.3452270073366045e-05
12409,2,2,CatBoost,0.00016557964419211692,3.468972498662433e-05,0.9997248641126425,3.2218850742166576e-05,4.2647667436669755e-05
12893,2,2,CatBoost,9.557891825694592e-05,3.215833977413406e-05,0.9998073154255361,2.804090935499171e-05,3.690640707773323e-05
17255,3,3,CatBoost,5.16032860252713e-05,0.00043510178772765396,0.0001568231620288029,0.9989325874159505,0.000423884348267866
13859,2,1,CatBoost,0.005646266219935323,0.702293262320722,0.22691659496773992,0.05479908171412953,0.010344794777473474
17449,3,3,CatBoost,0.0001801001039680312,0.00031410111589592194,0.00041801132661454333,0.9946030352041416,0.004484752249379714
11800,0,0,CatBoost,0.9996531611815727,4.813657234713096e-05,0.00021996832919099122,4.34289409654655e-05,3.53049759238061e-05
13218,2,2,CatBoost,0.0002870195989647732,0.00012405336556339902,0.9993248472332449,0.0001443469325395467,0.00011973286968743636
14072,1,1,CatBoost,2.7372301890970435e-05,0.9996605295172375,7.502508999731972e-05,0.00017974050772362859,5.73325831505438e-05
10190,0,0,CatBoost,0.9994077659415731,3.646014965942742e-05,0.0004844277614424784,3.3765975123690385e-05,3.758017220125032e-05
19124,4,4,CatBoost,0.00010349973317081312,0.00012234943903001227,0.0002428114584714797,0.00018693836355323772,0.9993444010057744
15189,1,1,CatBoost,4.246425175585082e-05,0.9990937200122887,0.0001441869563493485,0.0006293109663254591,9.031781328058309e-05
16178,3,3,CatBoost,5.098614042392807e-05,0.0007660130186696816,9.998499498256876e-05,0.9988650262422665,0.00021798960365742228
14694,1,1,CatBoost,2.3812107670693963e-05,0.9996618127976413,6.36386467727363e-05,0.00020220184106217094,4.853460685293199e-05
14633,1,1,CatBoost,2.3257486553682128e-05,0.9996133474808147,6.195811985513594e-05,0.0002489078526772056,5.252906009915117e-05
14056,1,1,CatBoost,2.3358331416615934e-05,0.9996741028209702,5.8673124079439776e-05,0.0001942963764302623,4.9569347103198e-05
17389,3,3,CatBoost,8.11771420968988e-05,0.0004111444844395679,0.00021233465168953144,0.9987696972285005,0.0005256464932734734
12988,2,2,CatBoost,0.00028771825655357115,8.478275295061144e-05,0.9994333580946009,9.894880041350204e-05,9.519209548149166e-05
13582,2,2,CatBoost,0.0002431951649613509,7.567586591520866e-05,0.9995624104323365,5.9446817928404456e-05,5.927171885851374e-05
13288,2,2,CatBoost,0.0003984566000635628,5.573250922307257e-05,0.9994189948988361,5.383706233124569e-05,7.297892954611211e-05
11586,0,0,CatBoost,0.9996705001686339,4.207971023031554e-05,0.00021049572013912248,3.753496893672427e-05,3.938943205997034e-05
11131,0,0,CatBoost,0.9994664666118226,5.084238047297154e-05,0.00038826003425162045,4.5198610389058684e-05,4.9232363064050916e-05
11962,2,2,CatBoost,0.0017135147411011338,0.00018104412535952216,0.9978033539629853,0.00015681722913551838,0.0001452699414185293
13781,2,2,CatBoost,0.00030518721718108497,6.973444472596567e-05,0.9994606660471499,5.158545130082626e-05,0.00011282683964223217
18191,4,4,CatBoost,8.809044419867228e-05,0.0001699282690710534,0.00016934611735807724,0.0001924014235254585,0.9993802337458468
14615,1,1,CatBoost,2.9274908806450723e-05,0.9994451689451298,0.00011792018409002362,0.0003439110754652971,6.372488650856267e-05
14668,1,1,CatBoost,4.0939208830560255e-05,0.9991726397780045,0.00015227642689883702,0.0005460842018653299,8.806038440078615e-05
18002,4,4,CatBoost,0.00011493268003690293,0.00013985625304300433,0.00022066741668844272,0.0008541199391914804,0.9986704237110402
15421,1,1,CatBoost,6.258210902312593e-05,0.9985438144457636,0.00016583239213947498,0.001109198547222045,0.00011857250585185036
12130,2,2,CatBoost,0.0003645163097111805,4.646247088492504e-05,0.9994777992509565,4.477388363870195e-05,6.644808480858283e-05
13330,2,2,CatBoost,0.00013617058337753225,2.7781014235876906e-05,0.999778294440654,2.58899204609528e-05,3.18640412714246e-05
10462,0,0,CatBoost,0.9991708187127245,0.00016850947019143994,0.0003790464599262017,0.00015048858056596436,0.00013113677659210308
14094,1,1,CatBoost,2.7790560755411228e-05,0.9994455506418187,0.0001229526733083122,0.00034115532361541614,6.255080050221752e-05
16008,3,3,CatBoost,5.397680153842284e-05,0.0011581431093668118,0.00011046231104241664,0.9984310925780987,0.0002463251999536813
18029,4,4,CatBoost,7.757484466522324e-05,0.0001553228247538189,0.0001681202418844334,0.0011092042953664764,0.9984897777933301
12260,2,2,CatBoost,0.00040282387372495655,5.454624906167492e-05,0.9994122577962107,5.202347449022397e-05,7.834860651247004e-05
16790,3,3,CatBoost,4.720655640807575e-05,0.0005714809534844784,8.696184166776246e-05,0.9990840775432989,0.00021027310514073913
18059,4,4,CatBoost,9.242414750679734e-05,0.00015889234173225507,0.00019678412253438645,0.0013337025609620695,0.9982181968272644
11624,0,0,CatBoost,0.9996705001686339,4.207971023031554e-05,0.00021049572013912248,3.753496893672427e-05,3.938943205997034e-05
15333,1,1,CatBoost,3.575532403316367e-05,0.9992009473790272,0.00011985321072535923,0.0005647883481455385,7.865573806866425e-05
13083,2,2,CatBoost,0.00024405217027469983,4.362238196770764e-05,0.9996158896388173,3.7820562482136274e-05,5.86152464580375e-05
12864,2,2,CatBoost,0.0005264765530266449,6.915636991067529e-05,0.9992324729152138,8.114865495835939e-05,9.074550689050764e-05
12698,2,2,CatBoost,0.00029245567119048015,4.4027925865951436e-05,0.9995632406087177,4.3722130035480016e-05,5.6553664190536926e-05
10118,0,0,CatBoost,0.9990404218687671,5.117027355431105e-05,0.0008144647138102345,4.7871137342151015e-05,4.607200652631434e-05
13838,2,2,CatBoost,0.0002841936545771647,9.150768310790565e-05,0.9994121726885525,8.685390528903268e-05,0.00012527206847332047
11501,0,0,CatBoost,0.9992978737803686,8.349694141993043e-05,0.0004830351934312934,7.356577750829291e-05,6.202830727147562e-05
17149,3,3,CatBoost,3.909458062727374e-05,0.0002585986518102404,8.481502421782903e-05,0.9993832381744415,0.0002342535689032395
18131,4,4,CatBoost,5.9367913717922426e-05,0.00010573472829611026,0.00013338512159068224,0.0004195227677676836,0.9992819894686277
18236,4,4,CatBoost,0.00019624662802481782,0.0004698750092573359,0.0003254307780198847,0.00027660888200742263,0.9987318387026906
14233,1,1,CatBoost,2.299687940436606e-05,0.999694775724115,5.830600004660806e-05,0.0001724065609727911,5.151483546111112e-05
12031,2,2,CatBoost,0.00030505793004625937,7.70822174692229e-05,0.9994881352635637,5.9075992751115424e-05,7.064859616994837e-05
10551,0,0,CatBoost,0.9989311811624667,0.0002732914983409117,0.00036456012665997146,0.00024433430109868946,0.0001866329114339209
17318,3,3,CatBoost,0.00012575635713106775,0.00047578092334805223,0.00036254920035782407,0.9980780456588247,0.0009578678603382612
12575,2,2,CatBoost,0.0001696086726092895,2.8126697942114948e-05,0.9997402453083697,2.6037098243934684e-05,3.598222283507576e-05
10140,0,0,CatBoost,0.9991418013362466,4.822581555909498e-05,0.0007190435875883576,4.629058366735806e-05,4.463867693843136e-05
15977,3,3,CatBoost,0.00012003084095760625,0.0025907428150594085,0.00031693404112640583,0.996505335812018,0.000466956490838503
16432,3,3,CatBoost,0.00012035812466187682,0.0030932717491120388,0.0002210356276430714,0.9958373565262304,0.0007279779723526005
10512,0,0,CatBoost,0.9991782442746279,0.00018882145539744633,0.0003320650356620562,0.00016496137987140168,0.00013590785444105138
11026,0,0,CatBoost,0.9995574271535597,4.430274428218749e-05,0.00031498218456619306,4.00434222120195e-05,4.324449537965306e-05
11360,0,0,CatBoost,0.999503015705464,6.833028066590578e-05,0.00031175147489287305,6.369698424325998e-05,5.3205554734090345e-05
17862,4,4,CatBoost,0.00012031038733496273,0.00021466891671968717,0.00022633469471515361,0.0007476468933793616,0.9986910391078508
17613,4,4,CatBoost,0.00011862840014682779,0.00019200493790624327,0.00020928386131536196,0.0008877730104004292,0.9985923097902312
12118,2,2,CatBoost,0.0003705851364775112,5.0552054241346115e-05,0.9994696379302628,4.508171590723055e-05,6.414316311115895e-05
16802,3,3,CatBoost,3.0142213188727526e-05,0.00037967874804119376,6.759180574425018e-05,0.9993590892197812,0.00016349801324464755
12134,2,2,CatBoost,0.00036143792023937644,5.7959615956226174e-05,0.9994484999552251,5.582405299367601e-05,7.627845558561026e-05
15168,1,1,CatBoost,4.850439713369376e-05,0.9990957020049389,0.00016187823069908403,0.0005850561703260664,0.00010885919690225021
15731,1,1,CatBoost,0.0002769750527387644,0.9980384178750517,0.0006762660712992753,0.0004974649615878482,0.0005108760393224171
11245,0,0,CatBoost,0.9983195450733074,9.621841535954777e-05,0.00142695851972991,8.343919182471823e-05,7.383879977836432e-05
13802,2,2,CatBoost,0.0002613882269977495,8.176376392869307e-05,0.9994624031186399,7.40020458526912e-05,0.00012044284458101841
17419,3,3,CatBoost,4.983748127194626e-05,0.0002742411847315209,0.0001227660944901876,0.9991459705812177,0.0004071846582886319
17791,4,4,CatBoost,0.00012066224112508414,0.00014752864501331887,0.00026544319163767434,0.0003355593874691722,0.9991308065347546
10636,0,0,CatBoost,0.9993973740839474,0.00013007507497853302,0.00021560524169651288,0.0001371763231234955,0.0001197692762539887
17259,3,3,CatBoost,6.229421460340321e-05,0.0003439297781042777,0.00013226249021691054,0.9991799718213095,0.00028154169576603984
17181,3,3,CatBoost,4.066385740064523e-05,0.00036794754469884997,9.331738515511516e-05,0.9993154242296901,0.0001826469830553194
14501,1,1,CatBoost,3.943803501638662e-05,0.9991582366825886,0.00019647299865185546,0.0005223637599929018,8.348852375004592e-05
13522,2,2,CatBoost,0.00025404886902484464,3.703253928332274e-05,0.999628628224329,2.9166883589842527e-05,5.112348377311131e-05
15229,1,1,CatBoost,0.00014204222184076838,0.9973222970096987,0.0004592607927361628,0.001792641110045207,0.00028375886567914973
17518,4,4,CatBoost,0.00016664939557172148,0.00023641536492519468,0.0003879051033270244,0.001250609980959869,0.9979584201552162
18875,4,4,CatBoost,7.633043049579064e-05,0.00010618310009189495,0.00023236513879799404,0.00019085715056264295,0.9993942641800516
14276,1,1,CatBoost,1.9762417361574508e-05,0.9997067652026648,5.0829102338964794e-05,0.00017903292707866238,4.361035055616953e-05
10686,0,0,CatBoost,0.9990483467914186,0.00023086944078734627,0.0003233666999854024,0.00021804813573181808,0.00017936893207682044
16196,3,3,CatBoost,7.885314700132298e-05,0.0015588463894454041,0.00016896592559813092,0.9977909181219682,0.0004024164159868861
13907,2,2,CatBoost,0.0002450604887506786,0.0001272121817719108,0.9993324701581084,0.00014985956267503817,0.00014539760869409734
16352,3,3,CatBoost,6.580371983437985e-05,0.0009864720192677347,0.00011400113841490792,0.9985105888895335,0.00032313423294945485
12331,2,2,CatBoost,0.00017453526550424112,3.9535701824363016e-05,0.9996915842825349,4.525004298520756e-05,4.9094707151231846e-05
13584,2,2,CatBoost,0.0007624540355176316,0.00021778560838436303,0.9986069923741413,0.0001890856964543714,0.00022368228550229122
12390,2,2,CatBoost,0.00018221639241333654,4.4208940881700995e-05,0.9996805026204004,4.8194206835215865e-05,4.487783946913771e-05
15917,1,1,CatBoost,0.0007946798724425419,0.9888241028435958,0.0015272692674581795,0.007304722854058759,0.001549225162444684
11567,0,0,CatBoost,0.9996602178869746,4.0432035412206494e-05,0.00021963880130700407,3.956411272029347e-05,4.01471635859188e-05
14205,1,1,CatBoost,8.861512066924679e-05,0.998772204417371,0.00022120451088717668,0.0007448001098307803,0.0001731758412417894
12741,2,2,CatBoost,0.00013948670067638356,2.882819545076638e-05,0.9997698794733346,2.5266742167919875e-05,3.6538888370292376e-05
14083,1,1,CatBoost,2.2159501360665497e-05,0.9997108465833486,6.0551095706693876e-05,0.00016165539066936543,4.478742891436588e-05
11242,0,0,CatBoost,0.9986163053893288,9.831770047361848e-05,0.0011205418892248663,8.988176466694729e-05,7.495325630606032e-05
13265,2,2,CatBoost,0.00045223055050940783,0.00011968522641622627,0.9992239377241136,0.00011619323986948687,8.795325909133084e-05
12560,2,2,CatBoost,0.0001689896707218375,2.6118922438823086e-05,0.9997457124738414,2.424080489794869e-05,3.493812810006634e-05
11431,0,0,CatBoost,0.9997121694889989,4.376670669287013e-05,0.0001671384048625,4.1344380230731865e-05,3.55810192148804e-05
12214,2,2,CatBoost,0.0003557638304140121,4.9672244584272325e-05,0.9994762344856473,4.8504523071666223e-05,6.98249162828244e-05
16769,3,3,CatBoost,9.353574063761541e-05,0.001727950235343916,0.00016078409619037245,0.997601309659037,0.00041642026879088097
17315,3,3,CatBoost,5.219127355828821e-05,0.00022359327093333717,0.00010340507145078067,0.9993034172319638,0.0003173931520939437
15347,1,1,CatBoost,4.8279246496288594e-05,0.9989961471353297,0.0002032192777100619,0.0006460604096117081,0.00010629393085233616
12493,2,2,CatBoost,0.0001873793063833207,2.775442889761045e-05,0.9997244851241839,2.5672784933322073e-05,3.4708355601894746e-05
16420,3,3,CatBoost,4.6634112892231765e-05,0.0008553978601658747,0.0001066893165744521,0.998748399852461,0.00024287885790646383
17136,3,3,CatBoost,5.0055261597273934e-05,0.0001668659753394862,0.00011370893105501213,0.9993690634607557,0.0003003063712525853
16969,3,3,CatBoost,5.294350148258178e-05,0.0003906437018519514,0.00011864867389595884,0.9992077924319589,0.00022997169081067053
11384,0,0,CatBoost,0.9995512892479096,5.993903067868676e-05,0.0002846739614133272,5.595547639746467e-05,4.814228360118567e-05
11294,0,0,CatBoost,0.9986528009323044,9.988628359683925e-05,0.0010828835514367103,8.980353708443333e-05,7.462569557758724e-05
17977,4,4,CatBoost,8.795498132556473e-05,0.0002221708062158502,0.00017732469575135556,0.0014043410572301838,0.9981082084594771
16867,3,3,CatBoost,6.555609052545368e-05,0.0002821165767569373,0.00016113646643651982,0.9991012852166359,0.00038990564964525585
17853,4,4,CatBoost,0.0001231252928702759,0.00022953334473256606,0.0002740304073750204,0.0008467293445609455,0.9985265816104612
12128,2,2,CatBoost,0.0003510811396745256,0.00012815628349647872,0.9992681965920542,0.00015506694517717606,9.749903959751015e-05
13339,2,2,CatBoost,0.0002216791525583965,5.814773039688907e-05,0.999613086600477,5.345278923117588e-05,5.363372733657818e-05
13173,2,2,CatBoost,0.00031200858547698423,8.134343214273416e-05,0.9994323235099662,8.510557587734084e-05,8.9218896536875e-05
13272,2,2,CatBoost,0.00038525098432569773,5.28437942882706e-05,0.9994409483557722,4.766459932331079e-05,7.329226629050594e-05
13251,2,2,CatBoost,0.000231333819521079,6.049257517317636e-05,0.9996012217809785,5.3205943372905716e-05,5.374588095430791e-05
13398,2,2,CatBoost,0.0002489140323872171,4.738105528573506e-05,0.9996118257157008,3.539786038070904e-05,5.648133624563038e-05
16147,3,3,CatBoost,5.203178529397529e-05,0.0008393773266368883,0.00010560038507147707,0.9987381482438922,0.00026484225910551883
16291,3,3,CatBoost,7.748344505141673e-05,0.0010820398377589602,0.00017877628656461206,0.9981932998230599,0.0004684006075650933
14349,1,1,CatBoost,1.9916909168547617e-05,0.9996851024724419,6.654631905559528e-05,0.00018248455736682875,4.5949741967248326e-05
10447,0,0,CatBoost,0.9988848576720989,0.0002469540036944593,0.000520698936861617,0.00018549219294589054,0.00016199719439909333
15565,1,1,CatBoost,2.795260147995504e-05,0.9996336578634424,7.068282764398945e-05,0.00020242268518456925,6.528402224916653e-05
17286,3,3,CatBoost,3.4605511302239065e-05,0.00026409945902565815,8.716916927830709e-05,0.9994053990743188,0.00020872678607491006
15184,1,1,CatBoost,5.093622031785598e-05,0.9989446066958454,0.00021036342153386376,0.0006925218117774148,0.00010157185052524617
18218,4,4,CatBoost,0.00010004693472353699,0.00025655976903914016,0.00015056101753520586,0.00022284853155260731,0.9992699837471495
12608,2,2,CatBoost,0.00018048589765134754,3.045160772865304e-05,0.9997231394559449,2.8393846505487486e-05,3.752919216969792e-05
18405,4,4,CatBoost,0.00010959126402670838,0.00028578722212504543,0.0001690819500603793,0.00015259508680570206,0.9992829444769821
13791,2,2,CatBoost,0.00016467488540664716,5.083370156706683e-05,0.9996690569218818,4.561382238678734e-05,6.982066875753117e-05
13693,2,2,CatBoost,0.00038768176111310675,0.00015510541537515842,0.9991296115163533,0.0001854405109229385,0.0001421607962355283
10785,0,0,CatBoost,0.9995384515431632,4.8401941207649206e-05,0.0003192159293140741,4.552411604769457e-05,4.840647026747721e-05
10669,0,0,CatBoost,0.9991376723577408,0.00019927642982706713,0.00029566815737020244,0.00020261625083775917,0.00016476680422432765
10014,0,0,CatBoost,0.9990992203351751,6.193676120970906e-05,0.0007221660056366483,5.8176631998050844e-05,5.85002659804188e-05
16693,3,3,CatBoost,3.40769824516534e-05,0.0005496677132915678,6.656615148628973e-05,0.9991263821259727,0.00022330702679789876
15243,1,1,CatBoost,4.7048989777140043e-05,0.9989631341046732,0.0002280799234326845,0.0006658916288943446,9.584535322263685e-05
18048,4,4,CatBoost,8.362881478023741e-05,0.00019644284139578693,0.00014035076906962406,0.0009615989617281704,0.9986179786130261
13797,2,2,CatBoost,0.0005870175191493021,0.0003272143996367642,0.9985045751828026,0.00032729908120508944,0.00025389381720623594
15310,1,1,CatBoost,4.824452285552955e-05,0.999032049507036,0.00020824063417526062,0.0006205416016637809,9.092373426957327e-05
16253,3,3,CatBoost,4.637232925878195e-05,0.00032454005264141245,0.00011192616454201685,0.9992804835226802,0.0002366779308775975
19014,4,4,CatBoost,0.00010963993108999434,0.00016157742363460191,0.0003341548147019646,0.00021123017241734475,0.999183397658156
10866,0,0,CatBoost,0.9995474052594069,4.6946214346628175e-05,0.0003169883197359526,4.269850139369751e-05,4.596170511682223e-05
11229,0,0,CatBoost,0.9985440539699658,9.907268407671603e-05,0.0011913966755464265,9.060162409356972e-05,7.487504631743967e-05
10611,0,0,CatBoost,0.9990407382267529,0.0002116946403677703,0.0003625411087185928,0.0002110988538858853,0.00017392717027486242
16845,3,3,CatBoost,4.238380873039026e-05,0.00031103648987310204,0.00010326197905762343,0.9992940298920545,0.00024928783028441484
15876,1,1,CatBoost,4.454321261057906e-05,0.9994444776740525,0.00010231255767423411,0.00028897960767558766,0.00011968694798718659
12278,2,2,CatBoost,0.000172392664544867,3.230387038853234e-05,0.9997253903480927,3.0243102996759794e-05,3.967001397703189e-05
14068,1,1,CatBoost,3.3412536306802975e-05,0.9994107770603307,0.0001586468193018941,0.000327997467501875,6.916611655885181e-05
18659,4,4,CatBoost,8.704330812578941e-05,0.00019174984856224346,0.00015840171161686015,0.00021959636622792243,0.9993432087654672
12963,2,2,CatBoost,0.00017778244320601974,5.9403587408680996e-05,0.9996597232553232,5.420523164247853e-05,4.888548241952633e-05
11666,0,0,CatBoost,0.9996996138729235,4.909872324196072e-05,0.0001653502332231269,4.546497276976798e-05,4.047219784163543e-05
12771,2,2,CatBoost,0.0003257080489562091,4.706249477816662e-05,0.9995223672084588,4.0114051856428794e-05,6.474819595039878e-05
17846,4,4,CatBoost,6.0912719155205075e-05,7.562748518105602e-05,0.00015379754436877722,0.00016129697872642137,0.9995483652725686
19030,4,4,CatBoost,0.00012446216269333335,0.00015413563591792058,0.00024852981427050827,0.00031877959251470185,0.9991540927946035
14579,1,1,CatBoost,2.7788223218593385e-05,0.9995017400268974,9.942847657954803e-05,0.0003103759718296311,6.066730147487042e-05
11873,0,0,CatBoost,0.9995461660588815,7.235834973533961e-05,0.0002722431394343089,6.351033862935201e-05,4.572211331945133e-05
15186,1,1,CatBoost,3.502204827771637e-05,0.9994267913093907,9.530336449135037e-05,0.00037349087008243967,6.93924077577383e-05
15887,1,1,CatBoost,9.379224517728699e-05,0.9922306941916362,0.00034800530638511305,0.00704129610970935,0.00028621214709194885
13482,2,2,CatBoost,0.0004666579487025513,0.00025248470047161623,0.9989133129673814,0.00017326083377985576,0.00019428354966444247
18604,4,4,CatBoost,8.846221845083507e-05,0.00016959416649614442,0.00018190055795467273,0.0003480730763084719,0.9992119699807899
16645,3,3,CatBoost,5.877846897641639e-05,0.001302967818918946,0.00010330871743602695,0.9982505261531821,0.0002844188414863852
11651,0,0,CatBoost,0.999652686725714,4.23018762608933e-05,0.0002261057793765811,3.913685605859413e-05,3.976876258992834e-05
18085,4,4,CatBoost,0.00011231310599644673,0.00020722565715780352,0.00023204731565114133,0.001155520871046852,0.9982928930501478
16229,3,3,CatBoost,5.364619896610605e-05,0.0004532301888901931,9.894618181594927e-05,0.9992028852834209,0.00019129214690702173
18553,4,4,CatBoost,0.00010966242843205732,0.0002484520169137686,0.00020512437004962814,0.00024253241545749347,0.999194228769147
16731,3,3,CatBoost,4.0425278335147444e-05,0.0004312378669627687,9.552107805744409e-05,0.9992240242284719,0.00020879154817275564
14935,1,1,CatBoost,4.822017410619448e-05,0.999079131159123,0.00015719399339635622,0.000623405519924357,9.204915345025702e-05
17178,3,3,CatBoost,0.0005563707527493383,0.0012567412689484378,0.00134162149050186,0.993706199866403,0.003139066621397261
11710,0,0,CatBoost,0.9995378752371537,6.706189336182596e-05,0.00027840935832682787,6.26994181359079e-05,5.395409302175318e-05
10544,0,0,CatBoost,0.9989677175743259,0.00028263007994526874,0.0003140847843516938,0.0002419972349266697,0.0001935703264503385
16866,3,3,CatBoost,8.862793531606053e-05,0.0004092266413962475,0.00026449370923199706,0.9987108024820727,0.0005268492319828394
12442,2,2,CatBoost,0.00012589172073748948,3.111964227834041e-05,0.9997795317845977,2.8101288058891618e-05,3.535556432764753e-05
15272,1,1,CatBoost,5.086523068458237e-05,0.9992243597687559,0.0001563284136187873,0.00044812426163535763,0.00012032232530534161
10303,0,0,CatBoost,0.9992585082175347,4.388180744144043e-05,0.0006169148155640047,3.862097297234741e-05,4.2074186487448446e-05
10963,0,0,CatBoost,0.9995036948072853,5.011440941504763e-05,0.0003486364981966126,4.7164584603813645e-05,5.038970049930455e-05
15328,1,1,CatBoost,4.148676608277939e-05,0.9992167484076561,0.00014700584076910708,0.0005097555166570649,8.500346883481385e-05
18803,4,4,CatBoost,8.656572949268574e-05,0.00012378044630050985,0.0002919381299004022,0.00012568460329029967,0.999372031091016
16336,3,3,CatBoost,0.00010713344741070341,0.0018271111128278384,0.0001855908744915698,0.997462450156812,0.0004177144084577302
18707,4,4,CatBoost,9.546995814603555e-05,0.00021237694856067476,0.00015046165736469532,0.00013687566812408536,0.9994048157678045
11282,0,0,CatBoost,0.9987129017241629,8.476588752663784e-05,0.001061565490203225,7.675261547573335e-05,6.40142826315937e-05
17404,3,3,CatBoost,7.339728303531863e-05,0.0002689500547538162,0.00018071082902532167,0.9987933744484753,0.0006835673847101933
11687,0,0,CatBoost,0.9997067127175131,4.700419004111798e-05,0.00016417850348312798,4.3226368945785126e-05,3.887822001664266e-05
14278,1,1,CatBoost,2.172457057921129e-05,0.9997183813852489,5.627929691952061e-05,0.00015934084576729943,4.427390148506219e-05
10267,0,0,CatBoost,0.9992909603975134,4.332165396732095e-05,0.0005815995453999394,4.0238244013065386e-05,4.3880159106176496e-05
15405,1,1,CatBoost,5.6481502803189326e-05,0.9986313006025705,0.00021804553916975435,0.0009758321207060597,0.00011834023475055402
16723,3,3,CatBoost,4.648661822084764e-05,0.0007161317430996037,9.147396793831751e-05,0.9989195065602848,0.00022640111045634762
16073,3,3,CatBoost,5.704766046254412e-05,0.00039834419271003306,0.00011427192358323969,0.999102550234693,0.000327785988551186
15207,1,1,CatBoost,3.115925567326484e-05,0.9994155503814142,0.00011544347987445139,0.00036999605775346167,6.785082528471766e-05
17982,4,4,CatBoost,7.552299321347272e-05,9.112380765436541e-05,0.00020437985934245953,0.00016192887548616017,0.9994670444643035
17387,3,3,CatBoost,5.3287190776132074e-05,0.000271131818076113,0.00011761030789923926,0.9992054379387855,0.0003525327444630256
15217,1,1,CatBoost,2.7945528931414954e-05,0.9995469446001314,7.900531172475966e-05,0.00029142814727727,5.46764119353169e-05
17731,4,4,CatBoost,0.00010132784642915004,0.0001905079823943861,0.00021069746161080745,0.0010102929357069007,0.9984871737738586
17470,3,3,CatBoost,0.0006745035769177278,0.0015179748528457854,0.0017171660519544128,0.940516868978902,0.05557348653937997
10131,0,0,CatBoost,0.9987886671355761,5.423097001240477e-05,0.0010572303359472706,5.2130259844533345e-05,4.774129861981041e-05
10041,0,0,CatBoost,0.9990349143716527,4.722883270881715e-05,0.0008292469786198194,4.521729252206785e-05,4.339252449648195e-05
14950,1,1,CatBoost,2.3726032932524935e-05,0.9995460873373093,9.595317124718349e-05,0.0002779875803407396,5.624587817027199e-05
15461,1,1,CatBoost,4.488629893833007e-05,0.9995223023886991,0.00013761996297670615,0.0001824093559491338,0.00011278199343691227
15425,1,1,CatBoost,8.431301848551057e-05,0.9981083984492954,0.0003404843133961549,0.0013102272388041205,0.0001565769800187246
11944,0,0,CatBoost,0.9943648408582345,0.00021667996868389073,0.005067843942548395,0.00019447421982900361,0.00015616101070407119
13029,2,2,CatBoost,0.0003898680792044409,5.5201260830063543e-05,0.9994267552254436,5.006999125920829e-05,7.810544326286729e-05
16224,3,3,CatBoost,9.345292287999016e-05,0.0012564674039221423,0.00019711435272421694,0.9980094728344588,0.00044349248601481046
16695,3,3,CatBoost,3.3841870088509214e-05,0.00038317698554916424,7.074442358360161e-05,0.999303034186795,0.0002092025339837661
18082,4,4,CatBoost,5.583183086522635e-05,9.108367089629923e-05,0.00012767847400028877,0.0002725578893566621,0.9994528481348817
12397,2,2,CatBoost,0.00018560639317048976,2.9531930727030408e-05,0.9997142925594686,2.8494779840394556e-05,4.207433679354937e-05
18793,4,4,CatBoost,8.759356864667291e-05,0.00018499009502641222,0.0001723187962490718,0.00019510747251040407,0.9993599900675674
18322,4,4,CatBoost,9.033597313760085e-05,0.00027811639659456434,0.00014041736864368542,0.0003823333981168723,0.9991087968635073
18456,4,4,CatBoost,9.109736134383254e-05,0.00023309275162103983,0.00014174242405596486,0.00036852154167532777,0.9991655459213038
18271,4,4,CatBoost,6.997108057318431e-05,0.00011932414400976513,0.0001769029558098825,0.00022878153762305914,0.9994050202819842
14459,1,1,CatBoost,6.635365226639192e-05,0.9986847296067237,0.0002809583342967305,0.0008500502203629847,0.00011790818635035629
10480,0,0,CatBoost,0.9986662616129408,0.00023504211627499292,0.0007104530694966728,0.00021379515640921023,0.00017444804487841336
18544,4,4,CatBoost,0.00011340686911664078,0.0002185902878189737,0.0001700595487180011,0.0003186021048320119,0.9991793411895143
16491,3,3,CatBoost,3.9286068934773976e-05,0.00039774624562056944,8.364711638694665e-05,0.9992604123013323,0.00021890826772522803
13236,2,2,CatBoost,0.0002090702710460019,3.432517108818573e-05,0.9996816763669302,3.342465246986466e-05,4.150353846571141e-05
15742,1,1,CatBoost,2.7673697353088958e-05,0.9995713760866558,7.413649498992826e-05,0.0002639473718888121,6.28663491123728e-05
17708,4,4,CatBoost,7.679435854968657e-05,0.00011437090213743626,0.00015471295387893842,0.0003618522441825984,0.9992922695412513
10809,0,0,CatBoost,0.9994611642372779,5.272701485709098e-05,0.0003873845487172206,4.8030875133245126e-05,5.0693324014351405e-05
17326,3,3,CatBoost,4.091000744187533e-05,0.00015726221434375637,9.392750855706501e-05,0.9994660095658447,0.0002418907038125158
10763,0,0,CatBoost,0.9990662702109047,0.00024530233187009177,0.00031661638987198694,0.00019871385128338536,0.00017309721606991425
16104,3,3,CatBoost,2.87309070412943e-05,0.00047720602258069424,5.9774852814239977e-05,0.9992758650292768,0.00015842318828701303
14801,1,1,CatBoost,5.600326672292433e-05,0.998703980985983,0.00024287146904379239,0.0008823977841131146,0.0001147464941370694
12468,2,2,CatBoost,0.00014092704725444797,2.5543736631403027e-05,0.9997763597394945,2.4328680417468125e-05,3.284079620223262e-05
14547,1,1,CatBoost,2.2127046124036492e-05,0.9996062923793718,6.724716455581354e-05,0.0002562763289976954,4.8057080950773365e-05
14735,1,1,CatBoost,0.00011433445035623747,0.998055715864558,0.0004398125915061999,0.001147214547853555,0.00024292254572592882
13895,2,2,CatBoost,0.0002584709265973446,7.631045028315297e-05,0.9994830016185325,7.271796516632258e-05,0.00010949903942058796
15520,1,1,CatBoost,2.3538746120116876e-05,0.9996742904386586,5.963441579687586e-05,0.00018561353991275876,5.692285951173325e-05
12063,2,2,CatBoost,0.0004319301950971292,7.187980258617014e-05,0.9993454729611772,6.281390741273233e-05,8.790313372676403e-05
11793,0,0,CatBoost,0.9995441256901207,0.00010386543354161546,0.00021789557234144408,7.833673168291645e-05,5.577657231344725e-05
17313,3,3,CatBoost,4.433759714137817e-05,0.00023078117276251184,9.644471658742559e-05,0.9994046843807962,0.00022375213271245652
13571,2,2,CatBoost,0.00017279132574592318,4.732970190064113e-05,0.9996889433515518,4.874355602473055e-05,4.21920647770831e-05
16428,3,3,CatBoost,6.770173285600956e-05,0.0017488591878171557,0.00014658177574385995,0.997687057002813,0.0003498003007701859
11764,0,0,CatBoost,0.9995068557837544,5.552598154196916e-05,0.00033609841051380145,5.792114712223626e-05,4.359867706754963e-05
13382,2,2,CatBoost,0.000218238634645753,3.2216581593352665e-05,0.999671481361967,3.288670514686056e-05,4.517671664688744e-05
12229,2,2,CatBoost,0.0002010145470018416,4.502003636862803e-05,0.9996711339347106,3.552356271543203e-05,4.7307919203777025e-05
11686,0,0,CatBoost,0.9996246410030413,6.114582320902349e-05,0.00020786568153515362,5.782923531451956e-05,4.8518256899914263e-05
13822,2,2,CatBoost,0.00027156846785790435,7.025428940377108e-05,0.9994824503538328,6.777152257125156e-05,0.00010795536633418933
18268,4,4,CatBoost,7.174029415307043e-05,0.0001515378438839182,0.0001485303210343876,0.00037172999881442397,0.9992564615421141
11052,0,0,CatBoost,0.9995317120363071,4.453821599706124e-05,0.0003396821905705371,4.048272692413832e-05,4.358483020117409e-05
13325,2,2,CatBoost,0.0002741899368320594,3.8102585103726776e-05,0.9996043471638131,3.238380845699909e-05,5.097650579397144e-05
10948,0,0,CatBoost,0.9994068933860315,6.45051421836367e-05,0.00040776947617315667,5.897989241827887e-05,6.185210319336035e-05
13062,2,2,CatBoost,0.00027405790236938545,6.217042969101013e-05,0.999553622607211,5.581328740562598e-05,5.433577332283858e-05
16530,3,3,CatBoost,6.944637031525594e-05,0.00044075792909098303,0.00016007543330374556,0.9990136735309473,0.00031604673634263997
18157,4,4,CatBoost,9.601670945774007e-05,0.0002510178990600938,0.00019323861092112265,0.00029724560237473957,0.9991624811781863
14472,1,1,CatBoost,2.667914749786734e-05,0.9995933898850035,7.12509344987705e-05,0.0002488137890260388,5.98662439739087e-05
18091,4,4,CatBoost,8.36422826816932e-05,0.00019287838805980446,0.00014569853790572489,0.001246640814436171,0.9983311399769165
13572,2,2,CatBoost,0.0002843569536785863,6.378548743527313e-05,0.9995228649748189,5.424892430634791e-05,7.47436597608533e-05
17629,4,4,CatBoost,0.00015139470935537948,0.0003594107100258506,0.00029182922582282654,0.0011836023036850478,0.9980137630511109
18873,4,4,CatBoost,8.038769647975572e-05,9.823858250726334e-05,0.00024081260065842046,0.0001210603168133501,0.9994595008035412
16610,3,3,CatBoost,5.665137987003271e-05,0.0013523967946368794,0.00011479918984270469,0.9982045343094341,0.00027161832621644296
10250,0,0,CatBoost,0.9994216290338315,3.582381670109344e-05,0.00047243544974205637,3.318000416287329e-05,3.6931695562522404e-05
14437,1,1,CatBoost,2.5693542966331712e-05,0.9995578008842769,0.00010901203961962181,0.0002526106839811616,5.4882849155954185e-05
12808,2,2,CatBoost,0.0002850472245714998,6.120594578579145e-05,0.9995356409769781,4.3165657306764686e-05,7.494019535785522e-05
10083,0,0,CatBoost,0.998906526107811,5.949249985342437e-05,0.000924503938720314,5.618284558896672e-05,5.329460802606742e-05
13365,2,2,CatBoost,0.0002489509282153379,3.703454703034057e-05,0.9996332262443388,2.922642264230864e-05,5.156185777328817e-05
18909,4,4,CatBoost,0.000162662045064962,0.00019708091537632276,0.0003673091910600266,0.00031961547590187393,0.9989533323725968
13596,2,2,CatBoost,0.00025692220439731524,8.392231562043964e-05,0.9994497777948694,0.00010151805306868273,0.00010785963204430794
12821,2,2,CatBoost,0.0003420760061107192,5.366583859329015e-05,0.9994734358444657,5.246528351665597e-05,7.835702731363675e-05
18884,4,4,CatBoost,7.625276383986746e-05,0.00010431953408228027,0.00024394881851776603,0.0001862480065097189,0.9993892308770503
17431,3,3,CatBoost,0.0001390353141837794,0.0006374204295019329,0.000343683981856635,0.9963574357682607,0.002522424506196871
15068,1,1,CatBoost,4.1720457153560884e-05,0.9992314335302603,0.00016977407132985796,0.00045729507760461916,9.977686365169454e-05
18819,4,4,CatBoost,8.017817951245386e-05,0.00012020180204931245,0.00028414738569157666,0.00011840274502146087,0.9993970698877251
16131,3,3,CatBoost,6.913174328502829e-05,0.0004247159962318158,0.00013027467549486574,0.9989451347246575,0.0004307428603307228
16547,3,3,CatBoost,0.00014200555758520073,0.0027934951463541727,0.00031755177964515465,0.996215055725585,0.0005318917908304374
14809,1,1,CatBoost,2.57928291544154e-05,0.9994985731760304,0.0001146272888611049,0.00030668329873708913,5.4323407217017195e-05
14402,1,1,CatBoost,2.3316402396235953e-05,0.9996278231312755,6.551982001674154e-05,0.00023262126776296593,5.0719378548623905e-05
17631,4,4,CatBoost,0.00016227610235334945,0.0004177875381235257,0.00036117370322664126,0.0015790975900309364,0.9974796650662656
16624,3,3,CatBoost,4.220903488920566e-05,0.00040364117909750006,8.904393306235635e-05,0.9992400710483393,0.0002250348046116284
17625,4,4,CatBoost,0.0001097909752544326,0.00014573403740597134,0.00021218490216231596,0.001178650390689955,0.9983536396944874
17348,3,3,CatBoost,4.185734725700779e-05,0.00025231106662781336,0.00012171571834628569,0.999299446766249,0.0002846691015200154
18567,4,4,CatBoost,0.00010350403982616337,0.00024455819743474675,0.00018130940285792854,0.00014970653522387953,0.9993209218246573
18113,4,4,CatBoost,6.623668994290192e-05,0.00012276993168226075,0.00012776899252907106,0.0008778767691240379,0.9988053476167216
15788,1,1,CatBoost,2.5081795537754276e-05,0.9996669118404192,6.464952543115156e-05,0.00017743631749697036,6.592052111512756e-05
16321,3,3,CatBoost,4.407600498185129e-05,0.0009817192066085432,8.634739344713393e-05,0.9986695775884439,0.00021827980651861824
10629,0,0,CatBoost,0.9994137056885557,0.00013280953687384582,0.00019266705851383903,0.00013911811656109547,0.00012169959949565439
17047,3,3,CatBoost,6.895657261521591e-05,0.00026085781079731305,0.00018934599962277878,0.9991279968467653,0.0003528427701993309
13039,2,2,CatBoost,0.0002002081281329368,4.155773144503288e-05,0.9996590245764966,3.5980249210675064e-05,6.322931471468458e-05
15518,1,1,CatBoost,2.1304027175667764e-05,0.9997079829161881,5.2550242541139445e-05,0.00016549913429948684,5.26636797954252e-05
13067,2,2,CatBoost,0.000292800772629199,5.8589102142060676e-05,0.9994923372967434,7.557032367438791e-05,8.070250481106121e-05
12408,2,2,CatBoost,0.00020396654775707088,3.932529300966044e-05,0.9996692168452997,3.666074736408394e-05,5.083056656936846e-05
15790,1,1,CatBoost,0.0004227417686843238,0.9966025808221266,0.0013163338046015243,0.0009335513303139055,0.0007247922742735642
17657,4,4,CatBoost,9.722650882516338e-05,0.00017874054992115146,0.0001790420866117878,0.0010250639831043242,0.9985199268715376
16588,3,3,CatBoost,0.0001345505136944592,0.0014388137130728579,0.00030967202993706453,0.99748807842799,0.0006288853153054234
17920,4,4,CatBoost,4.885450296405452e-05,8.162371351332767e-05,0.00010407382499095515,0.00025006882667424863,0.9995153791318574
13545,2,2,CatBoost,0.00021957519297532974,5.633789872287742e-05,0.9995970120904798,6.302055100021166e-05,6.405426682184501e-05
19130,4,4,CatBoost,7.853064434914481e-05,0.0001056793730894288,0.00025440304964968383,0.00019958978240598225,0.9993617971505058
11887,0,0,CatBoost,0.9964047560346933,0.00013516718181532194,0.0032117355271055344,0.0001396439738646267,0.00010869728252112236
17130,3,3,CatBoost,0.00014588089669997028,0.0004917677716125508,0.0005247824890052544,0.9977245614407654,0.0011130074019168397
11467,0,0,CatBoost,0.9990732834223952,7.98727905049137e-05,0.0007167907789104807,6.685793190927322e-05,6.319507628018323e-05
16365,3,3,CatBoost,7.180181276135198e-05,0.0012806549544885258,0.00017803814293946733,0.9980151219911588,0.00045438309865165427
15765,1,1,CatBoost,3.5526215312462356e-05,0.9992805308914618,9.237490511845127e-05,0.000506648130057433,8.491985804991204e-05
14731,1,1,CatBoost,2.4978966888980427e-05,0.9995823670875122,7.446825439127656e-05,0.00026609351415841264,5.209217704926413e-05
17687,4,4,CatBoost,8.199265586424789e-05,0.00020875342806647452,0.00015864428219436984,0.0009039075083251989,0.9986467021255498
18151,4,4,CatBoost,0.0001007022037610045,0.00033715181186267106,0.00017853716069070102,0.0004455920022049919,0.9989380168214805
11388,0,0,CatBoost,0.9995672338414601,5.885995072033085e-05,0.00027143250657194075,5.4870349435436094e-05,4.7603351812264655e-05
11791,0,0,CatBoost,0.9994287587882613,5.839705552218887e-05,0.00040609403031579525,6.034723954964083e-05,4.640288635096138e-05
13616,2,2,CatBoost,0.0003915789336742993,5.267765033338796e-05,0.9994315301254703,5.0135323665856215e-05,7.407796685616034e-05
14292,1,1,CatBoost,2.31629593201849e-05,0.9995497353754862,0.00010014206368846012,0.00027727948410993867,4.9680117395139554e-05
16192,3,3,CatBoost,5.7121343726018545e-05,0.0006699653208540289,0.00017502939414004037,0.9986938498287186,0.00040403411256137786
13853,2,2,CatBoost,0.0002313714439507232,8.007570770265998e-05,0.999504674144934,7.376589530036322e-05,0.00011011280811225605
15286,1,1,CatBoost,6.672346895669152e-05,0.9984585893101673,0.00022398144310852684,0.001096035646528931,0.0001546701312388937
13708,2,2,CatBoost,0.00023302517465250889,0.00010342233874726528,0.9994893800275678,8.197537944717054e-05,9.219707958508396e-05
14662,1,1,CatBoost,3.243966301838763e-05,0.9994895392423145,9.341463125346086e-05,0.0003120661431791202,7.254032023455516e-05
13970,1,1,CatBoost,3.9223209195602824e-05,0.999482208876265,0.00016749965038253807,0.00022416265231005008,8.690561184667952e-05
18902,4,4,CatBoost,0.0001347984304889987,0.00019704804948110938,0.00033670647987388654,0.00026488460124623277,0.9990665624389097
15567,1,1,CatBoost,4.6666742637974076e-05,0.9989309039824689,0.00015273096249486954,0.0007719458577699668,9.775245462855307e-05
10884,0,0,CatBoost,0.9993410283931043,4.361719537441993e-05,0.0005279852903839327,4.3989611970321845e-05,4.337950916673572e-05
15260,1,1,CatBoost,2.9993541969359364e-05,0.9994206072049789,0.00011615145238698462,0.000370192649748284,6.305515091640113e-05
11244,0,0,CatBoost,0.9986568593941725,8.002453106132151e-05,0.0011274515352821368,7.0762174752069e-05,6.490236473214471e-05
18862,4,4,CatBoost,0.00010391629278551881,0.00014450263039897902,0.0003512507800754206,0.00014866612465542795,0.9992516641720848
13135,2,2,CatBoost,0.00020184532292109178,7.48658347946926e-05,0.999577325425324,6.242422607220064e-05,8.353919088803288e-05
15035,1,1,CatBoost,2.7975281608113567e-05,0.9994596367566598,0.00010836136765089839,0.0003468324248424625,5.7194169238665855e-05
16431,3,3,CatBoost,3.688740300079682e-05,0.00033222178079585896,6.857783053479275e-05,0.9993986055920488,0.0001637073936196263
18885,4,4,CatBoost,8.607234979150694e-05,0.00011662974081424672,0.00022497177572839544,0.00020004590759959703,0.9993722802260664
17209,3,3,CatBoost,3.756599264056805e-05,0.0003110950056642634,8.766303686963147e-05,0.99931283461309,0.0002508413517357204
13664,2,2,CatBoost,0.00028197343815855174,0.0001918999578113222,0.9991044610433885,0.0002441582876299885,0.00017750727301173166
10148,0,0,CatBoost,0.9990230783183571,7.429360783274699e-05,0.0007683490435280976,6.850698698468342e-05,6.577204329733243e-05
13412,2,2,CatBoost,0.0002833217773813969,3.633023925308297e-05,0.9995996846291164,3.054487820054863e-05,5.0118476048504155e-05
12511,2,2,CatBoost,0.00016381730884094673,2.6497937231280043e-05,0.9997473464981564,2.5730148625070373e-05,3.6608107146344415e-05
19128,4,4,CatBoost,0.00010734103600772526,0.00015643858166386273,0.0002430351704886689,0.0002285851096435139,0.9992646001021963
13328,2,2,CatBoost,0.0001331365469138821,4.252437557078504e-05,0.9997473640776662,3.596386811012738e-05,4.10111317388879e-05
14463,1,1,CatBoost,2.175309328143347e-05,0.9996832287704506,6.155986305647953e-05,0.0001893013559925976,4.4156917219000264e-05
10380,0,0,CatBoost,0.99914794249371,0.0002421559441553267,0.00026616621287238413,0.00018812642368831977,0.0001556089255740075
11510,0,0,CatBoost,0.9993482382731059,7.340426680690975e-05,0.0004579377489333158,6.340868769913367e-05,5.70110234546378e-05
12567,2,2,CatBoost,0.00016909769131870925,2.6095130820781213e-05,0.9997451932801723,2.464702345026984e-05,3.496687423812485e-05
11111,0,0,CatBoost,0.9994465372251198,4.715777678193968e-05,0.0004168103403605384,4.378789112018156e-05,4.570676661765833e-05
17297,3,3,CatBoost,0.00013841292278841662,0.0005164430355731222,0.0003359056017356343,0.9984598119626742,0.0005494264772286495
13803,2,2,CatBoost,0.00033501066652958197,9.835846683546836e-05,0.9993155887907187,0.00012297039238444863,0.00012807168353168113
10367,0,0,CatBoost,0.9994216290338315,3.582381670109344e-05,0.00047243544974205637,3.318000416287329e-05,3.6931695562522404e-05
18625,4,4,CatBoost,9.467728298609345e-05,0.0002517051793758782,0.00014994639488508563,0.00034099068651902273,0.9991626804562339
14607,1,1,CatBoost,4.9217114799184366e-05,0.9989013382574241,0.00017852238302119708,0.0007740458804905562,9.687636426490105e-05
10025,0,0,CatBoost,0.9989848172608798,4.837258168855783e-05,0.000875825126148296,4.641224344458009e-05,4.457278783853568e-05
17474,4,4,CatBoost,0.0014192291110981252,0.002855432209390255,0.004166257964807131,0.012617196928263632,0.978941883786441
15351,1,1,CatBoost,2.7320418509467488e-05,0.999460349503941,0.00010996270206671679,0.00034481841750983545,5.754895797285723e-05
10075,0,0,CatBoost,0.9990015181464209,4.950168672891416e-05,0.0008580519504183285,4.629752551461103e-05,4.463069091731137e-05
16501,3,3,CatBoost,7.299875985214627e-05,0.0009512380118567596,0.00018773078027662567,0.9983197466515071,0.0004682857965071791
11425,0,0,CatBoost,0.9995267852233238,6.198996538200402e-05,0.00030356386418668756,5.787074332119509e-05,4.97902037865e-05
11503,0,0,CatBoost,0.9995109040796478,6.130940779022808e-05,0.0003197032231007312,5.762424689380128e-05,5.045904256739873e-05
15317,1,1,CatBoost,3.3436954727765795e-05,0.9992912423336274,0.00012683182240523296,0.00048047335660727656,6.80155326323645e-05
16872,3,3,CatBoost,0.00018599545309180043,0.0009394398548484173,0.000434964357226822,0.9974587064629031,0.000980893871929852
10885,0,0,CatBoost,0.9995664313717957,4.28490277172451e-05,0.0003088113441103391,3.9720480235490717e-05,4.218777614104026e-05
18462,4,4,CatBoost,7.261273996944226e-05,0.00024930297128445745,0.00014179513842784805,0.0003258022879541509,0.9992104868623642
15074,1,1,CatBoost,4.0102283432000495e-05,0.9990025901157502,0.00016190509203857972,0.0007026204362330962,9.27820725461496e-05
18981,4,4,CatBoost,0.0001379759794169969,0.00019073663788876034,0.00033863741356963105,0.000281268382466535,0.9990513815866581
13483,2,2,CatBoost,0.00016276062805214707,4.856058394832975e-05,0.9996934047661652,3.539769472647561e-05,5.98763271078634e-05
12280,2,2,CatBoost,0.00024939564903191856,5.13671469347147e-05,0.9995813350081973,5.646465403241106e-05,6.143754180364594e-05
10389,0,0,CatBoost,0.9986561239963727,0.00033968974056503205,0.0005040270301591593,0.0002747696634836111,0.00022538956941936183
18963,4,4,CatBoost,7.967326635953272e-05,0.00012013421211954755,0.0002756949827271748,0.00014618535958261099,0.9993783121792111
14061,1,1,CatBoost,2.6300965630855423e-05,0.9995379217196722,9.398761436524013e-05,0.00028634469740266563,5.5445002929296585e-05
15159,1,1,CatBoost,2.5084600244522044e-05,0.9995681127753042,9.080917776022375e-05,0.0002642724738261809,5.172097286486612e-05
11142,0,0,CatBoost,0.9995205562018679,4.572793371258304e-05,0.00034741818462331,4.155206565823311e-05,4.4745614138090744e-05
18501,4,4,CatBoost,6.783113271933165e-05,0.00016707577823781329,0.00015029948918797865,0.00021152069621353765,0.9994032729036414
16762,3,3,CatBoost,4.137682567979643e-05,0.0003966008407593938,7.484698613413555e-05,0.9992523316664012,0.00023484368102543642
11658,0,0,CatBoost,0.9996288594545332,5.7155827453370644e-05,0.00021484883071460164,5.227182566670714e-05,4.686406163226857e-05
14420,1,1,CatBoost,1.8967941120950088e-05,0.9997048817611267,5.4191895943997876e-05,0.0001778455372517019,4.411286455654846e-05
13810,2,2,CatBoost,0.00035600125026132744,7.67452095671002e-05,0.99938901769238,5.518076740265778e-05,0.0001230550803889588
16777,3,3,CatBoost,3.134526098562281e-05,0.0004631955336308082,6.184778874954898e-05,0.9992657053965228,0.0001779060201111374
15266,1,1,CatBoost,2.8905806590766768e-05,0.99935947416285,0.00011095347001711306,0.00043187889009322635,6.87876704489699e-05
10091,0,0,CatBoost,0.9991163964742195,4.84230450443372e-05,0.0007443944941571088,4.622039359256499e-05,4.4565592986355864e-05
11182,0,0,CatBoost,0.9987848088317249,9.211578900326301e-05,0.0009687369719137305,8.417918959028448e-05,7.01592177676906e-05
15920,1,1,CatBoost,0.0005416727551293667,0.6015819919617827,0.001202268739548679,0.3951069331699624,0.0015671333735768618
13531,2,2,CatBoost,0.0002830382303085497,9.708669396700501e-05,0.9994757620495325,7.370997628744857e-05,7.040304990443175e-05
12673,2,2,CatBoost,0.00015805388770684498,3.0052575842936407e-05,0.9997437699879378,2.9080468465418475e-05,3.9043080047119275e-05
12552,2,2,CatBoost,0.00011750133869976764,2.8814113679916536e-05,0.9997957758982563,2.4939458229134073e-05,3.296919113461433e-05
15220,1,1,CatBoost,4.25581061198406e-05,0.9991019826255105,0.00014377146179433975,0.0006225048616726412,8.918294490265361e-05
14756,1,1,CatBoost,2.7506244204130337e-05,0.9994722407116686,0.00010284450962385065,0.0003388085934548449,5.859994104843059e-05
12296,2,2,CatBoost,0.00025506203139271446,9.277190519350347e-05,0.9994714676744202,0.00010317819969820371,7.752018929520308e-05
14758,1,1,CatBoost,3.006736266717046e-05,0.9993514819521135,8.99981959630762e-05,0.0004672611922814194,6.119129697477015e-05
11110,0,0,CatBoost,0.999542296332748,4.011243698489243e-05,0.0003399667127100794,3.614005288315887e-05,4.148446467380427e-05
14786,1,1,CatBoost,2.631800139043794e-05,0.9996312501076662,6.67710111993772e-05,0.00022271029231540768,5.2950587428778824e-05
15099,1,1,CatBoost,2.870892390929166e-05,0.999439514004281,0.00011157472614602905,0.00034418845566534567,7.601388999836398e-05
10490,0,0,CatBoost,0.9990203928761745,0.00023489742181381844,0.00038754783730790863,0.00020082532782590544,0.0001563365368778418
19071,4,4,CatBoost,0.00011419302554783807,0.00013347943764962402,0.00023658741879974916,0.00023765604605708544,0.9992780840719457
11660,0,0,CatBoost,0.9995322097458131,5.0452132361451265e-05,0.0003230992560506789,4.782199435969679e-05,4.641687141499817e-05
12456,2,2,CatBoost,0.00016315805739863744,2.8012409254698854e-05,0.9997476215830822,2.5187810335035334e-05,3.6020139929538704e-05
10960,0,0,CatBoost,0.9995057250171886,4.980223315662695e-05,0.0003475359508062286,4.695501560381734e-05,4.998178324464022e-05
14527,1,1,CatBoost,2.9532664514239385e-05,0.9995478178350177,8.5240477675914e-05,0.00027718008470941724,6.0228938082787414e-05
10783,0,0,CatBoost,0.99951950715144,4.432934279992398e-05,0.00035256787792309655,4.040648245638286e-05,4.3189145380592394e-05
13692,2,2,CatBoost,0.0003592800353477863,0.0001083265090321361,0.9993141202105391,9.024026211832758e-05,0.00012803298296280852
11776,0,0,CatBoost,0.9996482026685484,6.173831347415688e-05,0.00019376684040917365,5.680726677958199e-05,3.948491078888232e-05
18635,4,4,CatBoost,0.00023734881621849163,0.0005222357224611308,0.00042041419439329945,0.00031833739690108375,0.9985016638700259
14851,1,1,CatBoost,4.0525046218722936e-05,0.9993549384248077,0.00012616131012474068,0.0003854435619118987,9.293165693671204e-05
15172,1,1,CatBoost,3.1918057887160805e-05,0.9994695627682044,0.00010253305196531061,0.0003345742348202938,6.14118871229303e-05
11092,0,0,CatBoost,0.9995366976950105,3.9518783315923705e-05,0.0003481894954328762,3.652914375357705e-05,3.906488248729951e-05
13093,2,2,CatBoost,0.00013716244892958513,2.7893244925515215e-05,0.999776451237976,2.6140521694237062e-05,3.235254647469456e-05
11135,0,0,CatBoost,0.999536944009699,4.259700699869263e-05,0.00034047745954540146,3.853129046316575e-05,4.1450233293557945e-05
10879,0,0,CatBoost,0.9995544363754642,4.0380796917039164e-05,0.0003280170144975899,3.733946469041393e-05,3.982634843086382e-05
15847,1,1,CatBoost,0.00033661468042277054,0.997103806411037,0.0009277467613097566,0.0009698519789970342,0.0006619801682333486
14255,1,1,CatBoost,1.894345628444879e-05,0.9997096095495773,5.7086635390477336e-05,0.0001727647923789916,4.159556636878112e-05
13627,2,2,CatBoost,0.00025255169140716687,4.281926247524598e-05,0.9996160076119837,3.2515963182957406e-05,5.610547095109538e-05
16569,3,3,CatBoost,6.064609952048724e-05,0.0012360100181818387,0.0001176618843214148,0.9983123024418167,0.00027337955615966923
14986,1,1,CatBoost,3.737162708124353e-05,0.9992136643194687,0.00014761671241392824,0.0005183983836775552,8.294895735853838e-05
12738,2,2,CatBoost,0.00013306565970060296,2.691000873965702e-05,0.9997824282561081,2.4947084592259084e-05,3.264899085949192e-05
10379,0,0,CatBoost,0.9994077659415731,3.646014965942742e-05,0.0004844277614424784,3.3765975123690385e-05,3.758017220125032e-05
10553,0,0,CatBoost,0.9992910220259338,0.00017334865618851654,0.0002477722986643034,0.00015788073946790488,0.00012997627974551163
16934,3,3,CatBoost,3.7791476065260094e-05,0.00026457718061798324,0.00010268115263129285,0.9993719433437909,0.0002230068468946203
11470,0,0,CatBoost,0.9995537304570468,6.085188146355908e-05,0.00028146095031194175,5.577204013152328e-05,4.8184671046293685e-05
11583,0,0,CatBoost,0.9995309858539116,5.992003380663692e-05,0.0003082385751655113,5.202166051743933e-05,4.88338765988927e-05
11673,0,0,CatBoost,0.9996088585470889,6.0633617496308826e-05,0.00022701343137901422,5.574143256301022e-05,4.775297147245519e-05
14032,1,1,CatBoost,2.7327299300185057e-05,0.999649702046127,7.524440382283857e-05,0.00018539339491793335,6.23328558321295e-05
11738,0,0,CatBoost,0.999634112628241,5.8471859300874024e-05,0.00020784291153459023,5.297952473937513e-05,4.6593076184324195e-05
18997,4,4,CatBoost,0.00013208480410530754,0.00017236482729219587,0.0002450383433717788,0.00035316990751012864,0.9990973421177207
15297,1,1,CatBoost,3.0534640677173216e-05,0.99939104599625,8.545362846364928e-05,0.00042467753427386114,6.828820033537979e-05
19019,4,4,CatBoost,0.0001184250013529742,0.00017141004414591654,0.0003261259232313482,0.00024591613225273334,0.999138122899017
18019,4,4,CatBoost,6.749591975758512e-05,0.00010480661771139064,0.00014067521236006306,0.0008078498207849056,0.998879172429386
12467,2,2,CatBoost,0.00016446069266599873,2.873814564935878e-05,0.9997466263676477,2.6121165889327373e-05,3.4053628147703395e-05
10194,0,0,CatBoost,0.9994053864642337,3.5940631848704134e-05,0.0004883303578002127,3.328917656369197e-05,3.705336955362198e-05
18870,4,4,CatBoost,9.186736603674805e-05,0.00011860236686913446,0.0003048290316833093,0.00018178956405603803,0.9993029116713548
14254,1,1,CatBoost,6.935692555174023e-05,0.9986204283076685,0.00031655836349890506,0.0008510334119062426,0.00014262299137436941
16115,3,3,CatBoost,3.9569885680454155e-05,0.0005580682180839477,6.976219938673644e-05,0.9990889920130049,0.00024360768384389282
17440,3,3,CatBoost,9.926953768788151e-05,0.0003276475698469499,0.0002585628732876607,0.9964983944183744,0.002816125600803138
10429,0,0,CatBoost,0.9992032426604751,0.00017260653601797963,0.0003240391459092878,0.00016162134079830007,0.00013849031679942476
17522,4,4,CatBoost,0.00022347375980922364,0.00033596167425509443,0.000480545661752118,0.0030533141900279666,0.9959067047141555
13621,2,2,CatBoost,0.00035680910180890704,4.646805061340701e-05,0.9994882510018078,4.343679157060884e-05,6.503505419941814e-05
13944,1,1,CatBoost,9.348856630613852e-05,0.9986104653426354,0.00048277598623410134,0.0006497552446915706,0.00016351486013299867
10969,0,0,CatBoost,0.999496753221381,4.106618574467577e-05,0.0003831994561820248,3.829943489381197e-05,4.0681701798714295e-05
18821,4,4,CatBoost,0.00016760093745126636,0.00021305693652151828,0.0003373917729287691,0.0003853133450710719,0.9988966370080274
13476,2,2,CatBoost,0.00014601491627435145,5.699404946020309e-05,0.9996881263144244,4.6083080506223526e-05,6.278163933456105e-05
13350,2,2,CatBoost,0.00027126933557987675,0.00015385923249736295,0.9993738054633005,9.188708662311645e-05,0.0001091788819991716
16289,3,3,CatBoost,9.120189531929237e-05,0.0004245827552254541,0.0003761594510222823,0.9984681655245404,0.0006398903738924578
12842,2,2,CatBoost,0.00019590023308216833,6.418964490758468e-05,0.999623530530877,5.760261206550723e-05,5.877697906754985e-05
11838,0,0,CatBoost,0.9995349263159297,9.147366585816049e-05,0.0002445334373451649,7.66653136888102e-05,5.240126717797637e-05
19004,4,4,CatBoost,0.00011925673337514268,0.00017986484151621683,0.00033197268855301884,0.00024176985392375833,0.9991271358826319
13127,2,2,CatBoost,0.0001932270074491096,4.867048168329274e-05,0.9996565615329582,5.337562084654133e-05,4.816535706291355e-05
17156,3,3,CatBoost,7.175645293675875e-05,0.00029913431194962146,0.00016851421596914383,0.9991740909498461,0.0002865040692983167
15394,1,1,CatBoost,0.0001646154185915967,0.9969255960178411,0.00042816925624266207,0.002170634261577357,0.00031098504574733854
15709,1,1,CatBoost,4.343699488979355e-05,0.9995473411280116,8.435514481196148e-05,0.000235720166918603,8.914656536800776e-05
10154,0,0,CatBoost,0.9991141364061988,4.8530714697630495e-05,0.0007463450238639046,4.6323200207104615e-05,4.466465503268867e-05
12253,2,2,CatBoost,0.0003507229761745218,6.0472981024331065e-05,0.9994521182035212,7.538651727492936e-05,6.129932200484095e-05
16169,3,3,CatBoost,4.0242238325659634e-05,0.0005616284086782871,9.876291353184671e-05,0.9990936508884875,0.00020571555097679382
10552,0,0,CatBoost,0.9993147271245949,0.00015709768034557158,0.0002549277180392611,0.0001486308140386375,0.00012461666298169483
19112,4,4,CatBoost,8.854249906381577e-05,0.00012500700887384508,0.00022080140721263505,0.00019158048114700042,0.9993740686037026
12941,2,2,CatBoost,0.00016331526250082414,2.8912884445480416e-05,0.9997456644529165,2.7863680354466572e-05,3.424371978280822e-05
13640,2,2,CatBoost,0.000255709501082027,6.427935665630304e-05,0.9995371027863433,5.817161205469339e-05,8.473674386352337e-05
13361,2,2,CatBoost,0.00021328246767333256,5.306022985222537e-05,0.9996249932325477,4.452679768399455e-05,6.413727224271463e-05
18776,4,4,CatBoost,6.486756707299662e-05,0.00019112385149286563,0.00012375180610415393,0.0002902854155193584,0.9993299713598107
16618,3,3,CatBoost,7.646414561088277e-05,0.0014039590833079527,0.00013762247708340659,0.9981279826515713,0.00025397164242641846
12146,2,2,CatBoost,0.0002541738923605348,7.014028807215465e-05,0.9995316271911439,8.248004109927254e-05,6.157858732402226e-05
14929,1,1,CatBoost,3.251695193920845e-05,0.9994653537985401,7.492277673519458e-05,0.00035849867158332764,6.870780120210786e-05
18656,4,4,CatBoost,8.308565253292842e-05,0.00018993244701652823,0.00014019851944225366,0.00017094325971250352,0.9994158401212958
13126,2,2,CatBoost,0.00012698221674282666,3.518832531453429e-05,0.9997706426642594,3.152820531572422e-05,3.56585883674148e-05
16575,3,3,CatBoost,9.279379839270686e-05,0.0024574961163400582,0.00017295323914964637,0.9969009231221215,0.0003758337239962006
12824,2,2,CatBoost,0.0004921118346850906,6.129150793899907e-05,0.9993086141765654,5.7758788881417634e-05,8.022369192921016e-05
15292,1,1,CatBoost,4.235639925489994e-05,0.9992269788425832,0.00018445440475740697,0.0004649910799720481,8.121927343264265e-05
11351,0,0,CatBoost,0.9975070620457026,0.00010994628782513873,0.002190796832079707,0.00010071114879199369,9.148368560060192e-05
12040,2,2,CatBoost,0.00040843027162731135,8.117615628809008e-05,0.9993663402125242,7.546317523729458e-05,6.85901843230772e-05
16849,3,3,CatBoost,4.78434901829403e-05,0.0004526481128675369,0.00013191033480276987,0.9990124195548928,0.00035517850725393725
14804,1,1,CatBoost,2.3920097914384938e-05,0.999580359618051,9.026469925149167e-05,0.0002527507087996347,5.270487598345386e-05
15126,1,1,CatBoost,0.00011896193410313119,0.9973418588696862,0.000515538331429895,0.0017641115196095894,0.00025952934517103443
16145,3,3,CatBoost,4.530605248048158e-05,0.0006474030292178118,8.121074777548227e-05,0.9989773775398484,0.00024870263067780816
12289,2,2,CatBoost,0.0001943915759486439,6.097755768357501e-05,0.9996442708380752,4.6687193699427166e-05,5.367283459335834e-05
18738,4,4,CatBoost,7.693627286133902e-05,0.00016783303295621438,0.00014684511548409486,0.0002013084579374905,0.9994070771207608
15302,1,1,CatBoost,0.00010969875505002972,0.9971726572594142,0.00037083672700707475,0.00210479297349725,0.00024201428503182215
11059,0,0,CatBoost,0.9994796849673285,4.873955435055833e-05,0.0003801856111555913,4.419816194772341e-05,4.7191705217589846e-05
12528,2,2,CatBoost,0.00016446069266599873,2.873814564935878e-05,0.9997466263676477,2.6121165889327373e-05,3.4053628147703395e-05
16089,3,3,CatBoost,7.20840334976072e-05,0.0012644611146057942,0.0001452465913932633,0.9981487403045973,0.00036946795590589557
18354,4,4,CatBoost,9.453645106176937e-05,0.00017828420636018284,0.0002000597929050764,0.00022399469984133225,0.9993031248498317
14884,1,1,CatBoost,2.8942050290326118e-05,0.999448196055209,0.0001157279177356249,0.00034182846074104077,6.530551602380157e-05
15691,1,1,CatBoost,6.237937399790865e-05,0.9989971085002236,0.0002477961095443995,0.0005797203376614076,0.00011299567857256007
11488,0,0,CatBoost,0.9996279785799063,5.301492398899863e-05,0.00022628312598040582,4.9848783244959255e-05,4.287458687903183e-05
14093,1,1,CatBoost,4.1604999125497685e-05,0.9992132319996587,0.000159127341805442,0.000499808198147077,8.622746126333333e-05
18942,4,4,CatBoost,0.0001069783359239574,0.00015927122551657937,0.0003511266782186016,0.00020769633605995428,0.9991749274242808
16041,3,3,CatBoost,0.0001444616172761875,0.0012920411674145489,0.00031096570518288747,0.9973866503571566,0.0008658811529698757
19052,4,4,CatBoost,0.00012499563117434646,0.00014549702703359202,0.0002848157145979211,0.00028424477184100735,0.9991604468553531
14266,1,1,CatBoost,2.345341628867707e-05,0.9995714188219333,7.350342823773044e-05,0.00027571390616246063,5.591042737753948e-05
13310,2,2,CatBoost,0.000283521204544153,3.5536581922182757e-05,0.9996015557131033,2.957510301096621e-05,4.98113974193291e-05
10779,0,0,CatBoost,0.999537383645752,4.266540221230599e-05,0.00033729996092371814,3.847988434785025e-05,4.417110676424933e-05
12438,2,2,CatBoost,0.00012389895303958442,3.122388640697052e-05,0.9997834553141695,2.637787715463636e-05,3.504396922930531e-05
13888,2,2,CatBoost,0.00037040809484890745,0.0001105164809458235,0.9992738307887865,8.337195582891298e-05,0.00016187267958988965
14913,1,1,CatBoost,3.1382404950640124e-05,0.9994208238718739,0.00011858074611633407,0.00035625981279828836,7.295316426088125e-05
15151,1,1,CatBoost,3.419288010600524e-05,0.9992797484692914,0.00015670922841171212,0.00046184103345828286,6.750838873290203e-05
16526,3,3,CatBoost,6.025200764930439e-05,0.0005922029743692757,0.0001400901083642321,0.9988707471281041,0.00033670778151309496
12744,2,2,CatBoost,0.00017112253244668554,2.671958792166256e-05,0.999742951508913,2.461771189916279e-05,3.458865881947252e-05
11236,0,0,CatBoost,0.9983101687810825,9.048526421082451e-05,0.0014438643039406123,8.230063250362414e-05,7.31810182622359e-05
17553,4,4,CatBoost,0.00016985792768002452,0.0003247853891560911,0.0003455330028849476,0.002299393835887635,0.9968604298443913
10943,0,0,CatBoost,0.9995216777550815,4.883128157715548e-05,0.00033500720475689526,4.369153119831464e-05,5.0792227386018656e-05
13956,1,1,CatBoost,3.3113524497013095e-05,0.99955506712621,0.00011638092035945005,0.00022158354917430648,7.385487975931092e-05
10707,0,0,CatBoost,0.9985348799005508,0.00037148466937859053,0.000521141419888212,0.00031704203908745925,0.0002554519710949609
17026,3,3,CatBoost,4.173988236325642e-05,0.00029167716399945866,0.00012535103454508354,0.9992260656154898,0.0003151663036024802
17061,3,3,CatBoost,5.190599724934407e-05,0.00025347261251904295,0.00010083640553481169,0.999393966826442,0.00019981815825465546
12964,2,2,CatBoost,0.0002543800643089033,6.051773268757347e-05,0.9995515261861221,6.006750528819464e-05,7.350851159348931e-05
12106,2,2,CatBoost,0.0003212953625913324,6.012674819595675e-05,0.999483224883605,6.366403933211364e-05,7.168896627558898e-05
11359,0,0,CatBoost,0.9986318143929722,9.81586762476932e-05,0.0011047276670536487,9.044422652587562e-05,7.485503720047863e-05
11952,2,2,CatBoost,0.3639407480606268,0.0015343607971467304,0.6319011913270075,0.0014156245306379855,0.001208075284580936
16846,3,3,CatBoost,0.0001437136826665089,0.00046800567223264424,0.00041452714969513794,0.9979492031510746,0.0010245503443310816
18762,4,4,CatBoost,8.980589880855631e-05,0.0001888967836002709,0.0001510011286891873,0.0003303190407177517,0.9992399771481844
12714,2,2,CatBoost,0.00020074579018607435,3.7108440004386094e-05,0.9996775336569143,3.822326502988347e-05,4.638884786522664e-05
15522,1,1,CatBoost,3.5121051503306175e-05,0.9992578189177067,0.00011163936468753384,0.0005104945781137867,8.492608798869503e-05
15087,1,1,CatBoost,4.470341783790969e-05,0.9989302629830832,0.00019907438255953484,0.0007299311801947147,9.60280363249047e-05
15084,1,1,CatBoost,2.704358044364065e-05,0.9994621428674453,0.00010623054852579003,0.00034783585545141886,5.6747148133965784e-05
14446,1,1,CatBoost,6.303223831774965e-05,0.9987583473102172,0.0001760986748686809,0.0008789745545845156,0.00012354722201200823
11118,0,0,CatBoost,0.9994117744425718,5.303507056593874e-05,0.00043623046463865103,4.800556169745845e-05,5.095446052611609e-05
13308,2,2,CatBoost,0.0003000660956287583,6.338481401332777e-05,0.9995232124062434,5.7512793888920404e-05,5.582389022535149e-05
13564,2,2,CatBoost,0.00041913749811885295,6.146144687547453e-05,0.9993772027777968,5.575049457711014e-05,8.64477826318243e-05
10528,0,0,CatBoost,0.9992545993194485,0.00018005147713853943,0.00025918645754331764,0.00016911872661491594,0.00013704401925463124
11013,0,0,CatBoost,0.9995337348162149,3.8310442533974286e-05,0.0003537371598359732,3.4504985838857305e-05,3.971259557628751e-05
14604,1,1,CatBoost,3.0114437956382714e-05,0.99951228819957,9.20200258922431e-05,0.000305194595879283,6.038274070227806e-05
18203,4,4,CatBoost,8.361413822002974e-05,0.00024284335705942192,0.0001367443632871738,0.0003322052830433756,0.9992045928583899
11009,0,0,CatBoost,0.9995532579508604,4.406000883649433e-05,0.0003184418796758091,4.076685795620335e-05,4.34733026709913e-05
13646,2,2,CatBoost,0.00013969718918537205,3.458710109974237e-05,0.9997529604849034,3.228465829619415e-05,4.0470566515310077e-05
11721,0,0,CatBoost,0.9996826035339069,4.9724125411322495e-05,0.00017781897485221268,4.7794709053467027e-05,4.205865677629629e-05
11033,0,0,CatBoost,0.9995758279150601,4.3193634073916424e-05,0.0002993231611883948,3.924409907871067e-05,4.241119059903377e-05
18808,4,4,CatBoost,9.70142753353073e-05,0.00013739117230218204,0.0003266410529212647,0.00015537561722296978,0.9992835778822183
14246,1,1,CatBoost,2.5837825349467946e-05,0.9996809795746411,6.117842536740971e-05,0.00017393111489410692,5.80730597477426e-05
16122,3,3,CatBoost,3.3577087994354615e-05,0.0005103698317191033,6.25205214860299e-05,0.9992358005415362,0.00015773201726452726
17127,3,3,CatBoost,5.89448367700396e-05,0.0005373088763540136,0.00015430466344016315,0.9988840578230189,0.00036538380041699993
11979,2,2,CatBoost,0.0016881432161203057,0.00019974470180012706,0.9977495197486921,0.0001884120133875729,0.000174180319999978
13118,2,2,CatBoost,0.0001343272735487752,3.283100308886098e-05,0.9997636953424585,3.172451603392029e-05,3.742186487006258e-05
19060,4,4,CatBoost,0.00012521956739586245,0.00016921888927530493,0.0002853338485714664,0.00028243398470586894,0.9991377937100515
12046,2,2,CatBoost,0.00040880206711870837,5.197456747416509e-05,0.999415179079676,5.5423710192754304e-05,6.862057553844116e-05
15900,1,1,CatBoost,0.0005418399057246669,0.9948645253291315,0.0012377227657149401,0.0020208988211126732,0.0013350131783163761
13274,2,2,CatBoost,0.00018220658180984826,2.8989796959557968e-05,0.9997212921883134,2.9207214317234044e-05,3.8304218599843554e-05
15120,1,1,CatBoost,5.278969852548374e-05,0.9990023337122454,0.00016942742433345443,0.0006784468595424667,9.700230535304862e-05
15997,3,3,CatBoost,0.00010059984613184325,0.0014489301961628893,0.00022547279510676588,0.9977162376808681,0.000508759481730357
13709,2,2,CatBoost,0.0002649745155803484,6.38530042545859e-05,0.9995268452868697,4.797429754939157e-05,9.635289574579954e-05
13978,1,1,CatBoost,4.436073424654659e-05,0.9994412599165652,0.0001480594141763133,0.00028034771689014107,8.597221812181657e-05
16577,3,3,CatBoost,6.9402058626683e-05,0.0005893061769556628,0.0001373142529017481,0.9989131697200092,0.0002908077915067935
11483,0,0,CatBoost,0.9995978184890012,5.59379171672892e-05,0.0002503043440633834,5.1349587793028374e-05,4.4589661975124215e-05
16316,3,3,CatBoost,4.854065271251577e-05,0.0005791881762611347,0.00012056176800044136,0.9989892662610772,0.0002624431419485694
11795,0,0,CatBoost,0.9996287121829504,5.1568092054700415e-05,0.00023556250555793447,4.802299917328059e-05,3.613422026393875e-05
17865,4,4,CatBoost,9.12531502436037e-05,0.00010269288678449292,0.00022174059256407734,0.00014896625779307651,0.9994353471126147
14387,1,1,CatBoost,2.3169348878523606e-05,0.999589352803034,7.582330868068309e-05,0.00026053570274443415,5.111883666256845e-05
12499,2,2,SVM_RBF,4.920526105550796e-07,1.759010477692557e-07,0.9998190950907053,0.0001787373702611102,1.4995853753256884e-06
16980,3,3,SVM_RBF,4.733400157850141e-05,0.00027268764863125675,0.000600317876274687,0.9880639404130788,0.011015720060436551
13538,2,2,SVM_RBF,5.517789016071297e-06,1.7548754722055447e-06,0.9992108489107934,0.0007193021787231974,6.257624599530502e-05
11263,0,0,SVM_RBF,0.9931972601689874,0.0003568531107184876,0.005369948760841817,0.0005784489415543025,0.0004974890178980454
14863,1,1,SVM_RBF,6.241506018308046e-07,0.9993929113275402,0.0005387281820109204,2.957874888729998e-06,6.477846495834251e-05
16830,3,3,SVM_RBF,3.350016687620341e-05,1.738688938087721e-05,0.0007048056899503947,0.9983504430292433,0.0008938642245491328
13723,2,2,SVM_RBF,1.3900494250451831e-06,4.6088052662312374e-07,0.9995565068441608,0.0003553359421693209,8.630628371842761e-05
14857,1,1,SVM_RBF,7.898026647959895e-07,0.9993537324410721,0.000575779565325909,4.77518921315626e-06,6.492300172420758e-05
17042,3,3,SVM_RBF,0.0002734220363730839,0.0004544253261181601,0.00033499330226961495,0.9744621261588259,0.02447503317641333
18575,4,4,SVM_RBF,3.252004214145521e-07,5.060286818653286e-07,3.1602268582491643e-07,6.759237920113636e-07,0.9999981768244188
13656,2,2,SVM_RBF,3.247898846554937e-06,1.2749496443984832e-06,0.9992074469691712,0.0005665545371442159,0.00022147564519355158
11008,0,0,SVM_RBF,0.9980989995432566,0.00017231880915128116,0.0008397656350846793,0.0005586853874245718,0.0003302306250829621
17275,3,3,SVM_RBF,2.2861537358285107e-05,8.273167042215722e-05,0.00037339074980341866,0.9712056911987611,0.028315324843654937
12367,2,2,SVM_RBF,0.001048027307288762,4.28684659612635e-05,0.9986917034547416,0.00021029665267677884,7.104119331582979e-06
18261,4,4,SVM_RBF,6.370548526912314e-05,0.002769693339442968,0.0004668934347107248,0.005354457347580682,0.9913452503929963
16975,3,3,SVM_RBF,2.1304327200605777e-05,3.225252167895099e-05,0.0005145186090826641,0.9976049166059183,0.0018270079361194871
11830,0,0,SVM_RBF,0.9959566353601803,0.00040366407982564835,0.002612587343707927,0.0005743018654737259,0.00045281135081251024
17035,3,3,SVM_RBF,7.513427984104173e-05,0.00024047923691331957,0.0015300428395947216,0.9705659942223418,0.027588349421309034
11688,0,0,SVM_RBF,0.9968709626256358,0.00029707812265789024,0.0017330551701804236,0.0005475543118343304,0.0005513497696913822
18073,4,4,SVM_RBF,6.336139862188015e-05,0.0003501597643795719,0.0004399629327811218,0.08912498048449542,0.9100215354197219
16787,3,3,SVM_RBF,6.7378959187197715e-06,2.12378254018217e-05,7.442600831143379e-06,0.9977460038227586,0.0022185778550898173
17568,4,4,SVM_RBF,0.00021580386007593786,0.0011814583575606788,0.0017882797548258512,0.0063583025950801125,0.9904561554324577
18812,4,4,SVM_RBF,7.221419084793503e-05,8.06143191282263e-05,0.0022641387274534744,6.38215894460828e-05,0.9975192111731243
17541,4,3,SVM_RBF,9.56621902935376e-05,0.00040122421474354244,0.0012563687380948562,0.18051921756534833,0.8177275272915197
10283,0,0,SVM_RBF,0.9982218335904108,0.00023917335457811562,0.0010238979393960017,0.0001310629420381388,0.0003840321735769224
15418,1,1,SVM_RBF,6.410677627873302e-07,0.9993513626766929,0.000485951178485091,5.995143026804415e-05,0.00010209364679105287
17401,3,3,SVM_RBF,4.3372185894091106e-05,6.718633954634756e-05,0.000660805682670783,0.965496191076549,0.03373244471533981
13513,2,2,SVM_RBF,5.96499890857358e-07,2.107625720842545e-07,0.9997404527951435,0.0002399125178780917,1.8827424515607726e-05
15125,1,1,SVM_RBF,6.178427991725064e-07,0.9994092578021894,0.0004995270536512203,1.3606687140720891e-05,7.699061421948466e-05
11584,0,0,SVM_RBF,0.9900341819096097,0.0007045449444047229,0.007376670155853951,0.0009934976058140863,0.0008911053843176393
11397,0,0,SVM_RBF,0.9988035327371644,0.00025990366511260965,0.00017799931990433073,0.0004223871659352768,0.0003361771118832833
19083,4,4,SVM_RBF,0.00024770997250023945,0.0003860149265637337,0.001924805947858527,7.027165476807244e-05,0.9973711974983096
16341,3,3,SVM_RBF,6.906720714899016e-05,0.0008460755726510511,0.0005576379447960564,0.9975709265041681,0.0009562927712358576
10717,0,0,SVM_RBF,0.997573479755745,0.0002923633316542052,0.0011517376745617117,0.0005279972277360354,0.0004544220103029918
13053,2,2,SVM_RBF,1.3244212851732903e-07,4.2183003237361004e-08,0.9998074589966617,0.00017152555000848533,2.0840828198093476e-05
10460,0,0,SVM_RBF,0.9994528390705042,3.986444740609547e-05,0.0003149530919612676,7.526841353940218e-05,0.00011707497658907652
16198,3,3,SVM_RBF,1.3156691053292156e-05,0.00040397535751356947,0.0003594712439355684,0.9978182237511437,0.0014051729563538363
12400,2,2,SVM_RBF,6.673609946456717e-07,2.3266382074856868e-07,0.9997932135303784,0.00020297763614992404,2.908808656314781e-06
12052,2,2,SVM_RBF,7.672389768406151e-08,3.098258621004787e-08,0.9997617215443435,0.0002371452412415443,1.0255079309203019e-06
18016,4,4,SVM_RBF,0.00015791680389787342,2.394115104438498e-05,0.0009339939989874297,0.00019412345656746372,0.9986900245895028
16142,3,3,SVM_RBF,5.0387239788710146e-05,0.0036340343223649025,0.0004730650225672165,0.9955229476219354,0.00031956579334390577
11517,0,0,SVM_RBF,0.9969633992577492,0.0003319696454733995,0.0017007738229224377,0.00046412702076134923,0.000539730253093424
18295,4,4,SVM_RBF,0.00024764003602288393,0.000495876251240272,0.0009545474490593354,7.011639400441494e-05,0.998231819869673
11376,0,0,SVM_RBF,0.9981511880615381,0.0003480024774084569,0.0005163750234543735,0.0005322544437106351,0.0004521799938883537
16974,3,3,SVM_RBF,1.5975141214071364e-06,2.948157066522701e-06,1.6923567440044383e-06,0.9984172534899047,0.0015765084821633074
11385,0,0,SVM_RBF,0.9981511816005725,0.0005319683979644873,0.00021427088079508977,0.0006137523635022062,0.000488826757165712
17105,3,3,SVM_RBF,3.156535995263757e-05,2.083135284862198e-05,0.0004994346949378267,0.9973165659007386,0.002131602691522301
12566,2,2,SVM_RBF,1.7546690920323643e-06,6.534399756748942e-07,0.9996291035890412,0.0003636456275312497,4.84267435970155e-06
13886,2,2,SVM_RBF,1.1757224417209703e-06,3.528433152271661e-07,0.9995981573942094,0.0003319512152671997,6.836282476628446e-05
16297,3,3,SVM_RBF,3.150046965553794e-07,9.99752543567557e-07,3.375944885930078e-07,0.9999491883589576,4.9159289313759664e-05
11702,0,0,SVM_RBF,0.9940879436424278,0.0004147073331014198,0.004276058884558196,0.0005890787569496537,0.0006322113829631313
15463,1,1,SVM_RBF,3.824162838803329e-07,0.9995020120834457,0.0003776256140627126,1.3435314662731705e-05,0.00010654457154495983
16201,3,3,SVM_RBF,3.734295067977287e-05,0.00014518915755655187,0.0004973670776414584,0.9992286892442811,9.141156984110488e-05
12972,2,2,SVM_RBF,6.127641847683318e-07,2.1089155623882442e-07,0.9993532758835266,0.0006393849606779925,6.515500054277614e-06
9989,0,0,SVM_RBF,0.996720299385949,0.00044852242822881295,0.002188820533166416,0.00039390406016885085,0.0002484535924867375
18665,4,4,SVM_RBF,0.00018094561750262633,0.00031209545776580164,0.0007264271543710051,8.505346001321512e-05,0.9986954783103472
14603,1,1,SVM_RBF,5.35190215662522e-07,0.999463915594348,0.0004780320160629735,2.9953710308192823e-06,5.4521828342400364e-05
10229,0,0,SVM_RBF,0.9967509861412954,0.00027171574284900714,0.002483490822022195,0.00013309894491817642,0.00036070834891511333
10848,0,0,SVM_RBF,0.9992635548440155,0.00011174798655823269,0.00018409487871795486,0.0002300813685928571,0.000210520922115572
18880,4,4,SVM_RBF,0.00029612588121156927,0.000460624457373727,0.0038287777989889546,3.9665043859085845e-05,0.9953748068185665
17725,4,3,SVM_RBF,3.179542787809838e-05,0.0006278084935274715,0.0002764872258067584,0.842395386718202,0.15666852213458543
18855,4,4,SVM_RBF,0.0006460525138517008,0.0005099196138540826,0.005127557359032049,6.551306962256086e-05,0.9936509574436394
16525,3,3,SVM_RBF,3.9555141775685504e-07,1.2608671658276923e-06,4.306893932663917e-07,0.999620354057112,0.00037755883491115243
18895,4,4,SVM_RBF,0.00012386118981437113,7.071538838549547e-05,0.0016870124669385953,7.916940580512674e-05,0.9980392415490562
10498,0,0,SVM_RBF,0.9990170981091353,0.00010614163423361342,0.0005656993272380571,0.00016709614919061192,0.0001439647802024762
16315,3,3,SVM_RBF,3.936669056364162e-05,0.00012655807974818356,0.000523225700935017,0.998624846222923,0.0006860033058302895
15614,1,1,SVM_RBF,0.0016189072014557962,0.9938771516899594,0.0021814079134354217,0.0004010747635952471,0.0019214584315540772
14468,1,1,SVM_RBF,6.121580999714938e-07,0.9993911865462543,0.0005415797407735247,3.3860383115987896e-06,6.323551656068591e-05
15779,1,1,SVM_RBF,6.387906579303181e-07,0.999274199583808,0.00044952353609953793,1.2520074502077154e-05,0.0002631180149323981
13445,2,2,SVM_RBF,1.4140586172676557e-06,4.1801639527448815e-07,0.9995400200263366,0.00042172801098953286,3.641988766120815e-05
11723,0,0,SVM_RBF,0.9965804057308203,0.0003105780313469553,0.0018474223782459472,0.0006445341331452662,0.0006170597264416047
18527,4,4,SVM_RBF,4.765056668997112e-05,0.0004064664711611281,0.00038733723916958563,4.278979792132243e-05,0.9991157559250577
15620,1,1,SVM_RBF,0.000993271912788268,0.9956244271725608,0.0017644239140993331,0.00029616753281900643,0.0013217094677325204
13331,2,2,SVM_RBF,2.666254024175048e-07,8.54218501582719e-08,0.9998288159201204,0.00015996773079737393,1.0864301829568854e-05
15905,1,1,SVM_RBF,7.862665355780114e-06,0.9970434103435267,0.0010878604283336465,0.00013683797782825872,0.001724028584955646
10757,0,0,SVM_RBF,0.9918274746739357,0.0020552162955794523,0.0028823034212189197,0.0016040547222338675,0.0016309508870318646
13553,2,2,SVM_RBF,1.801304467778064e-06,6.169383113890971e-07,0.9995525312057767,0.00040827069447948024,3.6779856964639104e-05
12440,2,2,SVM_RBF,8.662986325106391e-07,3.14369294379292e-07,0.999713968026539,0.00028184149775947536,3.00980777435624e-06
18724,4,4,SVM_RBF,4.1186431244663783e-07,6.415027109727014e-07,4.0033233608781285e-07,8.56429646739051e-07,0.9999976898709938
18190,4,4,SVM_RBF,2.2647620457708952e-05,8.196563074682162e-06,0.0005611997891992959,0.0004789896732591613,0.9989289663540091
15844,1,1,SVM_RBF,3.193794840387414e-05,0.9891542350356289,0.0004741730328440531,0.00990534218376551,0.0004343117993575326
14894,1,1,SVM_RBF,4.953001141161568e-06,0.9982128735487018,0.0015579628785313394,2.1285131267346328e-05,0.00020292544035815704
16367,3,3,SVM_RBF,3.750545385153509e-07,1.1878082053903214e-06,4.15975331383885e-07,0.9999210294474763,7.699171444859555e-05
18183,4,4,SVM_RBF,0.00021184510462434245,0.00030920976482440966,0.0010620142118039485,7.249866768226622e-05,0.998344432251065
11572,0,0,SVM_RBF,0.9941422994196042,0.00038368059940399607,0.004403519022902296,0.0004871297223794288,0.0005833712357100737
19127,4,4,SVM_RBF,0.0002070035756952886,0.00036382413354954605,0.0021328652393464865,0.00013636875201952377,0.9971599382993891
14401,1,1,SVM_RBF,1.562129936783955e-06,0.9989635205002576,0.0009245561728123263,5.359228758360773e-06,0.00010500196823462494
17358,3,3,SVM_RBF,4.188875451691257e-05,8.702334317909145e-05,0.0007104809949341677,0.9686810801022038,0.03047952680516589
13009,2,2,SVM_RBF,1.1528263712545428e-07,3.5287880538079353e-08,0.9998024715768916,0.00017065958698164665,2.6718265609169364e-05
16806,3,3,SVM_RBF,1.877323248368797e-05,5.975810793721486e-05,2.0438887477079577e-05,0.9960017678824643,0.003899261889637751
17750,4,4,SVM_RBF,0.0001402919013450418,0.0002576923878054326,0.001545391337974424,0.016726644476517186,0.9813299798963575
14667,1,1,SVM_RBF,6.065725048411708e-07,0.9993939023313203,0.0005424039062462452,2.3811897496171073e-06,6.0706000178867796e-05
16634,3,3,SVM_RBF,4.41753952877811e-05,9.914793025542608e-05,0.0003811994817698702,0.998897924063251,0.0005775531294359581
15138,1,1,SVM_RBF,9.2045532849187e-07,0.9992328878980115,0.0006044892992692273,8.063057864567815e-05,8.107176874497142e-05
17915,4,4,SVM_RBF,5.475143900874894e-05,8.740103293775091e-06,0.0005626437797947431,1.2279315466098049e-05,0.9993615853624368
17976,4,4,SVM_RBF,0.00025083825811942885,3.6093755416939703e-05,0.0017117764238002364,0.00014337745025233252,0.9978579141124113
10443,0,0,SVM_RBF,0.9984602371373645,0.00015918855983546653,0.0006750606682833452,0.00033385893257068975,0.000371654701945719
11761,0,0,SVM_RBF,0.9964003723214804,0.0005506432268736031,0.0020627938519057905,0.0005034811498820772,0.00048270944985823714
13894,2,2,SVM_RBF,2.5870828641817227e-07,9.153214135501923e-08,0.9997424510059607,0.00022927672271930667,2.7922030892033792e-05
13170,2,2,SVM_RBF,1.571572406820919e-06,5.381848062615865e-07,0.9996043114815715,0.00037793318550324477,1.5645575712043593e-05
17166,3,3,SVM_RBF,0.0001466832006998152,0.0007309827656528023,0.0023158807583134712,0.9497870449888707,0.04701940828646332
16453,3,3,SVM_RBF,3.568932645755903e-05,1.0280202927654455e-05,0.00036132689413468066,0.999531550057877,6.115351860294474e-05
11573,0,0,SVM_RBF,0.9947788122116782,0.0005394497378157726,0.003492721716254935,0.0005814782963913167,0.0006075380378598719
12076,2,2,SVM_RBF,2.505578864368171e-07,1.242131062459997e-07,0.999555435420326,0.0004136196433909281,3.0570165290449866e-05
12084,2,2,SVM_RBF,6.117779846472102e-08,1.9924418007839284e-08,0.9998747231439187,0.00011330450364297984,1.1891250221764936e-05
11255,0,0,SVM_RBF,0.9955686630683297,0.0004764735832466839,0.002481301756081199,0.0007995160379955662,0.0006740455543469871
13064,2,2,SVM_RBF,8.50929482503283e-07,2.888351813271915e-07,0.9997290111710783,0.0002630310495466069,6.818014710967369e-06
13577,2,2,SVM_RBF,0.03765929654449901,0.00023863386012972363,0.9501212456086506,0.002549476743516134,0.009431347243204179
18253,4,4,SVM_RBF,5.884442018835258e-05,0.001160411600248428,0.0003434906374036918,3.16109929418852e-05,0.9984056423492175
13782,2,2,SVM_RBF,5.651131421577166e-06,1.8673466125318153e-06,0.9991462527511255,0.0007160746530984055,0.00013015411774199243
15439,1,1,SVM_RBF,1.923676338519719e-05,0.9916632507876042,0.0007002024772996298,0.007428592636928846,0.00018871733478209777
15420,1,1,SVM_RBF,5.017082961175773e-07,0.999286378558119,0.0003958650051752699,4.5091295153451266e-05,0.00027216343325643416
15817,1,1,SVM_RBF,8.227597819743225e-07,0.9991330711406848,0.0004919242755134178,1.2858401993267512e-05,0.0003613234220264771
17959,4,4,SVM_RBF,3.592690005220131e-05,7.193394235068344e-05,0.0003659169413536384,0.002218366742605608,0.9973078554736378
13804,2,2,SVM_RBF,1.0274390078139773e-06,2.73640409523493e-07,0.9994334577392958,0.0004977175378207658,6.752364346607209e-05
15182,1,1,SVM_RBF,1.0509804100990606e-06,0.9988259113579285,0.0006274224012962158,0.000436117679475773,0.0001094975808893883
10002,0,0,SVM_RBF,0.9993863697823834,0.00023338706601551653,0.00015307830445995046,0.00013205212166261376,9.511272547874708e-05
11787,0,0,SVM_RBF,0.9963109834089126,0.0002905734280352699,0.0026710926437406354,0.00039275093737564415,0.00033459958193569965
17677,4,3,SVM_RBF,0.00022000979587370948,0.0011810764519684604,0.0007187515432810274,0.41209249945713816,0.5857876627517383
14586,1,1,SVM_RBF,1.2028564959703216e-06,0.999130450712387,0.0007727212183371408,5.385774246929389e-06,9.023943853300535e-05
13375,2,2,SVM_RBF,1.6385662745509493e-07,5.34032057634109e-08,0.9998108558518162,0.0001661985198226059,2.2728368528143728e-05
11398,0,0,SVM_RBF,0.9982408423225094,0.0004106586070413144,0.0003095206844776188,0.0005548815104369359,0.00048409687553471287
11070,0,0,SVM_RBF,0.9976059611512275,0.00022937684280292987,0.0012440462765177386,0.0003226914348352623,0.0005979242946163672
15552,1,1,SVM_RBF,0.0012546502322964945,0.9706891411239715,0.0021605779225023483,0.0004152635504234418,0.025480367170806255
16874,3,3,SVM_RBF,0.00010041009577884432,0.0003017160820134061,0.0008060095490939045,0.9926506806513724,0.006141183621741555
12350,2,2,SVM_RBF,0.001011822488753066,0.00010203407557749574,0.9983994313550193,0.0004722971770954491,1.4414903554673354e-05
10737,0,0,SVM_RBF,0.9951372392059202,0.0008112424646037638,0.0019259762883471097,0.001199385436733727,0.0009261566043952248
13942,2,2,SVM_RBF,7.608690200131392e-06,2.3220193160872988e-06,0.9990154818260701,0.0008491569266967659,0.0001254305377168657
17461,3,3,SVM_RBF,5.821668657508153e-05,0.00029803991480472904,0.0005264929162340534,0.9199938928062961,0.07912335767609023
11203,0,0,SVM_RBF,0.9957267354130183,0.00033203615219087467,0.002804622095955438,0.0006346771730531324,0.0005019291657826135
12354,2,2,SVM_RBF,0.007780876676957868,6.962733875220138e-05,0.9918148405317563,0.0003078471236336847,2.6808328900043724e-05
14764,1,1,SVM_RBF,5.950326964941154e-07,0.9994076673380586,0.0005285179002367299,2.5004886846570867e-06,6.071924032338537e-05
14412,1,1,SVM_RBF,1.1629192782261503e-06,0.9991168099138603,0.0007864922946504466,5.58837597014442e-06,8.994649624070899e-05
11827,0,0,SVM_RBF,0.9930935890810156,0.0006180844285533814,0.0047626924830353684,0.0007773009938834663,0.000748333013512223
10086,0,0,SVM_RBF,0.9537943680678245,0.0004381456477024081,0.045469398117281026,0.0001744995591069084,0.00012358860808486943
16273,3,3,SVM_RBF,0.00012028017710359017,0.0003668398854221609,0.0007698450050677121,0.9951265496957088,0.003616485236698106
13916,2,2,SVM_RBF,2.0395394417590274e-06,6.129466515620421e-07,0.9994903734941053,0.00044710991745225263,5.986410234926025e-05
11254,0,0,SVM_RBF,0.9968524056521305,0.00017929381600965177,0.0020984350617715723,0.0004794260070797176,0.00039043946300854494
17084,3,3,SVM_RBF,3.785113196085732e-05,0.00014640010846506457,0.0008518600004310841,0.978036138473649,0.020927750285494193
18991,4,4,SVM_RBF,0.0010756040313542182,0.0007090395169265909,0.004053961438200442,0.0001530038316901448,0.9940083911818283
13714,2,2,SVM_RBF,9.091080955261691e-07,3.056311096113105e-07,0.9996799796728716,0.00029586634256628793,2.2939245357030776e-05
15933,3,3,SVM_RBF,3.700932392840569e-05,0.00047358633519135987,0.0005110453082889525,0.9989570221782854,2.133685430580321e-05
15825,1,1,SVM_RBF,1.3195853206640179e-06,0.9976851056960767,0.00033808412945820565,0.001562126140997222,0.0004133644481472197
17195,3,3,SVM_RBF,0.0017609576406466833,0.02638181149671043,0.006380233711211946,0.20163142247327115,0.7638455746781596
15580,1,1,SVM_RBF,1.6622188161470024e-07,0.9996641649661642,0.00023993457451080012,9.092848022384653e-07,9.48249526411733e-05
17710,4,4,SVM_RBF,8.58833422300648e-05,7.11964960088132e-05,0.0009267310729291618,0.0003697603342653623,0.9985464287545666
15242,1,1,SVM_RBF,7.656548763075234e-07,0.9993206151470049,0.0005597173167659716,2.6168571531096122e-05,9.273330982180616e-05
13338,2,2,SVM_RBF,0.01536946282183824,0.00015034477087754003,0.9833734140435503,0.000696064774957216,0.0004107135887766655
12425,2,2,SVM_RBF,1.110431048994569e-06,4.1279679241086477e-07,0.9996880612229606,0.0003076984506725764,2.717098525571087e-06
15649,1,1,SVM_RBF,2.2174404279027808e-07,0.9995059792124183,0.0002177367347444993,6.562025623105283e-06,0.00026950028317123645
18471,4,4,SVM_RBF,5.2524399886420114e-05,3.766723354625083e-05,0.0019961250973395107,0.0034777851208840035,0.9944358981483438
14397,1,1,SVM_RBF,4.608421363945285e-07,0.9994676189561774,0.0004755201730327802,2.318442254611399e-06,5.4081586398754606e-05
11621,0,0,SVM_RBF,0.9976235788293694,0.0003564603052815215,0.0010151642697962156,0.0005553957805395327,0.00044940081501328307
11585,0,0,SVM_RBF,0.9964453543964343,0.0005398105141836288,0.0014524413579286345,0.0008060877647595286,0.0007563059666938746
10588,0,0,SVM_RBF,0.9973433081708156,0.00019137805676819458,0.001980400911624638,0.00029964403518663546,0.00018526882560507363
18766,4,4,SVM_RBF,7.396591563915228e-05,5.422269448467276e-05,0.00040696663676238553,9.891511666984243e-06,0.999454953241447
17919,4,4,SVM_RBF,6.484670285848404e-05,9.981828312057309e-05,0.0006067535190657065,0.009665114916422586,0.9895634665785329
18549,4,4,SVM_RBF,0.00010389640931009266,0.00019480915874282243,0.0005832758771945459,5.243675388423921e-06,0.9991127748793641
14725,1,1,SVM_RBF,7.751414839389468e-07,0.9993208557915748,0.0006028533206578892,3.7279668041381574e-06,7.178777947911611e-05
16606,3,3,SVM_RBF,6.801817946682706e-05,0.00033882637252085804,0.0008787506999338244,0.997068526394038,0.0016458783540408035
17826,4,4,SVM_RBF,0.0001667099202895332,9.893450898464662e-05,0.0014887317890726923,0.00031166333944411735,0.9979339604422092
11447,0,0,SVM_RBF,0.9986528401895441,0.000309789243318347,0.00018491950232599856,0.0004704007550098456,0.00038205030980163903
17022,3,3,SVM_RBF,5.5242950983439996e-05,0.00010400959983866757,0.0012562307072308816,0.9925910779714068,0.005993438770540055
14532,1,1,SVM_RBF,1.1317152059484068e-06,0.9991498665339176,0.0007526675676313889,5.785010176218843e-06,9.054917306894426e-05
11171,0,0,SVM_RBF,0.9958936906774569,0.0003175414878457562,0.0027357236735490115,0.0005966616376747945,0.0004563825234735972
14612,1,1,SVM_RBF,5.476513139922354e-07,0.9994353693043968,0.0005048525289657968,2.5894899719398814e-06,5.664102535173918e-05
14235,1,1,SVM_RBF,9.937614661219866e-07,0.9991522389953836,0.0007594317028033604,4.994933219273962e-06,8.234060712755946e-05
17906,4,4,SVM_RBF,8.530624112061554e-05,3.835358266895578e-05,0.0007416825830244498,7.197557194738633e-05,0.9990626820212386
17150,3,3,SVM_RBF,9.8364404804735e-05,0.0007365847824757974,0.001246090285009649,0.956613066530152,0.041305893997557706
11414,0,0,SVM_RBF,0.998202681541455,0.0004138451339220763,0.000323213898544826,0.0005653689814047397,0.0004948904446733449
12817,2,2,SVM_RBF,1.4971064708030163e-07,4.5012936026707115e-08,0.9998694055465533,0.00012701697265044465,3.3827572130274538e-06
13699,2,2,SVM_RBF,2.795493930477231e-06,8.008996322434615e-07,0.9994239163559506,0.0005324121752307587,4.007507525599621e-05
16059,3,3,SVM_RBF,2.947273396483694e-05,0.0006921894956159834,0.0006735462676765605,0.9959837194364113,0.002621072066331442
16283,3,3,SVM_RBF,7.624277108716053e-05,0.0033833215566564105,0.00032995397685601184,0.9960161142353627,0.0001943674600377846
10476,0,0,SVM_RBF,0.9990799686420725,8.769064311106438e-05,0.0004066038404962282,0.00015434587709276364,0.0002713909972274406
15843,1,1,SVM_RBF,7.712186579753815e-05,0.9615626547118359,0.00040660807833167235,0.03709916092342672,0.0008544544206081749
17651,4,4,SVM_RBF,0.00010098676942130922,0.0002396021123325124,0.0009024661236105801,0.010673710378874166,0.9880832346157614
16532,3,4,SVM_RBF,0.001584790138624357,0.004078260334682763,0.002449795430950305,0.047672328123886644,0.944214825971856
11784,0,0,SVM_RBF,0.9959803178622513,0.0005300700401738874,0.0025866437120068654,0.00042057431190521216,0.0004823940736626877
14834,1,1,SVM_RBF,1.0630070621223658e-06,0.999209292998515,0.0006995163399274997,5.3789225571842905e-06,8.474873193806656e-05
15311,1,1,SVM_RBF,3.8755406343260456e-05,0.9878825404008159,0.0015855423902925148,0.010052479037852783,0.00044068276469557386
18863,4,4,SVM_RBF,0.00014888050269995772,0.0002141195940285001,0.0031806829852908413,0.00013088716189325287,0.9963254297560875
15324,1,1,SVM_RBF,0.0001256284883077031,0.9788425961327387,0.0008290269387965306,0.019884201146863442,0.0003185472932936667
13156,2,2,SVM_RBF,3.743806504548064e-07,1.1794703408905139e-07,0.9997704150808534,0.00020139567349078267,2.769691797132174e-05
12833,2,2,SVM_RBF,4.269511607751295e-07,1.2735307834275655e-07,0.9995632662368593,0.00042499756093222513,1.1181897969477759e-05
13370,2,2,SVM_RBF,1.7548928658729335e-06,5.213418338056088e-07,0.999545803764879,0.00042409767766924924,2.7822322752028078e-05
11876,0,0,SVM_RBF,0.9956096595270891,0.0005293529257789297,0.0028662875529403328,0.00047694156396286505,0.0005177584302285607
16463,3,3,SVM_RBF,7.842184576713081e-07,2.494247422182595e-06,8.674778019984765e-07,0.9994448768870756,0.0005509771692425803
15647,1,1,SVM_RBF,5.823464057754229e-07,0.999189018078089,0.00044029154344574407,0.00015690156538668924,0.00021320646667279803
12937,2,2,SVM_RBF,1.363245565936049e-06,4.4627547884621133e-07,0.9997302414998758,0.0002585863110959692,9.36266798357571e-06
18593,4,4,SVM_RBF,4.121302269445623e-07,6.428410395616156e-07,4.014406563875026e-07,8.578050039758111e-07,0.999997685783073
10375,0,0,SVM_RBF,0.9991211950089126,0.00018938533867656051,0.00027494009058185115,0.00010314686741080494,0.00031133269441841675
15270,1,1,SVM_RBF,1.0793046270056054e-06,0.998978825439507,0.0006411015324875117,0.00023783600037939826,0.0001411577229992306
10819,0,0,SVM_RBF,0.9990196922103871,0.00014669119246296747,0.00029119449224352935,0.0003134002765923833,0.00022902182831419565
12160,2,2,SVM_RBF,2.4557095764156803e-07,1.2452309103077638e-07,0.9996161364831669,0.0003375076480192425,4.598577476523902e-05
16097,3,3,SVM_RBF,3.5629396659335e-05,0.0007708971091943889,0.0004904363556418288,0.9986335687730216,6.946836548277038e-05
10139,0,0,SVM_RBF,0.9989217313864064,0.0002722571523630351,0.0005499398938406513,0.000154102437099704,0.00010196913029019241
13010,2,2,SVM_RBF,4.913222747198188e-07,1.5996190224638206e-07,0.9997900874856939,0.00020296436378022478,6.2968663490621074e-06
10630,0,0,SVM_RBF,0.9987926015297691,0.00015871249613230156,0.0005446679916837231,0.00021772149488106233,0.0002862964875337746
12885,2,2,SVM_RBF,2.0710624029147873e-06,7.048186282474628e-07,0.9995350776757105,0.000451106372787146,1.1040070471194446e-05
11433,0,0,SVM_RBF,0.9984421449625765,0.0002457115676149173,0.00048645620710745246,0.00043144787539960676,0.0003942393873016275
15055,1,1,SVM_RBF,1.1769805688163224e-06,0.9991359817022846,0.0007127248025095059,2.8873002791646284e-05,0.00012124351184558133
16136,3,3,SVM_RBF,4.8955576331208345e-05,0.00018375560419968726,0.0009963094260261802,0.9985380431474613,0.00023293624598130723
15947,3,3,SVM_RBF,9.395905147642082e-05,0.036567248034012845,0.0008472791804516318,0.9622783038040839,0.00021320992997540832
17669,4,4,SVM_RBF,0.0002729477268606666,9.85349997709404e-05,0.001873214010225774,0.00016068619785686376,0.9975946170652856
12209,2,2,SVM_RBF,1.3786093295021798e-07,6.830005521939475e-08,0.9996273924965304,0.00036891007175895903,3.491270722647157e-06
10496,0,0,SVM_RBF,0.9957975991100161,0.0004907884050880384,0.002885269292282809,0.0005552873873791144,0.00027105580523415846
14088,1,1,SVM_RBF,1.2339723555894133e-06,0.9990437861519835,0.0008587033885827397,7.733222856165439e-06,8.854326422198148e-05
18140,4,4,SVM_RBF,4.188051355785366e-05,0.0011761545270761887,0.00048273898046329695,0.0018672875374620632,0.9964319384414406
11626,0,0,SVM_RBF,0.9943787200109904,0.0004793754948099435,0.003934389620245813,0.0005845502445246353,0.0006229646294291161
16401,3,3,SVM_RBF,7.650764880801421e-05,3.566922440646549e-05,0.0005953526601378357,0.9992367618939006,5.5708572746771406e-05
10394,0,0,SVM_RBF,0.9961199073863539,0.000529269172049194,0.002367414814387836,0.0005844999843604565,0.0003989086428487382
12301,2,2,SVM_RBF,0.006396654932892104,5.7377457889351445e-05,0.9932732403730244,0.00019940425358681537,7.332298260714008e-05
17153,3,3,SVM_RBF,2.6471706428779905e-05,2.0529274805526665e-05,0.0005568711173417813,0.9932944493688127,0.0061016785326112365
10218,0,0,SVM_RBF,0.9995663676147746,9.55788451353543e-05,0.00012138323441603777,3.498665764458663e-05,0.00018168364802906628
15331,1,1,SVM_RBF,1.0645802682512384e-05,0.9938050232823185,0.000641904238326462,0.0053955640586245655,0.0001468626180479761
13162,2,2,SVM_RBF,2.8745723061507395e-07,1.282694425871281e-07,0.9994507207760983,0.0005085625986729169,4.0300898555558936e-05
12500,2,2,SVM_RBF,2.2814147471112612e-07,7.647874264880413e-08,0.9998427634641918,0.00015327931933433196,3.6525962564390226e-06
15342,1,1,SVM_RBF,2.2252509030039387e-06,0.9974864973714136,0.0007375009615432557,0.0015893890669142646,0.00018438734922583363
10440,0,0,SVM_RBF,0.9993944425049276,4.7890463248588256e-05,0.00027553501723610787,0.00011272600909478664,0.00016940600549312804
15732,1,1,SVM_RBF,4.521227667878162e-07,0.9994317821932542,0.0003957318917336836,3.9329590597393774e-05,0.00013270420164809566
16199,3,3,SVM_RBF,0.00015999080817301952,0.00019711957979140612,0.006332117655681987,0.9608449968612433,0.0324657750951102
16193,3,3,SVM_RBF,8.659984254317301e-05,0.0015398177847361053,0.0008736612615127568,0.9955932270377873,0.0019066940734204084
13194,2,2,SVM_RBF,2.9056391555520224e-06,9.67064522184834e-07,0.999437832052027,0.0005348886754015025,2.340656889373106e-05
14107,1,1,SVM_RBF,4.4085815724569814e-07,0.9994528450337093,0.0004896883088101444,2.2730273950932296e-06,5.475277192815217e-05
12219,2,2,SVM_RBF,1.36683100236896e-07,4.247174267535326e-08,0.9997689623164503,0.00022812302127336604,2.735507433434728e-06
16681,3,3,SVM_RBF,2.9568174512759816e-06,9.4194472416682e-06,3.2211850283041315e-06,0.998476613106537,0.0015077894437417168
13389,2,2,SVM_RBF,7.540503438263491e-07,2.6725133868877887e-07,0.999716197128108,0.00026375628965821357,1.902528055127878e-05
14930,1,1,SVM_RBF,2.2315424067773463e-06,0.9988064035126154,0.00101043553140063,3.9732148888044124e-05,0.00014119726468901883
10406,0,0,SVM_RBF,0.9977975589176298,0.00034409932387766476,0.0008836866543413395,0.00043921644946402137,0.0005354386546870388
14916,1,1,SVM_RBF,1.136399942441547e-06,0.9992035956394317,0.000707002864304579,6.343888322876895e-06,8.192120799828578e-05
11378,0,0,SVM_RBF,0.9985857186775602,0.00025096901803684006,0.0003967873230011858,0.0004060014194307939,0.0003605235619710236
18579,4,4,SVM_RBF,0.00016722170829862752,0.0009619882812476514,0.0010385881750203494,0.0001391941600025227,0.9976930076754309
18535,4,4,SVM_RBF,0.0001609317466837945,0.0011924898435548947,0.0007544357081951633,0.00015921399294735862,0.9977329287086187
10865,0,0,SVM_RBF,0.9991138034261261,0.00012545371723286924,0.00024820961573725507,0.0002854639872715092,0.0002270692536321243
12540,2,2,SVM_RBF,0.0014201574360612383,7.080393740646241e-05,0.9981539800591965,0.0003316707102025159,2.3387857133433767e-05
16427,3,3,SVM_RBF,7.622402027612784e-05,0.00830222359423776,0.0003039172330752617,0.9907017097740658,0.0006159253783455276
18818,4,4,SVM_RBF,0.000389663143683013,0.0005854379241195446,0.004102936712943212,8.075355503847464e-05,0.9948412086642157
12894,2,2,SVM_RBF,8.535708712341134e-08,2.576896320280181e-08,0.9999000358885787,9.608352944001697e-05,3.769455931046943e-06
13772,2,2,SVM_RBF,2.649395024861271e-06,1.3782995453711694e-06,0.9992361058091669,0.0005750603261128548,0.00018480617015001507
11712,0,0,SVM_RBF,0.9948771711529029,0.0005784776213723905,0.003221600467123576,0.0006313131483096354,0.0006914376102913698
13759,2,2,SVM_RBF,2.453951329012195e-06,8.258166126715474e-07,0.9994493273845759,0.00047348117213487476,7.391167534770071e-05
15505,1,1,SVM_RBF,2.63833057736222e-07,0.9996002704252501,0.00030839954313739525,2.3824654950485904e-06,8.868373305960587e-05
17414,3,3,SVM_RBF,2.4757003803363905e-05,8.807025468461101e-05,0.0004363937154645059,0.9733472093247282,0.02610356970131927
10276,0,0,SVM_RBF,0.9993307622684047,0.00020651316171247492,5.44429419804624e-05,0.00010931720476168208,0.00029896442314048725
10009,0,0,SVM_RBF,0.9969820473317007,0.00028671196453107587,0.0024724393917144663,0.00013560117072884375,0.00012320014132503738
13954,1,1,SVM_RBF,2.3524080058688875e-06,0.9986852344083668,0.0011918087367607116,1.1794764758339652e-05,0.00010880968210829496
13279,2,2,SVM_RBF,4.294777313496128e-07,1.2366113522649364e-07,0.9998164212523541,0.00016599997638221047,1.7025632397285008e-05
13223,2,2,SVM_RBF,2.765055598807401e-07,1.0223281723759269e-07,0.9995107914964028,0.0004573940988621966,3.1435666357805245e-05
13542,2,2,SVM_RBF,3.0859238222777526e-07,8.788829590234486e-08,0.9997877953383388,0.00018636447162616348,2.544370935690903e-05
12598,2,2,SVM_RBF,6.293559313391966e-07,2.266226302652808e-07,0.9997590420972817,0.0002375890864919679,2.512837664836163e-06
13610,2,2,SVM_RBF,3.967274908273508e-07,1.0864441614360373e-07,0.9998031190496114,0.00017934780343325588,1.7027775048287673e-05
13110,2,2,SVM_RBF,1.572205346153357e-07,4.493226524167471e-08,0.9998170808999118,0.00016287769888672916,1.9839248401531923e-05
12221,2,2,SVM_RBF,0.005572002572655307,3.9632174410983434e-05,0.9941241217274295,0.00015132084766315566,0.0001129226778409639
10983,0,0,SVM_RBF,0.9990468759045124,0.00011434827325509651,0.0003524881427119847,0.00022137657025356747,0.0002649111092669355
12338,2,2,SVM_RBF,5.8975984240113564e-08,1.8812977930468568e-08,0.9998426734840388,0.00015293809417862904,4.3106328203846435e-06
12701,2,2,SVM_RBF,9.188299270581152e-07,3.323068445210182e-07,0.9997182565041219,0.00027620599056140755,4.286368545200976e-06
17798,4,3,SVM_RBF,5.23668916378522e-05,0.00023363645846209276,0.0008519586678080119,0.3460279474169044,0.6528340905651874
13226,2,2,SVM_RBF,3.3909411196755354e-07,1.017305643314059e-07,0.9997973443094973,0.00018495636417870242,1.7258501647624702e-05
18167,4,4,SVM_RBF,8.688568841020308e-05,0.00019381889908071874,0.0006105659089308342,2.720847742954335e-05,0.9990815210261487
16838,3,3,SVM_RBF,0.0005784743989325272,0.013539055348564978,0.003980284148857785,0.7846035949921002,0.19729859111154446
11418,0,0,SVM_RBF,0.9982786649264012,0.0003834779667291651,0.00039647144518129435,0.0005006900415968142,0.0004406956200915744
11612,0,0,SVM_RBF,0.9968818535476612,0.00037882342453148145,0.0016436125198721284,0.0005590571255924469,0.0005366533823426306
12424,2,2,SVM_RBF,0.0018369354867036585,8.786395677952545e-05,0.9976590354782657,0.000384086973077988,3.20781051731476e-05
11337,0,0,SVM_RBF,0.995955991836669,0.0002311481657797891,0.0028367820588843175,0.00053081360140926,0.0004452643372578272
17490,4,4,SVM_RBF,0.00014507546706865512,0.0002789608759157439,0.0012805102734237358,0.015277854243557109,0.983017599140035
15187,1,1,SVM_RBF,3.616307614561753e-07,0.9994154105981014,0.00036354100222005795,0.00013813252209774607,8.255424681979045e-05
17780,4,4,SVM_RBF,5.227586586674842e-05,2.503363352493437e-05,0.0006772465732395321,0.00014245711276682945,0.9991029868146019
11622,0,0,SVM_RBF,0.9964188966728433,0.0007567198111805406,0.0012505595591848955,0.0008468134970616583,0.0007270104597296655
14229,1,1,SVM_RBF,1.1839941030359745e-06,0.9990720786112963,0.0008319309972849981,6.593801487216855e-06,8.821259582813724e-05
17039,3,3,SVM_RBF,0.00017327541391784468,0.000284208992459891,0.00016860946026681808,0.9800177544974922,0.019356151635863243
12562,2,2,SVM_RBF,5.0552604317468924e-08,1.588775721203285e-08,0.9999180370297232,7.699992090575522e-05,4.896609009388578e-06
15300,1,1,SVM_RBF,8.835131101293237e-07,0.9992730525591232,0.0005922278374812509,1.0269596330008087e-05,0.0001235664939553324
17273,3,3,SVM_RBF,3.784699628196387e-05,7.477221861891644e-05,0.00035505685997429845,0.9732507263786515,0.026281597546473662
11005,0,0,SVM_RBF,0.9886584782560319,0.0001732829086514569,0.010243604331440526,0.0005711593676612241,0.00035347513621459544
16292,3,3,SVM_RBF,5.717759050189014e-05,0.0017024558813066623,0.0004277571854754838,0.9973846001274411,0.0004280092152748743
17050,3,3,SVM_RBF,9.98610143457936e-05,0.00014243201380476772,0.0017626918044106187,0.9608397252761877,0.03715528989125109
13670,2,2,SVM_RBF,4.819107994935417e-07,2.283184552342925e-07,0.999661244929901,0.00026451201530821255,7.353282553593437e-05
14917,1,1,SVM_RBF,5.761595626217922e-07,0.9994325178397039,0.0005034314810881001,2.473001177490958e-06,6.100151846785477e-05
17329,3,3,SVM_RBF,6.05298086783111e-05,2.6388925683880987e-05,0.0003645643418600359,0.997357109573865,0.002191407349912657
11788,0,0,SVM_RBF,0.9962770047610953,0.00035070627564340795,0.0024922746079152117,0.0005081037656771188,0.00037191058966888353
12710,2,2,SVM_RBF,1.3329823606968364e-06,4.696010649105656e-07,0.9996364439940545,0.00035570679119297817,6.046631326889522e-06
14899,1,1,SVM_RBF,8.1776540309747e-07,0.999307144131052,0.0006000028549773669,6.519201829504655e-06,8.551604673796918e-05
15673,1,1,SVM_RBF,3.007066747038423e-07,0.9995572105937831,0.00032215239862876235,3.4354369318634467e-06,0.00011690086398183524
11427,0,0,SVM_RBF,0.9899145563960631,0.00044041280733456655,0.008342844243656528,0.0006299615614424686,0.0006722249915035096
18605,4,4,SVM_RBF,3.04720857226763e-07,4.7446298476332253e-07,2.9510448137955074e-07,6.335809081226213e-07,0.9999982921307685
19109,4,4,SVM_RBF,1.1101641528357237e-06,5.394055283250505e-07,1.5862447264590694e-06,6.846797412362375e-07,0.9999960795058511
18578,4,4,SVM_RBF,0.00015824577481165968,0.00042172212803296636,0.0007739894137798452,8.939247423777249e-05,0.9985566502091375
12192,2,2,SVM_RBF,6.845076874161058e-08,2.2725708395064128e-08,0.9999111906650072,8.589514468613593e-05,2.8230138296796635e-06
16302,3,3,SVM_RBF,4.8768122013393703e-05,0.0005901268913842297,0.0004120991780203127,0.9987506656590724,0.000198340149509884
13254,2,2,SVM_RBF,1.2115525100396448e-06,4.193077141052499e-07,0.9996427441462138,0.000340437886049563,1.5187107512507642e-05
15150,1,1,SVM_RBF,1.6204399915960546e-06,0.9988879697259148,0.0008271304026855739,0.00015476358751186707,0.0001285158438961979
16185,3,3,SVM_RBF,3.5115548867775396e-07,1.1164002028097562e-06,3.859304717215093e-07,0.9999613901447636,3.675636907319913e-05
18282,4,4,SVM_RBF,0.00018081847933176567,0.00019186471254571224,0.001078232333887573,9.754554629019933e-05,0.9984515389279448
13658,2,2,SVM_RBF,1.1649462203536333e-06,4.354334285953357e-07,0.9996260751235218,0.00032224466788245226,5.007982894670345e-05
12661,2,2,SVM_RBF,9.6477407036289e-08,3.1212805799928363e-08,0.9998958002481148,9.936164010036079e-05,4.710421572151434e-06
18465,4,4,SVM_RBF,7.022520922164744e-05,8.089396836841066e-05,0.00045520463272342423,3.1603164481371674e-05,0.999362073025205
11775,0,0,SVM_RBF,0.996512786908048,0.00048554059771975885,0.00216256345693224,0.00039299984760198285,0.00044610918969785923
16888,3,3,SVM_RBF,4.9331376755498136e-05,2.8873250445027712e-05,0.0020054379410390866,0.9945533151367568,0.0033630422950036536
14657,1,1,SVM_RBF,6.707022303669555e-07,0.999379957008152,0.0005543127708687672,2.900042583993795e-06,6.215947616482157e-05
18554,4,4,SVM_RBF,8.038859860913926e-05,0.0024341354471009193,0.0005522807597153832,0.0009349471561708294,0.9959982480384036
18381,4,4,SVM_RBF,0.00016419055287089434,0.00032451916150162517,0.0008220807116249368,4.862252335906281e-05,0.9986405870506435
10388,0,0,SVM_RBF,0.9993536762733318,4.684501720462345e-05,0.0004022368383607751,7.663606014530732e-05,0.00012060581095749136
13544,2,2,SVM_RBF,1.9238046305891566e-07,5.9114283477795076e-08,0.9997853038662718,0.00015196111938906026,6.248351959260503e-05
14957,1,1,SVM_RBF,4.9779865244963895e-06,0.997943168979986,0.001499891742172642,0.0003177752281764145,0.00023418606314043778
12975,2,2,SVM_RBF,5.114315960311448e-07,1.7761174271758263e-07,0.9995726280079041,0.0003749857123387143,5.1697236418315924e-05
17374,3,3,SVM_RBF,4.326486103493545e-05,0.0002335183085668051,0.0006974313870871301,0.9403814538796359,0.058644331563675316
18794,4,4,SVM_RBF,5.947091560398627e-05,2.7859269951368875e-05,0.0003576780508204285,3.2491659274433035e-06,0.9995517425976969
12687,2,2,SVM_RBF,7.615928495533052e-07,2.6698914260949764e-07,0.9997314593324385,0.0002624599232684361,5.052162301157531e-06
13828,2,2,SVM_RBF,1.2852830385455287e-06,4.222752048263696e-07,0.9996091795217934,0.0003448323798427676,4.428054012029943e-05
17344,3,3,SVM_RBF,1.8902180335948204e-05,5.564772155971505e-05,0.0006547690807022068,0.9806536937870688,0.018616987230333046
13686,2,2,SVM_RBF,4.331085478845242e-07,1.3407453901007933e-07,0.9996971890658827,0.0002463463822845596,5.589736874577145e-05
14140,1,1,SVM_RBF,1.5642883109494275e-06,0.9988975532713631,0.0009927330961772083,8.76440003273647e-06,9.938494411576213e-05
15835,1,1,SVM_RBF,1.8351272185074788e-07,0.9996430724044982,0.0002445721637876692,1.2752159096158017e-06,0.00011089670308271506
17565,4,3,SVM_RBF,3.731037652748551e-05,0.0006083523768626323,0.00048071901348904116,0.831303667411186,0.16756995082193468
18923,4,4,SVM_RBF,0.000316430125819056,0.00036952965276146305,0.0024503378418348687,3.4096511388241175e-05,0.9968296058681961
11726,0,0,SVM_RBF,0.995636872479845,0.0004619811125113486,0.0027340251728271777,0.0006086572027042097,0.0005584640321123477
19072,4,4,SVM_RBF,0.00037551014835131774,0.0005629001796760441,0.001795397207031313,3.099703925476502e-05,0.9972351954256867
11238,0,0,SVM_RBF,0.9961858615228908,0.00018154032558852307,0.002643709338488454,0.0005087527477834925,0.00048013606524863547
10580,0,0,SVM_RBF,0.9984111343539663,0.00020636356854688152,0.0008512807454055452,0.00030254040537635083,0.00022868092670502054
15327,1,1,SVM_RBF,2.1427595225838863e-05,0.9911263607829986,0.000906967516761715,0.0076934307585244536,0.0002518133464893232
16184,3,3,SVM_RBF,0.0002566530404808687,0.00015097206891436697,0.01090610817594234,0.98343500229415,0.005251264420512396
13551,2,2,SVM_RBF,1.8804933539907354e-06,7.154245759307856e-07,0.9994652386633894,0.000424068683086442,0.00010809673559419052
12783,2,2,SVM_RBF,0.00272843843947743,8.659817697959679e-05,0.9966217620595387,0.0004845675769135497,7.86337470902689e-05
15642,1,1,SVM_RBF,3.3236565117716597e-06,0.9965375535999499,0.0006035368281235227,0.0026519106871317347,0.0002036752282831352
17897,4,4,SVM_RBF,0.00027887616787191337,4.7518926129836444e-05,0.0012035515167134172,0.0002593903032835407,0.9982106630860014
13652,2,2,SVM_RBF,2.246678409716355e-06,7.150360858478815e-07,0.9994978225598152,0.00046213565412818604,3.708007156118276e-05
18613,4,4,SVM_RBF,0.0006984182427959364,0.00116239309106929,0.0013379082649104075,0.0008049577704109254,0.9959963226308133
11565,0,0,SVM_RBF,0.9949932726517455,0.0005516551123178009,0.0031957198819134347,0.0006298320328577514,0.0006295203211655275
13818,2,2,SVM_RBF,2.759288219773898e-06,9.08320865356239e-07,0.999407315053615,0.0005008110277516701,8.820630954807751e-05
11900,0,0,SVM_RBF,0.9915391453311607,0.000321784778146855,0.006306583308272094,0.0010586653324961895,0.0007738212499239221
12810,2,2,SVM_RBF,1.3785792138960818e-06,4.945460105451322e-07,0.9996487924526416,0.00034126469789428287,8.069724239557425e-06
15416,1,1,SVM_RBF,1.1084447830343751e-06,0.998936346725092,0.0006358320467101808,0.00021430268996978216,0.0002124100934449521
17952,4,4,SVM_RBF,0.00018348117898964696,0.00033305294505156757,0.0008034914998014458,0.02443712388043797,0.9742428504957193
14027,1,1,SVM_RBF,7.078787340748044e-07,0.9992880101981008,0.0006401342427924524,3.1579218150164387e-06,6.798975855765873e-05
15800,1,1,SVM_RBF,6.858032876786722e-07,0.9991903576706022,0.0004329837475891601,7.897633506215366e-06,0.00036807514501459044
11668,0,0,SVM_RBF,0.9977615537573541,0.00033774498533430266,0.0009458671441260712,0.0005143381789034934,0.0004404959342820862
14260,1,1,SVM_RBF,3.2169316718521145e-07,0.9995587974239303,0.000395673979231889,1.4963739093853459e-06,4.3710529761262784e-05
17901,4,4,SVM_RBF,0.0002922394709298308,4.944326138467107e-05,0.002616812126452834,5.334767832032371e-05,0.9969881574629124
12100,2,2,SVM_RBF,8.165199907140764e-08,2.840840863943064e-08,0.9998731245783816,0.00011514947979545906,1.1615881415038587e-05
15127,1,1,SVM_RBF,6.720335989929472e-07,0.9992394533983205,0.000519857428261096,0.00015066928193458918,8.934785788486055e-05
18166,4,4,SVM_RBF,0.00010426314299399176,0.006116108967754108,0.000753114573617649,0.0018239808696534038,0.991202532445981
10635,0,0,SVM_RBF,0.9992242566585265,6.267816049612857e-05,0.00037944403275733167,0.00014312748359082805,0.0001904936646292902
13372,2,2,SVM_RBF,7.919484345891892e-08,2.410828815073028e-08,0.9998875597186897,0.00010261657263909663,9.720405539517632e-06
17828,4,4,SVM_RBF,0.0006091647419307507,0.00031476665010060824,0.0022030884381876235,0.0005116302799166596,0.9963613498898645
14630,1,1,SVM_RBF,1.6587543049535579e-06,0.9989679732339373,0.0009126731556190024,7.796006071617136e-06,0.0001098988500669306
19045,4,4,SVM_RBF,0.001993282024665381,0.0013030938783438856,0.005685425223062489,0.00016523382847558128,0.9908529650454528
17145,3,3,SVM_RBF,3.0982130228512906e-05,8.965722606259822e-05,0.0006222046407114465,0.9815658089573053,0.01769134704569198
14906,1,1,SVM_RBF,5.657449018210076e-07,0.9994484323510775,0.0004937981703148106,3.020537060172734e-06,5.418319664571534e-05
10674,0,0,SVM_RBF,0.9463738291404825,0.02554546058643431,0.007701925154884591,0.006796858349940377,0.013581926768257821
12819,2,2,SVM_RBF,0.01911270903400218,0.0004451646307058498,0.9788684953327487,0.0013081198029186382,0.00026551119962487117
17036,3,3,SVM_RBF,5.1630313756554245e-05,9.962522016441804e-05,0.0005857938475341325,0.9929834201861611,0.006279530432383886
10739,0,0,SVM_RBF,0.9846890419105385,0.005779587450628607,0.003908765189679286,0.0024252036881498803,0.003197401761003534
12168,2,2,SVM_RBF,1.4457866819215094e-06,5.542386273509632e-07,0.9997145801672274,0.0002806640188814396,2.7557885821110306e-06
11325,0,0,SVM_RBF,0.9941166645208674,0.0003710358635271525,0.004169288612441922,0.0006902461301514306,0.0006527648730121518
17990,4,4,SVM_RBF,0.00016866384285332692,2.6553523967717028e-05,0.0010639703897976345,0.00015778211794649293,0.9985830301254348
10391,0,0,SVM_RBF,0.9964034404866848,0.0009479647740444783,0.0010910737178094936,0.0005526985043797021,0.0010048225170817115
19005,4,4,SVM_RBF,0.000310647628186229,0.000397329983331865,0.0024109284525681693,8.004855493896635e-05,0.9968010453809747
10596,0,0,SVM_RBF,0.9964723353430416,0.00044562371519169463,0.0021186406396746307,0.0006528450334010239,0.0003105552686910686
18130,4,4,SVM_RBF,8.459958034994642e-05,0.0001386730884866906,0.0005199641485351145,0.015418047749322664,0.9838387154333057
18832,4,4,SVM_RBF,0.0002188301579347814,0.0002899276662743483,0.0031360779382243196,6.855376209802781e-05,0.9962866104754682
10366,0,0,SVM_RBF,0.9996170518599434,0.00011665931966843068,1.691675472268038e-05,5.7276609653724556e-05,0.00019209545601184114
16036,3,3,SVM_RBF,7.831522796951331e-05,9.363420069112e-05,0.0008192904147104833,0.9989634711665372,4.5288990091581066e-05
14976,1,1,SVM_RBF,1.5344886766742724e-06,0.9990007182915385,0.0008424668091195356,2.1935605294599e-05,0.00013334480537051277
17936,4,4,SVM_RBF,1.2829382402620502e-06,6.805903675905232e-07,1.7362726623849607e-06,1.6053090900925604e-06,0.9999946948896397
11212,0,0,SVM_RBF,0.9916974938246194,0.0002499383835107994,0.007253347866959919,0.0004321629967838253,0.0003670569281259667
16168,3,3,SVM_RBF,8.03619741697018e-05,0.0014499516384210744,0.0010398596910491692,0.9969155454584929,0.0005142812378671692
15015,1,1,SVM_RBF,8.304535919171442e-07,0.9992719492453696,0.000598771431745843,1.859619731078784e-05,0.00010985267198207741
18650,4,4,SVM_RBF,4.279179664318605e-05,0.0006253119415473374,0.00033543817885331163,0.00042370562500520885,0.9985727524579511
14686,1,1,SVM_RBF,6.99662019489291e-07,0.9993581699340117,0.0005745797934361115,2.7778795650170804e-06,6.37727309675506e-05
11466,0,0,SVM_RBF,0.9986182524422428,0.0003022268274806839,0.00024342893791846426,0.00044187578603459374,0.0003942160063234229
10736,0,0,SVM_RBF,0.998749307268813,0.00010468095126200647,0.0005784226126519208,0.0002985336817521408,0.000269055485520953
15796,1,1,SVM_RBF,1.823499457438136e-06,0.9973107369352457,0.0004303831004433945,0.0017598726071225744,0.0004971838577307656
13144,2,2,SVM_RBF,2.3342684605702558e-07,7.160121494894831e-08,0.9998414042981802,0.00015095920359355062,7.331470165069749e-06
15629,1,1,SVM_RBF,5.491712192607467e-07,0.9992148254418097,0.00042620497817052696,0.0001484852456626145,0.00020993516313800407
11675,0,0,SVM_RBF,0.9960521552636226,0.0004658557680853138,0.0023204951804519543,0.0005655774009676996,0.0005959163868724602
17967,4,4,SVM_RBF,3.871048195030449e-07,3.825946847788658e-07,4.1916373451967996e-07,6.708641483214848e-07,0.9999981402726129
14028,1,1,SVM_RBF,1.099255360203768e-06,0.9990900687809565,0.0008216748492304394,5.2204003689893596e-06,8.193671408386043e-05
10823,0,0,SVM_RBF,0.9988722984649908,0.00016520171857429327,0.00034209567309960014,0.00037134366723533344,0.00024906047610003776
14315,1,1,SVM_RBF,1.1217593469633224e-06,0.999181185482306,0.0007271146608557723,6.131878841405877e-06,8.444621865026391e-05
16564,3,3,SVM_RBF,7.523707115195966e-05,0.0014888759609194963,0.0004528371194373521,0.9911000843323451,0.006882965516146143
13480,2,2,SVM_RBF,7.824131908240677e-07,3.1059628332644523e-07,0.9990956214286586,0.0008855921960784072,1.7693365788888835e-05
10373,0,0,SVM_RBF,0.999593801422378,0.00011827469987858832,3.2793822091101244e-05,4.889595982016907e-05,0.00020623409583213847
13227,2,2,SVM_RBF,4.869678470598685e-08,1.5794943432561573e-08,0.9998953654194059,9.402883974325528e-05,1.0541249122541745e-05
10257,0,0,SVM_RBF,0.9611069594604648,0.002961702669784721,0.033551713126758795,0.001646395575403569,0.0007332291675884666
15486,1,1,SVM_RBF,4.527966953139826e-07,0.9994870575887311,0.0004063454650539875,1.5438460269758986e-05,9.070568924969945e-05
11399,0,0,SVM_RBF,0.9973636799290497,0.0004156473627641017,0.0010745310798049863,0.0006039653007932322,0.0005421763275878675
14224,1,1,SVM_RBF,4.4451893087063515e-07,0.9994626002955753,0.0004797201293024901,2.7490408118227762e-06,5.448601537959057e-05
18989,4,4,SVM_RBF,0.0002483221054785046,0.00041852848643984087,0.0015637952155351954,3.443734369763354e-05,0.997734916848849
17640,4,3,SVM_RBF,5.6304582707571134e-05,0.0013005849760300608,0.000652108963029838,0.43790643076841085,0.5600845707098214
16552,3,3,SVM_RBF,2.369409779804213e-06,7.534448249714132e-06,2.5466622595558435e-06,0.9986498191492055,0.0013377303305054623
13567,2,2,SVM_RBF,1.5268352578656368e-06,5.151331182968314e-07,0.999589163110027,0.0003766053922190405,3.218952937775656e-05
15026,1,1,SVM_RBF,5.041460690306646e-07,0.9994660603707913,0.00045287241026691815,1.0122686838192297e-05,7.044038603454544e-05
16591,3,3,SVM_RBF,4.1096017794053684e-07,1.2563952030192167e-06,4.273901985267091e-07,0.999458398186775,0.0005395070676455677
15576,1,1,SVM_RBF,8.365397928392978e-07,0.9991272274906835,0.0005453814914996041,0.00013534549348026304,0.00019120898454412508
12576,2,2,SVM_RBF,1.20918653447119e-06,4.350278060867243e-07,0.9996944830953377,0.00029809917406785385,5.773516253773733e-06
16188,3,3,SVM_RBF,6.720720818237834e-05,0.00014254493100030935,0.00043403914769644584,0.9992932919021695,6.291681095159608e-05
15383,1,1,SVM_RBF,2.9680054165475534e-06,0.9972763889569336,0.0009269887411058193,0.001431161365428097,0.0003624929311158026
15831,1,1,SVM_RBF,0.0012607748501585064,0.995092982764757,0.0019949312404470717,0.0003384367084755871,0.001312874436161859
13787,2,2,SVM_RBF,2.279094160194103e-06,7.715922546219574e-07,0.9994726066754052,0.000456681687563922,6.76609506159973e-05
14611,1,1,SVM_RBF,4.944292159056156e-07,0.9994771626799719,0.00046945223141444845,2.1975989494711395e-06,5.0693060448460714e-05
19064,4,4,SVM_RBF,0.00025931046130986667,0.00045748223883891733,0.0014067420933153974,2.4159030422254234e-05,0.9978523061761138
11683,0,0,SVM_RBF,0.9946041246380972,0.0005520017735157222,0.0035752775637007106,0.0006006875166814818,0.0006679085080047354
12304,2,2,SVM_RBF,0.002193489687741949,1.7401050258950395e-05,0.997669819241696,0.00010144518536134807,1.7844834941327306e-05
14624,1,1,SVM_RBF,1.4228100158750636e-06,0.9990531764801929,0.0008336642393383134,8.502214500123153e-06,0.0001032342559527457
17227,3,3,SVM_RBF,7.446314804482538e-05,0.00011810446921955264,7.273435580527741e-05,0.9871449901285454,0.012589707898385134
17674,4,4,SVM_RBF,0.00019575408598291794,5.8772964381414846e-05,0.0014610219450836316,0.00030212950878267836,0.9979823214957693
18735,4,4,SVM_RBF,6.209368706261388e-05,3.22579804853199e-05,0.0003605388715660973,4.733887368883626e-06,0.9995403755735174
10022,0,0,SVM_RBF,0.9994655496721313,0.00021401845147261454,0.00010147263071684467,0.0001316978674785683,8.72613782005474e-05
10615,0,0,SVM_RBF,0.9988690872901268,0.00012367505774426405,0.0006482692804019855,0.00020138774882797364,0.00015758062289894384
10627,0,0,SVM_RBF,0.999021387064774,6.584410900244746e-05,0.0005189829270389157,0.00023474568601491321,0.00015904021316979258
13494,2,2,SVM_RBF,5.279335693192553e-07,1.7455574185950996e-07,0.9997590237918533,0.00021841986493809177,2.185385389737305e-05
12513,2,2,SVM_RBF,0.005019073242109514,5.1608260319867365e-05,0.9946429142276698,0.00026422157651174376,2.218269338922958e-05
16586,3,3,SVM_RBF,3.355347206662849e-05,0.0001310835753836711,0.00034769687829369985,0.9990101502301199,0.00047751584413603134
13231,2,2,SVM_RBF,1.1807418429907932e-06,3.9901838445902335e-07,0.9996493485490985,0.00033634778483940405,1.2723905834570745e-05
12507,2,2,SVM_RBF,5.24168060143557e-08,1.6499159546303265e-08,0.9999008313585327,8.929186894811573e-05,9.807856553608257e-06
13394,2,2,SVM_RBF,3.874576090559171e-07,1.1664640658241067e-07,0.9997967685551921,0.00019375016634565957,8.977174446745591e-06
18365,4,4,SVM_RBF,0.00011684759004910737,0.005916321525271892,0.0006547409638158417,0.0007881579332081099,0.9925239319876552
16259,3,3,SVM_RBF,4.198088965847619e-05,0.00012582020445772003,0.0005437449829877015,0.9992366101015704,5.1843821325635166e-05
11863,0,0,SVM_RBF,0.9953941775886919,0.000542755978349825,0.002648164056503182,0.0007149054597746666,0.0006999969166803596
12195,2,2,SVM_RBF,1.0583668376943531e-06,4.0647716594842476e-07,0.9997516128627932,0.00024410998181593688,2.812311387232577e-06
17635,4,4,SVM_RBF,8.994610101545724e-05,0.0001725939351120725,0.0013869686862982566,0.0019252955919392006,0.9964251956856349
12380,2,2,SVM_RBF,1.892719106890327e-08,5.969101294933983e-09,0.999927499169782,6.48725577058784e-05,7.603376219753415e-06
12418,2,2,SVM_RBF,0.00164156506561548,5.8756899386550584e-05,0.9979861625732384,0.00029110723445257246,2.2408227307139636e-05
14901,1,1,SVM_RBF,3.6086035649921156e-06,0.9984535317402078,0.0013203844737736056,3.320990623441361e-05,0.00018926527621910527
11649,0,0,SVM_RBF,0.9948653152163662,0.0005044718246221586,0.0034591852629022746,0.0005776855349079235,0.0005933421612015231
13904,2,2,SVM_RBF,4.8612234790717745e-06,1.4529001988457516e-06,0.9992049389460385,0.0006998051503975473,8.894177988631345e-05
10193,0,0,SVM_RBF,0.9996426325669454,0.00012820879986369756,1.215466952857028e-05,5.414502429480084e-05,0.0001628589393676081
14530,1,1,SVM_RBF,2.3987243677565935e-06,0.9987145240141565,0.0011143149552851062,3.1832103986691744e-05,0.00013693020220380015
17684,4,4,SVM_RBF,6.278778132370726e-05,0.00033606805021401564,0.000877603275625878,0.07160196317107431,0.9271215777217622
18009,4,3,SVM_RBF,0.0001727857222751471,0.0010304638343387224,0.0005241707826136005,0.24074092408702866,0.7575316555737441
15192,1,1,SVM_RBF,1.3696857095181712e-05,0.9929637990439183,0.0007926700392347027,0.006058333791178636,0.00017150026857329232
18251,4,4,SVM_RBF,4.175739839074076e-05,0.0010949102639201997,0.00045767792920938606,0.00023219858549222353,0.9981734558229874
16598,3,3,SVM_RBF,2.8505954480439658e-05,0.0003808568473603245,0.0003563112095838998,0.9975494077643281,0.00168491822424735
16533,3,3,SVM_RBF,4.991601193355997e-05,0.00024561472023948487,0.0007692314816965923,0.9978134289623652,0.0011218088237653799
16672,3,3,SVM_RBF,8.811800434783286e-05,0.0026649383836972137,0.0009908480741601623,0.9836190402979835,0.012637055239811124
17783,4,3,SVM_RBF,3.7520963862125144e-05,0.000328650760796707,0.0002860024566977595,0.7426477851968796,0.25670004062176377
15141,1,1,SVM_RBF,5.062736841973648e-07,0.9994715715981471,0.000446004626540189,2.9323879627545892e-05,5.259362200105321e-05
17110,3,3,SVM_RBF,3.259945302338967e-05,0.00016162206763032847,0.00045840700400440757,0.9903844018466813,0.008962969628660554
15259,1,1,SVM_RBF,1.4335017131095202e-05,0.9928712705258658,0.0006750992673614007,0.006308460383145434,0.0001308348064962416
19133,4,4,SVM_RBF,1.2151975763179147e-06,5.827938564548752e-07,1.7393439076125068e-06,7.58881141529852e-07,0.9999957037835181
13992,1,1,SVM_RBF,2.220109044676039e-06,0.9987608537543092,0.0011175279544162638,1.3968064182716575e-05,0.00010543011804679423
17561,4,4,SVM_RBF,0.00021266126061301088,0.00010991450320792504,0.0017769862298956693,0.0003003481022243311,0.997600089904059
14008,1,1,SVM_RBF,1.267194815927416e-06,0.999056476488636,0.0008550196700184228,7.313596597326939e-06,7.992304993215719e-05
13323,2,2,SVM_RBF,5.530744871774173e-07,1.8005466691597932e-07,0.9997615413676922,0.0002290976029446946,8.627900208948162e-06
15589,1,1,SVM_RBF,2.4194674988506717e-06,0.9971608018359316,0.0006847964670316895,0.0017808791724334353,0.00037110305710449254
14572,1,1,SVM_RBF,8.600852931470874e-07,0.9992685758013392,0.0006528419615634622,3.2074858113892126e-06,7.45146659927181e-05
17305,3,3,SVM_RBF,5.053871786346121e-05,0.0001003678243423484,0.00033279466302709983,0.9255700669783726,0.07394623181639469
12643,2,2,SVM_RBF,0.002126128347523336,7.462248783915775e-05,0.997387019019494,0.0003872369356961161,2.499320944716051e-05
16230,3,3,SVM_RBF,0.00018765545453037523,0.023516170272521245,0.00040229587811716063,0.975490034701318,0.00040384369351338347
15269,1,1,SVM_RBF,1.3284163062394307e-06,0.9989020595439472,0.0007211157795091998,0.00018922573996613479,0.00018627052027118002
17557,4,4,SVM_RBF,0.00018644127508857125,0.00022915816265013585,0.0012781574436008043,0.00017093859063245457,0.9981353045280277
14218,1,1,SVM_RBF,2.765951650372291e-06,0.9985973097734457,0.0012537738579996248,1.098704230085053e-05,0.00013516337460348549
18820,4,4,SVM_RBF,0.0005103159349331341,0.0004953482455541421,0.0037180908116655727,5.0671261323338514e-05,0.9952255737465238
11950,2,2,SVM_RBF,1.8047088409134153e-08,5.885917476095418e-09,0.9999276469951567,7.009451267243865e-05,2.2345591651910535e-06
17996,4,4,SVM_RBF,0.00017975645502983441,3.7601610993840044e-05,0.001273968196375378,0.000123777891338106,0.9983848958462629
16861,3,3,SVM_RBF,8.905471593263215e-05,0.00020086315579672786,0.000979124666371761,0.9619033502914744,0.0368276071704248
13169,2,2,SVM_RBF,2.765741448928048e-07,8.052740318508814e-08,0.9998079758482075,0.00018245840602022068,9.208644224324752e-06
11484,0,0,SVM_RBF,0.9979779396542857,0.00034678416350281523,0.0005608359502654196,0.000588638405196225,0.0005258018267496678
18643,4,4,SVM_RBF,5.090547787310664e-07,7.872202828872982e-07,4.930841189190616e-07,1.0538708431474034e-06,0.9999971567699764
11803,0,0,SVM_RBF,0.9946807869547687,0.00026595201022234247,0.0042775777946633545,0.0004239350690505237,0.00035174817129487925
19125,4,4,SVM_RBF,0.000105194579973043,0.00027643830707960225,0.0025385776314675716,5.563719042715209e-05,0.9970241522910526
12258,2,2,SVM_RBF,2.748320710578458e-07,1.0454594687327565e-07,0.9998280974638252,0.00016556101581165518,5.962142345100577e-06
13132,2,2,SVM_RBF,0.001648608524729963,6.785783556536208e-05,0.9977471105137093,0.0004909496524120101,4.547347358313556e-05
14693,1,1,SVM_RBF,6.319098354880746e-07,0.9994022060455989,0.0005350043019039036,2.9066877755322953e-06,5.9251054886228774e-05
15133,1,1,SVM_RBF,1.2403237395018194e-06,0.9987398686002348,0.0006943277882916317,0.00041144730810412425,0.0001531159796299769
18708,4,4,SVM_RBF,4.016143511533949e-05,0.0013875214438938484,0.0002934441273315174,0.00015199005031085104,0.9981268829433483
10803,0,0,SVM_RBF,0.9954948414237214,0.00013492627036814769,0.0036894047747094683,0.0004220371001006366,0.00025879043110043937
13546,2,2,SVM_RBF,5.432474176962257e-07,1.9869595582466883e-07,0.9997214816085455,0.0002330347320285117,4.474171605239588e-05
10213,0,0,SVM_RBF,0.9988072692187936,0.0002563078510325641,0.0004474270008349743,0.00012461223794566214,0.0003643836913929934
16114,3,3,SVM_RBF,0.00010523635056214217,0.017471843429574474,0.0005555321255177962,0.9817079485300668,0.00015943956427882426
17051,3,3,SVM_RBF,1.7962389356593765e-05,0.00021191897335359023,0.00041156419465480796,0.9896112500479208,0.00974730439471396
16448,3,3,SVM_RBF,3.7516459777523614e-07,1.1958766275036012e-06,4.141532747180519e-07,0.9998626068062183,0.00013540799928148076
11739,0,0,SVM_RBF,0.9944509965678097,0.00046235662656109666,0.0038798478914280382,0.0005697689561615549,0.00063702995803962
15144,1,1,SVM_RBF,6.310810871606632e-07,0.9993945933036563,0.0005009592873605142,2.4154654440100222e-05,7.966167345591606e-05
18998,4,4,SVM_RBF,5.651038745257877e-05,7.144168565490013e-05,0.0011756910627047095,0.00015842847267437052,0.9985379283915138
14455,1,1,SVM_RBF,1.771589280450075e-06,0.9989292286954257,0.0009514131514328032,7.473075388621693e-06,0.000110113488472366
15932,3,3,SVM_RBF,0.00011125096032091398,0.07341674745192694,0.0006231871023700223,0.9257232732128963,0.00012554127248588817
12224,2,2,SVM_RBF,1.5176913077697137e-08,4.802016988667399e-09,0.9999502097681069,4.607119176879874e-05,3.6990611940584994e-06
14969,1,1,SVM_RBF,4.823224099577047e-06,0.9981814439557732,0.001541135887031547,5.761273029362389e-05,0.00021498420280163997
9996,0,0,SVM_RBF,0.9994557677049087,0.00021712609122847851,7.641434109538718e-05,0.00012641338818000536,0.00012427847458740076
13249,2,2,SVM_RBF,0.009829975590495168,0.0001064923107630008,0.9893451804324056,0.0005951209854038617,0.00012323068093250436
14635,1,1,SVM_RBF,1.1053989401264146e-06,0.9992065297586938,0.0007041628016090627,5.08504066313879e-06,8.311700009394326e-05
13383,2,2,SVM_RBF,0.010860498334771054,0.00014324851955121464,0.9879576119778314,0.0008763010309276633,0.00016234013691853458
17923,4,4,SVM_RBF,0.00012904948032771486,6.041217862396376e-05,0.002230881454196696,0.0005085482046200872,0.9970711086822313
15624,1,1,SVM_RBF,4.805648303484508e-07,0.9991649400744734,0.000355508498597324,1.684975913145224e-06,0.00047738588618602103
17558,4,4,SVM_RBF,0.00029878004660053003,7.404289593088819e-05,0.0027074035790598757,0.00045151928451722575,0.9964682541938916
16725,3,3,SVM_RBF,1.1860043355911465e-05,3.780707899226791e-05,1.2829016817372527e-05,0.9967953117602824,0.0031421921005521073
10844,0,0,SVM_RBF,0.9989378167670278,0.00014124261929155874,0.000419538752010017,0.0002493047183162345,0.0002520971433543696
13586,2,2,SVM_RBF,1.1909564458525655e-06,3.8091015789984484e-07,0.999626775187141,0.00033021346606698995,4.1439480188297966e-05
11745,0,0,SVM_RBF,0.9939160982124695,0.0004925459801054216,0.004317381686797567,0.000607575724713498,0.0006663983959138199
10945,0,0,SVM_RBF,0.998910346151565,0.00011345310622842344,0.00045173723037518585,0.00025076082642985206,0.0002737026854015099
10764,0,0,SVM_RBF,0.9919331115858204,0.0021474722275007904,0.0026711297872406914,0.0015911977358751745,0.001657088663562747
17135,3,3,SVM_RBF,0.00011287111080223518,0.0009802724644951638,0.0011634186823672415,0.9168473983601877,0.08089603938214784
15253,1,1,SVM_RBF,0.0001534639259175299,0.9499694155005116,0.0011841650453097603,0.048206691804662104,0.00048626372359903374
17756,4,4,SVM_RBF,6.80239596156333e-05,0.00010608907899890795,0.000893887114105591,0.0007046297636528027,0.998227370083627
12452,2,2,SVM_RBF,2.2955550518086587e-06,8.398999215451504e-07,0.9995922005206734,0.00039933040975323307,5.333614600130225e-06
19035,4,4,SVM_RBF,0.00012647190465324082,7.734842457052059e-05,0.0010345078942162347,6.743064522813214e-05,0.9986942411313319
11047,0,0,SVM_RBF,0.9987301553137286,0.00011480332595772636,0.0006088820402677239,0.00021008142557523042,0.0003360778944707606
18868,4,4,SVM_RBF,0.0003501554832930316,0.00039585951893359166,0.006468336444205475,0.00012767054309815497,0.9926579780104698
18848,4,4,SVM_RBF,5.9648047584619054e-05,9.41647671062854e-05,0.002377293314182941,6.0954867648811745e-05,0.9974079390034772
14085,1,1,SVM_RBF,5.684108556868587e-07,0.9993611679014998,0.0005746748299070599,3.201436261424684e-06,6.0387421476081984e-05
12996,2,2,SVM_RBF,6.202615217196456e-08,1.9779219268729562e-08,0.9999190401115952,7.908020855120156e-05,1.7978744821479033e-06
12791,2,2,SVM_RBF,2.307526437033871e-07,9.230862438744728e-08,0.999842102153207,0.00014869482448663285,8.879961038433417e-06
11044,0,0,SVM_RBF,0.998937003341404,0.00011234826735918168,0.0004167162625216604,0.00023863239331933773,0.0002952997353956591
15083,1,1,SVM_RBF,4.901905857251139e-07,0.9994940425234843,0.0004398413366676296,7.432468194268449e-06,5.8193481067964466e-05
13963,1,1,SVM_RBF,2.0380633343104814e-06,0.9987891453583534,0.0010930721498366043,9.671006238949405e-06,0.00010607342223663888
13052,2,2,SVM_RBF,1.6837957857051625e-06,6.514419898123748e-07,0.999627770478993,0.00034972022264145554,2.017406059006708e-05
14184,1,1,SVM_RBF,1.269428288886062e-06,0.9990605554170353,0.0008394314916648712,4.549301941342581e-06,9.41943610698251e-05
12309,2,2,SVM_RBF,2.596030976543075e-07,9.421590420936967e-08,0.9998439255751116,0.00015458811978624152,1.1324861001985805e-06
17118,3,3,SVM_RBF,5.150952564427991e-05,0.0004140773511775977,0.00031179794253054195,0.9246933823302652,0.07452923285038221
15794,1,1,SVM_RBF,2.922614811808339e-07,0.9994708070414252,0.0002831725752468544,3.4144348252728444e-06,0.00024231368702158803
11794,0,0,SVM_RBF,0.9961072693494022,0.0003651592053608854,0.0027370004126300264,0.00040290233887181924,0.00038766869373515046
17653,4,4,SVM_RBF,0.0001642200493156432,0.0009301954112853457,0.001072310525517317,0.16257228204162755,0.835260991972254
15025,1,1,SVM_RBF,4.493163412447068e-06,0.9966432272523367,0.0011817273776045345,0.0019415972681399946,0.00022895493850661584
18231,4,4,SVM_RBF,0.00010253005824863418,0.0072136383388088955,0.0005762685559564751,4.1466514607767334e-05,0.9920660965323781
10628,0,0,SVM_RBF,0.9935036119389395,0.0014719767416086068,0.0024384387201418526,0.0013144901444766123,0.0012714824548334847
10264,0,0,SVM_RBF,0.9996672006765641,0.00010414376096109871,2.5301505713954874e-05,3.390051722999578e-05,0.00016945353953073155
13056,2,2,SVM_RBF,2.916493253133274e-06,1.056983161064245e-06,0.9994526204256357,0.0005244667301164693,1.893936783370372e-05
12257,2,2,SVM_RBF,0.0029441197422352063,5.076455940799201e-05,0.9967315292315665,0.00026195285820004095,1.1633608590483766e-05
11252,0,0,SVM_RBF,0.991654150390913,0.00043420644093387657,0.006626218881030095,0.0006550762519981974,0.0006303480351250447
12990,2,2,SVM_RBF,5.78055142470659e-07,1.8111965847805894e-07,0.9997253701299276,0.00026287107256687885,1.0999622704553754e-05
17113,3,3,SVM_RBF,4.13633641876833e-05,0.00014806723859936112,0.0008244538316264504,0.9798537827128883,0.019132332852698358
11401,0,0,SVM_RBF,0.9980687149857358,0.00041579209392620964,0.0004995881754064711,0.0005400533980043373,0.000475851346927081
13073,2,2,SVM_RBF,1.8267358352720695e-07,5.4831152828717016e-08,0.9997903759010854,0.0001899699294708612,1.9416664707325737e-05
15415,1,1,SVM_RBF,3.8171975329070156e-07,0.9994628944806098,0.0003712377338867514,5.115618416212892e-05,0.00011432988158817431
15907,1,1,SVM_RBF,1.3163673127580242e-06,0.9990166732760991,0.0005290459480193741,7.200765242324256e-05,0.00038095675614560154
11648,0,0,SVM_RBF,0.9962522065392692,0.0003892355633527484,0.002176883727921511,0.000566885481428409,0.0006147886880279963
18638,4,4,SVM_RBF,6.152574202579866e-07,9.578261143916257e-07,5.962959837742298e-07,1.27929257580051e-06,0.9999965513279058
12079,2,2,SVM_RBF,1.4609257309846032e-07,5.1799338165257506e-08,0.9998789504198791,0.00011957324169258663,1.2784465171806522e-06
12877,2,2,SVM_RBF,2.1237614938951888e-06,7.203335226133227e-07,0.9996658132957257,0.00032252323350302623,8.819375754835405e-06
17797,4,4,SVM_RBF,0.00016584199301422628,4.59318852222328e-05,0.0012820266292101197,0.00027056980058310455,0.9982356296919701
15944,3,3,SVM_RBF,9.407828719208889e-05,0.012006904307542515,0.0009228287432783463,0.9867661599703066,0.00021002869168016086
17059,3,3,SVM_RBF,9.642904203297519e-05,0.0001069833515620236,0.0020444248025358234,0.9915215473256033,0.006230615478265697
17799,4,4,SVM_RBF,0.0001254072344936009,0.00041046063513259406,0.0007634226609736326,0.002998420003372985,0.9957022894660273
14910,1,1,SVM_RBF,5.391104114399985e-07,0.999459433064655,0.0004812643871643243,2.50739065895429e-06,5.625604711037241e-05
11750,0,0,SVM_RBF,0.9937533282610918,0.0004163817155129422,0.004616775150738542,0.0005521916536230245,0.0006613232190340137
17060,3,3,SVM_RBF,1.623101177631847e-05,5.052501251377002e-06,0.00035709260313943297,0.9989298422865944,0.000691781597238505
18693,4,4,SVM_RBF,4.6703282846948295e-07,7.255506212501439e-07,4.523783782591703e-07,9.700262413834802e-07,0.9999973850119306
15823,1,1,SVM_RBF,3.987984559746118e-07,0.999464206601974,0.00037372810009849144,3.571594003868484e-05,0.00012595055943277446
11783,0,0,SVM_RBF,0.9952818036629596,0.000320943770215169,0.0034010730471790212,0.0005699881271339648,0.0004261913925122729
10318,0,0,SVM_RBF,0.9988754414581577,0.00020944877036715737,0.0004807900022825354,0.00011385040004793017,0.000320469369144732
10175,0,0,SVM_RBF,0.9995624601241966,0.00015124380200374221,4.0736823677753185e-05,0.00011131534547118978,0.00013424390465082973
17600,4,4,SVM_RBF,0.00019406593540105622,0.000244000092938124,0.0014789144299547725,0.0002733312240457373,0.9978096883176601
12545,2,2,SVM_RBF,1.7260641202667488e-06,6.190543906788105e-07,0.9996049006034788,0.0003835744261872887,9.179851822738752e-06
13206,2,2,SVM_RBF,9.513590479502236e-07,3.225722796064533e-07,0.9996887536204747,0.0002986187448527763,1.1353703345169986e-05
17877,4,4,SVM_RBF,0.0002425167794412127,6.43567488074154e-05,0.0020449173358295827,0.00043358427533998805,0.9972146248605818
15891,1,1,SVM_RBF,5.612722539613858e-05,0.9630086552972378,0.00045272078919613736,0.03604666489813875,0.00043583179003136386
17947,4,4,SVM_RBF,0.0001608603268865963,0.00025166258337793617,0.0006571435290660751,0.018719844605828352,0.9802104889548411
12633,2,2,SVM_RBF,2.636249495795628e-07,8.347302813248704e-08,0.9997971417717901,0.00018656489201629613,1.594623821588478e-05
16578,3,3,SVM_RBF,1.8499784136924375e-05,0.00027142051679135133,0.0003572869980691152,0.9979940526478945,0.001358740053108259
12122,2,2,SVM_RBF,2.100292656384357e-07,7.700780298540685e-08,0.9998546491361866,0.00014308944669192637,1.9743800527447967e-06
11370,0,0,SVM_RBF,0.9982397838434396,0.00042923675231082095,0.0003226622671135155,0.0005327727376202719,0.00047554439951584743
13152,2,2,SVM_RBF,0.07967719990236861,0.00022754670218589606,0.918862763029796,0.0004392638859216456,0.0007932264797276735
14531,1,1,SVM_RBF,1.9047233547213082e-06,0.9988453816794931,0.0010262663126600702,8.037439513212753e-06,0.0001184098449785609
11285,0,0,SVM_RBF,0.9944349257218005,0.0003268326529402459,0.004047606789638496,0.0006316706333750511,0.000558964202246013
16654,3,3,SVM_RBF,2.2594313641471078e-06,7.1760947469239046e-06,2.4863702370144673e-06,0.9987508679471522,0.001237210156499815
18176,4,4,SVM_RBF,0.00012491118803058252,0.000758933700119841,0.0005521676744468781,0.01997275773310164,0.9785912297043009
14440,1,1,SVM_RBF,9.372034871068891e-07,0.9992299776203519,0.0006857031329789161,4.39488667174332e-06,7.898715651032066e-05
13499,2,2,SVM_RBF,1.3493236189954154e-07,3.892990691708709e-08,0.9998708470206401,0.00011777734555642516,1.1201771534691546e-05
17229,3,3,SVM_RBF,0.00013781196514517802,2.4107454184377114e-05,0.0010405156607528722,0.9866658760152919,0.01213168890462561
12159,2,2,SVM_RBF,8.263256815304515e-08,2.8400689689411062e-08,0.999909041237191,8.704601202453544e-05,3.801717526379936e-06
10842,0,0,SVM_RBF,0.9990684172841253,0.00013917054374417106,0.00026373865722080644,0.0002935964107240091,0.00023507710418592073
16433,3,3,SVM_RBF,9.857639433149411e-08,3.135921801646001e-07,1.0562864928502423e-07,0.9999561424739647,4.333972881152537e-05
17002,3,3,SVM_RBF,5.806537312987316e-06,9.47023582037608e-06,5.9082411524099815e-06,0.9966003456902689,0.0033784692954454076
16034,3,3,SVM_RBF,3.361867164098755e-07,1.0640015149580545e-06,3.6027638188365584e-07,0.9999540700541164,4.416948127039965e-05
14240,1,1,SVM_RBF,8.363331973302556e-07,0.9992575113389711,0.0006630823531353159,3.355467948306806e-06,7.521450674792697e-05
18186,4,4,SVM_RBF,0.0006373300862277783,0.025902439316724844,0.0013815734121656157,0.0005311784068325393,0.9715474787780493
14048,1,1,SVM_RBF,5.228740341088911e-07,0.99945183967232,0.0004899148537808878,4.64361894384747e-06,5.307898092113636e-05
11114,0,0,SVM_RBF,0.9987077587173327,0.0001465865160856442,0.0004989090774901039,0.00022606504559821779,0.0004206806434932294
10620,0,0,SVM_RBF,0.9991807230181786,7.14889000245995e-05,0.0005312256639148407,0.00011149833492126041,0.00010506408296097434
14992,1,1,SVM_RBF,6.673921270764394e-06,0.997790164236837,0.0018106319889476944,0.00011892223090975251,0.00027360762203477345
15111,1,1,SVM_RBF,7.694460316148761e-07,0.9993469502818124,0.0005651410296053249,5.979215676943088e-06,8.116002687347253e-05
17498,4,3,SVM_RBF,0.0001432261249044959,0.0016708229131778703,0.0004919268267169027,0.56260001697692,0.4350940071582805
12101,2,2,SVM_RBF,2.2185713896903245e-08,7.423681333597114e-09,0.9999452629259546,5.1513610870613635e-05,3.193853779621177e-06
10134,0,0,SVM_RBF,0.998850669750269,0.00024744693440614064,0.0006484641890458597,0.0001345352666406605,0.00011888385963831579
16033,3,3,SVM_RBF,8.739485361416131e-05,0.015304749631689214,0.0005562239887925807,0.9838557242546088,0.00019590727129536418
11508,0,0,SVM_RBF,0.9985645325481776,0.0003095361231226855,0.0002481136597420448,0.0004646988761570458,0.00041311879280070353
16219,3,3,SVM_RBF,3.751645440589468e-05,5.155249497196817e-05,0.0006494439087645164,0.9990145122740044,0.0002469748678534638
13735,2,1,SVM_RBF,0.05610013909112998,0.1542656084068648,0.5089952903275162,0.23053547802863264,0.05010348414585621
11439,0,0,SVM_RBF,0.9954134801791783,0.000307723449122136,0.0033023214681142683,0.0004589980421961452,0.0005174768613894339
15110,1,1,SVM_RBF,7.495757321274244e-07,0.9992759544710936,0.0005521251327914813,8.018798414582809e-05,9.09828362370302e-05
11422,0,0,SVM_RBF,0.9984625746855144,0.0003628588405178402,0.00023419769884052517,0.0004960997980984542,0.00044426897702864803
16080,3,3,SVM_RBF,4.7764484147488205e-05,0.0026185981191554136,0.0003774411591923598,0.996908363599628,4.783263787666415e-05
14926,1,1,SVM_RBF,1.35516040433149e-06,0.9991102855233491,0.0007858088875409958,7.49155852611663e-06,9.505887017940619e-05
16467,3,3,SVM_RBF,2.701490304664759e-07,8.561694926812122e-07,2.9012872387503924e-07,0.9999314362056386,6.71473471145272e-05
17946,4,4,SVM_RBF,0.00010792686335664264,4.663694646491227e-05,0.0006414825684543481,0.00011268186245706173,0.999091271759267
11309,0,0,SVM_RBF,0.992884366718818,0.0003660513638814296,0.005454469548419043,0.0006705561220986119,0.0006245562467832175
19118,4,4,SVM_RBF,0.00018787317751563503,0.0003536480264809426,0.0012232007657187324,2.69939951365608e-05,0.9982082840351484
18514,4,4,SVM_RBF,7.149610954300829e-05,0.00013173995049148754,0.0005802494297106451,3.4148896016399313e-05,0.9991823656142383
12136,2,2,SVM_RBF,2.495096429020187e-08,7.900142523675789e-09,0.9999128457265366,8.029199171690258e-05,6.829430639792625e-06
18994,4,4,SVM_RBF,0.00023313118807792536,0.00034603754416164174,0.00269959800311408,9.480676949054944e-05,0.9966264264951556
18446,4,4,SVM_RBF,0.00020174656460838082,0.0048739790014524316,0.0009856022530891537,0.000519716281433193,0.9934189558994171
12891,2,2,SVM_RBF,1.3916897641617316e-07,4.219929385359169e-08,0.9998784391853853,0.00011845382786478315,2.9256184794111767e-06
14562,1,1,SVM_RBF,1.2262479075945742e-06,0.9991201576270063,0.0007821945765775013,5.6355436122611605e-06,9.07860048962244e-05
17293,3,3,SVM_RBF,2.256067041857589e-05,0.00027213389609750146,0.0003141913381239084,0.9710395525180295,0.028351561577330427
13314,2,2,SVM_RBF,0.03135562327019691,0.00016862493566525196,0.9656093519210663,0.0008103285062769425,0.002056071366794493
17869,4,4,SVM_RBF,5.281502922382991e-05,6.462388109021436e-05,0.0007604345442077451,0.0022455924464327443,0.9968765340990456
15598,1,1,SVM_RBF,2.959066185928069e-07,0.9995616647944114,0.0003207189381170543,1.0035116047552893e-06,0.00011631684924814703
12201,2,2,SVM_RBF,5.0529464531379764e-08,1.7307498426339903e-08,0.999913577740606,7.97101958710798e-05,6.644226560010349e-06
10538,0,0,SVM_RBF,0.9956292683136165,0.0008325234495265673,0.0016280774504142022,0.000991071479833948,0.00091905930660852
17644,4,4,SVM_RBF,8.955664951149139e-05,0.0004662689995805902,0.0009201274074464831,0.08570440515665363,0.9128196417868077
17236,3,3,SVM_RBF,8.398971412044789e-06,1.3360368615361736e-05,8.465738074683769e-06,0.9958168323622411,0.0041529425596567825
11558,0,0,SVM_RBF,0.996966082450683,0.0003056914102848459,0.0017704549784579129,0.0005043859423805913,0.0004533852181935319
17411,3,3,SVM_RBF,7.228662820579123e-05,0.0005083505529333045,0.0012372918798537742,0.7387573779552199,0.25942469298378723
12436,2,2,SVM_RBF,1.4530018792993068e-06,5.210169680156875e-07,0.9997659048826317,0.0002293340645644773,2.7870339563159925e-06
17370,3,3,SVM_RBF,0.00016114521271401065,0.0005404294369336711,0.0006524472565291702,0.8864075478547813,0.11223843023904202
13409,2,2,SVM_RBF,9.927289265543961e-07,3.18322136254178e-07,0.9996541611392002,0.0003054322036178865,3.9095606118985966e-05
14287,1,1,SVM_RBF,3.5539077349441235e-06,0.9984314059361262,0.0013956791274638625,1.2374765334437733e-05,0.00015698626334031962
13537,2,2,SVM_RBF,9.070699806967563e-07,2.9747648559140285e-07,0.9996706877748862,0.00028656526133786494,4.154241730984494e-05
10600,0,0,SVM_RBF,0.9990057352617346,0.00010738714298355823,0.00047427847172696187,0.0001510613723882308,0.0002615377511665454
10633,0,0,SVM_RBF,0.9991656285497661,6.822681866655013e-05,0.00038986083971758796,0.00015876586607471162,0.00021751792577497824
17066,3,3,SVM_RBF,7.407448800247984e-05,0.0006334363371453085,0.0010405316533248674,0.883024570879166,0.11522738664236137
12993,2,2,SVM_RBF,2.1180192058307337e-07,6.861848767272067e-08,0.9998513995893681,0.00014503378751883262,3.2862027049174337e-06
16306,3,3,SVM_RBF,2.443163593312273e-07,7.721652462535697e-07,2.7032239499729697e-07,0.9999274427588106,7.127043718866849e-05
15608,1,1,SVM_RBF,4.447144021696452e-07,0.999391188356869,0.0003921952787931747,4.125416921842299e-05,0.00017491748071699374
18053,4,4,SVM_RBF,7.912399111866414e-07,1.2726380234153279e-06,8.659192479125626e-07,1.6374934308131913e-06,0.9999954327093866
13952,1,1,SVM_RBF,1.043636048088362e-06,0.999148836008794,0.0007680419597449835,7.321632501841361e-06,7.475676291105155e-05
13311,2,2,SVM_RBF,9.76028632129076e-07,3.3588846100374775e-07,0.9996728615476452,0.0002958642169446881,2.9962318316985962e-05
14361,1,1,SVM_RBF,3.2263647905217415e-06,0.9984820269754704,0.0013509450281345308,1.296667975187991e-05,0.00015083495185239245
12351,2,2,SVM_RBF,8.911020630279935e-08,3.065050447437665e-08,0.9999042346447193,9.458912376596449e-05,1.0564708040893676e-06
10177,0,0,SVM_RBF,0.9995011096333033,0.0001973452766301375,5.1266824031165724e-05,0.0001384782466774244,0.00011180001935790928
14723,1,1,SVM_RBF,6.561728491276849e-07,0.9993868753329607,0.0005430991731891772,5.578316304085568e-06,6.379100469693305e-05
11987,2,2,SVM_RBF,9.131015548393327e-07,3.446607810167115e-07,0.9997813545742888,0.00021517656602316681,2.2110973522496795e-06
18243,4,4,SVM_RBF,0.0013660865153848724,0.025062590800270526,0.0019494112973818436,0.00041536491871493083,0.971206546468248
16930,3,3,SVM_RBF,1.2620471538189104e-06,2.12715366209151e-06,1.260865604048111e-06,0.9986123092138338,0.0013830407197462217
17152,3,3,SVM_RBF,4.185091531269685e-05,8.433771515024222e-05,0.0005990888322147701,0.9877429988576758,0.011531723679646293
11123,0,0,SVM_RBF,0.9969910887098089,0.00013989636354370312,0.0020877116434310766,0.0003156498368653144,0.00046565344635096206
11515,0,0,SVM_RBF,0.9983829855246543,0.00033057030165187294,0.00037429315771730877,0.0004691460585594142,0.00044300495741725706
14606,1,1,SVM_RBF,1.2764830243135301e-06,0.9990836284274749,0.0008108256693209744,5.299552566516185e-06,9.896986761315417e-05
11521,0,0,SVM_RBF,0.9985713130674958,0.00029838169068368143,0.00025178695863392343,0.0004631057324983398,0.00041541255068819387
15971,3,3,SVM_RBF,0.00010652233826408197,0.001759911785555901,0.0013657930912008558,0.9964951625967452,0.0002726101882338874
10425,0,0,SVM_RBF,0.9970041955931488,0.00042823995908215404,0.0013531995307917005,0.0006357580422372969,0.0005786068747401395
13624,2,2,SVM_RBF,1.1140347216460522e-07,3.203165564083897e-08,0.9998891145835989,0.00010389733017542952,6.844651097785186e-06
17682,4,4,SVM_RBF,0.00023431238375009022,9.412660358294296e-05,0.002406970726278948,0.0003609754302820266,0.9969036148561061
16705,3,3,SVM_RBF,7.103596186760468e-05,0.0021471298129188865,0.00039198969269908936,0.985189394290408,0.012200450242106338
10271,0,0,SVM_RBF,0.9996949221409366,8.547709586380537e-05,1.7465022669040923e-05,4.685036911971082e-05,0.00015528537141094983
16358,3,3,SVM_RBF,3.330888932298592e-05,0.00034134222604047796,0.00035869955517709194,0.9990853819389214,0.00018126739053846296
12056,2,2,SVM_RBF,0.004049716227326466,1.9411988980508555e-05,0.9957969154440178,0.00011536449496176847,1.859184471296275e-05
10944,0,0,SVM_RBF,0.996830020137343,0.00019093385244303284,0.0022053760636740844,0.00041101313663230443,0.0003626568099075683
16652,3,3,SVM_RBF,3.827577721904626e-05,0.0011534629492378785,0.00024202005015181992,0.9969693679974363,0.001596873225955073
12271,2,2,SVM_RBF,5.603140148789561e-07,2.0165915406395927e-07,0.9997767664499758,0.00022039287939822769,2.078697457078488e-06
12665,2,2,SVM_RBF,1.000292667787403e-06,3.6192536956672867e-07,0.9996947988245488,0.00029861773048817065,5.221226925645521e-06
14323,1,1,SVM_RBF,1.3535149161667615e-06,0.9990028474892773,0.0008923970474108995,5.685526374337436e-06,9.771642202138175e-05
13871,2,2,SVM_RBF,3.310746062775984e-07,9.775336214800289e-08,0.999794473002602,0.0001789872298123977,2.611093961698874e-05
18647,4,4,SVM_RBF,4.0287613798969376e-05,0.001042188181302557,0.0002136699110732832,0.0005093424484220181,0.9981945118454033
13643,2,2,SVM_RBF,1.1524913359529601e-06,3.7120128376801646e-07,0.9996117881721038,0.0003227931459005894,6.389498937598145e-05
14320,1,1,SVM_RBF,3.1652478568291e-06,0.9984654183955209,0.0013607603201775055,1.7186664881826124e-05,0.0001534693715629641
16827,3,3,SVM_RBF,0.00012665073913622685,0.00017123422935044037,0.0012902406090200729,0.9896002046088231,0.008811669813669865
15954,3,3,SVM_RBF,4.4048209878351415e-05,0.0006484170778904418,0.0004428915282538596,0.9988425290236018,2.2114160375500368e-05
11396,0,0,SVM_RBF,0.9977959221566419,0.0003750687555174645,0.0008830062680598741,0.00047514660589084896,0.0004708562138897273
16631,3,3,SVM_RBF,1.1749788935787039e-06,3.6748700828244924e-06,1.2577617111045691e-06,0.999017788923921,0.0009761034653914909
18763,4,4,SVM_RBF,6.121435150790986e-05,0.0005666218474696764,0.00046711006528472665,1.1965582569670882e-05,0.9988930881531679
18293,4,4,SVM_RBF,8.10838329693434e-05,0.0004632816532500267,0.0009569738243211494,6.754835450576673e-05,0.9984311123349536
14592,1,1,SVM_RBF,8.731183083050067e-07,0.9992514835261693,0.0006599279717537293,6.058571073589526e-06,8.165681269498655e-05
12548,2,2,SVM_RBF,8.725355632729572e-07,3.1555540261760634e-07,0.9997482387943485,0.00024739771164613195,3.1754030395596866e-06
14253,1,1,SVM_RBF,5.686283139870401e-07,0.9993897534355547,0.0005452372049535225,2.5334825488065983e-06,6.190724862892332e-05
14285,1,1,SVM_RBF,8.361950230261837e-07,0.9992613714711263,0.0006592157077361979,3.3357636603311084e-06,7.524086245428532e-05
12508,2,2,SVM_RBF,0.0010834424464814362,2.8165759753729133e-05,0.9987009683099831,0.00017565583955395642,1.1767644227615689e-05
18416,4,4,SVM_RBF,0.0002927420446653862,0.0021727920664582337,0.0009328753046065634,0.0001026339665490555,0.996498956617721
12816,2,2,SVM_RBF,6.519527309945026e-07,2.6319128006827123e-07,0.9997392086774927,0.0002430496888363089,1.682648965992492e-05
11074,0,0,SVM_RBF,0.9980688347500246,0.0001393131982548004,0.0010210122478282843,0.00040986431326836206,0.0003609754906238532
18573,4,4,SVM_RBF,0.0001603634656158105,0.006261528336063329,0.0005825853309611443,0.0006084765758343907,0.9923870462915253
12237,2,2,SVM_RBF,5.049007332002974e-08,1.7462768058469825e-08,0.9999266396267967,7.134856410984883e-05,1.9438562519054485e-06
11636,0,0,SVM_RBF,0.9955262555511278,0.0004972313263694883,0.002799930565040356,0.0005972243616760833,0.0005793581957863143
16481,3,3,SVM_RBF,3.7631199459388375e-07,1.1939533853337394e-06,4.231942593411778e-07,0.9998028269306711,0.00019517960968957776
14779,1,1,SVM_RBF,1.8997774358922844e-06,0.9989373804141687,0.0009410802986989986,8.991813017891861e-06,0.00011064769667851268
15763,1,1,SVM_RBF,0.00659791559479204,0.973452296307884,0.006254632180327323,0.0026282313310770737,0.011066924585919815
11064,0,0,SVM_RBF,0.9873586032350589,0.00016899398011315428,0.01129519642211213,0.0007623992758124395,0.00041480708690332276
12269,2,2,SVM_RBF,0.0011052673609053894,2.352065738826796e-05,0.9987214522938419,0.00014488794996891314,4.871737895701398e-06
16360,3,3,SVM_RBF,2.82387879419762e-05,0.00012746339129486914,0.0003733539177592778,0.9990017951112546,0.0004691487917490118
12274,2,2,SVM_RBF,4.5114208230832347e-07,1.655484180876149e-07,0.9997445150194026,0.00023580592101105004,1.906236908580857e-05
17646,4,3,SVM_RBF,8.557777985252029e-05,0.00031210034520950193,0.00048653683461226827,0.9082887536649263,0.09082703137539905
16772,3,3,SVM_RBF,4.798871988025374e-06,1.504977810387558e-05,5.067617728914265e-06,0.9978429413007589,0.002132142431420464
12020,2,2,SVM_RBF,3.3872031436982154e-08,1.1595484008798193e-08,0.9999322318265926,6.370401192610352e-05,4.018693965954411e-06
12614,2,2,SVM_RBF,8.929503409832384e-07,3.1882851571524983e-07,0.999792131853095,0.0002041712980790967,2.485069969280676e-06
16004,3,3,SVM_RBF,2.0433188949930435e-05,0.0013371529918706632,0.00040889228970822497,0.998168091127021,6.543040245032766e-05
15901,1,1,SVM_RBF,0.09910998988419532,0.7136512336792117,0.03439023246551543,0.04175567141747445,0.11109287255360323
18283,4,4,SVM_RBF,3.961944983155669e-05,0.0025483730138556988,0.0003656503881485126,0.0014615497407116332,0.9955848074074525
16438,3,3,SVM_RBF,5.095249988600603e-05,4.361480113868992e-05,0.00043131003776693364,0.9992949717615721,0.00017915089963634862
18025,4,4,SVM_RBF,6.499362062199899e-05,0.00014555937098212986,0.0004521554634705932,0.010902281945733129,0.988435009599192
17542,4,4,SVM_RBF,0.00015606840967935604,0.0007789113001479478,0.0010336734992749581,5.319970951224149e-05,0.9979781470813855
13834,2,2,SVM_RBF,1.5080832490744808e-06,4.727340819599831e-07,0.9995647242997812,0.00037489631888543455,5.839856400233074e-05
11473,0,0,SVM_RBF,0.99889020035569,0.000258845835214153,9.779645063162468e-05,0.0004191684749342322,0.00033398888352998893
17704,4,4,SVM_RBF,0.0001427878605568967,0.00012018889763884485,0.002126468714772291,0.000362664609729748,0.9972478899173023
14159,1,1,SVM_RBF,1.3601922042424376e-06,0.9989840570715453,0.0009151317493118103,5.712966521010003e-06,9.373802041754794e-05
11083,0,2,SVM_RBF,0.12780606329777744,6.15192586303804e-05,0.8718023927595298,0.00020158967788779997,0.0001284350061745072
16217,3,3,SVM_RBF,4.6706183066768236e-05,9.832918759037405e-05,0.000385146146237879,0.999353378026545,0.00011644045655990805
14526,1,1,SVM_RBF,2.7826598010304066e-06,0.9985915128646194,0.0012444613282074476,1.3461526281674585e-05,0.00014778162109058227
15588,1,1,SVM_RBF,8.470757457501634e-06,0.9983865035890835,0.0011950962536798834,0.00013450631896205453,0.00027542308081695345
11832,0,0,SVM_RBF,0.9942172448569957,0.00042637384237995124,0.004171026337946877,0.0006340881469333636,0.000551266815744113
14571,1,1,SVM_RBF,4.15651004638677e-06,0.9983213025744404,0.0014609972167290187,3.71006091367524e-05,0.00017644308964745244
14306,1,1,SVM_RBF,1.1825182767481293e-06,0.999109352353496,0.000795121869397047,6.107349596125245e-06,8.823590923382073e-05
11226,0,0,SVM_RBF,0.9942595628583922,0.00037953410361074396,0.004179335287453222,0.0006220409829128081,0.0005595267676313469
16255,3,3,SVM_RBF,0.00011001648183752798,0.0025673759959581595,0.0009006630774175867,0.9962113970084973,0.00021054743628976896
15903,1,1,SVM_RBF,9.424879875650216e-07,0.9990632147037265,0.0005653048610956476,0.00013918416821690684,0.00023135377897306818
15042,1,1,SVM_RBF,1.2945832263444114e-06,0.9987455719468495,0.0007256605545189474,0.0004094209874421819,0.00011805192796302924
14853,1,1,SVM_RBF,1.763631653659557e-06,0.998978542828934,0.0008911001825091361,1.112863084620063e-05,0.00011746472605717657
12369,2,2,SVM_RBF,9.014435462514582e-07,3.227383842363613e-07,0.9997638015623097,0.00023246648585739698,2.507769902327582e-06
15043,1,1,SVM_RBF,6.582127633668309e-07,0.9993690023013702,0.0005306152238325892,3.2508216472082475e-05,6.721604556175926e-05
12383,2,2,SVM_RBF,3.4234675252944294e-07,1.212432375957228e-07,0.9998319831046893,0.0001645639549339555,2.9893503865970383e-06
15604,1,1,SVM_RBF,7.537746632126706e-06,0.9944941184323846,0.0007122566194528062,0.004252302748834031,0.0005337844526964178
17515,4,4,SVM_RBF,0.00027244920299819656,0.00018202099425023953,0.0034926398180740916,0.0007032769205195301,0.9953496130641579
15983,3,3,SVM_RBF,7.563889704663195e-05,0.002874708183966721,0.0007195849202101928,0.9962669562964795,6.31117022969493e-05
18617,4,4,SVM_RBF,3.0556127505050917e-07,4.7623770632280973e-07,2.9763863342093215e-07,6.355043145653535e-07,0.9999982850580706
16879,3,3,SVM_RBF,5.655232000415613e-05,0.0007596657969024444,0.001053200705069097,0.9821402231403024,0.01599035803772221
16303,3,3,SVM_RBF,1.1834680702575782e-05,0.0025997688980070686,0.0003673912058371523,0.9954476098407442,0.0015733953747091552
14212,1,1,SVM_RBF,4.6190100793449537e-07,0.999447853161003,0.0004934749694117438,2.578619392335879e-06,5.56313491849598e-05
15361,1,1,SVM_RBF,3.128954763882461e-07,0.9995721187552368,0.000339533987588113,2.353094905036231e-05,6.450341264848312e-05
18114,4,4,SVM_RBF,6.264520662063558e-05,0.0004331278139107649,0.00036651481948309864,0.005614230655301136,0.9935234815046843
14828,1,1,SVM_RBF,3.0859187627165624e-06,0.9985824395077704,0.0012426146430767468,1.9733230161918078e-05,0.0001521267002283779
15820,1,1,SVM_RBF,6.341790516750122e-05,0.7970045198360679,0.0005756621880928124,0.2018158239506344,0.0005405761200373007
16912,3,3,SVM_RBF,4.603121550569064e-05,9.362018016928538e-05,0.0005948003940949281,0.9947351838852541,0.004530364324976544
18152,4,4,SVM_RBF,0.0001623826346369315,0.0004751369651362252,0.0008977251479059607,6.432087827844789e-05,0.9984004343740422
17487,4,4,SVM_RBF,7.083333962064719e-05,0.0007107257711919463,0.0011159117349101835,0.042262742597126916,0.9558397865571506
11039,0,0,SVM_RBF,0.9986453962117352,0.00018490884084028023,0.00034144227229934205,0.0004758078318875198,0.0003524448432378829
12352,2,2,SVM_RBF,0.005169288051133167,3.7222218038167095e-05,0.9945103105695441,0.00021414598300043542,6.903317828397653e-05
15390,1,1,SVM_RBF,7.734162392948342e-07,0.9991878634439587,0.0005391015103269519,8.607929687379668e-05,0.0001861823326013326
14833,1,1,SVM_RBF,4.623627909457342e-07,0.999512096742878,0.00043522286975082965,3.832337449220116e-06,4.838568713095708e-05
10730,0,0,SVM_RBF,0.9939071369470239,0.0013564079775508803,0.0023396770640066494,0.001195117363822827,0.0012016606475956063
13303,2,2,SVM_RBF,2.3019962885385403e-07,7.21216303142907e-08,0.9998450925841794,0.00014913515878297787,5.4699357784305036e-06
10828,0,0,SVM_RBF,0.9989070641432692,0.000180781893354946,0.000301992407340852,0.0003347528438880925,0.000275408712147126
14427,1,1,SVM_RBF,4.4965978725677967e-07,0.9995307211696114,0.0004264602649711982,2.2894482468696415e-06,4.0079457383119796e-05
12529,2,2,SVM_RBF,7.869880423248394e-07,2.848214850926087e-07,0.9997711464125697,0.00022522709497105393,2.554682931653319e-06
17386,3,3,SVM_RBF,4.4455755426173405e-05,0.00015561135383607486,0.0006076080276805507,0.9542646949056929,0.04492762995736444
14247,1,1,SVM_RBF,2.1853232448887435e-06,0.9987387183749267,0.0011284773777580743,8.150052203030327e-06,0.00012246887186710207
11172,0,0,SVM_RBF,0.9936253858324121,0.00027624390331218066,0.005181751793099888,0.0004604767254981221,0.0004561417456779793
13816,2,2,SVM_RBF,5.627132077057276e-07,2.181090859395718e-07,0.9996936347770218,0.00024044038083935836,6.514401984522137e-05
17595,4,3,SVM_RBF,4.921842801205381e-05,0.0013576744738688982,0.0006015008514369971,0.7325463722495463,0.2654452339971356
18899,4,4,SVM_RBF,0.00024781890602214985,0.00034777495153163676,0.0037325287460575735,7.193063590455157e-05,0.9955999467604839
14173,1,1,SVM_RBF,1.530671558097215e-06,0.998954886703366,0.0009326666433062866,1.1931074914113188e-05,9.898490685558276e-05
12454,2,2,SVM_RBF,1.6060397974398447e-06,5.97338588971792e-07,0.9997010633195601,0.0002935612253559442,3.172076697629857e-06
15723,1,1,SVM_RBF,6.729753427010258e-06,0.9980972177381974,0.001042275534240055,0.00017596913729190194,0.0006778078368437884
15019,1,1,SVM_RBF,6.1811672759914616e-06,0.9969525867609033,0.0016173224482181336,0.0011245336078380447,0.00029937601576435576
13463,2,2,SVM_RBF,4.637874616650908e-06,1.5981462581813937e-06,0.9992516549975587,0.00068403062007321,5.807836149314703e-05
11496,0,0,SVM_RBF,0.9980442749613704,0.00024764740618375144,0.000841586308661679,0.00042881677723892534,0.00043767454654525793
17805,4,4,SVM_RBF,0.00011000209419386122,0.00014359779631776558,0.0009254186372835104,0.006802261872685432,0.9920187195995194
12871,2,2,SVM_RBF,6.722796051237738e-06,3.4887618864053827e-06,0.9979389171817853,0.0017737966623870836,0.00027707459788979365
16251,3,3,SVM_RBF,3.68950654835218e-07,1.1357979971572475e-06,3.8655072484411165e-07,0.9998257954196927,0.00017231328093041993
13164,2,2,SVM_RBF,7.705584957355162e-07,2.6577743754075193e-07,0.9997180920559511,0.0002713484538548681,9.523154260743924e-06
14911,1,1,SVM_RBF,2.7637179733262836e-06,0.9985180730878369,0.0011392668362766277,0.0001860159477221139,0.00015388041019104203
17700,4,4,SVM_RBF,0.000141094287233035,3.997807927569899e-05,0.0015121594725479625,0.00029546851840983384,0.9980112996425335
18690,4,4,SVM_RBF,7.5677073716949e-05,0.002343094826986198,0.00026575977151922054,0.0003195131856304965,0.9969959551421473
11516,0,0,SVM_RBF,0.9890921130296111,0.00022881864471727416,0.009521836878986063,0.0004927219042078871,0.0006645095424777683
11426,0,0,SVM_RBF,0.9979467578500517,0.00036312287327299337,0.0007159341001478663,0.0004951577597604476,0.0004790274167670492
14250,1,1,SVM_RBF,6.048544410947573e-07,0.9993497841963831,0.0005815276433125895,3.0744340154949675e-06,6.50088718475429e-05
14098,1,1,SVM_RBF,6.703874032231669e-07,0.9993706484798579,0.000563896586841624,3.008802101618087e-06,6.177574379568814e-05
11631,0,0,SVM_RBF,0.9952358855033862,0.0004489262484006915,0.0031942625673607723,0.0005733939918607069,0.0005475316889917106
16284,3,3,SVM_RBF,2.438704315579217e-07,7.753567177143073e-07,2.6658693445311694e-07,0.9998537179932345,0.00014499619268172013
15777,1,1,SVM_RBF,5.184459468148371e-07,0.9992245616347123,0.000338543997377371,3.2602443191257387e-06,0.0004331156776445799
11320,0,0,SVM_RBF,0.993680747213516,0.00027029928136544266,0.005029454122855821,0.0005149230399888828,0.0005045763422740201
11736,0,0,SVM_RBF,0.994310715313517,0.000469733765906773,0.003974439373281006,0.0006092527913502694,0.0006358587559448726
15809,1,1,SVM_RBF,9.36730714826494e-07,0.998397722126556,0.0004684452104982253,0.0008472833711641198,0.0002856125610665461
14473,1,1,SVM_RBF,9.426188165071013e-07,0.9992292729023341,0.0006849052903786422,4.751954179896441e-06,8.012723429099482e-05
17882,4,4,SVM_RBF,7.35016944872651e-05,8.4948162631841e-05,0.0007240790444289311,0.004569365845064823,0.9945481052533874
11693,0,0,SVM_RBF,0.9970869031187584,0.0005241116728543402,0.0010920686417431101,0.0007028143401713339,0.0005941022264728872
13985,1,1,SVM_RBF,1.6525860896360505e-06,0.9988886717117881,0.0010098117559582049,8.174234827667126e-06,9.168971133646592e-05
16543,3,3,SVM_RBF,5.1996770080722593e-05,0.0004273902489588416,0.00042373622108926026,0.9972856302663514,0.0018112464935193901
17349,3,3,SVM_RBF,4.399761856575967e-05,0.00013503164562937597,0.0005464950666254,0.9468853605595677,0.05238911510961163
18933,4,4,SVM_RBF,4.812490029747744e-07,2.824635074959764e-07,7.898625506166175e-07,4.690437603767446e-07,0.9999979773811785
18161,4,4,SVM_RBF,0.0002338762589978318,0.0011930537769077089,0.0009425574359568979,0.0001226401310964588,0.9975078723970411
15906,1,1,SVM_RBF,0.00028181691138221416,0.9666099202873586,0.0008341291041328296,0.030649568840634217,0.0016245648564922417
13639,2,2,SVM_RBF,3.394217006040893e-06,1.9473272924551395e-06,0.9989990545070475,0.000661701873752381,0.0003339020749016749
14245,1,1,SVM_RBF,8.680992110276424e-07,0.999231044915384,0.000686523938556835,3.71985563613123e-06,7.784319121198732e-05
16855,3,3,SVM_RBF,1.8928127270094768e-05,3.4041924276346866e-05,0.00041376553185318976,0.9991105633487362,0.0004227010678642938
18490,4,4,SVM_RBF,0.022771514211449954,0.056642803381582875,0.012236766950118638,0.012799815511357003,0.8955490999454914
16347,3,3,SVM_RBF,1.2479939717561295e-07,3.9692195880790743e-07,1.3557214110503775e-07,0.999958395666054,4.0947040449004565e-05
10651,0,0,SVM_RBF,0.9980925678952294,0.00016066770493072184,0.001299998709446842,0.00027322731624673834,0.00017353837414627388
18749,4,4,SVM_RBF,4.479835354597849e-07,6.96593958326072e-07,4.3418085849991835e-07,9.312213172668349e-07,0.9999974900203304
15489,1,1,SVM_RBF,5.725024370602777e-07,0.9992125040088962,0.0004504940046925955,0.00020727356074640632,0.00012915592322766144
15609,1,1,SVM_RBF,2.264814974099425e-07,0.9996530923830076,0.0002885450225388393,5.2450007250029694e-06,5.289111223114991e-05
17034,3,3,SVM_RBF,4.204434799109723e-05,0.00011179515767732233,0.0005639632541559286,0.9872761313945044,0.012006065845671293
15621,1,1,SVM_RBF,7.343084778349188e-07,0.9992867188573943,0.0005046232916996781,2.645027433704756e-06,0.00020527851499457697
16992,3,3,SVM_RBF,4.498922550006349e-05,0.00010268159019378408,0.0005516872838831309,0.995596921638483,0.0037037202619399105
14861,1,1,SVM_RBF,2.16517560002797e-06,0.9988326261807385,0.0010355008428294106,6.931755858658123e-06,0.00012277604497347577
12262,2,2,SVM_RBF,5.043770632898051e-07,1.911494165119481e-07,0.9997961866944577,0.00019580635562599504,7.311423436465908e-06
15223,1,1,SVM_RBF,6.732652308913371e-07,0.9993196063247778,0.0005153936236604318,7.568596015541591e-05,8.864082617560004e-05
10188,0,0,SVM_RBF,0.992839116369962,0.00046476663985381547,0.005824552511287226,0.00021742271264761919,0.0006541417662493961
15857,1,1,SVM_RBF,9.939135870771933e-06,0.9977550777814516,0.001219239982746933,0.0001548299711141259,0.0008609131288166577
17606,4,4,SVM_RBF,0.0003880224180597857,0.00012652935532752208,0.0018509485116574207,0.00032401013621622207,0.9973104895787389
14947,1,1,SVM_RBF,8.21614311146278e-07,0.9992645857294554,0.0005791293037354401,8.177250239253146e-05,7.3690850105722e-05
15958,3,3,SVM_RBF,2.2252264255433016e-05,0.0020357492632499786,0.00037049239259216563,0.9975410568301123,3.0449249790223512e-05
11403,0,0,SVM_RBF,0.9989490521923358,0.00025200270998452145,7.49909560287996e-05,0.00042695833414354824,0.000296995807507312
14243,1,1,SVM_RBF,7.582626419117039e-07,0.999268355520445,0.0006545081977721735,3.3706437770981837e-06,7.300737536379036e-05
15245,1,1,SVM_RBF,6.657888532659744e-06,0.9950630316564054,0.0008142260082298331,0.003865907480071138,0.00025017696676108493
11890,0,0,SVM_RBF,0.9951725898028919,0.00030658414803827596,0.0037852980606336442,0.000353734737736117,0.000381793250699904
19057,4,4,SVM_RBF,0.0005390573986226662,0.0006369009748949401,0.0025195086180686724,5.001700857834911e-05,0.9962545159998356
16710,3,3,SVM_RBF,2.532389179045136e-05,8.065082272234467e-05,2.733170435342729e-05,0.9952365301348907,0.004630163446242958
10189,0,0,SVM_RBF,0.9872136104583213,0.00041691233023298985,0.011621560636442908,0.00018666321053925234,0.0005612533644635088
10207,0,0,SVM_RBF,0.9993733803026139,0.00017719693798571253,0.00013912998274078213,9.783027026389478e-05,0.00021246250639547068
18568,4,4,SVM_RBF,0.00010336865353120545,0.00012244735440359664,0.00035456489021374303,1.2582054686779133e-05,0.9994070370471648
18198,4,4,SVM_RBF,3.8442457929934866e-05,0.0004897588042320508,0.0003626845955300874,0.00036526169760616313,0.9987438524447019
18676,4,4,SVM_RBF,0.00014613609560643287,0.002023810495620597,0.0008564043113154697,0.00014483679710998223,0.9968288123003473
10713,0,0,SVM_RBF,0.9918104571786264,0.0024310421374986197,0.002499797195059802,0.0015509570844735039,0.0017077464043418142
14914,1,1,SVM_RBF,8.826718800920135e-07,0.9993008418801232,0.0006300547044626326,3.0735778785839374e-06,6.514716565550868e-05
12656,2,2,SVM_RBF,4.854142399715502e-07,1.72273812950117e-07,0.9998026144748245,0.0001943961407696237,2.3316963530009087e-06
14829,1,1,SVM_RBF,2.8344357220856906e-06,0.9986453889040214,0.0011676066509024594,3.0461776970811062e-05,0.00015370823238315776
18947,4,4,SVM_RBF,0.0006642984388919102,0.0007237873781405339,0.0035859404361836653,8.221406838192277e-05,0.9949437596784019
14453,1,1,SVM_RBF,2.780832523604915e-06,0.9985482898235802,0.0011840183731578983,0.00012006652505378781,0.00014484444568437833
18389,4,4,SVM_RBF,0.00017019843901744163,0.00023569112194834078,0.0007375714853504335,3.444154027302081e-05,0.9988220974134108
16190,3,3,SVM_RBF,5.904130163474477e-05,0.0001822099980117995,0.0005107711598897365,0.9990555477786307,0.00019242976183296795
16988,3,3,SVM_RBF,4.409541628435879e-05,7.57820184292321e-05,0.00042693726845652915,0.9948805731007035,0.004572612196126534
14071,1,1,SVM_RBF,2.124945509410521e-06,0.9987350650932718,0.001141727136677372,1.1785968378064982e-05,0.00010929685616336937
10028,0,0,SVM_RBF,0.9981643282379604,0.00031637814405414467,0.001272155653247219,0.00014999284833191383,9.714511640631119e-05
12836,2,2,SVM_RBF,0.18139987325381973,0.00035641768500549513,0.8123113250496955,0.0029426620073586636,0.002989722004120426
15233,1,1,SVM_RBF,1.4101492939697352e-06,0.9983467054586765,0.0006860638586489923,0.0007852067557965418,0.000180613777584069
13867,2,2,SVM_RBF,3.762212482932288e-07,1.2834728480359914e-07,0.9997536457056845,0.00019199490356044054,5.385482222192684e-05
17266,3,3,SVM_RBF,3.393871310430988e-05,0.000443994199117203,0.00046911493461241184,0.9727415573201803,0.02631139483298597
13047,2,2,SVM_RBF,3.98173776324717e-07,1.332289396745331e-07,0.9998069115247271,0.00018773790389033077,4.819168666364347e-06
16647,3,3,SVM_RBF,2.250451048453956e-06,7.172986066598014e-06,2.4520205048311467e-06,0.9987234268479563,0.0012646976944236338
18563,4,4,SVM_RBF,7.33361059944889e-05,7.412431647909346e-05,0.0004396221023844864,1.0528213695321707e-05,0.9994023892614465
18370,4,4,SVM_RBF,8.0464838602244e-05,0.00014161360607438796,0.0005778954146322323,9.630871905324911e-06,0.9991903952687858
17492,4,4,SVM_RBF,0.0002255854560601095,0.0004539940494248409,0.0021146110257327477,0.021827053231866327,0.9753787562369162
11472,0,0,SVM_RBF,0.9479074074952466,0.00041587054613814246,0.050196846612558695,0.0006483774189784922,0.0008314979270777577
10634,0,0,SVM_RBF,0.9960283128601,0.0007802620690813921,0.0015851014391713503,0.000825328756833752,0.0007809948748136421
16865,3,3,SVM_RBF,5.138603518104378e-05,6.187716397994871e-05,0.0008942508231675168,0.9879809776828337,0.011011508294837893
14075,1,1,SVM_RBF,1.268716172939803e-06,0.9990518216059154,0.0008528275169900219,7.952244212818483e-06,8.61299167086432e-05
12368,2,2,SVM_RBF,0.0014128761490955722,6.877378927211673e-05,0.9981735457730617,0.0003226476259495278,2.215666262092094e-05
11713,0,0,SVM_RBF,0.9974552589421903,0.0003000506729912532,0.0013096551079843396,0.0004993566770550759,0.0004356785997790488
16541,3,3,SVM_RBF,4.1433876791628716e-05,7.666849681927933e-05,4.041557669580533e-05,0.9907906868503098,0.009050795199383427
13140,2,2,SVM_RBF,6.35725289962385e-07,2.0263949119113293e-07,0.9997273645648831,0.0002613611922408702,1.043587809509691e-05
17196,3,3,SVM_RBF,2.1598485106004986e-05,0.00011482149258743084,0.0004032230511910025,0.9728281631944286,0.026632193776687293
13012,2,2,SVM_RBF,0.0014313147652842977,5.303369057570345e-05,0.9980693336821698,0.0002855087826182451,0.00016080907935201588
17283,3,3,SVM_RBF,4.8950084626914645e-05,0.0002917158880925744,0.0009031133793188944,0.941734397847353,0.05702182280060848
12109,2,2,SVM_RBF,4.18569435948394e-08,1.3342321220866625e-08,0.9998914150568693,0.00010293573481713898,5.594009048766393e-06
16524,3,3,SVM_RBF,5.436171244640271e-05,7.345802651477963e-05,0.0008804715405397444,0.9920909458423848,0.006900762878114236
16523,3,3,SVM_RBF,7.992562174360553e-05,0.0013320394203376698,0.0012804568309409223,0.9821963039909812,0.01511127413599663
15551,1,1,SVM_RBF,8.634621179969953e-07,0.9992033673590094,0.0005676894138797,8.614216884548587e-05,0.000141937596147454
14646,1,1,SVM_RBF,8.45197069485335e-07,0.9992791765647484,0.0006401252688025046,4.316363157712356e-06,7.553660622205715e-05
16505,3,3,SVM_RBF,3.7818889072526743e-05,0.0001619315871778538,0.00036831381796731876,0.9985868190625372,0.0008451166432450704
18393,4,4,SVM_RBF,5.640653116614091e-05,0.00016605787491719086,0.0004323810241412842,5.220267927013589e-06,0.9993399343018484
13353,2,2,SVM_RBF,3.8254301353611146e-07,1.1536091952726626e-07,0.9997920557570701,0.00019737599178770016,1.0070347209297472e-05
11748,0,0,SVM_RBF,0.9974305076278482,0.0003438383380709338,0.0010846879513896164,0.0005760382171295616,0.0005649278655615748
11279,0,0,SVM_RBF,0.9942592420525056,0.00018696089135120868,0.0047823137179532895,0.0004018290847129636,0.000369654253476886
12772,2,2,SVM_RBF,4.0946008056767453e-07,1.3978397100875097e-07,0.9998066480370803,0.00018822369045871026,4.579028409476732e-06
10454,0,0,SVM_RBF,0.99916324918765,6.428361579298122e-05,0.0005464612445768276,0.00011098278827996862,0.00011502316370003463
14432,1,1,SVM_RBF,1.315095100550096e-06,0.9990671925912303,0.0008319384453626199,4.206799875789784e-06,9.534706843060845e-05
10675,0,0,SVM_RBF,0.9973733307205787,0.0002838838770787162,0.0010734011490547196,0.0005164884410443183,0.00075289581224338
18668,4,4,SVM_RBF,7.146287164225225e-05,3.627824223301035e-05,0.00039480758862368197,4.358053002674511e-06,0.9994930932444985
15568,1,1,SVM_RBF,0.0015564963928980094,0.9938648821603752,0.0022618549162942937,0.00042236447827470234,0.0018944020521578188
11342,0,0,SVM_RBF,0.987026762902915,0.00031294303313872016,0.011703082917665333,0.0004826150741533131,0.0004745960721277264
16677,3,3,SVM_RBF,9.152772071586105e-06,2.8963836600721076e-05,1.0098684394228646e-05,0.9973297423709979,0.0026220423359355443
17867,4,4,SVM_RBF,0.0003166252049592182,7.585221825220565e-05,0.003104520873956909,0.0001679497195976599,0.996335051983234
14425,1,1,SVM_RBF,1.6786433056014654e-06,0.9989233239729151,0.0009586896351387426,7.337246552070951e-06,0.00010897050208858503
12654,2,2,SVM_RBF,0.002564372869404577,4.9873750642703264e-05,0.9970953608803073,0.00026544035362052954,2.495214602480636e-05
16716,3,3,SVM_RBF,1.4888330463019546e-06,4.717403262979538e-06,1.637112059897118e-06,0.9989965366350698,0.0009956200165610325
15829,1,1,SVM_RBF,6.407400221919598e-07,0.9986016664630816,0.0003542622235769506,0.0007141570014582094,0.0003292735718609273
17194,3,3,SVM_RBF,0.0001961777816531436,0.00030495760604352565,0.00019176489721532163,0.9786445482862886,0.02066255142879939
18308,4,4,SVM_RBF,0.0012459983923428445,0.021552495038779904,0.001848187162328603,0.00033024196503832887,0.9750230774415105
15085,1,1,SVM_RBF,7.127832415499324e-06,0.9953506592127193,0.0013442252499436189,0.0030025254281177208,0.0002954622768037079
19097,4,4,SVM_RBF,0.0004558200821537801,0.00043582162444212504,0.0020476902642825134,3.841258345158976e-05,0.9970222554456699
14736,1,1,SVM_RBF,1.8914894751747292e-06,0.9989297408203797,0.0009496294320847999,7.3153841098526e-06,0.0001114228739505009
18752,4,4,SVM_RBF,6.720973007583766e-05,2.9929308483348943e-05,0.0003532191599433416,3.4839922437384488e-06,0.9995461578092537
14317,1,1,SVM_RBF,4.982395734578848e-07,0.999426100813544,0.0005130617314698591,2.1238715257344157e-06,5.82153438870645e-05
10385,0,0,SVM_RBF,0.9989899442471837,9.182944472208967e-05,0.000462819673031624,0.00018380114286623245,0.0002716054921963873
10690,0,0,SVM_RBF,0.996716235127438,0.0005824042617851384,0.0013480683885133112,0.0006904181659264988,0.0006628740563372734
17592,4,4,SVM_RBF,0.000694442461559197,5.656969680003071e-05,0.0028684618157969726,8.418045383510414e-05,0.9962963455720085
15398,1,1,SVM_RBF,3.643074228346656e-07,0.9995128451800025,0.0003661811845619807,4.389456918495895e-05,7.671475882794105e-05
13465,2,2,SVM_RBF,8.327460182112293e-07,2.3224914610452993e-07,0.9996132053642258,0.000351754403295644,3.3975237314181096e-05
19117,4,4,SVM_RBF,0.000284725626547359,0.0003644600174693962,0.0013153194205888581,2.766404169830346e-05,0.9980078308936964
12910,2,2,SVM_RBF,8.815444344467489e-07,3.168179001095974e-07,0.9997139810574928,0.0002785620443902109,6.258535782380505e-06
18555,4,4,SVM_RBF,0.000302493162597143,0.001005254702451385,0.0009241482088840825,0.00010373209545913409,0.9976643718306083
18020,4,4,SVM_RBF,7.236638645370011e-05,0.00018406072512201714,0.000433256709799066,0.00039809469563221187,0.9989122214829927
11315,0,0,SVM_RBF,0.9933295060970921,0.0002901738009371539,0.005336707099888173,0.0005360177119336056,0.0005075952901490353
18342,4,4,SVM_RBF,9.611456762276449e-05,0.0007110717643039992,0.0004388492711976122,8.321011746469532e-06,0.9987456433851291
16069,3,3,SVM_RBF,8.35751926201194e-05,0.0028456722721635743,0.000562294206833724,0.9964204187694129,8.803955896959476e-05
12737,2,2,SVM_RBF,1.466054051207782e-07,5.117459536314592e-08,0.9997088955342924,0.0002635956383222384,2.7311047384933813e-05
12153,2,2,SVM_RBF,1.4782897828217896e-07,5.2703627443588676e-08,0.9998786047685111,0.0001201554651992806,1.0392336838729043e-06
14203,1,1,SVM_RBF,3.7503527080436126e-06,0.9983051492943386,0.0015253915620337534,1.2937789091154047e-05,0.00015277100182867936
12628,2,2,SVM_RBF,1.6511908223117743e-06,5.776169595059305e-07,0.9995929029121993,0.00039509502860059524,9.773251418240794e-06
17934,4,4,SVM_RBF,4.957577571268239e-07,4.835488545715914e-07,5.282500416923696e-07,8.438123002204705e-07,0.9999976486310465
18728,4,4,SVM_RBF,8.192415032860294e-05,0.0007622268890217923,0.0002732459626947425,4.0076640291726974e-05,0.9988425263576634
14042,1,1,SVM_RBF,1.9178529161099705e-06,0.9987998493707009,0.0010844986109663924,1.3378877727806584e-05,0.00010035528768871639
12403,2,2,SVM_RBF,1.1557250230077756e-06,4.254713580764666e-07,0.9996772876009691,0.00031811010522044697,3.0210974290314343e-06
18632,4,4,SVM_RBF,1.6194979713965649e-07,1.7453848802906085e-07,1.8815424429317477e-07,2.9750638209166286e-07,0.9999991778510884
18164,4,4,SVM_RBF,0.00224574930642647,0.023108120360205316,0.0029270600058722658,0.0013017098070674288,0.9704173605204283
16062,3,3,SVM_RBF,2.6815791279177896e-05,0.00010052575740338558,0.0003554755203938748,0.9989364657939078,0.0005807171370157807
17744,4,4,SVM_RBF,0.00016645216256729457,0.0007895935482041764,0.0016836249602836916,0.009482594976646016,0.9878777343522988
11159,0,0,SVM_RBF,0.9983712271291695,9.908392269434473e-05,0.0008701756956856619,0.00030528517697940707,0.00035422807547109015
12012,2,2,SVM_RBF,7.639479188632926e-07,2.7373431955509595e-07,0.9999045897495317,9.282229189315049e-05,1.5502763367189276e-06
11168,0,0,SVM_RBF,0.9942965404799112,0.00033847110112616806,0.004256790116107697,0.0006178159703450693,0.0004903823325099772
18443,4,4,SVM_RBF,5.17624507219539e-05,0.00014363849323338932,0.00040911737182096125,5.502547103277941e-06,0.9993899791371205
13061,2,2,SVM_RBF,1.7621905348684532e-07,5.3434938945113104e-08,0.9998620573762576,0.00013312854483768966,4.584424912373273e-06
17590,4,4,SVM_RBF,8.750125743242045e-05,0.0005260515729266124,0.0011431778380915913,0.11089871136178449,0.887344557969765
14978,1,1,SVM_RBF,2.7708449947401545e-06,0.9983639770893404,0.0011112142179658118,0.00028311902000718864,0.00023891882769186428
13671,2,2,SVM_RBF,6.914339607674075e-07,2.1059816240979694e-07,0.9997600394349777,0.00021224576734403476,2.681276555511734e-05
13529,2,2,SVM_RBF,1.1120604874699991e-06,6.382019636404093e-07,0.9994485538628576,0.00040253532107487186,0.0001471605536164653
12157,2,2,SVM_RBF,1.256735968365111e-06,6.382508407478899e-07,0.9988800554191579,0.001115995116719104,2.0544773138431097e-06
10754,0,0,SVM_RBF,0.9956241675098091,0.0007256364671311472,0.0019140282078343887,0.000962024797778885,0.000774143017446659
16991,3,3,SVM_RBF,6.36646715490698e-05,0.00018070570038239599,0.0012831031002344397,0.9831969307161448,0.015275595811688974
14561,1,1,SVM_RBF,7.040989433208648e-07,0.9993573514740328,0.0005717339594928512,3.731853458059205e-06,6.647861407314235e-05
10871,0,0,SVM_RBF,0.9990939102999528,0.00011988830485930131,0.00034146232527122744,0.00020009224687782292,0.00024464682303864733
12451,2,2,SVM_RBF,0.0016634306922793027,4.6855858990381285e-05,0.9980313586297311,0.0002486623005873124,9.692518411960673e-06
13422,2,2,SVM_RBF,3.991922506851491e-06,1.3701565509632359e-06,0.9993231974096936,0.0005928153378380521,7.86251734105296e-05
15685,1,1,SVM_RBF,7.815576908210235e-07,0.9991089620552651,0.0004978606164526788,6.674709144570123e-05,0.00032564867914577786
17787,4,4,SVM_RBF,7.786004255842536e-05,0.00010960070192621916,0.0006351707008377195,0.0007568397780921746,0.9984205287765854
15874,1,1,SVM_RBF,0.000603649881030571,0.9585314385230782,0.00247785986880779,0.00018527635459339827,0.03820177537249022
10574,0,0,SVM_RBF,0.9993636682784421,4.844352797605731e-05,0.00030026887904540143,0.00010169739044641523,0.00018592192408986233
14303,1,1,SVM_RBF,1.0890201288604945e-06,0.999147422931276,0.0007611325219673517,6.352383409983672e-06,8.40031432178752e-05
14780,1,1,SVM_RBF,1.3364557979096322e-06,0.9990945067696217,0.0008083976109152188,4.444730905557365e-06,9.131443275960251e-05
11174,0,0,SVM_RBF,0.989735056100641,0.00023221253716291295,0.009176312839635272,0.0004111425816983847,0.00044527594086223737
11833,0,0,SVM_RBF,0.9936092581077605,0.00034433247138164594,0.005055675789347223,0.0005322121383258927,0.0004585214931848206
13926,2,2,SVM_RBF,0.0007223885363352085,0.00047367616189253217,0.9853606281391265,0.012436165291662199,0.0010071418709835585
12780,2,2,SVM_RBF,1.9241329857234041e-07,6.696711863215121e-08,0.9998618208497271,0.00013641867176156033,1.5010980941344203e-06
13451,2,2,SVM_RBF,4.562756432670756e-07,1.552986858370815e-07,0.9997747898321991,0.00020755197544691242,1.7046618024792596e-05
12021,2,2,SVM_RBF,1.398115230424919e-07,5.135998563987661e-08,0.9998818244716743,0.00011672509745623913,1.2592593608999375e-06
13940,2,2,SVM_RBF,6.420764339341853e-06,1.8464357293447804e-06,0.9990032965949079,0.000814788302870084,0.00017364790215321544
14784,1,1,SVM_RBF,1.2821221480021568e-06,0.9991029602128401,0.0007925157036708685,5.1548931766363905e-06,9.808706816435912e-05
14518,1,1,SVM_RBF,7.407768870695003e-07,0.9993159740163089,0.0006049751659319769,6.0311514844988445e-06,7.227888938770315e-05
11578,0,0,SVM_RBF,0.9975377251082469,0.00048242783088023306,0.0008300328977811611,0.0006312863502259222,0.0005185278128656242
17169,3,3,SVM_RBF,2.884859607803248e-05,3.9118689832831287e-05,0.0005179439894211743,0.9889782855324392,0.010435803192229117
11849,0,0,SVM_RBF,0.9955337209235844,0.000473953491160296,0.0030796460465769334,0.00044455171682144157,0.0004681278218571075
12527,2,2,SVM_RBF,1.295652655037582e-06,4.7129699831621175e-07,0.9996809942546456,0.0003134757818195411,3.7630138816154017e-06
13574,2,2,SVM_RBF,8.024028659491137e-08,2.2903382050992326e-08,0.9999066123351144,8.982832291129655e-05,3.4561983055912503e-06
10185,0,0,SVM_RBF,0.9973614994248986,0.0002574352109927133,0.001912619029322575,0.00011569027159910894,0.0003527560631871696
14383,1,1,SVM_RBF,1.3423700696347873e-06,0.999039210403737,0.0008533594603443953,8.032222717039098e-06,9.80555431320235e-05
15560,1,1,SVM_RBF,1.59608129409476e-07,0.9995791852015925,0.00021831168474782886,1.6484395049877598e-06,0.00020069506602514992
14044,1,1,SVM_RBF,2.2653738212525142e-06,0.9986860006951854,0.0011898274833549534,1.1024224808785757e-05,0.00011088222282928253
12163,2,2,SVM_RBF,0.02811124491115653,7.554331348077115e-05,0.9714333685111148,0.00027599081457144745,0.00010385244967643776
16566,3,3,SVM_RBF,5.924473337461045e-05,8.433517196978985e-05,0.0007964775509278211,0.9951306063792933,0.003929336164434424
17015,3,3,SVM_RBF,6.392704409685762e-05,0.00011301320804849439,6.248544834670232e-05,0.9882394525496444,0.01152112174986351
18067,4,4,SVM_RBF,0.00030554208086313976,0.0012178065703993093,0.0008918697916745126,0.030544999638998177,0.967039781918065
11638,0,0,SVM_RBF,0.9950878880031411,0.0004262003590220242,0.003303777426892267,0.0005723905353111336,0.0006097436756334427
16425,3,3,SVM_RBF,3.101101449136998e-07,9.824687876638014e-07,3.3484788954495403e-07,0.999962144342519,3.622823065880846e-05
11918,0,0,SVM_RBF,0.9959998402794187,0.0004744660023597665,0.002610168589918895,0.00042547934227767927,0.0004900457860251111
14793,1,1,SVM_RBF,2.709450138620472e-07,0.9996801056850191,0.00029827652445290465,1.9195048492632063e-06,1.9427340664983214e-05
10234,0,0,SVM_RBF,0.9996511688769324,0.00010729621482026329,2.237476281771032e-05,5.411230294851373e-05,0.00016504784248102118
14904,1,1,SVM_RBF,8.688298623330641e-07,0.9993190141395948,0.0006077197731554352,5.979135044027358e-06,6.64181223434591e-05
10851,0,0,SVM_RBF,0.9990116854389034,0.000139729433592591,0.00034207712610294583,0.0002613616990677265,0.0002451463023333892
10079,0,0,SVM_RBF,0.9993407907332522,0.00022285407020523708,0.00017906258698590887,0.000131665913772732,0.00012562669578399942
16137,3,3,SVM_RBF,0.00013460324313319471,0.016219418829488026,0.0004856591378958431,0.9829809476427357,0.00017937114674729837
18319,4,4,SVM_RBF,0.00032158985439816387,0.0006332304687064323,0.0009642558661471591,9.696576521199773e-05,0.9979839580455364
15703,1,1,SVM_RBF,0.0060313694430486646,0.9804223951980898,0.005108249994220387,0.0016436372939301568,0.0067943480707111994
18865,4,4,SVM_RBF,0.00024661024347736547,0.0003257230609129582,0.0037833269348937645,6.183998868033449e-05,0.9955824997720355
12830,2,2,SVM_RBF,2.447953360878871e-07,9.362900475736682e-08,0.9998555642890783,0.00013632830387579905,7.768982705224386e-06
14431,1,1,SVM_RBF,1.9871693394542287e-06,0.9988441357616266,0.001029502503148856,5.936587258099425e-06,0.00011843797862715227
12484,2,2,SVM_RBF,0.0023154648206424816,6.889714643644498e-05,0.9972666244253583,0.00031750196629138933,3.151164127162388e-05
19027,4,4,SVM_RBF,0.0008706054358614175,0.0009247001750605471,0.003389329826996396,0.0001443689355204991,0.9946709956265611
10217,0,0,SVM_RBF,0.9953877388773755,0.00033238936937621315,0.0036211090400269396,0.00016745717558567822,0.0004913055376356717
10565,0,0,SVM_RBF,0.9992625144308077,5.629039717943756e-05,0.0003160364422995765,0.0001529598198917787,0.00021219890982179936
12795,2,2,SVM_RBF,0.007954452291662454,0.00011164581861613273,0.9912561819341278,0.0004832969908291026,0.00019442296476475398
11957,2,2,SVM_RBF,3.139257152168884e-08,1.067533146476197e-08,0.9999225853085716,6.953551828632325e-05,7.837105239112693e-06
14523,1,1,SVM_RBF,9.499740969368975e-07,0.9992193294061038,0.0006947649506194359,4.534897337773519e-06,8.042077184212215e-05
16405,3,3,SVM_RBF,3.73315790160171e-07,1.1927143120058315e-06,4.1395344466645767e-07,0.9998450794460346,0.0001529405704184668
16890,3,3,SVM_RBF,5.6876462212906095e-05,5.348881417640771e-05,0.0004667945522927288,0.9909861431300174,0.008436697041300779
16536,3,3,SVM_RBF,4.7576816470856793e-07,1.5086515865774755e-06,5.244580302086717e-07,0.9995395358277548,0.0004579552944637249
13349,2,2,SVM_RBF,2.818831745262922e-06,9.917734303067671e-07,0.9994696464792825,0.000494222123889438,3.232079165248749e-05
17800,4,4,SVM_RBF,5.559127758522038e-05,8.630581739132262e-05,0.000793590948986086,0.001155560000633548,0.9979089519554039
14859,1,1,SVM_RBF,8.07723192658305e-07,0.9993194751996639,0.0006004152046935275,6.995474820539501e-06,7.230639762946322e-05
10782,0,0,SVM_RBF,0.9989416925962499,9.768306288705393e-05,0.00040824228884683904,0.00035844621565042027,0.0001939358363659355
18516,4,4,SVM_RBF,0.0007465428936604195,0.00766761382584561,0.002103631500307943,0.001240170953956288,0.9882420408262298
16364,3,3,SVM_RBF,3.9316418952518013e-07,1.2400536123213614e-06,4.415383970397956e-07,0.9998716987579747,0.00012622648582645378
17513,4,3,SVM_RBF,6.542634398459742e-05,0.0005581712866864104,0.0008555198785664572,0.5206764264792298,0.4778444560115326
14369,1,1,SVM_RBF,1.0166011912710591e-06,0.9991814330740267,0.0007299471963495267,4.1731180570768704e-06,8.343001037546423e-05
10735,0,0,SVM_RBF,0.9978794520674136,0.0002760824435193345,0.0008034294414966248,0.0004945367513801281,0.0005464992961903476
14396,1,1,SVM_RBF,2.4707542688540674e-06,0.9986735230107945,0.0011809002421515188,1.3019651634550102e-05,0.00013008634115046423
13399,2,2,SVM_RBF,1.808626210642387e-07,5.2886846478838385e-08,0.9998579546244679,0.00013307436043494844,8.737265629542484e-06
12249,2,2,SVM_RBF,1.0732436365234292e-07,3.845386724704009e-08,0.9998975388134332,0.00010159183914318251,7.235691928321055e-07
14517,1,1,SVM_RBF,4.870686317159129e-07,0.999455725728977,0.0004860605395658013,2.3380743760750995e-06,5.538858844933363e-05
17350,3,3,SVM_RBF,4.614022962197901e-05,7.175614495076588e-05,0.0005539986782650162,0.9657156455104674,0.033612459436694775
13561,2,2,SVM_RBF,6.988896580770393e-06,2.378340804336815e-06,0.9991131643293469,0.0007938427041888328,8.362572907893047e-05
15744,1,1,SVM_RBF,0.0011678897331905329,0.9953690476472772,0.0017970278050025341,0.00028606573233626076,0.0013799690821935113
16780,3,3,SVM_RBF,6.169912268766029e-05,0.0001946758517218497,6.786525548831768e-05,0.9927795965853892,0.0068961631847129935
11140,0,0,SVM_RBF,0.9979891932511425,0.00010857688164037342,0.0012205646788482228,0.00028197414852117365,0.0003996910398478563
16054,3,3,SVM_RBF,3.193653958886069e-05,0.0004456098431860886,0.00038146713266252845,0.9990299991902787,0.00011098729428386376
12627,2,2,SVM_RBF,9.591406194786345e-07,3.4661581685037204e-07,0.9997454253864028,0.00025004391807427847,3.2249390867139725e-06
11850,0,0,SVM_RBF,0.9959505802685019,0.0003166298343644787,0.0028674153857773796,0.00048100892603758147,0.0003843655853189327
10697,0,0,SVM_RBF,0.997739661512723,0.00022787900776421525,0.0015329196976144154,0.00030727940789802843,0.00019226037400024663
16382,3,3,SVM_RBF,3.0109997520345512e-05,4.049821266321695e-05,0.0003846130091794025,0.9994443489239211,0.00010042985671618852
15122,1,1,SVM_RBF,7.572420033942857e-07,0.9992516811740596,0.0005479244420521407,0.00011841570885507628,8.122143302988997e-05
13731,2,2,SVM_RBF,0.003710547520872144,8.368014810527869e-05,0.9953233324269749,0.0005707461099124733,0.0003116937941349397
15234,1,1,SVM_RBF,6.980822956113209e-07,0.9985255270384464,0.00037885755649136614,0.0009726317994788551,0.0001222855232875866
17891,4,4,SVM_RBF,6.108698869509962e-05,0.0006537943676932792,0.0008590277912958217,0.10633665051708872,0.8920894403352269
15170,1,1,SVM_RBF,0.00017963591336496706,0.9261227277438779,0.0014063999552993071,0.07193765254263684,0.00035358384482080596
16354,3,3,SVM_RBF,5.036802231601395e-07,1.5825905252990485e-06,5.644676154434341e-07,0.9996849492589034,0.0003124000027326938
18881,4,4,SVM_RBF,0.000322473020044544,0.0003623992357462354,0.0024712816610927557,3.7704996115429416e-05,0.9968061410870009
17323,3,3,SVM_RBF,3.2785319365383604e-05,0.0001447926949613442,0.000628465740640813,0.9596910475518466,0.03950290869318607
17347,3,3,SVM_RBF,3.63772802463612e-05,4.2002391070511906e-05,0.0006180867353970179,0.9803912664791485,0.018912267114137734
18869,4,4,SVM_RBF,5.188940043647372e-07,2.517363736428321e-07,7.161996243892286e-07,3.9802428652131315e-07,0.999998115145711
18201,4,4,SVM_RBF,2.7513944446051875e-05,0.00017153195284458518,0.00029810132808956495,0.0013591227839358348,0.9981437299906839
10331,0,0,SVM_RBF,0.9996830557359895,8.915905790879942e-05,1.9136892825961134e-05,4.233389409723367e-05,0.00016631441917857573
15743,1,1,SVM_RBF,0.0009416135047768687,0.9961471567543824,0.0015520626688840468,0.00023381841069275414,0.0011253486612641756
16655,3,3,SVM_RBF,2.0526778752169036e-05,6.463619299355139e-05,2.275531891663455e-05,0.9960075161719535,0.0038845655373843315
17692,4,4,SVM_RBF,0.0001475596808038626,7.635811412314866e-05,0.001542513855671919,0.0001539991036432866,0.9980795692457578
17802,4,4,SVM_RBF,7.728690660968085e-05,2.7921868391553848e-05,0.0007468345932174505,3.0165714604709794e-05,0.9991177909171766
14882,1,1,SVM_RBF,3.9973088186888466e-07,0.9995541810475194,0.0004054943214408624,1.5954540104361786e-06,3.832944614737869e-05
10325,0,0,SVM_RBF,0.9988058470286822,0.0002383879907206377,0.00043246684515481625,0.00013121237942811557,0.00039208575601395253
17232,3,3,SVM_RBF,2.9600720518274975e-05,0.0003799807330976076,0.00038464173398085577,0.9734174147885638,0.025788362023839842
17866,4,4,SVM_RBF,7.388156604656402e-05,2.859435902596741e-05,0.0005738448875114418,1.911274155800186e-05,0.9993045664458579
12954,2,2,SVM_RBF,7.199159863059193e-07,2.4418213034545583e-07,0.9997350254183124,0.0002560111811670452,7.999302403875797e-06
15195,1,1,SVM_RBF,1.663411569704912e-06,0.9988844099428019,0.000820641364359939,0.00015512715276646592,0.00013815812850224938
11522,0,0,SVM_RBF,0.9979672625041991,0.0003890782137027516,0.0006197598868722624,0.0005133067666046413,0.0005105926286211347
18615,4,4,SVM_RBF,0.00010876325759065035,0.000187394111416613,0.0005289781566667766,2.885754003459785e-05,0.9991460069342915
12908,2,2,SVM_RBF,1.1675585303021023e-06,4.0773908505126936e-07,0.99965863611352,0.0003333801580718474,6.40843079276076e-06
13519,2,2,SVM_RBF,1.9002267858750272e-07,5.496740354085221e-08,0.9998541013795224,0.00013886864322017108,6.784987175278804e-06
18614,4,4,SVM_RBF,4.892564851869555e-05,3.840867021856677e-05,0.00019349974755379653,0.0014816527061628857,0.9982375132275463
14495,1,1,SVM_RBF,1.0852654358566011e-06,0.9991935616041862,0.0007160381779156628,5.461406819961657e-06,8.385354564241473e-05
15073,1,1,SVM_RBF,8.708283471201986e-07,0.9989324534448459,0.0005775365289912165,0.00039529275519202843,9.384644262381409e-05
10052,0,0,SVM_RBF,0.9670668748397757,0.0007311475363762693,0.031895432842782886,0.00017876675424346108,0.00012777802682177648
11711,0,0,SVM_RBF,0.9975989668208716,0.00037004203532146,0.000960379463775305,0.0005694170126797949,0.0005011946673517623
18681,4,4,SVM_RBF,8.676457467326692e-05,6.230517531206666e-05,0.0005417026683590893,2.6247007415079453e-05,0.9992829805742405
16783,3,3,SVM_RBF,2.9253368091141598e-05,0.0005109546997119761,0.00038853862212043965,0.9965905473989339,0.0024807059111422868
14451,1,1,SVM_RBF,1.938291125879503e-06,0.998831661755998,0.001038375592841842,8.112116018431832e-06,0.00011991224401596469
13470,2,2,SVM_RBF,2.228134847190239e-07,6.641670488313946e-08,0.9998485618697794,0.00014554975608603154,5.599143944751159e-06
10008,0,0,SVM_RBF,0.994452954499022,0.0004297952290758376,0.004685454772397403,0.00018772135374289,0.0002440741457619628
17539,4,3,SVM_RBF,0.0002959903692916196,0.004573293323408601,0.0009072066525041122,0.3676368238386742,0.6265866858161213
14534,1,1,SVM_RBF,9.941156165759458e-07,0.9992077358597686,0.0007053687117581596,4.347281891534788e-06,8.155403096509628e-05
12308,2,2,SVM_RBF,0.0021063854178509337,3.5966468053716276e-05,0.9976284794046975,0.00021782436340621615,1.1344345991579769e-05
14341,1,1,SVM_RBF,1.0614038361240504e-06,0.9991674378852061,0.0007410689526796302,5.525531939174046e-06,8.490622633902901e-05
17121,3,3,SVM_RBF,0.00010857678159307844,0.0001784987787580487,0.00012333983233370405,0.9842778000786305,0.015311784528684534
17218,3,3,SVM_RBF,5.509468606890366e-05,0.0002531998666116329,0.0006525678270346424,0.9505084690571499,0.048530668563134885
18312,4,4,SVM_RBF,3.3487303664938796e-05,0.00030789113828756496,0.00033486258376749925,7.3486600367101235e-06,0.9993164103142433
17896,4,4,SVM_RBF,0.0005243368090387603,0.00013538814686193278,0.0025426752819992723,0.00025604775653412975,0.9965415520055662
13599,2,2,SVM_RBF,1.2663753785033345e-07,3.520777717375473e-08,0.9998792646414145,0.00011432111958046558,6.252393690103878e-06
11831,0,0,SVM_RBF,0.996035283594023,0.0002984965482258322,0.0028855409066047017,0.0004182763725265817,0.00036240257861991923
16815,3,3,SVM_RBF,6.734689998559178e-05,1.795591122919451e-05,0.0010120702220474068,0.9969364713362824,0.001966155630455927
13020,2,2,SVM_RBF,4.763596763913188e-07,1.735896068403299e-07,0.9997187101415913,0.0002537341180411539,2.690579108434581e-05
14629,1,1,SVM_RBF,6.949252307653063e-07,0.9993655804763883,0.0005661767170958397,3.072508350723833e-06,6.447537293423855e-05
12443,2,2,SVM_RBF,8.733483084210415e-08,2.7561186653820822e-08,0.9998804470014496,0.00010864004733258288,1.0798055200362562e-05
10497,0,0,SVM_RBF,0.9993433987807462,4.980611609774686e-05,0.00029506330751717137,0.0001395863084962789,0.00017214548714242559
11844,0,0,SVM_RBF,0.9959450138959077,0.0002723946499453369,0.003029965888043679,0.0004069929583877061,0.00034563260771557476
17379,3,3,SVM_RBF,4.5501543873762904e-05,0.0005223049803921513,0.00039620325180889814,0.9209332910885919,0.07810269913533328
11124,0,0,SVM_RBF,0.9941011071915326,0.00025977804430245564,0.004578569765561761,0.0005944794144412903,0.0004660655841618676
15979,3,3,SVM_RBF,1.7349271578270658e-05,0.0008509537997119061,0.00044788677481573836,0.9986083980778292,7.541207606470956e-05
12683,2,2,SVM_RBF,6.949539639709372e-07,2.4377181694253913e-07,0.9997384111946733,0.0002566639450103478,3.986134535275499e-06
10767,0,0,SVM_RBF,0.9947053908860984,0.0007989566877361758,0.0014432482524749973,0.0020759701261156807,0.0009764340475748682
18433,4,4,SVM_RBF,4.889118113179666e-05,0.001509678233738439,0.0003822092205883777,4.105947808557429e-05,0.9980181618864555
18463,4,4,SVM_RBF,6.825437449375953e-05,0.001339695509058102,0.00033671676236751144,0.0002782267869290662,0.9979771065671517
10240,0,0,SVM_RBF,0.9995292782794066,0.00011200994578695815,0.00014768817072872677,5.360298416856135e-05,0.00015742061990916113
13080,2,2,SVM_RBF,8.892751403562553e-07,3.0233861742861323e-07,0.9996981203560048,0.0002931832490159528,7.50478122134654e-06
14729,1,1,SVM_RBF,8.569577636022098e-07,0.9993055103565872,0.0006214193320370041,3.513128054099799e-06,6.870022555793502e-05
10110,0,0,SVM_RBF,0.996512146629436,0.00028565758583689926,0.0029209389272230285,0.00014118560528116107,0.00014007125222260708
18734,4,4,SVM_RBF,5.57273972135725e-05,0.0006843604321939805,0.00019546522787969276,1.7252378236584926e-05,0.9990471945644761
12061,2,2,SVM_RBF,0.004001001852315888,3.213772766800533e-05,0.9958002442195298,0.00015577425762216396,1.0841942864054784e-05
13082,2,2,SVM_RBF,1.3058841078247248e-06,4.0169612840263085e-07,0.9998306342372837,0.00015778087104763555,9.877311432305917e-06
11206,0,0,SVM_RBF,0.9971722315982074,0.0002186299823883037,0.0017859951553898337,0.0004602149718118271,0.0003629282922026363
17984,4,4,SVM_RBF,4.309040396781791e-05,0.0003696900778143846,0.0005653859501545013,0.07435871465546058,0.9246631189126024
12924,2,2,SVM_RBF,6.375129661141096e-08,1.8905061775174357e-08,0.9998989109141565,9.522528158918403e-05,5.781147895980324e-06
10788,0,0,SVM_RBF,0.9991398061576602,0.0001709190888921443,0.00021691178827583469,0.00022960961597815407,0.00024275334919367117
13705,2,2,SVM_RBF,0.010419767959809628,1.4173478768345139e-05,0.9887849780378588,0.0002377833036122661,0.0005432972199510075
11841,0,0,SVM_RBF,0.996051291967108,0.0004550497854575314,0.002617118094489439,0.0004205409195297149,0.0004559992334154549
11048,0,0,SVM_RBF,0.9986446556536013,0.0001135362197881891,0.0006539920051863015,0.0002599059302100791,0.0003279101912141121
10947,0,0,SVM_RBF,0.9950736444068421,0.00024339047110568114,0.0038142370959959875,0.0005513839841205564,0.00031734404193558256
10687,0,0,SVM_RBF,0.9986792885208651,0.00011246063195037281,0.0006406409287016917,0.00026162192155478183,0.00030598799692782704
17620,4,4,SVM_RBF,0.0001507984915813865,0.001868177580312832,0.0016276525399169643,0.0001923690852802586,0.9961610023029087
10451,0,0,SVM_RBF,0.9993799607721526,4.0992959043450615e-05,0.00032667589051574124,0.00011018406456969578,0.0001421863137184958
15318,1,1,SVM_RBF,8.206879088976909e-07,0.9992594238779969,0.0005716375320888097,7.164888283783105e-05,9.64690191675852e-05
11915,0,0,SVM_RBF,0.9956799547709555,0.0003023793807505967,0.003241891891937701,0.00039459860577840716,0.00038117535057759103
14952,1,1,SVM_RBF,1.029663538961063e-06,0.9992208672854958,0.0006614750355549745,3.5579641178029676e-05,8.104837423236168e-05
11016,0,0,SVM_RBF,0.9984591223802266,0.00015704613959426991,0.000689339607350636,0.00034382921008977916,0.0003506626627389256
12732,2,2,SVM_RBF,5.147236820463544e-07,1.8434856251802526e-07,0.9997812046487895,0.00021505496541016723,3.041313555899843e-06
18701,4,4,SVM_RBF,5.1372463368108696e-05,6.473217975441501e-05,0.00034228573642097065,3.333138915710155e-05,0.9995082782312995
12632,2,2,SVM_RBF,0.001365646044962275,7.735221767707164e-05,0.9981346942072584,0.0003888919474296874,3.3415582672515324e-05
18327,4,4,SVM_RBF,3.6466223933045595e-05,0.0007549618949838266,0.00033496989446167943,4.409813498182876e-05,0.9988295038516394
11930,0,0,SVM_RBF,0.9952070094326005,0.000272541875582832,0.0037030878258269575,0.00044784690594176736,0.0003695139600481869
18366,4,4,SVM_RBF,0.00018811070498754356,0.0005639409640826908,0.000747079520117821,9.058173312791666e-05,0.998410287077684
16837,3,3,SVM_RBF,6.77091324337543e-05,2.063409284875759e-05,0.0011591532400944849,0.9975255598287627,0.0012269437058606016
16773,3,3,SVM_RBF,9.459448989697777e-06,3.0116674959354935e-05,1.0314924966765844e-05,0.9972064327714178,0.00274367617966633
10138,0,0,SVM_RBF,0.9966929841585697,0.0002797439613469052,0.0027638284241862845,0.00014112899131518708,0.00012231446458182908
14712,1,1,SVM_RBF,9.587717888801127e-07,0.9992442944924714,0.0006721264233584085,3.937623497418199e-06,7.868268888372756e-05
10372,0,0,SVM_RBF,0.9995306750163249,0.0001356699972983096,3.617210252664772e-05,6.977900588336476e-05,0.00022770387796654804
16816,3,3,SVM_RBF,2.9524669643454867e-05,8.556787250917726e-06,0.00047862268298894074,0.9989406615342222,0.0005426343258944986
18765,4,4,SVM_RBF,2.8839880230940563e-07,4.4889233153350294e-07,2.7965612549275255e-07,6.002091678816874e-07,0.9999983828435729
17788,4,4,SVM_RBF,5.406879890025908e-05,0.00018548865128679848,0.0005811418047703403,0.0044579675849213555,0.9947213331601209
10939,0,0,SVM_RBF,0.9959484672540942,0.00017893740113611957,0.0031440421846007506,0.0003475873832630627,0.00038096577690595253
11729,0,0,SVM_RBF,0.9910597547169709,0.0004017400683880098,0.007304612347748062,0.0005561719680710109,0.0006777208988219809
17053,3,3,SVM_RBF,4.3310025367022275e-05,6.1209762602219914e-06,0.0007396027422961529,0.9983739007053894,0.0008370655506871892
15968,3,3,SVM_RBF,3.4102876159669176e-05,0.04920705678267615,0.00044543373644874147,0.9501607066959117,0.00015269990880383222
13297,2,1,SVM_RBF,0.0010914781234237646,0.9901539589039479,0.007995709060282243,0.00048811775687551304,0.0002707361554705699
18093,4,4,SVM_RBF,7.284576465574897e-05,0.0005638234262743949,0.00040703202205938756,0.08938960769401857,0.9095666910929919
17902,4,4,SVM_RBF,0.00039090145236590816,4.534361654216828e-05,0.0022910958061041742,4.9569014300063086e-05,0.9972230901106877
14799,1,1,SVM_RBF,8.774061946578144e-07,0.9992816443268061,0.0006345038466442788,5.116887535003001e-06,7.785753281979752e-05
14747,1,1,SVM_RBF,8.805433342470335e-07,0.999296238126874,0.0006274041791546149,4.3565409306770256e-06,7.112060970641674e-05
12114,2,2,SVM_RBF,1.5588845750179197e-07,5.2383177909945353e-08,0.9998082263142832,0.00017225889748305248,1.9306516598186793e-05
16048,3,3,SVM_RBF,0.00018950427370769917,0.024313726938561767,0.0004592243970062849,0.9748820505077772,0.00015549388294708574
17164,3,3,SVM_RBF,1.6938474695059583e-05,0.00023711472742524864,0.0005223102952675229,0.9743896074199336,0.024834029082678722
18276,4,4,SVM_RBF,0.00017582753013444,0.0009587675785757337,0.0009391223377742479,6.244628502114043e-05,0.9978638362684944
10204,0,0,SVM_RBF,0.9993267259292846,0.0001874694121313089,0.00014968469456718708,9.44581796145278e-05,0.00024166178440204357
14886,1,1,SVM_RBF,1.2433166589435728e-06,0.9991180745220619,0.0007442325820796345,4.3867321147344136e-05,9.258225805226596e-05
14943,1,1,SVM_RBF,6.062810824712814e-07,0.9993969027027597,0.0005059769409406375,2.6362583882843553e-05,7.015149133465937e-05
15386,1,1,SVM_RBF,5.1380684538989227e-05,0.986199444938397,0.0010540098902669709,0.012300294849964281,0.0003948696368329004
15129,1,1,SVM_RBF,2.7082684305843943e-06,0.9979141231872001,0.0010230208810258596,0.0008049393053821506,0.00025520835796122207
15768,1,1,SVM_RBF,0.0013341316177256813,0.9880744533980466,0.002829407985782649,0.0006067048934968642,0.007155302104948549
10472,0,0,SVM_RBF,0.9967449400810425,0.000509982563780681,0.001390717813665438,0.0006805289256379546,0.0006738306158735143
10917,0,0,SVM_RBF,0.9991330390334355,0.0001044371223630561,0.0003075938685041995,0.00023208120356406773,0.00022284877213346886
17279,3,3,SVM_RBF,6.641277054500728e-05,0.0007007519055600434,0.0008069775624374102,0.7801909196760404,0.21823493808541733
10305,0,0,SVM_RBF,0.99879751814979,0.00022352346417923687,0.0005270511563277548,0.00011608080543959657,0.00033582642426329627
18310,4,4,SVM_RBF,2.7216511220825673e-05,0.0005442406571630274,0.00022505745827780174,0.00048457271242682875,0.9987189126609115
12640,2,2,SVM_RBF,8.426572429864923e-07,2.961655457150792e-07,0.9997119501215662,0.00028082609643164427,6.0849592133565004e-06
16238,3,3,SVM_RBF,7.841396343538775e-05,0.006976104001234427,0.0004291197106037399,0.9922913475976087,0.00022501472711740773
18524,4,4,SVM_RBF,0.00010104043416006435,0.00029053811279990794,0.00045307550447227916,0.0001451318903404565,0.9990102140582272
18287,4,4,SVM_RBF,0.00028679669550151464,0.0024202267299576097,0.001030014904723292,0.0001489819737311412,0.9961139796960863
16484,3,3,SVM_RBF,3.9609508782040275e-05,7.899701106690865e-05,0.0003737720016044864,0.9990989867796507,0.00040863469889604743
16176,3,3,SVM_RBF,6.20642746632234e-05,0.00013225947078151067,0.0006200104433149502,0.9991112279507606,7.443786047953189e-05
15005,1,1,SVM_RBF,9.823566095469537e-07,0.9992176172824705,0.0006566499175049719,1.9082312407880457e-05,0.0001056681310072732
17748,4,4,SVM_RBF,0.00012315712613782966,0.00019311208192129636,0.0008767701581017965,0.0001548406594651113,0.9986521199743739
13489,2,2,SVM_RBF,2.360368952480968e-06,7.754861262608693e-07,0.9994533493743688,0.00047796125100696364,6.555351954552814e-05
10647,0,0,SVM_RBF,0.997948561602248,0.00021246229776734787,0.001199964664926411,0.00040708621692025544,0.0002319252181381535
17690,4,4,SVM_RBF,8.268366548372431e-05,7.355709801781598e-05,0.0008699109943932355,0.03844133684388167,0.9605325113982236
12483,2,2,SVM_RBF,9.037956811803082e-07,3.3121151043383035e-07,0.9997082155147807,0.0002870227846205465,3.5266934071772776e-06
12117,2,2,SVM_RBF,8.930144461643301e-07,3.1762473863282323e-07,0.9998768273122609,0.00012074345288657655,1.2185956675847773e-06
11357,0,0,SVM_RBF,0.9944411815433581,0.00019475186037558732,0.00417723767608635,0.0005774147613658576,0.0006094141588141959
10942,0,0,SVM_RBF,0.9987475997599279,0.0001134183613781297,0.000625698186891875,0.00024922532356218963,0.00026405836823984
17735,4,4,SVM_RBF,0.00011672124072409591,0.00024341542792800542,0.0012936891031488753,0.00018128051120465809,0.9981648937169944
10859,0,0,SVM_RBF,0.9985341257171898,9.99437424567761e-05,0.0008117335610098588,0.0003327986548655401,0.00022139832447813537
15610,1,1,SVM_RBF,2.706735188066323e-06,0.9969495852008646,0.0006622117938291468,0.002132496168255013,0.00025300010186324497
15340,1,1,SVM_RBF,6.447879353467511e-07,0.9988986857732973,0.00045804236910368195,0.0005180668174221358,0.00012456025224127912
15571,1,1,SVM_RBF,0.036605992983648035,0.8879559369660576,0.017666301576127818,0.01412434145753805,0.043647427016628826
16635,3,3,SVM_RBF,7.714070824139716e-07,2.4584695184138764e-06,8.33606641508367e-07,0.9993034272170688,0.0006925092996888683
15668,1,1,SVM_RBF,0.001107205693306174,0.9953073683234701,0.001764932141684683,0.0002837438029311907,0.0015367500386080123
12393,2,2,SVM_RBF,1.0088190765392406e-06,3.652653233097782e-07,0.999717418537357,0.0002770629192778739,4.144458965279614e-06
10793,0,0,SVM_RBF,0.9987729638553007,0.00011601367431057961,0.0006102952837474049,0.0002692247451814512,0.0002315024414601732
11760,0,0,SVM_RBF,0.9965334420632713,0.0005074774355377715,0.001612224685096336,0.000745250485399318,0.000601605330695261
17576,4,3,SVM_RBF,0.0002812477570666663,0.0013354251988531903,0.003312881928678208,0.7969065802068293,0.19816386490857255
17345,3,3,SVM_RBF,8.597777133337987e-05,0.0002382284774625881,0.0020033900256329427,0.9365468240340945,0.061125579691476785
16507,3,3,SVM_RBF,0.0002604875291966412,0.0023548841243671743,0.0008468874359193509,0.9824552323271448,0.014082508583372242
10241,0,0,SVM_RBF,0.9987752500922767,0.00027987276138998125,0.00039137448373022856,0.00014597245668500044,0.0004075302059181238
13165,2,2,SVM_RBF,2.329717291138099e-06,8.059463545228986e-07,0.9995174167523407,0.00046467303102312236,1.4774552990686523e-05
17926,4,4,SVM_RBF,0.00010990567938300722,6.887756923142081e-05,0.0010078654437472964,0.00020705458208685701,0.9986062967255513
10671,0,0,SVM_RBF,0.9958810888752514,0.00028240329000696096,0.0031061566346362243,0.0005136934975482933,0.00021665770255711848
11032,0,0,SVM_RBF,0.9984355465701422,0.00010776275035171754,0.0008662942898826515,0.00029675407535095034,0.00029364231427224835
15527,1,1,SVM_RBF,4.64363016263471e-07,0.999415559768845,0.00040987979888169787,6.809047556546438e-05,0.00010600559369158783
18007,4,4,SVM_RBF,0.0001305103521696817,3.445251999180667e-05,0.0013735050140983368,0.00018278197274225293,0.9982787501409979
18003,4,4,SVM_RBF,0.0001838785284728768,5.917343336622588e-05,0.0009806851362154935,0.00020524830606498588,0.9985710145958805
18489,4,4,SVM_RBF,7.243104680930885e-07,1.125414396194691e-06,7.013389449095508e-07,1.5034948377469347e-06,0.9999959454413531
12051,2,2,SVM_RBF,2.53201555254004e-08,8.102033125980662e-09,0.9999185892202588,7.795286593356537e-05,3.42449161885559e-06
12218,2,2,SVM_RBF,0.001818708380664921,2.17105840556121e-05,0.9980110202810856,0.00014093920050838033,7.621553685452934e-06
16330,3,3,SVM_RBF,3.5811164030711485e-05,1.0308458297560616e-05,0.000351069741294561,0.9995345295851623,6.828105121477033e-05
12139,2,2,SVM_RBF,1.359077662295738e-07,4.5914370187787657e-08,0.9998698819685329,0.00012613204421171807,3.8041651189713264e-06
11386,0,0,SVM_RBF,0.9985616886549243,0.000335384971591087,0.0002601323676515852,0.00046120109087121653,0.0003815929149616719
16301,3,3,SVM_RBF,2.8027213479897315e-05,3.8653412729522424e-05,0.0003670478594416614,0.9995052235365808,6.104797776793256e-05
18999,4,4,SVM_RBF,1.3380254048571791e-06,6.332868393967696e-07,1.8828503139523292e-06,8.508593880815279e-07,0.9999952949780537
13720,2,2,SVM_RBF,2.7060726600797994e-07,7.746370026665022e-08,0.9998188875144711,0.00016339301828073845,1.73713962818514e-05
16096,3,3,SVM_RBF,3.7481706489710425e-05,0.0002586169320261856,0.0005725779993218999,0.9990964127065336,3.49106556287637e-05
17912,4,4,SVM_RBF,5.347723256085198e-05,0.00019155434372147942,0.00044460289667108466,0.0015520358809038935,0.9977583296461427
10001,0,0,SVM_RBF,0.9995228477674902,0.00019513639790415892,3.4944201904876434e-05,0.0001224467526837501,0.000124624880016785
13911,2,2,SVM_RBF,1.7339826464500607e-07,5.096538853839404e-08,0.9998258259683687,0.00015419015185085224,1.9759516127530642e-05
11766,0,0,SVM_RBF,0.9957601814273926,0.00031500730571004654,0.0031751962059885022,0.00039316327504019367,0.000356451785868638
11487,0,0,SVM_RBF,0.9967635023470426,0.0003353171355182397,0.0019064465063278408,0.0004633987833243813,0.0005313352277869349
15546,1,1,SVM_RBF,5.652390006386431e-07,0.9993458678687682,0.0004548945007541411,6.959395154506398e-05,0.00012907843993191468
15996,3,3,SVM_RBF,3.543578394860364e-05,0.005423787219596394,0.00043464078501171175,0.9940443864692889,6.174974215433694e-05
11195,0,0,SVM_RBF,0.9915668924827277,0.0002688907423737319,0.007294940995119045,0.00043491162189280777,0.0004343641578866491
15549,1,1,SVM_RBF,1.79737539233886e-06,0.998660301376892,0.0007988400538321686,0.00017620111098263778,0.00036286008290095184
18428,4,4,SVM_RBF,6.071696643474449e-05,0.00015785835327233205,0.0005748546509757757,6.316250142622092e-06,0.9992002537791743
13219,2,2,SVM_RBF,1.5178462665223572e-06,5.250711785057125e-07,0.9996000763681708,0.0003799710464983134,1.7909667885793147e-05
12535,2,2,SVM_RBF,0.0013369295019458917,4.207360600792812e-05,0.9983700440631262,0.00023871315428131007,1.223967463859512e-05
18510,4,4,SVM_RBF,0.00042822091172956315,0.0018578963703524854,0.001109575526307541,0.00012885674950057554,0.9964754504421097
16149,3,3,SVM_RBF,5.992416460984095e-05,0.0005062082526844062,0.0007698340528875034,0.9933805425298956,0.005283490999922637
18697,4,4,SVM_RBF,7.837552299233689e-05,3.4431733272194066e-05,0.0004167427730045147,8.577958727373968e-06,0.9994618720120036
10457,0,0,SVM_RBF,0.997361394771992,0.00032556528951091,0.0017153858539421035,0.0003830748686587159,0.00021457921589636335
16120,3,3,SVM_RBF,0.00012562231464867784,0.01966045986613053,0.00044636306768534016,0.9793638556878631,0.00040369906367218535
17137,3,3,SVM_RBF,9.72026968677649e-05,0.0007650244073854717,0.0008163545168665002,0.9072710437575322,0.09105037462134813
16242,3,3,SVM_RBF,8.008339951928141e-05,0.005829063123703013,0.00043150639590574597,0.9934209165970621,0.00023843048381002522
16182,3,3,SVM_RBF,0.00020347755032198368,0.0024710408623494057,0.0010863407374431062,0.980602645319657,0.01563649553022843
15869,1,1,SVM_RBF,5.541442470481501e-06,0.9985979680028254,0.0008708642650108756,9.186942268582307e-05,0.0004337568670073803
19099,4,4,SVM_RBF,0.00014864847033103722,0.000225384215610685,0.001059314017674821,3.075026990540858e-05,0.9985359030264779
15090,1,1,SVM_RBF,1.9007827355529054e-06,0.9989198544031364,0.0009211515134717934,2.686345649014709e-05,0.00013022984416618616
15001,1,1,SVM_RBF,7.384898195301209e-07,0.9993388092744934,0.0005682416561534293,3.908897055424197e-06,8.830168247808523e-05
11888,0,0,SVM_RBF,0.9957846716316181,0.0008661682214480622,0.0021754413403171162,0.0005015102860836137,0.0006722085205331503
14770,1,1,SVM_RBF,1.6176884490919142e-06,0.9989944369504588,0.0008652046067306459,2.8724937071551395e-05,0.00011001581729006682
11896,0,0,SVM_RBF,0.996109264795097,0.0004928452865070816,0.0024653547396441366,0.000461048764056037,0.00047148641469594394
10333,0,0,SVM_RBF,0.9978783481757505,0.00028740235734597906,0.0011972306249687255,0.00015738142822791968,0.0004796374137070637
15050,1,1,SVM_RBF,9.035339761146005e-07,0.9992211161969784,0.0006136701404946379,5.067554233376219e-05,0.00011363458621688357
17045,3,3,SVM_RBF,2.240942777546958e-05,0.00013193384382021752,0.0003788665658232165,0.9927242069460429,0.006742583216538153
12647,2,2,SVM_RBF,1.0588615363816506e-06,3.8506384448719853e-07,0.9997555943729224,0.0002402223893932022,2.739312303527045e-06
16216,3,3,SVM_RBF,3.768663516305625e-05,0.0035116408928410592,0.00044742626400960206,0.9958598960122816,0.00014335019570437527
14270,1,1,SVM_RBF,7.059357633970646e-07,0.9993112724322035,0.0006153732291461045,3.295792370520012e-06,6.935261051641017e-05
15504,1,1,SVM_RBF,4.338572294662749e-06,0.9987074218663394,0.0008695150406267904,9.408723679976347e-05,0.00032463728393938623
15380,1,1,SVM_RBF,7.187377536105494e-07,0.9993447200011318,0.0005342343639991956,3.842567004054467e-05,8.190122707479851e-05
16403,3,3,SVM_RBF,4.543568074887035e-05,0.00013056208907866009,0.0005516171412321847,0.9991741928037938,9.819228514626298e-05
14688,1,1,SVM_RBF,2.3129641439658392e-06,0.9987647955627237,0.0010740886678812622,2.4204160148669547e-05,0.0001345986451024429
15760,1,1,SVM_RBF,0.008457194259480516,0.9677425557428483,0.007870713940949094,0.002403755943386399,0.013525780113336045
13854,2,1,SVM_RBF,0.05532957315041859,0.30562071036377036,0.3665643042494664,0.21220499565310239,0.06028041658324215
13925,2,2,SVM_RBF,5.96133652086241e-06,1.8332136100325533e-06,0.9990727303972737,0.0007545271035882884,0.00016494794900684447
18170,4,4,SVM_RBF,3.935478213430139e-05,0.002081796185149827,0.0004020275085378213,0.00018422071102143899,0.9972926008131564
13929,2,2,SVM_RBF,4.1300363273281164e-06,2.4376284218391926e-06,0.998572392251695,0.0007362341961744476,0.0006848058873814066
18112,4,4,SVM_RBF,5.614970750948724e-07,5.897344353322669e-07,6.682367645435011e-07,1.045306433197609e-06,0.9999971352252919
14951,1,1,SVM_RBF,8.951712428503411e-07,0.9993033573743663,0.0006238140791516972,3.790515480336742e-06,6.814285975882938e-05
14678,1,1,SVM_RBF,1.0095753054928355e-06,0.999234292783105,0.0006818670511718665,4.447840815237987e-06,7.838274960211421e-05
12059,2,2,SVM_RBF,4.001671171210229e-08,1.3958106961696815e-08,0.9999318212090061,6.57780840456147e-05,2.3467321294946e-06
12422,2,2,SVM_RBF,6.442363929883408e-07,2.411333650726837e-07,0.9997457975283067,0.00024823449306424125,5.082608871085352e-06
18785,4,4,SVM_RBF,3.364832879064538e-07,5.188294829121685e-07,3.254522821234796e-07,6.952824584738618e-07,0.9999981239524885
16656,3,3,SVM_RBF,5.908563030012132e-05,0.0016196501132478688,0.0003423892846391674,0.9943012989389188,0.003677576032893782
17547,4,4,SVM_RBF,0.00019966765728844538,5.129969211086909e-05,0.002332723487822119,0.0004869219469875494,0.9969293872157912
17892,4,4,SVM_RBF,4.621814141118165e-05,0.0009447724911233518,0.0008110146949048352,0.03439639315300891,0.9638016015195519
14967,1,1,SVM_RBF,9.671821496361537e-07,0.999273163772528,0.0006380037452730363,6.705224848295543e-06,8.116007520101011e-05
14974,1,1,SVM_RBF,7.830990136876409e-07,0.999240596769922,0.000571927564276377,2.8679103702210804e-05,0.00015801346308568767
16745,3,3,SVM_RBF,1.1324815564243954e-05,3.559696194973731e-05,1.2564720296650062e-05,0.9970680581212648,0.002872455380924664
17758,4,4,SVM_RBF,0.00033173646697410165,4.59304067690286e-05,0.0013614223236682696,0.00031598074338630926,0.9979449300592023
17391,3,3,SVM_RBF,6.357646222973194e-05,0.0001305552089569617,0.000717770042709564,0.9582465903472003,0.040841507938903406
11288,0,0,SVM_RBF,0.9892858389928129,0.00021904737546137268,0.009499581833963286,0.0004747408314359002,0.0005207909663266745
18590,4,4,SVM_RBF,0.00010114187894027477,0.00039169361070300025,0.00038830546442222407,3.6783130836087593e-06,0.9991151807328512
15203,1,1,SVM_RBF,7.69265139889159e-05,0.983268591989268,0.00120815152452243,0.01514651208299439,0.00029981788922632703
16993,3,3,SVM_RBF,4.582768052387495e-05,7.946241256867286e-05,0.0004421433520588433,0.9946076970602529,0.004824869494595517
12072,2,2,SVM_RBF,3.7130712510337117e-07,1.3818026943531618e-07,0.9998222377497287,0.00017632132076973945,9.314421069019713e-07
10149,0,0,SVM_RBF,0.997883280628185,0.0002720168774953633,0.0015513699146658746,0.0001466454777161895,0.0001466871019375745
13059,2,2,SVM_RBF,1.5898966807904334e-06,5.423246106973836e-07,0.9995957244083192,0.0003887199127758161,1.342345761355119e-05
16707,3,3,SVM_RBF,3.5420479595311516e-06,1.1264731998642635e-05,3.879244331635899e-06,0.9983509287182523,0.0016303852574578353
10916,0,0,SVM_RBF,0.9990007869285382,0.00012374817163177912,0.0003319214640478132,0.00028864036484170806,0.00025490307094063467
10109,0,0,SVM_RBF,0.9855382242835593,0.0003361755885737413,0.013846786983546548,0.00014924288002056763,0.00012957026430003902
18105,4,4,SVM_RBF,6.191557661782086e-07,9.744327250412509e-07,6.219409099989838e-07,1.283347573700006e-06,0.9999965011230251
13724,2,2,SVM_RBF,1.1554549063035532e-06,4.4446890256004643e-07,0.9995932470905576,0.0003378347679354464,6.731821769805104e-05
17134,3,3,SVM_RBF,2.756313028426623e-05,0.00015208186855393847,0.000595232108151415,0.9719764017327955,0.027248721160214744
15031,1,1,SVM_RBF,1.3536797601304534e-06,0.9991056078404906,0.0007811043382507667,1.2224976179965258e-05,9.970916531853239e-05
15530,1,1,SVM_RBF,6.243218930150749e-07,0.9993958878941658,0.00046528471698631754,3.449552124559451e-06,0.00013475351483047381
16113,3,3,SVM_RBF,4.279484164355239e-05,0.0006827371757942226,0.0003970197222422354,0.9988465258795565,3.092238076361482e-05
11703,0,0,SVM_RBF,0.995746458473632,0.00033952094242799806,0.0028082253309438623,0.0005094903442559955,0.0005963049087401608
14101,1,1,SVM_RBF,4.2421569743414026e-07,0.9994703691130354,0.0004736902109050841,2.1950718800342015e-06,5.332138848187679e-05
14743,1,1,SVM_RBF,1.178534960261233e-06,0.9991675896987504,0.0007423454628512667,4.403857467031275e-06,8.448244597109397e-05
10901,0,0,SVM_RBF,0.9990192637683023,0.00011448537647093995,0.00038044024995017184,0.00024717057744924365,0.00023864002782735447
17003,3,3,SVM_RBF,3.541695369339971e-05,5.138226797655803e-05,0.0004532436458394416,0.9954313720644443,0.004028585068045957
10100,0,0,SVM_RBF,0.9991643171823466,0.0003275898857008684,0.00020990569185871466,0.00017364015916774547,0.0001245470809263379
10751,0,0,SVM_RBF,0.9959022213239179,0.0006312348306258918,0.0013051955281299524,0.0012503572733662482,0.0009109910439600943
11270,0,0,SVM_RBF,0.9961468260993361,0.00024207416129155916,0.0027282138139805307,0.0004798741346379601,0.0004030117907537878
11002,0,0,SVM_RBF,0.9628932431955441,0.00019947412339261348,0.03552752446767849,0.0009104231418124906,0.000469335071572185
17269,3,3,SVM_RBF,1.2837211176892267e-05,1.350369027184232e-05,0.0003744624672115012,0.9967280782696736,0.002871118361665793
17988,4,4,SVM_RBF,7.042527937204984e-07,8.483831960298516e-07,8.320185252149433e-07,1.252516292933956e-06,0.999996362829192
17817,4,3,SVM_RBF,5.9449254673335615e-05,0.00016375027023594736,0.0011993478199476232,0.5154500978537103,0.4831273548014329
17582,4,4,SVM_RBF,0.00019044818476200527,0.0003266352762737345,0.0013946232894484843,0.0091824648635499,0.9889058283859661
16180,3,3,SVM_RBF,1.0598669932108056e-06,2.8823823898998485e-06,1.0684503056819925e-06,0.9989912913714728,0.0010036979288384701
11899,0,0,SVM_RBF,0.9959825236560543,0.00045005647708493693,0.0026706384325993386,0.0004258845278889975,0.0004708969063726438
13237,2,2,SVM_RBF,2.2062923910067244e-07,6.9949963161809e-08,0.999620669502585,0.0003624510180615187,1.6588900151272288e-05
13244,2,2,SVM_RBF,1.0034418896707006e-05,4.473011610527715e-06,0.9985330293161349,0.0011376521552418951,0.0003148110981159491
12680,2,2,SVM_RBF,2.729902012987055e-06,1.0094385333809505e-06,0.9995510750788091,0.0004363290759697756,8.856504674760298e-06
17224,3,3,SVM_RBF,6.986289878742792e-05,0.000655423777545072,0.0004264941633451699,0.9198759435869134,0.07897227557340876
11004,0,0,SVM_RBF,0.9988997204011013,0.00012075517631424939,0.00040775183041278577,0.00027689057315101386,0.000294882019020867
17694,4,4,SVM_RBF,0.0001658182890940243,8.305466017741924e-05,0.000867484379442601,3.793765271474573e-05,0.9988457050185713
18077,4,4,SVM_RBF,5.72835006440058e-07,4.870928375102224e-07,5.885081686996898e-07,9.158737150091106e-07,0.9999974356902723
10281,0,0,SVM_RBF,0.9996162940363029,0.00012304500016133575,1.9779322420041232e-05,5.823488496496634e-05,0.0001826467561505161
12506,2,2,SVM_RBF,1.3340221933225076e-06,4.837273289267526e-07,0.9997411765650928,0.0002530006729630367,4.005012421942011e-06
15448,1,1,SVM_RBF,0.00024672011348790573,0.9695900565024289,0.0010224873267827344,0.028341737893067438,0.0007989981642329509
11973,2,2,SVM_RBF,1.9954214025597643e-07,1.0192617597977018e-07,0.9996582689063542,0.00030798953673068463,3.344008859898076e-05
13961,1,1,SVM_RBF,6.213179528135368e-07,0.9993229888333218,0.0006081635567572748,4.342206468159373e-06,6.388408549993458e-05
17091,3,3,SVM_RBF,1.7421321302149032e-05,8.354210971464119e-05,0.00043002128663126706,0.9948638802774528,0.0046051350048990775
18695,4,4,SVM_RBF,5.802602920051096e-05,2.6172632927688517e-05,0.0004117546302945871,3.565689628313207e-06,0.9995004810179493
15468,1,1,SVM_RBF,5.94153850329661e-07,0.9992436116315042,0.00047034030495399763,0.00016229642575100558,0.00012315748394066737
10868,0,0,SVM_RBF,0.998250945480191,0.00011794296233222342,0.0009130732942364344,0.0004677715854314289,0.00025026667780879023
13213,2,2,SVM_RBF,1.2405665874953764e-07,4.427707229399238e-08,0.9997009350687276,0.00026983199789004485,2.9064599651496594e-05
17732,4,4,SVM_RBF,0.0001254806536292506,0.00011353195132402766,0.001301363178906805,0.0001850513056790674,0.9982745729104607
15569,1,1,SVM_RBF,1.0051279695425583e-06,0.9991260736942491,0.0005312626377717975,1.0294400458437198e-05,0.0003313641395511042
12649,2,2,SVM_RBF,7.16112846203863e-07,2.5530271833130045e-07,0.9997320397252271,0.0002630617497825438,3.927109425836683e-06
15307,1,1,SVM_RBF,4.755443265518258e-07,0.9992844455701022,0.00041171022695023955,0.00020658502714074575,9.678363148020314e-05
13882,2,2,SVM_RBF,1.6506061031962664e-06,5.252546024187655e-07,0.9995097502197081,0.000390671083567141,9.74028360189996e-05
13918,2,2,SVM_RBF,1.1922460237703862e-06,3.5663708125673245e-07,0.9996047312110444,0.00033080513612905534,6.291476972163313e-05
11117,0,0,SVM_RBF,0.9937752083162371,0.0002153380989213904,0.005028719516740425,0.0004849263184453969,0.0004958077496553932
16118,3,3,SVM_RBF,4.2389415199230896e-05,0.00019002243961572257,0.0005724812424759187,0.999149961791689,4.514511101978596e-05
11141,0,0,SVM_RBF,0.9984037839551005,0.00011458756991775369,0.0008416322320651311,0.0002648884098454175,0.00037510783307097474
12927,2,2,SVM_RBF,4.497847245576294e-08,1.3400106607325578e-08,0.9999253565459717,7.08820831395484e-05,3.702992309713395e-06
13112,2,2,SVM_RBF,1.6592904421226074e-07,5.125657862478109e-08,0.9998266458839518,0.00016184349459660648,1.1293435828887855e-05
16346,3,3,SVM_RBF,3.314957548728537e-07,1.0781660794183216e-06,4.0113727083758784e-07,0.9998022859048109,0.00019590329608398877
10508,0,0,SVM_RBF,0.9946767796330447,0.001083301328227361,0.0020791607447740424,0.0011042540742347508,0.001056504219719214
15886,1,1,SVM_RBF,6.065691071704314e-06,0.995049364183572,0.00045160524204127515,0.004015271905143869,0.00047769297817118846
11000,0,0,SVM_RBF,0.9975621140762296,0.0001785105873772974,0.001369158999347722,0.0005096739905902671,0.00038054234645486175
14339,1,1,SVM_RBF,2.130762376772191e-06,0.9987491095239668,0.001115363517895746,1.2801324339077402e-05,0.00012059487142180022
12033,2,2,SVM_RBF,1.303822683849206e-07,4.5204050660537185e-08,0.9999284307223144,6.997094085519328e-05,1.4227505114946803e-06
10195,0,0,SVM_RBF,0.9984852595652101,0.00032522756983618283,0.0008506814188506319,0.00014138429555159198,0.00019744715055133573
11997,2,2,SVM_RBF,1.079652309130849e-06,3.606807559531079e-07,0.9998726043111043,0.00011560865663577158,1.034669919475734e-05
18047,4,4,SVM_RBF,0.00010126082547951011,3.4769935158736756e-05,0.000574412413723845,1.8589577645438943e-05,0.9992709672479924
12510,2,2,SVM_RBF,0.0013052181831594782,9.415196601065908e-05,0.9981622592209123,0.0004082010834541538,3.0169546463421235e-05
10174,0,0,SVM_RBF,0.998842419635774,0.0003195039972964968,0.0005531617065150722,0.00017047792634907271,0.00011443673406534642
17528,4,4,SVM_RBF,0.0002540339421475218,5.9322736576742734e-05,0.0021401499769511277,0.00024017461836267712,0.997306318725962
12700,2,2,SVM_RBF,1.3885758696233779e-06,4.913125367346952e-07,0.9996276066317984,0.0003641359981912182,6.377481603899397e-06
15113,1,1,SVM_RBF,4.787408339415619e-06,0.9981234160003555,0.0014796319281681085,0.00011134969355111035,0.00028081496958581447
13507,2,2,SVM_RBF,2.5239856089084634e-07,7.689502329273368e-08,0.9998379504821588,0.00015398276523755978,7.737459019458747e-06
16308,3,3,SVM_RBF,0.00011003185949434598,1.7683559425920894e-05,0.0015170756382390338,0.9981429889850716,0.0002122199577690797
11097,0,0,SVM_RBF,0.9708446933440221,0.0003727432494711931,0.027412979368141657,0.0008849451446645872,0.0004846388937003065
13015,2,2,SVM_RBF,2.9146888883216216e-07,9.5497771597452e-08,0.9998268734007191,0.00016894792943004768,3.791703190589724e-06
17966,4,4,SVM_RBF,8.53418965215056e-05,6.373492592250846e-05,0.0006286934480998154,0.009016123882443695,0.9902061058470123
14436,1,1,SVM_RBF,6.458666948029837e-07,0.9993687064330171,0.0005625419956451537,3.4456793829934623e-06,6.466002526011078e-05
13486,2,1,SVM_RBF,0.06891817754594746,0.1584336228225067,0.49669842492801874,0.22464864783480612,0.051301126868721576
10122,0,0,SVM_RBF,0.9983847079498614,0.000316708047459074,0.000776347561817558,0.0002891775338607621,0.0002330589070013543
12406,2,2,SVM_RBF,1.8281490183597557e-06,6.581386250961463e-07,0.9995759220152273,0.00041745087549661936,4.140821632710009e-06
12226,2,2,SVM_RBF,3.91720255711059e-08,1.2182081549621604e-08,0.9998950466535897,9.745825939708583e-05,7.443732906165955e-06
10858,0,0,SVM_RBF,0.9991082083555024,0.00010938222223006016,0.0003448601972163437,0.0002001358005209828,0.00023741342453026173
13644,2,2,SVM_RBF,4.4355185246146616e-07,1.7334689204693884e-07,0.9996836261069226,0.00024687465815115994,6.888233618167158e-05
18642,4,4,SVM_RBF,6.497195554726716e-05,4.1971593543975805e-05,0.00045344911358632706,1.2959444182930892e-05,0.9994266478931395
14739,1,1,SVM_RBF,1.8221645714385748e-06,0.998950129501595,0.0009315049611148718,6.603503270459635e-06,0.00010993986944836295
11619,0,0,SVM_RBF,0.9958655942100086,0.0004747639917014224,0.002489757446937157,0.0005865120395756564,0.0005833723117773336
11355,0,0,SVM_RBF,0.9918655529521574,0.00028914713077279327,0.006776981763355541,0.0005261839680394797,0.0005421341856746771
16667,3,3,SVM_RBF,5.215882083012208e-06,1.6463145240189956e-05,5.772925576879349e-06,0.9980518614977723,0.0019206865493276454
18196,4,4,SVM_RBF,5.241401492732514e-05,0.0007859966238516085,0.00041009304001714535,0.00010088432756830006,0.9986506119936357
13839,2,2,SVM_RBF,5.897885263079306e-06,2.037896571603512e-06,0.998870075005137,0.0009031674272125846,0.00021882178581582204
18941,4,4,SVM_RBF,9.973222158747389e-05,0.00013896635065641398,0.0025255860204415922,8.933113670744821e-05,0.9971463842706074
13654,2,2,SVM_RBF,8.473695068676903e-07,2.8793289794525323e-07,0.9996836775704872,0.0002849161676889676,3.0270959418933747e-05
10550,0,0,SVM_RBF,0.9993953367652125,4.944281527946235e-05,0.0002767543988646763,9.705690916515179e-05,0.00018140911147826073
16056,3,3,SVM_RBF,0.03198488775101021,0.05107983548953842,0.018333254456558985,0.7547467724682394,0.14385524983465292
11577,0,0,SVM_RBF,0.9927378188152166,0.00030887412133135604,0.005900057122577163,0.0006217473787465068,0.0004315025621286055
15607,1,1,SVM_RBF,5.508202898406537e-07,0.9991720092783265,0.00043208499361944405,0.00023007157600931057,0.00016528333175504876
14573,1,1,SVM_RBF,8.874418057875114e-07,0.9992556421578597,0.0006621032757319013,3.992983659672874e-06,7.737414094305831e-05
17024,3,3,SVM_RBF,3.2230522775578796e-05,0.0001695783507942825,0.0004656024186164633,0.9886262328915549,0.010706355816258856
15290,1,1,SVM_RBF,3.5104931619787154e-06,0.9966234975923367,0.000795231857460401,0.0023878319093304,0.0001899281477104143
13540,2,2,SVM_RBF,1.1080140838634787e-06,3.6082589009702583e-07,0.999636913056898,0.00032698429648600003,3.463380664227531e-05
14326,1,1,SVM_RBF,6.715429692409726e-07,0.9993351506335986,0.0005935086310090332,3.044926251630607e-06,6.762426617175066e-05
17667,4,4,SVM_RBF,0.00010728138690496913,8.762679858956907e-05,0.0006337363522027894,2.8672457790664913e-05,0.9991426830045121
18854,4,4,SVM_RBF,0.0005418285385758444,0.000466273714983552,0.0032770909268645264,3.8255113437811545e-05,0.9956765517061383
18431,4,4,SVM_RBF,3.81877439028912e-05,0.0006202392252462526,0.00023025679263308758,4.9597866757366726e-05,0.9990617183714606
13018,2,2,SVM_RBF,0.0012683440983861554,8.332221226031203e-06,0.9983774101026153,0.0002880370153299038,5.787656244282935e-05
17304,3,3,SVM_RBF,0.0001575780864385192,0.00025085530607546133,0.00015809189233219632,0.980916714088261,0.018516760626892947
11955,2,2,SVM_RBF,2.2498300699761435e-07,8.683914768035169e-08,0.9998532924883461,0.0001417849441893225,4.6107453100796075e-06
15250,1,1,SVM_RBF,1.4900328649602922e-06,0.9980205878756498,0.0006202707545376525,0.001234070915801957,0.00012358042114576277
16535,3,3,SVM_RBF,3.4951084713406935e-05,8.523104039319242e-05,0.0003544157965874443,0.9990421114382178,0.00048329064008841694
11146,0,0,SVM_RBF,0.9983790536546987,0.0001072441951036936,0.0008750630464968896,0.0002734402932078989,0.00036519881049270773
17852,4,4,SVM_RBF,0.00012043414046070579,6.109674734812968e-05,0.0009820537468146527,9.730903815755524e-05,0.9987391063272191
10792,0,0,SVM_RBF,0.9984003618714854,0.00017505608451481096,0.000689065290248838,0.0004820522171733502,0.00025346453657767244
15264,1,1,SVM_RBF,5.085265393871307e-07,0.9994646169547027,0.00043940410863387025,2.603906152512855e-05,6.943134859892773e-05
11620,0,0,SVM_RBF,0.9957907868186134,0.0007790391879329971,0.0018133458049227078,0.0008669519644021967,0.0007498762241286663
16043,3,3,SVM_RBF,4.126826196861346e-05,0.002250662584674594,0.0007134168278548426,0.9969133353514235,8.131697407830599e-05
14653,1,1,SVM_RBF,1.3255698051325663e-06,0.9990818119647124,0.000812361708763189,9.096390591817156e-06,9.540436612740937e-05
15658,1,1,SVM_RBF,1.429703532012865e-05,0.9976408877858671,0.0013507623309767511,0.00016921945231178554,0.0008248333955243419
11450,0,0,SVM_RBF,0.9986085887829618,0.00034391255012594267,0.00015977083673135136,0.0004904392570351661,0.000397288573145864
11815,0,0,SVM_RBF,0.9957802187661113,0.0010694292903633846,0.00180839639427816,0.0006009491848440268,0.0007410063644031684
18289,4,4,SVM_RBF,3.416650326890501e-05,1.388911501720839e-05,0.000849141977197423,0.00023706784495106806,0.9988657345595654
10390,0,0,SVM_RBF,0.9991662511160253,7.702395035754557e-05,0.00044002438893218335,0.00011365995645091282,0.00020304058823404368
13993,1,1,SVM_RBF,2.252315602093969e-06,0.9986954235995834,0.0011799387786813073,1.0598620764344634e-05,0.00011178668536905348
11150,0,0,SVM_RBF,0.9979532110894909,0.00011015279537131944,0.0012714765293802292,0.00028963714638194176,0.0003755224393756054
12409,2,2,SVM_RBF,1.902025528092433e-06,6.867066484600528e-07,0.999644671171837,0.000345748848759291,6.991247227361595e-06
12893,2,2,SVM_RBF,9.316349284048148e-07,3.33864932192201e-07,0.9997125259159096,0.0002805664278662066,5.64215636343678e-06
17255,3,3,SVM_RBF,3.683092162766187e-05,0.00023900392592745014,0.0003502696843362791,0.9673277634222112,0.032046132045897166
13859,2,1,SVM_RBF,0.003745879294972373,0.933593715149291,0.05215788598453836,0.0068555313526658885,0.0036469882185322785
17449,3,3,SVM_RBF,0.00029141042218291377,0.0004708620762447899,0.0003372310647067821,0.9735785376820217,0.025321958754843766
11800,0,0,SVM_RBF,0.9961434975165522,0.00030841656639448334,0.0028130080884603715,0.0003741819833594069,0.00036089584523334633
13218,2,2,SVM_RBF,3.729783053368942e-07,1.4606942530116393e-07,0.9994129366170124,0.000551937409182883,3.460692607419477e-05
14072,1,1,SVM_RBF,4.840796871354621e-07,0.9994264370287088,0.0005132048536858241,2.55741317888829e-06,5.731662473936174e-05
10190,0,0,SVM_RBF,0.9989079363550631,0.00021365144922415582,0.0005016340644386764,0.00010981193689135162,0.00026696619438261227
19124,4,4,SVM_RBF,6.654194180407955e-07,3.4452200688487016e-07,9.688122871990194e-07,5.633793201435473e-07,0.9999974578669677
15189,1,1,SVM_RBF,5.450641569262057e-07,0.9992793791381376,0.00045163335119449233,0.00017177910868163145,9.666333782920908e-05
16178,3,3,SVM_RBF,2.873166897050657e-07,8.992638219018283e-07,3.217003217605937e-07,0.9998242518568671,0.00017423986229942416
14694,1,1,SVM_RBF,2.9746848939179387e-06,0.9986321246336627,0.0012102255788260974,8.96421917570229e-06,0.0001457108834415985
14633,1,1,SVM_RBF,2.6939888454868627e-06,0.9986836570924068,0.0011664768706135715,8.303223985304606e-06,0.0001388688241489813
14056,1,1,SVM_RBF,5.427236571191722e-07,0.9993854880736488,0.0005510894286824052,2.8635294458202538e-06,6.0016244565787384e-05
17389,3,3,SVM_RBF,5.6303127302462476e-05,0.0004607829941937506,0.0007918890237843332,0.9125264946037125,0.08616453025100708
12988,2,2,SVM_RBF,4.99651940177806e-07,1.5386135166626903e-07,0.9995003777456501,0.00048638111866088947,1.258762239702847e-05
13582,2,2,SVM_RBF,2.679316062542313e-07,9.165748513873043e-08,0.9997719131925494,0.00020461983869241038,2.3107379666665607e-05
13288,2,2,SVM_RBF,1.2541430614789796e-06,3.941840103533878e-07,0.9996151207167218,0.000355203279951077,2.8027676255259617e-05
11586,0,0,SVM_RBF,0.9932370655339012,0.0003704750558017576,0.005259466699238981,0.000522278779954546,0.0006107139311036662
11131,0,0,SVM_RBF,0.9961371690252449,0.00022243982538456089,0.0027151541881976827,0.0005220055560773965,0.0004032314050953963
11962,2,2,SVM_RBF,1.2440957071645883e-08,3.892651593518804e-09,0.999938515690374,5.683656338531205e-05,4.6314126321512025e-06
13781,2,2,SVM_RBF,1.4438429461464268e-06,4.703280792498682e-07,0.9995825403259327,0.00036994177208777836,4.560373095418093e-05
18191,4,4,SVM_RBF,0.0002912801237699634,0.001087995331099042,0.0010687348891129584,8.425218052039023e-05,0.9974677374754976
14615,1,1,SVM_RBF,2.132170576833231e-06,0.9988068611014476,0.0010549352015899638,9.943285930749178e-06,0.0001261282404551016
14668,1,1,SVM_RBF,1.26331407082334e-06,0.9991063231068751,0.0007869069710809639,7.21177778147802e-06,9.829483019186495e-05
18002,4,4,SVM_RBF,0.00018046647632246672,8.400154570168864e-05,0.0007459253428231933,3.3030413417131794e-05,0.9989565762217354
15421,1,1,SVM_RBF,1.2916364320762867e-05,0.9932471830299078,0.000489353593585201,0.0061247441408746155,0.00012580287131172687
12130,2,2,SVM_RBF,4.944690992780478e-07,1.7446948128488613e-07,0.9998673418844044,0.00013043186136931198,1.5573156455479524e-06
13330,2,2,SVM_RBF,1.633399000022572e-06,5.58759475588887e-07,0.9995871494715524,0.00038961405906104966,2.1044310911103067e-05
10462,0,0,SVM_RBF,0.9993095195237149,5.046451982553776e-05,0.00044674503922811947,7.356307926872749e-05,0.00011970783796237531
14094,1,1,SVM_RBF,2.8355053988996253e-06,0.9985488302434212,0.0013058119340049006,1.3491594923178963e-05,0.00012903072225172428
16008,3,3,SVM_RBF,2.714897277564558e-05,0.00208394123591612,0.0003989122557739001,0.9974383932518953,5.160428363890357e-05
18029,4,4,SVM_RBF,5.167084652052401e-07,8.311130245186206e-07,5.672713544476723e-07,1.068605097631687e-06,0.9999970163020582
12260,2,2,SVM_RBF,6.404377215920712e-07,2.1902444752461578e-07,0.9998966401735907,9.887114597324785e-05,3.629218266997425e-06
16790,3,3,SVM_RBF,5.9669083221514614e-05,0.0006962381577520326,0.0004031226868807292,0.9951179421123286,0.003723027959816821
18059,4,4,SVM_RBF,6.457600606899402e-05,6.921737838062189e-05,0.0003845851079888935,6.503233278845228e-05,0.9994165891747729
11624,0,0,SVM_RBF,0.9950994327236306,0.00039352490178267286,0.00335371078755546,0.0005533516798566531,0.000599979907174631
15333,1,1,SVM_RBF,2.757568062553307e-06,0.9970577882516554,0.0007417804137540821,0.002008036374675342,0.00018963739185255798
13083,2,2,SVM_RBF,4.1649076810484765e-06,1.3997436577270882e-06,0.9993189741218925,0.0006166937761720742,5.8767450596534614e-05
12864,2,2,SVM_RBF,7.154115025368038e-08,2.1617131511943633e-08,0.9999053874477982,8.974763954855227e-05,4.771754371396133e-06
12698,2,2,SVM_RBF,2.190312648504054e-06,8.233072107024452e-07,0.9995381562612866,0.0004481611828561358,1.0668935998149174e-05
10118,0,0,SVM_RBF,0.9994545217683568,0.00021941097047752244,7.397403295347627e-05,0.0001425733910893848,0.00010951983712283846
13838,2,2,SVM_RBF,5.3593379910006394e-06,1.6927304180662584e-06,0.9991987479751198,0.0007172957708406553,7.690418563046732e-05
11501,0,0,SVM_RBF,0.992312613114319,0.00037470579175562647,0.006081716545876012,0.0005701284728787922,0.0006608360751705801
17149,3,3,SVM_RBF,2.802241346945737e-05,5.7230281012241294e-05,0.00041496557172488385,0.9893611764660202,0.01013860526777312
18131,4,4,SVM_RBF,4.906877346774366e-07,4.791680992196883e-07,5.320211982847366e-07,8.152636597454081e-07,0.9999976828593081
18236,4,4,SVM_RBF,9.890840161959115e-05,9.994993009497231e-05,0.000681067429185354,4.289346177524188e-05,0.999077180777325
14233,1,1,SVM_RBF,7.292914800206606e-07,0.9993077208955751,0.0006186255998803285,2.7442376496384803e-06,7.017997541487152e-05
12031,2,2,SVM_RBF,0.03563636713920065,9.732367786692317e-05,0.9637742875964882,0.00032977649074389593,0.00016224509570026424
10551,0,0,SVM_RBF,0.9980009854336757,0.00026880619810657695,0.0006991207420601697,0.0005181099810769659,0.000512977645080516
17318,3,3,SVM_RBF,0.000136602423052,0.0002466330513495153,0.0031130893292331636,0.9373093422107507,0.059194332985614544
12575,2,2,SVM_RBF,1.758992877488978e-06,6.431811387532623e-07,0.9995922859945973,0.0003998638271548121,5.448004231672488e-06
10140,0,0,SVM_RBF,0.9995408235383064,0.00017515844400801188,3.89872014950082e-05,0.00012946360202163623,0.00011556721416892692
15977,3,1,SVM_RBF,0.0009459975320632163,0.9582227407870432,0.0016601873222183239,0.03113884155604544,0.008032232802629637
16432,3,3,SVM_RBF,0.00021234201510635754,0.0010090369508613806,0.0008376736757450626,0.9943233807288177,0.0036175666294693005
10512,0,0,SVM_RBF,0.9984907034125236,0.00022204745694917702,0.0005407043324845652,0.0002782504688934393,0.00046829432914901584
11026,0,0,SVM_RBF,0.9987930336528679,0.00013021874561152492,0.0005048824377762184,0.00022891325442812044,0.00034295190931615073
11360,0,0,SVM_RBF,0.998009143186372,0.00037914389882656106,0.0006178415071907888,0.0005221750539470759,0.00047169635366334076
17862,4,4,SVM_RBF,0.00015850816169431833,0.0008491551726205676,0.001243185044558651,0.14718377874021243,0.8505653728809139
17613,4,4,SVM_RBF,0.00014194573194251862,0.000967625895489496,0.0014420605163899633,0.0910391764747527,0.9064091913814255
12118,2,2,SVM_RBF,0.006640562401893729,7.269219593235422e-05,0.9929033543873736,0.00032397676677310835,5.9414248027070274e-05
16802,3,3,SVM_RBF,2.7598825828429674e-06,8.74336542363386e-06,3.0425389540214826e-06,0.9985792182517746,0.0014062359612649399
12134,2,2,SVM_RBF,3.766753788902636e-08,1.2962994799238936e-08,0.9999364112096305,6.202815937591523e-05,1.5100004607903492e-06
15168,1,1,SVM_RBF,5.740105892519738e-07,0.9992805233849842,0.0004802083761930536,0.00016188167153445153,7.681255669930572e-05
15731,1,1,SVM_RBF,0.0011656392318889403,0.9952536616212342,0.0018290896861976845,0.0002958581827232711,0.001455751277955873
11245,0,0,SVM_RBF,0.989545895766739,0.00025825560759612254,0.009270374689206638,0.0005058419673294028,0.00041963196912868605
13802,2,2,SVM_RBF,2.811643381674269e-06,8.668898262997104e-07,0.9994078060798937,0.000514893617370534,7.362176952762265e-05
17419,3,3,SVM_RBF,5.079357458022451e-05,0.00021745646295706883,0.000671104233277396,0.9532909454361652,0.04576970029302031
17791,4,4,SVM_RBF,0.00031235364282097914,0.00010337836258551645,0.002067253838554863,0.0003719791295194802,0.9971450350265191
10636,0,0,SVM_RBF,0.9994020761205905,4.821100605582062e-05,0.00030354548817654444,0.00010865434175863758,0.0001375130434182633
17259,3,3,SVM_RBF,0.00021918085414832623,0.00034960418330686117,0.00021382217183539475,0.977334386052565,0.021883006738144476
17181,3,3,SVM_RBF,2.8961949107383122e-05,7.770979300144423e-05,0.0004376375100907243,0.9927564094386269,0.006699281309173761
14501,1,1,SVM_RBF,1.2436085378663125e-06,0.9991046250552852,0.0007965871023651088,5.253624260557689e-06,9.229060955126806e-05
13522,2,2,SVM_RBF,7.729687545074733e-07,2.5555291813259637e-07,0.9997042107104255,0.00026488886783277,2.987190006901906e-05
15229,1,1,SVM_RBF,1.2764091295090695e-06,0.9984383526770249,0.0006530330755100489,0.00074423453837552,0.00016310329996007414
17518,4,4,SVM_RBF,0.0002296690731393274,5.920436886632636e-05,0.002344474753589286,0.0004947180574863537,0.996871933746919
18875,4,4,SVM_RBF,0.00023116827935747042,0.00027512434775820734,0.0023291623430880355,2.7592084910496944e-05,0.9971369529448859
14276,1,1,SVM_RBF,6.583648065722123e-07,0.9993310008612457,0.0005978512372120492,2.8037815479237223e-06,6.768575518788312e-05
10686,0,0,SVM_RBF,0.9988248325543434,9.042274268977366e-05,0.0005598557320792634,0.00023598637262483608,0.0002889025982630854
16196,3,3,SVM_RBF,1.866356245989538e-05,0.001729061464577502,0.00027491752906311115,0.9977964001859212,0.00018095725797813946
13907,2,2,SVM_RBF,2.939568807022919e-06,8.882003082805961e-07,0.9993818953634166,0.0005262214994815775,8.805536798665388e-05
16352,3,3,SVM_RBF,3.218475572741468e-07,1.017405044154162e-06,3.5652358316788145e-07,0.9999135920579576,8.471216585776203e-05
12331,2,2,SVM_RBF,4.084524893823631e-08,1.2364754189992067e-08,0.999898900784125,9.075258533976388e-05,1.029342053222685e-05
13584,2,2,SVM_RBF,1.7765769015303562e-06,8.116382742190643e-07,0.9993950235517415,0.0005246881245491882,7.770010853361392e-05
12390,2,2,SVM_RBF,3.0328878088860133e-07,1.054984811180219e-07,0.9998250424154016,0.0001722143108043888,2.3344865320623604e-06
15917,1,1,SVM_RBF,0.01164391409526585,0.9498675322123992,0.008349931926080096,0.0037454713676438153,0.026393150398611086
11567,0,0,SVM_RBF,0.9955028604064686,0.0004327962632196576,0.002965928132087787,0.0005322753012031616,0.0005661398970208066
14205,1,1,SVM_RBF,1.446455751472924e-06,0.9989960523152187,0.0008973855040265418,7.552734409049133e-06,9.75629905942481e-05
12741,2,2,SVM_RBF,2.0074573814656321e-07,6.970575033957533e-08,0.9998589240481014,0.00013898792504023853,1.8175753699768038e-06
14083,1,1,SVM_RBF,3.099536182240513e-06,0.9984768589451768,0.0013663862029372699,1.1183711364820619e-05,0.00014247160433908238
11242,0,0,SVM_RBF,0.9964943013599727,0.00021402530399259418,0.002459403747253741,0.00044788214495156836,0.00038438744382934733
13265,2,2,SVM_RBF,2.423715618263192e-06,1.0150090239092645e-06,0.998877574858441,0.000968447415500516,0.0001505390014163906
12560,2,2,SVM_RBF,1.1037777249834432e-06,3.997530307363768e-07,0.999777414187104,0.0002184480011319023,2.634281008291307e-06
11431,0,0,SVM_RBF,0.998916895552048,0.0002559351044934405,8.1258933096973e-05,0.0004374330603362416,0.00030847735002535466
12214,2,2,SVM_RBF,0.006679465110230083,3.1808607915675296e-05,0.9930961067783027,0.00016728101708439136,2.5338486467121116e-05
16769,3,3,SVM_RBF,9.326853832663979e-05,0.002374516978984788,0.00042296078960944576,0.9840531069213011,0.013056146771777952
17315,3,3,SVM_RBF,0.00018422711996884331,0.0002966182351347905,0.0001960893153341471,0.9792700231120046,0.02005304221755774
15347,1,1,SVM_RBF,9.926033435150022e-05,0.9803313611828801,0.0017549968427725176,0.016990665862351553,0.0008237157776443898
12493,2,2,SVM_RBF,0.0013325655682986071,0.00010132293767467367,0.9981070615776402,0.0004284677913345065,3.0582125051927865e-05
16420,3,3,SVM_RBF,3.526172372144316e-05,0.0003666124310066829,0.0003440711542715738,0.9989592622230479,0.0002947924679525391
17136,3,3,SVM_RBF,0.00012065863763678439,0.00019050843128434552,0.00011786800537175761,0.9834562770018939,0.016114687923813355
16969,3,3,SVM_RBF,3.615565939207533e-05,6.049981035426316e-05,3.66260122712658e-05,0.9911905700553113,0.008676148462670943
11384,0,0,SVM_RBF,0.9985217436639109,0.00029466912252284013,0.00038232665516863934,0.000424808493059484,0.00037645206533812125
11294,0,0,SVM_RBF,0.9954989235256453,0.00026955913734597465,0.0032545678931811387,0.000526765557735884,0.00045018388609162536
17977,4,4,SVM_RBF,8.557742099664218e-05,0.0005967372351404909,0.00044150141182670106,0.11282377351311075,0.8860524104189252
16867,3,3,SVM_RBF,9.921723676617619e-05,8.062484809197563e-05,0.0021728768755419126,0.9929440117744993,0.0047032692651005365
17853,4,4,SVM_RBF,8.269167062102728e-05,0.00030556937671863686,0.0009819821106139312,0.0030450642026611722,0.9955846926393851
12128,2,2,SVM_RBF,1.1387230674028817e-07,3.9531338391868815e-08,0.9997665838300283,0.0002315187087743319,1.7440575522358647e-06
13339,2,2,SVM_RBF,2.7704563830040904e-07,8.430071302661768e-08,0.9997859919526496,0.00019735864919853016,1.6288051800507305e-05
13173,2,2,SVM_RBF,7.272265737093873e-07,2.4903621669141113e-07,0.9997179102750686,0.0002691707522143817,1.1942709926618794e-05
13272,2,2,SVM_RBF,9.438732231675625e-07,2.990100322294118e-07,0.9996836744870347,0.0003007181985353892,1.4364431174501066e-05
13251,2,2,SVM_RBF,3.271171112260664e-07,9.833715365202534e-08,0.9998092263197954,0.00018129488747957575,9.053338460095042e-06
13398,2,2,SVM_RBF,7.751248951210094e-07,2.740612337878884e-07,0.9997202746035841,0.00026620010616430317,1.2476104122630711e-05
16147,3,3,SVM_RBF,6.120659332504003e-05,0.001547954521376765,0.0006745595318992691,0.9974477744947794,0.0002685048586192937
16291,3,3,SVM_RBF,1.1796820453910099e-07,3.748751371897468e-07,1.263833976039563e-07,0.999835585330336,0.0001637954429247327
14349,1,1,SVM_RBF,4.508607443901396e-07,0.9994843740698005,0.0004612469460280865,2.2265221748857304e-06,5.1701601252043126e-05
10447,0,0,SVM_RBF,0.9986340610128998,0.00010606367751786602,0.0009598955939468501,0.0001658892700325674,0.0001340904456031711
15565,1,1,SVM_RBF,8.54231535542517e-07,0.9993431801834385,0.0005593535295868429,3.1413854067156606e-06,9.347067003227021e-05
17286,3,3,SVM_RBF,3.3627052589092716e-05,0.00018658757534408042,0.0004970375525039095,0.9490595228744751,0.05022322494508771
15184,1,1,SVM_RBF,9.366344555055737e-07,0.9992084805357536,0.0006097947989977941,7.812115460465099e-05,0.00010266687618849536
18218,4,4,SVM_RBF,5.121612401670727e-05,0.00043279993288974623,0.0005006293870754512,5.411258341923151e-05,0.9989612419725992
12608,2,2,SVM_RBF,2.1177660958924976e-07,7.355718313561915e-08,0.999861108896478,0.0001372863339235159,1.3194358058216304e-06
18405,4,4,SVM_RBF,0.00023031105347297087,0.00043735164396568324,0.0007659639459837977,0.00010472530472218008,0.9984616480518554
13791,2,2,SVM_RBF,1.4062699250938242e-06,4.6055481984786335e-07,0.9995901458231055,0.00036056546062245617,4.7421891527023984e-05
13693,2,2,SVM_RBF,1.2100411364044002e-06,5.63663816105837e-07,0.9988626310138348,0.0009963740143377833,0.0001392212668750442
10785,0,0,SVM_RBF,0.9990251742088264,0.00013499819128118831,0.00039615622446446686,0.00017941452410922865,0.00026425685131859845
10669,0,0,SVM_RBF,0.9986570286009565,0.00011112753173327232,0.0008758160570882712,0.0002107024049648102,0.00014532540525700994
10014,0,0,SVM_RBF,0.998914668189445,0.0002273415778318426,0.00047414774871718494,0.0002008061536891706,0.00018303633031700468
16693,3,3,SVM_RBF,4.6056532779760035e-06,1.4694204552054226e-05,4.970250784081952e-06,0.9980183935384376,0.001957336352948566
15243,1,1,SVM_RBF,1.0841782297816526e-06,0.9991914391227535,0.0006638906763829713,4.743676872067096e-05,9.614925391291573e-05
18048,4,4,SVM_RBF,6.13913450612938e-05,0.0007867338674272479,0.00037375815061969285,0.041134102260513124,0.9576440143763788
13797,2,2,SVM_RBF,1.3623506886445988e-06,4.201709631732148e-07,0.9992750168297009,0.0006371650907673812,8.60355578799813e-05
15310,1,1,SVM_RBF,8.038303241700986e-07,0.9991867221469204,0.0005613385894752559,0.00014415922295188285,0.00010697621032849468
16253,3,3,SVM_RBF,7.076235480423948e-05,1.1801658836943825e-05,0.0006979119173056901,0.9991541448004118,6.537926864136427e-05
19014,4,4,SVM_RBF,0.0003145293816920152,0.0004494647578077586,0.0023442857940375395,8.396416508684999e-05,0.9968077559013758
10866,0,0,SVM_RBF,0.9990229324063571,0.0001413484469776031,0.000345361947728815,0.00021301853486097104,0.0002773386640756427
11229,0,0,SVM_RBF,0.994011391013589,0.00023574479955711696,0.004903386969757376,0.0004312922259828871,0.00041818499111377384
10611,0,0,SVM_RBF,0.9979765811243235,0.00022659658072615683,0.001334194500798138,0.000301468275126543,0.00016115951902566578
16845,3,3,SVM_RBF,5.8398422774486344e-05,5.1733423078996296e-05,0.001002273906269058,0.9969909105288385,0.0018966837190388813
15876,1,1,SVM_RBF,5.478403719907135e-07,0.9989100565020368,0.00030496878932294676,2.679791968660117e-06,0.0007817470762996796
12278,2,2,SVM_RBF,5.79998065862107e-07,2.093707677724681e-07,0.9998224314293515,0.00017529273885566671,1.4864629593559093e-06
14068,1,1,SVM_RBF,1.437727826155983e-06,0.9989838263936365,0.0009190067602355156,8.435892535753258e-06,8.72932257659608e-05
18659,4,4,SVM_RBF,6.89028491916865e-05,5.4325641218971345e-05,0.00033690724481449474,3.249734930034559e-06,0.9995366145298448
12963,2,2,SVM_RBF,4.111776035646849e-08,1.2424515507386109e-08,0.999910830787614,8.303092440158244e-05,6.084745708416858e-06
11666,0,0,SVM_RBF,0.9970819062849385,0.00032960351384506804,0.0015801475431041414,0.0005171872379860224,0.0004911554201259383
12771,2,2,SVM_RBF,1.3818021731254645e-07,4.629121298832996e-08,0.9998822127423661,0.00011514092670919872,2.461859494145515e-06
17846,4,4,SVM_RBF,0.0002211065372208549,3.123417401532723e-05,0.0011927584314201654,0.00026472442283028043,0.9982901764345131
19030,4,4,SVM_RBF,9.233299483818729e-05,0.0001897041798543399,0.001335603461472444,0.00011530775108889171,0.9982670516127462
14579,1,1,SVM_RBF,8.410481208244366e-07,0.9992839229443865,0.000636350136604546,3.5164528105186864e-06,7.536941807779205e-05
11873,0,0,SVM_RBF,0.9964062971999745,0.00043243478997278726,0.0022916429198223966,0.000431859596120706,0.0004377654941096239
15186,1,1,SVM_RBF,4.015006025237683e-07,0.9995268889199541,0.0003905071088038756,1.54123452695258e-05,6.679012536984735e-05
15887,1,1,SVM_RBF,1.1220669483694126e-06,0.9981138665414814,0.00046816953073006823,0.0010685405710994737,0.0003483012897407909
13482,2,2,SVM_RBF,0.0014946364512416748,0.00022637627082933005,0.9947085201136302,0.0033830770741013682,0.00018739009019719109
18604,4,4,SVM_RBF,4.67427993728364e-05,0.0006390800291511198,0.0002441696223710216,0.00032814053555010165,0.9987418670135548
16645,3,3,SVM_RBF,3.452304853933877e-07,1.0921663983933405e-06,3.812336626714673e-07,0.9998119298610473,0.0001862515084063535
11651,0,0,SVM_RBF,0.9948399757696392,0.0004305115409671569,0.003489818203952267,0.000593224318876083,0.0006464701665651419
18085,4,4,SVM_RBF,9.019293093322488e-05,0.0006810261051185593,0.0005464812463913197,0.08650112512523193,0.9121811745923251
16229,3,3,SVM_RBF,2.9697005673095752e-05,2.1207857251649426e-05,0.0006501545636708867,0.9991789915069735,0.00011994906643069582
18553,4,4,SVM_RBF,0.002821869461001856,0.031327239998295515,0.002816246249061784,0.007116687706809217,0.9559179565848317
16731,3,3,SVM_RBF,3.366790843762625e-06,1.0729836916208355e-05,3.668332365022868e-06,0.9984080127635906,0.0015742222762843191
14935,1,1,SVM_RBF,2.056672277137962e-06,0.9986784147920039,0.0009664029360380343,0.00021598978869477337,0.0001371358109861199
17178,3,3,SVM_RBF,0.0002361127966065869,0.0019472042613666108,0.0030904225341248388,0.8952268546472011,0.09949940576070106
11710,0,0,SVM_RBF,0.9960804351845184,0.0005053265407744411,0.0018367639000901165,0.0007657482476932254,0.0008117261269240341
10544,0,0,SVM_RBF,0.9981045116902381,0.0002560227003206706,0.0011110373729047792,0.00030039463217992207,0.00022803360435644834
16866,3,3,SVM_RBF,4.15621314173053e-05,1.3598936526613815e-05,0.0009608313138004148,0.9974961447378025,0.0014878628804532406
12442,2,2,SVM_RBF,6.424748068105334e-07,2.295887319853659e-07,0.9997584974631364,0.000238185800621275,2.4446727034210625e-06
15272,1,1,SVM_RBF,2.945670633102983e-06,0.9987495632555878,0.0010796458805878693,1.569130426611044e-05,0.00015215388892511085
10303,0,0,SVM_RBF,0.9854729203168544,0.00045683526993017413,0.013358357024785878,0.0001762480561051276,0.0005356393323244201
10963,0,0,SVM_RBF,0.9968353744646152,0.0001836487077518166,0.002214999686266208,0.0004309393037774234,0.0003350378375892788
15328,1,1,SVM_RBF,1.893883595661832e-06,0.998573876348515,0.000862354778294963,0.0003043055699242168,0.00025756941967029653
18803,4,4,SVM_RBF,0.0004801853180760182,0.00047179007582826894,0.004175086654500013,4.068483649824999e-05,0.9948322531150974
16336,3,3,SVM_RBF,3.129414174553927e-05,4.3552705285042505e-05,0.0004903530486259068,0.9992303049721634,0.00020449513217988408
18707,4,4,SVM_RBF,0.0001545370780245823,0.00010604655499290491,0.0007213372994815272,5.5573074514827303e-05,0.9989625059929864
11282,0,0,SVM_RBF,0.9962837481713783,0.00017891070704246825,0.0025678394968560677,0.000505704053108983,0.0004637975716142759
17404,3,3,SVM_RBF,7.196876461022464e-05,0.0002836970069249704,0.0012696274226996528,0.937913896109236,0.06046081069652934
11687,0,0,SVM_RBF,0.9974994272369929,0.00029790771688302303,0.0011899425172750043,0.0005289675072004845,0.0004837550216486538
14278,1,1,SVM_RBF,3.3995463061554994e-07,0.9995345110280751,0.0004163154630522776,1.6844107451074116e-06,4.714914349716158e-05
10267,0,0,SVM_RBF,0.9985012741492066,0.00034338915265640454,0.000638280047894933,0.00014835946448334448,0.00036869718575891565
15405,1,1,SVM_RBF,8.811864865544187e-07,0.998461769040445,0.00046335947658424943,0.0009502864490868598,0.00012370384739739395
16723,3,3,SVM_RBF,2.0359695956435188e-05,6.371945493021584e-05,2.264254781035995e-05,0.9960533141249568,0.003839964176346232
16073,3,3,SVM_RBF,4.443458431887711e-05,1.4498939141389365e-05,0.0005941208774100284,0.9993234864387789,2.3459160350680857e-05
15207,1,1,SVM_RBF,6.787786554059372e-07,0.9993448490876922,0.0005265902316121935,4.338536227042763e-05,8.449653977000511e-05
17982,4,4,SVM_RBF,0.0004330729699020707,6.690657369147227e-05,0.0017353257194226582,0.00016138886021976423,0.9976033058767639
17387,3,3,SVM_RBF,3.0693245449426143e-05,0.00011650343615823805,0.0005286676219772511,0.9582773615170459,0.04104677417936931
15217,1,1,SVM_RBF,5.612418142446167e-07,0.9993992518553696,0.0004766742715590263,3.7110380283342226e-05,8.640225097399201e-05
17731,4,4,SVM_RBF,0.0001696596196725108,0.000768777666423126,0.0009254951451910877,0.07077685074296496,0.9273592168257483
17470,3,3,SVM_RBF,0.00011777895051928766,0.0007563290709936137,0.0014002899391444587,0.6508845692123587,0.3468410328269841
10131,0,0,SVM_RBF,0.9932685212022844,0.0003163447126643022,0.006145905157841448,0.00014817403369743492,0.00012105489351251999
10041,0,0,SVM_RBF,0.9974633725909106,0.00044582534116596436,0.001595267574107763,0.0002065158613894488,0.000289018632425937
14950,1,1,SVM_RBF,2.614672840579953e-06,0.9986123096755323,0.0010838347883536353,0.00015447686704018256,0.0001467639962334429
15461,1,1,SVM_RBF,3.1960429599312394e-07,0.9995577356210463,0.00032648196462001786,2.1605212597251737e-06,0.00011330228877797861
15425,1,1,SVM_RBF,1.9945568377101905e-06,0.9975202381356912,0.0006443853915611379,0.0016516976496571479,0.00018168426625269566
11944,0,0,SVM_RBF,0.9958215144463936,0.0003746038275773626,0.00292893452100559,0.00043666002077578583,0.0004382871842474558
13029,2,2,SVM_RBF,3.2571498064690985e-07,9.461388420079606e-08,0.9997640384558233,0.00021250252455057495,2.3038690761381287e-05
16224,3,3,SVM_RBF,7.198924105428295e-07,2.2964864078437366e-06,7.889578371100553e-07,0.999908949489079,8.724517426558641e-05
16695,3,3,SVM_RBF,6.264646745589536e-07,1.9203287585778188e-06,6.551425533600115e-07,0.9993832269093793,0.0006135711546341928
18082,4,4,SVM_RBF,5.752196963577848e-07,4.6959908627094783e-07,6.684671284513333e-07,9.429744862486363e-07,0.9999973437396027
12397,2,2,SVM_RBF,1.1537825740481908e-06,4.13981762057095e-07,0.9997288128248826,0.00026549814200695776,4.1212687741409355e-06
18793,4,4,SVM_RBF,7.386440403234652e-05,5.388426217472069e-05,0.00043347883340012506,2.0369151160835033e-05,0.9994184033492317
18322,4,4,SVM_RBF,3.079827985580694e-05,0.0004662303188440726,0.0003025010222259329,0.0014427445581109356,0.9977577258209634
18456,4,4,SVM_RBF,3.811494411503572e-05,0.0016624413910172177,0.00038622152286842137,7.236655237604716e-05,0.9978408555896234
18271,4,4,SVM_RBF,2.9437848150734125e-07,2.8383365741573796e-07,3.137447706447504e-07,5.087580300379634e-07,0.9999985992850604
14459,1,1,SVM_RBF,2.689120612559135e-06,0.9986179937476257,0.0012234620161234954,1.5757707400558875e-05,0.00014009740823755799
10480,0,0,SVM_RBF,0.9989023718535931,8.138901377345032e-05,0.0007400359702816836,0.00013438563772212058,0.00014181752462977073
18544,4,4,SVM_RBF,0.00010422700143314484,0.00020892024153227806,0.0007171090304724956,1.7563160824886456e-05,0.998952180565737
16491,3,3,SVM_RBF,3.772568935731654e-05,2.31629598799608e-05,0.00037607503496389345,0.999422601093442,0.00014043522235700825
13236,2,2,SVM_RBF,3.4360417447763964e-06,1.184037683172869e-06,0.9993886749552977,0.0005790830088921547,2.7621956381995874e-05
15742,1,1,SVM_RBF,4.485750144236814e-06,0.9962799811398365,0.0010004566379373094,0.002101230379562875,0.0006138460925191222
17708,4,4,SVM_RBF,0.00019040360809324913,0.0001293842622791992,0.0011622499997920495,0.00013666130827989106,0.9983813008215554
10809,0,0,SVM_RBF,0.9989119357101124,0.00022265326982593285,0.0002182321542909994,0.00034979408809289935,0.000297384777678275
17326,3,3,SVM_RBF,3.9368675831064255e-05,0.00013500036491395076,0.0004065713487345392,0.9504895045329118,0.04892955507760835
10763,0,0,SVM_RBF,0.9976895442116108,0.0003053117922932544,0.0013587095532121463,0.0003895942194752556,0.000256840223408435
16104,3,3,SVM_RBF,4.9185028340394766e-05,0.004700220437046249,0.0004157142830808197,0.9947629649062829,7.191534524941337e-05
14801,1,1,SVM_RBF,8.459684495043654e-07,0.9993172731357265,0.0006029772381672715,6.800350117468317e-06,7.210330753919742e-05
12468,2,2,SVM_RBF,6.707141274106176e-07,2.4302897447758397e-07,0.9997668972607818,0.0002297382711385039,2.4507249779515115e-06
14547,1,1,SVM_RBF,1.0441831917900624e-06,0.9991808542846297,0.0007297732016199206,4.001051699208996e-06,8.432727885917111e-05
14735,1,1,SVM_RBF,3.3569158937470813e-06,0.9984779793032313,0.0013200200303914794,2.8615431760462408e-05,0.00017002831872291464
13895,2,2,SVM_RBF,2.9224194218310497e-06,9.647827277829843e-07,0.9993719153181023,0.0005141154987539113,0.00011008198099444563
15520,1,1,SVM_RBF,4.174891430769773e-07,0.9995422365263386,0.0003925866239318777,1.3423472955844334e-06,6.341701329076621e-05
12063,2,2,SVM_RBF,3.906551166823028e-08,1.3200479151039929e-08,0.9999357687076157,6.256757325535898e-05,1.6114531380503472e-06
11793,0,0,SVM_RBF,0.9964155151172942,0.0006232764278651964,0.0020275628680000005,0.00042178041904180594,0.000511865167798405
17313,3,3,SVM_RBF,2.4501847269761327e-05,1.7562523492259858e-05,0.0004995608444523023,0.9940470198702016,0.005411354914584112
13571,2,2,SVM_RBF,1.028917128441098e-06,3.424209290597387e-07,0.9996679391806406,0.00030956962090884484,2.1119860393037397e-05
16428,3,3,SVM_RBF,5.3298711362425485e-05,0.00819634282759092,0.0004389355157710507,0.990422860391437,0.0008885625538387497
11764,0,0,SVM_RBF,0.99584414953875,0.0005004544316922047,0.0023052983447674463,0.0007706630024880357,0.0005794346823022411
13382,2,2,SVM_RBF,4.855067769652887e-07,1.5334342102584342e-07,0.9997776176625507,0.00021191873032385303,9.824756927278034e-06
12229,2,2,SVM_RBF,7.184171630936722e-08,2.4307427402900245e-08,0.999903612353896,9.131528587550128e-05,4.976211084859842e-06
11686,0,0,SVM_RBF,0.9953308273707443,0.0007032773576049992,0.002607581827229532,0.0006424977673528306,0.0007158156770683819
13822,2,2,SVM_RBF,1.8471164648696964e-06,6.053123275041634e-07,0.9995026349765075,0.000422875428672554,7.203716602755663e-05
18268,4,4,SVM_RBF,4.620975068001273e-05,0.0004712061341432245,0.00023152871687778218,0.0006392553125301836,0.9986118000857691
11052,0,0,SVM_RBF,0.998804995893696,0.00011598711296940992,0.0005215664255473526,0.00024317011537985532,0.0003142804524076231
13325,2,2,SVM_RBF,2.3931156009394327e-06,8.055904397256974e-07,0.9995197988279523,0.0004488095425211702,2.8192923485861025e-05
10948,0,0,SVM_RBF,0.9926227372519785,0.0003713868684369399,0.006018238207442962,0.0006441457804666359,0.00034349189167478254
13062,2,2,SVM_RBF,1.4425399135398548e-07,4.565621668654033e-08,0.9998429536340102,0.0001481348011991835,8.721654582499498e-06
16530,3,3,SVM_RBF,3.113291633657868e-05,0.001004940653969361,0.0003815868687720461,0.9882523482824086,0.010329991278513204
18157,4,4,SVM_RBF,9.363977168237348e-05,0.005219263440359455,0.0005903383714857312,0.0020406890410467333,0.9920560693754256
14472,1,1,SVM_RBF,1.5322235967270316e-06,0.9989874328277243,0.0009011097190062334,5.553586668979199e-06,0.00010437164300382245
18091,4,4,SVM_RBF,9.954717916846949e-05,0.00037487407029254775,0.0003890121562258138,0.012034371183457212,0.9871021954108561
13572,2,2,SVM_RBF,2.3815024418461756e-07,8.590688976637959e-08,0.9998280176252747,0.00015497401248860702,1.668430510274449e-05
17629,4,3,SVM_RBF,0.0001871927931081829,0.002569608444906909,0.0007112621277091653,0.48047716336452034,0.5160547732697556
18873,4,4,SVM_RBF,6.511986057519291e-07,3.1906366164401444e-07,9.069033470560508e-07,5.118067426295256e-07,0.999997611027643
16610,3,3,SVM_RBF,3.5019018236967524e-05,0.00034420390397871595,0.00041926282465388733,0.997694590602262,0.0015069236508686054
10250,0,0,SVM_RBF,0.99928993621404,0.000210880087802292,9.047147923788242e-05,0.00011243953896933905,0.00029627267995042874
14437,1,1,SVM_RBF,1.4890605199464368e-06,0.9989881587594642,0.0009009023577674093,6.745292630810403e-06,0.00010270452961757238
12808,2,2,SVM_RBF,0.001671365694123195,6.249649210866993e-05,0.9976581316852107,0.00034588781778995014,0.0002621183107677994
10083,0,0,SVM_RBF,0.9994109438775337,0.00024240101445191492,6.608280274949911e-05,0.00016503023588750133,0.00011554206937748863
13365,2,2,SVM_RBF,5.138342048975965e-07,1.7376801755467225e-07,0.9997672536195044,0.00021548636606377887,1.6572412209400328e-05
18909,4,4,SVM_RBF,0.00038655843208626196,0.0005820075010838659,0.0031052797120420207,0.00020355587402066732,0.9957225984807672
13596,2,2,SVM_RBF,5.008194900764795e-07,1.3878874416554185e-07,0.9996368912140389,0.000318994462610873,4.3474715116252745e-05
12821,2,2,SVM_RBF,1.3503538963142862e-07,4.245581988176387e-08,0.9998758218602816,0.0001173499124403949,6.650736068706956e-06
18884,4,4,SVM_RBF,0.000693184906150629,0.0006497540142051537,0.004722521024130033,5.419673035359587e-05,0.993880343325161
17431,3,3,SVM_RBF,2.186777346671184e-05,5.0321132984717295e-05,0.0005115750780470966,0.9730621254104954,0.0263541106050059
15068,1,1,SVM_RBF,1.2607096409657866e-06,0.9991311003978294,0.000730747247816021,1.694014349989455e-05,0.00011995150121372591
18819,4,4,SVM_RBF,0.0002666595679202278,0.0004026825907019733,0.0032430669289878846,2.9605211585084514e-05,0.996057985700805
16131,3,3,SVM_RBF,5.678553169312387e-05,0.00016406097673128328,0.000617737421254204,0.9991264342517103,3.4981818611081613e-05
16547,3,3,SVM_RBF,0.00010393097057988494,0.0002313321699011155,0.0008002339964928607,0.9976176846632487,0.0012468181997773917
14809,1,1,SVM_RBF,7.628311698422743e-07,0.999354262301645,0.0005744269083670959,3.4951611397293273e-06,6.705279767845353e-05
14402,1,1,SVM_RBF,1.7749012811739416e-06,0.9989088648177384,0.0009721323286642194,5.739244171454644e-06,0.00011148870814457244
17631,4,4,SVM_RBF,0.00013075323716857178,0.0011559345031391082,0.0007830063991147949,0.008863607032551124,0.9890666988280263
16624,3,3,SVM_RBF,2.6478160495478566e-07,8.414365946133502e-07,2.908918939147324e-07,0.9997713547627354,0.00022724812717119257
17625,4,4,SVM_RBF,0.00013455164592431317,5.505266264473439e-05,0.001205621295895581,5.0192038575608836e-05,0.9985545823569597
17348,3,3,SVM_RBF,8.200626253819225e-05,0.0001313057012355314,8.587440657900175e-05,0.9864308609945649,0.013269952635082467
18567,4,4,SVM_RBF,9.373211080693054e-05,4.056582959134286e-05,0.0005922195548778062,1.997074164571525e-05,0.9992535117630781
18113,4,4,SVM_RBF,0.0002678145379922665,0.0006434710219625859,0.000625258224411974,0.03149905321319426,0.966964403002439
15788,1,1,SVM_RBF,3.13554375893706e-07,0.9995302881715739,0.0003235406963163517,1.0366582523949403e-06,0.00014482091948134616
16321,3,3,SVM_RBF,3.023985148924029e-07,9.474540337707089e-07,3.4260820422803045e-07,0.9998892783039313,0.00010912923531576487
10629,0,0,SVM_RBF,0.9991751270837773,6.600166635955875e-05,0.00041011517377433874,0.00015678763182450285,0.0001919684442642702
17047,3,3,SVM_RBF,3.2065386281950124e-05,2.8285850286910137e-05,0.0007672370383462098,0.9948505423807938,0.004321869344291192
13039,2,2,SVM_RBF,1.3006673253051198e-07,4.120465556906405e-08,0.9998861006473597,0.0001107392348993312,2.9888463527377895e-06
15518,1,1,SVM_RBF,1.3358630056346187e-07,0.9997633198959218,0.00021606972935993876,1.15839690893037e-06,1.9318391508900125e-05
13067,2,2,SVM_RBF,3.142788523668818e-07,8.560331847390976e-08,0.9996980429332305,0.0002743459466280503,2.721123797063917e-05
12408,2,2,SVM_RBF,1.354210173368355e-06,5.069608172901969e-07,0.9996460566727979,0.0003481208763026542,3.961279908820193e-06
15790,1,1,SVM_RBF,1.1974054414080161e-05,0.9978517991607958,0.0012462799026295255,0.00015232618769873486,0.000737620694461814
17657,4,4,SVM_RBF,8.912076675297565e-05,0.0005562157652633735,0.0008148174401102884,0.06419473152353962,0.9343451145043339
16588,3,3,SVM_RBF,6.359241115208792e-05,8.94744871123917e-05,0.0007742427467346785,0.9986295655493899,0.000443124805610952
17920,4,4,SVM_RBF,5.485834661004158e-07,4.3277779943279116e-07,5.5082024257454e-07,8.616155877922157e-07,0.999997606202904
13545,2,2,SVM_RBF,1.211929502357923e-07,3.343843841585292e-08,0.9998759409910954,0.0001156236308361051,8.280746679730727e-06
19130,4,4,SVM_RBF,0.00020239286451177063,0.0003428229405277781,0.0011451196850312479,2.6389506103341105e-05,0.998283275003826
11887,0,0,SVM_RBF,0.9895836879819907,0.0004742768812778412,0.008451303319662503,0.0008229364855107818,0.0006677953315582586
17130,3,3,SVM_RBF,0.000253254425756786,0.0011402440082315007,0.004275647338776442,0.6021919287487862,0.3921389254784489
11467,0,0,SVM_RBF,0.9606338102175229,0.0002715856240934941,0.03788302975298654,0.0004899765011681463,0.0007215979042287109
16365,3,3,SVM_RBF,4.3763117178719726e-07,1.3997250516727858e-06,4.902013614982121e-07,0.9997164582874201,0.000281214154994907
15765,1,1,SVM_RBF,1.4859047691535045e-06,0.9982004326904134,0.0006366911898213894,0.0006988223811501968,0.0004625678338458574
14731,1,1,SVM_RBF,1.0844257910678306e-06,0.9991736445249928,0.0007358395562202895,4.147074847851018e-06,8.528441814804617e-05
17687,4,3,SVM_RBF,0.00023748414164064392,0.0011573720814993587,0.0006249191991592954,0.46759833934144557,0.5303818852362552
18151,4,4,SVM_RBF,6.926169323193208e-05,0.001972502606576259,0.0004051307120758875,0.0008417071749964012,0.9967113978131197
11388,0,0,SVM_RBF,0.9982142239308898,0.0004122342658245837,0.00039064241180844,0.0005139832225070795,0.0004689161689702592
11791,0,0,SVM_RBF,0.9965718588127985,0.0004257184536981429,0.001836258306610419,0.0006409981385738428,0.0005251662883189091
13616,2,2,SVM_RBF,5.891548381718628e-07,1.8205162437866593e-07,0.9996685862030767,0.00023041031813230512,0.00010023227232858813
14292,1,1,SVM_RBF,1.665422469917434e-06,0.9989424250790397,0.0009412614614256791,8.571548103908558e-06,0.00010607648896063945
16192,3,3,SVM_RBF,5.793962401060558e-07,1.8850069726088024e-06,7.647880032909852e-07,0.9998919573357486,0.00010481347303537582
13853,2,2,SVM_RBF,3.644153209533101e-06,1.1570494438794053e-06,0.9992917415907954,0.0005852993609452196,0.00011815784560588298
15286,1,1,SVM_RBF,2.112638092490867e-06,0.9972606305171327,0.0004969443936548429,0.002093017405095165,0.0001472950460246166
13708,2,2,SVM_RBF,5.413327064577599e-07,1.617979505366028e-07,0.9997564701986505,0.00023148073711688947,1.1345933575784464e-05
14662,1,1,SVM_RBF,7.349838789741113e-07,0.99932955581756,0.0005984744567137625,3.0997076828670313e-06,6.813503416455845e-05
13970,1,1,SVM_RBF,1.8992899272372352e-06,0.9987941948215633,0.0010876067711699355,7.978172517913967e-06,0.00010832094482145292
18902,4,4,SVM_RBF,8.744540101547319e-05,9.789209822590325e-05,0.0020544229717939927,9.741013138644482e-05,0.9976628293975786
15567,1,1,SVM_RBF,4.0084808065271116e-07,0.9990822894744034,0.00034795982591796337,0.0003970189429297912,0.00017233090866839733
10884,0,2,SVM_RBF,0.24667705894450764,0.00012192668542592575,0.7527057630368035,0.0002900754377125625,0.0002051758955502847
15260,1,1,SVM_RBF,1.1038622117772338e-06,0.9992014663876577,0.0006670923825386376,1.4696898298104096e-05,0.00011564046929395275
11244,0,0,SVM_RBF,0.9969035176161429,0.00019396312052205676,0.0018036372506920737,0.0006031700056625236,0.0004957120069804334
18862,4,4,SVM_RBF,0.0009968717961149577,0.0008929232713468296,0.007493028580568447,9.213661912667397e-05,0.9905250397328429
13135,2,2,SVM_RBF,0.3136257414015281,0.00031969726392438666,0.678016047761261,0.0015095478101696089,0.006528965763117101
15035,1,1,SVM_RBF,4.897148885336628e-07,0.999498097134385,0.0004431489826682697,2.7410467299695784e-06,5.552312132833235e-05
16431,3,3,SVM_RBF,3.9171470270620204e-05,3.000363098466294e-05,0.0004044755883415263,0.999382399873146,0.00014394943725698644
18885,4,4,SVM_RBF,0.00017006323226103687,0.00015954923213417867,0.0011964972478290055,6.907977019881872e-05,0.9984048105175772
17209,3,3,SVM_RBF,0.00012186099785525975,0.00019746185164747386,0.0001191719468075981,0.9833800381067238,0.016181467096965805
13664,2,2,SVM_RBF,1.8132788148596058e-05,7.284689691236306e-06,0.99556778213655,0.004267922514357965,0.00013887787125229875
10148,0,0,SVM_RBF,0.9967641579231541,0.0004028925349126824,0.002146415540483967,0.00035685701258553,0.0003296769888637268
13412,2,2,SVM_RBF,2.0542240470677565e-06,6.902913418307543e-07,0.9995394890145481,0.00043068588969863116,2.7080580364417448e-05
12511,2,2,SVM_RBF,9.80923247844364e-07,3.462960771211511e-07,0.9996864868577674,0.000308329460664255,3.856462243357234e-06
19128,4,4,SVM_RBF,0.0002837015455843223,0.0005299352223517628,0.0021436783797019786,6.183253585568178e-05,0.9969808523165062
13328,2,2,SVM_RBF,2.1792804434159444e-06,7.137117026233527e-07,0.9995173089000003,0.00046026754923943224,1.9530558614130275e-05
14463,1,1,SVM_RBF,5.036760456072721e-07,0.9994604903045587,0.00048213544918607534,2.5336068867973616e-06,5.433696332279436e-05
10380,0,0,SVM_RBF,0.9994774735150862,4.0376421055874175e-05,0.00029084605069008693,8.703843967684596e-05,0.00010426557349109385
11510,0,0,SVM_RBF,0.983699599105797,0.0003343216477655403,0.014727492676235788,0.0005517307073141061,0.0006868558628876126
12567,2,2,SVM_RBF,4.34299454698413e-07,1.5641457657621395e-07,0.9998061763423597,0.00019144577330979716,1.7871702990974106e-06
11111,0,0,SVM_RBF,0.9983082006279839,0.00016237429475536512,0.0006246344810399301,0.0005193873812403286,0.0003854032149805907
17297,3,3,SVM_RBF,4.3736023922898286e-05,0.0005525373372787781,0.0007412396906554921,0.9441664554568344,0.05449603149130843
13803,2,2,SVM_RBF,4.902393024956197e-07,1.4035086945409342e-07,0.999755471318411,0.00021685788003511841,2.7040211381891115e-05
10367,0,0,SVM_RBF,0.9985966153997582,0.0002471247040338955,0.0005781044333936613,0.00013917003580258958,0.00043898542701177796
18625,4,4,SVM_RBF,4.180428193305386e-05,0.00030673600894132815,0.0004063900397832487,4.87779159821303e-06,0.9992401918777446
14607,1,1,SVM_RBF,3.0895425418077013e-06,0.9984656809587233,0.0012369830709012175,0.00014438367277925577,0.00014986275505460614
10025,0,0,SVM_RBF,0.999395975593369,0.00022670470620301316,0.0001575439094565405,0.000128747817697308,9.102797327406332e-05
17474,4,4,SVM_RBF,0.0010083300005178156,0.00012335570684503713,0.05468590213553335,0.0011822040125443484,0.943000208144559
15351,1,1,SVM_RBF,6.211214683445989e-07,0.9993712674681657,0.0004906897859513386,5.238415929501158e-05,8.50374651198497e-05
10075,0,0,SVM_RBF,0.9989013405792527,0.0002948791037372596,0.0005547656182336982,0.00015123054932766924,9.7784149448747e-05
16501,3,3,SVM_RBF,3.5096683659710945e-07,1.1369934903232735e-06,4.0717232666795814e-07,0.999579212419711,0.000418892447635454
11425,0,0,SVM_RBF,0.9972439071713164,0.00033599090259534166,0.001480502152853347,0.000458370296065277,0.00048122947716966875
11503,0,0,SVM_RBF,0.9973288869600878,0.00030912928968117136,0.001400987936086516,0.00045324270004503796,0.0005077531140994509
15317,1,1,SVM_RBF,1.8764579991057395e-06,0.9983834845766177,0.000836102182839474,0.0005901409905738438,0.00018839579196989784
16872,3,3,SVM_RBF,4.374385782791669e-05,0.00025042057660882786,0.0009212820625668355,0.9921081091967183,0.006676444306278058
10885,0,0,SVM_RBF,0.9980769244182275,0.0001456004023210601,0.0011871209823169722,0.00029536974328747256,0.0002949844538468153
18462,4,4,SVM_RBF,4.382480080671609e-05,0.0005954624222135942,0.0002521343844215737,7.61660162553892e-05,0.9990324123763025
15074,1,1,SVM_RBF,2.604960508633658e-06,0.9975601482113198,0.0009118107994727759,0.001377817903676762,0.0001476181250217518
18981,4,4,SVM_RBF,0.0008610005229956233,0.0007909393310668636,0.003654363469369847,0.0001152617729484122,0.9945784349036192
13483,2,2,SVM_RBF,4.2921862778201165e-07,1.3952463515825672e-07,0.9997813179306826,0.00020119428673635685,1.69190393181645e-05
12280,2,2,SVM_RBF,3.484602882454433e-07,1.2841274828549964e-07,0.9998076594630695,0.00018849626993099096,3.36739396306095e-06
10389,0,0,SVM_RBF,0.9984186099633542,0.00012158670859204581,0.0011689762194070207,0.00015004752526986745,0.00014077958337684233
18963,4,4,SVM_RBF,6.853200624237349e-07,3.5917437474343615e-07,1.0063693607133087e-06,5.838172788843459e-07,0.9999973653189231
14061,1,1,SVM_RBF,2.486956608538383e-06,0.9986382391424939,0.0012291113063522632,1.4100937696376357e-05,0.00011606165684895352
15159,1,1,SVM_RBF,2.0208143126139507e-06,0.9987258212067436,0.000927735641161931,0.00018551876481505617,0.00015890357296678435
11142,0,0,SVM_RBF,0.9980715518427534,0.00011167801236767459,0.001152522400947178,0.0002746999147805884,0.000389547829151421
18501,4,4,SVM_RBF,5.357817344987735e-07,8.348834236319803e-07,5.197483230383748e-07,1.1141237996438699e-06,0.9999969954627191
16762,3,3,SVM_RBF,1.051036515819379e-05,3.330697240179083e-05,1.1545814232878472e-05,0.9971088088369052,0.0028358280113018825
11658,0,0,SVM_RBF,0.9948669787233033,0.0004941224693882079,0.003455146550646852,0.0005676403040420439,0.0006161119526196178
14420,1,1,SVM_RBF,1.4737579300892208e-06,0.9990157274939716,0.0008776041165358398,4.7290301400913945e-06,0.00010046560142217841
13810,2,2,SVM_RBF,9.160770393215978e-07,3.0304967207512984e-07,0.9996508920461368,0.0002917191556484648,5.6169671503388495e-05
16777,3,3,SVM_RBF,1.5971584171742172e-05,5.0670303615257035e-05,1.7499432052501756e-05,0.9963889712519441,0.00352688742821643
15266,1,1,SVM_RBF,8.06219834143948e-07,0.9993204029451852,0.0005607945325619981,3.473044391900117e-05,8.326585849972341e-05
10091,0,0,SVM_RBF,0.9995283835974325,0.0001900836698639905,3.808642227856328e-05,0.0001234238190058655,0.00012002249141884401
11182,0,0,SVM_RBF,0.9973710057578684,0.00019187337317524167,0.0017092161560600307,0.00041126650724435115,0.00031663820565196204
15920,1,1,SVM_RBF,1.011222784553594e-06,0.9980207137720237,0.0003370818389434801,0.0012504272552979795,0.000390765910950421
13531,2,2,SVM_RBF,5.04334676998475e-07,2.2197576836886989e-07,0.999556592018622,0.0003900416187766974,5.2640052155728525e-05
12673,2,2,SVM_RBF,6.836858893519178e-07,2.429990811910096e-07,0.9997371557237085,0.0002582384677579543,3.67912356298338e-06
12552,2,2,SVM_RBF,6.094226984727798e-07,2.2014347592953416e-07,0.9998137416132591,0.00018364723152733569,1.7815890391716607e-06
15220,1,1,SVM_RBF,8.167522336934688e-07,0.9992502775210657,0.0005639351280788948,9.504321725240051e-05,8.992738136937803e-05
14756,1,1,SVM_RBF,9.508343954933805e-07,0.9992592089213791,0.0006596778031938876,4.118114911798299e-06,7.604432611963433e-05
12296,2,2,SVM_RBF,1.4058367077537412e-07,6.708242125526513e-08,0.999626670295116,0.0003685413652083893,4.580673583659147e-06
14758,1,1,SVM_RBF,1.0336951970291896e-06,0.9992125293420008,0.0006989775416820423,6.7441067862086464e-06,8.071531433376906e-05
11110,0,0,SVM_RBF,0.9983513802625996,0.00010868082574559996,0.000930820367606165,0.0002924699133940441,0.0003166486306547503
14786,1,1,SVM_RBF,6.231995443249373e-07,0.9994158135535585,0.0005269363723580676,2.176253301090432e-06,5.4450621238092844e-05
15099,1,1,SVM_RBF,1.8359306132187215e-06,0.9989566279585276,0.0008938780781029955,2.554237415572014e-05,0.0001221156586006315
10490,0,0,SVM_RBF,0.9993787015649512,5.2027948873387464e-05,0.00031821613153771834,0.00010838741991898808,0.00014266693471843485
19071,4,4,SVM_RBF,1.1080196158604143e-06,5.30681209588977e-07,1.5132358437641631e-06,7.691624456693459e-07,0.999996078900885
11660,0,0,SVM_RBF,0.9955386573171376,0.0004876812070590118,0.0023487476197354396,0.0009030865011028785,0.0007218273549649697
12456,2,2,SVM_RBF,1.035217259300699e-06,3.7859068655205865e-07,0.9997408905357814,0.0002545832646086405,3.112391663938703e-06
10960,0,0,SVM_RBF,0.9982069655309024,0.0001454682845833398,0.0010454799991155574,0.0002448260835537755,0.0003572601018450775
14527,1,1,SVM_RBF,2.085089196029466e-06,0.9988420877627915,0.0010320599153111007,6.111047725961713e-06,0.00011765618497513273
10783,0,0,SVM_RBF,0.9991488887389783,0.00015347951959349753,0.00021731399920367332,0.0002466010966373956,0.0002337166455875885
13692,2,2,SVM_RBF,7.174219996583928e-07,2.3319388703289463e-07,0.9996387413282359,0.00031003866710056945,5.02693887768012e-05
11776,0,0,SVM_RBF,0.9969773795985468,0.00030634383826375565,0.0019837354100535496,0.0004061243674846864,0.0003264167856512669
18635,4,4,SVM_RBF,0.0151713935517927,0.05298472889015752,0.011038867555580728,0.013497971705636151,0.9073070382968327
14851,1,1,SVM_RBF,1.4970445073150056e-06,0.9990508656939446,0.0008433306675127672,6.655063908655398e-06,9.765153012650457e-05
15172,1,1,SVM_RBF,2.5756852280420602e-06,0.9985562156966165,0.001040796040385415,0.00020457493986130308,0.0001958376379086657
11092,0,0,SVM_RBF,0.9983203677812649,0.00011734154974333919,0.0008658104544652759,0.0003722039747665499,0.0003242762397599256
13093,2,2,SVM_RBF,7.099783043152294e-07,2.476525286069914e-07,0.9997352763236792,0.00025761700160332844,6.149043884609514e-06
11135,0,0,SVM_RBF,0.998590168326977,0.00010306908692207746,0.0007012610517177666,0.0002646833618244298,0.0003408181725590389
10879,0,0,SVM_RBF,0.9989716232962061,0.00010856663951764306,0.00042364515665542507,0.0002547914511411827,0.00024137345647965716
15847,1,1,SVM_RBF,0.0015185338207428208,0.9942026540051068,0.002102611117160773,0.0003765979866596793,0.001799603070329915
14255,1,1,SVM_RBF,6.059186057351143e-07,0.99938006214818,0.0005531924709734628,3.1860669292565803e-06,6.295339531145865e-05
13627,2,2,SVM_RBF,7.539762897958133e-07,3.0249028766316654e-07,0.9996564905767453,0.0002775681889719823,6.48847677052044e-05
16569,3,3,SVM_RBF,1.0174273865918925e-06,3.2250287688265015e-06,1.09051741884755e-06,0.9992178235070871,0.0007768435193386865
14986,1,1,SVM_RBF,2.0873581764630755e-06,0.998865061932904,0.0009578234242777736,4.710036918111323e-05,0.0001279269154608245
12738,2,2,SVM_RBF,5.813955618843488e-07,2.0646787781278256e-07,0.9997701245304714,0.0002257408651122408,3.34674097658789e-06
10379,0,0,SVM_RBF,0.9984034536762436,0.0002194654545881659,0.0008782244854503673,0.00012151985428946183,0.00037733652942829963
10553,0,0,SVM_RBF,0.9959393261960445,0.0006148736813065772,0.0018916405166627072,0.0008712889060521665,0.0006828706999341561
16934,3,3,SVM_RBF,2.9608723260071112e-05,2.7191446770737513e-05,0.0003711350251642793,0.9990125986114485,0.0005594661933564193
11470,0,0,SVM_RBF,0.9978451040785434,0.00034114809146206025,0.000845701683607727,0.0004839977657656395,0.0004840483806213373
11583,0,0,SVM_RBF,0.9944252713162814,0.000372770315204575,0.0040793818229973855,0.0006394087934220443,0.00048316775209492855
11673,0,0,SVM_RBF,0.9953266921558663,0.0005088714062185617,0.0029586115078781834,0.0005967272018622031,0.0006090977281744712
14032,1,1,SVM_RBF,5.360172390580059e-07,0.9993782752030901,0.0005578144430595675,3.166091394726279e-06,6.020824521662055e-05
11738,0,0,SVM_RBF,0.9944134241647612,0.0004914935451985772,0.003852796324341001,0.0005973626838508508,0.0006449232818483551
18997,4,4,SVM_RBF,5.626693653395313e-07,3.025971234840243e-07,8.554725692984404e-07,5.366292648376244e-07,0.9999977426316771
15297,1,1,SVM_RBF,7.784344801957143e-07,0.9989367404244192,0.000537385618518917,0.0004131446142751198,0.00011195090830678281
19019,4,4,SVM_RBF,0.00012061280247337257,0.00010776990774238051,0.001152503260532034,3.484912084964814e-05,0.9985842649084026
18019,4,4,SVM_RBF,6.579297425679398e-05,0.00027380226881021835,0.0005183521507301744,0.04703103670960358,0.9521110158965996
12467,2,2,SVM_RBF,0.0015990292674785006,8.301392073914005e-05,0.9979094596557697,0.0003758464093230901,3.265074668949117e-05
10194,0,0,SVM_RBF,0.9963916879139803,0.00023900783928926912,0.002889703271356398,0.00013846566502386104,0.00034113531035012804
18870,4,4,SVM_RBF,0.0005123401938246281,0.00047238629594943714,0.003906528255243339,3.7881354490998356e-05,0.9950708639004916
14254,1,1,SVM_RBF,2.941926880176756e-06,0.9985591032178731,0.001286997896827972,1.2671087775641015e-05,0.00013828587064300927
16115,3,3,SVM_RBF,0.00010207559761835918,0.015424110781809443,0.00036956583730286265,0.9839921300707789,0.00011211771249033267
17440,3,3,SVM_RBF,9.537179950512518e-05,0.0003895490449581074,0.0005721040098638002,0.9081488415702569,0.09079413357541595
10429,0,0,SVM_RBF,0.9951133518975803,0.0009568989868783608,0.0019417900728710877,0.0010139018631470887,0.0009740571795234384
17522,4,4,SVM_RBF,0.00032516648500058716,0.00011287494850694777,0.0027185988071552073,0.0005757963087747677,0.9962675634505624
13621,2,2,SVM_RBF,2.3732639819438415e-06,7.304513529945073e-07,0.9994689165529173,0.00047191861652814623,5.606111521966745e-05
13944,1,1,SVM_RBF,1.3214450783641018e-06,0.9989929636904363,0.0009185259487748325,7.117639422103601e-06,8.007127628817917e-05
10969,0,0,SVM_RBF,0.9911138725897259,0.00015110662716938546,0.007990638095127301,0.0004336109500531391,0.00031077173792413813
18821,4,4,SVM_RBF,0.0005153751125217796,0.0004567420357465974,0.004515418825754116,7.982311154206909e-05,0.9944326409144352
13476,2,2,SVM_RBF,1.0817274090155378e-07,3.3990601442702476e-08,0.999851466609907,0.00013694323682040445,1.1447989930305576e-05
13350,2,2,SVM_RBF,5.529174155641788e-07,2.3368863412389516e-07,0.9995842419086507,0.0003436103933540264,7.136109194579153e-05
16289,3,3,SVM_RBF,6.731588162076562e-05,0.00014198727410147673,0.0007670952601504733,0.9958846519014465,0.0031389496826808895
12842,2,2,SVM_RBF,4.37182776238608e-07,1.3358812916016015e-07,0.9997126202528659,0.0002584671931356104,2.8341783093033183e-05
11838,0,0,SVM_RBF,0.996101425931195,0.0007893543731170886,0.001998035630253761,0.0004976739819551405,0.0006135100834786973
19004,4,4,SVM_RBF,6.407691842261898e-05,7.323659163154711e-05,0.00104679286839002,6.834693873120021e-05,0.9987475466828247
13127,2,2,SVM_RBF,1.1620080569373513e-06,3.791064760982004e-07,0.9996466710072857,0.0003366352549677255,1.5152623213616374e-05
17156,3,3,SVM_RBF,4.702684070000997e-05,7.434463997600316e-05,4.609467882372779e-05,0.9898470746712481,0.009985459169252238
15394,1,1,SVM_RBF,0.00021030552590701153,0.8854058134693201,0.0010295039279830365,0.11286480350174508,0.0004895735750449098
15709,1,1,SVM_RBF,2.0476357525220661e-07,0.9996438129229114,0.00026019167207101034,1.7214310427637045e-06,9.406921039947005e-05
10154,0,0,SVM_RBF,0.9995241165463032,0.00018009822932455477,3.582595356446008e-05,0.00012372175726055247,0.00013623751354700908
12253,2,2,SVM_RBF,3.747397084018044e-08,1.2001812458539473e-08,0.9999285809889473,6.802574561821768e-05,3.3437896510841704e-06
16169,3,3,SVM_RBF,5.614945883267635e-05,0.00011041016826922076,0.0006367817247023492,0.9991541967100872,4.246193810851243e-05
10552,0,0,SVM_RBF,0.9966322306851233,0.0005210620499058454,0.001443440270474245,0.0007427209917286353,0.0006605460027681615
19112,4,4,SVM_RBF,9.444124254853349e-08,5.683476286344787e-08,1.5781164682961564e-07,8.941656414765337e-08,0.9999996014957836
12941,2,2,SVM_RBF,2.116869287278639e-06,7.242202950632441e-07,0.999534150445721,0.00045115356237324745,1.1854902323432759e-05
13640,2,2,SVM_RBF,0.040059162776366224,5.9527711256278654e-05,0.9582267875420392,0.0004203748146017617,0.0012341471557363423
13361,2,2,SVM_RBF,0.001863237272547351,5.162828235784475e-05,0.9973867465490999,0.0006231326571184457,7.525523887643633e-05
18776,4,4,SVM_RBF,8.633426305638565e-05,0.0006539251195620886,0.0003803578946202971,1.6818064219691055e-05,0.9988625646585416
16618,3,3,SVM_RBF,4.119635116778409e-05,0.0011131321840636313,0.0007139972318450637,0.993061728062917,0.005069946170006647
12146,2,2,SVM_RBF,1.0382113082228219e-07,3.462371451466159e-08,0.9998742788353628,0.00011606196338794663,9.520756403741548e-06
14929,1,1,SVM_RBF,8.568445847922295e-07,0.9993168171301232,0.000610601621606512,3.2884363299832105e-06,6.84359673556246e-05
18656,4,4,SVM_RBF,5.201072982354375e-05,0.0001236178880566739,0.00037068740220283665,2.5908607645947747e-06,0.999451093119152
13126,2,2,SVM_RBF,9.227812869882244e-07,3.194405512358174e-07,0.9996965410533266,0.0002972099115783457,5.006813256730118e-06
16575,3,3,SVM_RBF,0.00015738243410691122,0.0005792173031934232,0.0009742445131417519,0.9973555204178884,0.0009336353316695535
12824,2,2,SVM_RBF,0.06954977216048526,0.0002263190078915096,0.9292644929277853,0.0005418777684257939,0.0004175381354120988
15292,1,1,SVM_RBF,6.191983898197854e-07,0.9993849476301143,0.000489702205551201,1.5889257232109633e-05,0.00010884170871247888
11351,0,0,SVM_RBF,0.9758521945787985,0.00039465752650421607,0.02268651086869605,0.00043982637165942,0.0006268106543421108
12040,2,2,SVM_RBF,4.569817910326291e-07,1.5924526731874542e-07,0.9997741519487363,0.000218294783060349,6.937041145028162e-06
16849,3,3,SVM_RBF,5.212290971459147e-05,8.393716799704762e-05,0.0007768134568130656,0.9966177239355728,0.00246940252990235
14804,1,1,SVM_RBF,1.2990214117746756e-06,0.9991171753749831,0.000784634853162361,5.064831143412684e-06,9.182591929926393e-05
15126,1,1,SVM_RBF,5.844420531296919e-06,0.9958468912435924,0.001230823822460786,0.002620855595892291,0.00029558491752334717
16145,3,3,SVM_RBF,5.823579444525205e-05,0.0013760455749440295,0.0004705189171103526,0.9980394179953023,5.578171819795173e-05
12289,2,2,SVM_RBF,1.1117420092192291e-07,3.509312255337295e-08,0.9998065100918244,0.0001863410028373654,7.002638014873438e-06
18738,4,4,SVM_RBF,4.984039385626508e-07,7.770543448524019e-07,4.84435017567636e-07,1.0362312264359038e-06,0.9999972038754726
15302,1,1,SVM_RBF,5.739264470755117e-06,0.9954475435675101,0.0005260767869644489,0.003890065593531277,0.00013057478752351477
11059,0,0,SVM_RBF,0.9987139708767594,0.00015915571690390299,0.00044029816100577625,0.00033192417483966227,0.00035465107049118064
12528,2,2,SVM_RBF,9.690294912966306e-07,3.5367383270837307e-07,0.9997457814052283,0.0002501134946416105,2.782396806173326e-06
16089,3,3,SVM_RBF,3.157384061711605e-07,9.78074199807673e-07,3.3068068737321203e-07,0.9996397907086654,0.0003585847980412893
18354,4,4,SVM_RBF,0.0001089255076774467,0.00026424101691723825,0.0005643869510890773,6.100753954257509e-05,0.9990014389847738
14884,1,1,SVM_RBF,1.8590702346310206e-06,0.9989290752263759,0.0009505744790651959,6.281660435711799e-06,0.00011220956388855028
15691,1,1,SVM_RBF,1.9188897769078145e-06,0.9974637117551745,0.0005876591624072955,0.001661475961461799,0.0002852342311797475
11488,0,0,SVM_RBF,0.9987285805802673,0.00026694615087324744,0.00020703133713223553,0.0004292150332607985,0.00036822689846639404
14093,1,1,SVM_RBF,3.617022002093828e-06,0.9983351380766254,0.0015018118564868671,2.156344369117457e-05,0.00013786960119435075
18942,4,4,SVM_RBF,0.00025469240517293307,0.0003554175388756732,0.002993839828306487,6.557342538060379e-05,0.9963304768022643
16041,3,3,SVM_RBF,0.00011044147761485975,0.0001552364675358269,0.0006343594364053336,0.9990238874018745,7.607521656947624e-05
19052,4,4,SVM_RBF,0.00016816203799613298,0.000374618937593074,0.002497770241733514,7.094592340752078e-05,0.9968885028592699
14266,1,1,SVM_RBF,1.7124436721814894e-06,0.9988844272570949,0.0010001957734836432,7.687874628421066e-06,0.00010597665112080757
13310,2,2,SVM_RBF,7.69947509514075e-07,2.530320571754397e-07,0.9997216509086359,0.0002630802183624384,1.4245893434956273e-05
10779,0,0,SVM_RBF,0.9987770379661425,0.00011609268888443349,0.0006727943244967606,0.00022001822212965483,0.00021405679834662024
12438,2,2,SVM_RBF,0.0014363396745643538,4.041065162253967e-05,0.9983012591672115,0.00021229526384308265,9.69524275863428e-06
13888,2,2,SVM_RBF,1.980767732778942e-06,6.528577165314784e-07,0.9994913215912276,0.00042928582047735414,7.675896284570121e-05
14913,1,1,SVM_RBF,9.395677059796425e-07,0.9992851282407532,0.000636053359037223,4.4646434636388985e-06,7.341418904006084e-05
15151,1,1,SVM_RBF,5.0272268186196025e-06,0.9978679908553879,0.0014731145780452419,0.00032035737655293316,0.00033350996319529973
16526,3,3,SVM_RBF,2.4445489491885868e-05,0.00022415538892880805,0.00040434877238362403,0.998240650005492,0.001106400343703776
12744,2,2,SVM_RBF,8.363427559869129e-07,3.0089327489251937e-07,0.9997439598588784,0.0002508655878775867,4.037317213123419e-06
11236,0,0,SVM_RBF,0.9916298343987605,0.00020217318514648985,0.007236760307633223,0.0004434953521640604,0.0004877367562958406
17553,4,4,SVM_RBF,8.91191134583166e-05,4.472651090256531e-05,0.0012150108388024362,0.00019447857124420503,0.9984566649655924
10943,0,0,SVM_RBF,0.9972921066114984,0.0001595385054444547,0.0018629303625843784,0.0003231532794291179,0.00036227124104352845
13956,1,1,SVM_RBF,7.361078913346204e-07,0.9992631818015364,0.0006644531366047178,3.90150737319659e-06,6.772744659453381e-05
10707,0,0,SVM_RBF,0.9971893890766241,0.0003721063151229619,0.00170515011698739,0.00037782923012122307,0.00035552526114402305
17026,3,3,SVM_RBF,3.6746354341153855e-05,2.0926685907627526e-05,0.00040430244684627287,0.9983065702783005,0.0012314542346042795
17061,3,3,SVM_RBF,2.0230410880714897e-05,2.726443148734025e-05,0.00037322890945865007,0.9968504328931083,0.0027288433550652943
12964,2,2,SVM_RBF,7.527467231354324e-07,2.626096276291487e-07,0.9997148879708726,0.00027663493891321334,7.4617338634091565e-06
12106,2,2,SVM_RBF,4.452589289860801e-07,1.6033709326885766e-07,0.9998272239949804,0.00017032794762619053,1.8424613713231777e-06
11359,0,0,SVM_RBF,0.9956722750549809,0.0003713476403841001,0.0026144861665307636,0.0006880925777468335,0.000653798560357265
11952,2,2,SVM_RBF,4.6166628113649024e-08,1.5974342920152035e-08,0.9999319985015511,6.731486733284331e-05,6.244901448927527e-07
16846,3,3,SVM_RBF,5.2526890050894455e-05,0.00024482205167772623,0.001573804922560286,0.9872679339350919,0.010860912200618958
18762,4,4,SVM_RBF,4.3392883073479196e-05,3.4517478173189814e-05,0.0003647410932137723,2.2871549139457183e-06,0.9995550613906254
12714,2,2,SVM_RBF,2.0247353707841874e-07,6.893578807566111e-08,0.9998540966099023,0.00014308573219039454,2.546248582334216e-06
15522,1,1,SVM_RBF,6.365085008969997e-07,0.9989936577189894,0.00046272297893619723,0.0003671235485755236,0.0001758592449981469
15087,1,1,SVM_RBF,1.6813053253362503e-06,0.9988841213060101,0.0008468330547639803,0.0001340033782555434,0.00013336095564486116
15084,1,1,SVM_RBF,6.812648236369811e-07,0.9993820788182988,0.0005297885182284233,1.3180702876330886e-05,7.427069577259447e-05
14446,1,1,SVM_RBF,4.176205534481801e-07,0.9995139206206075,0.00043198367069985453,3.0477371308307757e-06,5.063035100841034e-05
11118,0,0,SVM_RBF,0.9977674045338149,0.0002073547614670055,0.0010060060064705765,0.0005863053163190936,0.0004329293819284829
13308,2,2,SVM_RBF,3.1000140926402454e-07,9.578956631629297e-08,0.9997830961472445,0.00020547697993635053,1.1021081843632484e-05
13564,2,2,SVM_RBF,6.612429006027029e-07,1.8878876020250598e-07,0.9997038253964015,0.0002678047660414496,2.7519805896381284e-05
10528,0,0,SVM_RBF,0.9932869483308537,0.001556257669459619,0.002502125251896301,0.00131540659825715,0.0013392621495330024
11013,0,0,SVM_RBF,0.9982380168837864,0.00010822883614096069,0.0009447735914622636,0.00041477685550228756,0.0002942038331078937
14604,1,1,SVM_RBF,5.479752548853977e-07,0.9994314344510346,0.0005049113783727957,3.304046432099e-06,5.9802148905668355e-05
18203,4,4,SVM_RBF,6.156431771485678e-05,0.0010606340480486863,0.0005028991562570315,0.0003032772080273512,0.9980716252699519
11009,0,0,SVM_RBF,0.9985781695978666,0.00011713924176248028,0.0007437117389936143,0.00025898106585685115,0.00030199835552023304
13646,2,2,SVM_RBF,1.1754635031081685e-06,3.8797204212993374e-07,0.9996367560006632,0.00033294227550881354,2.8738288282909576e-05
11721,0,0,SVM_RBF,0.9939879232971078,0.0004922515027902994,0.004227648609210034,0.0006198232699577974,0.0006723533209340637
11033,0,0,SVM_RBF,0.9987488179868975,0.00011279964758154873,0.0005837996926197637,0.00022827932444340987,0.00032630334845814614
18808,4,4,SVM_RBF,0.00028738211903909535,0.0003971086999129148,0.003584725824177608,3.264899105860629e-05,0.995698134365812
14246,1,1,SVM_RBF,2.0272708095217826e-07,0.9996593514652401,0.0003065626464207302,1.1038107266450589e-06,3.277935053143302e-05
16122,3,3,SVM_RBF,5.851454161679466e-05,0.0017488845921027382,0.00046584160261501636,0.9976893019794953,3.7457284169774406e-05
17127,3,3,SVM_RBF,0.00021086345813393215,0.00035310675009973125,0.00022557245458357676,0.9777297307986146,0.021480726538568223
11979,2,2,SVM_RBF,2.5731890169301235e-07,9.026374421477875e-08,0.9997253548678252,0.0002485140007284838,2.5783548800424193e-05
13118,2,2,SVM_RBF,1.0359007373884823e-06,3.661532561652256e-07,0.9996829405765172,0.00030725277662500713,8.404592864509043e-06
19060,4,4,SVM_RBF,0.0004154384679587552,0.0005425435885390994,0.009395022207682083,0.00041679144093681084,0.9892302042948834
12046,2,2,SVM_RBF,1.6835864708744193e-07,6.037341205982544e-08,0.9999384451790158,6.060373744683637e-05,7.223514783079355e-07
15900,1,1,SVM_RBF,9.468656024384165e-06,0.9981781689494905,0.0012358968325752054,0.0001529406203553788,0.0004235249415545859
13274,2,2,SVM_RBF,3.114088521006922e-06,1.0222215761669435e-06,0.9994162324591441,0.0005535430163448216,2.608821441408591e-05
15120,1,1,SVM_RBF,7.89012437867259e-07,0.9990898307914439,0.0005559011974532661,0.0002692822696776337,8.419672898740412e-05
15997,3,3,SVM_RBF,2.3559687442011105e-05,0.0020706888091160357,0.0003617555822582948,0.9974931764673839,5.081945379979171e-05
13709,2,2,SVM_RBF,1.2271576979105702e-06,4.7468668260007367e-07,0.9995809745330235,0.00035226058338606766,6.506303920985696e-05
13978,1,1,SVM_RBF,7.195294490273219e-07,0.9993126185644875,0.0006130447100963101,4.1729278614931736e-06,6.94442681058166e-05
16577,3,3,SVM_RBF,1.4397858478330673e-06,4.560319731837587e-06,1.581761321998105e-06,0.9989854127113906,0.0010070054217075446
11483,0,0,SVM_RBF,0.9980867240095175,0.0003251854611642748,0.0006200448466507312,0.0004958773457803808,0.0004721683368872974
16316,3,3,SVM_RBF,1.2264205464536465e-07,3.907690458892064e-07,1.3323036238693436e-07,0.9998845256857961,0.00011482767274104781
11795,0,0,SVM_RBF,0.9954774601191742,0.0003661108457359528,0.0032963236210045693,0.0004459784056551848,0.00041412700842996
17865,4,4,SVM_RBF,0.0002902628759065221,2.1961929148997354e-05,0.0015919904626253642,0.00010251742684918032,0.9979932673054701
14387,1,1,SVM_RBF,1.0668385159794608e-06,0.9991515080323183,0.0007565301980057092,5.029526363853529e-06,8.586540479623784e-05
