id,true_label,predicted_label,correct,prob_Trend,prob_Volatility,prob_Stochastic,prob_Anomaly,prob_Structural Break,confidence
12500,2,2,1,0.007485292147434433,7.91148243603974e-05,0.9301144363174277,0.00044319569498451526,0.06187796101579275,0.9301144363174277
17434,3,3,1,6.909629146030326e-05,0.0008052668673858782,0.0014626765306118106,0.8544869562210692,0.14317600408947273,0.8544869562210692
13539,2,2,1,0.00018174287920898752,0.0002660659141430996,0.9006817745165373,0.0010258593622653157,0.09784455732784528,0.9006817745165373
11264,0,0,1,0.9508764417870067,0.0002882626563259863,0.03017406084662159,0.0009274552183305724,0.01773377949171517,0.9508764417870067
14864,1,1,1,6.89147984721808e-07,0.9993026320835011,0.0004620591813700948,3.4059541917138924e-05,0.00020056004522684467,0.9993026320835011
17284,3,3,1,8.663393618689197e-05,0.0001374677961185344,0.001564900003660946,0.9612467745886609,0.03696422367537242,0.9612467745886609
13724,2,2,1,0.001898857111358089,0.00016397412722916815,0.909399836818125,0.0005086231191082799,0.08802870882417939,0.909399836818125
14858,1,1,1,1.6441323957652614e-06,0.9978628113813819,0.0005184673999237454,0.0015196070353490406,9.74700509494368e-05,0.9978628113813819
17496,3,3,1,0.00010410705371217505,0.00147473091445419,0.001163901512386107,0.8370655456641352,0.16019171485531225,0.8370655456641352
19029,4,4,1,0.0008742101708814386,0.001532810049990363,0.0028835766272294694,0.0011490672342309091,0.9935603359176678,0.9935603359176678
13657,2,4,0,0.00013772895169083908,0.0004132488928469093,0.11331509260118044,0.00032721553685697094,0.8858067140174246,0.8858067140174246
11009,0,0,1,0.9970894226826934,0.00010813335219268425,0.0017554377170825952,0.0004371746202721682,0.0006098316277591467,0.9970894226826934
17729,3,3,1,0.0001229087777237482,0.00023929348946571507,0.0015837951062853013,0.8994319422950258,0.09862206033149934,0.8994319422950258
12368,2,2,1,0.012451499986912822,0.0006375457370412216,0.9393920298755518,0.0012384535539528667,0.046280470846541105,0.9393920298755518
18715,4,1,0,0.0013748719463824689,0.2185244684358753,0.004437775561116439,0.25452949250851625,0.5211333915481096,0.5211333915481096
17429,3,3,1,2.75139488592766e-05,0.00010483646357659092,0.0016011113789416427,0.9589370853984512,0.03932945281017137,0.9589370853984512
11831,0,0,1,0.9818882042740372,0.00036545706248248974,0.009275494426764471,0.001058374975599159,0.0074124692611166,0.9818882042740372
17489,3,3,1,0.0002770684486134417,0.0009206523059613273,0.0034412589722478387,0.6621761109227207,0.3331849093504566,0.6621761109227207
11689,0,0,1,0.9948330799747764,0.00022043797867548901,0.0014630744844506725,0.0009677148991109062,0.0025156926629864786,0.9948330799747764
18527,4,3,0,0.000312720090605616,0.0008844739596894169,0.0017749009624147124,0.8648162788094266,0.13221162617786353,0.8648162788094266
17241,3,3,1,0.00013244689136618625,0.05195694812734713,0.000701626645625051,0.936706910820707,0.010502067514954624,0.936706910820707
18022,4,4,1,0.0007813371575202461,0.0014679413063482109,0.006196180967731787,0.041832271649888314,0.9497222689185113,0.9497222689185113
19349,4,2,0,0.000502593442977955,0.00013217093615449938,0.499080711801077,0.0004706775324400564,0.4998138462873504,0.4998138462873504
17995,4,3,0,0.00018414472269909308,0.0005503462086260721,0.004773495041866115,0.381206044030523,0.613285969996286,0.613285969996286
10284,0,0,1,0.9914419863992331,0.0001934841992273105,0.00628343592274436,7.947919921512453e-05,0.002001614279580017,0.9914419863992331
15419,1,1,1,8.548546145932143e-07,0.9991193302035815,0.000505849191044401,0.00031403105665310055,5.9934694106703354e-05,0.9991193302035815
17855,3,3,1,0.00024236779492131,0.0006340626583907126,0.0025552207694214493,0.8911163753687801,0.10545197340848649,0.8911163753687801
13514,2,2,1,0.0001932840784401507,9.199730650841192e-05,0.9156743644261273,0.00040454164654728914,0.08363581254237709,0.9156743644261273
15126,1,1,1,3.3035940546993437e-06,0.9963007362083134,0.0004881343525184094,0.0025902441234137707,0.0006175817216998368,0.9963007362083134
11585,0,0,1,0.9187393780934947,0.00043710815201839073,0.03584696320542476,0.0030871350688604225,0.041889415480201725,0.9187393780934947
11398,0,0,1,0.9978469080353154,0.0001995084302711649,0.0005546046848061955,0.0005315375396482177,0.0008674413099590991,0.9978469080353154
19869,4,2,0,0.0013741695920633957,0.00010317040902970518,0.8957926610079827,0.00047201225952654734,0.10225798673139747,0.8957926610079827
16795,3,3,1,0.0004369906159020507,0.017190014887909343,0.0011979475992053576,0.8355806556373941,0.14559439125958903,0.8355806556373941
10718,0,0,1,0.9853375561180563,0.0007562240402863784,0.004866179674831887,0.0008422462147907231,0.008197793952035069,0.9853375561180563
13054,2,2,1,0.00012685937754484204,2.3872584394701418e-05,0.9425567968756999,0.00044887368333514793,0.05684359747902556,0.9425567968756999
10461,0,0,1,0.9985169772016858,8.974527025940258e-06,0.0008133711617742594,8.243442449503949e-05,0.0005782426850190913,0.9985169772016858
16652,3,3,1,0.0015647833435079158,0.10059807514490386,0.00270080301781019,0.83155688656467,0.0635794519291077,0.83155688656467
12401,2,2,1,0.0034725415588451798,9.075149383485761e-05,0.918005762756051,0.0004165697987282441,0.0780143743925406,0.918005762756051
12053,2,2,1,2.470832893269211e-05,3.660682205329392e-06,0.9571740582927102,0.0014009018382697888,0.041396670857881936,0.9571740582927102
18470,4,4,1,0.004976146664441298,1.142662906702183e-05,0.007407725704178062,0.00021414860200081158,0.9873905524003125,0.9873905524003125
16596,3,3,1,0.0007586447591251289,0.029110783325485206,0.001505954641982084,0.9329311295109642,0.03569348776244323,0.9329311295109642
11518,0,0,1,0.9855529883525769,0.00030397259607470507,0.007085087328411906,0.0006259896506458296,0.006431962072290727,0.9855529883525769
18749,4,4,1,0.002717618334115435,0.00034190513082132284,0.004142104711126669,0.0005460993802336162,0.9922522724437028,0.9922522724437028
11377,0,0,1,0.9958976712315021,0.00026332620205539155,0.0013095868566859194,0.0006895012209393292,0.001839914488817012,0.9958976712315021
17428,3,3,1,3.633249906850677e-05,0.0020371065627685547,0.0006881612406007691,0.980195962506626,0.017042437190936035,0.980195962506626
11386,0,0,1,0.9962185614254352,0.0004133468024390765,0.0006696617913084944,0.0008783368206793203,0.001820093160138107,0.9962185614254352
17559,3,3,1,7.29132512291374e-05,0.0004789599049492122,0.001359147636926801,0.9627198903652169,0.03536908884167793,0.9627198903652169
12567,2,2,1,0.014070044113211179,0.0008127713969933228,0.9279609676739318,0.001679992341906638,0.05547622447395707,0.9279609676739318
13887,2,2,1,8.087608064197563e-05,8.631647499059408e-05,0.9109982869872243,0.00041832485460707947,0.08841619560253625,0.9109982869872243
16751,3,3,1,9.45399239312014e-05,0.00903869898132273,0.0005629290568018742,0.9772876057733654,0.013016226264578861,0.9772876057733654
11703,0,0,1,0.9754836204719074,0.000359131397856687,0.013176003677667612,0.0010081903829242144,0.009973054069643715,0.9754836204719074
15464,1,1,1,2.121905346715232e-06,0.9980813866198665,0.00039500612876466537,0.00011118016228207842,0.001410305183740301,0.9980813866198665
16655,3,3,1,7.170964906578273e-05,0.005138117653470975,0.0007821559245137311,0.9847973340224409,0.009210682750508454,0.9847973340224409
12973,2,2,1,0.0005476331962651265,3.397294193539576e-05,0.8971708236590937,0.002028112623589953,0.10021945757911578,0.8971708236590937
9990,0,4,0,0.17688262804805607,4.2641832330312685e-05,0.0043106448099250435,0.00011019523510999028,0.8186538900745782,0.8186538900745782
19119,4,4,1,0.002865680663230875,0.0004594408636628829,0.004779475207142985,0.0004832401774049224,0.9914121630885585,0.9914121630885585
14604,1,1,1,1.3572950090053968e-06,0.997937239298278,0.0003805834586166678,0.0016157610831103728,6.505886498592852e-05,0.997937239298278
10230,0,0,1,0.970800929141407,0.00034146273090764724,0.023000305714371803,0.00011031708415480957,0.00574698532915898,0.970800929141407
10849,0,0,1,0.9991361032883835,6.658146825914334e-05,0.00045800388356634814,0.00015834557492292727,0.0001809657848679582,0.9991361032883835
19417,4,2,0,0.0005136825191223439,0.0002402576102913249,0.8674490263199925,0.0005404692325320626,0.1312565643180617,0.8674490263199925
18179,4,3,0,4.140492543917873e-05,0.0012239871669758216,0.0008815253369070551,0.9790676125852202,0.018785469985457912,0.9790676125852202
19392,4,2,0,0.005452758880481386,0.00030927827245564844,0.7235772730208535,0.0008073432484427015,0.2698533465777668,0.7235772730208535
16979,3,3,1,0.00016568413343244704,0.009694808980631115,0.0006416015873494182,0.9738453210075326,0.015652584291054476,0.9738453210075326
19515,4,2,0,0.00012392864292513325,9.872673507632358e-05,0.5716347787149714,0.000329593547204792,0.4278129723598225,0.5716347787149714
10499,0,0,1,0.997070444891285,2.9775208110700428e-05,0.0015132812665976947,0.0002243957699195447,0.0011621028640868187,0.997070444891285
16769,3,3,1,0.000272827779891762,0.002104592926390571,0.001533925077281443,0.9176574449502171,0.07843120926621913,0.9176574449502171
15618,1,1,1,0.005745562624483888,0.9673577519157124,0.0028805738123231037,0.002328490283117277,0.021687621364363193,0.9673577519157124
14469,1,1,1,6.68068234873079e-07,0.9988525290989385,0.0004122222080662606,0.0005471087651827501,0.00018747185957754899,0.9988525290989385
15786,1,1,1,1.2977615920224829e-05,0.9933707577375498,0.0005599529402264886,5.255946692942327e-05,0.006003752239374263,0.9933707577375498
13446,2,2,1,0.012329999283738737,9.919028868705778e-05,0.9056525813427645,0.0014057644396703469,0.08051246464513938,0.9056525813427645
11724,0,0,1,0.9946862665293896,0.00023205492275896083,0.0013442363701060413,0.0011763452548563557,0.002561096922888748,0.9946862665293896
18981,4,4,1,0.0002270661202642858,0.005375344077286322,0.005198125614843316,0.001150074237212676,0.9880493899503939,0.9880493899503939
15624,1,1,1,0.0034943522033120205,0.977257067755528,0.0021983712861750747,0.0015480120101887076,0.015502196744796509,0.977257067755528
13332,2,2,1,0.000573466838775145,0.00030179997912960834,0.8431099712102106,0.0003527035941502958,0.1556620583777344,0.8431099712102106
15919,1,1,1,0.0015298705279775744,0.9781516399063906,0.0014715902883233902,0.0006660631353467712,0.018180836141961778,0.9781516399063906
10758,0,0,1,0.9566342860167206,0.00383898761276132,0.010336042777541214,0.0032461678648922888,0.025944515728084226,0.9566342860167206
13554,2,2,1,0.013461471090351729,0.0003081983973505106,0.9237683690006062,0.0010011158342102236,0.06146084567748158,0.9237683690006062
12441,2,2,1,0.014933812934724023,0.0005090444997622028,0.9216583561024777,0.001136466842939323,0.061762319620096484,0.9216583561024777
19178,4,4,1,0.00024397325941819458,0.0018865256111184037,0.004913458601813752,0.002313503350736493,0.990642539176913,0.990642539176913
18644,4,4,1,0.00044187767886454945,0.00024927288689988766,0.03614302961882091,0.014237425608655775,0.9489283942067588,0.9489283942067588
15854,1,1,1,2.2041881336606743e-06,0.9972052145025596,0.0005155839676177286,0.0020007644601183635,0.00027623288157060954,0.9972052145025596
14895,1,1,1,7.449489922616057e-06,0.9964365887208364,0.001264058081600381,0.0008220112146832264,0.001469892492957246,0.9964365887208364
16821,3,3,1,6.29790440416387e-05,0.0015523453210683344,0.0006611870370246408,0.9876829710234614,0.0100405175744043,0.9876829710234614
18637,4,4,1,0.0016690971212816959,0.00023413132650707984,0.005383009734418085,0.0005413225711959605,0.9921724392465974,0.9921724392465974
11573,0,0,1,0.9818789111909854,0.00028268362975437375,0.010448258866375364,0.0007972512542956344,0.006592895058589385,0.9818789111909854
19913,4,4,1,0.00021605766827147298,0.0007953876419811033,0.019543934350417347,0.0004971617733269425,0.9789474585660033,0.9789474585660033
14402,1,1,1,1.39411629773599e-06,0.9992775032310598,0.0006769089885589393,4.663238812394374e-06,3.9530425271112694e-05,0.9992775032310598
17812,3,3,1,0.0002818108569209187,0.0009650450003229748,0.0023503221315634014,0.8805465040582676,0.1158563179529251,0.8805465040582676
13010,2,2,1,0.00038281676533167587,4.14527053873992e-05,0.9112079306669385,0.0005243990523300871,0.08784340081001232,0.9112079306669385
17260,3,1,0,0.00012777280063075818,0.6375462835833806,0.0005905533537665648,0.35516839527880095,0.006566994983421375,0.6375462835833806
18204,4,4,1,0.000513695096378538,0.0005593193816198119,0.009407225429569883,0.12285756422924163,0.8666621958631903,0.8666621958631903
14668,1,1,1,6.002395484855357e-07,0.9994976296450062,0.00044095403341781644,7.974175348355424e-06,5.284190667926609e-05,0.9994976296450062
17088,3,3,1,6.525548310179334e-05,0.009197179958193528,0.0007648621644708805,0.98286225638316,0.007110446011073665,0.98286225638316
15139,1,1,1,5.636633846531592e-05,0.9859110042721749,0.0006034099739264927,0.013091427439989662,0.00033779197544352326,0.9859110042721749
18369,4,4,1,0.0005084807294738782,7.199489724229449e-05,0.008104309054705442,0.00115850497342685,0.9901567103451514,0.9901567103451514
18430,4,4,1,0.04734040595648374,9.289958432394095e-05,0.010779940964437868,0.00036410265316665454,0.9414226508415877,0.9414226508415877
10444,0,0,1,0.9921343161349497,0.0001010993944512303,0.0031251240438895708,0.0004776657262122999,0.004161794700497083,0.9921343161349497
11762,0,0,1,0.9796087584639989,0.000602155763423189,0.008900039685511469,0.0008503064472166743,0.010038739639850287,0.9796087584639989
13895,2,2,1,0.00027216536143995776,2.06900110568502e-05,0.9222690355993961,0.0003289261280856471,0.07710918290002146,0.9222690355993961
13171,2,2,1,0.0004657973504938381,0.00030578683824936754,0.8451299404752355,0.0008631205035548955,0.15323535483246659,0.8451299404752355
17620,3,3,1,0.0004435910894241553,0.0017249356297346539,0.004118348581545579,0.8994219439929367,0.09429118070635882,0.8994219439929367
16907,3,3,1,4.7323477910371434e-05,0.0017273477600323937,0.0008007977229329455,0.9892141114322973,0.008210419606827031,0.9892141114322973
11574,0,0,1,0.9701509245402107,0.0004827088631915568,0.01616681636051506,0.0011231296616082348,0.012076420574474419,0.9701509245402107
12077,2,2,1,5.669784737311517e-05,4.2189336258782014e-05,0.9262983849149394,0.0011292928968048839,0.07247343500462385,0.9262983849149394
12085,2,2,1,0.00020137594740024165,1.54374950237557e-05,0.9441932101978537,0.00042731925858188345,0.05516265710114049,0.9441932101978537
11256,0,0,1,0.9779673405020339,0.0004167167304918236,0.005465287845238936,0.0013357559691715647,0.014814898953063916,0.9779673405020339
13065,2,2,1,0.013579249334959805,0.00031425822230668455,0.9595851288546794,0.0007710046251845051,0.025750358962869476,0.9595851288546794
13578,2,4,0,0.016233553203360496,5.035058900940973e-05,0.031252916469951715,0.000364316004362263,0.9520988637333162,0.9520988637333162
18707,4,4,1,0.0010427131164240087,0.0351196196884502,0.002927222842530303,7.883493573214018e-05,0.9608316094168634,0.9608316094168634
13783,2,2,1,0.0005569723214187498,0.0003123743024431166,0.890263356010869,0.0009998325364026972,0.1078674648288663,0.890263356010869
15440,1,1,1,0.000171798163234902,0.886170562292898,0.0007379318417507477,0.11171309966295671,0.00120660803915987,0.886170562292898
15421,1,1,1,0.00018368068882300794,0.9764060890332179,0.0005941027971685796,0.003667668579651725,0.01914845890113876,0.9764060890332179
15825,1,1,1,2.5881508092208374e-05,0.990590414081401,0.000642681941981138,5.950308912733068e-05,0.008681519379398343,0.990590414081401
18413,4,4,1,0.00016609128293248483,9.86632963290549e-05,0.002382290746932398,0.09073926464585942,0.9066136900279467,0.9066136900279467
13805,2,2,1,0.0023847980116395977,5.335150905016144e-06,0.9511544075849481,0.0008751338986367079,0.04558032535387072,0.9511544075849481
15183,1,1,1,0.00013666239712882485,0.9201233450843177,0.0005950123757280081,0.07747784492003773,0.0016671352227876036,0.9201233450843177
10003,0,0,1,0.997554642858075,0.00016659887529597416,0.0008928777079638853,0.00016949788204469657,0.001216382676620538,0.997554642858075
11788,0,0,1,0.9807699321388037,0.0002842854273771175,0.01116656724751985,0.0007256463699056196,0.007053568816393809,0.9807699321388037
18131,4,3,0,0.00017572201445646357,0.002986705487690753,0.0022532416811542246,0.7990625909363779,0.1955217398803208,0.7990625909363779
14587,1,1,1,1.1214703220884958e-06,0.9992354548636543,0.0005986068849294907,8.20420492728717e-05,8.277473182153476e-05,0.9992354548636543
13376,2,2,1,0.00015964120219026838,3.167861415573117e-05,0.9344591687917437,0.0003085343509100681,0.0650409770410003,0.9344591687917437
11399,0,0,1,0.9968345484066515,0.00030744825875010277,0.0006039295387540092,0.0007841434582083923,0.0014699303376360308,0.9968345484066515
11071,0,0,1,0.9982297975369269,0.00014028327038328585,0.0010289726859526627,0.00013075346310366357,0.00047019304363372016,0.9982297975369269
15556,1,1,1,0.007880199209741822,0.8515399669761609,0.004312388258665524,0.0022743674870151368,0.1339930780684165,0.8515399669761609
17328,3,3,1,0.0003885914292362841,0.005264919159035362,0.0021699455483943923,0.8212636230079821,0.170912920855352,0.8212636230079821
12351,2,2,1,0.003618164152909129,0.0005594640476782685,0.9630290515361686,0.00164186256725614,0.03115145769598773,0.9630290515361686
10738,0,0,1,0.9709198763424404,0.0018515321776766053,0.008159122225693996,0.002108967321083642,0.01696050193310536,0.9709198763424404
13943,2,2,1,0.00014065827306594325,0.00010012323479502083,0.9249391847461255,0.0011049041682011785,0.07371512957781258,0.9249391847461255
17915,3,3,1,5.339720605375656e-05,0.00022349165529667324,0.0020336361453331077,0.8774619580936749,0.12022751689964184,0.8774619580936749
11204,0,0,1,0.9734633928911556,0.00029324178664116954,0.008885002295880733,0.0011178053046773243,0.01624055772164543,0.9734633928911556
12355,2,2,1,0.047330511362800885,0.00097149237008635,0.8919850727194947,0.0017269109950513908,0.0579860125525667,0.8919850727194947
14765,1,1,1,6.194300336971755e-07,0.9994942647711254,0.00045138497856555773,4.784516769692359e-06,4.8946303505549735e-05,0.9994942647711254
14413,1,1,1,1.0116579854219483e-06,0.9993593689694127,0.00057015716837684,4.394473473980435e-06,6.506773075102448e-05,0.9993593689694127
11828,0,0,1,0.9692916835669194,0.0004960371073662454,0.02092584065087412,0.0012535293030172515,0.008032909371823025,0.9692916835669194
10087,0,0,1,0.3737580953128752,0.0002969498197005105,0.5851895552617388,0.0005568767798613458,0.04019852282582405,0.5851895552617388
16727,3,3,1,0.002593373498200964,0.007021656264551055,0.0032717126725346967,0.9384423163572135,0.048670941207500026,0.9384423163572135
13917,2,2,1,0.009872494747121745,0.00036960811501229055,0.9451023824476562,0.0008974575612960338,0.04375805712891385,0.9451023824476562
11255,0,0,1,0.9844091874606249,0.00017601399821463477,0.008954727722970972,0.0007421790946782085,0.005717891723510977,0.9844091874606249
17538,3,3,1,8.48125090361464e-05,0.00038520691760587163,0.0014984377790984915,0.9353776274395494,0.06265391535470989,0.9353776274395494
19694,4,2,0,0.002490053045835094,6.745705131587576e-05,0.9282758435350286,0.0003611870705264926,0.068805459297294,0.9282758435350286
13715,2,2,1,0.00011436412515741472,6.316621774458787e-05,0.9489048606719883,0.0005526119538962199,0.050364997031213325,0.9489048606719883
16057,3,3,1,8.836224696958566e-05,0.0011991583784381097,0.0008174535032106131,0.9858234873773662,0.012071538494015311,0.9858234873773662
15833,1,1,1,7.441695842910286e-05,0.9737298490698174,0.0004734805160792724,0.013182370081890351,0.01253988337378382,0.9737298490698174
17649,3,3,1,0.003842206696200658,0.03274646388629061,0.005989950993549622,0.5392752200211713,0.4181461584027878,0.5392752200211713
15584,1,1,1,7.680111488090346e-07,0.9985144336644866,0.00029798344387523055,2.9207847043761754e-06,0.0011838940957851964,0.9985144336644866
18164,4,4,1,0.0002548721706261478,5.2870882389792195e-05,0.004497482993366839,0.003694733684907505,0.9915000402687097,0.9915000402687097
15243,1,1,1,1.5721806521375762e-06,0.9978288453246821,0.0005532617277924822,0.0011882533249646763,0.0004280674419087255,0.9978288453246821
13339,2,2,1,0.14418026789240337,0.0004314046223872047,0.6089815538236188,0.0012082309865255746,0.2451985426750653,0.6089815538236188
12426,2,2,1,0.011872713601272575,0.0003590614461455822,0.937570740592198,0.0010506266932864092,0.049146857667097414,0.937570740592198
15654,1,1,1,4.04726127399266e-05,0.9893298693102712,0.00029124582329910135,0.0010778407864841864,0.00926057146720604,0.9893298693102712
18925,4,2,0,0.004354287431420574,0.00323955083089423,0.4409012676194465,0.09623828651829078,0.45526660759994814,0.45526660759994814
14398,1,1,1,4.459440535130537e-07,0.9996098145026044,0.00037532243174701285,1.451059052097466e-06,1.2966062543027112e-05,0.9996098145026044
11622,0,0,1,0.9861324865482098,0.00037226315149548696,0.004133576074009438,0.0010539320842062297,0.008307742142078916,0.9861324865482098
11586,0,0,1,0.9918114137155484,0.0004124718458162376,0.0017865423781680129,0.0014809553578391606,0.0045086167026281345,0.9918114137155484
10589,0,0,1,0.9875507911556218,0.0001232630560128458,0.0033575004926618764,0.0006430299549325793,0.008325415340770668,0.9875507911556218
19220,4,4,1,0.0013783950798462246,0.00019754711085321597,0.004200401520585484,0.0001726886115795484,0.9940509676771356,0.9940509676771356
18373,4,4,1,0.00016173375233935355,6.091002003269687e-05,0.0034556015282721313,0.13590185312793,0.8604199015714266,0.8604199015714266
19003,4,4,1,0.00022902815649480495,8.942643171916249e-05,0.0024789367629733158,5.076744392403625e-05,0.9971518412048885,0.9971518412048885
14726,1,1,1,7.53687681064957e-07,0.9993628978795333,0.00048376755289423806,2.606029053644096e-05,0.00012652058935471447,0.9993628978795333
17060,3,3,1,0.00016346518069600697,0.0062138322904911475,0.0015148169136930914,0.9641956298589468,0.027912255756172923,0.9641956298589468
18280,4,4,1,0.0020527696475167146,3.3655735765763666e-05,0.005070744220787419,0.0008107303871879876,0.9920321000087422,0.9920321000087422
11448,0,0,1,0.9976873645696023,0.00023856143937560644,0.0005167050806948524,0.0006007815404063524,0.0009565873699210255,0.9976873645696023
17476,3,3,1,0.00016116914438116665,0.0008642134118280815,0.003015953975202452,0.9233701499210786,0.07258851354750974,0.9233701499210786
14533,1,1,1,1.2834660080158308e-06,0.9983096714271384,0.0005584573838356625,0.0008232177702994414,0.00030736995271845566,0.9983096714271384
11172,0,0,1,0.9705264243538433,0.00027689511632865335,0.011775710713176553,0.0010531846320638164,0.016367785184588167,0.9705264243538433
14613,1,1,1,5.56939759945053e-07,0.9995593222241852,0.0004243706327501659,2.6331955753572046e-06,1.311700772933435e-05,0.9995593222241852
14236,1,1,1,7.923929870612035e-07,0.9994721226691043,0.0005117935628820361,2.7159483039569614e-06,1.2575426722733548e-05,0.9994721226691043
18360,4,4,1,0.0016226052167990868,3.3249226148734863e-05,0.0053098669809525925,0.001327977572316129,0.9917063010037834,0.9917063010037834
17604,3,3,1,0.00010812379228290926,0.001374500761253251,0.0024048935530890433,0.8710390598301327,0.12507342206324226,0.8710390598301327
11415,0,0,1,0.9967392377576048,0.00031112421380504726,0.0006747754204793656,0.0007622248653155721,0.00151263774279532,0.9967392377576048
12818,2,2,1,9.91076148563863e-05,5.315027211369047e-06,0.9668870651257391,0.0003794870522997025,0.032629025179893384,0.9668870651257391
13700,2,2,1,0.00010276697260190369,2.8035868660242856e-05,0.9358733515788867,0.0006410632568984877,0.0633547823229525,0.9358733515788867
16403,3,3,1,0.005502723404195833,0.06690856245757894,0.008591086596528144,0.6758260444564177,0.24317158308527972,0.6758260444564177
16737,3,3,1,0.00013578657367526638,0.13083622993115676,0.0006446115287511679,0.8584568349182279,0.009926537048188518,0.8584568349182279
10477,0,0,1,0.997692477398743,2.414551199138085e-05,0.0012471593107464829,0.0001358436146464885,0.0009003741638723623,0.997692477398743
15852,1,1,1,0.03280193829821674,0.4397223462675916,0.04192174987776994,0.2742958467814454,0.2112581187749762,0.4397223462675916
18105,4,4,1,0.0003377293093699686,0.0005478162374974799,0.003988939830103054,0.048274619525481614,0.9468508950975482,0.9468508950975482
16986,3,4,0,0.006559257022443996,0.0019155928132569085,0.0068942927218649365,0.04523546450760137,0.9393953929348324,0.9393953929348324
11785,0,0,1,0.9791021765300064,0.00048244334593525997,0.010621731002973322,0.0007349365140186043,0.009058712607066198,0.9791021765300064
14835,1,1,1,1.0336449941556053e-06,0.9988604268253292,0.0005522436321466138,0.0004073409545377102,0.00017895494299272245,0.9988604268253292
15312,1,1,1,0.00027882344974268324,0.4862684101506476,0.0013268047132495796,0.4737602572073345,0.03836570447902579,0.4862684101506476
19400,4,2,0,0.00033945444473361614,7.85657167043868e-05,0.8814455269022433,0.0003894904319501,0.11774696250436857,0.8814455269022433
15325,1,3,0,0.00016098494623908896,0.19839955667118356,0.0007132939914619877,0.7767189859805333,0.024007178410581958,0.7767189859805333
13157,2,2,1,6.993283309500994e-05,0.00015315833961182588,0.884308465748342,0.0005005490650326432,0.11496789401391858,0.884308465748342
12834,2,2,1,0.0002584213990679571,1.1049890608528507e-05,0.9321505413652995,0.001245782443394449,0.06633420490162958,0.9321505413652995
13371,2,2,1,0.0003226350441662284,8.36852018631407e-05,0.9073927474437464,0.0008217394543804097,0.09137919285584373,0.9073927474437464
11877,0,0,1,0.977824459574099,0.0005288501721829099,0.011164007632498404,0.0007929062978564933,0.00968977632336344,0.977824459574099
16917,3,3,1,0.0005815884934462599,0.017768431378216668,0.0014022094536228354,0.9356396820352352,0.04460808863947925,0.9356396820352352
15652,1,1,1,8.349239202371396e-07,0.999029265779998,0.0004739756533659583,0.00015942561154706766,0.00033649803116875634,0.999029265779998
12938,2,2,1,0.01388054488918201,0.0002426581266758836,0.9271747883264831,0.0007018620416206394,0.05800014661603817,0.9271747883264831
19047,4,1,0,0.007190802788118652,0.05378993158280186,0.012704271867584844,0.12918690245467404,0.7971280913068209,0.7971280913068209
10376,0,0,1,0.9987756362151908,0.0001385984870033345,0.0006766895736466564,5.205390214277232e-05,0.0003570218220164987,0.9987756362151908
15271,1,1,1,5.139139502456077e-05,0.9852021419244114,0.0007077604596079607,0.011586118972068744,0.0024525872488873053,0.9852021419244114
10820,0,0,1,0.9987933084727976,8.813744960063362e-05,0.0006313576822508454,0.00023400087985576924,0.0002531955154950446,0.9987933084727976
12161,2,2,1,9.53090151498902e-05,7.810758627192001e-05,0.9142469854164362,0.00091750802533388,0.08466208995680789,0.9142469854164362
16551,3,3,1,0.00023747231615390947,0.009087860971188732,0.0009558810213782124,0.9614666497804026,0.028252135910876684,0.9614666497804026
10140,0,0,1,0.993941989648276,0.00019933803512019917,0.003447191113662362,0.00021125695873349805,0.0022002242442077788,0.993941989648276
13011,2,2,1,0.015071729734197984,0.00011302873051726089,0.91511048960202,0.0004183746937820298,0.06928637723948299,0.91511048960202
10631,0,0,1,0.9959189130131071,6.771647943839231e-05,0.0017589334345679828,0.00021944815452565683,0.0020349889183609734,0.9959189130131071
12886,2,2,1,0.0008998954321204688,0.00016199190189622394,0.9224669669006177,0.0007532848809748714,0.07571786088439103,0.9224669669006177
11434,0,0,1,0.9966669353492722,0.00018735956308656005,0.0012801320191804261,0.0005007708862981684,0.0013648021821624937,0.9966669353492722
15056,1,1,1,3.310120739914206e-06,0.9964929688852324,0.0006461642265455564,0.0020686080877926455,0.00078894867968957,0.9964929688852324
16590,3,3,1,0.0006088804183598628,0.01957864431874209,0.001968844976578479,0.8982175460758738,0.07962608421044562,0.8982175460758738
16071,3,3,1,0.0005232152092126701,0.013597753950070507,0.0015285030503244092,0.9464465472023859,0.03790398058800695,0.9464465472023859
18123,4,4,1,0.0026901399887568982,0.00035150115390691466,0.01141257924401609,0.002589035755684727,0.9829567438576351,0.9829567438576351
12210,2,2,1,1.1781628341464217e-05,6.468850421185923e-06,0.9551033723640902,0.0015698388528960037,0.04330853830425114,0.9551033723640902
10497,0,0,1,0.9793899472595379,0.0006051718251561147,0.005535592956369971,0.0014874041578385178,0.012981883801097376,0.9793899472595379
14089,1,1,1,9.983997698339528e-07,0.9990824335017453,0.0005469033827048701,8.314745154555719e-05,0.00028651726423461907,0.9990824335017453
18594,4,4,1,0.0001772283850968917,0.002123170361907839,0.003746863588154219,0.006762094939652193,0.9871906427251886,0.9871906427251886
11627,0,0,1,0.9717855507234929,0.000409565867071162,0.015415042940552657,0.0010930092384036064,0.011296831230479783,0.9717855507234929
16855,3,3,1,0.00012592631755272348,0.0006279562132817824,0.00109601540652962,0.9964107545851579,0.0017393474774779634,0.9964107545851579
10395,0,0,1,0.9869232018086832,0.0005551793901745524,0.005083120712719501,0.0012474375420089166,0.006191060546413442,0.9869232018086832
12302,2,2,1,0.03833210619687745,0.00027583728150544463,0.8779953062640853,0.0006911230896101567,0.08270562716792167,0.8779953062640853
17607,3,3,1,0.00012234466582153778,0.00031845801110550246,0.0019051003168842518,0.9011407455118897,0.09651335149429913,0.9011407455118897
10219,0,0,1,0.9707655950053955,0.00021707868869351598,0.0005753099572373366,0.0002566605064192,0.028185355842254314,0.9707655950053955
15332,1,1,1,0.00027277965287152275,0.8450944837882565,0.0006461517079353439,0.15250106348509593,0.0014855213658407176,0.8450944837882565
13163,2,2,1,1.2323170557861934e-05,6.192391711516405e-06,0.9657301113580392,0.0007657784007411416,0.0334855946789501,0.9657301113580392
12501,2,2,1,0.00021305847391030804,6.766295216235431e-05,0.9011191010156505,0.00044683508069480454,0.09815334247758228,0.9011191010156505
15343,1,1,1,0.0001438838786312573,0.9088622337002815,0.0007628972051094876,0.08523898716619507,0.004991998049782968,0.9088622337002815
10441,0,0,1,0.9982237775456206,1.2721758830587344e-05,0.0009594185205487233,0.00010490882817479616,0.0006991733468252595,0.9982237775456206
15739,1,1,1,6.768591699611832e-07,0.999394893587497,0.0004510426190767565,4.9176291472909324e-05,0.00010421064278338902,0.999394893587497
16653,3,3,1,0.00033417994111703634,0.00018880305553977463,0.004437852842901664,0.338106021550782,0.6569331426096595,0.6569331426096595
16647,3,3,1,0.0005756397731750352,0.005353278047354983,0.003126627910883403,0.5436937903673005,0.44725066390128576,0.5436937903673005
13195,2,2,1,0.002253942043306974,0.00013866645058107664,0.9253825230965473,0.0007401418510205991,0.07148472655854377,0.9253825230965473
14108,1,1,1,3.8895065797193574e-07,0.9996385142698762,0.00035132106029515573,7.880583549099941e-07,8.987660815813592e-06,0.9996385142698762
12220,2,2,1,0.00018379722863318045,9.119911397008985e-06,0.9410914243675429,0.0013580103871683735,0.057357648105258625,0.9410914243675429
17135,3,3,1,0.00017042315679749212,0.009948716920349479,0.0007075091006166602,0.9742324363481996,0.014940914474036825,0.9742324363481996
13390,2,2,1,0.00048506059927201205,0.00013128412742604824,0.9130898344317392,0.0005202067036189384,0.0857736141379438,0.9130898344317392
14931,1,1,1,9.236866691320544e-05,0.9795964791088408,0.0009555474622402024,0.01584528216118544,0.003510322600820404,0.9795964791088408
10407,0,0,1,0.9917402416478707,0.00015908371511624665,0.0030768796611914027,0.0004919722972926287,0.004531822678529107,0.9917402416478707
14917,1,1,1,1.3407433197323797e-06,0.9988483627421797,0.0006419907947914107,0.00037223910297423104,0.00013606661673464746,0.9988483627421797
11379,0,0,1,0.996461887438711,0.00019405702822012855,0.0013212531753110741,0.000496464454730365,0.0015263379030273395,0.996461887438711
19033,4,4,1,0.0004041688399920519,0.0004706235821091939,0.005772311998684086,0.00015730460502128485,0.9931955909741934,0.9931955909741934
18989,4,4,1,0.0008003120591147001,0.0009004679591619743,0.005335261237365526,0.00019420131995315579,0.9927697574244043,0.9927697574244043
10866,0,0,1,0.9989023057601265,7.778278559416812e-05,0.0005926396855244116,0.00020971592340392973,0.00021755584535105267,0.9989023057601265
12541,2,2,1,0.01715989110162273,0.0006005236939857455,0.9283045210163997,0.0013499054198159801,0.0525851587681756,0.9283045210163997
16881,3,3,1,0.000297348596696373,0.2072491446088109,0.0008812502708025989,0.7726213055716045,0.01895095095208555,0.7726213055716045
19355,4,2,0,2.6513786736796954e-05,0.0002118123885440681,0.8130555369724115,0.0008234153647265969,0.1858827214875807,0.8130555369724115
12895,2,2,1,3.482065088002556e-05,2.987512751212819e-05,0.8324579495948583,0.000309396909748205,0.1671679577170015,0.8324579495948583
13773,2,2,1,0.00034066259340681456,0.00044529756625450324,0.63192838606807,0.0007594627789749941,0.36652619099329375,0.63192838606807
11713,0,0,1,0.9710981886889365,0.0006259236216049014,0.014049414800250298,0.0010977406918394866,0.01312873219736881,0.9710981886889365
13760,2,2,1,0.01339215540802035,0.00043409119905892007,0.9361247068185146,0.0012072213457091565,0.04884182522869713,0.9361247068185146
15506,1,1,1,9.223881600077059e-06,0.9944069158760293,0.0003802846316963193,6.239134351761148e-05,0.005141184267156866,0.9944069158760293
17868,3,3,1,4.323729600754544e-05,0.00027749660928437476,0.0016691116962812586,0.9548994524944593,0.04311070190396746,0.9548994524944593
10277,0,0,1,0.9995948397943942,0.0001526490687587132,0.00012256416750330948,5.047965777640522e-05,7.946731156710083e-05,0.9995948397943942
10010,0,0,1,0.952531983308454,0.0002135298035624749,0.040452828246228284,0.0002054942091924614,0.006596164432562772,0.952531983308454
13955,1,1,1,2.0235706738324824e-06,0.9983218430451841,0.0007540093553880723,0.0005006840560107208,0.0004214399727434409,0.9983218430451841
13280,2,2,1,0.01876767306142476,9.788446683624147e-05,0.9202744603867626,0.0006735181253723845,0.060186463959603906,0.9202744603867626
13224,2,2,1,5.128519435618344e-05,1.2643206774770916e-05,0.9464244699220427,0.0010031732714799596,0.05250842840534661,0.9464244699220427
13543,2,2,1,0.000284346634245564,4.25763565874898e-05,0.9291814622410951,0.00043231089019091153,0.07005930387788085,0.9291814622410951
12599,2,2,1,0.003690438501176201,0.00010963500449268512,0.9269899727866038,0.0005472627703358467,0.06866269093739173,0.9269899727866038
13611,2,2,1,0.01870745414200586,0.0003336521293221387,0.9388674859950772,0.001173077059891601,0.0409183306737036,0.9388674859950772
13111,2,2,1,0.000999528112615251,5.123167707560773e-05,0.8876874150681533,0.00043467475399761415,0.11082715038815809,0.8876874150681533
12222,2,2,1,0.012621604712051177,0.00010699134345325686,0.8982091713170121,0.0004071301510334593,0.08865510247644995,0.8982091713170121
10984,0,0,1,0.9991602127823659,6.849475661844848e-05,0.0004654774375625322,0.0001226138640400197,0.00018320115941313693,0.9991602127823659
12339,2,2,1,0.00023219293590451542,2.1155429076857157e-05,0.9167671741750659,0.0007302160282119097,0.08224926143174084,0.9167671741750659
12702,2,2,1,0.016670573476491337,0.0006958343551786018,0.9203014610550531,0.0013667240494964405,0.06096540706378064,0.9203014610550531
18252,4,3,0,0.00019878755894283605,0.0005840011865344005,0.003992326198712389,0.6943160907223159,0.3009087943334944,0.6943160907223159
13227,2,2,1,0.00012735129979279228,6.961677717322178e-05,0.9298738391618191,0.00025839198120375807,0.06967080078001102,0.9298738391618191
18621,4,4,1,0.001556745306983862,0.0001593633783432063,0.004683406656176089,0.00024998227689456575,0.9933505023816024,0.9933505023816024
17292,3,3,1,0.0026203733966972155,0.03169167996744164,0.005514096273368075,0.5695013177974936,0.3906725325649994,0.5695013177974936
11419,0,0,1,0.9950242301817157,0.00030566617347294614,0.0013575774256380302,0.0007288227189271895,0.0025837035002461116,0.9950242301817157
11613,0,0,1,0.9864551429520265,0.0003195838591842881,0.0051192003549763755,0.0009870053271334974,0.007119067506679348,0.9864551429520265
12425,2,2,1,0.019741084663087174,0.0004441544896594984,0.9030577519417684,0.0011803908079233978,0.07557661809756118,0.9030577519417684
11338,0,0,1,0.9820686610049806,0.0002246235702537003,0.01010261018194356,0.0008293104112038899,0.006774794831618148,0.9820686610049806
17944,4,4,1,0.0005564097404887494,0.0007838304983604927,0.005935048813599284,0.05706503228352744,0.935659678664024,0.935659678664024
15188,1,1,1,0.0002457439443937602,0.8362316117879733,0.0004695902176166018,0.1438525302246837,0.01920052382533241,0.8362316117879733
18234,4,4,1,0.00020077666651380165,5.4356792602448774e-05,0.005283639057473508,0.0034536433939317966,0.9910075840894785,0.9910075840894785
11623,0,0,1,0.9756811345318314,0.0009314494313068642,0.005694223610975456,0.0016167898270682483,0.016076402598818238,0.9756811345318314
14230,1,1,1,9.706445736004103e-07,0.9993541867564312,0.0005621316008837905,2.906008826882439e-06,7.980498928438313e-05,0.9993541867564312
17493,3,3,1,0.0001724403211001879,0.0037430423860008158,0.001290508317855585,0.8954445278505415,0.09934948112450191,0.8954445278505415
12563,2,2,1,0.00023071693842060086,5.125590051090404e-05,0.9246342595196627,0.0003118293089929057,0.07477193833241262,0.9246342595196627
15301,1,1,1,3.159923363085404e-06,0.9979456172406371,0.0005701884857137762,9.384165308053714e-05,0.0013871926972054292,0.9979456172406371
17727,3,3,1,0.0001336372416157605,0.00016757177648186024,0.0012584385869592227,0.9176154121228315,0.08082494027211176,0.9176154121228315
11006,0,0,1,0.9526261207748533,0.00010172883006507126,0.041258543416264164,0.0006189507213581262,0.005394656257459059,0.9526261207748533
16746,3,3,1,0.0009308307435020668,0.04286055202405278,0.0015723993020428434,0.9072854141346359,0.04735080379576659,0.9072854141346359
17504,3,3,1,0.000488697255010261,0.0005354692522434014,0.0058820003219864974,0.46537185736864384,0.527721975802116,0.527721975802116
13671,2,2,1,0.00012196356351703247,0.0001267536892610311,0.6677096035806135,0.00041638290778977903,0.331625296258819,0.6677096035806135
14918,1,1,1,6.466906833991061e-07,0.9994293050421487,0.00045705379548855227,1.7563102036338784e-05,9.543136964326087e-05,0.9994293050421487
17783,3,3,1,9.87711778426668e-05,7.955638631648615e-05,0.0014769213559236592,0.9935741302989857,0.004770620780931501,0.9935741302989857
11789,0,0,1,0.9796662799305843,0.0004569751732110638,0.009424733666522862,0.0010190328919190748,0.009432978337762778,0.9796662799305843
12711,2,2,1,0.002140464324132153,0.00016511494039773067,0.9012292458348377,0.0007096122821316635,0.09575556261850067,0.9012292458348377
14900,1,1,1,1.8490509583623664e-06,0.9982186927437042,0.0005180658101807381,0.00037908323093464,0.0008823091642220962,0.9982186927437042
15678,1,1,1,1.2388923762552896e-06,0.9980833604367303,0.00040997001303573824,1.1912111094933732e-05,0.001493518546762705,0.9980833604367303
11428,0,0,1,0.9406159999119709,0.0003958900392381064,0.041583910985455365,0.0008521430070969413,0.01655205605623857,0.9406159999119709
19059,4,4,1,0.00024585071967746,0.0030392762181917733,0.004095718890004532,0.0008229235013624084,0.9917962306707636,0.9917962306707636
19895,4,2,0,5.954491081210446e-05,4.1020667277186465e-05,0.9381035978760063,0.0002654320125987728,0.06153040453330553,0.9381035978760063
19032,4,4,1,0.0008137934274823111,0.0008770076769849143,0.00587321418308096,0.000134054837189962,0.992301929875262,0.992301929875262
12193,2,2,1,5.959698148193921e-05,1.8293779304758477e-05,0.961721739775698,0.0003844766666167167,0.037815892796898336,0.961721739775698
16756,3,3,1,0.00010786086599384036,0.0045041163167506195,0.0009034236826290143,0.9847651199333695,0.00971947920125707,0.9847651199333695
13255,2,2,1,0.014613715065590324,0.0007695128986972611,0.9246781466786547,0.0014436513390709848,0.05849497401798661,0.9246781466786547
15151,1,1,1,9.09509873523266e-05,0.9810073556717346,0.0008821362745635899,0.016584400810830263,0.0014351562555192621,0.9810073556717346
16639,3,3,1,0.00010532594912257146,0.008431472856249829,0.000583884073168913,0.9783495612613288,0.012529755860129905,0.9783495612613288
18736,4,4,1,0.00047010018279682107,0.0001222094515613588,0.003819624597443071,0.000321324038250285,0.9952667417299483,0.9952667417299483
13659,2,2,1,0.0017530691056967123,0.00020825492681621818,0.8019190268301344,0.0004955308049980451,0.19562411833235435,0.8019190268301344
12662,2,2,1,0.0002303857962914916,0.00010164726604450024,0.9059426387258767,0.000303346107188619,0.09342198210459866,0.9059426387258767
18919,4,4,1,0.0013183407830510223,0.00021357921728596394,0.004679291591970421,0.000509160577669236,0.9932796278300234,0.9932796278300234
11776,0,0,1,0.9814317187341217,0.00035758149669407296,0.009211495873144526,0.0007178087308778845,0.008281395165161137,0.9814317187341217
17342,3,3,1,4.082192719030112e-05,0.0004359374702148244,0.0037685670208318575,0.8632695335549904,0.13248514002677267,0.8632695335549904
14658,1,1,1,6.410118183239079e-07,0.9995168807364846,0.0004492176266318097,1.108052373117695e-05,2.218010133411667e-05,0.9995168807364846
19008,4,4,1,0.00021391888704584935,0.023368471363268285,0.0029320006920783223,0.05615004248674271,0.9173355665708646,0.9173355665708646
18835,4,4,1,0.0019488363711980341,0.0002708805231794796,0.004909579962083793,0.0005340613480191013,0.9923366417955196,0.9923366417955196
10389,0,0,1,0.998385689070476,1.1567768364258368e-05,0.0009169055654423543,8.178525240570997e-05,0.0006040523433113757,0.998385689070476
13545,2,2,1,4.62539531163992e-05,8.908225657550539e-05,0.8799114273377802,0.00028833299757937255,0.1196649034549484,0.8799114273377802
14958,1,1,1,0.0002851194129618483,0.7941734718472737,0.0013152098604787721,0.18802019380227658,0.01620600507700921,0.7941734718472737
12976,2,2,1,0.00011545668475804677,2.22759159890388e-05,0.955750239968801,0.0008938437190194823,0.043218183711432594,0.955750239968801
17828,3,3,1,0.00015017713440395447,0.0003390721387176892,0.0032880842422275815,0.7169119097520554,0.27931075673259553,0.7169119097520554
19248,4,4,1,0.0012501196328501994,0.00017710621763587482,0.004118548385105889,0.00013178784938148327,0.9943224379150264,0.9943224379150264
12688,2,2,1,0.0023547251959852443,0.00012581750190376686,0.9139888003945906,0.0005030353193186042,0.08302762158820165,0.9139888003945906
13829,2,2,1,0.00497501928707333,0.0001032092738131718,0.9200529927751181,0.0005590549409464654,0.07430972372304874,0.9200529927751181
17798,3,3,1,2.1294238945208092e-05,0.00021706997841166857,0.0019823468785838375,0.9519511379249876,0.045828150979071544,0.9519511379249876
13687,2,2,1,6.320998274478221e-05,0.00010225951203219644,0.8950403302394957,0.000502457123877065,0.10429174314185034,0.8950403302394957
14141,1,1,1,3.720483511037511e-05,0.9938621112503527,0.0006123492274844905,0.0008200804417207693,0.004668254245331779,0.9938621112503527
15844,1,1,1,2.726865513879524e-07,0.9996719283776008,0.00026709148884599754,4.774269833045737e-06,5.593317716879452e-05,0.9996719283776008
18019,4,3,0,8.137936668565047e-05,0.001049568028473113,0.0017656630589684974,0.9290816647368644,0.06802172480900859,0.9290816647368644
19543,4,2,0,0.0007796857987996497,0.00022564421016935086,0.7625972747037788,0.0004435122487276133,0.23595388303852466,0.7625972747037788
11727,0,0,1,0.9734546848997925,0.0003312498556283361,0.013564844853278578,0.0013229957005880851,0.01132622469071282,0.9734546848997925
19858,4,2,0,0.0019948710391206733,0.0001523653126753191,0.9009260104874879,0.0006019806687309302,0.09632477249198504,0.9009260104874879
11239,0,0,1,0.9852053426851993,0.00017792359132372086,0.007759926039033553,0.0007288931867308907,0.006127914497712501,0.9852053426851993
10581,0,0,1,0.9944544828861084,8.881503827029744e-05,0.002359574679606257,0.00040144663323455677,0.0026956807627804644,0.9944544828861084
15328,1,1,1,0.00038055019629686625,0.8213110127416587,0.000908686577034698,0.17294403422208898,0.004455716262920759,0.8213110127416587
16638,3,3,1,6.618336520974819e-05,2.0221153693149907e-05,0.006166828563061646,0.25400875968561143,0.7397380072324239,0.7397380072324239
13552,2,2,1,0.0007294200124877944,0.00037014186628061435,0.8384113315634087,0.0005740862740246577,0.15991502028379817,0.8384113315634087
12784,2,2,1,0.004786063645171145,0.0002906581360561008,0.8961080405032227,0.001308365166136785,0.09750687254941318,0.8961080405032227
15647,1,1,1,0.0021027797398411874,0.808645161853962,0.0032931232489218174,0.13989583118353488,0.04606310397374021,0.808645161853962
18351,4,4,1,0.02151215563415005,3.195303098209689e-05,0.0056747778788775,0.00021228971250892496,0.9725688237434814,0.9725688237434814
13653,2,2,1,0.0004199216791320393,8.780132371667942e-05,0.9282247736321925,0.0006709001894761934,0.07059660317548234,0.9282247736321925
19067,4,4,1,0.005555024567858341,0.0008571693898495708,0.006537306149831366,0.004793526596190438,0.9822569732962703,0.9822569732962703
11566,0,0,1,0.9696232228808034,0.0006312118431916833,0.015000758697769189,0.0011417123681476324,0.013603094210088304,0.9696232228808034
13819,2,2,1,0.002151151697969155,0.00019386174033254248,0.9048670656186972,0.0006949182537472143,0.0920930026892539,0.9048670656186972
11901,0,0,1,0.9545674534227644,0.00021962533394490053,0.03420816311188385,0.001259093843660295,0.009745664287746503,0.9545674534227644
12811,2,2,1,0.0005598218649139731,0.00023758267996032805,0.8863211048385709,0.0007856257883816636,0.1120958648281733,0.8863211048385709
15417,1,1,1,2.152160720771215e-06,0.9974973090491067,0.0006255286401948303,0.0013202386082358274,0.0005547715417419099,0.9974973090491067
18406,4,3,0,0.0003138244883998256,0.0005550372224285206,0.00493863684420958,0.29766662999189747,0.6965258714530645,0.6965258714530645
14028,1,1,1,6.009830119438124e-07,0.9995572632314318,0.0004348660601523817,1.538769205545183e-06,5.730956198305088e-06,0.9995572632314318
15808,1,1,1,0.00017147533577408782,0.9753308601428762,0.0007299963431885065,0.0002718353355107113,0.023495832842650347,0.9753308601428762
11669,0,0,1,0.9879341525366908,0.0003175378874317074,0.003802095765270711,0.0009396108656702487,0.007006602944936829,0.9879341525366908
14261,1,1,1,3.0718123887527066e-07,0.9996763247741388,0.0003177932442985771,5.002538857378348e-07,5.074546438041034e-06,0.9996763247741388
18355,4,4,1,0.14938410492595938,5.202197084366896e-05,0.013893212200945807,0.00016857460973166674,0.8365020862925198,0.8365020862925198
12101,2,2,1,0.0001360292493243235,2.9177958638897385e-05,0.9435848666327413,0.0005773831299122818,0.055672543029383695,0.9435848666327413
15128,1,1,1,9.978599623339785e-05,0.9300251673176564,0.0005147607545347132,0.06698386682811924,0.002376419103455756,0.9300251673176564
18620,4,4,1,0.0010222359632853092,0.15621663369942582,0.003304919449101434,0.07607363938227017,0.7633825715059172,0.7633825715059172
10636,0,0,1,0.9970058660239575,2.9192658319472124e-05,0.0014523282982179752,0.00017195583761901495,0.001340657181886087,0.9970058660239575
13373,2,2,1,3.734525067763079e-05,2.9471287590814027e-05,0.8803763427758566,0.00023535277921570642,0.11932148790665952,0.8803763427758566
18282,4,4,1,0.09779936887260199,0.00039918564680180177,0.05640470273425221,0.003239558529289685,0.8421571842170544,0.8421571842170544
14631,1,1,1,3.0699184174996256e-06,0.9968013627958384,0.0006942102106761035,0.002006544813771505,0.0004948122612966246,0.9968013627958384
19748,4,0,0,0.8895048283578401,0.0007606893122830698,0.022708171369513988,0.0017638429350817237,0.08526246802528098,0.8895048283578401
17599,3,3,1,0.000249140267093608,0.0003003312963660692,0.0020643759310862778,0.8959916188571903,0.10139453364826365,0.8959916188571903
14907,1,1,1,6.277033014295021e-07,0.9993222837079933,0.00044594678295925295,0.0001734580180393663,5.7683787706488175e-05,0.9993222837079933
10675,0,0,1,0.8869068091998866,0.017044553191337658,0.013385221739791599,0.004652729550400888,0.07801068631858292,0.8869068091998866
12820,2,2,1,0.05469684426150877,0.0033752242400832523,0.8428923990560853,0.005591387797824241,0.09344414464449843,0.8428923990560853
17490,3,3,1,0.00011141425837985283,0.0006209262792968549,0.0014021884966380072,0.9378422594055188,0.060023211560166614,0.9378422594055188
10740,0,0,1,0.9412972450914261,0.006525777540571152,0.011622993162074489,0.004136829576288433,0.03641715462963973,0.9412972450914261
12169,2,2,1,0.004443957610388313,0.0005999250492160031,0.9585392346501491,0.0013546618256453891,0.035062220864601305,0.9585392346501491
11326,0,0,1,0.9716159764650801,0.00032777966807562194,0.008875221380009554,0.0011777710585621326,0.018003251428272644,0.9716159764650801
18444,4,4,1,0.010936932155866419,4.210620318187276e-05,0.007343906626292603,0.000505440751172501,0.9811716142634865,0.9811716142634865
10392,0,0,1,0.9924871556795077,0.00033816731566793456,0.0024077630530652755,0.0003954193812184941,0.00437149457054073,0.9924871556795077
19708,4,4,1,0.0015464686655487978,0.0010380261010355107,0.02991587224631716,0.000260474807713503,0.9672391581793849,0.9672391581793849
10597,0,0,1,0.9863592625785508,0.00025865983546328694,0.004757683839179839,0.0011138297876265133,0.007510563959179715,0.9863592625785508
18584,4,3,0,0.00023413477939718757,0.0004423840153584575,0.005572271792228673,0.45006184513114506,0.5436893642818705,0.5436893642818705
19369,4,4,1,0.00021411417460339292,0.0005197381574192264,0.18566646716041194,0.00029010332698272865,0.8133095771805829,0.8133095771805829
10367,0,0,1,0.9998142547394664,7.022850646657212e-05,2.546985365157707e-05,2.337819582511668e-05,6.666870459048969e-05,0.9998142547394664
16380,3,3,1,5.574207228539731e-05,0.001097132865229017,0.0007624043699265972,0.9904203138394112,0.007664406853147898,0.9904203138394112
14977,1,1,1,1.8728364706826463e-05,0.9931305065759475,0.0006806026447422419,0.002440101984107396,0.003730060430496043,0.9931305065759475
18390,4,4,1,0.01634148738936473,2.5950367150395255e-05,0.004128085598535515,0.0001194599128600269,0.9793850167320892,0.9793850167320892
11213,0,0,1,0.9236693307385483,0.0001876062248965064,0.05893028910899675,0.0006926332789895787,0.016520140648568927,0.9236693307385483
16622,3,3,1,0.0006992602270852834,0.01189119070674209,0.0033213420470086007,0.7408008048612352,0.2432874021579284,0.7408008048612352
15016,1,1,1,0.0003615810068262902,0.9722768338615547,0.0008681779330112154,0.008835263483802806,0.017658143714805084,0.9722768338615547
19104,4,4,1,0.0009763315616371522,0.051242739227801634,0.005401184647402098,0.04154401505858029,0.9008357295045789,0.9008357295045789
14687,1,1,1,6.725229050796198e-07,0.9995144234620688,0.00046929696815204254,5.425183968160494e-06,1.0181862906076523e-05,0.9995144234620688
11467,0,0,1,0.9972962690519338,0.00023350206820494578,0.0005891532679278078,0.000608927682222211,0.0012721479297110874,0.9972962690519338
10737,0,0,1,0.9939947423371803,7.483774686046996e-05,0.0025852259594886726,0.00037868541758208883,0.002966508538888465,0.9939947423371803
15803,1,1,1,1.641140046878088e-05,0.9924631370526733,0.0005263358455625671,0.0025561093505467015,0.0044380063507484325,0.9924631370526733
13145,2,2,1,0.00015594858491938278,3.997458772869044e-05,0.9195126156353295,0.0003484231244204964,0.0799430380676019,0.9195126156353295
15634,1,1,1,6.227900444855232e-05,0.9754045386595338,0.000582781900824828,0.007561462965743277,0.01638893746944938,0.9754045386595338
11676,0,0,1,0.9801002589644344,0.00042267858291487854,0.008934652549217282,0.0009729996232104093,0.009569410280222741,0.9801002589644344
18421,4,4,1,0.00011971346019296914,3.900745502063625e-05,0.002134499408279083,0.004110581997418718,0.9935961976790885,0.9935961976790885
14029,1,1,1,9.83012482454911e-07,0.9993191714659889,0.000556041992940485,2.5585542242401918e-06,0.0001212449743637652,0.9993191714659889
10824,0,0,1,0.9983943242695457,9.509856062724575e-05,0.000853438769355388,0.00029172639179835485,0.0003654120086732679,0.9983943242695457
14316,1,1,1,9.204534093039422e-05,0.9819505012236003,0.0005957546030118408,0.016801888819532224,0.0005598100129251589,0.9819505012236003
17018,3,3,1,0.0022081205094423985,0.02705908518579074,0.0026217292522167095,0.9121642809549113,0.055946784097638945,0.9121642809549113
13481,2,2,1,7.754689327746878e-05,5.642559721518993e-06,0.9458405438755304,0.0015712959316879205,0.052504970739782456,0.9458405438755304
10374,0,0,1,0.9996704277996179,6.405545900988018e-05,3.0279323262781268e-05,2.075017709812884e-05,0.0002144872410113692,0.9996704277996179
13228,2,2,1,0.0003282871910918669,5.196736812172277e-05,0.9006294130944051,0.00029181976800155777,0.09869851257837978,0.9006294130944051
10258,0,4,0,0.0013678170808987297,1.6420702917378995e-05,0.004085369946169073,0.00026704642807595007,0.994263345841939,0.994263345841939
15487,1,1,1,6.375142267929495e-07,0.9994492112886678,0.0004440542198550279,5.049047061666663e-05,5.5606506633909714e-05,0.9994492112886678
11400,0,0,1,0.9922268016068984,0.0003253028067731462,0.0031375275345159577,0.0007776233697811073,0.003532744682031404,0.9922268016068984
14225,1,1,1,4.2051533102884355e-07,0.9995851851398905,0.00035946637612667285,2.4527139558814997e-06,5.247525469602668e-05,0.9995851851398905
19692,4,2,0,0.00040797087581570133,0.00023453111402660736,0.8589620870617651,0.000322178118786795,0.14007323282960554,0.8589620870617651
18094,4,3,0,6.731771171396624e-05,0.0011604103782846876,0.0006701755798033911,0.8760189580543519,0.12208313827584592,0.8760189580543519
17006,3,3,1,0.0003127374805719522,0.012761795828225467,0.00145765510872796,0.9170869448596319,0.06838086672284281,0.9170869448596319
13568,2,2,1,0.009211846659979987,0.00017293121388332015,0.9105391974084303,0.0006416803520251966,0.07943434436568125,0.9105391974084303
15027,1,1,1,2.1887523758809535e-06,0.9970378756354551,0.00040643868156002095,0.001967316829403265,0.000586180101205867,0.9970378756354551
17045,3,3,1,0.0001020398495517355,0.0019844252822788003,0.0006477062950864941,0.9828541350150178,0.014411693558065111,0.9828541350150178
15580,1,1,1,3.0410824137023674e-06,0.9973300969839425,0.0006176059484000949,0.0005150804949529176,0.0015341754902906595,0.9973300969839425
12577,2,2,1,0.01468323008990282,0.00023709447732985197,0.9003008570862574,0.0006894197468433548,0.0840893985996664,0.9003008570862574
16642,3,3,1,0.0001565642650839593,0.005063725798715389,0.0007625683338541626,0.9703064730336012,0.023710668568745482,0.9703064730336012
15384,1,1,1,0.00034519272323329836,0.897858448090571,0.001323044829503876,0.07257653722460981,0.027896777132081944,0.897858448090571
15840,1,1,1,0.004181183084446804,0.9756241804155962,0.0025661498526821963,0.0022026283774746703,0.015425858269800299,0.9756241804155962
13788,2,2,1,0.01212110837688507,0.000758372094226441,0.9396604595552854,0.001558139340775102,0.04590192063282817,0.9396604595552854
14612,1,1,1,5.343047143922516e-07,0.9995733498574322,0.00040979548088871786,7.295751806567124e-06,9.024605157894621e-06,0.9995733498574322
19850,4,2,0,0.004372789061496242,0.0001510458521642435,0.8949989892056467,0.0004336482398169821,0.10004352764087585,0.8949989892056467
11684,0,0,1,0.973282923607164,0.00046770809463835515,0.013850581070229354,0.0010981851715026398,0.011300602056465159,0.973282923607164
12305,2,2,1,0.008834574534809132,0.00011348097593516431,0.9034625272225524,0.00037287945914739925,0.08721653780755607,0.9034625272225524
14625,1,1,1,4.872833922488267e-05,0.986061987470235,0.0006981063931070558,0.012005711852890844,0.001185465944542126,0.986061987470235
17681,3,3,1,0.00018659486248407079,0.0001945947118940053,0.0016000596845114833,0.9002833170793535,0.09773543366175669,0.9002833170793535
18128,4,4,1,0.0023548944775506407,1.6003582893302957e-05,0.004369477713652694,0.000644792047453754,0.9926148321784497,0.9926148321784497
19189,4,4,1,0.0012233958534429569,0.00015657280417091059,0.003626085792977094,0.00011774873038276512,0.9948761968190263,0.9948761968190263
10023,0,0,1,0.9979274220173099,0.0001476387648697135,0.0006041448510916185,0.00016604839892695402,0.0011547459678016311,0.9979274220173099
10616,0,0,1,0.9962498980463479,4.883674138404821e-05,0.0017234225111513984,0.00027563406207578936,0.001702208639041007,0.9962498980463479
10628,0,0,1,0.996012406008047,3.405488163712642e-05,0.0017975839868780929,0.00025177172591097095,0.0019041833975268795,0.996012406008047
13495,2,2,1,0.003870635633901821,0.00011347466627830539,0.9086290695690421,0.0004018687765482372,0.08698495135422961,0.9086290695690421
12514,2,2,1,0.033228424461321966,0.0004487035326187627,0.9110206134408,0.0010483735473762218,0.054253885017883016,0.9110206134408
17040,3,3,1,0.00023591333607267428,0.023408939923265173,0.0008039611997164764,0.9567134957187424,0.018837689822203338,0.9567134957187424
13232,2,2,1,0.0012569001877577306,0.00012479970227534273,0.9114758066163842,0.000613108141217565,0.08652938535236535,0.9114758066163842
12508,2,2,1,0.00020313354069729687,1.966358414966879e-05,0.933135085244503,0.0003069990654056621,0.06633511856524446,0.933135085244503
13395,2,2,1,0.0007847957354402443,6.570710588894973e-05,0.8955491697301566,0.0003227660078062854,0.10327756142070785,0.8955491697301566
18819,4,4,1,0.0016479856349284345,0.029791261422502702,0.005142688603846864,0.00011306965916837922,0.9633049946795536,0.9633049946795536
16713,3,3,1,3.986506065231475e-05,0.004407634596437803,0.0008884887356320722,0.972402755692587,0.022261255914690782,0.972402755692587
11864,0,0,1,0.9836235111733715,0.0004446139866217994,0.009787746891781425,0.001135896999563726,0.005008230948661586,0.9836235111733715
12196,2,2,1,0.006104832142048445,0.0007227993588466575,0.9497198219418393,0.0014662236852734654,0.04198632287199221,0.9497198219418393
18089,4,4,1,0.0002311619544422611,0.00011723689470631419,0.004928259198479613,0.009936430433052278,0.9847869115193194,0.9847869115193194
12381,2,2,1,0.0001309281454848837,8.382664345013694e-06,0.9452090986795821,0.00029159330774111534,0.05435999720284682,0.9452090986795821
12419,2,2,1,0.010622573531123683,0.00017046747787258647,0.9191877338645231,0.0007369802792909792,0.06928224484718949,0.9191877338645231
14902,1,1,1,2.174242829190674e-05,0.9919597992309582,0.0010876463346442637,0.003458569816887662,0.003472242189218161,0.9919597992309582
11650,0,0,1,0.9708870816319177,0.0004282315860784864,0.016112003800333632,0.0011311443925164015,0.011441538589154027,0.9708870816319177
13905,2,2,1,0.036862290007140516,0.0008465729286528813,0.9174099651664844,0.0018486784635490707,0.04303249343417332,0.9174099651664844
10194,0,0,1,0.9998206836428968,8.068487687584907e-05,2.4677436858680857e-05,2.329801370599254e-05,5.0656029662974656e-05,0.9998206836428968
14531,1,1,1,9.988608817718429e-05,0.622664472495454,0.0007175839645996567,0.3608826800923962,0.015635377359373225,0.622664472495454
18138,4,3,0,0.00015690970441671381,0.00014371734239258943,0.0029798106589237145,0.29775833000610297,0.698961232288164,0.698961232288164
18463,4,3,0,8.041272157322869e-05,0.0016214130915513097,0.001233750196563724,0.9325632048114485,0.06450121917886342,0.9325632048114485
15193,1,1,1,0.00012121654544148855,0.432588109678827,0.0006338500531012255,0.5596795133569863,0.006977310365643769,0.5596795133569863
18705,4,4,1,0.00014919025837486686,0.0023421474589685213,0.004518496371324623,0.0001257020110439344,0.9928644639002878,0.9928644639002878
17052,3,3,1,0.00023547537769773964,0.012611456103836167,0.0012058879958838295,0.898120306829556,0.08782687369302623,0.898120306829556
16987,3,3,1,0.00015099319430605837,0.007997478826110653,0.0012726958362036143,0.8797804199565498,0.11079841218682987,0.8797804199565498
17126,3,3,1,0.0006645224251456221,0.02057998396595411,0.002540626063179309,0.8613805250609633,0.11483434248475766,0.8613805250609633
18237,4,3,0,3.6387086453934116e-05,0.0001738376709556397,0.0009695040756831237,0.9690608210567264,0.02975945011018109,0.9690608210567264
15142,1,1,1,1.715688154659077e-05,0.9921213191082049,0.00043971484927548616,0.00701893576400863,0.00040287339696444915,0.9921213191082049
17564,3,3,1,4.910071338978202e-05,0.0004015000658850858,0.0011041133069116553,0.9465812679670628,0.051864017946750565,0.9465812679670628
15260,1,1,1,0.00011727811552503772,0.7657015741877864,0.0006409304149166401,0.23145851339725987,0.002081703884512577,0.7657015741877864
19919,4,2,0,0.0005180213061507307,0.00016064022085311217,0.8650176383272282,0.00039487776356068627,0.13390882238220742,0.8650176383272282
13993,1,1,1,0.00026247636891369927,0.8510095450491231,0.0006689578214446905,0.1441486956100004,0.003910325150518272,0.8510095450491231
18015,4,4,1,0.0010496416804850004,3.047883635426803e-05,0.004971948061679132,0.0011397452320715325,0.9928081861894101,0.9928081861894101
14009,1,1,1,7.725661763045674e-07,0.9994008153605924,0.0004977970229151374,5.403463782104168e-05,4.6580412494972375e-05,0.9994008153605924
13324,2,2,1,0.00020329788785420914,2.5396842408942034e-05,0.9476234253642453,0.00044565665254524907,0.051702223252946364,0.9476234253642453
15593,1,1,1,0.00010796227621533143,0.9799131505848507,0.0009487925251717861,0.01135167068785521,0.007678423925906869,0.9799131505848507
14573,1,1,1,9.720997420377092e-07,0.9987977925609476,0.0005240846066108981,0.0003668703669505222,0.00031028036574877184,0.9987977925609476
17759,3,3,1,0.0002855480626260868,8.0615071134108e-05,0.0024231033092734157,0.7088781748879892,0.28833255866897717,0.7088781748879892
12644,2,2,1,0.032649426164212514,0.0008600961245246037,0.9029548382396355,0.0018056374526262727,0.06173000201900116,0.9029548382396355
16684,3,1,0,0.00014783818291449994,0.5591094569071792,0.0005239246740688838,0.432636718794676,0.007582061441161364,0.5591094569071792
15270,1,1,1,1.3313231860687154e-05,0.9940929909095261,0.0007695552203669857,0.001992259992805867,0.0031318806454403584,0.9940929909095261
18011,4,4,1,0.0011559395851560301,9.791136469720334e-05,0.002296557474234802,0.0006586758343071643,0.9957909157416048,0.9957909157416048
14219,1,1,1,1.1304244979623454e-05,0.9936355306414115,0.0008417743685602142,0.003248386924944868,0.00226300382010367,0.9936355306414115
19357,4,2,0,0.0034631855341396966,0.00020831291901393068,0.8715787216398341,0.0005076196989497417,0.12424216020806232,0.8715787216398341
11951,2,2,1,7.581046750275817e-05,7.95209358008441e-06,0.8999539779676651,0.0006674135749776556,0.09929484589627392,0.8999539779676651
18450,4,4,1,0.02077870119086897,3.9867477788921e-05,0.006458006251051679,0.00031632162317948197,0.972407103457111,0.972407103457111
17315,3,3,1,0.00022539470414854082,0.00035283670553334245,0.0010841137803209039,0.753845358870949,0.244492295939048,0.753845358870949
13170,2,2,1,7.910780036710142e-05,1.882657448595316e-05,0.8356326121724565,0.0004319682941365718,0.1638374851585539,0.8356326121724565
11485,0,0,1,0.9965828733196348,0.00025785211932815785,0.0009933441957140463,0.0006980012589044002,0.0014679291064188039,0.9965828733196348
19097,4,4,1,0.00120685504230233,0.00023032842776680174,0.003964707766878415,0.00010053048828963074,0.9944975782747628,0.9944975782747628
11804,0,0,1,0.9759425272085656,0.00025600648817995916,0.015480204465504814,0.0008382801296207939,0.007482981708129053,0.9759425272085656
19911,4,2,0,5.023760773553208e-05,7.800509302769068e-05,0.8460827384915757,0.00041698789283067415,0.15337203091483048,0.8460827384915757
12259,2,2,1,0.0002883636085232655,0.00010458695606600628,0.9283201577231452,0.0006318973020056324,0.07065499441026005,0.9283201577231452
13133,2,2,1,0.012206647654250873,0.00022052182553344385,0.907082792486318,0.0007699012178959337,0.07972013681600149,0.907082792486318
14694,1,1,1,6.621709997063983e-07,0.9994843920603671,0.00046156777458964294,2.9710662113769023e-05,2.3667331929876447e-05,0.9994843920603671
15134,1,1,1,0.00011421528845836684,0.9431059100094291,0.000714310423574761,0.048920367083251926,0.007145197195286122,0.9431059100094291
19162,4,1,0,0.00034789086257658346,0.813609955549824,0.0010714736740433178,0.0067387185333412656,0.1782319613802148,0.813609955549824
10804,0,0,1,0.9781155741633137,0.00017932757441544144,0.01827137523760155,0.000493361070093715,0.0029403619545756233,0.9781155741633137
13547,2,2,1,4.279032924364794e-05,0.00014188942447589117,0.7136409804852176,0.00036609979791516595,0.2858082399631477,0.7136409804852176
10214,0,0,1,0.9970002213561212,0.0001955205033456286,0.0018967687137920054,6.998897182007898e-05,0.0008375004549209599,0.9970002213561212
16568,3,1,0,0.00031300761268855383,0.8461799741491295,0.0008578441431368487,0.15068201373890847,0.0019671603561367632,0.8461799741491295
17505,3,3,1,1.775552003313518e-05,0.0011745532287174847,0.0010975822688416921,0.9534019316796566,0.04430817730275084,0.9534019316796566
16902,3,3,1,9.279414525956954e-05,0.013283729445375583,0.0005962170522392015,0.9747422884307501,0.011284970926375796,0.9747422884307501
11740,0,0,1,0.9723108919601077,0.00038996344357035553,0.015320753697683289,0.0010460425699891063,0.010932348328649527,0.9723108919601077
15145,1,1,1,1.1997729652799808e-06,0.9982094803216062,0.0004822696293323299,0.0011448784349941494,0.00016217184110206865,0.9982094803216062
19701,4,2,0,0.00025048456187419467,7.97799543909129e-05,0.6760097603398824,0.0008162096568129911,0.32284376548703936,0.6760097603398824
14456,1,1,1,1.5142905371305142e-06,0.9991394467009248,0.0006948375142801708,0.00012529779553061178,3.8903698727400154e-05,0.9991394467009248
16056,3,3,1,7.619753942869078e-05,0.04437542950185617,0.0005874727767932442,0.9488752026387776,0.006085697543144094,0.9488752026387776
12225,2,2,1,0.00017363766201073326,1.5645820297294527e-05,0.9452619599957415,0.00023889819053176593,0.05430985833141854,0.9452619599957415
14970,1,1,1,5.751841466630338e-06,0.996278711390704,0.001181717359743284,0.002042530839295712,0.0004912885687903258,0.996278711390704
9997,0,0,1,0.9987655223522326,0.00015551336261153206,0.0003200948545916696,0.00013887628583352145,0.0006199931447305386,0.9987655223522326
13250,2,2,1,0.058824640333230004,0.0007488990316284231,0.8737168002602979,0.0014713237965948073,0.06523833657824918,0.8737168002602979
14636,1,1,1,1.0395385976920828e-06,0.999128942979139,0.000562021035824977,0.00027330895376860776,3.4687492669736735e-05,0.999128942979139
13384,2,2,1,0.0888960618749275,0.0007281874694128303,0.8625357369787671,0.0017506391080497309,0.04608937456884295,0.8625357369787671
18377,4,4,1,0.005225810848220408,0.0006859537979385735,0.25175636071284213,0.03381995919618279,0.708511915444816,0.708511915444816
15628,1,1,1,6.126090100382483e-05,0.8346978029087406,0.0007968231769323195,3.066713965657124e-06,0.16444104629935802,0.8346978029087406
18012,4,4,1,0.002176915673571605,2.8012700843787612e-05,0.005980405402737868,0.0005726771599587155,0.9912419890628883,0.9912419890628883
17179,3,3,1,0.0004325455378189127,0.028420098764647718,0.0010269619591642084,0.9474759195270533,0.02264447421131602,0.9474759195270533
10845,0,0,1,0.9987554014131437,8.056084244323423e-05,0.0006652958344480307,0.00017966155395209374,0.0003190803560127379,0.9987554014131437
13587,2,2,1,0.0035730047935340764,0.00018627102318860263,0.8932097860489944,0.0005705886651205615,0.10246034946916245,0.8932097860489944
11746,0,0,1,0.9705035612606878,0.0004343321519132845,0.016239340337380486,0.0010929733641174247,0.011729792885901117,0.9705035612606878
10946,0,0,1,0.9984523637984363,7.40129830756079e-05,0.0009732758006056945,0.0001706888931753417,0.00032965852470693955,0.9984523637984363
10765,0,0,1,0.9620294347180122,0.0033264046167226454,0.008409411623776286,0.0023731433830695443,0.023861605658419098,0.9620294347180122
17589,3,3,1,0.0002781314876907271,0.001519695943163125,0.0018410416358321943,0.7160300609229596,0.28033107001035434,0.7160300609229596
15254,1,3,0,5.7816448298311515e-05,0.10876008012717486,0.0006121700343566424,0.8783479681525532,0.01222196523761704,0.8783479681525532
18210,4,4,1,0.00017161504351792702,0.0001186187438091596,0.003341218606422601,0.015325759308141739,0.9810427882981086,0.9810427882981086
12453,2,2,1,0.002262536742607343,0.00023158104576204375,0.9021963374972719,0.0008780933534231807,0.09443145136093534,0.9021963374972719
19738,4,2,0,0.00019930287907811181,0.00013859386563663448,0.4962429562189942,0.0003791629067050133,0.5030399841295861,0.5030399841295861
11048,0,0,1,0.9988204282668164,7.008792151100079e-05,0.0007200799930760085,0.00010377822165245923,0.000285625596944081,0.9988204282668164
19405,4,2,0,6.626238974721226e-05,4.124459337983588e-05,0.9576696824486945,0.00043205867945003603,0.041790751888728564,0.9576696824486945
19385,4,2,0,0.00044800208380902837,4.51075991229738e-05,0.9087275684764209,0.00041878324495493236,0.09036053859569255,0.9087275684764209
14086,1,1,1,4.6128810379292377e-07,0.99939252795298,0.00037253633313931065,2.7247101333355963e-06,0.0002317497156435895,0.99939252795298
12997,2,2,1,0.00011721567539555594,3.035633804240155e-05,0.9282038953085571,0.0002207762357729229,0.07142775644223172,0.9282038953085571
12792,2,2,1,3.3114111733049376e-05,0.00010783992771073074,0.7880727932156049,0.000288471948320245,0.21149778079663098,0.7880727932156049
11045,0,0,1,0.998969641839792,7.224834951888315e-05,0.0006137072243781827,0.0001318658735355607,0.00021253671277525444,0.998969641839792
15084,1,1,1,6.231646362446661e-07,0.9989885437313659,0.000408670121264134,0.00048511879204578056,0.00011704419068789219,0.9989885437313659
13964,1,1,1,4.7803290105810424e-05,0.9862834278531232,0.0007367252478443239,0.011850344007431984,0.0010816996014946089,0.9862834278531232
13053,2,2,1,0.0013812168027269947,0.0003417766964033304,0.7033606931594376,0.000622954337333546,0.2942933590040981,0.7033606931594376
14185,1,1,1,1.2313049334374724e-06,0.9992489361797211,0.0006286416680938452,2.5587979722142122e-05,9.560286752956613e-05,0.9992489361797211
12310,2,2,1,0.004581899576940108,5.8769825924976265e-05,0.9439455592105842,0.00040117577612722453,0.05101259561042368,0.9439455592105842
17572,3,3,1,0.0001319221069139772,0.0004409466502925537,0.0014874480678663477,0.8121237627186355,0.18581592045629175,0.8121237627186355
15801,1,1,1,9.194952537447256e-06,0.9944751546565667,0.00036685640222997067,3.1704169474381116e-05,0.00511708981919149,0.9944751546565667
11795,0,0,1,0.9788853189162163,0.0004340502691095222,0.011457222817651037,0.0007124739039020968,0.008510934093121208,0.9788853189162163
18107,4,3,0,0.0004154030086463621,0.00071911478991701,0.0053871871620877546,0.3939937945443049,0.5994845004950435,0.5994845004950435
15026,1,3,0,0.00010368491090144995,0.26028303151224774,0.000709277240145752,0.7012898010470013,0.03761420528970362,0.7012898010470013
18685,4,4,1,0.0006918450037791417,0.03351523823460952,0.0038633507196680532,7.741180965185104e-05,0.9618521542322914,0.9618521542322914
10629,0,0,1,0.9645303682985454,0.002789847401041408,0.008834986671515445,0.0024032253396221786,0.02144157228927535,0.9645303682985454
10265,0,0,1,0.9993932046896361,5.002680019550282e-05,3.086714295302201e-05,1.3674244967480223e-05,0.0005122271222478631,0.9993932046896361
13057,2,2,1,0.006934236766105874,0.0009271102768372173,0.9441233028108751,0.0019973078287238107,0.04601804231745801,0.9441233028108751
12258,2,2,1,0.008471274753536614,0.00048398933787254265,0.9589380434612365,0.001195165305942812,0.030911527141411432,0.9589380434612365
11253,0,0,1,0.9503497871962474,0.0003898989496346855,0.024451213619143257,0.0010759422784548944,0.023733157956519927,0.9503497871962474
12991,2,2,1,0.00019276264796936772,1.3058002298342778e-05,0.951540007078477,0.0007185321929886228,0.04753564007826639,0.951540007078477
17567,3,3,1,6.127329515708684e-05,0.0005978336968382895,0.001905379031458005,0.8260312848897524,0.1714042290867938,0.8260312848897524
11402,0,0,1,0.9935632540516883,0.0003343455918018404,0.002202103218193639,0.0007293519002615073,0.0031709452380549183,0.9935632540516883
13074,2,2,1,0.0001435380346101534,1.8806338914832053e-05,0.9433757432184242,0.0004818635419412697,0.05598004886610961,0.9433757432184242
15416,1,1,1,1.0792482567532993e-06,0.9980445659789512,0.00038272137211520625,0.0011460050106624497,0.0004256283900142505,0.9980445659789512
15921,1,1,1,5.173036677682696e-06,0.9962854518417696,0.0005244163101072138,0.0003803944224691478,0.0028045643889763904,0.9962854518417696
11649,0,0,1,0.9928376440378806,0.0002982239624997145,0.002304020708944775,0.0009641175067924686,0.003595993783882421,0.9928376440378806
19092,4,4,1,0.00018893806845906336,0.00509480318839563,0.004106071005616837,0.0007616832526765924,0.9898485044848521,0.9898485044848521
12080,2,2,1,0.00016534989017606087,4.0456207634048376e-05,0.9353590887425873,0.0003648845231660514,0.06407022063643693,0.9353590887425873
12878,2,2,1,0.007888727005635891,0.00018666259483884703,0.8998964412426371,0.0008275793745910823,0.09120058978229692,0.8998964412426371
18251,4,4,1,0.02804327380158897,6.64264950034292e-05,0.01084182447213856,0.0026288493264427595,0.9584196259048262,0.9584196259048262
16068,3,3,1,0.00012778633444145645,0.015381730147219354,0.0008100349404708782,0.9614640116799799,0.02221643689788859,0.9614640116799799
17513,3,3,1,0.0002430388801298447,0.0013804595673991495,0.0040776974941670865,0.9313479417872506,0.06295086227105338,0.9313479417872506
18253,4,4,1,0.0009918027920662212,0.0013274679138512713,0.003886742641548358,0.07332841126629061,0.9204655753862437,0.9204655753862437
14911,1,1,1,6.144011195931207e-07,0.9994363699420654,0.0004415835610341626,4.446556123997057e-05,7.696653454088415e-05,0.9994363699420654
11751,0,0,1,0.9729573989488128,0.0003156188341781409,0.015212175494758702,0.0010056494651093488,0.01050915725714041,0.9729573989488128
17514,3,3,1,1.5226045656945765e-05,4.1889259460762417e-05,0.0011652939725379202,0.9742993675835487,0.02447822313879555,0.9742993675835487
19147,4,4,1,0.0003392077659437805,0.0006196366745541081,0.004197527717636333,0.0005015420763566812,0.9943420857655091,0.9943420857655091
15831,1,1,1,6.203873790997427e-07,0.9994622062550882,0.0004398679313462361,1.6636334680694814e-05,8.066909150566053e-05,0.9994622062550882
11784,0,0,1,0.9788961541341267,0.0002815712621990474,0.014220353643140499,0.0010309058511152934,0.005571015109418362,0.9788961541341267
10319,0,0,1,0.9973293548219665,0.0001590409320590431,0.0017783426771567292,6.131321491249974e-05,0.0006719483539052237,0.9973293548219665
10176,0,0,1,0.9985376364423194,9.201144935575056e-05,9.742566829611448e-05,8.109474740569207e-05,0.0011918316926233484,0.9985376364423194
18054,4,4,1,0.0017451105290304807,9.583046532878514e-05,0.0038690408387957996,0.0010109675440361128,0.9932790506228089,0.9932790506228089
12546,2,2,1,0.008907423449349167,0.000210694974014656,0.8915401407817015,0.0006816002168487464,0.09866014057808599,0.8915401407817015
13207,2,2,1,0.0004659921065541742,0.00030479036845679593,0.8421318475613389,0.000665707820842232,0.15643166214280801,0.8421318475613389
18331,4,4,1,0.0037824857334850894,6.5129612835932e-05,0.011156724241071355,0.002065767677838865,0.9829298927347689,0.9829298927347689
15904,1,1,1,0.00021216724097925557,0.867817097600898,0.0006294105300165928,0.11718072260051664,0.014160602027589604,0.867817097600898
18401,4,3,0,0.001068439460783652,0.00055589279910748,0.005202093679011924,0.3187093714999237,0.6744642025611732,0.6744642025611732
12634,2,2,1,6.449191075541026e-05,1.182078552622773e-05,0.890325798309853,0.0005282893534514472,0.10906959964041377,0.890325798309853
17032,3,3,1,0.00010989453098680536,0.00541573676775384,0.0009661252211336967,0.9693379444733207,0.02417029900680515,0.9693379444733207
12123,2,2,1,0.0043794828372655465,3.690392590978775e-05,0.9439185655532478,0.00042400832089737207,0.051241039362679285,0.9439185655532478
11371,0,0,1,0.9964035442682729,0.000327074556659728,0.000717539779513559,0.0007797948533949195,0.001772046542158812,0.9964035442682729
13153,2,0,0,0.6122976865487536,0.0005795106413693338,0.3462514212594491,0.0009304891572575298,0.039940892393170314,0.6122976865487536
14532,1,1,1,1.5753975964703057e-06,0.9988992361618527,0.0007090644636934494,0.00018511974019629076,0.00020500423666130503,0.9988992361618527
11286,0,0,1,0.9682569764595159,0.00028680116746202975,0.01238663042440667,0.0010869553405297742,0.017982636608085533,0.9682569764595159
17108,3,3,1,0.0001880293988522244,0.013173915401582683,0.0007999235493711125,0.9704476681671924,0.015390463483001226,0.9704476681671924
18630,4,3,0,0.000167084236500916,0.002382735742139624,0.0011418667072061607,0.49048580488444843,0.505822508429705,0.505822508429705
14441,1,1,1,8.771893301367147e-07,0.9994326804321041,0.000532208981093152,1.4239004031608557e-05,1.99943934409896e-05,0.9994326804321041
13500,2,2,1,0.00034251142494875277,8.900129465773561e-05,0.8983609609181461,0.00027585165759458065,0.10093167470465306,0.8983609609181461
17683,3,3,1,0.0009085026466666545,0.00023825133240969792,0.0030746607587474784,0.9085407667171145,0.08723781854506168,0.9085407667171145
12160,2,2,1,6.545881972746903e-05,2.0883932511424574e-05,0.9398685967656829,0.000321673398803258,0.059723387083275,0.9398685967656829
10843,0,0,1,0.9989087739198781,8.286274112471906e-05,0.0005761440592201496,0.0002075748377535535,0.00022464444202332682,0.9989087739198781
16887,3,3,1,2.2765452521454075e-05,0.002858934584781581,0.00035416357585774057,0.992954401061227,0.003809735325612398,0.992954401061227
17456,3,3,1,3.2844300319619616e-05,0.00011136727302981906,0.0008769632141191045,0.946420596446768,0.05255822876576359,0.946420596446768
16268,3,3,1,3.128668896775032e-05,0.0009787818640574447,0.0005291066867900958,0.9921355474530015,0.006325277307183274,0.9921355474530015
14241,1,1,1,6.421073483176103e-07,0.9995351690015291,0.0004534216445425102,1.2840358109260922e-06,9.48321076931054e-06,0.9995351690015291
18640,4,4,1,0.0037211045603586547,0.009154570048040355,0.006000510962259021,0.0007039214536508508,0.980419892975691,0.980419892975691
14049,1,1,1,4.917614829381451e-07,0.9996039760667067,0.0003895354387844458,1.1067144143013522e-06,4.890018611388747e-06,0.9996039760667067
11115,0,0,1,0.9991780539125406,8.826074124841933e-05,0.0004344220426801509,8.858138563071773e-05,0.00021068191790006856,0.9991780539125406
10621,0,0,1,0.9974006133130179,2.660716908416676e-05,0.0012452380984798283,0.00016425973107913095,0.001163281688338965,0.9974006133130179
14993,1,1,1,0.00011102274457252734,0.9782400637720949,0.001581622785117327,0.013479895767800636,0.006587394930414661,0.9782400637720949
15112,1,1,1,8.863558333856258e-07,0.9992340117977441,0.0005268427083993519,7.889929737280335e-05,0.0001593598406505238,0.9992340117977441
17952,4,3,0,0.00022689991838009373,0.006103025181296877,0.001863105629590263,0.8330972268032188,0.1587097424675139,0.8330972268032188
12102,2,2,1,0.00012284958840774594,2.4085680678537695e-05,0.932634696950392,0.00019950307539920193,0.06701886470512242,0.932634696950392
10135,0,0,1,0.9947247830063544,0.00018783776321364622,0.0031364211364251137,0.0001788162244121588,0.0017721418695949502,0.9947247830063544
16267,3,3,1,0.0001664876484614069,0.33695625078300634,0.0006903534914658972,0.6468661841527439,0.015320723924322757,0.6468661841527439
11509,0,0,1,0.9974098365431396,0.00023667845066796482,0.0004815907470930602,0.0006725309750011257,0.0011993632840979415,0.9974098365431396
16673,3,3,1,0.0005400233770734813,0.013037329346446183,0.001578306337895624,0.9297920565734191,0.05505228436516556,0.9297920565734191
13736,2,3,0,0.00019558871397125835,0.00012822199949292867,0.009660339713175621,0.45813637786884404,0.5318794717045161,0.5318794717045161
11440,0,0,1,0.9666072869124313,0.00041984579278794127,0.020990211014094765,0.0006911411604994173,0.01129151512018661,0.9666072869124313
15111,1,1,1,0.0001509860719487812,0.97569482183611,0.000646232857731662,0.02175078602408078,0.001757173210128818,0.97569482183611
11423,0,0,1,0.997428855170205,0.0002748132627061131,0.00046910198571216194,0.000669073076346489,0.0011581565050301542,0.997428855170205
16424,3,3,1,0.00015833362597725953,0.009108801484987968,0.0006942144605279167,0.9752620439109303,0.014776606517576462,0.9752620439109303
14927,1,1,1,1.4000770941726284e-06,0.9990825531475146,0.0006745283954979613,0.00016456215158570765,7.695622830780273e-05,0.9990825531475146
16921,3,3,1,0.00013086341940366246,0.01368922388928411,0.0006438998882149979,0.9763950335470013,0.009140979256096114,0.9763950335470013
18400,4,4,1,0.0036364835665790157,2.0175918798590578e-05,0.006346747669559788,0.00170957797435199,0.9882870148707109,0.9882870148707109
11310,0,0,1,0.9584014409472029,0.0003243818550456558,0.01762810835620335,0.0011416579039406328,0.02250441093760753,0.9584014409472029
19904,4,2,0,0.00031867663372671357,0.0001913824499440427,0.7989913417968085,0.00046368063192262334,0.20003491848759763,0.7989913417968085
18968,4,4,1,0.00039870692445897213,0.0001960879090884506,0.004741612106708161,0.000134345012877408,0.9945292480468673,0.9945292480468673
12137,2,2,1,0.00024476031148505455,1.2631845421075531e-05,0.9318705087779555,0.0004425734624176653,0.0674295256027205,0.9318705087779555
19697,4,4,1,9.149770868310913e-05,0.0006611830038955077,0.06980479858470356,0.0003493685534420054,0.929093152149276,0.929093152149276
18900,4,4,1,0.0009241124888399127,0.07423711815439207,0.005488595448564309,0.00018930122397358396,0.9191608726842302,0.9191608726842302
12892,2,2,1,0.0005104046983649362,0.00014821514688446655,0.8744049391830392,0.00039303139132252485,0.12454340958038888,0.8744049391830392
14563,1,1,1,9.300438756469532e-05,0.9917513630794639,0.0005898089659163084,0.002289561950517475,0.0052762616165378615,0.9917513630794639
17747,3,3,1,7.475285536531556e-05,0.0005850833274023705,0.0013782580299409122,0.9177666665001869,0.0801952392871047,0.9177666665001869
13315,2,4,0,0.060091771502690676,0.0011127456269998035,0.03856330261497127,0.0011690129116110157,0.8990631673437273,0.8990631673437273
18323,4,4,1,0.00022263977915122965,5.937881644941336e-05,0.006114552109990975,0.03685253970261077,0.9567508895917972,0.9567508895917972
15602,1,1,1,8.170025783227624e-06,0.994696836504616,0.000387737257993746,1.3672269802787768e-05,0.004893583941804253,0.994696836504616
12202,2,2,1,0.00023693042336722162,5.319863819723175e-05,0.9158922488743952,0.0002881646052586632,0.08352945745878171,0.9158922488743952
10539,0,0,1,0.9772982018679162,0.0014358466319576157,0.006885067096819015,0.0016323787215528642,0.012748505681754277,0.9772982018679162
18098,4,3,0,0.0003480519136276059,0.0006501123683321936,0.004996945585674907,0.45966437544716887,0.5343405146851965,0.5343405146851965
17690,3,3,1,2.5172219915034746e-05,0.00021594056423137215,0.0009765764553580005,0.9463306990339084,0.05245161172658733,0.9463306990339084
11559,0,0,1,0.9958571873270506,0.00023377277585432925,0.0016642674380264934,0.00079242189520317,0.001452350563865201,0.9958571873270506
17865,3,3,1,0.00016856250349940615,0.0005459933259179082,0.0035440208150936884,0.7062652457132275,0.2894761776422616,0.7062652457132275
12437,2,2,1,0.015337938435018775,0.00025779371119914014,0.9123606100999164,0.0006888054858170369,0.07135485226804882,0.9123606100999164
17824,3,3,1,0.0002428843949551155,0.00036826757777616657,0.002772357610088226,0.7451614976549971,0.2514549927621836,0.7451614976549971
13410,2,2,1,0.0006435320602955187,0.00025441951657433136,0.8588873564794707,0.0005951930898087179,0.13961949885385103,0.8588873564794707
14288,1,1,1,5.9681260702411644e-05,0.9849907952954127,0.0010906770639870769,0.013236651862384654,0.0006221945175131112,0.9849907952954127
13538,2,2,1,0.0016161787246634345,0.00015677534165032614,0.906704076761882,0.00046264753603171056,0.09106032163577281,0.906704076761882
10601,0,0,1,0.9967843344962979,4.046190595643019e-05,0.0014626766004563457,0.00016598637757125867,0.0015465406197180034,0.9967843344962979
10634,0,0,1,0.9967485900989747,3.1944598691821654e-05,0.0015104152392538062,0.0001854787683357636,0.0015235712947440179,0.9967485900989747
17520,3,3,1,0.00013668948852167936,0.00048507668280920786,0.0020051304475387694,0.46805624161454945,0.5293168617665811,0.5293168617665811
12994,2,2,1,6.724039426500041e-05,4.206677631254238e-05,0.9215886569435472,0.0003303866317449968,0.07797164925413022,0.9215886569435472
16760,3,3,1,4.888837732272392e-05,0.0010434295492582962,0.0005274623053328768,0.9913092026711073,0.007071017096978506,0.9913092026711073
15612,1,1,1,6.315320014588721e-07,0.999372391023602,0.00044004039197766945,2.5735338550149906e-05,0.00016120171386873559,0.999372391023602
18507,4,4,1,0.0007562933610011297,0.0021824731963262065,0.0036378149947330247,0.05649351757469873,0.9369299008732411,0.9369299008732411
13953,1,1,1,7.301718685103208e-07,0.9994746169444102,0.00048205180551604877,1.3200161791065062e-05,2.9400916414311823e-05,0.9994746169444102
13312,2,2,1,0.0005792520505500234,0.000180092181095585,0.891484685389696,0.00047562449883164115,0.10728034587982697,0.891484685389696
14362,1,1,1,4.335290733109543e-05,0.9862211078388236,0.0009604970662817206,0.010056460537794739,0.0027185816497688367,0.9862211078388236
12352,2,2,1,5.691976127318951e-05,4.3022541470122296e-05,0.92337850546799,0.0003019411350007941,0.07621961109426591,0.92337850546799
10178,0,0,1,0.9988447397853072,0.00013049570192864127,0.0001380910918926465,0.0001347199248740124,0.0007519534959977877,0.9988447397853072
14724,1,1,1,3.432083317201658e-05,0.9890074893779353,0.0004903991602087338,0.01020290186950503,0.0002648887591789915,0.9890074893779353
11988,2,2,1,0.011644939696757443,0.0004406910043873947,0.936984289772905,0.0011055992978910476,0.049824480228058916,0.936984289772905
18697,4,4,1,0.008672897532490847,0.01979805292000618,0.008459677505902893,0.001799455595052958,0.9612699164465472,0.9612699164465472
17384,3,3,1,2.8179690769541433e-05,0.00013026136294095738,0.0007893300371792036,0.9632368514544268,0.03581537745468383,0.9632368514544268
17606,3,3,1,9.698394920230454e-05,0.0003260074820009544,0.002057402329284337,0.8143494200415793,0.1831701861979329,0.8143494200415793
11124,0,0,1,0.9923770201829538,7.468067002121433e-05,0.002251860273810003,0.00031024297635568534,0.004986195896859281,0.9923770201829538
11516,0,0,1,0.9962935934250338,0.0002595698076791589,0.00094660016403213,0.0006491283197026871,0.0018511082835522324,0.9962935934250338
14607,1,1,1,1.9587073818100308e-05,0.9949334165991073,0.0006860951781815656,0.00010020721109175029,0.00426069393780141,0.9949334165991073
11522,0,0,1,0.9975983845685177,0.00022724182421028264,0.000465567649996391,0.0006388207085429888,0.0010699852487326444,0.9975983845685177
16095,3,3,1,0.00019191429018971243,0.007212470019620262,0.0010939926937510523,0.9243813232477411,0.06712029974869806,0.9243813232477411
10426,0,0,1,0.9829299057747712,0.0009033735756495591,0.005339626023231538,0.001024040964090538,0.009803053662257477,0.9829299057747712
13625,2,2,1,3.3349833883178595e-05,6.965024062742192e-05,0.8023073254987735,0.000234056966439811,0.19735561746027594,0.8023073254987735
18136,4,4,1,0.007153470575263241,3.445141485159161e-05,0.007410476163740882,0.0008637159561722885,0.9845378858899715,0.9845378858899715
17159,3,3,1,0.0012231438023152525,0.0118923331468481,0.0023410775814398602,0.9252309770416284,0.0593124684277684,0.9252309770416284
10272,0,0,1,0.999746184210787,5.07546060883231e-05,3.9070379318498985e-05,2.0164006661027695e-05,0.00014382679714523738,0.999746184210787
16812,3,3,1,0.00010698212871725082,0.06031301742062432,0.000699195790143602,0.9263629905303202,0.012517814130194588,0.9263629905303202
12057,2,2,1,0.01096012631229744,0.00015107716234113124,0.8879059714974133,0.00048477276971076985,0.1004980522582371,0.8879059714974133
10945,0,0,1,0.9694948524107226,0.00024039286104592062,0.003974662063886329,0.0007248355563883207,0.02556525710795712,0.9694948524107226
17106,3,1,0,0.00011950292528204666,0.7661626911099848,0.0005197728956027483,0.22976573447364568,0.0034322985954845296,0.7661626911099848
12272,2,2,1,0.0005021563776242506,0.00018081496395852567,0.9001866222956473,0.000520670694955394,0.09860973566781459,0.9001866222956473
12666,2,2,1,0.01028862459786449,0.0005853804091247481,0.9443110013524355,0.0012495085845009195,0.043565485056074486,0.9443110013524355
14324,1,1,1,1.325468580326861e-06,0.9989120953159628,0.0006197111598558495,3.182055898122631e-06,0.00046368599970279085,0.9989120953159628
13872,2,2,1,0.0008829792602694357,1.2558035626412025e-05,0.9624095530485918,0.000264419158149374,0.0364304904973632,0.9624095530485918
19101,4,1,0,0.00033367184749485756,0.7137351002408848,0.001215250585131903,0.17445932594462943,0.11025665138185901,0.7137351002408848
13644,2,2,1,0.003968407502779955,0.00022442408327548203,0.8823013811482475,0.0005101323288608868,0.11299565493683598,0.8823013811482475
14321,1,1,1,0.0002314819356359353,0.9819619161919365,0.0011545126414800524,0.0025448837377987656,0.014107205493148504,0.9819619161919365
17281,3,3,1,0.0004162182362994915,0.0007052519616681911,0.002884299562993559,0.7614912156309063,0.2345030146081325,0.7614912156309063
16078,3,3,1,0.00018747225858978288,0.00168753246491945,0.000707272003891267,0.9797246502988053,0.01769307297379424,0.9797246502988053
11397,0,0,1,0.990942335346757,0.00031482677766787,0.003424871200532059,0.0007000399919156335,0.00461792668312729,0.990942335346757
17085,3,3,1,0.00019127450456221914,0.011249864536772092,0.0007066256591988315,0.9604284243265543,0.027423810972912514,0.9604284243265543
19217,4,4,1,0.00044178723629527053,0.02304313002004186,0.004826088783317833,0.0003583558185272998,0.9713306381418176,0.9713306381418176
18747,4,4,1,0.00011425216675229955,0.00023442390743144535,0.0044644906711777165,0.0002511232101922389,0.9949357100444464,0.9949357100444464
14593,1,1,1,1.83828674295825e-06,0.9979946616753729,0.0005287349371171266,0.0006167196904456806,0.000858045410321411,0.9979946616753729
12549,2,2,1,0.011654649037088481,0.00018930563729728603,0.9054754919360416,0.0006021671863553088,0.08207838620321707,0.9054754919360416
14254,1,1,1,5.31977664977662e-07,0.9995702796601763,0.0004098862998093469,1.0831789058880735e-06,1.8218883443638903e-05,0.9995702796601763
14286,1,1,1,7.889229707775829e-07,0.9994527811815132,0.0005007305126138493,6.080557672700719e-06,3.9618825229504095e-05,0.9994527811815132
12509,2,2,1,0.0024088529889721598,6.284053229825214e-05,0.9247924214759552,0.0004808554043718958,0.07225502959840237,0.9247924214759552
18870,4,4,1,0.003438348937301919,0.0026284172577691525,0.005972237552116015,0.001049902253200209,0.9869110939996126,0.9869110939996126
12817,2,2,1,0.0003348062909806918,0.0005538846421185743,0.3257846496178215,0.0002667482450856296,0.6730599112039936,0.6730599112039936
11075,0,0,1,0.9978158742135245,8.904459681756382e-05,0.0013405006701348622,0.00030068915275026093,0.00045389136677290864,0.9978158742135245
19027,4,4,1,0.004637475478973694,0.09128125628593398,0.011710187488787346,0.13931749862228132,0.7530535821240236,0.7530535821240236
12238,2,2,1,0.0003567806599835017,0.00018152297180536628,0.8683915166961756,0.00026699759654071433,0.13080318207549488,0.8683915166961756
11637,0,0,1,0.9718738392632719,0.00035685085507256205,0.01449926923526834,0.0013094936518427188,0.011960546994544604,0.9718738392632719
16935,3,3,1,9.988764812828088e-05,0.1450680137480369,0.0009504176838090061,0.8443366694358377,0.009545011484188107,0.8443366694358377
14780,1,1,1,1.0789155791163484e-05,0.9932673568557239,0.0008367606069302553,0.004360902782470422,0.0015241905990843881,0.9932673568557239
15770,1,1,1,0.021706068358699194,0.8562719270746909,0.009710452727304947,0.015948090459720458,0.09636346137958435,0.8562719270746909
11065,0,0,1,0.9343570468996952,9.017849108909174e-05,0.05832558833411177,0.0008230747541738115,0.00640411152093012,0.9343570468996952
12270,2,2,1,0.010603590980223667,0.00022868224436496676,0.9457777667628859,0.0005653222236164488,0.0428246377889092,0.9457777667628859
16814,3,3,1,0.00039588992501900873,0.009708858467422036,0.001148398454782068,0.9573710366572389,0.031375816495537986,0.9573710366572389
12275,2,2,1,0.001046439608394173,3.195783525765563e-05,0.9407467993054078,0.0006153395511364671,0.05755946369980368,0.9407467993054078
18100,4,3,0,8.777925677080094e-05,0.00016844690646202317,0.0018528574283273437,0.948865462656993,0.0490254537514468,0.948865462656993
17226,3,3,1,0.00018043880634510592,0.005980953520532384,0.0008291606923770687,0.9741699781512653,0.01883946882947996,0.9741699781512653
12021,2,2,1,5.7805824339253935e-05,5.265027325107271e-06,0.9681442370541593,0.00030758455227238816,0.03148510754190385,0.9681442370541593
12615,2,2,1,0.0033625976470203563,8.178091378181484e-05,0.92008217750939,0.0005144335776404901,0.0759590103521673,0.92008217750939
16238,3,3,1,0.0003423637587648313,0.012957704093082117,0.0009911109479141115,0.96075101018274,0.02495781101749875,0.96075101018274
15915,1,0,0,0.19741347866497921,0.23661146076444511,0.056276123820673804,0.061726886098870094,0.4479720506510321,0.4479720506510321
18737,4,4,1,0.00043440063544721507,0.31808892198918576,0.003605835138677353,0.02484753445443883,0.653023307782251,0.653023307782251
16892,3,3,1,3.6380995205597904e-05,0.0030209753646596926,0.0005562647195802423,0.9807796965232605,0.015606682397294137,0.9807796965232605
18479,4,3,0,0.00018077786760089612,0.0005837522371418943,0.004102789502828783,0.4475017567701783,0.5476309236222502,0.5476309236222502
17996,4,4,1,0.00015082738883193898,0.0003535031445095792,0.0018555537734726137,0.000499528861607283,0.9971405868315785,0.9971405868315785
13835,2,2,1,0.001394579794170081,8.569303163165466e-05,0.9095314239423994,0.0005109475304994222,0.0884773557012995,0.9095314239423994
11474,0,0,1,0.9985517088942353,0.0001957835902355286,0.0001680941333262183,0.0005784821658429669,0.0005059312163600973,0.9985517088942353
18158,4,4,1,0.0003768779050568904,6.14079800892237e-05,0.00822769315968465,0.0018128405546129361,0.9895211804005563,0.9895211804005563
14160,1,1,1,1.1177519826255396e-06,0.9991461363678065,0.0005935318302336689,2.2296965391702903e-06,0.00025698435343837815,0.9991461363678065
11084,0,2,0,0.011929150437891386,6.077667287213088e-05,0.9191436640121207,0.00034650654944707064,0.06851990232766861,0.9191436640121207
16671,3,3,1,0.0005850164531741336,0.005026069688678766,0.001441510183717941,0.9594063178756711,0.03354108579875817,0.9594063178756711
14527,1,1,1,3.6222601693813243e-06,0.9970830810348665,0.0008696958930603975,0.0011436037586915442,0.0008999970532120479,0.9970830810348665
15592,1,1,1,9.69034154842624e-06,0.9977886775216931,0.0012178831550637402,0.00024355655223572102,0.0007401924294590723,0.9977886775216931
11833,0,0,1,0.9781846322502561,0.0003444846350013244,0.013753561107181737,0.0011330154329325522,0.006584306574628261,0.9781846322502561
14572,1,1,1,0.00015913197718350327,0.7607331714586861,0.0009668706015702499,0.23395178162011773,0.004189044342442484,0.7607331714586861
14307,1,1,1,1.7064306050809347e-06,0.9977634895355897,0.0005284039533326771,0.00159340062696258,0.00011299945350988899,0.9977634895355897
11227,0,0,1,0.9663659765239808,0.00033492738366026713,0.015005249669042127,0.0010289810136197394,0.017264865409697364,0.9663659765239808
16709,3,3,1,0.000203713428484128,0.08507398168078772,0.0012688933817312368,0.8960782410532754,0.017375170455721647,0.8960782410532754
15917,1,1,1,7.365793870656818e-06,0.9946834178740748,0.0007016545155382374,0.00039124871913422474,0.004216313097381888,0.9946834178740748
15043,1,1,1,0.00021790238899526825,0.8736155124010605,0.0006564619913738263,0.12415982392264915,0.0013502992959212219,0.8736155124010605
14854,1,1,1,1.6337813284456013e-06,0.998810520827318,0.0006893825966293519,0.00028903120779919244,0.00020943158692509478,0.998810520827318
12370,2,2,1,0.002964491719752345,0.0001050401801553613,0.9151485302601783,0.000546965234200572,0.08123497260571343,0.9151485302601783
15044,1,1,1,3.694604520206621e-05,0.9883935850427515,0.0005130973456870945,0.010609198442013804,0.0004471731243454752,0.9883935850427515
12384,2,2,1,0.009132082111948912,9.656521471126046e-05,0.9239982709992276,0.00046153316424533963,0.06631154850986683,0.9239982709992276
15608,1,1,1,7.606402935311753e-05,0.9816038227709084,0.0008854732466138461,0.012477164486095564,0.004957475467028999,0.9816038227709084
17969,4,4,1,0.01605476718996738,5.2525232247069106e-05,0.0131214289670164,0.0019474646080763216,0.9688238140026927,0.9688238140026927
16217,3,3,1,5.023623175409682e-05,0.006000142987509913,0.0005848701033965376,0.9851439323916219,0.008220818285717755,0.9851439323916219
19071,4,4,1,0.0005074171398462934,0.0015298880885735858,0.00382081160733111,0.01159462066925395,0.9825472624949946,0.9825472624949946
17333,3,3,1,0.00014495981799552408,0.0030256774247786966,0.00256212493774479,0.8417160574488709,0.15255118037061002,0.8417160574488709
16757,3,1,0,0.00024214628852236423,0.938254771255538,0.0010292524420484877,0.04274401778920021,0.017729812224691,0.938254771255538
14213,1,1,1,3.760253092665303e-07,0.9996355210997504,0.00034505909745406976,1.5379751284773767e-06,1.750580235787223e-05,0.9996355210997504
15362,1,1,1,5.767581609751709e-07,0.9988492087865867,0.00036162544533346294,0.0006434026978261697,0.00014518631209239338,0.9988492087865867
18568,4,3,0,0.0006038821334583983,0.002490857018180563,0.002847812578016575,0.520983350203797,0.4730740980665474,0.520983350203797
14829,1,1,1,1.4085764898930371e-05,0.99223723156579,0.0009638353598689534,0.005584019018603137,0.001200828290838858,0.99223723156579
15828,1,1,1,0.00010013188564366036,0.7252136830739287,0.0006344326841180944,0.26893894773509036,0.005112804621218685,0.7252136830739287
17366,3,3,1,0.00021088336937185722,0.0011136196657990072,0.0014780648002967031,0.8875458666437949,0.10965156552073763,0.8875458666437949
18606,4,4,1,0.0014740751217629914,0.00021502309100909797,0.004188860103366291,0.00032119590793690044,0.9938008457759249,0.9938008457759249
17941,4,4,1,0.0003434208134082049,0.0007995758211771496,0.003131127936717922,0.10268868308310088,0.8930371923455959,0.8930371923455959
11040,0,0,1,0.998898152756159,0.00011199209749605614,0.0004869770893079043,0.0003070192328270301,0.0001958588242100255,0.998898152756159
12353,2,2,1,0.005040506126907255,0.00032258870179881823,0.8153188255496685,0.000649052531972929,0.17866902708965252,0.8153188255496685
15391,1,1,1,2.6947973020983018e-05,0.9928490904398192,0.0006001816868219928,0.001350846505724887,0.005172933394613192,0.9928490904398192
14834,1,1,1,7.817684065003291e-07,0.9986084031686706,0.0003832777957366836,0.0009601100004942959,4.742726669176306e-05,0.9986084031686706
10731,0,0,1,0.9652266417732498,0.003019046598666676,0.009325486624313916,0.002670984560110147,0.019757840443659497,0.9652266417732498
13304,2,2,1,5.8518680262614615e-05,3.2616727850448444e-05,0.932163905087312,0.00028686475236063544,0.06745809475221427,0.932163905087312
10829,0,0,1,0.9988330296591713,0.000104251086974282,0.0005820418538964901,0.00023024101360121733,0.0002504363863566448,0.9988330296591713
14428,1,1,1,4.800985578457964e-07,0.9996148630547526,0.0003793820684028262,9.424405248268557e-07,4.332337761977199e-06,0.9996148630547526
12530,2,2,1,0.01340310574489531,0.00019826097782068764,0.917594746133394,0.0006319383323237554,0.0681719488115662,0.917594746133394
17840,3,3,1,0.00010499534732867843,0.0003215305327899598,0.0019436051132794589,0.9259252899281029,0.07170457907849881,0.9259252899281029
14248,1,1,1,2.517904833128409e-06,0.9983958641364021,0.000785431276458723,6.422956220437153e-05,0.0007519571201018119,0.9983958641364021
11173,0,0,1,0.949467002286745,0.0002351418055864445,0.033447447807908495,0.0007521213488857831,0.016098286750874435,0.949467002286745
13817,2,2,1,0.0006239014838877734,0.000220438931665917,0.8616455259859642,0.00037466827583893756,0.13713546532264326,0.8616455259859642
18049,4,3,0,0.00010353566134828552,0.002288264510923513,0.0018015091635090717,0.9052337205534025,0.09057297011081673,0.9052337205534025
19519,4,4,1,0.0017395509084908686,0.0005889386292310627,0.2697934011620571,0.00048786262767791473,0.727390246672543,0.727390246672543
14174,1,1,1,0.00024204274980250306,0.9680041744577826,0.0008303641418328514,0.027532917356927512,0.0033905012936545458,0.9680041744577826
12455,2,2,1,0.015520501552486226,0.0005025799312390635,0.9249197540804531,0.0011747137923167862,0.05788245064350459,0.9249197540804531
15729,1,1,1,0.0006131621343423141,0.994047954039588,0.0011958441319446672,0.0006371416709727393,0.0035058980231519846,0.994047954039588
15020,1,1,1,0.000466393313179255,0.44471981284200884,0.0015593218028819823,0.5004690627189753,0.05278540932295445,0.5004690627189753
13464,2,2,1,0.0049923680598671265,0.0006333631671179447,0.9546192530087879,0.001515145968221043,0.0382398697960059,0.9546192530087879
11497,0,0,1,0.9945745703691756,0.00019495668680724035,0.002530903431947009,0.0004921465092444956,0.002207423002825684,0.9945745703691756
18259,4,4,1,0.0005143561513127945,0.0007437576225040568,0.0069434542901920205,0.05362908329386044,0.9381693486421303,0.9381693486421303
12872,2,2,1,6.199127049103908e-05,4.17151658583529e-05,0.9367391222545068,0.002259054495831515,0.06089811681331218,0.9367391222545068
16705,3,3,1,8.833245070211867e-05,0.00394964982101696,0.000577970741614055,0.983468386144917,0.011915660841749814,0.983468386144917
13165,2,2,1,0.008141460199662564,0.00012493318268943796,0.9163541000118408,0.000524000202153223,0.07485550640365406,0.9163541000118408
14912,1,1,1,0.00016614539447720261,0.962116038578274,0.0009117772895919535,0.036300830078798536,0.0005052086588581206,0.962116038578274
18154,4,4,1,0.002535982534448671,1.2786236386991068e-05,0.009485394966177495,0.0022013375204437704,0.985764498742543,0.985764498742543
19144,4,1,0,0.0012500417275040318,0.8132076904748526,0.002023077309907594,0.14007830558724157,0.04344088490049409,0.8132076904748526
11517,0,0,1,0.9715534226023129,0.0002753998317126691,0.022548256883498704,0.0004538500246015332,0.005169070657873856,0.9715534226023129
11427,0,0,1,0.9918171644580581,0.00029908198514113,0.0033897075484665643,0.0006453869822655164,0.003848659026068487,0.9918171644580581
14251,1,1,1,5.64863231309542e-07,0.9995322665440521,0.0004228043387489643,1.4943733289087809e-06,4.286988063844791e-05,0.9995322665440521
14099,1,1,1,6.49496817674372e-07,0.999530402125816,0.0004544104976793872,1.5408614535721644e-06,1.299701823314845e-05,0.999530402125816
11632,0,0,1,0.9711016158368606,0.0003438530289863367,0.015945952859394867,0.0012162807625431444,0.011392297512214973,0.9711016158368606
16738,3,3,1,0.00019499808812603752,0.010538189058613574,0.0007501406188583333,0.9705699860882321,0.01794668614616999,0.9705699860882321
15784,1,1,1,3.184392429321026e-05,0.989944948786321,0.00045830048420216813,4.833603122212853e-05,0.009516570773961501,0.989944948786321
11321,0,0,1,0.9656880456578942,0.00023065703984969583,0.018089824274590247,0.0008443048262186942,0.015147168201447084,0.9656880456578942
11737,0,0,1,0.9722362589969215,0.00036432568101409335,0.01522819286458989,0.001172283324130307,0.010998939133344118,0.9722362589969215
15817,1,1,1,1.6286649967391964e-06,0.9980844973895352,0.0005950694317862384,0.0005041237420841018,0.0008146807715978798,0.9980844973895352
14474,1,1,1,8.498858832182151e-07,0.9993565512531006,0.0005214273150052085,5.65998531842794e-05,6.457169282643931e-05,0.9993565512531006
18336,4,4,1,0.0004724334888597425,0.0009526455274751117,0.008480979328112294,0.1496723040826611,0.8404216375728925,0.8404216375728925
11694,0,0,1,0.9818810760094772,0.0005961785756671118,0.0045895357110763944,0.0013200640890653522,0.011613145614713733,0.9818810760094772
13986,1,1,1,1.1348923480500007e-06,0.9993172962053581,0.0006032144542343572,1.753215098827674e-05,6.082229707114874e-05,0.9993172962053581
16997,3,3,1,0.0003667375396464731,0.10084167818893026,0.0016787141756590507,0.8718066341084164,0.025306235987347575,0.8718066341084164
17803,3,3,1,9.965909662074143e-05,0.00027532230604512207,0.0023247511993682436,0.8160954848645783,0.18120478253338765,0.8160954848645783
19553,4,2,0,0.0015477927919216226,5.826665290318923e-05,0.5108507802659333,0.0004700944947670022,0.4870730657944748,0.5108507802659333
18615,4,4,1,0.0018974297336176848,0.0009716826974586611,0.004633686055983729,0.0007550336354906361,0.9917421678774495,0.9917421678774495
15920,1,1,1,0.0002292561996841001,0.8854534084990179,0.0009672319699788764,0.06874294886771025,0.044607154463609126,0.8854534084990179
13640,2,4,0,0.0005766091778495,0.0008776133139414286,0.2000199916897257,0.0004352897099939988,0.7980904961084891,0.7980904961084891
14246,1,1,1,9.135321096983231e-07,0.9990890033276021,0.0005160207286088662,3.91171354712166e-05,0.0003549452762078054,0.9990890033276021
17309,3,3,1,0.00013003724777887048,0.026774933248398795,0.0011589363278382049,0.9526101112483462,0.019325981927637726,0.9526101112483462
18944,4,4,1,0.05451915400641633,0.01210532346272894,0.01797577277435974,0.015833026389693593,0.8995667233668017,0.8995667233668017
16801,3,3,1,4.5590489136721926e-05,0.000922442660596524,0.00047326833900548725,0.9914539869149638,0.007104711596297351,0.9914539869149638
10652,0,0,1,0.9931389776018095,8.130503157350349e-05,0.0028357486408036436,0.00048594418951875267,0.0034580245362946555,0.9931389776018095
19203,4,4,1,0.0002638445796198547,0.0005947692196875875,0.004881105406421355,0.0018082508539178112,0.9924520299403532,0.9924520299403532
15490,1,1,1,9.326458461685181e-07,0.9986850596582372,0.00048341217719717833,0.0007356644479523197,9.493107076722463e-05,0.9986850596582372
15613,1,1,1,3.844790442993045e-07,0.9995724064870687,0.0003465966975185283,6.02446044602764e-06,7.458787592250637e-05,0.9995724064870687
17488,3,3,1,9.402710327957612e-05,0.0005757984256735347,0.0014317424283354064,0.8478343215135972,0.15006411052911417,0.8478343215135972
15625,1,1,1,5.28427950480423e-05,0.949700149118017,0.0007042529661165996,8.39939434830708e-05,0.049458761177335275,0.949700149118017
17446,3,3,1,8.76086076853816e-05,0.0019668392578281605,0.0013364308846517737,0.9667542130897941,0.029854908160040463,0.9667542130897941
14862,1,1,1,4.9645774712159095e-06,0.9973345089206861,0.000869164186230756,1.7447944173529614e-05,0.0017739143714382269,0.9973345089206861
12263,2,2,1,0.0012806572179155,9.776588209013753e-05,0.9288230000832501,0.00039609707630847434,0.0694024797404359,0.9288230000832501
15224,1,1,1,2.9995366587418027e-06,0.9966711541757288,0.0005059190347428525,0.0025323816924611095,0.0002875455604084193,0.9966711541757288
10189,0,0,1,0.9042651192821775,0.00039501699209002416,0.07602264204336777,0.0002381685963099491,0.019079053086055228,0.9042651192821775
15868,1,1,1,0.0023705963826691156,0.9831837439865516,0.0015988510522106489,0.0008391353903267512,0.012007673188241839,0.9831837439865516
18060,4,4,1,0.023108252870294766,2.6626667019004343e-05,0.022712065697450295,0.0026068253479551414,0.9515462294172808,0.9515462294172808
14948,1,1,1,0.00013142880102169386,0.9565559855377759,0.0005182587824862158,0.04218768725070217,0.0006066396280140795,0.9565559855377759
16082,3,3,1,0.0001250223733625286,0.01809202560865586,0.0005160099175328662,0.9735378778242129,0.007729064276235871,0.9735378778242129
11404,0,0,1,0.9986434175910405,0.0001910764897834335,0.0001372857250066144,0.0006193723110430262,0.00040884788312642355,0.9986434175910405
14244,1,1,1,7.023376636859846e-07,0.9994747698096605,0.000473238313082275,1.5203134813609758e-06,4.9769226111978835e-05,0.9994747698096605
15246,1,3,0,0.0009619228379670078,0.16480393820174652,0.0021000428057692277,0.7697606739075062,0.0623734222470111,0.7697606739075062
11891,0,0,1,0.9781318200271049,0.0002897917501235141,0.014234910187839218,0.0005903919347779417,0.0067530861001544925,0.9781318200271049
19843,4,2,0,0.010671772194637342,0.00022933759643437127,0.8442923696625204,0.0009618129280800738,0.14384470761832766,0.8442923696625204
17164,3,3,1,0.0007601095339629353,0.013146971800102644,0.0017043062012090974,0.9268059752140598,0.05758263725066569,0.9268059752140598
10190,0,0,1,0.7745013879840728,0.0004258395119812265,0.18823607739998774,0.0003661450911725411,0.03647055001278547,0.7745013879840728
10208,0,0,1,0.9987188795962267,0.00012697496430609287,0.0006981368012450636,5.8082852116199904e-05,0.00039792578610602173,0.9987188795962267
19022,4,4,1,0.0019434184757355505,0.0010415790528984048,0.005574572524593179,0.000738377471759388,0.9907020524750136,0.9907020524750136
18652,4,4,1,0.00013349872936412285,0.0030782159986296586,0.0015845530534614163,0.004140038719006779,0.9910636934995378,0.9910636934995378
19130,4,4,1,0.0006713686538956454,0.09665322116925798,0.005898211685909193,0.004099925168027176,0.8926772733229097,0.8926772733229097
10714,0,0,1,0.9661487895836979,0.0030708502507375635,0.007443987771103682,0.0019034386297593728,0.021432933764701508,0.9661487895836979
14915,1,1,1,8.90866618102285e-07,0.9994160583730758,0.0005402351100918777,2.5962779996898423e-05,1.685287021735856e-05,0.9994160583730758
12657,2,2,1,0.0009325851525476388,6.530509561028543e-05,0.928585748291865,0.0004910280693810749,0.06992533339059602,0.928585748291865
14830,1,1,1,1.1119963577751308e-05,0.9933614201017665,0.0009606304406564457,0.004817531964816262,0.0008492975291832025,0.9933614201017665
19567,4,2,0,0.003170130070710959,0.0009756871762210851,0.30909552769980764,0.000492731171401152,0.6862659238818589,0.6862659238818589
14454,1,3,0,6.846901846233297e-05,0.10962192646347452,0.0004963356069534322,0.8802277902850191,0.009585478626090408,0.8802277902850191
18843,4,4,1,0.0012356902139135048,0.00022719478513616654,0.002370026572705675,0.00014033437256296988,0.9960267540556815,0.9960267540556815
16644,3,3,1,8.77903636426651e-05,0.003097124533382742,0.0007574180213785119,0.9281835830797467,0.06787408400184945,0.9281835830797467
17442,3,3,1,0.00017278836223648056,0.0006534658873424058,0.001149396204981322,0.9042818986934505,0.0937424508519892,0.9042818986934505
14072,1,1,1,1.746855383620286e-06,0.9986840181835438,0.000719848819663509,0.0002086278900525492,0.0003857582513563498,0.9986840181835438
10029,0,0,1,0.9786720060752588,0.00029892369466324233,0.01557257347385302,0.0002450505594741545,0.005211446196750815,0.9786720060752588
12837,2,0,0,0.4705722210678552,0.0025938306810498247,0.1460888357894698,0.0063396107747123506,0.3744055016869129,0.4705722210678552
15234,1,1,1,0.00014363866611068391,0.9144915703342625,0.0007046558352911544,0.07894190081296401,0.005718234351371579,0.9144915703342625
13868,2,2,1,0.009924920365220451,4.562033336913298e-05,0.9146068705729659,0.00026560937411126045,0.07515697935433344,0.9146068705729659
17720,3,3,1,4.48430432605246e-05,0.0012644433233180892,0.0012626855301057103,0.963594454175154,0.03383357392816186,0.963594454175154
13048,2,2,1,0.00045329016118116744,7.749469394628908e-05,0.9342108192789972,0.0004080376049126549,0.06485035826096242,0.9342108192789972
17101,3,3,1,0.00022053154852930417,0.006908315274365427,0.0009577723705206535,0.9727737847413888,0.01913959606519557,0.9727737847413888
19017,4,4,1,0.0011470330897044184,0.0001996326860313846,0.004284710648273537,0.00021626182756193568,0.9941523617484285,0.9941523617484285
18824,4,4,1,0.0005949448117861541,0.00019454856943928284,0.004552249327527477,0.00010603455157147536,0.9945522227396756,0.9945522227396756
17946,4,4,1,0.0002967409505414248,0.0001786633454218686,0.005988204337529532,0.04346267862227032,0.9500737127442369,0.9500737127442369
11473,0,0,1,0.766370417087407,0.00039447190787054596,0.19753900339003297,0.0009217303709894091,0.03477437724369999,0.766370417087407
10635,0,0,1,0.9796091969009529,0.001374304456133041,0.00579983583774064,0.0011692943447981572,0.012047368460375199,0.9796091969009529
17319,3,3,1,7.455550960234393e-05,0.00035126686246088036,0.0025872579799044236,0.49298864264597286,0.5039982770020593,0.5039982770020593
14076,1,1,1,9.804600399387075e-07,0.9991952875913989,0.0005628329639033733,0.00020527605664456085,3.5622928013342874e-05,0.9991952875913989
12369,2,2,1,0.019746498487552222,0.0004704740237512222,0.9006963726204121,0.001175174840706585,0.07791148002757796,0.9006963726204121
11714,0,0,1,0.9867679427287938,0.00029797806817633986,0.004722110313970428,0.000901660832959836,0.007310308056099344,0.9867679427287938
16995,3,3,1,0.0006253331282820738,0.010463941438046185,0.0013763508202142216,0.8695060606632374,0.11802831395021987,0.8695060606632374
13141,2,2,1,0.0013049029874764298,1.19650889198895e-05,0.9626529648279397,0.0004239982237944255,0.03560616887186935,0.9626529648279397
17650,3,3,1,3.196964765496056e-05,0.00036978545213617754,0.0013707859322691495,0.8579032351685095,0.14032422379943021,0.8579032351685095
13013,2,2,1,0.0020495153351131772,0.0002821226517901555,0.8563553404582428,0.0006123916660663358,0.1407006298887875,0.8563553404582428
17737,3,3,1,4.4401982335922727e-05,0.00019657560831123482,0.0018776934212524124,0.8594349397640976,0.13844638922400299,0.8594349397640976
12110,2,2,1,0.00019254770973250662,7.902676427918217e-06,0.9487219686309276,0.0005148464392815408,0.05056273454363064,0.9487219686309276
16978,3,3,1,0.00011350737247644295,0.00015811782269716437,0.0009895976471491685,0.7913159512910336,0.2074228258666436,0.7913159512910336
16977,3,3,1,0.0022177727110569583,0.03692525756054577,0.004572158682502937,0.8049514303287727,0.15133338071712168,0.8049514303287727
15555,1,1,1,4.597034804756072e-06,0.9961415189989626,0.000636703378535852,0.0012330011700516785,0.0019841794176448007,0.9961415189989626
14647,1,1,1,1.175950327292125e-06,0.9982320304466595,0.0004915527101581912,0.0011262507319507653,0.0001489901609041691,0.9982320304466595
16959,3,3,1,0.0006203617722722783,0.010162407821756685,0.0015379528310360522,0.9438886003607331,0.043790677214201976,0.9438886003607331
18847,4,4,1,0.0005430585537299552,0.00025317708608726773,0.005092676187973182,0.00011442825649589849,0.9939966599157137,0.9939966599157137
13354,2,2,1,0.00013238077109713284,2.0662781352238335e-05,0.9437604942446047,0.0003848653926244087,0.05570159681032165,0.9437604942446047
11749,0,0,1,0.9916310265580479,0.0002771908679121874,0.0023580374962627712,0.0010283810828996963,0.004705363994877181,0.9916310265580479
11280,0,0,1,0.9617489589810315,0.0003535584077722136,0.027553251668848006,0.0006754693437189984,0.009668761598629248,0.9617489589810315
12773,2,2,1,0.0006741902470817968,0.000140082140698089,0.9081063082886933,0.00042174224263757536,0.0906576770808894,0.9081063082886933
10455,0,0,1,0.9971738598481781,1.9545545976932356e-05,0.0014562808980540184,0.00018818156735066473,0.001162132140440643,0.9971738598481781
14433,1,1,1,4.178262514928835e-06,0.9966847704183102,0.0006749637037704443,9.273501325900305e-06,0.0026268141140786674,0.9966847704183102
10676,0,0,1,0.9887503133669723,0.00020516883590155542,0.003585501638800837,0.000572932741116662,0.006886083417208402,0.9887503133669723
19122,4,4,1,0.0014672511034902749,0.0001889371607561135,0.004151071417470613,0.00012486170338059328,0.9940678786149025,0.9940678786149025
15572,1,1,1,0.0053014784511384305,0.9683191468057168,0.0029351713252283255,0.0024401153240900084,0.021004088093826406,0.9683191468057168
11343,0,0,1,0.9121795203390035,0.00021352163956152678,0.06854236515170137,0.0007235253489387716,0.018341067520794684,0.9121795203390035
17131,3,3,1,0.0002476830730158464,0.06903795059752046,0.0009578404567385893,0.9103270952470209,0.019429430625704357,0.9103270952470209
18321,4,4,1,0.010917827188723639,5.3933930407817224e-05,0.008209283556057734,0.00017490558961713967,0.9806440497351937,0.9806440497351937
14426,1,1,1,1.452859567480001e-06,0.9988500031148267,0.0006578864129910707,0.0001494302794143865,0.00034122733320003694,0.9988500031148267
12655,2,2,1,0.018284560371136526,0.0006461651518945518,0.9434850430445793,0.0014038488001409846,0.03618038263224847,0.9434850430445793
17170,3,3,1,6.761687576282131e-05,0.09304328034340523,0.000600567471111766,0.9010757449091752,0.00521279040054491,0.9010757449091752
15838,1,1,1,7.179130018952927e-07,0.9988635949001401,0.0004184183037003167,0.0003210946982618902,0.00039617418489587927,0.9988635949001401
17648,3,3,1,0.0003162794915390866,3.771165414395183e-05,0.0019664957250379806,0.8436308032924872,0.1540487098367919,0.8436308032924872
18762,4,4,1,0.008601494631562628,0.02807457602080187,0.008223050995807325,0.0016656311822795347,0.9534352471695487,0.9534352471695487
15086,1,1,1,0.00015750573641060175,0.66264570091493,0.0010039570198928135,0.3241212081405762,0.012071628188190466,0.66264570091493
19883,4,0,0,0.524822909229475,0.001164883063829069,0.39533404558195545,0.0017824776470021148,0.07689568447773822,0.524822909229475
14737,1,1,1,8.76476177216928e-06,0.9941587219448437,0.0008570300520043972,0.00310845709505689,0.0018670261463228424,0.9941587219448437
19206,4,4,1,0.0014095863874613991,0.0002040197326765159,0.004200105124158781,0.00012296766055093947,0.9940633210951524,0.9940633210951524
14318,1,1,1,4.889034948843712e-07,0.9995833105827058,0.0003956815844558629,1.5760833052361131e-06,1.8942846038119786e-05,0.9995833105827058
10386,0,0,1,0.9955627533477547,4.2425144300758017e-05,0.001884119696415698,0.00022535512181120538,0.0022853466897176625,0.9955627533477547
10691,0,0,1,0.9833183018759666,0.0010227667732569377,0.004902080507200407,0.0008860021190475383,0.009870848724528465,0.9833183018759666
18046,4,4,1,0.09754575057511096,4.6372097052134405e-05,0.005185130560320957,0.00010654342016575054,0.8971162033473504,0.8971162033473504
15399,1,1,1,8.159590832836258e-07,0.998548315380574,0.00040686305206361827,0.0008913997643524641,0.00015260584392664934,0.998548315380574
13466,2,2,1,0.00017007379655170307,8.720560360545703e-06,0.9520653015042491,0.0005603447509611755,0.047195559387877443,0.9520653015042491
19903,4,2,0,0.20278515622598178,0.0021846474800604697,0.6803031157896506,0.0034583577668931727,0.11126872273741373,0.6803031157896506
12911,2,2,1,0.00013706361955898253,0.00029901624120811754,0.629414616913356,0.0005616766383648888,0.3695876265875119,0.629414616913356
19009,4,4,1,0.003534383748362149,0.0009881627807035345,0.006071420118187073,0.0010702275888752992,0.9883358057638721,0.9883358057638721
18474,4,4,1,0.0007295334004349663,0.0007011764022708116,0.0035544260639508466,0.023733827714461378,0.9712810364188819,0.9712810364188819
11316,0,0,1,0.9621190838816345,0.00024973712864051576,0.019488963851484777,0.0008943396187261421,0.01724787551951414,0.9621190838816345
18796,4,4,1,0.0017508109557160696,0.0037416786300641615,0.004960435628815133,0.00013246681230264,0.9894146079731023,0.9894146079731023
16413,3,3,1,0.00015371352555142593,0.010153379943948902,0.0006824991563058944,0.9687354991818359,0.02027490819235805,0.9687354991818359
12738,2,2,1,6.907527346107438e-05,8.760041576612449e-06,0.9478973002845421,0.0007083775080665846,0.05131648689235384,0.9478973002845421
12154,2,2,1,0.00010726107036472486,8.396697169581488e-05,0.9002778452751784,0.0003876392372389292,0.09914328744552227,0.9002778452751784
14204,1,1,1,3.093939009822191e-06,0.9987314045343666,0.0009874470183875374,5.524147899682802e-06,0.00027253036033617333,0.9987314045343666
12629,2,2,1,0.001288310708244239,0.0002230723057298689,0.891146971925503,0.0007034908467612963,0.10663815421376169,0.891146971925503
18388,4,4,1,0.00011320737226669345,8.162786625505275e-05,0.002176855608462271,0.003222279741292519,0.9944060294117235,0.9944060294117235
19182,4,1,0,0.0006487888720529827,0.7884658619277736,0.0012799183940542837,0.003373472720715162,0.20623195808540434,0.7884658619277736
14043,1,1,1,5.157817340449027e-06,0.9970684096908516,0.0006442811425024218,0.0003886925064702116,0.0018934588428352651,0.9970684096908516
12404,2,2,1,0.013671041913366634,0.00031263159686359155,0.91348441876199,0.0008984721186891112,0.07163343560909079,0.91348441876199
19086,4,4,1,0.0003038965251348287,5.173499742383216e-05,0.00425239698225924,0.00013287693985577484,0.9952590945553262,0.9952590945553262
18618,4,4,1,0.02067490484736942,0.03492392723517211,0.008435288662216147,0.00778995992042037,0.9281759193348217,0.9281759193348217
16406,3,3,1,0.00028798013259350905,0.002964938321316514,0.001062608874761962,0.9136118066955977,0.08207266597573043,0.9136118066955977
18198,4,4,1,0.0005438236403971953,0.0017254972609692478,0.0097351832937615,0.1134991923798051,0.8744963034250667,0.8744963034250667
11160,0,0,1,0.9982627979466842,6.258302725435519e-05,0.0011094978909286972,0.00018587889088892142,0.00037924224424424165,0.9982627979466842
12013,2,2,1,0.00267276937477893,8.710949309508166e-05,0.8977760638208407,0.0003908086133850124,0.09907324869790018,0.8977760638208407
11169,0,0,1,0.9590589576969364,0.0003155441228245654,0.016433592395722202,0.0011084801962987572,0.023083425588217726,0.9590589576969364
18897,4,4,1,0.0003287674270670281,0.00025998276952698393,0.005042027705371226,0.00021708760516189415,0.9941521344928732,0.9941521344928732
13062,2,2,1,4.842267697138052e-05,2.4396581294129122e-05,0.945718286784684,0.00027432009075104827,0.053934573866299705,0.945718286784684
18044,4,3,0,0.00011578387777697852,0.00017557924433661833,0.0037414058465403016,0.29828568382272885,0.6976815472086172,0.6976815472086172
14979,1,1,1,0.0004106895691589195,0.88846414422203,0.0013578835385483804,0.08429106302410617,0.02547621964615676,0.88846414422203
13672,2,2,1,0.12106563830595528,8.409676471694157e-05,0.8065508545986794,0.00035373992762010426,0.07194567040302821,0.8065508545986794
13530,2,4,0,0.00022331449333087386,0.0004701000664123109,0.19722790436447488,0.0003705717590298902,0.801708109316752,0.801708109316752
12158,2,2,1,5.55059059201128e-05,1.6422960042603964e-05,0.9364920470919658,0.0060061305960181065,0.057429893446053266,0.9364920470919658
10755,0,0,1,0.9720576066017751,0.001984807760836885,0.008393978316526562,0.0021437672835086428,0.015419840037352766,0.9720576066017751
17445,3,3,1,9.889843846233969e-05,0.0005732613108795682,0.0022966405164329563,0.8029846246492528,0.19404657508497244,0.8029846246492528
14562,1,1,1,6.268436505028094e-07,0.9993777581773222,0.00044026474250013126,0.00013298887975503757,4.836135677182889e-05,0.9993777581773222
10872,0,0,1,0.9989651545884465,6.83746180460688e-05,0.0005902632564203554,0.0001179632416235475,0.00025824429546345473,0.9989651545884465
12452,2,2,1,0.007356691774007877,0.0005487285277679327,0.9579317114219364,0.0011523129513580895,0.033010555324929684,0.9579317114219364
13423,2,2,1,0.005915702046872549,0.0004878078217691395,0.860903723166911,0.0013069753560803364,0.13138579160836703,0.860903723166911
15690,1,1,1,1.7370061713047238e-06,0.9985669084933586,0.0005902515619665606,2.358688257265049e-05,0.0008175160559309783,0.9985669084933586
18241,4,4,1,0.0005117977109654812,0.0001937998702282886,0.005322438913635701,0.011473051190084342,0.9824989123150859,0.9824989123150859
15887,1,4,0,0.00884468857211924,0.1795186675917709,0.009870447149073496,0.0012596252080773285,0.800506571478959,0.800506571478959
10575,0,0,1,0.9980640528041052,1.3435433494530581e-05,0.001008889849278008,0.00010802738165789598,0.0008055945314642914,0.9980640528041052
14304,1,1,1,9.495982914171782e-07,0.9990742829282047,0.0005373833371757655,0.0002952743486065432,9.210978772171921e-05,0.9990742829282047
14781,1,1,1,1.3567969836713008e-06,0.9993006730767325,0.0006730233631479523,8.342168870656957e-06,1.6604594265218586e-05,0.9993006730767325
11175,0,0,1,0.8948101792940775,0.00018521379847376824,0.08407638423012455,0.0006599772930278109,0.020268245384296394,0.8948101792940775
11834,0,0,1,0.9748617673954071,0.00030990235278803606,0.016189248949594306,0.001002135262720447,0.0076369460394900765,0.9748617673954071
13927,2,4,0,0.0003851629657286736,3.542499687450768e-05,0.0958185449918635,0.007889844199587433,0.8958710228459459,0.8958710228459459
12781,2,2,1,8.176960380327532e-05,5.350447119673902e-05,0.9203841081144558,0.00035047776965242325,0.0791301400408917,0.9203841081144558
13452,2,2,1,0.000299033486700999,7.180226242978523e-05,0.9041625071813514,0.0003252881174727479,0.09514136895204503,0.9041625071813514
12022,2,2,1,0.0024429057752380847,3.6707224219997576e-05,0.933042637579556,0.00036779999144847977,0.0641099494295373,0.933042637579556
13941,2,2,1,0.0014016350243666858,5.2240185985777405e-05,0.932380353818707,0.0006357217778304111,0.06553004919310991,0.932380353818707
14785,1,1,1,1.549633641162767e-06,0.9987991898767297,0.0006640347397678889,8.161262177309246e-05,0.00045361312808823827,0.9987991898767297
14519,1,1,1,5.139536979795758e-06,0.9955630007031673,0.0004726068490321362,0.0018390286172726721,0.002120224293548055,0.9955630007031673
11579,0,0,1,0.9842274686038921,0.0005193286705719391,0.003971347949113836,0.0012117552961508709,0.010070099480270977,0.9842274686038921
17623,3,3,1,6.900734992704991e-05,0.00039558614567181957,0.0013734711488763245,0.9176729358861573,0.08048899946936755,0.9176729358861573
11850,0,0,1,0.978095817063168,0.0004348178928908342,0.012047773897468299,0.0007721317964839995,0.008649459349988717,0.978095817063168
12528,2,2,1,0.0028995557523398977,0.0001859367486645282,0.9042163444263935,0.0007109734249902493,0.09198718964761192,0.9042163444263935
13575,2,2,1,0.00023704511164666602,5.755793958750619e-05,0.8998765332041233,0.00017801215012751162,0.09965085159451491,0.8998765332041233
10186,0,4,0,0.05420002633829595,2.5303113154135477e-05,0.004774960108187544,5.3940403167757665e-05,0.9409457700371948,0.9409457700371948
14384,1,1,1,1.7925825542469675e-06,0.9979228427479071,0.0005920592200387444,0.000827534986279984,0.0006557704632198156,0.9979228427479071
15564,1,1,1,2.3823545738593553e-06,0.9973808493635364,0.00024479115746129173,3.326849816515917e-05,0.0023387086262633494,0.9973808493635364
14045,1,1,1,1.9347647746389136e-06,0.9988371986693311,0.0007669211484741595,2.4388720144858095e-05,0.00036955669727510625,0.9988371986693311
12164,2,2,1,0.023288960451864453,0.0002521052124380085,0.8967303344354152,0.0009959139564506688,0.0787326859438317,0.8967303344354152
17020,3,3,1,6.991915369947432e-05,0.00025294240928204974,0.001979962060519272,0.589649122721734,0.40804805365476504,0.589649122721734
17469,3,3,1,0.00011061816526865545,0.009544644775182723,0.0010942092401466392,0.9054040159243162,0.08384651189508577,0.9054040159243162
18521,4,3,0,0.0003993642692455631,0.006054118586673763,0.005238131299156111,0.6735357369328635,0.3147726489120615,0.6735357369328635
11639,0,0,1,0.9774889376719532,0.0003869680862246356,0.01122347127900046,0.0009818970499888913,0.009918725912832636,0.9774889376719532
16879,3,3,1,3.16639942455787e-05,0.002644138169693612,0.0005338764316983195,0.9836724733494168,0.013117848054945607,0.9836724733494168
11919,0,0,1,0.9805098350583774,0.0004374882958013812,0.009734269092094036,0.0006959500321215998,0.00862245752160568,0.9805098350583774
14794,1,1,1,4.32864786852915e-07,0.9993016732559464,0.00029179766432559453,0.0003373101493515349,6.878606558969198e-05,0.9993016732559464
10235,0,0,1,0.9998094714573844,7.1126738088236e-05,4.131302772385568e-05,2.3327183598344975e-05,5.4761593205298955e-05,0.9998094714573844
14905,1,1,1,1.0527584993594368e-06,0.9988117223097158,0.000544196226542782,0.0006192931694084256,2.3735535833448073e-05,0.9988117223097158
10852,0,0,1,0.9988187171114831,8.234018279818902e-05,0.0006655343006087053,0.00017601823121619924,0.0002573901738938616,0.9988187171114831
10080,0,0,1,0.9977880947868261,0.0001629707030278163,0.0008559219326567396,0.00015370651855745187,0.0010393060589320912,0.9977880947868261
16591,3,3,1,0.00016453798628622855,0.2556593506111788,0.000769509532897289,0.7338854774994283,0.009521124370209574,0.7338854774994283
18773,4,4,1,0.0034649012197925434,0.0011930825899518533,0.005246999643553593,0.0009397764490992852,0.9891552400976025,0.9891552400976025
15709,1,1,1,0.019498644924667758,0.8947577303036103,0.007883045398032156,0.012115899895332575,0.06574467947835697,0.8947577303036103
19402,4,2,0,6.52621607936854e-05,0.0002362052461918639,0.679149741210554,0.00039980149369094677,0.32014898988876955,0.679149741210554
12831,2,2,1,0.00024307453582501952,6.943235632361888e-05,0.8074186126728253,0.000248987567298902,0.19201989286772692,0.8074186126728253
14432,1,1,1,2.3836568973379394e-06,0.9985896261323617,0.0008250691566863933,1.7301421710026866e-05,0.0005656196323446901,0.9985896261323617
12485,2,2,1,0.01919341841490279,0.0008576208319166071,0.9187129222132252,0.0017155067001990464,0.05952053183975653,0.9187129222132252
19730,4,0,0,0.7219001711174267,0.0019069909721787213,0.02034306280320592,0.0040019178821645305,0.2518478572250242,0.7219001711174267
10218,0,0,1,0.9510339505238121,0.00026628158163329745,0.038683846820687,0.00013791887362773594,0.009878002200239974,0.9510339505238121
10566,0,0,1,0.9978641190705142,1.8272008330589616e-05,0.0011727890333851942,0.00013369569228583882,0.0008111241954842413,0.9978641190705142
12796,2,2,1,0.02366241999762682,0.00031208162232412113,0.8607258465659241,0.0011164717218526638,0.114183180092272,0.8607258465659241
11958,2,2,1,0.00010098226295705014,1.1423067915597902e-05,0.9406553366353588,0.00033150437246127015,0.05890075366130737,0.9406553366353588
14524,1,1,1,8.676822029214429e-07,0.9994052902982866,0.0005330220806085932,1.4829813802946944e-05,4.5990125098763744e-05,0.9994052902982866
16859,3,3,1,0.00011192636834777554,0.007688826360334708,0.0005738951933936137,0.9632348462083846,0.02839050586953927,0.9632348462083846
17344,3,3,1,0.0004586716092591918,0.00010449287792591598,0.0026745848847420355,0.6652646683270892,0.33149758230098336,0.6652646683270892
16990,3,3,1,0.0002046882700257298,0.02222262830068441,0.0006556761488575685,0.9651480243936515,0.011768982886780329,0.9651480243936515
13350,2,2,1,0.012576003502764195,0.00027800643880183294,0.8820585792337264,0.0009693743167241758,0.10411803650798346,0.8820585792337264
18254,4,4,1,0.00032989767978234305,0.0002294314663816201,0.0037002896313111087,0.023350488078903036,0.9723898931436216,0.9723898931436216
14860,1,1,1,2.004802670852491e-06,0.9972701731114095,0.00047912111953254526,0.0018974421492709236,0.0003512588171161281,0.9972701731114095
10783,0,0,1,0.9962575656863187,6.919226317989518e-05,0.0027259690377486414,0.0003653590234587677,0.0005819139892937362,0.9962575656863187
18970,4,4,1,0.004739113173207821,0.009221301632892212,0.007638106040573836,0.0007680099704520531,0.977633469182874,0.977633469182874
16818,3,3,1,0.00010014977622970606,0.005386789260172566,0.0005869320512312486,0.9815116632972222,0.0124144656151444,0.9815116632972222
17967,4,3,0,0.0002817631597637842,0.0007120790298865581,0.002545878559099363,0.6552436520996258,0.3412166271516244,0.6552436520996258
14370,1,1,1,8.947456348173895e-07,0.9994391935085888,0.0005354507655708579,2.8916361247754592e-06,2.15693440808851e-05,0.9994391935085888
10736,0,0,1,0.9907478377748032,0.0001799890197383957,0.003214379099338652,0.000541412722013403,0.005316381384106337,0.9907478377748032
14397,1,1,1,0.0002279964760022093,0.9710210341909562,0.0010289296209586602,0.027401850901850166,0.0003201888102327081,0.9710210341909562
13400,2,2,1,0.0005782957374419218,3.8824217326334195e-05,0.923230156682007,0.0002681648370329765,0.07588455852619157,0.923230156682007
12250,2,2,1,0.00023534112653635414,2.67780113753336e-05,0.9418945576680793,0.0002806342009172944,0.05756268899309189,0.9418945576680793
14518,1,1,1,4.807286524338439e-07,0.9995739859828946,0.00039175562524376066,2.272207737087861e-06,3.1505455472207094e-05,0.9995739859828946
17804,3,3,1,0.00012472553661226586,0.0002799152360604419,0.002568255638893948,0.8382129495889713,0.1588141539994622,0.8382129495889713
13562,2,2,1,0.0005927549499190128,0.0003093101986850996,0.9054738724782339,0.0012115543042001116,0.09241250806896165,0.9054738724782339
15751,1,1,1,0.004103119990989747,0.9767663788540727,0.0022965037642578155,0.001504993220984398,0.015329004169695125,0.9767663788540727
17234,3,1,0,0.00014136918588313825,0.6764464233721853,0.0005662630755173968,0.31515543066469975,0.007690513701714028,0.6764464233721853
11141,0,0,1,0.9973905805817227,6.105224788947723e-05,0.0014248975251701266,0.00019760730272683625,0.0009258623424908566,0.9973905805817227
16398,3,3,1,0.0002843912294537356,0.023363988094570392,0.0007321796629230488,0.9598179291722088,0.015801511840843895,0.9598179291722088
12628,2,2,1,0.009111925841250108,0.0001680864799005532,0.9035135097210915,0.0005863721596859601,0.08662010579807206,0.9035135097210915
11851,0,0,1,0.9815993431425484,0.0002715924138677387,0.010657523530225213,0.0008919026893443926,0.006579638224014312,0.9815993431425484
10698,0,0,1,0.9918861386474846,0.00011393969192410351,0.002921629927825741,0.0005253807284073201,0.004552911004358269,0.9918861386474846
16836,3,3,1,6.803761259292398e-05,0.002572175799921435,0.0007869868454342196,0.9859863217735281,0.01058647796852336,0.9859863217735281
15123,1,1,1,3.3780196992406415e-05,0.989114310712611,0.0005618929359212248,0.010058885276664412,0.00023113087781095066,0.989114310712611
13732,2,2,1,0.06293458196712254,0.001075775266649294,0.3093529013843821,0.0010283867768481408,0.625608354604998,0.625608354604998
15235,1,1,1,0.0001186813257077702,0.8945119541106726,0.0004562057075523406,0.0982080627467336,0.0067050961093335845,0.8945119541106726
18345,4,3,0,5.752742727837716e-05,0.00042077566735039865,0.004717429915110314,0.41872999813213746,0.5760742688581236,0.5760742688581236
15171,1,3,0,4.711455925718217e-05,0.05258278427311047,0.0005278619730187068,0.9398948866576555,0.0069473525369581,0.9398948866576555
16808,3,3,1,0.00022915864387292473,0.005880213408500491,0.0009773019118934302,0.9637781662143525,0.02913515982138075,0.9637781662143525
19418,4,2,0,0.0004674225126510635,8.090441540242375e-05,0.9176129356041436,0.000521104797392783,0.08131763267041002,0.9176129356041436
17777,3,3,1,5.404054736512203e-05,0.0003184431058859325,0.0026074026010109758,0.8252558923386765,0.1717642214070614,0.8252558923386765
17801,3,3,1,0.00014943661829802977,0.0004616250785855972,0.0020539840170781566,0.9103852723370531,0.08694968194898482,0.9103852723370531
19406,4,2,0,0.0028041498045529843,2.4427471525702017e-05,0.8217936608779387,0.0001709021086392839,0.17520685973734326,0.8217936608779387
18655,4,4,1,0.00041837070531496653,0.0006458813145388638,0.0020296001266864533,0.031585955027484416,0.9653201928259749,0.9653201928259749
10332,0,0,1,0.9997086814347731,4.895499692507456e-05,3.0443961519590876e-05,1.8399497843952503e-05,0.00019352010893828608,0.9997086814347731
15750,1,1,1,0.003532275095132006,0.979793219671046,0.002039192022231033,0.001259235119917304,0.013376078091673639,0.979793219671046
17109,3,3,1,0.0005888125999463856,0.18301895189258183,0.0013031700463042577,0.7842497657281682,0.030839299732999072,0.7842497657281682
18146,4,4,1,0.00031343546783457244,9.074313708306417e-05,0.008966546242158011,0.0017402110821251168,0.9888890640707994,0.9888890640707994
18256,4,4,1,0.0009043688291681671,7.892617295538828e-05,0.006202389635128313,0.0012973179430338213,0.9915169974197142,0.9915169974197142
14883,1,1,1,4.733923718842642e-07,0.9995964626529018,0.0003833293851619957,1.0471927185721251e-05,9.262642378488671e-06,0.9995964626529018
10326,0,0,1,0.9975538170861967,0.00018158529104008356,0.0015408484838442397,7.077688593984631e-05,0.0006529722529791084,0.9975538170861967
17686,3,3,1,5.451923617023358e-05,0.0014295155840224106,0.0009941599391829344,0.9362830757437105,0.06123872949691419,0.9362830757437105
18320,4,4,1,0.0004022697521272628,1.7126803333485533e-05,0.004594822035931562,0.0009837770910341827,0.9940020043175736,0.9940020043175736
12955,2,2,1,0.0032873829328289848,0.00015898788104292603,0.9093156785502913,0.0005662824997957683,0.08667166813604114,0.9093156785502913
15196,1,1,1,8.194060286127192e-05,0.9811960998259303,0.0008642731094702171,0.01515258056759369,0.0027051058941444345,0.9811960998259303
11523,0,0,1,0.9945473291361631,0.0003098168965917124,0.00141674594650671,0.0007770021788394212,0.0029491058418991173,0.9945473291361631
19069,4,4,1,0.001945833355201933,0.000293793120847018,0.0041069127502895725,0.0003489708065583803,0.9933044899671031,0.9933044899671031
12909,2,2,1,0.0014713733378420458,0.00014984474152457733,0.9053830518095605,0.0006980457129094805,0.09229768439816326,0.9053830518095605
13520,2,2,1,0.011870786900814048,0.00010443356907708864,0.922715883609446,0.00040599212107567736,0.06490290379958726,0.922715883609446
19068,4,4,1,0.0016080927814650953,0.0010883999225739743,0.054450406943831735,0.04601629554015158,0.8968368048119776,0.8968368048119776
14496,1,1,1,1.5670201219830173e-06,0.9979931807947776,0.0005461337912807339,0.0013451574747136916,0.00011396091910591864,0.9979931807947776
15074,1,1,1,0.00023986382476069194,0.8520561060183747,0.0005541715370633012,0.14460255325055457,0.0025473053692467197,0.8520561060183747
10053,0,0,1,0.4534215408629181,0.00024401551562024796,0.5107504652515645,0.0004338639299116012,0.03515011443998554,0.5107504652515645
11712,0,0,1,0.9878795553174073,0.00035627737086210145,0.0033243230247334593,0.001052376792378851,0.007387467494618545,0.9878795553174073
19135,4,4,1,0.001260746980486747,0.00019745355125926287,0.004969823112173014,0.00023808062246885424,0.9933338957336119,0.9933338957336119
17237,3,3,1,9.406132542679958e-05,0.007087822340835959,0.001032919105263646,0.9556875451620632,0.03609765206641034,0.9556875451620632
14452,1,1,1,4.6191754338391026e-05,0.9912915718347775,0.0007884240377461301,0.0010750199537978222,0.006798792419340313,0.9912915718347775
13471,2,2,1,0.004469898324935948,1.7272377042483643e-05,0.9297280698610576,0.0002799970576371137,0.06550476237932648,0.9297280698610576
10009,0,0,1,0.917218905186638,0.00031945562888138307,0.0719643764207856,0.00027935719620125814,0.010217905567493845,0.917218905186638
17993,4,3,0,0.0010497122621546048,0.035814460055003584,0.003859910623175634,0.6732256624897366,0.2860502545699296,0.6732256624897366
14535,1,1,1,9.321735142464076e-07,0.9992776744340943,0.000550207828171433,0.00014710679437448596,2.4078769845337935e-05,0.9992776744340943
12309,2,2,1,0.01142970088141854,8.517790784983403e-05,0.9013909633278733,0.0005111749777136637,0.08658298290514481,0.9013909633278733
14342,1,1,1,9.753195253634466e-07,0.9993227498243765,0.0005630489918869493,7.930472980375034e-05,3.3921134407455485e-05,0.9993227498243765
17575,3,3,1,2.3249317696172416e-05,0.00021760615243881707,0.001126606437538062,0.8951593856735274,0.10347315241879958,0.8951593856735274
17672,3,3,1,0.00014721906029287697,0.0004066053705259806,0.002076894567564146,0.7950397447187022,0.2023295362829149,0.7950397447187022
18766,4,4,1,0.00034722670412909413,0.0009568898312445724,0.0036493469145558524,0.00013115451231158085,0.9949153820377586,0.9949153820377586
18350,4,4,1,0.1689457585599995,0.00018443978728630763,0.019644818083819824,0.0004309248382343441,0.8107940587306599,0.8107940587306599
13600,2,2,1,9.395508677354192e-05,2.6342378557835713e-05,0.9266249828523065,0.00022998535226851887,0.07302473433009342,0.9266249828523065
11832,0,0,1,0.9804622443378185,0.00025086409664251187,0.011990596712968298,0.0007454270651230708,0.006550867787447598,0.9804622443378185
17269,3,3,1,0.00010995072711480098,0.0001956321655574803,0.001960394587869054,0.8312130292620886,0.16652099325737016,0.8312130292620886
13021,2,2,1,0.0003011161331617749,0.00011991427198777954,0.9260274589372636,0.000700128724631338,0.07285138193295529,0.9260274589372636
14630,1,1,1,6.733764040471492e-07,0.9995060211719268,0.0004627716254977903,1.4945995827026892e-05,1.558783034416142e-05,0.9995060211719268
12444,2,2,1,0.0001210877788509516,1.9111101166572553e-05,0.9484052754623413,0.0004388572175181567,0.05101566844012329,0.9484052754623413
10498,0,0,1,0.9980322196651792,1.5030909787282621e-05,0.001061852529494161,0.00011811910788845139,0.0007727777876509867,0.9980322196651792
11845,0,0,1,0.9806687520830909,0.00024406934608736108,0.011905557397776663,0.0007457205126344496,0.006435900660410432,0.9806687520830909
17833,3,3,1,3.416109691541643e-05,0.0012652415237106376,0.0012808716698176634,0.9403760923258218,0.05704363338373445,0.9403760923258218
11125,0,0,1,0.921579678776276,0.00010749477237603559,0.006306418157098503,0.0007925347679659263,0.07121387352628351,0.921579678776276
16103,3,3,1,0.0004476107805413394,0.030302698440204005,0.0008665763848068199,0.9458340108853464,0.022549103509101213,0.9458340108853464
12684,2,2,1,0.0003923973670219352,0.00012023912396587367,0.9178896665116313,0.0005261529610231559,0.08107154403635777,0.9178896665116313
10768,0,0,1,0.9835892378227714,0.0006832290309571614,0.005548118170417479,0.0015561170745877957,0.008623297901266128,0.9835892378227714
18887,4,4,1,0.0005982051132401442,0.03043812395573757,0.004038448688378993,0.0006229048417444625,0.9643023174008988,0.9643023174008988
18917,4,4,1,0.0011195648559713719,0.025945730200506223,0.0031144220743378175,4.6849757011058695e-05,0.9697734331121736,0.9697734331121736
10241,0,0,1,0.9138777544055486,5.002202625010136e-05,0.0016096614299193784,5.1781816686744874e-05,0.08441078032159555,0.9138777544055486
13081,2,2,1,0.00030854299331215,0.00016145459217845122,0.8711742686718292,0.0006638768603665745,0.12769185688231366,0.8711742686718292
14730,1,1,1,9.516924802449318e-07,0.9994157552469073,0.000549159795183982,1.622314459518549e-05,1.7910120833279827e-05,0.9994157552469073
10111,0,0,1,0.9609194311090992,0.00046247504560222816,0.032842159664961575,0.00021963228282043248,0.005556301897516572,0.9609194311090992
19188,4,1,0,0.002112388159583195,0.5735912549064413,0.003678803984719222,0.054430239299929795,0.3661873136493262,0.5735912549064413
12062,2,2,1,0.011948174452252129,0.00017783429879782663,0.9290595582861624,0.00047590780588812514,0.058338525156899815,0.9290595582861624
13083,2,2,1,0.012215345805596769,7.914741974438878e-05,0.9204607604843905,0.0003983724372785943,0.06684637385298994,0.9204607604843905
11207,0,0,1,0.9824194789038455,0.0001835778279949702,0.00843362510651021,0.0007772959324534933,0.008186022229195683,0.9824194789038455
18438,4,3,0,5.682094702255703e-05,0.00042953032006445065,0.0025895585626510773,0.7638951264806014,0.23302896368966033,0.7638951264806014
12925,2,2,1,0.0004502820663091631,4.1684707407724964e-05,0.9027170238392171,0.00037977166253111774,0.09641123772453483,0.9027170238392171
10789,0,0,1,0.9993519389400715,9.658164469405265e-05,0.00027805303137061536,0.00013061355285430521,0.00014281283100958517,0.9993519389400715
13706,2,0,0,0.9409130784685191,9.896609411015428e-05,0.05031763360295401,0.0003868377469279414,0.008283484087488325,0.9409130784685191
11842,0,0,1,0.9798227180452083,0.0004351865860910073,0.010387684266877702,0.0007129637338176463,0.008641447368005371,0.9798227180452083
11049,0,0,1,0.9984618693403536,7.39989866203733e-05,0.000993881712569107,0.00015505097064598972,0.000315198989810979,0.9984618693403536
10948,0,0,1,0.9137929540260443,0.00010668029157036784,0.0069079681154542065,0.0009224055262711569,0.07826999204066,0.9137929540260443
10688,0,0,1,0.9931094279097344,7.74098746962657e-05,0.0026785874071956323,0.0003647315639671126,0.0037698432444065464,0.9931094279097344
18074,4,4,1,3.6071581814527404e-05,0.0014066401632779372,0.003016374870554374,0.0024696930721547776,0.9930712203121983,0.9930712203121983
10452,0,0,1,0.9976376739011028,1.3867314332403291e-05,0.0011722248612058943,0.00013596946570352842,0.001040264457655303,0.9976376739011028
15319,1,1,1,4.259007276528227e-06,0.9958544858196584,0.0005736228642649348,0.0029880299709355964,0.0005796023378646011,0.9958544858196584
11916,0,0,1,0.9805427705731213,0.0002510113881341567,0.012271582890697783,0.0006602981039655165,0.00627433704408102,0.9805427705731213
14953,1,1,1,3.285562875806001e-05,0.9892386736595689,0.0006249685791757872,0.009898193502353466,0.0002053086301437463,0.9892386736595689
11017,0,0,1,0.9981158506878107,8.951802302183893e-05,0.001096796225870227,0.00022621624951558986,0.00047161881378151866,0.9981158506878107
12733,2,2,1,0.004025054208935942,6.728774462836044e-05,0.9379674178383188,0.00048547174808291513,0.0574547684600337,0.9379674178383188
19155,4,4,1,0.00036945794588046023,0.0003598809124330971,0.0058602148194381535,0.0015102871062993204,0.9919001592159487,0.9919001592159487
12633,2,2,1,0.004005295428896893,0.0002260594082263012,0.9005349551036984,0.0009006667586055508,0.09433302330057276,0.9005349551036984
18781,4,4,1,0.00035753243816188284,0.007449281301815991,0.003990100587878535,0.00048083272936532366,0.9877222529427785,0.9877222529427785
11931,0,0,1,0.9796799685390079,0.00025797120398508464,0.012471774644016255,0.0008202202095865821,0.0067700654034043885,0.9796799685390079
18820,4,4,1,0.0024946457668568443,0.0006683678659672198,0.005224010393822919,0.0008583613217643822,0.9907546146515888,0.9907546146515888
17291,3,3,1,0.0001466121873002694,0.00033699655037902214,0.0027932232790159033,0.9190674485779303,0.07765571940537455,0.9190674485779303
17227,3,3,1,0.0001247777938229306,0.0027699150377931,0.0007039047502678283,0.9824253528444458,0.013976049573670346,0.9824253528444458
10139,0,0,1,0.9686406540566831,0.00036824086616787683,0.025770778840237412,0.00021938181682284647,0.005000944420088594,0.9686406540566831
14713,1,1,1,9.071946426904669e-07,0.9993597937721083,0.0005399545826021454,4.270926043053902e-05,5.663519021660877e-05,0.9993597937721083
10373,0,0,1,0.9997454367544883,8.810079809016371e-05,5.2654226340965015e-05,3.065688757508152e-05,8.315133350558531e-05,0.9997454367544883
17270,3,3,1,5.145750338898419e-05,6.874884325684266e-05,0.001323366088191655,0.9458602919906752,0.05269613557448753,0.9458602919906752
19219,4,3,0,0.0004908355378137976,0.07705522239883393,0.00204983173067977,0.6187747607918357,0.30162934954083653,0.6187747607918357
18242,4,4,1,0.0002590227943456826,0.0006344087705802886,0.004000865456768384,0.06661972083467943,0.9284859821436263,0.9284859821436263
10940,0,0,1,0.9592263935092559,8.082345643813507e-05,0.005624578534473037,0.0004750256091153954,0.03459317889071784,0.9592263935092559
11730,0,0,1,0.9578840480179507,0.00025825262905859465,0.02489086223401674,0.0012152190686029827,0.015751618050370977,0.9578840480179507
17507,3,3,1,8.474613209862187e-05,6.392076289338071e-05,0.00224209820527556,0.9637820723627901,0.03382716253694224,0.9637820723627901
16092,3,3,1,0.0001442489465502076,0.3233559654962412,0.0005543588068355524,0.6659502424077351,0.009995184342637917,0.6659502424077351
13298,2,3,0,0.00010465087890362265,0.015200442276056884,0.0008906795947177509,0.9733413046642156,0.010462922586106252,0.9733413046642156
18547,4,3,0,0.00020825276510093795,0.001586157430563516,0.001173190654419257,0.8920047526245182,0.10502764652539812,0.8920047526245182
18356,4,4,1,0.3972337200682054,8.084692011484299e-05,0.007395910528396087,0.00014223868035655282,0.595147283802927,0.595147283802927
14800,1,1,1,1.3286425038690765e-06,0.9980872256299523,0.0005253126358563073,0.0011252464818328088,0.000260886609854701,0.9980872256299523
14748,1,1,1,1.0785255216966563e-06,0.9986884106966535,0.0005359974079068832,0.0007306781022453075,4.3835267672619045e-05,0.9986884106966535
12115,2,2,1,0.00011837967305372507,1.7060611112640126e-05,0.8272018432446238,0.0006944686618974833,0.1719682478093122,0.8272018432446238
16392,3,3,1,0.00014192373794403863,0.23336330373509429,0.0008074485970490517,0.7566494253073197,0.009037898622592943,0.7566494253073197
17618,3,3,1,1.1818305078008094e-05,0.00039960074253849863,0.0014048636798091152,0.8761954021658861,0.1219883151066883,0.8761954021658861
18730,4,4,1,0.0021867608340692705,0.0003643346761210932,0.005440012554554689,0.0007051584194028282,0.991303733515852,0.991303733515852
10205,0,0,1,0.9990674997705712,0.00013926568249654923,0.0004982007017282858,4.9246153626218316e-05,0.000245787691577935,0.9990674997705712
14887,1,1,1,0.00010969894589796365,0.9512652179929826,0.0006511588846974717,0.04622487816709559,0.00174904600932635,0.9512652179929826
14944,1,1,1,0.0001930251718195152,0.9732507607848384,0.0006281411322428188,0.024942882821118933,0.000985190089980258,0.9732507607848384
15387,1,1,1,0.0004337245881430511,0.8124869208171017,0.0010657614888148277,0.177009995659641,0.009003597446299262,0.8124869208171017
15130,1,1,1,0.00025096975913485136,0.7826701965130224,0.0011137952613662699,0.1886339830365088,0.02733105542996748,0.7826701965130224
15775,1,1,1,0.0029058142825947944,0.947011940266477,0.0033155064764760897,0.0029151653128633727,0.043851573661588504,0.947011940266477
10473,0,0,1,0.9819676041169767,0.000936745033916923,0.005360485558796834,0.0010347885874401339,0.010700376702869408,0.9819676041169767
10918,0,0,1,0.9989166889404062,6.647048672312829e-05,0.000644103756767789,0.00015750502624235798,0.00021523178986055863,0.9989166889404062
17733,3,3,1,0.0001369882411648908,0.0003574497397193986,0.0010959371035899545,0.7633491838120542,0.235060441103472,0.7633491838120542
10306,0,0,1,0.9964760159747312,0.000170103019939833,0.0023848755591624683,6.332156590864248e-05,0.0009056838802576086,0.9964760159747312
18764,4,4,1,0.00023289208547959433,0.05325574556314303,0.003472712693143472,0.005835042809389805,0.9372036068488443,0.9372036068488443
12641,2,2,1,0.0006044715721503327,0.00010198914487483816,0.920781210624476,0.0005668522784067429,0.07794547638009239,0.920781210624476
16692,3,3,1,0.0001960605639685279,0.2812848629727149,0.0007710797813711219,0.7066656688461098,0.011082327835835617,0.7066656688461098
18978,4,4,1,0.0008491007570024767,0.0013915504051166638,0.003292071648077479,0.009462959176018726,0.9850043180137845,0.9850043180137845
18741,4,4,1,0.0022470453772783,0.0011627715861451204,0.0040792848393358455,0.00037961020238673753,0.9921312879948541,0.9921312879948541
16938,3,3,1,4.6911947822346845e-05,0.0016280148086837668,0.0006388793356180755,0.954593929675738,0.043092264232137564,0.954593929675738
16630,3,3,1,0.0001048997884941388,0.005006175796945459,0.0007836366239341319,0.9801967886283636,0.013908499162262661,0.9801967886283636
15006,1,1,1,0.00014611359004645873,0.9794300677661545,0.0006855019903737723,0.009444049199287579,0.01029426745413767,0.9794300677661545
18202,4,4,1,0.0006699752532649538,0.0002546012620005442,0.002401464897310098,0.0033915979413800634,0.9932823606460442,0.9932823606460442
13490,2,2,1,0.00020955322155134982,0.00017724206658601926,0.9310955471499293,0.0006240845914911059,0.06789357297044223,0.9310955471499293
10648,0,0,1,0.9904962551397056,0.00010644889750907675,0.003160623915986223,0.0005692814967651193,0.005667390550033739,0.9904962551397056
18144,4,4,1,0.00029680154454422457,6.313028158317948e-05,0.00393998162184995,0.20066730360888407,0.7950327829431386,0.7950327829431386
12484,2,2,1,0.012925702722550248,0.00031525842012601754,0.9305102739142936,0.0009262457299279694,0.05532251921310205,0.9305102739142936
12118,2,2,1,0.0018914104416207949,7.477060069761882e-05,0.9226163181370349,0.00043967118536981855,0.0749778296352766,0.9226163181370349
11358,0,0,1,0.9843028781418047,0.00018561178666866494,0.008785192781397411,0.000752064675265096,0.005974252614863983,0.9843028781418047
10943,0,0,1,0.9970270950051787,5.972454498597869e-05,0.0012699701407470842,0.00023893899249967935,0.0014042713165886025,0.9970270950051787
18189,4,4,1,0.00025686542063223233,0.00014231690746241833,0.004419144448626324,0.002111602517000564,0.9930700707062783,0.9930700707062783
10860,0,0,1,0.9954444035570036,7.36423211729573e-05,0.003518069619175659,0.00032215879399443353,0.0006417257086534804,0.9954444035570036
15614,1,1,1,6.591293114192099e-06,0.9951131610125206,0.0007210417105216698,0.0038636374868407765,0.00029556849700293085,0.9951131610125206
15341,1,1,1,0.00024856594606950617,0.968024640510139,0.000729821186232391,0.02810101069408632,0.002895961663472727,0.968024640510139
15575,1,1,1,0.11354665023942906,0.4994342742909006,0.03792437011758822,0.06535053539979484,0.28374416995228746,0.4994342742909006
17089,3,3,1,0.00017195670017251623,0.008738417818814246,0.0007652894190221549,0.9720755263027727,0.018248809759218304,0.9720755263027727
15673,1,1,1,0.0038632197581406034,0.9762472993118626,0.002119492159449969,0.001415334509695036,0.016354654260851698,0.9762472993118626
12394,2,2,1,0.011290784718124582,0.00018298862006729921,0.9038772261359252,0.0006408318637668556,0.08400816866211588,0.9038772261359252
10794,0,0,1,0.9968865272435282,8.244069959278495e-05,0.0022982668281953385,0.0002258966748301239,0.0005068685538535902,0.9968865272435282
11761,0,0,1,0.9852180198022743,0.00040855928038085174,0.008348820539940387,0.0012306670250096107,0.004793933352394672,0.9852180198022743
18030,4,3,0,0.0013409008429091595,0.008638037471157019,0.018048574428900673,0.8291967429075083,0.14277574434952472,0.8291967429075083
17799,3,3,1,0.0003904763469411446,0.00044023972814471996,0.0059697896490630556,0.685263920277182,0.30793557399866905,0.685263920277182
16961,3,3,1,0.0025958319563139645,0.012463843289196138,0.002645904073048136,0.9286813312787416,0.05361308940270008,0.9286813312787416
10242,0,0,1,0.9972438968128322,0.0002136178837976196,0.0017721159899387073,7.996881569664687e-05,0.0006904004977348845,0.9972438968128322
13166,2,2,1,0.00022717589061182548,0.00016424861606013184,0.9243598197437761,0.0009537242693235759,0.07429503148022819,0.9243598197437761
18380,4,4,1,0.004455670067235999,3.385859780962806e-05,0.006280110883441107,0.0010291697812350683,0.9882011906702786,0.9882011906702786
10672,0,0,1,0.9764658056462606,0.0002449395256746575,0.004576131278816467,0.001325516779411724,0.017387606769836503,0.9764658056462606
11033,0,0,1,0.9974314938086583,7.628764701233533e-05,0.001876969162960446,0.00022198665299467762,0.00039326272837432447,0.9974314938086583
15529,1,1,1,6.750764630545802e-07,0.9992621863640598,0.0004557157432721246,0.00021664905815182745,6.477375805348696e-05,0.9992621863640598
18461,4,4,1,0.010761937454534666,1.8954424859553953e-05,0.009533325973990347,0.0006367188043960493,0.9790490633422192,0.9790490633422192
18457,4,4,1,0.0020322740066613582,3.390192081578417e-05,0.005044817412059894,0.0005542126444066955,0.9923347940160563,0.9923347940160563
18943,4,4,1,0.0011147862908913206,0.14043399993873748,0.003451792032422337,0.009056167257706487,0.8459432544802424,0.8459432544802424
12052,2,2,1,0.00020529292918143683,8.809624846705129e-06,0.9415881281659916,0.0004995706032078948,0.057698198676772415,0.9415881281659916
12219,2,2,1,0.01115464520514971,0.00013902347390864667,0.9390118128129424,0.0005519902016753816,0.0491425283063236,0.9390118128129424
16784,3,3,1,6.039556793940472e-05,0.00031666893383281065,0.0007325785619831814,0.9920123087608628,0.006878048175381582,0.9920123087608628
12140,2,2,1,5.6062203091662336e-05,8.224295343757847e-05,0.8810511906287921,0.0005369744116808556,0.11827352980299796,0.8810511906287921
11387,0,0,1,0.996642787243323,0.0002603720242270388,0.0007114425875237422,0.0007104992757363819,0.0016748988691897325,0.996642787243323
16755,3,3,1,0.00014032511902878182,0.00237682052580715,0.0008143842648780681,0.984091875779417,0.012576594310869159,0.984091875779417
19702,4,2,0,0.00024385627170612543,8.245793870985465e-05,0.897109898221007,0.0002847053395147665,0.10227908222906225,0.897109898221007
13721,2,2,1,0.00024099392848910898,7.636395412254097e-05,0.8917931455778293,0.00022925288068501926,0.10766024365887393,0.8917931455778293
16550,3,3,1,3.72178666500769e-05,0.0033310346962782955,0.0007032101627378777,0.9901322425064905,0.005796294767843089,0.9901322425064905
18366,4,4,1,0.00034960402397467136,0.0005278331130243602,0.0023084242451507477,0.044583153785454875,0.9522309848323953,0.9522309848323953
10002,0,0,1,0.9989710797496092,0.0001346435198273739,0.00012913983242028107,0.0001183794234897127,0.0006467574746536936,0.9989710797496092
13912,2,2,1,0.00010826995425297962,8.087525377647287e-06,0.9596697000090441,0.00024840931807503284,0.039965533193250136,0.9596697000090441
11767,0,0,1,0.9778928567991355,0.0002672424733363407,0.014109776008196274,0.0007044528694864052,0.007025671849844897,0.9778928567991355
11488,0,0,1,0.9828082901070132,0.00032193188176113006,0.00878659114658054,0.0006464786495008653,0.007436708215144219,0.9828082901070132
15550,1,1,1,2.6086232804240667e-06,0.997219764299224,0.000532706497356558,0.0006981149607113349,0.0015468056194277385,0.997219764299224
16230,3,3,1,0.0002349208880247744,0.018617837348531927,0.0007560794355784519,0.9629183738979884,0.0174727884298765,0.9629183738979884
11196,0,0,1,0.9287672930015065,0.00022045217167037295,0.050180392431427766,0.0007173381221821909,0.02011452427321343,0.9287672930015065
15553,1,1,1,0.00010241098337983586,0.9877985962670371,0.0010303238213198683,0.0011480617800679346,0.009920607148195346,0.9877985962670371
18882,4,4,1,0.0001690183907313298,0.00020455128172286235,0.004618561634056065,9.413358254780168e-05,0.994913735110942,0.994913735110942
13220,2,2,1,0.008283415490566626,0.00013417857872628287,0.9126636999494636,0.0007181998721006104,0.0782005061091426,0.9126636999494636
12536,2,2,1,0.0034991537911100044,8.27946170123025e-05,0.9245584610551864,0.000594018320252484,0.07126557221643894,0.9245584610551864
18964,4,4,1,0.004662625531745922,0.004325012783230201,0.00584051055765098,0.0011634882895636147,0.9840083628378091,0.9840083628378091
16603,3,3,1,0.00046415472790222427,0.0049024499612350106,0.0009757256020145503,0.5566239635302722,0.4370337061785764,0.5566239635302722
19151,4,4,1,0.001489798656612299,0.0001697107123533826,0.00375011641315563,0.0001441374919017249,0.9944462367259772,0.9944462367259772
10458,0,0,1,0.9881312212002035,0.00014003740664933473,0.0035157372609386675,0.0008579413444986631,0.00735506278770972,0.9881312212002035
16574,3,3,1,0.0003111502845881786,0.37371956299948045,0.0009246497997444842,0.6009155786502274,0.02412905826595932,0.6009155786502274
17591,3,3,1,0.00022249484526059427,0.0005940412550157294,0.0017482394435024836,0.6840004960744481,0.3134347283817724,0.6840004960744481
16696,3,3,1,0.00018190763871679696,0.23254079658545798,0.000765617831729694,0.7558220523087216,0.010689625635374055,0.7558220523087216
16636,3,3,1,0.014075635826733426,0.06991164501368406,0.03011413105324063,0.6607237003094125,0.22517488779692948,0.6607237003094125
15881,1,1,1,0.0014257979618797108,0.9913852616795764,0.0010483249164727113,0.0003915625910005899,0.0057490528510706525,0.9913852616795764
19885,4,2,0,0.001041733967443786,0.0002591177087305498,0.40513553686448917,0.00024071858333518667,0.5933228928760017,0.5933228928760017
15091,1,1,1,3.944393592470077e-06,0.9966481424081389,0.0008254054154471133,0.0015153033000716025,0.0010072044827498154,0.9966481424081389
15002,1,1,1,0.00019315867820011024,0.9738209764734337,0.0007112650997125764,0.004024222424818597,0.02125037732383496,0.9738209764734337
11889,0,0,1,0.9798268807385406,0.0007792539601074161,0.007931935201157625,0.0007991328469472125,0.010662797253247163,0.9798268807385406
14771,1,1,1,0.00013220481653885107,0.9494529423088909,0.000681949096772382,0.047727197770856135,0.0020057060069415787,0.9494529423088909
11897,0,0,1,0.9808411501508383,0.00035359073738345923,0.009420470046479877,0.0008495420314013015,0.008535247033897108,0.9808411501508383
10334,0,0,1,0.9910682177199355,0.00023228952321624317,0.006430609834136714,9.583103253294675e-05,0.002173051890178567,0.9910682177199355
15051,1,1,1,7.511073532044981e-06,0.9943011753899662,0.0005622701101081949,0.003960047095260824,0.0011689963311324687,0.9943011753899662
17499,3,3,1,8.868989448629194e-05,0.0008269433323267357,0.0011920353589277661,0.9299010415841226,0.06799128983013662,0.9299010415841226
12648,2,2,1,0.01243452365776989,0.0003896176037766636,0.9438853559512905,0.0009644742160805769,0.04232602857108238,0.9438853559512905
16670,3,3,1,0.00025240224931744265,0.339375285620292,0.002516186833799152,0.6491463539170853,0.008709771379505786,0.6491463539170853
14271,1,1,1,5.85004835462162e-07,0.9995448910550885,0.0004330035942383076,2.2649292324099545e-06,1.9255416605288086e-05,0.9995448910550885
15505,1,1,1,0.0008671829036005145,0.9926846439590533,0.0010165659642289331,0.00038403960142499073,0.005047567571692117,0.9926846439590533
15381,1,1,1,8.888124984285599e-07,0.9992835945931676,0.0005408496213660137,0.00010816406185282896,6.65029111153043e-05,0.9992835945931676
16857,3,3,1,0.00010564451619070984,0.013298934085418025,0.0008950446584824126,0.9728649936931641,0.012835383046744796,0.9728649936931641
14689,1,1,1,0.00028360622977136355,0.9659278393336317,0.0011295620957436042,0.03026393281171219,0.0023950595291413455,0.9659278393336317
15767,1,1,1,0.02419017637881097,0.8442423863059876,0.009688470857171593,0.016297163037014704,0.10558180342101545,0.8442423863059876
13855,2,3,0,0.0006504737827123601,0.010260287181917427,0.004468898062697226,0.6832341931473325,0.3013861478253406,0.6832341931473325
13926,2,2,1,0.014957929564911682,0.0002356603961056107,0.9089972252874341,0.0012004185216490256,0.07460876622989979,0.9089972252874341
18624,4,4,1,0.0003244769819067926,0.010565518744984985,0.004178630008643551,6.215389828045971e-05,0.9848692203661843,0.9848692203661843
13930,2,2,1,0.0003353960544311414,0.0007752761085029,0.30634868861105014,0.00044008755293525317,0.6921005516730804,0.6921005516730804
18566,4,4,1,0.0002653513978371249,4.1440243581412544e-05,0.0049480115264660075,0.0022769823034165322,0.9924682145286989,0.9924682145286989
14952,1,1,1,9.860621941540768e-07,0.9992780314175232,0.0005669291506731079,9.91353942783435e-05,5.4917975331081194e-05,0.9992780314175232
14679,1,1,1,1.1039965762844616e-06,0.9988716218420111,0.000569697444610329,0.0004861802328714361,7.13964839311942e-05,0.9988716218420111
12060,2,2,1,0.0002159939128216509,3.7085901895469286e-05,0.9116396412969004,0.0003034193735794181,0.08780385951480323,0.9116396412969004
12423,2,2,1,0.005379809965089423,0.0001305392494453512,0.929735880407352,0.0005128576331732848,0.06424091274493972,0.929735880407352
19239,4,4,1,0.0009419293196123414,0.00015202076598129385,0.0038040297661297386,9.474396352126304e-05,0.9950072761847557,0.9950072761847557
17110,3,1,0,0.00015948073915960997,0.7996072356499317,0.0006526405266101967,0.19390763852275972,0.005673004561538722,0.7996072356499317
18001,4,4,1,0.002073890433333282,2.9461830469667408e-05,0.008155745778234908,0.0017624878152124664,0.9879784141427493,0.9879784141427493
18346,4,3,0,9.703736411935993e-05,0.0021901002240305536,0.002969681503307917,0.6048170773910763,0.3899261035174654,0.6048170773910763
14968,1,1,1,1.1255913444779504e-06,0.9988910165841891,0.0005782306772391491,0.00042607703203676497,0.00010355011519068274,0.9988910165841891
14975,1,1,1,0.00037869346442497573,0.9448010463485362,0.001007883791824438,0.016085686912467763,0.03772668948274635,0.9448010463485362
17199,3,3,1,0.00018126059472444936,0.2798193774631798,0.0006865911609616811,0.7078752555697855,0.011437515211349003,0.7078752555697855
18212,4,4,1,0.013915525882212327,2.2891983178912136e-05,0.003837484962189369,0.0001936946879524787,0.982030402484467,0.982030402484467
17845,3,3,1,0.0002071289147009227,0.0002143073709190346,0.0023004406770589943,0.9300647525821142,0.06721337045520703,0.9300647525821142
11289,0,0,1,0.9605877117249629,0.00038314111769329986,0.027715229898835163,0.0007081096556444279,0.010605807602864118,0.9605877117249629
19044,4,4,1,0.0028974895972243456,0.007656241517138642,0.004196032620254289,0.00013282051260817644,0.9851174157527747,0.9851174157527747
15204,1,3,0,7.319970192685204e-05,0.18909680583521432,0.0005435827490445611,0.7963318194520269,0.013954592261787338,0.7963318194520269
17447,3,3,1,0.00019373640511314346,0.0004931339821381093,0.0014325506063895335,0.8934556818401287,0.10442489716623064,0.8934556818401287
12073,2,2,1,0.0014524461603146995,0.0001536530762755389,0.8831231341104752,0.0005527388124831423,0.11471802784045163,0.8831231341104752
10150,0,0,1,0.984750398337255,0.00024095169499686802,0.011371407563357782,0.0002054897638146261,0.0034317526405756075,0.984750398337255
13060,2,2,1,0.00029018422049485585,0.00018891509719887084,0.9075690006743738,0.0006987750386902088,0.09125312496924215,0.9075690006743738
17161,3,3,1,0.00032129937621609066,0.030796193501706558,0.0007384260151858584,0.9544920074322991,0.01365207367459216,0.9544920074322991
10917,0,0,1,0.9989180968387579,7.616503445808093e-05,0.000583133558977462,0.00020141665434860687,0.00022118791345808293,0.9989180968387579
10110,0,0,1,0.7272415111460648,0.00024248771959791318,0.25481636680628084,0.00026078971067041486,0.017438844617385787,0.7272415111460648
18559,4,4,1,0.0006267786655952779,0.0007935206268410706,0.0029890785906846475,0.011223297220255488,0.9843673248966237,0.9843673248966237
13725,2,2,1,0.0007898456268716341,0.00020896797014167458,0.8871026074566168,0.0005875416255920164,0.1113110373207779,0.8871026074566168
17588,3,3,1,3.9438369070059335e-05,0.0003595907050340734,0.0019326432457118276,0.8192895534068048,0.1783787742733794,0.8192895534068048
15032,1,1,1,1.7700274367959242e-06,0.9983796624086071,0.0007097937002495704,0.0005455555340680222,0.0003632183296385544,0.9983796624086071
15532,1,1,1,1.0032336325867846e-06,0.9990408572030797,0.0005111894118082693,3.941424080430953e-06,0.00044300872739908356,0.9990408572030797
16567,3,3,1,4.368110278631924e-05,0.0039598045069330935,0.000552708294113195,0.9891082376263571,0.006335568469810273,0.9891082376263571
11704,0,0,1,0.9864881831301373,0.00026357896750950994,0.00633041524407812,0.0008354355539433912,0.006082387104331963,0.9864881831301373
14102,1,1,1,3.8525187684490103e-07,0.9996428856681576,0.0003456448191086328,1.0468930452170295e-06,1.0037367811794955e-05,0.9996428856681576
14744,1,1,1,1.1933934170495307e-06,0.9993368365282863,0.0006221060146409497,1.2473510163185723e-05,2.7390553492547697e-05,0.9993368365282863
10902,0,0,1,0.9988039874144315,7.141706358125735e-05,0.000700617212484496,0.00017091080738589648,0.0002530675021167706,0.9988039874144315
17457,3,3,1,4.260797895199985e-05,0.0002490184531884464,0.0009363307130707764,0.9607332820606027,0.03803876079418594,0.9607332820606027
10101,0,0,1,0.9976881252222162,0.00023765041326239347,0.00036626042544454475,0.0002216718469160524,0.001486292092160625,0.9976881252222162
10752,0,0,1,0.9838349120041263,0.000532796810308906,0.005301840998788995,0.0013347709503576293,0.008995679236418391,0.9838349120041263
11271,0,0,1,0.9774908304879422,0.00019795590317710115,0.01264799640718764,0.0007770090756066046,0.008886208126086528,0.9774908304879422
11003,0,0,1,0.7163430583171353,0.0001575407183280283,0.2634286706191295,0.0010544677613318633,0.019016262584075353,0.7163430583171353
17723,3,3,1,1.4654996643278669e-05,0.00010113335397473282,0.0013870147708716567,0.9730885972796587,0.025408599598851604,0.9730885972796587
18442,4,4,1,0.0012484518240277796,6.43233170350731e-05,0.003097430766972982,0.0006959361623941764,0.9948938579295699,0.9948938579295699
18271,4,3,0,0.0003142621879067191,0.0005877177733795196,0.007586192285315418,0.7338177169841783,0.25769411076921994,0.7338177169841783
18036,4,4,1,0.0008442174563480034,0.001112307549701507,0.008374635760106096,0.06736705436243179,0.9223017848714126,0.9223017848714126
16634,3,3,1,0.0002738273489553192,0.006596308334692154,0.0009405367713957759,0.924716722261945,0.06747260528301169,0.924716722261945
11900,0,0,1,0.9804030324626869,0.0003147857226458857,0.010037502683394596,0.0007844470172850376,0.00846023211398731,0.9804030324626869
13238,2,2,1,9.867639686533751e-05,6.94534661028784e-06,0.9485794802151597,0.000847028801219169,0.05046786924014538,0.9485794802151597
13245,2,4,0,0.00020691812028297022,0.0006035698923682752,0.11024394516435988,0.0007667948241261154,0.8881787719988627,0.8881787719988627
12681,2,2,1,0.019394929600799454,0.0009464075325238455,0.9110015871800222,0.0018997338880695801,0.06675734179858497,0.9110015871800222
17678,3,3,1,8.225840048751621e-05,0.00043961827801207166,0.0011628107432272003,0.8023430806823966,0.19597223189587662,0.8023430806823966
11005,0,0,1,0.9985817486581449,8.11454222941205e-05,0.0008986268339598229,0.0001799214010662032,0.0002585576845348677,0.9985817486581449
18148,4,4,1,0.0020466895612057914,2.7793404346620666e-05,0.0038599489097094286,0.0010179554162700608,0.9930476127084683,0.9930476127084683
18531,4,4,1,0.0015589097019539618,4.444479003282748e-05,0.004371812879095305,0.0010967503019941292,0.9929280823269236,0.9929280823269236
10282,0,0,1,0.9998126058347788,8.113297496792213e-05,3.463871088139042e-05,2.4216195113359578e-05,4.7406284258646494e-05,0.9998126058347788
12507,2,2,1,0.010496884067964425,0.0007702492213876849,0.9403289788781027,0.001429902454506773,0.04697398537803857,0.9403289788781027
15449,1,1,1,0.0003423933685414099,0.39983181054997646,0.0011397857905674131,0.5677480614536742,0.030937948837240513,0.5677480614536742
11974,2,2,1,4.0300144379186595e-05,3.099329534572883e-05,0.9451305577660787,0.0009801369040975008,0.05381801189009928,0.9451305577660787
13962,1,1,1,6.210743227801393e-07,0.9990586315818746,0.0004092156146439986,4.072534975109079e-06,0.0005274591941834409,0.9990586315818746
17545,3,3,1,3.959480534847707e-05,0.0004085453801027637,0.0014778993983967348,0.9670187314953278,0.03105522892082404,0.9670187314953278
19149,4,4,1,0.00043595231806133603,0.0002469382473522651,0.005203453824726153,0.00014452060058964318,0.9939691350092705,0.9939691350092705
15469,1,1,1,8.60534703136507e-07,0.998780058274869,0.0004875859629702486,0.0005408019151812802,0.000190693312276303,0.998780058274869
10869,0,0,1,0.9939296993533364,8.719305538361004e-05,0.004569785949580252,0.0004493401143995478,0.0009639815273001524,0.9939296993533364
13214,2,2,1,7.353644277079942e-05,1.243458221297319e-05,0.9303408104250707,0.0006588504961886656,0.06891436805375678,0.9303408104250707
18186,4,4,1,0.0002529179053513512,4.486439699069132e-05,0.004560209242771604,0.0017604394673110335,0.9933815689875753,0.9933815689875753
15573,1,1,1,1.5352663229596821e-06,0.9988668757015153,0.0005580266743743358,2.3072231028684768e-05,0.0005504901267586883,0.9988668757015153
12650,2,2,1,0.012133128537491994,0.00042342779320414666,0.9347938973705271,0.0009560722273228288,0.05169347407145411,0.9347938973705271
15308,1,1,1,1.592439868421955e-05,0.9924017803560967,0.0004279609786103386,0.006815888460317379,0.00033844580629103317,0.9924017803560967
13883,2,2,1,5.340782084861641e-05,9.136795724656596e-05,0.9321077619291662,0.0005334649539977345,0.06721399733874082,0.9321077619291662
13919,2,2,1,0.04887609982203404,7.606041846282407e-05,0.8711026688980263,0.00047332073145379424,0.07947185013002285,0.8711026688980263
11118,0,0,1,0.9542777926136369,9.156048955350555e-05,0.005994663220619674,0.00059172260591096,0.039044261070279106,0.9542777926136369
16572,3,3,1,0.00011506933619422207,0.004579204683776184,0.0008359420365588121,0.9787345293383303,0.01573525460514073,0.9787345293383303
11142,0,0,1,0.9981627343284709,6.50645746120988e-05,0.0010490466501284288,0.00016107766648540975,0.0005620767803030447,0.9981627343284709
12928,2,2,1,0.0003712434710214457,8.137640159846023e-05,0.8748735188755005,0.00026676533015457943,0.12440709592172498,0.8748735188755005
13113,2,2,1,0.00019015748868109935,1.6915230537416675e-05,0.9364637864855305,0.00044117336661513923,0.06288796742863559,0.9364637864855305
16800,3,3,1,0.00016165965338148412,0.005993841894886074,0.0006616990108939145,0.972229352841786,0.020953446599052874,0.972229352841786
10509,0,0,1,0.9697034652703719,0.002109345975270935,0.007829971820752282,0.0020063056029575913,0.01835091133064707,0.9697034652703719
15899,1,1,1,9.697400328651279e-07,0.998758648100465,0.0005142977898619494,0.000619838287698042,0.00010624608194219179,0.998758648100465
11001,0,0,1,0.996548856241603,0.00011257013332479417,0.002048979570293935,0.00042164294177151577,0.0008679511130066204,0.996548856241603
14340,1,1,1,3.440396678783776e-06,0.9975428355167807,0.0007361568198765968,0.0004581238494875872,0.0012594434171764837,0.9975428355167807
12034,2,2,1,0.00032962671035470373,5.0709423942492146e-05,0.9176670062821968,0.00030230995703230026,0.08165034762647372,0.9176670062821968
10196,0,4,0,0.37139361220881884,7.062424546594483e-05,0.004614221284932626,9.843314174009318e-05,0.6238231091190427,0.6238231091190427
11998,2,2,1,0.000962857095045782,2.118753296955852e-05,0.9279731662096542,0.0006395348011344913,0.07040325436119593,0.9279731662096542
18501,4,4,1,0.0006776028305735415,3.380538609203256e-05,0.004098548494284681,0.0007831153469040895,0.9944069279421458,0.9944069279421458
12511,2,2,1,0.01637186779764794,0.00035806059901655353,0.8900851459033383,0.0009871749622567022,0.09219775073774056,0.8900851459033383
10175,0,0,1,0.9943625088055342,0.00023268032312556195,0.0025718278966614275,0.00023197335445383622,0.0026010096202251512,0.9943625088055342
17982,4,4,1,0.0005002874169399422,0.00011870477819284302,0.010584044580995244,0.0018152939215122532,0.98698166930236,0.98698166930236
12701,2,2,1,0.012573047561994611,0.00030193554432710577,0.9390730905595531,0.0009115845317309035,0.047140341802394056,0.9390730905595531
15114,1,1,1,0.0024104657210059807,0.8572408843495462,0.0045641620995685965,0.053788491690384,0.08199599613949578,0.8572408843495462
13508,2,2,1,0.0020729646114839304,3.6032103305741636e-05,0.9336324136092617,0.000299516706655073,0.06395907296929339,0.9336324136092617
16762,3,3,1,0.00011939070850842696,0.00026004240007415706,0.0021472323504488394,0.8888737107605164,0.10859962378045239,0.8888737107605164
11098,0,0,1,0.8605845675118639,9.222111205707768e-05,0.12695890180659122,0.0009770234621205715,0.011387286107367304,0.8605845675118639
13016,2,2,1,9.308157787640082e-05,3.031079849568317e-05,0.9267655430801472,0.0004003750298657351,0.07271068951361515,0.9267655430801472
18420,4,4,1,0.0004783092843682078,7.6833207559579e-05,0.017821410918234287,0.14687945711452605,0.834743989475312,0.834743989475312
14437,1,1,1,8.745166455959243e-07,0.9986004539324465,0.00043630188058008335,0.0009053583207844207,5.70113495435516e-05,0.9986004539324465
13487,2,3,0,0.000282064073138299,0.00010887842536308187,0.0044952196686985175,0.42536849635302204,0.5697453414797784,0.5697453414797784
10123,0,4,0,0.35294449774882986,5.8322429082801884e-05,0.005312535989353465,0.00011901044583831937,0.6415656333868955,0.6415656333868955
12407,2,2,1,0.00605020505791495,0.0002142773587197932,0.9023376261461863,0.0008753532209628755,0.09052253821621598,0.9023376261461863
12227,2,2,1,0.00018356572648257257,7.783625709593897e-06,0.9493350653109112,0.0004127553930835001,0.05006082994381306,0.9493350653109112
10859,0,0,1,0.9988272500243814,6.509372389101292e-05,0.0006972506389352558,0.00012825384037147783,0.0002821517724207583,0.9988272500243814
13645,2,2,1,0.0001911320861268699,0.0001319052708062221,0.6884188200768524,0.00039954022351487,0.31085860234269946,0.6884188200768524
19096,4,4,1,0.0004125852558404729,0.0002078546685003471,0.004855586767147777,0.00013046268002834947,0.9943935106284834,0.9943935106284834
14740,1,1,1,2.1684265752933836e-06,0.9982783378426263,0.0007944855712145942,0.0005867396283829537,0.0003382685312008743,0.9982783378426263
11620,0,0,1,0.9765410516189144,0.0005047515358895337,0.010656247364566768,0.001023219363130038,0.011274730117499748,0.9765410516189144
11356,0,0,1,0.9592772611719926,0.00024759776239186677,0.02158971228735385,0.0008653636598329294,0.018020065118428907,0.9592772611719926
17121,3,3,1,0.0001579928148734172,0.1322755867393495,0.0008031177362267278,0.8546912969787861,0.012072005730764423,0.8546912969787861
18650,4,4,1,0.0007319799758682638,0.0014321424572825174,0.004071990528405584,7.59007938213037e-05,0.9936879862446221,0.9936879862446221
13840,2,2,1,0.0001720136632498976,0.00010765409910558018,0.8375568291530603,0.0012870423382595109,0.1608764607463246,0.8375568291530603
19561,4,2,0,2.1005232767865722e-05,6.927050796083285e-05,0.8216944662138558,0.0003748656887998067,0.17784039235661556,0.8216944662138558
13655,2,2,1,4.882573682514286e-05,5.2890001778172556e-05,0.9546069572284694,0.0005134131060538664,0.04477791392687325,0.9546069572284694
10551,0,0,1,0.9983563329365105,1.2554954261378577e-05,0.0009054202770941394,9.145143797919595e-05,0.000634240394154839,0.9983563329365105
16400,3,3,1,0.07964511463398156,0.15065885066684873,0.03618879844904937,0.38615057156243815,0.34735666468768206,0.38615057156243815
11578,0,0,1,0.971874804637317,0.00035714540125088274,0.02252731092895853,0.0007211171267931965,0.004519621905680436,0.971874804637317
15611,1,1,1,9.306613860292916e-07,0.9986537075925168,0.00048390279201381735,0.0007230003712924871,0.00013845858279079852,0.9986537075925168
14574,1,1,1,8.435375346100634e-07,0.9991881544972552,0.0005161459336606477,0.00022473720900848736,7.011882254079441e-05,0.9991881544972552
17478,3,3,1,4.8149138202829995e-05,0.0008107695500264697,0.001554500631514166,0.8621893730185773,0.13539720766167934,0.8621893730185773
15291,1,1,1,0.00018191667363413985,0.9030064021806353,0.0007805730686871625,0.09363417113626354,0.0023969369407799215,0.9030064021806353
13541,2,2,1,0.0004530997959443605,0.0001306280740612968,0.8685943909777344,0.0006096723838792108,0.13021220876838085,0.8685943909777344
14327,1,1,1,6.277612028472628e-07,0.9995310593792879,0.0004491674901216282,2.165223577454123e-06,1.6980145810237514e-05,0.9995310593792879
18121,4,4,1,0.000485822751478409,0.00012287995874944453,0.005002042830592163,0.0007474018270110388,0.9936418526321691,0.9936418526321691
19391,4,2,0,0.01253646632392713,0.00023961652094759437,0.8675024803350692,0.00048255986817436966,0.11923887695188129,0.8675024803350692
18885,4,4,1,9.465222888141094e-05,0.005536718843239181,0.0015192869305206474,0.0038595057919969715,0.988989836205362,0.988989836205362
13019,2,2,1,0.01648615814492231,8.858417732091532e-05,0.898012699961356,0.0014937492519199837,0.08391880846448084,0.898012699961356
17758,3,3,1,2.9409197785793774e-05,0.0025918026712806524,0.0014261302747748661,0.9378687666401693,0.058083891215989336,0.9378687666401693
11956,2,2,1,0.003929358876953209,5.066046452029832e-05,0.9339414223412382,0.0004433822812758817,0.06163517603601234,0.9339414223412382
15251,1,1,1,0.0002890094502198732,0.8395621442719752,0.0006212569382516846,0.15706592438282643,0.0024616649567268346,0.8395621442719752
16989,3,3,1,0.00017515695532801604,0.005287692723187733,0.0009141163791884818,0.973020005900505,0.02060302804179114,0.973020005900505
11147,0,0,1,0.9980929457530232,5.8845569710362704e-05,0.0009689247831077063,0.00020030651491654837,0.0006789773792421923,0.9980929457530232
18306,4,4,1,0.0008556174417757992,8.241280284462328e-05,0.008025202659785236,0.0016801186725683525,0.9893566484230261,0.9893566484230261
10793,0,0,1,0.9958356120806174,0.00012140555321075916,0.0028800129633033984,0.00044717820451328506,0.0007157911983550659,0.9958356120806174
15265,1,1,1,7.971535752222126e-07,0.9988122028117261,0.0004469466686173464,0.00066552203572761,7.453133035377036e-05,0.9988122028117261
11621,0,0,1,0.9698707118255633,0.0010836261245737173,0.008161555978979091,0.0016596338523020002,0.019224472218582204,0.9698707118255633
16387,3,3,1,0.00018820052287538846,0.00954807907056216,0.0015724801281295677,0.9679463320531502,0.0207449082252826,0.9679463320531502
14654,1,1,1,2.5967570811131923e-06,0.9971030351309,0.0006488832615735674,0.0018557180503326626,0.0003897668001127384,0.9971030351309
15663,1,1,1,0.0029231035182613737,0.9832346092291676,0.001770828839633332,0.0009441542170722802,0.011127304195865429,0.9832346092291676
11451,0,0,1,0.9976670525662161,0.000264970268063932,0.0004262121116637695,0.0006554752135370378,0.0009862898405190495,0.9976670525662161
11816,0,0,1,0.9783831095646559,0.0010346859673820217,0.007241780112070015,0.0009319605455464487,0.012408463810346005,0.9783831095646559
18743,4,4,1,0.004294781876781919,0.003138108716338453,0.2258543951766934,0.056705366723606446,0.7100073475065799,0.7100073475065799
10391,0,0,1,0.9979929303369797,1.8914184672302558e-05,0.001077074173957422,0.00010005299451092539,0.0008110283098796317,0.9979929303369797
13994,1,1,1,5.6464629900716665e-06,0.9962283430147054,0.0007454125862188576,0.0012849976697191813,0.0017356002663662712,0.9962283430147054
11151,0,0,1,0.9969905469469523,5.911471807762544e-05,0.00156188075711809,0.0002260184693003243,0.0011624391085517142,0.9969905469469523
12410,2,2,1,0.021370419726247925,0.0004899609738707655,0.8846512206903596,0.0011201569605080422,0.09236824164901351,0.8846512206903596
12894,2,2,1,0.013943804047321772,0.00022871127345923964,0.9196919005215237,0.0008102254578980237,0.06532535869979712,0.9196919005215237
17709,3,3,1,5.978324146465074e-05,0.0004135444874876753,0.0009677572520448084,0.903209279606621,0.09534963541238188,0.903209279606621
13860,2,3,0,3.89957444610714e-05,0.0024887984134770624,0.0010014431203069273,0.964168827727072,0.03230193499468275,0.964168827727072
17903,3,3,1,0.00019909317116358413,0.00018957183223285753,0.002885721718521042,0.9484239063797163,0.04830170689836615,0.9484239063797163
11801,0,0,1,0.979962659011393,0.0002674062869677655,0.012251150132278928,0.0006543482411368847,0.006864436328223615,0.979962659011393
13219,2,2,1,5.9497213455286497e-05,3.4496982800419767e-06,0.953833758931628,0.001036187984415219,0.045067106172221184,0.953833758931628
14073,1,1,1,4.234040574898691e-07,0.9996265503542743,0.0003643496025850485,9.700661668181103e-07,7.706572916321444e-06,0.9996265503542743
10191,0,0,1,0.9951841269958656,0.00016267585802225238,0.0033750849313956047,6.694235541469272e-05,0.00121116985930199,0.9951841269958656
19910,4,2,0,0.0004181476662505146,0.0001340388170277387,0.8621921334931314,0.00025664534908466504,0.13699903467450567,0.8621921334931314
15190,1,1,1,9.698558719557075e-05,0.958857359128648,0.0004458852303506033,0.0390505552482665,0.0015492148055392342,0.958857359128648
16632,3,3,1,0.00038202351525260854,0.004756065931762149,0.0009645755098034274,0.968497689414823,0.025399645628358575,0.968497689414823
14695,1,1,1,2.9002675022187534e-05,0.9932711532117576,0.001087784846381358,0.0005036619049072188,0.005108397361931643,0.9932711532117576
14634,1,1,1,8.808697131117645e-06,0.9956078832152707,0.0009543483283046494,0.0009619798531763811,0.0024669799061171342,0.9956078832152707
14057,1,1,1,4.5473229495951263e-07,0.9996091838623217,0.0003785862009905379,1.3808093720245704e-06,1.0394395020801789e-05,0.9996091838623217
17843,3,3,1,4.464877395374397e-05,0.0016675647611360234,0.00319291043648698,0.8091657559264648,0.18592912010195825,0.8091657559264648
12989,2,2,1,0.0007673974696176303,2.3403254174986264e-05,0.9097914600479077,0.0015640877867074301,0.08785365144159213,0.9097914600479077
13583,2,2,1,0.00017504691005909773,3.461545625686854e-05,0.9442361181561294,0.00041105072741799004,0.055143168750136744,0.9442361181561294
13289,2,2,1,0.00044748407098910023,0.0001315230956092586,0.9195311245033571,0.0007821805055162567,0.07910768782452815,0.9195311245033571
11587,0,0,1,0.9734222810846704,0.0002559512146532275,0.015536818937899495,0.0009858124336344374,0.009799136329142762,0.9734222810846704
11132,0,0,1,0.9893684348650665,0.00011558655872295339,0.0027660452950539994,0.0005587565775744051,0.007191176703582185,0.9893684348650665
11963,2,2,1,0.00022216201161773106,1.7192272253423894e-05,0.9316172789747118,0.0004003851008982467,0.06774298164051869,0.9316172789747118
13782,2,2,1,0.0005106371117341354,9.400145998879586e-05,0.9354150435593337,0.0005861536987117149,0.06339416417023182,0.9354150435593337
18645,4,4,1,0.0029229004884635443,0.0006927362082589733,0.004390122373715116,0.0007197329498107796,0.9912745079797517,0.9912745079797517
14616,1,1,1,2.5710982582307996e-06,0.9980123070983171,0.00079845971260455,0.0005037376175808252,0.000682924473239057,0.9980123070983171
14669,1,1,1,1.926106773540028e-06,0.9976789152221482,0.0006297496604069206,0.0012632335176406184,0.0004261754930308148,0.9976789152221482
18456,4,4,1,0.0028960997545476657,0.00014276260097207587,0.004677793260815884,0.0013545268671121006,0.9909288175165523,0.9909288175165523
15422,1,1,1,9.561966799771919e-05,0.747171240676422,0.000513563052791445,0.24943230256792714,0.0027872740348615296,0.747171240676422
12131,2,2,1,0.002068020038613396,0.00017993370859231656,0.8822872531725253,0.0004950012839797405,0.11496979179628924,0.8822872531725253
13331,2,2,1,0.0048036752800126635,0.00017827227210019206,0.9034634672068212,0.0006732423084338228,0.09088134293263235,0.9034634672068212
10463,0,0,1,0.9981888566793982,1.2672494047092562e-05,0.0008440626240910087,8.366653293343335e-05,0.0008707416695300748,0.9981888566793982
14095,1,1,1,1.0702595632842372e-05,0.9956633188725424,0.0008033757448252707,0.000876945489500603,0.002645657297498919,0.9956633188725424
16242,3,3,1,0.00023461260159598666,0.00932023464377682,0.0007774213585978395,0.9693505688039983,0.020317162592031313,0.9693505688039983
18483,4,4,1,0.0005710679705651679,0.0002728893073035468,0.0031932056602984775,0.017253836345951245,0.9787090007158815,0.9787090007158815
12261,2,2,1,0.006885451935943804,0.00010125185421453832,0.8935111055435725,0.00039224113866288335,0.09910994952760596,0.8935111055435725
17244,3,3,1,0.0001755429879127481,0.002530116060135078,0.0011335427537116157,0.979654775383366,0.016506022814874503,0.979654775383366
18513,4,4,1,0.0005118322554810646,0.00012555955433978072,0.003576233578296728,0.00587805557148647,0.9899083190403959,0.9899083190403959
11625,0,0,1,0.9800390396136571,0.0003061508962671723,0.010172323058616857,0.0009830883557379064,0.008499398075720982,0.9800390396136571
15334,1,1,1,0.00014005054193727654,0.9482814639172046,0.0007477202047668821,0.048847290325479936,0.0019834750106111337,0.9482814639172046
13084,2,2,1,0.008100703095541437,0.0005550452956679504,0.8510543339626193,0.0011914522225159837,0.13909846542365525,0.8510543339626193
12865,2,2,1,0.00018232600582494815,4.679955352619965e-05,0.9290853832997102,0.0003101217942867335,0.07037536934665205,0.9290853832997102
12699,2,2,1,0.0040397754352456796,0.0006685335929233195,0.958260114430181,0.0015393201220470474,0.03549225641960285,0.958260114430181
10119,0,0,1,0.9980434683669969,0.00014034125642680673,0.00024378502395484906,0.00014261097344284406,0.0014297943791785092,0.9980434683669969
13839,2,2,1,0.009933882177443279,0.00020160834918571416,0.9178811024951257,0.0008575697604300573,0.07112583721781511,0.9178811024951257
11502,0,0,1,0.9646664982740824,0.0004714591624542718,0.023287283493099914,0.0007516398872967307,0.010823119183066825,0.9646664982740824
17603,3,3,1,7.736750823083514e-05,0.00023543444495647352,0.0013655622453335146,0.9238242279011428,0.07449740790033661,0.9238242279011428
18585,4,4,1,0.0010026719293170494,3.0184034552552223e-05,0.0034544791099179405,0.0007807400458482401,0.9947319248803641,0.9947319248803641
18690,4,4,1,0.0012542262427567776,0.0003061105136054767,0.005586235653248718,0.0002987970353807459,0.9925546305550081,0.9925546305550081
14234,1,1,1,6.221718422556628e-07,0.9995421988546372,0.00044613451143674343,1.0542451780463742e-06,9.990216905776183e-06,0.9995421988546372
12032,2,2,1,0.023023052180689122,0.00017740832268560645,0.8694756701173322,0.0010190326767787986,0.1063048367025143,0.8694756701173322
10552,0,0,1,0.9923522505609367,0.00015783915943463732,0.002952479406900249,0.0005408423789240875,0.0039965884938042194,0.9923522505609367
17772,3,3,1,0.0005838139273025224,0.0004900533425781781,0.006857568777234562,0.6718505729852826,0.3202179909676021,0.6718505729852826
12576,2,2,1,0.012491288822057316,0.00028891555322934124,0.9046286233153189,0.0009523228530219834,0.08163884945637247,0.9046286233153189
10141,0,0,1,0.9986891728301733,0.00011153982383769567,0.00012291245497509704,0.00011578549078132819,0.000960589400232734,0.9986891728301733
16101,3,1,0,0.0012851829085773886,0.9482596284024442,0.0021298657154213865,0.03939724245252195,0.008928080521035072,0.9482596284024442
16886,3,3,1,0.0013114094688765547,0.003523639140851285,0.0026455409495747886,0.7523608258290692,0.24015858461162812,0.7523608258290692
10513,0,0,1,0.9964034982728525,6.744101561518442e-05,0.0017385492567532918,0.00022293704240510767,0.0015675744123739399,0.9964034982728525
11027,0,0,1,0.9990414751984523,8.429944049393797e-05,0.0005526239761431986,0.00011631711547086988,0.0002052842694397049,0.9990414751984523
11361,0,0,1,0.9940814867646312,0.0002969225171765674,0.002218832924526289,0.0006624401298852499,0.002740317663780847,0.9940814867646312
18316,4,3,0,0.0002547261461940943,0.0008452550772027147,0.006870318025604498,0.7894982601262798,0.2025314406247189,0.7894982601262798
18067,4,3,0,0.00024862955036313543,0.0009038718514198256,0.006250101794362595,0.3370845178555189,0.6555128789483357,0.6555128789483357
12119,2,2,1,0.005856886372773164,0.00041920379150118604,0.8611874954211826,0.001076500966656038,0.131459913447887,0.8611874954211826
17256,3,1,0,0.00010475253913377895,0.7270240685757945,0.0005516467013990836,0.27007864870345527,0.0022408834802171273,0.7270240685757945
12135,2,2,1,0.0001554027927091721,6.0102748474387695e-05,0.8988908634403032,0.00023864325500346217,0.1006549877635095,0.8988908634403032
15169,1,1,1,6.757551780442018e-05,0.9503446295773488,0.000447833968111861,0.046907796474672074,0.002232164462062752,0.9503446295773488
15738,1,1,1,0.004093208390937836,0.9760668463028441,0.0023424079468796536,0.0015696910871041572,0.01592784627223386,0.9760668463028441
11246,0,0,1,0.9177523042013543,0.00019147657776683535,0.06582339723158284,0.0007612207777872288,0.015471601211508694,0.9177523042013543
13803,2,2,1,0.13057281053502218,0.0007482048408929356,0.8242805521732948,0.0014569270335234154,0.0429415054172671,0.8242805521732948
17873,3,3,1,0.0001546074321132601,0.0006608466323067908,0.0021957193264863493,0.9193486172660253,0.07764020934306823,0.9193486172660253
18245,4,4,1,0.011314185370791582,0.00013008761009521735,0.009905341974467402,0.00140713983348095,0.9772432452111649,0.9772432452111649
10637,0,0,1,0.9981695847782132,1.6415718235394087e-05,0.0010004004865076343,0.0001190603652314379,0.0006945386518123712,0.9981695847782132
17713,3,3,1,2.8211712983012973e-05,8.258379631123266e-05,0.0013370709918901899,0.9758903921416338,0.02266174135718202,0.9758903921416338
17635,3,3,1,4.875584388116432e-05,0.00015688697193424504,0.0013302896305485592,0.9574985194297043,0.04096554812393193,0.9574985194297043
14502,1,1,1,1.4576688627618256e-06,0.998239119406641,0.0005871391173173848,0.0010995919120859398,7.269189509284578e-05,0.998239119406641
13523,2,2,1,0.0012398297033045808,0.00012925808748163962,0.916177071842302,0.00045960528226003585,0.08199423508465178,0.916177071842302
15230,1,1,1,0.00014930937484233879,0.934557722116158,0.0006406273947695869,0.06238481763849797,0.0022675234757321876,0.934557722116158
17972,4,4,1,0.0030923363337646784,1.0200944007814537e-05,0.00759006883767596,0.0017367327405106603,0.9875706611440405,0.9875706611440405
19412,4,2,0,0.00014986161897932973,7.813808320510997e-05,0.9159220966982307,0.00045853057913517766,0.0833913730204495,0.9159220966982307
14277,1,1,1,6.207622236717033e-07,0.999487037432557,0.00044706783875858965,2.861835121161329e-06,6.241213133956898e-05,0.999487037432557
10687,0,0,1,0.9940333896278922,6.274653743222936e-05,0.0023366181775552317,0.00031636512406703734,0.0032508805330532663,0.9940333896278922
16650,3,3,1,0.0007149387356947493,0.022722381883764974,0.0014123883715592073,0.9351206729224043,0.0400296180865769,0.9351206729224043
13908,2,2,1,3.323253222620454e-05,7.685645506205734e-05,0.9349493112027396,0.000737886498808437,0.06420271331116373,0.9349493112027396
16806,3,3,1,0.00011444599863302052,0.003055919273363955,0.0007075884850268953,0.9817959476482884,0.014326098594687772,0.9817959476482884
12332,2,2,1,0.00015251058568095438,7.86742956648936e-06,0.9513608987340606,0.00036286968846015004,0.04811585356223153,0.9513608987340606
13585,2,2,1,0.0005376913144769054,9.840254683529057e-05,0.9059122230674733,0.0008213933764893585,0.09263028969472505,0.9059122230674733
12391,2,2,1,2.086272871921038e-05,4.8528490958575634e-05,0.9506940893420367,0.0004641272281135343,0.04877239221017187,0.9506940893420367
15931,1,1,1,0.03778136939484307,0.7476848383791861,0.014765192268563857,0.027765283784390127,0.17200331617301706,0.7476848383791861
11568,0,0,1,0.9745529714796807,0.0004408205660208052,0.012890032513561184,0.0009589718285943526,0.011157203612142804,0.9745529714796807
14206,1,1,1,2.42582045389527e-06,0.9973592752122995,0.000613789463975194,0.0019520806553447575,7.242884792654218e-05,0.9973592752122995
12742,2,2,1,0.0004702421730005741,6.779057492970427e-05,0.9100005343951308,0.0003417567675165703,0.0891196760894223,0.9100005343951308
14084,1,1,1,3.406906187077313e-06,0.9977087088262679,0.000921888222211222,0.00029287355973544915,0.00107312248559842,0.9977087088262679
11243,0,0,1,0.9791797837247246,0.00017978561801902147,0.011069055261375676,0.000742955422156473,0.008828419973724346,0.9791797837247246
13266,2,2,1,4.0721619590482394e-05,1.572160457519515e-05,0.9596126392860299,0.0011624114427098305,0.03916850604709484,0.9596126392860299
12561,2,2,1,0.012426438025200357,0.0001767175311722021,0.9252532138395401,0.0005809802804955378,0.06156265032359221,0.9252532138395401
11432,0,0,1,0.9986216109697742,0.00019402056601420953,0.00016043516291268844,0.0006010508774019575,0.0004228824238968887,0.9986216109697742
12215,2,2,1,0.014970669747589248,0.00022973563796804537,0.8990154247455732,0.0007132126805572336,0.08507095718831204,0.8990154247455732
17223,3,3,1,0.002157934732397389,0.026029143447398144,0.0036777890920713136,0.8701577591318566,0.09797737359627674,0.8701577591318566
17769,3,3,1,7.286398135820342e-05,0.00020399101283161724,0.00162748969636657,0.9357309459609711,0.062364709348472644,0.9357309459609711
15348,1,1,1,0.0009383050955926269,0.35847646947537165,0.002330624683849175,0.5639054816690728,0.07434911907611379,0.5639054816690728
12494,2,2,1,0.020249786065862394,0.0005050764244517158,0.8960996408444698,0.0012463379396445936,0.08189915872557126,0.8960996408444698
16874,3,3,1,0.00042699045666079796,0.035045969059681326,0.0008401455443679661,0.9419656168648151,0.021721278074474597,0.9419656168648151
17590,3,3,1,7.581929111775162e-05,0.00020214124903611698,0.0014578451359702042,0.9290678395729678,0.0691963547509081,0.9290678395729678
17423,3,3,1,8.229790415733548e-05,0.0006611841452477931,0.0011327091733848156,0.9020121763562343,0.09611163242097569,0.9020121763562343
11385,0,0,1,0.9956489032657427,0.00023328227586449547,0.001467794297803682,0.0005712742794258612,0.0020787458811632508,0.9956489032657427
11295,0,0,1,0.9725758881929514,0.00022092834895724793,0.015187834562675619,0.0008506853089855879,0.01116466358643036,0.9725758881929514
18431,4,3,0,0.00022818070195587903,0.0010144928665366704,0.0014339658827059027,0.8901166351078047,0.10720672544099677,0.8901166351078047
17321,3,3,1,0.000265873157645287,0.0004332251611115993,0.003986975655561929,0.8235476002337737,0.17176632579190745,0.8235476002337737
18307,4,4,1,0.0003521883676401393,0.0010211661151864648,0.008582629717061469,0.05302370061067224,0.9370203151894398,0.9370203151894398
12129,2,2,1,6.079797330237734e-05,3.372305413669956e-06,0.965106398245988,0.001116896867981182,0.03371253460731463,0.965106398245988
13340,2,2,1,4.650205006552654e-05,3.4237016421986706e-05,0.8965220440045009,0.00045881364602155626,0.10293840328299005,0.8965220440045009
13174,2,2,1,0.004415538050420778,6.575646882864046e-05,0.9462067179549647,0.00037487145561719494,0.048937116070168846,0.9462067179549647
13273,2,2,1,0.0004792139555020347,0.0001674782768669538,0.8964629734108118,0.0006805195436017859,0.10220981481321735,0.8964629734108118
13252,2,2,1,0.00014325757619273463,2.5254054773252115e-05,0.9373990547879382,0.0003853245096540324,0.062047109071441855,0.9373990547879382
13399,2,2,1,0.0004890411287065143,0.00010567618594159992,0.9198831384460989,0.0005701141213971135,0.07895203011785584,0.9198831384460989
16601,3,3,1,0.0015215022512169482,0.021443930914778007,0.0027752533229009366,0.9033075980441976,0.07095171546690641,0.9033075980441976
16745,3,3,1,6.575690669987643e-05,0.0023562797307120336,0.0003878184019734812,0.9881802041674843,0.009009940793130236,0.9881802041674843
14350,1,1,1,4.4845403469803825e-07,0.999495987309878,0.00036848627767205,0.0001144655825384585,2.061237587671071e-05,0.999495987309878
10448,0,0,1,0.9960308154221397,3.589095763400651e-05,0.0017547653090295929,0.00025521535806012646,0.001923312953136915,0.9960308154221397
15569,1,1,1,3.166518446801585e-06,0.9969864378517163,0.0006919898844848314,1.2425371424255187e-05,0.0023059803739279763,0.9969864378517163
17740,3,3,1,4.451715595229317e-05,0.00030420887572190757,0.0019377136869889605,0.8245571445311871,0.1731564157501499,0.8245571445311871
15185,1,1,1,2.8787291335527286e-06,0.9969022220633884,0.0005694929452158959,0.002357645254786714,0.0001677610074753801,0.9969022220633884
18672,4,4,1,0.00019450529950998377,0.0001749565556761231,0.004261269038101355,8.135333302513345e-05,0.9952879157736877,0.9952879157736877
12609,2,2,1,0.003839418442644378,2.9611280743355024e-05,0.9494086447469908,0.000338336020840373,0.046383989508780865,0.9494086447469908
18859,4,4,1,0.003050833774149426,0.0009560068297651432,0.006070588993471452,0.0010378442418575125,0.9888847261607564,0.9888847261607564
13792,2,2,1,0.0037410515961220866,0.00010762188759727299,0.9202330177323161,0.0005466128109428865,0.075371695973022,0.9202330177323161
13694,2,2,1,2.822099372687602e-05,1.3775670794147112e-05,0.9333628391683513,0.0010641966059119785,0.06553096756121561,0.9333628391683513
10786,0,0,1,0.9990033869726034,8.242558003819153e-05,0.0005613335430841884,9.436749717419464e-05,0.0002584864071002475,0.9990033869726034
10670,0,0,1,0.995252576922517,4.912745515077744e-05,0.0020510035667042604,0.0003305321977634324,0.0023167598578645748,0.995252576922517
10015,0,0,1,0.6508567527405353,6.948752456066316e-05,0.005112101622109539,0.0001280789495188769,0.3438335791632757,0.6508567527405353
17147,3,3,1,0.0002386143838471797,0.008114826746649158,0.0008115952480750655,0.9702766778288109,0.02055828579261765,0.9702766778288109
15244,1,1,1,1.4230848957311505e-06,0.9985239030809318,0.0006356105606743946,0.0006302884577449894,0.00020877481575312356,0.9985239030809318
18502,4,3,0,0.00017382650468642676,0.005493154706930458,0.0015810258396893888,0.8165709667221269,0.1761810262265667,0.8165709667221269
13798,2,2,1,0.00010504400932440165,9.620956878482977e-06,0.9559175097647171,0.0005797434577169521,0.043388081811363145,0.9559175097647171
15311,1,1,1,2.017305455929989e-05,0.9912341334412543,0.0005722201576283481,0.007604016321576624,0.0005694570249814609,0.9912341334412543
16707,3,3,1,4.767197850091812e-05,0.00015830199021166116,0.0008039495608115972,0.9603827707419115,0.03860730572856458,0.9603827707419115
19717,4,4,1,0.00018726399353057843,0.0007137166972860189,0.1362694404843143,0.0003078436131322319,0.8625217352117369,0.8625217352117369
10867,0,0,1,0.9989772136329963,8.925115838572e-05,0.0005772167658506195,0.00011714723524983045,0.00023917120751767507,0.9989772136329963
11230,0,0,1,0.9593564752998323,0.00019696788635728264,0.026339457229555212,0.0007047020181021208,0.013402397566152897,0.9593564752998323
10612,0,0,1,0.9931031238147133,0.00011309890612118182,0.0027154045343168363,0.0005038316235797073,0.0035645411212690283,0.9931031238147133
17299,3,3,1,8.775246108506054e-05,0.0001824857435272378,0.0019459429996384326,0.9338971425721526,0.06388667622359666,0.9338971425721526
15889,1,1,1,6.632270174138215e-05,0.9514564843612523,0.0005282537306002045,1.0036785754543728e-05,0.0479389024206515,0.9514564843612523
12279,2,2,1,0.0011986019367316205,6.335142812835731e-05,0.9329818296330893,0.00047050876234863595,0.0652857082397022,0.9329818296330893
14069,1,1,1,9.59575362028717e-07,0.9993109920803169,0.0005558283570698472,6.44759742379762e-05,6.774401301312178e-05,0.9993109920803169
19113,4,4,1,0.0014436660546722957,0.0001942873061780584,0.0035921334367525234,0.00010738195370030371,0.9946625312486967,0.9946625312486967
12964,2,2,1,0.0003465062913057731,5.8634675080257234e-05,0.905608951405503,0.0003142218634355263,0.09367168576467558,0.905608951405503
11667,0,0,1,0.9867309716361422,0.00029176100735561647,0.005101069311349219,0.0009107499976006433,0.0069654480475524125,0.9867309716361422
12772,2,2,1,0.00045966730254164395,0.00011828121929149824,0.8815311386093012,0.0002901512020292067,0.1176007616668367,0.8815311386093012
18300,4,4,1,0.005688981546683868,1.853550965199236e-05,0.0049250144058056765,0.0002280705830441309,0.9891393979548142,0.9891393979548142
19733,4,4,1,0.000265909362674069,0.0003196208494516783,0.20095494168901432,0.0007746092844261302,0.7976849188144337,0.7976849188144337
14580,1,1,1,9.225932755831999e-07,0.9990682460466305,0.0005159299153457169,0.0001151738631125042,0.00029972758163575395,0.9990682460466305
11874,0,0,1,0.9824170517139771,0.0003881745225300158,0.008696194528556649,0.0007211464160057687,0.007777432818930239,0.9824170517139771
15187,1,1,1,3.5508076289167405e-06,0.9962860469223089,0.0004104021957543554,0.00292061209061478,0.0003793879836930479,0.9962860469223089
15900,1,1,1,9.097626944661342e-07,0.9993150008895477,0.0005383604211273472,7.372991450845583e-05,7.19990121218818e-05,0.9993150008895477
13483,2,4,0,0.0035500937820204578,3.279958704658903e-05,0.16527256460349998,0.0057438166942212696,0.8254007253332117,0.8254007253332117
19058,4,3,0,0.0008165295143986581,0.041785645144492296,0.00379804895067669,0.3176143767083531,0.6359853996820791,0.6359853996820791
17099,3,3,1,5.365809674328215e-05,0.12238659877203358,0.0005737076930681153,0.8738960542442431,0.003089981193911935,0.8738960542442431
11652,0,0,1,0.9778424023167944,0.00031506003909806467,0.011159651863660101,0.0010994614113787307,0.009583424369068649,0.9778424023167944
18539,4,3,0,0.00029583044047887735,0.001752538077269694,0.0029063912082191554,0.9066257454954124,0.08841949477862003,0.9066257454954124
16683,3,3,1,5.2983727104264903e-05,0.0027870091924593566,0.0012267523024339826,0.9824272138667427,0.013506040911259589,0.9824272138667427
19007,4,4,1,0.019402709585777715,0.03591102196088905,0.009095283507076371,0.005246717124573001,0.930344267821684,0.930344267821684
17185,3,3,1,0.00010084878260934195,0.2069637236827898,0.000729270703607287,0.7845727581064029,0.00763339872459028,0.7845727581064029
14936,1,1,1,0.00011604302353791116,0.7368090434634446,0.0007888199168319358,0.25360650268583984,0.00867959091034576,0.7368090434634446
17632,3,3,1,0.00033423837941777665,0.0023713503127872843,0.006521037191239377,0.9520699153206252,0.03870345879593013,0.9520699153206252
11711,0,0,1,0.9896380661683167,0.00040538334668561277,0.0029971488271978864,0.0013694030773330492,0.005589998580466705,0.9896380661683167
10545,0,0,1,0.9936847231507295,8.031137308750862e-05,0.0023437330580743762,0.00048289422266412817,0.003408338195444275,0.9936847231507295
17320,3,3,1,0.00013530649849899663,0.00023916625658609834,0.0014286535587193848,0.9240021388963475,0.07419473478984838,0.9240021388963475
12443,2,2,1,0.0003762479221888359,0.00011903131952741946,0.912639512347475,0.0005733785696844628,0.08629182984112425,0.912639512347475
15273,1,1,1,0.00033671434116277853,0.9960922001030857,0.0010196523048134236,0.000525301874743268,0.002026131376194485,0.9960922001030857
10304,0,0,1,0.838399548758696,0.00032722134890887953,0.13491464032011818,0.00019174493235830345,0.026166844639918717,0.838399548758696
10964,0,0,1,0.9776289678592611,0.00016277802780255944,0.004179756013531003,0.0006307093621609412,0.017397788737244225,0.9776289678592611
15329,1,1,1,3.033373703119345e-05,0.9901992389407568,0.0009036071851407902,0.004700560513379007,0.004166259623692207,0.9901992389407568
19340,4,2,0,0.0038429632831881123,0.00013185931592706146,0.900706583412578,0.00046545302474371365,0.09485314096356312,0.900706583412578
16790,3,3,1,9.276540113667493e-05,0.002257639474955678,0.0010399523111546906,0.9800931285784988,0.016516514234254095,0.9800931285784988
19161,4,4,1,0.0019713957922876135,0.000246218070356207,0.005366861350752921,0.0006299150588618994,0.9917856097277414,0.9917856097277414
11283,0,0,1,0.9839545510157028,0.00017903316152799857,0.009084652291297134,0.0007562930151015834,0.006025470516370452,0.9839545510157028
17858,3,3,1,0.0001608908911413236,0.0005261934161525076,0.003978206633338819,0.8376660444369749,0.15766866462239246,0.8376660444369749
11688,0,0,1,0.9907585660271944,0.00024127754527506108,0.003057490363593902,0.0009529220019636075,0.0049897440619728825,0.9907585660271944
14279,1,1,1,3.1166706957673917e-07,0.999674899048195,0.0003120707470233532,7.58925964406129e-07,1.195961174745093e-05,0.999674899048195
10268,0,0,1,0.9946288106197944,0.00025653431022782254,0.0035365500524946925,8.502652945804626e-05,0.0014930784880252065,0.9946288106197944
15406,1,1,1,0.0001222003938627009,0.9791765407733439,0.0006029007263338912,0.0196049557436409,0.0004934023628186414,0.9791765407733439
17177,3,3,1,0.0002280627224179706,0.37641952927316513,0.00071207530007491,0.6105700868288712,0.012070245875470549,0.6105700868288712
16417,3,3,1,3.0930944221869526e-05,0.00016366992064441042,0.000726634339496436,0.9954405148483303,0.0036382499473071777,0.9954405148483303
15208,1,1,1,1.5591759431540748e-06,0.9977643705968787,0.0005112848863351857,0.0014565519429277373,0.0002662333979152583,0.9977643705968787
18436,4,4,1,0.20435720891721948,6.162437517703833e-05,0.010185469653374206,0.0001750818460643547,0.785220615208165,0.785220615208165
17841,3,3,1,0.00012615032730908254,0.0004242552529954025,0.0020577897848174107,0.9133353609796411,0.08405644365523711,0.9133353609796411
15218,1,1,1,2.234515378133986e-06,0.9970316865506426,0.00046353290106036576,0.002044834813989384,0.0004577112189296058,0.9970316865506426
18185,4,3,0,0.0005141914652743336,0.0009546481367467343,0.0049665797582411665,0.4291387661404139,0.5644258144993246,0.5644258144993246
17924,3,3,1,9.710410924800287e-05,0.00044051203452301357,0.004740141750427421,0.4719132784843174,0.5228089636214843,0.5228089636214843
10132,0,0,1,0.9168942126149328,0.00022281703490975428,0.07239535847087915,0.00023327632657025162,0.01025433555270789,0.9168942126149328
10042,0,0,1,0.9814863062709801,0.00039270506530847063,0.013657556882580071,0.00027622365703396887,0.0041872081240972485,0.9814863062709801
14951,1,1,1,0.00024718167412805293,0.8590376533678082,0.0009230715498078219,0.1326401832040541,0.007151910204201705,0.8590376533678082
15462,1,1,1,0.000172477445168436,0.975890461284073,0.0005354016288419825,0.00025366925766807545,0.023147990384248467,0.975890461284073
15426,1,1,1,8.823412483938752e-05,0.982144928299028,0.0007315438079747399,0.016575979787144073,0.0004593139810137428,0.982144928299028
11945,0,0,1,0.9802934579994775,0.0002841440594393629,0.011200561302387026,0.0007332073931356394,0.00748862924556068,0.9802934579994775
13030,2,2,1,0.0012901140382890403,1.6188215369611964e-05,0.9267700555929185,0.0005424334406521858,0.0713812087127711,0.9267700555929185
16678,3,3,1,9.190542722609572e-05,0.18162645839533867,0.0006281524436081399,0.790220918419487,0.027432565314340063,0.790220918419487
17149,3,3,1,6.661010666440562e-05,0.002532575151837153,0.0006718954300144825,0.9862312844298288,0.010497634881655333,0.9862312844298288
18536,4,4,1,0.0014496012136832527,2.2698000487972417e-05,0.0062737400211778085,0.0015202440261165417,0.9907337167385344,0.9907337167385344
12398,2,2,1,0.014763119380146161,0.0002498025164775831,0.914362167526485,0.0006833969856158106,0.06994151359127561,0.914362167526485
19247,4,4,1,0.001126248995950952,0.0001656788147702612,0.0039947137663719065,0.00021323514559406948,0.9945001232773127,0.9945001232773127
18776,4,4,1,0.0005463114978935156,0.010150667661628263,0.004780203334350091,0.03008500733425857,0.9544378101718697,0.9544378101718697
18910,4,4,1,9.032613095317506e-05,0.010475843799579757,0.002098069628109683,0.0011736035560134504,0.9861621568853439,0.9861621568853439
18725,4,4,1,0.0002329509492577553,0.00018853236765710847,0.0016464698876862303,0.01833782577798777,0.9795942210174108,0.9795942210174108
14460,1,1,1,8.79203925070735e-06,0.9940783776920872,0.0008522332956639236,0.0036848011485515744,0.0013757958244465004,0.9940783776920872
10481,0,0,1,0.9973357599762211,2.5318769638578855e-05,0.0011769054047385665,0.0001396690724425674,0.001322346776959089,0.9973357599762211
18998,4,4,1,6.995048049499377e-05,0.00011574322226698645,0.0025086129665044705,5.9665439518521864e-05,0.9972460278912152,0.9972460278912152
16945,3,3,1,4.271858395345391e-05,0.0009325577447497376,0.0007156325810444641,0.9919679504948841,0.0063411405953684285,0.9919679504948841
13237,2,2,1,0.012443684301809185,0.0004126262987330144,0.931634245565857,0.0012275717251279564,0.05428187210847296,0.931634245565857
15749,1,1,1,0.00018702511191839621,0.962360674788411,0.0012461535231823725,0.014062697619062757,0.022143448957425475,0.962360674788411
18162,4,4,1,0.0014886508171232803,2.9527154616124686e-05,0.005648261929152288,0.0012120728133897393,0.9916214872857183,0.9916214872857183
10810,0,0,1,0.9990084727894961,0.00012456566196445524,0.0004371329865760166,0.0002258662923210141,0.00020396226964248894,0.9990084727894961
17780,3,3,1,9.993315793551014e-05,0.0002477097764771831,0.002039848328361059,0.8107426752570522,0.18686983348017355,0.8107426752570522
10764,0,0,1,0.9927638827782642,0.0001431167379895674,0.0028292363990286553,0.0005549804200795821,0.003708783664638131,0.9927638827782642
16558,3,3,1,8.727973778335015e-05,0.06850640553490814,0.0006464782932904823,0.920749651419013,0.01001018501500485,0.920749651419013
14802,1,1,1,3.34733584198973e-06,0.9966094262242808,0.0005041576824687057,0.0027684135211139566,0.00011465523629440371,0.9966094262242808
12469,2,2,1,0.003815463283108708,0.00011580369500620275,0.9197078528297318,0.000517641564249703,0.07584323862790392,0.9197078528297318
14548,1,1,1,1.0172279684234826e-06,0.9992538031484088,0.0005695206960304283,2.782802212084791e-05,0.00014783090547134672,0.9992538031484088
14736,1,1,1,0.00013750109412623794,0.97601296778044,0.001113056265998497,0.020557798478909636,0.0021786763805258765,0.97601296778044
13896,2,2,1,0.011064769343408486,0.0002465075150200312,0.897571122145098,0.0007375619198769335,0.09038003907659625,0.897571122145098
15522,1,1,1,4.974052534226294e-06,0.9958755144138094,0.00047022621336760735,8.790644275647991e-06,0.003640494676013198,0.9958755144138094
12064,2,2,1,0.00010130612710972678,3.9391398548850534e-05,0.9236369969700866,0.0002649689329599092,0.07595733657129501,0.9236369969700866
11794,0,0,1,0.9820825194048044,0.0005033315912688691,0.008105773941146968,0.0007293088737152628,0.008579066189064332,0.9820825194048044
17767,3,3,1,2.85913720027779e-05,7.726082547452505e-05,0.0016600457826991104,0.9726047992176862,0.02562930280213749,0.9726047992176862
13572,2,2,1,0.00010717668308950264,9.974083568787422e-05,0.92230623963267,0.0005924449870439642,0.07689439786150873,0.92230623963267
16882,3,3,1,0.00042085534113729656,0.15121960510420313,0.0013568796737075763,0.7944737232679558,0.05252893661299607,0.7944737232679558
11765,0,0,1,0.9810064735431093,0.0003824754028526079,0.011277233881005738,0.0013413854375111077,0.005992431735521454,0.9810064735431093
13383,2,2,1,0.024637482336030532,4.91441613211776e-05,0.9241325892672801,0.00033282886492934176,0.05084795537043866,0.9241325892672801
12230,2,2,1,0.00022439063103327323,3.238157552721475e-05,0.9094013897386947,0.00036480400760854084,0.08997703404713639,0.9094013897386947
11687,0,0,1,0.9730063020929101,0.0007104205154650248,0.012299536472983067,0.0011143202750048197,0.012869420643637105,0.9730063020929101
13823,2,2,1,0.015933510067504146,0.000656703579139701,0.9409650371405466,0.0012524973882086009,0.04119225182460106,0.9409650371405466
18722,4,4,1,0.00039462772289642457,0.0012798749460909242,0.0015005802554533974,0.03448325379358594,0.9623416632819735,0.9623416632819735
11053,0,0,1,0.9989737005725645,6.696283889675377e-05,0.0005606430143146394,0.00014469580407452059,0.00025399777014945463,0.9989737005725645
13326,2,2,1,0.004416334373160445,0.0002682118007713843,0.886715269444099,0.000992890381643498,0.10760729400032609,0.886715269444099
10949,0,0,1,0.8129551869582715,0.00021628996714920243,0.009729064616146655,0.001174578988525368,0.17592487946990717,0.8129551869582715
13063,2,2,1,0.00012546717336152426,3.2918948966705386e-05,0.9472833947519677,0.00038098657103505294,0.052177232554668974,0.9472833947519677
16984,3,3,1,0.0002070129697883342,0.0023269204947228253,0.0016561258281406438,0.910752696444531,0.08505724426281736,0.910752696444531
18611,4,4,1,0.0007475088641351453,0.08798064854898713,0.0049943931717138495,0.0035337860383019394,0.9027436633768622,0.9027436633768622
14473,1,1,1,1.5432234126313052e-06,0.9991263988512493,0.0007048716545434535,2.6050437895168412e-05,0.0001411358328993803,0.9991263988512493
18545,4,3,0,0.0003997188279858278,0.0021256448164083557,0.0027217512214351893,0.49284646871523224,0.5019064164189385,0.5019064164189385
13573,2,2,1,1.663981539792703e-05,2.7169574595373526e-05,0.9587530458950078,0.0002594733243617357,0.04094367139063733,0.9587530458950078
18083,4,3,0,0.0002611014609462324,0.008037127867060482,0.001978920581238061,0.8624072202887141,0.12731562980204092,0.8624072202887141
19410,4,2,0,0.006401853773805184,0.00014145133238205497,0.8497725853325281,0.00024052352279197697,0.1434435860384929,0.8497725853325281
17064,3,3,1,0.00018965253641364883,0.013358424118535954,0.0011567531409488034,0.9359526839371993,0.0493424862669024,0.9359526839371993
10251,0,0,1,0.999407981508836,0.00015818029884069097,0.00024470224692430605,5.500317935147656e-05,0.00013413276604741625,0.999407981508836
14438,1,1,1,1.4425789934090929e-06,0.9987352415293754,0.0006380848422320025,0.00022187979867045385,0.00040335125072859965,0.9987352415293754
12809,2,2,1,0.0010101023649496084,0.0003651316703522084,0.670329009305908,0.0006596970521438221,0.32763605960664627,0.670329009305908
10084,0,0,1,0.9971789447061824,0.00015162623407255455,0.00022923918126217883,0.0001784927415681075,0.0022616971369145552,0.9971789447061824
13366,2,2,1,0.0008726428033613603,0.0001346748772761096,0.90659313695982,0.00041227277926873384,0.09198727258027378,0.90659313695982
19529,4,4,1,0.0003725666118034829,0.0009703014944838374,0.02783355232165088,0.0007249769105220719,0.9700986026615396,0.9700986026615396
13597,2,2,1,0.00017038911317273853,8.161861368126616e-06,0.9532783933143838,0.0005163131339091988,0.04602674257716624,0.9532783933143838
12822,2,2,1,0.00015963401371446587,9.212410726993064e-05,0.9111068496331807,0.00035458567092289903,0.08828680657491197,0.9111068496331807
19421,4,2,0,0.0025806572744106284,0.00014063639268163975,0.9226814502479185,0.0008353492143493135,0.07376190687064009,0.9226814502479185
17885,3,3,1,3.557707159310185e-05,0.0002799896787718018,0.002423651037035694,0.8815148217131582,0.11574596049944107,0.8815148217131582
15069,1,1,1,6.662490882296638e-06,0.9960775731089062,0.000606209994233675,0.0010830748155042356,0.002226479590473699,0.9960775731089062
19356,4,2,0,0.0005294706252775658,0.0001624370670248787,0.8846077650060848,0.00036772411702383517,0.11433260318458906,0.8846077650060848
16585,3,3,1,4.661340429719678e-05,0.004455886668279978,0.0007272340593660796,0.9908356661160431,0.003934599752013497,0.9908356661160431
17001,3,3,1,0.0017692824252676382,0.010093975749673564,0.0032943452401549716,0.9319765044935927,0.05286589209131096,0.9319765044935927
14810,1,1,1,7.58092980950519e-07,0.9994421355294676,0.000488376477501983,4.44378939874554e-05,2.4292006061992387e-05,0.9994421355294676
14403,1,1,1,1.702900364204911e-06,0.9990541254186297,0.0007337942975563679,2.1107423044261615e-05,0.0001892699604053639,0.9990541254186297
18085,4,4,1,0.0006688824740860239,0.0009714781428082433,0.004344953488232074,0.025128673840989352,0.9688860120538842,0.9688860120538842
17078,3,3,1,4.662568087042573e-05,0.004677383143419861,0.0005585038744495152,0.9893044773050188,0.00541300999624103,0.9893044773050188
18079,4,4,1,0.0010554344235435048,0.00022754465038322353,0.005664392168635343,0.0009841001637210295,0.992068528593717,0.992068528593717
17802,3,3,1,5.2564447109911134e-05,0.00017963023415048545,0.001283278665296897,0.9336611473468529,0.06482337930658956,0.9336611473468529
19021,4,4,1,0.0013953848860822496,0.00032438111300927815,0.006024783350678898,0.00038543416018802776,0.9918700164900417,0.9918700164900417
18567,4,3,0,0.00018278586107985025,0.0008310917476409724,0.0019982500768815337,0.7592811866247579,0.23770668568963965,0.7592811866247579
15795,1,1,1,1.368985544512375e-06,0.997914559536604,0.0003830421623039423,2.164020193254507e-06,0.0016988652953542345,0.997914559536604
16775,3,3,1,0.0001902961015091277,0.006658137119456917,0.0006353575224097369,0.9739574306013378,0.018558778655286635,0.9739574306013378
10630,0,0,1,0.9963916713641771,3.4176221148303635e-05,0.0016519017715306895,0.00019728910052438172,0.0017249615426198157,0.9963916713641771
17501,3,3,1,3.180274945982968e-05,0.0002982694524620188,0.001995496583243434,0.8900704888196008,0.10760394239523378,0.8900704888196008
13040,2,2,1,0.0009404521292741948,7.752246637113558e-05,0.8936851971653917,0.00025408372456938886,0.10504274451439354,0.8936851971653917
15520,1,1,1,1.985398413794503e-07,0.9997246936964755,0.0002474376357386384,7.904080054818852e-06,1.9766047889544354e-05,0.9997246936964755
13068,2,2,1,0.0005396815330925925,1.285929244598071e-05,0.9321345486493064,0.0006223573865468069,0.06669055313860797,0.9321345486493064
12409,2,2,1,0.00658513932792587,0.0006974307477896804,0.9496880653059769,0.0016332330396748181,0.04139613157863283,0.9496880653059769
15797,1,1,1,0.002562397544577531,0.9851038898808836,0.0015770680324199452,0.000792577007753887,0.00996406753436497,0.9851038898808836
18111,4,3,0,0.0002932548227355941,0.0006262076566974554,0.0043255992823248495,0.34277123497487366,0.6519837032633685,0.6519837032633685
17042,3,3,1,0.00036859823606347507,0.00760675150713052,0.0018329386151811691,0.9561583885494194,0.03403332309220561,0.9561583885494194
18374,4,4,1,0.000434322546798702,1.8703375768280675e-05,0.003152537658248256,0.0006649473580090031,0.9957294890611758,0.9957294890611758
13546,2,2,1,5.034803525407158e-05,6.939742072579785e-06,0.9584183699398647,0.00020234957706790808,0.04132199270574088,0.9584183699398647
19916,4,2,0,0.058484454898562466,0.00030088075109336026,0.7831270436563019,0.0009185777282186873,0.15716904296582399,0.7831270436563019
11888,0,0,1,0.9443411067895379,0.0003621744259156372,0.04321706489929052,0.001207842710700705,0.010871811174555155,0.9443411067895379
17584,3,4,0,0.00021765567099726012,0.00021972234138998176,0.004308558247641886,0.17151238699825122,0.8237416767417197,0.8237416767417197
11468,0,0,1,0.8190780677116068,0.00023055585958830106,0.15596690092915846,0.000601637663775652,0.024122837835870672,0.8190780677116068
16819,3,3,1,0.00016190971762814033,0.010209192862113322,0.0006452324587879494,0.9365260414237973,0.05245762353767311,0.9365260414237973
15772,1,1,1,9.507351383422378e-06,0.9956995651300274,0.0007624474036500875,0.0005849486609919079,0.002943531453947392,0.9956995651300274
14732,1,1,1,1.1425148643359589e-06,0.9992093480902031,0.0006023690587507784,7.696602261062057e-06,0.00017944373392070697,0.9992093480902031
18141,4,3,0,0.00027572227408915486,0.001081347002670084,0.001985644523957805,0.8652792565776642,0.13137802962161876,0.8652792565776642
18605,4,4,1,0.00108309801176061,0.037740540509969604,0.0037875902346210634,0.005017818705549055,0.9523709525380996,0.9523709525380996
11389,0,0,1,0.9958537796311469,0.00031833867567215217,0.0009418261715924461,0.0007642785759104475,0.0021217769456781687,0.9958537796311469
11792,0,0,1,0.9869076767877685,0.0003196234815690604,0.006993227235285426,0.0011141770764147457,0.004665295418962237,0.9869076767877685
13617,2,2,1,0.0005793648215620139,0.0003631438359914445,0.8383828850584277,0.00045528393994208425,0.1602193223440766,0.8383828850584277
14293,1,1,1,1.594621341510627e-05,0.9920009891249417,0.0006792509172958203,0.006559101671592341,0.0007447120727550788,0.9920009891249417
16646,3,3,1,0.0001244154822435673,0.013823775574271089,0.0013343561420047511,0.9202159898858743,0.06450146291560639,0.9202159898858743
13854,2,2,1,0.00450608825837013,0.00020078393432586852,0.8903968305497489,0.0006830977755027242,0.10421319948205245,0.8903968305497489
15287,1,1,1,8.654563789077073e-05,0.749739225967385,0.0005081146977275117,0.24507294348702804,0.004593170209968825,0.749739225967385
13709,2,2,1,5.4771073302621624e-05,9.406439772652729e-05,0.7510807524173772,0.0004708887225334766,0.2482995233890603,0.7510807524173772
14663,1,1,1,7.534523999258942e-07,0.9994570894525174,0.0004978323093176369,2.739636132280952e-06,4.1585149632896144e-05,0.9994570894525174
13971,1,1,1,1.5988662322549344e-06,0.998911840305229,0.0006970413384710009,3.376710559785096e-06,0.00038614277950806716,0.998911840305229
19522,4,4,1,9.999814435706948e-05,0.00027361726690154446,0.06330222828614672,0.0006151344786644613,0.9357090218239303,0.9357090218239303
15571,1,1,1,3.4221404433220018e-06,0.9960903388861323,0.0003638976377817049,0.0026478282655955274,0.0008945130700472608,0.9960903388861323
10885,0,2,0,0.007780757599466711,2.027881035112343e-05,0.949932346064202,0.0005013925922986415,0.04176522493368144,0.949932346064202
15261,1,1,1,1.476183803275249e-06,0.9987028879492703,0.0006581373885291867,0.0003462099807113918,0.00029128849768599344,0.9987028879492703
11245,0,0,1,0.9915202851836841,0.00016043357416362309,0.0031136788800495536,0.0007843237260644698,0.00442127863603819,0.9915202851836841
19399,4,2,0,0.02264274863413415,0.00025230641434033764,0.860598030903045,0.0010801537935929894,0.11542676025488749,0.860598030903045
13136,2,0,0,0.9712305643623184,0.0002708217913690909,0.011640139890280336,0.001610150961817016,0.01524832299421503,0.9712305643623184
15036,1,1,1,5.702859871281466e-07,0.999465275089844,0.00042267548039395076,5.403619235627533e-05,5.744295141855168e-05,0.999465275089844
16885,3,3,1,5.362709835049138e-05,0.0025366953736112863,0.0008626326801060905,0.9679105514343543,0.028636493413577768,0.9679105514343543
19505,4,2,0,0.0002850908323339843,0.0001346916775494533,0.6249319689923789,0.0005222095365018634,0.3741260389612357,0.6249319689923789
17663,3,3,1,7.812963367388559e-05,0.0005387635176095515,0.0011643547931546694,0.9566221894202642,0.04159656263529779,0.9566221894202642
13665,2,2,1,0.00032829570221014256,4.8904126539613014e-05,0.8888387560155455,0.005002792412625687,0.10578125174307877,0.8888387560155455
10149,0,4,0,0.15411189986995408,3.195148734611817e-05,0.0040575155294030095,8.14590853348688e-05,0.8417171740279619,0.8417171740279619
13413,2,2,1,0.0011469618129242238,0.00020473225822726653,0.9117155368565919,0.0009108652376738469,0.08602190383458291,0.9117155368565919
12512,2,2,1,0.0018661799591400189,0.00012813574986643742,0.9197641666561392,0.0006096350596228148,0.07763188257523135,0.9197641666561392
19914,4,4,1,0.020124406090233353,0.0009348493297774725,0.24527130804465297,0.0006514521468236968,0.7330179843885127,0.7330179843885127
13329,2,2,1,0.00018952574038165219,9.530191802258585e-05,0.9211899422948743,0.0008207084882849835,0.07770452155843616,0.9211899422948743
14464,1,1,1,4.975514041112509e-07,0.9995227756370005,0.000391372873122678,7.151493661440239e-05,1.383900185833269e-05,0.9995227756370005
10381,0,0,1,0.9980848336102293,1.0612389570367807e-05,0.0009735876312047795,0.00011255554201962674,0.0008184108269758948,0.9980848336102293
11511,0,0,1,0.9386314710561229,0.00021923005452828946,0.04912493505010941,0.0005786979998900088,0.011445665839349504,0.9386314710561229
12568,2,2,1,0.010990383420427834,0.0003032494057640162,0.9433964176772696,0.000749994969071891,0.0445599545274667,0.9433964176772696
11112,0,0,1,0.9984404663011218,9.907062658407621e-05,0.000825532385235339,0.0003317349578538058,0.00030319572920504685,0.9984404663011218
17751,3,3,1,0.00030494135778698594,0.0032940028815948747,0.002589901347645964,0.8932861816568672,0.100524972756105,0.8932861816568672
13804,2,2,1,9.26483807495737e-05,2.2170978825538244e-05,0.9566405254712269,0.0002371276642778302,0.04300752750492034,0.9566405254712269
10368,0,0,1,0.9974362264802201,0.00018874408297773698,0.0016383870688476815,7.378980487067836e-05,0.0006628525630836004,0.9974362264802201
19079,4,4,1,0.0002911495478108868,0.001056936072794937,0.0041753392755603195,0.0001369543799902154,0.9943396207238439,0.9943396207238439
14608,1,3,0,6.73574823921022e-05,0.16233027651903267,0.000523960571744846,0.8315155218655093,0.005562883561321197,0.8315155218655093
10026,0,0,1,0.9973088075759994,0.00015904470807730973,0.001106124977302927,0.00016016633165324005,0.0012658564069671044,0.9973088075759994
17928,4,2,0,0.06488084607759731,0.00022991156324983782,0.8382447682575511,0.0027572557964504183,0.09388721830515111,0.8382447682575511
15352,1,1,1,9.376329069024343e-07,0.9988451597711198,0.0005160477955588821,0.0005686589501053926,6.919585030905037e-05,0.9988451597711198
10076,0,0,1,0.9920433451890636,0.00021989853292310845,0.004554255025991817,0.00021687267432692734,0.0029656285776949337,0.9920433451890636
16955,3,3,1,0.00017380163741922833,0.016256696103136056,0.0008222940968511935,0.9661421006796101,0.016605107482983387,0.9661421006796101
11426,0,0,1,0.9855104257785207,0.00030727554420745246,0.007059888396752393,0.0006542050774498453,0.0064682052030695545,0.9855104257785207
11504,0,0,1,0.9889515250331702,0.00026662547318645534,0.005384787451382767,0.0005768572343603836,0.004820204807900389,0.9889515250331702
15318,1,1,1,0.00017726199900913283,0.9732047115439761,0.0010043471603327946,0.023529991550830225,0.0020836877458520987,0.9732047115439761
17326,3,3,1,6.877531729171831e-05,0.0014242639361871296,0.003022620410069557,0.9251096331262475,0.07037470721020427,0.9251096331262475
10886,0,0,1,0.9969230334775436,0.00010533337972369605,0.0022954211464593184,0.00022129517684462953,0.00045491681942856334,0.9969230334775436
18916,4,4,1,0.0006308062114548284,0.04969091419159657,0.003916430115679496,0.01141610589765099,0.9343457435836183,0.9343457435836183
15075,1,1,1,0.00014498178099631596,0.8026675228521736,0.0007813619763128658,0.1936715786589005,0.0027345547316168124,0.8026675228521736
19684,4,4,1,0.03867216497469714,0.001586403297699166,0.04506132529554906,0.0007823008835269775,0.9138978055485273,0.9138978055485273
13484,2,2,1,0.0002346272946304807,4.731938644911661e-05,0.9274348168851954,0.0003050994083687819,0.07197813702535631,0.9274348168851954
12281,2,2,1,0.0021236345454622727,4.164586348958394e-05,0.9527615684762506,0.00041281686448657996,0.04466033425031077,0.9527615684762506
10390,0,0,1,0.9921534456902881,4.991506626650752e-05,0.002203745208332764,0.00032869951272901116,0.005264194522383565,0.9921534456902881
19583,4,2,0,1.491520000904839e-05,3.547991006400647e-05,0.8485820844020585,0.0002622303700706588,0.15110529011779741,0.8485820844020585
14062,1,1,1,6.819898585053456e-06,0.9950875846473027,0.0007832308328502031,0.0022169391385969688,0.0019054254826650792,0.9950875846473027
15160,1,1,1,0.0001426008565848425,0.974869759609566,0.0009975514722170055,0.018637297945400907,0.005352790116231242,0.974869759609566
11143,0,0,1,0.9978070422278225,6.364106050590745e-05,0.0012316619355097788,0.00019031418174118479,0.0007073405944207573,0.9978070422278225
18955,4,4,1,0.0007659413270126708,0.004312904906432533,0.004313706723059433,0.00014607407274992698,0.9904613729707453,0.9904613729707453
17216,3,3,1,0.00014725751384286507,0.1285421901080909,0.000782960230003653,0.8597069812210824,0.010820610926980402,0.8597069812210824
11659,0,0,1,0.9723332596681892,0.0004203959948172673,0.015010940428200356,0.0010660011534344986,0.0111694027553588,0.9723332596681892
14421,1,1,1,1.5983170762144595e-06,0.9990809749595793,0.0007022501823155989,4.079760698618647e-06,0.0002110967803303515,0.9990809749595793
13811,2,2,1,0.0014818821239557707,0.00013154049176612959,0.9140293808897964,0.00048173288840541663,0.08387546360607634,0.9140293808897964
17231,3,3,1,0.0001491677066693941,0.09076992167272062,0.000786850621142059,0.8954329070381506,0.01286115296131746,0.8954329070381506
15267,1,1,1,1.037678281031531e-06,0.9990673693820067,0.0005623164903723736,0.00032178549912360003,4.7490950216526077e-05,0.9990673693820067
10092,0,0,1,0.9991351286180297,0.00013019786309082982,0.00011097141661829278,0.00011658690538022232,0.0005071151968808002,0.9991351286180297
11183,0,0,1,0.9824233192714273,0.00015867790719603764,0.009920431036888338,0.0006826961086648941,0.006814875675823626,0.9824233192714273
15934,1,1,1,5.60511765915921e-07,0.9991597506199864,0.0004006291906030502,0.00020260357043736012,0.00023645610720709844,0.9991597506199864
13532,2,2,1,0.0002610025149636266,0.00011301338290410798,0.878365097741859,0.0006624329789133694,0.12059845338135958,0.878365097741859
12674,2,2,1,0.01119659315624434,0.0002527427055234672,0.9370924446440835,0.0007332980102052364,0.05072492148394331,0.9370924446440835
12553,2,2,1,0.0017348609222575407,7.810433789670653e-05,0.926551092159689,0.00046544476561258404,0.07117049781454414,0.926551092159689
15221,1,1,1,2.870961165601985e-06,0.9969390701385067,0.0005443792515296554,0.0024009471991372233,0.00011273244966092371,0.9969390701385067
14757,1,1,1,9.926186024500874e-07,0.9992959205538531,0.0005644890373168157,0.00010298819705279563,3.5609593174867526e-05,0.9992959205538531
12297,2,2,1,5.355225037166843e-05,2.6227930542242285e-05,0.9140243532338643,0.0021873194874598672,0.0837085470977617,0.9140243532338643
14759,1,1,1,7.839358854881522e-06,0.9946131687559696,0.0005565147677371609,0.004588223887444988,0.0002342532299934026,0.9946131687559696
11111,0,0,1,0.9979503151161901,7.31759990530401e-05,0.0014360433526070318,0.00018794160524685064,0.0003525239269028186,0.9979503151161901
14787,1,1,1,7.299220081953231e-07,0.9994270379590484,0.000477494746513022,1.3505900040836836e-05,8.123147238974655e-05,0.9994270379590484
15100,1,1,1,9.357992805500585e-06,0.9943957571097389,0.0007758916615142706,0.0022012272798383847,0.0026177659561028386,0.9943957571097389
10491,0,0,1,0.9982167196871358,1.2819098681644801e-05,0.0009950502446214248,0.00010559933827694265,0.0006698116312841295,0.9982167196871358
19857,4,2,0,0.00022284620997121775,0.00010174949334521553,0.8864860533242699,0.00041978741284767014,0.11276956355956569,0.8864860533242699
11661,0,0,1,0.989966384457963,0.0003884800954672713,0.0036303266066887293,0.0014636556380839664,0.004551153201797084,0.989966384457963
12457,2,2,1,0.0179162126094147,0.0005303987609757946,0.9147130719461982,0.0011201559773637599,0.06572016070604768,0.9147130719461982
10961,0,0,1,0.9928284786124603,7.693703817613768e-05,0.0017534797094143656,0.00025024465023475,0.005090859989714642,0.9928284786124603
14528,1,1,1,2.5141276913398537e-06,0.9984648144051647,0.0008647674824022695,0.00017671578363942796,0.0004911882011022967,0.9984648144051647
10784,0,0,1,0.9991293393990719,8.92159583793925e-05,0.00042888904323905893,0.00016314097987004766,0.00018941461943970716,0.9991293393990719
13693,2,2,1,0.0004406695380662433,5.5350589093889335e-05,0.9112820932509245,0.0006231091872347586,0.08759877743468052,0.9112820932509245
11777,0,0,1,0.9836273622782293,0.00029120754412774956,0.008669787318894801,0.0007480599475794663,0.006663582911168502,0.9836273622782293
19089,4,4,1,0.03313075343928502,0.014513813635819611,0.01565141102928936,0.011733393111685426,0.9249706287839203,0.9249706287839203
14852,1,1,1,2.5079336661412157e-06,0.9976541135170961,0.0007082378919727568,0.0006738076175610618,0.0009613330397038738,0.9976541135170961
15173,1,1,1,0.0001480133988006242,0.9743143690296895,0.00118551108509464,0.018004088769169587,0.006348017717245868,0.9743143690296895
11093,0,0,1,0.9977076046054931,7.560358010895427e-05,0.0015188438390137118,0.0002574626404696483,0.0004404853349147373,0.9977076046054931
13094,2,2,1,0.0019678240068920745,9.6608636520743e-05,0.9202022543170724,0.0005522498233171572,0.07718106321619751,0.9202022543170724
11136,0,0,1,0.9986282546249304,6.201489975739209e-05,0.0007990626221149801,0.00016077058715543744,0.0003498972660418335,0.9986282546249304
10880,0,0,1,0.998257834494492,7.002708694514234e-05,0.0011337556787998397,0.00019139211079383808,0.0003469906289692895,0.998257834494492
15857,1,1,1,0.005616370097297603,0.9682770189568968,0.002888899490666929,0.0023400174996974265,0.020877693955441683,0.9682770189568968
14256,1,1,1,5.524892336970776e-07,0.9995569204626659,0.000411221239764217,4.649125942013026e-06,2.665668239392678e-05,0.9995569204626659
13628,2,2,1,0.0004886656087257826,0.00025689013813405906,0.8551428806465395,0.00041955838370595416,0.14369200522289458,0.8551428806465395
17023,3,3,1,0.00018574194922018667,0.009897110837659255,0.0009368684310702125,0.9133624379817167,0.07561784080033378,0.9133624379817167
14987,1,1,1,0.00012989611750255917,0.9763227981297722,0.0009148380303774088,0.01957212182139032,0.003060345900957571,0.9763227981297722
12739,2,2,1,0.01190560537177275,0.00014997740406965868,0.9291998378397478,0.0005827092168065177,0.058161870167603165,0.9291998378397478
10380,0,0,1,0.9958077659009836,0.00016858237572400263,0.002862006773540098,6.732530729310217e-05,0.0010943196424591875,0.9958077659009836
10554,0,0,1,0.9727130249847463,0.001876946207221864,0.008435809364298111,0.002159740364379475,0.014814479079354233,0.9727130249847463
17388,3,3,1,3.563319838012353e-05,0.0006597415656313227,0.0009515666961473689,0.9790225220769747,0.019330536462866216,0.9790225220769747
11471,0,0,1,0.9934953209941072,0.00027340438504807636,0.002488341949582803,0.0006426815486372984,0.0031002511226246735,0.9934953209941072
11584,0,0,1,0.9600580732633507,0.0002645186689188373,0.02341639649093465,0.0016456981841940067,0.01461531339260207,0.9600580732633507
11674,0,0,1,0.9721992028309147,0.0003726944228559231,0.014255400817217089,0.0012555842237817441,0.011917117705230145,0.9721992028309147
14033,1,1,1,5.445248996725465e-07,0.9991782844428967,0.000395241751486236,9.426551154223897e-07,0.000424986625602127,0.9991782844428967
11739,0,0,1,0.972035905822005,0.0004317095522132403,0.01509946322012315,0.0010800888465510921,0.011352832559107308,0.972035905822005
19700,4,2,0,0.049641685115075655,0.00037144355853630244,0.822096644630543,0.0027947967126437834,0.12509542998320128,0.822096644630543
15298,1,1,1,0.0001322691402078393,0.8765953880109795,0.0005844179203958669,0.11530832343867374,0.0073796014897431605,0.8765953880109795
19722,4,2,0,0.001350453096037359,7.893321327428774e-05,0.7650088922196759,0.0005244585198826934,0.2330372629511294,0.7650088922196759
18473,4,3,0,0.0002912800200238631,0.0007223665460838619,0.0032502212989836215,0.6655029528553702,0.3302331792795385,0.6655029528553702
12468,2,2,1,0.008261313350696079,0.00025427062254506814,0.8961182195234593,0.0008637640697107861,0.09450243243358881,0.8961182195234593
10195,0,0,1,0.9518472901506472,0.00018862756483812584,0.03916790011975742,0.0001173732809458016,0.008678808883811383,0.9518472901506472
19407,4,2,0,0.029977316418023123,0.0006390064371187414,0.9085781936960446,0.0013069399431182298,0.05949854350569505,0.9085781936960446
14255,1,1,1,2.5376539175208472e-06,0.9985683533452228,0.0008961549942873758,0.0004251940944758547,0.00010775991209672197,0.9985683533452228
16569,3,1,0,0.00013418325307585537,0.42104892984844655,0.0005506059138260322,0.5729116334693035,0.005354647515347763,0.5729116334693035
17894,3,3,1,0.00014229869766561109,0.000286146909577448,0.0023131295196941277,0.8737953718202572,0.1234630530528051,0.8737953718202572
10430,0,0,1,0.9735240520222447,0.0017643335755864991,0.007209745770860186,0.0017417933815048767,0.015760075249803617,0.9735240520222447
17976,4,4,1,0.0020605445055734803,4.95310663403886e-05,0.00750390260131798,0.001714205977155609,0.9886718158496126,0.9886718158496126
13622,2,2,1,0.0004552211128071449,0.00020371994777086374,0.8928287042300727,0.0008661895586640683,0.10564616515068542,0.8928287042300727
13945,1,1,1,9.098380046316904e-07,0.9993600970591159,0.0005518629433678374,3.910633469500215e-05,4.802382481661921e-05,0.9993600970591159
10970,0,0,1,0.9680319353433315,0.0002806443240398799,0.028115048353944953,0.00042030604968711213,0.003152065928996653,0.9680319353433315
19358,4,2,0,0.0018361567083506243,0.000535316020643379,0.43089755949390773,0.000611804337122752,0.5661191634399756,0.5661191634399756
13477,2,2,1,0.00013086231813375933,1.2394815539859691e-05,0.948240726722923,0.00029513256275020926,0.051320883580653065,0.948240726722923
13351,2,2,1,4.5511247538433624e-05,0.00013545639623701748,0.7692576351567294,0.000527845238098229,0.23003355196139721,0.7692576351567294
16743,3,3,1,0.00024260336783436088,0.0013764000361391165,0.0006719184908830792,0.7639952207936523,0.23371385731149125,0.7639952207936523
12843,2,2,1,0.00022262806097731215,2.303644042619623e-05,0.9362618898145784,0.00045629046966471227,0.06303615521435338,0.9362618898145784
11839,0,0,1,0.9801507994404711,0.0007549428796991809,0.007821022395385999,0.0007994421185636303,0.010473793165879871,0.9801507994404711
19707,4,4,1,0.00017638425342836903,0.00021017026659037418,0.17203241818052709,0.0004921112738850876,0.8270889160255693,0.8270889160255693
13128,2,2,1,6.4701867463099e-05,0.00011559750987013866,0.9156027062263902,0.0006194333414648397,0.08359756105481188,0.9156027062263902
17610,3,3,1,4.578013531718334e-05,4.707202956677197e-05,0.0011713742823853254,0.9402472755139439,0.058488498038786765,0.9402472755139439
15395,1,3,0,7.411939863254829e-05,0.11920339002960788,0.0007267531192125912,0.8735228218206688,0.006472915631878122,0.8735228218206688
15715,1,1,1,3.061396887519612e-07,0.9995980546865129,0.0002880104193162427,1.2558299289125302e-05,0.00010107045519301314,0.9995980546865129
10155,0,0,1,0.9991276039669728,0.00011955523084857741,9.186170176351624e-05,0.00010458611508349362,0.0005563929853315515,0.9991276039669728
12254,2,2,1,0.0003472903154177788,5.731201948173097e-05,0.9202944991102282,0.0003525249673174962,0.0789483735875549,0.9202944991102282
16623,3,3,1,5.20151690336754e-05,0.001742370188248147,0.0008666926643094338,0.989708390805711,0.0076305311726978875,0.989708390805711
10553,0,0,1,0.9815454696762118,0.001022719449650566,0.00567332496521489,0.0011806580750186222,0.0105778278339038,0.9815454696762118
19898,4,2,0,0.00017468979744959673,4.731592688634906e-05,0.6904235508408462,0.0003655731618759221,0.308988870272942,0.6904235508408462
12942,2,2,1,0.0005079670931818324,0.00019171943178964587,0.9102152897008343,0.0007913674986866934,0.08829365627550746,0.9102152897008343
13641,2,0,0,0.9729962736158008,0.00021801395779954223,0.023696254020453462,0.0003856658360555995,0.002703792569890816,0.9729962736158008
13362,2,2,1,0.3042695683365874,0.0006066820085423211,0.6552197201872973,0.0015265995433716795,0.03837742992420158,0.6552197201872973
19230,4,4,1,0.0013641024381443791,0.20396796203646392,0.003839532056446915,0.0006307963485859071,0.7901976071203587,0.7901976071203587
17072,3,3,1,0.00021094253353254823,0.011416521979238793,0.0018401875515121108,0.8791309821804373,0.10740136575527931,0.8791309821804373
12147,2,2,1,0.00035833935798072124,4.829413306117565e-05,0.9066168339282423,0.0004928807426888176,0.09248365183802702,0.9066168339282423
14930,1,1,1,9.461343944195827e-07,0.9992456780073335,0.0005450212537747388,2.443720662452404e-05,0.00018391739787291478,0.9992456780073335
19110,4,4,1,0.0005865901444176933,0.000282567319326671,0.004978381875646641,0.00013267615409562707,0.9940197845065135,0.9940197845065135
13127,2,2,1,0.0006130111154010945,7.630263158514321e-05,0.9313293812875066,0.0007002725629089796,0.06728103240259806,0.9313293812875066
17029,3,3,1,0.0011321807866115066,0.00861937280808767,0.0027344943351048753,0.9487791736134593,0.03873477845673642,0.9487791736134593
12825,2,2,1,0.12702202370953225,0.0004000106658734939,0.7851171982298188,0.0013750181217954815,0.08608574927297996,0.7851171982298188
15293,1,1,1,8.956172864734462e-07,0.999046323830552,0.0004942490873151375,0.00013647904227929842,0.0003220524225670598,0.999046323830552
11352,0,0,1,0.83286362575418,0.00020375405189855582,0.13773617410687516,0.0006530073133264524,0.02854343877371983,0.83286362575418
12041,2,2,1,0.00010904840365370976,9.645296560688837e-05,0.8621943691617318,0.0008300670866458919,0.13677006238236172,0.8621943691617318
17303,3,3,1,0.00011041576742151524,0.0010609471738350722,0.001414343243275962,0.9167766567405792,0.08063763707488857,0.9167766567405792
14805,1,1,1,1.315680786579417e-06,0.9991862068585772,0.0006537036404843621,7.380360912860267e-05,8.497021102300665e-05,0.9991862068585772
15127,1,1,1,0.00019679245648751423,0.7128532869368823,0.0011050002685194433,0.2741055924697518,0.01173932786835903,0.7128532869368823
16599,3,3,1,7.18044869875786e-05,0.009270139676997463,0.0007038571852872744,0.9847879348803045,0.005166263770423089,0.9847879348803045
12290,2,2,1,0.0002695194181719032,1.0634377221127288e-05,0.9359567896450272,0.000902044559780984,0.06286101199979903,0.9359567896450272
19192,4,1,0,0.0010857233491380332,0.48205925999007226,0.0030266906578016225,0.01502259397851028,0.49880573202447775,0.49880573202447775
15303,1,1,1,0.0001505513314869069,0.8855460749889119,0.0005182696426867604,0.11272274449752469,0.001062359539389832,0.8855460749889119
11060,0,0,1,0.9990749718803692,9.243300059164932e-05,0.00044842372812568983,0.00018751468693866565,0.00019665670397467385,0.9990749718803692
12529,2,2,1,0.005445024404134084,0.00015818274812669675,0.9100792867757701,0.0005842316552262647,0.083733274416743,0.9100792867757701
16433,3,3,1,0.00021252651584505275,0.0019889247514226324,0.000698696782676799,0.9769204608168146,0.0201793911332408,0.9769204608168146
18808,4,4,1,0.0018045447732024712,0.0005914331042431822,0.002978262417887738,0.0001782845375477673,0.9944474751671187,0.9944474751671187
14885,1,1,1,1.9668717178689715e-06,0.9989312823123631,0.0007944646490212582,3.87629123056106e-05,0.00023352325459218497,0.9989312823123631
15697,1,1,1,1.390214046252994e-06,0.998940179385001,0.0006583301819307535,0.0002698253103660403,0.00013027490865587295,0.998940179385001
11489,0,0,1,0.9978296927139751,0.00020485578573070583,0.0004772741283596249,0.0005655282678464817,0.0009226491040879447,0.9978296927139751
14094,1,1,1,4.853454247764679e-05,0.9867354618301647,0.0009831764533680502,0.007130779459518778,0.005102047714470601,0.9867354618301647
19562,4,4,1,0.0002946460556896892,0.000628325003087064,0.22971267877930424,0.00035183590425729577,0.7690125142576615,0.7690125142576615
16385,3,3,1,0.00010620013052565308,0.0034131897844428645,0.000655460209500662,0.9804463536968347,0.015378796178696386,0.9804463536968347
19838,4,2,0,4.465506417464482e-05,6.396810493891938e-05,0.866115149901835,0.00024178044990378497,0.13353444647914745,0.866115149901835
14267,1,1,1,1.3811155736540764e-06,0.9991833573636049,0.0006643935533631767,1.7714763620172588e-05,0.0001331532038381818,0.9991833573636049
13311,2,2,1,0.0036583401295067256,0.00013863645128012008,0.9072416049464997,0.0005331284016109579,0.08842829007110234,0.9072416049464997
10780,0,0,1,0.996922741018834,8.160961371116621e-05,0.002294057498456607,0.00017353546427423163,0.0005280564047238803,0.996922741018834
12439,2,2,1,0.00469831114654547,7.454510517875263e-05,0.9324863804512247,0.0005258575808428559,0.06221490571620823,0.9324863804512247
13889,2,2,1,0.0009076565804269331,0.00015861665669382962,0.9221507282590757,0.0007640881813560075,0.0760189103224474,0.9221507282590757
14914,1,1,1,1.0112676889147118e-06,0.9993291445832234,0.0005652077696653952,7.128539979906596e-05,3.335097962326011e-05,0.9993291445832234
15152,1,1,1,0.0006234255334399197,0.9200530047004128,0.00203861031805228,0.04237653898794617,0.034908420460149074,0.9200530047004128
16980,3,3,1,6.333889934484519e-05,0.003279578087529292,0.0013489425855115666,0.9484050385684217,0.04690310185919257,0.9484050385684217
12745,2,2,1,0.017461899988488055,0.00034183557320376404,0.9141376582625199,0.0008268649222353315,0.06723174125355322,0.9141376582625199
11237,0,0,1,0.9495357490737701,0.00017110836839153335,0.037411276853482174,0.0006555561600080434,0.01222630954434814,0.9495357490737701
18007,4,4,1,0.0002858794001552865,6.736478230545678e-05,0.006565238413633217,0.0011958205542485375,0.9918856968496575,0.9918856968496575
10944,0,0,1,0.9810186576308296,0.00013110675849982388,0.0031140628382858304,0.00046648471234524223,0.015269688060039373,0.9810186576308296
13957,1,1,1,6.019580625828812e-07,0.999503188327552,0.00043790376680544397,1.1852967141655209e-06,5.7120650865608475e-05,0.999503188327552
10708,0,0,1,0.9930154743454261,0.0001531556104909592,0.003122594482006262,0.0005729680359400861,0.003135807526136338,0.9930154743454261
17480,3,3,1,5.2647555522959264e-05,0.00044190022384569194,0.0011322181870411575,0.9656516033803901,0.032721630653200225,0.9656516033803901
17515,3,3,1,3.2617288714264196e-05,5.3753381536981356e-05,0.0011436411813809837,0.9591939282164187,0.039576059931949015,0.9591939282164187
12965,2,2,1,0.00466397206584472,0.00018911111450722686,0.9684882082054068,0.0006597696687822426,0.025998938945459214,0.9684882082054068
12107,2,2,1,0.0004938454312556938,0.0002598803817208781,0.8755697701039068,0.0006340825277072993,0.12304242155540937,0.8755697701039068
11360,0,0,1,0.9822557133183398,0.00031829749111913906,0.005312121988228215,0.0011164608366570985,0.010997406365655169,0.9822557133183398
11953,2,2,1,0.0001281677029435426,4.636388417597142e-05,0.9315704609412967,0.0002817177210539372,0.06797328975052978,0.9315704609412967
17300,3,3,1,0.0003030123925940633,0.0012269001125740295,0.0024379398665155356,0.8806630083214073,0.11536913930690935,0.8806630083214073
19216,4,4,1,0.00042115453701607026,0.0001576768071089225,0.004211565398629994,8.871945936489474e-05,0.99512088379788,0.99512088379788
12715,2,2,1,0.009272218748376238,0.00011595884917326594,0.9408641262451751,0.0003717181104542601,0.049375978046821145,0.9408641262451751
15524,1,1,1,8.795916509574151e-07,0.9987365096391287,0.00047511903261842833,0.0004773513391991742,0.0003101403974026426,0.9987365096391287
15088,1,1,1,0.000144969773533522,0.9758519673979797,0.0008981277842568886,0.021243908540970035,0.0018610265032597529,0.9758519673979797
15085,1,1,1,1.6147179963058975e-06,0.997644722805226,0.00047714220102389876,0.0015636834812194323,0.00031283679453431804,0.997644722805226
14447,1,1,1,5.271012824833531e-05,0.9863294545569968,0.0003773468456872007,0.01259924141405559,0.0006412470550120808,0.9863294545569968
11119,0,0,1,0.9972582276564147,0.00010699946929905022,0.0009914319207455001,0.0004957518599105719,0.0011475890936299962,0.9972582276564147
13309,2,2,1,0.00018127786845344816,3.17925120352737e-05,0.9434544022919681,0.0004844847070636039,0.05584804262047967,0.9434544022919681
13565,2,2,1,0.00021871594083573348,3.130519873512642e-05,0.9480673488663861,0.0005155436256646709,0.05116708636837834,0.9480673488663861
10529,0,0,1,0.9621230216289662,0.0031895541799722813,0.00974445542818395,0.0028704944338212236,0.022072474329056173,0.9621230216289662
11014,0,0,1,0.9963161149753658,7.496000860100821e-05,0.002621124216586036,0.0003622776797451078,0.0006255231197020495,0.9963161149753658
14605,1,1,1,2.6977620646569277e-06,0.9967246317186021,0.0003936591766974901,0.002517827907532214,0.00036118343510338925,0.9967246317186021
18657,4,4,1,0.0006027727049984131,0.0038437283579768177,0.004415678718384725,0.0017446020980647666,0.9893932181205753,0.9893932181205753
11010,0,0,1,0.9982432716692052,7.910070442137836e-05,0.001197970850459248,0.00016259909096907264,0.00031705768494497165,0.9982432716692052
13647,2,2,1,0.006789502623784596,0.0001061468469034836,0.9194766671032152,0.0005619003435202497,0.07306578308257648,0.9194766671032152
11722,0,0,1,0.9721179988743387,0.0004205856536633398,0.015029395388164994,0.0011062732535003516,0.011325746830332554,0.9721179988743387
11034,0,0,1,0.998856441862244,6.903630644992077e-05,0.0006883950860006988,0.00012574701222593736,0.00026037973307922046,0.998856441862244
19345,4,2,0,0.0013515919530473275,0.0002727082465944879,0.8433939820835572,0.0003954344559207406,0.15458628326088059,0.8433939820835572
14247,1,1,1,2.0082719246820877e-07,0.999740552751817,0.00025468831876082073,3.596280680459353e-07,4.198474161816803e-06,0.999740552751817
16576,3,3,1,0.00014872911897051476,0.021225502177001324,0.0006488692193886223,0.9743528968823971,0.0036240026022422156,0.9743528968823971
17581,3,3,1,0.00011495899489859044,0.001399286496643849,0.000819066008211298,0.8996926492964149,0.09797403920383119,0.8996926492964149
11980,2,2,1,0.0001532864373191585,1.2050351143511581e-05,0.9486916278103088,0.0010047943730588146,0.050138241028169855,0.9486916278103088
13119,2,2,1,0.0071220534963417695,0.00016641680862349118,0.8911619641747823,0.0006786529432579486,0.10087091257699461,0.8911619641747823
19846,4,2,0,0.0026281624071531917,4.571767661300891e-05,0.9257879833845689,0.0009676691318431061,0.07057046739982173,0.9257879833845689
12047,2,2,1,0.0007225894792787808,5.316694753223077e-05,0.9192956428863125,0.00026875978634950264,0.07965984090052709,0.9192956428863125
15914,1,1,1,0.0014262169568346884,0.9900358137928823,0.001461077423235828,0.0007440937493803533,0.006332798077666901,0.9900358137928823
13275,2,2,1,0.001960590475782479,0.00014684902693718756,0.919718105974773,0.0007459405619190793,0.07742851396058809,0.919718105974773
15121,1,1,1,0.00015320268562188746,0.976615189228309,0.0006544728736201995,0.022219591764785013,0.00035754344766375013,0.976615189228309
16231,3,3,1,9.483765859481921e-05,0.08554945268718102,0.0005242882254270926,0.9029316135312536,0.010899807897543579,0.9029316135312536
13710,2,2,1,0.00024984079652765767,0.00013071474819647083,0.9145013550529368,0.0005541695124779198,0.08456391988986092,0.9145013550529368
13979,1,1,1,6.48617364609141e-07,0.9995202687053861,0.0004562522194568444,6.9337029971086624e-06,1.589675479521426e-05,0.9995202687053861
17031,3,3,1,0.0001004094437405289,0.06581949278285079,0.0005383695967052254,0.9221370068175269,0.011404721359176721,0.9221370068175269
11484,0,0,1,0.9956126858158886,0.00025138804081139914,0.0014638230597466598,0.0006390998540846847,0.002033003229468418,0.9956126858158886
16770,3,3,1,9.714141145301905e-05,0.004825692194598303,0.0004957273105481131,0.9821253264572067,0.012456112626193743,0.9821253264572067
11796,0,0,1,0.9753340449869479,0.00027235900920141097,0.014991998081488551,0.0008104354022419189,0.00859116252012028,0.9753340449869479
18319,4,4,1,0.02431871828535765,4.14365269304822e-05,0.007432469020757939,0.00019539015479756437,0.9680119860121563,0.9680119860121563
14388,1,1,1,8.869752529253936e-07,0.9992631651620373,0.0005221368384901633,1.3262217782640015e-05,0.00020054880643710025,0.9992631651620373
