id,true_label,predicted_label,correct,prob_Trend,prob_Volatility,prob_Stochastic,prob_Anomaly,prob_Structural Break,confidence
12500,2,2,1,6.1731305e-07,1.8727276e-07,0.9999944,7.073166e-08,4.7610197e-06,0.9999944
17434,3,3,1,4.059584e-06,6.352999e-06,6.6145903e-06,0.99897695,0.0010060513,0.99897695
13539,2,2,1,2.479418e-06,8.593698e-07,0.9999001,9.818449e-07,9.5588905e-05,0.9999001
11264,0,0,1,0.9998092,1.6751573e-06,1.47209075e-05,3.2603978e-06,0.00017113633,0.9998092
14864,1,1,1,2.1646879e-07,0.99998665,9.942528e-08,1.2880289e-05,1.0879587e-07,0.99998665
17284,3,3,1,1.1536512e-06,2.8616932e-06,1.3124184e-06,0.9998828,0.00011189935,0.9998828
13724,2,2,1,8.65885e-06,7.5272555e-07,0.9999107,4.4454072e-07,7.94144e-05,0.9999107
14858,1,1,1,1.7518136e-07,0.9999938,1.8729193e-07,5.6466433e-06,1.3095463e-07,0.9999938
17496,3,3,1,4.7949476e-07,7.317979e-07,3.5967747e-07,0.99997365,2.4784787e-05,0.99997365
19029,4,4,1,1.3051189e-05,1.8576071e-05,1.7543003e-06,3.464688e-06,0.99996316,0.99996316
13657,2,2,1,8.894175e-06,9.8386845e-06,0.98750126,7.214519e-06,0.01247279,0.98750126
11009,0,0,1,0.9999453,1.5475242e-06,2.5485095e-05,9.614192e-06,1.8106002e-05,0.9999453
17729,3,3,1,9.059778e-05,0.0036231442,0.00028883413,0.95857394,0.03742349,0.95857394
12368,2,2,1,7.532531e-05,1.3712845e-06,0.999874,4.953838e-07,4.883785e-05,0.999874
18715,4,4,1,9.279412e-06,9.538007e-05,1.1509043e-05,0.0024307945,0.99745303,0.99745303
17429,3,3,1,0.0002197488,0.0051460695,0.004679461,0.82832396,0.16163078,0.82832396
11831,0,0,1,0.99996793,2.8824004e-06,1.6863132e-05,3.0440037e-06,9.305719e-06,0.99996793
17489,3,3,1,1.6518905e-07,2.1017009e-07,1.1500496e-06,0.99998605,1.2427798e-05,0.99998605
11689,0,0,1,0.999954,1.5647975e-06,2.7580438e-05,2.5349511e-06,1.4282993e-05,0.999954
18527,4,4,1,0.000112190755,7.2883435e-05,9.542132e-05,0.039692756,0.96002674,0.96002674
17241,3,3,1,1.7470745e-06,6.444538e-06,8.9860356e-07,0.9999852,5.7122234e-06,0.9999852
18022,4,4,1,3.258967e-06,1.2551491e-06,2.4009694e-05,1.0028622e-05,0.9999615,0.9999615
19349,4,4,1,1.4323666e-06,3.1094296e-06,0.00016772676,3.1655095e-06,0.9998246,0.9998246
17995,4,4,1,6.5429434e-05,4.2933534e-05,0.00011309711,0.0009333765,0.9988451,0.9988451
10284,0,0,1,0.9998124,1.5389318e-06,0.00015776818,5.128312e-07,2.7813448e-05,0.9998124
15419,1,1,1,1.6283046e-07,0.99999404,1.1372874e-07,5.4827315e-06,1.8724019e-07,0.99999404
17855,3,3,1,3.836624e-07,3.8559145e-07,2.7542358e-06,0.99981076,0.00018570591,0.99981076
13514,2,2,1,9.641272e-05,3.6828955e-05,0.86221206,2.6603615e-05,0.13762811,0.86221206
15126,1,1,1,1.3616213e-06,0.9999424,9.420529e-07,4.3379398e-05,1.1840689e-05,0.9999424
11585,0,0,1,0.99957234,1.7867076e-05,0.00025560608,1.8575345e-05,0.00013555743,0.99957234
11398,0,0,1,0.9999863,4.049548e-07,7.976878e-06,1.6625248e-06,3.719806e-06,0.9999863
19869,4,4,1,0.00024397117,5.6899753e-05,0.05179191,6.204801e-05,0.94784516,0.94784516
16795,3,3,1,6.079824e-05,0.0009760829,9.21243e-05,0.9984781,0.00039292744,0.9984781
10718,0,0,1,0.99997365,4.3315268e-07,2.2745491e-05,1.0008273e-06,2.2183435e-06,0.99997365
13054,2,2,1,4.78626e-07,4.4838492e-07,0.99997616,1.9108278e-07,2.2671526e-05,0.99997616
10461,0,0,1,0.99997723,4.0064575e-07,1.3625658e-05,2.4860688e-06,6.228567e-06,0.99997723
16652,3,3,1,1.1738628e-06,4.4170025e-05,7.238679e-07,0.9999502,3.786826e-06,0.9999502
12401,2,2,1,6.6649936e-06,2.527524e-07,0.99999,1.309263e-07,2.950665e-06,0.99999
12053,2,2,1,1.1928422e-06,5.559195e-07,0.9999875,2.1993962e-06,8.576285e-06,0.9999875
18470,4,4,1,9.962547e-05,1.1895854e-05,0.0020649305,1.121673e-05,0.9978123,0.9978123
16596,3,3,1,2.995548e-06,0.0010408944,2.5571017e-06,0.99890614,4.7388636e-05,0.99890614
11518,0,0,1,0.9995059,2.7151846e-06,8.376245e-05,1.3813694e-05,0.0003938619,0.9995059
18749,4,4,1,5.5367498e-05,4.9268452e-05,3.4806515e-06,8.596091e-06,0.9998833,0.9998833
11377,0,0,1,0.999915,4.049259e-07,7.589328e-05,6.545378e-06,2.130586e-06,0.999915
17428,3,3,1,2.3856842e-06,5.8528617e-06,1.9585477e-06,0.999925,6.474041e-05,0.999925
11386,0,0,1,0.9999726,4.3924473e-07,2.9574846e-06,1.6925521e-06,2.2387003e-05,0.9999726
17559,3,3,1,1.1505786e-06,2.0142393e-06,8.873494e-06,0.99972314,0.00026484983,0.99972314
12567,2,2,1,9.840495e-05,7.1063164e-06,0.9988944,2.462632e-06,0.0009976913,0.9988944
13887,2,2,1,6.3541947e-06,3.0575472e-07,0.9999752,2.4390403e-07,1.7933184e-05,0.9999752
16751,3,3,1,3.8234867e-07,5.931929e-06,2.0317736e-07,0.9999894,4.0871664e-06,0.9999894
11703,0,0,1,0.9999658,3.2621028e-06,2.5260002e-05,2.6202285e-06,3.0554854e-06,0.9999658
15464,1,1,1,4.1329068e-07,0.9999896,5.122378e-07,7.781299e-06,1.7208986e-06,0.9999896
16655,3,3,1,3.378194e-05,0.00069712615,2.0060714e-05,0.99865663,0.00059238565,0.99865663
12973,2,2,1,9.0257476e-05,2.084338e-06,0.9998313,4.732063e-06,7.154008e-05,0.9998313
9990,0,0,1,0.99469924,5.62313e-06,0.00017032534,1.7872391e-06,0.0051229787,0.99469924
19119,4,4,1,5.1439656e-05,0.00010987123,2.1851565e-06,2.532849e-06,0.99983394,0.99983394
14604,1,1,1,1.4985429e-07,0.99997866,1.4835554e-07,2.0877238e-05,2.1312609e-07,0.99997866
10230,0,0,1,0.9998863,1.0375142e-06,9.408481e-05,3.457396e-07,1.8274133e-05,0.9998863
10849,0,0,1,0.99995077,7.969489e-07,3.9017425e-05,2.8403747e-06,6.615018e-06,0.99995077
19417,4,4,1,1.0727872e-05,8.465566e-06,0.0005166647,3.0198526e-06,0.9994611,0.9994611
18179,4,3,0,7.1313316e-06,1.3903341e-05,7.033651e-06,0.99914265,0.0008292213,0.99914265
19392,4,4,1,9.639067e-05,2.6387705e-05,0.00014516781,2.0318374e-05,0.9997117,0.9997117
16979,3,3,1,1.5905943e-06,3.7535574e-05,9.017962e-07,0.9999517,8.215888e-06,0.9999517
19515,4,4,1,3.9439485e-05,1.3382097e-05,0.0010246818,6.170367e-06,0.9989164,0.9989164
10499,0,0,1,0.9999604,1.035303e-06,1.3371578e-05,3.6086924e-06,2.160964e-05,0.9999604
16769,3,3,1,1.0769136e-06,1.4984946e-05,4.2465e-06,0.99996924,1.0464721e-05,0.99996924
15618,1,1,1,1.1073093e-05,0.99992776,9.839192e-07,1.1858743e-05,4.8316833e-05,0.99992776
14469,1,1,1,1.5887933e-07,0.9999771,1.2970618e-07,2.2276103e-05,2.8094823e-07,0.9999771
15786,1,1,1,1.692531e-07,0.999995,2.4097716e-07,8.6641023e-07,3.732546e-06,0.999995
13446,2,2,1,1.6968414e-05,5.4586117e-06,0.9995134,1.0682705e-05,0.0004534453,0.9995134
11724,0,0,1,0.99996126,1.5648088e-06,1.8576655e-05,3.302899e-06,1.52992e-05,0.99996126
18981,4,4,1,4.9446408e-06,0.0002675995,6.886238e-06,2.299646e-05,0.99969757,0.99969757
15624,1,1,1,8.9137175e-06,0.9999409,3.4915174e-06,3.904717e-06,4.2835243e-05,0.9999409
13332,2,2,1,3.682413e-06,6.8761733e-07,0.99940085,3.225974e-07,0.0005944182,0.99940085
15919,1,1,1,1.7480677e-05,0.9974721,2.1185851e-06,5.882877e-06,0.0025023636,0.9974721
10758,0,0,1,0.99998546,5.760044e-07,1.1273571e-05,6.9041863e-07,1.9675888e-06,0.99998546
13554,2,2,1,7.032681e-06,4.631066e-06,0.9880697,5.6383215e-06,0.011912974,0.9880697
12441,2,2,1,4.715669e-06,6.6352374e-07,0.99997246,2.2993834e-07,2.187892e-05,0.99997246
19178,4,4,1,5.8074966e-07,3.861509e-05,9.108304e-07,1.1084219e-06,0.99995875,0.99995875
18644,4,4,1,0.00082047156,0.0009866136,0.012615591,0.2596842,0.7258931,0.7258931
15854,1,1,1,4.256958e-07,0.9999795,4.6754116e-07,1.6917997e-05,2.7278575e-06,0.9999795
14895,1,1,1,5.7381584e-07,0.9995604,4.5992687e-07,0.0004379054,6.632693e-07,0.9995604
16821,3,3,1,7.506528e-07,1.9141373e-06,3.7604494e-07,0.99999523,1.7436947e-06,0.99999523
18637,4,4,1,5.1738635e-07,9.593468e-06,4.7490633e-07,2.7638675e-06,0.99998665,0.99998665
11573,0,0,1,0.9999757,3.2621351e-06,1.029306e-05,2.6910138e-06,8.017634e-06,0.9999757
19913,4,4,1,5.1628213e-05,3.800753e-05,0.017476205,6.434997e-05,0.9823698,0.9823698
14402,1,1,1,7.480742e-08,0.99999166,7.322393e-08,8.145344e-06,3.7026002e-08,0.99999166
17812,3,3,1,1.8081522e-06,3.2010905e-06,1.47636565e-05,0.9992931,0.0006870595,0.9992931
13010,2,2,1,1.35544e-05,2.2339532e-06,0.9998474,3.783304e-06,0.000133017,0.9998474
17260,3,3,1,3.042639e-05,0.009840906,3.2888172e-05,0.989902,0.0001937088,0.989902
18204,4,4,1,6.0548366e-05,7.4566833e-06,0.00016931677,0.00025612634,0.9995066,0.9995066
14668,1,1,1,6.842657e-08,0.9999968,1.07346246e-07,2.9424937e-06,4.738821e-08,0.9999968
17088,3,3,1,1.02180275e-05,7.76966e-05,3.7219822e-06,0.9998883,2.0073505e-05,0.9998883
15139,1,1,1,9.1571087e-07,0.99994206,8.946051e-07,5.3331965e-05,2.8078266e-06,0.99994206
18369,4,4,1,6.5202044e-06,2.1399887e-06,7.945129e-05,3.0599128e-06,0.9999088,0.9999088
18430,4,4,1,0.0008011751,3.100937e-05,0.0034839201,6.62011e-05,0.99561775,0.99561775
10444,0,0,1,0.9999876,1.5678121e-06,3.714915e-06,1.5821155e-06,5.5567602e-06,0.9999876
11762,0,0,1,0.99989796,2.0938128e-06,9.265446e-05,2.5516465e-06,4.7464987e-06,0.99989796
13895,2,2,1,6.1574303e-07,6.6465276e-07,0.9999465,1.2121583e-06,5.1048548e-05,0.9999465
13171,2,2,1,3.6070982e-05,8.740891e-06,0.9979961,3.8045594e-06,0.001955289,0.9979961
17620,3,3,1,2.2159018e-06,4.589406e-06,0.0001737466,0.9987663,0.0010531698,0.9987663
16907,3,3,1,5.344982e-07,1.5735867e-06,3.5345496e-07,0.99999523,2.3284554e-06,0.99999523
11574,0,0,1,0.9999702,4.768275e-06,1.3744299e-05,5.8274163e-06,5.4080506e-06,0.9999702
12077,2,2,1,1.9712506e-06,5.25817e-07,0.9999794,8.196345e-06,9.874656e-06,0.9999794
12085,2,2,1,1.6986469e-05,5.6973096e-07,0.9999702,3.4132684e-06,8.845276e-06,0.9999702
11256,0,0,1,0.99982953,2.617851e-06,5.6690183e-06,2.2204597e-06,0.00015994578,0.99982953
13065,2,2,1,0.0014212921,1.927067e-06,0.998544,7.475089e-07,3.205536e-05,0.998544
13578,2,4,0,0.003963954,0.00045912448,0.034604307,0.0008805981,0.960092,0.960092
18707,4,4,1,1.8124218e-05,0.00053998915,4.2551806e-06,8.718649e-06,0.9994289,0.9994289
13783,2,2,1,7.3135443e-06,6.3817276e-07,0.999944,2.4771103e-07,4.7799855e-05,0.999944
15440,1,1,1,3.07854e-07,0.99998355,2.098381e-07,1.5374135e-05,5.504004e-07,0.99998355
15421,1,1,1,2.2560148e-06,0.9998908,9.186041e-06,8.54272e-05,1.2309702e-05,0.9998908
15825,1,1,1,1.4293066e-07,0.9999962,3.0783147e-07,7.0922505e-07,2.7048602e-06,0.9999962
18413,4,4,1,1.724881e-05,1.655483e-05,1.52362545e-05,0.00031293862,0.99963796,0.99963796
13805,2,2,1,1.657976e-05,2.314903e-06,0.9997732,3.302287e-06,0.00020462331,0.9997732
15183,1,1,1,1.0784309e-05,0.98682356,8.402186e-06,0.013012325,0.00014498133,0.98682356
10003,0,0,1,0.9996971,1.7466026e-06,0.00026120056,5.869146e-07,3.938386e-05,0.9996971
11788,0,0,1,0.9999608,1.4089794e-06,3.3467855e-05,1.479929e-06,2.8450415e-06,0.9999608
18131,4,3,0,0.0008011722,0.012589732,0.0018768666,0.6826545,0.30207774,0.6826545
14587,1,1,1,8.8014716e-08,0.9999962,7.766352e-08,3.4503332e-06,1.416459e-07,0.9999962
13376,2,2,1,6.405405e-07,4.3130274e-07,0.9998516,1.4127799e-06,0.00014585984,0.9998516
11399,0,0,1,0.999974,3.9105535e-07,1.9970203e-05,4.1972585e-06,1.4201017e-06,0.999974
11071,0,0,1,0.9999752,6.7066605e-07,1.3557851e-05,1.9984848e-06,8.537377e-06,0.9999752
15556,1,1,1,5.2532298e-05,0.990497,3.8064525e-05,3.0734125e-05,0.009381709,0.990497
17328,3,3,1,6.04427e-07,7.2954654e-06,7.2903225e-07,0.99982554,0.00016586235,0.99982554
12351,2,2,1,3.189363e-05,1.6240369e-06,0.99926156,7.395991e-07,0.00070416165,0.99926156
10738,0,0,1,0.999984,7.996095e-07,4.7590006e-06,6.396867e-06,4.0144e-06,0.999984
13943,2,2,1,7.000754e-06,4.5611526e-07,0.9999665,8.386716e-07,2.5251302e-05,0.9999665
17915,3,3,1,8.6050613e-07,7.8737384e-07,6.3290076e-07,0.99946505,0.00053270394,0.99946505
11204,0,0,1,0.999589,4.8320894e-06,4.0226537e-06,4.0985797e-06,0.00039798534,0.999589
12355,2,2,1,0.00076903653,1.7876107e-06,0.9991897,1.7016864e-06,3.7814516e-05,0.9991897
14765,1,1,1,2.3725114e-07,0.9999943,1.703808e-07,5.0558315e-06,2.0329698e-07,0.9999943
14413,1,1,1,1.1926255e-07,0.9999943,2.3770365e-07,5.144606e-06,1.6136562e-07,0.9999943
11828,0,0,1,0.99952877,7.3471597e-06,0.0001425743,1.0756249e-05,0.00031053097,0.99952877
10087,0,0,1,0.99489,3.9841275e-06,0.005054039,2.9424639e-06,4.907438e-05,0.99489
16727,3,3,1,2.8169545e-06,4.9041424e-05,1.1250407e-06,0.9999443,2.6938283e-06,0.9999443
13917,2,2,1,0.0013712244,3.9116617e-06,0.9983699,7.241518e-06,0.00024774967,0.9983699
11255,0,0,1,0.99989176,2.0042041e-06,8.944919e-05,1.832833e-06,1.4891175e-05,0.99989176
17538,3,3,1,3.6605823e-05,3.0790346e-05,9.875131e-05,0.9830237,0.016810168,0.9830237
19694,4,4,1,0.00012436534,3.150049e-05,0.2441449,3.73509e-05,0.7556619,0.7556619
13715,2,2,1,1.0970984e-05,1.7154483e-06,0.9996729,9.2828594e-07,0.000313521,0.9996729
16057,3,3,1,1.3246449e-06,1.0750483e-05,9.995703e-07,0.9999833,3.6075912e-06,0.9999833
15833,1,1,1,2.32383e-06,0.99982256,3.0488745e-06,3.9365896e-05,0.00013276581,0.99982256
17649,3,4,0,9.179382e-05,0.00036226012,0.007997239,0.010321987,0.9812267,0.9812267
15584,1,1,1,3.9029845e-07,0.999923,6.7871684e-07,2.319095e-06,7.36375e-05,0.999923
18164,4,4,1,8.3049696e-07,4.7381616e-07,5.8341748e-06,3.6883037e-07,0.9999925,0.9999925
15243,1,1,1,2.5024895e-07,0.99996936,2.4255007e-07,2.8744318e-05,1.4009321e-06,0.99996936
13339,2,2,1,0.00879605,8.331829e-05,0.5555931,0.00017478601,0.43535277,0.5555931
12426,2,2,1,3.037758e-05,2.3053415e-06,0.99988186,8.3281606e-07,8.4556246e-05,0.99988186
15654,1,1,1,5.8649125e-06,0.99752456,8.855813e-06,6.702391e-05,0.0023936639,0.99752456
18925,4,3,0,0.00010509317,0.00011911081,0.0012791594,0.94960344,0.04889318,0.94960344
14398,1,1,1,1.0432969e-07,0.99999666,1.3570171e-07,2.6627665e-06,4.802174e-07,0.99999666
11622,0,0,1,0.99997425,2.2848174e-06,1.962903e-05,1.8952354e-06,1.8969749e-06,0.99997425
11586,0,0,1,0.99996316,1.7073278e-06,1.5029923e-05,6.566883e-06,1.3547051e-05,0.99996316
10589,0,0,1,0.9999933,1.5886403e-07,6.482162e-07,2.304939e-06,3.592809e-06,0.9999933
19220,4,4,1,1.0406538e-05,0.00018651866,1.8386386e-06,1.8689739e-06,0.99979943,0.99979943
18373,4,3,0,9.1590184e-05,0.00013047183,0.0002538423,0.56370825,0.4358159,0.56370825
19003,4,4,1,8.455757e-05,1.4580722e-05,2.08532e-05,6.6460954e-05,0.9998136,0.9998136
14726,1,1,1,9.780217e-08,0.9999988,8.1812054e-08,7.7667767e-07,2.4418605e-07,0.9999988
17060,3,3,1,1.1080525e-06,3.376174e-05,1.6543363e-06,0.9999049,5.8543545e-05,0.9999049
18280,4,4,1,4.4565353e-05,1.9829029e-05,0.000580192,1.718521e-05,0.9993382,0.9993382
11448,0,0,1,0.9999764,4.0495078e-07,4.075001e-06,1.3134327e-06,1.7810675e-05,0.9999764
17476,3,3,1,1.9845578e-05,0.00011365202,4.4535176e-05,0.99641836,0.0034035589,0.99641836
14533,1,1,1,1.7976504e-07,0.99999344,1.6588773e-07,5.3894605e-06,8.7860377e-07,0.99999344
11172,0,0,1,0.99969316,4.102229e-06,2.877352e-06,3.4795085e-06,0.00029644198,0.99969316
14613,1,1,1,1.1636835e-07,0.99998736,8.4987555e-08,1.2291663e-05,1.2519328e-07,0.99998736
14236,1,1,1,1.1818065e-05,0.9992785,5.3491876e-06,0.00068542286,1.891784e-05,0.9992785
18360,4,4,1,5.968552e-05,1.8482255e-05,0.00044468936,6.0372262e-05,0.9994168,0.9994168
17604,3,3,1,1.2234594e-05,3.4340723e-05,0.00027349076,0.99870765,0.0009722859,0.99870765
11415,0,0,1,0.9999527,3.771761e-07,4.0303643e-05,4.8139923e-06,1.7936206e-06,0.9999527
12818,2,2,1,3.392634e-05,3.638073e-06,0.9999008,1.966807e-06,5.9588023e-05,0.9999008
13700,2,2,1,2.2306725e-07,2.177956e-07,0.99998045,2.3579209e-07,1.8860903e-05,0.99998045
16403,3,3,1,7.7246325e-05,0.00235959,0.0004966608,0.98446953,0.012596914,0.98446953
16737,3,3,1,1.10161145e-05,0.0016543693,7.768735e-06,0.99828255,4.4299526e-05,0.99828255
10477,0,0,1,0.9999738,4.862197e-07,1.302626e-05,2.5842455e-06,1.0151016e-05,0.9999738
15852,1,4,0,0.0014553734,0.20530629,0.0006800523,0.011116498,0.7814418,0.7814418
18105,4,4,1,5.096919e-06,3.3230995e-06,5.517604e-06,0.0010441082,0.99894196,0.99894196
16986,3,3,1,0.00010170574,0.009611722,9.771099e-05,0.9895929,0.00059599633,0.9895929
11785,0,0,1,0.9999169,5.357697e-06,6.0248578e-05,5.7020693e-06,1.1735221e-05,0.9999169
14835,1,1,1,1.00317074e-07,0.9999974,5.1705626e-08,2.358621e-06,1.4713515e-07,0.9999974
15312,1,1,1,1.6705377e-06,0.9996332,2.0070747e-06,0.0003329591,3.0139661e-05,0.9996332
19400,4,2,0,0.0013588833,6.0072725e-05,0.9576854,8.224315e-05,0.040813394,0.9576854
15325,1,3,0,0.00022112511,0.24445747,0.00013935337,0.75438946,0.0007925493,0.75438946
13157,2,2,1,1.6724608e-06,6.653497e-07,0.99992824,1.2407653e-06,6.8231195e-05,0.99992824
12834,2,2,1,5.0025346e-06,1.4154544e-06,0.99987376,6.8153827e-06,0.00011296886,0.99987376
13371,2,2,1,1.5209855e-06,9.741838e-07,0.99977916,4.6861715e-06,0.00021369602,0.99977916
11877,0,0,1,0.99992716,3.5797084e-06,5.9267448e-05,3.3317742e-06,6.650994e-06,0.99992716
16917,3,3,1,1.1655792e-05,7.007361e-05,9.933114e-06,0.99980694,0.00010147857,0.99980694
15652,1,1,1,1.240322e-07,0.9999871,1.0116862e-07,1.2511853e-05,1.7988687e-07,0.9999871
12938,2,2,1,4.770921e-05,1.200452e-06,0.9999285,1.4048015e-06,2.1220521e-05,0.9999285
19047,4,4,1,0.00016877858,0.09117909,0.0016052308,0.075287916,0.831759,0.831759
10376,0,0,1,0.99969554,2.1437027e-06,0.00025165483,7.1436483e-07,4.9926814e-05,0.99969554
15271,1,1,1,1.405143e-06,0.99994934,6.225077e-07,4.534082e-05,3.3370409e-06,0.99994934
10820,0,0,1,0.99994516,1.8045055e-06,1.696427e-05,9.226797e-06,2.6870994e-05,0.99994516
12161,2,2,1,3.429859e-07,6.028702e-07,0.9999845,1.9644203e-06,1.25776805e-05,0.9999845
16551,3,3,1,2.7961414e-05,0.00054593995,1.5033958e-05,0.99932015,9.0945396e-05,0.99932015
10140,0,0,1,0.99991596,9.2044195e-07,5.9625592e-05,4.4097257e-07,2.305848e-05,0.99991596
13011,2,2,1,0.048650738,1.1402187e-05,0.95113117,1.456762e-05,0.00019208758,0.95113117
10631,0,0,1,0.99998975,1.9125164e-07,7.110494e-06,9.3766687e-07,2.025264e-06,0.99998975
12886,2,2,1,1.941348e-06,1.1769601e-07,0.9999956,4.2518266e-08,2.2811148e-06,0.9999956
11434,0,0,1,0.9999707,4.1353752e-07,2.4905363e-05,2.1038998e-06,1.8605614e-06,0.9999707
15056,1,1,1,4.4905772e-07,0.9999745,9.256315e-07,2.0267758e-05,3.8191865e-06,0.9999745
16590,3,3,1,7.9913625e-06,0.00043789117,6.48125e-06,0.99886096,0.00068663503,0.99886096
16071,3,3,1,6.698327e-06,5.412103e-05,6.97086e-06,0.99984896,8.32083e-05,0.99984896
18123,4,4,1,2.5399453e-05,8.97207e-06,0.00043934587,4.4982018e-05,0.9994814,0.9994814
12210,2,2,1,2.9523648e-07,6.717581e-07,0.9999131,4.994473e-05,3.5951718e-05,0.9999131
10497,0,0,1,0.99994755,1.2832907e-06,1.3432088e-05,1.217154e-05,2.5589901e-05,0.99994755
14089,1,1,1,3.8044877e-06,0.99928206,3.4955385e-06,0.00067225704,3.8382947e-05,0.99928206
18594,4,4,1,4.0427444e-06,4.2628755e-05,9.900008e-06,3.8740327e-05,0.99990463,0.99990463
11627,0,0,1,0.999982,1.4760842e-06,1.3943089e-05,1.3877747e-06,1.1890286e-06,0.999982
16855,3,3,1,1.4763443e-06,1.542373e-05,8.414716e-07,0.999977,5.2382698e-06,0.999977
10395,0,0,1,0.99952686,1.7756294e-05,0.00017759978,0.0001925334,8.5239066e-05,0.99952686
12302,2,2,1,6.987027e-05,5.031384e-06,0.999331,6.346789e-06,0.00058784086,0.999331
17607,3,3,1,1.7349612e-06,1.0106066e-05,2.9963408e-06,0.9996834,0.0003017746,0.9996834
10219,0,0,1,0.9994048,2.354927e-06,3.942405e-05,1.0235655e-06,0.0005524358,0.9994048
15332,1,1,1,4.4613077e-07,0.9997886,2.085928e-07,0.00021015375,5.870182e-07,0.9997886
13163,2,2,1,2.42928e-06,8.3792014e-07,0.9999398,1.808228e-05,3.8806884e-05,0.9999398
12501,2,2,1,8.9644766e-07,5.7139164e-07,0.9999578,5.876805e-07,4.0090898e-05,0.9999578
15343,1,1,1,1.0547753e-06,0.9997286,8.242802e-07,0.0002638527,5.6562635e-06,0.9997286
10441,0,0,1,0.99998176,6.906084e-07,8.226789e-06,1.6926548e-06,7.6208307e-06,0.99998176
15739,1,1,1,2.1880253e-07,0.9999906,2.8759513e-07,3.9357064e-06,4.9281703e-06,0.9999906
16653,3,3,1,1.9543462e-05,3.1678122e-05,6.482756e-05,0.95434505,0.04553896,0.95434505
16647,3,3,1,7.840813e-05,0.0014841764,9.6813914e-05,0.85268843,0.1456522,0.85268843
13195,2,2,1,1.6157575e-06,1.1564506e-07,0.9999943,4.177735e-08,3.943306e-06,0.9999943
14108,1,1,1,1.3167758e-07,0.9999975,2.3754917e-07,1.211529e-06,9.790082e-07,0.9999975
12220,2,2,1,1.14726745e-05,1.9803515e-06,0.9996655,0.00027015328,5.088709e-05,0.9996655
17135,3,3,1,1.5164406e-06,1.9930378e-05,1.0363984e-06,0.9999652,1.2309056e-05,0.9999652
13390,2,2,1,1.3839646e-06,7.3745446e-07,0.9999317,2.3573833e-07,6.5976325e-05,0.9999317
14931,1,1,1,1.4623325e-07,0.99998856,1.2098343e-07,1.0659505e-05,5.509693e-07,0.99998856
10407,0,0,1,0.9999794,3.984807e-07,1.1800239e-05,1.756376e-06,6.7099104e-06,0.9999794
14917,1,1,1,1.08553245e-07,0.99999714,8.959047e-08,2.439772e-06,2.1897263e-07,0.99999714
11379,0,0,1,0.9999782,4.1354065e-07,1.4022418e-05,2.1039154e-06,5.2795417e-06,0.9999782
19033,4,4,1,5.1053985e-06,0.00088132743,1.0258706e-05,4.5953104e-05,0.99905735,0.99905735
18989,4,4,1,1.1086287e-06,5.5609584e-05,1.1119535e-06,1.0490917e-05,0.9999317,0.9999317
10866,0,0,1,0.999966,8.896688e-07,2.3450217e-05,2.676448e-06,6.9586895e-06,0.999966
12541,2,2,1,0.00019732198,6.109634e-06,0.9996093,2.2071358e-06,0.00018505844,0.9996093
16881,3,3,1,2.2815323e-06,1.578465e-05,1.5445306e-06,0.99997354,6.8695217e-06,0.99997354
19355,4,2,0,2.3178753e-05,3.3020176e-05,0.65296715,2.7451733e-05,0.34694922,0.65296715
12895,2,2,1,5.465792e-06,4.3582245e-06,0.97695893,3.0532685e-06,0.023028167,0.97695893
13773,2,2,1,1.9331752e-05,7.0120877e-06,0.99827826,2.9403686e-06,0.0016924802,0.99827826
11713,0,0,1,0.9999591,2.262963e-06,3.495171e-05,2.1174199e-06,1.5378005e-06,0.9999591
13760,2,2,1,2.9564958e-06,1.1818998e-06,0.99914634,1.0431482e-06,0.0008484166,0.99914634
15506,1,1,1,1.1904015e-07,0.99999785,1.6948553e-07,5.8611835e-07,1.2758077e-06,0.99999785
17868,3,4,0,0.00031850443,0.0002959925,0.00022886189,0.12665083,0.87250584,0.87250584
10277,0,0,1,0.9996773,1.0256202e-06,0.00030685458,3.9108772e-07,1.4425688e-05,0.9996773
10010,0,0,1,0.99990785,9.043671e-07,8.1301376e-05,3.038964e-07,9.606866e-06,0.99990785
13955,1,1,1,1.2146833e-07,0.99999654,9.721146e-08,3.1580778e-06,8.0719126e-08,0.99999654
13280,2,2,1,0.001326219,3.8596056e-05,0.98761344,6.155239e-05,0.010960132,0.98761344
13224,2,2,1,1.3129061e-06,1.3137628e-06,0.99985194,8.923037e-06,0.0001364281,0.99985194
13543,2,2,1,1.8122e-05,1.1123617e-05,0.9992285,2.2069105e-05,0.00072020164,0.9992285
12599,2,2,1,5.1387844e-05,1.3385411e-06,0.99987054,4.835551e-07,7.62685e-05,0.99987054
13611,2,2,1,9.075456e-05,1.2308514e-05,0.998906,1.3190154e-05,0.0009776652,0.998906
13111,2,2,1,6.772666e-05,1.4822249e-06,0.9998,5.669099e-06,0.0001250941,0.9998
12222,2,2,1,0.0007796011,7.143022e-06,0.99781954,5.0218964e-06,0.0013887194,0.99781954
10984,0,0,1,0.9999696,9.673871e-07,1.9083605e-05,1.8921186e-06,8.484182e-06,0.9999696
12339,2,2,1,1.2318613e-06,5.8506237e-07,0.9999684,1.7748034e-05,1.2076855e-05,0.9999684
12702,2,2,1,4.0314488e-05,2.0017285e-06,0.9998889,6.936808e-07,6.81148e-05,0.9998889
18252,4,3,0,2.0573956e-05,1.6842172e-05,7.334712e-05,0.96469826,0.035190962,0.96469826
13227,2,2,1,3.4789732e-06,5.744975e-07,0.9999846,6.06176e-07,1.068931e-05,0.9999846
18621,4,4,1,2.12287e-06,1.52424645e-05,7.5996616e-07,1.3248258e-06,0.99998057,0.99998057
17292,3,3,1,7.204328e-05,0.00013693492,0.00034736455,0.975726,0.023717627,0.975726
11419,0,0,1,0.99993706,8.300772e-07,7.969588e-06,3.1985562e-06,5.0979615e-05,0.99993706
11613,0,0,1,0.9999484,3.262046e-06,4.1202693e-05,3.5141527e-06,3.5962878e-06,0.9999484
12425,2,2,1,0.00020644101,4.35074e-06,0.99964404,1.5717264e-06,0.00014363824,0.99964404
11338,0,0,1,0.9999124,1.2201009e-06,1.2345543e-05,1.3917919e-06,7.270078e-05,0.9999124
17944,4,4,1,8.530047e-07,1.829192e-07,1.698366e-06,1.2106796e-06,0.99999607,0.99999607
15188,1,1,1,4.2195825e-06,0.9979165,3.901847e-06,0.0020419774,3.338657e-05,0.9979165
18234,4,4,1,1.4266021e-06,5.685985e-07,2.2318227e-06,1.967121e-06,0.9999938,0.9999938
11623,0,0,1,0.9999291,9.860693e-06,3.5834433e-05,1.6052001e-05,9.142997e-06,0.9999291
14230,1,1,1,1.02344686e-07,0.99999785,1.1734794e-07,1.6347235e-06,2.545425e-07,0.99999785
17493,3,3,1,4.7913414e-07,2.1363205e-06,1.5081449e-06,0.999845,0.00015076718,0.999845
12563,2,2,1,1.688664e-06,9.515718e-07,0.9999654,2.8156173e-06,2.9142002e-05,0.9999654
15301,1,1,1,1.1103606e-07,0.99999785,1.998815e-07,1.6973505e-06,1.4752935e-07,0.99999785
17727,3,3,1,2.130849e-06,7.168629e-06,1.0528307e-06,0.99959236,0.0003973234,0.99959236
11006,0,0,1,0.9999465,9.53877e-07,4.497592e-05,2.6279406e-06,5.0044305e-06,0.9999465
16746,3,3,1,1.4179249e-06,3.2711047e-05,1.3956758e-06,0.999962,2.4421936e-06,0.999962
17504,3,3,1,3.9738457e-05,9.073255e-05,6.0684935e-05,0.9702079,0.029600896,0.9702079
13671,2,2,1,8.038111e-07,1.4076212e-06,0.9993113,1.066751e-06,0.000685397,0.9993113
14918,1,1,1,9.336974e-08,0.99999654,8.606218e-08,3.1359318e-06,1.3442472e-07,0.99999654
17783,3,3,1,1.1302304e-05,4.8659585e-06,3.156001e-05,0.9996081,0.0003441979,0.9996081
11789,0,0,1,0.99998844,1.4812323e-06,5.0275207e-06,2.7458443e-06,2.3582602e-06,0.99998844
12711,2,2,1,5.02666e-06,9.599717e-07,0.999944,4.2852207e-07,4.963232e-05,0.999944
14900,1,1,1,9.194907e-08,0.99999535,3.708029e-07,4.019211e-06,1.1422704e-07,0.99999535
15678,1,1,1,1.1664837e-07,0.9999981,1.3632844e-07,9.798083e-07,7.307194e-07,0.9999981
11428,0,0,1,0.9997886,7.1587044e-07,0.00017711899,2.5584346e-05,7.993857e-06,0.9997886
19059,4,4,1,2.0322307e-06,0.0001296003,2.4926685e-06,1.0711172e-05,0.99985516,0.99985516
19895,4,4,1,6.2927895e-05,1.9621262e-05,0.0022849122,1.106779e-05,0.9976215,0.9976215
19032,4,4,1,1.0533519e-05,0.00088599604,1.5544509e-05,5.9247635e-05,0.9990287,0.9990287
12193,2,2,1,4.017659e-07,4.239004e-07,0.9999902,2.243418e-07,8.6739365e-06,0.9999902
16756,3,3,1,2.8986955e-07,9.383653e-07,1.8496672e-07,0.9999981,4.5761456e-07,0.9999981
13255,2,2,1,3.1907678e-06,1.705059e-07,0.9999939,5.908733e-08,2.62681e-06,0.9999939
15151,1,1,1,2.6782345e-07,0.9999691,1.780117e-07,2.9550909e-05,8.835735e-07,0.9999691
16639,3,3,1,5.909975e-07,3.6103447e-06,1.920515e-07,0.99999475,8.717343e-07,0.99999475
18736,4,4,1,2.7097974e-07,4.8085612e-06,1.0045652e-07,7.6314586e-07,0.99999404,0.99999404
13659,2,2,1,3.1698576e-06,1.2638943e-06,0.99973994,6.5069753e-07,0.00025491446,0.99973994
12662,2,2,1,4.8796585e-07,2.4534822e-07,0.9999728,2.704272e-07,2.6186546e-05,0.9999728
18919,4,4,1,1.060152e-06,0.00026480976,6.403185e-07,1.4987827e-06,0.99973196,0.99973196
11776,0,0,1,0.9999039,6.9386956e-06,6.994194e-05,7.3455517e-06,1.1826104e-05,0.9999039
17342,3,3,1,7.325317e-07,4.6425626e-07,1.2260721e-06,0.9999136,8.3941064e-05,0.9999136
14658,1,1,1,5.1827595e-08,0.999998,4.9113485e-08,1.9341605e-06,4.931615e-08,0.999998
19008,4,4,1,4.6631172e-05,0.00026690974,3.317894e-05,0.002941342,0.99671197,0.99671197
18835,4,4,1,8.166928e-06,6.721574e-05,2.729048e-06,3.87637e-06,0.999918,0.999918
10389,0,0,1,0.99997556,3.884374e-07,1.1771488e-05,2.420775e-06,9.912832e-06,0.99997556
13545,2,2,1,0.00012270684,7.286785e-05,0.9972982,0.00011111614,0.0023951344,0.9972982
14958,1,1,1,2.0236827e-07,0.999998,5.24158e-07,9.820102e-07,3.4839914e-07,0.999998
12976,2,2,1,1.0669903e-06,1.5784894e-06,0.99995315,7.6771385e-06,3.6502624e-05,0.99995315
17828,3,3,1,2.5846714e-06,1.9915635e-06,4.81261e-06,0.9990689,0.00092170725,0.9990689
19248,4,4,1,2.077631e-06,3.0204453e-06,9.891583e-07,1.8847123e-06,0.999992,0.999992
12688,2,2,1,1.49355765e-05,6.41406e-07,0.9998154,2.422543e-07,0.00016881403,0.9998154
13829,2,2,1,7.6097253e-06,8.332352e-07,0.99992156,3.5479394e-07,6.966743e-05,0.99992156
17798,3,3,1,1.3410955e-06,1.1546234e-06,1.7006661e-05,0.9965018,0.003478637,0.9965018
13687,2,2,1,1.8532821e-06,4.224995e-07,0.99998164,1.7023759e-06,1.4324504e-05,0.99998164
14141,1,1,1,5.146687e-07,0.99997675,4.5370953e-07,3.6522863e-06,1.867104e-05,0.99997675
15844,1,1,1,8.418891e-07,0.999979,4.6493844e-07,1.2331461e-06,1.8458522e-05,0.999979
18019,4,4,1,0.000456939,0.002926167,0.0013513817,0.41846123,0.5768043,0.5768043
19543,4,4,1,2.8384352e-06,1.6011148e-06,0.00010822916,6.9318594e-07,0.99988663,0.99988663
11727,0,0,1,0.9998683,1.9017107e-05,6.613996e-05,2.303606e-05,2.3487068e-05,0.9998683
19858,4,4,1,6.445255e-05,2.8249597e-05,0.075933784,1.0965269e-05,0.92396253,0.92396253
11239,0,0,1,0.9995466,1.5277411e-06,0.00043172707,9.642154e-07,1.9169214e-05,0.9995466
10581,0,0,1,0.9999825,7.359925e-07,4.333997e-06,1.2154537e-06,1.126913e-05,0.9999825
15328,1,1,1,2.873342e-07,0.99997175,1.6894148e-07,2.7130289e-05,6.2778116e-07,0.99997175
16638,3,4,0,0.00021951506,0.0005106785,0.0021070782,0.020698695,0.97646403,0.97646403
13552,2,2,1,5.265803e-05,1.3450924e-05,0.96400493,1.6339694e-05,0.035912663,0.96400493
12784,2,2,1,2.3811588e-05,8.979991e-07,0.9999436,3.198548e-07,3.1347357e-05,0.9999436
15647,1,1,1,8.1138774e-07,0.9995215,1.255856e-06,5.9380403e-05,0.0004170839,0.9995215
18351,4,4,1,1.242723e-05,1.9273505e-06,0.0044058505,1.2468357e-06,0.99557847,0.99557847
13653,2,2,1,2.769256e-06,2.36315e-07,0.999987,1.0996798e-07,9.935556e-06,0.999987
19067,4,4,1,0.0006987495,0.00046855793,0.0001601101,0.0022872658,0.99638534,0.99638534
11566,0,0,1,0.9998894,2.6217554e-06,0.000103500526,2.1310148e-06,2.329053e-06,0.9998894
13819,2,2,1,4.9791506e-06,7.738319e-07,0.99997866,2.6033757e-07,1.5372623e-05,0.99997866
11901,0,0,1,0.9772379,4.6724e-06,0.022056561,9.513342e-06,0.0006914217,0.9772379
12811,2,2,1,2.6420655e-06,1.2778022e-06,0.9998596,4.949899e-07,0.00013604884,0.9998596
15417,1,1,1,2.0877859e-07,0.99999607,6.1795373e-07,1.9230386e-06,1.2373988e-06,0.99999607
18406,4,4,1,5.5802728e-05,3.779822e-05,0.00017631137,0.018963369,0.9807668,0.9807668
14028,1,1,1,8.012643e-08,0.9999987,1.2648165e-07,9.932494e-07,1.2978978e-07,0.9999987
15808,1,1,1,2.0538288e-07,0.9999827,4.4209685e-07,1.3429058e-06,1.5281214e-05,0.9999827
11669,0,0,1,0.99998903,1.9356398e-06,5.928748e-06,1.8198363e-06,1.3122899e-06,0.99998903
14261,1,1,1,8.5538844e-08,0.9999987,1.3289643e-07,5.306006e-07,5.266351e-07,0.9999987
18355,4,4,1,0.00012331399,2.6470096e-05,0.0025047455,1.2616988e-05,0.99733293,0.99733293
12101,2,2,1,3.3807538e-07,6.0555016e-07,0.99995685,8.188422e-07,4.1425537e-05,0.99995685
15128,1,1,1,2.4187893e-05,0.9962728,1.8623949e-05,0.003515665,0.00016867628,0.9962728
18620,4,4,1,5.859444e-05,0.00070762186,0.00017647241,0.012910443,0.98614687,0.98614687
10636,0,0,1,0.9999924,2.8858557e-07,4.9138375e-06,6.575099e-07,1.8242579e-06,0.9999924
13373,2,2,1,1.9924602e-05,2.9093375e-05,0.9960174,2.2261378e-05,0.0039112885,0.9960174
18282,4,4,1,5.716077e-05,9.575983e-06,0.00568125,1.2547087e-05,0.99423945,0.99423945
14631,1,1,1,1.9211039e-07,0.9999876,9.184249e-08,1.2066356e-05,8.319019e-08,0.9999876
19748,4,4,1,0.09364502,0.0001022542,0.000104913255,7.7952565e-05,0.9060699,0.9060699
17599,3,3,1,1.4852019e-06,2.6225314e-06,1.0038038e-06,0.99994874,4.6186007e-05,0.99994874
14907,1,1,1,8.4000995e-08,0.9999975,5.633432e-08,2.0431232e-06,2.702359e-07,0.9999975
10675,0,0,1,0.9997477,1.2374761e-06,0.00022720009,3.4783411e-06,2.0398496e-05,0.9997477
12820,2,2,1,0.00032961098,8.65797e-06,0.9991285,1.2654394e-05,0.0005206216,0.9991285
17490,3,3,1,4.816602e-05,5.1582574e-05,0.00014577998,0.9958508,0.0039036996,0.9958508
10740,0,0,1,0.99998367,9.771962e-07,1.1822142e-05,1.1746042e-06,2.3326468e-06,0.99998367
12169,2,2,1,9.750662e-07,2.826609e-07,0.9999969,8.50375e-08,1.8033205e-06,0.9999969
11326,0,0,1,0.99927586,8.366904e-06,7.932981e-06,6.3149964e-06,0.0007015529,0.99927586
18444,4,4,1,0.00079089176,2.0113917e-05,0.00024587242,3.0012321e-05,0.99891317,0.99891317
10392,0,0,1,0.9999696,2.3845703e-07,1.792908e-05,1.1156391e-06,1.11481e-05,0.9999696
19708,4,4,1,0.0004597822,0.0001332324,0.13276783,0.000119012955,0.8665201,0.8665201
10597,0,0,1,0.9999844,5.797983e-07,3.7763275e-06,2.3725797e-06,8.937813e-06,0.9999844
18584,4,4,1,1.0109159e-05,5.526856e-06,1.7332684e-05,0.00018755825,0.9997795,0.9997795
19369,4,4,1,3.8211098e-07,6.271345e-07,1.6809558e-05,5.3778166e-07,0.99998164,0.99998164
10367,0,0,1,0.9998596,9.0965943e-07,0.00012704109,4.3558032e-07,1.20069835e-05,0.9998596
16380,3,3,1,1.1519406e-06,6.8412264e-06,2.8991275e-07,0.99997544,1.6311247e-05,0.99997544
14977,1,1,1,2.5677667e-07,0.99999356,4.990689e-07,4.3009363e-06,1.3468797e-06,0.99999356
18390,4,4,1,0.00027924357,1.5173105e-06,5.2145868e-05,9.790785e-07,0.9996661,0.9996661
11213,0,0,1,0.9989085,2.0135367e-06,7.820489e-06,2.2968768e-06,0.001079381,0.9989085
16622,3,3,1,5.206702e-06,3.8794147e-05,1.21915655e-05,0.9995326,0.00041127627,0.9995326
15016,1,1,1,1.790658e-06,0.9998511,5.2452833e-06,0.0001367937,5.017151e-06,0.9998511
19104,4,4,1,5.0725366e-06,0.00032702446,3.0882754e-06,1.5706459e-05,0.99964905,0.99964905
14687,1,1,1,3.176785e-07,0.9999857,1.8920237e-07,1.3700279e-05,1.496758e-07,0.9999857
11467,0,0,1,0.9999831,3.739183e-07,5.002357e-06,1.4408283e-06,1.0060441e-05,0.9999831
10737,0,0,1,0.99998415,5.6190333e-07,1.1606696e-05,8.589946e-07,2.8175666e-06,0.99998415
15803,1,1,1,1.11687456e-07,0.99999166,2.651316e-07,5.165772e-06,2.7729845e-06,0.99999166
13145,2,2,1,1.1586418e-05,2.0261632e-06,0.9999722,1.0244778e-06,1.314651e-05,0.9999722
15634,1,1,1,2.838922e-07,0.99999,3.9593328e-07,1.8384525e-06,7.470257e-06,0.99999
11676,0,0,1,0.99999154,1.5635762e-06,4.15749e-06,1.6313851e-06,1.0857806e-06,0.99999154
18421,4,4,1,8.76447e-07,6.714366e-07,4.2702823e-06,3.7296577e-06,0.99999046,0.99999046
14029,1,1,1,7.7690665e-08,0.99999845,1.07571275e-07,6.246816e-07,6.933282e-07,0.99999845
10824,0,0,1,0.99992406,1.2696728e-06,2.8965771e-05,8.169789e-06,3.7506376e-05,0.99992406
14316,1,1,1,6.132377e-06,0.9995521,3.7611658e-06,0.00041390865,2.4095634e-05,0.9995521
17018,3,3,1,2.4317738e-05,0.0018926352,1.8038332e-05,0.9980281,3.6883852e-05,0.9980281
13481,2,2,1,3.548544e-05,1.0582873e-05,0.99953604,0.00012926053,0.00028864195,0.99953604
10374,0,0,1,0.99985814,1.0814312e-06,7.95947e-05,5.5788587e-07,6.0583992e-05,0.99985814
13228,2,2,1,5.1263287e-05,2.1497655e-05,0.99925214,2.2743672e-05,0.0006523564,0.99925214
10258,0,4,0,6.385901e-05,2.2647976e-06,0.00011360219,7.3455584e-07,0.9998196,0.9998196
15487,1,1,1,1.0317143e-07,0.9999982,1.0490694e-07,1.0626777e-06,5.433904e-07,0.9999982
11400,0,0,1,0.99987113,4.4622976e-07,0.00011121386,1.3114978e-05,4.020191e-06,0.99987113
14225,1,1,1,3.2139164e-07,0.9999914,2.2718795e-07,6.4397914e-06,1.5458108e-06,0.9999914
19692,4,4,1,1.7858392e-05,4.166836e-06,0.0036587662,1.4287565e-06,0.99631774,0.99631774
18094,4,3,0,3.2710832e-06,7.0480014e-06,1.9284389e-05,0.9991037,0.0008666979,0.9991037
17006,3,3,1,1.7546233e-06,4.7658414e-06,1.2126019e-06,0.99999,2.2987124e-06,0.99999
13568,2,2,1,8.037974e-06,7.826382e-07,0.99996495,2.827322e-07,2.5935962e-05,0.99996495
15027,1,1,1,2.4259243e-06,0.9998765,1.7139857e-06,0.00011459683,4.690518e-06,0.9998765
17045,3,3,1,1.7684929e-06,6.2833584e-05,1.448678e-06,0.99993074,3.1508457e-06,0.99993074
15580,1,1,1,1.3036856e-07,0.99999547,1.8589714e-07,2.2533543e-06,1.9156114e-06,0.99999547
12577,2,2,1,2.3407327e-05,6.3194716e-07,0.9999502,3.2548346e-07,2.5421597e-05,0.9999502
16642,3,3,1,1.8412586e-06,8.151814e-06,1.3406138e-06,0.9999788,9.911938e-06,0.9999788
15384,1,1,1,1.08421055e-07,0.9999918,1.4303147e-07,7.867171e-06,1.15978764e-07,0.9999918
15840,1,1,1,2.2229451e-05,0.99985087,2.2375323e-06,2.0212368e-05,0.00010438689,0.99985087
13788,2,2,1,6.708737e-06,4.4147714e-07,0.99998665,1.96498e-07,6.029638e-06,0.99998665
14612,1,1,1,9.610063e-08,0.9999974,7.060032e-08,2.3185178e-06,1.9017601e-07,0.9999974
19850,4,4,1,0.00033296144,5.752342e-05,0.017487729,3.8523864e-05,0.9820833,0.9820833
11684,0,0,1,0.9999751,4.00934e-06,1.2315601e-05,4.7221033e-06,3.9181527e-06,0.9999751
12305,2,2,1,8.8840425e-06,1.0403681e-06,0.9999316,5.672249e-07,5.7962177e-05,0.9999316
14625,1,1,1,1.9776847e-07,0.99998844,1.7797423e-07,1.0661374e-05,5.062361e-07,0.99998844
17681,3,3,1,2.0999969e-05,0.00094604277,6.9108464e-05,0.98815244,0.010811363,0.98815244
18128,4,4,1,5.9222908e-05,1.262736e-05,0.00019181728,1.3565292e-05,0.9997228,0.9997228
19189,4,4,1,2.3166883e-06,1.1610217e-05,8.7367596e-07,9.547094e-07,0.99998426,0.99998426
10023,0,0,1,0.99984765,5.189431e-07,0.00013751524,1.7288383e-07,1.4137953e-05,0.99984765
10616,0,0,1,0.9999893,4.255481e-07,5.7850293e-06,1.6120939e-06,2.8599297e-06,0.9999893
10628,0,0,1,0.9999919,6.3177225e-07,2.9789765e-06,1.2617015e-06,3.2448186e-06,0.9999919
13495,2,2,1,1.3703577e-05,7.1432106e-07,0.99960274,2.283436e-07,0.00038265914,0.99960274
12514,2,2,1,0.0012740688,1.2316453e-06,0.9986981,1.1775834e-06,2.5365152e-05,0.9986981
17040,3,3,1,2.7196695e-05,0.00039993942,1.3182378e-05,0.99904376,0.0005159186,0.99904376
13232,2,2,1,3.426285e-06,3.3312273e-07,0.99993324,1.6483884e-07,6.287918e-05,0.99993324
12508,2,2,1,6.273982e-07,1.8438139e-07,0.9999814,1.7766537e-07,1.7584553e-05,0.9999814
13395,2,2,1,6.129825e-05,3.2368873e-06,0.9997857,2.2883355e-06,0.00014743737,0.9997857
18819,4,4,1,1.4327114e-05,0.0003033584,4.8235393e-06,1.5270898e-05,0.9996623,0.9996623
16713,3,3,1,0.00013575306,0.00019216869,6.43649e-05,0.98998123,0.00962643,0.98998123
11864,0,0,1,0.99993134,1.5412667e-06,2.8569115e-05,2.8011473e-06,3.572059e-05,0.99993134
12196,2,2,1,9.568614e-07,1.6950763e-07,0.99999654,3.5662464e-07,1.9702734e-06,0.99999654
18089,4,4,1,2.4632112e-05,2.3695475e-05,0.0007368867,0.00055079896,0.998664,0.998664
12381,2,2,1,1.05468395e-07,1.2749535e-07,0.99999535,8.411754e-08,4.316073e-06,0.99999535
12419,2,2,1,0.00011634732,2.0020934e-06,0.999788,8.58967e-07,9.285541e-05,0.999788
14902,1,1,1,1.6683053e-07,0.9999939,2.8614122e-07,5.5147507e-06,1.340434e-07,0.9999939
11650,0,0,1,0.99992156,1.13744145e-05,3.9902847e-05,1.1058514e-05,1.6113569e-05,0.99992156
13905,2,2,1,0.005648339,5.544869e-06,0.9939319,1.6272645e-05,0.00039792547,0.9939319
10194,0,0,1,0.9999349,4.98895e-07,5.3565138e-05,2.3889032e-07,1.0772634e-05,0.9999349
14531,1,1,1,1.3827367e-06,0.9998375,9.350356e-07,0.00014684889,1.3294448e-05,0.9998375
18138,4,4,1,1.2090065e-05,1.0238224e-05,1.0325315e-05,0.00020446202,0.99976283,0.99976283
18463,4,4,1,0.00025187898,0.0023107457,0.002756315,0.013335013,0.9813461,0.9813461
15193,1,1,1,2.4680135e-06,0.9993975,1.0391008e-06,0.0005871242,1.1894102e-05,0.9993975
18705,4,4,1,2.945049e-06,8.824974e-05,3.073578e-06,2.511884e-05,0.99988055,0.99988055
17052,3,3,1,1.8068055e-06,8.689066e-06,2.4687577e-06,0.99982184,0.00016526789,0.99982184
16987,3,3,1,4.602733e-05,8.921516e-05,0.0008291706,0.9877593,0.011276337,0.9877593
17126,3,3,1,3.4698419e-06,4.4577773e-05,5.196976e-06,0.99963677,0.00030994145,0.99963677
18237,4,3,0,7.5373882e-06,1.0199818e-05,5.163931e-06,0.9877263,0.012250893,0.9877263
15142,1,1,1,7.73909e-07,0.9999734,9.494057e-07,1.8464581e-05,6.361186e-06,0.9999734
17564,3,3,1,9.148033e-07,7.117691e-07,7.3612796e-07,0.9999337,6.386747e-05,0.9999337
15260,1,1,1,4.1289063e-06,0.9986211,1.85532e-06,0.0013600311,1.2896885e-05,0.9986211
19919,4,4,1,7.81218e-06,5.282529e-06,0.00026382777,5.0523e-06,0.999718,0.999718
13993,1,1,1,2.109879e-06,0.99956733,1.2763887e-06,0.00041980934,9.469683e-06,0.99956733
18015,4,4,1,1.12047255e-05,5.370301e-06,4.175761e-05,9.614046e-06,0.99993205,0.99993205
14009,1,1,1,1.841846e-07,0.9999931,1.7380005e-07,6.4942355e-06,8.7423665e-08,0.9999931
13324,2,2,1,2.2746788e-06,8.048299e-07,0.99996734,4.8680204e-07,2.915465e-05,0.99996734
15593,1,1,1,7.983066e-08,0.99998367,7.97056e-08,1.5983722e-05,1.3178708e-07,0.99998367
14573,1,1,1,8.7094044e-08,0.99999404,8.8676245e-08,5.78413e-06,5.0792497e-08,0.99999404
17759,3,3,1,3.1305149e-06,1.8082515e-05,8.214352e-06,0.99454993,0.005420662,0.99454993
12644,2,2,1,3.102649e-05,1.5998227e-06,0.9998355,1.3908318e-06,0.00013040847,0.9998355
16684,3,3,1,1.3900242e-06,2.4938478e-05,5.23441e-07,0.9999709,2.1915125e-06,0.9999709
15270,1,1,1,4.170035e-07,0.9999819,3.204548e-07,1.3963407e-05,3.3652002e-06,0.9999819
18011,4,4,1,3.4303648e-06,2.434029e-06,0.000163764,2.2256634e-06,0.9998281,0.9998281
14219,1,1,1,1.2041413e-07,0.99999833,5.5223797e-08,1.3449941e-06,1.3009819e-07,0.99999833
19357,4,4,1,4.220618e-05,2.796841e-06,0.00080518,2.3023154e-06,0.99914753,0.99914753
11951,2,2,1,2.0395773e-06,2.5637275e-06,0.99971384,1.609158e-05,0.00026547146,0.99971384
18450,4,4,1,3.9520994e-05,8.793181e-06,0.0005460056,8.2240995e-06,0.9993974,0.9993974
17315,3,3,1,7.483638e-07,1.3471885e-06,6.2270044e-07,0.99854445,0.0014528325,0.99854445
13170,2,2,1,4.9248288e-06,2.980799e-06,0.99987495,5.5338446e-06,0.00011163402,0.99987495
11485,0,0,1,0.99992526,4.0493006e-07,6.15595e-05,9.5319165e-06,3.2387873e-06,0.99992526
19097,4,4,1,4.8857955e-06,3.4503253e-05,1.3398612e-06,1.245813e-06,0.99995804,0.99995804
11804,0,0,1,0.99992883,4.4105923e-06,5.3263706e-05,4.6326936e-06,8.863605e-06,0.99992883
19911,4,4,1,5.0807666e-06,8.220193e-06,0.0103257885,8.858834e-06,0.989652,0.989652
12259,2,2,1,4.964567e-07,7.485079e-07,0.99997663,1.1554696e-06,2.0997739e-05,0.99997663
13133,2,2,1,5.6550434e-06,1.4380513e-06,0.99994016,2.7536887e-06,5.0048882e-05,0.99994016
14694,1,1,1,2.3269857e-07,0.9999919,1.1804291e-07,7.5637363e-06,2.3300503e-07,0.9999919
15134,1,1,1,1.0224232e-06,0.99983394,9.928802e-07,0.00016045387,3.5697922e-06,0.99983394
19162,4,4,1,3.5152623e-06,0.0016803566,4.4734807e-06,7.1636736e-05,0.99824,0.99824
10804,0,0,1,0.99986064,9.973169e-07,0.00012916114,3.8276808e-06,5.29133e-06,0.99986064
13547,2,2,1,5.6413437e-06,1.8087867e-05,0.5588218,1.0925605e-05,0.4411435,0.5588218
10214,0,0,1,0.9998894,1.222668e-06,8.262539e-05,4.0744035e-07,2.6372116e-05,0.9998894
16568,3,1,0,4.1833246e-06,0.9991448,8.153808e-07,0.0008467946,3.3517158e-06,0.9991448
17505,3,3,1,0.00019357742,0.00036603922,0.000113783644,0.73382956,0.26549706,0.73382956
16902,3,3,1,9.448459e-06,0.00019879322,1.0221045e-05,0.9997582,2.3332032e-05,0.9997582
11740,0,0,1,0.9999522,3.6840017e-06,3.757076e-05,2.9944295e-06,3.5306196e-06,0.9999522
15145,1,1,1,4.297477e-07,0.9999819,2.3540125e-07,1.4410362e-05,3.0650199e-06,0.9999819
19701,4,4,1,8.562853e-06,1.290102e-05,0.0009773864,1.0261233e-05,0.99899083,0.99899083
14456,1,1,1,2.2803282e-07,0.9999974,1.5325381e-07,2.0320392e-06,2.4346116e-07,0.9999974
16056,3,3,1,1.23402315e-05,4.1386764e-05,8.423015e-06,0.9998635,7.432792e-05,0.9998635
12225,2,2,1,2.520415e-07,1.0328424e-07,0.9999963,1.1116112e-07,3.2685023e-06,0.9999963
14970,1,1,1,6.5777783e-07,0.9999802,1.1755179e-06,1.1336949e-05,6.663956e-06,0.9999802
9997,0,0,1,0.9995974,1.0808996e-06,0.0003816847,3.6009735e-07,1.9471925e-05,0.9995974
13250,2,2,1,1.36252975e-05,7.047182e-07,0.99997175,9.627975e-07,1.2958642e-05,0.99997175
14636,1,1,1,9.25106e-08,0.9999974,6.8981976e-08,2.2286997e-06,2.0788144e-07,0.9999974
13384,2,2,1,1.9325194e-05,8.4524083e-07,0.9999678,1.5815623e-06,1.0380001e-05,0.9999678
18377,4,4,1,0.00026032724,6.334815e-05,0.002663474,0.00044076744,0.99657214,0.99657214
15628,1,1,1,5.409646e-06,0.9961146,8.986156e-06,1.2565358e-05,0.003858464,0.9961146
18012,4,4,1,0.0003932741,1.0848512e-05,0.0005508919,2.9056386e-05,0.9990159,0.9990159
17179,3,3,1,2.262361e-06,2.3772769e-05,1.8431986e-06,0.9999409,3.1219555e-05,0.9999409
10845,0,0,1,0.99996364,1.4024855e-06,1.0950035e-05,3.7059513e-06,2.0354355e-05,0.99996364
13587,2,2,1,1.9956008e-06,2.5134122e-07,0.99996626,9.023509e-08,3.1357875e-05,0.99996626
11746,0,0,1,0.9999473,4.535709e-06,3.8817096e-05,4.2439933e-06,5.144276e-06,0.9999473
10946,0,0,1,0.9999716,7.8786536e-07,2.0703921e-05,2.6843438e-06,4.182999e-06,0.9999716
10765,0,0,1,0.9999703,4.821959e-07,2.6350517e-05,8.075069e-07,1.986974e-06,0.9999703
17589,3,3,1,3.1259728e-07,6.904567e-07,3.3705382e-07,0.999845,0.00015358561,0.999845
15254,1,1,1,1.0959013e-06,0.99974424,1.0222808e-06,0.00024559634,8.012637e-06,0.99974424
18210,4,4,1,2.9795574e-05,1.5228427e-05,2.008378e-05,0.00018514977,0.9997497,0.9997497
12453,2,2,1,5.894131e-06,1.82738e-06,0.9997216,8.299094e-07,0.0002698329,0.9997216
19738,4,4,1,2.7061593e-05,6.873164e-06,7.768505e-05,2.856278e-06,0.99988556,0.99988556
11048,0,0,1,0.9999708,6.948805e-07,1.9936952e-05,1.9649985e-06,6.614557e-06,0.9999708
19405,4,4,1,1.3822996e-05,9.880564e-06,0.0065712794,7.77399e-06,0.99339724,0.99339724
19385,4,4,1,8.443817e-06,1.3933057e-05,0.0010081313,8.994485e-06,0.9989605,0.9989605
14086,1,1,1,2.7615707e-07,0.99999034,3.8236948e-07,5.146029e-06,3.87576e-06,0.99999034
12997,2,2,1,9.124611e-06,4.2686775e-06,0.99911994,3.1935263e-06,0.0008634165,0.99911994
12792,2,2,1,4.5414323e-05,4.976674e-05,0.8668249,3.6700767e-05,0.13304317,0.8668249
11045,0,0,1,0.9999666,9.954241e-07,2.2865624e-05,2.8400946e-06,6.624782e-06,0.9999666
15084,1,1,1,2.0097278e-07,0.9999914,1.0126172e-07,8.23449e-06,9.608612e-08,0.9999914
13964,1,1,1,1.197286e-07,0.99999857,6.7473856e-08,9.995016e-07,2.2490019e-07,0.99999857
13053,2,2,1,0.000100606354,2.5060199e-05,0.9977585,1.0573779e-05,0.002105212,0.9977585
14185,1,1,1,8.932945e-08,0.9999976,1.06473586e-07,2.0416296e-06,1.4984512e-07,0.9999976
12310,2,2,1,2.3788903e-06,3.7827138e-07,0.99998,1.3108664e-07,1.7195476e-05,0.99998
17572,3,3,1,4.3189693e-06,1.4817355e-05,2.6566306e-06,0.99795306,0.0020250771,0.99795306
15801,1,1,1,8.904351e-07,0.9998752,1.3647096e-06,2.7093606e-06,0.000119849145,0.9998752
11795,0,0,1,0.9999715,1.3569669e-06,2.1359561e-05,1.279228e-06,4.4363323e-06,0.9999715
18107,4,3,0,7.838718e-05,0.00037569014,7.3367504e-05,0.91237533,0.08709716,0.91237533
15026,1,1,1,8.2546984e-07,0.9999548,4.6809532e-07,3.764729e-05,6.289226e-06,0.9999548
18685,4,4,1,1.9941276e-06,5.8678095e-05,2.636854e-06,7.807973e-06,0.99992883,0.99992883
10629,0,0,1,0.999969,7.2590643e-07,2.6872454e-05,1.1548614e-06,2.2869003e-06,0.999969
10265,0,0,1,0.99992216,9.1907316e-07,3.5156412e-05,4.40088e-07,4.13785e-05,0.99992216
13057,2,2,1,7.946301e-07,1.9582063e-07,0.9999925,1.128092e-07,6.4584647e-06,0.9999925
12258,2,2,1,5.542765e-06,3.1503075e-07,0.99998355,2.3849356e-07,1.0322208e-05,0.99998355
11253,0,0,1,0.9975006,7.607514e-06,5.8046985e-06,6.3183547e-06,0.0024796387,0.9975006
12991,2,2,1,7.526337e-07,9.79561e-07,0.999864,1.3762243e-06,0.00013291549,0.999864
17567,3,3,1,2.5709147e-07,5.318982e-07,5.420663e-07,0.9999217,7.6955046e-05,0.9999217
11402,0,0,1,0.9999205,6.48488e-07,9.397177e-06,3.3825802e-06,6.604168e-05,0.9999205
13074,2,2,1,9.579086e-07,1.0451029e-06,0.9985071,2.209754e-06,0.0014886318,0.9985071
15416,1,1,1,3.6896834e-06,0.99982053,3.3477636e-06,0.00013060254,4.188404e-05,0.99982053
15921,1,1,1,2.7596468e-05,0.9983943,2.3796028e-06,6.063215e-06,0.0015696037,0.9983943
11649,0,0,1,0.99991703,4.6204036e-06,3.1290343e-05,6.3219177e-06,4.0772415e-05,0.99991703
19092,4,4,1,5.716323e-06,0.000767058,9.289319e-06,4.3723387e-05,0.9991742,0.9991742
12080,2,2,1,3.3418664e-07,8.3712635e-08,0.99999774,1.1773869e-07,1.7825166e-06,0.99999774
12878,2,2,1,9.853858e-06,2.172299e-07,0.9999851,2.194705e-07,4.655001e-06,0.9999851
18251,4,4,1,0.00018304813,1.3345723e-05,0.0006380459,1.8595689e-05,0.99914694,0.99914694
16068,3,3,1,2.611045e-06,5.6273628e-05,2.2874349e-06,0.9998355,0.00010334089,0.9998355
17513,3,3,1,0.00034148275,0.00023825336,0.009087081,0.8976959,0.09263726,0.8976959
18253,4,4,1,2.2006212e-05,1.2065231e-05,0.00011876439,0.0002388573,0.99960834,0.99960834
14911,1,1,1,1.12400876e-07,0.99999607,8.158557e-08,3.0121962e-06,7.676153e-07,0.99999607
11751,0,0,1,0.9999577,3.3002234e-06,3.3824563e-05,2.3645946e-06,2.7845877e-06,0.9999577
17514,3,3,1,3.7377313e-07,1.6872174e-06,6.4923825e-07,0.99980456,0.00019279345,0.99980456
19147,4,4,1,5.136079e-07,0.00018131801,7.9908875e-07,4.102914e-06,0.99981326,0.99981326
15831,1,1,1,9.383441e-08,0.999998,1.296253e-07,1.1899142e-06,6.6485313e-07,0.999998
11784,0,0,1,0.9999653,1.7729649e-06,1.4976529e-05,2.0193186e-06,1.5875705e-05,0.9999653
10319,0,0,1,0.9999211,9.478335e-07,5.6867597e-05,3.1585458e-07,2.0727866e-05,0.9999211
10176,0,0,1,0.99970216,6.939218e-07,0.00028945136,3.2320992e-07,7.3157166e-06,0.99970216
18054,4,4,1,5.575962e-06,1.953755e-06,5.283791e-05,2.3677303e-06,0.9999373,0.9999373
12546,2,2,1,0.0001356176,1.6458566e-06,0.99983764,1.2991519e-06,2.3720293e-05,0.99983764
13207,2,2,1,2.0331041e-05,8.453638e-06,0.9956267,4.6206114e-06,0.004339875,0.9956267
18331,4,4,1,5.047454e-05,1.8810804e-05,0.0031910446,8.194843e-05,0.9966577,0.9966577
15904,1,1,1,6.993e-07,0.9999155,8.0073056e-07,6.573139e-05,1.7223449e-05,0.9999155
18401,4,4,1,6.4140722e-06,2.7113394e-06,2.9975767e-05,0.000100357654,0.9998605,0.9998605
12634,2,2,1,4.2424065e-07,3.638457e-07,0.99997723,2.9896034e-07,2.165e-05,0.99997723
17032,3,3,1,6.166773e-06,0.00020845588,5.5743403e-06,0.99960834,0.00017153655,0.99960834
12123,2,2,1,7.29868e-08,7.14912e-08,0.9999962,4.6709946e-08,3.6422248e-06,0.9999962
11371,0,0,1,0.99998057,4.6558034e-07,1.26610785e-05,4.731208e-06,1.5305442e-06,0.99998057
13153,2,2,1,0.0021397069,3.2660096e-06,0.9977397,1.7544237e-06,0.00011555839,0.9977397
14532,1,1,1,1.7733433e-07,0.99994755,1.7357713e-07,5.1688832e-05,4.1452378e-07,0.99994755
11286,0,0,1,0.99966645,4.737667e-06,4.3035907e-06,4.0184827e-06,0.0003204685,0.99966645
17108,3,3,1,1.3617222e-06,7.591072e-06,1.4382173e-06,0.9999802,9.37958e-06,0.9999802
18630,4,4,1,0.00011645615,0.00020215508,0.00017834526,0.4230824,0.57642066,0.57642066
14441,1,1,1,8.6774826e-08,0.9999937,1.0982973e-07,6.034196e-06,1.0961293e-07,0.9999937
13500,2,2,1,3.8719418e-06,1.7900184e-06,0.9997819,1.0213984e-06,0.00021147786,0.9997819
17683,3,3,1,4.1551823e-05,0.00015096314,0.0003399033,0.74123746,0.25823015,0.74123746
12160,2,2,1,3.4974728e-06,1.0239856e-06,0.99989605,1.2048239e-06,9.821229e-05,0.99989605
10843,0,0,1,0.9999666,7.969615e-07,2.1597514e-05,2.5079983e-06,8.4983285e-06,0.9999666
16887,3,3,1,1.3156978e-06,2.4148081e-05,8.320983e-07,0.9999676,6.165043e-06,0.9999676
17456,3,3,1,1.0792139e-06,2.4294754e-06,9.822036e-07,0.9998572,0.00013828682,0.9998572
16268,3,3,1,4.019169e-06,0.000109637636,9.4014524e-07,0.9998771,8.241389e-06,0.9998771
14241,1,1,1,8.000399e-08,0.99999726,9.340151e-08,1.0265679e-06,1.4833913e-06,0.99999726
18640,4,4,1,2.7699523e-05,0.00024053568,9.389982e-06,3.183951e-05,0.99969053,0.99969053
14049,1,1,1,4.0390998e-07,0.999995,3.2519026e-07,1.0570333e-06,3.2093383e-06,0.999995
11115,0,0,1,0.9999603,7.895029e-07,2.995558e-05,1.924709e-06,7.01096e-06,0.9999603
10621,0,0,1,0.99998057,2.6112403e-07,1.3462953e-05,1.3305438e-06,4.335733e-06,0.99998057
14993,1,1,1,8.4752764e-07,0.999843,2.37734e-06,0.0001499617,3.8373355e-06,0.999843
15112,1,1,1,3.0304713e-07,0.9999914,2.0577933e-07,7.610373e-06,4.622314e-07,0.9999914
17952,4,4,1,0.00037345994,0.00054067525,0.0010712238,0.012753737,0.9852609,0.9852609
12102,2,2,1,2.2553621e-07,9.249705e-08,0.9999958,1.0124092e-07,3.7716197e-06,0.9999958
10135,0,0,1,0.999933,8.304951e-07,5.13195e-05,2.7907328e-07,1.4618219e-05,0.999933
16267,3,3,1,1.9508787e-05,0.0009927539,1.258697e-05,0.99884665,0.00012853852,0.99884665
11509,0,0,1,0.99998,7.764912e-07,1.1496155e-05,2.992072e-06,4.799839e-06,0.99998
16673,3,3,1,4.842387e-07,2.3283117e-05,4.5939854e-07,0.99997306,2.7222368e-06,0.99997306
13736,2,3,0,0.0005213834,0.00030517465,0.0016524511,0.8427119,0.15480906,0.8427119
11440,0,0,1,0.998116,6.9012663e-06,0.00017075824,4.351962e-05,0.0016627993,0.998116
15111,1,1,1,2.1793547e-05,0.9975963,1.16802275e-05,0.0022927597,7.739507e-05,0.9975963
11423,0,0,1,0.99996936,3.7718237e-07,2.6922638e-05,2.3071268e-06,1.0207845e-06,0.99996936
16424,3,3,1,9.1976904e-07,1.0569434e-05,5.9594896e-07,0.99998474,3.2304133e-06,0.99998474
14927,1,1,1,3.8578276e-07,0.9999939,4.3103555e-07,4.560619e-06,6.6369364e-07,0.9999939
16921,3,3,1,3.7535526e-06,0.000122676,2.8438499e-06,0.9998565,1.4270029e-05,0.9998565
18400,4,4,1,8.9123705e-06,5.013022e-06,0.0003431043,1.4303397e-05,0.99962866,0.99962866
11310,0,0,1,0.999681,3.7745228e-06,6.1012506e-06,3.2015482e-06,0.00030595454,0.999681
19904,4,4,1,5.8214424e-05,3.0894666e-05,0.2926184,1.2703049e-05,0.70727974,0.70727974
18968,4,4,1,1.9314145e-07,7.4126046e-06,1.446102e-07,2.8851417e-07,0.999992,0.999992
12137,2,2,1,1.2668103e-06,3.980334e-07,0.99998534,4.5051934e-07,1.2493052e-05,0.99998534
19697,4,4,1,1.9694773e-05,1.0215194e-05,0.00013773453,1.0542325e-05,0.99982184,0.99982184
18900,4,4,1,1.852651e-05,0.00047932935,1.1440486e-05,7.506593e-05,0.99941564,0.99941564
12892,2,2,1,1.3820544e-05,1.9392169e-06,0.9996983,1.2613515e-06,0.00028469786,0.9996983
14563,1,1,1,2.0332665e-07,0.9999914,3.7490983e-07,6.33232e-06,1.6150118e-06,0.9999914
17747,3,3,1,5.859278e-06,1.7255012e-05,6.9545924e-05,0.9997552,0.00015208389,0.9997552
13315,2,4,0,0.0005280473,0.00017973258,0.41947097,0.00013869294,0.5796826,0.5796826
18323,4,4,1,7.0634545e-05,6.074619e-05,0.0016353312,0.00010084813,0.9981324,0.9981324
15602,1,1,1,1.5036856e-07,0.9999933,2.0033784e-07,9.112451e-07,5.381576e-06,0.9999933
12202,2,2,1,3.0397582e-06,1.0976377e-06,0.9997491,1.3243726e-06,0.0002453693,0.9997491
10539,0,0,1,0.99997354,1.708704e-06,9.43452e-06,2.8096854e-06,1.2542566e-05,0.99997354
18098,4,4,1,2.5587644e-06,6.180475e-07,1.0236258e-05,7.5110074e-06,0.999979,0.999979
17690,3,3,1,7.780476e-07,3.05512e-06,1.3145936e-06,0.99989474,0.00010012019,0.99989474
11559,0,0,1,0.99994755,7.390411e-07,3.8465325e-05,1.0748136e-06,1.2194546e-05,0.99994755
17865,3,3,1,2.1353335e-05,1.8689458e-05,0.00031479492,0.9158544,0.08379073,0.9158544
12437,2,2,1,1.396574e-05,4.2147875e-07,0.9999678,1.5226128e-07,1.7616037e-05,0.9999678
17824,3,3,1,9.512382e-06,4.658928e-06,3.7683083e-06,0.98571175,0.014270311,0.98571175
13410,2,2,1,7.515858e-06,3.1084421e-06,0.9995709,5.546018e-06,0.00041290597,0.9995709
14288,1,1,1,1.4731238e-07,0.9999871,8.1502094e-08,1.2534247e-05,9.246854e-08,0.9999871
13538,2,2,1,5.423736e-07,2.0992785e-07,0.999982,1.2449087e-07,1.7174614e-05,0.999982
10601,0,0,1,0.99998045,1.4367951e-07,1.3352526e-05,3.6835156e-06,2.3874964e-06,0.99998045
10634,0,0,1,0.9999919,3.1880464e-07,4.9600694e-06,6.2057984e-07,2.2367212e-06,0.9999919
17520,3,3,1,3.5051906e-07,6.797348e-07,3.770112e-07,0.9994068,0.00059182174,0.9994068
12994,2,2,1,0.00010033691,5.5942887e-06,0.9995128,2.8416198e-06,0.00037838382,0.9995128
16760,3,3,1,8.31405e-07,5.645585e-06,3.767654e-07,0.9999924,7.974587e-07,0.9999924
15612,1,1,1,7.872131e-08,0.99999356,9.7000765e-08,6.050878e-06,2.0903208e-07,0.99999356
18507,4,4,1,1.2339502e-05,4.5647453e-06,1.5534799e-05,3.72561e-05,0.99993026,0.99993026
13953,1,1,1,7.428817e-08,0.9999958,5.72266e-08,3.9685065e-06,8.5371695e-08,0.9999958
13312,2,2,1,3.6292186e-06,5.716125e-07,0.99993694,6.1550935e-07,5.8280482e-05,0.99993694
14362,1,1,1,1.7633089e-07,0.9999902,8.859289e-08,9.462647e-06,8.6331596e-08,0.9999902
12352,2,2,1,8.720313e-07,9.581524e-08,0.9999969,4.7384603e-08,2.0598613e-06,0.9999969
10178,0,0,1,0.99984336,5.2200147e-07,0.00014884684,2.4153994e-07,6.9766465e-06,0.99984336
14724,1,1,1,3.028636e-07,0.9999627,1.8638116e-07,3.6133617e-05,6.349896e-07,0.9999627
11988,2,2,1,1.778765e-06,2.3875768e-07,0.99998987,1.4931103e-07,7.975705e-06,0.99998987
18697,4,4,1,0.001112367,0.030087557,3.838477e-05,6.747185e-05,0.9686942,0.9686942
17384,3,3,1,1.4846798e-07,7.663478e-07,9.759721e-08,0.9999819,1.7062162e-05,0.9999819
17606,3,3,1,4.1425568e-07,6.707356e-07,2.3914038e-07,0.99994147,5.7262067e-05,0.99994147
11124,0,0,1,0.99995244,1.4567352e-06,1.3697602e-05,4.457108e-06,2.8008473e-05,0.99995244
11516,0,0,1,0.99997497,5.2239386e-07,6.4305846e-06,2.0129526e-06,1.6067443e-05,0.99997497
14607,1,1,1,8.271818e-08,0.99999106,8.995619e-08,6.891283e-06,1.9006504e-06,0.99999106
11522,0,0,1,0.99999034,3.9106175e-07,6.8384584e-06,1.5068875e-06,9.520911e-07,0.99999034
16095,3,3,1,9.451406e-06,9.208248e-06,5.073008e-06,0.9998078,0.00016856742,0.9998078
10426,0,0,1,0.9999808,4.24732e-07,1.1564406e-05,1.9267834e-06,5.267767e-06,0.9999808
13625,2,2,1,0.00012261837,3.3256558e-05,0.5974142,2.130166e-05,0.40240863,0.5974142
18136,4,4,1,9.274709e-05,3.085889e-05,0.012009046,5.5898377e-05,0.9878114,0.9878114
17159,3,3,1,6.748154e-06,0.00026821962,6.7170267e-06,0.99970526,1.3003464e-05,0.99970526
10272,0,0,1,0.9997819,9.0849636e-07,0.00019791565,4.3502342e-07,1.8893177e-05,0.9997819
16812,3,3,1,7.56635e-06,0.00079795957,8.211143e-06,0.99911326,7.294265e-05,0.99911326
12057,2,2,1,1.5840664e-05,1.4431544e-06,0.9999119,1.2402387e-06,6.9572816e-05,0.9999119
10945,0,0,1,0.9996239,2.8683503e-06,1.4620029e-05,7.700556e-06,0.000350948,0.9996239
17106,3,3,1,0.00051127275,0.21501473,0.00031774346,0.78004307,0.0041131536,0.78004307
12272,2,2,1,1.03823095e-05,1.4345394e-06,0.999681,9.57379e-07,0.00030625172,0.999681
12666,2,2,1,5.3322754e-05,4.2851043e-06,0.9995358,1.599825e-06,0.0004050477,0.9995358
14324,1,1,1,2.0504946e-07,0.99998975,2.2770446e-07,8.82962e-06,1.0426039e-06,0.99998975
13872,2,2,1,0.00018867405,1.5188395e-05,0.9989814,7.686936e-06,0.000806982,0.9989814
19101,4,4,1,0.00036916556,0.13628761,0.0006725951,0.024837637,0.8378329,0.8378329
13644,2,2,1,7.0870733e-06,1.0408946e-06,0.9996145,6.172692e-07,0.00037674178,0.9996145
14321,1,1,1,2.0236466e-07,0.9999944,3.5353455e-07,4.1507865e-06,9.0543176e-07,0.9999944
17281,3,3,1,5.3500324e-05,9.775517e-05,0.00019831675,0.97813284,0.021517547,0.97813284
16078,3,3,1,7.478111e-07,7.366967e-06,2.1661043e-07,0.99999034,1.3390193e-06,0.99999034
11397,0,0,1,0.99985886,2.4773635e-06,3.547105e-05,9.856813e-06,9.337591e-05,0.99985886
17085,3,3,1,1.937394e-06,1.5828475e-05,1.5534089e-06,0.99996793,1.2703674e-05,0.99996793
19217,4,4,1,7.2996345e-06,0.0035677713,1.0779152e-05,4.4763216e-05,0.99636936,0.99636936
18747,4,4,1,4.0595373e-06,0.00030841364,4.9234936e-06,4.4385328e-05,0.9996382,0.9996382
14593,1,1,1,8.19158e-08,0.9999938,9.5456144e-08,5.8674827e-06,1.6988359e-07,0.9999938
12549,2,2,1,0.00012252528,3.0765889e-06,0.9996619,1.111433e-06,0.00021133797,0.9996619
14254,1,1,1,6.43456e-08,0.9999989,9.188979e-08,5.15239e-07,4.428053e-07,0.9999989
14286,1,1,1,8.910996e-08,0.99999607,9.044041e-08,3.638527e-06,8.484382e-08,0.99999607
12509,2,2,1,1.4774805e-05,2.4165577e-06,0.999795,1.4455144e-06,0.00018638147,0.999795
18870,4,4,1,0.00031199833,0.0032647087,1.2152807e-05,2.0103755e-05,0.996391,0.996391
12817,2,2,1,0.00029762316,5.937424e-05,0.79425466,3.2294396e-05,0.20535603,0.79425466
11075,0,0,1,0.99996555,1.1116242e-06,2.1848742e-05,3.787426e-06,7.667919e-06,0.99996555
19027,4,4,1,3.2105323e-05,0.00035828052,2.5568028e-05,0.00034640948,0.99923766,0.99923766
12238,2,2,1,2.3045855e-06,1.0331967e-06,0.9998714,8.4220807e-07,0.00012446828,0.9998714
11637,0,0,1,0.99981517,1.3179239e-05,0.00013395537,1.22336505e-05,2.5543823e-05,0.99981517
16935,3,3,1,2.5520342e-06,0.00016096047,2.5395889e-06,0.9998325,1.4007111e-06,0.9998325
14780,1,1,1,8.376917e-08,0.9999939,1.1285433e-07,5.743387e-06,1.4025433e-07,0.9999939
15770,1,1,1,6.492174e-06,0.99911994,1.5330278e-06,6.581355e-06,0.0008654268,0.99911994
11065,0,0,1,0.9997009,9.28381e-07,0.00029155376,2.5577012e-06,4.0490545e-06,0.9997009
12270,2,2,1,1.8153473e-06,2.6562222e-07,0.99998355,1.781104e-07,1.4228871e-05,0.99998355
16814,3,3,1,1.8187071e-06,2.115912e-05,1.0094567e-06,0.99995863,1.7391727e-05,0.99995863
12275,2,2,1,2.7104313e-06,3.0343452e-07,0.99998903,1.7244067e-06,6.2474337e-06,0.99998903
18100,4,3,0,7.282377e-06,7.712628e-06,9.02539e-06,0.99192375,0.008052197,0.99192375
17226,3,3,1,4.3668615e-06,2.8620274e-05,3.343945e-06,0.99994564,1.7995113e-05,0.99994564
12021,2,2,1,1.9220042e-07,2.6278877e-07,0.99998593,1.06725686e-07,1.34675065e-05,0.99998593
12615,2,2,1,7.3742476e-06,1.0163818e-06,0.99952483,5.1846695e-07,0.0004662793,0.99952483
16238,3,3,1,2.3723933e-06,0.0003319281,1.4325939e-06,0.9996561,8.196103e-06,0.9996561
15915,1,1,1,0.00029687615,0.9927846,0.0001369422,0.00032482314,0.006456803,0.9927846
18737,4,4,1,1.3534187e-05,0.0010009594,1.7989712e-05,0.0004015991,0.998566,0.998566
16892,3,3,1,3.7988822e-05,0.000480971,4.436987e-05,0.9984603,0.0009764374,0.9984603
18479,4,4,1,2.478158e-06,1.3558844e-06,2.8098637e-05,2.6932097e-05,0.9999411,0.9999411
17996,4,4,1,6.3056877e-06,4.1908465e-06,0.00012520491,3.912008e-05,0.9998252,0.9998252
13835,2,2,1,1.2903637e-06,6.276771e-07,0.9999709,3.2029484e-07,2.6907433e-05,0.9999709
11474,0,0,1,0.9999758,6.847413e-07,1.8612853e-05,2.6385298e-06,2.3052592e-06,0.9999758
18158,4,4,1,6.2510146e-05,4.7151127e-05,0.008731703,0.0001305694,0.99102813,0.99102813
14160,1,1,1,3.667049e-07,0.99997425,5.0774275e-07,2.2941702e-05,1.9056204e-06,0.99997425
11084,0,2,0,0.0034534878,1.7063141e-05,0.995207,4.433784e-05,0.0012780362,0.995207
16671,3,3,1,1.2698923e-06,2.603704e-05,1.0592493e-06,0.99996924,2.38225e-06,0.99996924
14527,1,1,1,4.2639067e-07,0.99999213,1.3590192e-06,3.7401107e-06,2.3787607e-06,0.99999213
15592,1,1,1,0.0001156532,0.9996455,5.951361e-06,1.3338904e-05,0.00021961107,0.9996455
11833,0,0,1,0.9998741,5.848597e-06,9.463277e-05,5.757901e-06,1.9639778e-05,0.9998741
14572,1,1,1,2.7457676e-07,0.99999535,2.9369707e-07,3.5073367e-06,5.3940704e-07,0.99999535
14307,1,1,1,2.92742e-07,0.99999213,1.210351e-07,7.2578027e-06,1.3737981e-07,0.99999213
11227,0,0,1,0.9993968,3.8091218e-06,1.36549415e-05,3.0213896e-06,0.0005827281,0.9993968
16709,3,3,1,1.6999655e-05,0.00016967788,1.7820821e-05,0.9997286,6.689468e-05,0.9997286
15917,1,1,1,9.253773e-07,0.999821,1.635515e-06,2.2578092e-06,0.00017418189,0.999821
15043,1,1,1,2.4196956e-05,0.9861937,5.7595138e-05,0.013682577,4.1940133e-05,0.9861937
14854,1,1,1,2.8343146e-07,0.9999851,2.6804057e-07,1.2888613e-05,1.5011136e-06,0.9999851
12370,2,2,1,2.143127e-05,6.631722e-07,0.99994326,3.210937e-07,3.4306173e-05,0.99994326
15044,1,1,1,5.85742e-07,0.99996877,4.566364e-07,2.7830056e-05,2.3634416e-06,0.99996877
12384,2,2,1,1.1517595e-06,1.3302815e-07,0.99999654,1.11702704e-07,2.0640964e-06,0.99999654
15608,1,1,1,2.2983977e-07,0.9999871,1.5709372e-07,1.1668927e-05,8.6819824e-07,0.9999871
17969,4,4,1,1.5059402e-05,6.742867e-06,0.00041193093,6.80746e-06,0.99955946,0.99955946
16217,3,3,1,1.8484934e-05,0.00015694147,9.061467e-06,0.99971515,0.00010037542,0.99971515
19071,4,4,1,3.1055752e-06,4.857121e-05,8.607261e-06,2.3263243e-05,0.99991643,0.99991643
17333,3,3,1,3.871925e-06,4.2876596e-05,4.670188e-06,0.9992429,0.0007056463,0.9992429
16757,3,3,1,1.840283e-05,0.0007463678,3.2876e-05,0.99913776,6.4512504e-05,0.99913776
14213,1,1,1,7.60129e-08,0.999998,7.2032115e-08,1.5895517e-06,2.3016865e-07,0.999998
15362,1,1,1,2.2169684e-07,0.99999404,1.8470968e-07,4.3751143e-06,1.2352339e-06,0.99999404
18568,4,4,1,1.3756772e-05,2.4768471e-05,5.4377393e-05,0.0012995134,0.9986076,0.9986076
14829,1,1,1,2.813845e-05,0.824372,2.0503376e-05,0.17543995,0.00013943452,0.824372
15828,1,1,1,1.7756716e-06,0.99977714,5.32443e-07,0.00021796628,2.5549562e-06,0.99977714
17366,3,3,1,1.2505052e-06,2.9326193e-06,3.375128e-06,0.9997348,0.00025757556,0.9997348
18606,4,4,1,1.1685158e-05,4.5322107e-05,1.4230114e-06,3.557242e-06,0.999938,0.999938
17941,4,4,1,1.9898202e-05,4.540919e-06,7.645089e-06,0.00024983738,0.999718,0.999718
11040,0,0,1,0.99994624,1.4179215e-06,1.8118559e-05,1.15556495e-05,2.2697868e-05,0.99994624
12353,2,2,1,4.217065e-06,2.6043544e-06,0.9999201,2.0053374e-06,7.103896e-05,0.9999201
15391,1,1,1,8.688576e-07,0.99996626,9.839553e-07,2.7737726e-05,4.119873e-06,0.99996626
14834,1,1,1,1.3836812e-07,0.99998295,1.09662565e-07,1.6511562e-05,2.3306471e-07,0.99998295
10731,0,0,1,0.99994004,4.7639087e-06,1.247684e-05,1.7085955e-05,2.564798e-05,0.99994004
13304,2,2,1,5.713784e-05,5.098204e-06,0.9998554,2.5212728e-06,7.983349e-05,0.9998554
10829,0,0,1,0.9999068,2.3063753e-06,2.8400102e-05,1.6215969e-05,4.625235e-05,0.9999068
14428,1,1,1,4.5041876e-08,0.99999917,8.125643e-08,4.1824777e-07,2.994903e-07,0.99999917
12530,2,2,1,1.666609e-05,9.877812e-07,0.9999274,3.7307794e-07,5.4549884e-05,0.9999274
17840,3,3,1,3.3204751e-06,3.5651674e-06,6.7181263e-06,0.99702376,0.002962666,0.99702376
14248,1,1,1,7.891369e-08,0.9999931,5.806181e-08,6.786651e-06,4.2511672e-08,0.9999931
11173,0,0,1,0.99962044,1.8579171e-06,1.47796945e-05,1.6401284e-06,0.00036121893,0.99962044
13817,2,2,1,1.3780992e-06,5.629061e-07,0.9999037,1.4632407e-07,9.423884e-05,0.9999037
18049,4,4,1,0.00064365944,0.004940175,0.001857971,0.17037496,0.82218325,0.82218325
19519,4,4,1,7.482279e-05,4.696069e-05,0.0018223028,6.512867e-05,0.99799085,0.99799085
14174,1,1,1,2.7650583e-07,0.9999745,7.519054e-07,2.3574325e-05,9.655632e-07,0.9999745
12455,2,2,1,0.0002923483,3.8304897e-06,0.99953187,1.3837833e-06,0.00017063782,0.99953187
15729,1,1,1,0.00014920259,0.99884665,9.641684e-06,3.8282742e-05,0.0009561737,0.99884665
15020,1,1,1,9.273243e-05,0.874285,0.00017395293,0.12145263,0.0039957236,0.874285
13464,2,2,1,1.5602526e-06,2.531148e-07,0.99999416,1.4900286e-07,3.9134625e-06,0.99999416
11497,0,0,1,0.99994504,6.503173e-07,1.6844582e-05,3.8956314e-06,3.3511787e-05,0.99994504
18259,4,4,1,3.0312707e-05,2.0581594e-05,6.367668e-05,0.0008401291,0.9990453,0.9990453
12872,2,2,1,7.4695313e-06,2.718944e-06,0.99987376,3.8738303e-06,0.00011218427,0.99987376
16705,3,3,1,1.9065657e-06,2.2399317e-05,5.540681e-07,0.99997234,2.7410229e-06,0.99997234
13165,2,2,1,1.1853403e-05,2.5916123e-07,0.9999808,9.362328e-08,6.927308e-06,0.9999808
14912,1,1,1,6.182362e-07,0.99989223,1.7268069e-06,0.00010467453,7.8517536e-07,0.99989223
18154,4,4,1,0.000105591316,3.5125966e-05,0.0008228508,2.3079227e-05,0.9990133,0.9990133
19144,4,4,1,0.00010038199,0.00052913313,0.00014200291,0.0017296197,0.9974988,0.9974988
11517,0,0,1,0.99910396,1.742704e-06,0.00086291216,6.361459e-06,2.5017003e-05,0.99910396
11427,0,0,1,0.9997348,7.973856e-07,5.9046565e-06,4.0567525e-06,0.00025436457,0.9997348
14251,1,1,1,1.3822566e-07,0.9999943,1.6326526e-07,5.0257336e-06,4.0500436e-07,0.9999943
14099,1,1,1,7.170073e-08,0.9999988,1.429005e-07,2.0756636e-07,7.7870766e-07,0.9999988
11632,0,0,1,0.9998085,1.2536645e-05,0.00014553967,1.1652031e-05,2.1804328e-05,0.9998085
16738,3,3,1,3.9463066e-06,0.00012066449,2.1783248e-06,0.9998565,1.6661252e-05,0.9998565
15784,1,1,1,1.3548774e-06,0.9997009,9.410657e-07,1.1608294e-06,0.0002956749,0.9997009
11321,0,0,1,0.9994018,3.622499e-06,1.0252453e-05,3.008638e-06,0.000581317,0.9994018
11737,0,0,1,0.9999423,5.991459e-06,3.9615803e-05,5.6330086e-06,6.454508e-06,0.9999423
15817,1,1,1,1.3405939e-07,0.9999901,1.7437132e-07,8.88274e-06,7.228524e-07,0.9999901
14474,1,1,1,1.2004399e-07,0.9999924,7.447178e-08,7.296356e-06,1.3330023e-07,0.9999924
18336,4,4,1,3.9859493e-05,5.4686097e-05,0.0005026433,0.00080576004,0.9985971,0.9985971
11694,0,0,1,0.9998752,1.0422932e-05,9.7312506e-05,8.471965e-06,8.541344e-06,0.9998752
13986,1,1,1,9.349435e-08,0.999997,1.2186172e-07,1.4770019e-06,1.3325505e-06,0.999997
16997,3,3,1,9.048615e-07,4.3639935e-05,7.687725e-07,0.99995375,9.741264e-07,0.99995375
17803,3,3,1,4.4449342e-07,4.9926626e-07,3.5561575e-07,0.99962986,0.00036888148,0.99962986
19553,4,2,0,0.00049264694,0.00031430094,0.7511028,0.0008501698,0.24724007,0.7511028
18615,4,4,1,2.2886877e-06,0.0001592524,5.308801e-07,4.0766745e-06,0.9998338,0.9998338
15920,1,1,1,6.799126e-07,0.9999294,8.864012e-07,3.797432e-05,3.1007225e-05,0.9999294
13640,2,2,1,0.00034554795,0.0001039368,0.95731175,7.6134886e-05,0.04216265,0.95731175
14246,1,1,1,1.4795008e-07,0.99998844,2.3020203e-07,1.0573526e-05,5.936674e-07,0.99998844
17309,3,3,1,8.8610426e-07,5.8186756e-06,5.8996716e-07,0.9999778,1.4908259e-05,0.9999778
18944,4,4,1,0.00041145392,0.008510646,6.3811975e-05,9.067876e-05,0.99092346,0.99092346
16801,3,3,1,1.5053416e-06,3.7573907e-05,1.0059316e-06,0.99995863,1.2953363e-06,0.99995863
10652,0,0,1,0.99999154,4.777683e-07,3.0336194e-06,2.3502746e-06,2.5446745e-06,0.99999154
19203,4,4,1,3.0766178e-06,0.0042446195,5.64451e-06,5.0553146e-05,0.99569607,0.99569607
15490,1,1,1,1.2092653e-07,0.9999931,9.128553e-08,6.600539e-06,1.0578607e-07,0.9999931
15613,1,1,1,1.2269666e-07,0.99999785,1.3541695e-07,1.1472379e-06,7.3271923e-07,0.99999785
17488,3,3,1,5.099984e-07,7.910785e-07,4.8446515e-07,0.9996195,0.00037872803,0.9996195
15625,1,1,1,2.4883192e-07,0.99996126,5.7150913e-07,1.0609817e-06,3.691546e-05,0.99996126
17446,3,3,1,2.0111935e-05,2.5190582e-05,2.48069e-05,0.9952206,0.004709303,0.9952206
14862,1,1,1,1.02335875e-07,0.9999919,1.222571e-07,6.2918953e-06,1.5848875e-06,0.9999919
12263,2,2,1,5.32885e-07,1.8794016e-07,0.9999794,1.8722852e-07,1.9723611e-05,0.9999794
15224,1,1,1,3.590066e-07,0.999995,3.1005376e-07,3.5435858e-06,8.3457365e-07,0.999995
10189,0,0,1,0.99993,1.2241901e-06,4.872098e-05,4.0794762e-07,1.9618486e-05,0.99993
15868,1,1,1,6.7572146e-06,0.999974,7.082543e-07,3.3440176e-06,1.51907325e-05,0.999974
18060,4,4,1,0.0018784262,6.592239e-05,0.008430259,0.0009883725,0.98863703,0.98863703
14948,1,1,1,1.1080815e-05,0.99617565,5.9543695e-06,0.0037855066,2.1759894e-05,0.99617565
16082,3,3,1,7.068298e-06,0.00021778214,2.649063e-06,0.9997646,7.899422e-06,0.9997646
11404,0,0,1,0.9998504,4.067092e-06,0.000117293224,1.5671823e-05,1.2520896e-05,0.9998504
14244,1,1,1,8.815791e-08,0.9999987,1.1036114e-07,7.0506456e-07,3.703034e-07,0.9999987
15246,1,1,1,0.00026836921,0.60969365,0.00055216654,0.38839537,0.0010904507,0.60969365
11891,0,0,1,0.9999428,2.5355491e-06,4.0403458e-05,2.3902905e-06,1.1869682e-05,0.9999428
19843,4,4,1,8.148552e-05,3.998636e-06,1.6065876e-05,1.7483164e-06,0.99989665,0.99989665
17164,3,3,1,1.15878465e-05,5.3768854e-05,1.3225762e-05,0.9999057,1.5646077e-05,0.9999057
10190,0,0,1,0.99919075,3.1292777e-06,0.0007628897,1.0427967e-06,4.2169944e-05,0.99919075
10208,0,0,1,0.9997862,7.1586396e-07,0.0001944119,2.3855338e-07,1.8408593e-05,0.9997862
19022,4,4,1,8.156495e-06,5.734525e-05,2.898671e-06,8.156098e-06,0.99992347,0.99992347
18652,4,4,1,2.3160194e-06,2.6916637e-06,2.3542352e-06,2.8331237e-05,0.99996436,0.99996436
19130,4,4,1,9.4339215e-05,0.05321948,5.1218558e-05,0.00028797323,0.946347,0.946347
10714,0,0,1,0.99996936,2.4117443e-07,2.691255e-05,1.3872464e-06,2.0906461e-06,0.99996936
14915,1,1,1,8.022869e-08,0.9999981,8.397221e-08,1.6226152e-06,1.6840286e-07,0.9999981
12657,2,2,1,1.6963404e-05,5.0532117e-07,0.99994373,2.477152e-07,3.856178e-05,0.99994373
14830,1,1,1,1.3580232e-07,0.9999919,4.300804e-07,7.3066794e-06,1.8792782e-07,0.9999919
19567,4,4,1,8.7264045e-05,9.279102e-06,2.882758e-05,6.3615366e-06,0.9998683,0.9998683
14454,1,1,1,1.5171249e-06,0.99981457,5.476305e-07,0.00017864631,4.743514e-06,0.99981457
18843,4,4,1,4.376089e-05,3.6606073e-06,2.7369554e-06,9.0966e-06,0.99994075,0.99994075
16644,3,3,1,7.897433e-07,1.5855211e-06,6.113125e-07,0.99997675,2.0215048e-05,0.99997675
17442,3,3,1,5.762716e-06,7.654588e-06,3.1974382e-06,0.99973243,0.0002509112,0.99973243
14072,1,1,1,1.869382e-07,0.9999858,1.7714842e-07,1.3712698e-05,1.349041e-07,0.9999858
10029,0,0,1,0.9999218,1.270078e-06,5.259974e-05,4.598001e-07,2.3809229e-05,0.9999218
12837,2,2,1,0.023098709,0.00021172217,0.8548772,0.0007602372,0.1210522,0.8548772
15234,1,1,1,1.0229298e-06,0.9998124,7.867136e-07,0.00018044225,5.3591043e-06,0.9998124
13868,2,2,1,0.00035717298,3.2101834e-05,0.997696,1.7202354e-05,0.0018975819,0.997696
17720,3,3,1,9.910967e-05,0.00018735368,0.00018316031,0.85428184,0.1452485,0.85428184
13048,2,2,1,1.2127014e-06,3.253841e-07,0.99992895,2.1164585e-07,6.9314585e-05,0.99992895
17101,3,3,1,1.4321902e-05,0.00015898328,8.6460095e-06,0.9997962,2.1804475e-05,0.9997962
19017,4,4,1,7.6823535e-06,1.7638511e-05,1.1411516e-06,2.1763367e-06,0.9999714,0.9999714
18824,4,4,1,3.7616317e-07,7.950722e-06,2.3643972e-07,1.2879811e-06,0.9999901,0.9999901
17946,4,4,1,1.6110487e-05,1.6534806e-05,0.00028376127,0.00024112496,0.9994424,0.9994424
11473,0,0,1,0.98253125,5.9351087e-06,0.01730904,8.568481e-05,6.8136e-05,0.98253125
10635,0,0,1,0.99997175,3.236648e-07,2.4782801e-05,9.811813e-07,2.160635e-06,0.99997175
17319,3,3,1,3.7273077e-07,6.137291e-07,4.543881e-07,0.9996555,0.0003430314,0.9996555
14076,1,1,1,3.1101828e-07,0.999969,1.7893113e-07,3.0086221e-05,4.03126e-07,0.999969
12369,2,2,1,4.2490155e-06,8.835333e-07,0.9998654,3.819263e-07,0.00012908541,0.9998654
11714,0,0,1,0.99996424,1.8412265e-06,3.0701045e-05,1.4965854e-06,1.7401272e-06,0.99996424
16995,3,3,1,2.9847439e-05,0.0012063321,1.8844608e-05,0.9986897,5.524853e-05,0.9986897
13141,2,2,1,7.3527412e-06,1.9535032e-06,0.99989426,4.0899863e-06,9.235523e-05,0.99989426
17650,3,3,1,2.0794935e-06,2.1004753e-06,1.0069957e-06,0.9990356,0.00095929217,0.9990356
13013,2,2,1,4.5705533e-06,2.053098e-06,0.99942625,1.2073466e-06,0.0005659824,0.99942625
17737,3,3,1,3.0023627e-06,5.3711897e-06,2.8427644e-06,0.9988212,0.0011675649,0.9988212
12110,2,2,1,4.5263963e-07,2.7969924e-07,0.9999933,1.5696597e-06,4.317242e-06,0.9999933
16978,3,3,1,2.699533e-06,3.6356269e-06,1.737105e-06,0.9978258,0.002166097,0.9978258
16977,3,3,1,5.6969793e-06,9.0905996e-05,4.8320135e-06,0.99962664,0.00027188426,0.99962664
15555,1,1,1,1.342512e-07,0.9999951,2.0983653e-07,1.3111395e-06,3.2875082e-06,0.9999951
14647,1,1,1,2.5840262e-07,0.99998665,1.80481e-07,1.2738099e-05,1.4308833e-07,0.99998665
16959,3,3,1,1.6343653e-05,0.00012091859,1.6210031e-05,0.9997867,5.9807968e-05,0.9997867
18847,4,4,1,2.0112348e-07,2.0632986e-06,1.2995072e-07,4.6505818e-07,0.99999714,0.99999714
13354,2,2,1,1.4974063e-07,2.730486e-07,0.99996567,1.9262757e-07,3.3736433e-05,0.99996567
11749,0,0,1,0.9999852,1.6191641e-06,7.831144e-06,1.6663072e-06,3.7139816e-06,0.9999852
11280,0,0,1,0.9998313,1.2768915e-06,2.4885678e-05,1.1677099e-06,0.00014132378,0.9998313
12773,2,2,1,3.246745e-07,1.5944222e-07,0.9999889,5.49106e-08,1.0539543e-05,0.9999889
10455,0,0,1,0.9999678,1.0850126e-06,1.0743265e-05,1.9561153e-06,1.8404598e-05,0.9999678
14433,1,1,1,1.8448473e-07,0.9999943,2.5506088e-07,2.711459e-06,2.536427e-06,0.9999943
10676,0,0,1,0.9999815,8.1230326e-07,8.935503e-06,1.5625096e-06,7.1099203e-06,0.9999815
19122,4,4,1,1.6181814e-06,7.331957e-06,3.6218313e-07,3.218388e-07,0.99999034,0.99999034
15572,1,1,1,0.00030089353,0.99790704,3.1504078e-05,0.00031686388,0.0014436905,0.99790704
11343,0,0,1,0.997696,1.8416478e-06,8.293696e-06,3.9087604e-06,0.0022899827,0.997696
17131,3,3,1,1.1947494e-05,3.807937e-05,5.181207e-06,0.9999167,2.8082039e-05,0.9999167
18321,4,4,1,0.00019556638,0.00010713221,0.0066214767,0.00038729605,0.9926885,0.9926885
14426,1,1,1,8.3841876e-08,0.99999356,7.079936e-08,6.195658e-06,3.6836305e-08,0.99999356
12655,2,2,1,2.2051427e-05,1.5741547e-06,0.99962187,8.594962e-07,0.00035356355,0.99962187
17170,3,3,1,6.0333523e-06,8.3036364e-05,2.7627968e-06,0.99989486,1.3340082e-05,0.99989486
15838,1,1,1,2.581832e-07,0.9999926,3.07991e-07,5.1452403e-06,1.6223772e-06,0.9999926
17648,3,3,1,4.6720936e-05,0.0001335584,5.756455e-05,0.9860497,0.013712443,0.9860497
18762,4,4,1,0.0051844083,0.013582619,0.00016093427,0.0003261103,0.9807459,0.9807459
15086,1,1,1,7.1308896e-06,0.9970343,1.5104417e-05,0.0029136485,2.981559e-05,0.9970343
19883,4,4,1,0.05003291,0.00010193811,0.00039459823,7.4508134e-05,0.949396,0.949396
14737,1,1,1,1.0295478e-07,0.999998,9.9514445e-08,1.6802146e-06,1.6031458e-07,0.999998
19206,4,4,1,2.737219e-06,2.9907965e-06,4.9817237e-07,5.2109675e-07,0.9999932,0.9999932
14318,1,1,1,9.97833e-08,0.99999714,1.1558739e-07,2.406285e-06,2.0746982e-07,0.99999714
10386,0,0,1,0.9999827,5.381378e-07,7.5592106e-06,2.2557854e-06,6.969731e-06,0.9999827
10691,0,0,1,0.99998593,1.659077e-07,1.0340105e-05,1.2047198e-06,2.3034056e-06,0.99998593
18046,4,4,1,0.001964356,3.872276e-05,0.0009435169,1.8435694e-05,0.997035,0.997035
15399,1,1,1,6.6944335e-07,0.9999442,5.005524e-07,5.2426683e-05,2.1946123e-06,0.9999442
13466,2,2,1,1.6483795e-06,3.9403338e-07,0.9999864,2.2862783e-07,1.1275528e-05,0.9999864
19903,4,4,1,0.0007867828,4.7663074e-05,0.00014105963,4.3062708e-05,0.9989814,0.9989814
12911,2,2,1,0.00012739463,1.2555975e-05,0.9985864,9.298278e-06,0.001264397,0.9985864
19009,4,4,1,0.00012173185,0.00091250055,1.0956953e-05,2.8962364e-05,0.99892586,0.99892586
18474,4,4,1,1.6859348e-06,1.4463702e-06,7.134515e-06,1.301156e-05,0.99997675,0.99997675
11316,0,0,1,0.99953234,4.520969e-06,5.5224973e-06,3.5860226e-06,0.00045404735,0.99953234
18796,4,4,1,2.3624765e-05,0.00025538338,2.8211307e-05,2.4187133e-05,0.9996686,0.9996686
16413,3,3,1,4.8583108e-05,0.00024515673,2.8565084e-05,0.9988049,0.0008727468,0.9988049
12738,2,2,1,2.362337e-06,6.008098e-07,0.999979,7.9745416e-07,1.7236027e-05,0.999979
12154,2,2,1,2.0577845e-06,4.4994928e-07,0.9998636,2.7415862e-07,0.00013355048,0.9998636
14204,1,1,1,5.267555e-07,0.99994886,8.0338094e-07,5.0295994e-06,4.4833167e-05,0.99994886
12629,2,2,1,3.5965656e-06,3.6383864e-07,0.9998273,1.3741928e-07,0.00016860271,0.9998273
18388,4,4,1,6.5617925e-05,6.9507565e-05,0.0006398899,0.0021191637,0.9971058,0.9971058
19182,4,4,1,8.429862e-06,0.0001107448,2.893187e-06,1.0495576e-05,0.99986744,0.99986744
14043,1,1,1,1.8591234e-07,0.9999933,6.2297335e-07,5.2267333e-06,6.961458e-07,0.9999933
12404,2,2,1,6.5979316e-06,8.641424e-07,0.99988604,2.9946096e-07,0.00010623793,0.99988604
19086,4,4,1,2.0552834e-06,8.2907223e-07,1.0415401e-06,3.959411e-06,0.99999213,0.99999213
18618,4,4,1,3.888932e-05,0.003859217,1.0901908e-05,0.00011692075,0.9959741,0.9959741
16406,3,3,1,1.3657778e-06,4.8389065e-05,6.014098e-07,0.9999443,5.259834e-06,0.9999443
18198,4,4,1,2.4627238e-05,7.5692933e-06,0.005344354,0.0016779165,0.9929455,0.9929455
11160,0,0,1,0.9999707,7.502658e-07,1.6172493e-05,2.4830622e-06,9.878573e-06,0.9999707
12013,2,2,1,3.2725866e-06,7.073389e-07,0.99996245,7.0156534e-07,3.2913395e-05,0.99996245
11169,0,0,1,0.99854445,8.007838e-06,1.2381534e-05,6.7922506e-06,0.0014283544,0.99854445
18897,4,4,1,3.2313275e-07,3.2229827e-06,1.2912534e-06,3.4586526e-06,0.99999166,0.99999166
13062,2,2,1,2.226162e-06,3.6718623e-07,0.99998903,4.1687923e-07,7.978482e-06,0.99998903
18044,4,4,1,3.2327316e-06,3.1412296e-06,3.910869e-05,5.5344673e-05,0.99989915,0.99989915
14979,1,1,1,6.294285e-07,0.9999659,1.4004745e-06,2.5682177e-05,6.3433886e-06,0.9999659
13672,2,2,1,0.059097722,1.5680605e-05,0.94024265,5.225381e-06,0.00063873903,0.94024265
13530,2,2,1,1.1173349e-06,1.3778731e-06,0.9984856,9.734896e-07,0.0015108987,0.9984856
12158,2,2,1,2.8326547e-06,1.5905823e-06,0.99984884,6.841884e-05,7.83191e-05,0.99984884
10755,0,0,1,0.9999602,1.8894663e-06,1.9445657e-05,8.231124e-06,1.0195945e-05,0.9999602
17445,3,3,1,3.9962464e-07,4.6492968e-07,5.976515e-07,0.9998658,0.00013271015,0.9998658
14562,1,1,1,2.5680743e-07,0.9999931,1.499152e-07,6.2485196e-06,2.611709e-07,0.9999931
10872,0,0,1,0.99996054,8.043333e-07,2.9681085e-05,1.916312e-06,7.023972e-06,0.99996054
12452,2,2,1,1.5301894e-05,7.372067e-07,0.9999485,2.2685128e-07,3.5276465e-05,0.9999485
13423,2,2,1,5.6145785e-05,1.2379969e-06,0.99986136,7.1918674e-07,8.0461265e-05,0.99986136
15690,1,1,1,8.956259e-08,0.99999106,8.487237e-08,8.300986e-06,4.5472578e-07,0.99999106
18241,4,4,1,5.927909e-06,2.8832592e-05,3.8425034e-05,3.0584346e-05,0.99989617,0.99989617
15887,1,1,1,6.8470405e-07,0.9996458,7.397367e-07,1.9512418e-06,0.000350733,0.9996458
10575,0,0,1,0.99998045,7.719522e-07,8.703359e-06,2.5548422e-06,7.46906e-06,0.99998045
14304,1,1,1,1.9120988e-07,0.999985,7.291085e-08,1.4687439e-05,8.686813e-08,0.999985
14781,1,1,1,5.5231972e-08,0.9999957,4.3744954e-08,4.15173e-06,4.7228536e-08,0.9999957
11175,0,0,1,0.9998654,1.3241377e-06,1.4089815e-05,7.851543e-07,0.00011831284,0.9998654
11834,0,0,1,0.99994445,3.3933109e-06,3.8079233e-05,2.6385528e-06,1.148262e-05,0.99994445
13927,2,4,0,0.00024910012,0.00011519453,0.026708504,0.00029717037,0.97263,0.97263
12781,2,2,1,8.225044e-06,4.906717e-06,0.98879796,3.4650254e-06,0.011185486,0.98879796
13452,2,2,1,4.7825497e-06,1.3749593e-06,0.99988854,9.682465e-07,0.000104364546,0.99988854
12022,2,2,1,1.068476e-06,1.329313e-07,0.99999607,2.6206413e-07,2.4520718e-06,0.99999607
13941,2,2,1,1.5726198e-06,1.9747384e-07,0.9999814,1.6214658e-07,1.6630345e-05,0.9999814
14785,1,1,1,1.5229436e-07,0.99999046,1.1107824e-07,9.049116e-06,2.738505e-07,0.99999046
14519,1,1,1,9.684699e-06,0.99958855,9.169235e-06,0.0003147942,7.779281e-05,0.99958855
11579,0,0,1,0.9999665,4.619368e-06,1.8110391e-05,6.6337393e-06,4.1520207e-06,0.9999665
17623,3,3,1,2.5850608e-07,2.6294958e-07,1.3155952e-07,0.99988437,0.00011499129,0.99988437
11850,0,0,1,0.9999304,4.504991e-06,5.0520022e-05,4.1929748e-06,1.0376564e-05,0.9999304
12528,2,2,1,2.5639803e-05,2.3161654e-06,0.9994973,8.7479924e-07,0.00047389738,0.9994973
13575,2,2,1,7.69505e-07,2.989652e-07,0.999694,1.651219e-07,0.00030476396,0.999694
10186,0,0,1,0.99077004,1.1872775e-06,2.3394894e-05,5.6525573e-07,0.009204806,0.99077004
14384,1,1,1,1.10891094e-07,0.999998,3.7368648e-07,1.2699616e-06,3.0470937e-07,0.999998
15564,1,1,1,9.297963e-06,0.99779093,3.8821568e-06,7.88455e-06,0.002188017,0.99779093
14045,1,1,1,1.4594426e-07,0.9999968,1.18069615e-07,2.6416621e-06,3.2653958e-07,0.9999968
12164,2,2,1,4.0783885e-05,1.3293951e-06,0.9991792,1.9797353e-06,0.0007767546,0.9991792
17020,3,3,1,1.2199732e-06,1.981763e-06,9.290046e-07,0.998889,0.0011068974,0.998889
17469,3,3,1,6.4018877e-06,3.9855695e-05,4.062992e-05,0.9993536,0.00055952603,0.9993536
18521,4,4,1,0.00011677409,0.00018660357,0.0016041279,0.055971753,0.94212073,0.94212073
11639,0,0,1,0.99998116,1.56356e-06,1.4494248e-05,1.2708925e-06,1.4593843e-06,0.99998116
16879,3,3,1,1.6879499e-06,3.3155409e-06,1.3318851e-06,0.99987614,0.00011751111,0.99987614
11919,0,0,1,0.9999205,2.4657447e-06,6.919809e-05,2.610328e-06,5.210815e-06,0.9999205
14794,1,1,1,1.6306454e-07,0.9999944,1.92428e-07,5.059059e-06,2.0506292e-07,0.9999944
10235,0,0,1,0.99990594,4.4651944e-07,8.688857e-05,2.1381088e-07,6.5187623e-06,0.99990594
14905,1,1,1,1.5125534e-07,0.9999939,7.772351e-08,5.7759216e-06,1.0885291e-07,0.9999939
10852,0,0,1,0.9999647,1.0125733e-06,2.3242103e-05,2.958985e-06,8.015772e-06,0.9999647
10080,0,0,1,0.9997404,1.2025348e-06,0.0002367892,4.040907e-07,2.1230435e-05,0.9997404
16591,3,3,1,3.4635675e-06,4.9249127e-05,2.5133695e-06,0.99992967,1.5099644e-05,0.99992967
18773,4,4,1,0.0004532632,0.0016948779,1.541801e-05,1.5067605e-05,0.99782133,0.99782133
15709,1,1,1,5.4692377e-05,0.99940157,7.399282e-06,0.00015220548,0.00038414492,0.99940157
19402,4,4,1,7.729133e-07,1.733814e-06,0.00011341897,1.1112951e-06,0.99988294,0.99988294
12831,2,2,1,4.2348638e-05,3.6310077e-05,0.9943152,3.3419416e-05,0.0055727004,0.9943152
14432,1,1,1,8.7900474e-08,0.99998295,9.4693306e-08,1.6656148e-05,2.587326e-07,0.99998295
12485,2,2,1,0.00013693636,4.9165455e-06,0.9995517,1.950541e-06,0.00030448096,0.9995517
19730,4,4,1,0.0016125805,0.00043704183,0.012609476,0.000311418,0.9850295,0.9850295
10218,0,0,1,0.99970263,1.0715856e-06,0.00028042405,3.5709354e-07,1.5437803e-05,0.99970263
10566,0,0,1,0.99997485,1.068908e-06,1.2497378e-05,1.973465e-06,9.5952855e-06,0.99997485
12796,2,2,1,9.056612e-06,8.1539207e-07,0.99991536,3.5408596e-07,7.436751e-05,0.99991536
11958,2,2,1,2.0701957e-07,1.636456e-07,0.9999951,8.3117065e-08,4.4646495e-06,0.9999951
14524,1,1,1,1.0759729e-07,0.99998283,9.211222e-08,1.6761442e-05,1.8313672e-07,0.99998283
16859,3,3,1,1.5449943e-06,3.378872e-05,1.2387816e-06,0.999959,4.402522e-06,0.999959
17344,3,3,1,1.7983928e-06,6.4126757e-06,3.0811489e-06,0.99660635,0.0033823254,0.99660635
16990,3,3,1,1.6825354e-06,2.1942737e-05,1.0232536e-06,0.9999726,2.8060197e-06,0.9999726
13350,2,2,1,1.1724348e-06,8.8684544e-07,0.9999193,3.773664e-07,7.830512e-05,0.9999193
18254,4,4,1,3.553861e-06,2.7698675e-06,2.2938812e-05,1.08991e-05,0.9999598,0.9999598
14860,1,1,1,1.9777865e-06,0.9998486,1.5247568e-06,0.00014335848,4.4764224e-06,0.9998486
10783,0,0,1,0.999918,9.705484e-07,7.38498e-05,2.9078947e-06,4.221559e-06,0.999918
18970,4,4,1,0.00011217934,0.1096252,0.00013712842,0.0010432374,0.8890822,0.8890822
16818,3,3,1,6.430104e-06,1.5802954e-05,2.506629e-06,0.99991167,6.363642e-05,0.99991167
17967,4,4,1,0.00024702706,0.00020855576,0.00020197673,0.0040382617,0.9953042,0.9953042
14370,1,1,1,1.2456894e-07,0.99999666,9.041787e-08,2.9605023e-06,1.3059632e-07,0.99999666
10736,0,0,1,0.99999166,7.546726e-07,4.789561e-06,9.892983e-07,1.8458677e-06,0.99999166
14397,1,1,1,3.5101125e-06,0.9956091,3.367578e-06,0.004376721,7.3256588e-06,0.9956091
13400,2,2,1,0.00072963984,1.5454358e-05,0.99759966,1.3270626e-05,0.0016419543,0.99759966
12250,2,2,1,6.9814865e-07,3.465605e-07,0.99998236,2.1530789e-07,1.6424483e-05,0.99998236
14518,1,1,1,1.729867e-07,0.9999963,1.6555853e-07,2.464554e-06,9.2479405e-07,0.9999963
17804,3,3,1,1.8369025e-06,1.5867212e-06,3.7807863e-06,0.999897,9.577905e-05,0.999897
13562,2,2,1,2.826291e-06,6.443359e-07,0.99995923,2.433609e-07,3.7048732e-05,0.99995923
15751,1,1,1,5.197817e-05,0.9993081,5.9711338e-06,0.000109842564,0.000524084,0.9993081
17234,3,3,1,7.823151e-05,0.031824194,3.9846847e-05,0.96769285,0.00036490525,0.96769285
11141,0,0,1,0.99995756,1.0155417e-06,2.2227283e-05,3.3610131e-06,1.5847325e-05,0.99995756
16398,3,3,1,4.5550564e-06,0.00010304648,2.0893206e-06,0.9998778,1.2540372e-05,0.9998778
12628,2,2,1,2.1681191e-05,4.17728e-06,0.99939907,1.577729e-06,0.0005735534,0.99939907
11851,0,0,1,0.9999746,3.181536e-06,9.285365e-06,4.38528e-06,8.509474e-06,0.9999746
10698,0,0,1,0.99998903,1.782813e-07,5.6032886e-06,1.5228405e-06,3.6118602e-06,0.99998903
16836,3,3,1,8.315368e-06,2.30921e-05,3.393673e-06,0.9999386,2.6596288e-05,0.9999386
15123,1,1,1,1.0824424e-06,0.9999517,5.047843e-07,4.2944594e-05,3.7266439e-06,0.9999517
13732,2,2,1,4.2425774e-05,1.1882539e-05,0.9990337,8.15146e-06,0.00090382516,0.9990337
15235,1,1,1,0.0008116396,0.9401901,0.00042160085,0.0277363,0.03084042,0.9401901
18345,4,3,0,1.4852618e-05,1.6667806e-05,1.8085711e-05,0.9940003,0.005950122,0.9940003
15171,1,1,1,3.8511384e-06,0.995027,1.9169368e-06,0.004953678,1.3539509e-05,0.995027
16808,3,3,1,7.595517e-06,3.6092984e-05,7.852508e-06,0.9998933,5.5096887e-05,0.9998933
19418,4,4,1,0.00020549945,1.3240858e-05,0.013608416,1.38563055e-05,0.986159,0.986159
17777,3,3,1,4.3798195e-06,5.1081342e-06,1.0878869e-05,0.98891234,0.011067294,0.98891234
17801,3,3,1,4.830845e-07,3.3757678e-07,5.987011e-07,0.9999516,4.698869e-05,0.9999516
19406,4,4,1,0.008257049,0.00016781756,0.050307162,5.648526e-05,0.9412115,0.9412115
18655,4,4,1,6.4190084e-05,4.4333145e-05,3.599258e-05,0.00077631243,0.9990791,0.9990791
10332,0,0,1,0.99985087,9.925363e-07,0.00011802229,4.75265e-07,2.9661562e-05,0.99985087
15750,1,1,1,4.5105717e-05,0.9990711,6.047914e-06,4.9890587e-05,0.00082775165,0.9990711
17109,3,3,1,0.0001394163,0.0019273644,0.000120028584,0.99575174,0.0020614085,0.99575174
18146,4,4,1,2.0633531e-06,4.7470607e-07,1.178378e-05,4.93527e-06,0.9999807,0.9999807
18256,4,4,1,6.0808807e-06,8.084962e-07,4.0910632e-05,2.4453212e-07,0.99995196,0.99995196
14883,1,1,1,8.380534e-08,0.9999945,7.056458e-08,5.2519777e-06,9.118108e-08,0.9999945
10326,0,0,1,0.9999049,8.564457e-07,7.811633e-05,2.8540063e-07,1.5913778e-05,0.9999049
17686,3,3,1,8.9026236e-07,1.8604823e-06,6.802431e-07,0.9998785,0.00011803072,0.9998785
18320,4,4,1,6.386272e-05,1.0518177e-05,5.7266483e-05,1.850584e-05,0.9998498,0.9998498
12955,2,2,1,2.346092e-06,2.3595517e-07,0.9999852,1.1350918e-07,1.2050412e-05,0.9999852
15196,1,1,1,1.4563769e-07,0.99999785,1.0854338e-07,1.6982993e-06,2.3895095e-07,0.99999785
11523,0,0,1,0.99994755,9.671593e-07,6.663687e-06,3.3162203e-06,4.1539402e-05,0.99994755
19069,4,4,1,3.70467e-05,0.00018641374,1.8021254e-06,2.0634434e-06,0.9997727,0.9997727
12909,2,2,1,2.8747863e-06,3.8187346e-07,0.99995303,1.5336953e-07,4.3538887e-05,0.99995303
13520,2,2,1,0.0014999557,4.16382e-06,0.99827206,5.0019908e-06,0.00021881713,0.99827206
19068,4,4,1,0.00038749544,0.00017609491,0.003266319,0.09136673,0.90480334,0.90480334
14496,1,1,1,3.0318213e-07,0.9999933,2.192426e-07,5.6045956e-06,5.986781e-07,0.9999933
15074,1,1,1,4.4085577e-05,0.99424595,3.74335e-05,0.005538859,0.00013374115,0.99424595
10053,0,0,1,0.99865544,2.947045e-06,0.0013029077,1.0669031e-06,3.758568e-05,0.99865544
11712,0,0,1,0.99993324,5.0956696e-06,5.1157283e-05,4.073473e-06,6.3948582e-06,0.99993324
19135,4,4,1,4.6817667e-07,0.00012285811,4.0428384e-07,1.2553625e-06,0.99987495,0.99987495
17237,3,3,1,3.2064336e-06,0.00011265307,3.4793793e-06,0.99972373,0.0001569304,0.99972373
14452,1,1,1,2.2581129e-07,0.9999664,1.9956684e-07,2.6598547e-05,6.5864974e-06,0.9999664
13471,2,2,1,0.0005409519,4.356539e-06,0.9990062,8.086677e-06,0.00044038592,0.9990062
10009,0,0,1,0.9996008,1.32014e-06,0.00038642154,4.4360942e-07,1.09997345e-05,0.9996008
17993,4,3,0,0.00015380337,0.00036734517,0.00013807845,0.75426906,0.24507166,0.75426906
14535,1,1,1,7.6608394e-08,0.99999666,7.7821035e-08,2.960553e-06,1.9473052e-07,0.99999666
12309,2,2,1,0.0046771183,8.962992e-06,0.9915005,1.0047212e-05,0.0038033621,0.9915005
14342,1,1,1,8.936523e-08,0.9999937,5.988071e-08,6.118994e-06,7.251138e-08,0.9999937
17575,3,3,1,4.4013117e-07,4.0055446e-07,2.972674e-07,0.99995923,3.962577e-05,0.99995923
17672,3,3,1,7.640496e-06,5.4222287e-06,7.5418234e-06,0.98741156,0.012567819,0.98741156
18766,4,4,1,2.1885444e-06,1.021926e-05,1.4241483e-06,3.894725e-06,0.99998224,0.99998224
18350,4,4,1,0.006689563,7.155704e-05,0.002066442,4.617255e-05,0.99112624,0.99112624
13600,2,2,1,1.8489528e-06,6.0773914e-07,0.9999813,3.4623972e-07,1.5859541e-05,0.9999813
11832,0,0,1,0.9999845,1.4948099e-06,9.492012e-06,1.6226643e-06,2.8928525e-06,0.9999845
17269,3,3,1,3.8282982e-07,5.5228156e-07,2.658487e-07,0.9999347,6.412104e-05,0.9999347
13021,2,2,1,1.987485e-07,4.271311e-07,0.999982,1.0337407e-06,1.6336558e-05,0.999982
14630,1,1,1,1.3028212e-07,0.9999958,6.020241e-08,3.9225074e-06,8.4889614e-08,0.9999958
12444,2,2,1,3.4590955e-06,6.589697e-07,0.99995565,3.7633572e-07,3.9879174e-05,0.99995565
10498,0,0,1,0.99998045,7.541131e-07,1.032971e-05,2.0275718e-06,6.4002124e-06,0.99998045
11845,0,0,1,0.9999497,3.1101301e-06,3.8278195e-05,3.2924984e-06,5.6129625e-06,0.9999497
17833,3,3,1,0.0003388926,0.00020705453,0.00039439512,0.789936,0.20912366,0.789936
11125,0,0,1,0.9985588,4.667961e-06,4.9091916e-05,1.2597126e-05,0.0013748468,0.9985588
16103,3,3,1,9.982654e-07,1.4736244e-05,5.054883e-07,0.99998164,2.1658861e-06,0.99998164
12684,2,2,1,4.0946356e-06,3.452634e-07,0.9999709,1.7780944e-07,2.4504778e-05,0.9999709
10768,0,0,1,0.99962556,1.6187016e-05,0.00010766349,0.00010588783,0.00014470804,0.99962556
18887,4,4,1,5.3367185e-06,0.000738876,4.1734866e-06,2.1787053e-05,0.9992298,0.9992298
18917,4,4,1,1.3653238e-05,0.0022246125,2.6971748e-06,1.6319325e-05,0.9977428,0.9977428
10241,0,0,1,0.9985384,1.7597895e-06,3.795782e-05,8.6204574e-07,0.0014210774,0.9985384
13081,2,2,1,2.8453986e-05,1.1658052e-05,0.9942913,1.1200753e-05,0.005657383,0.9942913
14730,1,1,1,2.0749434e-07,0.999997,2.1541805e-07,2.2511133e-06,3.152634e-07,0.999997
10111,0,0,1,0.99990857,9.043677e-07,7.92264e-05,3.038966e-07,1.102683e-05,0.99990857
19188,4,4,1,2.6482662e-06,0.00018930873,4.028369e-06,5.4874345e-06,0.9997986,0.9997986
12062,2,2,1,2.6667662e-06,3.1348748e-07,0.99998415,1.11942754e-07,1.2784033e-05,0.99998415
13083,2,2,1,4.873664e-05,5.5545806e-06,0.99980706,5.622147e-06,0.000133019,0.99980706
11207,0,0,1,0.9998754,1.4360944e-06,6.6537327e-06,1.0764111e-06,0.00011541688,0.9998754
18438,4,4,1,0.00019242818,0.00015436049,0.0027221018,0.43580565,0.56112546,0.56112546
12925,2,2,1,1.9854365e-06,1.4919266e-06,0.999923,2.914139e-06,7.066247e-05,0.999923
10789,0,0,1,0.9999604,1.1424773e-06,8.7602175e-06,1.2435399e-05,1.7274295e-05,0.9999604
13706,2,2,1,0.02757744,6.752472e-05,0.9679835,4.5066394e-05,0.0043264567,0.9679835
11842,0,0,1,0.99992585,2.465758e-06,6.395186e-05,2.8998088e-06,4.808137e-06,0.99992585
11049,0,0,1,0.99996614,9.915041e-07,2.2775579e-05,3.3781635e-06,6.665439e-06,0.99996614
10948,0,0,1,0.99869376,4.1087565e-06,2.4802805e-05,1.4715006e-05,0.0012626664,0.99869376
10688,0,0,1,0.99999297,5.065499e-07,3.1901925e-06,7.4756775e-07,2.5390761e-06,0.99999297
18074,4,4,1,1.0473167e-06,3.4776276e-06,4.1175957e-05,5.5457444e-06,0.99994874,0.99994874
10452,0,0,1,0.9999677,8.3001555e-07,1.3652336e-05,3.1850293e-06,1.4592331e-05,0.9999677
15319,1,1,1,2.3675915e-07,0.99999356,1.915236e-07,1.3489121e-06,4.6077803e-06,0.99999356
11916,0,0,1,0.99995506,2.6377231e-06,3.0792482e-05,2.4866113e-06,9.009865e-06,0.99995506
14953,1,1,1,1.5963857e-06,0.9999584,5.360252e-07,3.6656904e-05,2.849287e-06,0.9999584
11017,0,0,1,0.99986684,1.9177503e-06,7.2181756e-05,1.4316113e-05,4.471928e-05,0.99986684
12733,2,2,1,5.064625e-06,3.114441e-07,0.9999734,1.5516592e-07,2.1015723e-05,0.9999734
19155,4,4,1,6.451554e-07,2.9053583e-06,1.5112887e-06,4.429445e-06,0.99999046,0.99999046
12633,2,2,1,0.00016248392,1.4155207e-05,0.97578305,6.587053e-06,0.024033666,0.97578305
18781,4,4,1,2.0359415e-07,4.277577e-06,4.3787804e-07,1.1605497e-06,0.9999939,0.9999939
11931,0,0,1,0.99990296,3.7463276e-06,8.075404e-05,3.900512e-06,8.5852735e-06,0.99990296
18820,4,4,1,4.562793e-06,0.00046982404,1.2682242e-06,3.5656733e-06,0.9995208,0.9995208
17291,3,3,1,6.212659e-07,8.332561e-07,1.4426788e-06,0.99979025,0.0002068145,0.99979025
17227,3,3,1,0.00017508994,0.0035461586,0.00014720083,0.99559194,0.0005395424,0.99559194
10139,0,0,1,0.99987686,9.0433906e-07,0.00011086854,3.0388696e-07,1.1003297e-05,0.99987686
14713,1,1,1,1.3532585e-07,0.99997914,8.514424e-08,2.0029776e-05,6.332529e-07,0.99997914
10373,0,0,1,0.9998079,7.2749145e-07,0.00017940796,3.483512e-07,1.1591421e-05,0.9998079
17270,3,3,1,6.553353e-08,4.0279446e-07,1.0117771e-07,0.9999721,2.7287311e-05,0.9999721
19219,4,4,1,0.000134006,0.016423035,0.0001600552,0.011963622,0.9713193,0.9713193
18242,4,4,1,8.2239484e-07,3.9394752e-07,3.2341934e-06,1.0606833e-06,0.9999945,0.9999945
10940,0,0,1,0.9993129,3.3583271e-06,1.1397592e-05,1.0458829e-05,0.0006618586,0.9993129
11730,0,0,1,0.99985933,7.3966376e-06,0.00011027776,5.2575515e-06,1.7674198e-05,0.99985933
17507,3,3,1,3.2182184e-06,1.3465218e-05,3.4890432e-05,0.9997178,0.00023065973,0.9997178
16092,3,3,1,4.675713e-06,0.00016300703,2.0847763e-06,0.9998166,1.36556755e-05,0.9998166
13298,2,3,0,5.395384e-05,0.0038215646,0.00017609954,0.9957456,0.00020277167,0.9957456
18547,4,4,1,1.2098955e-05,1.3840587e-05,1.0615145e-05,0.00038006084,0.9995834,0.9995834
18356,4,4,1,0.0038229502,0.00010011063,0.01198084,6.7525456e-05,0.9840285,0.9840285
14800,1,1,1,5.9733173e-07,0.99997437,5.9268945e-07,2.2785933e-05,1.6910805e-06,0.99997437
14748,1,1,1,1.9003386e-07,0.99999535,8.002719e-08,4.259805e-06,1.5003324e-07,0.99999535
12115,2,2,1,2.3208297e-06,4.927995e-07,0.9999783,9.381123e-07,1.7942852e-05,0.9999783
16392,3,3,1,8.4573085e-06,0.000120171586,8.019009e-06,0.99980015,6.326875e-05,0.99980015
17618,3,3,1,6.4444293e-07,2.11181e-06,2.5152472e-06,0.9997229,0.00027182722,0.9997229
18730,4,4,1,1.6862145e-05,0.007237143,7.815853e-06,1.0128268e-05,0.9927281,0.9927281
10205,0,0,1,0.99983966,1.1276632e-06,0.00013296917,3.757807e-07,2.5844229e-05,0.99983966
14887,1,1,1,1.7666153e-07,0.9999963,1.3393868e-07,2.771813e-06,6.313305e-07,0.9999963
14944,1,1,1,1.3061924e-06,0.9999418,5.801508e-07,5.2771626e-05,3.4864634e-06,0.9999418
15387,1,1,1,1.8212959e-06,0.9999429,9.079272e-07,3.613287e-05,1.8272276e-05,0.9999429
15130,1,1,1,4.275436e-07,0.99998593,1.6802063e-07,1.2595848e-05,8.6439684e-07,0.99998593
15775,1,1,1,0.0002192252,0.9892966,3.3586457e-05,0.00013741573,0.010313225,0.9892966
10473,0,0,1,0.99998116,4.9518087e-07,1.0713338e-05,1.6765641e-06,5.9401677e-06,0.99998116
10918,0,0,1,0.9999571,1.1852076e-06,2.9524328e-05,4.9671203e-06,7.233116e-06,0.9999571
17733,3,3,1,1.4576871e-06,3.101759e-06,2.3499406e-06,0.99742943,0.002563606,0.99742943
10306,0,0,1,0.9999329,9.340962e-07,4.5988374e-05,3.1127706e-07,1.9847528e-05,0.9999329
18764,4,4,1,2.0828598e-05,0.00060616614,2.6572281e-05,0.0001388546,0.99920756,0.99920756
12641,2,2,1,7.908417e-06,6.384596e-07,0.99994123,6.63107e-07,4.9614857e-05,0.99994123
16692,3,3,1,0.00020063615,0.0010016082,0.00013101642,0.99456984,0.0040968983,0.99456984
18978,4,4,1,2.9828102e-06,1.186166e-05,2.6496184e-06,2.4371713e-05,0.99995816,0.99995816
18741,4,4,1,4.0722814e-05,0.00022344042,1.724038e-05,3.069885e-05,0.9996879,0.9996879
16938,3,3,1,5.7602056e-06,1.3004924e-05,3.1300674e-06,0.9988102,0.0011679278,0.9988102
16630,3,3,1,2.446326e-05,0.00082245114,0.00017004689,0.9984347,0.00054825266,0.9984347
15006,1,1,1,7.37612e-07,0.9996915,3.6173822e-06,0.00030227817,1.8804067e-06,0.9996915
18202,4,4,1,5.2451076e-05,1.932429e-05,0.0004959796,6.408031e-05,0.99936813,0.99936813
13490,2,2,1,1.2268816e-06,4.3270146e-07,0.999969,7.1331976e-07,2.8641965e-05,0.999969
10648,0,0,1,0.99999166,6.7254484e-07,2.692158e-06,1.1709752e-06,3.8091941e-06,0.99999166
18144,4,4,1,0.0002938583,0.00020495793,0.0014551363,0.26422474,0.73382133,0.73382133
12484,2,2,1,1.8928407e-06,2.154806e-07,0.9999888,1.029827e-07,9.03346e-06,0.9999888
12118,2,2,1,3.7318443e-06,4.736307e-07,0.9999863,5.3231577e-07,9.0161975e-06,0.9999863
11358,0,0,1,0.99954116,1.7313181e-06,0.00043051265,1.1626336e-06,2.5402718e-05,0.99954116
10943,0,0,1,0.99993503,1.3051002e-06,2.131721e-05,3.9931538e-06,3.839041e-05,0.99993503
18189,4,4,1,0.0005975145,7.472074e-05,0.015397734,0.0020253821,0.9819047,0.9819047
10860,0,0,1,0.99995244,9.914904e-07,3.836846e-05,3.3559672e-06,4.8555107e-06,0.99995244
15614,1,1,1,5.5581506e-07,0.9999083,4.1374764e-07,8.886847e-05,1.8643672e-06,0.9999083
15341,1,1,1,2.5499997e-07,0.9999443,1.9161611e-07,5.459026e-05,5.7344687e-07,0.9999443
15575,1,1,1,0.009731804,0.7948566,0.0021171616,0.013457172,0.17983723,0.7948566
17089,3,3,1,6.804949e-06,1.4247424e-05,2.9511225e-06,0.99995434,2.1643518e-05,0.99995434
15673,1,1,1,1.4336331e-05,0.9998456,1.432774e-06,7.900371e-06,0.00013067384,0.9998456
12394,2,2,1,9.128614e-05,1.3024959e-06,0.99988675,6.708486e-07,1.9927502e-05,0.99988675
10794,0,0,1,0.9999678,8.8331115e-07,2.5241536e-05,2.6573218e-06,3.3861684e-06,0.9999678
11761,0,0,1,0.9999386,1.0581064e-06,2.8890076e-05,1.915117e-06,2.9577131e-05,0.9999386
18030,4,4,1,0.0055863797,0.0016842175,0.03876214,0.030972412,0.92299485,0.92299485
17799,3,3,1,2.9122967e-07,2.4978132e-07,8.454625e-06,0.9999434,4.761815e-05,0.9999434
16961,3,3,1,1.4027017e-06,2.0689537e-05,1.3680433e-06,0.9999728,3.769106e-06,0.9999728
10242,0,0,1,0.9998128,1.4181203e-06,0.00016176981,4.7257222e-07,2.3634844e-05,0.9998128
13166,2,2,1,1.3052884e-05,1.3679794e-06,0.99983835,7.045053e-07,0.00014646174,0.99983835
18380,4,4,1,6.59342e-06,4.59821e-06,0.0013216995,4.0313607e-06,0.99866307,0.99866307
10672,0,0,1,0.9997569,2.1728194e-06,1.3381484e-05,9.941581e-06,0.00021766896,0.9997569
11033,0,0,1,0.9999548,1.1116123e-06,3.5648533e-05,3.762552e-06,4.6426903e-06,0.9999548
15529,1,1,1,9.770603e-08,0.9999957,1.159801e-07,3.6646088e-06,3.7730638e-07,0.9999957
18461,4,4,1,3.926139e-05,2.2806313e-05,0.0006443536,2.2413797e-05,0.9992712,0.9992712
18457,4,4,1,6.0525148e-05,1.0014875e-05,0.0017821008,5.9996005e-06,0.9981414,0.9981414
18943,4,4,1,1.7388103e-06,4.0646377e-05,9.630511e-07,1.6129296e-05,0.9999405,0.9999405
12052,2,2,1,1.612083e-05,9.891794e-07,0.999961,1.0570105e-06,2.0865546e-05,0.999961
12219,2,2,1,1.9683193e-06,4.1018544e-07,0.9998894,1.9594933e-07,0.000108067215,0.9998894
16784,3,3,1,4.959166e-07,1.2663577e-06,5.471025e-07,0.99999714,5.0159963e-07,0.99999714
12140,2,2,1,1.2828642e-06,7.851435e-07,0.99996424,4.073939e-07,3.32484e-05,0.99996424
11387,0,0,1,0.9999753,5.416055e-07,6.3358425e-06,2.0869813e-06,1.5748052e-05,0.9999753
16755,3,3,1,9.816388e-07,1.0468877e-05,3.235052e-07,0.9999877,4.878354e-07,0.9999877
19702,4,4,1,6.7957386e-05,2.0819096e-05,0.018784724,1.9911735e-05,0.98110664,0.98110664
13721,2,2,1,2.2500384e-07,3.6767054e-07,0.9999424,1.0092785e-06,5.6021432e-05,0.9999424
16550,3,3,1,9.651444e-06,0.0006597506,9.092817e-06,0.9993,2.1505739e-05,0.9993
18366,4,4,1,7.850795e-06,4.6427467e-06,3.867231e-05,1.7098771e-05,0.9999317,0.9999317
10002,0,0,1,0.9997671,5.894093e-07,0.00022587129,2.7453086e-07,6.1686646e-06,0.9997671
13912,2,2,1,6.6388147e-06,4.291466e-06,0.9998739,3.0196047e-06,0.000112123096,0.9998739
11767,0,0,1,0.9999553,2.048195e-06,3.4133624e-05,1.9308545e-06,6.619522e-06,0.9999553
11488,0,0,1,0.9992238,3.7971909e-06,8.9839654e-05,1.9318477e-05,0.00066326297,0.9992238
15550,1,1,1,1.53886e-07,0.999997,2.1307187e-07,2.0832324e-06,5.30148e-07,0.999997
16230,3,3,1,1.6820616e-06,9.063019e-06,7.5781105e-07,0.99998367,4.823636e-06,0.99998367
11196,0,0,1,0.9977464,5.60858e-06,3.4878263e-05,4.951132e-06,0.002208073,0.9977464
15553,1,1,1,1.1388128e-07,0.99999356,1.300043e-07,5.7775114e-06,3.59885e-07,0.99999356
18882,4,4,1,8.317697e-08,6.2176605e-06,1.3489462e-07,8.6533475e-07,0.9999927,0.9999927
13220,2,2,1,5.5175533e-06,4.4849153e-07,0.99980766,6.0258077e-07,0.0001857436,0.99980766
12536,2,2,1,0.000136766,7.8793477e-07,0.9997832,7.138064e-07,7.855564e-05,0.9997832
18964,4,4,1,0.00019965833,0.00036206865,6.7914875e-06,6.621433e-06,0.99942493,0.99942493
16603,3,3,1,8.01957e-07,1.9237764e-06,6.697969e-07,0.9997694,0.00022717359,0.9997694
19151,4,4,1,2.9590126e-06,2.9675204e-05,4.9635076e-07,4.6379046e-07,0.9999664,0.9999664
10458,0,0,1,0.99987173,2.9664684e-06,2.67461e-05,3.2624917e-05,6.5860346e-05,0.99987173
16574,3,3,1,0.0002430551,0.23198828,0.00016677711,0.7651636,0.002438238,0.7651636
17591,3,3,1,1.8982163e-06,2.6810505e-06,1.9747006e-06,0.99835336,0.0016401521,0.99835336
16696,3,3,1,3.230997e-06,1.5033165e-05,1.6515087e-06,0.9999671,1.3038141e-05,0.9999671
16636,3,3,1,2.0943737e-06,2.5623964e-05,1.315488e-06,0.9997166,0.00025433276,0.9997166
15881,1,1,1,1.8047283e-05,0.99987555,2.326337e-06,2.4506038e-05,7.9575286e-05,0.99987555
19885,4,4,1,0.02203234,0.0034797145,0.33054376,0.003700844,0.64024335,0.64024335
15091,1,1,1,1.2303137e-07,0.9999839,3.426336e-07,1.5517126e-05,1.5279963e-07,0.9999839
15002,1,1,1,3.6795038e-07,0.9999784,5.895788e-07,1.5887259e-05,4.7033955e-06,0.9999784
11889,0,0,1,0.9999012,1.3367241e-05,3.1973206e-05,2.2845645e-05,3.0662708e-05,0.9999012
14771,1,1,1,2.9070242e-07,0.9999815,2.2929291e-07,1.714523e-05,8.367652e-07,0.9999815
11897,0,0,1,0.9998274,1.3003341e-05,0.00010480359,1.3998981e-05,4.0746254e-05,0.9998274
10334,0,0,1,0.9998946,1.01717e-06,8.83957e-05,3.3896018e-07,1.5663567e-05,0.9998946
15051,1,1,1,1.410318e-05,0.9961935,1.360466e-05,0.0034088988,0.0003698363,0.9961935
17499,3,3,1,1.7731095e-06,3.1288305e-06,8.49429e-07,0.99986184,0.00013240434,0.99986184
12648,2,2,1,1.6618946e-05,5.395497e-07,0.9999585,2.4084954e-07,2.4087301e-05,0.9999585
16670,3,3,1,4.0670446e-05,0.003059865,7.562823e-05,0.99677545,4.835925e-05,0.99677545
14271,1,1,1,9.7224316e-08,0.99999523,7.930225e-08,4.467559e-06,1.661854e-07,0.99999523
15505,1,1,1,4.1164698e-05,0.9997744,4.1434864e-06,1.6932507e-05,0.00016335637,0.9997744
15381,1,1,1,6.073823e-08,0.99999905,7.123238e-08,7.854345e-07,3.2232368e-08,0.99999905
16857,3,3,1,6.42145e-05,0.00053055567,3.4866505e-05,0.9955114,0.0038589877,0.9955114
14689,1,1,1,3.1847298e-07,0.9999696,1.7384802e-07,2.917182e-05,7.7101384e-07,0.9999696
15767,1,1,1,0.003225839,0.9451454,0.0003553245,0.005313668,0.04595979,0.9451454
13855,2,4,0,5.750997e-05,0.00040497698,0.0006565694,0.03949471,0.9593863,0.9593863
13926,2,2,1,0.00038011506,3.7677983e-06,0.99943143,1.1501623e-05,0.00017311067,0.99943143
18624,4,4,1,1.846413e-05,0.00063672464,8.143458e-06,4.1697152e-05,0.999295,0.999295
13930,2,2,1,1.8251384e-06,1.9454342e-06,0.99592376,9.867023e-07,0.0040714815,0.99592376
18566,4,4,1,1.5289723e-05,5.8263377e-06,0.00014259113,1.9768642e-05,0.9998166,0.9998166
14952,1,1,1,1.2518944e-07,0.99998534,8.63857e-08,1.4359817e-05,9.535907e-08,0.99998534
14679,1,1,1,1.6359239e-07,0.9999932,7.8547295e-08,6.4565793e-06,9.842328e-08,0.9999932
12060,2,2,1,3.050247e-07,2.8265515e-07,0.9999727,8.894915e-07,2.5838597e-05,0.9999727
12423,2,2,1,8.983754e-07,4.223047e-07,0.9999715,5.274491e-07,2.6648755e-05,0.9999715
19239,4,4,1,1.2573373e-06,1.559226e-05,4.9302315e-07,6.518341e-07,0.999982,0.999982
17110,3,3,1,0.00016242174,0.015210647,6.219458e-05,0.98407114,0.0004935662,0.98407114
18001,4,4,1,5.0792487e-06,1.2874259e-06,0.0001215165,3.2715564e-06,0.99986887,0.99986887
18346,4,4,1,1.9439376e-05,4.269163e-05,0.000104848026,0.0030365195,0.99679655,0.99679655
14968,1,1,1,3.074209e-07,0.9999852,1.8677575e-07,1.3232832e-05,1.098586e-06,0.9999852
14975,1,1,1,2.500919e-05,0.9980769,0.00012345036,0.0005830874,0.0011915372,0.9980769
17199,3,3,1,7.6188285e-06,0.00026753484,5.287191e-06,0.99967134,4.8268477e-05,0.99967134
18212,4,4,1,0.0015234406,3.985918e-06,4.1127325e-05,1.8821175e-06,0.9984296,0.9984296
17845,3,3,1,3.5371863e-06,2.8880524e-06,6.749136e-06,0.9992244,0.0007623772,0.9992244
11289,0,0,1,0.99880075,2.1081084e-06,0.0011572707,1.0308844e-06,3.878013e-05,0.99880075
19044,4,4,1,0.00013572673,0.004247324,1.9110323e-05,1.016474e-05,0.9955877,0.9955877
15204,1,1,1,9.296883e-07,0.99993503,3.9369087e-07,5.7667065e-05,5.9434465e-06,0.99993503
17447,3,3,1,4.32668e-06,4.6388323e-06,4.5008633e-06,0.99934965,0.00063690275,0.99934965
12073,2,2,1,2.0134937e-06,2.1348552e-07,0.9999442,1.9386259e-07,5.3378735e-05,0.9999442
10150,0,0,1,0.99986935,1.133158e-06,0.00011191695,3.807775e-07,1.7202592e-05,0.99986935
13060,2,2,1,9.920098e-06,8.818915e-07,0.9999176,4.898785e-07,7.110778e-05,0.9999176
17161,3,3,1,6.8547695e-07,3.6813558e-06,5.588088e-07,0.99999285,2.276384e-06,0.99999285
10917,0,0,1,0.99994445,9.883879e-07,4.3963388e-05,3.2711455e-06,7.357221e-06,0.99994445
10110,0,0,1,0.9480814,3.920987e-06,0.05186745,1.3175777e-06,4.5876743e-05,0.9480814
18559,4,4,1,2.2741713e-06,1.4012675e-06,9.960349e-06,4.7473754e-06,0.99998164,0.99998164
13725,2,2,1,1.6377924e-06,7.8951945e-07,0.99994504,2.5238168e-07,5.2263593e-05,0.99994504
17588,3,3,1,1.0447734e-06,1.2447974e-06,4.5207034e-06,0.9993525,0.00064072135,0.9993525
15032,1,1,1,1.5336939e-06,0.99994016,1.8177752e-06,5.3409174e-05,3.0274723e-06,0.99994016
15532,1,1,1,0.0001237238,0.9905289,1.4242837e-05,2.9596878e-05,0.009303502,0.9905289
16567,3,3,1,2.8443976e-05,0.00018062486,1.540584e-05,0.9996786,9.696038e-05,0.9996786
11704,0,0,1,0.99998796,1.5635705e-06,5.198494e-06,1.1256651e-06,4.114748e-06,0.99998796
14102,1,1,1,5.5792444e-08,0.99999845,8.668144e-08,1.0979743e-06,3.0757744e-07,0.99999845
14744,1,1,1,9.4371906e-08,0.99999535,6.622237e-08,4.427292e-06,6.199966e-08,0.99999535
10902,0,0,1,0.99996233,1.2249163e-06,2.1837923e-05,2.713377e-06,1.187613e-05,0.99996233
17457,3,3,1,3.1005768e-06,3.913546e-06,2.1508695e-06,0.9987919,0.0011990445,0.9987919
10101,0,0,1,0.99986374,1.2634832e-06,1.9378398e-05,1.7604808e-06,0.00011387275,0.99986374
10752,0,0,1,0.9999479,2.3468258e-06,2.7313024e-05,1.1205309e-05,1.1172913e-05,0.9999479
11271,0,0,1,0.9997471,1.3114033e-06,5.374159e-06,1.3845196e-06,0.00024479406,0.9997471
11003,0,0,1,0.9991242,1.7351671e-06,0.00086389383,4.8218258e-06,5.380007e-06,0.9991242
17723,3,3,1,7.883626e-07,1.0811008e-06,9.72199e-07,0.99970144,0.00029563336,0.99970144
18442,4,4,1,1.6319651e-06,7.2426576e-07,6.987081e-06,2.5870193e-07,0.99999034,0.99999034
18271,4,4,1,0.00018649468,8.071674e-05,0.0010048911,0.08403149,0.91469646,0.91469646
18036,4,4,1,2.1210053e-05,2.5186577e-05,0.00012516504,0.0001081014,0.9997203,0.9997203
16634,3,3,1,1.8092389e-06,7.825653e-05,1.1884168e-06,0.99991465,4.090647e-06,0.99991465
11900,0,0,1,0.9998592,9.447477e-06,8.233917e-05,8.793144e-06,4.0197887e-05,0.9998592
13238,2,2,1,6.185669e-06,7.9740033e-07,0.9999802,6.8669215e-06,5.997346e-06,0.9999802
13245,2,2,1,1.7696078e-05,3.2238524e-05,0.79772335,2.9640412e-05,0.2021971,0.79772335
12681,2,2,1,3.8594102e-05,1.9867782e-06,0.99989855,6.8850056e-07,6.0193197e-05,0.99989855
17678,3,3,1,3.5382377e-06,8.045971e-06,8.7295475e-06,0.99861145,0.0013682151,0.99861145
11005,0,0,1,0.9999678,8.413548e-07,2.4737485e-05,2.5145057e-06,4.0532345e-06,0.9999678
18148,4,4,1,0.0004456489,5.974972e-05,0.0008127,0.00015560514,0.9985262,0.9985262
18531,4,4,1,1.2457286e-05,1.1329131e-06,1.8838557e-05,6.0676683e-07,0.999967,0.999967
10282,0,0,1,0.9999461,5.5522946e-07,4.371933e-05,2.641222e-07,9.298507e-06,0.9999461
12507,2,2,1,1.6223939e-06,1.3026613e-07,0.9999914,4.514259e-08,6.779944e-06,0.9999914
15449,1,1,1,1.915048e-06,0.999647,1.8494351e-06,0.00028959446,5.9559377e-05,0.999647
11974,2,2,1,3.44549e-07,3.5261414e-07,0.99997866,3.1492123e-06,1.7457016e-05,0.99997866
13962,1,1,1,2.5845083e-07,0.9999939,4.3411387e-07,3.861396e-06,1.4772285e-06,0.9999939
17545,3,3,1,8.78944e-06,1.424622e-05,4.480328e-06,0.99965346,0.0003190728,0.99965346
19149,4,4,1,8.6518924e-08,4.8826234e-07,1.4108593e-07,6.856345e-07,0.99999857,0.99999857
15469,1,1,1,9.9661804e-08,0.9999938,9.278399e-08,5.589178e-06,4.7534425e-07,0.9999938
10869,0,0,1,0.9999453,8.274032e-07,4.72877e-05,2.5816423e-06,3.970501e-06,0.9999453
13214,2,2,1,9.3306096e-07,1.6890187e-06,0.9998264,2.6976081e-06,0.00016833407,0.9998264
18186,4,4,1,1.9673978e-05,1.327972e-05,0.00047286318,3.3389893e-05,0.99946076,0.99946076
15573,1,1,1,1.011364e-05,0.99652463,2.3458035e-06,4.4476533e-06,0.0034584345,0.99652463
12650,2,2,1,3.7223904e-06,5.118641e-07,0.99994266,6.273284e-07,5.2531104e-05,0.99994266
15308,1,1,1,4.801037e-07,0.99996305,3.1707296e-07,3.464184e-05,1.4971446e-06,0.99996305
13883,2,2,1,2.8708537e-06,4.826645e-07,0.9999918,1.6417354e-07,4.675079e-06,0.9999918
13919,2,2,1,0.00095000275,2.31576e-06,0.9985574,3.26224e-06,0.00048698086,0.9985574
11118,0,0,1,0.99814534,4.4240815e-06,2.27461e-05,1.4081897e-05,0.0018134712,0.99814534
16572,3,3,1,4.799684e-06,8.919786e-05,2.942874e-06,0.99987614,2.6951519e-05,0.99987614
11142,0,0,1,0.99994755,9.321183e-07,2.953424e-05,2.7238789e-06,1.922629e-05,0.99994755
12928,2,2,1,3.5368234e-07,2.4689314e-07,0.99998605,2.8709837e-07,1.310357e-05,0.99998605
13113,2,2,1,2.466508e-05,7.825463e-06,0.9993475,6.1196492e-06,0.00061392,0.9993475
16800,3,3,1,9.935787e-07,5.455425e-06,7.7643887e-07,0.999985,7.825879e-06,0.999985
10509,0,0,1,0.99997675,4.4296488e-07,9.062369e-06,1.5199968e-06,1.2189076e-05,0.99997675
15899,1,1,1,2.3707311e-07,0.9999951,1.2852139e-07,4.0910504e-06,3.8600072e-07,0.9999951
11001,0,0,1,0.9997888,2.3762907e-06,9.449123e-05,2.6017897e-05,8.833738e-05,0.9997888
14340,1,1,1,4.8403564e-07,0.99998844,7.170276e-07,9.744746e-06,6.306372e-07,0.99998844
12034,2,2,1,7.0194665e-07,2.054676e-07,0.99999464,5.8620056e-08,4.3660093e-06,0.99999464
10196,0,0,1,0.99537045,3.1365478e-06,3.4467153e-05,3.802846e-06,0.0045881737,0.99537045
11998,2,2,1,9.608755e-05,1.3062771e-06,0.9998541,8.611667e-06,3.9907725e-05,0.9998541
18501,4,4,1,5.8068463e-06,2.7030962e-06,3.5536188e-05,1.5225499e-05,0.99994075,0.99994075
12511,2,2,1,0.00016473603,4.0814416e-06,0.9997322,1.4143878e-06,9.751122e-05,0.9997322
10175,0,0,1,0.99994826,7.7676805e-07,1.6435832e-05,5.336246e-07,3.4040964e-05,0.99994826
17982,4,4,1,1.5504977e-05,5.0491934e-05,0.00083375047,3.927721e-05,0.9990609,0.9990609
12701,2,2,1,4.645034e-06,2.651912e-07,0.9999913,9.18996e-08,3.7593752e-06,0.9999913
15114,1,1,1,3.1858713e-06,0.99540555,3.0197589e-06,0.004282666,0.00030555413,0.99540555
13508,2,2,1,2.3736902e-05,4.9336535e-07,0.99996257,1.6440848e-07,1.305031e-05,0.99996257
16762,3,3,1,0.00013255342,5.1788462e-05,4.5710654e-05,0.8306073,0.16916266,0.8306073
11098,0,0,1,0.9990569,2.9270384e-06,0.00091419776,9.13287e-06,1.6897264e-05,0.9990569
13016,2,2,1,7.440005e-06,2.5619154e-06,0.99994516,1.9284869e-06,4.2954347e-05,0.99994516
18420,4,4,1,0.00045442203,0.0003865775,0.0025835875,0.03262016,0.9639553,0.9639553
14437,1,1,1,1.0928585e-07,0.999998,5.119019e-08,1.6916656e-06,1.9268083e-07,0.999998
13487,2,4,0,0.00039968346,0.00028728344,0.0006113238,0.0055896738,0.993112,0.993112
10123,0,0,1,0.99500644,9.930719e-06,0.00037787601,4.365566e-06,0.004601361,0.99500644
12407,2,2,1,6.1719747e-06,5.3898697e-07,0.99995255,4.0109842e-07,4.0273935e-05,0.99995255
12227,2,2,1,5.6261947e-06,4.2234709e-07,0.999987,1.3406785e-06,5.585159e-06,0.999987
10859,0,0,1,0.9999602,7.0231016e-07,3.078028e-05,2.443892e-06,5.9432164e-06,0.9999602
13645,2,2,1,6.7951364e-06,1.7056307e-05,0.90269613,2.0430338e-05,0.09725962,0.90269613
19096,4,4,1,2.1882154e-07,1.7006641e-05,3.2376664e-07,1.2546125e-06,0.99998116,0.99998116
14740,1,1,1,1.16230915e-07,0.99999106,7.866077e-08,8.635374e-06,1.08881046e-07,0.99999106
11620,0,0,1,0.99997044,1.5927507e-06,2.5247453e-05,1.2946192e-06,1.4043408e-06,0.99997044
11356,0,0,1,0.99903727,4.356392e-06,4.4606154e-06,3.45548e-06,0.00095053087,0.99903727
17121,3,3,1,1.2950418e-06,3.295666e-05,1.0040096e-06,0.999961,3.7816126e-06,0.999961
18650,4,4,1,2.6384555e-06,0.00018752555,2.8284692e-06,6.2318823e-06,0.99980074,0.99980074
13840,2,2,1,1.6695782e-06,2.2988577e-06,0.983403,2.432588e-06,0.016590575,0.983403
19561,4,4,1,1.8765026e-05,1.142902e-05,0.0023431713,4.5021675e-06,0.9976221,0.9976221
13655,2,2,1,9.905587e-05,1.5700709e-05,0.92408365,7.946214e-06,0.07579357,0.92408365
10551,0,0,1,0.9999795,3.2020537e-07,1.0368754e-05,1.8578827e-06,7.898272e-06,0.9999795
16400,3,3,1,0.00016425214,0.0006155621,5.8255904e-05,0.99871206,0.00044982345,0.99871206
11578,0,0,1,0.9995447,1.5504993e-06,0.00034525027,3.1361594e-06,0.00010537801,0.9995447
15611,1,1,1,1.469032e-07,0.9999875,1.4188923e-07,1.1801528e-05,4.6924097e-07,0.9999875
14574,1,1,1,1.06756424e-07,0.999984,9.1117705e-08,1.5620704e-05,2.0434746e-07,0.999984
17478,3,3,1,9.122388e-05,0.00020216545,0.0005142803,0.9885182,0.010674076,0.9885182
15291,1,1,1,1.2307823e-06,0.999795,4.9430366e-07,0.000201492,1.776386e-06,0.999795
13541,2,2,1,1.7145069e-06,1.5907427e-06,0.999841,8.1348907e-07,0.0001548702,0.999841
14327,1,1,1,7.986738e-08,0.99999714,8.596347e-08,2.5138265e-06,1.3530016e-07,0.99999714
18121,4,4,1,2.730309e-07,4.917763e-07,8.2839983e-07,3.4884172e-07,0.9999981,0.9999981
19391,4,4,1,2.5116076e-05,8.3074e-06,0.0057491083,4.2867036e-06,0.99421316,0.99421316
18885,4,4,1,8.591032e-06,4.91122e-06,4.1464946e-06,4.3944132e-05,0.99993837,0.99993837
13019,2,2,1,0.00034961445,3.0011002e-05,0.9944172,9.5632604e-05,0.0051075197,0.9944172
17758,3,3,1,0.00027535507,0.0006510162,0.002151148,0.9231002,0.07382231,0.9231002
11956,2,2,1,6.7106566e-07,2.3002967e-07,0.99999285,3.067795e-07,5.910897e-06,0.99999285
15251,1,1,1,1.984929e-05,0.9195199,1.2235034e-05,0.08028205,0.0001659683,0.9195199
16989,3,3,1,3.305305e-06,3.5132434e-05,1.8072274e-06,0.9999409,1.8882203e-05,0.9999409
11147,0,0,1,0.99996793,1.100847e-06,1.2776464e-05,3.6433344e-06,1.4509822e-05,0.99996793
18306,4,4,1,8.080201e-06,1.8855696e-06,7.987054e-06,1.5389394e-06,0.99998045,0.99998045
10793,0,0,1,0.9999702,8.561317e-07,1.7705886e-05,5.8996575e-06,5.368923e-06,0.9999702
15265,1,1,1,1.14663905e-07,0.99999404,9.910094e-08,5.5167243e-06,2.7275212e-07,0.99999404
11621,0,0,1,0.9999852,2.3870593e-06,7.639587e-06,3.1863246e-06,1.5788562e-06,0.9999852
16387,3,3,1,5.1693223e-06,2.1952204e-05,3.9932747e-06,0.9999405,2.838595e-05,0.9999405
14654,1,1,1,1.3025115e-06,0.9999169,2.1633946e-06,7.667754e-05,2.8897177e-06,0.9999169
15663,1,1,1,6.652709e-05,0.999479,6.982855e-06,4.4911398e-05,0.00040257032,0.999479
11451,0,0,1,0.99997807,4.71747e-07,4.3991477e-06,1.8177939e-06,1.520117e-05,0.99997807
11816,0,0,1,0.99988973,1.5931044e-05,4.6005778e-05,1.9563739e-05,2.8708417e-05,0.99988973
18743,4,4,1,0.00011984019,0.00013145413,0.0011288897,0.04169311,0.9569267,0.9569267
10391,0,0,1,0.99997854,4.2651297e-07,9.590601e-06,2.7578578e-06,8.64724e-06,0.99997854
13994,1,1,1,2.3528426e-07,0.99996734,1.6350111e-07,3.1949017e-05,2.578649e-07,0.99996734
11151,0,0,1,0.9999585,1.0311998e-06,1.7893215e-05,3.4159507e-06,1.9151013e-05,0.9999585
12410,2,2,1,2.3690867e-05,8.1438407e-07,0.9999049,7.752402e-07,6.985602e-05,0.9999049
12894,2,2,1,2.496597e-07,2.2643628e-07,0.9999676,1.419369e-07,3.1747924e-05,0.9999676
17709,3,3,1,4.3840953e-07,5.8058004e-07,2.3635674e-07,0.99992704,7.165059e-05,0.99992704
13860,2,3,0,0.00022548843,0.00020538887,0.00010985279,0.9807386,0.0187207,0.9807386
17903,3,3,1,1.6490885e-06,2.109349e-06,7.1945465e-06,0.99962115,0.000367917,0.99962115
11801,0,0,1,0.9999502,2.6377102e-06,3.8059337e-05,2.486599e-06,6.619381e-06,0.9999502
13219,2,2,1,1.0690983e-05,4.989272e-06,0.9991381,7.319389e-06,0.00083888083,0.9991381
14073,1,1,1,9.832945e-08,0.9999988,2.0181281e-07,4.40851e-07,5.0078694e-07,0.9999988
10191,0,0,1,0.99990046,9.4781393e-07,8.099301e-05,3.1584807e-07,1.7236334e-05,0.99990046
19910,4,4,1,0.00022741973,2.2400722e-05,0.02143375,8.722804e-06,0.9783077,0.9783077
15190,1,1,1,2.2695549e-05,0.99179745,1.7097307e-05,0.0081025,6.025149e-05,0.99179745
16632,3,3,1,4.5945487e-07,7.689099e-06,2.1199692e-07,0.9999908,7.6863535e-07,0.9999908
14695,1,1,1,1.0853154e-07,0.99999356,9.852737e-08,5.9240615e-06,2.8562906e-07,0.99999356
14634,1,1,1,1.2729387e-07,0.9999939,1.4540147e-07,5.57748e-06,2.5257748e-07,0.9999939
14057,1,1,1,1.5369173e-07,0.9999974,1.4804202e-07,2.0075686e-06,2.9849062e-07,0.9999974
17843,3,3,1,5.3304902e-06,1.2454045e-05,0.00017327302,0.9791271,0.02068187,0.9791271
12989,2,2,1,2.048762e-05,7.067177e-06,0.9990113,1.3797382e-05,0.0009473357,0.9990113
13583,2,2,1,4.943533e-07,8.874341e-07,0.99984,5.8841937e-07,0.00015795245,0.99984
13289,2,2,1,5.861325e-06,3.05328e-07,0.99995756,8.137577e-07,3.549008e-05,0.99995756
11587,0,0,1,0.9999181,7.2380503e-06,5.4857384e-05,5.210907e-06,1.45650665e-05,0.9999181
11132,0,0,1,0.9992047,6.1496976e-06,2.0121148e-05,4.6240504e-05,0.0007228136,0.9992047
11963,2,2,1,2.2310235e-06,9.714771e-07,0.9999504,1.127689e-06,4.52489e-05,0.9999504
13782,2,2,1,7.282074e-07,2.0964853e-07,0.99997044,7.2201246e-08,2.8512037e-05,0.99997044
18645,4,4,1,0.00037107608,0.0001800808,1.2622368e-05,2.953226e-05,0.9994067,0.9994067
14616,1,1,1,2.3279176e-07,0.99999464,1.8141655e-07,4.2223132e-06,6.966262e-07,0.99999464
14669,1,1,1,5.8441003e-07,0.9999896,5.4194805e-07,8.541898e-06,7.0237974e-07,0.9999896
18456,4,4,1,3.6525224e-05,2.6286689e-05,0.00037520475,9.313683e-05,0.99946886,0.99946886
15422,1,1,1,9.166457e-05,0.8996152,3.9911574e-05,0.099599175,0.00065406587,0.8996152
12131,2,2,1,4.2399042e-06,9.489248e-07,0.99980444,8.7208383e-07,0.00018955716,0.99980444
13331,2,2,1,1.400523e-06,7.934825e-07,0.9999529,2.6694883e-07,4.4589786e-05,0.9999529
10463,0,0,1,0.9999757,3.7201798e-07,8.889993e-06,3.2876576e-06,1.1795402e-05,0.9999757
14095,1,1,1,9.4554025e-08,0.999995,8.131982e-08,4.6677833e-06,1.7429137e-07,0.999995
16242,3,3,1,2.060849e-06,3.3800112e-05,1.4009369e-06,0.9999536,9.145438e-06,0.9999536
18483,4,4,1,9.4740614e-07,6.400812e-07,2.8222137e-06,3.7564382e-06,0.9999918,0.9999918
12261,2,2,1,0.007492027,9.398746e-06,0.98979723,1.2581698e-05,0.002688693,0.98979723
17244,3,3,1,1.3931774e-05,0.00042902943,3.213178e-05,0.999445,7.984525e-05,0.999445
18513,4,4,1,5.604468e-07,2.5750532e-07,8.758818e-07,5.967472e-07,0.99999774,0.99999774
11625,0,0,1,0.9999751,3.2621333e-06,1.6296704e-05,2.3485131e-06,2.94834e-06,0.9999751
15334,1,1,1,5.591779e-07,0.9999685,2.852158e-07,2.7545117e-05,3.1080895e-06,0.9999685
13084,2,2,1,1.95032e-05,8.5259137e-07,0.99970406,8.7739676e-07,0.00027462264,0.99970406
12865,2,2,1,4.728717e-07,1.5767765e-07,0.99999714,1.2377312e-07,2.1584697e-06,0.99999714
12699,2,2,1,5.292289e-06,4.1174724e-07,0.9999274,1.3224748e-07,6.678616e-05,0.9999274
10119,0,0,1,0.999897,5.6625674e-07,9.5337695e-05,2.0045422e-07,6.9056537e-06,0.999897
13839,2,2,1,1.363469e-06,1.10893595e-07,0.9999976,8.276228e-08,8.462501e-07,0.9999976
11502,0,0,1,0.9998375,9.257246e-07,0.00013413132,2.1001848e-05,6.42807e-06,0.9998375
17603,3,3,1,2.0524223e-05,1.8060127e-05,1.9602252e-05,0.95363766,0.046304177,0.95363766
18585,4,4,1,2.4771869e-06,8.901108e-07,6.208742e-06,6.1659824e-07,0.99998975,0.99998975
18690,4,4,1,5.71717e-07,6.505462e-06,3.5849376e-07,1.4040497e-06,0.9999912,0.9999912
14234,1,1,1,1.210201e-07,0.99999785,1.487619e-07,6.0480625e-07,1.3004857e-06,0.99999785
12032,2,2,1,9.431356e-06,1.4692158e-06,0.99996436,3.1276477e-06,2.1566757e-05,0.99996436
10552,0,0,1,0.9999392,3.2535902e-06,2.0831489e-05,1.26903415e-05,2.3975525e-05,0.9999392
17772,3,3,1,4.2409692e-06,3.3680005e-06,6.599736e-06,0.99864787,0.0013378935,0.99864787
12576,2,2,1,5.899285e-05,4.5300003e-06,0.99979407,1.569832e-06,0.00014089247,0.99979407
10141,0,0,1,0.9997975,4.914049e-07,0.00019631992,2.2738251e-07,5.4104175e-06,0.9997975
16101,3,3,1,5.9316603e-06,2.5142268e-05,3.198481e-06,0.9999002,6.543936e-05,0.9999002
16886,3,3,1,0.0004406594,0.008493519,0.00055225677,0.72726667,0.2632469,0.72726667
10513,0,0,1,0.9999484,6.3750645e-07,3.7942213e-05,3.1507961e-06,9.919825e-06,0.9999484
11027,0,0,1,0.999969,9.4498614e-07,1.591202e-05,3.0169272e-06,1.1168035e-05,0.999969
11361,0,0,1,0.99990976,4.517622e-07,7.742592e-05,9.924466e-06,2.475874e-06,0.99990976
18316,4,4,1,0.00022277486,0.00016366015,0.0078286175,0.01481052,0.9769744,0.9769744
18067,4,4,1,4.3787384e-07,2.0389861e-07,5.912354e-07,2.312769e-05,0.9999757,0.9999757
12119,2,2,1,0.00025529592,9.492605e-06,0.9945221,9.507672e-06,0.00520365,0.9945221
17256,3,3,1,1.6320206e-05,0.029188223,8.885768e-06,0.9707447,4.179726e-05,0.9707447
12135,2,2,1,8.232187e-07,3.6758524e-07,0.99995065,3.3250484e-07,4.78284e-05,0.99995065
15169,1,1,1,1.5193602e-05,0.9982828,1.1657629e-05,0.0013981367,0.00029220665,0.9982828
15738,1,1,1,8.630487e-05,0.9990177,9.036271e-06,9.767525e-05,0.0007893054,0.9990177
11246,0,0,1,0.99979943,1.5158798e-06,1.1098831e-05,2.0121695e-06,0.00018594429,0.99979943
13803,2,2,1,0.0023044026,4.095002e-06,0.997248,2.4420053e-06,0.0004410403,0.997248
17873,3,3,1,3.0564445e-06,2.6710418e-06,3.4307222e-06,0.99986184,0.00012893644,0.99986184
18245,4,4,1,4.6842088e-05,9.927186e-06,0.009463774,7.196021e-06,0.9904723,0.9904723
10637,0,0,1,0.9999912,1.9977917e-07,5.6603394e-06,8.261197e-07,2.0935788e-06,0.9999912
17713,3,3,1,0.000104607214,0.0001873451,0.0007316797,0.9921285,0.006847844,0.9921285
17635,3,3,1,8.359631e-06,4.9657438e-06,2.5240986e-05,0.99828905,0.0016724095,0.99828905
14502,1,1,1,2.5056727e-07,0.9999846,1.8867655e-07,1.4563397e-05,3.5351596e-07,0.9999846
13523,2,2,1,5.964752e-07,2.3612196e-07,0.99997854,7.548005e-08,2.0557838e-05,0.99997854
15230,1,1,1,5.939752e-07,0.9997744,2.8012741e-06,0.00022136878,8.4223393e-07,0.9997744
17972,4,4,1,0.00017319033,2.3748593e-05,0.00022745627,1.9788135e-05,0.99955577,0.99955577
19412,4,4,1,6.6299384e-05,5.2041637e-06,0.0017868027,3.170949e-06,0.99813855,0.99813855
14277,1,1,1,7.129783e-08,0.9999962,9.871969e-08,3.5239225e-06,7.711766e-08,0.9999962
10687,0,0,1,0.9999871,5.691997e-07,5.4157913e-06,8.7671907e-07,6.0013467e-06,0.9999871
16650,3,3,1,3.0947058e-06,4.826262e-05,3.5636494e-06,0.9999409,4.2280735e-06,0.9999409
13908,2,2,1,2.8809585e-05,2.023943e-06,0.99692255,1.5382741e-06,0.0030450064,0.99692255
16806,3,3,1,1.992631e-06,1.9054236e-05,8.580929e-07,0.9999753,2.7416818e-06,0.9999753
12332,2,2,1,3.7292426e-07,2.1148674e-07,0.9999894,1.5163393e-07,9.853796e-06,0.9999894
13585,2,2,1,1.722242e-06,2.0598823e-06,0.9993149,2.2959316e-06,0.0006790734,0.9993149
12391,2,2,1,1.0605988e-06,2.0759606e-07,0.99975663,1.0775633e-07,0.00024193544,0.99975663
15931,1,1,1,0.00138249,0.99057615,6.4290354e-05,0.0017897792,0.006187285,0.99057615
11568,0,0,1,0.9999664,1.8751066e-06,2.9120332e-05,1.5241222e-06,1.0672782e-06,0.9999664
14206,1,1,1,4.3151334e-07,0.9999107,4.2004064e-07,8.8110704e-05,3.73438e-07,0.9999107
12742,2,2,1,8.2798346e-07,3.5005468e-07,0.99979573,1.7607681e-07,0.00020292806,0.99979573
14084,1,1,1,3.3248293e-07,0.99997914,5.4626116e-07,1.8654231e-05,1.2697221e-06,0.99997914
11243,0,0,1,0.99989104,1.2890197e-06,6.009796e-06,9.661717e-07,0.00010072076,0.99989104
13266,2,2,1,3.7133416e-06,1.050432e-06,0.99996257,2.5380184e-06,3.016443e-05,0.99996257
12561,2,2,1,1.9927968e-05,9.695526e-07,0.99993014,3.5025604e-07,4.864466e-05,0.99993014
11432,0,0,1,0.99990356,2.029714e-06,8.021565e-05,7.821146e-06,6.3368984e-06,0.99990356
12215,2,2,1,6.025382e-05,1.0138807e-06,0.99987996,1.1703331e-06,5.7581517e-05,0.99987996
17223,3,3,1,2.5326113e-05,0.00089993974,2.586161e-05,0.99891233,0.00013659736,0.99891233
17769,3,3,1,1.9713584e-06,1.2963585e-06,2.676551e-06,0.99855596,0.0014381146,0.99855596
15348,1,1,1,1.343872e-06,0.99968636,1.3059733e-06,0.00029323684,1.7739661e-05,0.99968636
12494,2,2,1,0.00031724406,4.5839506e-06,0.9992854,1.655975e-06,0.00039115432,0.9992854
16874,3,3,1,1.9957877e-05,0.0002337552,1.2259746e-05,0.99966574,6.83411e-05,0.99966574
17590,3,3,1,9.794206e-05,0.00023679512,0.000544181,0.7588382,0.24028291,0.7588382
17423,3,4,0,0.000494062,0.00089071173,0.00024047485,0.15973154,0.83864325,0.83864325
11385,0,0,1,0.99996436,5.092226e-07,1.1423386e-05,2.0905918e-06,2.1638121e-05,0.99996436
11295,0,0,1,0.9996106,1.9114605e-06,8.288212e-06,1.3587261e-06,0.0003778662,0.9996106
18431,4,4,1,2.9605313e-05,2.047917e-05,2.8862583e-05,0.015972486,0.9839485,0.9839485
17321,3,3,1,2.1548176e-06,7.093393e-06,8.278224e-06,0.9996313,0.0003511826,0.9996313
18307,4,4,1,3.8133956e-05,0.0003332181,0.0025279513,0.0013102475,0.9957904,0.9957904
12129,2,2,1,7.9722753e-07,5.30535e-07,0.99997234,3.902126e-06,2.2443837e-05,0.99997234
13340,2,2,1,5.368513e-07,4.4996264e-07,0.9999639,2.9511466e-07,3.478694e-05,0.9999639
13174,2,2,1,5.7215505e-07,3.1160678e-07,0.99999213,4.144351e-07,6.589859e-06,0.99999213
13273,2,2,1,1.7709131e-05,6.1506404e-07,0.9993679,1.1587043e-06,0.0006126408,0.9993679
13252,2,2,1,6.4821393e-06,4.451367e-06,0.99947065,2.6040975e-06,0.000515873,0.99947065
13399,2,2,1,2.45905e-05,8.121678e-06,0.9989536,3.2196922e-06,0.0010104199,0.9989536
16601,3,3,1,3.6722915e-06,1.607455e-05,4.058477e-06,0.9999137,6.251668e-05,0.9999137
16745,3,3,1,2.4850465e-06,5.7779424e-05,1.2828267e-06,0.9999341,4.313949e-06,0.9999341
14350,1,1,1,5.6693086e-08,0.9999981,6.6848955e-08,1.6875698e-06,4.2880792e-08,0.9999981
10448,0,0,1,0.9999186,7.369041e-07,3.0087602e-05,2.9541313e-06,4.768154e-05,0.9999186
15569,1,1,1,1.9024232e-07,0.9999778,2.822601e-07,1.1723982e-06,2.053813e-05,0.9999778
17740,3,3,1,5.1368474e-06,4.702768e-06,1.132742e-05,0.99937123,0.00060758885,0.99937123
15185,1,1,1,1.3694155e-06,0.99991393,7.916557e-07,7.964462e-05,4.218149e-06,0.99991393
18672,4,4,1,2.0911266e-07,2.5804835e-05,3.1704184e-07,9.143078e-07,0.9999727,0.9999727
12609,2,2,1,6.382189e-06,1.2422929e-07,0.99997854,5.05499e-08,1.4939695e-05,0.99997854
18859,4,4,1,5.4752204e-06,0.00016196982,8.872285e-07,3.086654e-06,0.9998286,0.9998286
13792,2,2,1,4.014414e-06,5.7625067e-07,0.99998474,2.6815556e-07,1.0341532e-05,0.99998474
13694,2,2,1,2.2057188e-07,5.7824207e-07,0.99996984,1.4830813e-05,1.4571017e-05,0.99996984
10786,0,0,1,0.9999714,6.822178e-07,1.9100155e-05,2.134566e-06,6.6411335e-06,0.9999714
10670,0,0,1,0.9999895,2.8950072e-07,5.454149e-06,1.4998138e-06,3.1976808e-06,0.9999895
10015,0,0,1,0.99940753,2.3334226e-06,5.7401594e-05,9.898866e-07,0.0005317741,0.99940753
17147,3,3,1,1.8729108e-05,0.0023571716,1.4670199e-05,0.9975231,8.629887e-05,0.9975231
15244,1,1,1,1.1274968e-06,0.9999603,4.3913087e-07,3.482349e-05,3.2772675e-06,0.9999603
18502,4,4,1,2.9185012e-06,1.4952584e-05,6.3080583e-06,6.948615e-05,0.9999063,0.9999063
13798,2,2,1,1.5414101e-06,5.3797856e-07,0.9999882,2.8682327e-06,6.823499e-06,0.9999882
15311,1,1,1,2.3860553e-06,0.9999336,2.0280802e-06,5.4110795e-05,7.865468e-06,0.9999336
16707,3,3,1,1.5397248e-07,1.4570885e-07,1.05114125e-07,0.99997044,2.9182725e-05,0.99997044
19717,4,4,1,3.104562e-05,1.1215683e-05,0.0001097064,8.630105e-06,0.9998394,0.9998394
10867,0,0,1,0.9999726,5.891291e-07,1.7337554e-05,1.911152e-06,7.5823245e-06,0.9999726
11230,0,0,1,0.99967444,1.5328725e-06,1.13104625e-05,1.3531876e-06,0.00031140697,0.99967444
10612,0,0,1,0.9999485,8.3114816e-07,3.5065223e-05,3.5438704e-06,1.2013687e-05,0.9999485
17299,3,3,1,2.2869524e-06,3.7657605e-06,3.5254934e-06,0.99816716,0.001823255,0.99816716
15889,1,1,1,5.209024e-07,0.9996069,6.213178e-07,1.9313823e-06,0.00039005122,0.9996069
12279,2,2,1,1.3255703e-05,3.662021e-07,0.99996877,1.8345892e-07,1.7413993e-05,0.99996877
14069,1,1,1,1.5169778e-07,0.99998987,8.7848285e-08,9.825181e-06,8.250568e-08,0.99998987
19113,4,4,1,1.6204167e-05,0.0049381754,2.672409e-06,2.4024275e-06,0.9950406,0.9950406
12964,2,2,1,1.2845297e-06,1.7718211e-06,0.9980744,1.3495896e-06,0.0019211619,0.9980744
11667,0,0,1,0.99998856,1.935639e-06,5.6222243e-06,2.2311683e-06,1.6635643e-06,0.99998856
12772,2,2,1,5.1741645e-06,1.2256605e-06,0.9973374,1.0989077e-06,0.0026551262,0.9973374
18300,4,4,1,0.0014105629,1.7137701e-05,0.00027768902,1.3540732e-05,0.9982811,0.9982811
19733,4,4,1,3.3275348e-05,2.6445427e-05,0.001108428,7.090276e-05,0.99876094,0.99876094
14580,1,1,1,9.954446e-08,0.9999925,7.638134e-08,7.292274e-06,9.8704824e-08,0.9999925
11874,0,0,1,0.99997604,2.0939763e-06,1.5963113e-05,2.5640845e-06,3.3089632e-06,0.99997604
15187,1,1,1,5.6558537e-07,0.99997425,5.483724e-07,2.4040932e-05,5.631574e-07,0.99997425
15900,1,1,1,8.184441e-08,0.9999975,8.183536e-08,5.678355e-07,1.7496736e-06,0.9999975
13483,2,2,1,8.4154e-05,2.8233555e-05,0.9719111,8.209028e-05,0.027894517,0.9719111
19058,4,4,1,0.000116837604,0.0010136039,5.9448907e-05,0.05417373,0.94463634,0.94463634
17099,3,3,1,8.5582815e-06,0.015264866,6.314858e-06,0.9846762,4.4088873e-05,0.9846762
11652,0,0,1,0.99993443,4.8748034e-06,5.2019626e-05,4.5619745e-06,4.0748146e-06,0.99993443
18539,4,3,0,0.00020084648,0.00014588973,0.001197681,0.5447469,0.45370874,0.5447469
16683,3,3,1,6.7133524e-06,8.610539e-05,1.150278e-05,0.99986947,2.624161e-05,0.99986947
19007,4,4,1,0.00034212274,0.0037551636,9.224126e-06,1.4476051e-05,0.99587905,0.99587905
17185,3,3,1,2.5410454e-06,0.00045535094,1.6668446e-06,0.99953246,7.97668e-06,0.99953246
14936,1,1,1,1.1868048e-06,0.99985707,1.4446009e-06,0.00013724834,3.0816122e-06,0.99985707
17632,3,3,1,0.00035537613,0.00041146192,0.0040770336,0.9660416,0.029114453,0.9660416
11711,0,0,1,0.99987614,5.401362e-06,5.6332192e-05,1.9227833e-05,4.2910073e-05,0.99987614
10545,0,0,1,0.99995756,9.0595813e-07,9.866798e-06,7.843813e-06,2.3821074e-05,0.99995756
17320,3,3,1,3.675561e-07,2.438606e-07,3.689043e-07,0.999944,5.5019602e-05,0.999944
12443,2,2,1,4.246742e-06,3.159547e-07,0.9999424,1.767919e-07,5.2861567e-05,0.9999424
15273,1,1,1,6.099618e-07,0.99997735,6.8704355e-07,4.7249164e-06,1.6591908e-05,0.99997735
10304,0,0,1,0.9997863,1.5848835e-06,0.00017437928,5.689958e-07,3.7207454e-05,0.9997863
10964,0,0,1,0.9996371,3.4300756e-06,8.2802035e-05,1.0682275e-05,0.00026591984,0.9996371
15329,1,1,1,2.5188623e-07,0.9999951,7.875721e-07,3.5778867e-06,3.078053e-07,0.9999951
19340,4,4,1,9.9705954e-05,1.7407518e-05,0.009373915,5.80086e-06,0.9905032,0.9905032
16790,3,3,1,2.9568978e-06,0.00010853024,2.9440334e-06,0.99986374,2.1796322e-05,0.99986374
19161,4,4,1,8.2443523e-07,1.2009249e-05,3.6455438e-07,1.4777187e-06,0.99998534,0.99998534
11283,0,0,1,0.99947983,2.1578799e-06,0.0005026239,1.6173844e-06,1.3788564e-05,0.99947983
17858,3,3,1,2.1498253e-07,2.8259058e-07,9.002563e-06,0.99994445,4.6094636e-05,0.99994445
11688,0,0,1,0.9999596,3.2620826e-06,2.6041107e-05,3.0669223e-06,7.982501e-06,0.9999596
14279,1,1,1,1.15015716e-07,0.99999714,1.6425007e-07,1.8003276e-06,7.513296e-07,0.99999714
10268,0,0,1,0.99985135,1.69882e-06,6.724364e-05,1.3209243e-06,7.841047e-05,0.99985135
15406,1,1,1,3.5397052e-06,0.99924195,1.962428e-06,0.00073895574,1.3581634e-05,0.99924195
17177,3,3,1,1.0915376e-05,0.0002462676,5.2640444e-06,0.9996879,4.9672064e-05,0.9996879
16417,3,3,1,3.623044e-06,1.7868335e-05,2.0962173e-06,0.9999603,1.6054126e-05,0.9999603
15208,1,1,1,2.5661024e-07,0.9999621,1.6529572e-07,3.7024398e-05,5.0151704e-07,0.9999621
18436,4,4,1,0.062189184,0.00010031805,0.0072014164,4.9722978e-05,0.9304593,0.9304593
17841,3,3,1,8.746139e-06,9.676497e-06,3.884433e-05,0.9845285,0.015414251,0.9845285
15218,1,1,1,4.70576e-07,0.9999703,4.7798466e-07,2.4222716e-05,4.5668703e-06,0.9999703
18185,4,4,1,2.7050879e-05,1.7682378e-05,4.575324e-05,0.038537364,0.9613721,0.9613721
17924,3,3,1,3.0929289e-06,3.6541437e-06,4.0191057e-06,0.99886084,0.0011284576,0.99886084
10132,0,0,1,0.9997893,1.2944712e-06,0.00019111898,4.3498432e-07,1.7811655e-05,0.9997893
10042,0,0,1,0.99986756,9.64136e-07,0.00011988916,3.2398066e-07,1.1236876e-05,0.99986756
14951,1,1,1,1.9071163e-06,0.9998338,8.855459e-07,0.00015882091,4.4827343e-06,0.9998338
15462,1,1,1,5.2536615e-07,0.9986733,1.4100226e-06,1.840669e-06,0.0013229336,0.9986733
15426,1,1,1,1.8822712e-06,0.9997594,1.2703986e-06,0.00022892226,8.494331e-06,0.9997594
11945,0,0,1,0.9999001,3.217565e-06,8.722189e-05,3.4225661e-06,5.9665e-06,0.9999001
13030,2,2,1,1.996236e-05,1.4255419e-06,0.9999503,1.2473918e-06,2.7098831e-05,0.9999503
16678,3,3,1,1.5280929e-06,2.7461887e-05,1.2417905e-06,0.99987304,9.6754484e-05,0.99987304
17149,3,3,1,1.3466783e-06,1.7281662e-05,1.2937719e-06,0.9999757,4.374646e-06,0.9999757
18536,4,4,1,0.00025623356,2.9013847e-05,0.00047921157,0.00050755776,0.998728,0.998728
12398,2,2,1,3.646872e-06,4.2111904e-07,0.9999924,1.7231162e-07,3.42125e-06,0.9999924
19247,4,4,1,5.3682043e-06,1.8957177e-05,9.2237286e-07,1.177669e-06,0.99997354,0.99997354
18776,4,4,1,7.9197325e-06,0.0003841581,1.01237365e-05,9.192506e-05,0.9995059,0.9995059
18910,4,4,1,1.5511427e-05,0.00022087063,2.3302759e-05,0.0011363955,0.9986039,0.9986039
18725,4,4,1,4.0877683e-05,8.548454e-06,1.2487181e-05,3.6498266e-05,0.99990153,0.99990153
14460,1,1,1,3.6738393e-07,0.9999713,1.708423e-06,2.6305323e-05,3.3680718e-07,0.9999713
10481,0,0,1,0.99995077,6.804474e-07,2.0116078e-05,3.4982015e-06,2.4885043e-05,0.99995077
18998,4,4,1,3.9390662e-07,6.093976e-06,5.41988e-07,3.175163e-05,0.99996126,0.99996126
16945,3,3,1,2.0845794e-06,6.012874e-06,9.726801e-07,0.99996436,2.6626818e-05,0.99996436
13237,2,2,1,1.4913509e-06,3.1327204e-07,0.99998426,1.6228286e-07,1.379209e-05,0.99998426
15749,1,1,1,5.1975036e-07,0.9996244,6.91673e-07,4.7360854e-06,0.0003696958,0.9996244
18162,4,4,1,3.1513577e-05,1.70712e-05,0.00020083018,7.9320984e-05,0.9996712,0.9996712
10810,0,0,1,0.9999223,1.383305e-06,2.0632984e-05,2.8453513e-05,2.7245622e-05,0.9999223
17780,3,3,1,3.6729907e-07,5.8662215e-07,3.4615132e-07,0.9998833,0.00011542869,0.9998833
10764,0,0,1,0.99999094,3.5574084e-07,5.934292e-06,7.084048e-07,2.0917364e-06,0.99999094
16558,3,3,1,8.028173e-06,0.00011587651,4.9193836e-06,0.99979204,7.917245e-05,0.99979204
14802,1,1,1,3.1679303e-07,0.9999944,2.2666879e-07,4.597013e-06,4.746329e-07,0.9999944
12469,2,2,1,2.772704e-05,1.616711e-06,0.99988043,7.19586e-07,8.9532674e-05,0.99988043
14548,1,1,1,8.4616445e-08,0.9999981,8.3598266e-08,1.4515637e-06,3.1651186e-07,0.9999981
14736,1,1,1,2.7348673e-07,0.9999629,2.9209957e-07,3.4268625e-05,2.283452e-06,0.9999629
13896,2,2,1,8.865718e-05,6.995998e-07,0.99990344,2.2512084e-07,6.9873468e-06,0.99990344
15522,1,1,1,9.60596e-08,0.99999774,1.3980777e-07,7.5334333e-07,1.33011e-06,0.99999774
12064,2,2,1,1.2254654e-07,2.0628033e-07,0.9999894,7.6895354e-08,1.017825e-05,0.9999894
11794,0,0,1,0.99995625,6.9151247e-06,1.6517894e-05,7.944207e-06,1.2332482e-05,0.99995625
17767,3,3,1,1.0124113e-06,2.4495926e-06,2.4439644e-06,0.9990308,0.0009633279,0.9990308
13572,2,2,1,3.754015e-05,5.1623047e-06,0.9991117,3.145444e-06,0.00084237044,0.9991117
16882,3,3,1,0.001448321,0.37422577,0.0012580657,0.60601914,0.017048735,0.60601914
11765,0,0,1,0.99993134,1.3334711e-06,5.6547593e-05,1.9241836e-06,8.863797e-06,0.99993134
13383,2,2,1,0.006989987,4.8655543e-06,0.99295044,2.3998125e-06,5.2331394e-05,0.99295044
12230,2,2,1,5.872345e-07,1.3236631e-07,0.9999958,7.281311e-08,3.332054e-06,0.9999958
11687,0,0,1,0.99998736,2.2443028e-06,6.4292353e-06,2.1430774e-06,1.8154096e-06,0.99998736
13823,2,2,1,1.10568835e-05,3.925703e-07,0.9999801,1.3683318e-07,8.276375e-06,0.9999801
18722,4,4,1,0.00022553945,0.0004427708,0.00016018617,0.0037319763,0.9954396,0.9954396
11053,0,0,1,0.9999722,6.80484e-07,1.9676278e-05,1.9885433e-06,5.41618e-06,0.9999722
13326,2,2,1,1.0355326e-05,1.0778906e-06,0.9999529,3.8392963e-07,3.5322773e-05,0.9999529
10949,0,0,1,0.9945478,1.0544037e-05,0.00011942109,4.992294e-05,0.00527229,0.9945478
13063,2,2,1,1.5995856e-06,1.3753174e-06,0.9986811,9.247509e-07,0.0013149361,0.9986811
16984,3,3,1,2.233662e-06,1.7266175e-05,1.2212153e-06,0.99997175,7.487795e-06,0.99997175
18611,4,4,1,0.00014761787,0.003588969,0.00020608309,0.007120167,0.98893714,0.98893714
14473,1,1,1,1.02337005e-07,0.9999933,7.581216e-08,6.367152e-06,8.856479e-08,0.9999933
18545,4,4,1,1.0111637e-05,7.548908e-06,2.3920174e-05,2.5451993e-05,0.999933,0.999933
13573,2,2,1,6.0658126e-06,5.29228e-06,0.9754648,2.7919918e-06,0.0245211,0.9754648
18083,4,3,0,9.426594e-06,3.387668e-05,2.4533925e-05,0.99371135,0.006220794,0.99371135
19410,4,2,0,0.004315716,0.00022969196,0.96850914,0.0001908824,0.026754556,0.96850914
17064,3,3,1,1.7727043e-05,0.0003272641,2.5418329e-05,0.9995185,0.00011107407,0.9995185
10251,0,0,1,0.99936026,2.5995696e-06,0.0006000577,8.58837e-07,3.618328e-05,0.99936026
14438,1,1,1,2.0800952e-07,0.99999154,1.6012608e-07,7.960027e-06,1.4650799e-07,0.99999154
12809,2,2,1,1.2566984e-05,6.3490497e-06,0.9984692,3.0499061e-06,0.0015088199,0.9984692
10084,0,0,1,0.99982053,8.401709e-07,0.00011853158,5.983075e-07,5.950646e-05,0.99982053
13366,2,2,1,4.4130516e-07,2.5722602e-07,0.9999814,8.222613e-08,1.7760438e-05,0.9999814
19529,4,4,1,8.475911e-06,2.5176629e-05,0.03595467,0.0003201008,0.96369153,0.96369153
13597,2,2,1,5.5481532e-06,2.1732371e-06,0.9999386,2.0079531e-05,3.3625285e-05,0.9999386
12822,2,2,1,5.8271866e-07,5.7382124e-07,0.99996173,5.2920643e-07,3.662432e-05,0.99996173
19421,4,4,1,9.8121694e-05,6.82191e-06,0.0005939863,3.3265096e-06,0.99929774,0.99929774
17885,3,3,1,2.2258229e-07,3.513144e-07,2.2533922e-07,0.9999002,9.8975346e-05,0.9999002
15069,1,1,1,1.9052415e-07,0.99999523,5.924633e-07,2.2157717e-06,1.77813e-06,0.99999523
19356,4,4,1,1.4401094e-05,8.0642185e-06,0.00037798577,2.5778477e-06,0.999597,0.999597
16585,3,3,1,6.5532186e-05,0.00311319,9.8146575e-06,0.9966408,0.00017063989,0.9966408
17001,3,3,1,1.22319925e-05,0.00023625782,5.0325634e-06,0.9997378,8.682893e-06,0.9997378
14810,1,1,1,1.7111526e-07,0.99999464,1.1415237e-07,4.516849e-06,5.042372e-07,0.99999464
14403,1,1,1,1.1149203e-07,0.9999913,1.0654259e-07,8.229559e-06,1.9820068e-07,0.9999913
18085,4,4,1,0.00022189054,0.00039085353,0.0005153012,0.0019914587,0.99688053,0.99688053
17078,3,3,1,1.3568804e-06,3.4452954e-05,9.508375e-07,0.99995637,6.835383e-06,0.99995637
18079,4,4,1,1.1338651e-05,1.3615278e-06,3.0506348e-05,2.981074e-06,0.99995387,0.99995387
17802,3,3,1,1.5248665e-07,1.5149533e-07,9.649873e-08,0.99995434,4.5303528e-05,0.99995434
19021,4,4,1,2.7582445e-07,1.3016296e-05,2.3989423e-07,6.6798714e-07,0.9999858,0.9999858
18567,4,4,1,0.00018660403,0.00012092702,0.00017941205,0.0011649635,0.9983481,0.9983481
15795,1,1,1,1.3885867e-07,0.99998856,2.857873e-07,4.043745e-07,1.0641051e-05,0.99998856
16775,3,3,1,2.8389159e-06,2.2854043e-05,2.1337983e-06,0.9999645,7.75136e-06,0.9999645
10630,0,0,1,0.9999877,2.8874635e-07,8.945593e-06,6.025905e-07,2.4224164e-06,0.9999877
17501,3,3,1,3.7641325e-07,5.086367e-07,2.0619373e-07,0.99995565,4.323472e-05,0.99995565
13040,2,2,1,5.7731363e-06,6.403417e-07,0.99998367,4.1117238e-07,9.51782e-06,0.99998367
15520,1,1,1,2.4893237e-07,0.9999949,3.175433e-07,2.3012174e-06,2.316419e-06,0.9999949
13068,2,2,1,0.00012795946,2.208604e-06,0.99980503,1.2434314e-06,6.3567524e-05,0.99980503
12409,2,2,1,9.004502e-06,5.8930124e-07,0.99998343,2.8779445e-07,6.747715e-06,0.99998343
15797,1,1,1,3.051936e-05,0.99963546,2.572858e-06,4.5695466e-05,0.0002857539,0.99963546
18111,4,4,1,1.609147e-06,1.0116247e-06,4.4436624e-06,1.0839428e-05,0.9999821,0.9999821
17042,3,3,1,1.8549644e-06,1.4433995e-05,1.2830093e-06,0.9999763,6.105318e-06,0.9999763
18374,4,4,1,8.621838e-06,3.5856058e-06,4.5285367e-05,2.8875268e-06,0.99993956,0.99993956
13546,2,2,1,0.00011085538,4.2712232e-05,0.9908983,3.476705e-05,0.008913386,0.9908983
19916,4,4,1,0.0007799696,1.9073324e-05,0.00023609273,1.3326124e-05,0.99895155,0.99895155
11888,0,0,1,0.99903274,1.4504805e-06,0.00085912686,4.3210734e-06,0.00010243678,0.99903274
17584,3,3,1,2.175738e-05,1.8678013e-05,0.00012952232,0.981431,0.018399019,0.981431
11468,0,0,1,0.9963643,8.365646e-06,0.0021619394,2.544003e-05,0.0014399329,0.9963643
16819,3,3,1,1.4968293e-06,1.7802542e-05,1.3795725e-06,0.99991167,6.765895e-05,0.99991167
15772,1,1,1,2.4317984e-07,0.9999684,2.7636312e-07,2.606882e-05,4.9978917e-06,0.9999684
14732,1,1,1,1.3134533e-07,0.9999869,1.1235998e-07,1.2639733e-05,2.0741666e-07,0.9999869
18141,4,4,1,0.00025544938,0.00014021307,0.0006568274,0.056701392,0.94224614,0.94224614
18605,4,4,1,4.0356003e-06,0.0013173335,3.3135846e-06,0.00010358943,0.99857175,0.99857175
11389,0,0,1,0.9999871,4.907468e-07,9.349557e-06,1.9000775e-06,1.0988963e-06,0.9999871
11792,0,0,1,0.9999677,1.7729691e-06,1.4302054e-05,2.0276755e-06,1.4215542e-05,0.9999677
13617,2,2,1,6.782e-06,2.5067213e-06,0.9974712,2.288588e-06,0.0025172886,0.9974712
14293,1,1,1,8.297184e-07,0.9999567,5.1630724e-07,4.00761e-05,1.8530345e-06,0.9999567
16646,3,3,1,1.1226072e-06,2.731149e-06,1.034642e-06,0.9999838,1.1374558e-05,0.9999838
13854,2,2,1,3.0905434e-07,1.2986649e-07,0.99999356,5.3768115e-08,5.978427e-06,0.99999356
15287,1,1,1,5.2633633e-05,0.7281169,2.821782e-05,0.27168766,0.0001146107,0.7281169
13709,2,2,1,4.580594e-05,1.838631e-05,0.99108666,5.617517e-06,0.0088435905,0.99108666
14663,1,1,1,1.04562226e-07,0.99999714,7.011532e-08,2.552301e-06,1.874634e-07,0.99999714
13971,1,1,1,8.6536187e-07,0.9999535,1.569039e-06,1.1087845e-05,3.2930995e-05,0.9999535
19522,4,4,1,6.517033e-06,8.8768e-06,0.012954917,1.2688948e-05,0.987017,0.987017
15571,1,1,1,4.0689472e-05,0.90243256,4.3312768e-05,0.097297594,0.00018581563,0.90243256
10885,0,2,0,0.14657785,4.837103e-06,0.85338193,1.872555e-05,1.6617136e-05,0.85338193
15261,1,1,1,2.749755e-07,0.99996626,3.299076e-07,3.2523552e-05,6.008892e-07,0.99996626
11245,0,0,1,0.99490273,1.8708182e-05,0.0047289184,1.1687024e-05,0.0003379093,0.99490273
19399,4,4,1,0.001284269,3.2960903e-05,0.012895994,8.022775e-05,0.9857065,0.9857065
13136,2,2,1,0.02785325,0.00017828569,0.9414657,0.00048825264,0.030014517,0.9414657
15036,1,1,1,1.00444765e-07,0.99999726,7.502603e-08,2.0190384e-06,5.3630987e-07,0.99999726
16885,3,3,1,1.3077036e-07,4.647704e-07,1.0184523e-07,0.9999943,5.082032e-06,0.9999943
19505,4,4,1,0.00034393152,4.6605833e-06,3.4543093e-05,8.631698e-06,0.9996082,0.9996082
17663,3,3,1,2.6552493e-06,2.7089752e-06,1.1083143e-06,0.9997397,0.000253762,0.9997397
13665,2,2,1,2.4736843e-05,1.1724439e-05,0.9952306,3.2946537e-05,0.0046999305,0.9952306
10149,0,0,1,0.99846005,2.407164e-06,6.941609e-05,1.0121543e-06,0.0014670681,0.99846005
13413,2,2,1,3.513635e-06,1.0340673e-06,0.999884,3.069416e-07,0.00011114436,0.999884
12512,2,2,1,6.4388983e-06,6.1045193e-07,0.99996424,2.2052899e-07,2.85438e-05,0.99996424
19914,4,4,1,0.00015680805,1.5577387e-05,6.5147884e-05,1.9517003e-05,0.9997429,0.9997429
13329,2,2,1,6.887474e-06,3.5474628e-07,0.99992454,5.0445294e-07,6.768473e-05,0.99992454
14464,1,1,1,2.1566446e-07,0.99999094,1.6234262e-07,8.48133e-06,1.4857767e-07,0.99999094
10381,0,0,1,0.9999665,1.2506662e-06,1.4827864e-05,2.9063447e-06,1.4505278e-05,0.9999665
11511,0,0,1,0.99988675,8.8977816e-07,8.705893e-05,4.266266e-06,2.0984444e-05,0.99988675
12568,2,2,1,5.1497013e-06,2.5111322e-07,0.9999819,9.071589e-08,1.2637958e-05,0.9999819
11112,0,0,1,0.99991596,1.7353136e-06,4.1529933e-05,1.026911e-05,3.0486462e-05,0.99991596
17751,3,3,1,5.0152403e-06,7.983901e-06,6.6359105e-05,0.99970573,0.00021487805,0.99970573
13804,2,2,1,5.387877e-07,1.5684222e-07,0.99999666,1.7637576e-07,2.5183126e-06,0.99999666
10368,0,0,1,0.99981254,1.2730543e-06,0.00016454748,4.2423108e-07,2.1217109e-05,0.99981254
19079,4,4,1,1.3007386e-06,4.5948662e-05,1.8042202e-06,1.5997904e-05,0.9999349,0.9999349
14608,1,1,1,9.951665e-08,0.9999763,7.896265e-08,2.3139704e-05,3.5812516e-07,0.9999763
10026,0,0,1,0.99988663,1.1867924e-06,8.5064836e-05,3.9880032e-07,2.6760787e-05,0.99988663
17928,4,2,0,0.0005551241,1.0928909e-05,0.99919444,3.773026e-05,0.00020179545,0.99919444
15352,1,1,1,1.567451e-07,0.99998,1.2959823e-07,1.9541189e-05,2.510792e-07,0.99998
10076,0,0,1,0.9999603,7.767774e-07,2.1352032e-05,3.721446e-07,1.716332e-05,0.9999603
16955,3,3,1,2.818236e-06,3.0670813e-05,1.4578698e-06,0.99994993,1.5067153e-05,0.99994993
11426,0,0,1,0.9994266,3.1608201e-06,0.00033319998,1.874492e-05,0.0002182619,0.9994266
11504,0,0,1,0.99982387,9.82628e-07,2.5051218e-05,4.99919e-06,0.00014517219,0.99982387
15318,1,1,1,5.747426e-07,0.9999726,3.5977348e-07,2.4654135e-05,1.8001066e-06,0.9999726
17326,3,3,1,0.0003707069,0.0013742677,0.013811092,0.84951127,0.13493268,0.84951127
10886,0,0,1,0.9999474,7.925404e-07,4.298071e-05,2.3943444e-06,6.4379306e-06,0.9999474
18916,4,4,1,1.1235138e-05,0.00014550344,2.7052178e-05,2.1174186e-05,0.999795,0.999795
15075,1,1,1,2.5832667e-06,0.99986386,8.290308e-07,0.0001273251,5.359651e-06,0.99986386
19684,4,4,1,0.001057093,0.00025725458,0.004602083,0.00019851376,0.9938851,0.9938851
13484,2,2,1,3.650074e-05,1.0386314e-05,0.99879503,1.7988126e-05,0.0011400958,0.99879503
12281,2,2,1,4.4907722e-07,1.9407778e-07,0.9999931,3.384796e-07,5.879146e-06,0.9999931
10390,0,0,1,0.9999548,4.3896932e-07,1.4604965e-05,2.4399667e-06,2.7734472e-05,0.9999548
19583,4,4,1,7.778081e-06,5.280933e-06,5.6892615e-05,6.9790262e-06,0.9999231,0.9999231
14062,1,1,1,9.0553804e-08,0.99999785,1.0560796e-07,1.7175173e-06,1.9932338e-07,0.99999785
15160,1,1,1,2.9774387e-07,0.9999081,2.6674394e-07,8.9660236e-05,1.6903492e-06,0.9999081
11143,0,0,1,0.99995613,1.0529377e-06,1.935099e-05,3.0769427e-06,2.0364765e-05,0.99995613
18955,4,4,1,9.74289e-06,0.00015837462,8.48967e-06,1.3938144e-05,0.99980944,0.99980944
17216,3,3,1,2.0313396e-06,1.8089186e-05,1.1598013e-06,0.99997544,3.2825187e-06,0.99997544
11659,0,0,1,0.9999752,2.1740443e-06,1.812337e-05,1.963063e-06,2.5044776e-06,0.9999752
14421,1,1,1,1.308628e-07,0.9999981,1.7594927e-07,1.1068303e-06,5.430101e-07,0.9999981
13811,2,2,1,1.2271917e-06,5.0880993e-07,0.9999585,1.5102974e-07,3.9560455e-05,0.9999585
17231,3,3,1,2.2347358e-06,2.2571883e-05,1.3739332e-06,0.9999659,7.923038e-06,0.9999659
15267,1,1,1,2.608767e-07,0.99999607,1.2488789e-07,3.1572722e-06,3.987599e-07,0.99999607
10092,0,0,1,0.9997322,6.7319934e-07,0.00025764,3.1150202e-07,9.126328e-06,0.9997322
11183,0,0,1,0.99987745,1.0893064e-06,9.964214e-06,9.311095e-07,0.00011059403,0.99987745
15934,1,1,1,5.089391e-08,0.9999993,4.965345e-08,4.6749867e-07,1.4712982e-07,0.9999993
13532,2,2,1,1.0987013e-06,1.3000413e-06,0.99779886,0.00017471895,0.0020240045,0.99779886
12674,2,2,1,7.343593e-07,1.7838924e-07,0.9999763,6.668119e-08,2.2696948e-05,0.9999763
12553,2,2,1,2.0477375e-05,1.1948841e-06,0.999617,5.560337e-07,0.00036079934,0.999617
15221,1,1,1,2.9090725e-07,0.9999391,1.8837562e-07,5.910537e-05,1.277955e-06,0.9999391
14757,1,1,1,1.609421e-07,0.9999945,5.96075e-08,5.202441e-06,1.15053034e-07,0.9999945
12297,2,2,1,1.3002124e-06,9.708218e-07,0.9999317,2.7196917e-05,3.8836853e-05,0.9999317
14759,1,1,1,1.4288798e-07,0.99999416,1.0323676e-07,5.51864e-06,6.6095346e-08,0.99999416
11111,0,0,1,0.9999713,8.833142e-07,2.1136637e-05,2.9898154e-06,3.6822737e-06,0.9999713
14787,1,1,1,1.6511872e-07,0.9999932,2.0450686e-07,6.1209407e-06,3.6030866e-07,0.9999932
15100,1,1,1,8.114356e-08,0.9999976,8.951485e-08,1.1351931e-06,1.0244237e-06,0.9999976
10491,0,0,1,0.99997795,9.2492263e-07,9.597603e-06,4.7399567e-06,6.774456e-06,0.99997795
19857,4,4,1,1.98753e-06,2.1829703e-06,0.005381283,1.277061e-06,0.99461323,0.99461323
11661,0,0,1,0.9999846,3.9712575e-07,5.1319284e-06,1.5329227e-06,8.353984e-06,0.9999846
12457,2,2,1,2.9464274e-05,1.8505363e-06,0.999877,6.583255e-07,9.109306e-05,0.999877
10961,0,0,1,0.9999242,2.354309e-06,2.7752434e-05,6.8100157e-06,3.8925555e-05,0.9999242
14528,1,1,1,2.1002252e-07,0.99999225,2.727584e-07,6.084362e-06,1.1441373e-06,0.99999225
10784,0,0,1,0.9999567,1.341262e-06,2.05803e-05,7.077536e-06,1.42553e-05,0.9999567
13693,2,2,1,1.1566326e-06,1.3326758e-06,0.99994135,5.6482776e-07,5.5646353e-05,0.99994135
11777,0,0,1,0.9999894,1.244712e-06,4.921326e-06,1.9268055e-06,2.5133493e-06,0.9999894
19089,4,4,1,7.0339156e-05,0.0025090964,0.001071721,0.00014064228,0.9962082,0.9962082
14852,1,1,1,3.7494817e-07,0.9999659,3.301102e-07,3.3119562e-05,2.588886e-07,0.9999659
15173,1,1,1,1.4253384e-07,0.9999931,7.964344e-08,6.4750216e-06,2.1916854e-07,0.9999931
11093,0,0,1,0.99997425,8.0144076e-07,1.9160743e-05,2.3952196e-06,3.375389e-06,0.99997425
13094,2,2,1,7.89006e-06,6.7206685e-07,0.9998958,3.214072e-07,9.52974e-05,0.9998958
11136,0,0,1,0.99996006,9.954175e-07,2.4474104e-05,3.391497e-06,1.1051244e-05,0.99996006
10880,0,0,1,0.9999721,8.2715474e-07,1.98102e-05,2.4883852e-06,4.8275288e-06,0.9999721
15857,1,1,1,4.983538e-05,0.9990274,7.225164e-06,5.1013834e-05,0.00086451595,0.9990274
14256,1,1,1,8.3149075e-08,0.9999987,9.2173785e-08,8.556598e-07,2.826703e-07,0.9999987
13628,2,2,1,4.8554347e-07,2.9626574e-07,0.99997723,7.4695556e-08,2.187944e-05,0.99997723
17023,3,3,1,4.566365e-06,1.4651104e-05,4.7768913e-06,0.9991134,0.0008626076,0.9991134
14987,1,1,1,3.6699925e-07,0.99998415,2.6189238e-07,7.947724e-06,7.2261964e-06,0.99998415
12739,2,2,1,9.3281415e-06,5.1276845e-07,0.9999703,2.3861418e-07,1.9645731e-05,0.9999703
10380,0,0,1,0.9999144,1.1257122e-06,6.0162016e-05,3.7513058e-07,2.391893e-05,0.9999144
10554,0,0,1,0.9999769,8.563481e-07,9.432239e-06,2.21653e-06,1.0620852e-05,0.9999769
17388,3,3,1,5.791283e-05,0.00036282977,2.6247992e-05,0.9959752,0.0035778147,0.9959752
11471,0,0,1,0.9999696,5.66353e-07,8.514854e-06,2.4278536e-06,1.8943474e-05,0.9999696
11584,0,0,1,0.99956673,2.4265182e-05,0.00031265026,1.6615302e-05,7.977733e-05,0.99956673
11674,0,0,1,0.99991703,1.1195361e-05,4.1140465e-05,1.0475336e-05,2.0102434e-05,0.99991703
14033,1,1,1,1.5210573e-07,0.99999666,2.4398395e-07,1.8295551e-06,1.0918722e-06,0.99999666
11739,0,0,1,0.9999502,4.5357224e-06,3.5852285e-05,4.2440056e-06,5.1442908e-06,0.9999502
19700,4,2,0,0.0015743843,0.00055091275,0.92739403,0.0005881939,0.069892466,0.92739403
15298,1,1,1,9.078462e-06,0.99935085,7.4812765e-06,0.0006149319,1.7676368e-05,0.99935085
19722,4,4,1,4.2498563e-05,5.022136e-05,0.0006314246,2.929808e-05,0.9992466,0.9992466
18473,4,4,1,2.1601314e-05,9.314829e-06,3.2544955e-05,0.0006958717,0.99924064,0.99924064
12468,2,2,1,4.0110444e-05,5.4514185e-06,0.9984895,2.058962e-06,0.0014629003,0.9984895
10195,0,0,1,0.99750644,1.4847415e-06,0.0024698798,4.947729e-07,2.1722446e-05,0.99750644
19407,4,4,1,0.00088593166,0.00023655583,0.15261735,0.00011300487,0.8461471,0.8461471
14255,1,1,1,1.1262282e-07,0.99999654,7.901443e-08,3.2002445e-06,5.6814667e-08,0.99999654
16569,3,3,1,0.00044345626,0.26547503,0.00021736768,0.72832185,0.0055422788,0.72832185
17894,3,3,1,0.00019170935,0.00012657675,0.00043750845,0.6067702,0.39247397,0.6067702
10430,0,0,1,0.99998105,6.1889165e-07,9.364268e-06,1.1934296e-06,7.755097e-06,0.99998105
17976,4,4,1,1.2722524e-05,2.4130989e-06,6.678261e-05,5.6673634e-06,0.9999124,0.9999124
13622,2,2,1,9.422166e-06,1.7368986e-06,0.99951303,1.7063232e-06,0.00047408429,0.99951303
13945,1,1,1,2.2285036e-07,0.99999,1.5469375e-07,9.538444e-06,1.0682509e-07,0.99999
10970,0,0,1,0.99944836,1.3657125e-06,0.0005411356,3.7625514e-06,5.3919966e-06,0.99944836
19358,4,4,1,1.08089525e-05,1.2940472e-05,0.00078811735,1.0790372e-05,0.9991773,0.9991773
13477,2,2,1,8.8214186e-08,2.03011e-07,0.99999416,1.7652575e-07,5.380652e-06,0.99999416
13351,2,2,1,7.7379366e-07,8.675505e-07,0.99983776,1.3749288e-06,0.00015917346,0.99983776
16743,3,3,1,6.547768e-07,1.7722103e-06,4.3243116e-07,0.9997657,0.00023144354,0.9997657
12843,2,2,1,3.001137e-06,3.7367977e-07,0.9999819,1.3713683e-06,1.3409805e-05,0.9999819
11839,0,0,1,0.9999504,8.324551e-06,1.6527345e-05,1.0998116e-05,1.3756287e-05,0.9999504
19707,4,4,1,4.045396e-06,2.6092675e-06,0.0001151203,2.6626726e-06,0.99987555,0.99987555
13128,2,2,1,2.3855026e-05,1.9438075e-06,0.9947542,9.612925e-07,0.0052190227,0.9947542
17610,3,3,1,2.659069e-06,6.306751e-06,7.684409e-06,0.99972767,0.00025566336,0.99972767
15395,1,1,1,1.2979817e-05,0.99408036,9.16642e-06,0.0058662263,3.1241245e-05,0.99408036
15715,1,1,1,1.0411736e-06,0.9998815,6.533555e-07,1.4860428e-06,0.00011527799,0.9998815
10155,0,0,1,0.9997745,8.770821e-07,0.00021531808,4.0584243e-07,8.845906e-06,0.9997745
12254,2,2,1,5.858885e-07,1.5511223e-07,0.99999464,4.6012488e-07,4.183881e-06,0.99999464
16623,3,3,1,1.4006402e-05,0.00011488793,1.1327618e-05,0.9996556,0.00020416632,0.9996556
10553,0,0,1,0.99998367,6.21568e-07,8.62082e-06,1.7088142e-06,5.3464933e-06,0.99998367
19898,4,4,1,3.5458368e-06,6.189867e-06,0.00042851575,6.385148e-06,0.9995553,0.9995553
12942,2,2,1,9.110438e-07,1.9950322e-07,0.9999918,7.535102e-08,7.082524e-06,0.9999918
13641,2,2,1,0.023442563,1.3136435e-05,0.9750694,6.512416e-06,0.0014683502,0.9750694
13362,2,2,1,0.019447599,9.296296e-06,0.97794527,8.847152e-06,0.0025890095,0.97794527
19230,4,4,1,5.695199e-07,0.00010389166,5.2957665e-07,7.1412e-07,0.99989426,0.99989426
17072,3,3,1,6.598036e-06,0.0013949819,3.8047878e-05,0.9984763,8.406425e-05,0.9984763
12147,2,2,1,2.0572554e-06,4.1654934e-07,0.9999832,2.5254599e-06,1.1769848e-05,0.9999832
14930,1,1,1,2.4704775e-07,0.9999684,1.1192519e-07,3.109947e-05,1.4314767e-07,0.9999684
19110,4,4,1,1.5014443e-05,0.00077524956,1.813874e-05,1.822695e-05,0.99917334,0.99917334
13127,2,2,1,5.3669355e-05,5.031891e-06,0.99962807,2.279309e-06,0.0003109821,0.99962807
17029,3,3,1,2.269038e-06,5.376834e-05,2.3889486e-06,0.99990666,3.4866815e-05,0.99990666
12825,2,2,1,0.00018770754,2.5831137e-06,0.99953485,2.345011e-06,0.00027256462,0.99953485
15293,1,1,1,2.5194302e-07,0.99999464,4.5697018e-07,4.0568893e-06,5.555705e-07,0.99999464
11352,0,0,1,0.99951565,2.0005518e-06,1.5328607e-05,1.174712e-06,0.0004659028,0.99951565
12041,2,2,1,1.8406555e-06,1.249795e-06,0.9983708,6.5756176e-06,0.0016195554,0.9983708
17303,3,3,1,5.168197e-07,7.644177e-07,4.261545e-07,0.9998348,0.000163521,0.9998348
14805,1,1,1,1.897547e-07,0.9999939,9.549785e-08,5.6464987e-06,1.5328615e-07,0.9999939
15127,1,1,1,1.508173e-06,0.9997235,4.6662267e-06,0.00026283623,7.478273e-06,0.9997235
16599,3,3,1,7.365083e-05,0.00731094,2.3805169e-05,0.99248964,0.00010198506,0.99248964
12290,2,2,1,4.4754426e-05,8.932512e-07,0.99993813,1.204639e-06,1.50712e-05,0.99993813
19192,4,4,1,1.732897e-05,0.13160783,5.8306792e-05,2.1601492e-05,0.86829495,0.86829495
15303,1,1,1,1.282557e-05,0.8744099,6.5354347e-06,0.12555125,1.948941e-05,0.8744099
11060,0,0,1,0.99996984,8.8094816e-07,1.2382547e-05,6.0153843e-06,1.090994e-05,0.99996984
12529,2,2,1,2.0687175e-05,1.9708116e-06,0.99973756,7.4436156e-07,0.00023900966,0.99973756
16433,3,3,1,3.4683674e-06,0.00012071454,1.5103959e-06,0.99986684,7.4016043e-06,0.99986684
18808,4,4,1,4.5711513e-05,6.423589e-05,3.962135e-06,9.250413e-06,0.99987686,0.99987686
14885,1,1,1,1.1047095e-07,0.9999957,1.3001686e-07,3.8313387e-06,2.388051e-07,0.9999957
15697,1,1,1,3.5674364e-07,0.9999659,3.036675e-07,3.3037602e-05,3.8201242e-07,0.9999659
11489,0,0,1,0.9999801,3.7718644e-07,4.7320814e-06,1.5007311e-06,1.327064e-05,0.9999801
14094,1,1,1,9.074062e-08,0.99997973,1.951003e-07,1.9898986e-05,7.718084e-08,0.99997973
19562,4,4,1,2.449494e-06,3.0237954e-06,1.0602507e-05,2.0539965e-06,0.9999819,0.9999819
16385,3,3,1,8.582231e-06,5.346607e-05,4.2398187e-06,0.9988702,0.0010634479,0.9988702
19838,4,4,1,0.00010878974,2.0904268e-05,0.0011150208,2.2504028e-05,0.99873275,0.99873275
14267,1,1,1,1.5450868e-07,0.9999889,1.8114045e-07,1.0677651e-05,1.09316126e-07,0.9999889
13311,2,2,1,3.3947355e-05,4.4084368e-07,0.9999517,1.469062e-07,1.379176e-05,0.9999517
10780,0,0,1,0.9999515,1.6957606e-06,3.3633252e-05,3.4230554e-06,9.766342e-06,0.9999515
12439,2,2,1,3.4085613e-05,6.71932e-07,0.999658,5.16472e-07,0.00030671965,0.999658
13889,2,2,1,7.000862e-06,1.3827715e-06,0.9997378,7.459443e-07,0.00025301627,0.9997378
14914,1,1,1,8.312033e-08,0.9999944,5.4582497e-08,5.2891723e-06,1.6017495e-07,0.9999944
15152,1,1,1,1.2556588e-07,0.999997,1.5910129e-07,2.3599116e-06,3.6945443e-07,0.999997
16980,3,3,1,2.556848e-07,1.6042065e-06,2.4096983e-07,0.99998367,1.4221506e-05,0.99998367
12745,2,2,1,0.00032834752,3.9941046e-06,0.9994905,1.44289e-06,0.00017573098,0.9994905
11237,0,0,1,0.9998037,1.1314746e-06,0.00018182867,6.3112043e-07,1.2648317e-05,0.9998037
18007,4,4,1,3.6084817e-05,8.620136e-06,0.00011152046,1.0033252e-05,0.9998337,0.9998337
10944,0,0,1,0.99967253,3.0995159e-06,2.057404e-05,9.424082e-06,0.00029440038,0.99967253
13957,1,1,1,2.795443e-07,0.9999906,3.3047428e-07,5.7234215e-06,3.1155714e-06,0.9999906
10708,0,0,1,0.9999002,9.1055136e-07,6.549818e-05,2.0118781e-05,1.3237576e-05,0.9999002
17480,3,3,1,4.230894e-05,4.063975e-05,5.1513325e-05,0.9739594,0.025906125,0.9739594
17515,3,3,1,1.7923776e-06,6.178718e-06,4.2056154e-06,0.9998287,0.00015910009,0.9998287
12965,2,2,1,2.1647136e-06,3.2607255e-07,0.99998844,1.861378e-07,8.935104e-06,0.99998844
12107,2,2,1,5.558634e-06,1.0282263e-06,0.9999337,3.8199357e-07,5.9342496e-05,0.9999337
11360,0,0,1,0.9998925,1.8425646e-06,7.477333e-06,1.4615194e-06,9.672038e-05,0.9998925
11953,2,2,1,2.2344993e-07,1.882312e-07,0.999997,8.259365e-08,2.4766264e-06,0.999997
17300,3,3,1,1.1259606e-06,2.2450754e-06,3.2452215e-06,0.9998109,0.0001824882,0.9998109
19216,4,4,1,3.9582042e-07,6.7885467e-06,7.253986e-07,1.021765e-06,0.99999106,0.99999106
12715,2,2,1,8.349786e-07,1.2634769e-07,0.9999956,5.027058e-08,3.4345794e-06,0.9999956
15524,1,1,1,1.0098955e-07,0.99999714,8.9806555e-08,2.480936e-06,1.9033637e-07,0.99999714
15088,1,1,1,2.0447554e-07,0.99999547,1.1655399e-07,3.958541e-06,2.8682658e-07,0.99999547
15085,1,1,1,2.7326251e-07,0.9999944,1.8483873e-07,4.238733e-06,8.8195077e-07,0.9999944
14447,1,1,1,8.678098e-06,0.99973565,5.2680775e-06,0.00021835898,3.2053176e-05,0.99973565
11119,0,0,1,0.99992836,2.1978403e-06,8.221479e-06,1.9948468e-05,4.1254123e-05,0.99992836
13309,2,2,1,3.6729605e-06,1.2949496e-06,0.9991578,6.9074383e-07,0.00083652185,0.9991578
13565,2,2,1,2.6675764e-06,1.335725e-06,0.99992454,1.1132453e-06,7.034481e-05,0.99992454
10529,0,0,1,0.99998033,9.902349e-07,8.74213e-06,1.4832162e-06,8.419951e-06,0.99998033
11014,0,0,1,0.99996364,8.4135127e-07,2.9026814e-05,2.5144952e-06,3.973233e-06,0.99996364
14605,1,1,1,1.0457084e-07,0.9999956,1.2514857e-07,3.9767756e-06,1.6592512e-07,0.9999956
18657,4,4,1,8.307596e-07,1.30717335e-05,8.381709e-07,2.7958274e-06,0.9999825,0.9999825
11010,0,0,1,0.99996054,9.817206e-07,3.1383337e-05,2.2387487e-06,4.8746706e-06,0.99996054
13647,2,2,1,1.3036159e-06,2.5684756e-07,0.99999106,1.195227e-07,7.2925e-06,0.99999106
11722,0,0,1,0.9999665,2.8218624e-06,2.5430572e-05,2.653039e-06,2.5504198e-06,0.9999665
11034,0,0,1,0.9999496,1.1463263e-06,3.5147354e-05,2.2421088e-06,1.1902397e-05,0.9999496
19345,4,4,1,0.00011815908,3.9707404e-05,0.0009201971,2.4482206e-05,0.99889743,0.99889743
14247,1,1,1,8.06625e-08,0.99999857,1.0411381e-07,9.220846e-07,3.307014e-07,0.99999857
16576,3,3,1,8.3612495e-06,0.00015385008,4.528884e-06,0.99981266,2.056335e-05,0.99981266
17581,3,3,1,1.1283895e-05,2.073155e-05,7.796858e-06,0.99813217,0.0018280233,0.99813217
11980,2,2,1,4.278891e-07,1.9670429e-07,0.9999888,1.8687317e-07,1.0443898e-05,0.9999888
13119,2,2,1,2.2667007e-06,9.942936e-07,0.9999242,8.797603e-07,7.167676e-05,0.9999242
19846,4,2,0,5.148219e-05,3.3419146e-05,0.9932429,0.00053329696,0.006138901,0.9932429
12047,2,2,1,3.9183558e-07,3.1878469e-07,0.9999864,1.3098327e-07,1.2711083e-05,0.9999864
15914,1,1,1,0.00030371023,0.9977512,3.8779595e-05,0.000541958,0.0013643677,0.9977512
13275,2,2,1,2.0510809e-06,1.073535e-07,0.9999957,5.1616663e-08,2.0920377e-06,0.9999957
15121,1,1,1,9.484969e-07,0.9999255,5.6397647e-07,7.147221e-05,1.4673832e-06,0.9999255
16231,3,3,1,1.7861122e-06,3.9910417e-05,5.646302e-07,0.99995387,3.838149e-06,0.99995387
13710,2,2,1,7.8061726e-07,3.8448306e-07,0.99995613,1.2777251e-07,4.2614567e-05,0.99995613
13979,1,1,1,6.650449e-08,0.9999989,8.172068e-08,7.6572235e-07,2.0895348e-07,0.9999989
17031,3,3,1,1.6791615e-06,3.4290344e-05,1.0511092e-06,0.9999604,2.5995907e-06,0.9999604
11484,0,0,1,0.999982,4.009909e-07,1.4652937e-05,1.6603628e-06,1.2728816e-06,0.999982
16770,3,3,1,7.373636e-07,5.5287383e-05,4.812846e-07,0.99994206,1.3788909e-06,0.99994206
11796,0,0,1,0.99989307,2.560595e-06,9.414361e-05,2.7504361e-06,7.4995332e-06,0.99989307
18319,4,4,1,0.0013398984,5.2957024e-05,0.00083849346,4.106961e-05,0.9977276,0.9977276
14388,1,1,1,1.3564113e-07,0.99999833,1.14913334e-07,1.2656444e-06,1.5050747e-07,0.99999833
