id,true_label,predicted_label,correct,prob_Trend,prob_Volatility,prob_Stochastic,prob_Anomaly,prob_Structural Break,confidence
12500,2,2,1,0.005458346096833242,1.9475269369751645e-05,0.9922868707153872,3.923433025146081e-05,0.0021960735881582493,0.9922868707153872
17434,3,3,1,0.0005522929830944762,0.0024436915915285427,0.0009110141002895318,0.917760898313738,0.07833210301134959,0.917760898313738
13539,2,2,1,0.0008979855858294634,5.204252181990805e-05,0.9937179653948731,0.00011200241659511713,0.005220004080882364,0.9937179653948731
11264,0,0,1,0.9758225396622108,0.0001621008993921556,0.0025084528617364795,0.000239028884552233,0.0212678776921083,0.9758225396622108
14864,1,1,1,2.102129392423251e-05,0.9923754264945357,5.391650294657983e-05,0.006342461302540554,0.001207174406053076,0.9923754264945357
17284,3,3,1,0.00036554048402095306,0.0014374510271608642,0.00036392506450201524,0.9850882136064104,0.012744869817905782,0.9850882136064104
13724,2,2,1,0.002646377382933905,7.892117867932643e-05,0.9715940975525148,0.00019895613370855987,0.025481647752163366,0.9715940975525148
14858,1,1,1,2.7850919714371643e-05,0.9912123065485561,5.791858775323551e-05,0.006733829931107764,0.0019680940128684646,0.9912123065485561
17496,3,3,1,0.0008332579847355167,0.0016721934002748697,0.001176000558453145,0.928507853730725,0.0678106943258115,0.928507853730725
19029,4,4,1,0.0012876041639998746,0.007941187260873868,0.0007085102529156733,0.002791010613079871,0.9872716877091307,0.9872716877091307
13657,2,2,1,0.018736514268354015,0.0005772626961258202,0.6476238716441639,0.0009466461753663414,0.33211570521599004,0.6476238716441639
11009,0,0,1,0.9863593873237225,8.716381164279055e-05,0.009526251888238519,0.00040833464643246593,0.003618862329963598,0.9863593873237225
17729,3,3,1,0.0013182004801745822,0.02748151594374807,0.002233239734640388,0.8859443923702587,0.08302265147117827,0.8859443923702587
12368,2,2,1,0.004400824870392413,4.7686351546948226e-05,0.9868958527977885,7.665453537442089e-05,0.008578981444897804,0.9868958527977885
18715,4,4,1,0.0004135100069744653,0.05549900252793193,0.0006400571851925482,0.1163611707476897,0.8270862595322114,0.8270862595322114
17429,3,3,1,0.002268453371640377,0.05663611533689716,0.004936045864677025,0.6812129555433261,0.25494642988345934,0.6812129555433261
11831,0,0,1,0.9912790050472798,8.200758884699321e-05,0.006541684917158826,0.00014803019263938782,0.0019492722540750235,0.9912790050472798
17489,3,3,1,0.0011573197678882699,0.001934541628221888,0.002767808193776903,0.9186732841123498,0.07546704629776319,0.9186732841123498
11689,0,0,1,0.9948030123277966,6.512352113731838e-05,0.0038936752161221173,0.00011405670774301444,0.0011241322272009212,0.9948030123277966
18527,4,4,1,0.0013069009936003046,0.009809586041223428,0.0024424821573418164,0.46469957030485515,0.5217414605029793,0.5217414605029793
17241,3,3,1,9.202879220477591e-05,0.012041492811838412,0.0001348446356851525,0.9822211252416793,0.005510508518592342,0.9822211252416793
18022,4,4,1,0.0014355151094158887,0.0005502376988009484,0.0026512077557930844,0.02216766642287808,0.973195373013112,0.973195373013112
19349,4,4,1,0.0003560379326383865,0.00014875026151083906,0.0916839829798041,0.00034754699876867026,0.9074636818272779,0.9074636818272779
17995,4,4,1,0.0016202417643074688,0.002997351887043425,0.002735255172194527,0.11155590429179213,0.8810912468846626,0.8810912468846626
10284,0,0,1,0.9601124283752505,5.4516294911673855e-05,0.033933140072811535,0.0001257868858771188,0.005774128371149297,0.9601124283752505
15419,1,1,1,1.8904630228302712e-05,0.9928842588470254,4.0273481913466434e-05,0.006161224531415471,0.000895338509417546,0.9928842588470254
17855,3,3,1,0.000474753078961864,0.0028223514156560533,0.0012126394265479727,0.9116065022733149,0.08388375380551936,0.9116065022733149
13514,2,2,1,0.0012182977274336618,0.00015144835705391773,0.7089734386008025,0.0003229089571834705,0.2893339063575266,0.7089734386008025
15126,1,1,1,4.7771034055156705e-05,0.9751774175500642,9.227066073044018e-05,0.017289743312865955,0.00739279744228428,0.9751774175500642
11585,0,0,1,0.9645778414041738,0.0010876947707502316,0.010922538273966784,0.000835461784882358,0.022576463766226785,0.9645778414041738
11398,0,0,1,0.9944546893826111,5.171031202413133e-05,0.0031941529460248717,0.00011833205776474927,0.002181115301575112,0.9944546893826111
19869,4,2,0,0.008096364196318411,0.00015497176291983666,0.7252819533084146,0.0004895204724494805,0.26597719025989774,0.7252819533084146
16795,3,3,1,0.0002554474876961729,0.02195405630520352,0.00041094590625424793,0.9176233450948565,0.05975620520598956,0.9176233450948565
10718,0,0,1,0.9996122018355789,5.284525521647382e-05,0.0001340221979061578,3.616400264690898e-05,0.00016476670865161967,0.9996122018355789
13054,2,2,1,0.0017686114065673102,5.693521550312146e-05,0.9756341784047907,0.0002628755275317595,0.02227739944560721,0.9756341784047907
10461,0,0,1,0.9990973444706166,9.152054614243025e-05,0.00022077957025300857,9.549542953986176e-05,0.0004948599834481278,0.9990973444706166
16652,3,3,1,0.00022429408834754224,0.05268481434159703,0.000485444598493177,0.9330071003532192,0.01359834661834312,0.9330071003532192
12401,2,2,1,0.005368739643387771,2.521063147361537e-05,0.9912197017778595,4.658250742099869e-05,0.0033397654398581366,0.9912197017778595
12053,2,2,1,0.0005120165642686047,5.828628524504619e-05,0.9855509807927875,0.0008927172210057842,0.012985999136692896,0.9855509807927875
18470,4,4,1,0.025356516917104433,0.0005438620787473782,0.04355993812175216,0.0023777716803203455,0.9281619112020757,0.9281619112020757
16596,3,3,1,0.00032998911091686373,0.07463384096454806,0.00047681880603724053,0.9023425287280563,0.02221682239044169,0.9023425287280563
11518,0,0,1,0.9511083571264355,0.0001999716630991974,0.01995333537582221,0.00043392919875825914,0.028304406635884866,0.9511083571264355
18749,4,4,1,0.0031680520476904577,0.01420480234633372,0.0008543643672411424,0.0008453517355129995,0.9809274295032216,0.9809274295032216
11377,0,0,1,0.9896645219942252,6.345203502550036e-05,0.008141693116985713,0.0001794244324020618,0.0019509084213613704,0.9896645219942252
17428,3,3,1,0.00036992207756785043,0.02380617793840712,0.00048142984763273485,0.9450289799309792,0.03031349020541306,0.9450289799309792
11386,0,0,1,0.9959846140071907,5.538520310248529e-05,0.0008168727030774104,0.0001231231569001375,0.0030200049297289633,0.9959846140071907
17559,3,3,1,0.0006985542623446017,0.0027743492917320085,0.0008730363463998558,0.9434443347591668,0.052209725340356915,0.9434443347591668
12567,2,2,1,0.00521364180469731,8.480063780095821e-05,0.949371717165325,0.0001436237444077524,0.0451862166477692,0.949371717165325
13887,2,2,1,0.0017100210293692273,5.64824622565158e-05,0.9756042294223427,0.00016070163832787926,0.022468565447703728,0.9756042294223427
16751,3,3,1,7.392067270467835e-05,0.006256436396893804,0.00017088464630417958,0.9879961775779244,0.005502580706172967,0.9879961775779244
11703,0,0,1,0.9933853592522772,8.516075280383791e-05,0.004659718221669166,0.00012786198267547422,0.0017418997905743604,0.9933853592522772
15464,1,1,1,9.407326178724826e-05,0.9821760490627843,0.00011424822983838387,0.006493035287462168,0.011122594158127736,0.9821760490627843
16655,3,3,1,0.0008276408839277342,0.11686369831151594,0.0008363447138701803,0.8507312810776612,0.030741035013025036,0.8507312810776612
12973,2,2,1,0.02008887100799094,0.00025215617568495515,0.9437501948026761,0.0022332319792737073,0.03367554603437415,0.9437501948026761
9990,0,0,1,0.6105266841437089,0.00039670597915230634,0.025832414964127862,0.000735589718786973,0.36250860519422395,0.6105266841437089
19119,4,4,1,0.0019790241871480868,0.027417188149943986,0.0006099644305241913,0.000554142083771362,0.9694396811486122,0.9694396811486122
14604,1,1,1,1.678650175759039e-05,0.99408407966185,4.051989377923502e-05,0.004906540236920101,0.0009520737056930713,0.99408407966185
10230,0,0,1,0.9803941555490738,3.930458912715349e-05,0.015400428790080111,8.619704614988232e-05,0.0040799140255689224,0.9803941555490738
10849,0,0,1,0.9925620917620501,5.597530677938541e-05,0.004537539952240635,0.00023520015763247182,0.0026091928212972023,0.9925620917620501
19417,4,4,1,0.0012487315728073266,8.599256458527939e-05,0.035818164312148126,0.00013557386610092955,0.9627115376843582,0.9627115376843582
18179,4,3,0,0.0002194309398517856,0.004550500149150449,0.0003819822323735734,0.9578749446030873,0.03697314207553683,0.9578749446030873
19392,4,4,1,0.017198890040297544,0.00028477475515639744,0.06795589963410038,0.0005828931776263932,0.9139775423928194,0.9139775423928194
16979,3,3,1,0.00010652697490898435,0.019326374403256734,0.00014698640800425228,0.976340766734904,0.004079345478926149,0.976340766734904
19515,4,4,1,0.0010516941231506836,0.00011625876779878783,0.11775534979803999,0.00021965232450625832,0.8808570449865043,0.8808570449865043
10499,0,0,1,0.9990481831029016,0.00010675421834048827,0.00032326148458378096,8.187426585358972e-05,0.0004399269283205969,0.9990481831029016
16769,3,3,1,0.00023315641783373822,0.003407332728608886,0.00019208100383364402,0.986690013303423,0.009477416546300636,0.986690013303423
15618,1,1,1,0.0002524866593867251,0.990452881573261,0.00020518089594859988,0.0003677476976626352,0.008721703173741087,0.990452881573261
14469,1,1,1,2.2424896156233894e-05,0.9901622664369868,4.4798382447694106e-05,0.00823745984638722,0.001533050438022066,0.9901622664369868
15786,1,1,1,3.2714365478057776e-05,0.9946752818789498,6.573778146797963e-05,0.001603498863595352,0.003622767110508684,0.9946752818789498
13446,2,2,1,0.02020482144746753,0.00027975168051397927,0.936579557348344,0.0014700597793529105,0.04146580974432156,0.936579557348344
11724,0,0,1,0.9934855941126154,9.072824906109604e-05,0.004545132010016335,0.0001958143301434187,0.0016827312981638736,0.9934855941126154
18981,4,4,1,0.00014856603360540919,0.016918610323232393,0.00037728539123515787,0.0018765912092465118,0.9806789470426805,0.9806789470426805
15624,1,1,1,0.00021425338118777676,0.9916945390132293,0.0003342043341786474,0.00025252475861937436,0.00750447851278495,0.9916945390132293
13332,2,2,1,0.0005547594890187699,7.475250288516002e-05,0.9684747421618177,0.0001786532772073601,0.030717092569070955,0.9684747421618177
15919,1,1,1,0.00017980260372410102,0.9897619086051681,0.00015243430094305513,0.00016523292000214884,0.00974062157016282,0.9897619086051681
10758,0,0,1,0.9996442826542961,5.151217462795292e-05,0.00011548339190207357,3.7036516260818786e-05,0.00015168526291297948,0.9996442826542961
13554,2,2,1,0.005154598710468089,0.00036511423933183933,0.8790509852957855,0.000702608245160296,0.11472669350925419,0.8790509852957855
12441,2,2,1,0.002221594923935259,2.9089965915963142e-05,0.9892319944780832,5.7811465796020955e-05,0.008459509166269608,0.9892319944780832
19178,4,4,1,0.00013489426129974818,0.029541813665225555,0.00038428017800861206,0.0018392861889880159,0.9680997257064781,0.9680997257064781
18644,4,4,1,0.009534437098290502,0.004233352020216475,0.04705693031456261,0.28860087850990557,0.6505744020570248,0.6505744020570248
15854,1,1,1,3.794987493516122e-05,0.9913620664840729,8.824281085007114e-05,0.0054326033437530384,0.00307913748638882,0.9913620664840729
14895,1,1,1,0.00010193936329499199,0.8987858780662255,0.0002094351538554804,0.0940445041220381,0.0068582432945861575,0.8987858780662255
16821,3,3,1,6.617655825156275e-05,0.0020465756460717986,7.68285177207611e-05,0.9955400118254918,0.002270407452463943,0.9955400118254918
18637,4,4,1,8.766925729391869e-05,0.0029071289211150472,0.00010276405318160142,0.00022785545597305817,0.9966745823124363,0.9966745823124363
11573,0,0,1,0.9939629894015384,9.163840530002644e-05,0.004157730450103412,0.00016779818306592405,0.0016198435599921468,0.9939629894015384
19913,4,4,1,0.005179330912859773,0.000613708540064054,0.12218644541712045,0.0012689965937779787,0.8707515185361777,0.8707515185361777
14402,1,1,1,2.2610690141784265e-05,0.991820209696584,4.79211628180907e-05,0.006636723227569032,0.0014725352228870659,0.991820209696584
17812,3,3,1,0.0006217820005600566,0.0031550265300473927,0.0017313818334438495,0.8940862988669555,0.10040551076899316,0.8940862988669555
13010,2,2,1,0.013779387273048161,9.666989716370226e-05,0.9699290336681998,0.0008278167401678422,0.015367092421420453,0.9699290336681998
17260,3,3,1,0.0001834789609713906,0.09548986350125348,0.00024623792435862557,0.89345607651191,0.010624343101506463,0.89345607651191
18204,4,4,1,0.007623021089348248,0.0033119779640216076,0.005648699210923865,0.053763548380480614,0.9296527533552257,0.9296527533552257
14668,1,1,1,3.634317292957881e-05,0.9922166810327984,5.5992345676801957e-05,0.005045067884816837,0.0026459155637784857,0.9922166810327984
17088,3,3,1,0.0002630430209920749,0.03929689513412981,0.0004138221631961034,0.9403860058353019,0.01964023384638007,0.9403860058353019
15139,1,1,1,5.9736246684123566e-05,0.984295823286981,0.00011976275088548278,0.011881907826993023,0.0036427698884562384,0.984295823286981
18369,4,4,1,0.010214215669808987,0.0013295981507430818,0.007225065269222777,0.00961246489102042,0.9716186560192046,0.9716186560192046
18430,4,4,1,0.057077439404564584,0.0006310180127924187,0.060811956516038275,0.002568066517258422,0.8789115195493463,0.8789115195493463
10444,0,0,1,0.9992323242640384,9.404366154192915e-05,0.00022293112924263043,8.466415254379854e-05,0.0003660367926333094,0.9992323242640384
11762,0,0,1,0.9919591550406409,8.703260258397273e-05,0.006427630338432979,0.00012037377430482358,0.0014058082440374232,0.9919591550406409
13895,2,2,1,0.001252929706241687,8.261985319867483e-05,0.9771776187006743,0.0008517158453428116,0.020635115894542602,0.9771776187006743
13171,2,2,1,0.0003699307037784547,8.968436390311353e-05,0.9670338521398321,0.00020737717969561946,0.032299155612790884,0.9670338521398321
17620,3,3,1,0.0037167880136095804,0.017204391227323822,0.011122099362249617,0.6586964887777375,0.3092602326190794,0.6586964887777375
16907,3,3,1,9.713693184434618e-05,0.001465322007723193,7.419007130796197e-05,0.9957993124034149,0.002564038585709537,0.9957993124034149
11574,0,0,1,0.9959900067369496,9.450758824129752e-05,0.002306582034023766,0.0001476244884916346,0.001461279152293496,0.9959900067369496
12077,2,2,1,0.0005337171897297941,4.628612719180168e-05,0.9925966447041477,0.0005323734106710735,0.006290978568259635,0.9925966447041477
12085,2,2,1,0.0023067676787390913,4.424457139718884e-05,0.9891638071910239,0.0003862448027649006,0.008098935756074952,0.9891638071910239
11256,0,0,1,0.9778658874501198,0.00018887158067740656,0.00424760974630853,0.00031621886816786377,0.01738141235472642,0.9778658874501198
13065,2,2,1,0.1913942288276488,0.00011133291750402927,0.7948186520159972,0.00022728376699593058,0.013448502471853856,0.7948186520159972
13578,2,4,0,0.012107723925044325,0.0009220871543348096,0.10195823415301343,0.009016217273183193,0.8759957374944242,0.8759957374944242
18707,4,4,1,0.00039474573018549524,0.007683387783938617,0.000397674177737523,0.0006444079654914326,0.9908797843426469,0.9908797843426469
13783,2,2,1,0.0003433066616751031,2.9846348867510867e-05,0.9955391767184211,5.299829727016537e-05,0.004034671973766079,0.9955391767184211
15440,1,1,1,4.739010178569636e-05,0.9788168477388145,6.831417425643809e-05,0.01917163832607417,0.0018958096590689722,0.9788168477388145
15421,1,1,1,0.00027159700790520296,0.9553692442812695,0.0004886783071720095,0.026292482495518653,0.017577997908134666,0.9553692442812695
15825,1,1,1,4.797064293013553e-05,0.988326039221551,9.766277261673163e-05,0.0023762875343990705,0.009152039828503091,0.988326039221551
18413,4,4,1,0.0021967891365069735,0.001500154661898043,0.009106852285831633,0.10737118183300222,0.8798250220827613,0.8798250220827613
13805,2,2,1,0.014785887943626733,0.0001922372188224915,0.9564288024927985,0.001367009906565603,0.027226062438186673,0.9564288024927985
15183,1,1,1,0.00014022998506788963,0.815075908564665,0.00022243453439387567,0.1749616271527603,0.009599799763112902,0.815075908564665
10003,0,0,1,0.9829901712316091,2.981626913871395e-05,0.014449958309074985,5.3607295201357543e-05,0.0024764468949760483,0.9829901712316091
11788,0,0,1,0.9928260064613907,7.500540340183597e-05,0.005559734253765342,9.500915602112417e-05,0.0014442447254212742,0.9928260064613907
18131,4,3,0,0.004923357889212695,0.10759501454333173,0.00968420945543904,0.46338611704565535,0.4144113010663611,0.46338611704565535
14587,1,1,1,2.2344780966025083e-05,0.9930235736592449,4.9715292477991364e-05,0.005314763651745305,0.0015896026155658646,0.9930235736592449
13376,2,2,1,0.00045927283221865845,3.434403650348166e-05,0.9929753988639551,0.00011956443550835886,0.00641141983181447,0.9929753988639551
11399,0,0,1,0.9961722794855264,4.770531988112563e-05,0.0024610388239680535,0.0001562476042142844,0.0011627287664101376,0.9961722794855264
11071,0,0,1,0.9960278495151301,6.57465695842611e-05,0.00199695097488811,0.00021848042742344674,0.0016909725129741018,0.9960278495151301
15556,1,1,1,0.001126751883770194,0.8168560234439722,0.0010551956173892529,0.0009444561296564982,0.1800175729252116,0.8168560234439722
17328,3,3,1,0.0004946741891978851,0.004991352660546006,0.0005101101129326222,0.9602616539938554,0.03374220904346793,0.9602616539938554
12351,2,2,1,0.005441922806985197,7.004827950304357e-05,0.9791685979833562,9.65416372901265e-05,0.015222889292865343,0.9791685979833562
10738,0,0,1,0.9958176279295912,0.00040247241948257256,0.0005067032982637974,0.0006196480196095953,0.0026535483330525143,0.9958176279295912
13943,2,2,1,0.0020385276883081002,7.309920827236051e-05,0.9714426947776161,0.00025986247606383617,0.026185815849739575,0.9714426947776161
17915,3,3,1,0.0002706338743614807,0.0007133872592636345,0.0003717931247269938,0.9542529650794865,0.044391220662161335,0.9542529650794865
11204,0,0,1,0.9586593070665729,0.00021912707373783054,0.0036769766749096947,0.00028847862202670965,0.03715611056275306,0.9586593070665729
12355,2,2,1,0.01651650811302686,4.947251323234251e-05,0.9777914207737284,0.00010858250416962323,0.005534016095842576,0.9777914207737284
14765,1,1,1,2.0245591415533212e-05,0.9932104207871175,4.474051387257849e-05,0.005510895483381317,0.001213697624213189,0.9932104207871175
14413,1,1,1,2.8170460897340424e-05,0.9917473351161487,5.732501077833656e-05,0.006013387865712348,0.002153781546463253,0.9917473351161487
11828,0,0,1,0.9281290752294672,0.00018332177974265607,0.0634362174217109,0.00047788830443303113,0.007773497264646363,0.9281290752294672
10087,0,0,1,0.8574307364760713,8.584988553313046e-05,0.13333058724825989,0.00018746295443475557,0.008965363435700825,0.8574307364760713
16727,3,3,1,0.00011324696241821552,0.014030022967643519,0.0002589717737672863,0.9805734955362057,0.005024262759965515,0.9805734955362057
13917,2,2,1,0.09702170404433114,0.00018254410359519848,0.888244764777639,0.0004595252419810224,0.014091461832453711,0.888244764777639
11255,0,0,1,0.9760016049170703,0.0001422729264934141,0.014301914965820537,0.000378178220808549,0.009176028969807064,0.9760016049170703
17538,3,3,1,0.0017419619463241783,0.004127164151706371,0.004358813082725014,0.7326284723002134,0.25714358851903085,0.7326284723002134
19694,4,2,0,0.003574898189499105,0.00020509575211631517,0.8218839638368753,0.00039810106506247075,0.17393794115644665,0.8218839638368753
13715,2,2,1,0.0002260316852501594,6.068165283038534e-05,0.9843952334971194,0.00014124188622035276,0.015176811278579666,0.9843952334971194
16057,3,3,1,0.00012785491374174568,0.0038712003919391578,0.000124040595844632,0.9925640853801361,0.0033128187183382386,0.9925640853801361
15833,1,1,1,4.737513734648855e-05,0.9856357462295104,8.469789782888286e-05,0.005200200731587459,0.009031980003726648,0.9856357462295104
17649,3,3,1,0.0037349950141700302,0.01218747791915467,0.026064401422911727,0.6280760016939948,0.3299371239497687,0.6280760016939948
15584,1,1,1,4.655794561376949e-05,0.9913141007331822,7.693867975271835e-05,0.0017834692875004202,0.006778933353950957,0.9913141007331822
18164,4,4,1,0.0006098996136309637,0.0003052938434163141,0.003217186912932683,0.005382749059517982,0.990484870570502,0.990484870570502
15243,1,1,1,3.0107390528183964e-05,0.9900684885633534,4.94818543428282e-05,0.008058710471061267,0.0017932117207145571,0.9900684885633534
13339,2,4,0,0.1294951435188038,0.0009058974420840864,0.34809468252973363,0.002752922801978158,0.5187513537074003,0.5187513537074003
12426,2,2,1,0.00197055127018027,3.382431732894787e-05,0.9901174796461403,5.453724606375277e-05,0.007823607520286659,0.9901174796461403
15654,1,1,1,0.00023682672995224273,0.9060674316328348,0.00034985431375805006,0.009060738884472851,0.08428514843898186,0.9060674316328348
18925,4,3,0,0.017976097846805775,0.006649584144456998,0.18041199912268507,0.5347961727215635,0.26016614616448847,0.5347961727215635
14398,1,1,1,1.87859376471005e-05,0.9946438046210633,3.7329306379577505e-05,0.0038294697856446026,0.0014706103492653593,0.9946438046210633
11622,0,0,1,0.9967468558761979,5.350483806819815e-05,0.0022721502430449224,6.114853337472718e-05,0.0008663405093140859,0.9967468558761979
11586,0,0,1,0.9955535286893885,5.4372897356999804e-05,0.002568524201271494,0.0001224878285583609,0.0017010863834245847,0.9955535286893885
10589,0,0,1,0.9819797887983599,0.0003725728334402494,0.0011560493604544507,0.0012020091269940162,0.01528957988075152,0.9819797887983599
19220,4,4,1,0.0006764689710802874,0.013732890008420835,0.0004220837197889961,0.00045754778701124344,0.9847110095136985,0.9847110095136985
18373,4,3,0,0.0032261951256262675,0.003349727465665542,0.006057271847993232,0.5808657735439647,0.4065010320167502,0.5808657735439647
19003,4,4,1,0.0071409797510976845,0.0021822527458970837,0.001412534647442446,0.0019027410489504154,0.9873614918066124,0.9873614918066124
14726,1,1,1,2.4375434626057637e-05,0.9938880994745269,5.303787772771504e-05,0.004167261751789046,0.001867225461330138,0.9938880994745269
17060,3,3,1,0.0003424920807294966,0.009230837509816119,0.0003927144283121805,0.9689396669631146,0.02109428901802748,0.9689396669631146
18280,4,4,1,0.0074386377450501055,0.0005424555642747238,0.01956916063737387,0.004742425728407387,0.9677073203248939,0.9677073203248939
11448,0,0,1,0.9961955244758142,4.768520208649347e-05,0.0013442371101102676,8.206011338419972e-05,0.002330493098604867,0.9961955244758142
17476,3,3,1,0.0017988833187089052,0.010235839472897173,0.0025048633172747147,0.7578113638822881,0.22764905000883112,0.7578113638822881
14533,1,1,1,4.1522169697668325e-05,0.9878041075558089,7.161353517458758e-05,0.010413402500467121,0.001669354238851856,0.9878041075558089
11172,0,0,1,0.9694009447120613,0.00020595572061103077,0.0034367273177829706,0.00026711518202555647,0.02668925706751896,0.9694009447120613
14613,1,1,1,1.8924637311424863e-05,0.993204413932229,3.8976543406264655e-05,0.005631805164316075,0.0011058797227373953,0.993204413932229
14236,1,1,1,5.612583729775781e-05,0.9789734544261859,0.00010741300743213346,0.017059492563387516,0.003803514165696644,0.9789734544261859
18360,4,4,1,0.014558838408072622,0.0008129327772929784,0.01633200159227685,0.005698659371485389,0.962597567850872,0.962597567850872
17604,3,3,1,0.0032388508834048633,0.019615905721502253,0.01804850321912641,0.7391519481251237,0.21994479205084283,0.7391519481251237
11415,0,0,1,0.9960814999533002,4.84621616306664e-05,0.0026250842935337548,0.00011586561751529125,0.0011290879740201445,0.9960814999533002
12818,2,2,1,0.006359149283949003,8.940285690197685e-05,0.9728953207111511,0.0004342894612511795,0.020221837686746676,0.9728953207111511
13700,2,2,1,0.0012335639548531605,2.5302347140520542e-05,0.9914687859383997,0.00011792625541681065,0.007154421504189778,0.9914687859383997
16403,3,3,1,0.0004803464692818141,0.1167873270048119,0.0019788399670709494,0.8615657057209432,0.019187780837892354,0.8615657057209432
16737,3,3,1,0.00013110305490990468,0.08527909035970875,0.0002216014731297305,0.9068492204176077,0.007518984694643924,0.9068492204176077
10477,0,0,1,0.9989682132546425,0.0001106924722065578,0.0003152941156140578,0.00010066196439764909,0.0005051381931393866,0.9989682132546425
15852,1,1,1,0.0010787862071683755,0.7806696634746818,0.0007494842027906866,0.02353431406566413,0.19396775204969513,0.7806696634746818
18105,4,4,1,0.0008169566124058142,0.0010190035064544948,0.002033112640715211,0.22613892813197414,0.7699919991084504,0.7699919991084504
16986,3,3,1,0.0005348119842587885,0.348428215921879,0.0010066150331603863,0.633436561219108,0.016593795841593866,0.633436561219108
11785,0,0,1,0.9935142469433111,0.00014463974802381851,0.004636396167615474,0.00018494799368856375,0.0015197691473613141,0.9935142469433111
14835,1,1,1,2.0194140373606958e-05,0.9946688848247293,4.899544165688205e-05,0.003994611751108168,0.0012673138421321743,0.9946688848247293
15312,1,1,1,9.468324135098804e-05,0.9467492365633027,0.00020857690134743615,0.04423412654960726,0.008713376744391828,0.9467492365633027
19400,4,2,0,0.04442868285109236,0.00023933621048849248,0.9032278278972755,0.002958455033339305,0.04914569800780437,0.9032278278972755
15325,1,3,0,0.00027395254378047046,0.2669416508912643,0.000395792822703784,0.713908338829687,0.0184802649125646,0.713908338829687
13157,2,2,1,0.0002205422496017906,5.967634121144443e-05,0.9931400377579714,0.0001583857162608744,0.006421357934954315,0.9931400377579714
12834,2,2,1,0.006081828456257666,0.00018791206695188353,0.9643867486769113,0.00307375441857818,0.026269756381301093,0.9643867486769113
13371,2,2,1,0.0004918105039644204,9.682759968024478e-05,0.9655698030215992,0.0003637197951053081,0.0334778390796508,0.9655698030215992
11877,0,0,1,0.9917014893536314,0.00012571057774511576,0.006420071580496056,0.00016354851305677503,0.0015891799750706037,0.9917014893536314
16917,3,3,1,0.0002482335229071516,0.044153520403894725,0.0003049782196466838,0.9309249991899154,0.02436826866363616,0.9309249991899154
15652,1,1,1,2.6524233227112514e-05,0.9885288949588553,4.768270108839829e-05,0.009803492938011386,0.0015934051688178492,0.9885288949588553
12938,2,2,1,0.05808430644591552,7.347808251038603e-05,0.9324771274895607,0.00025206146415193714,0.009113026517861502,0.9324771274895607
19047,4,4,1,0.001060487858089458,0.04163204679521902,0.005037260061986959,0.37981570897115846,0.5724544963135461,0.5724544963135461
10376,0,0,1,0.965374602911683,6.104195914782583e-05,0.02895241181216055,0.00012485826896799178,0.0054870850480404154,0.965374602911683
15271,1,1,1,3.876668374803724e-05,0.9874340829917753,6.82844546830781e-05,0.009997003255089816,0.0024618626147037996,0.9874340829917753
10820,0,0,1,0.9935139871490172,5.439620950338829e-05,0.004238451815757932,0.00022039999201852806,0.0019727648337029475,0.9935139871490172
12161,2,2,1,0.0001529122019942753,5.523419078602741e-05,0.9849745539515256,0.0007032604791135945,0.014114039176580644,0.9849745539515256
16551,3,3,1,0.00032635758136483365,0.22377023625297562,0.00043948755180098345,0.7622033731515102,0.01326054546234847,0.7622033731515102
10140,0,0,1,0.9728128859955745,3.1609212621687355e-05,0.024565602710157057,6.714496224419432e-05,0.0025227571194025205,0.9728128859955745
13011,2,2,1,0.18804432931448684,0.00011316376954194543,0.7928879617137418,0.0002611782920269772,0.018693366910202375,0.7928879617137418
10631,0,0,1,0.9994447664500768,6.598482634431804e-05,0.0001675311294087754,6.293769219008315e-05,0.00025877990197990087,0.9994447664500768
12886,2,2,1,0.0003868875041958879,2.374974791470983e-05,0.9979318767130345,4.12736599635718e-05,0.0016162123748912898,0.9979318767130345
11434,0,0,1,0.9832631113144796,7.686543228231598e-05,0.01297951886528994,0.00021091216321511618,0.0034695922247330595,0.9832631113144796
15056,1,1,1,7.436480497835896e-05,0.9888457637917333,0.0001330216543547673,0.007846845145361148,0.003100004603572528,0.9888457637917333
16590,3,3,1,0.0005765729609312325,0.07860135212906802,0.0007535491381260908,0.877067948263848,0.04300057750802656,0.877067948263848
16071,3,3,1,0.00033596317606495704,0.029772144366893454,0.0005465742249843584,0.93759459600724,0.03175072222481725,0.93759459600724
18123,4,4,1,0.005455856845424141,0.002050908795687411,0.008029360830034173,0.016706878308593912,0.9677569952202605,0.9677569952202605
12210,2,2,1,0.0006569797285703715,0.0001234094125636606,0.9843443883929696,0.0026874365125964202,0.012187785953299845,0.9843443883929696
10497,0,0,1,0.9983141727770093,0.00013445168158525306,0.0002843410450130826,0.00014007792866298574,0.0011269565677292516,0.9983141727770093
14089,1,1,1,7.659183266314049e-05,0.9593278506276899,0.0001405777463633616,0.03312333242478762,0.00733164736849586,0.9593278506276899
18594,4,4,1,0.00019026100640917386,0.037728337359739864,0.00040858908412997436,0.005173727807240627,0.9564990847424804,0.9564990847424804
11627,0,0,1,0.9946515771097626,9.207544574151895e-05,0.0035311684877898947,0.00013330035306590755,0.0015918786036401527,0.9946515771097626
16855,3,3,1,0.00018991439189265685,0.006237677307690521,0.0002537412239652538,0.9868022588788313,0.006516408197620211,0.9868022588788313
10395,0,0,1,0.9924880597050699,0.000626629677699361,0.0015286186961166557,0.0008596214226723336,0.0044970704984416245,0.9924880597050699
12302,2,2,1,0.027117679123701995,7.03139466274438e-05,0.9496855303733209,0.0002035846264528264,0.02292289192989691,0.9496855303733209
17607,3,3,1,0.0004999639572310319,0.004145681821201972,0.0005308459426968785,0.9585209483084125,0.03630255997045756,0.9585209483084125
10219,0,0,1,0.8979571022126116,0.00024981869859027456,0.03486972060411625,0.0005786919902960773,0.06634466649438571,0.8979571022126116
15332,1,1,1,6.119601793578471e-05,0.9555911034190845,9.640773649374369e-05,0.04100244456902649,0.0032488482574594846,0.9555911034190845
13163,2,2,1,0.0021820665582808103,7.117650601796607e-05,0.9855288484109971,0.0005320927282097357,0.011685815796494341,0.9855288484109971
12501,2,2,1,0.0007778958335603645,2.8495477067467772e-05,0.987340403736622,0.00011637438422242453,0.01173683056852767,0.987340403736622
15343,1,1,1,3.738305098668879e-05,0.982568763667025,6.796881091592014e-05,0.014748125671783137,0.0025777587992893737,0.982568763667025
10441,0,0,1,0.999550024065037,5.449444804449119e-05,0.00012060881878878647,5.00858059212053e-05,0.00022478686220840953,0.999550024065037
15739,1,1,1,5.1442492315870484e-05,0.9873761954160112,0.00011249893408681582,0.007178627205508929,0.005281235952077033,0.9873761954160112
16653,3,3,1,0.0020205268791284757,0.004547110348016945,0.01199434501872974,0.7275447911518754,0.2538932266022493,0.7275447911518754
16647,3,3,1,0.0010833860972474896,0.07485783251484758,0.0008555208524228744,0.6073861287246628,0.31581713181081933,0.6073861287246628
13195,2,2,1,0.0006483208706848499,2.7127580086113028e-05,0.9971313179710706,5.1029900580421315e-05,0.0021422036775780354,0.9971313179710706
14108,1,1,1,5.141003487580915e-05,0.9937595461280543,6.342003502569332e-05,0.00139812763323536,0.004727496168808876,0.9937595461280543
12220,2,2,1,0.004300979353710672,8.660279742979083e-05,0.9785826316546994,0.0009455720993219323,0.01608421409483823,0.9785826316546994
17135,3,3,1,0.00012236812619288733,0.038913655081291,0.0001563337984561603,0.9547513301140057,0.006056312880054292,0.9547513301140057
13390,2,2,1,0.0004246950934693534,3.332165051029574e-05,0.9927029661759739,5.508617869540945e-05,0.006783930901351128,0.9927029661759739
14931,1,1,1,2.613583335593259e-05,0.992085949728968,6.061966789045845e-05,0.006223036176696718,0.0016042585930890812,0.992085949728968
10407,0,0,1,0.9992882918200039,7.972022526396571e-05,0.00020746462032364987,8.106922775931219e-05,0.00034345410664948203,0.9992882918200039
14917,1,1,1,1.690355905598989e-05,0.9935633180731613,3.8937949547417356e-05,0.0052676699570875975,0.0011131704611476506,0.9935633180731613
11379,0,0,1,0.9921528529013791,5.997199146385597e-05,0.00393113976063644,0.000150574407851734,0.003705460938668666,0.9921528529013791
19033,4,4,1,0.00030682717434738264,0.010791419726617544,0.0012628085597380665,0.009195679497928096,0.9784432650413688,0.9784432650413688
18989,4,4,1,0.00021605618000083225,0.011622940134380588,0.00046016659499192994,0.0008638924902980532,0.9868369446003286,0.9868369446003286
10866,0,0,1,0.9895332584372597,6.662236068883451e-05,0.00711083999957325,0.00029556907673462574,0.002993710125743732,0.9895332584372597
12541,2,2,1,0.00387502711364228,5.609705935575543e-05,0.9823806240388363,8.580078166745609e-05,0.013602451006498224,0.9823806240388363
16881,3,3,1,7.70278766884634e-05,0.005145491554329634,8.243706476773013e-05,0.9913774514162867,0.003317592087927442,0.9913774514162867
19355,4,2,0,0.0005211299651512167,0.0001506893360020459,0.8674508853737746,0.000503951346169476,0.13137334397890282,0.8674508853737746
12895,2,2,1,0.0010092370722209459,9.822587047989474e-05,0.9295268622000179,0.00032844567717668584,0.0690372291801045,0.9295268622000179
13773,2,2,1,0.0007021519015202692,0.0001597828507088976,0.9464197087209573,0.00024920499474596073,0.052469151532067666,0.9464197087209573
11713,0,0,1,0.9959929134521621,8.017941836266605e-05,0.0024767062709971734,0.0001314026873291918,0.001318798171148974,0.9959929134521621
13760,2,2,1,0.002051601777394608,0.00011104053583370958,0.9840557895062242,0.00018008799872639144,0.013601480181821208,0.9840557895062242
15506,1,1,1,2.5906100855294577e-05,0.9953364052726414,4.793982243441735e-05,0.0015838074014022194,0.0030059414026667474,0.9953364052726414
17868,3,3,1,0.0010714249094943616,0.0031037244016628705,0.002166166034493072,0.5431417421263365,0.4505169425280133,0.5431417421263365
10277,0,0,1,0.9688045864533547,4.414129811384881e-05,0.027849776542667074,8.47450761486075e-05,0.003216750629715853,0.9688045864533547
10010,0,0,1,0.9838754301830407,2.4529746550600434e-05,0.014111867008219368,4.647206885594833e-05,0.001941700993333461,0.9838754301830407
13955,1,1,1,1.898664600229601e-05,0.9921161044338899,4.718480949335951e-05,0.006531839195529147,0.0012858849150852233,0.9921161044338899
13280,2,2,1,0.13043483234531222,0.0003139390331758763,0.8218232472012127,0.002617306785468823,0.04481067463483041,0.8218232472012127
13224,2,2,1,0.0027783554950030548,0.00013432246121686443,0.972389412476685,0.0010204891309679763,0.023677420436127174,0.972389412476685
13543,2,2,1,0.009391334569874869,0.00012678169600341494,0.9702591739857024,0.0007080950981666025,0.019514614650252726,0.9702591739857024
12599,2,2,1,0.002513202266290202,3.6121852236907864e-05,0.9889996912129929,5.018577255512089e-05,0.008400798895924847,0.9889996912129929
13611,2,2,1,0.04953332511657909,0.00020997141265280316,0.906422666656476,0.0010361847756254724,0.04279785203866658,0.906422666656476
13111,2,2,1,0.07217468214187653,0.0004259299799813393,0.8816005164001041,0.002502422386782937,0.043296449091255206,0.8816005164001041
12222,2,2,1,0.02450690436047848,8.393010612353893e-05,0.9538049280230871,0.00023887521846661082,0.02136536229184406,0.9538049280230871
10984,0,0,1,0.9947607075052839,5.621698070351958e-05,0.0029964314533799863,0.00021060848172046662,0.001976035578912112,0.9947607075052839
12339,2,2,1,0.0006938582630844754,5.7771457473130395e-05,0.988597682518588,0.0009694395277025328,0.009681248233151815,0.988597682518588
12702,2,2,1,0.0027630837760343535,4.149579097921e-05,0.9877000776943187,5.866085795145617e-05,0.009436681880716226,0.9877000776943187
18252,4,3,0,0.0012994059926762845,0.002270888619571658,0.0032311812227793215,0.7692027260378692,0.22399579812710357,0.7692027260378692
13227,2,2,1,0.002062968969325393,3.958851658566996e-05,0.990705115512718,0.00016894734044100286,0.007023379660929818,0.990705115512718
18621,4,4,1,0.0006162357905865314,0.006924990752267501,0.00030416866826441007,0.00044607748734908916,0.9917085273015324,0.9917085273015324
17292,3,3,1,0.0026198798448117916,0.027977221934765394,0.0059430841075016234,0.7133197765339505,0.2501400375789708,0.7133197765339505
11419,0,0,1,0.9937637531526188,6.67528008343394e-05,0.0013349786774157159,0.00012843827089260122,0.004706077098238807,0.9937637531526188
11613,0,0,1,0.9975679824191054,6.082669689298817e-05,0.0015049702204842804,0.00010145524123397999,0.0007647654222833317,0.9975679824191054
12425,2,2,1,0.0030906667654366626,5.2971135017857454e-05,0.9757450156406017,7.753890548167034e-05,0.02103380755346205,0.9757450156406017
11338,0,0,1,0.9798214884661784,0.00016619809393365794,0.005854994486686555,0.0003766001315639522,0.01378071882163745,0.9798214884661784
17944,4,4,1,0.0007134565727514488,0.0003395277673464137,0.001983222002259304,0.003292548199195998,0.9936712454584468,0.9936712454584468
15188,1,1,1,0.00011027992122482864,0.966737511514387,0.00015016543448008929,0.02472819445169178,0.008273848678216218,0.966737511514387
18234,4,4,1,0.0003797683447648214,0.000337684553546723,0.0014915126143407093,0.011858884489955243,0.9859321499973925,0.9859321499973925
11623,0,0,1,0.9968310524507906,7.366523871873585e-05,0.001540576795362024,0.0001088763032774393,0.0014458292118512419,0.9968310524507906
14230,1,1,1,2.4541324523849258e-05,0.9935745305628773,6.216261903080831e-05,0.004761393061608229,0.0015773724319597968,0.9935745305628773
17493,3,3,1,0.00019749543966554253,0.0020074869907758686,0.0002327113971777099,0.9870253063425373,0.010536999829843609,0.9870253063425373
12563,2,2,1,0.0011761472945379103,6.084955588146289e-05,0.9884584926195531,0.00036260504689548587,0.009941905483131919,0.9884584926195531
15301,1,1,1,2.736790647487294e-05,0.9928841860492942,6.616754618519506e-05,0.005464598318821397,0.0015576801792241872,0.9928841860492942
17727,3,3,1,0.0006359854489026494,0.0062958365125272125,0.001017224416192643,0.9151820123041614,0.076868941318216,0.9151820123041614
11006,0,0,1,0.9725416900846622,7.597106044755002e-05,0.023876004356811194,0.00027196325692547976,0.0032343712411536498,0.9725416900846622
16746,3,3,1,0.00014755432811379226,0.044610350083796775,0.0001924965279983324,0.9361712160850783,0.018878382975012827,0.9361712160850783
17504,3,3,1,0.0026133870229770877,0.0026675672547226068,0.0025462334156994794,0.8717185123615729,0.12045429994502778,0.8717185123615729
13671,2,2,1,0.00045918805978542506,0.00016439830947621818,0.8993376203597915,0.00044368511082959114,0.09959510816011727,0.8993376203597915
14918,1,1,1,1.5638269898917098e-05,0.9933767253769429,3.409568734057209e-05,0.005785045565514098,0.0007884951003034342,0.9933767253769429
17783,3,3,1,0.001116284201448842,0.008820703759726033,0.0008490385422543488,0.8888680787935297,0.10034589470304116,0.8888680787935297
11789,0,0,1,0.9964896547804133,6.59555949399741e-05,0.002208514648338255,0.00010942792368798177,0.0011264470526204647,0.9964896547804133
12711,2,2,1,0.002286106343111922,3.20161385436733e-05,0.9878413522243471,5.384580607916555e-05,0.009786679487917923,0.9878413522243471
14900,1,1,1,3.7138192766062175e-05,0.9957477144049326,0.00011429887378742784,0.0029042024721186873,0.001196646056395241,0.9957477144049326
15678,1,1,1,2.508411566465477e-05,0.9957990026643048,4.6642631038553814e-05,0.0012859392280178195,0.0028433313609740837,0.9957990026643048
11428,0,0,1,0.9451416515874999,0.00019283489011065138,0.045419184914990425,0.0005307301312403334,0.008715598476158827,0.9451416515874999
19059,4,4,1,0.00016751210538144598,0.01852733554442291,0.00025331807935738475,0.0019253238272866255,0.9791265104435517,0.9791265104435517
19895,4,4,1,0.0018757779027965373,0.00015535894331203615,0.15821887322560718,0.0004332840017020448,0.8393167059265824,0.8393167059265824
19032,4,4,1,0.00018259325777007695,0.04337052781402847,0.0003987780865450688,0.0038847786910643136,0.9521633221505922,0.9521633221505922
12193,2,2,1,0.0008958957387259929,4.8917504026423374e-05,0.984339617624658,0.0002052026003235735,0.014510366532266174,0.984339617624658
16756,3,3,1,8.122409431447745e-05,0.0012615765848766195,8.22059622693433e-05,0.9961120744121764,0.0024629189463632943,0.9961120744121764
13255,2,2,1,0.0005579118374017041,2.3633914464498868e-05,0.9975339406115892,3.774866548217106e-05,0.0018467649710625573,0.9975339406115892
15151,1,1,1,4.012725841132472e-05,0.9870753522338854,6.471499453344017e-05,0.011101849041308023,0.001717956471861861,0.9870753522338854
16639,3,3,1,8.26597349920544e-05,0.006156061536535267,0.00016370716843595794,0.988913444914392,0.0046841266456446404,0.988913444914392
18736,4,4,1,0.00013671960906689925,0.0016524207649461068,0.00021800908260544773,0.00041625417193171975,0.9975765963714499,0.9975765963714499
13659,2,2,1,0.0006295865842160929,7.394469851339278e-05,0.9764975765364861,0.0001789288314755167,0.022619963349309012,0.9764975765364861
12662,2,2,1,0.0011883943100333464,4.152752828342656e-05,0.9897439774424751,9.901676339769013e-05,0.008927083955810471,0.9897439774424751
18919,4,4,1,0.0001256538584793471,0.0153921471125534,0.00022576950516443485,0.00027834419587808684,0.9839780853279246,0.9839780853279246
11776,0,0,1,0.989351134925544,0.00019487974733615353,0.005695201417360978,0.00023127466124744236,0.004527509248511356,0.989351134925544
17342,3,3,1,0.00029699449086041495,0.0013571590321821499,0.001106076348504598,0.946283739352787,0.05095603077566584,0.946283739352787
14658,1,1,1,2.2731725443749946e-05,0.9922065597287079,5.37348772018123e-05,0.0062303342070845385,0.001486639461561961,0.9922065597287079
19008,4,4,1,0.0009087095581130379,0.09060075368150741,0.0016269586658587008,0.2041723918941485,0.7026911862003724,0.7026911862003724
18835,4,4,1,0.0016191029860157156,0.009701994342384885,0.0004937680431015562,0.0004672106968838794,0.987717923931614,0.987717923931614
10389,0,0,1,0.9989058936639459,0.00011244719019131162,0.0002809549916607812,0.00010382755690856934,0.0005968765972937031,0.9989058936639459
13545,2,2,1,0.0034369306432976664,0.00011608700344617943,0.9505944089776082,0.0007197071527206912,0.04513286622292736,0.9505944089776082
14958,1,1,1,4.504225638513836e-05,0.9933306900607086,8.91539673758812e-05,0.00467311319805957,0.0018620005174705574,0.9933306900607086
12976,2,2,1,0.007382847307365402,0.00023113189675987638,0.9765254668623217,0.0022039011260973408,0.01365665280745564,0.9765254668623217
17828,3,3,1,0.0013260849817779295,0.002195894206159913,0.0021055279985578777,0.8477055947570324,0.14666689805647193,0.8477055947570324
19248,4,4,1,0.0005259866589432321,0.0025274532480698,0.00030045241863660194,0.0009983869097815613,0.9956477207645689,0.9956477207645689
12688,2,2,1,0.003955413990592968,4.482782651877412e-05,0.9844992393705249,7.384942830032852e-05,0.011426669384062883,0.9844992393705249
13829,2,2,1,0.0006009842413727368,3.430818444385998e-05,0.9948391138200763,5.250041561164713e-05,0.0044730933384954505,0.9948391138200763
17798,3,3,1,0.0006968728169635895,0.003198887030381409,0.0017453941351230416,0.817110965154859,0.1772478808626729,0.817110965154859
13687,2,2,1,0.0001462160884230868,4.634377384867096e-05,0.9952474065786416,0.00014361489937451445,0.0044164186597120715,0.9952474065786416
14141,1,1,1,5.825949864379797e-05,0.9750923734998737,0.00014879774556336765,0.01201644173542864,0.012684127520490607,0.9750923734998737
15844,1,1,1,6.570190390660157e-05,0.9936271552225601,9.889919259855852e-05,0.0010349413679117921,0.005173302313023087,0.9936271552225601
18019,4,3,0,0.0024942238443214516,0.013794343498750257,0.003111501560817977,0.6896839138162691,0.2909160172798411,0.6896839138162691
19543,4,4,1,0.0015133690972606744,0.00010081213442959011,0.05140300708305163,0.0001668458512877192,0.9468159658339703,0.9468159658339703
11727,0,0,1,0.9845466983518253,0.0004763188655538855,0.005221414967731913,0.000710307150642683,0.009045260664246052,0.9845466983518253
19858,4,4,1,0.019386125998895463,0.00029414648841205663,0.3534320208699851,0.0004793619178835997,0.6264083447248238,0.6264083447248238
11239,0,0,1,0.9739994795413702,0.00014802518028698812,0.015679864331591874,0.00038188208612665865,0.00979074886062449,0.9739994795413702
10581,0,0,1,0.9983605318405964,0.00011192905203735345,0.0002492832328937294,0.0001228824353573316,0.0011553734391151255,0.9983605318405964
15328,1,1,1,4.579265452158037e-05,0.9719870448023785,0.00010687570553026237,0.02394066852707594,0.0039196183104936045,0.9719870448023785
16638,3,3,1,0.0007906053213338635,0.004885100757257757,0.005211032411328665,0.8606514656261413,0.12846179588393855,0.8606514656261413
13552,2,2,1,0.022860974805644734,0.0005021593651516166,0.5632322843411329,0.0012629930063261523,0.4121415884817447,0.5632322843411329
12784,2,2,1,0.00110538352706612,5.1369100112710896e-05,0.9915911671229745,0.00010334135361672061,0.007148738896229928,0.9915911671229745
15647,1,1,1,0.00011603400702025374,0.9761639036431257,0.00024408383689124437,0.008486289866023492,0.01498968864693933,0.9761639036431257
18351,4,4,1,0.054062261783638196,0.000347433883953552,0.022460926796306974,0.0009352640067877325,0.9221941135293135,0.9221941135293135
13653,2,2,1,0.0003251085630686086,2.4660628456125476e-05,0.9964711358953822,4.740184385868928e-05,0.0031316930692345366,0.9964711358953822
19067,4,4,1,0.0014413331078252198,0.007956920976994705,0.002945995255405158,0.006029950234653796,0.9816258004251212,0.9816258004251212
11566,0,0,1,0.9945126520083559,7.668227980975628e-05,0.003948889085825582,0.00010364548143037293,0.0013581311445783942,0.9945126520083559
13819,2,2,1,0.00046038465422949045,2.4644353459394152e-05,0.9973579619420648,4.1221922448904985e-05,0.0021157871277973487,0.9973579619420648
11901,0,0,1,0.7678859559859517,0.0002279938877907753,0.21317383223789588,0.0007401587497821642,0.01797205913857947,0.7678859559859517
12811,2,2,1,0.0010736967246495201,5.6905175943986903e-05,0.983326515856742,0.0001053616927110282,0.01543752054995324,0.983326515856742
15417,1,1,1,2.3287982486197188e-05,0.9944160404166965,6.480678238889713e-05,0.004570730921760289,0.0009251338966682918,0.9944160404166965
18406,4,4,1,0.0013385538870856742,0.0017130047839282445,0.006174263050116531,0.3282278047781767,0.6625463735006929,0.6625463735006929
14028,1,1,1,2.66868323423979e-05,0.9950522278890093,5.537612483913664e-05,0.002675486817090664,0.002190222336718519,0.9950522278890093
15808,1,1,1,5.399087001820926e-05,0.9884015910996281,8.7850867023506e-05,0.0017306489346654243,0.009725918228664856,0.9884015910996281
11669,0,0,1,0.9975944158450526,6.27973180611952e-05,0.0013690061646869347,9.339488033748812e-05,0.0008803857918619383,0.9975944158450526
14261,1,1,1,1.9615138663580653e-05,0.9968338479958853,4.114087034094097e-05,0.0011782867778652353,0.0019271092172449785,0.9968338479958853
18355,4,4,1,0.1300414703365328,0.0012764466959107863,0.17733465522579642,0.0049168639556204105,0.6864305637861396,0.6864305637861396
12101,2,2,1,0.00032633169984690267,4.741714898950032e-05,0.9803221517993755,0.000244277989841249,0.019059821361946942,0.9803221517993755
15128,1,1,1,0.00011953732613117535,0.9246602290635745,0.00016925555748402573,0.06501949727636785,0.01003148077644266,0.9246602290635745
18620,4,4,1,0.0017543551364085583,0.08340969463355401,0.001934366694213581,0.16036707251093016,0.7525345110248937,0.7525345110248937
10636,0,0,1,0.9995874091532624,5.4606405811153465e-05,0.00011493708499436566,4.5289344629188034e-05,0.00019775801130285327,0.9995874091532624
13373,2,2,1,0.0008336351650952578,4.7848414326936157e-05,0.9813037280980825,0.00016570543917759898,0.01764908288331764,0.9813037280980825
18282,4,4,1,0.15514115660751437,0.0006833611906704485,0.1817777893013407,0.0017410041327871396,0.6606566887676875,0.6606566887676875
14631,1,1,1,1.976134517084395e-05,0.9929338440143656,4.0607857824665664e-05,0.0061545363989865395,0.0008512503836524573,0.9929338440143656
19748,4,4,1,0.30858717250296086,0.0006777341293916372,0.020425926492505322,0.0011981604170039713,0.6691110064581383,0.6691110064581383
17599,3,3,1,0.0005074884279735194,0.0019840592492299455,0.00051760822751177,0.9738945205644818,0.023096323530803063,0.9738945205644818
14907,1,1,1,1.540222724565041e-05,0.9935603452631218,3.457689861802342e-05,0.0053501948946337,0.0010394807163807591,0.9935603452631218
10675,0,0,1,0.9937051694737148,0.00044124804739577794,0.0023618947530593473,0.0005207161208679432,0.0029709716049621565,0.9937051694737148
12820,2,2,1,0.001740047440077467,8.757667666778287e-05,0.9912797931113817,0.00017398262443946462,0.006718600147433435,0.9912797931113817
17490,3,3,1,0.00036155393064267905,0.005742259560000849,0.0011277806662837655,0.9480411950682545,0.04472721077481837,0.9480411950682545
10740,0,0,1,0.9994950593677405,7.71729290797528e-05,0.00016896003830209732,5.0884442710948964e-05,0.00020792322216645366,0.9994950593677405
12169,2,2,1,0.002471077694463389,2.2176419400276765e-05,0.9952786558858003,3.66352385854234e-05,0.002191454761750569,0.9952786558858003
11326,0,0,1,0.9233938636352972,0.0003218982694350903,0.005793223630104694,0.0004242295199612552,0.07006678494520183,0.9233938636352972
18444,4,4,1,0.06557764315883337,0.0008686854846279339,0.04089108569525777,0.002738880482731496,0.8899237051785495,0.8899237051785495
10392,0,0,1,0.9976024033103174,0.00013878614021650947,0.000742775911290939,0.00021318043353400147,0.0013028542046409665,0.9976024033103174
19708,4,4,1,0.020806494671089432,0.0009307400089246503,0.47736034629851076,0.0014082486915426694,0.4994941703299325,0.4994941703299325
10597,0,0,1,0.9956794089500246,0.00031983414945764446,0.0004737897145016011,0.0005588277428144543,0.002968139443201683,0.9956794089500246
18584,4,4,1,0.0010704016708393156,0.001386122682130269,0.003495992435630224,0.08225178116328277,0.9117957020481173,0.9117957020481173
19369,4,4,1,0.0004297173837308379,0.00017843547833742694,0.03139967062310611,0.0002694562969395843,0.967722720217886,0.967722720217886
10367,0,0,1,0.9846653882705825,4.3216152602578564e-05,0.009667776136385357,7.306141487799407e-05,0.005550558025551769,0.9846653882705825
16380,3,3,1,0.00022975986120279276,0.01307511031583526,0.00026459466653104433,0.9682245031652609,0.018206031991170036,0.9682245031652609
14977,1,1,1,3.878667298210543e-05,0.991746409301866,0.00012658219985403534,0.006365837950800471,0.0017223838744972614,0.991746409301866
18390,4,4,1,0.13789421524275697,0.00047695828578461384,0.03955808358599223,0.001015376576305175,0.8210553663091611,0.8210553663091611
11213,0,0,1,0.945760177291383,0.00022036215514107424,0.01607867389133048,0.0003635745621269922,0.037577212100018575,0.945760177291383
16622,3,3,1,0.0008059695027457915,0.003333088001130803,0.0005000811283511935,0.956123055580089,0.03923780578768323,0.956123055580089
15016,1,1,1,0.000147451085651169,0.975676490611692,0.00024651109657370046,0.016966178607295324,0.006963368598787628,0.975676490611692
19104,4,4,1,0.00024235543683676387,0.17609376999656695,0.00045826472571256307,0.00896886319567268,0.8142367466452111,0.8142367466452111
14687,1,1,1,2.0696294692298013e-05,0.9934867261426107,3.9383834667952625e-05,0.005351661428307324,0.0011015322997216799,0.9934867261426107
11467,0,0,1,0.996466118441088,4.8522321427503924e-05,0.0010985362360067521,9.495334832731684e-05,0.0022918696531501856,0.996466118441088
10737,0,0,1,0.9995820140991939,6.191072192975866e-05,0.00010949334967893266,4.285857994126027e-05,0.00020372324925644426,0.9995820140991939
15803,1,1,1,3.7484275514068004e-05,0.9904886224181175,8.658314015971595e-05,0.004957735380146339,0.004429574786062267,0.9904886224181175
13145,2,2,1,0.004597217941911511,0.00010180848694509636,0.9702538799491787,0.0005255310809340997,0.024521562541030686,0.9702538799491787
15634,1,1,1,6.0378159291695716e-05,0.9875729414275541,0.00010976216618422876,0.003895559231663311,0.008361359015306635,0.9875729414275541
11676,0,0,1,0.9978094342800303,5.8032622542537434e-05,0.0012090905840368323,9.130756914207319e-05,0.00083213494424835,0.9978094342800303
18421,4,4,1,0.0022863566231111983,0.00022985103138491007,0.0036461644512775235,0.00306680734838411,0.9907708205458423,0.9907708205458423
14029,1,1,1,2.6955257830419394e-05,0.9948893192156332,4.5546973035850855e-05,0.00248812682344143,0.0025500517300593097,0.9948893192156332
10824,0,0,1,0.9912139900536914,6.203263079799024e-05,0.005452727761304929,0.00038295595792091244,0.0028882935962848385,0.9912139900536914
14316,1,1,1,8.098518713166635e-05,0.9605786635898391,0.00014793412101671153,0.033902107736706044,0.005290309365306515,0.9605786635898391
17018,3,3,1,0.00033925153814977647,0.14945408203592214,0.0006332789921771241,0.8256823046209399,0.023891082812811038,0.8256823046209399
13481,2,2,1,0.0036805248619610187,0.0001940394125031848,0.9694842876549176,0.00511766108170706,0.02152348698891099,0.9694842876549176
10374,0,0,1,0.9777965782100798,6.132819053364887e-05,0.012454263874919057,0.00013458465915875176,0.009553245065308571,0.9777965782100798
13228,2,2,1,0.008120683637651293,0.00011212346819502244,0.9680458363573802,0.0010185428294184127,0.02270281370735508,0.9680458363573802
10258,0,4,0,0.010410929936925833,0.00026543053881832127,0.01074065299186447,0.0007531109103193162,0.9778298756220721,0.9778298756220721
15487,1,1,1,2.712181318717648e-05,0.9918871366569311,5.464372091761719e-05,0.005904972392051156,0.0021261254169128814,0.9918871366569311
11400,0,0,1,0.9775321623628911,0.00010165667578120917,0.016816247539675123,0.00030049378227647253,0.0052494396393761265,0.9775321623628911
14225,1,1,1,6.170779196380443e-05,0.9919537713636872,6.981539235022804e-05,0.0028982378754483762,0.0050164675765502955,0.9919537713636872
19692,4,4,1,0.001648214851071659,0.00013101081437107677,0.15554874758557374,0.00022749981358350884,0.8424445269354,0.8424445269354
18094,4,3,0,0.000274063900977432,0.0048233519115822975,0.0007083362261471894,0.9647208130429543,0.029473434918338825,0.9647208130429543
17006,3,3,1,0.00013153960462233325,0.004978363937783888,0.00014369411523838823,0.9906069422950038,0.0041394600473516705,0.9906069422950038
13568,2,2,1,0.0008594466038808221,3.6795826285605695e-05,0.9963967999502799,5.6137919748774424e-05,0.002650819699805121,0.9963967999502799
15027,1,1,1,5.658890224910155e-05,0.9760060076221682,8.902696266302843e-05,0.020211695929945227,0.0036366805829743973,0.9760060076221682
17045,3,3,1,0.00011507072631129649,0.008886333916241522,0.00017445021585553309,0.9870200294685376,0.0038041156730539392,0.9870200294685376
15580,1,1,1,3.636167597864508e-05,0.9923988487686296,7.027376400915594e-05,0.003280932286819049,0.004213583504563502,0.9923988487686296
12577,2,2,1,0.005790757079811798,4.921314095259283e-05,0.9805623333407262,9.149319845729091e-05,0.013506203240052276,0.9805623333407262
16642,3,3,1,0.00015953126255175304,0.01076139399044437,0.000191953182511381,0.9646447585102312,0.02424236305426105,0.9646447585102312
15384,1,1,1,3.090671363735524e-05,0.9902995639299816,6.997572436594489e-05,0.006896427411813816,0.0027031262202013074,0.9902995639299816
15840,1,1,1,0.00019202359832053693,0.9953541443897204,0.00014219426231596704,0.0001926633162663761,0.004118974433376794,0.9953541443897204
13788,2,2,1,0.0007352241254365449,2.8647695360634435e-05,0.9972873650300588,5.136936599029358e-05,0.0018973937831535676,0.9972873650300588
14612,1,1,1,1.6678451103574822e-05,0.993672423669525,3.934900110414372e-05,0.0052449021384906,0.0010266467397766295,0.993672423669525
19850,4,4,1,0.008865672462917052,0.0002165185588373633,0.4874778468333569,0.0003524924424848858,0.5030874697024038,0.5030874697024038
11684,0,0,1,0.9961773007368876,8.192299823268939e-05,0.0022846076628662763,0.0001464272846063126,0.0013097413174071244,0.9961773007368876
12305,2,2,1,0.014269717897155308,7.109517190315546e-05,0.9696177075343335,0.00019469295502366578,0.01584678644158436,0.9696177075343335
14625,1,1,1,2.4253835312181674e-05,0.9924617837881492,4.134522236135909e-05,0.006550304535705449,0.0009223126184718296,0.9924617837881492
17681,3,3,1,0.0008052704773473398,0.01948478524360142,0.001907047411157741,0.8957797586589079,0.08202313820898567,0.8957797586589079
18128,4,4,1,0.004216796137171953,0.00045733979638837524,0.017982150275843448,0.005725695324582769,0.9716180184660135,0.9716180184660135
19189,4,4,1,0.0005812208257243358,0.00789339802870208,0.00040159175093529336,0.0005932127060447279,0.9905305766885935,0.9905305766885935
10023,0,0,1,0.977104475881215,3.40738143567313e-05,0.020030917896086995,6.536565595823003e-05,0.0027651667523830394,0.977104475881215
10616,0,0,1,0.9994487257344856,7.957943454069641e-05,0.0001339260755402538,5.7119764903959467e-05,0.0002806489905295825,0.9994487257344856
10628,0,0,1,0.9992735272943346,8.583530380620751e-05,0.0001415947376642584,7.81846625241007e-05,0.0004208580016706764,0.9992735272943346
13495,2,2,1,0.007039926162652889,7.706381611570212e-05,0.9070864113128707,0.00016536124980804964,0.08563123745855271,0.9070864113128707
12514,2,2,1,0.03171611198595418,5.413430879659417e-05,0.9625891390097825,0.00011922762056553071,0.005521387074901252,0.9625891390097825
17040,3,3,1,0.0003258094096208988,0.06643671614037311,0.0003579952753632009,0.9004464950514506,0.032432984123192204,0.9004464950514506
13232,2,2,1,0.0006906867183218534,3.655120337424348e-05,0.9946585010646568,6.95210158788819e-05,0.0045447399977682715,0.9946585010646568
12508,2,2,1,0.007248800143091987,3.8258979486743665e-05,0.9836814572628987,9.070353556688324e-05,0.008940780078955603,0.9836814572628987
13395,2,2,1,0.005499528159410176,4.342577332150815e-05,0.981483969167048,0.00012324700244777323,0.012849829897772638,0.981483969167048
18819,4,4,1,0.0005926754721916508,0.03384295103302603,0.0006702328686721242,0.0013421387961864814,0.9635520018299237,0.9635520018299237
16713,3,3,1,0.0002527911581038309,0.015248388728653126,0.000442061219700786,0.9351471945037235,0.048909564389818784,0.9351471945037235
11864,0,0,1,0.9895779274313298,5.5273777118700754e-05,0.008359751129344145,0.00018176899377438072,0.0018252786684329826,0.9895779274313298
12196,2,2,1,0.013108893923107311,8.410210730990154e-05,0.9813106363278976,0.00018217108011378324,0.005314196561571389,0.9813106363278976
18089,4,4,1,0.0016506418125297137,0.0006230716943991353,0.008807697817580201,0.012205215599860028,0.976713373075631,0.976713373075631
12381,2,2,1,0.00024892190441667397,3.262053361025355e-05,0.9858033532958493,0.00013826214143318182,0.013776842124690625,0.9858033532958493
12419,2,2,1,0.0034520218694308025,3.6567584443719654e-05,0.9870088648687567,6.840487779290378e-05,0.009434140799575991,0.9870088648687567
14902,1,1,1,3.099780281896072e-05,0.9930290872278403,8.030157587523993e-05,0.0054337027968063435,0.0014259105966592464,0.9930290872278403
11650,0,0,1,0.9925400295739758,0.00015997258902715486,0.00356042518347612,0.0002732620218492146,0.0034663106316716636,0.9925400295739758
13905,2,2,1,0.14846513104929754,0.0003552516924242263,0.8267534152988067,0.0012344680928881627,0.02319173386658322,0.8267534152988067
10194,0,0,1,0.9783762974104555,5.2495536480588914e-05,0.016901186448573226,0.00010123730281606875,0.0045687833016748395,0.9783762974104555
14531,1,1,1,6.076326684498078e-05,0.9555816820687991,0.0001324276849785898,0.0373537876912907,0.006871339288086448,0.9555816820687991
18138,4,4,1,0.0031078254171785042,0.0024895953575874087,0.0028355213354055273,0.27251688398163143,0.7190501739081973,0.7190501739081973
18463,4,4,1,0.0018449775556515198,0.07608954657696256,0.0036388638599091994,0.30361327487081796,0.6148133371366589,0.6148133371366589
15193,1,1,1,7.044185967718401e-05,0.9565998182973268,0.00010240062856696787,0.03965694410858311,0.003570395105845841,0.9565998182973268
18705,4,4,1,0.00022470091789940683,0.0411302772106018,0.0004770376099300281,0.0036824667804693308,0.9544855174810996,0.9544855174810996
17052,3,3,1,0.00024242201286056654,0.0031287190997695974,0.0001787931676558844,0.9815425315687983,0.014907534150915523,0.9815425315687983
16987,3,3,1,0.0008491976468274884,0.017538022414428495,0.002362431321806122,0.8150972407326977,0.1641531078842401,0.8150972407326977
17126,3,3,1,0.0005185607288225775,0.02772115160090007,0.0007348988434812133,0.9402167156819041,0.030808673144892128,0.9402167156819041
18237,4,3,0,0.0004387770800348217,0.0033282752037473735,0.0005802221788962705,0.9437056214912594,0.051947104046062356,0.9437056214912594
15142,1,1,1,3.1273883491510016e-05,0.9890804522951631,6.84943539457519e-05,0.007979967859884165,0.0028398116075154683,0.9890804522951631
17564,3,3,1,0.00020612409050983532,0.004971243295081619,0.0004051367392754249,0.9650822382996193,0.02933525757551376,0.9650822382996193
15260,1,1,1,0.00018146648436038462,0.8398947073083244,0.0003351244530983739,0.15343258257310582,0.006156119181111229,0.8398947073083244
19919,4,4,1,0.0016596742900465305,0.00010720349719956343,0.06662172537360128,0.00013152672473899974,0.9314798701144136,0.9314798701144136
13993,1,1,1,0.00013985662210504803,0.8877508093465456,0.0003320240649968113,0.09896697121155812,0.012810338754794565,0.8877508093465456
18015,4,4,1,0.002209016839472354,0.00039524542008919684,0.0064527723408691244,0.007114057661009881,0.9838289077385595,0.9838289077385595
14009,1,1,1,1.9240546744651844e-05,0.9928787371422811,4.571505367107815e-05,0.005974515152220732,0.0010817921050823328,0.9928787371422811
13324,2,2,1,0.008173038792164593,3.589480668842935e-05,0.9835827031842109,9.484658111421841e-05,0.008113516635822075,0.9835827031842109
15593,1,1,1,2.060983415750962e-05,0.9896119535771588,4.510317717007623e-05,0.00854575258631309,0.0017765808252005219,0.9896119535771588
14573,1,1,1,2.2210329325342545e-05,0.9910276118558252,5.343155870936029e-05,0.006392033978587591,0.0025047122775524585,0.9910276118558252
17759,3,3,1,0.0003462562692248678,0.001863546640082074,0.0008399583585235541,0.9568778812202541,0.04007235751191538,0.9568778812202541
12644,2,2,1,0.014556198620588922,3.1080384042783625e-05,0.9806170002351605,6.458034724840162e-05,0.004731140412959372,0.9806170002351605
16684,3,3,1,6.844858964496785e-05,0.004338268863048122,8.520871575145488e-05,0.9928882202908373,0.0026198535407181834,0.9928882202908373
15270,1,1,1,5.4363457828504445e-05,0.9815446337961077,0.00011052640986128469,0.012122907915178989,0.006167568421023509,0.9815446337961077
18011,4,4,1,0.006312303501670583,0.0003081754657027186,0.014813708675093037,0.003316820257328041,0.9752489921002055,0.9752489921002055
14219,1,1,1,2.260965547500677e-05,0.9937557082783217,4.7645267166729375e-05,0.004764269345860896,0.0014097674531757907,0.9937557082783217
19357,4,4,1,0.005892428671224621,0.00016336426374589957,0.1742110923114039,0.0002770788122337263,0.8194560359413918,0.8194560359413918
11951,2,2,1,0.00042926935257181324,3.9621638919977166e-05,0.9889105517636451,0.0003631921670879616,0.010257365077775086,0.9889105517636451
18450,4,4,1,0.034014936065671485,0.001273810793090925,0.058049677081309946,0.0063294054040426845,0.9003321706558849,0.9003321706558849
17315,3,3,1,0.0014411153270024281,0.002863217914666119,0.00274142420370207,0.837717854698833,0.1552363878557964,0.837717854698833
13170,2,2,1,0.0036098451321154796,0.00012437932678507652,0.9674336177018681,0.0006485221390876911,0.028183635700143567,0.9674336177018681
11485,0,0,1,0.9896879563285969,6.789180246643394e-05,0.0078101092974539555,0.0001903765689867891,0.002243666002495989,0.9896879563285969
19097,4,4,1,0.0005795851606641662,0.006209640641169991,0.0002549402284587176,0.0003888815942782843,0.9925669523754288,0.9925669523754288
11804,0,0,1,0.9871035909841362,8.668858715585387e-05,0.010483313052230096,0.00015383630161136194,0.002172571074866406,0.9871035909841362
19911,4,4,1,0.00037196349796806766,0.00019621540506904907,0.2497273446644947,0.00041417288024086867,0.7492903035522273,0.7492903035522273
12259,2,2,1,0.002146030299895657,7.048981523068576e-05,0.9899898775947398,0.0001661258557167576,0.007627476434417245,0.9899898775947398
13133,2,2,1,0.0008269219640785594,5.395228740818932e-05,0.9920165976715604,0.00013264603836861828,0.00696988203858415,0.9920165976715604
14694,1,1,1,2.497037451643971e-05,0.9905303515549755,5.400387389482699e-05,0.007840643342212777,0.0015500308544002007,0.9905303515549755
15134,1,1,1,3.008660402496857e-05,0.9896345457288334,6.43641935294618e-05,0.007986321761129466,0.0022846817124825684,0.9896345457288334
19162,4,1,0,0.0003260309802539468,0.567498447715352,0.0005705900439106883,0.018647995973386337,0.41295693528709715,0.567498447715352
10804,0,0,1,0.97179483305468,9.783646512413746e-05,0.02432035855980298,0.0003631057812320331,0.0034238661391608888,0.97179483305468
13547,2,2,1,0.0010110870264350897,0.00023842472014250066,0.8016368179927464,0.0005579422165821894,0.19655572804409394,0.8016368179927464
10214,0,0,1,0.9753721837136436,5.830594351932042e-05,0.01878153798449712,0.0001285751674458421,0.005659397190894184,0.9753721837136436
16568,3,1,0,7.237888311525729e-05,0.977465776683608,0.00014684062839552322,0.02055994273577575,0.0017550610691055087,0.977465776683608
17505,3,3,1,0.0008481390492313606,0.011610722108509643,0.0033007617755869204,0.5897409308997402,0.39449944616693183,0.5897409308997402
16902,3,3,1,0.00025750825544237443,0.07823022400763474,0.00037001322915509034,0.9009068746375478,0.020235379870220026,0.9009068746375478
11740,0,0,1,0.9923849818692275,0.00012949100728665245,0.004714602770306892,0.0001488735863795837,0.0026220507667993683,0.9923849818692275
15145,1,1,1,2.363367335804238e-05,0.9910217019093933,5.316437679160712e-05,0.007617971656788036,0.0012835283836690097,0.9910217019093933
19701,4,4,1,0.0003413955330919128,9.934676260255725e-05,0.059689126428342426,0.00018214991001396744,0.9396879813659491,0.9396879813659491
14456,1,1,1,2.4347526175091947e-05,0.9926008228623955,5.0211962394152554e-05,0.006040109051725424,0.001284508597309925,0.9926008228623955
16056,3,3,1,0.00013854661198098572,0.02567766796102185,0.00020242708897945548,0.9608379922843095,0.013143366053708076,0.9608379922843095
12225,2,2,1,0.0006902339209385879,2.6628636537980684e-05,0.9927745791652944,0.00012596316748483518,0.006382595109744111,0.9927745791652944
14970,1,1,1,0.00010176318927636283,0.9875348711845147,0.00039574697596292315,0.007011291632847267,0.004956327017398782,0.9875348711845147
9997,0,0,1,0.9758909920513694,2.9671283723809144e-05,0.022075913114559947,5.573423546030371e-05,0.0019476893148866184,0.9758909920513694
13250,2,2,1,0.0014191310700969687,4.689967670133536e-05,0.9932591262329502,0.00013476906582858496,0.005140073954422924,0.9932591262329502
14636,1,1,1,2.4210937430381916e-05,0.9928974960840736,5.498751802614864e-05,0.005738597031289217,0.001284708429180808,0.9928974960840736
13384,2,2,1,0.002523929113962748,6.063826532335205e-05,0.9903509211546898,0.00014197008777780702,0.00692254137824634,0.9903509211546898
18377,4,4,1,0.04825580249235727,0.0019500255744756246,0.2595039436389822,0.039176924269150315,0.6511133040250346,0.6511133040250346
15628,1,1,1,0.00015302475328395136,0.9438356258619007,0.0002529002069756269,0.003234585568970015,0.05252386360886956,0.9438356258619007
18012,4,4,1,0.02625814771863996,0.0006667152844125052,0.027761551643532886,0.0026636178077886928,0.9426499675456259,0.9426499675456259
17179,3,3,1,0.00010127440396558351,0.010456976302030598,0.00012745930661041318,0.983565790898461,0.005748499088932563,0.983565790898461
10845,0,0,1,0.9937026295583747,6.996481882223294e-05,0.004039721533478309,0.000243212195364019,0.0019444718939607246,0.9937026295583747
13587,2,2,1,0.0012940198751266413,5.763054509864804e-05,0.9871952078585671,0.0001220843397144403,0.011331057381493146,0.9871952078585671
11746,0,0,1,0.9950706008824565,9.394912162216564e-05,0.0032413605790491853,0.00012289409788777514,0.0014711953189844086,0.9950706008824565
10946,0,0,1,0.992703514493132,5.566626160150746e-05,0.005045273629471275,0.0002012147904116832,0.0019943308253838224,0.992703514493132
10765,0,0,1,0.9994777980881598,8.573256278701501e-05,0.0001632125048504006,5.3231703814939725e-05,0.00022002514038770317,0.9994777980881598
17589,3,3,1,0.0007753029752290715,0.0012674851511943975,0.0007366364056314181,0.9457086293565917,0.051511946111353374,0.9457086293565917
15254,1,1,1,0.0001019938498935399,0.9368526172766052,0.00014952683631884158,0.058153739188313396,0.004742122848868883,0.9368526172766052
18210,4,4,1,0.0020936181680659767,0.0008325612957931758,0.0029318126204828923,0.03788461868491619,0.9562573892307419,0.9562573892307419
12453,2,2,1,0.0030135732371121063,5.995030370160157e-05,0.9711959176025744,0.00011399561362690688,0.025616563242984853,0.9711959176025744
19738,4,4,1,0.0012810322682293444,0.00012549516612571905,0.06975388059458042,0.00021619769212454176,0.92862339427894,0.92862339427894
11048,0,0,1,0.9948116367929437,6.158826186226862e-05,0.002933236736132069,0.00020335303157104187,0.0019901851774906014,0.9948116367929437
19405,4,4,1,0.0004175666281585058,0.00014264642713252126,0.14298071034554177,0.0003469893303497048,0.8561120872688176,0.8561120872688176
19385,4,4,1,0.00304883837842488,0.00034859743767941167,0.09590748387280831,0.0009884858911566278,0.8997065944199307,0.8997065944199307
14086,1,1,1,2.6656737905838897e-05,0.9934413596473917,5.66488744638926e-05,0.0025127419276117524,0.003962592812626921,0.9934413596473917
12997,2,2,1,0.0023413220020636507,5.430239056747055e-05,0.9750458653162104,0.00020121552753071811,0.022357294763627755,0.9750458653162104
12792,2,2,1,0.0029210477602378267,0.00039332519315016,0.6884165766918949,0.0008611924312417423,0.30740785792347525,0.6884165766918949
11045,0,0,1,0.9937508776974878,5.567358051210376e-05,0.003984988728992977,0.00019507290056171233,0.0020133870924452517,0.9937508776974878
15084,1,1,1,3.345306289989777e-05,0.9888914588862464,5.584980558738296e-05,0.009178346109875135,0.00184089213539119,0.9888914588862464
13964,1,1,1,2.330268430294802e-05,0.9924137311754756,4.5158538906462705e-05,0.006092098139184077,0.001425709462130969,0.9924137311754756
13053,2,2,1,0.0036135447750285906,0.00022268398089832862,0.8900280435767675,0.0005138693565396543,0.10562185831076594,0.8900280435767675
14185,1,1,1,2.5415454637586767e-05,0.9947802896515491,4.758042300649869e-05,0.003410411010348843,0.0017363034604580354,0.9947802896515491
12310,2,2,1,0.003426027063474215,3.281453835908303e-05,0.9918258647260038,7.02533864709304e-05,0.004645040285691953,0.9918258647260038
17572,3,3,1,0.0005686357964948758,0.0022108389476672738,0.0005863935555645835,0.9226217483972927,0.07401238330298059,0.9226217483972927
15801,1,1,1,8.503907853987481e-05,0.9728777752424308,0.00017434426830815003,0.002515768564245571,0.024347072846475457,0.9728777752424308
11795,0,0,1,0.9917102861104413,7.277842216409223e-05,0.006812054503442365,9.723899444769718e-05,0.001307641969504537,0.9917102861104413
18107,4,3,0,0.0014603599671160756,0.005139207266555705,0.0030372214376697187,0.8699659133001391,0.1203972980285194,0.8699659133001391
15026,1,1,1,4.784306807175055e-05,0.9688794245672359,9.080361982328526e-05,0.025540494070996456,0.005441434673872837,0.9688794245672359
18685,4,4,1,0.0002951206330726614,0.012460671488438421,0.0004159352407128453,0.0024595360677657093,0.9843687365700104,0.9843687365700104
10629,0,0,1,0.9995741595937916,5.458864905456164e-05,0.00013774128871863218,4.076693780561366e-05,0.00019274353062953952,0.9995741595937916
10265,0,0,1,0.9826739322333831,7.970176386011396e-05,0.007927097517530403,0.00016045994810374528,0.009158808537122606,0.9826739322333831
13057,2,2,1,0.00031635447932283736,3.3058511315318896e-05,0.997317593893514,5.275240382678073e-05,0.002280240712021021,0.997317593893514
12258,2,2,1,0.004661358418432894,2.9080341054043777e-05,0.9915079742203224,5.7668691952901774e-05,0.0037439183282377336,0.9915079742203224
11253,0,0,1,0.9339577732936615,0.000187968975797989,0.0035716049239468933,0.00031662106346175105,0.06196603174313215,0.9339577732936615
12991,2,2,1,0.0009090100268669451,0.0001117780529061748,0.9832121207949098,0.0005701659158579007,0.015196925209459148,0.9832121207949098
17567,3,3,1,0.0004023458129664757,0.0012526030181523845,0.0005406322225081232,0.953833580265703,0.04397083868067003,0.953833580265703
11402,0,0,1,0.9894437695688896,8.77319525987794e-05,0.00251823456101775,0.00015357114280903968,0.00779669277468503,0.9894437695688896
13074,2,2,1,0.00037417747204640577,0.00013233991323390824,0.8726859579483922,0.0005228816378317592,0.12628464302849568,0.8726859579483922
15416,1,1,1,4.9936525833754886e-05,0.979340277445055,8.493223813849951e-05,0.01618204609009675,0.00434280770087584,0.979340277445055
15921,1,1,1,0.000547749660665961,0.9338978109606741,0.00039940563037795207,0.0020199868637796902,0.06313504688450229,0.9338978109606741
11649,0,0,1,0.9908981207253167,6.671760450941353e-05,0.006344662832296232,0.0001257919170023745,0.002564706920875143,0.9908981207253167
19092,4,4,1,0.000186726546879103,0.18640786628392866,0.0002951274076584679,0.004777239838395904,0.8083330399231379,0.8083330399231379
12080,2,2,1,0.003054424864153809,2.1100728343288883e-05,0.9929217575408491,3.905464706953109e-05,0.003963662219584276,0.9929217575408491
12878,2,2,1,0.001481500108287989,6.0332563129323646e-05,0.9904512226517216,0.00011910858148642799,0.007887836095374617,0.9904512226517216
18251,4,4,1,0.02328506902695278,0.0005099300540075893,0.031071522902457356,0.0021896021316491258,0.9429438758849332,0.9429438758849332
16068,3,3,1,0.0003280381000810252,0.040714565509456034,0.0003998693558486856,0.9316959005694627,0.026861626465151542,0.9316959005694627
17513,3,3,1,0.005284725979362694,0.005059572671567264,0.005185987202441471,0.5179560640737048,0.46651365007292384,0.5179560640737048
18253,4,4,1,0.0008556780467966819,0.0010505423086997064,0.008012156744111286,0.02365010833374299,0.9664315145666493,0.9664315145666493
14911,1,1,1,1.7470734553044876e-05,0.9932358211593181,3.6088271691456385e-05,0.005685147402067727,0.001025472432369952,0.9932358211593181
11751,0,0,1,0.9888158357146771,0.0001802180733344237,0.006766218747580287,0.00020534389324947192,0.00403238357115869,0.9888158357146771
17514,3,3,1,0.00018451301290534026,0.003241716298834854,0.00022421746390743945,0.9784592190932175,0.017890334131134732,0.9784592190932175
19147,4,4,1,0.0001262163799140403,0.032141921261971684,0.0001752721654038625,0.0014610648845001428,0.9660955253082103,0.9660955253082103
15831,1,1,1,2.710935905498013e-05,0.9931510139743503,5.47381572281252e-05,0.004277894376483574,0.0024892441328831965,0.9931510139743503
11784,0,0,1,0.9875279440441065,0.00011065186374358464,0.008942473744964393,0.0002608223916233593,0.0031581079555621843,0.9875279440441065
10319,0,0,1,0.9757526180162152,4.100474718257901e-05,0.020057292173758047,9.11714121200883e-05,0.00405791365072405,0.9757526180162152
10176,0,0,1,0.9750648114060809,3.8690960444040356e-05,0.020363431982511664,7.251555965263919e-05,0.004460550091310702,0.9750648114060809
18054,4,4,1,0.008215730486887746,0.0007296490519135023,0.010883383052192924,0.007703508356012128,0.9724677290529936,0.9724677290529936
12546,2,2,1,0.01745446817645235,4.627539771897103e-05,0.9755718318376297,9.768511264933846e-05,0.006829739475549516,0.9755718318376297
13207,2,2,1,0.0011272026324201255,0.00017719756761613455,0.9180919843222114,0.00038224466877841894,0.08022137080897399,0.9180919843222114
18331,4,4,1,0.004796161973234527,0.0025785932133038617,0.01898883610108855,0.020579397553035374,0.9530570111593377,0.9530570111593377
15904,1,1,1,6.84134502331119e-05,0.9713046072723979,0.00013103323284774346,0.01807523688542688,0.010420709159094411,0.9713046072723979
18401,4,4,1,0.003088207203685149,0.00320244653888916,0.004494942235443991,0.026805846511050842,0.9624085575109309,0.9624085575109309
12634,2,2,1,0.0005656316980134804,3.629429722970536e-05,0.9923973439184163,7.928088408469984e-05,0.006921449202255759,0.9923973439184163
17032,3,3,1,0.00023271427224800595,0.016052568207342494,0.00028001655431122074,0.9733445987446148,0.010090102221483504,0.9733445987446148
12123,2,2,1,0.001474052978231342,1.8424881039203153e-05,0.9960558568606914,4.423029088940225e-05,0.002407434989148789,0.9960558568606914
11371,0,0,1,0.9962201770542041,5.0540814550143793e-05,0.0021785365754170235,0.00012923552353080053,0.0014215100322981804,0.9962201770542041
13153,2,2,1,0.04802511687917994,0.00044123755057714055,0.91518547189437,0.0006718189036344108,0.03567635477223851,0.91518547189437
14532,1,1,1,1.9679362640166318e-05,0.9923104664452205,5.399000802030402e-05,0.006451990235002426,0.0011638739491166715,0.9923104664452205
11286,0,0,1,0.9616636623231637,0.0002322140696325337,0.0038172647916435835,0.00029588903911384446,0.033990969776446556,0.9616636623231637
17108,3,3,1,0.00020344479140751623,0.027861910603970783,0.0003910381607315341,0.9590125574045243,0.012531049039365808,0.9590125574045243
18630,4,3,0,0.0015768684430687938,0.02667163995858429,0.0028346790872775937,0.5515041439214805,0.41741266858958875,0.5515041439214805
14441,1,1,1,2.13778786416568e-05,0.9936718894570845,5.019004073211393e-05,0.004840992840896812,0.001415549782645073,0.9936718894570845
13500,2,2,1,0.00018148241597251664,4.834954892489077e-05,0.9874448278325145,0.00012167887812559899,0.012203661324462635,0.9874448278325145
17683,3,3,1,0.0026058323405730795,0.0036136804605517775,0.006344698802859741,0.6634245440393864,0.3240112443566289,0.6634245440393864
12160,2,2,1,0.0007044112994189453,4.635388472973536e-05,0.9831153425262327,0.0002285059101207601,0.015905386379497895,0.9831153425262327
10843,0,0,1,0.9930166749232358,5.462991717688344e-05,0.004684453208763105,0.0002124864131289735,0.0020317555376952777,0.9930166749232358
16887,3,3,1,8.788685987055551e-05,0.019940362600668046,0.00017833151687263055,0.975139203672899,0.004654215349689773,0.975139203672899
17456,3,3,1,0.00027140312586435646,0.0063367311236834445,0.0006810745272967857,0.9570534307816139,0.035657360441541504,0.9570534307816139
16268,3,3,1,0.00019096242308951853,0.03163987351600076,0.0003502420287765263,0.9585533253548235,0.009265596677309794,0.9585533253548235
14241,1,1,1,2.8095610326362126e-05,0.9963398755401366,5.990078952089873e-05,0.0015654150828423854,0.002006712977174067,0.9963398755401366
18640,4,4,1,0.0007932214715865147,0.03501900854751479,0.00048621283548549456,0.001773495848271166,0.9619280612971419,0.9619280612971419
14049,1,1,1,7.672888699080546e-05,0.9925594079378003,0.00012914936854610572,0.0011471291512497738,0.006087584655413274,0.9925594079378003
11115,0,0,1,0.9965710463255703,4.8655055683004093e-05,0.0019246387506249342,0.00015304980326870485,0.001302610064852881,0.9965710463255703
10621,0,0,1,0.9989971691891799,0.00010633285742684172,0.00024114607910653453,0.0001050739894510862,0.0005502778848356656,0.9989971691891799
14993,1,1,1,8.43291452204962e-05,0.9783482863400716,0.0001863368689043801,0.017675286571603662,0.0037057610741997116,0.9783482863400716
15112,1,1,1,2.3135674748269995e-05,0.9917601054972945,4.1800695794691137e-05,0.007128280206186215,0.0010466779259762835,0.9917601054972945
17952,4,4,1,0.003697546230419599,0.00807041224869449,0.007190499174938371,0.17341122863457337,0.8076303137113742,0.8076303137113742
12102,2,2,1,0.001040557436643696,2.5319605406622538e-05,0.9943399123454318,8.555589140987544e-05,0.004508654721108021,0.9943399123454318
10135,0,0,1,0.9836063733718033,2.6195663419022956e-05,0.014157665218848498,5.014353479981896e-05,0.002159622211129378,0.9836063733718033
16267,3,3,1,0.00025315431682161116,0.015607408620978817,0.0004094051970215124,0.9706386899481354,0.013091341917042552,0.9706386899481354
11509,0,0,1,0.9968334020055319,5.387297414886101e-05,0.0011846686263161702,0.000125437348461205,0.001802619045541836,0.9968334020055319
16673,3,3,1,0.0001039063319413689,0.018524630147323487,0.000208588156565924,0.9774537103415398,0.003709165022629309,0.9774537103415398
13736,2,4,0,0.00144529725066353,0.004461544011379703,0.004561933618271702,0.4855378369981548,0.5039933881215302,0.5039933881215302
11440,0,0,1,0.9201129320147419,0.0002814429612695552,0.039768499201381785,0.0006283814543121479,0.039208744368294655,0.9201129320147419
15111,1,1,1,6.85716043236798e-05,0.968420193815045,9.198165735399238e-05,0.026828257716228234,0.004590995207049073,0.968420193815045
11423,0,0,1,0.9948601279519337,4.989578124762194e-05,0.003745204236629905,0.00011110417243675201,0.001233667857751934,0.9948601279519337
16424,3,3,1,0.00010927312149852807,0.03956588693719472,0.00017201104725014479,0.9557262480060918,0.004426580887964857,0.9557262480060918
14927,1,1,1,2.6716537233097208e-05,0.9920525889060233,6.632474318204169e-05,0.006503081921443798,0.001351287892117584,0.9920525889060233
16921,3,3,1,9.652633361940611e-05,0.0067540259552119515,0.0002039359758329367,0.9879608321696801,0.004984679565655584,0.9879608321696801
18400,4,4,1,0.01181004301864625,0.0006119462771615884,0.025484903425651316,0.004392840438422389,0.9577002668401183,0.9577002668401183
11310,0,0,1,0.9619527029948333,0.0002607150140116151,0.004615013639426017,0.000320204369739974,0.03285136398198912,0.9619527029948333
19904,4,2,0,0.002967466994886714,0.00017043202892393926,0.7814188187515728,0.00026493188767229227,0.2151783503369442,0.7814188187515728
18968,4,4,1,9.411287709736313e-05,0.0063208328834731325,9.966916786913859e-05,0.00016378519151137604,0.993321599880049,0.993321599880049
12137,2,2,1,0.0007610986425136809,5.360744585160947e-05,0.9850333413838598,0.00031733828386250107,0.013834614243912455,0.9850333413838598
19697,4,4,1,0.0032334344909308176,0.0003960534920454414,0.013099946354806337,0.000557731784310252,0.9827128338779071,0.9827128338779071
18900,4,4,1,0.00016550330843430517,0.03599905079410934,0.000286604652159844,0.001157981706952186,0.9623908595383444,0.9623908595383444
12892,2,2,1,0.00046171621727526325,5.8727479162361266e-05,0.9852985976019548,0.00019694195837623247,0.013984016743231343,0.9852985976019548
14563,1,1,1,5.755945746608771e-05,0.9839422272067583,0.00013935787578186549,0.008009251869383,0.007851603590610632,0.9839422272067583
17747,3,3,1,0.00037475382035992276,0.015794556093588482,0.0018625570005142145,0.9243613864422643,0.05760674664327312,0.9243613864422643
13315,2,4,0,0.027648731483767296,0.0007713731594084173,0.24911407513594647,0.00119775369946533,0.7212680665214124,0.7212680665214124
18323,4,4,1,0.0023202142543248556,0.0026556472563172362,0.013066401766139747,0.029773812724909338,0.9521839239983088,0.9521839239983088
15602,1,1,1,6.7035308226162e-05,0.98407200358712,0.00012454007173378273,0.002321201001601966,0.013415220031318252,0.98407200358712
12202,2,2,1,0.0019903753605723493,4.64517867049274e-05,0.9878683155559183,9.164542105609698e-05,0.010003211875748238,0.9878683155559183
10539,0,0,1,0.9994449660349459,7.11510330873079e-05,0.00016847605168802596,6.699997459644807e-05,0.00024840690568259577,0.9994449660349459
18098,4,4,1,0.004236399372622916,0.0012471591759972787,0.0026786214519862943,0.03919395276821482,0.9526438672311788,0.9526438672311788
17690,3,3,1,0.0001457552229375795,0.0012117216664067401,0.0002692729696877709,0.9740835030184499,0.024289747122517948,0.9740835030184499
11559,0,0,1,0.9741026958271747,0.00010618085212177599,0.021777976794895376,0.0003291003214663423,0.0036840462043418285,0.9741026958271747
17865,3,3,1,0.0004155230931975737,0.0035196545040640445,0.0012760984657985597,0.893091619420223,0.1016971045167169,0.893091619420223
12437,2,2,1,0.003116011716783098,3.348429493228637e-05,0.9896948283409129,5.26064965115163e-05,0.007103069150860166,0.9896948283409129
17824,3,3,1,0.0007393651946942797,0.001971090573290466,0.0013248515357121137,0.8304753009864503,0.16548939170985286,0.8304753009864503
13410,2,2,1,0.00043094166318781706,7.06482350072222e-05,0.991576585796724,0.00013675177061490363,0.007785072534465853,0.991576585796724
14288,1,1,1,2.1619973832230615e-05,0.9927086055968453,4.20096511594493e-05,0.006194211438748164,0.0010335533394151453,0.9927086055968453
13538,2,2,1,0.001199243787257658,5.5386287961669234e-05,0.9887758239846306,0.00012454063678939674,0.009845005303360663,0.9887758239846306
10601,0,0,1,0.9991912056598625,7.299164355357727e-05,0.00022126748168895606,8.756280056006751e-05,0.00042697241433481734,0.9991912056598625
10634,0,0,1,0.9995878465828767,6.682305757048166e-05,0.00011066901636356872,4.6591127595444805e-05,0.0001880702155941366,0.9995878465828767
17520,3,3,1,0.0008747874642786379,0.001917979279702851,0.001542364834321586,0.8465366644225456,0.14912820399915128,0.8465366644225456
12994,2,2,1,0.0025064873345849044,4.9733970959553725e-05,0.978159315021323,0.00016821641063129305,0.019116247262501333,0.978159315021323
16760,3,3,1,7.77795877388568e-05,0.007444089178353735,0.00018476785169431445,0.9886589202325999,0.003634443149613212,0.9886589202325999
15612,1,1,1,2.3260390858680847e-05,0.9917248044942586,4.156351929420345e-05,0.006792295821015008,0.0014180757745736541,0.9917248044942586
18507,4,4,1,0.0011046816242783796,0.0009646664429030935,0.005974624961966635,0.030759944739167357,0.9611960822316846,0.9611960822316846
13953,1,1,1,2.0192629617154466e-05,0.9935082339502239,4.6906380000679606e-05,0.005130642240963134,0.001294024799194845,0.9935082339502239
13312,2,2,1,0.0020451321710792097,7.104947077999928e-05,0.9827299703415514,0.0001965938636392665,0.014957254152950286,0.9827299703415514
14362,1,1,1,2.544066329670024e-05,0.9941695840833455,3.880986840682027e-05,0.004640035004340618,0.0011261303806103858,0.9941695840833455
12352,2,2,1,0.0011248252230436665,3.465758028154738e-05,0.9871037855040058,0.00012743176506947707,0.011609299927599239,0.9871037855040058
10178,0,0,1,0.9783444780603385,3.213803198268962e-05,0.01930945982409489,5.844500726352768e-05,0.0022554790763203453,0.9783444780603385
14724,1,1,1,2.657226857802452e-05,0.9863728829665181,5.312818553135647e-05,0.011997643536113082,0.001549773043259307,0.9863728829665181
11988,2,2,1,0.005496375014070319,2.570393733784769e-05,0.9909695290989935,4.85215971305099e-05,0.0034598703524677268,0.9909695290989935
18697,4,4,1,0.006797445992702273,0.13177595997121327,0.0020221498546869774,0.001677802842432528,0.8577266413389649,0.8577266413389649
17384,3,3,1,0.00017564970634747332,0.004590274139179384,0.00031529351769554867,0.9621265838577157,0.03279219877906201,0.9621265838577157
17606,3,3,1,0.0004407220360276105,0.00302650989607816,0.0004817027407483334,0.9380606358719604,0.05799042945518545,0.9380606358719604
11124,0,0,1,0.9783448368035841,0.0001580270865863318,0.009360450534715946,0.0009469783690943717,0.011189707206019127,0.9783448368035841
11516,0,0,1,0.9952217163784242,5.6268507624103394e-05,0.001023785145292213,0.00011118284516604962,0.0035870471234933344,0.9952217163784242
14607,1,1,1,2.454163009576939e-05,0.9931126296095321,5.3996481655866236e-05,0.004451951797837203,0.0023568804808789244,0.9931126296095321
11522,0,0,1,0.9978473191150501,3.582875594767028e-05,0.0009332541030445222,7.663611477975999e-05,0.0011069619111780612,0.9978473191150501
16095,3,3,1,0.0003122688434890309,0.0077037132715921915,0.0004909574960778022,0.9465330313979623,0.04496002899087885,0.9465330313979623
10426,0,0,1,0.9995159223127053,6.806029888778524e-05,0.0001535343821139083,5.7015135673813034e-05,0.00020546787061922139,0.9995159223127053
13625,2,2,1,0.001263794503112887,0.0001685179342608707,0.7621511657963617,0.0003688854554717621,0.23604763631079284,0.7621511657963617
18136,4,4,1,0.01216652038525722,0.0010828646131267228,0.030479478374907696,0.007773728797050805,0.9484974078296575,0.9484974078296575
17159,3,3,1,0.00016713159871894828,0.03234104161847895,0.00023271097424532034,0.958884532339752,0.008374583468804722,0.958884532339752
10272,0,0,1,0.9755183461379486,5.480665637082441e-05,0.0151965056965856,0.00011459931974297758,0.009115742189351976,0.9755183461379486
16812,3,3,1,0.00035117780773155047,0.028936604358516853,0.00039766046056148043,0.960468978752422,0.009845578620768285,0.960468978752422
12057,2,2,1,0.0103642138725865,4.4200989191700316e-05,0.9800292669817996,0.00016639336652239195,0.009395924789899769,0.9800292669817996
10945,0,0,1,0.94586419508703,0.00032582724881964154,0.014786102177231872,0.0017648272281555646,0.03725904825876306,0.94586419508703
17106,3,3,1,0.00026617909311187093,0.3547553524046272,0.00046915183893728066,0.6269112209230971,0.017598095740226652,0.6269112209230971
12272,2,2,1,0.0040987502783333685,0.0001349293171069064,0.9472179926420109,0.0002785731149230583,0.04826975464762564,0.9472179926420109
12666,2,2,1,0.005951722416721898,5.383724201307965e-05,0.9834524428478276,7.80674955905876e-05,0.010463929997846675,0.9834524428478276
14324,1,1,1,2.3315889244196415e-05,0.9948735864731034,5.045325637756936e-05,0.0029463939196184784,0.0021062504616562207,0.9948735864731034
13872,2,2,1,0.04680779623768268,0.0003093383431241665,0.8783652590868314,0.0017416341156750955,0.07277597221668665,0.8783652590868314
19101,4,4,1,0.001267641390092082,0.33371802898705516,0.0015410424678518751,0.15077805420092322,0.5126952329540777,0.5126952329540777
13644,2,2,1,0.00464855502578805,0.00011430447296949343,0.9504737582604654,0.0002510873855157657,0.04451229485526123,0.9504737582604654
14321,1,1,1,7.38633318186996e-05,0.9878714455079869,0.0001808533189309437,0.008313367123381215,0.0035604707178824783,0.9878714455079869
17281,3,3,1,0.0012809782066035972,0.0041029757952677935,0.006239688412849162,0.7471396748317132,0.2412366827535663,0.7471396748317132
16078,3,3,1,7.622185136320254e-05,0.006743098582848144,0.00010186789528283107,0.9888463919329578,0.004232419737548004,0.9888463919329578
11397,0,0,1,0.9865659051406387,0.00011068668773628801,0.0037906076603155805,0.0002238023725738093,0.009308998138735595,0.9865659051406387
17085,3,3,1,0.00012936653084317409,0.022856484610085433,0.00021057662156584686,0.9645351131596576,0.012268459077847824,0.9645351131596576
19217,4,4,1,0.0001529750522099678,0.13656446178535245,0.0004099090666759821,0.0033852234934097568,0.8594874306023519,0.8594874306023519
18747,4,4,1,0.0002254328974094343,0.011120902295454203,0.0005782879086041733,0.003988406995364049,0.9840869699031682,0.9840869699031682
14593,1,1,1,3.922873383712384e-05,0.9933632753136946,7.759151892288506e-05,0.005324934604669116,0.001194969828876173,0.9933632753136946
12549,2,2,1,0.003834012549200143,4.6701049009209674e-05,0.9852667227075983,7.718244954436177e-05,0.010775381244647891,0.9852667227075983
14254,1,1,1,2.6906413600062554e-05,0.9951425388506153,4.900817359331526e-05,0.0019332107470788154,0.0028483358151123726,0.9951425388506153
14286,1,1,1,1.9273285536723524e-05,0.992904049688828,5.039948304968774e-05,0.005562138778209181,0.0014641387643765222,0.992904049688828
12509,2,2,1,0.012947228217862022,9.930552452579633e-05,0.9450987781211206,0.00021230022069611927,0.041642387915795366,0.9450987781211206
18870,4,4,1,0.001201757621400667,0.02452115429076853,0.0006827023531571071,0.0007300731162361927,0.9728643126184374,0.9728643126184374
12817,2,2,1,0.010504459546059833,0.0006681810136102738,0.561687307515607,0.0008915002134375411,0.42624855171128523,0.561687307515607
11075,0,0,1,0.9914580173233235,6.107720105907804e-05,0.0059768179994880485,0.0002300278875544106,0.002274059588574892,0.9914580173233235
19027,4,4,1,0.0012389101551380762,0.02454828781371928,0.0035867982591887256,0.03992843719746602,0.9306975665744879,0.9306975665744879
12238,2,2,1,0.002528350071459342,3.952415352578218e-05,0.9884474539928284,7.959679269799843e-05,0.008905074989488311,0.9884474539928284
11637,0,0,1,0.9856548677068202,0.00041276717574207066,0.006137421998250145,0.0006097233496051648,0.007185219769582282,0.9856548677068202
16935,3,3,1,0.00020847097862131475,0.16059633926531533,0.00033770315287834655,0.8283512894626054,0.010506197140579605,0.8283512894626054
14780,1,1,1,2.89295645475781e-05,0.9902122888250688,6.402046700083747e-05,0.007402184857489116,0.0022925762858935542,0.9902122888250688
15770,1,1,1,0.00021620046423174077,0.9693532214834857,0.000218305309088473,0.0004100660692486764,0.02980220667394531,0.9693532214834857
11065,0,0,1,0.9545096405673863,8.039007137493519e-05,0.04131468437417134,0.00035759303928137656,0.0037376919477860866,0.9545096405673863
12270,2,2,1,0.005329756926335724,3.1661010137614415e-05,0.9909767617736882,6.528447134937832e-05,0.003596535818489089,0.9909767617736882
16814,3,3,1,0.0001752554045083772,0.004445312334571058,0.00014628808740334447,0.9847246790744366,0.01050846509908057,0.9847246790744366
12275,2,2,1,0.007494477326142384,9.709135411161134e-05,0.9833202102968417,0.0003730151666146896,0.008715205856289465,0.9833202102968417
18100,4,3,0,0.0011772734241477555,0.005529719170392479,0.0012686693790498395,0.7238286134315259,0.268195724594884,0.7238286134315259
17226,3,3,1,0.0001463015826497713,0.034040518951627546,0.00020494586817884348,0.9581117180326234,0.007496515564920439,0.9581117180326234
12021,2,2,1,0.0012416680488222072,3.7604524055879104e-05,0.9898620816645881,0.00012397899202715127,0.00873466677050659,0.9898620816645881
12615,2,2,1,0.0059427695750207165,6.179249425241678e-05,0.9586000545936841,0.00012251776541968707,0.035272865571622965,0.9586000545936841
16238,3,3,1,0.00011419080399962645,0.017768717338449633,0.00016305144478525626,0.9775989570670337,0.004355083345731614,0.9775989570670337
15915,1,1,1,0.0015150897693093437,0.9668464397283661,0.0012401044659545246,0.001209697266392843,0.029188668769977145,0.9668464397283661
18737,4,4,1,0.0008682853484420796,0.34925923326388464,0.0013267115221097816,0.07391236745357882,0.5746334024119847,0.5746334024119847
16892,3,3,1,0.00027237616859675023,0.03525123606482043,0.00036059033957953977,0.9475970769838009,0.016518720443202264,0.9475970769838009
18479,4,4,1,0.002767097962833523,0.0017748414371850027,0.004686107694583044,0.09704257452112516,0.8937293783842732,0.8937293783842732
17996,4,4,1,0.0010536592513564116,0.0002586011160031704,0.0038628799007398977,0.0012616625707615506,0.993563197161139,0.993563197161139
13835,2,2,1,0.0033936554045392395,3.7541910164475605e-05,0.9875518849635859,8.354012761993903e-05,0.008933377594090412,0.9875518849635859
11474,0,0,1,0.9965119415623335,4.21648477901986e-05,0.002296234860564818,0.00010509857182295512,0.0010445601574883318,0.9965119415623335
18158,4,4,1,0.0029609325211880006,0.0018283605699096193,0.052795529297223455,0.024805356586310803,0.917609821025368,0.917609821025368
14160,1,1,1,3.4328187516463275e-05,0.9912701273219732,7.489147236233406e-05,0.0026272201716010944,0.005993432846546926,0.9912701273219732
11084,0,2,0,0.4064711757967612,0.00031736753819656114,0.5537408185022165,0.0025640733098242973,0.03690656485300152,0.5537408185022165
16671,3,3,1,0.00011349163035406796,0.010640462283189673,0.0001616951849664858,0.9838558947046863,0.005228456196803372,0.9838558947046863
14527,1,1,1,6.208981224999396e-05,0.9920675571816162,0.00020997230459855807,0.004332065503863209,0.003328315197672164,0.9920675571816162
15592,1,1,1,0.0009346927079123494,0.9572861170253291,0.0006677934114784108,0.0014827812075901572,0.03962861564769007,0.9572861170253291
11833,0,0,1,0.9878241477309977,8.27621428596639e-05,0.009806980544978586,0.00016578145113061354,0.0021203281300334617,0.9878241477309977
14572,1,1,1,5.61124267647636e-05,0.9815212636897206,0.00011648345962419449,0.015496396304275826,0.002809744119614684,0.9815212636897206
14307,1,1,1,2.8048016168671873e-05,0.9914596427415268,5.315021064325602e-05,0.00692492366863054,0.0015342353630307228,0.9914596427415268
11227,0,0,1,0.9606387190332005,0.00016932894815037492,0.003715477501257166,0.0002790626909318861,0.03519741182645987,0.9606387190332005
16709,3,3,1,0.0002592203321977182,0.044535667342557345,0.0004784035029497205,0.9396651281380312,0.01506158068426399,0.9396651281380312
15917,1,1,1,9.360037581986963e-05,0.9732641241068696,0.00022457500746472014,0.0059908994003266824,0.02042680110951898,0.9732641241068696
15043,1,1,1,0.00042425372560314694,0.6882026971435868,0.0008147419025100866,0.29158912560846967,0.018969181619830133,0.6882026971435868
14854,1,1,1,3.9943950737505155e-05,0.9938032367698165,7.792740916106255e-05,0.005144122707565608,0.0009347691627194806,0.9938032367698165
12370,2,2,1,0.012771994175515904,5.215295868291307e-05,0.9772825042917621,0.00010510767942656637,0.009788240894612443,0.9772825042917621
15044,1,1,1,4.172580551746402e-05,0.9820791720235971,7.437174935327073e-05,0.01470632104580764,0.0030984093757243886,0.9820791720235971
12384,2,2,1,0.004343234865873777,2.563770396753157e-05,0.9921995364135154,6.0313960086908734e-05,0.0033712770565563314,0.9921995364135154
15608,1,1,1,2.718607148552229e-05,0.989010746210029,5.5501933877180607e-05,0.009304840348122788,0.001601725436485567,0.989010746210029
17969,4,4,1,0.046061345641474176,0.0011457590305015421,0.05396776374930986,0.009586390726925865,0.8892387408517886,0.8892387408517886
16217,3,3,1,0.0003249370779796152,0.055367614887919546,0.00043150467586258517,0.9095853115906212,0.03429063176761703,0.9095853115906212
19071,4,4,1,0.00035557193217802455,0.006542301670072699,0.0007315669624425303,0.004484532913888573,0.9878860265214182,0.9878860265214182
17333,3,3,1,0.0004369506794181303,0.008048362348832471,0.0009063911353903698,0.961386823860122,0.0292214719762371,0.961386823860122
16757,3,3,1,0.00033928658795593156,0.14319168856288506,0.0008654450624807383,0.8400549408745032,0.015548638912175044,0.8400549408745032
14213,1,1,1,2.1395928847286094e-05,0.9930300475710618,4.4054200485691486e-05,0.005339909638421861,0.0015645926611830441,0.9930300475710618
15362,1,1,1,3.039297190826396e-05,0.9880955092612075,5.460372011600034e-05,0.009697933826865637,0.002121560219902569,0.9880955092612075
18568,4,4,1,0.001904030726010698,0.00822282250660452,0.0039506215434745905,0.07492753711587304,0.9109949881080371,0.9109949881080371
14829,1,1,1,0.00042438579009751296,0.6664296443148102,0.0009993569197659518,0.3063188184984414,0.02582779447688499,0.6664296443148102
15828,1,1,1,4.7113981855977654e-05,0.9772719149591645,9.058708455986698e-05,0.01923231426411798,0.0033580697103015858,0.9772719149591645
17366,3,3,1,0.0006403128388321429,0.007664877390599441,0.0010832617353483062,0.9032705858407856,0.08734096219443467,0.9032705858407856
18606,4,4,1,0.0009342193071339485,0.00346463675631791,0.0003683779839028266,0.0004115023098101052,0.9948212636428353,0.9948212636428353
17941,4,4,1,0.007403182209034545,0.0021874936987030524,0.005974394063039807,0.11820825902235654,0.866226671006866,0.866226671006866
11040,0,0,1,0.9919477538791531,6.99620214461905e-05,0.0051646785243468505,0.0003104466355905083,0.002507158939463526,0.9919477538791531
12353,2,2,1,0.03218710068147784,0.0003292417405708333,0.9125793673797447,0.0007300586804199204,0.054174231517786636,0.9125793673797447
15391,1,1,1,5.670763231154934e-05,0.9874748647879806,9.218756167970843e-05,0.007908757211513939,0.004467482806514105,0.9874748647879806
14834,1,1,1,1.86603341573416e-05,0.9930740426318575,3.9151922111331124e-05,0.005845790347908982,0.0010223547639647353,0.9930740426318575
10731,0,0,1,0.9832834341809256,0.0014271766280523285,0.0017042540284812383,0.0031194146303019257,0.010465720532238952,0.9832834341809256
13304,2,2,1,0.004863785411735011,5.291577765554006e-05,0.9741593884162295,0.000250411011615707,0.02067349938276424,0.9741593884162295
10829,0,0,1,0.9919800974096602,7.52961464628529e-05,0.004781690552371237,0.0004039674641968528,0.002758948427308668,0.9919800974096602
14428,1,1,1,3.952344927739791e-05,0.9967749823271727,5.643760735308541e-05,0.0010841337839091832,0.0020449228322875967,0.9967749823271727
12530,2,2,1,0.004663457682720898,4.617037987771461e-05,0.9855105840851838,8.31773870279383e-05,0.009696610465189623,0.9855105840851838
17840,3,3,1,0.00035279423400833113,0.0030478198230045384,0.0005643839354548346,0.8998591077798344,0.09617589422769782,0.8998591077798344
14248,1,1,1,1.7016814757463016e-05,0.9934228791169817,3.858094938272968e-05,0.005475251391095919,0.0010462717277821957,0.9934228791169817
11173,0,0,1,0.9492669400255749,0.00024140948761415957,0.018813032082670048,0.0004414440627713108,0.03123717434136948,0.9492669400255749
13817,2,2,1,0.001203363478805252,7.217297004824071e-05,0.9732987556205139,0.00014491758124627038,0.025280790349386288,0.9732987556205139
18049,4,3,0,0.0047189378928519845,0.04233822597306833,0.007769252572333476,0.7063575327464352,0.23881605081531102,0.7063575327464352
19519,4,4,1,0.005421686653528338,0.00041727784762871756,0.09373491264453424,0.0006831050969502316,0.8997430177573584,0.8997430177573584
14174,1,1,1,3.596496817609082e-05,0.9916428595524575,6.571972904284133e-05,0.007054165610284074,0.0012012901400394165,0.9916428595524575
12455,2,2,1,0.006019898923086418,8.004202290011441e-05,0.9640938246883409,0.00013671054788330614,0.02966952381778929,0.9640938246883409
15729,1,1,1,0.0004990728881770697,0.9287343031789328,0.000568837345081994,0.0008188626134387878,0.06937892397436951,0.9287343031789328
15020,1,1,1,0.0008497626424553459,0.5863885728947026,0.001646138312604752,0.3755223681460661,0.035593158004171205,0.5863885728947026
13464,2,2,1,0.005180696982798049,4.5851578735380066e-05,0.9912279302089991,9.155710883809096e-05,0.0034539641206292777,0.9912279302089991
11497,0,0,1,0.9813765664833008,0.00010962070346976105,0.009885601949931442,0.0002485454781786143,0.008379665385119198,0.9813765664833008
18259,4,4,1,0.0017795099145435534,0.005000962739751367,0.003289263109786311,0.07126643442006776,0.9186638298158509,0.9186638298158509
12872,2,2,1,0.00493716102836365,0.0001925527733418803,0.9790733275149243,0.0013862689298785506,0.014410689753491529,0.9790733275149243
16705,3,3,1,0.00010775447793876022,0.012305384732374117,0.00024097682974675875,0.9828794700535829,0.004466413906357545,0.9828794700535829
13165,2,2,1,0.0007391824429602635,3.047152935095567e-05,0.9966804474100631,5.132472119990738e-05,0.0024985738964257995,0.9966804474100631
14912,1,1,1,0.00016963732974294393,0.9629315817161379,0.00034997223351969044,0.03022145979987813,0.006327348920721284,0.9629315817161379
18154,4,4,1,0.005578893149778659,0.0007938703234170569,0.04205872717445547,0.005916567951211334,0.9456519414011374,0.9456519414011374
19144,4,4,1,0.0015632565979854147,0.17639345192197825,0.0024660830268640756,0.1837645151126785,0.6358126933404937,0.6358126933404937
11517,0,0,1,0.9146292123068258,0.00012778410121049488,0.07325359426828386,0.00044442463271814433,0.011544984690961829,0.9146292123068258
11427,0,0,1,0.980073356712732,0.00010654166894413604,0.005934423532459034,0.00022790710224743048,0.013657770983617465,0.980073356712732
14251,1,1,1,2.8413934807833525e-05,0.9938941740072098,4.9503544324099144e-05,0.0029810189113890382,0.003046889602269339,0.9938941740072098
14099,1,1,1,3.17856232224723e-05,0.9972198957128072,5.013228140429086e-05,0.0009287605456492129,0.0017694258369168865,0.9972198957128072
11632,0,0,1,0.9868301304300616,0.0002344048152472088,0.006508872218278897,0.00031155187274218795,0.006115040663670155,0.9868301304300616
16738,3,3,1,0.0001305212660379688,0.013227685749509211,0.00021251627157751514,0.9818108166353428,0.004618460077532679,0.9818108166353428
15784,1,1,1,0.00027310962501038666,0.9390384134006694,0.00034131052305267284,0.0020660500941735356,0.05828111635709402,0.9390384134006694
11321,0,0,1,0.978117571443781,0.000167329834543081,0.00313040738252768,0.00022186971420406405,0.01836282162494415,0.978117571443781
11737,0,0,1,0.9928065622497033,0.00014864291631584651,0.004159857562276781,0.00021844543792227722,0.0026664918337814853,0.9928065622497033
15817,1,1,1,2.368873107212271e-05,0.9956635230227014,3.553682470482568e-05,0.0027770891696582175,0.0015001622518634877,0.9956635230227014
14474,1,1,1,1.7623707191176533e-05,0.9921505518906258,3.742919669442133e-05,0.006745996682050291,0.0010483985234381898,0.9921505518906258
18336,4,4,1,0.009024860413615029,0.004520623872160395,0.007548883016432451,0.06460636831928343,0.9142992643785087,0.9142992643785087
11694,0,0,1,0.9960379083693753,6.763375019167967e-05,0.00243969898732073,7.871418846078958e-05,0.001376044704651528,0.9960379083693753
13986,1,1,1,3.4542173542215404e-05,0.990483821505472,7.147135935485087e-05,0.0063870926863400955,0.0030230722752907194,0.990483821505472
16997,3,3,1,0.00026887334405343585,0.07657232376757714,0.0003343431006202022,0.9097970223615313,0.013027437426217944,0.9097970223615313
17803,3,3,1,0.00041732203665590224,0.0010752962244773123,0.0009990062464348066,0.9274784825917609,0.07002989290067096,0.9274784825917609
19553,4,4,1,0.050901433213420826,0.002472519424467087,0.4484593374787632,0.016765992429769557,0.4814007174535793,0.4814007174535793
18615,4,4,1,0.0002934778247685184,0.025643359470341194,0.00022651767276005594,0.0003466103615332286,0.973490034670597,0.973490034670597
15920,1,1,1,3.892193704768624e-05,0.9872699825714699,6.526755918059687e-05,0.006827488455956836,0.0057983394763450775,0.9872699825714699
13640,2,2,1,0.007485003942678695,0.001092009283561101,0.7208523262637875,0.0016679281857210286,0.26890273232425155,0.7208523262637875
14246,1,1,1,3.617707989447552e-05,0.9950807377447152,4.724216253601977e-05,0.0023122015564438214,0.0025236414564105774,0.9950807377447152
17309,3,3,1,0.0004129989762029875,0.0074159303875658035,0.0006687839992228665,0.9725718409049495,0.018930445732058734,0.9725718409049495
18944,4,4,1,0.0025235585909126608,0.03346395118116554,0.0009503130576297647,0.001539149637773675,0.9615230275325183,0.9615230275325183
16801,3,3,1,0.00010642776005309048,0.04031019369933144,0.00016798087169787488,0.9556209468433111,0.0037944508256066082,0.9556209468433111
10652,0,0,1,0.9990840129739794,8.914668578328875e-05,0.00015951634713462222,0.00011722448646763229,0.000550099506634874,0.9990840129739794
19203,4,4,1,0.00015793852703279083,0.11236566435056936,0.00037650557083848744,0.00568861196053962,0.8814112795910197,0.8814112795910197
15490,1,1,1,1.7573838201512945e-05,0.9930718804698967,4.2488225243753015e-05,0.005755953951548854,0.0011121035151089311,0.9930718804698967
15613,1,1,1,3.5716688082908605e-05,0.9943069362580962,5.3446970429968896e-05,0.00222923293094615,0.0033746671524446576,0.9943069362580962
17488,3,3,1,0.0005189206660538272,0.0036882186170050014,0.0010766757420067044,0.9531102196983878,0.041605965276546676,0.9531102196983878
15625,1,1,1,9.802011324261419e-05,0.9607556283791896,0.00019166967367141252,0.0018655096019872261,0.037089172231909426,0.9607556283791896
17446,3,3,1,0.001024918363000569,0.01335287469191076,0.003133032297067832,0.7855212873905082,0.1969678872575126,0.7855212873905082
14862,1,1,1,3.858816317306889e-05,0.9914176401298834,8.14579590822386e-05,0.003968739459484689,0.004493574288376322,0.9914176401298834
12263,2,2,1,0.0008436102790973605,2.4239128936187125e-05,0.9954384297339256,5.854488590107076e-05,0.0036351759721395334,0.9954384297339256
15224,1,1,1,6.380769397378589e-05,0.9782487041483785,0.00012611477239510196,0.0186040005259838,0.002957372859268726,0.9782487041483785
10189,0,0,1,0.98082197068541,3.990691381750732e-05,0.015142328496947305,9.322766610430865e-05,0.003902566237720937,0.98082197068541
15868,1,1,1,0.0001089099048519798,0.9946306580615534,0.0001858378076624668,0.00014395273882115715,0.004930641487111083,0.9946306580615534
18060,4,4,1,0.07297261077177945,0.0010547497030852823,0.028962627061574736,0.006252183268041362,0.8907578291955193,0.8907578291955193
14948,1,1,1,0.00011125029582148029,0.9337542861450641,0.00021825582646923047,0.061565870294556076,0.004350337438089302,0.9337542861450641
16082,3,3,1,0.00017036990850849968,0.025263706316445474,0.0002175950566109985,0.9684730660788625,0.00587526263957238,0.9684730660788625
11404,0,0,1,0.9958388701035381,4.789796674506395e-05,0.0028396130528522442,0.00016606465412367583,0.001107554222740829,0.9958388701035381
14244,1,1,1,3.3298380794798734e-05,0.9938613432971006,5.2562374464247875e-05,0.0019826044037434317,0.004070191543896871,0.9938613432971006
15246,1,1,1,0.0006530636729197306,0.6225196776134899,0.001350031617983949,0.34574335136002055,0.029733875735585863,0.6225196776134899
11891,0,0,1,0.9929912425554207,7.377799613240528e-05,0.005461087279768721,9.696089599197527e-05,0.0013769312726864076,0.9929912425554207
19843,4,4,1,0.038877979618734716,0.0002471447856929088,0.04278215239124769,0.00047769601528146967,0.9176150271890431,0.9176150271890431
17164,3,3,1,0.00034216985209114165,0.03994597071186565,0.00044820992546491095,0.9422325288333818,0.01703112067719649,0.9422325288333818
10190,0,0,1,0.9579258072119147,6.606627171189453e-05,0.03369859904295932,0.00016292151090920308,0.00814660596250477,0.9579258072119147
10208,0,0,1,0.9392457883108324,6.444582260453261e-05,0.05352052128580316,0.00014374583910482108,0.007025498741655211,0.9392457883108324
19022,4,4,1,0.0012032464381861365,0.01541487909054674,0.0008819753977597091,0.0033350123257959055,0.9791648867477115,0.9791648867477115
18652,4,4,1,0.0009191587237934518,0.0019052448780348288,0.000868176007161292,0.0033344917681493954,0.9929729286228611,0.9929729286228611
19130,4,4,1,0.0002548459126780008,0.23466810539856478,0.0006984452206715147,0.006990874385491947,0.7573877290825938,0.7573877290825938
10714,0,0,1,0.9991385315909771,0.00010879018296086433,0.00025603619981239847,9.007071378834176e-05,0.00040657131246143243,0.9991385315909771
14915,1,1,1,2.3224492623603426e-05,0.9940757080531473,5.4134569797272937e-05,0.0040967840384196945,0.0017501488460122516,0.9940757080531473
12657,2,2,1,0.007654381712470716,6.719812523439661e-05,0.9558505063146712,0.00014067054464363257,0.03628724330298019,0.9558505063146712
14830,1,1,1,5.1662704182057196e-05,0.994934776751177,0.0001316067249692602,0.0031903420011259514,0.0016916118185457945,0.994934776751177
19567,4,4,1,0.022413390777090803,0.0006610473840572155,0.012308391987908635,0.000778947454142908,0.9638382223968005,0.9638382223968005
14454,1,1,1,4.402283464326973e-05,0.9685773337862226,9.180120054581651e-05,0.027463102743234425,0.0038237394353538125,0.9685773337862226
18843,4,4,1,0.006078846590693734,0.002215925262753725,0.001270234733033877,0.0008093027233549795,0.9896256906901636,0.9896256906901636
16644,3,3,1,0.00023086454909420048,0.006516282341898648,0.00030756711594588946,0.9584253306412974,0.03451995535176378,0.9584253306412974
17442,3,3,1,0.00014282350779973874,0.0021248370121851744,0.0003929701081498385,0.9669013005021355,0.03043806886972956,0.9669013005021355
14072,1,1,1,2.7884498581712773e-05,0.9888096348630129,6.49907655490703e-05,0.009365273893375917,0.0017322159794802912,0.9888096348630129
10029,0,0,1,0.9841851914193291,3.1799636403228596e-05,0.0134934287536924,5.7730128935351936e-05,0.00223185006163998,0.9841851914193291
12837,2,2,1,0.32806681262271625,0.0008410452454016516,0.49609620339899196,0.003646548475661568,0.17134939025722848,0.49609620339899196
15234,1,1,1,4.433521365928794e-05,0.9732124411406318,7.283547715883274e-05,0.023489037784550106,0.0031813503839997646,0.9732124411406318
13868,2,2,1,0.03858681674753236,0.00018013509319002907,0.9163351397347282,0.0008524361604852805,0.04404547226406419,0.9163351397347282
17720,3,3,1,0.001131492564436148,0.045282848881618945,0.001957435649830351,0.6088614574823327,0.34276676542178186,0.6088614574823327
13048,2,2,1,0.0006765995497406923,4.541653953120501e-05,0.9868131911658178,0.00011339020915672857,0.012351402535753717,0.9868131911658178
17101,3,3,1,0.0001487223500317199,0.020112483581554833,0.00019854412320191602,0.9725528545123011,0.006987395432910423,0.9725528545123011
19017,4,4,1,0.0007384322557159698,0.007489465409914597,0.0003582726148913302,0.00046512920155191616,0.9909487005179262,0.9909487005179262
18824,4,4,1,9.735385503450917e-05,0.00310886284774453,0.00010953765113370902,0.00016362419435638994,0.9965206214517309,0.9965206214517309
17946,4,4,1,0.0013852317974781439,0.0014216647377617187,0.0049781892336998165,0.07405348957836047,0.9181614246526998,0.9181614246526998
11473,0,0,1,0.6113189164240949,0.00032719151141045566,0.36206327133264316,0.0008123373568035961,0.025478283375047994,0.6113189164240949
10635,0,0,1,0.9995844358398998,5.7912661534304445e-05,0.00013281836673823937,4.3224905676676936e-05,0.00018160822615107618,0.9995844358398998
17319,3,3,1,0.0005709939075793762,0.001150374406285427,0.0009228041868380194,0.902643679483238,0.09471214801605929,0.902643679483238
14076,1,1,1,1.9674288686851488e-05,0.9913653753251958,4.175263429960161e-05,0.007338114313761098,0.0012350834380568305,0.9913653753251958
12369,2,2,1,0.0022559828049770808,4.254843500517433e-05,0.9843773618424352,7.814507869646211e-05,0.013245961838886273,0.9843773618424352
11714,0,0,1,0.9962736842282122,5.4000623223762065e-05,0.002676947568878795,6.484034883723066e-05,0.0009305272308482975,0.9962736842282122
16995,3,3,1,0.0003270260333271146,0.1798869230879277,0.0007721815734108568,0.7913538683714596,0.027660000933874815,0.7913538683714596
13141,2,2,1,0.0016973658087409997,4.351032159015429e-05,0.992181446312119,0.0002198566929232836,0.005857820864626537,0.992181446312119
17650,3,3,1,0.0004150165360848723,0.0013723387799525343,0.0009118698146494393,0.9458897278438395,0.0514110470254736,0.9458897278438395
13013,2,2,1,0.00043318508262751886,5.707234088755496e-05,0.9723049433378912,0.00014235933437322024,0.02706243990422055,0.9723049433378912
17737,3,3,1,0.00035280749877555006,0.001789294183739678,0.0006506251033402701,0.955089857520755,0.04211741569338961,0.955089857520755
12110,2,2,1,0.0020664986681039133,5.422737080534497e-05,0.9917866409187094,0.00023209306981693712,0.005860539972564372,0.9917866409187094
16978,3,3,1,0.00038171516211242843,0.007087560376322525,0.0008606621733140817,0.9275663697999099,0.06410369248834111,0.9275663697999099
16977,3,3,1,0.001169688784282954,0.02813403795735452,0.002720255334903264,0.9059312461727329,0.062044771750726195,0.9059312461727329
15555,1,1,1,5.101428211915604e-05,0.9869058893362923,0.00010966494584701474,0.00508909969158021,0.007844331744161145,0.9869058893362923
14647,1,1,1,2.3470268308298536e-05,0.9916782931813296,4.824730016673302e-05,0.007179350798431714,0.0010706384517637205,0.9916782931813296
16959,3,3,1,0.00021525063223696916,0.04542307930793289,0.0003103978091550803,0.9398980366568735,0.014153235593801454,0.9398980366568735
18847,4,4,1,5.075295196905866e-05,0.0012056179999002574,6.046195133738754e-05,8.058722016843755e-05,0.9986025798766248,0.9986025798766248
13354,2,2,1,0.0002954194102269404,2.9099127900573938e-05,0.9916563071987932,8.541931763407905e-05,0.007933754945445083,0.9916563071987932
11749,0,0,1,0.9967104451568612,5.530274907282945e-05,0.0020957193692913495,7.372320620262428e-05,0.0010648095185719784,0.9967104451568612
11280,0,0,1,0.9565789180683602,0.00018639844024636912,0.019439939836362947,0.00035910189178690644,0.023435641763243684,0.9565789180683602
12773,2,2,1,0.0006421734839448374,3.449404813835167e-05,0.9921228029316866,6.483996283916467e-05,0.007135689573390957,0.9921228029316866
10455,0,0,1,0.9991802111678517,8.915612386567898e-05,0.0002394688703136579,6.609907161993686e-05,0.00042506476634907926,0.9991802111678517
14433,1,1,1,3.9504304981899876e-05,0.9889992653688672,7.730955936754439e-05,0.004019982154321359,0.006863938612461936,0.9889992653688672
10676,0,0,1,0.9981151243155155,0.00018912673682790792,0.0003332100381268633,0.00018953295731182707,0.0011730059522179373,0.9981151243155155
19122,4,4,1,0.00027167246561724315,0.008397404954676375,0.0002280871226822745,0.00030402377734635726,0.9907988116796778,0.9907988116796778
15572,1,1,1,0.00030560100455209776,0.9836880887355064,0.0003132897957340604,0.00035179325469237086,0.01534122720951516,0.9836880887355064
11343,0,0,1,0.8901500755197406,0.0002813204380664216,0.014188032066872953,0.000629078007390348,0.09475149396792963,0.8901500755197406
17131,3,3,1,0.00010521294933433697,0.006373586301482912,9.628025999478931e-05,0.9903401959730176,0.0030847245161703158,0.9903401959730176
18321,4,4,1,0.028845911422869467,0.002232393315219722,0.04604995692407173,0.014904360675981367,0.9079673776618576,0.9079673776618576
14426,1,1,1,1.9641661602900324e-05,0.9934955902880862,4.3375890771569805e-05,0.005285473335658259,0.001155918823881037,0.9934955902880862
12655,2,2,1,0.002582172730878675,4.420473174456127e-05,0.9818599773496585,7.941817734524269e-05,0.015434227010372843,0.9818599773496585
17170,3,3,1,0.0002613436138498793,0.08846494248672128,0.00027265899058865305,0.9042344080555496,0.00676664685329054,0.9042344080555496
15838,1,1,1,4.259969191128597e-05,0.9876695465939964,8.706492777745009e-05,0.0074423018660038755,0.004758486920311101,0.9876695465939964
17648,3,3,1,0.0004751772349156142,0.0031165031078067233,0.0006518209321276926,0.9423626579878794,0.05339384073727064,0.9423626579878794
18762,4,4,1,0.004102425516984418,0.0540575841580157,0.0015659104502894023,0.0022886100296548024,0.9379854698450557,0.9379854698450557
15086,1,1,1,0.00020396479457091167,0.9654899760460409,0.00031306632094026143,0.027646321434953342,0.0063466714034945085,0.9654899760460409
19883,4,4,1,0.25231417146469864,0.0005729922343698089,0.05827738238649341,0.0008852167648931258,0.6879502371495451,0.6879502371495451
14737,1,1,1,1.8116195382386757e-05,0.993447314808422,4.4648158000517655e-05,0.005045733770482306,0.0014441870677127083,0.993447314808422
19206,4,4,1,0.00047978613877742163,0.005223352487181222,0.0002311521376068258,0.0003908743136104963,0.9936748349228242,0.9936748349228242
14318,1,1,1,3.2151724300868656e-05,0.9953363085306455,4.062072948608692e-05,0.002676371697154744,0.0019145473184128481,0.9953363085306455
10386,0,0,1,0.9993880313671452,7.943475363880427e-05,0.00020279571870714466,5.091332363259333e-05,0.00027882483687636963,0.9993880313671452
10691,0,0,1,0.9991964887016919,0.00010059525942515984,0.00023735317909291323,8.286056865742839e-05,0.00038270229113268844,0.9991964887016919
18046,4,4,1,0.12980749344402753,0.000609946634664163,0.043181115597574406,0.0014587897898410262,0.8249426545338929,0.8249426545338929
15399,1,1,1,3.9623773402903965e-05,0.9856379520905338,6.537820745442473e-05,0.011865103849271629,0.0023919420793371373,0.9856379520905338
13466,2,2,1,0.0018753572788722693,5.0609134460647744e-05,0.9872663881604404,0.00021098124850265582,0.010596664177724046,0.9872663881604404
19903,4,4,1,0.19558893340327418,0.0005143390373337043,0.08834066909292455,0.0008752895621530789,0.7146807689043144,0.7146807689043144
12911,2,2,1,0.0018261182101036739,0.0001939826248601914,0.9409644174972178,0.00044954909424827524,0.05656593257356997,0.9409644174972178
19009,4,4,1,0.002228599490158998,0.04184955405053096,0.0010018255964657013,0.0010162609411157764,0.9539037599217285,0.9539037599217285
18474,4,4,1,0.0014280978988975327,0.000874938618357828,0.002759231763302886,0.01893289043193499,0.9760048412875068,0.9760048412875068
11316,0,0,1,0.9686544467156286,0.000180941215350938,0.002808784189722949,0.00023169981680160078,0.028124128062495795,0.9686544467156286
18796,4,4,1,0.0005129378892771071,0.0063540259257084215,0.0004533713204613804,0.0011604485479138197,0.9915192163166394,0.9915192163166394
16413,3,3,1,0.00020021670742923845,0.04125429977237166,0.00027826315498953006,0.9390006213236748,0.01926659904153495,0.9390006213236748
12738,2,2,1,0.0012932977979000211,5.20589142707492e-05,0.9855031230734607,0.00028038394741883386,0.01287113626694987,0.9855031230734607
12154,2,2,1,0.002019148096246677,5.7797099596127985e-05,0.9592983930433394,0.00018239651055130979,0.038442265250266484,0.9592983930433394
14204,1,1,1,0.00018541425696135707,0.9420566092742068,0.00048770189942008154,0.020290712918300105,0.036979561651111596,0.9420566092742068
12629,2,2,1,0.0034203246130087893,4.694023418442687e-05,0.9777520607722969,8.62696499668622e-05,0.01869440473054308,0.9777520607722969
18388,4,4,1,0.0039589889076069125,0.0016087457608255345,0.007214894142101756,0.03204616700933447,0.9551712041801314,0.9551712041801314
19182,4,4,1,0.001346531756145594,0.14221500164654202,0.0007603645705950447,0.01132454420310693,0.8443535578236104,0.8443535578236104
14043,1,1,1,6.48957663794472e-05,0.9888364100115759,0.00014153699584921624,0.007836178228727238,0.0031209789974681384,0.9888364100115759
12404,2,2,1,0.003453904704565887,4.105820751682589e-05,0.9848442503506335,7.219122578678003e-05,0.011588595511497081,0.9848442503506335
19086,4,4,1,0.0275607583934317,0.0020149909171422154,0.0048313071684164145,0.005435855793879855,0.9601570877271297,0.9601570877271297
18618,4,4,1,0.0032959589870283296,0.02033831268888571,0.0011407557485321087,0.005037309221447705,0.9701876633541062,0.9701876633541062
16406,3,3,1,9.065358581679288e-05,0.022748372103008917,0.00016382573240572243,0.9723859580383637,0.004611190540404823,0.9723859580383637
18198,4,4,1,0.007816461573120728,0.005736340703183978,0.018357105719558092,0.123817250849008,0.8442728411551291,0.8442728411551291
11160,0,0,1,0.9902220891571559,7.449166965130204e-05,0.0060170361413164055,0.00027793705370152784,0.003408445978174747,0.9902220891571559
12013,2,2,1,0.0067076773737058245,4.035351271922556e-05,0.9833687940828082,7.640605946016384e-05,0.009806768971306645,0.9833687940828082
11169,0,0,1,0.9313831918666845,0.00029861532884441303,0.004797620449549683,0.000378562144419453,0.06314201021050198,0.9313831918666845
18897,4,4,1,8.473038879939244e-05,0.006986081103904021,0.00019505497099127508,0.0004576348642033119,0.992276498672102,0.992276498672102
13062,2,2,1,0.002385255864105722,4.189469163000694e-05,0.9879579494913739,0.00020518416088298488,0.009409715792007237,0.9879579494913739
18044,4,4,1,0.001800798167634075,0.000870074523453526,0.005805963938242168,0.017175499048981874,0.9743476643216884,0.9743476643216884
14979,1,1,1,4.417171816245749e-05,0.9766032961006411,0.0001243181415769758,0.020712074463562463,0.0025161395760570048,0.9766032961006411
13672,2,0,0,0.5937244013879627,0.00017402814501406725,0.37055968319471116,0.00037338397986194264,0.03516850329245011,0.5937244013879627
13530,2,2,1,0.00047902351542717503,0.00020780295256835448,0.9411618676606441,0.0003643338479639602,0.05778697202339631,0.9411618676606441
12158,2,2,1,0.009443349192725197,0.0008296542965878898,0.9288870045477674,0.016257865173236824,0.04458212678968273,0.9288870045477674
10755,0,0,1,0.9987429088726266,0.0001435398095362859,0.0001924984060693174,0.00011696634856500766,0.0008040865632027951,0.9987429088726266
17445,3,3,1,0.00038077127936186157,0.0019816360032432418,0.0007190455463064724,0.9284753198853243,0.06844322728576406,0.9284753198853243
14562,1,1,1,2.2247936853104628e-05,0.9918300740857519,4.272616352019317e-05,0.006830487434149591,0.001274464379725102,0.9918300740857519
10872,0,0,1,0.9955749924183621,5.63631344215249e-05,0.002404343772947702,0.00018648756668382591,0.0017778131075850232,0.9955749924183621
12452,2,2,1,0.002730218848476582,4.1491536025446455e-05,0.9868529208011424,6.282923911330913e-05,0.010312539575242238,0.9868529208011424
13423,2,2,1,0.0012648315363576771,6.782957998912749e-05,0.9918464855915269,0.0001309594103438592,0.006689893881782255,0.9918464855915269
15690,1,1,1,2.472072669994075e-05,0.9890748456781796,6.658806991146088e-05,0.008951459674773263,0.0018823858504355695,0.9890748456781796
18241,4,4,1,0.0011933710405296982,0.0017405820984168277,0.00308535899948327,0.03560814447270456,0.9583725433888656,0.9583725433888656
15887,1,1,1,0.00012835263453899126,0.9809061694120419,0.00022736856745813767,0.0017394444636529137,0.01699866492230817,0.9809061694120419
10575,0,0,1,0.9994182809714041,7.28618722155451e-05,0.00013963915349655647,6.880018781465198e-05,0.0003004178150694748,0.9994182809714041
14304,1,1,1,2.0556219014541404e-05,0.99236671909977,4.290232751438809e-05,0.006508824351146726,0.0010609980025543821,0.99236671909977
14781,1,1,1,1.9037509406755613e-05,0.992356612068093,4.711333505968814e-05,0.006443353153639343,0.0011338839338009517,0.992356612068093
11175,0,0,1,0.9291040895251461,0.00020351316001102486,0.031080413625114833,0.00038410664604824685,0.03922787704367993,0.9291040895251461
11834,0,0,1,0.9858759530335282,8.020466289114874e-05,0.01173914727692992,0.00013813620303652904,0.0021665588236143385,0.9858759530335282
13927,2,4,0,0.016741537523020128,0.0014849232844784954,0.09658530543121956,0.021659424181575536,0.8635288095797062,0.8635288095797062
12781,2,2,1,0.002396990017056028,0.00016853799262580386,0.7794663127090421,0.0003169239988316719,0.21765123528244448,0.7794663127090421
13452,2,2,1,0.005160646399738981,6.659592495053433e-05,0.9750609286752043,0.00015723507943580473,0.019554593920670278,0.9750609286752043
12022,2,2,1,0.0032663051162857607,2.6342925118327602e-05,0.9935329107962053,6.46417344095841e-05,0.0031097994279810338,0.9935329107962053
13941,2,2,1,0.0010959878010110206,2.015681376218633e-05,0.9953315879273258,4.928707066277742e-05,0.0035029803872381137,0.9953315879273258
14785,1,1,1,1.6325210425537923e-05,0.9928708422590109,3.611535902749957e-05,0.006094427044645663,0.0009822901268902366,0.9928708422590109
14519,1,1,1,8.047221279325322e-05,0.981603079419926,0.0001550198900559856,0.011721594355463575,0.006439834121761131,0.981603079419926
11579,0,0,1,0.9977884710397554,5.451719647998804e-05,0.0010534613961985218,8.444722000838912e-05,0.001019103147557624,0.9977884710397554
17623,3,3,1,0.00019830154914035852,0.001104737948834138,0.0002885930543512891,0.9646991494518785,0.03370921799579577,0.9646991494518785
11850,0,0,1,0.9912221719167954,0.00014120353430372893,0.006720904857723972,0.00018179472056435258,0.0017339249706127063,0.9912221719167954
12528,2,2,1,0.004529695604915845,6.634726384427529e-05,0.9745546312766156,9.601630209611967e-05,0.02075330955252807,0.9745546312766156
13575,2,2,1,0.00027816602868627763,8.528508168642002e-05,0.9626230543515053,0.00019439984930975463,0.03681909468881221,0.9626230543515053
10186,0,4,0,0.43877591472660626,0.0006589391759495359,0.03402400485259847,0.0013129039550457192,0.5252282372898001,0.5252282372898001
14384,1,1,1,3.8270310796654835e-05,0.9952408486774449,7.994821949596931e-05,0.003296621607656786,0.001344311184605813,0.9952408486774449
15564,1,1,1,0.00021866895375085343,0.9538449324090812,0.00022856593162422402,0.001933738388305447,0.0437740943172382,0.9538449324090812
14045,1,1,1,2.3299250508838698e-05,0.9926571763565274,5.572561561061979e-05,0.004686037181750826,0.0025777615956024597,0.9926571763565274
12164,2,2,1,0.04467595607214452,0.00019763776359827138,0.8496794418566278,0.0003850098479179707,0.10506195445971153,0.8496794418566278
17020,3,3,1,0.00040481388976118776,0.006429326979104803,0.0006827237296066315,0.8878760513840033,0.1046070840175241,0.8878760513840033
17469,3,3,1,0.00038389401631723095,0.007977302218782602,0.0007609194930590159,0.971539225423093,0.019338658848748223,0.971539225423093
18521,4,4,1,0.004042652482659207,0.0148885717011052,0.013313445252705511,0.19509579923883105,0.772659531324699,0.772659531324699
11639,0,0,1,0.995759024244079,7.789932670606747e-05,0.0027501621411311935,0.00010064124301942949,0.0013122730450643024,0.995759024244079
16879,3,3,1,0.00010827458456133963,0.00548036411027784,0.00017181421591516924,0.984444247497661,0.009795299591584485,0.984444247497661
11919,0,0,1,0.9910847363200772,0.00011315092694142081,0.006930253208976339,0.00017475341636149808,0.0016971061276436269,0.9910847363200772
14794,1,1,1,3.0025823979815227e-05,0.994897787791864,6.194270658944772e-05,0.0030817655831335803,0.001928478094433473,0.994897787791864
10235,0,0,1,0.979124006962869,4.425637925548374e-05,0.01619665101498275,7.718645692042478e-05,0.004557899185972293,0.979124006962869
14905,1,1,1,2.1495900959564617e-05,0.9918402742418997,4.3059705545501704e-05,0.0068653314734633064,0.001229838678131675,0.9918402742418997
10852,0,0,1,0.9934059045011424,5.482322381025253e-05,0.004128249668053826,0.00020464709639651937,0.0022063755105969137,0.9934059045011424
10080,0,0,1,0.9802603579325058,2.848973902084363e-05,0.01790153281288041,5.2767485564269326e-05,0.0017568520300285286,0.9802603579325058
16591,3,3,1,0.00014301264710383575,0.021129498155146257,0.00017157148091746926,0.9749770913973185,0.0035788263195138635,0.9749770913973185
18773,4,4,1,0.004228291019128741,0.11118838013728086,0.0016746801791917456,0.0017372445801318455,0.8811714040842668,0.8811714040842668
15709,1,1,1,0.0008829416864707863,0.9808620053720675,0.0005985324815967311,0.0010142536544771531,0.016642266805387756,0.9808620053720675
19402,4,4,1,0.00048527919611524934,0.0001930045313323524,0.08056550168540447,0.0004750472771572816,0.9182811673099907,0.9182811673099907
12831,2,2,1,0.012707404873959778,0.0006017272739894736,0.8776776125216669,0.002641747019667257,0.10637150831071658,0.8776776125216669
14432,1,1,1,2.0926274314231553e-05,0.9937245666053376,4.561015945025336e-05,0.004480797055251795,0.0017280999056461786,0.9937245666053376
12485,2,2,1,0.006917030296312796,0.00010543183122642161,0.9513633916189213,0.00016924551454784964,0.0414449007389917,0.9513633916189213
19730,4,4,1,0.08306624081305172,0.0014855717761466701,0.027951143567513454,0.0016887859854220909,0.8858082578578661,0.8858082578578661
10218,0,0,1,0.9845359174838374,3.486840658230949e-05,0.012169198515642212,8.48089706985043e-05,0.003175206623239529,0.9845359174838374
10566,0,0,1,0.9994816870682925,6.530884016872511e-05,0.0001465194490794014,5.902460943003192e-05,0.00024746003302905255,0.9994816870682925
12796,2,2,1,0.0011393024318338749,5.804101776185569e-05,0.9891384413359094,9.582828097207997e-05,0.009568386933522875,0.9891384413359094
11958,2,2,1,0.0033930708895868363,3.256011603952657e-05,0.9820606723855441,6.961773308716338e-05,0.014444078875742544,0.9820606723855441
14524,1,1,1,1.9715695059523287e-05,0.9923286073765443,3.8807617738326986e-05,0.0065412151769965845,0.0010716541336612422,0.9923286073765443
16859,3,3,1,0.00013135272902247027,0.041165649342809245,0.00020562502063945076,0.9467142907398387,0.011783082167690202,0.9467142907398387
17344,3,3,1,0.0016558849117881862,0.008026606559703716,0.0019650052302861852,0.7055271456751797,0.2828253576230423,0.7055271456751797
16990,3,3,1,9.457009772058198e-05,0.01005378557930812,0.00011957828303856924,0.9866384297692856,0.003093636270646946,0.9866384297692856
13350,2,2,1,0.0010059747257888413,5.160529997977967e-05,0.991339152957627,8.487937198946553e-05,0.007518387644614825,0.991339152957627
18254,4,4,1,0.0022517005420117833,0.0013163521755044922,0.007215314775946977,0.04353345816622488,0.9456831743403118,0.9456831743403118
14860,1,1,1,8.162501788602033e-05,0.9620195492257398,0.00016569334658187118,0.032450681093924336,0.005282451315867852,0.9620195492257398
10783,0,0,1,0.9853751737286237,6.534810423393668e-05,0.01109933234666688,0.00026817586202988573,0.003191969958445647,0.9853751737286237
18970,4,4,1,0.000862599789493359,0.40656058893687186,0.0010192747132400162,0.011834719422897608,0.5797228171374971,0.5797228171374971
16818,3,3,1,0.00019706805893994936,0.02649283495495175,0.00024229365808780062,0.9546385019567596,0.018429301371260913,0.9546385019567596
17967,4,3,0,0.004548560036405258,0.0035388846740493874,0.005925706719005875,0.5120792773569547,0.4739075712135849,0.5120792773569547
14370,1,1,1,2.4315938381622372e-05,0.9925510684967201,4.475694969854747e-05,0.005740478500462902,0.0016393801147368053,0.9925510684967201
10736,0,0,1,0.999604034996766,6.660328068140856e-05,0.0001177592849172625,4.204844455895311e-05,0.00016955399307614814,0.999604034996766
14397,1,1,1,0.00021300405445160946,0.7803462454214314,0.0004996061097540773,0.2106542773408154,0.00828686707354751,0.7803462454214314
13400,2,2,1,0.0263747084663669,9.906553403258118e-05,0.9524077354675257,0.0002227152432349918,0.020895775288839884,0.9524077354675257
12250,2,2,1,0.0017553003110738923,3.578884081216137e-05,0.9872586992596505,0.0001004599235575729,0.010849751664905722,0.9872586992596505
14518,1,1,1,2.0123706707384768e-05,0.9945081947456437,4.0549014829325506e-05,0.004167815224820419,0.0012633173079991608,0.9945081947456437
17804,3,3,1,0.00036116988581174595,0.0011729076717673628,0.0018536565612208358,0.9248079375533804,0.07180432832781944,0.9248079375533804
13562,2,2,1,0.0003733967638268109,2.7486492712468363e-05,0.9966930202956782,4.5841550084580056e-05,0.0028602548976979056,0.9966930202956782
15751,1,1,1,0.000781356903295271,0.9612301957349522,0.001164952943830286,0.0014308258848539446,0.035392668533068286,0.9612301957349522
17234,3,3,1,0.00019448590213115279,0.16769520473176816,0.0002889716191609744,0.8226642453012217,0.009157092445718058,0.8226642453012217
11141,0,0,1,0.9888921579390335,9.728312992614434e-05,0.005951300857252857,0.0004249333681831863,0.004634324705604436,0.9888921579390335
16398,3,3,1,0.0001642678432956654,0.016370862712166187,0.00032080392548961505,0.9771132303556216,0.006030835163426956,0.9771132303556216
12628,2,2,1,0.00535314103882156,8.002609589616115e-05,0.9671242558504061,0.00010516657849052487,0.02733741043638565,0.9671242558504061
11851,0,0,1,0.9940188726599057,7.569937834011471e-05,0.0041724726396298525,0.00019702218948169787,0.0015359331326426082,0.9940188726599057
10698,0,0,1,0.9988026577385596,0.00010568794382200144,0.0002434644129551329,0.00010124497952751113,0.0007469449251357509,0.9988026577385596
16836,3,3,1,0.00014738522334017165,0.011369921808262561,0.00021016397098348426,0.9726745108057863,0.01559801819162765,0.9726745108057863
15123,1,1,1,4.190548178096552e-05,0.9859956542742042,7.904709071687712e-05,0.012175156007198111,0.001708237146099999,0.9859956542742042
13732,2,2,1,0.01533046080787794,0.0004942693519689708,0.8944576308796959,0.0009368927143641236,0.08878074624609317,0.8944576308796959
15235,1,1,1,0.0004092523427777603,0.8751417414120832,0.0005362819438966112,0.07150033081519114,0.05241239348605122,0.8751417414120832
18345,4,3,0,0.0004876971503869215,0.00169725526441781,0.0010823391282850606,0.9370108528706457,0.05972185558626449,0.9370108528706457
15171,1,1,1,0.00010180684540826315,0.9195542095192123,0.00023693149403735016,0.07469878022444555,0.005408271916896587,0.9195542095192123
16808,3,3,1,0.00024577304617809983,0.007342977447258358,0.00019780536210034654,0.9681762124491785,0.024037231695284735,0.9681762124491785
19418,4,4,1,0.008634271408270009,0.00017274340632983796,0.4013734558136214,0.0003656589023081271,0.5894538704694706,0.5894538704694706
17777,3,3,1,0.0011109651259308584,0.004935858300520045,0.0026647285881142013,0.734107987887788,0.25718046009764706,0.734107987887788
17801,3,3,1,0.00028834889671383433,0.0009686959777146514,0.0005266028040224166,0.9580242810931732,0.04019207122837598,0.9580242810931732
19406,4,4,1,0.15344113657601052,0.0003577986751035988,0.30168209416757813,0.0008178402964609768,0.5437011302848469,0.5437011302848469
18655,4,4,1,0.003369133331138917,0.01218134025492223,0.003307608727667485,0.03338841683614972,0.9477535008501216,0.9477535008501216
10332,0,0,1,0.9776063593426915,5.570451718084511e-05,0.013543849304498071,0.00010405824014835757,0.008690028595481219,0.9776063593426915
15750,1,1,1,0.0007376856160246845,0.964832244504387,0.0009514045105455391,0.0014490804936556443,0.03202958487538724,0.964832244504387
17109,3,3,1,0.00024207596104213106,0.08163499588403557,0.000336430354002401,0.8971978774093178,0.020588620391602076,0.8971978774093178
18146,4,4,1,0.0037698560487374067,0.0013287707884508551,0.004263055189757216,0.011439056452847462,0.9791992615202071,0.9791992615202071
18256,4,4,1,0.00448633077444153,0.0003369215179874828,0.010573075003551403,0.0011107584429058447,0.9834929142611138,0.9834929142611138
14883,1,1,1,2.2643034155832998e-05,0.9923885330872929,4.2913240870398247e-05,0.005919672826034652,0.0016262378116462459,0.9923885330872929
10326,0,0,1,0.9720930655120404,4.9764790050139066e-05,0.023447469980083378,0.00010026357439648059,0.004309436143429539,0.9720930655120404
17686,3,3,1,0.0005222496693497551,0.007884657002745207,0.0008033682930354055,0.9302097358240061,0.06057998921086348,0.9302097358240061
18320,4,4,1,0.009333818838794992,0.0003142449971314794,0.0091572654142862,0.002295185409794986,0.9788994853399924,0.9788994853399924
12955,2,2,1,0.0012183498494648375,4.63914427743488e-05,0.9901507379905091,0.00010376174921616431,0.008480758968035611,0.9901507379905091
15196,1,1,1,2.164991680406341e-05,0.9939313605696241,5.0687368585342665e-05,0.004613831779643352,0.0013824703653433066,0.9939313605696241
11523,0,0,1,0.9920733188170459,8.9490951652979e-05,0.0022765299043200253,0.0001942356325569217,0.005366424694424272,0.9920733188170459
19069,4,4,1,0.0016253135967356483,0.04073497641451889,0.0008713968336712086,0.0005686619255810647,0.9561996512294932,0.9561996512294932
12909,2,2,1,0.0006850959213619576,3.5644676576009254e-05,0.9945710019775112,6.618775309224828e-05,0.004642069671458695,0.9945710019775112
13520,2,2,1,0.2509971459785664,0.00013987818027689207,0.7233458779962618,0.00038571992688226373,0.025131377918012607,0.7233458779962618
19068,4,4,1,0.021385786502337637,0.01372298136773303,0.024528369974371987,0.3268017654941641,0.6135610966613932,0.6135610966613932
14496,1,1,1,3.2231334137134706e-05,0.9866442705578342,5.519656229277225e-05,0.01126351773149147,0.00200478381424438,0.9866442705578342
15074,1,1,1,0.00015957979944337006,0.8175209226080875,0.00029612527386212823,0.1734190688432643,0.00860430347534283,0.8175209226080875
10053,0,0,1,0.8984131415003099,7.115998447099983e-05,0.09384729597424088,0.0001454976770991109,0.007522904863879187,0.8984131415003099
11712,0,0,1,0.9965630104793777,5.97793253195672e-05,0.0021731608090278087,7.190668925884512e-05,0.00113214269701625,0.9965630104793777
19135,4,4,1,0.00012643721324766445,0.011810068385948953,0.00011870546804043576,0.00011121996266308483,0.9878335689700999,0.9878335689700999
17237,3,3,1,0.00026941857124579123,0.014897702324813203,0.000280345963244859,0.974327382498168,0.01022515064252819,0.974327382498168
14452,1,1,1,8.880221806422466e-05,0.9563464292181938,0.00014119021475459464,0.03591336816689643,0.007510210182091195,0.9563464292181938
13471,2,2,1,0.11193184790494427,0.00029906152974569196,0.8517360150498108,0.0013477016506501576,0.03468537386484914,0.8517360150498108
10009,0,0,1,0.9772370077735656,2.6137424402052175e-05,0.020859744616607875,5.183902662371926e-05,0.0018252711588007645,0.9772370077735656
17993,4,3,0,0.0008875707723117684,0.005400908937633357,0.003273688208657443,0.7723975003306377,0.21804033175075982,0.7723975003306377
14535,1,1,1,2.3168504461200727e-05,0.9924156412536957,5.985930274685826e-05,0.005989372225604696,0.001511958713491521,0.9924156412536957
12309,2,2,1,0.03228972767335408,8.603117507363395e-05,0.9511384713743976,0.00017649570906841508,0.016309274068106405,0.9511384713743976
14342,1,1,1,1.806520977397628e-05,0.9928770051936968,3.855107641557117e-05,0.005987643993776497,0.0010787345263372347,0.9928770051936968
17575,3,3,1,0.0002596974278414157,0.0014389538776884163,0.0007102653550247361,0.9589902802268286,0.038600803112616655,0.9589902802268286
17672,3,3,1,0.00040223470224164327,0.00155488213102535,0.0011565185072573312,0.907392473222818,0.0894938914366576,0.907392473222818
18766,4,4,1,0.0004177295982109881,0.013061883123889437,0.00032286764992309625,0.0005780518701337143,0.9856194677578427,0.9856194677578427
18350,4,0,0,0.4574918359284691,0.0007315397099379812,0.14121620088936487,0.001794371627473059,0.3987660518447549,0.4574918359284691
13600,2,2,1,0.006432159457583721,4.486884469139195e-05,0.9749522037162924,0.00015483647899063063,0.01841593150244184,0.9749522037162924
11832,0,0,1,0.9872581280678329,9.370630659760874e-05,0.010310184987568007,0.00014490798538532873,0.0021930726526163628,0.9872581280678329
17269,3,3,1,0.0006515785424725703,0.0010169177157023312,0.0005718589806813605,0.9605115053402101,0.03724813942093355,0.9605115053402101
13021,2,2,1,0.0006737650724838573,5.8129644848907364e-05,0.9890662326300066,0.0001650414225515474,0.010036831230109034,0.9890662326300066
14630,1,1,1,1.5993294245034002e-05,0.9935479901348307,3.539311215385184e-05,0.005449968072671744,0.0009506553860985987,0.9935479901348307
12444,2,2,1,0.0033871754058171504,5.7899370367305824e-05,0.9819970716378041,0.0002750583377157716,0.014282795248295864,0.9819970716378041
10498,0,0,1,0.9992757302523582,9.1017800919707e-05,0.00021808352013425716,8.147165590725613e-05,0.0003336967706805065,0.9992757302523582
11845,0,0,1,0.9872789056376939,9.267638863971829e-05,0.010200722846515912,0.00015604435277901413,0.0022716507743714863,0.9872789056376939
17833,3,4,0,0.0009499264605370576,0.0040418443603866105,0.002475135812755548,0.48169161804434835,0.5108414753219724,0.5108414753219724
11125,0,0,1,0.8063457262325237,0.0008852864896494813,0.04262898097601655,0.005392060444685374,0.14474794585712486,0.8063457262325237
16103,3,3,1,9.209270422336379e-05,0.00930129865687677,0.00020728612197556202,0.9867311225154453,0.0036682000014788283,0.9867311225154453
12684,2,2,1,0.005309167219614871,5.600764474082978e-05,0.9727680824639854,0.00011163768499634002,0.021755104986662437,0.9727680824639854
10768,0,0,1,0.961638541539574,0.0023811202934999175,0.002598291978871595,0.007084968130901116,0.026297078057153516,0.961638541539574
18887,4,4,1,0.0003014716673527929,0.10255055258592578,0.0005274289322324368,0.0032677184914837575,0.8933528283230053,0.8933528283230053
18917,4,4,1,0.0004732641129765269,0.03723956743410881,0.00036511393610529996,0.0022657537265297683,0.9596563007902796,0.9596563007902796
10241,0,0,1,0.8638341213857792,0.00029831245205683355,0.03371243624630879,0.0006056769559584337,0.10154945295989677,0.8638341213857792
13081,2,2,1,0.0023187875851607997,0.00011064340912010275,0.9027191073992904,0.00030625021619667817,0.09454521139023209,0.9027191073992904
14730,1,1,1,3.0330791786648998e-05,0.9928078331496774,5.72859576677858e-05,0.005373896336493435,0.0017306537643747347,0.9928078331496774
10111,0,0,1,0.9793729370123945,3.113013154394751e-05,0.018175052508652156,5.404194334634015e-05,0.0023668384040629407,0.9793729370123945
19188,4,4,1,0.0009180329052804465,0.10017899005124162,0.0007192964300100999,0.005809108207877063,0.8923745724055907,0.8923745724055907
12062,2,2,1,0.002764652743183808,3.660153583146511e-05,0.9891687933428497,6.855525227499833e-05,0.007961397125860182,0.9891687933428497
13083,2,2,1,0.023511252159396805,9.298665866657932e-05,0.957421347806725,0.00037481221368173455,0.018599601161529616,0.957421347806725
11207,0,0,1,0.9823078408896402,0.00014410639184798675,0.004336641921465375,0.0002597387671118341,0.012951672029934583,0.9823078408896402
18438,4,3,0,0.0005910056877524161,0.003158088729486858,0.0042103847598072295,0.8255336491536257,0.1665068716693277,0.8255336491536257
12925,2,2,1,0.001948419279539653,7.716641024921321e-05,0.9849288224027479,0.0003088831117714244,0.01273670879569173,0.9849288224027479
10789,0,0,1,0.9943154284128615,5.904544817862655e-05,0.0034342338353598708,0.00025685902132529484,0.0019344332822745479,0.9943154284128615
13706,2,0,0,0.581056687107909,0.0001700576810236198,0.4003256543088208,0.0005882568255330695,0.017859344076713513,0.581056687107909
11842,0,0,1,0.9930909765329077,0.00010173905178587257,0.005191330375803718,0.00016797130505153814,0.0014479827344511952,0.9930909765329077
11049,0,0,1,0.9930009182830535,5.4922434259848526e-05,0.004861438497002397,0.0002045002942483725,0.0018782204914362184,0.9930009182830535
10948,0,0,1,0.7768278072929324,0.0008972610702380925,0.040615069257941706,0.0054430820952261335,0.17621678028366178,0.7768278072929324
10688,0,0,1,0.9994903304338772,6.453954676606145e-05,0.00012233398087065068,5.323874533835207e-05,0.00026955729314758094,0.9994903304338772
18074,4,4,1,0.004386932334292316,0.0008034455949667055,0.018939185446643417,0.005800116771890614,0.9700703198522069,0.9700703198522069
10452,0,0,1,0.9992635564536396,8.516677038341309e-05,0.0001980717325013636,6.827326335254863e-05,0.00038493178012285903,0.9992635564536396
15319,1,1,1,4.1553978195670996e-05,0.9877228003849121,7.767334236130726e-05,0.009755314210038944,0.002402658084491986,0.9877228003849121
11916,0,0,1,0.9917582980887388,9.568183756862514e-05,0.006169668657804728,0.00014240130916010375,0.0018339501067275619,0.9917582980887388
14953,1,1,1,3.5622794459164435e-05,0.98724381412036,6.096525926999381e-05,0.010876549617865766,0.0017830482080452726,0.98724381412036
11017,0,0,1,0.9915126123435797,7.846735648132451e-05,0.005292534208716898,0.00033726899088390856,0.002779117100338184,0.9915126123435797
12733,2,2,1,0.005447041533250394,3.955724269522238e-05,0.9808229099051418,7.21696880465694e-05,0.013618321630866136,0.9808229099051418
19155,4,4,1,9.584139518607585e-05,0.0047472449680822275,0.00023934751472950327,0.0011890972569384515,0.9937284688650637,0.9937284688650637
12633,2,2,1,0.00967940336079691,0.00020599345226312326,0.7626140628470864,0.00028820174139697986,0.22721233859845644,0.7626140628470864
18781,4,4,1,0.00031766545328702875,0.030174460023626268,0.0004083452266223127,0.0024274541028655255,0.966672075193599,0.966672075193599
11931,0,0,1,0.989342242340783,7.798187436666459e-05,0.008476341486705613,0.00013152364098314033,0.0019719106571615026,0.989342242340783
18820,4,4,1,0.0002553643174128903,0.03943219389213252,0.00034546351922164214,0.000383630929002752,0.95958334734223,0.95958334734223
17291,3,3,1,0.0009102776950259663,0.0038482370069329915,0.001318471253078152,0.8776691000673793,0.1162539139775838,0.8776691000673793
17227,3,3,1,0.00045155650312301974,0.289169329338318,0.0005808762075789238,0.670523188746605,0.03927504920437506,0.670523188746605
10139,0,0,1,0.9793444162203361,2.921904532770512e-05,0.018097155754173838,5.7487895754374436e-05,0.0024717210844078475,0.9793444162203361
14713,1,1,1,1.7528776064155124e-05,0.9926140773430886,3.60501506634867e-05,0.006116214487976313,0.0012161292422073237,0.9926140773430886
10373,0,0,1,0.9762389755018206,5.4109978684142096e-05,0.018555925472832486,9.5269580906048e-05,0.005055719465756908,0.9762389755018206
17270,3,3,1,0.0003909923350400312,0.001965786701944588,0.0004808783222962045,0.9526152376171513,0.04454710502356781,0.9526152376171513
19219,4,4,1,0.0016763223175330821,0.26078705346856973,0.0014186940046911883,0.2572870783892737,0.4788308518199324,0.4788308518199324
18242,4,4,1,0.0006987856315527391,0.0004379666626612071,0.0030578289403626847,0.01135827104476234,0.9844471477206611,0.9844471477206611
10940,0,0,1,0.9265490759013235,0.00037759260706151683,0.01798131761985357,0.0027147226508538497,0.052377291220907674,0.9265490759013235
11730,0,0,1,0.9786501865087436,0.0005175978748135592,0.010020408718520004,0.0005434011577192259,0.010268405740203386,0.9786501865087436
17507,3,3,1,0.0008716442979897552,0.009801251343925262,0.0013145620418970295,0.9426889342931315,0.04532360802305644,0.9426889342931315
16092,3,3,1,0.00013085988739097484,0.017430679932685687,0.00020040973461573383,0.9774000959343351,0.004837954510972569,0.9774000959343351
13298,2,3,0,0.0008302529715015437,0.0682031186661329,0.0012842411704536375,0.872367634464266,0.05731475272764584,0.872367634464266
18547,4,4,1,0.001807513325722181,0.05623018106068169,0.00276370058859352,0.31797955027179825,0.6212190547532044,0.6212190547532044
18356,4,4,1,0.22442115336392465,0.0008399088882369939,0.06707361234058269,0.002448282471280488,0.7052170429359752,0.7052170429359752
14800,1,1,1,3.541154562908605e-05,0.9893931595124398,5.150282233824527e-05,0.008659915258521323,0.0018600108610715396,0.9893931595124398
14748,1,1,1,2.7860654294166384e-05,0.9891228660879894,4.965303353754171e-05,0.00922149765808634,0.0015781225660926224,0.9891228660879894
12115,2,2,1,0.0014619229497096792,4.445174391688695e-05,0.9914634778499068,0.00015111875548658445,0.006879028700979791,0.9914634778499068
16392,3,3,1,0.00026549047718488975,0.14067547469595845,0.0003338567518424261,0.8384131826627937,0.02031199541222039,0.8384131826627937
17618,3,3,1,0.0006142547217082423,0.0052967469552168125,0.0016862801528437594,0.9422776203194286,0.05012509785080264,0.9422776203194286
18730,4,4,1,0.0016965107355533058,0.022250579836124915,0.0007655800475822862,0.0007838834197966788,0.9745034459609427,0.9745034459609427
10205,0,0,1,0.9796776830556063,4.4600320984869374e-05,0.016475082746693542,8.647513523288189e-05,0.0037161587414825037,0.9796776830556063
14887,1,1,1,2.244382509518734e-05,0.9907396238883903,4.110053808470052e-05,0.007768470857477824,0.0014283608909518902,0.9907396238883903
14944,1,1,1,0.00012281967069617533,0.9059501424412227,0.0001725931822095933,0.08559672663467763,0.008157718071193854,0.9059501424412227
15387,1,1,1,0.0002807758377661634,0.9458174429653877,0.0004068286541584389,0.03697649276090922,0.016518459781778443,0.9458174429653877
15130,1,1,1,1.9434969798564866e-05,0.9928305738602301,3.653507654517368e-05,0.005863509946495373,0.0012499461469309408,0.9928305738602301
15775,1,1,1,0.0024487217689022176,0.6341031234532679,0.00117590739917014,0.0025324717778569244,0.3597397756008029,0.6341031234532679
10473,0,0,1,0.9993437945810194,7.864278019295654e-05,0.0002368919270207705,6.35453743594724e-05,0.0002771253374074261,0.9993437945810194
10918,0,0,1,0.9920139817782311,5.605054382234336e-05,0.005395904827975181,0.00020655244596766176,0.0023275104040035807,0.9920139817782311
17733,3,3,1,0.0005283481201684248,0.0030296326479374866,0.0012957935946704602,0.9199418981751728,0.07520432746205082,0.9199418981751728
10306,0,0,1,0.979865508624645,3.9484171397133814e-05,0.015817373046723898,8.248045286588282e-05,0.004195153704367728,0.979865508624645
18764,4,4,1,0.0004665314379078116,0.1423199388160619,0.0009874738948463123,0.025221492780886024,0.831004563070298,0.831004563070298
12641,2,2,1,0.008189962512193298,4.244158192948301e-05,0.9814389758759456,0.00011378239545289381,0.01021483763447866,0.9814389758759456
16692,3,3,1,0.00035409111766046287,0.0957738941131096,0.0003547035116421075,0.8804511363870968,0.023066174870491195,0.8804511363870968
18978,4,4,1,0.0027444491584749844,0.01569183184002157,0.0021321167574234845,0.03386123953305624,0.9455703627110238,0.9455703627110238
18741,4,4,1,0.0015316148526503366,0.013671165626566378,0.001206890399377266,0.0034233893060578273,0.9801669398153482,0.9801669398153482
16938,3,3,1,0.00028396807794316,0.02463068482611825,0.0002825611686495387,0.9424032026239735,0.03239958330331565,0.9424032026239735
16630,3,3,1,0.001366414950467572,0.05392211212131426,0.0019065894937913227,0.8027240690445342,0.14008081438989267,0.8027240690445342
15006,1,1,1,8.854108325507871e-05,0.9785272392210402,0.0002679788055859851,0.01797843490705861,0.0031378059830599564,0.9785272392210402
18202,4,4,1,0.012422738088508333,0.0008495470806298766,0.006376789747380207,0.006463559076440014,0.9738873660070415,0.9738873660070415
13490,2,2,1,0.0002673314863151578,4.2637334410518515e-05,0.9953019604597204,0.00011465123151086228,0.004273419488043155,0.9953019604597204
10648,0,0,1,0.9984084313911307,0.00016010026639842642,0.00024367209658821893,0.00014849990083078187,0.0010392963450518735,0.9984084313911307
18144,4,4,1,0.006892637670907541,0.002775280921791995,0.02112911239732996,0.2631406997106567,0.7060622692993138,0.7060622692993138
12484,2,2,1,0.0024759994875612696,2.5619311662339165e-05,0.9925794063678349,4.652908113014722e-05,0.004872445751811474,0.9925794063678349
12118,2,2,1,0.00826855829454799,4.1682233204549115e-05,0.9820550493544452,0.0001047816720976545,0.009529928445704567,0.9820550493544452
11358,0,0,1,0.9647961800750838,0.00016029204729074253,0.02383778560460403,0.00041491360682381514,0.010790828666197575,0.9647961800750838
10943,0,0,1,0.9846187623789142,0.0001127767807235873,0.008408127536051682,0.0005409421680935086,0.006319391136216928,0.9846187623789142
18189,4,4,1,0.01904511014873245,0.003720211177328814,0.03218327238173269,0.11693104361310527,0.8281203626791007,0.8281203626791007
10860,0,0,1,0.9803423146848277,7.804698132176906e-05,0.01607886099853988,0.00033181468399878994,0.0031689626513118517,0.9803423146848277
15614,1,1,1,5.0272937718518106e-05,0.9799283162730161,9.773373694246454e-05,0.016957009279437524,0.0029666677728852862,0.9799283162730161
15341,1,1,1,2.2927259662105076e-05,0.9918258818843045,4.169688751040147e-05,0.0067805223091897465,0.0013289716593330467,0.9918258818843045
15575,1,1,1,0.0018536561358982841,0.961225739513332,0.001136832751812587,0.0016164222272920371,0.03416734937166489,0.961225739513332
17089,3,3,1,0.00028289579635252897,0.06386410260532631,0.0003404797740078777,0.9100444044872137,0.025468117337099423,0.9100444044872137
15673,1,1,1,0.0002388323342268712,0.9927452397515201,0.00020641867693445282,0.0003274237815010531,0.006482085455817678,0.9927452397515201
12394,2,2,1,0.009568530127222813,3.898669629068613e-05,0.9814095114581615,7.910392433974468e-05,0.008903867793985294,0.9814095114581615
10794,0,0,1,0.9881240856735082,6.761617897959948e-05,0.008641678050492124,0.00025831752333059234,0.0029083025736896884,0.9881240856735082
11761,0,0,1,0.990356923039239,5.365095131895385e-05,0.007695316412508822,0.0001909039652665175,0.001703205631666732,0.990356923039239
18030,4,4,1,0.045833141107894236,0.02547189169158817,0.03477413740465983,0.235982426603848,0.6579384031920098,0.6579384031920098
17799,3,3,1,0.00105306660119703,0.001987943382760973,0.002247269433566385,0.855030425113542,0.13968129546893374,0.855030425113542
16961,3,3,1,0.00015647059860985664,0.0054723191877647645,0.00014156726305066013,0.9866023484360225,0.007627294514552215,0.9866023484360225
10242,0,0,1,0.973752863543533,4.688813081092067e-05,0.022298979960129004,9.197713614261074e-05,0.0038092912293844535,0.973752863543533
13166,2,2,1,0.0005914407213718893,5.030712920130741e-05,0.9882575391703097,0.0001076829021054126,0.010993030077011596,0.9882575391703097
18380,4,4,1,0.005880578864977979,0.0005276642516575913,0.028213765831171595,0.005168504425499893,0.960209486626693,0.960209486626693
10672,0,0,1,0.9232508445943051,0.0009317204377601346,0.003944111496246092,0.0022238442228950306,0.06964947924879375,0.9232508445943051
11033,0,0,1,0.9845033544654526,6.545409716889034e-05,0.012492776888696147,0.0002494870739883915,0.002688927474693807,0.9845033544654526
15529,1,1,1,2.0103709656280125e-05,0.9934020170780228,4.3776442732322214e-05,0.005162722446066148,0.0013713803235223627,0.9934020170780228
18461,4,4,1,0.007546336150524024,0.0009141270262617372,0.04712693782322148,0.0049270247157319645,0.9394855742842608,0.9394855742842608
18457,4,4,1,0.006039204069045806,0.00039868876268436967,0.00893386048692877,0.00182973383794184,0.9827985128433991,0.9827985128433991
18943,4,4,1,0.00107780022234317,0.026482007540731132,0.0009661098527961139,0.009359383602782788,0.9621146987813469,0.9621146987813469
12052,2,2,1,0.009124699179170397,8.221263037399834e-05,0.9658976737917722,0.0006915540689820177,0.024203860329701406,0.9658976737917722
12219,2,2,1,0.006400027151025369,4.7261556574168955e-05,0.9695581234697971,7.401862858651343e-05,0.02392056919401675,0.9695581234697971
16784,3,3,1,9.220992107749071e-05,0.002656902411456451,0.00011844390369988077,0.9944209523840889,0.002711491379677168,0.9944209523840889
12140,2,2,1,0.0002587037155577874,3.775613829496931e-05,0.9865498026999353,0.00014467615505241047,0.013009061291159463,0.9865498026999353
11387,0,0,1,0.9936659101100677,7.962065071159637e-05,0.0016221643154165678,0.0001770929799609556,0.0044552119438432515,0.9936659101100677
16755,3,3,1,8.157792640930159e-05,0.008781554589327745,0.00017700610812629154,0.9872332485159881,0.003726612860148534,0.9872332485159881
19702,4,4,1,0.005196345961663774,0.00024223024427388719,0.36193718495823507,0.00040191266460740463,0.6322223261712198,0.6322223261712198
13721,2,2,1,0.0005947581232991297,4.09847465638382e-05,0.9889624243440212,0.00012749147341031136,0.01027434131270552,0.9889624243440212
16550,3,3,1,0.0002505297164881995,0.050923369735669674,0.00046111859627143153,0.9384521898067553,0.009912792144815432,0.9384521898067553
18366,4,4,1,0.0032763058504484016,0.0010453904982060719,0.005213826682638295,0.024726138608767795,0.9657383383599395,0.9657383383599395
10002,0,0,1,0.9766990803446269,3.138097397470059e-05,0.021002166717992026,5.601491021089318e-05,0.002211357053195294,0.9766990803446269
13912,2,2,1,0.0005861193222670514,5.8529955938725376e-05,0.9832176472430231,0.00028031984343219714,0.01585738363533871,0.9832176472430231
11767,0,0,1,0.9921047885177511,9.063437039709714e-05,0.005923285552153192,0.00014871903233191084,0.0017325725273666939,0.9921047885177511
11488,0,0,1,0.949788581740233,0.0002050975447679311,0.020255415342043916,0.00044698705926152053,0.029303918313693503,0.949788581740233
15550,1,1,1,2.0411874746816226e-05,0.9957194756762218,4.414290403826216e-05,0.002508283928810636,0.0017076856161825078,0.9957194756762218
16230,3,3,1,8.251447425125787e-05,0.00685902594674087,9.301930648260115e-05,0.9905549865181772,0.0024104537543479737,0.9905549865181772
11196,0,0,1,0.9114493371775675,0.0003637634057955481,0.029730313266481852,0.0005488896216897614,0.057907696528465474,0.9114493371775675
15553,1,1,1,2.1484462245457392e-05,0.9918370939323998,4.8639681294303626e-05,0.0061772927431703395,0.0019154891808901018,0.9918370939323998
18882,4,4,1,6.405313744880949e-05,0.0049504604642120155,0.00013498727544301886,0.00024718919552741385,0.9946033099273688,0.9946033099273688
13220,2,2,1,0.0037782858691075756,7.132410345583916e-05,0.9826386321128738,0.00016840454433659369,0.01334335337022628,0.9826386321128738
12536,2,2,1,0.027616407287980375,0.00012359482533181034,0.9327700923214017,0.00019879371309616844,0.03929111185219001,0.9327700923214017
18964,4,4,1,0.0021842699506237637,0.04164894901307334,0.0010306135954963138,0.0008800194641263342,0.9542561479766803,0.9542561479766803
16603,3,3,1,0.000480890716121813,0.011677706526978525,0.0008540299207826183,0.8993968866076312,0.08759048622848595,0.8993968866076312
19151,4,4,1,0.0005441791913149503,0.012541201778709017,0.0003760829125565647,0.0002689771849223178,0.9862695589324971,0.9862695589324971
10458,0,0,1,0.9984226017830163,0.00013583288589165014,0.0002947065283236478,0.00014722128478357615,0.000999637517984945,0.9984226017830163
16574,3,1,0,0.0003553967976944715,0.5918436641142273,0.000636774194754526,0.38226742702380023,0.02489673786952343,0.5918436641142273
17591,3,3,1,0.00042142200646404606,0.0020086636199426982,0.0018239088866856426,0.932458523322401,0.06328748216450672,0.932458523322401
16696,3,3,1,9.673913539012401e-05,0.008688211139135291,0.00012267674863347135,0.987983700181133,0.0031086727957081533,0.987983700181133
16636,3,3,1,0.00034926130697008847,0.015274224548541951,0.00057700660905362,0.9412227300222403,0.04257677751319396,0.9412227300222403
15881,1,1,1,0.00019497922979086206,0.9890964943892602,0.0002833622722259264,0.00043576217734564616,0.009989401931377583,0.9890964943892602
19885,4,4,1,0.04697386341808954,0.001557244276894846,0.36678583375372414,0.012118741879179787,0.5725643166721116,0.5725643166721116
15091,1,1,1,3.436562124213694e-05,0.9937586731219775,7.60041538384148e-05,0.004745615679309467,0.0013853414236326426,0.9937586731219775
15002,1,1,1,5.620722759268671e-05,0.9845951103441135,9.882143060233394e-05,0.009653897914114161,0.005595963083577265,0.9845951103441135
11889,0,0,1,0.9900762293409314,0.000238942848591579,0.006504638576946433,0.00043620353569414624,0.0027439856978365147,0.9900762293409314
14771,1,1,1,0.00011081296544933469,0.9066371193364974,0.00017798718916028152,0.08838239071158016,0.0046916897973127425,0.9066371193364974
11897,0,0,1,0.9860444792341947,0.0003985054979683842,0.006212121224424268,0.000435628667188437,0.006909265376224231,0.9860444792341947
10334,0,0,1,0.9766442262171313,3.987168069478867e-05,0.01914881473067057,8.884121152593857e-05,0.0040782461599772986,0.9766442262171313
15051,1,1,1,0.00016191132483205932,0.9264867125274046,0.0002545666276220115,0.062365235760068645,0.010731573760072817,0.9264867125274046
17499,3,3,1,0.0003934256245502453,0.002186596358777534,0.00041749192752356726,0.9614055503765251,0.035596935712623456,0.9614055503765251
12648,2,2,1,0.0036301633765680524,3.4679584782336356e-05,0.9890360801968511,5.889711497660108e-05,0.007240179726821907,0.9890360801968511
16670,3,3,1,0.0007554382619690415,0.2630043857982431,0.001733954591852408,0.6762201209211965,0.05828610042673889,0.6762201209211965
14271,1,1,1,2.628295192145852e-05,0.9918811977696997,5.395476996572625e-05,0.006223577765986926,0.00181498674242629,0.9918811977696997
15505,1,1,1,0.0002555503553495187,0.990847179874649,0.0002456279135805865,0.00018811880024812764,0.008463523056172735,0.990847179874649
15381,1,1,1,2.6924879735313177e-05,0.9928864557208562,6.422090349904898e-05,0.0054809367463620725,0.0015414617495474116,0.9928864557208562
16857,3,3,1,0.0004913313989662848,0.15188882072555016,0.0007146290243580559,0.7910123764116402,0.05589284243948528,0.7910123764116402
14689,1,1,1,3.9578180643835556e-05,0.9767037284555391,9.010450443685296e-05,0.020045652152566238,0.0031209367068139805,0.9767037284555391
15767,1,1,1,0.0012012550788799055,0.9731320469940159,0.0006411998655185957,0.0012234741533076409,0.023802023908277858,0.9731320469940159
13855,2,4,0,0.00493245019718878,0.028140235509447522,0.012807585299490476,0.23432609716943037,0.7197936318244429,0.7197936318244429
13926,2,2,1,0.03110903676298791,0.00019343445816588547,0.9440591645012066,0.0005006058064623563,0.024137758471177252,0.9440591645012066
18624,4,4,1,0.0001882738661467295,0.021246429011988623,0.00034384464869301586,0.0015168951523289408,0.9767045573208428,0.9767045573208428
13930,2,2,1,0.001131245856322512,0.00016794237973789236,0.9443725489943924,0.0002518993376782068,0.05407636343186909,0.9443725489943924
18566,4,4,1,0.0038159569515188335,0.0004951796503321649,0.005712975006892225,0.015168259638440356,0.9748076287528165,0.9748076287528165
14952,1,1,1,2.6425334749956567e-05,0.9905328321465883,5.2250072704200105e-05,0.007900828410494627,0.0014876640354630846,0.9905328321465883
14679,1,1,1,2.531831200418445e-05,0.9922377356905299,5.2713516678684586e-05,0.0060009229411678725,0.001683309539619336,0.9922377356905299
12060,2,2,1,0.0015196924899288924,3.947018314449519e-05,0.9882781754017331,0.00017245278289520146,0.00999020914229826,0.9882781754017331
12423,2,2,1,0.0006445224581577001,3.5620589110374694e-05,0.9924490066442875,0.00010525645533488733,0.006765593853109512,0.9924490066442875
19239,4,4,1,0.0005757289505459785,0.007966924514590412,0.00039708999041697786,0.0009567042094800822,0.9901035523349665,0.9901035523349665
17110,3,3,1,0.0002388443941560318,0.09502669845996276,0.0003011746844632989,0.892456308627346,0.011976973834071848,0.892456308627346
18001,4,4,1,0.0053546751257104825,0.00044438721034807536,0.008672854989091112,0.002382242820139215,0.9831458398547112,0.9831458398547112
18346,4,4,1,0.0016999200058047902,0.018640356394090344,0.00771473492613419,0.166883054801999,0.8050619338719716,0.8050619338719716
14968,1,1,1,3.4378333348537665e-05,0.9863113411547412,5.83206994582853e-05,0.011496417451469839,0.002099542360982276,0.9863113411547412
14975,1,1,1,0.0004894429462612814,0.9235421193230451,0.0008735560133371576,0.022073869412701997,0.0530210123046543,0.9235421193230451
17199,3,3,1,0.0002102747132177091,0.07944291517784058,0.0002501298908972867,0.9109070458095001,0.009189634408544525,0.9109070458095001
18212,4,4,1,0.11614213851384902,0.00047740373789046135,0.028417197953540325,0.0009217574306028984,0.8540415023641174,0.8540415023641174
17845,3,3,1,0.0008717052497257457,0.004079634969219916,0.0011029779525309387,0.9202378628528256,0.07370781897569792,0.9202378628528256
11289,0,0,1,0.940167726390652,0.0001249755260672533,0.04493256924108072,0.00031454644820131685,0.014460182393998796,0.940167726390652
19044,4,4,1,0.0015422408177302451,0.019804348325153775,0.0008065583138482926,0.0009856063035005138,0.9768612462397672,0.9768612462397672
15204,1,1,1,5.474253482503258e-05,0.9776112093591407,0.00011144982185712058,0.017471321697425848,0.0047512765867513285,0.9776112093591407
17447,3,3,1,0.0005207402206374472,0.010123757355043788,0.001185096490514023,0.8931571558186553,0.09501325011514945,0.8931571558186553
12073,2,2,1,0.004640573580955623,4.772069813228924e-05,0.9792602425909882,8.162695702592416e-05,0.015969836172897912,0.9792602425909882
10150,0,0,1,0.9790183384576615,2.9408728750837318e-05,0.01869359488543165,5.333569564731836e-05,0.002205322232508514,0.9790183384576615
13060,2,2,1,0.0005330207435232121,4.852627341051443e-05,0.9924913279597821,0.00010381776524231996,0.006823307258041759,0.9924913279597821
17161,3,3,1,9.20405932178352e-05,0.007024156340573661,0.00010210349408396921,0.9882229297969825,0.00455876977514208,0.9882229297969825
10917,0,0,1,0.992491943780988,7.255265737130777e-05,0.00450559713638958,0.0003209354098086614,0.0026089710154422628,0.992491943780988
10110,0,0,1,0.8565503180615003,6.655587243718638e-05,0.13774986406693432,0.0001370430324130589,0.005496218966715151,0.8565503180615003
18559,4,4,1,0.0007260952435399281,0.00042071876963628384,0.0014519848151408603,0.01653219947363014,0.9808690016980528,0.9808690016980528
13725,2,2,1,0.0005842178576067265,3.470803704098722e-05,0.9931626346220574,5.612101118724454e-05,0.00616231847210759,0.9931626346220574
17588,3,3,1,0.0003730613296113542,0.004031593462485171,0.00102603474180015,0.9095823307921869,0.08498697967391657,0.9095823307921869
15032,1,1,1,3.8740794149082566e-05,0.99127581757059,7.418772974130883e-05,0.006273975594988987,0.0023372783105307443,0.99127581757059
15532,1,1,1,0.0012124701169207003,0.817569341145921,0.0008291417158225478,0.0026530252492606883,0.1777360217720751,0.817569341145921
16567,3,3,1,0.00025185401293528205,0.05229565067054505,0.0002518584399733026,0.9351188028251017,0.012081834051444662,0.9351188028251017
11704,0,0,1,0.9941368332255941,7.83201871035416e-05,0.0040509579454955,0.00010692025308372134,0.0016269683887230545,0.9941368332255941
14102,1,1,1,2.623139499152424e-05,0.9955115970254048,4.075496655450782e-05,0.002123403202269049,0.002298013410779941,0.9955115970254048
14744,1,1,1,1.8721372312041605e-05,0.9935089840206499,4.454734449049741e-05,0.005103073339288545,0.0013246739232587795,0.9935089840206499
10902,0,0,1,0.9938617442407253,5.83124782101214e-05,0.0037716356969570266,0.00020688620994112933,0.002101421374166397,0.9938617442407253
17457,3,3,1,0.0005760811480369931,0.003124131171629002,0.0007495418688977538,0.9154076673477157,0.08014257846372043,0.9154076673477157
10101,0,0,1,0.9846481743332209,4.902137491034048e-05,0.012157712300903267,0.00010158045567056466,0.0030435115352947886,0.9846481743332209
10752,0,0,1,0.9956208067438373,0.00045922062055918627,0.0005701533381461459,0.0006824716243804963,0.00266734767307715,0.9956208067438373
11271,0,0,1,0.9784057249343712,0.00014121366865475158,0.006000826995134452,0.00024096316352853828,0.015211271238310864,0.9784057249343712
11003,0,0,1,0.8676702690712085,0.00014383800820929625,0.1250417469986974,0.0006572853316496477,0.006486860590234993,0.8676702690712085
17723,3,3,1,0.00015304839557142704,0.0031432209477830256,0.00044756121389393503,0.9611078024714674,0.03514836697128413,0.9611078024714674
18442,4,4,1,0.001984333311364588,0.00018280089649754333,0.0029502338600734374,0.0008200863413164919,0.9940625455907479,0.9940625455907479
18271,4,4,1,0.00236785909890596,0.001430034220290483,0.0024547448760028107,0.0821913946872629,0.9115559671175377,0.9115559671175377
18036,4,4,1,0.0019150962167338954,0.001782576434329385,0.0044674797995567,0.037544982037659096,0.954289865511721,0.954289865511721
16634,3,3,1,0.00013411469892924378,0.01669713602880178,0.00026083209724304235,0.9785729539929734,0.004334963182052512,0.9785729539929734
11900,0,0,1,0.9837217304631434,0.0003861433809465104,0.008681980986671249,0.0003537632234576803,0.006856381945780889,0.9837217304631434
13238,2,2,1,0.0035632024579743023,8.536632373274165e-05,0.9806191233967514,0.0015585415409350941,0.014173766280606504,0.9806191233967514
13245,2,4,0,0.002079635390338617,0.0004564147906851052,0.3697827665182546,0.00127053236286732,0.6264106509378544,0.6264106509378544
12681,2,2,1,0.002535268963577745,4.3775991161876356e-05,0.9864233477925523,6.707011888208551e-05,0.0109305371338261,0.9864233477925523
17678,3,3,1,0.0005775661463348218,0.010175853951500988,0.0023697739336147007,0.8961684300611146,0.09070837590743494,0.8961684300611146
11005,0,0,1,0.9931040617131169,5.560273806502343e-05,0.0048713263436067945,0.0001997044300472937,0.0017693047751640237,0.9931040617131169
18148,4,4,1,0.027838173183805756,0.0007635125258257303,0.00952361277000296,0.00693664141164489,0.9549380601087207,0.9549380601087207
18531,4,4,1,0.0033191699355773524,0.00032620539441468324,0.004668596008737705,0.0023383656885744082,0.9893476629726957,0.9893476629726957
10282,0,0,1,0.9816814172470776,4.870036180610237e-05,0.014045835106504246,8.262691204940966e-05,0.004141420372562519,0.9816814172470776
12507,2,2,1,0.0028457168486342305,2.729091157152602e-05,0.989229734260319,4.9963989041868054e-05,0.007847293990433397,0.989229734260319
15449,1,1,1,0.00013312838059824556,0.9145861452196102,0.0002950698093904792,0.0700303977253605,0.014955258865040379,0.9145861452196102
11974,2,2,1,0.002432911547190232,8.376964332148954e-05,0.9924637256510436,0.00024416095934922234,0.004775432199095571,0.9924637256510436
13962,1,1,1,6.428158415718634e-05,0.9890911108744678,8.775319730649292e-05,0.004219492860954083,0.006537361483114368,0.9890911108744678
17545,3,3,1,0.001729971768035616,0.004490839872769049,0.001272336812984105,0.9242691570332946,0.06823769451291659,0.9242691570332946
19149,4,4,1,4.8487166716357616e-05,0.001901526293860943,5.4310270089157724e-05,0.00010450631160367551,0.99789116995773,0.99789116995773
15469,1,1,1,2.1108576166025438e-05,0.9926558133779544,5.690296957820673e-05,0.0055184791681928734,0.001747695908108418,0.9926558133779544
10869,0,0,1,0.9742792212256917,9.112954720010107e-05,0.02096499935172588,0.00045274423909569543,0.004211905636286648,0.9742792212256917
13214,2,2,1,0.0004679945117434995,6.753936433334129e-05,0.9808884941122182,0.0007790675495240729,0.017796904462180897,0.9808884941122182
18186,4,4,1,0.0046049598553407145,0.0008838166597871538,0.017664435072211312,0.009973932915129869,0.9668728554975309,0.9668728554975309
15573,1,1,1,0.0006797323334966778,0.9575039120113842,0.0003175450459712947,0.001315077659850305,0.04018373294929768,0.9575039120113842
12650,2,2,1,0.003782259744253042,3.9020261975766597e-05,0.985982003174195,8.031282337690304e-05,0.010116403996199312,0.985982003174195
15308,1,1,1,6.478320477952573e-05,0.9652315552870993,0.00010625459730494306,0.03149746222808484,0.0030999446827313566,0.9652315552870993
13883,2,2,1,0.002697769062073822,3.541306867098302e-05,0.9886716188267346,9.929492503995356e-05,0.00849590411748058,0.9886716188267346
13919,2,2,1,0.17305385479715946,0.00015176720697064356,0.7909718137168424,0.0004918204642685236,0.03533074381475898,0.7909718137168424
11118,0,0,1,0.952198815472553,0.00035019015143549246,0.013347794761750556,0.002134787900959731,0.031968411713301316,0.952198815472553
16572,3,3,1,0.0001829523732726857,0.02377841138865793,0.0001914856927810318,0.9705062824285374,0.005340868116750982,0.9705062824285374
11142,0,0,1,0.9922063684911391,6.251431415011442e-05,0.004786512443145322,0.00026654160057510383,0.0026780631509902746,0.9922063684911391
12928,2,2,1,0.0013616245172768879,4.0198371918425626e-05,0.9813176132860548,0.00013769227523023958,0.017142871549519666,0.9813176132860548
13113,2,2,1,0.0014447445130583451,8.996514793977496e-05,0.9715292945867917,0.0005329623409287081,0.026403033411281453,0.9715292945867917
16800,3,3,1,0.0002445010789685012,0.028587740167906807,0.0002985663361461888,0.9477224294996299,0.02314676291734871,0.9477224294996299
10509,0,0,1,0.9993983747895341,7.293864746274778e-05,0.00018983234794609345,6.931662418930658e-05,0.0002695375908677869,0.9993983747895341
15899,1,1,1,2.4917049075197382e-05,0.9902807994633894,5.709126555514812e-05,0.007863833150889721,0.0017733590710903527,0.9902807994633894
11001,0,0,1,0.9844990294197635,0.00013470812270156962,0.009891927719483246,0.0005675076304601979,0.004906827107591397,0.9844990294197635
14340,1,1,1,5.5009684580910644e-05,0.9897521098932963,0.00011932408280598444,0.008440753929695635,0.00163280240962121,0.9897521098932963
12034,2,2,1,0.001738656229004803,3.291219688373154e-05,0.9845488419578959,9.282079730280846e-05,0.013586768818912768,0.9845488419578959
10196,0,0,1,0.6071636187566024,0.0007526295191639201,0.03527949811825288,0.0020065518748411007,0.35479770173113956,0.6071636187566024
11998,2,2,1,0.0569320560635732,0.0002009476424429904,0.9083072923608321,0.0019573627009338815,0.03260234123221781,0.9083072923608321
18501,4,4,1,0.0015761762374465337,0.00026963973671194585,0.003720253321529744,0.0046470709988707636,0.9897868597054409,0.9897868597054409
12511,2,2,1,0.0037009226004237937,6.022380111214431e-05,0.9777984775927546,9.064347284538797e-05,0.018349732532864132,0.9777984775927546
10175,0,0,1,0.9804744994195173,3.391152867974322e-05,0.016772822770287188,6.43945560180848e-05,0.0026543717254977946,0.9804744994195173
17982,4,4,1,0.005152958796519881,0.002665579691186459,0.008298351636815247,0.039573109653863514,0.9443100002216149,0.9443100002216149
12701,2,2,1,0.005507873036196966,2.1419700408395795e-05,0.9907547790980853,4.0661709330688224e-05,0.0036752664559786125,0.9907547790980853
15114,1,1,1,0.00018927395589416035,0.8651311186538017,0.000352135839619914,0.09926569903881453,0.03506177251186988,0.8651311186538017
13508,2,2,1,0.022839722403122452,4.967384999388874e-05,0.9626682873193353,9.782298286804292e-05,0.014344493444680122,0.9626682873193353
16762,3,3,1,0.0006129806638699308,0.0041769761417000196,0.000750433612113024,0.830711082278652,0.16374852730366501,0.830711082278652
11098,0,0,1,0.9200967243723391,0.000111900314634358,0.07382329280074902,0.0005433305566107146,0.005424751955666887,0.9200967243723391
13016,2,2,1,0.0026708927929248883,5.86677547756447e-05,0.9832215795445852,0.00020519973644313508,0.013843660171271126,0.9832215795445852
18420,4,3,0,0.0033825130516843063,0.003381846979562425,0.021904445607373358,0.6345837304142791,0.336747463947101,0.6345837304142791
14437,1,1,1,1.57090093791613e-05,0.9936195454770151,4.178841250824682e-05,0.005108581477951444,0.0012143756231460753,0.9936195454770151
13487,2,4,0,0.008027433440990571,0.0023234855758929927,0.00754275880891852,0.0831504180000039,0.898955904174194,0.898955904174194
10123,0,0,1,0.8802075895130647,0.00021283123738473142,0.022757660195747938,0.0003813206428402197,0.0964405984109625,0.8802075895130647
12407,2,2,1,0.0037426755824925364,4.270881421181531e-05,0.9829270572260213,9.054614586809832e-05,0.013197012231406293,0.9829270572260213
12227,2,2,1,0.002606035202736648,5.06332234085041e-05,0.9909480439031043,0.00024050725483758327,0.0061547804159130205,0.9909480439031043
10859,0,0,1,0.9941835441411118,5.215476627189082e-05,0.003690713074862824,0.00017964086895636152,0.0018939471487971898,0.9941835441411118
13645,2,2,1,0.0011588651368660355,0.0002727341612016035,0.7275347277466567,0.0007848759694695167,0.2702487969858061,0.7275347277466567
19096,4,4,1,6.354320751546691e-05,0.006403418953001526,8.658877931744987e-05,0.00014361191459795876,0.9933028371455676,0.9933028371455676
14740,1,1,1,2.2739942366224416e-05,0.9919994402708239,4.326935827794642e-05,0.006729114439586368,0.001205435988945512,0.9919994402708239
11620,0,0,1,0.9953035301883926,6.939987777832768e-05,0.003323216818554953,8.203333154515031e-05,0.0012218197837288519,0.9953035301883926
11356,0,0,1,0.9583882159841756,0.00014045184619632388,0.0027021860857169492,0.00023582289643200375,0.038533323187479394,0.9583882159841756
17121,3,3,1,0.0001244273787138062,0.010870718434712745,0.00017470528199440012,0.9840523858331853,0.004777763071393688,0.9840523858331853
18650,4,4,1,0.00022817308219852584,0.03048393886184109,0.00023541969928362211,0.0011196347205754647,0.9679328336361012,0.9679328336361012
13840,2,2,1,0.0005359732829777458,0.00010853450368620139,0.8340553724826574,0.00030041228551261204,0.16499970744516587,0.8340553724826574
19561,4,4,1,0.00042783374520799657,0.00012429264357911884,0.15232961590575578,0.00020267839761687302,0.8469155793078403,0.8469155793078403
13655,2,2,1,0.003703374327065093,0.00018295131240062253,0.5956932636295525,0.0006067115115388781,0.399813699219443,0.5956932636295525
10551,0,0,1,0.9992975598150202,7.55223553314375e-05,0.00020891093819892052,7.51944187460235e-05,0.000342812472703449,0.9992975598150202
16400,3,3,1,0.0016818013398145178,0.042746271378054666,0.002869854227020364,0.8856886516971513,0.06701342135795914,0.8856886516971513
11578,0,0,1,0.9179392944498527,0.00020163646548835757,0.0658156424872884,0.000598123096155787,0.01544530350121488,0.9179392944498527
15611,1,1,1,2.8694460653210594e-05,0.9906354828422542,6.025354481691363e-05,0.0070406294230733,0.0022349397292022403,0.9906354828422542
14574,1,1,1,2.997167159613939e-05,0.9881305409454865,5.613584084195106e-05,0.009929270922056886,0.0018540806200183437,0.9881305409454865
17478,3,3,1,0.0006164812101609453,0.005924435309267765,0.00231901474703208,0.8199875550803373,0.17115251365320194,0.8199875550803373
15291,1,1,1,6.987793308897987e-05,0.9434401393540629,0.00013538941681133924,0.05287232928895446,0.0034822640070822732,0.9434401393540629
13541,2,2,1,0.0017521638054559003,0.0001048590607452098,0.9722020534649338,0.00026294363201591656,0.025677980036849016,0.9722020534649338
14327,1,1,1,2.5045217684738777e-05,0.992267108516329,5.231495602594172e-05,0.00542494596249902,0.002230585347461241,0.992267108516329
18121,4,4,1,0.0012074645254615795,0.0005172008411546753,0.0014692308384627976,0.00586916700959426,0.9909369367853266,0.9909369367853266
19391,4,4,1,0.010868565686582362,0.0001498691321161373,0.4159512732379551,0.0003227805012093415,0.572707511442137,0.572707511442137
18885,4,4,1,0.00264439414584649,0.002226609595504161,0.0011440987210680933,0.0033527141304438247,0.9906321834071373,0.9906321834071373
13019,2,2,1,0.046344389941188,0.000283851645243484,0.9014704877545602,0.0027025106104496027,0.04919876004855878,0.9014704877545602
17758,3,3,1,0.0005729737004126717,0.013096448820225077,0.002333325103197329,0.7873027632085027,0.1966944891676622,0.7873027632085027
11956,2,2,1,0.003928229312984683,4.491904638073713e-05,0.9919559412385576,0.0001185016283236539,0.00395240877375338,0.9919559412385576
15251,1,1,1,0.00037061067046743423,0.6681434208247584,0.0005529395468194899,0.31157583883447987,0.019357190123474793,0.6681434208247584
16989,3,3,1,0.00013719379066876727,0.015444340323746782,0.0001780110195552917,0.9747955147809081,0.009444940085121097,0.9747955147809081
11147,0,0,1,0.9918815644359302,7.49468126143362e-05,0.004508458445763585,0.0003071507613372838,0.0032278795443544984,0.9918815644359302
18306,4,4,1,0.005954607181903387,0.0006816060526083055,0.004677196830914862,0.0030032061800141807,0.9856833837545592,0.9856833837545592
10793,0,0,1,0.9821907468125439,7.970722867178564e-05,0.014226090325307287,0.0003913965952977728,0.003112059038179356,0.9821907468125439
15265,1,1,1,2.2021688450692093e-05,0.9924687255632358,3.99182391161842e-05,0.006302102011324865,0.0011672324978724076,0.9924687255632358
11621,0,0,1,0.9971716907923346,5.853501119182038e-05,0.0013714391199270628,8.747155454413837e-05,0.0013108635220025558,0.9971716907923346
16387,3,3,1,0.00024816838931868954,0.018145612493275752,0.00034896355415454364,0.9457858902847903,0.035471365278460745,0.9457858902847903
14654,1,1,1,0.00018856340186286112,0.9437737699208012,0.0004233110548323364,0.03578731958862664,0.019827036033877293,0.9437737699208012
15663,1,1,1,0.0006698039135370612,0.9801570879486681,0.0006249775607121384,0.0008721319386577807,0.017675998638425037,0.9801570879486681
11451,0,0,1,0.99808340020027,3.197196017098406e-05,0.00046272677229950993,5.727119746628741e-05,0.0013646298697933866,0.99808340020027
11816,0,0,1,0.9899350557558286,0.0002100098639214939,0.006683656051261711,0.00038443224874751443,0.0027868460802406647,0.9899350557558286
18743,4,4,1,0.02734839320950015,0.002549729469910618,0.2882556247622392,0.10127519827515752,0.5805710542831924,0.5805710542831924
10391,0,0,1,0.9991302479688446,0.00010107730782731589,0.00022292550228333554,8.516568598186237e-05,0.0004605835350627967,0.9991302479688446
13994,1,1,1,2.3972437355735822e-05,0.9915672924282695,4.757007002602668e-05,0.0071295692440017005,0.0012315958203473164,0.9915672924282695
11151,0,0,1,0.9860583054131593,0.00011719184089405854,0.0077400952775622854,0.0005498569736186185,0.005534550494765731,0.9860583054131593
12410,2,2,1,0.014592877076812793,4.1849240107394455e-05,0.9786476448512239,0.00010423286945471761,0.006613395962401117,0.9786476448512239
12894,2,2,1,0.000621149121420803,3.524092952623424e-05,0.9943813920825253,7.661578559825825e-05,0.004885602080929513,0.9943813920825253
17709,3,3,1,0.0002797055584682203,0.0023151120230349,0.00029703475671843846,0.9650332248018044,0.03207492285997399,0.9650332248018044
13860,2,3,0,0.00032242020985452993,0.01274377112376288,0.0008850505313185251,0.8984681806157092,0.08758057751935477,0.8984681806157092
17903,3,3,1,0.0003297723245920991,0.002356686339508416,0.0008186898948673335,0.9603032995755686,0.036191551865463585,0.9603032995755686
11801,0,0,1,0.9916783556172736,8.43752119831827e-05,0.006285353533516326,0.00013719286799382163,0.0018147227692333313,0.9916783556172736
13219,2,2,1,0.0036283064831715457,0.0002842858049905522,0.9599017898240174,0.005234184599186136,0.030951433288634315,0.9599017898240174
14073,1,1,1,3.496049706613649e-05,0.9952770439043934,5.908749505923287e-05,0.0016566140181703902,0.0029722940853109236,0.9952770439043934
10191,0,0,1,0.9610027438543619,5.555293153750721e-05,0.03357392677736528,0.00010687478272103846,0.00526090165401426,0.9610027438543619
19910,4,2,0,0.0026321782998243097,0.00010398110620050747,0.7953634514722094,0.00024470435135510435,0.2016556847704107,0.7953634514722094
15190,1,1,1,0.0002153640217965273,0.8279912590906073,0.00032452130523258365,0.15903381688560472,0.012435038696758908,0.8279912590906073
16632,3,3,1,0.0001018514119485779,0.006261096700412448,0.00013352424655744446,0.9888467606229017,0.004656767018179954,0.9888467606229017
14695,1,1,1,1.8824682441279537e-05,0.9927703534968318,4.226857944894167e-05,0.005853460397728685,0.0013150928435491213,0.9927703534968318
14634,1,1,1,2.0386881601666172e-05,0.9926229638126122,4.078930919885647e-05,0.005966159313239749,0.0013497006833474612,0.9926229638126122
14057,1,1,1,2.41710225033638e-05,0.9933299329442246,4.715753716672748e-05,0.003975632802276598,0.0026231056938290057,0.9933299329442246
17843,3,3,1,0.0006691444758992819,0.003246902713857092,0.0015985449017365488,0.931949925968232,0.06253548194027508,0.931949925968232
12989,2,2,1,0.019178386304500483,0.00025664968759657393,0.9282048287842087,0.0036665443533047556,0.04869359087038943,0.9282048287842087
13583,2,2,1,0.00011847877026038026,5.263771755400281e-05,0.988083958457343,0.00013805622452168364,0.01160686883032111,0.988083958457343
13289,2,2,1,0.0011101989648197108,8.915054303774458e-05,0.9880979791457704,0.000204878049362454,0.010497793297009709,0.9880979791457704
11587,0,0,1,0.985242257696854,0.00019789017385717783,0.009280118125532784,0.0003007639079221816,0.004978970095834057,0.985242257696854
11132,0,0,1,0.9837145677865892,0.00014662439059656365,0.0067242575325359225,0.0009365808587712412,0.00847796943150711,0.9837145677865892
11963,2,2,1,0.0006459722896020321,4.6612824263528085e-05,0.9853036112985749,0.000234770475159799,0.013769033112399761,0.9853036112985749
13782,2,2,1,0.0005267001412738984,2.9477401998925836e-05,0.9922341022940222,6.339530019874405e-05,0.007146324862506226,0.9922341022940222
18645,4,4,1,0.00639674194965986,0.017093167998703845,0.0010762804658403942,0.0013418660492122798,0.9740919435365836,0.9740919435365836
14616,1,1,1,2.5512488706086344e-05,0.9926927499290606,6.0593859545090175e-05,0.005910999377263754,0.0013101443454243552,0.9926927499290606
14669,1,1,1,2.7207544324642623e-05,0.993986570553925,4.7948954187509126e-05,0.0047368322995550325,0.0012014406480079067,0.993986570553925
18456,4,4,1,0.0030655454188801613,0.0008915728514050368,0.005150745636434188,0.031664054386138694,0.959228081707142,0.959228081707142
15422,1,1,1,0.00020142013941357214,0.8099606483363769,0.00027532123323289673,0.17769873100398603,0.011863879286990509,0.8099606483363769
12131,2,2,1,0.00545931519684612,0.00010787735023403737,0.9366835629638084,0.00021760177156745662,0.05753164271754417,0.9366835629638084
13331,2,2,1,0.000546772312666419,2.5349016027640533e-05,0.9972318553661932,4.4426771246260633e-05,0.0021515965338664363,0.9972318553661932
10463,0,0,1,0.9937136426734415,0.00018321242117823235,0.0008227774386234306,0.0004665066259527134,0.004813860840804177,0.9937136426734415
14095,1,1,1,2.0334665973964807e-05,0.9950836198471593,4.953081635524801e-05,0.003919023889129547,0.0009274907813818183,0.9950836198471593
16242,3,3,1,0.0001549381068651297,0.015314075674260361,0.00019065542063404574,0.9790316584495232,0.005308672348717163,0.9790316584495232
18483,4,4,1,0.0038209981286004622,0.0005697473770995459,0.0036875638948332843,0.018507643258841064,0.9734140473406255,0.9734140473406255
12261,2,2,1,0.009985097000385006,6.258570590317466e-05,0.9715013856705084,0.00018710885915438082,0.018263822764049076,0.9715013856705084
17244,3,3,1,0.0003864250205644119,0.01035620261930712,0.00024710864406461827,0.9715667195219078,0.017443544194155964,0.9715667195219078
18513,4,4,1,0.0005806875470390177,0.0002530999997511814,0.0008234611543420979,0.013611467104806233,0.9847312841940615,0.9847312841940615
11625,0,0,1,0.9948550050085408,8.562201468500931e-05,0.003517572011917565,0.00011125945142689363,0.0014305415134297076,0.9948550050085408
15334,1,1,1,2.0398370111061533e-05,0.9923163781787913,3.8494064221577445e-05,0.006318605555029215,0.0013061238318469981,0.9923163781787913
13084,2,2,1,0.008728002130304608,0.00012174885312492905,0.934745474741044,0.00030162154124079124,0.05610315273428576,0.934745474741044
12865,2,2,1,0.00221906007326476,5.075159154209031e-05,0.9874876749856608,0.00011799391630615706,0.010124519433226183,0.9874876749856608
12699,2,2,1,0.003648845458817877,5.373899624111485e-05,0.9869100760590568,7.59375795244266e-05,0.009311401906359684,0.9869100760590568
10119,0,0,1,0.9797868008300691,3.267998450505186e-05,0.01768287581994723,6.253602004099293e-05,0.0024351073454376435,0.9797868008300691
13839,2,2,1,0.0006102835463093578,3.316982627288073e-05,0.9972488316746949,6.829864084491557e-05,0.0020394163118779562,0.9972488316746949
11502,0,0,1,0.9495246247432589,0.0001591780262964788,0.03939848206573371,0.00040466872091764585,0.010513046443793257,0.9495246247432589
17603,3,3,1,0.00031932923880232257,0.0019940990835433407,0.000929039350614927,0.8934530670816853,0.10330446524535407,0.8934530670816853
18585,4,4,1,0.00102022893500433,0.0001508033004960075,0.0013753370480349368,0.0011198342279793408,0.9963337964884855,0.9963337964884855
18690,4,4,1,0.00012333497384550763,0.002084184971801471,0.00023445447685721316,0.0002836414685211801,0.9972743841089747,0.9972743841089747
14234,1,1,1,2.577526606092565e-05,0.9969180319290099,4.5809479115804506e-05,0.0011587977267176188,0.0018515855990959714,0.9969180319290099
12032,2,2,1,0.01619121232934457,0.00022727339223585925,0.959331294183842,0.0006826868338896376,0.023567533260687903,0.959331294183842
10552,0,0,1,0.9988657900934851,0.00012789692516498735,0.0001833756979323826,0.000138854311337068,0.0006840829720802014,0.9988657900934851
17772,3,3,1,0.002050462549856915,0.002382541999638861,0.00342907387649078,0.8160665097610148,0.17607141181299865,0.8160665097610148
12576,2,2,1,0.002492794441572756,6.105532833739506e-05,0.9780522994983415,0.00010401524374352576,0.019289835488004888,0.9780522994983415
10141,0,0,1,0.9746063062918467,3.507289186768859e-05,0.022066654471871467,6.330832218778413e-05,0.0032286580222263927,0.9746063062918467
16101,3,3,1,0.0005424713567986736,0.030943932456169467,0.0008838379786239613,0.9277500444777088,0.03987971373069916,0.9277500444777088
16886,3,3,1,0.0014820381688373208,0.03313535693472484,0.0010038712267253361,0.6208437742001347,0.34353495946957774,0.6208437742001347
10513,0,0,1,0.9989957131142868,9.448790899934268e-05,0.0003423134853876342,0.00010129465661406729,0.00046619083471200395,0.9989957131142868
11027,0,0,1,0.9940663414463463,7.584868180899463e-05,0.0032529114744101026,0.0002735271949947353,0.002331371202439975,0.9940663414463463
11361,0,0,1,0.9797197012415606,9.095502056168144e-05,0.015626392969536645,0.00024119895618629136,0.0043217518121548325,0.9797197012415606
18316,4,4,1,0.003993627586564733,0.007773428502212081,0.007259886476986468,0.1501638330089681,0.8308092244252686,0.8308092244252686
18067,4,4,1,0.0015853411105603212,0.0007223906851000439,0.0026450325709596874,0.02719596480526727,0.9678512708281127,0.9678512708281127
12119,2,2,1,0.011492418818849973,0.0002468510038064515,0.8114605134038371,0.0004584825797437247,0.17634173419376276,0.8114605134038371
17256,3,3,1,0.0001348739886866843,0.0977879079820916,0.0001929875126296914,0.8979611960273548,0.003923034489237199,0.8979611960273548
12135,2,2,1,0.0020712989285282097,4.028242852859858e-05,0.9870052902303874,7.95246934241473e-05,0.010803603719131765,0.9870052902303874
15169,1,1,1,9.227523881088576e-05,0.919368922506494,0.00019906072983418723,0.06980381840038082,0.010535923124479945,0.919368922506494
15738,1,1,1,0.0006651001180519362,0.981753961141148,0.0005900169396440593,0.0010477660910588908,0.015943155710097173,0.981753961141148
11246,0,0,1,0.9757462514124107,0.00014022744235816844,0.00866981289831062,0.00031015512089544974,0.015133553126025108,0.9757462514124107
13803,2,2,1,0.25797000985879487,0.00011399035865487451,0.729011740449705,0.00027063958286229406,0.0126336197499832,0.729011740449705
17873,3,3,1,0.00020960098635251084,0.003685767835402744,0.00034166510294608227,0.961557627810502,0.03420533826479656,0.961557627810502
18245,4,4,1,0.029210342427240667,0.0013902648321403117,0.02641493972453887,0.004741841169991759,0.9382426118460884,0.9382426118460884
10637,0,0,1,0.9994622616684378,6.763842647581525e-05,0.00013012164077951929,5.689841936425506e-05,0.00028307984494274136,0.9994622616684378
17713,3,3,1,0.0007898012692511531,0.017513176617060502,0.0013563905927874381,0.8773074947860535,0.10303313673484735,0.8773074947860535
17635,3,3,1,0.0005247905255300549,0.014500950016324751,0.000529592173677804,0.9382366945102165,0.04620797277425092,0.9382366945102165
14502,1,1,1,2.8587083720853586e-05,0.9882241441381037,6.558804440823613e-05,0.010088021972914165,0.0015936587608530001,0.9882241441381037
13523,2,2,1,0.0007919636924869283,3.5078144103088076e-05,0.9927299479553023,6.858460658449285e-05,0.006374425601523117,0.9927299479553023
15230,1,1,1,0.00022734564183836666,0.9304513678970879,0.0004147214504169282,0.06437570662354576,0.004530858387111006,0.9304513678970879
17972,4,4,1,0.020445925726415924,0.0011235416725773313,0.03377603316788128,0.008006118796649048,0.9366483806364765,0.9366483806364765
19412,4,4,1,0.0028569118640466183,0.00012490016044757157,0.12027052028323235,0.00020573213901321267,0.8765419355532603,0.8765419355532603
14277,1,1,1,2.0367516985302685e-05,0.9950879644151115,4.363198005157029e-05,0.002849527474155467,0.0019985086136959825,0.9950879644151115
10687,0,0,1,0.9993445426418157,7.949191314489768e-05,0.00016320147438802533,6.587254042169095e-05,0.0003468914302298497,0.9993445426418157
16650,3,3,1,0.00010942770448633627,0.006798112287647801,0.00014503763561864882,0.9868760615588807,0.0060713608133663435,0.9868760615588807
13908,2,2,1,0.0011396860324882497,0.00011343272368673053,0.9426126716774136,0.00027870697394302235,0.055855502592468534,0.9426126716774136
16806,3,3,1,6.6748074809812e-05,0.00401982730209066,8.901551109801208e-05,0.9929838993721984,0.0028405097398032293,0.9929838993721984
12332,2,2,1,0.001127336243131565,2.991202167216405e-05,0.9882342099181669,0.00012730145453079895,0.010481240362498694,0.9882342099181669
13585,2,2,1,0.000391948934125531,0.00011048127959505051,0.9652800868043078,0.0006225265584981401,0.03359495642347355,0.9652800868043078
12391,2,2,1,0.0014987800791441907,5.130260431551171e-05,0.9624939331087217,0.00010825146505681371,0.03584773274276183,0.9624939331087217
15931,1,1,1,0.017241465377199932,0.6887663213990919,0.006416072726835668,0.015457811097282885,0.2721183293995896,0.6887663213990919
11568,0,0,1,0.9942213732472323,8.074225473263824e-05,0.004133702714479899,0.00010760017989920038,0.0014565816036558354,0.9942213732472323
14206,1,1,1,0.00031393465802687456,0.9106435645236801,0.0004753067566652873,0.07259218463767053,0.015975009423957163,0.9106435645236801
12742,2,2,1,0.005249539314848445,6.347027932995763e-05,0.9525935859346477,0.00010015362059319644,0.041993250850580824,0.9525935859346477
14084,1,1,1,2.7882570375437885e-05,0.9948462971952206,5.872667318814173e-05,0.003059660274593119,0.002007433286622551,0.9948462971952206
11243,0,0,1,0.9800150372845079,0.0001412872273924678,0.005011684231141461,0.00023075911104617798,0.014601232145912284,0.9800150372845079
13266,2,2,1,0.004496548214637871,7.719395773507899e-05,0.9891738836290656,0.0003517105834354581,0.005900663615126214,0.9891738836290656
12561,2,2,1,0.005172565982094339,4.6274838502134145e-05,0.9835052973858275,6.67203454236319e-05,0.011209141448152627,0.9835052973858275
11432,0,0,1,0.9958048732930329,4.5201495918012266e-05,0.0029020399663656636,0.00013457397684894578,0.001113311267834481,0.9958048732930329
12215,2,2,1,0.013559258637914995,0.00010977761456982133,0.9547523287891327,0.00023763232691495517,0.03134100263146742,0.9547523287891327
17223,3,3,1,0.0006453203418493319,0.04014359097543098,0.0004921525336261748,0.9183730980030179,0.040345838146075494,0.9183730980030179
17769,3,3,1,0.00044518159326150243,0.0011678439989209228,0.0005601326310564275,0.8985750397090785,0.09925180206768262,0.8985750397090785
15348,1,1,1,0.00011309532055731076,0.9237378024783244,0.00020585125270775008,0.06760037208807923,0.008342878860331429,0.9237378024783244
12494,2,2,1,0.0058404282893004,7.74269202084205e-05,0.9663605278026914,0.00013287053468502517,0.027588746453114772,0.9663605278026914
16874,3,3,1,0.0002489283982714028,0.07030154516261745,0.00038681665136801725,0.9027132166832376,0.02634949310450543,0.9027132166832376
17590,3,3,1,0.0021486777744397388,0.005701202613869059,0.003057097091139658,0.8296978584732307,0.1593951640473208,0.8296978584732307
17423,3,3,1,0.00031320965566842754,0.010275843035200478,0.00112528966033378,0.8503420442666838,0.13794361338211344,0.8503420442666838
11385,0,0,1,0.9919262590534897,7.725167762459737e-05,0.0026574274415630335,0.00013139199293673475,0.005207669834385917,0.9919262590534897
11295,0,0,1,0.9804672967032213,0.00014208152856782472,0.0023832558958040975,0.00019849739290921862,0.016808868479497415,0.9804672967032213
18431,4,4,1,0.001681940299191533,0.008525345304646088,0.0018829716229517668,0.3179152622082171,0.6699944805649936,0.6699944805649936
17321,3,3,1,0.0014188048583479707,0.0042790578475666976,0.0020408869632819186,0.900701583675189,0.09155966665561442,0.900701583675189
18307,4,4,1,0.004505260156880619,0.029517453258894658,0.021891023094667537,0.07674214634034116,0.867344117149216,0.867344117149216
12129,2,2,1,0.004058504329079531,0.00011122635441786717,0.9784701319545612,0.0009970320528299686,0.016363105309111378,0.9784701319545612
13340,2,2,1,0.000371751876416321,3.625775047543047e-05,0.9855931466314138,0.00012591743545234345,0.013872926306241993,0.9855931466314138
13174,2,2,1,0.0021572583929246633,4.688816972840835e-05,0.9944963847350824,0.00011274846501082264,0.0031867202372537267,0.9944963847350824
13273,2,2,1,0.002406743417712281,0.00013723825632799163,0.9743454968748587,0.00028199929905878745,0.02282852215204236,0.9743454968748587
13252,2,2,1,0.0008001509748690106,5.910454674066622e-05,0.9776753422884691,0.0002244427776257682,0.021240959412295646,0.9776753422884691
13399,2,2,1,0.0003451394251808465,6.287329156438768e-05,0.9792155247120887,0.00014440243960604505,0.020232060131560016,0.9792155247120887
16601,3,3,1,0.00020466159240340614,0.019074258611097187,0.0002640104309132125,0.9525364760988673,0.027920593266718936,0.9525364760988673
16745,3,3,1,9.620862605004985e-05,0.009544171717554964,0.00022913359656735987,0.9859590276762402,0.004171458383587391,0.9859590276762402
14350,1,1,1,2.277188965414698e-05,0.9954040782740272,5.614325436361401e-05,0.0030696824662278326,0.0014473241157271462,0.9954040782740272
10448,0,0,1,0.9881133835601578,0.00034288490055105236,0.0016196978257629394,0.0009097752114912805,0.009014258502036968,0.9881133835601578
15569,1,1,1,3.863185198851427e-05,0.9920649434438403,8.372862994628593e-05,0.002208992735990111,0.005603703338234902,0.9920649434438403
17740,3,3,1,0.00031875439013047266,0.0018622966588170786,0.002197047199861305,0.9355082908796664,0.0601136108715249,0.9355082908796664
15185,1,1,1,7.421903636859436e-05,0.9812940236535328,0.00016341464306851778,0.01583008631907615,0.0026382563479538466,0.9812940236535328
18672,4,4,1,7.988569737354812e-05,0.005090109354613747,0.0001742051161990406,0.00033711773514961393,0.994318682096664,0.994318682096664
12609,2,2,1,0.009955749577671731,2.7216427435102722e-05,0.9848682265833896,5.0123053434348134e-05,0.0050986843580691004,0.9848682265833896
18859,4,4,1,0.00015666594467775974,0.014169310125637975,0.00018099681214120303,0.00023800746400421815,0.9852550196535388,0.9852550196535388
13792,2,2,1,0.00042008005700965777,2.4047911091351464e-05,0.9973399422505405,3.9895530771101566e-05,0.0021760342505874027,0.9973399422505405
13694,2,2,1,0.00038260721407934575,0.0001192863015552299,0.9843434472071569,0.00101860912771115,0.014136050149497448,0.9843434472071569
10786,0,0,1,0.995356278024178,8.04823912117817e-05,0.002238710662346528,0.00026559436624944155,0.0020589345560141957,0.995356278024178
10670,0,0,1,0.9994159418163904,6.96149788193999e-05,0.00013818485910039644,5.6887994361846815e-05,0.00031937035132789096,0.9994159418163904
10015,0,0,1,0.9208653309449351,0.0001665672516744881,0.018518601479800344,0.0003417220599004701,0.06010777826368966,0.9208653309449351
17147,3,3,1,0.00031276685759529574,0.2767164931751057,0.0004818351024017073,0.6978257004692859,0.024663204395611284,0.6978257004692859
15244,1,1,1,3.565721989357121e-05,0.9898459951851796,7.678719713972964e-05,0.007964193691738473,0.002077366706048854,0.9898459951851796
18502,4,4,1,0.0013744735337102468,0.016533350850778766,0.002245422952649027,0.11983273491635321,0.8600140177465089,0.8600140177465089
13798,2,2,1,0.008154378148435008,0.00017098202521882678,0.975385309376929,0.0007980058148055403,0.01549132463461163,0.975385309376929
15311,1,1,1,6.3923486695171e-05,0.9744620744895451,0.00010817267385563009,0.021706391590691636,0.003659437759212328,0.9744620744895451
16707,3,3,1,0.000364080993731493,0.007191704869752858,0.0003860994246914286,0.9418205960947535,0.05023751861707066,0.9418205960947535
19717,4,4,1,0.00926510918270788,0.0005621689278623105,0.01731074330652803,0.0007404927554910918,0.9721214858274108,0.9721214858274108
10867,0,0,1,0.9952515289390927,7.824834481749122e-05,0.0024659560316540913,0.00026086440038749565,0.0019434022840481128,0.9952515289390927
11230,0,0,1,0.9639794440903517,0.0001840000443934497,0.01108656141762315,0.0003535107047787285,0.024396483742853005,0.9639794440903517
10612,0,0,1,0.9970309381288301,0.00021138942446088558,0.00043550615164720716,0.00024623826495385906,0.002075928030107958,0.9970309381288301
17299,3,3,1,0.0005424802570903357,0.0015021873881230882,0.0006309891181950439,0.8878699153877873,0.10945442784880423,0.8878699153877873
15889,1,1,1,0.00015920567161660683,0.944268174308999,0.0002683987658090331,0.0019367071601202768,0.05336751409345491,0.944268174308999
12279,2,2,1,0.006547277968804885,3.3855191724550326e-05,0.9874653016847169,6.854778073435609e-05,0.00588501737401931,0.9874653016847169
14069,1,1,1,2.5314715838640983e-05,0.9913626430124866,5.670270143371616e-05,0.007094247704595292,0.0014610918656458205,0.9913626430124866
19113,4,4,1,0.0005580287358694892,0.019060814034871518,0.00046353551376168256,0.00046474806966872496,0.9794528736458287,0.9794528736458287
12964,2,2,1,0.00023427832537534904,7.710355570562203e-05,0.9444820437764221,0.00021810623069811906,0.054988468111798756,0.9444820437764221
11667,0,0,1,0.9977975541946991,5.786125228312519e-05,0.0012569274329963024,8.48060795428096e-05,0.000802851040478864,0.9977975541946991
12772,2,2,1,0.0035588695562627833,8.237685859167768e-05,0.9344108475569096,0.00020803725582518767,0.061739868772410764,0.9344108475569096
18300,4,4,1,0.05905880563782352,0.0005299896987275238,0.034253623970577476,0.0016283949692179518,0.9045291857236535,0.9045291857236535
19733,4,4,1,0.0019036840205938356,0.00023269104008820718,0.03426777340322256,0.0005399537749416627,0.9630558977611536,0.9630558977611536
14580,1,1,1,1.8409037662727384e-05,0.9929260483477241,4.0917580375259226e-05,0.005921702730567007,0.0010929223036709108,0.9929260483477241
11874,0,0,1,0.9954771324642396,7.960530101435589e-05,0.0032382877477074032,0.00011087879925506723,0.0010940956877834112,0.9954771324642396
15187,1,1,1,4.6311768773957563e-05,0.9864975831005548,7.9115974874879e-05,0.009489707596631676,0.0038872815591648,0.9864975831005548
15900,1,1,1,2.5900545383335043e-05,0.9936436613928984,5.674322666711201e-05,0.004563000287179711,0.0017106945478715808,0.9936436613928984
13483,2,2,1,0.02424235996518754,0.0031805486258747848,0.5514475421514395,0.033453136207911384,0.38767641304958667,0.5514475421514395
19058,4,4,1,0.0012671327792746312,0.027392986451341982,0.002476668292327352,0.20500889023066804,0.7638543222463879,0.7638543222463879
17099,3,3,1,0.0002059656325122102,0.13484474474123348,0.0002380917213500621,0.8578323150755823,0.0068788828293221355,0.8578323150755823
11652,0,0,1,0.9925929423565005,0.00011762356082440381,0.005233128698454785,0.00016880033955995498,0.0018875050446601955,0.9925929423565005
18539,4,4,1,0.0030735575742922277,0.008789209976192055,0.002169018935091137,0.28536918385924276,0.7005990296551818,0.7005990296551818
16683,3,3,1,0.00022784732266162026,0.0022565577583319417,0.00021674748658644176,0.9879418171731704,0.009357030259249463,0.9879418171731704
19007,4,4,1,0.0033252096608644647,0.1352749333321955,0.0014520451932349906,0.0018443579848758265,0.8581034538288291,0.8581034538288291
17185,3,3,1,0.000172108848646805,0.02796576766364305,0.00022480276622404116,0.9669577844002543,0.004679536321231839,0.9669577844002543
14936,1,1,1,4.345513178573278e-05,0.9844849473900504,6.917996542265426e-05,0.013189125346534505,0.0022132921662069345,0.9844849473900504
17632,3,3,1,0.006594787489013957,0.023283297195784102,0.03557078954166365,0.47902883092756376,0.4555222948459746,0.47902883092756376
11711,0,0,1,0.9838117277828847,0.00015813298377432045,0.011639419168618027,0.00026428210862801486,0.004126437956095095,0.9838117277828847
10545,0,0,1,0.9988218771630223,0.00011756075912844868,0.000211311500684928,0.00013845785116158797,0.0007107927260027954,0.9988218771630223
17320,3,3,1,0.0002439056086772094,0.0017866737513073804,0.00039918459538494135,0.9736858157197001,0.023884420324930284,0.9736858157197001
12443,2,2,1,0.005399380978098713,6.098777695039536e-05,0.9686605255648625,0.00012538003841138008,0.025753725641676887,0.9686605255648625
15273,1,1,1,0.00011356383510589703,0.9807349502381273,0.000223638627470663,0.006053904405665227,0.012873942893631017,0.9807349502381273
10304,0,0,1,0.9661490745031147,6.864871030443696e-05,0.024915846156043815,0.00014813374829009433,0.008718296882246977,0.9661490745031147
10964,0,0,1,0.9664682368462296,0.00021490672440390593,0.01122619656088428,0.0013695749423439227,0.020721084926138205,0.9664682368462296
15329,1,1,1,4.33268711579089e-05,0.9929836964134378,9.346699663341344e-05,0.004811456283100898,0.002068053435669799,0.9929836964134378
19340,4,4,1,0.003397399715601064,0.0001880367366507882,0.2423859194299588,0.00029728091034344285,0.7537313632074458,0.7537313632074458
16790,3,3,1,0.00012885762296713194,0.003635066479178599,0.0001377988440637785,0.98891484363047,0.007183433423320437,0.98891484363047
19161,4,4,1,8.676835602763602e-05,0.0035352797252340227,7.45962594068941e-05,0.00012253490471334473,0.9961808207546181,0.9961808207546181
11283,0,0,1,0.9758251516758741,0.00015494498600072108,0.014392986545832227,0.0004530646258820304,0.009173852166411034,0.9758251516758741
17858,3,3,1,0.00043748873850795405,0.002998717127023906,0.0010019925513665125,0.9433544898798154,0.05220731170328622,0.9433544898798154
11688,0,0,1,0.9963821542036928,6.591878708406992e-05,0.0022777121369471813,9.393375951716319e-05,0.0011802811127588945,0.9963821542036928
14279,1,1,1,2.433022737097784e-05,0.9962323938467766,4.18486062026143e-05,0.0018122552359894522,0.0018891720836603674,0.9962323938467766
10268,0,0,1,0.9822039498889756,4.530009746311565e-05,0.01352800820036047,0.00012536665821605232,0.004097375154984606,0.9822039498889756
15406,1,1,1,6.305554119873651e-05,0.9608506909434265,9.708388769083862e-05,0.03579327456497371,0.003195895062710282,0.9608506909434265
17177,3,3,1,0.00024245674423014474,0.061757017957329866,0.00031120055877372643,0.9290206749401326,0.008668649799533528,0.9290206749401326
16417,3,3,1,0.00034177238744306315,0.016955070195742758,0.00046870573186939146,0.9661510328196506,0.016083418865294075,0.9661510328196506
15208,1,1,1,2.4550199239746087e-05,0.9903876455709905,4.807857430770376e-05,0.007799722568090819,0.001740003087371083,0.9903876455709905
18436,4,0,0,0.7142270077273476,0.00043733326244596387,0.060232518278478406,0.0007780436938942,0.22432509703783396,0.7142270077273476
17841,3,3,1,0.0008150302706725405,0.002602891016988681,0.0015288752901795107,0.8244445692359996,0.1706086341861595,0.8244445692359996
15218,1,1,1,2.2218791878189953e-05,0.9908158789795231,4.569716753391863e-05,0.0077132129754844455,0.001402992085580338,0.9908158789795231
18185,4,4,1,0.003060985516601849,0.0034673024546725707,0.004461263937982306,0.31451193127238264,0.6744985168183607,0.6744985168183607
17924,3,3,1,0.0005640445200312447,0.0011374585063200302,0.0009054694252995714,0.9393022304920234,0.05809079705632573,0.9393022304920234
10132,0,0,1,0.9827423109002513,3.6839065878395564e-05,0.014196043809974348,7.423786096237327e-05,0.0029505683629336365,0.9827423109002513
10042,0,0,1,0.9791880233784357,2.2916249111148578e-05,0.01879940023906549,4.81195461429676e-05,0.0019415405872445183,0.9791880233784357
14951,1,1,1,5.616491505456e-05,0.9723218614016703,9.976114330215775e-05,0.023462976348933014,0.0040592361910398505,0.9723218614016703
15462,1,1,1,0.00025628587490293735,0.8436471896350503,0.0004928753652297574,0.002682062280459531,0.15292158684435772,0.8436471896350503
15426,1,1,1,0.0001367075402231119,0.9520683369493852,0.00019493445775144335,0.04440648592910037,0.003193535123539986,0.9520683369493852
11945,0,0,1,0.9911127996849661,0.00012065583845236482,0.006004132500677652,0.0001803874548787616,0.0025820245210249836,0.9911127996849661
13030,2,2,1,0.04876204760794875,0.00013333498804388925,0.9170802439818342,0.0006768100942303297,0.033347563327943,0.9170802439818342
16678,3,3,1,9.443606951853606e-05,0.005218227038164744,0.0002173362609885313,0.9870596731093001,0.00741032752202807,0.9870596731093001
17149,3,3,1,0.00010272677165819544,0.011138595820277852,0.00016425169367545328,0.9840880810781548,0.004506344636233776,0.9840880810781548
18536,4,4,1,0.01598938163710946,0.0015110274141772804,0.014381054737084424,0.03003185673294526,0.9380866794786836,0.9380866794786836
12398,2,2,1,0.003619784430965836,1.954325345430499e-05,0.9942237994990718,3.766859376134573e-05,0.002099204222746793,0.9942237994990718
19247,4,4,1,0.0009490794220850568,0.007157081147679662,0.000412250189742058,0.0004235195565038386,0.9910580696839894,0.9910580696839894
18776,4,4,1,0.0003207863343007962,0.1399804153419599,0.0005362266817648865,0.01806301524696616,0.8410995563950082,0.8410995563950082
18910,4,4,1,0.0005811107502133039,0.08635195127496036,0.0010183423737031604,0.05837854642500612,0.8536700491761171,0.8536700491761171
18725,4,4,1,0.0026622441944829517,0.013396036902067424,0.0035664988023397775,0.01148839210771289,0.968886827993397,0.968886827993397
14460,1,1,1,0.00011396472532769181,0.98863967209368,0.0002091993241190659,0.008281303214065797,0.0027558606428073873,0.98863967209368
10481,0,0,1,0.9709200603592301,0.0006272226861281532,0.008381538167267676,0.001176522028284113,0.018894656759090047,0.9709200603592301
18998,4,4,1,0.0003068451694894217,0.005897180675434435,0.0003026146211847801,0.0015807814084656852,0.9919125781254255,0.9919125781254255
16945,3,3,1,0.00031177400160093023,0.02447107906548744,0.00039091158190592636,0.9497667884994846,0.025059446851521228,0.9497667884994846
13237,2,2,1,0.0007314102108635117,3.645122048575176e-05,0.9956184890972362,6.140468253615093e-05,0.00355224478887833,0.9956184890972362
15749,1,1,1,0.00010596630379468819,0.9669735847219736,0.00020900199845278128,0.008901713611480783,0.02380973336429816,0.9669735847219736
18162,4,4,1,0.007700505467153101,0.0009099626126211174,0.034595594883675806,0.005515725586461521,0.9512782114500884,0.9512782114500884
10810,0,0,1,0.9921015450547683,8.190589279673802e-05,0.004648984315299021,0.00036725400540614544,0.0028003107317296837,0.9921015450547683
17780,3,3,1,0.0001926586889500194,0.0006616573555985507,0.0005193526612126166,0.9648910803255575,0.03373525096868135,0.9648910803255575
10764,0,0,1,0.9981967377809308,0.00020366500677062931,0.00033789059230606805,0.0002129505534425152,0.001048756066549873,0.9981967377809308
16558,3,3,1,0.00012417858257332087,0.02424651323122875,0.00014038658889341935,0.9706675989099168,0.004821322687387533,0.9706675989099168
14802,1,1,1,4.286633891673492e-05,0.9807168604197427,6.663376658329815e-05,0.01722125372371043,0.0019523857510467234,0.9807168604197427
12469,2,2,1,0.002678744416800425,4.113331188083788e-05,0.9869631459948256,5.87257065455569e-05,0.010258250569947629,0.9869631459948256
14548,1,1,1,2.24607847513151e-05,0.9936447666040068,4.3602541085595654e-05,0.004148882269908874,0.002140287800247472,0.9936447666040068
14736,1,1,1,9.376558062902192e-05,0.959908202190442,0.000309062128504477,0.03435993962872222,0.005329030471702258,0.959908202190442
13896,2,2,1,0.000696630888599635,2.9782441036494957e-05,0.9976794299689806,5.305981577875061e-05,0.001541096885604725,0.9976794299689806
15522,1,1,1,3.9381637871172794e-05,0.9910097882690517,6.870782651578365e-05,0.0019431280787086693,0.006938994187852532,0.9910097882690517
12064,2,2,1,0.0002769209509343264,3.948031086680552e-05,0.9777169251640314,0.00011273419482395122,0.0218539393793436,0.9777169251640314
11794,0,0,1,0.9943800181803324,0.00018106977326387222,0.00321022045499926,0.0002737186850227364,0.0019549729063816856,0.9943800181803324
17767,3,3,1,0.00019703132298172797,0.0019359138566314585,0.00043812293989923097,0.9619142389060141,0.035514692974473384,0.9619142389060141
13572,2,2,1,0.0005010203508669002,7.471056782773518e-05,0.9694034299326983,0.00014369973359443418,0.02987713941501233,0.9694034299326983
16882,3,1,0,0.0005363273919969231,0.48390169252823484,0.0006206274266683264,0.4505228141695127,0.06441853848358707,0.48390169252823484
11765,0,0,1,0.9913072914446049,6.19816978462944e-05,0.006905085641559649,0.00015042822578658081,0.0015752129902024629,0.9913072914446049
13383,2,2,1,0.28323490983722743,0.0001407576216176197,0.6920613511773104,0.0003225434460037152,0.02424043791784091,0.6920613511773104
12230,2,2,1,0.0024730816907744453,3.2344765135314496e-05,0.9895280063525627,7.47261522592189e-05,0.007891841039268425,0.9895280063525627
11687,0,0,1,0.9970606465298484,7.174186080810183e-05,0.001509735133929319,0.0001316537077281882,0.0012262227676859536,0.9970606465298484
13823,2,2,1,0.0009008219300944682,3.6974339601370735e-05,0.9951518497556586,5.564034074186777e-05,0.0038547136339034966,0.9951518497556586
18722,4,4,1,0.003777353807485113,0.03774448225293985,0.008103569386827623,0.16088492294946335,0.789489671603284,0.789489671603284
11053,0,0,1,0.9929354811414367,6.295776868409184e-05,0.004210605102146132,0.0002854409563602513,0.0025055150313728724,0.9929354811414367
13326,2,2,1,0.0010468152375711617,4.3122963865812195e-05,0.9908990382605674,8.957989643486093e-05,0.007921443641560843,0.9908990382605674
10949,0,0,1,0.758877794832642,0.0011220985633067116,0.051393153829840305,0.006016514359101174,0.18259043841510997,0.758877794832642
13063,2,2,1,0.0003680501411845649,9.949622914530891e-05,0.9643047725902922,0.00034051236823727505,0.03488716867114052,0.9643047725902922
16984,3,3,1,0.00014520865989268774,0.0058378467347643005,0.00019518238983952334,0.9892636614108515,0.004558100804651854,0.9892636614108515
18611,4,4,1,0.0005349678746401124,0.07644986395840567,0.001094519526421793,0.04362768554414048,0.878292963096392,0.878292963096392
14473,1,1,1,1.7012789645010498e-05,0.9932851344020992,3.730657797230835e-05,0.005559231005117224,0.0011013152251663036,0.9932851344020992
18545,4,4,1,0.0009941882210099705,0.001882998841815038,0.002161199433977195,0.04439098036519815,0.9505706331379997,0.9505706331379997
13573,2,2,1,0.0012638610668246667,0.0001272445525316338,0.7916754011977037,0.00029974015515977457,0.2066337530277801,0.7916754011977037
18083,4,3,0,0.0007729462885121754,0.007880216496783884,0.0017061639998368061,0.8927224750887265,0.0969181981261407,0.8927224750887265
19410,4,2,0,0.04126125031804284,0.00019454083746393491,0.846795929089606,0.0009017540711450356,0.11084652568374215,0.846795929089606
17064,3,3,1,0.0005224894831051412,0.05715375797105145,0.0006740355197778739,0.8984446879612058,0.043205029064859846,0.8984446879612058
10251,0,0,1,0.9705677814340592,4.988722182758228e-05,0.025788715492354626,9.117300849399404e-05,0.003502442843264735,0.9705677814340592
14438,1,1,1,2.505613097033485e-05,0.9928805881440242,6.885468357325012e-05,0.005061767926484249,0.001963733114948139,0.9928805881440242
12809,2,2,1,0.0017731785565457201,0.00029901464441235367,0.9283500678481126,0.0005314771068455825,0.06904626184408393,0.9283500678481126
10084,0,0,1,0.9786130377421813,4.102955072353061e-05,0.017193290719048324,0.00010425825623911801,0.004048383731807557,0.9786130377421813
13366,2,2,1,0.0007977522770614019,3.8889659313717974e-05,0.9910712429272517,8.026636836980244e-05,0.008011848768003364,0.9910712429272517
19529,4,4,1,0.0040895253644174295,0.0007639708873103439,0.34192470033066974,0.002376632673586235,0.6508451707440164,0.6508451707440164
13597,2,2,1,0.010059062360672798,0.0002475513999124484,0.9728388017158928,0.0016911118657571356,0.01516347265776494,0.9728388017158928
12822,2,2,1,0.0012512723474043504,3.73797307911185e-05,0.98668407339414,8.946559431157918e-05,0.011937808933352998,0.98668407339414
19421,4,4,1,0.0061045335625174516,0.0001593777123550778,0.05234429867861425,0.0002879831687149323,0.9411038068777983,0.9411038068777983
17885,3,3,1,0.00025736095929525547,0.0008767245529487848,0.0006981222463332541,0.9574332197164093,0.040734572525013404,0.9574332197164093
15069,1,1,1,2.712152512312946e-05,0.9945274612214576,8.021133719833457e-05,0.003961010003378607,0.0014041959128425516,0.9945274612214576
19356,4,4,1,0.00139424700927144,7.26525086526383e-05,0.02276237132456459,9.072291484675779e-05,0.9756800062426646,0.9756800062426646
16585,3,3,1,0.0006193644242692615,0.2146050078275681,0.0006561050283428377,0.7651466116761227,0.018972911043696996,0.7651466116761227
17001,3,3,1,0.0001652298265948044,0.03143468339991637,0.00031002477259332335,0.9605642461219782,0.007525815878917352,0.9605642461219782
14810,1,1,1,1.8631959795432403e-05,0.99358162793639,3.485819872880703e-05,0.0055464933349812446,0.0008183885701043927,0.99358162793639
14403,1,1,1,2.1493623246412743e-05,0.9924281478018233,4.424180571724409e-05,0.005840019700720958,0.0016660970684922493,0.9924281478018233
18085,4,4,1,0.007863431971943887,0.01030589039497009,0.005314840136517971,0.11912800646982775,0.8573878310267403,0.8573878310267403
17078,3,3,1,0.00011679677530850994,0.019220623593474154,0.00017049151586479697,0.976440996094138,0.004051092021214389,0.976440996094138
18079,4,4,1,0.0021877148029191226,0.00035117604190965036,0.0022289609826793596,0.003329452112197066,0.9919026960602947,0.9919026960602947
17802,3,3,1,0.00023273370514015655,0.0007354393096664662,0.0003260516770701587,0.9737615744378598,0.024944200870263288,0.9737615744378598
19021,4,4,1,7.86698316947454e-05,0.0026112808015696445,9.549591001686383e-05,0.0001243338069887743,0.9970902196497299,0.9970902196497299
18567,4,4,1,0.0019126532698858013,0.004052339029212702,0.002622753271748411,0.0956578248132078,0.8957544296159452,0.8957544296159452
15795,1,1,1,4.129050103887448e-05,0.9914452302635376,9.212788121718082e-05,0.0015526045950703918,0.00686874675913566,0.9914452302635376
16775,3,3,1,0.00015376127397904676,0.035994578567548105,0.00019846117569634163,0.9464352287809056,0.017217970201870998,0.9464352287809056
10630,0,0,1,0.9996239155581723,5.002832208411719e-05,0.00011010498481000228,3.543275074268766e-05,0.00018051838419080955,0.9996239155581723
17501,3,3,1,0.00023198635379935906,0.0010447257183820214,0.0005238307274193321,0.9689768878838357,0.029222569316563477,0.9689768878838357
13040,2,2,1,0.004121918756732291,4.2492955036275404e-05,0.9814088583457782,0.00015276998785832455,0.014273959954594729,0.9814088583457782
15520,1,1,1,3.101501604364015e-05,0.994994507217937,5.5753481870939174e-05,0.0018264558309371648,0.0030922684532113704,0.994994507217937
13068,2,2,1,0.1622332910159639,0.00014420441236971047,0.8165180936722519,0.0006225190824183666,0.02048189181699621,0.8165180936722519
12409,2,2,1,0.012731402418610883,4.470144033427798e-05,0.983241527796925,7.398982722396718e-05,0.003908378516906118,0.983241527796925
15797,1,1,1,0.00034729599582516437,0.9900965524708794,0.0002023700587849407,0.0004489840494926701,0.00890479742501809,0.9900965524708794
18111,4,4,1,0.0006219789772342331,0.0010533990000782872,0.001129306398980843,0.024701703655709294,0.9724936119679973,0.9724936119679973
17042,3,3,1,0.00010682113195683175,0.00343636093245875,0.00021090316867669313,0.9910256144228152,0.005220300344092485,0.9910256144228152
18374,4,4,1,0.0025052915455878915,0.0002535866843991541,0.009978111982642836,0.002172025060694467,0.9850909847266758,0.9850909847266758
13546,2,2,1,0.002198955364152114,9.289451227771753e-05,0.9610967503507677,0.0005168482494838728,0.03609455152331854,0.9610967503507677
19916,4,4,1,0.13796691782041726,0.0004963072009591951,0.16777365828015925,0.0008848648749237802,0.6928782518235405,0.6928782518235405
11888,0,0,1,0.7784523721483182,0.0002275070096354863,0.20496367047280545,0.0007003739451223693,0.015656076424118228,0.7784523721483182
17584,3,3,1,0.004144245726301523,0.0035763878368515883,0.011447123866982963,0.5530471486966143,0.42778509387324953,0.5530471486966143
11468,0,0,1,0.6818160062701273,0.0004400359662663101,0.21644305681757814,0.0009628078997354203,0.1003380930462928,0.6818160062701273
16819,3,3,1,0.00018156633947240944,0.02632578670668694,0.00020023499312679183,0.9567523783517403,0.016540033608973576,0.9567523783517403
15772,1,1,1,7.479500765710399e-05,0.9665617210995551,0.0001462614648885296,0.018282277441468816,0.014934944986430611,0.9665617210995551
14732,1,1,1,2.6782112452770215e-05,0.9921234584384264,4.781078768799951e-05,0.005844659380582048,0.0019572892808507806,0.9921234584384264
18141,4,4,1,0.0023110222652972757,0.007991623717816495,0.0038533142527935648,0.1858878997429764,0.7999561400211163,0.7999561400211163
18605,4,4,1,0.0004990370360421091,0.019867526599346978,0.001020585699274104,0.033039816780556786,0.94557303388478,0.94557303388478
11389,0,0,1,0.9946620505202288,7.195885305955529e-05,0.0027069974411855153,0.00013419132001370003,0.0024248018655125235,0.9946620505202288
11792,0,0,1,0.9885690609226693,9.716483255664936e-05,0.008580740287420514,0.00021375401543635635,0.0025392799419172523,0.9885690609226693
13617,2,2,1,0.004216127756007331,0.00012407177164496417,0.9095816188936992,0.00033968138918892186,0.08573850018945961,0.9095816188936992
14293,1,1,1,2.645846694042372e-05,0.9895101193371717,4.867851954020699e-05,0.008672058540209774,0.0017426851361377832,0.9895101193371717
16646,3,3,1,0.00014227312333315293,0.006541191163395831,0.0001841880704040868,0.9766378694077641,0.016494478235102843,0.9766378694077641
13854,2,2,1,0.0005993802498562579,2.7649139673883955e-05,0.9968340499121062,5.875246795425214e-05,0.002480168230409371,0.9968340499121062
15287,1,3,0,0.0002445847576290133,0.4428514999499633,0.0003479019554821226,0.5410842596669152,0.015471753670010312,0.5410842596669152
13709,2,2,1,0.0011251414459581188,0.00021651013633076655,0.840105019645708,0.00048663891251209937,0.15806668985949104,0.840105019645708
14663,1,1,1,2.0704757870920118e-05,0.9920361413643092,4.517866233467462e-05,0.006518997047951325,0.0013789781675339376,0.9920361413643092
13971,1,1,1,0.00012019913714434469,0.9571639714855841,0.0002261257032733573,0.010977159802416026,0.03151254387158214,0.9571639714855841
19522,4,4,1,0.0013181714478499459,0.00023791967707159292,0.15762659999186715,0.00047098497147446725,0.8403463239117369,0.8403463239117369
15571,1,1,1,0.00027709024699469793,0.6250418501578003,0.0005510815445349822,0.34658192738506344,0.02754805066560664,0.6250418501578003
10885,0,2,0,0.44693293269192375,0.00019478500236196273,0.537654667702431,0.000979190695616433,0.014238423907666982,0.537654667702431
15261,1,1,1,3.3270161809046466e-05,0.987336385866549,6.081882389605041e-05,0.010632325353224418,0.0019371997945217382,0.987336385866549
11245,0,0,1,0.9379879476900346,0.00026215625327975783,0.04113455244688852,0.0006688529151640171,0.019946490694633265,0.9379879476900346
19399,4,4,1,0.03135323915148545,0.0002904984506596994,0.16270522718665512,0.0008273763644147421,0.804823658846785,0.804823658846785
13136,2,2,1,0.3855379485871241,0.0012666099234334058,0.5154009690040124,0.004476688786001998,0.09331778369942806,0.5154009690040124
15036,1,1,1,1.6666053914001294e-05,0.9932313048895334,3.493563773813772e-05,0.0056775617901466515,0.0010395316286678528,0.9932313048895334
16885,3,3,1,9.945992153604704e-05,0.004328844884237122,0.00011118552134461676,0.9897334394822274,0.005727070190654714,0.9897334394822274
19505,4,4,1,0.02293414849177523,0.00044694324377779216,0.0780013665572277,0.001016791241903532,0.8976007504653157,0.8976007504653157
17663,3,3,1,0.0006456970062106153,0.00848872923455817,0.0007991066230937878,0.8760633808476376,0.1140030862884998,0.8760633808476376
13665,2,2,1,0.026504166047489782,0.0011881745744252903,0.8622829965803939,0.017988516660106518,0.09203614613758439,0.8622829965803939
10149,0,0,1,0.6550587184590985,0.00046291902775673295,0.03021172517615264,0.0007848502136760749,0.31348178712331615,0.6550587184590985
13413,2,2,1,0.0005374822303282682,3.932001131832164e-05,0.9919078067299059,6.887445244108153e-05,0.0074465165760062985,0.9919078067299059
12512,2,2,1,0.002991142877569046,2.9308452618279595e-05,0.9907255049207514,5.0077078872615695e-05,0.006203966670188662,0.9907255049207514
19914,4,4,1,0.02358243825315382,0.0004952042643723364,0.03636659457738257,0.0007434248254427388,0.9388123380796485,0.9388123380796485
13329,2,2,1,0.0013285391953929155,6.130701499395519e-05,0.9830628680744046,0.00020030507156750476,0.015346980643641022,0.9830628680744046
14464,1,1,1,2.0529501777112532e-05,0.9932087682795898,4.853456904733543e-05,0.005143954892148201,0.0015782127574373152,0.9932087682795898
10381,0,0,1,0.9993860112970983,7.466052152687013e-05,0.00016109291701758334,5.873164665891604e-05,0.00031950361769841564,0.9993860112970983
11511,0,0,1,0.9607522293509853,0.0001342262464148697,0.0271670504974673,0.00033458415970483884,0.011611909745427624,0.9607522293509853
12568,2,2,1,0.0035059429920021802,3.0881414958314154e-05,0.9886507188490514,5.3462506092464415e-05,0.007758994237895685,0.9886507188490514
11112,0,0,1,0.9908772075802258,6.748611255039934e-05,0.006128915216732502,0.00031219444414876634,0.0026141966463427107,0.9908772075802258
17751,3,3,1,0.0012077646005204073,0.004139240007736022,0.001847595975702117,0.9432682133006899,0.04953718611535154,0.9432682133006899
13804,2,2,1,0.0025406070989730987,3.583312736190609e-05,0.9914146017291537,0.00011937439321473139,0.005889583651296396,0.9914146017291537
10368,0,0,1,0.9670826135444149,5.1935612112722586e-05,0.028665819845666858,0.00010377174445685949,0.004095859253348437,0.9670826135444149
19079,4,4,1,0.00024763442559999117,0.007986699422097959,0.0003244955938949232,0.005349388847639555,0.9860917817107676,0.9860917817107676
14608,1,1,1,4.395746554738241e-05,0.9754823923996906,7.895021962766592e-05,0.021748122873455112,0.0026465770416793212,0.9754823923996906
10026,0,0,1,0.9850758259754792,2.8081743480862373e-05,0.01277579681342272,4.9928865439536774e-05,0.0020703666021778763,0.9850758259754792
17928,4,2,0,0.07492921831499814,0.00037064368068154946,0.8867009271537908,0.004115754972670746,0.0338834558778586,0.8867009271537908
15352,1,1,1,2.3552235435288955e-05,0.9901129858048807,4.7189229041204e-05,0.008423831686952347,0.0013924410436902358,0.9901129858048807
10076,0,0,1,0.9796799043135636,3.2235581025589666e-05,0.01761912121696469,6.303366598157973e-05,0.0026057052224647656,0.9796799043135636
16955,3,3,1,0.00018633948472368723,0.024307155304880305,0.00022262428068905256,0.9608922983594227,0.014391582570284264,0.9608922983594227
11426,0,0,1,0.9615637848906873,0.00019070076578972945,0.013314353624519912,0.0003953077153662909,0.024535853003636733,0.9615637848906873
11504,0,0,1,0.9681185777970879,0.0001435237662994605,0.013077280175144246,0.0003236755638207067,0.018336942697647594,0.9681185777970879
15318,1,1,1,3.295070217865319e-05,0.9894695563837546,6.227990894950715e-05,0.008454410031295087,0.0019808029738221803,0.9894695563837546
17326,3,3,1,0.002176367038252283,0.011558925693500971,0.012523083361981649,0.7135333036550906,0.2602083202511746,0.7135333036550906
10886,0,0,1,0.9874871045022052,8.850842054962235e-05,0.009058571311412562,0.00029454494531306745,0.0030712708205196046,0.9874871045022052
18916,4,4,1,0.0008838911414733195,0.16358605300916157,0.0008974862699427183,0.013396980150297926,0.8212355894291246,0.8212355894291246
15075,1,1,1,4.579902534510462e-05,0.9759678847561731,9.420099726657893e-05,0.021507602006014644,0.002384513215200589,0.9759678847561731
19684,4,4,1,0.05829969752305618,0.0007006186410738998,0.05878080823918304,0.0010715536528636794,0.8811473219438232,0.8811473219438232
13484,2,2,1,0.003909457279138596,7.93298204657423e-05,0.964584067882197,0.0003263666836272031,0.031100778334571495,0.964584067882197
12281,2,2,1,0.003814491587334362,5.6763861533258856e-05,0.9916540163482841,0.0001517631241660033,0.004322965078682267,0.9916540163482841
10390,0,0,1,0.9895426635855955,0.00036807285346216785,0.0009433950352605277,0.0010592811482330812,0.008086587377448662,0.9895426635855955
19583,4,4,1,0.004908576930911873,0.00025401866962225826,0.05434475119952878,0.0005298648483929461,0.9399627883515441,0.9399627883515441
14062,1,1,1,3.234301134475044e-05,0.9912086091307529,6.603704379128854e-05,0.005890177003307953,0.002802833810802961,0.9912086091307529
15160,1,1,1,3.743226845750883e-05,0.9848651653825521,7.215641647849143e-05,0.01261429717373898,0.0024109487587729373,0.9848651653825521
11143,0,0,1,0.9910243636251046,7.938152493417347e-05,0.005351481560872529,0.0003445497018884991,0.003200223587200166,0.9910243636251046
18955,4,4,1,0.0005680159661358628,0.010847621792729824,0.00051372438742138,0.0019513989587193786,0.9861192388949935,0.9861192388949935
17216,3,3,1,0.00012437133462607058,0.01757354279816439,0.00019926507379193283,0.9757410097769404,0.006361811016477081,0.9757410097769404
11659,0,0,1,0.9945800989351808,9.287714838780943e-05,0.003661022972327729,0.00011569769575628534,0.0015503032483473191,0.9945800989351808
14421,1,1,1,2.542981215137596e-05,0.994853267316524,5.645826337819624e-05,0.002111392181928123,0.0029534524260181466,0.994853267316524
13811,2,2,1,0.0007217481221293325,3.3924865322161055e-05,0.9920988791877992,7.835161931298505e-05,0.007067096205436355,0.9920988791877992
17231,3,3,1,0.00016161690951850557,0.03842299157375183,0.00018568301397589606,0.9539825826864666,0.007247125816287226,0.9539825826864666
15267,1,1,1,2.6557034263289027e-05,0.9916695993100417,4.779407918040482e-05,0.0071901994492222475,0.0010658501272922314,0.9916695993100417
10092,0,0,1,0.9678690140704475,3.477215274395274e-05,0.02934048379097314,5.887402417013411e-05,0.002696855961665143,0.9678690140704475
11183,0,0,1,0.9722824334503944,0.00015443596547597163,0.008863159775916549,0.000289242003582559,0.018410728804630523,0.9722824334503944
15934,1,1,1,1.6994071607235045e-05,0.9940536731450552,4.377845893135765e-05,0.0046042511628161175,0.001281303161590252,0.9940536731450552
13532,2,2,1,0.0005596704156256704,0.0003118391010790447,0.8073877442201981,0.0009112113323747364,0.19082953493072224,0.8073877442201981
12674,2,2,1,0.0028462437635635874,3.229769741194553e-05,0.9883266333818421,5.6117869716179966e-05,0.008738707287466094,0.9883266333818421
12553,2,2,1,0.0067980972096304505,7.706573616590922e-05,0.9592683143452392,0.0001258591260548864,0.033730663582909756,0.9592683143452392
15221,1,1,1,5.7894166374007614e-05,0.9804585641559551,8.303618765661878e-05,0.017535628231437086,0.001864877258577138,0.9804585641559551
14757,1,1,1,1.62618025454615e-05,0.9934055852321075,3.462224992688559e-05,0.005498040521640567,0.0010454901937794454,0.9934055852321075
12297,2,2,1,0.00040106491684190103,5.8849190432064986e-05,0.990764801520283,0.0008536450351921679,0.007921639337250881,0.990764801520283
14759,1,1,1,2.3289743936838744e-05,0.9900423573987989,4.691743218175254e-05,0.008545880400750758,0.001341555024331814,0.9900423573987989
11111,0,0,1,0.9930669338139656,5.14876335718661e-05,0.004691070408688003,0.0001949110437299115,0.001995597100044723,0.9930669338139656
14787,1,1,1,3.595644625726216e-05,0.9908468743121589,5.7763078872259624e-05,0.006127550159220668,0.002931856003490991,0.9908468743121589
15100,1,1,1,4.1624127297368596e-05,0.9908398750075106,9.534211587172702e-05,0.005765886166812657,0.0032572725825075356,0.9908398750075106
10491,0,0,1,0.9992455066241883,9.46131613521997e-05,0.0002447173332959007,8.051087866865766e-05,0.0003346520024948419,0.9992455066241883
19857,4,4,1,0.001308527270178139,0.00016899561049504248,0.3005475547315412,0.0003654695183232447,0.6976094528694624,0.6976094528694624
11661,0,0,1,0.9912567259599104,7.391248993281908e-05,0.0055292455035548475,0.00018749255437932534,0.0029526234922225628,0.9912567259599104
12457,2,2,1,0.002407369425024567,3.4570409254202084e-05,0.9874153902129998,5.094975792701612e-05,0.010091720194794316,0.9874153902129998
10961,0,0,1,0.9812054821494656,0.00012328728301782226,0.009203763627688086,0.0007043229220553203,0.008763144017773318,0.9812054821494656
14528,1,1,1,5.962357714774055e-05,0.9791773179787008,0.00011559355617904305,0.01465186702736502,0.005995597860607605,0.9791773179787008
10784,0,0,1,0.993962159006109,5.668589335732292e-05,0.0036421902474375657,0.00022704099082726796,0.0021119238622687073,0.993962159006109
13693,2,2,1,0.00039802196152370167,4.455502893559093e-05,0.9840936614327528,0.00023768496083838972,0.015226076615949432,0.9840936614327528
11777,0,0,1,0.9963396178496658,6.480006179175314e-05,0.002373681350784761,0.00010544372255935569,0.0011164570151983397,0.9963396178496658
19089,4,4,1,0.002691009605678874,0.06666119954430202,0.008987588063764363,0.005661034100551641,0.9159991686857031,0.9159991686857031
14852,1,1,1,2.4705405027823053e-05,0.9927319331672384,7.07253899582438e-05,0.004734918454010004,0.0024377175837657964,0.9927319331672384
15173,1,1,1,1.777672651581342e-05,0.9933523932587511,4.048630491041888e-05,0.005519991656945393,0.00106935205287739,0.9933523932587511
11093,0,0,1,0.9889525733023332,7.36901970148649e-05,0.007512783692496467,0.00032591304479809215,0.003135039763357366,0.9889525733023332
13094,2,2,1,0.0006264355979999493,3.371576696564109e-05,0.9944584300605577,5.9520599996637144e-05,0.004821897974479961,0.9944584300605577
11136,0,0,1,0.9932319097789089,5.055107829193539e-05,0.004408366846892062,0.0002103638248020947,0.0020988084711049877,0.9932319097789089
10880,0,0,1,0.9923291131619234,5.9586397235302217e-05,0.005263708667140098,0.0002118287711826209,0.002135763002518648,0.9923291131619234
15857,1,1,1,0.0008928562984665362,0.9684671337709854,0.0011250139587991046,0.001132533359056058,0.028382462612692647,0.9684671337709854
14256,1,1,1,2.6264048739499176e-05,0.9929134316369025,5.72715079114595e-05,0.004689060954377243,0.002313971852069355,0.9929134316369025
13628,2,2,1,0.0009551324935046874,5.377547238225903e-05,0.9853445679992149,9.183186836057002e-05,0.013554692166537706,0.9853445679992149
17023,3,3,1,0.0002517225341115845,0.012571725146886217,0.0003148533918568417,0.9455501728495178,0.04131152607762758,0.9455501728495178
14987,1,1,1,3.442165362854137e-05,0.9897782867234486,7.637327431688896e-05,0.007554125266631027,0.002556793081974919,0.9897782867234486
12739,2,2,1,0.005259081551055377,2.2369043439022885e-05,0.9909984480883894,4.0289171649556954e-05,0.003679812145466524,0.9909984480883894
10380,0,0,1,0.971523028586556,4.825208529226754e-05,0.023923019283469474,9.562843357052445e-05,0.004410071611111398,0.971523028586556
10554,0,0,1,0.9994751557484599,6.37304252536542e-05,0.00016797592570765878,5.767616714829617e-05,0.00023546173343051577,0.9994751557484599
17388,3,3,1,0.00035632342598199856,0.045514356484169106,0.0007240110833176945,0.8992222681572952,0.05418304084923598,0.8992222681572952
11471,0,0,1,0.9939590048018278,6.575738830573236e-05,0.0019048213151165786,0.00011433152140417237,0.003956084973345833,0.9939590048018278
11584,0,0,1,0.9699993842965231,0.0006793572846449838,0.012835915476530145,0.0008060171237181221,0.01567932581858369,0.9699993842965231
11674,0,0,1,0.9898989760396995,0.0002518986545887544,0.004936335675067099,0.00034714529179796045,0.00456564433884705,0.9898989760396995
14033,1,1,1,3.639284827246849e-05,0.9935214395403029,4.708012745242716e-05,0.0020185973210488034,0.004376490162923318,0.9935214395403029
11739,0,0,1,0.9953255647399382,9.52389220081125e-05,0.002988665386312648,0.00014133304709929918,0.0014491979046418637,0.9953255647399382
19700,4,2,0,0.09505071941221982,0.0016839225167260762,0.6828009901322978,0.009964938489715917,0.21049942944904032,0.6828009901322978
15298,1,1,1,0.00017050508680557179,0.9385658201441806,0.0002623922675645767,0.04309716407241247,0.017904118429036796,0.9385658201441806
19722,4,4,1,0.014505215369603922,0.00044734951777036943,0.04295920645043587,0.0007193003965588923,0.941368928265631,0.941368928265631
18473,4,4,1,0.0018770968864097101,0.0018080110908226307,0.002624046877779476,0.23077325065531393,0.7629175944896742,0.7629175944896742
12468,2,2,1,0.005926612006079111,9.99858572842156e-05,0.9430429370271235,0.0001417426626777202,0.05078872244683544,0.9430429370271235
10195,0,0,1,0.8952143195353555,7.33655459578664e-05,0.09693667222949705,0.0001602840281291463,0.007615358661060508,0.8952143195353555
19407,4,4,1,0.022461041032480027,0.0003403363068901631,0.26126564625582865,0.00047539735849651157,0.7154575790463046,0.7154575790463046
14255,1,1,1,1.992429548095508e-05,0.9936315404897013,4.3133595798166495e-05,0.005444126467798324,0.0008612751512215183,0.9936315404897013
16569,3,3,1,0.0006930890449220347,0.281056421012893,0.0007375067656429167,0.6902301304353423,0.027282852741199768,0.6902301304353423
17894,3,3,1,0.0011671603238965146,0.002549898778990484,0.0021149212295768177,0.6756205603092524,0.3185474593582838,0.6756205603092524
10430,0,0,1,0.9994639317887675,6.019735667688298e-05,0.00020241559381801178,5.6251261132545214e-05,0.00021720399960515957,0.9994639317887675
17976,4,4,1,0.004446931194820487,0.000486514612113774,0.006180712546153499,0.0037636606271679337,0.9851221810197442,0.9851221810197442
13622,2,2,1,0.0013765654995279632,8.412061404230107e-05,0.9847711253360788,0.00016399755915038393,0.013604190991200511,0.9847711253360788
13945,1,1,1,2.1128631162498803e-05,0.9919606577442143,4.75579218238202e-05,0.005989325901805412,0.0019813298009939365,0.9919606577442143
10970,0,0,1,0.9632974029680551,8.459261974946668e-05,0.03274796831960841,0.00032959612894334925,0.0035404399636436656,0.9632974029680551
19358,4,4,1,0.019878948463321448,0.0004968047726137403,0.046462223326747404,0.0008063760847482253,0.9323556473525692,0.9323556473525692
13477,2,2,1,0.0002585974519118525,3.9766567797140534e-05,0.983728732836548,0.00021988373734330675,0.015753019406399477,0.983728732836548
13351,2,2,1,0.00037468481185277237,0.00012162970547517806,0.9800308469055435,0.0005525407102881704,0.018920297866840314,0.9800308469055435
16743,3,3,1,0.0003727940671670687,0.008444563065164268,0.0005248927823279584,0.947183088854046,0.04347466123129473,0.947183088854046
12843,2,2,1,0.0022746532924969496,3.780316949960791e-05,0.9929982878618585,0.00012422070279799238,0.004565034973347061,0.9929982878618585
11839,0,0,1,0.9958785615984389,0.00012662711580530028,0.0024577436809812203,0.0002087839259767622,0.0013282836787975444,0.9958785615984389
19707,4,4,1,0.0011609486695425865,0.00014739639947221824,0.04000050022988148,0.0002024136819899242,0.9584887410191137,0.9584887410191137
13128,2,2,1,0.001477909815599047,0.00010125632885616357,0.8329631022905659,0.00026280738814374945,0.16519492417683498,0.8329631022905659
17610,3,3,1,0.00040227836567756364,0.004318395857875165,0.0006520745311343045,0.9499403677824263,0.04468688346288672,0.9499403677824263
15395,1,1,1,0.0004184892860155713,0.7442306115707163,0.0007929549482418129,0.23727341290083934,0.01728453129418678,0.7442306115707163
15715,1,1,1,7.018659178883859e-05,0.9891953860195539,0.00011846839578622461,0.0011918161534607752,0.009424142839410335,0.9891953860195539
10155,0,0,1,0.9755851121735406,3.8120538866480654e-05,0.020968243958270433,6.569887453569403e-05,0.0033428244547865863,0.9755851121735406
12254,2,2,1,0.0006784169327682738,2.2350513344695966e-05,0.9950887945734893,7.832717543549574e-05,0.004132110804962191,0.9950887945734893
16623,3,3,1,0.0003945134344863325,0.021320832863842454,0.0006500553246097465,0.9307969456661449,0.046837652710916645,0.9307969456661449
10553,0,0,1,0.9994458351307522,7.298474908323814e-05,0.00018256701682907865,6.598971411776996e-05,0.00023262338921770713,0.9994458351307522
19898,4,4,1,0.0005887387188033755,0.00013224901774182345,0.08253488482435967,0.00037829040086662655,0.9163658370382284,0.9163658370382284
12942,2,2,1,0.00033032269695402365,2.1181959498954284e-05,0.9974981169639228,4.051478497854878e-05,0.0021098635946456452,0.9974981169639228
13641,2,2,1,0.25771720511041857,0.00023525699010936712,0.7138146579144705,0.00042198833462825624,0.027810891650373235,0.7138146579144705
13362,2,2,1,0.2185439730617663,0.00018255012204025978,0.7599564071373021,0.0004472750043469041,0.020869794674544518,0.7599564071373021
19230,4,4,1,0.0001910550059645252,0.016498970047078513,0.0002325049719998227,0.0006542448589100635,0.9824232251160471,0.9824232251160471
17072,3,3,1,0.0009839515410790406,0.19366567544746213,0.00162864631183213,0.7648481793293108,0.03887354737031591,0.7648481793293108
12147,2,2,1,0.0014729131321150925,4.824942681212646e-05,0.9891149112061562,0.00038436003313575134,0.008979566201780908,0.9891149112061562
14930,1,1,1,2.7766894464167025e-05,0.9897694414252797,5.5734154409871444e-05,0.00871814655881838,0.0014289109670279157,0.9897694414252797
19110,4,4,1,0.0003168645169224374,0.02298558941649076,0.0005336688669221062,0.0007633023111029839,0.9754005748885617,0.9754005748885617
13127,2,2,1,0.0005975067658807037,4.231449902849589e-05,0.9907369170512255,8.373976824576245e-05,0.008539521915619614,0.9907369170512255
17029,3,3,1,0.00015594820866256834,0.0057612417477031054,0.00018734642720903181,0.9873109938130773,0.006584469803348149,0.9873109938130773
12825,2,2,1,0.0024361906550622254,0.00013348602200724893,0.9804656520804844,0.0002490144676435045,0.016715656774802728,0.9804656520804844
15293,1,1,1,2.3305854975776965e-05,0.9954793051463888,6.086646935325867e-05,0.003447170790995546,0.0009893517382867925,0.9954793051463888
11352,0,0,1,0.9251615077810793,0.00022219382517296002,0.03115260899893021,0.0003746628277345149,0.043089026567082724,0.9251615077810793
12041,2,2,1,0.0010262370434676643,0.0001594650717287602,0.900663238496654,0.0005407245566666837,0.09761033483148288,0.900663238496654
17303,3,3,1,0.0006074424727438432,0.0030606583002843837,0.001438538332675051,0.9316156811791552,0.06327767971514148,0.9316156811791552
14805,1,1,1,2.377365346294064e-05,0.9903764726085021,5.161350524293234e-05,0.00806514312478672,0.0014829971080049013,0.9903764726085021
15127,1,1,1,0.00030222997194336704,0.9121257469730931,0.0005130495950088132,0.07922961300016974,0.007829360459784733,0.9121257469730931
16599,3,3,1,0.00023928439935476403,0.09545386311083554,0.00033291558054999673,0.8891542570553078,0.01481967985395183,0.8891542570553078
12290,2,2,1,0.018089591884356684,0.00010970852769084554,0.9543048184454492,0.0008934166638228093,0.026602464478680365,0.9543048184454492
19192,4,4,1,0.0010091466576586852,0.19138032576153166,0.001010675581177767,0.006669654459115117,0.7999301975405168,0.7999301975405168
15303,1,3,0,0.00020165927402788095,0.46019441172837844,0.00035252074633901294,0.5329805721483446,0.006270836102910085,0.5329805721483446
11060,0,0,1,0.9925666741530278,7.411670234953006e-05,0.004083607105740575,0.0004408409525037278,0.002834761086378332,0.9925666741530278
12529,2,2,1,0.003922454078706899,5.520460077833698e-05,0.983113729639641,7.958455804241481e-05,0.012829027122831396,0.983113729639641
16433,3,3,1,0.00015364751035713196,0.04302137520789096,0.000278807673923147,0.9504272421890726,0.00611892741875606,0.9504272421890726
18808,4,4,1,0.0026555633331103987,0.007156884228892973,0.0008979055646470383,0.0006052173074578514,0.9886844295658918,0.9886844295658918
14885,1,1,1,2.1970775775294923e-05,0.9923089834418681,4.988451009310715e-05,0.006028076166076691,0.0015910851061869415,0.9923089834418681
15697,1,1,1,2.5388073973068137e-05,0.9935769213511925,6.041211816388263e-05,0.005631499228607318,0.0007057792280632069,0.9935769213511925
11489,0,0,1,0.9982184174078977,3.018099877592049e-05,0.0005861685327395075,6.489553468048669e-05,0.0011003375259061553,0.9982184174078977
14094,1,1,1,2.4544655195937534e-05,0.9939466019526733,5.362464164117632e-05,0.004964014568586212,0.001011214181903468,0.9939466019526733
19562,4,4,1,0.004038923966529199,0.00029425899433746093,0.012173939438121995,0.0004058166134520667,0.9830870609875593,0.9830870609875593
16385,3,3,1,0.00028723437304455833,0.015645102872361698,0.0003832557133266119,0.952239091413332,0.03144531562793515,0.952239091413332
19838,4,4,1,0.004570156255433185,0.0002258160397636297,0.3369156543579205,0.0005234696752886634,0.6577649036715941,0.6577649036715941
14267,1,1,1,2.703372653000181e-05,0.9930688421394495,5.2106044663354665e-05,0.005079886870128493,0.0017721312192288043,0.9930688421394495
13311,2,2,1,0.0020266649309414087,6.772492714917245e-05,0.9912573631021084,0.00014318625557776428,0.006505060784223278,0.9912573631021084
10780,0,0,1,0.9925865020539094,6.333718984731478e-05,0.004940934031926523,0.00019110820467851836,0.002218118519638094,0.9925865020539094
12439,2,2,1,0.012839180440704855,8.048336467406016e-05,0.947826177233765,0.00015731662413066518,0.03909684233672549,0.947826177233765
13889,2,2,1,0.0005809888190005014,5.2592858681173665e-05,0.9856214778198586,0.00011014870795287756,0.013634791794506555,0.9856214778198586
14914,1,1,1,2.049647868573059e-05,0.9927152449292972,3.863302063482994e-05,0.00624889299709765,0.0009767325742844205,0.9927152449292972
15152,1,1,1,2.6903393848954812e-05,0.9941666007685194,6.40761690406525e-05,0.004357457534196373,0.0013849621343945426,0.9941666007685194
16980,3,3,1,0.00022377355630057185,0.0025988224509557794,0.00021132663488479482,0.9899371314596462,0.0070289458982126405,0.9899371314596462
12745,2,2,1,0.005168404307359713,6.600267111729437e-05,0.9775475315050116,0.00010101153718079876,0.017117049979330553,0.9775475315050116
11237,0,0,1,0.9794530004553925,9.363279172609037e-05,0.0112969241879418,0.00022226640295258074,0.008934176161987087,0.9794530004553925
18007,4,4,1,0.00559278533090252,0.001154486356315567,0.010857458963787703,0.00947788840771283,0.9729173809412814,0.9729173809412814
10944,0,0,1,0.964669931044176,0.00019980174920371653,0.014228717135138519,0.0012781505550593783,0.019623399516422516,0.964669931044176
13957,1,1,1,3.2551832116161377e-05,0.9928772695005859,5.5489269804693856e-05,0.0031268632400099938,0.003907826157483134,0.9928772695005859
10708,0,0,1,0.9897140553584354,0.0010938799953811946,0.0012172495602931208,0.0014479548390789819,0.0065268602468111885,0.9897140553584354
17480,3,3,1,0.0008567799795968365,0.0062732049757436605,0.001804002685543851,0.8012023667644711,0.18986364559464455,0.8012023667644711
17515,3,3,1,0.0005217596532561436,0.0012064856787823346,0.0004750575769703521,0.9686331861172858,0.029163510973705353,0.9686331861172858
12965,2,2,1,0.002902521972237466,5.151966095702761e-05,0.9924501027666262,0.00012059262486596802,0.004475262975313361,0.9924501027666262
12107,2,2,1,0.0009714128842053329,5.400495769322728e-05,0.9821354718352938,0.00020495385257832054,0.016634156470229287,0.9821354718352938
11360,0,0,1,0.9870953017598552,0.00015019776216625312,0.002918815900383338,0.00025022861756627033,0.009585455960028879,0.9870953017598552
11953,2,2,1,0.0004507364995179399,2.4836765007569815e-05,0.9907336953130829,8.503056570404523e-05,0.008705700856687454,0.9907336953130829
17300,3,3,1,0.0005469129294997169,0.004580784284511958,0.000997996890055807,0.9560580488039675,0.03781625709196494,0.9560580488039675
19216,4,4,1,0.0002643644530639403,0.010469593038097167,0.00029137204959847726,0.001077493253129957,0.9878971772061105,0.9878971772061105
12715,2,2,1,0.0017734194592101476,1.9922449610936762e-05,0.9950320356811196,4.878496814166492e-05,0.0031258374419174287,0.9950320356811196
15524,1,1,1,2.448937692501274e-05,0.9917687902967683,4.463240458970802e-05,0.0069401822496197,0.0012219056720972998,0.9917687902967683
15088,1,1,1,2.6591155176220733e-05,0.992491584430226,5.992969306787078e-05,0.0059796707201268525,0.0014422240014030962,0.992491584430226
15085,1,1,1,2.859498073115371e-05,0.9905204018648908,5.359082914891132e-05,0.00771294277422838,0.0016844695510009474,0.9905204018648908
14447,1,1,1,8.092712676396598e-05,0.9652164375549489,0.00016122959024677977,0.0282331368419241,0.006308268886116095,0.9652164375549489
11119,0,0,1,0.9855738644203659,0.0001292798888501974,0.006545402016573054,0.0005954310654014023,0.0071560226088095156,0.9855738644203659
13309,2,2,1,0.0001897758172872217,5.8458412932778515e-05,0.9726403883655345,0.00019179244956774312,0.026919584954677573,0.9726403883655345
13565,2,2,1,0.005038469730142465,6.377510776632874e-05,0.9779064359579221,0.00021138755577188874,0.016779931648396938,0.9779064359579221
10529,0,0,1,0.9992975177832998,8.306531617208782e-05,0.00021224884139314475,7.964069216400573e-05,0.00032752736697101384,0.9992975177832998
11014,0,0,1,0.9820636489952761,7.855460342413125e-05,0.014147103873309367,0.00028947500682273886,0.003421217521167815,0.9820636489952761
14605,1,1,1,4.377658315055229e-05,0.9899190940485912,7.398555473813439e-05,0.007508087451322592,0.002455056362197573,0.9899190940485912
18657,4,4,1,0.00015431091851395015,0.007188640066875897,0.0001945234670782451,0.002158496335010912,0.9903040292125209,0.9903040292125209
11010,0,0,1,0.9936089635853358,6.136727454930444e-05,0.0040822485329524245,0.00019558646007694627,0.0020518341470852903,0.9936089635853358
13647,2,2,1,0.0017030138532045662,5.951807051136523e-05,0.9902097904617584,0.00010355473350903501,0.007924122881016597,0.9902097904617584
11722,0,0,1,0.9952377123480232,8.611653595817769e-05,0.003049402356230658,0.00014697327336921214,0.0014797954864188027,0.9952377123480232
11034,0,0,1,0.9948803826369025,6.244574461703602e-05,0.0029131432697336247,0.00022400328755524168,0.001920025061191435,0.9948803826369025
19345,4,4,1,0.016464554443108893,0.00028346267586070313,0.07911705324938874,0.0005316836061726801,0.9036032460254689,0.9036032460254689
14247,1,1,1,2.606320940241614e-05,0.9970671448795414,3.726020751502486e-05,0.0012440748397520897,0.0016254568637892462,0.9970671448795414
16576,3,3,1,0.00011985988397320394,0.016648075669196665,0.00012849125556824156,0.9778222403388547,0.005281332852407181,0.9778222403388547
17581,3,3,1,0.0006602555524381326,0.007590121231554789,0.0013783143408655353,0.8921964977671527,0.09817481110798897,0.8921964977671527
11980,2,2,1,0.0013601867291351654,4.772095679626803e-05,0.9841621952031623,0.00025300578460327254,0.014176891326302895,0.9841621952031623
13119,2,2,1,0.0006251772161203632,5.3613414696828794e-05,0.9886605818567578,0.00010158315894078423,0.010559044353484277,0.9886605818567578
19846,4,2,0,0.024642944434968186,0.0001417332848261946,0.9465462854716999,0.000966983046639052,0.027702053761866664,0.9465462854716999
12047,2,2,1,0.0021889352282426994,3.457453299789007e-05,0.9872834118003765,8.737826778100966e-05,0.010405700170601903,0.9872834118003765
15914,1,1,1,0.0014091454945298464,0.9458810914862011,0.0008001968589516907,0.0011644167235713159,0.050745149436746004,0.9458810914862011
13275,2,2,1,0.0006391954389985595,2.299294993994636e-05,0.997455401266525,5.1129338990325466e-05,0.0018312810055462218,0.997455401266525
15121,1,1,1,5.150426218087343e-05,0.9831724091754007,8.201269735150063e-05,0.01442555061163985,0.002268523253427029,0.9831724091754007
16231,3,3,1,0.00013286127134574366,0.04530930073265231,0.0002709229037423482,0.9482144317182288,0.00607248337403095,0.9482144317182288
13710,2,2,1,0.000524330038641634,3.273253979089973e-05,0.992083050367003,6.611199869156412e-05,0.0072937750558728755,0.992083050367003
13979,1,1,1,2.09166257336307e-05,0.997441119376983,3.6111971019969144e-05,0.0011331204091839702,0.0013687316170792213,0.997441119376983
17031,3,3,1,0.00010067913480730321,0.01918451820206093,0.0001670480222437169,0.9767044693334085,0.0038432853074795927,0.9767044693334085
11484,0,0,1,0.9939171417271725,5.5823967102192935e-05,0.004134332871033768,0.00010241038327192466,0.0017902910514195588,0.9939171417271725
16770,3,3,1,0.00011117241727075302,0.03818442080734046,0.00018448881907663837,0.9575880007774094,0.003931917178902615,0.9575880007774094
11796,0,0,1,0.9895921367777825,0.00014185507486413378,0.0061169147322713635,0.0002765234568852242,0.0038725699581971785,0.9895921367777825
18319,4,4,1,0.021767185770502906,0.0008038028518735794,0.03358233311724909,0.003998107791909129,0.9398485704684651,0.9398485704684651
14388,1,1,1,2.2110819604202686e-05,0.9927045185223506,5.2446869151993194e-05,0.005665482517676058,0.0015554412712170018,0.9927045185223506
