id,true_label,predicted_label,correct,prob_Stationary,prob_Non-Stationary,confidence
6525,0,0,1,0.9999796,2.0363825e-05,0.9999796
4497,0,0,1,0.99991244,8.7546236e-05,0.99991244
3042,0,0,1,0.9874316,0.012568404,0.9874316
1059,0,0,1,0.99680156,0.0031984688,0.99680156
18762,1,1,1,7.1525574e-07,0.9999993,0.9999993
13195,1,1,1,3.4570694e-06,0.99999654,0.99999654
4806,0,0,1,0.9996415,0.00035850002,0.9996415
9115,0,0,1,0.99999404,5.9603726e-06,0.99999404
14706,1,1,1,7.1525574e-07,0.9999993,0.9999993
11452,1,1,1,3.695488e-05,0.99996305,0.99996305
11680,1,1,1,6.198883e-06,0.9999938,0.9999938
10516,1,1,1,7.1525574e-07,0.9999993,0.9999993
1799,0,0,1,0.9999922,7.808766e-06,0.9999922
9515,0,0,1,0.9999968,3.2449027e-06,0.9999968
6442,0,0,1,0.9993661,0.0006338904,0.9993661
9638,0,0,1,0.99999964,3.6100164e-07,0.99999964
7422,0,0,1,0.99755776,0.0024422307,0.99755776
4038,0,0,1,0.99981254,0.00018746877,0.99981254
13398,1,1,1,3.7550926e-05,0.99996245,0.99996245
6813,0,0,1,0.99975216,0.0002478068,0.99975216
7575,0,0,1,0.99999976,2.2535455e-07,0.99999976
1954,0,0,1,0.99987835,0.00012162768,0.99987835
14526,1,1,1,0.0,1.0,1.0
7828,0,0,1,0.9999998,1.9399322e-07,0.9999998
17861,1,1,1,3.0636787e-05,0.99996936,0.99996936
13877,1,1,1,0.000100016594,0.9999,0.9999
9168,0,0,1,0.9999994,6.0379057e-07,0.9999994
10614,1,1,1,2.1338463e-05,0.99997866,0.99997866
9777,0,0,1,0.9999991,8.6852253e-07,0.9999991
14103,1,1,1,4.1127205e-05,0.9999589,0.9999589
987,0,0,1,0.9999642,3.5813657e-05,0.9999642
5300,0,0,1,0.99804604,0.0019539683,0.99804604
16776,1,1,1,2.69413e-05,0.99997306,0.99997306
18590,1,1,1,2.8252602e-05,0.99997175,0.99997175
12324,1,1,1,2.9683113e-05,0.9999703,0.9999703
6025,0,0,1,0.9727127,0.027287327,0.9727127
11671,1,1,1,3.0994415e-06,0.9999969,0.9999969
4441,0,0,1,0.99782234,0.0021776615,0.99782234
7084,0,0,1,0.9999946,5.4400884e-06,0.9999946
5855,0,0,1,0.9989069,0.0010931117,0.9989069
18280,1,1,1,3.2544136e-05,0.99996746,0.99996746
6894,0,0,1,0.96747965,0.03252036,0.96747965
11484,1,1,1,3.1113625e-05,0.9999689,0.9999689
19905,1,1,1,1.859665e-05,0.9999814,0.9999814
10466,1,1,1,2.9802322e-06,0.999997,0.999997
12721,1,1,1,4.4107437e-06,0.9999956,0.9999956
1301,0,0,1,0.9999225,7.75078e-05,0.9999225
226,0,0,1,0.99979097,0.00020901837,0.99979097
10295,1,1,1,1.9907951e-05,0.9999801,0.9999801
10661,1,1,1,1.0728836e-05,0.9999893,0.9999893
19117,1,1,1,5.9604645e-07,0.9999994,0.9999994
6447,0,0,1,0.99936897,0.00063104014,0.99936897
18657,1,1,1,5.364418e-06,0.99999464,0.99999464
2492,0,0,1,0.9803293,0.01967074,0.9803293
4859,0,0,1,0.9977343,0.002265682,0.9977343
5570,0,0,1,0.9994585,0.00054152956,0.9994585
8829,0,0,1,0.9999993,6.980307e-07,0.9999993
4080,0,0,1,0.9997083,0.00029169166,0.9997083
4842,0,0,1,0.9998405,0.00015951734,0.9998405
6771,0,0,1,0.99994045,5.951837e-05,0.99994045
17755,1,1,1,1.0251999e-05,0.99998975,0.99998975
18007,1,1,1,9.274483e-05,0.99990726,0.99990726
15723,1,1,1,1.1920929e-07,0.9999999,0.9999999
7980,0,0,1,0.979972,0.020028004,0.979972
16775,1,1,1,1.7881393e-06,0.9999982,0.9999982
6186,0,0,1,0.9999892,1.0809723e-05,0.9999892
13204,1,1,1,6.914139e-06,0.9999931,0.9999931
10329,1,1,1,5.841255e-06,0.99999416,0.99999416
6397,0,0,1,0.99989825,0.00010173087,0.99989825
17691,1,1,1,5.364418e-06,0.99999464,0.99999464
18596,1,1,1,7.498264e-05,0.999925,0.999925
5920,0,0,1,0.99999446,5.553349e-06,0.99999446
14083,1,1,1,3.5762787e-07,0.99999964,0.99999964
12362,1,1,1,3.2186508e-06,0.9999968,0.9999968
12185,1,1,1,3.9815903e-05,0.9999602,0.9999602
17585,1,1,1,0.0010377169,0.9989623,0.9989623
8413,0,0,1,0.9999971,2.9348603e-06,0.9999971
11525,1,1,1,0.00011014938,0.99988985,0.99988985
3725,0,0,1,0.9997846,0.000215425,0.9997846
8513,0,0,1,0.99998605,1.39424e-05,0.99998605
9943,0,0,1,0.99999905,9.657454e-07,0.99999905
18624,1,1,1,3.182888e-05,0.9999682,0.9999682
18484,1,1,1,9.655952e-06,0.99999034,0.99999034
9641,0,0,1,0.99999976,2.6301103e-07,0.99999976
17144,1,1,1,0.00040513277,0.99959487,0.99959487
13847,1,1,1,1.13248825e-05,0.9999887,0.9999887
7680,0,0,1,0.99999964,3.5007102e-07,0.99999964
18106,1,1,1,4.518032e-05,0.9999548,0.9999548
7576,0,0,1,0.99999136,8.641951e-06,0.99999136
18984,1,1,1,8.583069e-06,0.9999914,0.9999914
10485,1,1,1,1.1920929e-06,0.9999988,0.9999988
3153,0,0,1,0.9999389,6.109793e-05,0.9999389
10584,1,1,1,8.583069e-06,0.9999914,0.9999914
17311,1,1,1,0.080344796,0.9196552,0.9196552
14676,1,1,1,2.3841858e-07,0.99999976,0.99999976
15255,1,0,0,0.813377,0.18662296,0.813377
5371,0,0,1,0.9998055,0.0001945119,0.9998055
2350,0,0,1,0.9997935,0.0002064465,0.9997935
1977,0,0,1,0.99879813,0.0012018672,0.99879813
10549,1,1,1,1.0251999e-05,0.99998975,0.99998975
2662,0,0,1,0.9998745,0.00012553822,0.9998745
16769,1,1,1,0.000957191,0.9990428,0.9990428
12533,1,1,1,4.017353e-05,0.9999598,0.9999598
15169,1,1,1,6.556511e-06,0.99999344,0.99999344
13065,1,1,1,2.1457672e-06,0.99999785,0.99999785
7103,0,0,1,0.99993867,6.134711e-05,0.99993867
16548,1,1,1,0.24714726,0.75285274,0.75285274
353,0,0,1,0.9999132,8.679023e-05,0.9999132
12273,1,1,1,0.012564659,0.98743534,0.98743534
5335,0,0,1,0.99867725,0.0013227402,0.99867725
7215,0,0,1,0.99976116,0.0002388485,0.99976116
9397,0,0,1,0.98215127,0.017848713,0.98215127
2397,0,0,1,0.99971217,0.00028780216,0.99971217
9088,0,0,1,0.9999994,5.662786e-07,0.9999994
9855,0,0,1,0.99995816,4.183591e-05,0.99995816
13562,1,1,1,3.5762787e-06,0.9999964,0.9999964
5535,0,0,1,0.99837095,0.0016290498,0.99837095
12900,1,1,1,3.9339066e-06,0.99999607,0.99999607
7027,0,0,1,0.99998194,1.8062221e-05,0.99998194
225,0,0,1,0.9999564,4.3600197e-05,0.9999564
918,0,0,1,0.98421335,0.015786635,0.98421335
2052,0,0,1,0.9992052,0.00079483003,0.9992052
11820,1,1,1,9.298325e-06,0.9999907,0.9999907
19571,1,1,1,3.2186508e-06,0.9999968,0.9999968
17067,1,1,1,0.00016832352,0.9998317,0.9998317
13369,1,1,1,0.0004505515,0.99954945,0.99954945
4637,0,0,1,0.9999303,6.9671965e-05,0.9999303
1931,0,0,1,0.9999885,1.1529708e-05,0.9999885
18049,1,1,1,0.00055223703,0.99944776,0.99944776
12720,1,1,1,2.2649765e-06,0.99999774,0.99999774
14289,1,1,1,0.00016057491,0.9998394,0.9998394
6133,0,0,1,0.9986523,0.0013477369,0.9986523
8952,0,0,1,0.9996674,0.00033256528,0.9996674
1532,0,0,1,0.9327725,0.06722748,0.9327725
13697,1,1,1,0.00018066168,0.99981934,0.99981934
11853,1,1,1,4.184246e-05,0.99995816,0.99995816
2741,0,0,1,0.9999919,8.120612e-06,0.9999919
2557,0,0,1,0.9997153,0.00028464818,0.9997153
13665,1,1,1,9.906292e-05,0.99990094,0.99990094
14850,1,1,1,0.0,1.0,1.0
4180,0,0,1,0.99969226,0.0003077208,0.99969226
17071,1,0,0,0.9999771,2.2865777e-05,0.9999771
18305,1,1,1,0.0005145073,0.9994855,0.9994855
78,0,0,1,0.9998726,0.00012736763,0.9998726
5208,0,0,1,0.99999434,5.6904505e-06,0.99999434
10405,1,1,1,2.8848648e-05,0.99997115,0.99997115
14645,1,1,1,0.00016152859,0.9998385,0.9998385
1287,0,0,1,0.99981576,0.00018423179,0.99981576
19517,1,1,1,2.8848648e-05,0.99997115,0.99997115
12712,1,1,1,4.529953e-06,0.99999547,0.99999547
10473,1,1,1,1.180172e-05,0.9999882,0.9999882
5402,0,0,1,0.9995117,0.00048827234,0.9995117
14256,1,1,1,0.0,1.0,1.0
18841,1,1,1,3.7670135e-05,0.99996233,0.99996233
5952,0,0,1,0.9998957,0.00010433274,0.9998957
13921,1,1,1,5.722046e-06,0.9999943,0.9999943
19538,1,1,1,3.8146973e-06,0.9999962,0.9999962
7726,0,0,1,0.9999996,4.362549e-07,0.9999996
2539,0,0,1,0.9989766,0.0010233958,0.9989766
18887,1,1,1,2.3841858e-07,0.99999976,0.99999976
16596,1,1,1,0.3249281,0.6750719,0.6750719
2206,0,0,1,0.9957937,0.0042062765,0.9957937
162,0,0,1,0.99617225,0.0038277423,0.99617225
14344,1,1,1,1.0728836e-06,0.9999989,0.9999989
4910,0,0,1,0.99950767,0.0004923534,0.99950767
8006,0,0,1,0.9999989,1.0857896e-06,0.9999989
3562,0,0,1,0.99996257,3.7430316e-05,0.99996257
10541,1,1,1,1.4543533e-05,0.99998546,0.99998546
13694,1,1,1,0.0002195239,0.9997805,0.9997805
7715,0,0,1,0.99999905,9.654801e-07,0.99999905
2103,0,0,1,0.9857133,0.014286722,0.9857133
6668,0,0,1,0.9997963,0.00020371444,0.9997963
1501,0,0,1,0.99901986,0.0009801474,0.99901986
4244,0,0,1,0.9999546,4.539293e-05,0.9999546
8464,0,0,1,0.99999046,9.519211e-06,0.99999046
375,0,0,1,0.9996863,0.00031368015,0.9996863
14718,1,1,1,7.665157e-05,0.99992335,0.99992335
964,0,0,1,0.9999437,5.630243e-05,0.9999437
8018,0,0,1,0.99984497,0.00015505835,0.99984497
14530,1,1,1,2.0503998e-05,0.9999795,0.9999795
3344,0,1,0,0.41690236,0.58309764,0.58309764
6478,0,0,1,0.99996525,3.475111e-05,0.99996525
1602,0,0,1,0.9235991,0.07640087,0.9235991
1896,0,0,1,0.9999565,4.353605e-05,0.9999565
11679,1,1,1,4.053116e-06,0.99999595,0.99999595
10683,1,1,1,2.4795532e-05,0.9999752,0.9999752
2965,0,0,1,0.99998474,1.5276522e-05,0.99998474
3311,0,0,1,0.5814802,0.4185198,0.5814802
18180,1,1,1,0.0010435581,0.99895644,0.99895644
14164,1,1,1,0.002093196,0.9979068,0.9979068
12293,1,1,1,2.503395e-06,0.9999975,0.9999975
7814,0,0,1,0.99999815,1.8671182e-06,0.99999815
2383,0,0,1,0.9999776,2.2386987e-05,0.9999776
18182,1,1,1,4.887581e-06,0.9999951,0.9999951
15386,1,1,1,2.3841858e-07,0.99999976,0.99999976
7547,0,0,1,0.99951357,0.00048645612,0.99951357
13348,1,1,1,3.349781e-05,0.9999665,0.9999665
9564,0,0,1,0.99999857,1.4546102e-06,0.99999857
11223,1,1,1,2.6226044e-06,0.9999974,0.9999974
8097,0,0,1,0.9999977,2.3285145e-06,0.9999977
15661,1,1,1,4.7683716e-06,0.99999523,0.99999523
19104,1,1,1,7.1525574e-07,0.9999993,0.9999993
6198,0,0,1,0.9999326,6.73899e-05,0.9999326
6542,0,0,1,0.99989957,0.00010045915,0.99989957
9184,0,0,1,0.9999979,2.0702678e-06,0.9999979
13419,1,1,1,0.00012934208,0.99987066,0.99987066
9522,0,0,1,0.9999859,1.4113596e-05,0.9999859
1824,0,0,1,0.99964887,0.0003511454,0.99964887
3325,0,0,1,0.9985905,0.001409483,0.9985905
8153,0,0,1,0.9999997,2.767695e-07,0.9999997
11666,1,1,1,3.0994415e-06,0.9999969,0.9999969
15685,1,1,1,1.1920929e-07,0.9999999,0.9999999
13664,1,1,1,2.9802322e-06,0.999997,0.999997
7288,0,0,1,0.99994475,5.5265966e-05,0.99994475
15250,1,1,1,0.00042504072,0.99957496,0.99957496
5053,0,0,1,0.78800446,0.21199556,0.78800446
7275,0,0,1,0.9908118,0.0091882,0.9908118
9087,0,0,1,0.99999803,1.9529161e-06,0.99999803
17222,1,0,0,0.98561954,0.014380463,0.98561954
18134,1,1,1,5.4597855e-05,0.9999454,0.9999454
5743,0,0,1,0.99695176,0.0030482218,0.99695176
15177,1,1,1,3.5762787e-07,0.99999964,0.99999964
330,0,0,1,0.99964875,0.0003512562,0.99964875
1764,0,0,1,0.99998707,1.2940712e-05,0.99998707
12899,1,1,1,7.903576e-05,0.99992096,0.99992096
15293,1,1,1,5.722046e-06,0.9999943,0.9999943
15252,1,1,1,0.00024813414,0.99975187,0.99975187
4969,0,0,1,0.99996775,3.223276e-05,0.99996775
3445,0,0,1,0.99926656,0.0007334334,0.99926656
18457,1,1,1,2.3961067e-05,0.99997604,0.99997604
5393,0,0,1,0.9994729,0.00052710174,0.9994729
19035,1,1,1,8.34465e-07,0.99999917,0.99999917
7988,0,0,1,0.99999994,6.493116e-08,0.99999994
4139,0,0,1,0.99983954,0.00016044696,0.99983954
11287,1,1,1,5.2452087e-06,0.99999475,0.99999475
9922,0,0,1,0.99999905,9.2718716e-07,0.99999905
8767,0,0,1,0.9998815,0.00011847361,0.9998815
11395,1,1,1,4.6491623e-06,0.99999535,0.99999535
9468,0,0,1,0.99999875,1.2678703e-06,0.99999875
6255,0,0,1,0.9998323,0.00016771973,0.9998323
12305,1,1,1,8.34465e-07,0.99999917,0.99999917
1869,0,0,1,0.99859065,0.0014093791,0.99859065
18212,1,1,1,1.9669533e-05,0.99998033,0.99998033
15770,1,1,1,1.5497208e-06,0.99999845,0.99999845
11743,1,1,1,2.861023e-06,0.99999714,0.99999714
15268,1,1,1,0.000113487244,0.9998865,0.9998865
10437,1,1,1,5.9604645e-06,0.99999404,0.99999404
4361,0,0,1,0.9996962,0.0003038079,0.9996962
18640,1,1,1,8.46386e-06,0.99999154,0.99999154
18490,1,1,1,1.2397766e-05,0.9999876,0.9999876
159,0,0,1,0.9997833,0.00021672809,0.9997833
10085,1,1,1,2.503395e-06,0.9999975,0.9999975
3267,0,0,1,0.99955845,0.00044152557,0.99955845
2798,0,0,1,0.99980414,0.00019585241,0.99980414
15329,1,1,1,0.0001886487,0.99981135,0.99981135
11498,1,1,1,0.00010621548,0.9998938,0.9998938
10453,1,1,1,2.861023e-06,0.99999714,0.99999714
5137,0,1,0,0.28128463,0.71871537,0.71871537
4250,0,0,1,0.9768746,0.02312538,0.9768746
6369,0,0,1,0.9715926,0.028407376,0.9715926
17987,1,1,1,0.00037944317,0.99962056,0.99962056
413,0,0,1,0.9582254,0.04177459,0.9582254
15872,1,1,1,1.347065e-05,0.9999865,0.9999865
14567,1,1,1,2.3841858e-07,0.99999976,0.99999976
15191,1,1,1,0.11779088,0.8822091,0.8822091
4704,0,0,1,0.9996622,0.0003377541,0.9996622
10904,1,1,1,1.5616417e-05,0.9999844,0.9999844
13563,1,1,1,2.336502e-05,0.99997663,0.99997663
10664,1,1,1,1.1920929e-06,0.9999988,0.9999988
8228,0,0,1,0.99999976,2.1546407e-07,0.99999976
13630,1,1,1,1.1563301e-05,0.99998844,0.99998844
2712,0,0,1,0.9998574,0.00014256447,0.9998574
8943,0,0,1,0.99999905,9.810996e-07,0.99999905
5204,0,0,1,0.9999085,9.15152e-05,0.9999085
17228,1,1,1,0.28368986,0.71631014,0.71631014
12718,1,1,1,4.6491623e-06,0.99999535,0.99999535
15891,1,1,1,0.23712707,0.76287293,0.76287293
18925,1,1,1,0.002652049,0.99734795,0.99734795
10787,1,1,1,2.503395e-05,0.99997497,0.99997497
6083,0,0,1,0.99991024,8.974589e-05,0.99991024
9437,0,0,1,0.9333915,0.06660847,0.9333915
8390,0,0,1,0.9999992,7.7655056e-07,0.9999992
14338,1,1,1,0.0,1.0,1.0
12959,1,1,1,6.4373016e-06,0.99999356,0.99999356
16779,1,1,1,4.4345856e-05,0.99995565,0.99995565
9369,0,0,1,0.99999946,5.331407e-07,0.99999946
6971,0,0,1,0.99810344,0.0018965373,0.99810344
10707,1,1,1,0.00013875961,0.99986124,0.99986124
13119,1,1,1,4.6491623e-06,0.99999535,0.99999535
6571,0,0,1,0.9998634,0.00013658589,0.9998634
2563,0,0,1,0.99976295,0.0002370406,0.99976295
5306,0,0,1,0.9995844,0.00041562115,0.9995844
1854,0,0,1,0.99861294,0.0013870305,0.99861294
17814,1,1,1,0.00021845102,0.99978155,0.99978155
10133,1,1,1,8.106232e-05,0.99991894,0.99991894
1230,0,0,1,0.9994592,0.0005407695,0.9994592
1751,0,0,1,0.99981236,0.00018762756,0.99981236
9180,0,0,1,0.98946536,0.010534652,0.98946536
5476,0,0,1,0.99996275,3.7276677e-05,0.99996275
8448,0,0,1,0.9999881,1.1897272e-05,0.9999881
17135,1,1,1,0.006500721,0.9934993,0.9934993
13959,1,1,1,0.0,1.0,1.0
3142,0,0,1,0.9999635,3.6484347e-05,0.9999635
14397,1,1,1,0.004286051,0.99571395,0.99571395
13926,1,1,1,6.9737434e-05,0.99993026,0.99993026
4495,0,0,1,0.9972376,0.0027623998,0.9972376
10559,1,1,1,4.053116e-06,0.99999595,0.99999595
8429,0,0,1,0.999999,1.019723e-06,0.999999
10563,1,1,1,1.1444092e-05,0.99998856,0.99998856
10533,1,1,1,5.9604645e-06,0.99999404,0.99999404
3179,0,0,1,0.999988,1.2007656e-05,0.999988
14179,1,1,1,7.1525574e-07,0.9999993,0.9999993
11762,1,1,1,4.529953e-06,0.99999547,0.99999547
16692,1,0,0,0.9939311,0.0060688844,0.9939311
12577,1,1,1,3.9339066e-06,0.99999607,0.99999607
11771,1,1,1,4.017353e-05,0.9999598,0.9999598
13542,1,1,1,6.556511e-06,0.99999344,0.99999344
12565,1,1,1,1.4305115e-06,0.99999857,0.99999857
2809,0,0,1,0.9993051,0.0006948645,0.9993051
7015,0,0,1,0.9997119,0.00028812888,0.9997119
5234,0,0,1,0.997438,0.002561977,0.997438
4204,0,0,1,0.99993473,6.524844e-05,0.99993473
6601,0,0,1,0.99994975,5.023399e-05,0.99994975
17195,1,1,1,0.41637456,0.58362544,0.58362544
11713,1,1,1,5.841255e-06,0.99999416,0.99999416
10199,1,1,1,2.014637e-05,0.99997985,0.99997985
7122,0,0,1,0.9999467,5.3298805e-05,0.9999467
4556,0,0,1,0.99995905,4.092891e-05,0.99995905
14684,1,1,1,0.0,1.0,1.0
794,0,0,1,0.999749,0.00025098043,0.999749
15090,1,1,1,2.3841858e-07,0.99999976,0.99999976
13072,1,1,1,2.861023e-06,0.99999714,0.99999714
1522,0,0,1,0.99990463,9.5393814e-05,0.99990463
13488,1,1,1,2.0980835e-05,0.999979,0.999979
13074,1,1,1,6.771088e-05,0.9999323,0.9999323
18916,1,1,1,5.4836273e-06,0.9999945,0.9999945
14905,1,1,1,1.66893e-06,0.99999833,0.99999833
2899,0,0,1,0.9996941,0.00030587922,0.9996941
7944,0,0,1,0.9999986,1.3483053e-06,0.9999986
15768,1,1,1,7.1525574e-07,0.9999993,0.9999993
2137,0,0,1,0.9992913,0.0007086914,0.9992913
1134,0,0,1,0.99959284,0.00040718555,0.99959284
10080,1,1,1,9.298325e-06,0.9999907,0.9999907
19147,1,1,1,1.66893e-06,0.99999833,0.99999833
6656,0,0,1,0.99821836,0.0017816281,0.99821836
13806,1,1,1,0.00022667646,0.9997733,0.9997733
12385,1,1,1,5.9604645e-06,0.99999404,0.99999404
1082,0,0,1,0.5839424,0.41605756,0.5839424
3931,0,0,1,0.99983096,0.00016905446,0.99983096
13378,1,1,1,3.1471252e-05,0.9999685,0.9999685
1126,0,0,1,0.99993587,6.412913e-05,0.99993587
6263,0,0,1,0.5523574,0.44764262,0.5523574
570,0,0,1,0.9987983,0.001201711,0.9987983
847,0,0,1,0.99990135,9.8671604e-05,0.99990135
4965,0,0,1,0.99970496,0.00029505583,0.99970496
1297,0,0,1,0.9999176,8.238379e-05,0.9999176
19838,1,1,1,0.00020724535,0.99979275,0.99979275
846,0,0,1,0.99688643,0.0031135667,0.99688643
1686,0,0,1,0.9999403,5.9737573e-05,0.9999403
15126,1,1,1,2.7418137e-06,0.99999726,0.99999726
1987,0,0,1,0.99866366,0.0013363404,0.99866366
594,0,0,1,0.99962145,0.00037853993,0.99962145
2979,0,0,1,0.93893343,0.061066553,0.93893343
5792,0,0,1,0.9983384,0.00166159,0.9983384
10121,1,1,1,2.503395e-06,0.9999975,0.9999975
1900,0,0,1,0.9980076,0.0019923996,0.9980076
9063,0,0,1,0.999999,1.0195256e-06,0.999999
4622,0,0,1,0.9536302,0.04636976,0.9536302
1389,0,0,1,0.94173795,0.058262024,0.94173795
10057,1,1,1,3.2305717e-05,0.9999677,0.9999677
17460,1,1,1,4.7802925e-05,0.9999522,0.9999522
6043,0,0,1,0.980043,0.019957019,0.980043
14856,1,1,1,0.0008742213,0.9991258,0.9991258
7630,0,0,1,0.999876,0.00012396007,0.999876
2668,0,0,1,0.9957358,0.0042641894,0.9957358
12378,1,1,1,2.2649765e-06,0.99999774,0.99999774
7398,0,0,1,0.99603724,0.0039627254,0.99603724
9476,0,0,1,0.9999966,3.4125412e-06,0.9999966
1317,0,0,1,0.99993205,6.7968685e-05,0.99993205
1705,0,0,1,0.99996775,3.2228825e-05,0.99996775
14493,1,1,1,1.2040138e-05,0.99998796,0.99998796
18326,1,1,1,6.699562e-05,0.999933,0.999933
10285,1,1,1,1.9907951e-05,0.9999801,0.9999801
13603,1,1,1,3.0994415e-06,0.9999969,0.9999969
4178,0,0,1,0.999474,0.0005260098,0.999474
16744,1,1,1,0.014328122,0.9856719,0.9856719
16760,1,0,0,0.5827025,0.41729745,0.5827025
17515,1,1,1,2.670288e-05,0.9999733,0.9999733
18493,1,1,1,5.2452087e-06,0.99999475,0.99999475
815,0,0,1,0.9986531,0.0013468664,0.9986531
9418,0,0,1,0.9999835,1.6524078e-05,0.9999835
459,0,0,1,0.9999591,4.0868963e-05,0.9999591
1016,0,0,1,0.9992225,0.0007774957,0.9992225
18476,1,1,1,0.0001527071,0.9998473,0.9998473
1763,0,1,0,0.00042766333,0.99957234,0.99957234
12253,1,1,1,2.18153e-05,0.9999782,0.9999782
3988,0,0,1,0.99862623,0.0013737606,0.99862623
7510,0,0,1,0.99985665,0.0001433655,0.99985665
13294,1,1,1,9.083748e-05,0.99990916,0.99990916
4577,0,0,1,0.9996867,0.00031325998,0.9996867
385,0,0,1,0.99990547,9.454011e-05,0.99990547
5292,0,1,0,9.059906e-06,0.99999094,0.99999094
3779,0,0,1,0.99949235,0.00050763536,0.99949235
8071,0,0,1,0.9999055,9.445145e-05,0.9999055
14750,1,1,1,4.887581e-06,0.9999951,0.9999951
7240,0,0,1,0.9998853,0.00011467633,0.9998853
1541,0,0,1,0.9998976,0.000102404876,0.9998976
1305,0,0,1,0.9999852,1.4771909e-05,0.9999852
2138,0,0,1,0.99545395,0.004546017,0.99545395
8530,0,0,1,0.9999994,5.9555265e-07,0.9999994
8394,0,0,1,0.99996597,3.4038934e-05,0.99996597
12716,1,1,1,2.9802322e-06,0.999997,0.999997
2825,0,0,1,0.999951,4.8985148e-05,0.999951
3202,0,0,1,0.9999703,2.9662362e-05,0.9999703
19356,1,1,1,3.0994415e-06,0.9999969,0.9999969
5780,0,0,1,0.99031186,0.00968813,0.99031186
9106,0,1,0,0.25754648,0.7424535,0.7424535
6922,0,0,1,0.9981797,0.0018203164,0.9981797
770,0,0,1,0.9990594,0.0009406319,0.9990594
3441,0,0,1,0.9987753,0.0012246771,0.9987753
9185,0,0,1,0.99999964,3.79346e-07,0.99999964
8134,0,0,1,0.9999979,2.113491e-06,0.9999979
9208,0,0,1,0.9999999,1.1973081e-07,0.9999999
6918,0,0,1,0.99998605,1.39280755e-05,0.99998605
13784,1,1,1,0.0002809167,0.9997191,0.9997191
146,0,0,1,0.99998796,1.2052342e-05,0.99998796
1839,0,0,1,0.9997455,0.00025453613,0.9997455
1046,0,0,1,0.9999802,1.9812138e-05,0.9999802
17652,1,1,1,0.0046828985,0.9953171,0.9953171
3386,0,0,1,0.9998879,0.000112138354,0.9998879
4649,0,0,1,0.99920136,0.000798663,0.99920136
8888,0,0,1,0.99999577,4.2494316e-06,0.99999577
2694,0,0,1,0.99987435,0.00012564349,0.99987435
5549,0,0,1,0.9998876,0.00011242841,0.9998876
10047,1,1,1,1.5854836e-05,0.99998415,0.99998415
15777,1,1,1,6.198883e-06,0.9999938,0.9999938
3243,0,0,1,0.99951476,0.0004852444,0.99951476
15830,1,1,1,1.1920929e-07,0.9999999,0.9999999
17418,1,1,1,0.00010180473,0.9998982,0.9998982
12504,1,1,1,4.529953e-06,0.99999547,0.99999547
17476,1,1,1,3.4213066e-05,0.9999658,0.9999658
6636,0,0,1,0.99966484,0.00033514973,0.99966484
5657,0,0,1,0.8686678,0.1313322,0.8686678
12170,1,1,1,8.523464e-05,0.99991477,0.99991477
14,0,0,1,0.9931255,0.006874496,0.9931255
13858,1,1,1,8.416176e-05,0.99991584,0.99991584
9294,0,0,1,0.99999976,2.5029905e-07,0.99999976
4209,0,0,1,0.99456245,0.0054375627,0.99456245
11450,1,1,1,0.00041657686,0.9995834,0.9995834
6768,0,0,1,0.9917014,0.008298589,0.9917014
19881,1,1,1,2.503395e-06,0.9999975,0.9999975
7116,0,0,1,0.9997187,0.0002812583,0.9997187
5446,0,0,1,0.99995166,4.8347763e-05,0.99995166
8008,0,0,1,0.9999993,6.9651185e-07,0.9999993
3193,0,0,1,0.9997225,0.0002774992,0.9997225
14568,1,1,1,7.1525574e-07,0.9999993,0.9999993
10042,1,1,1,2.503395e-06,0.9999975,0.9999975
5972,0,0,1,0.99838495,0.001615046,0.99838495
2201,0,0,1,0.99987084,0.00012913585,0.99987084
12755,1,1,1,3.5762787e-05,0.99996424,0.99996424
19915,1,1,1,2.2292137e-05,0.9999777,0.9999777
16624,1,0,0,0.8320229,0.1679771,0.8320229
3763,0,0,1,0.9999392,6.080261e-05,0.9999392
19254,1,1,1,7.1525574e-07,0.9999993,0.9999993
11821,1,1,1,7.6293945e-06,0.9999924,0.9999924
14775,1,1,1,1.1920929e-07,0.9999999,0.9999999
14551,1,1,1,0.0,1.0,1.0
19084,1,1,1,9.179115e-06,0.9999908,0.9999908
7063,0,0,1,0.999335,0.00066503015,0.999335
17331,1,1,1,0.3972553,0.6027447,0.6027447
208,0,0,1,0.99997246,2.7560414e-05,0.99997246
19229,1,1,1,8.34465e-07,0.99999917,0.99999917
854,0,0,1,0.99364734,0.006352674,0.99364734
7971,0,0,1,0.99999917,8.320722e-07,0.99999917
2600,0,0,1,0.9996819,0.00031811115,0.9996819
8662,0,0,1,0.99999106,8.964557e-06,0.99999106
15486,1,1,1,1.1920929e-07,0.9999999,0.9999999
9141,0,1,0,0.27142006,0.72857994,0.72857994
9959,0,0,1,0.99999994,4.7022898e-08,0.99999994
2080,0,0,1,0.99979764,0.00020233769,0.99979764
15143,1,1,1,4.7683716e-06,0.99999523,0.99999523
16229,1,1,1,0.007427573,0.9925724,0.9925724
7197,0,1,0,0.09752917,0.9024708,0.9024708
8925,0,0,1,0.99999493,5.075797e-06,0.99999493
1206,0,0,1,0.99986666,0.00013335807,0.99986666
7126,0,0,1,0.99983287,0.00016714899,0.99983287
12410,1,1,1,1.6570091e-05,0.99998343,0.99998343
2360,0,0,1,0.99941593,0.0005840423,0.99941593
16554,1,1,1,0.42104048,0.5789595,0.5789595
15388,1,1,1,0.05357462,0.9464254,0.9464254
19671,1,1,1,0.00048696995,0.99951303,0.99951303
2335,0,0,1,0.99977154,0.00022847379,0.99977154
14725,1,1,1,1.4305115e-06,0.99999857,0.99999857
1853,0,0,1,0.9860371,0.013962931,0.9860371
3767,0,0,1,0.9999623,3.770686e-05,0.9999623
4810,0,0,1,0.99988544,0.00011453994,0.99988544
2505,0,0,1,0.999992,7.98289e-06,0.999992
17087,1,1,1,0.036111355,0.96388865,0.96388865
5487,0,0,1,0.99881375,0.0011862783,0.99881375
3745,0,0,1,0.99988794,0.00011207421,0.99988794
11964,1,1,1,3.695488e-06,0.9999963,0.9999963
8209,0,0,1,0.9999989,1.0760534e-06,0.9999989
1827,0,0,1,0.9998988,0.00010122343,0.9998988
11586,1,1,1,2.3841858e-06,0.9999976,0.9999976
14956,1,1,1,0.0037490726,0.9962509,0.9962509
9187,0,0,1,0.9999981,1.8991109e-06,0.9999981
455,0,0,1,0.9999306,6.937832e-05,0.9999306
3884,0,0,1,0.9999954,4.5981096e-06,0.9999954
4117,0,1,0,0.00074881315,0.9992512,0.9992512
15139,1,1,1,1.4424324e-05,0.9999856,0.9999856
3641,0,0,1,0.9994971,0.00050286105,0.9994971
5424,0,0,1,0.99536073,0.004639238,0.99536073
2594,0,0,1,0.9692309,0.030769123,0.9692309
10154,1,1,1,1.0609627e-05,0.9999894,0.9999894
11020,1,1,1,7.557869e-05,0.9999244,0.9999244
5344,0,0,1,0.9922736,0.0077263494,0.9922736
3268,0,0,1,0.9997179,0.0002820994,0.9997179
18271,1,1,1,0.0017078519,0.99829215,0.99829215
11843,1,1,1,1.04904175e-05,0.9999895,0.9999895
2467,0,0,1,0.9999262,7.378704e-05,0.9999262
17455,1,1,1,0.0022986531,0.99770135,0.99770135
13207,1,1,1,2.0503998e-05,0.9999795,0.9999795
9655,0,0,1,0.99999624,3.7600712e-06,0.99999624
2394,0,0,1,0.9999529,4.7062975e-05,0.9999529
769,0,0,1,0.9995659,0.00043407796,0.9995659
17126,1,1,1,0.034911275,0.9650887,0.9650887
15359,1,1,1,0.0020912886,0.9979087,0.9979087
14670,1,1,1,0.00015079975,0.9998492,0.9998492
8593,0,0,1,0.99999017,9.829944e-06,0.99999017
8728,0,0,1,0.9999991,8.6430106e-07,0.9999991
12974,1,1,1,0.00010097027,0.999899,0.999899
282,0,0,1,0.9972113,0.0027887125,0.9972113
12875,1,1,1,2.3841858e-06,0.9999976,0.9999976
10025,1,1,1,2.2649765e-06,0.99999774,0.99999774
8239,0,0,1,0.9999998,1.5732269e-07,0.9999998
18398,1,1,1,0.0001231432,0.99987686,0.99987686
7512,0,0,1,0.9999933,6.657412e-06,0.9999933
6657,0,0,1,0.99954605,0.0004539787,0.99954605
5143,0,0,1,0.999914,8.601181e-05,0.999914
8007,0,0,1,0.9999851,1.48773615e-05,0.9999851
8685,0,0,1,0.9999995,4.6157004e-07,0.9999995
10221,1,1,1,2.3841858e-06,0.9999976,0.9999976
8572,0,0,1,0.99999976,2.2999046e-07,0.99999976
6641,0,0,1,0.9998802,0.000119812365,0.9998802
12590,1,1,1,2.2649765e-06,0.99999774,0.99999774
11578,1,1,1,0.00019794703,0.99980205,0.99980205
15389,1,1,1,0.0010262728,0.9989737,0.9989737
11253,1,1,1,4.172325e-06,0.9999958,0.9999958
8681,0,0,1,0.99977005,0.00022995289,0.99977005
18375,1,1,1,1.0371208e-05,0.9999896,0.9999896
13495,1,1,1,3.0994415e-06,0.9999969,0.9999969
2873,0,0,1,0.99794513,0.00205486,0.99794513
16896,1,1,1,0.41886574,0.58113426,0.58113426
18074,1,1,1,0.000113487244,0.9998865,0.9998865
3813,0,0,1,0.9994247,0.00057531346,0.9994247
3288,0,1,0,0.004769802,0.9952302,0.9952302
17484,1,1,1,6.556511e-06,0.99999344,0.99999344
16981,1,1,1,0.00038313866,0.99961686,0.99961686
14242,1,1,1,4.7683716e-07,0.9999995,0.9999995
3231,0,0,1,0.9996972,0.00030277992,0.9996972
2947,0,0,1,0.99624276,0.003757241,0.99624276
1257,0,0,1,0.71523803,0.28476197,0.71523803
8039,0,0,1,0.99999803,1.9506192e-06,0.99999803
6874,0,0,1,0.98448527,0.01551473,0.98448527
4753,0,0,1,0.9908641,0.009135927,0.9908641
6618,0,0,1,0.9892667,0.010733314,0.9892667
12766,1,1,1,2.6226044e-06,0.9999974,0.9999974
7907,0,0,1,0.99999803,1.985767e-06,0.99999803
2735,0,0,1,0.99994,6.002028e-05,0.99994
7555,0,0,1,0.99999344,6.535711e-06,0.99999344
13445,1,1,1,3.20673e-05,0.99996793,0.99996793
5753,0,0,1,0.99947387,0.0005261016,0.99947387
16806,1,1,1,0.0010030866,0.9989969,0.9989969
17381,1,1,1,8.201599e-05,0.999918,0.999918
6372,0,1,0,0.44677818,0.5532218,0.5532218
900,0,0,1,0.9993148,0.00068521115,0.9993148
17842,1,1,1,0.00010192394,0.9998981,0.9998981
12675,1,1,1,2.7418137e-06,0.99999726,0.99999726
2354,0,0,1,0.99989223,0.000107749525,0.99989223
700,0,0,1,0.9996596,0.00034040355,0.9996596
10028,1,1,1,8.106232e-06,0.9999919,0.9999919
16571,1,1,1,0.49100387,0.5089961,0.5089961
9070,0,0,1,0.9999998,1.8925357e-07,0.9999998
8816,0,0,1,0.9999928,7.2125167e-06,0.9999928
4453,0,0,1,0.9997755,0.00022449942,0.9997755
16845,1,0,0,0.9981743,0.0018257172,0.9981743
14408,1,1,1,0.0,1.0,1.0
7295,0,0,1,0.9998554,0.00014459561,0.9998554
5343,0,0,1,0.98295,0.017050024,0.98295
9602,0,0,1,0.9999559,4.4115426e-05,0.9999559
13191,1,1,1,1.1920929e-06,0.9999988,0.9999988
17812,1,1,1,0.00038325787,0.99961674,0.99961674
149,0,0,1,0.9999848,1.518506e-05,0.9999848
302,0,0,1,0.9999242,7.5803204e-05,0.9999242
19105,1,1,1,1.835823e-05,0.99998164,0.99998164
6016,0,0,1,0.99695885,0.0030411442,0.99695885
12091,1,1,1,1.41859055e-05,0.9999858,0.9999858
8938,0,0,1,0.9999958,4.1858457e-06,0.9999958
9349,0,0,1,0.99999887,1.1206506e-06,0.99999887
13839,1,1,1,9.417534e-06,0.9999906,0.9999906
8190,0,0,1,0.9999999,1.0015615e-07,0.9999999
8809,0,0,1,0.9999996,4.380426e-07,0.9999996
14673,1,1,1,1.21593475e-05,0.99998784,0.99998784
11101,1,1,1,6.3061714e-05,0.99993694,0.99993694
14501,1,1,1,5.543232e-05,0.99994457,0.99994457
11975,1,1,1,0.0020942688,0.99790573,0.99790573
4645,0,0,1,0.9999618,3.8194314e-05,0.9999618
9471,0,0,1,0.9999999,1.25047e-07,0.9999999
4312,0,0,1,0.99886584,0.0011341814,0.99886584
7993,0,0,1,0.9999997,2.8355944e-07,0.9999997
14231,1,1,1,4.029274e-05,0.9999597,0.9999597
17681,1,1,1,0.0007377267,0.9992623,0.9992623
19082,1,1,1,1.3113022e-05,0.9999869,0.9999869
16642,1,1,1,3.4689903e-05,0.9999653,0.9999653
12759,1,1,1,1.0728836e-05,0.9999893,0.9999893
18304,1,1,1,0.00019150972,0.9998085,0.9998085
3532,0,0,1,0.9998357,0.00016425467,0.9998357
8591,0,0,1,0.99886817,0.0011318296,0.99886817
11426,1,1,1,2.2053719e-05,0.99997795,0.99997795
11960,1,1,1,0.00033950806,0.9996605,0.9996605
3021,0,0,1,0.99989665,0.00010334584,0.99989665
5312,0,0,1,0.95311296,0.046887033,0.95311296
5878,0,0,1,0.99987966,0.00012032553,0.99987966
6289,0,0,1,0.9986366,0.001363402,0.9986366
8640,0,0,1,0.9949572,0.005042818,0.9949572
18537,1,1,1,7.033348e-06,0.99999297,0.99999297
929,0,0,1,0.99979335,0.00020667238,0.99979335
6515,0,0,1,0.9992773,0.000722721,0.9992773
1495,0,0,1,0.99860257,0.0013974027,0.99860257
9611,0,0,1,0.99999934,6.3678067e-07,0.99999934
13740,1,1,1,3.4928322e-05,0.9999651,0.9999651
16819,1,1,1,6.7830086e-05,0.99993217,0.99993217
8336,0,0,1,0.9999996,4.4418863e-07,0.9999996
15826,1,1,1,0.00026232004,0.9997377,0.9997377
631,0,0,1,0.99958605,0.00041394858,0.99958605
4720,0,0,1,0.9999247,7.526199e-05,0.9999247
6306,0,0,1,0.7037631,0.29623687,0.7037631
13644,1,1,1,3.8146973e-06,0.9999962,0.9999962
10623,1,1,1,8.428097e-05,0.9999157,0.9999157
8434,0,0,1,0.9999969,3.1168959e-06,0.9999969
7159,0,0,1,0.99005455,0.009945472,0.99005455
16079,1,0,0,0.99670064,0.003299363,0.99670064
303,0,0,1,0.99995387,4.6128494e-05,0.99995387
1203,0,0,1,0.9763125,0.02368751,0.9763125
7005,0,0,1,0.9999518,4.8193466e-05,0.9999518
12653,1,1,1,3.695488e-06,0.9999963,0.9999963
3217,0,0,1,0.9780061,0.021993896,0.9780061
203,0,0,1,0.9999814,1.8593035e-05,0.9999814
13247,1,1,1,0.0012421608,0.99875784,0.99875784
975,0,0,1,0.9993264,0.000673565,0.9993264
8213,0,0,1,0.9999999,9.5575686e-08,0.9999999
3798,0,0,1,0.99979365,0.0002063231,0.99979365
8558,0,0,1,0.9952335,0.004766519,0.9952335
11799,1,1,1,8.821487e-06,0.9999912,0.9999912
5525,0,0,1,0.99999636,3.6610934e-06,0.99999636
12383,1,1,1,8.940697e-06,0.99999106,0.99999106
771,0,0,1,0.9989609,0.0010390591,0.9989609
19369,1,1,1,3.6358833e-05,0.99996364,0.99996364
17301,1,1,1,2.6226044e-05,0.9999738,0.9999738
1137,0,0,1,0.999755,0.0002449555,0.999755
5178,0,1,0,0.25031966,0.74968034,0.74968034
1907,0,0,1,0.99995166,4.835385e-05,0.99995166
19743,1,1,1,4.2915344e-06,0.9999957,0.9999957
9762,0,0,1,0.99999964,3.5860586e-07,0.99999964
5089,0,0,1,0.9505046,0.04949538,0.9505046
13477,1,1,1,0.00021451712,0.9997855,0.9997855
5627,0,0,1,0.99953896,0.0004610434,0.99953896
8466,0,0,1,0.9999916,8.393108e-06,0.9999916
15733,1,1,1,1.1920929e-07,0.9999999,0.9999999
13990,1,1,1,3.1113625e-05,0.9999689,0.9999689
4212,0,0,1,0.99997354,2.6457948e-05,0.99997354
2818,0,0,1,0.999996,3.9743472e-06,0.999996
1280,0,0,1,0.9535922,0.046407793,0.9535922
6937,0,0,1,0.9998276,0.00017240594,0.9998276
937,0,0,1,0.9976078,0.0023921565,0.9976078
12698,1,1,1,2.3841858e-06,0.9999976,0.9999976
6237,0,0,1,0.9999168,8.323362e-05,0.9999168
14735,1,0,0,0.74491346,0.2550865,0.74491346
3145,0,0,1,0.9989122,0.0010877718,0.9989122
15922,1,1,1,1.0848045e-05,0.99998915,0.99998915
7578,0,0,1,0.9999976,2.3643688e-06,0.9999976
4796,0,0,1,0.99967825,0.00032173426,0.99967825
13394,1,1,1,0.0002823472,0.99971765,0.99971765
16840,1,0,0,0.9806764,0.019323595,0.9806764
3875,0,0,1,0.99997264,2.7360524e-05,0.99997264
10881,1,1,1,2.2649765e-05,0.99997735,0.99997735
8717,0,0,1,0.9999983,1.7038743e-06,0.9999983
1121,0,0,1,0.9998557,0.00014429055,0.9998557
13620,1,1,1,4.4107437e-06,0.9999956,0.9999956
6332,0,0,1,0.9991749,0.0008251251,0.9991749
855,0,0,1,0.99991935,8.0627935e-05,0.99991935
10081,1,1,1,2.503395e-06,0.9999975,0.9999975
12158,1,1,1,0.16669536,0.83330464,0.83330464
3452,0,0,1,0.9999676,3.2400938e-05,0.9999676
15689,1,1,1,1.1920929e-06,0.9999988,0.9999988
14479,1,1,1,0.00012743473,0.99987257,0.99987257
10545,1,1,1,7.867813e-06,0.99999213,0.99999213
11795,1,1,1,3.8146973e-06,0.9999962,0.9999962
5714,0,0,1,0.9998838,0.00011625442,0.9998838
6944,0,0,1,0.9991035,0.0008964899,0.9991035
18447,1,1,1,6.914139e-06,0.9999931,0.9999931
10266,1,1,1,5.2452087e-06,0.99999475,0.99999475
12303,1,1,1,0.00026851892,0.9997315,0.9997315
9810,0,0,1,0.99999946,5.1286946e-07,0.99999946
13027,1,1,1,8.583069e-06,0.9999914,0.9999914
12922,1,1,1,0.00026851892,0.9997315,0.9997315
10660,1,1,1,1.5735626e-05,0.99998426,0.99998426
6507,0,0,1,0.99730223,0.0026977577,0.99730223
15473,1,1,1,5.2452087e-06,0.99999475,0.99999475
19711,1,1,1,2.861023e-06,0.99999714,0.99999714
3677,0,0,1,0.9998063,0.00019373655,0.9998063
18192,1,1,1,6.92606e-05,0.99993074,0.99993074
3511,0,0,1,0.9999617,3.835473e-05,0.9999617
793,0,0,1,0.99147075,0.008529256,0.99147075
8257,0,0,1,0.9999619,3.808026e-05,0.9999619
11469,1,1,1,3.3974648e-05,0.999966,0.999966
13006,1,1,1,0.00010085106,0.99989915,0.99989915
15134,1,1,1,6.818771e-05,0.9999318,0.9999318
13812,1,1,1,0.0012217164,0.9987783,0.9987783
5209,0,0,1,0.99999076,9.226144e-06,0.99999076
13811,1,1,1,2.1457672e-06,0.99999785,0.99999785
19713,1,1,1,2.3841858e-06,0.9999976,0.9999976
14310,1,1,1,1.7881393e-06,0.9999982,0.9999982
8435,0,0,1,0.9999998,1.9479837e-07,0.9999998
11798,1,1,1,3.9339066e-06,0.99999607,0.99999607
17634,1,1,1,1.0967255e-05,0.99998903,0.99998903
11466,1,1,1,1.0728836e-05,0.9999893,0.9999893
12545,1,1,1,8.46386e-06,0.99999154,0.99999154
1387,0,0,1,0.9979936,0.0020064046,0.9979936
14299,1,1,1,1.1920929e-06,0.9999988,0.9999988
7861,0,0,1,0.99999607,3.9154897e-06,0.99999607
4807,0,0,1,0.99994934,5.0679842e-05,0.99994934
19201,1,1,1,4.7683716e-07,0.9999995,0.9999995
238,0,0,1,0.98219025,0.017809736,0.98219025
10244,1,1,1,2.503395e-06,0.9999975,0.9999975
12103,1,1,1,3.0994415e-06,0.9999969,0.9999969
3336,0,0,1,0.99976695,0.00023307806,0.99976695
2959,0,0,1,0.9961429,0.0038570855,0.9961429
4836,0,0,1,0.9983647,0.0016353055,0.9983647
2753,0,0,1,0.9992121,0.00078789867,0.9992121
17676,1,1,1,1.7642975e-05,0.99998236,0.99998236
12473,1,1,1,2.861023e-06,0.99999714,0.99999714
1192,0,0,1,0.9999354,6.463182e-05,0.9999354
2142,0,0,1,0.9999941,5.919287e-06,0.9999941
12773,1,1,1,2.1457672e-06,0.99999785,0.99999785
1680,0,0,1,0.9999535,4.6464913e-05,0.9999535
10941,1,1,1,0.00012516975,0.99987483,0.99987483
19397,1,1,1,5.722046e-06,0.9999943,0.9999943
191,0,0,1,0.9922328,0.0077671744,0.9922328
11406,1,1,1,0.00034201145,0.999658,0.999658
10650,1,1,1,2.503395e-06,0.9999975,0.9999975
14597,1,1,1,8.416176e-05,0.99991584,0.99991584
6107,0,0,1,0.99952894,0.00047105583,0.99952894
5259,0,0,1,0.999903,9.695274e-05,0.999903
6802,0,0,1,0.9989302,0.0010697927,0.9989302
18177,1,1,1,4.1484833e-05,0.9999585,0.9999585
9442,0,0,1,0.99999726,2.7476524e-06,0.99999726
6982,0,0,1,0.99980444,0.00019554303,0.99980444
17651,1,1,1,0.05079186,0.94920814,0.94920814
15041,1,1,1,9.536743e-06,0.99999046,0.99999046
13008,1,1,1,2.69413e-05,0.99997306,0.99997306
12165,1,1,1,0.00053852797,0.9994615,0.9994615
3174,0,0,1,0.99952453,0.0004754465,0.99952453
17714,1,1,1,0.00043791533,0.9995621,0.9995621
515,0,0,1,0.999749,0.0002509967,0.999749
12988,1,1,1,3.0994415e-06,0.9999969,0.9999969
13746,1,1,1,3.0994415e-06,0.9999969,0.9999969
5135,0,0,1,0.87691265,0.123087354,0.87691265
12257,1,1,1,1.6331673e-05,0.99998367,0.99998367
17060,1,0,0,0.86225015,0.13774987,0.86225015
14995,1,1,1,0.00091552734,0.9990845,0.9990845
12396,1,1,1,6.556511e-06,0.99999344,0.99999344
3637,0,0,1,0.9998016,0.0001984247,0.9998016
10649,1,1,1,9.059906e-06,0.99999094,0.99999094
4389,0,0,1,0.99987996,0.00012007326,0.99987996
13356,1,1,1,6.1154366e-05,0.99993885,0.99993885
13691,1,1,1,8.559227e-05,0.9999144,0.9999144
9046,0,0,1,0.9999987,1.2908315e-06,0.9999987
8998,0,0,1,0.999997,2.9920345e-06,0.999997
2897,0,0,1,0.9998098,0.00019022441,0.9998098
3156,0,0,1,0.70221204,0.29778796,0.70221204
12187,1,1,1,0.00046277046,0.9995372,0.9995372
2244,0,0,1,0.99933994,0.000660084,0.99933994
513,0,0,1,0.99899656,0.0010034527,0.99899656
9710,0,0,1,0.9999997,3.021248e-07,0.9999997
7391,0,0,1,0.99960005,0.00039995933,0.99960005
14681,1,1,1,2.3841858e-07,0.99999976,0.99999976
8520,0,0,1,0.99999857,1.4575457e-06,0.99999857
15897,1,1,1,6.0796738e-06,0.9999939,0.9999939
9134,0,0,1,0.99999803,1.9391252e-06,0.99999803
11857,1,1,1,0.00042062998,0.99957937,0.99957937
11981,1,1,1,1.6212463e-05,0.9999838,0.9999838
3305,0,0,1,0.9972899,0.0027101068,0.9972899
3005,0,0,1,0.99964005,0.00035996578,0.99964005
9283,0,0,1,0.9999998,2.06312e-07,0.9999998
15244,1,1,1,1.7404556e-05,0.9999826,0.9999826
9968,0,0,1,0.9999999,1.1836752e-07,0.9999999
1241,0,0,1,0.9999918,8.2346505e-06,0.9999918
9793,0,0,1,0.9999997,2.8210022e-07,0.9999997
8235,0,0,1,0.9999976,2.3622233e-06,0.9999976
1736,0,0,1,0.996129,0.0038710453,0.996129
9727,0,0,1,0.99999857,1.4395322e-06,0.99999857
7267,0,0,1,0.9997958,0.00020419556,0.9997958
3187,0,0,1,0.99970394,0.0002960556,0.99970394
7006,0,0,1,0.9997128,0.0002871537,0.9997128
3031,0,0,1,0.9992539,0.0007460546,0.9992539
4832,0,0,1,0.99896157,0.0010384327,0.99896157
4400,0,0,1,0.99781996,0.0021800532,0.99781996
2027,0,0,1,0.9994412,0.0005587733,0.9994412
7058,0,0,1,0.9995219,0.00047808528,0.9995219
19750,1,1,1,2.6226044e-05,0.9999738,0.9999738
7762,0,0,1,0.9999996,4.1555666e-07,0.9999996
4444,0,0,1,0.810372,0.18962803,0.810372
15295,1,0,0,0.9185628,0.08143716,0.9185628
9269,0,0,1,0.99999887,1.1087349e-06,0.99999887
15842,1,1,1,2.3841858e-07,0.99999976,0.99999976
15419,1,1,1,1.9073486e-06,0.9999981,0.9999981
2372,0,0,1,0.99715286,0.0028471223,0.99715286
2193,0,0,1,0.99998635,1.36524595e-05,0.99998635
4452,0,0,1,0.94883615,0.05116387,0.94883615
6942,0,0,1,0.99364305,0.0063569443,0.99364305
1708,0,0,1,0.9378337,0.062166255,0.9378337
6003,0,0,1,0.99994826,5.1750918e-05,0.99994826
117,0,0,1,0.9999551,4.486565e-05,0.9999551
9771,0,0,1,0.9999132,8.68e-05,0.9999132
19844,1,1,1,6.67572e-06,0.9999933,0.9999933
1060,0,0,1,0.96865815,0.031341847,0.96865815
729,0,0,1,0.9999154,8.456231e-05,0.9999154
14626,1,1,1,0.0024158955,0.9975841,0.9975841
15550,1,1,1,1.1920929e-07,0.9999999,0.9999999
18518,1,1,1,6.3061714e-05,0.99993694,0.99993694
985,0,0,1,0.99533683,0.004663197,0.99533683
7124,0,0,1,0.9994051,0.0005949337,0.9994051
6266,0,0,1,0.9999628,3.721956e-05,0.9999628
11254,1,1,1,3.5762787e-06,0.9999964,0.9999964
16853,1,1,1,1.1563301e-05,0.99998844,0.99998844
13067,1,1,1,1.9073486e-06,0.9999981,0.9999981
2490,0,0,1,0.99279135,0.007208668,0.99279135
1844,0,0,1,0.9996218,0.0003781985,0.9996218
7668,0,0,1,0.9999989,1.0909597e-06,0.9999989
10125,1,1,1,1.5735626e-05,0.99998426,0.99998426
8889,0,0,1,0.9999899,1.0058619e-05,0.9999899
761,0,0,1,0.99998474,1.5262645e-05,0.99998474
18453,1,1,1,4.029274e-05,0.9999597,0.9999597
9290,0,0,1,0.99999756,2.4416863e-06,0.99999756
8365,0,0,1,0.99999964,3.7028536e-07,0.99999964
664,0,0,1,0.998626,0.0013739804,0.998626
10307,1,1,1,2.0980835e-05,0.999979,0.999979
16410,1,1,1,0.019851804,0.9801482,0.9801482
14814,1,1,1,1.5497208e-06,0.99999845,0.99999845
17151,1,1,1,0.00077307224,0.9992269,0.9992269
1928,0,0,1,0.99961454,0.00038548952,0.99961454
4972,0,0,1,0.997028,0.0029720326,0.997028
16894,1,0,0,0.98985106,0.010148924,0.98985106
1842,0,0,1,0.95789087,0.042109113,0.95789087
1995,0,0,1,0.999821,0.00017900851,0.999821
19901,1,1,1,4.6491623e-06,0.99999535,0.99999535
12582,1,1,1,4.887581e-06,0.9999951,0.9999951
15582,1,1,1,4.7683716e-07,0.9999995,0.9999995
7425,0,0,1,0.99814457,0.0018554494,0.99814457
5368,0,0,1,0.9989109,0.001089086,0.9989109
10868,1,1,1,2.1457672e-05,0.99997854,0.99997854
11742,1,1,1,3.8146973e-06,0.9999962,0.9999962
3010,0,0,1,0.99993366,6.63672e-05,0.99993366
2718,0,0,1,0.9998849,0.00011509646,0.9998849
11264,1,1,1,1.168251e-05,0.9999883,0.9999883
2455,0,0,1,0.9998672,0.0001327797,0.9998672
6723,0,0,1,0.9889568,0.01104321,0.9889568
14230,1,1,1,9.536743e-06,0.99999046,0.99999046
6807,0,0,1,0.9998529,0.00014708003,0.9998529
11776,1,1,1,4.6491623e-06,0.99999535,0.99999535
3180,0,0,1,0.9972142,0.0027858273,0.9972142
17280,1,1,1,0.013966739,0.98603326,0.98603326
7864,0,0,1,0.99998975,1.02337035e-05,0.99998975
19684,1,1,1,1.21593475e-05,0.99998784,0.99998784
8358,0,0,1,0.99999857,1.4050581e-06,0.99999857
19025,1,1,1,1.5497208e-06,0.99999845,0.99999845
18894,1,1,1,1.9073486e-06,0.9999981,0.9999981
7492,0,0,1,0.9999995,5.010295e-07,0.9999995
3673,0,0,1,0.99804485,0.0019551262,0.99804485
13146,1,1,1,3.85046e-05,0.9999615,0.9999615
895,0,0,1,0.9965739,0.0034260512,0.9965739
12978,1,1,1,0.0033890605,0.99661094,0.99661094
4466,0,0,1,0.9999341,6.593572e-05,0.9999341
8996,0,0,1,0.99999464,5.3466897e-06,0.99999464
13028,1,1,1,0.00056654215,0.99943346,0.99943346
9094,0,0,1,0.9999276,7.244711e-05,0.9999276
2840,0,0,1,0.9363292,0.06367083,0.9363292
7731,0,0,1,0.99997354,2.6480542e-05,0.99997354
12638,1,1,1,4.4107437e-06,0.9999956,0.9999956
16892,1,0,0,0.99983037,0.00016964498,0.99983037
3037,0,1,0,0.16800213,0.8319979,0.8319979
2960,0,0,1,0.99906576,0.0009342337,0.99906576
4785,0,0,1,0.9999549,4.5138982e-05,0.9999549
11886,1,1,1,7.987022e-06,0.999992,0.999992
10749,1,1,1,2.4080276e-05,0.9999759,0.9999759
17444,1,1,1,9.715557e-05,0.99990284,0.99990284
12095,1,1,1,5.698204e-05,0.999943,0.999943
12339,1,1,1,0.00011897087,0.999881,0.999881
18108,1,1,1,0.0001770854,0.9998229,0.9998229
2204,0,0,1,0.9878206,0.012179369,0.9878206
18696,1,1,1,1.0728836e-06,0.9999989,0.9999989
13708,1,1,1,2.2649765e-06,0.99999774,0.99999774
12881,1,1,1,1.1205673e-05,0.9999888,0.9999888
17940,1,1,1,3.2782555e-05,0.9999672,0.9999672
7936,0,0,1,0.999997,2.9656094e-06,0.999997
5388,0,0,1,0.9999079,9.2070324e-05,0.9999079
7634,0,0,1,0.9999988,1.1727226e-06,0.9999988
10426,1,1,1,2.7775764e-05,0.9999722,0.9999722
12,0,1,0,0.39687115,0.60312885,0.60312885
8647,0,0,1,0.9999996,4.4045586e-07,0.9999996
9338,0,0,1,0.999997,2.9983617e-06,0.999997
18489,1,1,1,0.00039702654,0.999603,0.999603
15156,1,1,1,0.00014948845,0.9998505,0.9998505
7209,0,0,1,0.99963504,0.00036494073,0.99963504
9534,0,0,1,0.99999857,1.4524104e-06,0.99999857
7341,0,0,1,0.8947915,0.105208494,0.8947915
10055,1,1,1,0.0002899766,0.99971,0.99971
4749,0,0,1,0.9979736,0.0020263628,0.9979736
18569,1,1,1,3.683567e-05,0.99996316,0.99996316
8357,0,0,1,0.999997,2.959301e-06,0.999997
19386,1,1,1,2.3841858e-06,0.9999976,0.9999976
831,0,0,1,0.9975537,0.002446273,0.9975537
5916,0,0,1,0.9994198,0.0005802034,0.9994198
10268,1,1,1,1.2636185e-05,0.99998736,0.99998736
2044,0,0,1,0.9982508,0.0017491906,0.9982508
15013,1,1,1,5.364418e-06,0.99999464,0.99999464
15195,1,1,1,0.00087207556,0.9991279,0.9991279
15069,1,1,1,0.0009125471,0.99908745,0.99908745
7520,0,0,1,0.9999998,1.81445e-07,0.9999998
2977,0,0,1,0.99939036,0.00060964975,0.99939036
6137,0,0,1,0.99999815,1.8711771e-06,0.99999815
13861,1,1,1,2.3722649e-05,0.9999763,0.9999763
16413,1,0,0,0.98296154,0.01703848,0.98296154
505,0,0,1,0.9999689,3.112108e-05,0.9999689
10911,1,1,1,9.894371e-06,0.9999901,0.9999901
996,0,0,1,0.9781984,0.021801561,0.9781984
3770,0,0,1,0.99997324,2.6766193e-05,0.99997324
19024,1,1,1,0.0019965768,0.9980034,0.9980034
7843,0,0,1,0.9999983,1.7255938e-06,0.9999983
16248,1,0,0,0.51770633,0.48229367,0.51770633
8777,0,0,1,0.9999998,1.5971044e-07,0.9999998
11371,1,1,1,1.0728836e-05,0.9999893,0.9999893
6883,0,0,1,0.99955463,0.00044534125,0.99955463
7917,0,0,1,0.9999986,1.3988624e-06,0.9999986
18690,1,1,1,0.0006377101,0.9993623,0.9993623
2561,0,0,1,0.9967251,0.0032749074,0.9967251
6834,0,0,1,0.9996852,0.00031475918,0.9996852
17598,1,1,1,0.00805068,0.9919493,0.9919493
13972,1,1,1,0.0026896,0.9973104,0.9973104
12588,1,1,1,2.861023e-06,0.99999714,0.99999714
4850,0,0,1,0.99959403,0.00040597745,0.99959403
4531,0,0,1,0.9994342,0.0005658352,0.9994342
19558,1,1,1,1.3232231e-05,0.99998677,0.99998677
11962,1,1,1,2.3245811e-05,0.99997675,0.99997675
5955,0,0,1,0.99958754,0.00041248932,0.99958754
12711,1,1,1,4.2915344e-06,0.9999957,0.9999957
5223,0,0,1,0.9999844,1.5599273e-05,0.9999844
10419,1,1,1,4.7683716e-06,0.99999523,0.99999523
14639,1,1,1,0.00062543154,0.99937457,0.99937457
3230,0,0,1,0.99999195,8.038207e-06,0.99999195
779,0,0,1,0.9998867,0.00011332372,0.9998867
1735,0,0,1,0.99967766,0.00032232862,0.99967766
10242,1,1,1,8.34465e-06,0.99999166,0.99999166
4870,0,0,1,0.9990707,0.0009292778,0.9990707
6470,0,0,1,0.99030524,0.009694761,0.99030524
6020,0,0,1,0.99922216,0.0007778306,0.99922216
9986,0,0,1,0.9999964,3.604643e-06,0.9999964
19505,1,1,1,9.059906e-06,0.99999094,0.99999094
14518,1,1,1,0.0,1.0,1.0
6564,0,0,1,0.999921,7.895262e-05,0.999921
9707,0,0,1,0.9999969,3.0794401e-06,0.9999969
18628,1,1,1,5.054474e-05,0.99994946,0.99994946
8914,0,0,1,0.9999996,4.0349912e-07,0.9999996
39,0,0,1,0.9763878,0.023612175,0.9763878
13174,1,1,1,6.890297e-05,0.9999311,0.9999311
11089,1,1,1,1.4781952e-05,0.9999852,0.9999852
672,0,0,1,0.9996534,0.00034661344,0.9996534
15848,1,1,1,1.1920929e-06,0.9999988,0.9999988
4331,0,0,1,0.99946225,0.00053776364,0.99946225
727,0,0,1,0.9983418,0.0016582246,0.9983418
15784,1,1,1,5.9604645e-07,0.9999994,0.9999994
14403,1,1,1,0.0,1.0,1.0
19841,1,1,1,7.593632e-05,0.99992406,0.99992406
11337,1,1,1,3.2186508e-06,0.9999968,0.9999968
9719,0,0,1,0.9999991,8.841226e-07,0.9999991
16691,1,1,1,0.0015197396,0.99848026,0.99848026
13175,1,1,1,3.2186508e-06,0.9999968,0.9999968
3418,0,0,1,0.9966253,0.0033747146,0.9966253
18955,1,1,1,9.441376e-05,0.9999056,0.9999056
2057,0,0,1,0.9031136,0.096886426,0.9031136
12278,1,1,1,0.000336051,0.99966395,0.99966395
11104,1,1,1,2.0861626e-05,0.99997914,0.99997914
15824,1,1,1,1.1920929e-07,0.9999999,0.9999999
16754,1,0,0,0.9964578,0.0035421601,0.9964578
9454,0,0,1,0.99999726,2.7235076e-06,0.99999726
6494,0,0,1,0.9994994,0.0005006147,0.9994994
396,0,0,1,0.9995573,0.00044269548,0.9995573
14407,1,1,1,7.1525574e-07,0.9999993,0.9999993
10715,1,1,1,1.3589859e-05,0.9999864,0.9999864
15223,1,1,1,0.0049485564,0.99505144,0.99505144
11730,1,1,1,2.7418137e-06,0.99999726,0.99999726
16833,1,1,1,0.0023795962,0.9976204,0.9976204
6048,0,0,1,0.99971986,0.00028014634,0.99971986
14431,1,1,1,0.00027924776,0.99972075,0.99972075
2968,0,0,1,0.99731654,0.0026834882,0.99731654
2740,0,0,1,0.94180816,0.05819184,0.94180816
7850,0,0,1,0.99999225,7.73305e-06,0.99999225
11380,1,1,1,7.033348e-06,0.99999297,0.99999297
18417,1,1,1,0.00046169758,0.9995383,0.9995383
5409,0,0,1,0.9943059,0.0056940783,0.9943059
7514,0,0,1,0.9999929,7.085281e-06,0.9999929
11483,1,1,1,2.4676323e-05,0.9999753,0.9999753
6270,0,0,1,0.99977696,0.00022303984,0.99977696
15698,1,1,1,4.2915344e-06,0.9999957,0.9999957
12586,1,1,1,4.4107437e-06,0.9999956,0.9999956
11769,1,1,1,4.172325e-06,0.9999958,0.9999958
2107,0,0,1,0.9996196,0.00038037958,0.9996196
9405,0,0,1,0.9999956,4.43773e-06,0.9999956
3702,0,0,1,0.99989265,0.000107352425,0.99989265
18170,1,1,1,1.168251e-05,0.9999883,0.9999883
7833,0,0,1,0.9999996,3.9358224e-07,0.9999996
6820,0,0,1,0.70333827,0.29666173,0.70333827
6103,0,1,0,0.0283643,0.9716357,0.9716357
8546,0,0,1,0.9999999,1.4748026e-07,0.9999999
14730,1,1,1,7.867813e-06,0.99999213,0.99999213
4062,0,0,1,0.99970096,0.0002990202,0.99970096
17737,1,1,1,0.0020730495,0.99792695,0.99792695
18674,1,1,1,7.748604e-06,0.99999225,0.99999225
7271,0,0,1,0.99993664,6.3334264e-05,0.99993664
5180,0,0,1,0.99998796,1.2056894e-05,0.99998796
15637,1,1,1,4.172325e-06,0.9999958,0.9999958
17568,1,1,1,6.67572e-06,0.9999933,0.9999933
13099,1,1,1,2.4199486e-05,0.9999758,0.9999758
9004,0,0,1,0.9999998,1.6469143e-07,0.9999998
19046,1,1,1,1.1920929e-06,0.9999988,0.9999988
14203,1,1,1,1.1920929e-07,0.9999999,0.9999999
18420,1,0,0,0.958812,0.041187987,0.958812
19253,1,1,1,2.861023e-06,0.99999714,0.99999714
3148,0,0,1,0.87997246,0.12002754,0.87997246
2512,0,0,1,0.9996158,0.00038421096,0.9996158
5751,0,0,1,0.9970723,0.002927695,0.9970723
2531,0,0,1,0.9996906,0.0003094079,0.9996906
2497,0,0,1,0.99986273,0.00013727961,0.99986273
4918,0,0,1,0.99999666,3.362151e-06,0.99999666
4600,0,0,1,0.99728125,0.002718722,0.99728125
1292,0,0,1,0.9999839,1.6095175e-05,0.9999839
9493,0,0,1,0.99999464,5.336115e-06,0.99999464
10491,1,1,1,1.8000603e-05,0.999982,0.999982
981,0,0,1,0.9941508,0.005849198,0.9941508
17132,1,1,1,0.45584548,0.5441545,0.5441545
5496,0,0,1,0.89391446,0.10608556,0.89391446
11662,1,1,1,2.3841858e-06,0.9999976,0.9999976
14968,1,1,1,0.00043147802,0.9995685,0.9995685
17668,1,1,1,0.0037974715,0.9962025,0.9962025
15133,1,1,1,0.018071413,0.9819286,0.9819286
18267,1,1,1,2.1219254e-05,0.9999788,0.9999788
6017,0,0,1,0.99944633,0.0005536468,0.99944633
6899,0,0,1,0.99944156,0.0005584565,0.99944156
12849,1,1,1,0.00022262335,0.9997774,0.9997774
1623,0,0,1,0.99962556,0.0003744196,0.99962556
17487,1,1,1,9.059906e-06,0.99999094,0.99999094
9152,0,0,1,0.9999994,5.9714614e-07,0.9999994
16903,1,1,1,0.016430795,0.9835692,0.9835692
9209,0,0,1,0.9999998,1.6219812e-07,0.9999998
1626,0,0,1,0.5581753,0.44182467,0.5581753
776,0,0,1,0.9305979,0.06940208,0.9305979
5123,0,0,1,0.99997914,2.0862879e-05,0.99997914
15690,1,1,1,1.8715858e-05,0.9999813,0.9999813
4290,0,0,1,0.9977577,0.0022422993,0.9977577
12044,1,1,1,0.0001347065,0.9998653,0.9998653
12890,1,1,1,1.8119812e-05,0.9999819,0.9999819
13135,1,1,1,1.0609627e-05,0.9999894,0.9999894
8902,0,0,1,0.9999985,1.5003351e-06,0.9999985
7042,0,0,1,0.99295515,0.0070448676,0.99295515
9747,0,0,1,0.9999976,2.4077206e-06,0.9999976
8173,0,0,1,0.99999964,3.453326e-07,0.99999964
6354,0,0,1,0.84131134,0.15868868,0.84131134
2839,0,0,1,0.9990096,0.0009903782,0.9990096
17866,1,1,1,3.159046e-05,0.9999684,0.9999684
10219,1,1,1,7.867813e-06,0.99999213,0.99999213
11932,1,1,1,3.9339066e-06,0.99999607,0.99999607
18522,1,1,1,1.7762184e-05,0.99998224,0.99998224
7495,0,0,1,0.9999998,1.5928377e-07,0.9999998
2144,0,0,1,0.9838828,0.016117228,0.9838828
8320,0,0,1,0.999996,4.0120826e-06,0.999996
18135,1,1,1,3.33786e-06,0.99999666,0.99999666
2470,0,0,1,0.9997113,0.00028874516,0.9997113
2876,0,0,1,0.9999659,3.40642e-05,0.9999659
155,0,0,1,0.99389565,0.006104328,0.99389565
9218,0,0,1,0.9999995,4.70979e-07,0.9999995
19211,1,0,0,0.8809784,0.1190216,0.8809784
14107,1,1,1,0.0,1.0,1.0
4730,0,0,1,0.99709177,0.0029082196,0.99709177
8229,0,0,1,0.98224574,0.017754244,0.98224574
2970,0,0,1,0.999899,0.000100983554,0.999899
7407,0,0,1,0.9999911,8.895533e-06,0.9999911
4022,0,0,1,0.99839336,0.0016066511,0.99839336
12011,1,1,1,0.0018850565,0.99811494,0.99811494
11305,1,1,1,3.4570694e-06,0.99999654,0.99999654
12623,1,1,1,4.2915344e-06,0.9999957,0.9999957
8806,0,0,1,0.99996686,3.3151635e-05,0.99996686
9473,0,0,1,0.9999999,1.4116283e-07,0.9999999
6611,0,1,0,0.108397126,0.8916029,0.8916029
10026,1,1,1,8.940697e-06,0.99999106,0.99999106
15665,1,1,1,0.0006209612,0.99937904,0.99937904
10786,1,1,1,2.2053719e-05,0.99997795,0.99997795
17965,1,1,1,0.00040060282,0.9995994,0.9995994
12757,1,1,1,2.336502e-05,0.99997663,0.99997663
9920,0,0,1,0.9999994,5.8318483e-07,0.9999994
2780,0,0,1,0.99908364,0.00091636524,0.99908364
9696,0,0,1,0.9999976,2.3644186e-06,0.9999976
12206,1,1,1,5.698204e-05,0.999943,0.999943
7185,0,0,1,0.99998623,1.3762975e-05,0.99998623
3043,0,0,1,0.9997778,0.00022223173,0.9997778
4544,0,0,1,0.7275741,0.27242592,0.7275741
5294,0,0,1,0.99851,0.001489977,0.99851
8578,0,0,1,0.9999996,3.9269332e-07,0.9999996
18854,1,1,1,1.0728836e-06,0.9999989,0.9999989
4213,0,0,1,0.9999494,5.0615843e-05,0.9999494
1797,0,0,1,0.9970065,0.0029934961,0.9970065
15341,1,1,1,8.106232e-06,0.9999919,0.9999919
17302,1,1,1,0.000104665756,0.99989533,0.99989533
3713,0,0,1,0.99722433,0.0027756696,0.99722433
13713,1,1,1,2.7418137e-06,0.99999726,0.99999726
3726,0,0,1,0.99993426,6.573206e-05,0.99993426
19204,1,1,1,3.5762787e-07,0.99999964,0.99999964
9092,0,0,1,0.9999989,1.0498894e-06,0.9999989
4821,0,0,1,0.99995756,4.244047e-05,0.99995756
7669,0,0,1,0.99999887,1.118355e-06,0.99999887
2420,0,0,1,0.93289316,0.06710682,0.93289316
3301,0,0,1,0.9998254,0.00017458411,0.9998254
14666,1,0,0,0.9708805,0.029119466,0.9708805
4019,0,0,1,0.9999305,6.949771e-05,0.9999305
6284,0,0,1,0.99967086,0.00032911377,0.99967086
15373,1,1,1,9.775162e-06,0.9999902,0.9999902
19890,1,1,1,4.339218e-05,0.9999566,0.9999566
4283,0,0,1,0.99482495,0.005175073,0.99482495
5302,0,0,1,0.99792194,0.0020780643,0.99792194
19072,1,1,1,9.536743e-07,0.99999905,0.99999905
4613,0,0,1,0.9999652,3.479455e-05,0.9999652
9354,0,0,1,0.99999976,2.4549786e-07,0.99999976
7491,0,0,1,0.9991469,0.0008531014,0.9991469
13386,1,1,1,0.0012459755,0.998754,0.998754
482,0,0,1,0.99990773,9.223835e-05,0.99990773
3242,0,0,1,0.9999684,3.1583128e-05,0.9999684
7286,0,0,1,0.99995404,4.5928995e-05,0.99995404
17505,1,1,1,5.877018e-05,0.99994123,0.99994123
19174,1,1,1,4.4107437e-06,0.9999956,0.9999956
3073,0,0,1,0.9996634,0.00033656738,0.9996634
2157,0,0,1,0.9964892,0.003510791,0.9964892
7902,0,0,1,0.6471896,0.35281035,0.6471896
10109,1,1,1,3.4570694e-06,0.99999654,0.99999654
11527,1,1,1,1.50203705e-05,0.999985,0.999985
134,0,0,1,0.9994535,0.0005464858,0.9994535
6977,0,0,1,0.99982995,0.00017003673,0.99982995
6767,0,0,1,0.9998914,0.00010858656,0.9998914
9443,0,0,1,0.9999973,2.708712e-06,0.9999973
18756,1,1,1,8.34465e-07,0.99999917,0.99999917
12674,1,1,1,7.033348e-06,0.99999297,0.99999297
7870,0,0,1,0.9999996,4.0496172e-07,0.9999996
1690,0,0,1,0.999986,1.4034876e-05,0.999986
16958,1,1,1,8.416176e-05,0.99991584,0.99991584
1981,0,0,1,0.9969621,0.0030379493,0.9969621
17399,1,1,1,0.008739412,0.9912606,0.9912606
15108,1,1,1,0.15897673,0.84102327,0.84102327
16916,1,0,0,0.99887216,0.0011278689,0.99887216
18810,1,1,1,5.9604645e-07,0.9999994,0.9999994
16232,1,0,0,0.99834746,0.0016525217,0.99834746
2075,0,0,1,0.9985414,0.0014586069,0.9985414
16409,1,0,0,0.9960624,0.0039375857,0.9960624
11378,1,1,1,3.1113625e-05,0.9999689,0.9999689
8634,0,0,1,0.9997507,0.0002493478,0.9997507
16879,1,1,1,0.4046362,0.5953638,0.5953638
11140,1,1,1,5.38826e-05,0.9999461,0.9999461
236,0,0,1,0.9979101,0.0020899444,0.9979101
8796,0,0,1,0.9999995,4.5458611e-07,0.9999995
17332,1,1,1,6.2823296e-05,0.9999372,0.9999372
11410,1,1,1,1.9311905e-05,0.9999807,0.9999807
5593,0,0,1,0.9997861,0.0002138998,0.9997861
8670,0,0,1,0.99997973,2.029502e-05,0.99997973
8323,0,0,1,0.99996316,3.6815083e-05,0.99996316
3175,0,0,1,0.9999485,5.1498464e-05,0.9999485
9034,0,0,1,0.9999982,1.8077204e-06,0.9999982
9729,0,0,1,0.99999964,3.4802645e-07,0.99999964
6864,0,0,1,0.9995459,0.00045411827,0.9995459
10231,1,1,1,8.34465e-06,0.99999166,0.99999166
7675,0,0,1,0.9999367,6.327184e-05,0.9999367
7191,0,0,1,0.99999315,6.8752074e-06,0.99999315
17265,1,1,1,1.7285347e-05,0.9999827,0.9999827
6550,0,0,1,0.9999271,7.2922594e-05,0.9999271
10378,1,1,1,3.0994415e-06,0.9999969,0.9999969
12518,1,1,1,0.0020041466,0.99799585,0.99799585
5244,0,0,1,0.9992738,0.0007262445,0.9992738
8602,0,0,1,0.99999946,5.43274e-07,0.99999946
13774,1,1,1,3.695488e-06,0.9999963,0.9999963
5288,0,0,1,0.9983925,0.0016074568,0.9983925
18215,1,1,1,0.00010347366,0.9998965,0.9998965
11460,1,1,1,2.9563904e-05,0.99997044,0.99997044
8706,0,0,1,0.999999,9.932676e-07,0.999999
6733,0,0,1,0.9912741,0.00872587,0.9912741
1061,0,0,1,0.99996364,3.636666e-05,0.99996364
9688,0,0,1,0.9999999,1.3261767e-07,0.9999999
6997,0,0,1,0.9997526,0.00024744062,0.9997526
8568,0,0,1,0.99999934,6.357006e-07,0.99999934
15557,1,1,1,0.0,1.0,1.0
6800,0,0,1,0.99866056,0.0013394527,0.99866056
16719,1,1,1,0.00022226572,0.99977773,0.99977773
10379,1,1,1,3.5762787e-06,0.9999964,0.9999964
9214,0,0,1,0.99999774,2.2445681e-06,0.99999774
646,0,0,1,0.9999586,4.143406e-05,0.9999586
7219,0,1,0,0.031464815,0.9685352,0.9685352
10014,1,1,1,1.3232231e-05,0.99998677,0.99998677
19088,1,1,1,2.0503998e-05,0.9999795,0.9999795
10788,1,1,1,1.5497208e-05,0.9999845,0.9999845
10566,1,1,1,2.9802322e-06,0.999997,0.999997
1543,0,0,1,0.99857515,0.001424865,0.99857515
7456,0,0,1,0.9999704,2.9615498e-05,0.9999704
14662,1,1,1,1.1444092e-05,0.99998856,0.99998856
14449,1,1,1,2.2649765e-06,0.99999774,0.99999774
14648,1,1,1,2.6226044e-06,0.9999974,0.9999974
3473,0,0,1,0.9999838,1.6209038e-05,0.9999838
10235,1,1,1,7.2717667e-06,0.9999927,0.9999927
12005,1,1,1,5.364418e-06,0.99999464,0.99999464
7805,0,0,1,0.9999924,7.654971e-06,0.9999924
5778,0,0,1,0.9998073,0.00019270941,0.9998073
2434,0,0,1,0.9998869,0.000113120084,0.9998869
16976,1,0,0,0.9975587,0.0024412887,0.9975587
620,0,0,1,0.99980956,0.00019044674,0.99980956
2734,0,0,1,0.9845337,0.015466261,0.9845337
19193,1,1,1,2.2649765e-06,0.99999774,0.99999774
16829,1,1,1,0.0012318492,0.99876815,0.99876815
8838,0,0,1,0.9999851,1.4907898e-05,0.9999851
16963,1,0,0,0.9869656,0.013034414,0.9869656
633,0,0,1,0.9991017,0.0008982924,0.9991017
6543,0,0,1,0.9997328,0.00026721953,0.9997328
12509,1,1,1,6.0796738e-06,0.9999939,0.9999939
8850,0,0,1,0.99999946,5.5413227e-07,0.99999946
13759,1,1,1,3.8146973e-06,0.9999962,0.9999962
18685,1,1,1,9.405613e-05,0.99990594,0.99990594
16747,1,0,0,0.70967406,0.29032594,0.70967406
1410,0,0,1,0.99903804,0.00096198707,0.99903804
17118,1,1,1,1.21593475e-05,0.99998784,0.99998784
1388,0,0,1,0.77698654,0.22301345,0.77698654
10347,1,1,1,1.9907951e-05,0.9999801,0.9999801
1343,0,0,1,0.99993694,6.303438e-05,0.99993694
5797,0,0,1,0.9997895,0.00021055095,0.9997895
1049,0,0,1,0.99343485,0.0065651387,0.99343485
6090,0,0,1,0.99903804,0.0009619334,0.99903804
14600,1,1,1,0.0,1.0,1.0
11272,1,1,1,3.5762787e-06,0.9999964,0.9999964
17647,1,1,1,0.00016987324,0.9998301,0.9998301
7405,0,0,1,0.999727,0.000272987,0.999727
526,0,0,1,0.9999099,9.010313e-05,0.9999099
717,0,0,1,0.99749374,0.0025062677,0.99749374
13337,1,1,1,3.5762787e-06,0.9999964,0.9999964
5189,0,0,1,0.99991417,8.580626e-05,0.99991417
5576,0,0,1,0.99998546,1.4544115e-05,0.99998546
5391,0,0,1,0.99958724,0.0004127798,0.99958724
13476,1,1,1,3.015995e-05,0.99996984,0.99996984
9348,0,0,1,0.99999475,5.2624623e-06,0.99999475
14503,1,1,1,0.00042766333,0.99957234,0.99957234
15308,1,1,1,0.00085258484,0.9991474,0.9991474
13956,1,1,1,3.5762787e-07,0.99999964,0.99999964
17075,1,0,0,0.99687773,0.0031222694,0.99687773
2126,0,0,1,0.8953757,0.10462426,0.8953757
5542,0,0,1,0.9995959,0.00040412287,0.9995959
4800,0,0,1,0.8924765,0.107523516,0.8924765
5645,0,0,1,0.99991536,8.465171e-05,0.99991536
14573,1,1,1,0.0,1.0,1.0
17854,1,1,1,6.532669e-05,0.9999347,0.9999347
2745,0,0,1,0.9999811,1.8889574e-05,0.9999811
13648,1,1,1,2.6226044e-06,0.9999974,0.9999974
16067,1,0,0,0.9735764,0.026423555,0.9735764
14714,1,1,1,1.1920929e-07,0.9999999,0.9999999
5676,0,0,1,0.9862859,0.013714068,0.9862859
13224,1,1,1,0.0037463903,0.9962536,0.9962536
1266,0,0,1,0.99997824,2.1735255e-05,0.99997824
17423,1,1,1,9.012222e-05,0.9999099,0.9999099
9801,0,0,1,0.99987334,0.00012667639,0.99987334
15340,1,1,1,0.0044050813,0.9955949,0.9955949
12725,1,1,1,7.867813e-06,0.99999213,0.99999213
14395,1,1,1,0.00028675795,0.99971324,0.99971324
8990,0,0,1,0.9999972,2.830536e-06,0.9999972
11740,1,1,1,3.2186508e-06,0.9999968,0.9999968
18724,1,1,1,3.540516e-05,0.9999646,0.9999646
8165,0,0,1,0.9999994,6.1683414e-07,0.9999994
3068,0,0,1,0.9999893,1.0699244e-05,0.9999893
18703,1,1,1,1.0251999e-05,0.99998975,0.99998975
19529,1,1,1,3.9339066e-05,0.99996066,0.99996066
15937,1,1,1,4.172325e-06,0.9999958,0.9999958
14983,1,1,1,0.36723715,0.63276285,0.63276285
2976,0,0,1,0.99989694,0.0001030745,0.99989694
8408,0,0,1,0.9999999,9.678257e-08,0.9999999
17051,1,1,1,0.00017023087,0.99982977,0.99982977
1855,0,0,1,0.9998271,0.00017288349,0.9998271
15073,1,1,1,0.13333648,0.8666635,0.8666635
19526,1,1,1,6.914139e-06,0.9999931,0.9999931
11358,1,1,1,5.841255e-06,0.99999416,0.99999416
6961,0,0,1,0.99987596,0.00012401173,0.99987596
5896,0,0,1,0.998263,0.0017369747,0.998263
11674,1,1,1,5.9604645e-06,0.99999404,0.99999404
16929,1,0,0,0.77409106,0.22590894,0.77409106
8550,0,0,1,0.99999934,6.51475e-07,0.99999934
5257,0,0,1,0.9218314,0.07816855,0.9218314
14393,1,1,1,0.0001142025,0.9998858,0.9998858
17466,1,1,1,0.000109910965,0.9998901,0.9998901
9320,0,0,1,0.99999994,6.294916e-08,0.99999994
65,0,0,1,0.99997973,2.0239471e-05,0.99997973
17540,1,0,0,0.87301564,0.12698436,0.87301564
11435,1,1,1,0.00015223026,0.99984777,0.99984777
823,0,0,1,0.9993956,0.00060439133,0.9993956
19048,1,1,1,7.1525574e-07,0.9999993,0.9999993
3377,0,0,1,0.9999173,8.2642044e-05,0.9999173
11577,1,1,1,4.2915344e-06,0.9999957,0.9999957
11746,1,1,1,6.198883e-06,0.9999938,0.9999938
5233,0,0,1,0.99987483,0.0001251511,0.99987483
12307,1,1,1,3.552437e-05,0.9999645,0.9999645
16933,1,0,0,0.9997432,0.00025678723,0.9997432
10245,1,1,1,6.4373016e-06,0.99999356,0.99999356
19113,1,1,1,3.5762787e-07,0.99999964,0.99999964
3994,0,0,1,0.84710693,0.15289305,0.84710693
12799,1,1,1,0.00013840199,0.9998616,0.9998616
10403,1,1,1,5.2452087e-06,0.99999475,0.99999475
16268,1,0,0,0.9153596,0.0846404,0.9153596
18739,1,1,1,2.5987625e-05,0.999974,0.999974
12697,1,1,1,8.821487e-06,0.9999912,0.9999912
15344,1,1,1,0.027441144,0.97255886,0.97255886
15717,1,1,1,8.034706e-05,0.99991965,0.99991965
9321,0,0,1,0.99984825,0.00015172514,0.99984825
1772,0,0,1,0.9168397,0.08316029,0.9168397
7487,0,0,1,0.9999754,2.463902e-05,0.9999754
17125,1,1,1,8.583069e-06,0.9999914,0.9999914
4427,0,0,1,0.9997032,0.00029678558,0.9997032
16785,1,1,1,0.00688076,0.99311924,0.99311924
11500,1,1,1,5.841255e-06,0.99999416,0.99999416
12952,1,1,1,4.4465065e-05,0.99995553,0.99995553
9205,0,0,1,0.9999984,1.6051177e-06,0.9999984
12334,1,1,1,8.821487e-06,0.9999912,0.9999912
1342,0,0,1,0.7753905,0.22460946,0.7753905
13582,1,1,1,1.4424324e-05,0.9999856,0.9999856
14916,1,1,1,2.3841858e-07,0.99999976,0.99999976
363,0,0,1,0.99929017,0.00070980634,0.99929017
18533,1,1,1,0.00011873245,0.99988127,0.99988127
18610,1,1,1,4.4107437e-06,0.9999956,0.9999956
15735,1,1,1,3.695488e-06,0.9999963,0.9999963
19577,1,1,1,1.0728836e-05,0.9999893,0.9999893
7315,0,0,1,0.9995979,0.00040212032,0.9995979
9720,0,0,1,0.9999992,7.626537e-07,0.9999992
9462,0,0,1,0.99999946,5.097837e-07,0.99999946
11849,1,1,1,9.179115e-06,0.9999908,0.9999908
2344,0,0,1,0.9937506,0.006249439,0.9937506
1391,0,1,0,0.25067055,0.74932945,0.74932945
6966,0,0,1,0.99193394,0.0080660805,0.99193394
11739,1,1,1,6.7949295e-06,0.9999932,0.9999932
2682,0,0,1,0.99997807,2.194474e-05,0.99997807
17097,1,0,0,0.9980502,0.0019498086,0.9980502
4262,0,0,1,0.99989814,0.00010189261,0.99989814
12112,1,1,1,2.861023e-06,0.99999714,0.99999714
14170,1,1,1,1.1920929e-07,0.9999999,0.9999999
12199,1,1,1,1.7166138e-05,0.99998283,0.99998283
11867,1,1,1,4.6491623e-06,0.99999535,0.99999535
988,0,0,1,0.999719,0.0002809983,0.999719
12783,1,1,1,6.3180923e-06,0.9999937,0.9999937
17236,1,0,0,0.6281799,0.37182006,0.6281799
4243,0,0,1,0.99862,0.0013800319,0.99862
16967,1,1,1,3.33786e-05,0.9999666,0.9999666
4931,0,0,1,0.9996673,0.0003327254,0.9996673
14524,1,1,1,3.5762787e-07,0.99999964,0.99999964
3855,0,0,1,0.9996778,0.00032220696,0.9996778
7658,0,0,1,0.99999976,2.6642542e-07,0.99999976
17844,1,1,1,3.683567e-05,0.99996316,0.99996316
5469,0,0,1,0.9980096,0.0019903763,0.9980096
2049,0,0,1,0.9995415,0.00045850518,0.9995415
5773,0,0,1,0.99948,0.00051999436,0.99948
2106,0,0,1,0.99939847,0.0006015346,0.99939847
13413,1,1,1,9.417534e-06,0.9999906,0.9999906
16595,1,1,1,0.09186041,0.9081396,0.9081396
15127,1,1,1,0.029287994,0.970712,0.970712
18117,1,1,1,3.9458275e-05,0.99996054,0.99996054
1302,0,0,1,0.99964553,0.00035448806,0.99964553
1888,0,0,1,0.9995255,0.0004745158,0.9995255
6895,0,0,1,0.9998253,0.00017470085,0.9998253
2422,0,0,1,0.9994854,0.0005146455,0.9994854
1918,0,0,1,0.99992913,7.0867456e-05,0.99992913
4151,0,0,1,0.99955183,0.00044815324,0.99955183
10054,1,1,1,2.4318695e-05,0.9999757,0.9999757
8279,0,0,1,0.99999297,7.039046e-06,0.99999297
17704,1,1,1,2.0861626e-05,0.99997914,0.99997914
15230,1,1,1,0.30468684,0.69531316,0.69531316
2591,0,0,1,0.99910647,0.0008935295,0.99910647
17589,1,1,1,5.841255e-06,0.99999416,0.99999416
18178,1,1,1,0.00041228533,0.9995877,0.9995877
4159,0,0,1,0.9999825,1.7509887e-05,0.9999825
18079,1,1,1,1.1920929e-06,0.9999988,0.9999988
5561,0,0,1,0.99991757,8.244549e-05,0.99991757
11514,1,1,1,1.347065e-05,0.9999865,0.9999865
3554,0,0,1,0.9999792,2.0782516e-05,0.9999792
14771,1,1,1,8.702278e-06,0.9999913,0.9999913
14359,1,1,1,1.1920929e-07,0.9999999,0.9999999
12818,1,1,1,0.0001642704,0.9998357,0.9998357
8220,0,0,1,0.999955,4.4988145e-05,0.999955
15754,1,1,1,4.339218e-05,0.9999566,0.9999566
8916,0,0,1,0.99973804,0.0002619642,0.99973804
11502,1,1,1,0.0003732443,0.99962676,0.99962676
5084,0,0,1,0.9999067,9.3307375e-05,0.9999067
7060,0,0,1,0.9999142,8.575571e-05,0.9999142
4200,0,0,1,0.9995754,0.00042463475,0.9995754
5281,0,1,0,0.16303766,0.83696234,0.83696234
14309,1,1,1,0.0,1.0,1.0
8592,0,0,1,0.9999997,3.2689073e-07,0.9999997
10096,1,1,1,1.0251999e-05,0.99998975,0.99998975
7030,0,0,1,0.9999023,9.7678516e-05,0.9999023
9021,0,0,1,0.9999985,1.5156871e-06,0.9999985
16645,1,1,1,0.41394788,0.5860521,0.5860521
12104,1,1,1,2.682209e-05,0.9999732,0.9999732
10259,1,1,1,3.4570694e-06,0.99999654,0.99999654
5241,0,0,1,0.9999822,1.7820359e-05,0.9999822
2850,0,0,1,0.99937963,0.00062037265,0.99937963
18132,1,1,1,2.2292137e-05,0.9999777,0.9999777
3811,0,0,1,0.9971033,0.0028967352,0.9971033
17299,1,1,1,2.193451e-05,0.99997807,0.99997807
11883,1,1,1,9.298325e-06,0.9999907,0.9999907
5491,0,0,1,0.9999279,7.212596e-05,0.9999279
2552,0,0,1,0.9881332,0.011866795,0.9881332
4893,0,0,1,0.99967253,0.00032745066,0.99967253
1309,0,0,1,0.99212116,0.007878858,0.99212116
3585,0,0,1,0.99960476,0.0003952431,0.99960476
1001,0,0,1,0.99985886,0.00014115889,0.99985886
12928,1,1,1,1.4901161e-05,0.9999851,0.9999851
3029,0,0,1,0.99998605,1.3969471e-05,0.99998605
9837,0,0,1,0.9999946,5.432628e-06,0.9999946
10643,1,1,1,1.4305115e-06,0.99999857,0.99999857
19678,1,1,1,2.7775764e-05,0.9999722,0.9999722
13030,1,1,1,5.209446e-05,0.9999479,0.9999479
3595,0,0,1,0.99985003,0.0001499413,0.99985003
18497,1,1,1,1.847744e-05,0.9999815,0.9999815
11106,1,1,1,2.8848648e-05,0.99997115,0.99997115
17694,1,1,1,0.0021241903,0.9978758,0.9978758
10826,1,1,1,1.2278557e-05,0.9999877,0.9999877
9671,0,0,1,0.9999988,1.1834837e-06,0.9999988
1649,0,0,1,0.9982534,0.001746603,0.9982534
8163,0,0,1,0.99999976,2.2256752e-07,0.99999976
5856,0,0,1,0.99891686,0.0010831538,0.99891686
9241,0,0,1,0.99994045,5.951968e-05,0.99994045
7674,0,0,1,0.9999932,6.7752894e-06,0.9999932
10281,1,1,1,3.0994415e-06,0.9999969,0.9999969
11949,1,1,1,1.9073486e-05,0.9999809,0.9999809
6328,0,0,1,0.99965465,0.00034536133,0.99965465
11409,1,1,1,4.1604042e-05,0.9999584,0.9999584
9008,0,0,1,0.99999946,5.257273e-07,0.99999946
16424,1,1,1,9.512901e-05,0.9999049,0.9999049
2542,0,0,1,0.9998455,0.00015449458,0.9998455
11064,1,1,1,0.00011765957,0.99988234,0.99988234
75,0,0,1,0.9989563,0.0010436574,0.9989563
9693,0,0,1,0.9924168,0.007583178,0.9924168
1572,0,0,1,0.9999269,7.308313e-05,0.9999269
13552,1,1,1,7.748604e-06,0.99999225,0.99999225
1647,0,0,1,0.99995744,4.2570104e-05,0.99995744
10701,1,1,1,1.7881393e-06,0.9999982,0.9999982
10583,1,1,1,9.179115e-06,0.9999908,0.9999908
6669,0,0,1,0.9947597,0.0052403305,0.9947597
15000,1,1,1,0.021187603,0.9788124,0.9788124
2962,0,0,1,0.91414595,0.08585403,0.91414595
15110,1,0,0,0.6859096,0.3140904,0.6859096
6013,0,0,1,0.99752074,0.002479269,0.99752074
19690,1,1,1,2.3841858e-06,0.9999976,0.9999976
17128,1,1,1,1.04904175e-05,0.9999895,0.9999895
6360,0,0,1,0.9970629,0.0029370945,0.9970629
406,0,0,1,0.99837893,0.0016210605,0.99837893
19870,1,1,1,2.026558e-06,0.999998,0.999998
15053,1,1,1,0.07842183,0.92157817,0.92157817
17364,1,1,1,0.20074606,0.79925394,0.79925394
8416,0,0,1,0.9999999,1.1279518e-07,0.9999999
18384,1,1,1,2.8729439e-05,0.9999713,0.9999713
15684,1,1,1,2.3841858e-07,0.99999976,0.99999976
12854,1,1,1,4.887581e-06,0.9999951,0.9999951
16659,1,0,0,0.9999966,3.3808415e-06,0.9999966
13384,1,1,1,1.3232231e-05,0.99998677,0.99998677
5656,0,1,0,0.49866283,0.5013372,0.5013372
11230,1,1,1,1.9073486e-06,0.9999981,0.9999981
13809,1,1,1,6.8068504e-05,0.99993193,0.99993193
1620,0,0,1,0.99963844,0.00036158643,0.99963844
9540,0,0,1,0.99999964,3.3828366e-07,0.99999964
10712,1,1,1,3.8146973e-06,0.9999962,0.9999962
10699,1,1,1,1.0609627e-05,0.9999894,0.9999894
3463,0,0,1,0.9443269,0.055673152,0.9443269
7216,0,0,1,0.9993734,0.0006266178,0.9993734
17316,1,1,1,8.1300735e-05,0.9999187,0.9999187
877,0,0,1,0.99328506,0.0067149596,0.99328506
2892,0,0,1,0.9991051,0.00089490844,0.9991051
18442,1,1,1,1.847744e-05,0.9999815,0.9999815
6468,0,0,1,0.9995575,0.00044248748,0.9995575
9871,0,0,1,0.9999997,2.6937605e-07,0.9999997
833,0,0,1,0.99992734,7.262855e-05,0.99992734
10015,1,1,1,3.4570694e-06,0.99999654,0.99999654
2,0,0,1,0.9980878,0.0019121605,0.9980878
6645,0,0,1,0.9999973,2.685688e-06,0.9999973
6098,0,0,1,0.997401,0.0025989804,0.997401
923,0,0,1,0.9994175,0.0005824918,0.9994175
5812,0,0,1,0.99800646,0.0019935614,0.99800646
13022,1,1,1,5.018711e-05,0.9999498,0.9999498
11747,1,1,1,2.503395e-06,0.9999975,0.9999975
7778,0,0,1,0.9999258,7.418419e-05,0.9999258
8414,0,0,1,0.99999857,1.4244432e-06,0.99999857
6589,0,0,1,0.9997692,0.00023081747,0.9997692
10913,1,1,1,4.3034554e-05,0.99995697,0.99995697
16926,1,0,0,0.8566998,0.14330018,0.8566998
1307,0,0,1,0.99994206,5.795333e-05,0.99994206
7010,0,0,1,0.9950782,0.004921782,0.9950782
2709,0,0,1,0.99997675,2.3256815e-05,0.99997675
9944,0,0,1,0.9999997,3.193695e-07,0.9999997
18058,1,1,1,0.2041297,0.7958703,0.7958703
12606,1,1,1,7.033348e-06,0.99999297,0.99999297
6167,0,0,1,0.9998117,0.00018830539,0.9998117
2879,0,0,1,0.9000878,0.099912226,0.9000878
11240,1,1,1,3.5762787e-06,0.9999964,0.9999964
15002,1,1,1,3.4570694e-06,0.99999654,0.99999654
10729,1,1,1,7.987022e-06,0.999992,0.999992
18650,1,1,1,4.7683716e-07,0.9999995,0.9999995
7175,0,0,1,0.9999305,6.948486e-05,0.9999305
14748,1,1,1,5.1259995e-06,0.9999949,0.9999949
17990,1,1,1,4.4107437e-06,0.9999956,0.9999956
7070,0,0,1,0.99957246,0.0004275434,0.99957246
12913,1,1,1,2.3961067e-05,0.99997604,0.99997604
17504,1,1,1,5.722046e-06,0.9999943,0.9999943
2476,0,0,1,0.99872506,0.0012749424,0.99872506
8208,0,0,1,0.99999523,4.7525677e-06,0.99999523
17544,1,1,1,0.0003591776,0.9996408,0.9996408
14064,1,1,1,7.1525574e-07,0.9999993,0.9999993
5798,0,0,1,0.99871427,0.0012857389,0.99871427
19914,1,1,1,8.583069e-06,0.9999914,0.9999914
17825,1,1,1,3.9458275e-05,0.99996054,0.99996054
95,0,0,1,0.97403365,0.02596636,0.97403365
6610,0,0,1,0.996344,0.0036560595,0.996344
262,0,0,1,0.99992794,7.2063325e-05,0.99992794
11041,1,1,1,1.2636185e-05,0.99998736,0.99998736
4896,0,0,1,0.9920172,0.007982778,0.9920172
5777,0,0,1,0.99982095,0.00017903616,0.99982095
19095,1,1,1,0.000116467476,0.99988353,0.99988353
10488,1,1,1,6.186962e-05,0.99993813,0.99993813
17617,1,1,1,1.4305115e-06,0.99999857,0.99999857
17827,1,1,1,4.196167e-05,0.99995804,0.99995804
9630,0,0,1,0.9999962,3.8214075e-06,0.9999962
2266,0,0,1,0.9874768,0.012523161,0.9874768
8624,0,0,1,0.9999997,2.8587527e-07,0.9999997
12826,1,1,1,2.2053719e-05,0.99997795,0.99997795
10829,1,1,1,0.00010430813,0.9998957,0.9998957
10773,1,1,1,3.8266182e-05,0.99996173,0.99996173
2569,0,0,1,0.9997049,0.00029508595,0.9997049
9489,0,0,1,0.99999934,6.6928874e-07,0.99999934
9640,0,0,1,0.99999964,3.4216418e-07,0.99999964
2915,0,0,1,0.99961627,0.00038376384,0.99961627
15316,1,1,1,3.0517578e-05,0.9999695,0.9999695
4226,0,0,1,0.9991927,0.00080729555,0.9991927
3487,0,0,1,0.99997663,2.3355744e-05,0.99997663
6788,0,0,1,0.99961907,0.00038095875,0.99961907
7438,0,0,1,0.9995144,0.00048559537,0.9995144
10143,1,1,1,5.6028366e-06,0.9999944,0.9999944
10417,1,1,1,1.3232231e-05,0.99998677,0.99998677
17852,1,1,1,4.6491623e-05,0.9999535,0.9999535
14452,1,1,1,7.2717667e-06,0.9999927,0.9999927
3420,0,0,1,0.9995757,0.00042431854,0.9995757
5727,0,0,1,0.99866754,0.0013324895,0.99866754
12951,1,1,1,2.7418137e-06,0.99999726,0.99999726
18708,1,1,1,0.0001206398,0.99987936,0.99987936
16871,1,1,1,0.033219874,0.9667801,0.9667801
4426,0,0,1,0.9941851,0.0058148853,0.9941851
14217,1,1,1,0.0,1.0,1.0
18677,1,1,1,4.8995018e-05,0.999951,0.999951
12748,1,1,1,2.3841858e-06,0.9999976,0.9999976
5882,0,0,1,0.99997556,2.4410287e-05,0.99997556
12262,1,1,1,9.179115e-06,0.9999908,0.9999908
1381,0,0,1,0.9999788,2.1234646e-05,0.9999788
10176,1,1,1,1.4662743e-05,0.99998534,0.99998534
18370,1,1,1,0.00045496225,0.99954504,0.99954504
18254,1,1,1,3.2782555e-05,0.9999672,0.9999672
18249,1,1,1,2.0503998e-05,0.9999795,0.9999795
5006,0,0,1,0.99999845,1.545524e-06,0.99999845
7905,0,0,1,0.99905115,0.00094882824,0.99905115
17784,1,1,1,1.8000603e-05,0.999982,0.999982
7141,0,0,1,0.9982905,0.0017095096,0.9982905
16752,1,1,1,0.0001373291,0.9998627,0.9998627
2121,0,0,1,0.99965054,0.0003494539,0.99965054
14139,1,1,1,1.1920929e-07,0.9999999,0.9999999
12557,1,1,1,0.00014126301,0.99985874,0.99985874
2337,0,0,1,0.9678892,0.032110833,0.9678892
805,0,0,1,0.99940974,0.00059025036,0.99940974
11652,1,1,1,2.9802322e-06,0.999997,0.999997
12372,1,1,1,5.364418e-06,0.99999464,0.99999464
13469,1,1,1,0.0003143549,0.99968565,0.99968565
12776,1,1,1,2.6226044e-06,0.9999974,0.9999974
10223,1,1,1,5.51939e-05,0.9999448,0.9999448
16599,1,1,1,0.27813244,0.72186756,0.72186756
3864,0,0,1,0.9994865,0.00051351724,0.9994865
17653,1,1,1,0.44810796,0.55189204,0.55189204
6950,0,0,1,0.9999445,5.5507822e-05,0.9999445
4469,0,0,1,0.999933,6.697558e-05,0.999933
6586,0,0,1,0.99965155,0.0003484765,0.99965155
1482,0,0,1,0.99984634,0.00015368001,0.99984634
8703,0,0,1,0.99821585,0.0017841493,0.99821585
15628,1,1,1,4.4107437e-06,0.9999956,0.9999956
4726,0,0,1,0.9999893,1.0700223e-05,0.9999893
8663,0,0,1,0.9999995,4.6214436e-07,0.9999995
10489,1,1,1,2.4676323e-05,0.9999753,0.9999753
3714,0,0,1,0.999893,0.00010698342,0.999893
18042,1,1,1,0.0061727166,0.9938273,0.9938273
13531,1,1,1,1.66893e-06,0.99999833,0.99999833
15290,1,1,1,0.3534624,0.6465376,0.6465376
6893,0,0,1,0.9998594,0.00014060648,0.9998594
4905,0,0,1,0.9952228,0.0047771693,0.9952228
12938,1,1,1,5.4240227e-05,0.99994576,0.99994576
601,0,0,1,0.9994733,0.0005267524,0.9994733
9300,0,0,1,0.9999999,1.0952708e-07,0.9999999
4228,0,0,1,0.99494666,0.0050533484,0.99494666
14222,1,1,1,1.3947487e-05,0.99998605,0.99998605
365,0,0,1,0.9465942,0.0534058,0.9465942
12500,1,1,1,3.4570694e-06,0.99999654,0.99999654
18040,1,1,1,0.00014007092,0.9998599,0.9998599
15281,1,1,1,2.3841858e-07,0.99999976,0.99999976
3688,0,0,1,0.99980587,0.00019414558,0.99980587
11084,1,1,1,1.7642975e-05,0.99998236,0.99998236
9495,0,0,1,0.99999875,1.2766704e-06,0.99999875
17166,1,1,1,0.00017434359,0.99982566,0.99982566
7687,0,0,1,0.99999976,2.1720139e-07,0.99999976
7635,0,0,1,0.99999917,8.0569646e-07,0.99999917
8111,0,0,1,0.99999994,6.126769e-08,0.99999994
6032,0,0,1,0.99931616,0.0006838643,0.99931616
8791,0,0,1,0.9999996,4.1703396e-07,0.9999996
6531,0,0,1,0.9995451,0.00045491676,0.9995451
5540,0,0,1,0.99952966,0.00047032294,0.99952966
15456,1,1,1,1.1920929e-07,0.9999999,0.9999999
8628,0,0,1,0.99999976,2.2121638e-07,0.99999976
17238,1,1,1,4.7683716e-07,0.9999995,0.9999995
9110,0,0,1,0.9999977,2.3045754e-06,0.9999977
18521,1,1,1,1.7166138e-05,0.99998283,0.99998283
18608,1,1,1,4.7326088e-05,0.9999527,0.9999527
6695,0,0,1,0.99801314,0.0019868778,0.99801314
10447,1,1,1,2.6226044e-06,0.9999974,0.9999974
11399,1,1,1,7.748604e-06,0.99999225,0.99999225
989,0,0,1,0.99997884,2.1148895e-05,0.99997884
3901,0,1,0,0.4223491,0.5776509,0.5776509
8920,0,0,1,0.99999994,5.6427474e-08,0.99999994
6710,0,0,1,0.9833959,0.016604114,0.9833959
18602,1,1,1,0.0008813739,0.9991186,0.9991186
8446,0,0,1,0.9999976,2.3748703e-06,0.9999976
6853,0,0,1,0.9999797,2.0300402e-05,0.9999797
5700,0,0,1,0.9998038,0.00019624383,0.9998038
19223,1,1,1,4.339218e-05,0.9999566,0.9999566
10621,1,1,1,2.348423e-05,0.9999765,0.9999765
8176,0,0,1,0.99998134,1.8643726e-05,0.99998134
2051,0,0,1,0.9999647,3.5271285e-05,0.9999647
17858,1,1,1,0.00033724308,0.99966276,0.99966276
18263,1,1,1,1.0728836e-06,0.9999989,0.9999989
15278,1,1,1,2.2768974e-05,0.99997723,0.99997723
13484,1,1,1,6.198883e-06,0.9999938,0.9999938
14007,1,1,1,7.1525574e-07,0.9999993,0.9999993
17025,1,0,0,0.99987316,0.00012684718,0.99987316
13761,1,1,1,2.8729439e-05,0.9999713,0.9999713
546,0,0,1,0.9983231,0.0016769319,0.9983231
969,0,0,1,0.99362373,0.0063762646,0.99362373
14637,1,1,1,7.8201294e-05,0.9999218,0.9999218
7623,0,0,1,0.9999999,1.4484044e-07,0.9999999
342,0,0,1,0.9064043,0.093595676,0.9064043
4932,0,0,1,0.9999842,1.5786325e-05,0.9999842
12096,1,1,1,9.536743e-06,0.99999046,0.99999046
5162,0,0,1,0.9999274,7.258486e-05,0.9999274
1932,0,0,1,0.99989957,0.00010042333,0.99989957
1155,0,0,1,0.9944834,0.0055166176,0.9944834
10,0,0,1,0.9998769,0.00012311051,0.9998769
16382,1,0,0,0.99259645,0.007403557,0.99259645
3331,0,0,1,0.9991491,0.00085092033,0.9991491
5353,0,1,0,0.15326476,0.84673524,0.84673524
10558,1,1,1,3.862381e-05,0.9999614,0.9999614
5998,0,0,1,0.99893135,0.0010686432,0.99893135
18030,1,1,1,0.00039619207,0.9996038,0.9996038
11717,1,1,1,5.364418e-06,0.99999464,0.99999464
6615,0,0,1,0.99971986,0.00028012018,0.99971986
12936,1,1,1,1.21593475e-05,0.99998784,0.99998784
4256,0,0,1,0.9984755,0.0015245113,0.9984755
8756,0,0,1,0.9999954,4.5802926e-06,0.9999954
3224,0,0,1,0.9992302,0.0007697733,0.9992302
11125,1,1,1,5.00679e-05,0.99994993,0.99994993
4279,0,0,1,0.99975175,0.0002482793,0.99975175
14764,1,1,1,0.0,1.0,1.0
15251,1,1,1,0.00033974648,0.99966025,0.99966025
18917,1,1,1,1.5497208e-06,0.99999845,0.99999845
1743,0,0,1,0.9999198,8.025e-05,0.9999198
1999,0,0,1,0.9998788,0.000121146855,0.9998788
6440,0,1,0,0.19244051,0.8075595,0.8075595
10886,1,1,1,1.859665e-05,0.9999814,0.9999814
18929,1,1,1,1.3113022e-06,0.9999987,0.9999987
3087,0,0,1,0.9978469,0.0021530841,0.9978469
10589,1,1,1,0.00015258789,0.9998474,0.9998474
17604,1,1,1,0.00075507164,0.9992449,0.9992449
4037,0,0,1,0.999696,0.00030398867,0.999696
19075,1,1,1,1.7046928e-05,0.99998295,0.99998295
483,0,0,1,0.9932337,0.006766312,0.9932337
5032,0,0,1,0.99957544,0.000424535,0.99957544
1767,0,0,1,0.99994284,5.718083e-05,0.99994284
9337,0,0,1,0.9999999,9.308767e-08,0.9999999
12208,1,1,1,3.8146973e-06,0.9999962,0.9999962
11043,1,1,1,2.2292137e-05,0.9999777,0.9999777
9544,0,0,1,0.99999064,9.340535e-06,0.99999064
8307,0,0,1,0.99998695,1.308228e-05,0.99998695
11889,1,1,1,9.894371e-06,0.9999901,0.9999901
8033,0,0,1,0.9999531,4.693466e-05,0.9999531
9804,0,0,1,0.9999999,1.3071323e-07,0.9999999
17055,1,1,1,0.005206883,0.9947931,0.9947931
3225,0,0,1,0.99912727,0.0008727055,0.99912727
7556,0,0,1,0.9999999,1.2792233e-07,0.9999999
12564,1,1,1,2.503395e-06,0.9999975,0.9999975
4888,0,0,1,0.9996765,0.00032347164,0.9996765
7997,0,0,1,0.9999952,4.8059715e-06,0.9999952
662,0,0,1,0.9993111,0.00068893266,0.9993111
10821,1,1,1,7.867813e-06,0.99999213,0.99999213
6666,0,0,1,0.9997877,0.00021234,0.9997877
16573,1,1,1,0.4823895,0.5176105,0.5176105
4525,0,0,1,0.9992469,0.0007531142,0.9992469
8011,0,0,1,0.9999987,1.3081391e-06,0.9999987
12485,1,1,1,2.2649765e-06,0.99999774,0.99999774
12995,1,1,1,1.66893e-06,0.99999833,0.99999833
2114,0,0,1,0.9997455,0.00025452985,0.9997455
7125,0,0,1,0.9994043,0.00059565937,0.9994043
14319,1,1,1,2.3841858e-07,0.99999976,0.99999976
16222,1,0,0,0.9916085,0.008391513,0.9916085
19099,1,1,1,1.5497208e-06,0.99999845,0.99999845
6304,0,0,1,0.99960065,0.00039934707,0.99960065
17883,1,1,1,6.937981e-05,0.9999306,0.9999306
17441,1,1,1,0.00040501356,0.999595,0.999595
4791,0,0,1,0.9988467,0.0011532694,0.9988467
9976,0,0,1,0.9999998,1.8127065e-07,0.9999998
6808,0,0,1,0.99996704,3.2985692e-05,0.99996704
12692,1,1,1,2.3841858e-06,0.9999976,0.9999976
17483,1,1,1,7.4863434e-05,0.99992514,0.99992514
16910,1,1,1,0.0003619194,0.9996381,0.9996381
10804,1,1,1,1.0609627e-05,0.9999894,0.9999894
3973,0,0,1,0.99985296,0.00014701876,0.99985296
2853,0,0,1,0.99996984,3.0149553e-05,0.99996984
13707,1,1,1,1.9669533e-05,0.99998033,0.99998033
8863,0,0,1,0.99999774,2.2726015e-06,0.99999774
5646,0,0,1,0.99360806,0.006391936,0.99360806
5865,0,0,1,0.99986327,0.00013676104,0.99986327
11832,1,1,1,4.7683716e-06,0.99999523,0.99999523
708,0,0,1,0.9951819,0.004818109,0.9951819
5239,0,0,1,0.9993646,0.0006354074,0.9993646
5620,0,0,1,0.9999296,7.039685e-05,0.9999296
575,0,0,1,0.9991685,0.0008314656,0.9991685
14012,1,1,1,0.00023776293,0.99976224,0.99976224
13260,1,1,1,8.46386e-06,0.99999154,0.99999154
15050,1,1,1,1.1920929e-07,0.9999999,0.9999999
14731,1,1,1,0.0,1.0,1.0
14818,1,1,1,0.0,1.0,1.0
5069,0,0,1,0.9999943,5.740022e-06,0.9999943
8174,0,0,1,0.9999996,4.3150396e-07,0.9999996
3139,0,0,1,0.9985765,0.0014234919,0.9985765
2812,0,0,1,0.9998719,0.0001281049,0.9998719
18056,1,1,1,0.000114917755,0.9998851,0.9998851
8956,0,0,1,0.9999979,2.085916e-06,0.9999979
15536,1,1,1,8.106232e-06,0.9999919,0.9999919
19681,1,1,1,2.6226044e-05,0.9999738,0.9999738
16611,1,0,0,0.9998845,0.00011554324,0.9998845
11222,1,1,1,4.887581e-06,0.9999951,0.9999951
14868,1,1,1,9.7990036e-05,0.999902,0.999902
7023,0,0,1,0.999966,3.3976634e-05,0.999966
1485,0,0,1,0.9997706,0.00022939996,0.9997706
18571,1,1,1,7.176399e-05,0.99992824,0.99992824
4224,0,0,1,0.99991196,8.804563e-05,0.99991196
2473,0,0,1,0.9999141,8.587469e-05,0.9999141
16223,1,0,0,0.9960487,0.0039513195,0.9960487
18275,1,1,1,3.2544136e-05,0.99996746,0.99996746
7115,0,0,1,0.99883467,0.0011653057,0.99883467
15116,1,1,1,3.2305717e-05,0.9999677,0.9999677
14140,1,1,1,3.5762787e-07,0.99999964,0.99999964
11403,1,1,1,0.00023692846,0.9997631,0.9997631
2290,0,0,1,0.9998156,0.00018441318,0.9998156
13762,1,1,1,1.9073486e-06,0.9999981,0.9999981
934,0,0,1,0.99952984,0.0004701781,0.99952984
5110,0,0,1,0.9996325,0.00036753278,0.9996325
13943,1,1,1,7.557869e-05,0.9999244,0.9999244
19103,1,1,1,8.34465e-07,0.99999917,0.99999917
9628,0,0,1,0.9999976,2.39905e-06,0.9999976
19691,1,1,1,1.7523766e-05,0.9999825,0.9999825
2034,0,0,1,0.9913815,0.008618456,0.9913815
13208,1,1,1,3.2186508e-06,0.9999968,0.9999968
106,0,0,1,0.99955547,0.0004445579,0.99955547
10526,1,1,1,2.7418137e-06,0.99999726,0.99999726
9722,0,0,1,0.99999297,7.0602173e-06,0.99999297
5637,0,1,0,0.16994584,0.83005416,0.83005416
9010,0,0,1,0.87462604,0.12537396,0.87462604
14545,1,1,1,1.0728836e-06,0.9999989,0.9999989
5436,0,0,1,0.99717736,0.0028226464,0.99717736
5321,0,0,1,0.9995459,0.00045415552,0.9995459
538,0,0,1,0.99997634,2.3669118e-05,0.99997634
15902,1,1,1,1.5497208e-06,0.99999845,0.99999845
17160,1,0,0,0.99851364,0.0014863613,0.99851364
14912,1,0,0,0.9253715,0.0746285,0.9253715
7596,0,0,1,0.99999976,2.455688e-07,0.99999976
8074,0,0,1,0.999995,5.034597e-06,0.999995
10331,1,1,1,0.00029367208,0.9997063,0.9997063
55,0,0,1,0.99990577,9.423832e-05,0.99990577
13533,1,1,1,5.722046e-06,0.9999943,0.9999943
17248,1,1,1,7.772446e-05,0.9999223,0.9999223
9975,0,0,1,0.99998677,1.3226708e-05,0.99998677
5451,0,1,0,0.013702273,0.9862977,0.9862977
3557,0,0,1,0.999273,0.00072698615,0.999273
5601,0,0,1,0.99516386,0.0048361663,0.99516386
18332,1,1,1,0.00062036514,0.99937963,0.99937963
10587,1,1,1,9.655952e-06,0.99999034,0.99999034
18549,1,1,1,7.1287155e-05,0.9999287,0.9999287
9623,0,0,1,0.9999993,6.8835004e-07,0.9999993
1637,0,0,1,0.9918849,0.008115089,0.9918849
10216,1,1,1,2.7418137e-06,0.99999726,0.99999726
5416,0,0,1,0.9958456,0.004154385,0.9958456
154,0,0,1,0.99999076,9.217473e-06,0.99999076
955,0,1,0,0.013086498,0.9869135,0.9869135
7695,0,0,1,0.9999998,1.822688e-07,0.9999998
4001,0,0,1,0.99994105,5.897576e-05,0.99994105
3550,0,0,1,0.9954925,0.004507471,0.9954925
17415,1,1,1,4.4941902e-05,0.99995506,0.99995506
15424,1,1,1,0.0016089678,0.99839103,0.99839103
5989,0,0,1,0.9987594,0.0012406086,0.9987594
4758,0,0,1,0.999533,0.00046698673,0.999533
118,0,0,1,0.9999005,9.948525e-05,0.9999005
9562,0,0,1,0.99999833,1.6733999e-06,0.99999833
5443,0,0,1,0.9995255,0.0004745176,0.9995255
18709,1,1,1,5.9604645e-06,0.99999404,0.99999404
16654,1,0,0,0.992036,0.00796404,0.992036
1185,0,0,1,0.9999312,6.878963e-05,0.9999312
9996,1,1,1,0.0006710291,0.999329,0.999329
18651,1,1,1,0.00021392107,0.9997861,0.9997861
10957,1,1,1,4.87566e-05,0.99995124,0.99995124
3841,0,0,1,0.99378836,0.00621166,0.99378836
12361,1,1,1,0.0001540184,0.999846,0.999846
8710,0,0,1,0.9999978,2.2092595e-06,0.9999978
4350,0,0,1,0.99942875,0.0005712659,0.99942875
12025,1,1,1,3.695488e-05,0.99996305,0.99996305
12496,1,1,1,6.151199e-05,0.9999385,0.9999385
12808,1,1,1,5.722046e-06,0.9999943,0.9999943
7011,0,0,1,0.84682536,0.15317462,0.84682536
8915,0,0,1,0.9999996,4.341602e-07,0.9999996
635,0,0,1,0.99975765,0.00024234349,0.99975765
3954,0,0,1,0.99984497,0.00015504725,0.99984497
16247,1,1,1,0.089645624,0.9103544,0.9103544
17800,1,1,1,2.193451e-05,0.99997807,0.99997807
198,0,0,1,0.9997555,0.00024450914,0.9997555
7272,0,0,1,0.9998892,0.00011082053,0.9998892
3829,0,0,1,0.99996847,3.1521085e-05,0.99996847
9415,0,0,1,0.9999976,2.3827492e-06,0.9999976
11490,1,1,1,8.821487e-06,0.9999912,0.9999912
10445,1,1,1,3.8146973e-06,0.9999962,0.9999962
8185,0,0,1,0.99999857,1.4410665e-06,0.99999857
1267,0,0,1,0.9960522,0.003947778,0.9960522
12375,1,1,1,2.1457672e-06,0.99999785,0.99999785
6676,0,0,1,0.9999956,4.4010544e-06,0.9999956
6972,0,0,1,0.99271953,0.007280443,0.99271953
5,0,0,1,0.96549356,0.03450645,0.96549356
11348,1,1,1,4.2915344e-06,0.9999957,0.9999957
3604,0,0,1,0.9997224,0.0002775521,0.9997224
13137,1,1,1,2.861023e-06,0.99999714,0.99999714
272,0,0,1,0.99931514,0.00068483676,0.99931514
19527,1,1,1,1.0728836e-06,0.9999989,0.9999989
7718,0,0,1,0.99999934,6.498077e-07,0.99999934
639,0,0,1,0.9985497,0.0014502786,0.9985497
14941,1,1,1,1.7881393e-06,0.9999982,0.9999982
9378,0,0,1,0.99826336,0.0017366118,0.99826336
14767,1,1,1,1.2278557e-05,0.9999877,0.9999877
12035,1,1,1,0.00011086464,0.99988914,0.99988914
15033,1,0,0,0.9020912,0.09790882,0.9020912
9469,0,0,1,0.99999833,1.64644e-06,0.99999833
19405,1,1,1,2.515316e-05,0.99997485,0.99997485
879,0,0,1,0.9995318,0.0004681701,0.9995318
15030,1,1,1,3.7312508e-05,0.9999627,0.9999627
3727,0,0,1,0.99997413,2.5842208e-05,0.99997413
18414,1,1,1,2.2888184e-05,0.9999771,0.9999771
5052,0,0,1,0.96534085,0.034659147,0.96534085
5296,0,0,1,0.99984324,0.00015678773,0.99984324
8375,0,0,1,0.9999992,7.681406e-07,0.9999992
18588,1,1,1,6.937981e-05,0.9999306,0.9999306
16973,1,1,1,1.513958e-05,0.99998486,0.99998486
10782,1,1,1,2.026558e-05,0.99997973,0.99997973
13081,1,1,1,8.761883e-05,0.9999124,0.9999124
6489,0,1,0,0.3518328,0.6481672,0.6481672
12175,1,1,1,4.6491623e-05,0.9999535,0.9999535
6892,0,0,1,0.9947483,0.0052517145,0.9947483
14711,1,1,1,0.0,1.0,1.0
6100,0,0,1,0.9999344,6.5613945e-05,0.9999344
12271,1,1,1,1.7881393e-06,0.9999982,0.9999982
3421,0,0,1,0.89264417,0.107355855,0.89264417
14842,1,1,1,2.3841858e-07,0.99999976,0.99999976
14700,1,1,1,1.1920929e-07,0.9999999,0.9999999
10770,1,1,1,2.670288e-05,0.9999733,0.9999733
2279,0,0,1,0.99715614,0.0028438775,0.99715614
5626,0,0,1,0.9989441,0.0010558974,0.9989441
10744,1,1,1,8.34465e-06,0.99999166,0.99999166
12620,1,1,1,6.3180923e-06,0.9999937,0.9999937
17830,1,1,1,0.00019019842,0.9998098,0.9998098
4816,0,0,1,0.9998669,0.00013307556,0.9998669
13056,1,1,1,1.21593475e-05,0.99998784,0.99998784
7995,0,0,1,0.9999998,2.0298425e-07,0.9999998
5976,0,0,1,0.99998206,1.7948241e-05,0.99998206
9867,0,0,1,0.99999994,8.4563034e-08,0.99999994
17613,1,1,1,0.00071913004,0.99928087,0.99928087
18492,1,1,1,2.682209e-05,0.9999732,0.9999732
14206,1,1,1,8.34465e-07,0.99999917,0.99999917
10247,1,1,1,2.2411346e-05,0.9999776,0.9999776
19226,1,1,1,1.9073486e-06,0.9999981,0.9999981
12516,1,1,1,2.1457672e-06,0.99999785,0.99999785
17787,1,1,1,3.6239624e-05,0.99996376,0.99996376
7480,0,0,1,0.9993719,0.00062811945,0.9993719
3573,0,0,1,0.99987143,0.00012858561,0.99987143
15725,1,1,1,1.0728836e-06,0.9999989,0.9999989
9503,0,0,1,0.99999917,8.2612627e-07,0.99999917
10754,1,1,1,9.894371e-06,0.9999901,0.9999901
852,0,0,1,0.9992914,0.00070857734,0.9992914
19076,1,1,1,2.3961067e-05,0.99997604,0.99997604
14502,1,1,1,2.3841858e-06,0.9999976,0.9999976
13825,1,1,1,4.2557716e-05,0.99995744,0.99995744
7724,0,0,1,0.9999933,6.656853e-06,0.9999933
13600,1,1,1,3.027916e-05,0.9999697,0.9999697
14986,1,1,1,0.29251677,0.70748323,0.70748323
8259,0,0,1,0.9999873,1.2703496e-05,0.9999873
14077,1,1,1,3.5762787e-07,0.99999964,0.99999964
18809,1,1,1,5.6028366e-06,0.9999944,0.9999944
8106,0,0,1,0.9999995,4.4975945e-07,0.9999995
1166,0,0,1,0.9999343,6.568556e-05,0.9999343
18738,1,1,1,0.00014841557,0.9998516,0.9998516
1526,0,0,1,0.7468133,0.25318673,0.7468133
5116,0,0,1,0.9997674,0.00023257216,0.9997674
18532,1,1,1,4.2676926e-05,0.9999573,0.9999573
15313,1,1,1,0.0002334714,0.9997665,0.9997665
13763,1,1,1,2.2172928e-05,0.9999778,0.9999778
8379,0,0,1,0.9999989,1.0972117e-06,0.9999989
3453,0,0,1,0.9997073,0.00029274196,0.9997073
4091,0,0,1,0.9998463,0.00015370318,0.9998463
12062,1,1,1,5.555153e-05,0.99994445,0.99994445
17678,1,1,1,9.775162e-05,0.99990225,0.99990225
13082,1,1,1,0.0001373291,0.9998627,0.9998627
7374,0,0,1,0.9935356,0.0064644422,0.9935356
1914,0,0,1,0.999947,5.2994616e-05,0.999947
16838,1,1,1,5.209446e-05,0.9999479,0.9999479
13035,1,1,1,9.059906e-06,0.99999094,0.99999094
4981,0,0,1,0.99992794,7.204072e-05,0.99992794
9941,0,0,1,0.9999971,2.9060675e-06,0.9999971
12151,1,1,1,5.7458878e-05,0.99994254,0.99994254
5421,0,0,1,0.9993743,0.00062572915,0.9993743
15632,1,1,1,1.680851e-05,0.9999832,0.9999832
12336,1,1,1,5.1498413e-05,0.9999485,0.9999485
11567,1,1,1,3.0994415e-06,0.9999969,0.9999969
9051,0,0,1,0.9999999,1.12639846e-07,0.9999999
5725,0,0,1,0.99989206,0.000107967164,0.99989206
4674,0,0,1,0.99997735,2.2656683e-05,0.99997735
3508,0,0,1,0.99997383,2.6157742e-05,0.99997383
5597,0,0,1,0.9982206,0.0017793915,0.9982206
190,0,0,1,0.9694458,0.030554185,0.9694458
3082,0,0,1,0.99967015,0.00032986767,0.99967015
16069,1,1,1,0.472067,0.527933,0.527933
13433,1,1,1,6.7949295e-06,0.9999932,0.9999932
13886,1,1,1,2.9802322e-06,0.999997,0.999997
17114,1,1,1,4.4822693e-05,0.9999552,0.9999552
17562,1,1,1,7.033348e-05,0.99992967,0.99992967
9274,0,0,1,0.99999845,1.5362779e-06,0.99999845
5960,0,0,1,0.9858294,0.014170614,0.9858294
11063,1,1,1,1.7404556e-05,0.9999826,0.9999826
8959,0,0,1,0.9999997,2.9596063e-07,0.9999997
17881,1,1,1,0.0013104081,0.9986896,0.9986896
18015,1,1,1,2.527237e-05,0.9999747,0.9999747
18713,1,1,1,0.00015497208,0.999845,0.999845
15820,1,1,1,2.3841858e-06,0.9999976,0.9999976
16996,1,1,1,0.0028864145,0.9971136,0.9971136
15659,1,1,1,1.7642975e-05,0.99998236,0.99998236
16086,1,0,0,0.9999693,3.0705563e-05,0.9999693
3437,0,1,0,0.020910144,0.97908986,0.97908986
11548,1,1,1,3.9219856e-05,0.9999608,0.9999608
14330,1,1,1,3.5762787e-07,0.99999964,0.99999964
19399,1,1,1,6.1035156e-05,0.99993896,0.99993896
5125,0,0,1,0.99995327,4.6727528e-05,0.99995327
15185,1,1,1,0.0028231144,0.9971769,0.9971769
10743,1,1,1,2.4437904e-05,0.99997556,0.99997556
11562,1,1,1,1.7881393e-06,0.9999982,0.9999982
13015,1,1,1,7.987022e-06,0.999992,0.999992
4115,0,0,1,0.9988671,0.0011329002,0.9988671
4737,0,0,1,0.9973067,0.0026933197,0.9973067
2194,0,0,1,0.9999286,7.139695e-05,0.9999286
10433,1,1,1,1.9669533e-05,0.99998033,0.99998033
12019,1,1,1,0.0003567934,0.9996432,0.9996432
1344,0,0,1,0.9997224,0.0002775783,0.9997224
3844,0,0,1,0.99978846,0.0002115315,0.99978846
660,0,0,1,0.999872,0.00012798268,0.999872
4877,0,0,1,0.99980485,0.00019513848,0.99980485
5568,0,0,1,0.99522364,0.0047763577,0.99522364
704,0,0,1,0.99997973,2.0255015e-05,0.99997973
3634,0,0,1,0.99654794,0.0034520812,0.99654794
9225,0,0,1,0.99999917,8.487156e-07,0.99999917
10571,1,1,1,1.0609627e-05,0.9999894,0.9999894
2495,0,1,0,0.1268881,0.8731119,0.8731119
14233,1,1,1,6.198883e-05,0.999938,0.999938
3597,0,0,1,0.9994453,0.00055467495,0.9994453
11607,1,1,1,7.033348e-06,0.99999297,0.99999297
17874,1,1,1,0.00013113022,0.99986887,0.99986887
16995,1,0,0,0.99397707,0.006022902,0.99397707
5705,0,0,1,0.99942106,0.0005789489,0.99942106
56,0,0,1,0.99964976,0.00035022752,0.99964976
4423,0,0,1,0.9999127,8.7312874e-05,0.9999127
11363,1,1,1,5.841255e-06,0.99999416,0.99999416
3052,0,0,1,0.9998009,0.00019906902,0.9998009
10734,1,1,1,1.2874603e-05,0.9999871,0.9999871
12292,1,1,1,1.5497208e-06,0.99999845,0.99999845
17014,1,1,1,0.0004979372,0.99950206,0.99950206
919,0,0,1,0.9997654,0.00023461472,0.9997654
1051,0,0,1,0.9986909,0.0013090925,0.9986909
7312,0,0,1,0.99895203,0.001047978,0.99895203
5384,0,0,1,0.9848103,0.015189705,0.9848103
6620,0,0,1,0.99992806,7.191312e-05,0.99992806
7990,0,0,1,0.9999994,5.8095884e-07,0.9999994
16080,1,0,0,0.9303879,0.06961206,0.9303879
13155,1,1,1,2.9802322e-06,0.999997,0.999997
5985,0,0,1,0.99987024,0.00012975896,0.99987024
7972,0,0,1,0.9999911,8.889927e-06,0.9999911
131,0,0,1,0.99984455,0.00015546755,0.99984455
16690,1,0,0,0.9699763,0.030023692,0.9699763
15789,1,1,1,4.7683716e-07,0.9999995,0.9999995
1641,0,0,1,0.9999519,4.8076687e-05,0.9999519
5978,0,0,1,0.99989104,0.00010896297,0.99989104
9667,0,0,1,0.9999996,4.3774904e-07,0.9999996
14263,1,1,1,0.0013548732,0.9986451,0.9986451
127,0,0,1,0.99991786,8.2119084e-05,0.99991786
18950,1,1,1,5.9604645e-07,0.9999994,0.9999994
7057,0,0,1,0.99461704,0.0053829513,0.99461704
12769,1,1,1,3.683567e-05,0.99996316,0.99996316
18720,1,1,1,6.3180923e-06,0.9999937,0.9999937
17806,1,1,1,8.499622e-05,0.999915,0.999915
3477,0,0,1,0.9994339,0.0005661066,0.9994339
14088,1,1,1,1.3113022e-06,0.9999987,0.9999987
13827,1,1,1,5.364418e-06,0.99999464,0.99999464
489,0,0,1,0.9995908,0.000409179,0.9995908
16725,1,1,1,0.0035003424,0.99649966,0.99649966
6981,0,0,1,0.9999769,2.3152963e-05,0.9999769
12585,1,1,1,5.9366226e-05,0.99994063,0.99994063
3497,0,0,1,0.999821,0.000179001,0.999821
19020,1,1,1,1.66893e-06,0.99999833,0.99999833
14932,1,1,1,1.0728836e-06,0.9999989,0.9999989
19142,1,1,1,1.5497208e-06,0.99999845,0.99999845
1687,0,0,1,0.9999769,2.3153338e-05,0.9999769
17036,1,1,1,0.00012564659,0.99987435,0.99987435
2786,0,0,1,0.99999493,5.07908e-06,0.99999493
19557,1,1,1,2.6464462e-05,0.99997354,0.99997354
6896,0,0,1,0.99907535,0.00092463713,0.99907535
4570,0,0,1,0.9991082,0.0008917837,0.9991082
18812,1,1,1,0.00011622906,0.9998838,0.9998838
4500,0,0,1,0.99958426,0.00041576024,0.99958426
16254,1,1,1,0.1437766,0.8562234,0.8562234
1683,0,0,1,0.999899,0.000100940524,0.999899
11318,1,1,1,6.0796738e-06,0.9999939,0.9999939
8543,0,0,1,0.9999942,5.7715565e-06,0.9999942
1325,0,0,1,0.9997659,0.00023412531,0.9997659
11068,1,1,1,1.8119812e-05,0.9999819,0.9999819
11196,1,1,1,2.6226044e-06,0.9999974,0.9999974
4034,0,0,1,0.999703,0.00029701853,0.999703
7409,0,0,1,0.9999812,1.8767258e-05,0.9999812
5605,0,0,1,0.9915747,0.008425278,0.9915747
5733,0,0,1,0.99990845,9.15688e-05,0.99990845
19855,1,1,1,2.6226044e-06,0.9999974,0.9999974
19085,1,1,1,7.1525574e-07,0.9999993,0.9999993
7879,0,0,1,0.9999165,8.352431e-05,0.9999165
17702,1,1,1,2.682209e-05,0.9999732,0.9999732
18731,1,1,1,5.9604645e-07,0.9999994,0.9999994
3512,0,0,1,0.99765867,0.002341305,0.99765867
4912,0,0,1,0.9996833,0.00031669554,0.9996833
9475,0,0,1,0.9999999,1.3534827e-07,0.9999999
6613,0,0,1,0.99973625,0.00026374904,0.99973625
12877,1,1,1,5.722046e-06,0.9999943,0.9999943
8151,0,0,1,0.99999803,1.9648571e-06,0.99999803
1971,0,0,1,0.999979,2.0998752e-05,0.999979
19412,1,1,1,6.556511e-06,0.99999344,0.99999344
15294,1,1,1,8.928776e-05,0.9999107,0.9999107
18936,1,1,1,2.9325485e-05,0.9999707,0.9999707
10222,1,1,1,8.34465e-06,0.99999166,0.99999166
18824,1,1,1,1.1920929e-07,0.9999999,0.9999999
263,0,0,1,0.99323714,0.0067628613,0.99323714
9934,0,0,1,0.99998564,1.4387402e-05,0.99998564
6526,0,0,1,0.999843,0.00015699118,0.999843
10518,1,1,1,3.671646e-05,0.9999633,0.9999633
15342,1,1,1,4.863739e-05,0.99995136,0.99995136
1608,0,0,1,0.9995145,0.00048545905,0.9995145
3491,0,0,1,0.9994988,0.00050124305,0.9994988
7868,0,0,1,0.9996391,0.0003608848,0.9996391
581,0,0,1,0.99928993,0.0007100418,0.99928993
10060,1,1,1,2.503395e-06,0.9999975,0.9999975
3655,0,0,1,0.9998692,0.0001307567,0.9998692
1441,0,0,1,0.9999241,7.589441e-05,0.9999241
14241,1,1,1,1.1920929e-07,0.9999999,0.9999999
14291,1,1,1,4.4107437e-06,0.9999956,0.9999956
9555,0,0,1,0.99999964,3.637858e-07,0.99999964
14685,1,1,1,0.0,1.0,1.0
4414,0,0,1,0.9994197,0.00058029935,0.9994197
12685,1,1,1,2.6226044e-06,0.9999974,0.9999974
2787,0,0,1,0.999852,0.00014802367,0.999852
17077,1,1,1,0.0010213852,0.9989786,0.9989786
18560,1,1,1,7.903576e-05,0.99992096,0.99992096
3846,0,0,1,0.999965,3.498343e-05,0.999965
10612,1,1,1,2.2172928e-05,0.9999778,0.9999778
5871,0,0,1,0.99982846,0.0001715596,0.99982846
11539,1,1,1,0.0010611415,0.99893886,0.99893886
11474,1,1,1,9.059906e-06,0.99999094,0.99999094
6480,0,0,1,0.9996837,0.00031633466,0.9996837
15511,1,1,1,0.000978589,0.9990214,0.9990214
19906,1,1,1,0.001791954,0.99820805,0.99820805
18749,1,1,1,3.5762787e-07,0.99999964,0.99999964
5942,0,0,1,0.99998707,1.2956691e-05,0.99998707
16403,1,0,0,0.99843824,0.0015617596,0.99843824
4187,0,0,1,0.9997613,0.00023868869,0.9997613
18886,1,1,1,2.7418137e-06,0.99999726,0.99999726
11057,1,1,1,4.839897e-05,0.9999516,0.9999516
6472,0,0,1,0.99984455,0.00015547733,0.99984455
4977,0,0,1,0.9998325,0.0001674888,0.9998325
7386,0,0,1,0.99997085,2.9130159e-05,0.99997085
19350,1,1,1,8.821487e-06,0.9999912,0.9999912
3599,0,0,1,0.9999148,8.5175845e-05,0.9999148
6906,0,0,1,0.9856052,0.014394826,0.9856052
14343,1,1,1,5.1259995e-06,0.9999949,0.9999949
214,0,0,1,0.99987614,0.00012385515,0.99987614
14321,1,1,1,0.0048959255,0.9951041,0.9951041
9967,0,0,1,0.99999857,1.401497e-06,0.99999857
6882,0,0,1,0.9999747,2.527717e-05,0.9999747
8461,0,0,1,0.9999998,1.8857544e-07,0.9999998
824,0,0,1,0.99870044,0.0012995555,0.99870044
14808,1,1,1,5.2452087e-06,0.99999475,0.99999475
9424,0,0,1,0.9999998,1.572468e-07,0.9999998
6485,0,0,1,0.9999854,1.4574997e-05,0.9999854
13159,1,1,1,3.0994415e-06,0.9999969,0.9999969
11134,1,1,1,2.7179718e-05,0.9999728,0.9999728
4362,0,0,1,0.99996656,3.342869e-05,0.99996656
1866,0,0,1,0.99998313,1.6879187e-05,0.99998313
16780,1,1,1,0.009579599,0.9904204,0.9904204
6343,0,0,1,0.9997692,0.00023076004,0.9997692
13011,1,1,1,2.861023e-06,0.99999714,0.99999714
17957,1,1,1,0.0002130866,0.9997869,0.9997869
12521,1,1,1,2.2649765e-06,0.99999774,0.99999774
12281,1,1,1,0.000106573105,0.9998934,0.9998934
16059,1,1,1,0.12681907,0.8731809,0.8731809
7688,0,0,1,0.9999999,1.4790747e-07,0.9999999
3467,0,0,1,0.9996031,0.0003969158,0.9996031
18792,1,1,1,2.3841858e-07,0.99999976,0.99999976
12856,1,1,1,3.6239624e-05,0.99996376,0.99996376
8581,0,0,1,0.9999986,1.3575176e-06,0.9999986
10421,1,1,1,7.987022e-06,0.999992,0.999992
346,0,1,0,0.20445573,0.79554427,0.79554427
7652,0,0,1,0.99999946,5.306324e-07,0.99999946
17150,1,1,1,5.8293343e-05,0.9999417,0.9999417
2704,0,0,1,0.99828374,0.0017162844,0.99828374
4847,0,0,1,0.9996759,0.00032409118,0.9996759
18344,1,1,1,0.027292728,0.9727073,0.9727073
16545,1,1,1,0.023983598,0.9760164,0.9760164
244,0,0,1,0.9996021,0.00039793493,0.9996021
7735,0,0,1,0.9999875,1.2522876e-05,0.9999875
5623,0,0,1,0.99994326,5.673235e-05,0.99994326
12579,1,1,1,2.2649765e-06,0.99999774,0.99999774
19191,1,1,1,2.6345253e-05,0.99997365,0.99997365
19092,1,1,1,8.34465e-07,0.99999917,0.99999917
7942,0,0,1,0.99982584,0.00017414684,0.99982584
1991,0,0,1,0.7174716,0.28252837,0.7174716
11135,1,1,1,2.0503998e-05,0.9999795,0.9999795
9841,0,0,1,0.9999976,2.3720252e-06,0.9999976
8795,0,0,1,0.9999826,1.7423305e-05,0.9999826
6458,0,0,1,0.99997854,2.144677e-05,0.99997854
14504,1,1,1,0.05900103,0.940999,0.940999
14785,1,1,1,1.7642975e-05,0.99998236,0.99998236
6403,0,0,1,0.99685735,0.003142648,0.99685735
17793,1,1,1,0.0016352534,0.99836475,0.99836475
8341,0,0,1,0.9999974,2.6229638e-06,0.9999974
16828,1,1,1,0.00070142746,0.9992986,0.9992986
15102,1,1,1,0.00015032291,0.9998497,0.9998497
4147,0,0,1,0.99995255,4.7437734e-05,0.99995255
11148,1,1,1,2.336502e-05,0.99997663,0.99997663
7974,0,0,1,0.99999994,4.5615984e-08,0.99999994
3697,0,0,1,0.9961172,0.0038828459,0.9961172
10416,1,1,1,5.00679e-06,0.999995,0.999995
6296,0,0,1,0.9972449,0.0027550808,0.9972449
3375,0,0,1,0.92590827,0.07409172,0.92590827
6317,0,0,1,0.9993152,0.00068478845,0.9993152
13214,1,1,1,0.0006418824,0.9993581,0.9993581
3374,0,0,1,0.9983931,0.0016068714,0.9983931
14008,1,1,1,0.0,1.0,1.0
4567,0,0,1,0.9999912,8.797727e-06,0.9999912
2737,0,0,1,0.9989844,0.0010155757,0.9989844
8478,0,0,1,0.9999984,1.6230458e-06,0.9999984
12068,1,1,1,1.04904175e-05,0.9999895,0.9999895
16918,1,0,0,0.97010916,0.029890843,0.97010916
9065,0,0,1,0.9999994,5.984283e-07,0.9999994
2990,0,0,1,0.9997722,0.00022783683,0.9997722
8233,0,0,1,0.9999991,9.0620836e-07,0.9999991
1063,0,0,1,0.99972296,0.00027705455,0.99972296
12254,1,1,1,2.7418137e-05,0.9999726,0.9999726
18072,1,1,1,3.6478043e-05,0.9999635,0.9999635
17371,1,1,1,2.1457672e-05,0.99997854,0.99997854
6545,0,0,1,0.999705,0.00029500577,0.999705
19702,1,1,1,3.9339066e-06,0.99999607,0.99999607
17325,1,1,1,2.4318695e-05,0.9999757,0.9999757
3710,0,0,1,0.94481885,0.055181123,0.94481885
3226,0,0,1,0.9999948,5.2067808e-06,0.9999948
6528,0,0,1,0.9986616,0.0013384414,0.9986616
18179,1,1,1,0.006955445,0.99304456,0.99304456
8166,0,0,1,0.9057205,0.09427953,0.9057205
12007,1,1,1,7.2717667e-06,0.9999927,0.9999927
11903,1,1,1,5.00679e-06,0.999995,0.999995
13669,1,1,1,0.17448825,0.82551175,0.82551175
407,0,1,0,0.43261218,0.5673878,0.5673878
13649,1,1,1,2.1457672e-06,0.99999785,0.99999785
951,0,0,1,0.9993,0.0006999813,0.9993
10625,1,1,1,1.7046928e-05,0.99998295,0.99998295
15272,1,1,1,6.556511e-06,0.99999344,0.99999344
7358,0,0,1,0.99970114,0.00029885632,0.99970114
2530,0,0,1,0.9999096,9.0408495e-05,0.9999096
7285,0,0,1,0.9998584,0.00014160459,0.9998584
12223,1,1,1,0.00047564507,0.99952435,0.99952435
13503,1,1,1,3.5762787e-06,0.9999964,0.9999964
11660,1,1,1,5.364418e-06,0.99999464,0.99999464
2063,0,0,1,0.9999756,2.4406865e-05,0.9999756
15461,1,1,1,3.5762787e-07,0.99999964,0.99999964
15913,1,1,1,1.1920929e-07,0.9999999,0.9999999
18575,1,1,1,5.0783157e-05,0.9999492,0.9999492
8742,0,0,1,0.99999535,4.666877e-06,0.99999535
13652,1,1,1,9.894371e-06,0.9999901,0.9999901
1291,0,0,1,0.9885731,0.011426943,0.9885731
12131,1,1,1,5.841255e-06,0.99999416,0.99999416
7120,0,0,1,0.9997974,0.00020258634,0.9997974
17205,1,0,0,0.99775743,0.0022425372,0.99775743
2503,0,0,1,0.99948585,0.0005141738,0.99948585
5914,0,0,1,0.998994,0.0010060022,0.998994
12398,1,1,1,4.053116e-06,0.99999595,0.99999595
10723,1,1,1,4.4107437e-06,0.9999956,0.9999956
8083,0,0,1,0.9999998,1.5103309e-07,0.9999998
16266,1,0,0,0.5658674,0.43413255,0.5658674
8308,0,0,1,0.9999977,2.3160103e-06,0.9999977
19741,1,1,1,5.364418e-06,0.99999464,0.99999464
14716,1,1,1,1.7881393e-06,0.9999982,0.9999982
11837,1,1,1,4.6491623e-06,0.99999535,0.99999535
17630,1,1,1,0.0008788705,0.9991211,0.9991211
12811,1,1,1,2.9802322e-06,0.999997,0.999997
3715,0,0,1,0.9993908,0.00060919113,0.9993908
14538,1,1,1,0.00021022558,0.9997898,0.9997898
5898,0,0,1,0.9851525,0.014847501,0.9851525
5074,0,0,1,0.9908113,0.0091887005,0.9908113
7571,0,0,1,0.99999815,1.8520087e-06,0.99999815
12593,1,1,1,1.0728836e-06,0.9999989,0.9999989
2783,0,0,1,0.99990606,9.392906e-05,0.99990606
12973,1,1,1,0.00021022558,0.9997898,0.9997898
12167,1,1,1,4.887581e-06,0.9999951,0.9999951
3346,0,0,1,0.99962044,0.00037955985,0.99962044
3531,0,0,1,0.9997947,0.00020529484,0.9997947
4854,0,0,1,0.99996907,3.0924166e-05,0.99996907
1885,0,0,1,0.99942875,0.00057125225,0.99942875
1986,0,0,1,0.9999758,2.417171e-05,0.9999758
5746,0,0,1,0.99992365,7.6327124e-05,0.99992365
13071,1,1,1,9.775162e-06,0.9999902,0.9999902
6491,0,0,1,0.9987069,0.0012931247,0.9987069
2720,0,0,1,0.9959516,0.0040484276,0.9959516
18083,1,1,1,0.00024455786,0.99975544,0.99975544
13823,1,1,1,2.026558e-06,0.999998,0.999998
16614,1,1,1,5.7935715e-05,0.99994206,0.99994206
9430,0,0,1,0.9999987,1.3364534e-06,0.9999987
4947,0,0,1,0.746948,0.25305203,0.746948
11786,1,1,1,9.655952e-06,0.99999034,0.99999034
861,0,0,1,0.9999918,8.219986e-06,0.9999918
9740,0,0,1,0.9999078,9.223527e-05,0.9999078
13622,1,1,1,2.682209e-05,0.9999732,0.9999732
2402,0,0,1,0.999966,3.396533e-05,0.999966
14049,1,1,1,4.7683716e-07,0.9999995,0.9999995
16697,1,1,1,0.0023146868,0.9976853,0.9976853
13736,1,1,1,0.28445458,0.7155454,0.7155454
9116,0,0,1,0.8908544,0.10914559,0.8908544
11329,1,1,1,3.33786e-06,0.99999666,0.99999666
16590,1,0,0,0.99887097,0.0011290073,0.99887097
11376,1,1,1,2.7894974e-05,0.9999721,0.9999721
5017,0,0,1,0.99891645,0.0010835733,0.99891645
2328,0,0,1,0.9997871,0.0002129243,0.9997871
5173,0,0,1,0.9998726,0.00012735561,0.9998726
12981,1,1,1,6.902218e-05,0.999931,0.999931
16720,1,0,0,0.9585603,0.04143971,0.9585603
15887,1,1,1,2.1457672e-06,0.99999785,0.99999785
576,0,0,1,0.9941941,0.005805928,0.9941941
6778,0,0,1,0.9903771,0.0096228905,0.9903771
8051,0,1,0,0.12630653,0.87369347,0.87369347
7450,0,0,1,0.9974733,0.0025267066,0.9974733
3628,0,0,1,0.99947387,0.0005261036,0.99947387
7369,0,0,1,0.99998724,1.2754687e-05,0.99998724
18468,1,1,1,6.4492226e-05,0.9999355,0.9999355
1561,0,0,1,0.99767864,0.0023213562,0.99767864
8339,0,0,1,0.9999983,1.7153653e-06,0.9999983
8993,0,0,1,0.99999964,3.7877626e-07,0.99999964
4260,0,0,1,0.9180446,0.081955366,0.9180446
12764,1,1,1,0.0002233386,0.99977666,0.99977666
807,0,0,1,0.99493486,0.0050651385,0.99493486
14899,1,1,1,4.005432e-05,0.99995995,0.99995995
13077,1,1,1,1.2874603e-05,0.9999871,0.9999871
16793,1,1,1,4.8995018e-05,0.999951,0.999951
13726,1,1,1,7.6293945e-06,0.9999924,0.9999924
8477,0,0,1,0.9986672,0.0013328196,0.9986672
3580,0,0,1,0.9988901,0.0011099128,0.9988901
1876,0,0,1,0.99508864,0.0049113445,0.99508864
17724,1,1,1,8.022785e-05,0.9999198,0.9999198
15627,1,1,1,0.0,1.0,1.0
7419,0,0,1,0.9999362,6.374842e-05,0.9999362
13677,1,1,1,2.9802322e-06,0.999997,0.999997
7577,0,0,1,0.999999,1.0032054e-06,0.999999
4436,0,0,1,0.9999757,2.4332914e-05,0.9999757
12495,1,1,1,2.2649765e-06,0.99999774,0.99999774
8866,0,0,1,0.99999994,5.9377584e-08,0.99999994
11647,1,1,1,3.4570694e-06,0.99999654,0.99999654
9833,0,0,1,0.99999976,2.2503737e-07,0.99999976
15385,1,1,1,0.012807131,0.98719287,0.98719287
14515,1,1,1,0.003621757,0.99637824,0.99637824
3757,0,0,1,0.9995558,0.0004441879,0.9995558
9900,0,0,1,0.99992716,7.286573e-05,0.99992716
7246,0,0,1,0.99997294,2.7036744e-05,0.99997294
9847,0,0,1,0.99999386,6.1126675e-06,0.99999386
18552,1,1,1,1.835823e-05,0.99998164,0.99998164
7155,0,0,1,0.9988538,0.0011461907,0.9988538
2508,0,0,1,0.99817866,0.0018213487,0.99817866
5918,0,0,1,0.9998918,0.00010817987,0.9998918
14806,1,1,1,4.7683716e-06,0.99999523,0.99999523
15900,1,1,1,2.861023e-06,0.99999714,0.99999714
19101,1,1,1,2.3007393e-05,0.999977,0.999977
13869,1,1,1,3.2901764e-05,0.9999671,0.9999671
2574,0,0,1,0.99950236,0.0004976364,0.99950236
960,0,0,1,0.99995273,4.7263886e-05,0.99995273
15879,1,1,1,0.0008304119,0.9991696,0.9991696
15304,1,1,1,0.0,1.0,1.0
11014,1,1,1,2.0742416e-05,0.99997926,0.99997926
2369,0,0,1,0.9998308,0.00016919106,0.9998308
5064,0,0,1,0.9984377,0.0015623115,0.9984377
8098,0,0,1,0.9999997,3.0366326e-07,0.9999997
17282,1,1,1,0.0009402633,0.99905974,0.99905974
8221,0,0,1,0.9999996,4.0943297e-07,0.9999996
2807,0,0,1,0.99913466,0.0008653529,0.99913466
14177,1,1,1,1.1920929e-07,0.9999999,0.9999999
9265,0,0,1,0.9999988,1.188459e-06,0.9999988
4269,0,0,1,0.9995723,0.00042775128,0.9995723
19859,1,1,1,1.4901161e-05,0.9999851,0.9999851
3057,0,0,1,0.99996465,3.535308e-05,0.99996465
9843,0,0,1,0.99997294,2.7050128e-05,0.99997294
5030,0,0,1,0.99992156,7.844672e-05,0.99992156
7187,0,0,1,0.999912,8.795408e-05,0.999912
7420,0,0,1,0.99997383,2.6151058e-05,0.99997383
18881,1,1,1,2.9802322e-06,0.999997,0.999997
18421,1,1,1,0.0080989,0.9919011,0.9919011
3041,0,0,1,0.99993175,6.8245165e-05,0.99993175
18482,1,1,1,2.0980835e-05,0.999979,0.999979
5735,0,0,1,0.9527758,0.047224205,0.9527758
12609,1,1,1,3.695488e-06,0.9999963,0.9999963
7127,0,0,1,0.9998867,0.00011327952,0.9998867
1679,0,0,1,0.8617024,0.1382976,0.8617024
14638,1,1,1,0.0,1.0,1.0
8660,0,0,1,0.99999976,2.1933499e-07,0.99999976
2769,0,0,1,0.993387,0.006613002,0.993387
6294,0,0,1,0.9998657,0.00013428806,0.9998657
8968,0,0,1,0.99985766,0.00014236193,0.99985766
12789,1,1,1,3.9339066e-06,0.99999607,0.99999607
15381,1,1,1,6.4373016e-06,0.99999356,0.99999356
2431,0,0,1,0.9994844,0.00051558134,0.9994844
7254,0,0,1,0.9914187,0.008581253,0.9914187
8042,0,0,1,0.99999774,2.24233e-06,0.99999774
6547,0,0,1,0.99882454,0.0011754732,0.99882454
4298,0,0,1,0.9995014,0.00049858884,0.9995014
4761,0,0,1,0.9999938,6.2249114e-06,0.9999938
14172,1,1,1,0.0,1.0,1.0
13949,1,1,1,0.0,1.0,1.0
7849,0,0,1,0.99999964,3.3716734e-07,0.99999964
339,0,0,1,0.999996,3.9773995e-06,0.999996
16724,1,1,1,1.2755394e-05,0.99998724,0.99998724
9376,0,0,1,0.9999988,1.1685785e-06,0.9999988
3100,0,0,1,0.9999718,2.8189952e-05,0.9999718
11491,1,1,1,0.0001282692,0.99987173,0.99987173
16431,1,0,0,0.9998987,0.000101311496,0.9998987
9414,0,0,1,0.9999968,3.2074165e-06,0.9999968
14754,1,1,1,1.0728836e-05,0.9999893,0.9999893
957,0,0,1,0.9997344,0.00026560557,0.9997344
6079,0,0,1,0.9941965,0.0058035194,0.9941965
13497,1,1,1,3.4570694e-06,0.99999654,0.99999654
15599,1,1,1,9.3102455e-05,0.9999069,0.9999069
13800,1,1,1,1.1920929e-05,0.9999881,0.9999881
14815,1,1,1,1.5497208e-06,0.99999845,0.99999845
17845,1,1,1,0.00046646595,0.99953353,0.99953353
6911,0,0,1,0.99997187,2.8113976e-05,0.99997187
3392,0,0,1,0.99692184,0.0030781897,0.99692184
15130,1,1,1,9.059906e-06,0.99999094,0.99999094
6814,0,0,1,0.9991093,0.00089069427,0.9991093
1022,0,0,1,0.99985826,0.00014171317,0.99985826
10766,1,1,1,2.1100044e-05,0.9999789,0.9999789
14173,1,1,1,0.0,1.0,1.0
14664,1,1,1,1.1920929e-07,0.9999999,0.9999999
9147,0,0,1,0.99999934,6.841615e-07,0.99999934
636,0,0,1,0.99742496,0.0025750373,0.99742496
12945,1,1,1,1.8715858e-05,0.9999813,0.9999813
4108,0,0,1,0.998799,0.0012009792,0.998799
11819,1,1,1,9.536743e-06,0.99999046,0.99999046
3006,0,0,1,0.9984432,0.0015567992,0.9984432
13456,1,1,1,0.00022608042,0.9997739,0.9997739
16227,1,0,0,0.9998645,0.00013550502,0.9998645
15425,1,1,1,8.583069e-06,0.9999914,0.9999914
2366,0,0,1,0.9994636,0.00053635257,0.9994636
7684,0,0,1,0.999992,7.973425e-06,0.999992
10482,1,1,1,4.017353e-05,0.9999598,0.9999598
13128,1,1,1,2.1457672e-05,0.99997854,0.99997854
6169,0,0,1,0.8784719,0.1215281,0.8784719
10065,1,1,1,2.503395e-06,0.9999975,0.9999975
3395,0,0,1,0.99998564,1.4339118e-05,0.99998564
16434,1,0,0,0.990279,0.009720986,0.990279
17486,1,1,1,3.2305717e-05,0.9999677,0.9999677
6377,0,0,1,0.9999019,9.812709e-05,0.9999019
3582,0,0,1,0.99996734,3.2647426e-05,0.99996734
19585,1,1,1,2.348423e-05,0.9999765,0.9999765
10169,1,1,1,2.7418137e-06,0.99999726,0.99999726
12212,1,1,1,0.00016725063,0.99983275,0.99983275
14984,1,1,1,0.00013804436,0.99986196,0.99986196
3357,0,0,1,0.9997416,0.00025838232,0.9997416
9083,0,0,1,0.9999922,7.8034955e-06,0.9999922
11897,1,1,1,8.702278e-06,0.9999913,0.9999913
13268,1,1,1,4.172325e-06,0.9999958,0.9999958
9790,0,0,1,0.99999636,3.6527094e-06,0.99999636
13880,1,1,1,6.3180923e-06,0.9999937,0.9999937
10893,1,1,1,1.5974045e-05,0.999984,0.999984
9556,0,0,1,0.99999845,1.5712989e-06,0.99999845
1249,0,0,1,0.9994625,0.00053749845,0.9994625
9445,0,0,1,0.9999381,6.19263e-05,0.9999381
18201,1,1,1,1.6212463e-05,0.9999838,0.9999838
8868,0,0,1,0.9997402,0.00025983318,0.9997402
2033,0,0,1,0.9995889,0.00041107947,0.9995889
12671,1,1,1,0.0001001358,0.99989986,0.99989986
13455,1,1,1,2.2649765e-06,0.99999774,0.99999774
10359,1,1,1,7.390976e-06,0.9999926,0.9999926
8802,0,0,1,0.9999997,3.1525343e-07,0.9999997
7801,0,0,1,0.9999993,6.945657e-07,0.9999993
13098,1,1,1,1.5854836e-05,0.99998415,0.99998415
3074,0,0,1,0.982358,0.017642042,0.982358
11467,1,1,1,8.46386e-06,0.99999154,0.99999154
4433,0,0,1,0.9997752,0.00022483122,0.9997752
14265,1,1,1,0.0,1.0,1.0
5789,0,0,1,0.9998081,0.00019190832,0.9998081
10351,1,1,1,8.106232e-06,0.9999919,0.9999919
6925,0,0,1,0.9985069,0.0014930917,0.9985069
14835,1,1,1,2.3841858e-07,0.99999976,0.99999976
17628,1,1,1,8.702278e-05,0.999913,0.999913
11035,1,1,1,1.9669533e-05,0.99998033,0.99998033
11149,1,1,1,2.360344e-05,0.9999764,0.9999764
17786,1,1,1,0.00022011995,0.9997799,0.9997799
13313,1,1,1,8.821487e-06,0.9999912,0.9999912
19188,1,1,1,2.3841858e-07,0.99999976,0.99999976
15671,1,1,1,1.9788742e-05,0.9999802,0.9999802
16626,1,1,1,0.26144105,0.73855895,0.73855895
2726,0,0,1,0.999848,0.00015197897,0.999848
11698,1,1,1,2.9802322e-06,0.999997,0.999997
8399,0,0,1,0.999989,1.1028327e-05,0.999989
537,0,0,1,0.9981552,0.0018448356,0.9981552
286,0,0,1,0.9981711,0.0018289133,0.9981711
7432,0,1,0,0.29694515,0.70305485,0.70305485
7344,0,0,1,0.99958616,0.00041381267,0.99958616
13659,1,1,1,3.2186508e-06,0.9999968,0.9999968
18694,1,1,1,1.1920929e-06,0.9999988,0.9999988
10196,1,1,1,0.0001039505,0.99989605,0.99989605
3240,0,0,1,0.99985844,0.00014159053,0.99985844
16761,1,1,1,4.6491623e-06,0.99999535,0.99999535
7694,0,0,1,0.99997103,2.8980197e-05,0.99997103
7777,0,0,1,0.99999994,7.1028396e-08,0.99999994
8946,0,0,1,0.99999976,2.451565e-07,0.99999976
5760,0,0,1,0.9999296,7.038671e-05,0.9999296
2256,0,0,1,0.99980676,0.0001932305,0.99980676
3447,0,0,1,0.99853754,0.0014624838,0.99853754
18715,1,1,1,2.9802322e-05,0.9999702,0.9999702
12569,1,1,1,2.7418137e-06,0.99999726,0.99999726
7233,0,0,1,0.9413753,0.058624677,0.9413753
17237,1,1,1,0.009422302,0.9905777,0.9905777
2605,0,0,1,0.99997056,2.946394e-05,0.99997056
7351,0,0,1,0.99960476,0.00039524387,0.99960476
19131,1,1,1,3.5762787e-07,0.99999964,0.99999964
3431,0,0,1,0.9998127,0.00018730457,0.9998127
13621,1,1,1,2.6226044e-06,0.9999974,0.9999974
15086,1,0,0,0.62701917,0.3729808,0.62701917
10983,1,1,1,1.835823e-05,0.99998164,0.99998164
14539,1,1,1,4.6491623e-06,0.99999535,0.99999535
10103,1,1,1,2.2649765e-06,0.99999774,0.99999774
17296,1,1,1,8.46386e-06,0.99999154,0.99999154
14951,1,1,1,0.00030207634,0.9996979,0.9996979
5520,0,0,1,0.9997143,0.0002856824,0.9997143
892,0,0,1,0.9999813,1.8734589e-05,0.9999813
15288,1,1,1,0.32122093,0.67877907,0.67877907
2072,0,0,1,0.9983218,0.0016782066,0.9983218
18227,1,1,1,4.529953e-06,0.99999547,0.99999547
6314,0,0,1,0.99975383,0.00024615045,0.99975383
7102,0,0,1,0.9956327,0.0043672975,0.9956327
9741,0,0,1,0.9999976,2.3739465e-06,0.9999976
6076,0,0,1,0.99959767,0.0004023429,0.99959767
5562,0,0,1,0.999996,3.9900965e-06,0.999996
1665,0,0,1,0.9999885,1.1521903e-05,0.9999885
15068,1,1,1,0.0047903657,0.99520963,0.99520963
5086,0,0,1,0.9999873,1.27180665e-05,0.9999873
14392,1,1,1,0.00015687943,0.9998431,0.9998431
7003,0,0,1,0.97456604,0.025433974,0.97456604
8231,0,0,1,0.9999996,4.415641e-07,0.9999996
8718,0,0,1,0.9999998,1.6824072e-07,0.9999998
15286,1,1,1,1.2278557e-05,0.9999877,0.9999877
10070,1,1,1,2.4914742e-05,0.9999751,0.9999751
8005,0,0,1,0.999997,2.983623e-06,0.999997
3999,0,0,1,0.99974823,0.00025179944,0.99974823
2140,0,0,1,0.99921143,0.00078856497,0.99921143
5879,0,0,1,0.99984574,0.00015422773,0.99984574
1586,0,0,1,0.99962574,0.00037424525,0.99962574
19849,1,1,1,0.00012671947,0.9998733,0.9998733
12527,1,1,1,3.5762787e-06,0.9999964,0.9999964
9620,0,0,1,0.99999887,1.1115563e-06,0.99999887
12483,1,1,1,1.7881393e-06,0.9999982,0.9999982
2870,0,0,1,0.9999187,8.131684e-05,0.9999187
8610,0,0,1,0.9999997,2.975852e-07,0.9999997
9359,0,0,1,0.99998325,1.6735637e-05,0.99998325
2559,0,0,1,0.9894998,0.0105002085,0.9894998
2636,0,0,1,0.9999934,6.6018815e-06,0.9999934
1233,0,0,1,0.99985135,0.00014863326,0.99985135
16586,1,0,0,0.60370946,0.39629057,0.60370946
12539,1,1,1,2.861023e-06,0.99999714,0.99999714
9332,0,0,1,0.99999964,3.6519396e-07,0.99999964
7527,0,0,1,0.99999976,2.540269e-07,0.99999976
6117,0,0,1,0.99938786,0.0006121589,0.99938786
15598,1,1,1,1.4901161e-05,0.9999851,0.9999851
9658,0,0,1,0.99999934,6.421221e-07,0.99999934
7831,0,0,1,0.99999976,2.3274235e-07,0.99999976
1634,0,0,1,0.9999137,8.6322725e-05,0.9999137
2028,0,0,1,0.99753857,0.0024614036,0.99753857
18525,1,1,1,1.0609627e-05,0.9999894,0.9999894
7644,0,0,1,0.99999756,2.4318285e-06,0.99999756
7957,0,0,1,0.9999991,8.9986213e-07,0.9999991
8967,0,0,1,0.99961764,0.00038234566,0.99961764
1726,0,0,1,0.9999482,5.1776537e-05,0.9999482
13026,1,1,1,0.00010216236,0.99989784,0.99989784
2428,0,0,1,0.922399,0.07760104,0.922399
1199,0,0,1,0.9892373,0.0107626645,0.9892373
10408,1,1,1,1.66893e-06,0.99999833,0.99999833
2048,0,0,1,0.9989934,0.0010066307,0.9989934
2773,0,0,1,0.99984986,0.00015016294,0.99984986
2791,0,0,1,0.99976724,0.00023276494,0.99976724
10827,1,1,1,4.2676926e-05,0.9999573,0.9999573
17452,1,1,1,0.0030934215,0.9969066,0.9969066
1467,0,0,1,0.99943674,0.0005632417,0.99943674
14227,1,1,1,1.1920929e-07,0.9999999,0.9999999
19737,1,1,1,1.1444092e-05,0.99998856,0.99998856
14080,1,1,1,0.00040119886,0.9995988,0.9995988
553,0,0,1,0.9948098,0.005190188,0.9948098
4778,0,0,1,0.9978864,0.0021135763,0.9978864
3736,0,0,1,0.999961,3.8997845e-05,0.999961
6091,0,0,1,0.99577826,0.0042217197,0.99577826
4486,0,0,1,0.99986726,0.00013275807,0.99986726
17927,1,1,1,8.8095665e-05,0.9999119,0.9999119
2065,0,0,1,0.9996711,0.00032888513,0.9996711
19727,1,1,1,2.4318695e-05,0.9999757,0.9999757
2721,0,0,1,0.9991839,0.0008160885,0.9991839
19014,1,1,1,1.3113022e-06,0.9999987,0.9999987
5790,0,0,1,0.9948411,0.0051588914,0.9948411
14288,1,1,1,1.1920929e-07,0.9999999,0.9999999
530,0,0,1,0.9990425,0.0009575097,0.9990425
1646,0,0,1,0.99954283,0.0004571928,0.99954283
7844,0,0,1,0.9999998,1.8735132e-07,0.9999998
14383,1,1,1,0.0,1.0,1.0
14207,1,1,1,2.3841858e-07,0.99999976,0.99999976
2675,0,0,1,0.99778116,0.002218845,0.99778116
13057,1,1,1,2.8967857e-05,0.99997103,0.99997103
1934,0,0,1,0.99976784,0.0002321572,0.99976784
12566,1,1,1,2.2649765e-06,0.99999774,0.99999774
11029,1,1,1,1.13248825e-05,0.9999887,0.9999887
12085,1,1,1,0.00041395426,0.99958605,0.99958605
864,0,0,1,0.99993575,6.422773e-05,0.99993575
6765,0,0,1,0.9957453,0.00425469,0.9957453
9112,0,0,1,0.999997,3.0099648e-06,0.999997
16789,1,1,1,0.00341779,0.9965822,0.9965822
10577,1,1,1,0.00024372339,0.9997563,0.9997563
13426,1,1,1,7.987022e-06,0.999992,0.999992
12417,1,1,1,3.33786e-06,0.99999666,0.99999666
6236,0,0,1,0.99937236,0.00062766287,0.99937236
4301,0,0,1,0.9983244,0.0016756009,0.9983244
11366,1,1,1,7.1525574e-06,0.99999285,0.99999285
17223,1,1,1,1.3113022e-06,0.9999987,0.9999987
9330,0,0,1,0.99997884,2.1182484e-05,0.99997884
15372,1,1,1,0.03835237,0.9616476,0.9616476
18395,1,1,1,0.0016876459,0.99831235,0.99831235
3975,0,0,1,0.9998477,0.00015229579,0.9998477
17533,1,1,1,5.4121017e-05,0.9999459,0.9999459
8805,0,0,1,0.9999998,1.6628589e-07,0.9999998
2117,0,0,1,0.99988085,0.000119128155,0.99988085
12870,1,1,1,8.940697e-06,0.99999106,0.99999106
10040,1,1,1,2.2411346e-05,0.9999776,0.9999776
14171,1,1,1,2.7418137e-06,0.99999726,0.99999726
6541,0,0,1,0.99981827,0.00018172002,0.99981827
12327,1,1,1,8.940697e-06,0.99999106,0.99999106
6639,0,0,1,0.999763,0.00023696986,0.999763
6279,0,1,0,0.11533767,0.88466233,0.88466233
7352,0,0,1,0.9993448,0.00065514445,0.9993448
15728,1,1,1,2.2649765e-06,0.99999774,0.99999774
15773,1,1,1,2.3841858e-07,0.99999976,0.99999976
15194,1,1,1,1.1920929e-07,0.9999999,0.9999999
9047,0,0,1,0.99999905,9.735787e-07,0.99999905
6288,0,0,1,0.9999983,1.7556221e-06,0.9999983
7080,0,0,1,0.99786097,0.0021390428,0.99786097
1332,0,0,1,0.9965261,0.0034738698,0.9965261
967,0,0,1,0.9999733,2.6716465e-05,0.9999733
14624,1,1,1,0.0,1.0,1.0
10534,1,1,1,1.7523766e-05,0.9999825,0.9999825
15508,1,1,1,3.5762787e-07,0.99999964,0.99999964
19163,1,1,1,0.00012493134,0.99987507,0.99987507
10905,1,1,1,7.498264e-05,0.999925,0.999925
19856,1,1,1,4.053116e-06,0.99999595,0.99999595
11415,1,1,1,1.3113022e-05,0.9999869,0.9999869
2444,0,0,1,0.99991214,8.7875436e-05,0.99991214
13033,1,1,1,1.0967255e-05,0.99998903,0.99998903
12207,1,1,1,3.5762787e-06,0.9999964,0.9999964
6151,0,0,1,0.9670216,0.032978404,0.9670216
4805,0,0,1,0.99996394,3.60557e-05,0.99996394
3295,0,0,1,0.99992067,7.932421e-05,0.99992067
7859,0,0,1,0.9999985,1.4983033e-06,0.9999985
7807,0,0,1,0.99999934,6.724057e-07,0.99999934
15714,1,1,1,0.00017434359,0.99982566,0.99982566
7722,0,0,1,0.9999986,1.3606334e-06,0.9999986
11200,1,1,1,3.5762787e-06,0.9999964,0.9999964
13233,1,1,1,9.059906e-06,0.99999094,0.99999094
7806,0,0,1,0.99999744,2.568694e-06,0.99999744
13618,1,1,1,3.20673e-05,0.99996793,0.99996793
11178,1,1,1,2.6226044e-06,0.9999974,0.9999974
16927,1,1,1,0.020969808,0.9790302,0.9790302
1041,0,0,1,0.99972904,0.00027098972,0.99972904
2357,0,0,1,0.99517477,0.0048252363,0.99517477
8716,0,0,1,0.9999995,4.7727843e-07,0.9999995
18873,1,1,1,9.536743e-07,0.99999905,0.99999905
7118,0,0,1,0.9999091,9.090185e-05,0.9999091
15529,1,1,1,3.5762787e-07,0.99999964,0.99999964
1366,0,1,0,0.01965803,0.980342,0.980342
1817,0,0,1,0.99998057,1.9407185e-05,0.99998057
19415,1,1,1,0.0003861785,0.9996138,0.9996138
11187,1,1,1,5.00679e-06,0.999995,0.999995
557,0,0,1,0.9994618,0.0005381705,0.9994618
718,0,0,1,0.9996863,0.00031368615,0.9996863
270,0,0,1,0.99998575,1.4243591e-05,0.99998575
18266,1,1,1,0.0024294257,0.9975706,0.9975706
1253,0,0,1,0.9998141,0.0001858894,0.9998141
6258,0,0,1,0.9264902,0.073509835,0.9264902
14281,1,1,1,2.861023e-06,0.99999714,0.99999714
11643,1,1,1,2.861023e-06,0.99999714,0.99999714
4612,0,0,1,0.9999791,2.092319e-05,0.9999791
17838,1,1,1,3.9577484e-05,0.9999604,0.9999604
17153,1,1,1,3.9935112e-05,0.99996006,0.99996006
9295,0,0,1,0.99998766,1.2354293e-05,0.99998766
12969,1,1,1,5.722046e-06,0.9999943,0.9999943
10431,1,1,1,6.914139e-06,0.9999931,0.9999931
13509,1,1,1,3.5762787e-06,0.9999964,0.9999964
540,0,0,1,0.9259254,0.07407461,0.9259254
5430,0,0,1,0.9301686,0.06983134,0.9301686
17115,1,1,1,0.016287684,0.9837123,0.9837123
828,0,0,1,0.9991758,0.00082421774,0.9991758
13512,1,1,1,3.695488e-05,0.99996305,0.99996305
7281,0,0,1,0.9880922,0.01190781,0.9880922
2666,0,0,1,0.9997376,0.00026237263,0.9997376
8277,0,1,0,0.054605007,0.945395,0.945395
12682,1,1,1,2.861023e-06,0.99999714,0.99999714
61,0,0,1,0.99890167,0.0010983528,0.99890167
18381,1,1,1,1.4662743e-05,0.99998534,0.99998534
17751,1,1,1,0.0020165443,0.99798346,0.99798346
785,0,0,1,0.998768,0.001232003,0.998768
18409,1,1,1,0.0005483031,0.9994517,0.9994517
18408,1,1,1,3.3974648e-05,0.999966,0.999966
19373,1,1,1,2.3841858e-06,0.9999976,0.9999976
8499,0,0,1,0.9999943,5.738801e-06,0.9999943
16646,1,0,0,0.6547004,0.34529957,0.6547004
13120,1,1,1,0.0009301305,0.99906987,0.99906987
5544,0,0,1,0.99995786,4.2144562e-05,0.99995786
18935,1,1,1,2.2649765e-06,0.99999774,0.99999774
8983,0,0,1,0.999997,3.0075403e-06,0.999997
13796,1,1,1,0.00019723177,0.99980277,0.99980277
4494,0,0,1,0.9927417,0.007258279,0.9927417
12659,1,1,1,0.00012516975,0.99987483,0.99987483
4264,0,0,1,0.99901515,0.0009848366,0.99901515
467,0,0,1,0.9994367,0.0005633281,0.9994367
11544,1,1,1,7.069111e-05,0.9999293,0.9999293
17052,1,1,1,0.0010886192,0.9989114,0.9989114
4071,0,0,1,0.99910724,0.0008927695,0.99910724
3742,0,0,1,0.99967545,0.00032456394,0.99967545
7222,0,0,1,0.9991591,0.0008409222,0.9991591
9003,0,0,1,0.9999996,4.3258513e-07,0.9999996
9259,0,0,1,0.99962586,0.00037413894,0.99962586
15026,1,1,1,5.8054924e-05,0.99994195,0.99994195
13472,1,1,1,0.0027694106,0.9972306,0.9972306
11320,1,1,1,4.529953e-06,0.99999547,0.99999547
2714,0,0,1,0.8143209,0.18567908,0.8143209
10572,1,1,1,1.8000603e-05,0.999982,0.999982
295,0,0,1,0.999932,6.798301e-05,0.999932
3877,0,0,1,0.9997912,0.00020878074,0.9997912
3749,0,0,1,0.9999732,2.683909e-05,0.9999732
1961,0,0,1,0.9994155,0.0005844953,0.9994155
2815,0,0,1,0.9996356,0.0003644111,0.9996356
9971,0,0,1,0.9999979,2.0774294e-06,0.9999979
15416,1,1,1,2.1457672e-06,0.99999785,0.99999785
19212,1,1,1,3.5762787e-07,0.99999964,0.99999964
9977,0,0,1,0.99999785,2.1266635e-06,0.99999785
5190,0,0,1,0.99969226,0.00030774807,0.99969226
19751,1,1,1,6.67572e-06,0.9999933,0.9999933
7053,0,0,1,0.9991732,0.00082677265,0.9991732
14908,1,1,1,0.0,1.0,1.0
392,0,0,1,0.99970776,0.0002922202,0.99970776
3720,0,0,1,0.9896997,0.010300262,0.9896997
10647,1,1,1,2.527237e-05,0.9999747,0.9999747
7292,0,0,1,0.9991734,0.0008266045,0.9991734
8312,0,0,1,0.99999624,3.7416603e-06,0.99999624
13417,1,1,1,0.00030505657,0.99969494,0.99969494
1008,0,0,1,0.9986803,0.0013197045,0.9986803
17936,1,1,1,1.0967255e-05,0.99998903,0.99998903
3381,0,0,1,0.99995095,4.9026134e-05,0.99995095
826,0,0,1,0.99573666,0.004263333,0.99573666
7100,0,0,1,0.99884975,0.0011502431,0.99884975
13745,1,1,1,6.914139e-06,0.9999931,0.9999931
3645,0,0,1,0.9996648,0.00033521396,0.9996648
12386,1,1,1,3.9339066e-06,0.99999607,0.99999607
17350,1,1,1,0.3047908,0.6952092,0.6952092
9216,0,0,1,0.9999993,7.4208947e-07,0.9999993
13872,1,1,1,6.914139e-06,0.9999931,0.9999931
7983,0,0,1,0.9999995,4.9062e-07,0.9999995
11044,1,1,1,1.847744e-05,0.9999815,0.9999815
8839,0,0,1,0.9999941,5.8719907e-06,0.9999941
13205,1,1,1,2.2649765e-06,0.99999774,0.99999774
2323,0,0,1,0.99990916,9.085376e-05,0.99990916
13706,1,1,1,0.00028818846,0.9997118,0.9997118
5902,0,0,1,0.9977849,0.0022150804,0.9977849
14854,1,1,1,0.00027531385,0.9997247,0.9997247
11098,1,1,1,2.9683113e-05,0.9999703,0.9999703
15875,1,1,1,9.536743e-07,0.99999905,0.99999905
17954,1,1,1,1.847744e-05,0.9999815,0.9999815
17270,1,1,1,1.4901161e-05,0.9999851,0.9999851
18835,1,1,1,3.0994415e-06,0.9999969,0.9999969
1101,0,0,1,0.9998802,0.00011978176,0.9998802
6239,0,0,1,0.99977547,0.00022451374,0.99977547
17433,1,1,1,1.2755394e-05,0.99998724,0.99998724
3630,0,0,1,0.9999736,2.6382864e-05,0.9999736
4874,0,0,1,0.9999505,4.9444563e-05,0.9999505
14877,1,1,1,0.0,1.0,1.0
6242,0,0,1,0.9993716,0.0006284069,0.9993716
8131,0,0,1,0.99999994,7.529733e-08,0.99999994
2181,0,0,1,0.99996126,3.8739418e-05,0.99996126
6036,0,0,1,0.9987742,0.0012258476,0.9987742
1762,0,0,1,0.99739724,0.0026027607,0.99739724
16618,1,1,1,4.7683716e-07,0.9999995,0.9999995
18402,1,1,1,9.775162e-06,0.9999902,0.9999902
15718,1,1,1,0.002505064,0.99749494,0.99749494
10034,1,1,1,1.3232231e-05,0.99998677,0.99998677
3776,0,0,1,0.9996452,0.00035481414,0.9996452
11782,1,1,1,1.0848045e-05,0.99998915,0.99998915
17146,1,1,1,0.0006072521,0.99939275,0.99939275
7247,0,0,1,0.9998405,0.00015948692,0.9998405
4357,0,0,1,0.9996354,0.0003646073,0.9996354
3178,0,0,1,0.99732244,0.002677548,0.99732244
13684,1,1,1,2.2411346e-05,0.9999776,0.9999776
12885,1,1,1,6.198883e-06,0.9999938,0.9999938
3109,0,0,1,0.999961,3.8970225e-05,0.999961
18463,1,0,0,0.88394636,0.11605363,0.88394636
6375,0,0,1,0.99990696,9.301546e-05,0.99990696
17841,1,1,1,0.0062122345,0.99378777,0.99378777
17464,1,1,1,0.0006594062,0.9993406,0.9993406
6722,0,0,1,0.99997437,2.5643505e-05,0.99997437
15584,1,1,1,8.34465e-07,0.99999917,0.99999917
12418,1,1,1,2.861023e-06,0.99999714,0.99999714
1713,0,0,1,0.9985531,0.0014469079,0.9985531
7269,0,0,1,0.99997854,2.1472515e-05,0.99997854
5151,0,0,1,0.9999335,6.649542e-05,0.9999335
11280,1,1,1,3.695488e-06,0.9999963,0.9999963
12435,1,1,1,3.33786e-06,0.99999666,0.99999666
8453,0,0,1,0.99999934,6.5932534e-07,0.99999934
4860,0,0,1,0.9999332,6.683235e-05,0.9999332
18827,1,1,1,2.1457672e-05,0.99997854,0.99997854
14773,1,1,1,0.0,1.0,1.0
19182,1,1,1,1.5497208e-06,0.99999845,0.99999845
13367,1,1,1,2.849102e-05,0.9999715,0.9999715
18120,1,1,1,0.0006303191,0.9993697,0.9993697
5990,0,0,1,0.9991068,0.0008931524,0.9991068
2163,0,0,1,0.9943594,0.005640625,0.9943594
10947,1,1,1,0.00012099743,0.999879,0.999879
3676,0,0,1,0.9998756,0.00012441432,0.9998756
14847,1,1,1,0.0003915429,0.99960846,0.99960846
2220,0,0,1,0.9998517,0.00014828176,0.9998517
12616,1,1,1,0.00011444092,0.99988556,0.99988556
17689,1,1,1,0.0001603365,0.99983966,0.99983966
18899,1,1,1,1.4305115e-06,0.99999857,0.99999857
3739,0,0,1,0.99990004,9.9935845e-05,0.99990004
1688,0,0,1,0.96484137,0.035158634,0.96484137
10878,1,1,1,2.8967857e-05,0.99997103,0.99997103
17260,1,1,1,0.32465273,0.67534727,0.67534727
8503,0,0,1,0.99999976,2.4054617e-07,0.99999976
9340,0,0,1,0.98944074,0.010559274,0.98944074
14582,1,1,1,0.00016450882,0.9998355,0.9998355
15437,1,1,1,0.012755811,0.9872442,0.9872442
10702,1,1,1,1.335144e-05,0.99998665,0.99998665
12735,1,1,1,1.66893e-06,0.99999833,0.99999833
14604,1,1,1,1.1920929e-07,0.9999999,0.9999999
4198,0,0,1,0.9999949,5.1425e-06,0.9999949
1277,0,0,1,0.9999291,7.091478e-05,0.9999291
3920,0,0,1,0.99983907,0.00016091917,0.99983907
4733,0,0,1,0.9991826,0.0008174447,0.9991826
4927,0,0,1,0.99977344,0.0002265309,0.99977344
4549,0,0,1,0.9999284,7.158197e-05,0.9999284
11939,1,1,1,4.053116e-06,0.99999595,0.99999595
15025,1,1,1,0.0002707839,0.9997292,0.9997292
14511,1,1,1,1.1920929e-07,0.9999999,0.9999999
11276,1,1,1,6.258488e-05,0.9999374,0.9999374
8483,0,0,1,0.99999374,6.250884e-06,0.99999374
9574,0,0,1,0.9999922,7.781038e-06,0.9999922
1313,0,0,1,0.9999734,2.6564008e-05,0.9999734
7176,0,0,1,0.99300265,0.0069973413,0.99300265
9642,0,0,1,0.99999946,5.4359583e-07,0.99999946
15123,1,1,1,0.0019728541,0.99802715,0.99802715
18963,1,1,1,6.4373016e-06,0.99999356,0.99999356
3696,0,0,1,0.99935526,0.00064475177,0.99935526
3105,0,0,1,0.9999219,7.809874e-05,0.9999219
4545,0,0,1,0.9998555,0.00014448233,0.9998555
13874,1,1,1,0.07054454,0.92945546,0.92945546
8667,0,0,1,0.9999997,2.7533105e-07,0.9999997
2205,0,0,1,0.9991094,0.00089063356,0.9991094
16949,1,1,1,1.2993813e-05,0.999987,0.999987
12747,1,1,1,9.3340874e-05,0.99990666,0.99990666
7427,0,0,1,0.9998597,0.00014028655,0.9998597
10727,1,1,1,2.3961067e-05,0.99997604,0.99997604
6,0,0,1,0.99978405,0.0002159667,0.99978405
503,0,0,1,0.99801785,0.0019821527,0.99801785
15141,1,1,1,2.6583672e-05,0.9999734,0.9999734
17750,1,1,1,5.9604645e-06,0.99999404,0.99999404
1275,0,0,1,0.9982157,0.0017843463,0.9982157
6060,0,0,1,0.9999126,8.7381675e-05,0.9999126
10529,1,1,1,1.1920929e-05,0.9999881,0.9999881
6229,0,0,1,0.9997985,0.00020154499,0.9997985
14420,1,1,1,1.1920929e-07,0.9999999,0.9999999
13019,1,1,1,2.8729439e-05,0.9999713,0.9999713
4235,0,0,1,0.9993148,0.00068519416,0.9993148
5105,0,0,1,0.99994487,5.512974e-05,0.99994487
9193,0,0,1,0.99999696,3.025364e-06,0.99999696
14492,1,1,1,2.3841858e-06,0.9999976,0.9999976
5183,0,0,1,0.99673945,0.0032605585,0.99673945
1029,0,0,1,0.9933697,0.006630288,0.9933697
10965,1,1,1,0.00020307302,0.9997969,0.9997969
10062,1,1,1,1.835823e-05,0.99998164,0.99998164
5579,0,0,1,0.99995697,4.3008637e-05,0.99995697
14822,1,1,1,1.5497208e-06,0.99999845,0.99999845
16851,1,1,1,0.00040704012,0.99959296,0.99959296
3158,0,0,1,0.9995036,0.00049641577,0.9995036
10745,1,1,1,2.503395e-06,0.9999975,0.9999975
19695,1,1,1,2.1338463e-05,0.99997866,0.99997866
19747,1,1,1,3.325939e-05,0.99996674,0.99996674
14931,1,1,1,1.0728836e-05,0.9999893,0.9999893
418,0,0,1,0.9997235,0.00027652067,0.9997235
16878,1,1,1,0.055751324,0.9442487,0.9442487
12318,1,1,1,9.179115e-06,0.9999908,0.9999908
11124,1,1,1,2.1100044e-05,0.9999789,0.9999789
7893,0,0,1,0.9999962,3.7973325e-06,0.9999962
8195,0,0,1,0.9999983,1.7219807e-06,0.9999983
318,0,0,1,0.9999353,6.468479e-05,0.9999353
14076,1,1,1,1.4305115e-06,0.99999857,0.99999857
5758,0,0,1,0.99956703,0.0004329731,0.99956703
3118,0,0,1,0.9999858,1.4157975e-05,0.9999858
13799,1,1,1,2.7537346e-05,0.99997246,0.99997246
19753,1,1,1,1.001358e-05,0.99999,0.99999
16252,1,0,0,0.99887055,0.0011294585,0.99887055
6421,0,0,1,0.99981624,0.00018374287,0.99981624
17453,1,1,1,0.00020092726,0.9997991,0.9997991
1073,0,0,1,0.9981044,0.0018956186,0.9981044
19674,1,1,1,4.053116e-06,0.99999595,0.99999595
6987,0,0,1,0.99945205,0.000547945,0.99945205
11901,1,1,1,0.00038552284,0.9996145,0.9996145
15358,1,1,1,0.00031745434,0.99968255,0.99968255
8353,0,0,1,0.9999803,1.9732151e-05,0.9999803
8364,0,0,1,0.99999976,2.3474635e-07,0.99999976
5586,0,0,1,0.99597687,0.004023158,0.99597687
15809,1,1,1,1.1920929e-07,0.9999999,0.9999999
10292,1,1,1,3.0994415e-06,0.9999969,0.9999969
5692,0,0,1,0.99520457,0.004795458,0.99520457
9838,0,0,1,0.9999993,7.3785884e-07,0.9999993
2646,0,0,1,0.9997097,0.00029024747,0.9997097
4789,0,0,1,0.99978966,0.00021036292,0.99978966
16050,1,1,1,0.10458583,0.8954142,0.8954142
7331,0,0,1,0.9993956,0.00060438615,0.9993956
17690,1,1,1,6.377697e-05,0.9999362,0.9999362
5253,0,0,1,0.99890476,0.0010952543,0.99890476
7985,0,0,1,0.9999917,8.283223e-06,0.9999917
13274,1,1,1,0.00023752451,0.9997625,0.9997625
9811,0,0,1,0.99999976,2.3767753e-07,0.99999976
13001,1,1,1,4.887581e-06,0.9999951,0.9999951
6784,0,0,1,0.9999964,3.5533983e-06,0.9999964
14005,1,1,1,0.0,1.0,1.0
2864,0,0,1,0.9999747,2.5253386e-05,0.9999747
11692,1,1,1,2.7418137e-06,0.99999726,0.99999726
6653,0,0,1,0.99995524,4.47867e-05,0.99995524
13083,1,1,1,6.7949295e-05,0.99993205,0.99993205
256,0,0,1,0.9772929,0.022707097,0.9772929
14846,1,1,1,0.0020498633,0.99795014,0.99795014
6749,0,0,1,0.977526,0.02247397,0.977526
10596,1,1,1,2.0623207e-05,0.9999794,0.9999794
17474,1,1,1,2.0742416e-05,0.99997926,0.99997926
15916,1,1,1,1.1920929e-07,0.9999999,0.9999999
14250,1,1,1,0.0001308918,0.9998691,0.9998691
5893,0,0,1,0.9687712,0.031228803,0.9687712
5802,0,0,1,0.98921716,0.010782813,0.98921716
12635,1,1,1,1.50203705e-05,0.999985,0.999985
8246,0,0,1,0.9984304,0.0015696215,0.9984304
11173,1,1,1,2.6226044e-06,0.9999974,0.9999974
1496,0,0,1,0.9998943,0.00010568967,0.9998943
4552,0,0,1,0.9973335,0.0026664624,0.9973335
2739,0,0,1,0.99995834,4.1635398e-05,0.99995834
630,0,0,1,0.9997495,0.0002505016,0.9997495
16956,1,0,0,0.99841106,0.0015889284,0.99841106
14174,1,1,1,0.0007329583,0.99926704,0.99926704
7044,0,0,1,0.9994624,0.0005375868,0.9994624
1950,0,0,1,0.99982476,0.00017522034,0.99982476
4179,0,0,1,0.9996157,0.00038424614,0.9996157
19121,1,1,1,0.05205208,0.9479479,0.9479479
1829,0,0,1,0.9998895,0.00011053021,0.9998895
7710,0,0,1,0.99999976,2.6442243e-07,0.99999976
19909,1,1,1,2.861023e-06,0.99999714,0.99999714
11105,1,1,1,2.0623207e-05,0.9999794,0.9999794
8817,0,0,1,0.9999996,3.9750074e-07,0.9999996
6295,0,0,1,0.99998224,1.7760454e-05,0.99998224
3891,0,0,1,0.9939278,0.0060722306,0.9939278
8882,0,0,1,0.9999995,4.5780425e-07,0.9999995
15300,1,1,1,8.34465e-07,0.99999917,0.99999917
7001,0,0,1,0.6678005,0.3321995,0.6678005
1556,0,0,1,0.9825133,0.017486677,0.9825133
4736,0,0,1,0.9987099,0.0012900984,0.9987099
10375,1,1,1,7.6293945e-06,0.9999924,0.9999924
3355,0,0,1,0.99943703,0.00056297117,0.99943703
952,0,0,1,0.9883507,0.011649288,0.9883507
14318,1,1,1,2.7418137e-06,0.99999726,0.99999726
5766,0,0,1,0.9962644,0.003735621,0.9962644
13643,1,1,1,7.987022e-06,0.999992,0.999992
13601,1,1,1,6.198883e-06,0.9999938,0.9999938
9059,0,0,1,0.9999989,1.0916164e-06,0.9999989
1998,0,0,1,0.9998099,0.00019008156,0.9998099
5347,0,0,1,0.97759414,0.022405885,0.97759414
1811,0,0,1,0.99974644,0.00025352836,0.99974644
19549,1,1,1,9.179115e-06,0.9999908,0.9999908
6414,0,0,1,0.9998927,0.00010730944,0.9998927
13842,1,1,1,2.3126602e-05,0.9999769,0.9999769
8755,0,0,1,0.9999977,2.298809e-06,0.9999977
4188,0,0,1,0.5665736,0.43342638,0.5665736
18318,1,1,1,2.7179718e-05,0.9999728,0.9999728
10469,1,1,1,4.4107437e-06,0.9999956,0.9999956
11620,1,1,1,2.9802322e-06,0.999997,0.999997
10838,1,1,1,3.6478043e-05,0.9999635,0.9999635
12408,1,1,1,2.3841858e-06,0.9999976,0.9999976
18076,1,1,1,0.0005078316,0.99949217,0.99949217
3343,0,0,1,0.9995764,0.00042361912,0.9995764
17605,1,1,1,0.009436965,0.99056304,0.99056304
956,0,0,1,0.99997634,2.3650775e-05,0.99997634
11720,1,1,1,2.861023e-06,0.99999714,0.99999714
3369,0,0,1,0.99615365,0.003846351,0.99615365
14417,1,1,1,2.861023e-06,0.99999714,0.99999714
15132,1,1,1,0.006254792,0.9937452,0.9937452
17110,1,0,0,0.8356765,0.16432352,0.8356765
3639,0,0,1,0.99979854,0.00020149292,0.99979854
3274,0,0,1,0.9993083,0.0006917333,0.9993083
14357,1,1,1,0.0,1.0,1.0
18246,1,1,1,2.2649765e-05,0.99997735,0.99997735
560,0,0,1,0.99990445,9.555287e-05,0.99990445
10993,1,1,1,2.348423e-05,0.9999765,0.9999765
4638,0,0,1,0.98423946,0.015760519,0.98423946
2748,0,0,1,0.9998064,0.00019358586,0.9998064
3684,0,0,1,0.99932885,0.0006711278,0.99932885
18634,1,1,1,1.4305115e-05,0.9999857,0.9999857
12285,1,0,0,0.59272075,0.40727922,0.59272075
9853,0,0,1,0.9999998,1.6324e-07,0.9999998
207,0,0,1,0.999057,0.0009430346,0.999057
3125,0,0,1,0.99993384,6.614008e-05,0.99993384
18768,1,1,1,7.033348e-06,0.99999297,0.99999297
10750,1,1,1,1.513958e-05,0.99998486,0.99998486
1070,0,0,1,0.8218065,0.17819352,0.8218065
18759,1,1,1,4.7683716e-07,0.9999995,0.9999995
18297,1,1,1,6.3180923e-06,0.9999937,0.9999937
8696,0,0,1,0.9999529,4.7072674e-05,0.9999529
4659,0,0,1,0.999271,0.00072901475,0.999271
13700,1,1,1,2.4437904e-05,0.99997556,0.99997556
16078,1,0,0,0.8958337,0.10416633,0.8958337
6173,0,0,1,0.99954873,0.00045126825,0.99954873
9368,0,0,1,0.9999993,7.2003746e-07,0.9999993
9410,0,0,1,0.9999997,2.711925e-07,0.9999997
11429,1,1,1,3.9219856e-05,0.9999608,0.9999608
8692,0,0,1,0.9999998,1.9112575e-07,0.9999998
8346,0,0,1,0.9999881,1.1911724e-05,0.9999881
10478,1,1,1,4.172325e-06,0.9999958,0.9999958
16259,1,0,0,0.99817353,0.0018264889,0.99817353
13041,1,1,1,4.4107437e-05,0.9999559,0.9999559
14016,1,1,1,1.0728836e-06,0.9999989,0.9999989
1395,0,0,1,0.9981138,0.0018861899,0.9981138
15833,1,1,1,0.0,1.0,1.0
5536,0,0,1,0.99527174,0.0047282297,0.99527174
12629,1,1,1,4.2915344e-06,0.9999957,0.9999957
10175,1,1,1,3.4689903e-05,0.9999653,0.9999653
5238,0,1,0,0.16028923,0.8397108,0.8397108
16081,1,1,1,0.016027927,0.9839721,0.9839721
8788,0,0,1,0.99999964,3.3178307e-07,0.99999964
6029,0,0,1,0.9998072,0.0001928252,0.9998072
14736,1,1,1,0.012443185,0.9875568,0.9875568
12610,1,1,1,3.9339066e-06,0.99999607,0.99999607
16707,1,1,1,0.01460886,0.98539114,0.98539114
3761,0,0,1,0.9989031,0.0010969024,0.9989031
10720,1,1,1,4.172325e-06,0.9999958,0.9999958
15360,1,1,1,0.00014662743,0.9998534,0.9998534
7642,0,0,1,0.9999991,9.1335585e-07,0.9999991
3292,0,0,1,0.99979126,0.00020871208,0.99979126
19061,1,1,1,1.66893e-05,0.9999833,0.9999833
12834,1,1,1,9.5009804e-05,0.999905,0.999905
14300,1,1,1,0.0,1.0,1.0
6230,0,0,1,0.9998573,0.00014270307,0.9998573
13610,1,1,1,1.168251e-05,0.9999883,0.9999883
10198,1,1,1,3.0994415e-06,0.9999969,0.9999969
13069,1,1,1,9.417534e-06,0.9999906,0.9999906
7138,0,0,1,0.9997866,0.00021338137,0.9997866
1582,0,0,1,0.99998116,1.8833092e-05,0.99998116
6781,0,0,1,0.99600405,0.003995926,0.99600405
9211,0,0,1,0.99999934,6.340035e-07,0.99999934
8126,0,0,1,0.9999991,8.669552e-07,0.9999991
11898,1,1,1,7.987022e-06,0.999992,0.999992
7099,0,0,1,0.9999905,9.4751385e-06,0.9999905
9377,0,0,1,0.9999995,4.6372006e-07,0.9999995
11904,1,1,1,8.34465e-06,0.99999166,0.99999166
11273,1,1,1,3.33786e-06,0.99999666,0.99999666
4496,0,0,1,0.9999928,7.201224e-06,0.9999928
15291,1,1,1,0.0010767579,0.99892324,0.99892324
7036,0,0,1,0.99920493,0.00079504965,0.99920493
2833,0,0,1,0.99518913,0.004810878,0.99518913
4432,0,0,1,0.99997145,2.8541177e-05,0.99997145
9188,0,0,1,0.6414701,0.35852996,0.6414701
19097,1,1,1,1.0728836e-06,0.9999989,0.9999989
17405,1,1,1,8.904934e-05,0.99991095,0.99991095
14556,1,1,1,1.0251999e-05,0.99998975,0.99998975
10381,1,1,1,3.5762787e-06,0.9999964,0.9999964
5044,0,0,1,0.9999987,1.3278944e-06,0.9999987
11274,1,1,1,3.5762787e-06,0.9999964,0.9999964
11281,1,1,1,4.172325e-06,0.9999958,0.9999958
8443,0,0,1,0.999257,0.000742986,0.999257
2558,0,0,1,0.99981815,0.000181832,0.99981815
12513,1,1,1,2.2649765e-06,0.99999774,0.99999774
15512,1,1,1,0.0,1.0,1.0
15931,1,1,1,2.1457672e-06,0.99999785,0.99999785
699,0,0,1,0.99995977,4.021566e-05,0.99995977
7604,0,0,1,0.9981467,0.0018533001,0.9981467
4144,0,0,1,0.9996235,0.0003765277,0.9996235
1354,0,0,1,0.9999945,5.46424e-06,0.9999945
10863,1,1,1,6.818771e-05,0.9999318,0.9999318
405,0,0,1,0.9998792,0.000120820725,0.9998792
14169,1,0,0,0.52182174,0.47817823,0.52182174
8121,0,0,1,0.9999996,3.9746362e-07,0.9999996
6945,0,0,1,0.9083138,0.091686174,0.9083138
7242,0,0,1,0.9617968,0.0382032,0.9617968
9749,0,0,1,0.9999926,7.4077607e-06,0.9999926
16993,1,0,0,0.9999809,1.9071831e-05,0.9999809
11655,1,1,1,2.861023e-06,0.99999714,0.99999714
15734,1,1,1,0.0,1.0,1.0
8948,0,0,1,0.99999946,5.4039214e-07,0.99999946
17500,1,1,1,8.404255e-05,0.99991596,0.99991596
1123,0,0,1,0.99997646,2.3572213e-05,0.99997646
1592,0,0,1,0.99996024,3.97622e-05,0.99996024
14401,1,1,1,3.6478043e-05,0.9999635,0.9999635
14565,1,1,1,1.1920929e-07,0.9999999,0.9999999
16415,1,0,0,0.99949276,0.00050726533,0.99949276
19110,1,1,1,7.1525574e-07,0.9999993,0.9999993
3507,0,0,1,0.9980437,0.001956297,0.9980437
1151,0,0,1,0.99993926,6.0707996e-05,0.99993926
10391,1,1,1,2.7418137e-06,0.99999726,0.99999726
4548,0,0,1,0.9997795,0.00022046821,0.9997795
4233,0,0,1,0.999573,0.00042698436,0.999573
524,0,0,1,0.9905437,0.009456252,0.9905437
5127,0,0,1,0.9931291,0.0068709133,0.9931291
16706,1,1,1,0.25164044,0.74835956,0.74835956
543,0,0,1,0.99916863,0.00083133846,0.99916863
11930,1,1,1,4.529953e-06,0.99999547,0.99999547
4110,0,0,1,0.9996809,0.00031911628,0.9996809
11107,1,1,1,8.583069e-06,0.9999914,0.9999914
8933,0,0,1,0.9999913,8.692097e-06,0.9999913
572,0,0,1,0.9995722,0.0004277992,0.9995722
5531,0,1,0,0.31890392,0.6810961,0.6810961
19123,1,1,1,2.3841858e-07,0.99999976,0.99999976
4359,0,0,1,0.99988204,0.00011794664,0.99988204
17937,1,1,1,1.001358e-05,0.99999,0.99999
4074,0,0,1,0.9897045,0.010295499,0.9897045
261,0,0,1,0.9998892,0.00011080119,0.9998892
8136,0,0,1,0.9999995,4.8230476e-07,0.9999995
14223,1,1,1,0.0,1.0,1.0
3819,0,0,1,0.99963605,0.00036396706,0.99963605
19094,1,1,1,3.5762787e-07,0.99999964,0.99999964
14027,1,1,1,1.1920929e-07,0.9999999,0.9999999
17328,1,1,1,4.4465065e-05,0.99995553,0.99995553
8973,0,0,1,0.9996073,0.0003926838,0.9996073
15207,1,1,1,0.014768362,0.98523164,0.98523164
7046,0,0,1,0.9927412,0.007258756,0.9927412
10678,1,1,1,1.3113022e-06,0.9999987,0.9999987
16594,1,1,1,0.051448822,0.9485512,0.9485512
10404,1,1,1,2.2649765e-06,0.99999774,0.99999774
11768,1,1,1,4.887581e-06,0.9999951,0.9999951
16634,1,1,1,0.00096452236,0.9990355,0.9990355
925,0,0,1,0.9998588,0.0001411741,0.9998588
7484,0,0,1,0.98454213,0.015457869,0.98454213
7228,0,0,1,0.9998143,0.00018570977,0.9998143
17450,1,1,1,4.3153763e-05,0.99995685,0.99995685
3171,0,0,1,0.99999076,9.209056e-06,0.99999076
4738,0,0,1,0.99976367,0.00023632456,0.99976367
4207,0,0,1,0.9150582,0.084941804,0.9150582
4446,0,0,1,0.9976694,0.0023305782,0.9976694
10477,1,1,1,1.50203705e-05,0.999985,0.999985
8242,0,0,1,0.99999434,5.6550048e-06,0.99999434
18820,1,1,1,2.1457672e-06,0.99999785,0.99999785
11638,1,1,1,7.033348e-06,0.99999297,0.99999297
7393,0,0,1,0.996981,0.003018961,0.996981
17049,1,1,1,0.05848837,0.94151163,0.94151163
18424,1,1,1,2.4437904e-05,0.99997556,0.99997556
13353,1,1,1,0.0029714704,0.9970285,0.9970285
15054,1,1,1,0.0003592968,0.9996407,0.9996407
18767,1,1,1,2.3841858e-06,0.9999976,0.9999976
8534,0,0,1,0.9999985,1.5060047e-06,0.9999985
14183,1,1,1,8.46386e-06,0.99999154,0.99999154
15548,1,1,1,1.1920929e-07,0.9999999,0.9999999
17587,1,1,1,2.5868416e-05,0.99997413,0.99997413
18185,1,1,1,0.0004209876,0.999579,0.999579
8003,0,0,1,0.99999756,2.431583e-06,0.99999756
15426,1,1,1,0.036548078,0.9634519,0.9634519
14482,1,1,1,0.0027623177,0.9972377,0.9972377
16089,1,0,0,0.93986243,0.060137544,0.93986243
10635,1,1,1,1.2874603e-05,0.9999871,0.9999871
7340,0,0,1,0.9902386,0.00976139,0.9902386
14432,1,1,1,1.1920929e-07,0.9999999,0.9999999
7834,0,0,1,0.999998,2.0384045e-06,0.999998
3764,0,0,1,0.99995923,4.0773513e-05,0.99995923
12739,1,1,1,2.3841858e-06,0.9999976,0.9999976
1078,0,0,1,0.99987936,0.000120666904,0.99987936
14917,1,1,1,3.8146973e-06,0.9999962,0.9999962
8556,0,0,1,0.99999964,3.795613e-07,0.99999964
2001,0,0,1,0.9999187,8.127521e-05,0.9999187
17810,1,1,1,0.00015425682,0.99984574,0.99984574
6213,0,0,1,0.99653745,0.0034625612,0.99653745
7544,0,0,1,0.9999987,1.3164805e-06,0.9999987
5783,0,0,1,0.99997926,2.0713007e-05,0.99997926
5464,0,0,1,0.9991383,0.0008617066,0.9991383
391,0,0,1,0.9992303,0.00076967466,0.9992303
12072,1,1,1,0.0015242696,0.99847573,0.99847573
3912,0,0,1,0.99068165,0.009318333,0.99068165
9402,0,0,1,0.9999992,7.676719e-07,0.9999992
3328,0,0,1,0.9998101,0.0001898897,0.9998101
11989,1,1,1,0.00033175945,0.99966824,0.99966824
7401,0,0,1,0.9127625,0.08723748,0.9127625
10890,1,1,1,1.5377998e-05,0.9999846,0.9999846
1390,0,0,1,0.99980915,0.00019083191,0.99980915
584,0,0,1,0.99997574,2.4242883e-05,0.99997574
18082,1,1,1,0.001388669,0.99861133,0.99861133
17208,1,1,1,0.011741698,0.9882583,0.9882583
19220,1,1,1,1.5497208e-06,0.99999845,0.99999845
1805,0,0,1,0.99961203,0.00038793738,0.99961203
16873,1,1,1,4.053116e-06,0.99999595,0.99999595
10656,1,1,1,1.5497208e-05,0.9999845,0.9999845
17023,1,1,1,3.2186508e-06,0.9999968,0.9999968
11234,1,1,1,3.5762787e-06,0.9999964,0.9999964
19250,1,1,1,1.0728836e-06,0.9999989,0.9999989
18403,1,1,1,7.1525574e-06,0.99999285,0.99999285
18347,1,1,1,0.00018805265,0.99981195,0.99981195
4176,0,0,1,0.9999494,5.060011e-05,0.9999494
13977,1,1,1,7.1525574e-07,0.9999993,0.9999993
11735,1,1,1,1.4543533e-05,0.99998546,0.99998546
11440,1,1,1,8.761883e-05,0.9999124,0.9999124
17467,1,1,1,0.00041645765,0.99958354,0.99958354
6123,0,0,1,0.9999041,9.591209e-05,0.9999041
1758,0,0,1,0.9998164,0.0001836024,0.9998164
2480,0,0,1,0.9841104,0.015889583,0.9841104
9716,0,0,1,0.99999624,3.7693417e-06,0.99999624
2921,0,0,1,0.99195385,0.008046125,0.99195385
15462,1,1,1,4.7683716e-07,0.9999995,0.9999995
15586,1,1,1,7.1525574e-07,0.9999993,0.9999993
7241,0,0,1,0.999951,4.90108e-05,0.999951
11388,1,1,1,2.6226044e-05,0.9999738,0.9999738
5963,0,0,1,0.9247329,0.07526709,0.9247329
4663,0,0,1,0.99990344,9.654091e-05,0.99990344
9107,0,0,1,0.9999998,1.7178441e-07,0.9999998
11944,1,1,1,1.8119812e-05,0.9999819,0.9999819
4894,0,0,1,0.99718726,0.0028127693,0.99718726
19161,1,1,1,2.3841858e-07,0.99999976,0.99999976
10832,1,1,1,4.720688e-05,0.9999528,0.9999528
9763,0,0,1,0.99998283,1.715335e-05,0.99998283
4154,0,0,1,0.9904553,0.009544648,0.9904553
14081,1,1,1,0.0,1.0,1.0
6810,0,0,1,0.99980855,0.00019147657,0.99980855
12279,1,1,1,9.417534e-06,0.9999906,0.9999906
5102,0,0,1,0.99994785,5.2179268e-05,0.99994785
11704,1,1,1,2.503395e-06,0.9999975,0.9999975
14576,1,1,1,8.940697e-06,0.99999106,0.99999106
18823,1,1,1,4.4107437e-06,0.9999956,0.9999956
4143,0,0,1,0.999977,2.300326e-05,0.999977
9928,0,0,1,0.9999998,1.7472574e-07,0.9999998
2872,0,0,1,0.999893,0.000107010244,0.999893
8191,0,0,1,0.9999976,2.4113767e-06,0.9999976
11373,1,1,1,2.5629997e-05,0.99997437,0.99997437
15312,1,1,1,0.0024855137,0.9975145,0.9975145
10256,1,1,1,3.0994415e-06,0.9999969,0.9999969
6603,0,0,1,0.9998683,0.00013174831,0.9998683
19210,1,1,1,1.7523766e-05,0.9999825,0.9999825
19224,1,1,1,4.7802925e-05,0.9999522,0.9999522
19098,1,1,1,1.8119812e-05,0.9999819,0.9999819
8997,0,0,1,0.999994,6.0221823e-06,0.999994
5117,0,0,1,0.9999849,1.5095007e-05,0.9999849
9708,0,0,1,0.9999997,3.06695e-07,0.9999997
2386,0,0,1,0.9997914,0.00020860106,0.9997914
1606,0,0,1,0.9995744,0.00042559073,0.9995744
12728,1,1,1,7.104874e-05,0.99992895,0.99992895
1668,0,0,1,0.9999477,5.230287e-05,0.9999477
8906,0,0,1,0.99999964,3.4407617e-07,0.99999964
11192,1,1,1,4.7683716e-06,0.99999523,0.99999523
7207,0,1,0,0.37097234,0.62902766,0.62902766
10811,1,1,1,2.002716e-05,0.99998,0.99998
2540,0,0,1,0.9998653,0.00013472799,0.9998653
12411,1,1,1,4.172325e-06,0.9999958,0.9999958
19687,1,1,1,5.4836273e-06,0.9999945,0.9999945
15147,1,1,1,0.00011098385,0.999889,0.999889
12054,1,1,1,0.0021073222,0.9978927,0.9978927
6870,0,0,1,0.9996273,0.00037273736,0.9996273
11649,1,1,1,1.3113022e-06,0.9999987,0.9999987
10517,1,1,1,4.887581e-06,0.9999951,0.9999951
15706,1,1,1,8.34465e-07,0.99999917,0.99999917
16817,1,1,1,0.39954597,0.60045403,0.60045403
6777,0,0,1,0.99676454,0.0032354742,0.99676454
3680,0,0,1,0.9999458,5.4198637e-05,0.9999458
11881,1,1,1,1.0728836e-05,0.9999893,0.9999893
7645,0,0,1,0.99999934,6.627011e-07,0.99999934
11512,1,1,1,9.059906e-06,0.99999094,0.99999094
13617,1,1,1,3.0755997e-05,0.99996924,0.99996924
1064,0,0,1,0.99998534,1.4658605e-05,0.99998534
10763,1,1,1,3.5881996e-05,0.9999641,0.9999641
7562,0,0,1,0.9999996,4.254738e-07,0.9999996
2984,0,0,1,0.99974847,0.00025150407,0.99974847
3084,0,0,1,0.99952704,0.00047298562,0.99952704
6574,0,0,1,0.84191674,0.15808327,0.84191674
10515,1,1,1,2.5987625e-05,0.999974,0.999974
7193,0,0,1,0.9995436,0.00045640793,0.9995436
7561,0,0,1,0.9999862,1.3857074e-05,0.9999862
7327,0,0,1,0.99999297,7.0394153e-06,0.99999297
1605,0,0,1,0.99997604,2.3961573e-05,0.99997604
14749,1,1,1,1.6570091e-05,0.99998343,0.99998343
4812,0,0,1,0.9999428,5.722993e-05,0.9999428
8155,0,0,1,0.99999803,1.9909135e-06,0.99999803
11402,1,1,1,2.3007393e-05,0.999977,0.999977
4189,0,0,1,0.9984463,0.0015536968,0.9984463
2404,0,0,1,0.999422,0.0005779791,0.999422
10330,1,1,1,1.0728836e-05,0.9999893,0.9999893
22,0,0,1,0.99576926,0.0042307517,0.99576926
15209,1,1,1,7.581711e-05,0.9999242,0.9999242
141,0,0,1,0.99743575,0.0025642773,0.99743575
4407,0,0,1,0.9965624,0.0034376006,0.9965624
5316,0,0,1,0.9997448,0.00025524065,0.9997448
5320,0,0,1,0.9999288,7.123985e-05,0.9999288
607,0,0,1,0.9971328,0.002867198,0.9971328
1734,0,1,0,0.10913819,0.8908618,0.8908618
16609,1,1,1,0.44772422,0.5522758,0.5522758
420,0,0,1,0.999714,0.0002859696,0.999714
73,0,0,1,0.9999449,5.5075143e-05,0.9999449
13889,1,1,1,3.2186508e-06,0.9999968,0.9999968
5566,0,1,0,0.00065487623,0.9993451,0.9993451
12449,1,1,1,5.6028366e-06,0.9999944,0.9999944
16764,1,1,1,2.348423e-05,0.9999765,0.9999765
4493,0,0,1,0.9975596,0.002440404,0.9975596
16100,1,0,0,0.9992941,0.0007059032,0.9992941
14942,1,1,1,1.5497208e-06,0.99999845,0.99999845
12404,1,1,1,2.9802322e-06,0.999997,0.999997
2066,0,0,1,0.99979764,0.0002023535,0.99979764
19383,1,1,1,3.9339066e-06,0.99999607,0.99999607
11745,1,1,1,4.2915344e-06,0.9999957,0.9999957
17660,1,1,1,0.0007482171,0.9992518,0.9992518
18546,1,1,1,2.026558e-05,0.99997973,0.99997973
7165,0,0,1,0.99999714,2.8556813e-06,0.99999714
19047,1,1,1,0.0011653304,0.99883467,0.99883467
6989,0,0,1,0.998506,0.001494014,0.998506
6738,0,0,1,0.99902475,0.00097523426,0.99902475
1960,0,0,1,0.5432215,0.45677853,0.5432215
1017,0,0,1,0.9964924,0.003507626,0.9964924
18658,1,1,1,5.722046e-06,0.9999943,0.9999943
307,0,0,1,0.9999467,5.326537e-05,0.9999467
1268,0,0,1,0.9905965,0.00940355,0.9905965
561,0,0,1,0.9999796,2.0363319e-05,0.9999796
8494,0,0,1,0.9999999,1.0729152e-07,0.9999999
2191,0,0,1,0.99994653,5.3449312e-05,0.99994653
12343,1,1,1,1.2278557e-05,0.9999877,0.9999877
6938,0,0,1,0.9886963,0.0113037145,0.9886963
6678,0,0,1,0.9994829,0.00051705557,0.9994829
16397,1,0,0,0.9737046,0.026295433,0.9737046
9613,0,0,1,0.9999991,8.6615194e-07,0.9999991
17836,1,1,1,3.159046e-05,0.9999684,0.9999684
689,0,0,1,0.9999492,5.081166e-05,0.9999492
12855,1,1,1,3.6120415e-05,0.9999639,0.9999639
7968,0,0,1,0.9999205,7.954031e-05,0.9999205
2199,0,0,1,0.9999902,9.772031e-06,0.9999902
2483,0,0,1,0.99998236,1.7634768e-05,0.99998236
4974,0,0,1,0.9997434,0.0002566215,0.9997434
18380,1,1,1,0.00018781424,0.9998122,0.9998122
5250,0,0,1,0.9998882,0.00011180245,0.9998882
13901,1,1,1,1.0848045e-05,0.99998915,0.99998915
16877,1,1,1,0.00104177,0.99895823,0.99895823
13587,1,1,1,1.4305115e-06,0.99999857,0.99999857
6191,0,0,1,0.99993896,6.101607e-05,0.99993896
17697,1,1,1,0.07008749,0.9299125,0.9299125
18431,1,1,1,1.1920929e-05,0.9999881,0.9999881
10580,1,1,1,3.695488e-05,0.99996305,0.99996305
9436,0,0,1,0.9999991,8.806405e-07,0.9999991
1066,0,0,1,0.9978159,0.00218412,0.9978159
15034,1,0,0,0.67357236,0.32642764,0.67357236
16649,1,0,0,0.9966771,0.0033229252,0.9966771
14928,1,1,1,1.4305115e-06,0.99999857,0.99999857
14042,1,1,1,0.0,1.0,1.0
15760,1,1,1,0.0,1.0,1.0
6566,0,0,1,0.98617977,0.013820214,0.98617977
8057,0,0,1,0.99999905,9.717644e-07,0.99999905
4347,0,0,1,0.99996454,3.5440476e-05,0.99996454
13550,1,1,1,3.5762787e-06,0.9999964,0.9999964
5761,0,0,1,0.9998589,0.00014111017,0.9998589
12971,1,1,1,1.4305115e-05,0.9999857,0.9999857
17294,1,1,1,1.7166138e-05,0.99998283,0.99998283
12459,1,1,1,5.722046e-06,0.9999943,0.9999943
12222,1,1,1,1.1563301e-05,0.99998844,0.99998844
15481,1,1,1,3.2186508e-06,0.9999968,0.9999968
2924,0,0,1,0.99515206,0.0048479647,0.99515206
4168,0,0,1,0.99851453,0.0014854394,0.99851453
11246,1,1,1,5.722046e-06,0.9999943,0.9999943
15509,1,1,1,1.4305115e-06,0.99999857,0.99999857
14500,1,1,1,1.1920929e-07,0.9999999,0.9999999
17225,1,1,1,6.687641e-05,0.9999331,0.9999331
18922,1,1,1,2.3841858e-06,0.9999976,0.9999976
11926,1,1,1,0.00025600195,0.999744,0.999744
4643,0,0,1,0.999093,0.00090702885,0.999093
14466,1,1,1,4.7683716e-07,0.9999995,0.9999995
1242,0,0,1,0.9995123,0.00048769603,0.9995123
1909,0,0,1,0.999259,0.0007410333,0.999259
11716,1,1,1,5.364418e-06,0.99999464,0.99999464
7447,0,0,1,0.99835795,0.0016420534,0.99835795
12679,1,1,1,7.033348e-06,0.99999297,0.99999297
2867,0,0,1,0.9997309,0.00026911995,0.9997309
2429,0,0,1,0.99400645,0.005993545,0.99400645
11834,1,1,1,7.6293945e-06,0.9999924,0.9999924
12004,1,1,1,2.2172928e-05,0.9999778,0.9999778
5394,0,0,1,0.9999547,4.530493e-05,0.9999547
3815,0,0,1,0.9664828,0.03351717,0.9664828
13952,1,1,1,7.6293945e-06,0.9999924,0.9999924
17535,1,1,1,0.00072807074,0.9992719,0.9992719
2746,0,0,1,0.99654937,0.0034506281,0.99654937
12097,1,1,1,7.9870224e-05,0.9999201,0.9999201
3428,0,0,1,0.99988246,0.000117529664,0.99988246
8648,0,0,1,0.9999996,4.2253853e-07,0.9999996
14363,1,1,1,0.0,1.0,1.0
8348,0,0,1,0.99999696,3.0508493e-06,0.99999696
15608,1,1,1,1.66893e-06,0.99999833,0.99999833
250,0,0,1,0.9855567,0.014443303,0.9855567
7474,0,0,1,0.99982727,0.00017273289,0.99982727
13633,1,1,1,2.861023e-06,0.99999714,0.99999714
13940,1,1,1,0.001737535,0.99826247,0.99826247
14920,1,1,1,7.867813e-06,0.99999213,0.99999213
7142,0,0,1,0.99991107,8.8911955e-05,0.99991107
944,0,0,1,0.99958175,0.0004182204,0.99958175
15218,1,1,1,3.683567e-05,0.99996316,0.99996316
15432,1,1,1,0.00060248375,0.9993975,0.9993975
9275,0,0,1,0.99999934,6.617197e-07,0.99999934
4390,0,0,1,0.99979657,0.00020344366,0.99979657
10551,1,1,1,2.861023e-06,0.99999714,0.99999714
3666,0,0,1,0.9999459,5.41399e-05,0.9999459
17725,1,1,1,2.18153e-05,0.9999782,0.9999782
14472,1,1,1,7.1525574e-07,0.9999993,0.9999993
15362,1,1,1,2.3841858e-07,0.99999976,0.99999976
2633,0,0,1,0.99989486,0.000105118066,0.99989486
13672,1,1,1,3.0994415e-06,0.9999969,0.9999969
10676,1,1,1,3.9339066e-06,0.99999607,0.99999607
1529,0,0,1,0.99995977,4.025387e-05,0.99995977
17521,1,1,1,0.0004556775,0.9995443,0.9995443
18772,1,1,1,1.6093254e-05,0.9999839,0.9999839
3433,0,0,1,0.99944305,0.0005569267,0.99944305
18706,1,1,1,3.4570694e-06,0.99999654,0.99999654
16665,1,1,1,0.0035409331,0.99645907,0.99645907
1940,0,0,1,0.87379646,0.1262035,0.87379646
13220,1,1,1,4.053116e-05,0.99995947,0.99995947
13185,1,1,1,4.9471855e-05,0.9999505,0.9999505
14091,1,1,1,0.0033871531,0.99661285,0.99661285
18928,1,1,1,2.9802322e-06,0.999997,0.999997
8196,0,0,1,0.9999114,8.8587905e-05,0.9999114
18451,1,1,1,0.00010287762,0.9998971,0.9998971
1240,0,0,1,0.9999219,7.80802e-05,0.9999219
16056,1,0,0,0.5647949,0.4352051,0.5647949
10964,1,1,1,5.2452087e-05,0.99994755,0.99994755
14101,1,1,1,0.0,1.0,1.0
6285,0,0,1,0.99994683,5.318046e-05,0.99994683
2951,0,0,1,0.99981457,0.00018545601,0.99981457
12309,1,1,1,3.3974648e-05,0.999966,0.999966
10253,1,1,1,4.529953e-06,0.99999547,0.99999547
14497,1,1,1,0.00059854984,0.99940145,0.99940145
12263,1,1,1,3.9696693e-05,0.9999603,0.9999603
10853,1,1,1,2.3126602e-05,0.9999769,0.9999769
4471,0,0,1,0.99978936,0.00021062364,0.99978936
8321,0,0,1,0.99999976,2.5826287e-07,0.99999976
6155,0,0,1,0.99989897,0.00010105542,0.99989897
17729,1,1,1,1.5735626e-05,0.99998426,0.99998426
15934,1,1,1,2.3841858e-07,0.99999976,0.99999976
7716,0,0,1,0.99978286,0.00021712191,0.99978286
19019,1,1,1,0.00018006563,0.99981993,0.99981993
9907,0,0,1,0.9999979,2.0736763e-06,0.9999979
2845,0,0,1,0.99858046,0.0014195227,0.99858046
6529,0,0,1,0.9996527,0.00034731452,0.9996527
8437,0,0,1,0.9999999,1.00583456e-07,0.9999999
15565,1,1,1,6.914139e-06,0.9999931,0.9999931
17435,1,1,1,3.2305717e-05,0.9999677,0.9999677
9940,0,0,1,0.99999934,6.2600134e-07,0.99999934
10012,1,1,1,1.168251e-05,0.9999883,0.9999883
12967,1,1,1,4.6014786e-05,0.999954,0.999954
17538,1,1,1,0.007027507,0.9929725,0.9929725
18801,1,1,1,4.7683716e-07,0.9999995,0.9999995
3851,0,0,1,0.9996309,0.00036906943,0.9996309
6277,0,0,1,0.99974144,0.00025859327,0.99974144
16569,1,1,1,0.33800542,0.6619946,0.6619946
1760,0,0,1,0.9997662,0.00023383355,0.9997662
10554,1,1,1,1.1563301e-05,0.99998844,0.99998844
4015,0,0,1,0.99899864,0.0010013627,0.99899864
1694,0,0,1,0.99997395,2.603597e-05,0.99997395
3944,0,0,1,0.99997246,2.7525975e-05,0.99997246
10791,1,1,1,4.9710274e-05,0.9999503,0.9999503
13997,1,1,1,1.1920929e-07,0.9999999,0.9999999
5908,0,0,1,0.9853013,0.014698695,0.9853013
1461,0,0,1,0.9998888,0.00011120988,0.9998888
15142,1,1,1,0.0,1.0,1.0
17189,1,1,1,3.8146973e-05,0.99996185,0.99996185
16938,1,0,0,0.99766487,0.002335135,0.99766487
10562,1,1,1,9.894371e-06,0.9999901,0.9999901
4671,0,0,1,0.9996259,0.0003740717,0.9996259
11678,1,1,1,7.033348e-06,0.99999297,0.99999297
14257,1,1,1,5.00679e-06,0.999995,0.999995
13807,1,1,1,0.00010097027,0.999899,0.999899
5179,0,0,1,0.99982053,0.00017946669,0.99982053
19008,1,1,1,1.168251e-05,0.9999883,0.9999883
5691,0,0,1,0.9983463,0.0016536989,0.9983463
9533,0,0,1,0.9999995,4.672866e-07,0.9999995
17470,1,1,1,7.1525574e-07,0.9999993,0.9999993
1926,0,0,1,0.98735195,0.012648021,0.98735195
17572,1,1,1,1.9550323e-05,0.99998045,0.99998045
14757,1,1,1,2.1457672e-06,0.99999785,0.99999785
9022,0,0,1,0.9999999,1.4233349e-07,0.9999999
15583,1,1,1,1.1920929e-07,0.9999999,0.9999999
9299,0,0,1,0.99999815,1.8512018e-06,0.99999815
8203,0,0,1,0.9741496,0.025850419,0.9741496
1710,0,0,1,0.9997809,0.00021912968,0.9997809
4134,0,0,1,0.9998573,0.00014268904,0.9998573
14631,1,1,1,6.604195e-05,0.99993396,0.99993396
9891,0,0,1,0.99999964,3.5520625e-07,0.99999964
3055,0,0,1,0.99542654,0.004573439,0.99542654
1970,0,0,1,0.9998977,0.000102297716,0.9998977
138,0,0,1,0.9999875,1.2536248e-05,0.9999875
19207,1,1,1,8.34465e-07,0.99999917,0.99999917
4633,0,0,1,0.99767506,0.002324928,0.99767506
13944,1,1,1,2.8729439e-05,0.9999713,0.9999713
15681,1,1,1,2.3841858e-07,0.99999976,0.99999976
17401,1,1,1,0.039525986,0.960474,0.960474
1013,0,0,1,0.9993753,0.00062470813,0.9993753
4165,0,0,1,0.9995699,0.00043009047,0.9995699
4138,0,0,1,0.9985678,0.0014321874,0.9985678
17046,1,0,0,0.63499314,0.36500686,0.63499314
18565,1,1,1,2.2768974e-05,0.99997723,0.99997723
10389,1,1,1,3.33786e-06,0.99999666,0.99999666
3098,0,0,1,0.99905866,0.00094131596,0.99905866
16099,1,0,0,0.9833971,0.016602876,0.9833971
2775,0,0,1,0.9998702,0.00012982801,0.9998702
14557,1,1,1,3.5762787e-07,0.99999964,0.99999964
15740,1,1,1,1.5854836e-05,0.99998415,0.99998415
19170,1,1,1,2.5510788e-05,0.9999745,0.9999745
18122,1,1,1,8.34465e-06,0.99999166,0.99999166
14595,1,1,1,2.861023e-06,0.99999714,0.99999714
7490,0,0,1,0.99537927,0.0046207043,0.99537927
4911,0,0,1,0.9998343,0.00016567853,0.9998343
14915,1,1,1,3.5762787e-07,0.99999964,0.99999964
1250,0,0,1,0.99582565,0.0041743317,0.99582565
7410,0,0,1,0.9997801,0.00021988167,0.9997801
7139,0,1,0,0.00023931265,0.9997607,0.9997607
4287,0,0,1,0.99971205,0.00028796963,0.99971205
10297,1,1,1,2.1457672e-06,0.99999785,0.99999785
9820,0,0,1,0.9999928,7.2219595e-06,0.9999928
4381,0,0,1,0.9680977,0.031902302,0.9680977
8214,0,0,1,0.9999911,8.88913e-06,0.9999911
18914,1,1,1,8.34465e-07,0.99999917,0.99999917
14366,1,1,1,1.1920929e-07,0.9999999,0.9999999
5632,0,0,1,0.9998607,0.0001392959,0.9998607
5085,0,0,1,0.9472621,0.052737895,0.9472621
2061,0,0,1,0.9955264,0.004473605,0.9955264
19706,1,1,1,2.2649765e-05,0.99997735,0.99997735
9736,0,0,1,0.99977416,0.00022585975,0.99977416
11177,1,1,1,6.556511e-06,0.99999344,0.99999344
341,0,0,1,0.51360136,0.48639864,0.51360136
3611,0,0,1,0.94610435,0.05389568,0.94610435
3789,0,0,1,0.9999636,3.641424e-05,0.9999636
15672,1,1,1,2.026558e-06,0.999998,0.999998
18704,1,1,1,5.6028366e-06,0.9999944,0.9999944
10142,1,1,1,4.673004e-05,0.99995327,0.99995327
14997,1,1,1,0.00067937374,0.9993206,0.9993206
13518,1,1,1,8.821487e-06,0.9999912,0.9999912
19160,1,1,1,3.325939e-05,0.99996674,0.99996674
11462,1,1,1,0.00013661385,0.9998634,0.9998634
19360,1,1,1,1.66893e-06,0.99999833,0.99999833
10254,1,1,1,3.5762787e-06,0.9999964,0.9999964
14964,1,1,1,2.6345253e-05,0.99997365,0.99997365
11873,1,1,1,4.7683716e-06,0.99999523,0.99999523
3390,0,0,1,0.9998684,0.00013159476,0.9998684
9164,0,0,1,0.99999815,1.8461471e-06,0.99999815
14509,1,1,1,0.000118374825,0.9998816,0.9998816
5192,0,0,1,0.9999026,9.741379e-05,0.9999026
1215,0,0,1,0.9999037,9.631893e-05,0.9999037
527,0,1,0,0.19620651,0.8037935,0.8037935
14069,1,1,1,1.1920929e-07,0.9999999,0.9999999
1334,0,0,1,0.99625236,0.0037476525,0.99625236
17326,1,1,1,0.0011624694,0.99883753,0.99883753
11659,1,1,1,4.6491623e-06,0.99999535,0.99999535
11239,1,1,1,5.6028366e-06,0.9999944,0.9999944
5277,0,1,0,0.31412053,0.68587947,0.68587947
9744,0,0,1,0.9999961,3.8482403e-06,0.9999961
18846,1,1,1,8.34465e-07,0.99999917,0.99999917
12782,1,1,1,0.00011610985,0.9998839,0.9998839
12836,1,1,1,3.9339066e-06,0.99999607,0.99999607
6431,0,0,1,0.9998891,0.00011092689,0.9998891
4781,0,0,1,0.99829215,0.0017078698,0.99829215
4945,0,0,1,0.99969584,0.0003041545,0.99969584
5659,0,0,1,0.99979365,0.0002063715,0.99979365
18209,1,1,1,6.3180923e-06,0.9999937,0.9999937
15657,1,1,1,1.4305115e-06,0.99999857,0.99999857
6185,0,0,1,0.99997264,2.7380778e-05,0.99997264
4474,0,0,1,0.69206476,0.3079352,0.69206476
687,0,0,1,0.9804825,0.019517465,0.9804825
7028,0,0,1,0.98980415,0.010195856,0.98980415
7328,0,0,1,0.8803879,0.11961208,0.8803879
921,0,1,0,0.000104784966,0.9998952,0.9998952
5948,0,0,1,0.9996789,0.0003210984,0.9996789
12656,1,1,1,0.012502909,0.9874971,0.9874971
3565,0,0,1,0.9853362,0.01466382,0.9853362
10336,1,1,1,9.775162e-06,0.9999902,0.9999902
14239,1,1,1,1.66893e-06,0.99999833,0.99999833
9970,0,0,1,0.999961,3.9005063e-05,0.999961
7180,0,0,1,0.9996913,0.00030866748,0.9996913
6321,0,0,1,0.9999357,6.432715e-05,0.9999357
11039,1,1,1,3.325939e-05,0.99996674,0.99996674
16549,1,0,0,0.93060523,0.069394775,0.93060523
5450,0,0,1,0.99976194,0.00023804393,0.99976194
1443,0,0,1,0.9998835,0.00011654267,0.9998835
6646,0,0,1,0.9999872,1.283128e-05,0.9999872
17865,1,1,1,0.00018709898,0.9998129,0.9998129
15791,1,1,1,1.1920929e-07,0.9999999,0.9999999
5619,0,0,1,0.9996788,0.00032121016,0.9996788
6597,0,0,1,0.99538577,0.004614248,0.99538577
8428,0,0,1,0.9999979,2.0647842e-06,0.9999979
10371,1,1,1,3.0755997e-05,0.99996924,0.99996924
19892,1,1,1,1.4424324e-05,0.9999856,0.9999856
18290,1,1,1,1.3589859e-05,0.9999864,0.9999864
12453,1,1,1,4.887581e-06,0.9999951,0.9999951
6732,0,0,1,0.9999606,3.9423332e-05,0.9999606
8801,0,0,1,0.9999997,3.0051928e-07,0.9999997
12317,1,1,1,3.8146973e-05,0.99996185,0.99996185
18066,1,1,1,8.583069e-06,0.9999914,0.9999914
15056,1,1,1,0.00061929226,0.9993807,0.9993807
10320,1,1,1,8.106232e-06,0.9999919,0.9999919
12249,1,1,1,0.00011575222,0.99988425,0.99988425
1168,0,0,1,0.999423,0.000576968,0.999423
9444,0,0,1,0.9999981,1.9047338e-06,0.9999981
4489,0,0,1,0.9990959,0.0009040823,0.9990959
7791,0,0,1,0.9999998,2.0807552e-07,0.9999998
7784,0,0,1,0.9999999,1.3238174e-07,0.9999999
9459,0,0,1,0.99255645,0.0074435417,0.99255645
12641,1,1,1,5.8174133e-05,0.9999418,0.9999418
11349,1,1,1,2.1457672e-05,0.99997854,0.99997854
5537,0,0,1,0.9999957,4.2807515e-06,0.9999957
17906,1,1,1,0.00038039684,0.9996196,0.9996196
4172,0,0,1,0.6458875,0.3541125,0.6458875
11423,1,1,1,1.4901161e-05,0.9999851,0.9999851
8045,0,0,1,0.9999992,7.683018e-07,0.9999992
1803,0,0,1,0.9999718,2.8220751e-05,0.9999718
3914,0,0,1,0.99902576,0.00097422156,0.99902576
17281,1,1,1,0.00014269352,0.9998573,0.9998573
4294,0,0,1,0.9996415,0.0003585337,0.9996415
6739,0,0,1,0.99892503,0.0010749763,0.99892503
15106,1,1,1,0.00086706877,0.99913293,0.99913293
17569,1,1,1,0.002299726,0.9977003,0.9977003
9492,0,0,1,0.99999225,7.731583e-06,0.99999225
2050,0,0,1,0.9999774,2.2596503e-05,0.9999774
4586,0,0,1,0.9998496,0.00015040684,0.9998496
12168,1,1,1,5.4836273e-05,0.99994516,0.99994516
11030,1,1,1,2.1457672e-05,0.99997854,0.99997854
14914,1,1,1,0.00012338161,0.9998766,0.9998766
3569,0,0,1,0.9991497,0.0008503193,0.9991497
18210,1,1,1,7.343292e-05,0.99992657,0.99992657
19371,1,1,1,0.00021237135,0.9997876,0.9997876
2732,0,0,1,0.9961077,0.0038923114,0.9961077
15801,1,1,1,2.3841858e-07,0.99999976,0.99999976
7313,0,0,1,0.9997406,0.00025939185,0.9997406
10705,1,1,1,0.0001385212,0.9998615,0.9998615
126,0,0,1,0.96690625,0.033093743,0.96690625
11379,1,1,1,2.18153e-05,0.9999782,0.9999782
17122,1,1,1,0.0039814115,0.9960186,0.9960186
8668,0,0,1,0.99999785,2.1427138e-06,0.99999785
278,0,0,1,0.99967927,0.00032075177,0.99967927
13070,1,1,1,1.013279e-05,0.99998987,0.99998987
13905,1,1,1,2.9802322e-05,0.9999702,0.9999702
1368,0,0,1,0.9999737,2.627788e-05,0.9999737
9591,0,0,1,0.9999954,4.6115297e-06,0.9999954
8156,0,0,1,0.9999301,6.990476e-05,0.9999301
8473,0,0,1,0.9999978,2.1934532e-06,0.9999978
2696,0,0,1,0.9998299,0.00017012219,0.9998299
13387,1,1,1,0.00016438961,0.9998356,0.9998356
4498,0,0,1,0.9999904,9.581929e-06,0.9999904
19675,1,1,1,0.00017803907,0.99982196,0.99982196
15353,1,1,1,0.0003556013,0.9996444,0.9996444
615,0,0,1,0.9997486,0.00025143,0.9997486
2832,0,0,1,0.99962187,0.00037812316,0.99962187
13127,1,1,1,3.8146973e-06,0.9999962,0.9999962
1067,0,0,1,0.99964863,0.00035136423,0.99964863
13364,1,1,1,8.821487e-06,0.9999912,0.9999912
99,0,0,1,0.9996556,0.0003444072,0.9996556
16843,1,1,1,0.0003170967,0.9996829,0.9996829
1524,0,0,1,0.99948615,0.0005138749,0.99948615
5950,0,0,1,0.99995464,4.5368568e-05,0.99995464
14471,1,1,1,3.7431717e-05,0.99996257,0.99996257
10645,1,1,1,9.179115e-06,0.9999908,0.9999908
10673,1,1,1,3.170967e-05,0.9999683,0.9999683
14251,1,1,1,3.5762787e-07,0.99999964,0.99999964
11099,1,1,1,1.7285347e-05,0.9999827,0.9999827
954,0,0,1,0.9999916,8.400531e-06,0.9999916
6457,0,0,1,0.99990517,9.485319e-05,0.99990517
8054,0,0,1,0.99998707,1.2905181e-05,0.99998707
16883,1,1,1,0.00044447184,0.9995555,0.9995555
5349,0,0,1,0.9969607,0.003039284,0.9969607
14176,1,1,1,1.1920929e-07,0.9999999,0.9999999
18415,1,1,1,2.1457672e-05,0.99997854,0.99997854
13093,1,1,1,2.1457672e-06,0.99999785,0.99999785
5048,0,0,1,0.9970431,0.0029568975,0.9970431
17511,1,1,1,6.890297e-05,0.9999311,0.9999311
8555,0,0,1,0.99999976,2.3711651e-07,0.99999976
9386,0,0,1,0.999997,3.0040374e-06,0.999997
13764,1,1,1,1.3113022e-06,0.9999987,0.9999987
10657,1,1,1,6.556511e-06,0.99999344,0.99999344
18952,1,0,0,0.73493385,0.26506612,0.73493385
4617,0,0,1,0.9962388,0.0037612,0.9962388
17181,1,1,1,0.00044578314,0.9995542,0.9995542
667,0,0,1,0.9999911,8.881038e-06,0.9999911
16551,1,0,0,0.7981518,0.20184821,0.7981518
11969,1,1,1,0.00016844273,0.99983156,0.99983156
8702,0,0,1,0.999058,0.00094200723,0.999058
13654,1,1,1,5.722046e-06,0.9999943,0.9999943
4883,0,0,1,0.9989407,0.001059271,0.9989407
11334,1,1,1,6.3180923e-06,0.9999937,0.9999937
9254,0,0,1,0.9999975,2.4846781e-06,0.9999975
13467,1,1,1,3.0994415e-06,0.9999969,0.9999969
1525,0,0,1,0.9990177,0.0009823092,0.9990177
18156,1,1,1,3.695488e-05,0.99996305,0.99996305
16584,1,1,1,0.11515552,0.8848445,0.8848445
11504,1,1,1,5.1140785e-05,0.99994886,0.99994886
16627,1,0,0,0.97530687,0.02469313,0.97530687
14286,1,1,1,0.0,1.0,1.0
1219,0,0,1,0.9999608,3.9232324e-05,0.9999608
2713,0,0,1,0.99993336,6.6643464e-05,0.99993336
4438,0,0,1,0.9997754,0.00022461118,0.9997754
6737,0,0,1,0.99920166,0.0007983411,0.99920166
12228,1,1,1,0.00011765957,0.99988234,0.99988234
17949,1,1,1,6.043911e-05,0.99993956,0.99993956
11077,1,1,1,8.6188316e-05,0.9999138,0.9999138
16380,1,0,0,0.9953446,0.0046553994,0.9953446
4325,0,0,1,0.9997895,0.00021053429,0.9997895
17820,1,1,1,0.00054067373,0.9994593,0.9994593
8474,0,0,1,0.99999976,2.5447574e-07,0.99999976
10548,1,1,1,3.182888e-05,0.9999682,0.9999682
17028,1,1,1,0.0013718605,0.99862814,0.99862814
4492,0,1,0,0.4402359,0.5597641,0.5597641
3620,0,0,1,0.9997525,0.0002475027,0.9997525
8322,0,0,1,0.9998215,0.00017850501,0.9998215
8309,0,0,1,0.99995434,4.56464e-05,0.99995434
15785,1,1,1,1.1920929e-07,0.9999999,0.9999999
10679,1,1,1,8.583069e-06,0.9999914,0.9999914
15898,1,1,1,1.0728836e-06,0.9999989,0.9999989
17369,1,1,1,1.66893e-06,0.99999833,0.99999833
19580,1,1,1,3.695488e-06,0.9999963,0.9999963
5011,0,0,1,0.99918944,0.0008105874,0.99918944
17421,1,1,1,3.5762787e-06,0.9999964,0.9999964
6053,0,0,1,0.99998206,1.7958977e-05,0.99998206
3601,0,0,1,0.99979126,0.0002087495,0.99979126
16723,1,0,0,0.905145,0.09485499,0.905145
893,0,0,1,0.9993585,0.00064152124,0.9993585
2083,0,0,1,0.9992656,0.000734387,0.9992656
9786,0,0,1,0.9999987,1.3404897e-06,0.9999987
8793,0,0,1,0.99991125,8.877099e-05,0.99991125
6675,0,0,1,0.9921568,0.0078432225,0.9921568
17292,1,1,1,9.548664e-05,0.9999045,0.9999045
10000,1,1,1,0.00030386448,0.99969614,0.99969614
8616,0,0,1,0.9999995,4.4824105e-07,0.9999995
2680,0,0,1,0.9999574,4.2606207e-05,0.9999574
16256,1,1,1,0.4580999,0.5419001,0.5419001
8510,0,0,1,0.9999995,4.522649e-07,0.9999995
18449,1,1,1,0.00016593933,0.99983406,0.99983406
12017,1,1,1,3.9339066e-06,0.99999607,0.99999607
19533,1,1,1,1.1920929e-06,0.9999988,0.9999988
12956,1,1,1,0.00013685226,0.99986315,0.99986315
7892,0,0,1,0.9999994,5.9597875e-07,0.9999994
17680,1,1,1,2.9802322e-06,0.999997,0.999997
7152,0,0,1,0.9997049,0.00029510254,0.9997049
15021,1,1,1,0.0,1.0,1.0
825,0,0,1,0.999937,6.3007035e-05,0.999937
6905,0,0,1,0.9978127,0.0021872877,0.9978127
4431,0,0,1,0.9997119,0.00028814565,0.9997119
10759,1,1,1,5.364418e-05,0.99994636,0.99994636
668,0,0,1,0.9928993,0.0071006864,0.9928993
7148,0,0,1,0.99948615,0.0005138566,0.99948615
364,0,0,1,0.99986064,0.00013935409,0.99986064
10318,1,1,1,3.0994415e-06,0.9999969,0.9999969
5106,0,0,1,0.99992985,7.016081e-05,0.99992985
6939,0,0,1,0.999926,7.401439e-05,0.999926
1099,0,0,1,0.99876505,0.0012349255,0.99876505
8393,0,0,1,0.99999994,8.3818584e-08,0.99999994
3229,0,0,1,0.9963399,0.003660078,0.9963399
7565,0,0,1,0.9999992,7.524261e-07,0.9999992
9291,0,0,1,0.9999953,4.7306685e-06,0.9999953
1178,0,0,1,0.99996406,3.5957837e-05,0.99996406
15551,1,1,1,1.1920929e-07,0.9999999,0.9999999
15178,1,1,1,3.4570694e-06,0.99999654,0.99999654
237,0,0,1,0.99726486,0.0027351168,0.99726486
2409,0,0,1,0.9979882,0.002011747,0.9979882
4364,0,0,1,0.99666005,0.0033399216,0.99666005
13308,1,1,1,3.9339066e-06,0.99999607,0.99999607
3926,0,0,1,0.98267794,0.017322052,0.98267794
4855,0,0,1,0.9994405,0.00055948505,0.9994405
14667,1,1,1,4.7683716e-07,0.9999995,0.9999995
10879,1,1,1,1.0609627e-05,0.9999894,0.9999894
8059,0,0,1,0.9999982,1.803366e-06,0.9999982
10757,1,1,1,3.683567e-05,0.99996316,0.99996316
8528,0,0,1,0.99999994,7.566156e-08,0.99999994
7618,0,0,1,0.99999976,2.3162593e-07,0.99999976
6617,0,0,1,0.9998093,0.00019066896,0.9998093
4125,0,0,1,0.9996395,0.00036048488,0.9996395
11350,1,1,1,2.7418137e-06,0.99999726,0.99999726
13439,1,1,1,6.556511e-06,0.99999344,0.99999344
9653,0,0,1,0.99999905,9.826456e-07,0.99999905
10918,1,1,1,2.4318695e-05,0.9999757,0.9999757
11984,1,1,1,0.0006735325,0.99932647,0.99932647
9648,0,0,1,0.9999998,1.9389704e-07,0.9999998
2384,0,0,1,0.99807745,0.0019225597,0.99807745
3250,0,0,1,0.9997571,0.00024289267,0.9997571
19847,1,1,1,6.198883e-06,0.9999938,0.9999938
15392,1,1,1,0.00021249056,0.9997875,0.9997875
18216,1,1,1,3.325939e-05,0.99996674,0.99996674
233,0,0,1,0.93166614,0.068333894,0.93166614
17093,1,1,1,1.04904175e-05,0.9999895,0.9999895
4313,0,0,1,0.9992048,0.00079519965,0.9992048
14758,1,1,1,0.0,1.0,1.0
4434,0,0,1,0.99998295,1.707045e-05,0.99998295
5473,0,0,1,0.99998534,1.465641e-05,0.99998534
6039,0,0,1,0.99968386,0.000316139,0.99968386
3454,0,0,1,0.9997578,0.00024215202,0.9997578
17780,1,1,1,5.364418e-06,0.99999464,0.99999464
1640,0,0,1,0.99998444,1.553465e-05,0.99998444
1664,0,0,1,0.99996793,3.20724e-05,0.99996793
11238,1,1,1,3.8146973e-06,0.9999962,0.9999962
13805,1,1,1,0.00046992302,0.9995301,0.9995301
13122,1,1,1,1.347065e-05,0.9999865,0.9999865
11872,1,1,1,7.6293945e-06,0.9999924,0.9999924
11182,1,1,1,3.9339066e-06,0.99999607,0.99999607
13172,1,1,1,3.4570694e-06,0.99999654,0.99999654
5589,0,0,1,0.9998522,0.00014782099,0.9998522
14228,1,1,1,1.1920929e-07,0.9999999,0.9999999
7560,0,0,1,0.9999998,1.5677095e-07,0.9999998
2932,0,0,1,0.98748755,0.012512474,0.98748755
18606,1,1,1,4.4107437e-06,0.9999956,0.9999956
13730,1,1,1,2.026558e-06,0.999998,0.999998
10981,1,1,1,1.513958e-05,0.99998486,0.99998486
14559,1,1,1,0.0003861785,0.9996138,0.9996138
13054,1,1,1,0.0012556314,0.99874437,0.99874437
12804,1,1,1,1.9907951e-05,0.9999801,0.9999801
12816,1,1,1,1.3113022e-06,0.9999987,0.9999987
18175,1,1,1,9.8109245e-05,0.9999019,0.9999019
6705,0,0,1,0.99513316,0.0048668194,0.99513316
14273,1,1,1,1.335144e-05,0.99998665,0.99998665
14505,1,1,1,0.0,1.0,1.0
3518,0,0,1,0.99996847,3.152364e-05,0.99996847
2912,0,0,1,0.9703912,0.029608773,0.9703912
7940,0,0,1,0.99999917,8.308257e-07,0.99999917
7981,0,0,1,0.9995623,0.00043766576,0.9995623
2711,0,0,1,0.99525404,0.0047459835,0.99525404
19419,1,1,1,1.0728836e-05,0.9999893,0.9999893
3592,0,0,1,0.99963224,0.00036776936,0.99963224
15555,1,1,1,3.5762787e-07,0.99999964,0.99999964
5057,0,0,1,0.740185,0.259815,0.740185
2494,0,0,1,0.97848743,0.021512551,0.97848743
5967,0,0,1,0.997411,0.002589006,0.997411
4219,0,0,1,0.9999906,9.42193e-06,0.9999906
1436,0,0,1,0.9989433,0.0010566793,0.9989433
9973,0,0,1,0.9999995,4.9792425e-07,0.9999995
6234,0,0,1,0.9999757,2.4319854e-05,0.9999757
12996,1,1,1,8.702278e-06,0.9999913,0.9999913
7113,0,0,1,0.999985,1.5006019e-05,0.999985
1149,0,0,1,0.99970865,0.00029134535,0.99970865
12274,1,1,1,0.0006891489,0.99931085,0.99931085
19874,1,1,1,5.054474e-05,0.99994946,0.99994946
11201,1,1,1,1.168251e-05,0.9999883,0.9999883
5374,0,0,1,0.99967885,0.00032116423,0.99967885
90,0,0,1,0.9998536,0.00014639318,0.9998536
5987,0,0,1,0.99701786,0.0029821398,0.99701786
11461,1,1,1,7.867813e-06,0.99999213,0.99999213
9748,0,0,1,0.9999997,3.0891272e-07,0.9999997
11854,1,1,1,1.0251999e-05,0.99998975,0.99998975
13968,1,1,1,9.655952e-06,0.99999034,0.99999034
10069,1,1,1,9.298325e-06,0.9999907,0.9999907
12276,1,1,1,2.2649765e-05,0.99997735,0.99997735
18953,1,1,1,8.106232e-06,0.9999919,0.9999919
7588,0,0,1,0.99999815,1.876651e-06,0.99999815
7649,0,0,1,0.99999905,9.428559e-07,0.99999905
6184,0,0,1,0.99976575,0.0002342727,0.99976575
17058,1,0,0,0.98221797,0.017782047,0.98221797
15751,1,1,1,3.528595e-05,0.9999647,0.9999647
13529,1,1,1,1.0609627e-05,0.9999894,0.9999894
8227,0,0,1,0.9999783,2.1687963e-05,0.9999783
4676,0,0,1,0.9998507,0.00014930016,0.9998507
7706,0,0,1,0.99999994,3.1995352e-08,0.99999994
6967,0,0,1,0.98623794,0.01376206,0.98623794
12655,1,1,1,7.390976e-06,0.9999926,0.9999926
3094,0,0,1,0.9997189,0.0002810728,0.9997189
9541,0,0,1,0.99993527,6.472206e-05,0.99993527
11377,1,1,1,2.5749207e-05,0.99997425,0.99997425
2613,0,0,1,0.9999236,7.6408105e-05,0.9999236
792,0,0,1,0.9951794,0.004820595,0.9951794
9161,0,0,1,0.99999946,5.0712504e-07,0.99999946
1793,0,0,1,0.99872565,0.0012743396,0.99872565
17475,1,1,1,0.004965782,0.9950342,0.9950342
14339,1,1,1,5.9604645e-07,0.9999994,0.9999994
13396,1,1,1,5.841255e-06,0.99999416,0.99999416
