id,true_label,predicted_label,correct,prob_Stationary,prob_Non-Stationary,confidence
4028,0,0,1,0.9467873607819565,0.053212639218043534,0.9467873607819565
6994,0,0,1,0.9943126424845942,0.005687357515405835,0.9943126424845942
5539,0,0,1,0.9931703594935524,0.0068296405064476465,0.9931703594935524
1059,0,0,1,0.9172729389490206,0.08272706105097938,0.9172729389490206
15114,1,1,1,0.13302421726067548,0.8669757827393245,0.8669757827393245
18510,1,1,1,0.005353982078589725,0.9946460179214103,0.9946460179214103
7303,0,0,1,0.9973248660164065,0.002675133983593538,0.9973248660164065
9115,0,0,1,0.9987903646166613,0.0012096353833387866,0.9987903646166613
16867,1,1,1,0.06511130932283826,0.9348886906771617,0.9348886906771617
10129,1,1,1,0.000709633690627931,0.9992903663093721,0.9992903663093721
10651,1,1,1,0.000661742156351175,0.9993382578436488,0.9993382578436488
11839,1,1,1,6.575286203069908e-05,0.9999342471379693,0.9999342471379693
1799,0,0,1,0.9958580265419763,0.004141973458023661,0.9958580265419763
9515,0,0,1,0.9998261704594136,0.00017382954058638806,0.9998261704594136
3945,0,0,1,0.8192721827556202,0.18072781724437978,0.8192721827556202
9638,0,0,1,0.9996211221519633,0.00037887784803668386,0.9996211221519633
4925,0,0,1,0.9823367361071393,0.017663263892860676,0.9823367361071393
6535,0,0,1,0.9358408286722454,0.06415917132775457,0.9358408286722454
19709,1,1,1,0.0178932274977186,0.9821067725022814,0.9821067725022814
4316,0,0,1,0.9854854517664152,0.01451454823358477,0.9854854517664152
7575,0,0,1,0.9983346000437112,0.0016653999562888078,0.9983346000437112
1954,0,0,1,0.9928731122484761,0.007126887751523948,0.9928731122484761
17019,1,1,1,0.008201052235885964,0.991798947764114,0.991798947764114
7828,0,0,1,0.9996683706854138,0.00033162931458618903,0.9996683706854138
15702,1,1,1,0.00011982789325837295,0.9998801721067416,0.9998801721067416
19026,1,1,1,0.009439856375029865,0.9905601436249701,0.9905601436249701
9168,0,0,1,0.999681752367787,0.0003182476322129722,0.999681752367787
11594,1,1,1,6.702078142373225e-05,0.9999329792185763,0.9999329792185763
9777,0,0,1,0.9986932721400065,0.0013067278599934848,0.9986932721400065
18920,1,1,1,0.00010490702327181634,0.9998950929767282,0.9998950929767282
987,0,0,1,0.9824942444606447,0.017505755539355256,0.9824942444606447
2803,0,0,1,0.9934990401326375,0.006500959867362543,0.9934990401326375
13514,1,1,1,0.0008396184020540431,0.999160381597946,0.999160381597946
14442,1,1,1,0.001796566294941182,0.9982034337050588,0.9982034337050588
17473,1,1,1,0.0031554848368439137,0.9968445151631561,0.9968445151631561
3528,0,0,1,0.9732061743616408,0.0267938256383592,0.9732061743616408
10642,1,1,1,0.0007663258105071735,0.9992336741894928,0.9992336741894928
6938,0,0,1,0.9218306429711255,0.07816935702887448,0.9218306429711255
4587,0,0,1,0.9903977577474661,0.009602242252533975,0.9903977577474661
3358,0,0,1,0.9585485480091732,0.04145145199082682,0.9585485480091732
14132,1,1,1,0.00019155896061495703,0.999808441039385,0.999808441039385
4397,0,0,1,0.9818346404251421,0.018165359574857834,0.9818346404251421
10063,1,1,1,0.000344825384935743,0.9996551746150643,0.9996551746150643
14927,1,1,1,0.00766434908620528,0.9923356509137947,0.9923356509137947
11887,1,1,1,5.0823000203426005e-05,0.9999491769997966,0.9999491769997966
18036,1,1,1,0.008989937933821524,0.9910100620661785,0.9910100620661785
1301,0,0,1,0.9881559939342569,0.011844006065743097,0.9881559939342569
226,0,0,1,0.9787363194379708,0.021263680562029263,0.9787363194379708
10834,1,1,1,0.001198229682059515,0.9988017703179405,0.9988017703179405
11690,1,1,1,6.119506633228688e-05,0.9999388049336677,0.9999388049336677
14471,1,1,1,0.07678812650864186,0.9232118734913581,0.9232118734913581
3950,0,0,1,0.9839460507441653,0.0160539492558347,0.9839460507441653
15008,1,1,1,0.027666652330168517,0.9723333476698315,0.9723333476698315
2492,0,0,1,0.6001168061132169,0.3998831938867831,0.6001168061132169
7356,0,0,1,0.9920438709606616,0.007956129039338445,0.9920438709606616
3073,0,0,1,0.9891826405710238,0.0108173594289762,0.9891826405710238
8829,0,0,1,0.999190087799401,0.0008099122005990129,0.999190087799401
6577,0,0,1,0.9932605183825811,0.0067394816174189175,0.9932605183825811
7339,0,0,1,0.9973646847929378,0.0026353152070622016,0.9973646847929378
4274,0,0,1,0.9816841875300805,0.01831581246991958,0.9816841875300805
15594,1,1,1,5.439035617793575e-05,0.9999456096438221,0.9999456096438221
15851,1,1,1,9.29694838862627e-05,0.9999070305161137,0.9999070305161137
13707,1,1,1,0.0006890730802999734,0.9993109269197,0.9993109269197
7980,0,0,1,0.9089645165868308,0.09103548341316926,0.9089645165868308
13513,1,1,1,0.0013759096919949698,0.998624090308005,0.998624090308005
3689,0,0,1,0.9835964892559703,0.016403510744029726,0.9835964892559703
18519,1,1,1,0.0044654273545061685,0.9955345726454938,0.9955345726454938
10868,1,1,1,0.0017442003910196346,0.9982557996089804,0.9982557996089804
3900,0,0,1,0.98666970679476,0.01333029320524,0.98666970679476
15528,1,1,1,0.000434279083285416,0.9995657209167146,0.9995657209167146
14948,1,1,1,0.34657966224915315,0.6534203377508468,0.6534203377508468
3423,0,0,1,0.9901141896418284,0.009885810358171574,0.9901141896418284
18900,1,1,1,0.00016380031149609842,0.9998361996885039,0.9998361996885039
17511,1,1,1,0.01514448962694126,0.9848555103730587,0.9848555103730587
17666,1,1,1,0.1912598532361447,0.8087401467638553,0.8087401467638553
12727,1,1,1,0.00028209707622883773,0.9997179029237712,0.9997179029237712
8413,0,0,1,0.9994963258686685,0.000503674131331472,0.9994963258686685
10153,1,1,1,0.00034380877077078154,0.9996561912292292,0.9996561912292292
6222,0,0,1,0.9952387567041959,0.004761243295804029,0.9952387567041959
8513,0,0,1,0.9971457500670012,0.002854249932998777,0.9971457500670012
9943,0,0,1,0.9995316184880291,0.0004683815119709013,0.9995316184880291
14976,1,1,1,0.09541728378227987,0.9045827162177201,0.9045827162177201
14337,1,1,1,0.0001005936509989036,0.9998994063490011,0.9998994063490011
9641,0,0,1,0.9993122328272803,0.0006877671727196822,0.9993122328272803
12286,1,1,1,0.00023931580780378603,0.9997606841921962,0.9997606841921962
18996,1,0,0,0.8805324247642066,0.11946757523579345,0.8805324247642066
7680,0,0,1,0.999763820579097,0.00023617942090303252,0.999763820579097
13959,1,1,1,3.919772994920301e-05,0.9999608022700508,0.9999608022700508
7576,0,0,1,0.9971970969962366,0.002802903003763404,0.9971970969962366
15336,1,1,1,0.009922915942696786,0.9900770840573032,0.9900770840573032
11808,1,1,1,8.328523198142257e-05,0.9999167147680186,0.9999167147680186
5650,0,0,1,0.9320610073522736,0.0679389926477264,0.9320610073522736
11564,1,1,1,5.63660636376806e-05,0.9999436339363623,0.9999436339363623
12453,1,1,1,0.00021708496804118127,0.9997829150319588,0.9997829150319588
16837,1,0,0,0.9643687956226384,0.03563120437736158,0.9643687956226384
12845,1,1,1,0.013291482761378703,0.9867085172386213,0.9867085172386213
2874,0,0,1,0.9846218720495632,0.015378127950436752,0.9846218720495632
2350,0,0,1,0.9922979041340296,0.00770209586597034,0.9922979041340296
1977,0,0,1,0.9883474603636886,0.011652539636311389,0.9883474603636886
11921,1,1,1,0.00011691232608046498,0.9998830876739195,0.9998830876739195
5159,0,0,1,0.9958335984163488,0.004166401583651238,0.9958335984163488
13507,1,1,1,0.000344637045429641,0.9996553629545704,0.9996553629545704
17848,1,1,1,0.11630144553419752,0.8836985544658025,0.8836985544658025
12759,1,1,1,0.0011423385359868865,0.9988576614640131,0.9988576614640131
18214,1,1,1,0.0105666719363684,0.9894333280636316,0.9894333280636316
4606,0,0,1,0.9915031704698896,0.008496829530110432,0.9915031704698896
13286,1,1,1,0.02495132730448346,0.9750486726955165,0.9750486726955165
353,0,0,1,0.9972719481619677,0.002728051838032295,0.9972719481619677
17754,1,1,1,0.009130979196350975,0.990869020803649,0.990869020803649
2838,0,0,1,0.9799008261147344,0.020099173885265616,0.9799008261147344
4718,0,0,1,0.975916103230604,0.02408389676939601,0.975916103230604
9397,0,0,1,0.8042590533208003,0.1957409466791997,0.8042590533208003
2397,0,0,1,0.9931629979899246,0.006837002010075384,0.9931629979899246
9088,0,0,1,0.9998620985352553,0.00013790146474467388,0.9998620985352553
9855,0,0,1,0.9891733122374765,0.010826687762523487,0.9891733122374765
19873,1,1,1,0.0004109283607059977,0.999589071639294,0.999589071639294
3038,0,0,1,0.8600345412955893,0.13996545870441068,0.8600345412955893
18381,1,1,1,0.005189902740297181,0.9948100972597028,0.9948100972597028
4530,0,0,1,0.9926760435613768,0.00732395643862321,0.9926760435613768
225,0,0,1,0.9857352677219133,0.014264732278086618,0.9857352677219133
918,0,0,1,0.9494381031285352,0.05056189687146482,0.9494381031285352
2052,0,0,1,0.9889076825641175,0.01109231743588247,0.9889076825641175
10497,1,1,1,0.0007533607404028864,0.9992466392595971,0.9992466392595971
14759,1,1,1,8.1854449501928e-05,0.9999181455504981,0.9999181455504981
12209,1,1,1,0.0018193787455005328,0.9981806212544995,0.9981806212544995
19680,1,1,1,0.0010287853780137635,0.9989712146219862,0.9989712146219862
7134,0,0,1,0.970979476465935,0.029020523534065062,0.970979476465935
1931,0,0,1,0.9911191103479073,0.008880889652092694,0.9911191103479073
15897,1,1,1,0.000143748367186336,0.9998562516328137,0.9998562516328137
18035,1,1,1,0.029542134621321603,0.9704578653786784,0.9704578653786784
16616,1,1,1,0.030682524139968748,0.9693174758600313,0.9693174758600313
3636,0,0,1,0.9644179269373117,0.03558207306268834,0.9644179269373117
8952,0,0,1,0.9792247395122544,0.02077526048774559,0.9792247395122544
1532,0,0,1,0.7996854185723292,0.20031458142767075,0.7996854185723292
18680,1,1,1,0.0012545460693919042,0.9987454539306081,0.9987454539306081
10432,1,1,1,0.000962069736139326,0.9990379302638607,0.9990379302638607
5238,0,1,0,0.4657171586549116,0.5342828413450884,0.5342828413450884
5054,0,0,1,0.9559043489914727,0.044095651008527345,0.9559043489914727
18648,1,1,1,6.365421121456993e-05,0.9999363457887854,0.9999363457887854
17177,1,1,1,0.08923388655763764,0.9107661134423624,0.9107661134423624
6677,0,1,0,0.013112519088268826,0.9868874809117312,0.9868874809117312
12213,1,1,1,0.0005816494984874909,0.9994183505015125,0.9994183505015125
14157,1,1,1,6.046137777748761e-05,0.9999395386222225,0.9999395386222225
78,0,0,1,0.9948146169061556,0.005185383093844448,0.9948146169061556
2711,0,0,1,0.91174339930775,0.08825660069225004,0.91174339930775
11777,1,1,1,6.451526649731143e-05,0.9999354847335027,0.9999354847335027
16806,1,1,1,0.019730636791488787,0.9802693632085112,0.9802693632085112
1287,0,0,1,0.9974015632723203,0.0025984367276796604,0.9974015632723203
14705,1,1,1,0.001740493399688292,0.9982595066003117,0.9982595066003117
18027,1,1,1,0.008136020856757131,0.9918639791432429,0.9918639791432429
11894,1,1,1,5.3687637082688866e-05,0.9999463123629173,0.9999463123629173
2905,0,0,1,0.9670732064785166,0.03292679352148345,0.9670732064785166
19239,1,1,1,0.0001057516573413908,0.9998942483426586,0.9998942483426586
15192,1,1,1,0.033728101521104836,0.9662718984788952,0.9662718984788952
3455,0,0,1,0.9829637908728146,0.017036209127185453,0.9829637908728146
19070,1,1,1,0.004272027110098331,0.9957279728899017,0.9957279728899017
14726,1,1,1,0.0034233720439086346,0.9965766279560914,0.9965766279560914
7726,0,0,1,0.9989069212286612,0.0010930787713388226,0.9989069212286612
5036,0,0,1,0.9522937228616284,0.04770627713837167,0.9522937228616284
15239,1,0,0,0.5058863475420794,0.49411365245792055,0.5058863475420794
13334,1,1,1,0.05728469332243702,0.942715306677563,0.942715306677563
2206,0,0,1,0.991054505519469,0.0089454944805309,0.991054505519469
162,0,0,1,0.7410335292830775,0.25896647071692247,0.7410335292830775
16671,1,1,1,0.012270205436013426,0.9877297945639866,0.9877297945639866
7407,0,0,1,0.9906542271226106,0.009345772877389366,0.9906542271226106
8006,0,0,1,0.99986243514968,0.00013756485032006776,0.99986243514968
6059,0,0,1,0.9787998687067214,0.021200131293278628,0.9787998687067214
11913,1,1,1,6.59977296395553e-05,0.9999340022703604,0.9999340022703604
18677,1,1,1,0.00085289809915301,0.999147101900847,0.999147101900847
7715,0,0,1,0.999779348128123,0.0002206518718770784,0.999779348128123
2103,0,0,1,0.9195127406468171,0.08048725935318286,0.9195127406468171
4171,0,0,1,0.9789930555099746,0.021006944490025402,0.9789930555099746
1501,0,0,1,0.9846236433598469,0.015376356640153115,0.9846236433598469
6741,0,0,1,0.9941095111440821,0.005890488855917924,0.9941095111440821
8464,0,0,1,0.9991863607502879,0.0008136392497121147,0.9991863607502879
375,0,0,1,0.9958525553196048,0.004147444680395188,0.9958525553196048
16879,1,1,1,0.3494832932071025,0.6505167067928975,0.6505167067928975
964,0,0,1,0.9820523900491684,0.017947609950831524,0.9820523900491684
8018,0,0,1,0.9798787714516479,0.020121228548352094,0.9798787714516479
17023,1,1,1,0.0038970911923976725,0.9961029088076023,0.9961029088076023
5841,0,0,1,0.8998558324958486,0.10014416750415146,0.8998558324958486
3981,0,0,1,0.9959605814040153,0.004039418595984673,0.9959605814040153
1602,0,0,1,0.7587442768641225,0.24125572313587748,0.7587442768641225
1896,0,0,1,0.9847113129999265,0.015288687000073518,0.9847113129999265
10650,1,1,1,0.0007034869638958829,0.9992965130361041,0.9992965130361041
11614,1,1,1,0.00013303081076454504,0.9998669691892355,0.9998669691892355
5462,0,0,1,0.9930791664763254,0.006920833523674534,0.9930791664763254
5808,0,0,1,0.9930929560027472,0.0069070439972528505,0.9930929560027472
14032,1,1,1,0.0017745533883295472,0.9982254466116705,0.9982254466116705
19147,1,1,1,7.238560683286988e-05,0.9999276143931671,0.9999276143931671
17442,1,1,1,0.11425470908746427,0.8857452909125357,0.8857452909125357
7814,0,0,1,0.9999114536947045,8.854630529557505e-05,0.9999114536947045
2383,0,0,1,0.9931518070109828,0.006848192989017147,0.9931518070109828
14034,1,1,1,0.0004864983905743525,0.9995135016094256,0.9995135016094256
12976,1,1,1,0.01119984264207563,0.9888001573579244,0.9888001573579244
7547,0,0,1,0.9984672653383773,0.0015327346616227655,0.9984672653383773
19410,1,1,1,0.0014835033046884938,0.9985164966953115,0.9985164966953115
9564,0,0,1,0.9999215258738511,7.847412614897227e-05,0.9999215258738511
10292,1,1,1,0.00029280256841435204,0.9997071974315856,0.9997071974315856
8097,0,0,1,0.9999381230057107,6.187699428930593e-05,0.9999381230057107
13646,1,1,1,0.00010214215207005051,0.99989785784793,0.99989785784793
14685,1,1,1,0.0010380119995897497,0.9989619880004103,0.9989619880004103
3701,0,0,1,0.8676832195571988,0.13231678044280118,0.8676832195571988
4045,0,0,1,0.9854831843022606,0.014516815697739448,0.9854831843022606
9184,0,0,1,0.9998651909989271,0.00013480900107282692,0.9998651909989271
19730,1,1,1,0.00047693280226746015,0.9995230671977325,0.9995230671977325
9522,0,0,1,0.9994125005037396,0.0005874994962603951,0.9994125005037396
1824,0,0,1,0.9924901699094583,0.0075098300905417055,0.9924901699094583
5822,0,0,1,0.9936486058309958,0.0063513941690042375,0.9936486058309958
8153,0,0,1,0.9997331095718887,0.0002668904281112981,0.9997331095718887
10637,1,1,1,0.0008819889624627208,0.9991180110375373,0.9991180110375373
13670,1,1,1,0.0002679342377585048,0.9997320657622415,0.9997320657622415
18647,1,1,1,0.0030788861645183463,0.9969211138354817,0.9969211138354817
4791,0,0,1,0.950126142068055,0.04987385793194503,0.950126142068055
12840,1,1,1,0.0004714785733660465,0.999528521426634,0.999528521426634
2556,0,0,1,0.9909581708662218,0.009041829133778118,0.9909581708662218
4778,0,0,1,0.9853462473917773,0.014653752608222714,0.9853462473917773
9087,0,0,1,0.9996691015926729,0.0003308984073271933,0.9996691015926729
12364,1,1,1,0.0004220548865886409,0.9995779451134114,0.9995779451134114
13986,1,1,1,7.989873986502527e-05,0.999920101260135,0.999920101260135
3246,0,0,1,0.9215296112961257,0.07847038870387435,0.9215296112961257
12767,1,1,1,0.00020664953368321193,0.9997933504663168,0.9997933504663168
330,0,0,1,0.9491952625586925,0.050804737441307576,0.9491952625586925
1764,0,0,1,0.9892250237488777,0.010774976251122377,0.9892250237488777
18380,1,1,1,0.009917316285117828,0.9900826837148822,0.9900826837148822
12883,1,1,1,0.0011707724767441308,0.9988292275232559,0.9988292275232559
12842,1,1,1,0.003702119485162303,0.9962978805148377,0.9962978805148377
7466,0,0,1,0.99439041148152,0.005609588518480038,0.99439041148152
5942,0,0,1,0.9958626276464962,0.004137372353503754,0.9958626276464962
14309,1,1,1,0.00018453500213877483,0.9998154649978612,0.9998154649978612
2896,0,0,1,0.9907085830160403,0.009291416983959744,0.9907085830160403
15387,1,1,1,0.00261726712512389,0.9973827328748761,0.9973827328748761
7988,0,0,1,0.9997009745901079,0.0002990254098921818,0.9997009745901079
6636,0,0,1,0.9711901967586819,0.02880980324131807,0.9711901967586819
10258,1,1,1,0.011315765183612214,0.9886842348163878,0.9886842348163878
9922,0,0,1,0.9997351699127504,0.0002648300872496145,0.9997351699127504
8767,0,0,1,0.9971107940128554,0.002889205987144619,0.9971107940128554
10023,1,1,1,0.001143354551882969,0.998856645448117,0.998856645448117
9468,0,0,1,0.9991027870506788,0.000897212949321189,0.9991027870506788
3758,0,0,1,0.9937821551765785,0.006217844823421498,0.9937821551765785
17454,1,1,1,0.00312934617151428,0.9968706538284857,0.9968706538284857
1869,0,0,1,0.9677391849492919,0.03226081505070811,0.9677391849492919
14064,1,1,1,0.0019169062257048397,0.9980830937742952,0.9980830937742952
13753,1,1,1,0.07379586897875434,0.9262041310212457,0.9262041310212457
10763,1,1,1,0.0012760066913301005,0.9987239933086699,0.9987239933086699
12858,1,1,1,0.0010035587054129103,0.9989964412945871,0.9989964412945871
11858,1,1,1,0.01452271897716828,0.9854772810228317,0.9854772810228317
6858,0,0,1,0.988953575147679,0.011046424852320953,0.988953575147679
14992,1,1,1,0.40446013560887284,0.5955398643911272,0.5955398643911272
14343,1,1,1,0.0001975305620194323,0.9998024694379806,0.9998024694379806
159,0,0,1,0.9855061337555102,0.014493866244489744,0.9855061337555102
11114,1,1,1,0.002059898214792466,0.9979401017852075,0.9979401017852075
5764,0,0,1,0.9930083134552455,0.006991686544754515,0.9930083134552455
5295,0,0,1,0.99691093523536,0.0030890647646399983,0.99691093523536
12919,1,1,1,0.0017738261255418886,0.9982261738744581,0.9982261738744581
10077,1,1,1,0.0030910750714003843,0.9969089249285996,0.9969089249285996
11874,1,1,1,4.425157597021112e-05,0.9999557484240298,0.9999557484240298
2640,0,0,1,0.9871784593322186,0.01282154066778143,0.9871784593322186
6747,0,0,1,0.9835623475740594,0.01643765242594063,0.9835623475740594
3872,0,0,1,0.8405645990778461,0.15943540092215397,0.8405645990778461
15830,1,1,1,0.00017234717395242516,0.9998276528260476,0.9998276528260476
413,0,0,1,0.8424260272100903,0.15757397278990967,0.8424260272100903
13851,1,1,1,0.023159756827787703,0.9768402431722123,0.9768402431722123
17060,1,0,0,0.5958703909537904,0.40412960904620965,0.5958703909537904
12781,1,1,1,0.001303016392244838,0.9986969836077552,0.9986969836077552
7201,0,0,1,0.9246412176274249,0.07535878237257505,0.9246412176274249
11443,1,1,1,0.0012424084148492387,0.9987575915851508,0.9987575915851508
19874,1,1,1,0.0006266638354106568,0.9993733361645893,0.9993733361645893
11693,1,1,1,8.819994987563362e-05,0.9999118000501244,0.9999118000501244
8228,0,0,1,0.999909176527769,9.082347223096941e-05,0.999909176527769
18613,1,1,1,0.07493644167903024,0.9250635583209698,0.9250635583209698
5209,0,0,1,0.9892160274424605,0.010783972557539493,0.9892160274424605
8943,0,0,1,0.9997867204445717,0.0002132795554282982,0.9997867204445717
2707,0,0,1,0.9880692449256487,0.011930755074351266,0.9880692449256487
12370,1,1,1,0.00024175424346917218,0.9997582457565308,0.9997582457565308
18033,1,1,1,0.0604975648577889,0.9395024351422111,0.9395024351422111
13868,1,1,1,0.0017039254639076296,0.9982960745360924,0.9982960745360924
15277,1,1,1,0.057439804753671386,0.9425601952463286,0.9425601952463286
11375,1,1,1,0.00035419930230806695,0.9996458006976919,0.9996458006976919
3586,0,0,1,0.9917642435493358,0.008235756450664222,0.9917642435493358
9437,0,0,1,0.9694420351156756,0.03055796488432437,0.9694420351156756
8390,0,0,1,0.999625264527292,0.0003747354727080103,0.999625264527292
16665,1,1,1,0.40024537441639296,0.599754625583607,0.599754625583607
18108,1,1,1,0.010413952497739909,0.9895860475022601,0.9895860475022601
13517,1,1,1,0.0014901700481392277,0.9985098299518608,0.9985098299518608
9369,0,0,1,0.9995877537635317,0.0004122462364683314,0.9995877537635317
4474,0,0,1,0.7481785145925945,0.2518214854074055,0.7481785145925945
11638,1,1,1,7.638094266226858e-05,0.9999236190573377,0.9999236190573377
18434,1,1,1,0.004867296299524093,0.9951327037004759,0.9951327037004759
4074,0,0,1,0.9407762141693526,0.059223785830647344,0.9407762141693526
5060,0,0,1,0.98276520098016,0.017234799019840083,0.98276520098016
2809,0,0,1,0.9899233361399509,0.010076663860049183,0.9899233361399509
1854,0,0,1,0.9122843776715643,0.08771562232843562,0.9122843776715643
15654,1,1,1,0.00011800456833244155,0.9998819954316676,0.9998819954316676
11064,1,1,1,0.0018400909518050401,0.998159909048195,0.998159909048195
1230,0,0,1,0.9870830882310229,0.0129169117689771,0.9870830882310229
1751,0,0,1,0.9199077629904512,0.08009223700954879,0.9199077629904512
9180,0,0,1,0.9746049312285673,0.025395068771432716,0.9746049312285673
2979,0,0,1,0.9512124015701369,0.048787598429863084,0.9512124015701369
8448,0,0,1,0.9996167976116092,0.0003832023883908454,0.9996167976116092
12277,1,1,1,0.0005290417938620395,0.999470958206138,0.999470958206138
18776,1,1,1,0.004051642736213279,0.9959483572637867,0.9959483572637867
5639,0,0,1,0.9880446139599487,0.01195538604005127,0.9880446139599487
16724,1,1,1,0.001144629690939869,0.9988553703090601,0.9988553703090601
19075,1,1,1,0.0018002810004941194,0.9981997189995059,0.9981997189995059
6992,0,0,1,0.742477279969803,0.25752272003019705,0.742477279969803
11931,1,1,1,0.00012952994471304713,0.999870470055287,0.999870470055287
8429,0,0,1,0.9993286230224483,0.0006713769775517282,0.9993286230224483
11935,1,1,1,0.00011984279057586367,0.9998801572094241,0.9998801572094241
11905,1,1,1,4.7687832283593856e-05,0.9999523121677164,0.9999523121677164
5676,0,0,1,0.8832256170185941,0.11677438298140584,0.8832256170185941
19162,1,1,1,0.00020708920499368233,0.9997929107950063,0.9997929107950063
10390,1,1,1,0.0032636398188217175,0.9967363601811783,0.9967363601811783
13430,1,1,1,0.19858111925871746,0.8014188807412825,0.8014188807412825
17892,1,1,1,0.0023391255400552202,0.9976608744599448,0.9976608744599448
10399,1,1,1,0.0033058353008469377,0.9966941646991531,0.9966941646991531
19853,1,1,1,0.01726102027304488,0.9827389797269551,0.9827389797269551
17880,1,1,1,0.005259796291366969,0.994740203708633,0.994740203708633
5306,0,0,1,0.9577970130255999,0.04220298697440003,0.9577970130255999
4518,0,0,1,0.9701242955312281,0.029875704468771816,0.9701242955312281
2737,0,0,1,0.938116133674089,0.061883866325911016,0.938116133674089
6701,0,0,1,0.9934616088099778,0.006538391190022243,0.9934616088099778
4104,0,0,1,0.9557314583844284,0.044268541615571554,0.9557314583844284
12337,1,1,1,0.0008444472089628174,0.9991555527910372,0.9991555527910372
10733,1,1,1,0.001602593580913414,0.9983974064190866,0.9983974064190866
10787,1,1,1,0.0016030895513968746,0.9983969104486031,0.9983969104486031
4625,0,0,1,0.991431645080857,0.008568354919143024,0.991431645080857
7053,0,0,1,0.9793241034967775,0.02067589650322253,0.9793241034967775
16845,1,0,0,0.9510792109366226,0.04892078906337738,0.9510792109366226
794,0,0,1,0.9705258386487329,0.029474161351267087,0.9705258386487329
16258,1,0,0,0.8910465827608867,0.10895341723911332,0.8910465827608867
18221,1,1,1,0.016284634201723325,0.9837153657982767,0.9837153657982767
1522,0,0,1,0.991161656858727,0.008838343141272926,0.991161656858727
19550,1,1,1,0.003839199137796623,0.9961608008622034,0.9961608008622034
18223,1,1,1,0.10305334064273708,0.8969466593572629,0.8969466593572629
15268,1,1,1,0.00932963161858913,0.9906703683814109,0.9906703683814109
17232,1,1,1,0.0027854781425010744,0.9972145218574989,0.9972145218574989
5396,0,0,1,0.8285682481752459,0.1714317518247541,0.8285682481752459
7944,0,0,1,0.9996017365736214,0.0003982634263786046,0.9996017365736214
13751,1,1,1,0.00019511976748143312,0.9998048802325186,0.9998048802325186
2137,0,0,1,0.9871459888621554,0.012854011137844559,0.9871459888621554
1134,0,0,1,0.9804800018022423,0.019519998197757786,0.9804800018022423
11109,1,1,1,0.00147034801239887,0.9985296519876011,0.9985296519876011
14501,1,1,1,0.041999009652215036,0.958000990347785,0.958000990347785
4159,0,0,1,0.9753605654473041,0.024639434552695915,0.9753605654473041
18955,1,1,1,0.0069956152405328265,0.9930043847594672,0.9930043847594672
17534,1,1,1,0.0013726877360735745,0.9986273122639264,0.9986273122639264
1082,0,1,0,0.2625459100186316,0.7374540899813684,0.7374540899813684
6428,0,0,1,0.983813574295133,0.01618642570486697,0.983813574295133
19689,1,1,1,0.0014908316091638563,0.9985091683908361,0.9985091683908361
1126,0,0,1,0.9810595050382426,0.01894049496175742,0.9810595050382426
3766,0,0,1,0.9711775253082386,0.028822474691761368,0.9711775253082386
570,0,0,1,0.9644456288791461,0.03555437112085387,0.9644456288791461
847,0,0,1,0.9801888844795482,0.01981111552045178,0.9801888844795482
7462,0,0,1,0.9803986807305349,0.019601319269465026,0.9803986807305349
1297,0,0,1,0.9949046620357087,0.005095337964291252,0.9949046620357087
14860,1,1,1,0.06390908896983016,0.9360909110301698,0.9360909110301698
846,0,0,1,0.9594535546784113,0.04054644532158865,0.9594535546784113
1686,0,0,1,0.9918877359728397,0.008112264027160214,0.9918877359728397
16569,1,1,1,0.419363946222165,0.580636053777835,0.580636053777835
1987,0,0,1,0.9622793567038452,0.03772064329615475,0.9622793567038452
594,0,0,1,0.9729291984492922,0.027070801550707832,0.9729291984492922
5476,0,0,1,0.9891072367365924,0.010892763263407566,0.9891072367365924
3295,0,0,1,0.9964011806828764,0.0035988193171235306,0.9964011806828764
11052,1,1,1,0.001784522069036787,0.9982154779309632,0.9982154779309632
1900,0,0,1,0.9922066171599409,0.007793382840059124,0.9922066171599409
9063,0,0,1,0.9994608495126907,0.0005391504873092974,0.9994608495126907
7119,0,0,1,0.9786137218706674,0.021386278129332557,0.9786137218706674
1389,0,0,1,0.8513246075643608,0.14867539243563926,0.8513246075643608
11086,1,1,1,0.0012257699903069907,0.998774230009693,0.998774230009693
12602,1,1,1,0.00020367339371540893,0.9997963266062846,0.9997963266062846
3546,0,0,1,0.9547028667621751,0.04529713323782488,0.9547028667621751
17183,1,1,1,0.48080760915628695,0.519192390843713,0.519192390843713
7630,0,0,1,0.9989485352450843,0.0010514647549156354,0.9989485352450843
5165,0,0,1,0.9819250739327283,0.01807492606727171,0.9819250739327283
17527,1,1,1,0.002968084833419593,0.9970319151665804,0.9970319151665804
4901,0,0,1,0.9885337475855119,0.011466252414488036,0.9885337475855119
9476,0,0,1,0.9968277000014292,0.0031722999985708635,0.9968277000014292
1317,0,0,1,0.9875518477593043,0.01244815224069575,0.9875518477593043
1705,0,0,1,0.9860521270586646,0.013947872941335359,0.9860521270586646
16986,1,0,0,0.9973841723953999,0.0026158276046001024,0.9973841723953999
14179,1,1,1,0.002753313364197041,0.997246686635803,0.997246686635803
10824,1,1,1,0.003002392850759983,0.99699760714924,0.99699760714924
19914,1,1,1,0.0002982383264695798,0.9997017616735304,0.9997017616735304
6675,0,0,1,0.9900296202749715,0.009970379725028402,0.9900296202749715
13482,1,1,1,0.0011225010028252935,0.9988774989971747,0.9988774989971747
13498,1,1,1,0.0013900769427632742,0.9986099230572367,0.9986099230572367
12657,1,1,1,0.000555722869657882,0.9994442771303421,0.9994442771303421
14345,1,1,1,0.00012510787202268947,0.9998748921279773,0.9998748921279773
815,0,0,1,0.9920403321811775,0.007959667818822545,0.9920403321811775
9418,0,0,1,0.9983120000915365,0.0016879999084634236,0.9983120000915365
459,0,0,1,0.9806837312746032,0.019316268725396785,0.9806837312746032
1016,0,0,1,0.9538767619143061,0.04612323808569385,0.9538767619143061
14328,1,1,1,0.003761085380820206,0.9962389146191798,0.9962389146191798
1763,0,1,0,0.00866753789183683,0.9913324621081632,0.9913324621081632
17734,1,1,1,0.004540830655883177,0.9954591693441168,0.9954591693441168
6485,0,0,1,0.9977070537175645,0.002292946282435439,0.9977070537175645
7510,0,0,1,0.9992598444720779,0.0007401555279220904,0.9992598444720779
19356,1,1,1,0.00023238572352146658,0.9997676142764785,0.9997676142764785
7074,0,0,1,0.9816875964420773,0.01831240355792277,0.9816875964420773
385,0,0,1,0.981069509077954,0.01893049092204601,0.981069509077954
2795,0,0,1,0.9830829695194914,0.016917030480508646,0.9830829695194914
6276,0,0,1,0.9984662694394472,0.0015337305605528308,0.9984662694394472
8071,0,0,1,0.9912819258869492,0.008718074113050863,0.9912819258869492
16911,1,1,1,0.017704861478666678,0.9822951385213333,0.9822951385213333
4743,0,0,1,0.9772094642045714,0.022790535795428526,0.9772094642045714
1541,0,0,1,0.9850434765680915,0.014956523431908425,0.9850434765680915
1305,0,0,1,0.9898084993451675,0.010191500654832491,0.9898084993451675
2138,0,0,1,0.9593324332413121,0.040667566758687886,0.9593324332413121
8530,0,0,1,0.9996685614710691,0.0003314385289309658,0.9996685614710691
8394,0,0,1,0.9997757540550316,0.00022424594496839033,0.9997757540550316
18031,1,1,1,0.0030994417541230224,0.996900558245877,0.996900558245877
5322,0,0,1,0.9948899361877398,0.005110063812260212,0.9948899361877398
5699,0,0,1,0.9758923105111288,0.024107689488871237,0.9758923105111288
14626,1,1,1,0.19183169107396192,0.8081683089260381,0.8081683089260381
3283,0,0,1,0.9845989095441365,0.015401090455863482,0.9845989095441365
9106,0,0,1,0.7778468425939052,0.22215315740609473,0.7778468425939052
4425,0,0,1,0.9921797622605659,0.007820237739434048,0.9921797622605659
770,0,0,1,0.9924774490180973,0.007522550981902692,0.9924774490180973
5938,0,0,1,0.9850004385100168,0.014999561489983151,0.9850004385100168
9185,0,0,1,0.9998953729237381,0.00010462707626188709,0.9998953729237381
8134,0,0,1,0.9995682054652625,0.00043179453473752915,0.9995682054652625
9208,0,0,1,0.9998755132973197,0.0001244867026802979,0.9998755132973197
4421,0,0,1,0.9975210664227501,0.0024789335772499206,0.9975210664227501
18933,1,1,1,9.01070155198136e-05,0.9999098929844802,0.9999098929844802
146,0,0,1,0.988647910500057,0.011352089499943019,0.988647910500057
1839,0,0,1,0.9930179739050102,0.006982026094989811,0.9930179739050102
1046,0,0,1,0.9958301728043492,0.004169827195650796,0.9958301728043492
15488,1,1,1,0.001083285156950553,0.9989167148430494,0.9989167148430494
5883,0,0,1,0.9948627211112158,0.0051372788887842046,0.9948627211112158
7146,0,0,1,0.8990036327871302,0.10099636721286981,0.8990036327871302
8888,0,0,1,0.9989433822804227,0.001056617719577293,0.9989433822804227
5191,0,0,1,0.9886056282024691,0.011394371797530943,0.9886056282024691
3052,0,0,1,0.9775546352593335,0.022445364740666458,0.9775546352593335
11076,1,1,1,0.0013656699838804354,0.9986343300161196,0.9986343300161196
13760,1,1,1,0.000895684761761828,0.9991043152382382,0.9991043152382382
5740,0,0,1,0.9770538285561896,0.022946171443810368,0.9770538285561896
13812,1,1,1,0.27957850782089144,0.7204214921791086,0.7204214921791086
12560,1,1,1,0.000200573916083302,0.9997994260839167,0.9997994260839167
17819,1,1,1,0.018242201392254076,0.9817577986077459,0.9817577986077459
12618,1,1,1,0.0035180769894757047,0.9964819230105243,0.9964819230105243
4139,0,0,1,0.9824598993140421,0.017540100685957946,0.9824598993140421
3160,0,0,1,0.8396423039871241,0.16035769601287586,0.8396423039871241
17651,1,1,1,0.25650961968266084,0.7434903803173392,0.7434903803173392
14,0,0,1,0.9529096640862534,0.047090335913746534,0.9529096640862534
19007,1,1,1,5.260754741720497e-05,0.9999473924525828,0.9999473924525828
9294,0,0,1,0.9988758285326789,0.001124171467321137,0.9988758285326789
6706,0,0,1,0.9812994747561758,0.01870052524382413,0.9812994747561758
10127,1,1,1,0.000724598817438693,0.9992754011825613,0.9992754011825613
4271,0,0,1,0.9741937196129349,0.025806280387065166,0.9741937196129349
14903,1,1,1,0.004166227002046385,0.9958337729979536,0.9958337729979536
4619,0,0,1,0.9924972583852926,0.007502741614707394,0.9924972583852926
2949,0,0,1,0.9695572683545072,0.03044273164549288,0.9695572683545072
8008,0,0,1,0.9996707592727984,0.0003292407272016413,0.9996707592727984
5690,0,0,1,0.983935254658405,0.016064745341594962,0.983935254658405
17061,1,1,1,0.413668393527757,0.586331606472243,0.586331606472243
11071,1,1,1,0.0008719207208544022,0.9991280792791456,0.9991280792791456
3475,0,0,1,0.9799665300870117,0.020033469912988305,0.9799665300870117
2201,0,0,1,0.9943785637466647,0.0056214362533353315,0.9943785637466647
18070,1,1,1,0.0024184624517648023,0.9975815375482352,0.9975815375482352
14937,1,1,1,0.00026052145954880146,0.9997394785404512,0.9997394785404512
13362,1,1,1,0.0024241152920350117,0.997575884707965,0.997575884707965
6260,0,0,1,0.9921330161949145,0.007866983805085496,0.9921330161949145
14608,1,1,1,0.07931189229792635,0.9206881077020737,0.9206881077020737
10498,1,1,1,0.0009019373335001912,0.9990980626664998,0.9990980626664998
17102,1,1,1,0.003089473257499531,0.9969105267425005,0.9969105267425005
17044,1,1,1,0.0190875099811616,0.9809124900188384,0.9809124900188384
14714,1,1,1,0.00017211452468413047,0.9998278854753159,0.9998278854753159
4566,0,0,1,0.9797249079708015,0.020275092029198565,0.9797249079708015
12473,1,1,1,0.0001661582964483932,0.9998338417035516,0.9998338417035516
208,0,0,1,0.991253681557365,0.008746318442635013,0.991253681557365
14583,1,1,1,0.00018252186409273286,0.9998174781359073,0.9998174781359073
854,0,0,1,0.9499358806108188,0.05006411938918118,0.9499358806108188
7971,0,0,1,0.9994565716005187,0.0005434283994812431,0.9994565716005187
5097,0,0,1,0.9485667184671825,0.051433281532817475,0.9485667184671825
8662,0,0,1,0.9987649396684711,0.0012350603315288576,0.9987649396684711
13076,1,1,1,0.00047364137323890887,0.9995263586267611,0.9995263586267611
9141,0,0,1,0.8011693505398573,0.1988306494601427,0.8011693505398573
9959,0,0,1,0.9997252747921761,0.00027472520782388866,0.9997252747921761
2080,0,0,1,0.9960232738060892,0.003976726193910795,0.9960232738060892
16586,1,1,1,0.4173980603803603,0.5826019396196397,0.5826019396196397
13187,1,1,1,0.00021523342853613237,0.9997847665714639,0.9997847665714639
4700,0,0,1,0.9913140671439484,0.008685932856051544,0.9913140671439484
8925,0,0,1,0.9974000310609485,0.0025999689390514497,0.9974000310609485
1206,0,0,1,0.9603071276103833,0.0396928723896167,0.9603071276103833
4629,0,0,1,0.9587403660708527,0.04125963392914736,0.9587403660708527
17559,1,1,1,0.008650211733204682,0.9913497882667953,0.9913497882667953
2360,0,0,1,0.989271396856927,0.010728603143073041,0.989271396856927
13292,1,1,1,0.00019569680660280753,0.9998043031933972,0.9998043031933972
12978,1,1,1,0.03688966048996434,0.9631103395100357,0.9631103395100357
14776,1,1,1,0.00011071981494259475,0.9998892801850574,0.9998892801850574
2335,0,0,1,0.9854400376176901,0.014559962382309933,0.9854400376176901
16886,1,1,1,0.002367073409274223,0.9976329265907258,0.9976329265907258
1853,0,0,1,0.9426441381080153,0.05735586189198466,0.9426441381080153
6264,0,0,1,0.9946885258514478,0.005311474148552113,0.9946885258514478
7307,0,0,1,0.9820997619343248,0.017900238065675145,0.9820997619343248
5002,0,0,1,0.7659899801989944,0.2340100198010056,0.7659899801989944
12229,1,1,1,0.0027804294738486,0.9972195705261514,0.9972195705261514
2990,0,0,1,0.9435223238188695,0.056477676181130525,0.9435223238188695
6242,0,0,1,0.9891706015285798,0.010829398471420166,0.9891706015285798
17279,1,1,1,0.0066861899456091,0.9933138100543909,0.9933138100543909
8209,0,0,1,0.9993351684500495,0.0006648315499504685,0.9993351684500495
1827,0,0,1,0.9891452605111677,0.010854739488832263,0.9891452605111677
10606,1,1,1,0.0008526845842147246,0.9991473154157853,0.9991473154157853
16069,1,0,0,0.828386724638975,0.17161327536102497,0.828386724638975
9187,0,0,1,0.9996905440649037,0.0003094559350963512,0.9996905440649037
455,0,0,1,0.9848119830556753,0.015188016944324659,0.9848119830556753
6381,0,0,1,0.9905729962139398,0.00942700378606015,0.9905729962139398
6614,0,0,1,0.9758661081572358,0.024133891842764127,0.9758661081572358
16582,1,1,1,0.12247868535960671,0.8775213146403933,0.8775213146403933
6138,0,0,1,0.9929947983145161,0.007005201685483869,0.9929947983145161
2927,0,0,1,0.937868305732034,0.06213169426796608,0.937868305732034
5091,0,0,1,0.9919017151302448,0.00809828486975515,0.9919017151302448
11134,1,1,1,0.0013978690790401593,0.9986021309209598,0.9986021309209598
11265,1,1,1,8.765367757934683e-05,0.9999123463224207,0.9999123463224207
2847,0,0,1,0.9908156522934252,0.009184347706574855,0.9908156522934252
5765,0,0,1,0.9823681697042895,0.017631830295710485,0.9823681697042895
14123,1,1,1,0.003404294525001461,0.9965957054749985,0.9965957054749985
10520,1,1,1,0.0010931034808482343,0.9989068965191518,0.9989068965191518
2467,0,0,1,0.946826162687635,0.05317383731236504,0.946826162687635
12597,1,1,1,0.0002032062538126489,0.9997967937461874,0.9997967937461874
18522,1,1,1,0.009992242978834942,0.9900077570211651,0.9900077570211651
9655,0,0,1,0.9997373068746765,0.00026269312532349175,0.9997373068746765
2394,0,0,1,0.994408450352004,0.005591549647996037,0.994408450352004
769,0,0,1,0.9385985854667755,0.0614014145332245,0.9385985854667755
12268,1,1,1,0.0018746339375862453,0.9981253660624138,0.9981253660624138
12949,1,1,1,0.0009222357240340484,0.999077764275966,0.999077764275966
16831,1,1,1,0.3696597750518227,0.6303402249481773,0.6303402249481773
8593,0,0,1,0.9963172671756683,0.003682732824331768,0.9963172671756683
8728,0,0,1,0.9998644371603196,0.00013556283968041617,0.9998644371603196
18123,1,1,1,0.006225805871659218,0.9937741941283408,0.9937741941283408
282,0,0,1,0.9699582819494801,0.03004171805051996,0.9699582819494801
18356,1,1,1,0.004028143180691446,0.9959718568193086,0.9959718568193086
11005,1,1,1,0.0014488299093194934,0.9985511700906805,0.9985511700906805
8239,0,0,1,0.9998038031983342,0.0001961968016658795,0.9998038031983342
14251,1,1,1,0.00012160305059361054,0.9998783969494064,0.9998783969494064
7512,0,0,1,0.9998193953818078,0.00018060461819222512,0.9998193953818078
4160,0,0,1,0.9979787572530704,0.0020212427469295867,0.9979787572530704
2646,0,0,1,0.9773413429681036,0.02265865703189639,0.9773413429681036
8007,0,0,1,0.9997151387349728,0.00028486126502719417,0.9997151387349728
8685,0,0,1,0.999651645916483,0.00034835408351700537,0.999651645916483
10809,1,1,1,0.0029824024636243562,0.9970175975363756,0.9970175975363756
8572,0,0,1,0.9998536152741937,0.00014638472580634919,0.9998536152741937
4144,0,0,1,0.9857978003742289,0.014202199625771064,0.9857978003742289
17905,1,1,1,0.058864380389642146,0.9411356196103579,0.9411356196103579
10598,1,1,1,0.0010960455142856596,0.9989039544857143,0.9989039544857143
12979,1,1,1,0.005886356708968643,0.9941136432910314,0.9941136432910314
10322,1,1,1,0.0008534857091974102,0.9991465142908026,0.9991465142908026
8681,0,0,1,0.9969470959683595,0.0030529040316405,0.9969470959683595
14227,1,1,1,4.183124600543042e-05,0.9999581687539946,0.9999581687539946
19557,1,1,1,0.002330039403376727,0.9976699605966233,0.9976699605966233
5370,0,0,1,0.9671471106713124,0.03285288932868753,0.9671471106713124
12038,1,1,1,0.011468478401618576,0.9885315215983814,0.9885315215983814
15922,1,1,1,0.00020811277886745305,0.9997918872211325,0.9997918872211325
6310,0,0,1,0.9738462453347806,0.026153754665219457,0.9738462453347806
5785,0,0,1,0.9627851990118185,0.03721480098818155,0.9627851990118185
12626,1,1,1,0.00034768108450133894,0.9996523189154987,0.9996523189154987
12123,1,1,1,0.0012114275933610141,0.998788572406639,0.998788572406639
19225,1,1,1,3.583648535998574e-05,0.99996416351464,0.99996416351464
5728,0,0,1,0.9669555127706959,0.03304448722930414,0.9669555127706959
5444,0,0,1,0.9906645050177851,0.00933549498221491,0.9906645050177851
1257,0,0,1,0.5311007678323905,0.4688992321676095,0.5311007678323905
8039,0,0,1,0.9989763506711035,0.0010236493288965233,0.9989763506711035
4377,0,0,1,0.7217682356082751,0.278231764391725,0.7217682356082751
7250,0,0,1,0.9012160906731069,0.09878390932689307,0.9012160906731069
4121,0,0,1,0.9955976257635353,0.004402374236464767,0.9955976257635353
18081,1,1,1,0.020150076447419618,0.9798499235525804,0.9798499235525804
7907,0,0,1,0.9998695913897275,0.00013040861027250106,0.9998695913897275
5232,0,0,1,0.9913291734852199,0.00867082651478017,0.9913291734852199
7555,0,0,1,0.9995998527015314,0.0004001472984686196,0.9995998527015314
19507,1,1,1,0.0003715742943651845,0.9996284257056348,0.9996284257056348
3256,0,0,1,0.9964672860685857,0.003532713931414355,0.9964672860685857
13544,1,1,1,0.0006491962903355519,0.9993508037096644,0.9993508037096644
12523,1,1,1,0.00028292106252003624,0.99971707893748,0.99971707893748
3875,0,0,1,0.9936780609427177,0.006321939057282318,0.9936780609427177
900,0,0,1,0.9889190117420528,0.011080988257947247,0.9889190117420528
15682,1,1,1,0.0001283616589489167,0.9998716383410511,0.9998716383410511
17990,1,1,1,0.017019164429050826,0.9829808355709492,0.9829808355709492
2354,0,0,1,0.9936383367698686,0.006361663230131421,0.9936383367698686
700,0,0,1,0.9858796422991498,0.014120357700850227,0.9858796422991498
11008,1,1,1,0.001515660698881871,0.9984843393011181,0.9984843393011181
13309,1,1,1,0.002770596513884671,0.9972294034861153,0.9972294034861153
9070,0,0,1,0.999563099847872,0.00043690015212807424,0.999563099847872
8816,0,0,1,0.9990110363841795,0.0009889636158204459,0.9990110363841795
6950,0,0,1,0.9797084064811112,0.020291593518888713,0.9797084064811112
11987,1,1,1,0.002950415200612566,0.9970495847993874,0.9970495847993874
16735,1,0,0,0.6523417208172804,0.34765827918271963,0.6523417208172804
4798,0,0,1,0.9888921236689393,0.011107876331060688,0.9888921236689393
2846,0,0,1,0.9406309205948431,0.05936907940515686,0.9406309205948431
9602,0,0,1,0.9966576414484095,0.003342358551590441,0.9966576414484095
18506,1,1,1,0.0033699030805260932,0.9966300969194739,0.9966300969194739
15652,1,1,1,0.011989423663668286,0.9880105763363317,0.9880105763363317
149,0,0,1,0.9962015094413196,0.003798490558680375,0.9962015094413196
302,0,0,1,0.9942890236164984,0.005710976383501648,0.9942890236164984
14458,1,1,1,0.015671277828043895,0.9843287221719561,0.9843287221719561
3519,0,0,1,0.9883304107338992,0.011669589266100839,0.9883304107338992
17406,1,1,1,0.007007901358095481,0.9929920986419045,0.9929920986419045
8938,0,0,1,0.9998903493894454,0.0001096506105545843,0.9998903493894454
9349,0,0,1,0.9985277694382982,0.0014722305617017322,0.9985277694382982
18988,1,1,1,0.00023915867575585725,0.9997608413242441,0.9997608413242441
8190,0,0,1,0.999638066995642,0.0003619330043580327,0.999638066995642
8809,0,0,1,0.9998786106207631,0.0001213893792368524,0.9998786106207631
16834,1,1,1,0.12820114801421145,0.8717988519857885,0.8717988519857885
11248,1,1,1,8.840410576838043e-05,0.9999115958942316,0.9999115958942316
16994,1,1,1,0.26665002842091845,0.7333499715790815,0.7333499715790815
17290,1,1,1,0.3322163799025363,0.6677836200974637,0.6677836200974637
7142,0,0,1,0.993931677415696,0.00606832258430398,0.993931677415696
9471,0,0,1,0.99962362601485,0.0003763739851499832,0.99962362601485
6809,0,0,1,0.9618831162270757,0.03811688377292432,0.9618831162270757
7993,0,0,1,0.9995724378891141,0.0004275621108859165,0.9995724378891141
19214,1,1,1,0.0003713591956437945,0.9996286408043562,0.9996286408043562
15517,1,1,1,0.0014825889462076747,0.9985174110537923,0.9985174110537923
15434,1,1,1,0.4044665908523517,0.5955334091476483,0.5955334091476483
13380,1,1,1,0.0007928456453402122,0.9992071543546598,0.9992071543546598
18074,1,1,1,0.005835435408131251,0.9941645645918687,0.9941645645918687
14156,1,1,1,9.906105779666774e-05,0.9999009389422033,0.9999009389422033
6029,0,0,1,0.9891271685361163,0.010872831463883707,0.9891271685361163
8591,0,0,1,0.9376050495947185,0.06239495040528155,0.9376050495947185
10103,1,1,1,0.0002904092557429738,0.999709590744257,0.999709590744257
17275,1,1,1,0.02503633078913936,0.9749636692108606,0.9749636692108606
5518,0,0,1,0.9909565209554979,0.009043479044502046,0.9909565209554979
2815,0,0,1,0.9831329675914848,0.016867032408515205,0.9831329675914848
3381,0,0,1,0.9894179556732526,0.010582044326747407,0.9894179556732526
3792,0,0,1,0.9918935838537958,0.008106416146204184,0.9918935838537958
8640,0,0,1,0.8664162577964551,0.1335837422035449,0.8664162577964551
14389,1,1,1,0.00026400466329001837,0.99973599533671,0.99973599533671
929,0,0,1,0.991656976443064,0.008343023556935938,0.991656976443064
4018,0,0,1,0.8683475185554992,0.13165248144450087,0.8683475185554992
1495,0,0,1,0.91787250866205,0.08212749133795001,0.91787250866205
9611,0,0,1,0.9993764734102127,0.000623526589787296,0.9993764734102127
18723,1,1,1,3.0194684896289736e-05,0.9999698053151037,0.9999698053151037
11961,1,1,1,0.003152198348701174,0.9968478016512988,0.9968478016512988
8336,0,0,1,0.999665161716186,0.0003348382838139303,0.999665161716186
13808,1,1,1,0.0020715212910034086,0.9979284787089966,0.9979284787089966
631,0,0,1,0.9942047286960994,0.005795271303900566,0.9942047286960994
7217,0,0,1,0.9943441578505181,0.0056558421494818534,0.9943441578505181
3809,0,0,1,0.9826645239638716,0.017335476036128374,0.9826645239638716
18627,1,1,1,0.00797268497803405,0.992027315021966,0.992027315021966
11603,1,1,1,4.8327101418998986e-05,0.999951672898581,0.999951672898581
8434,0,0,1,0.9997871648739596,0.00021283512604040154,0.9997871648739596
4662,0,0,1,0.983757737115621,0.01624226288437907,0.983757737115621
13147,1,1,1,0.002197978811646184,0.9978020211883538,0.9978020211883538
303,0,0,1,0.9920359243866259,0.007964075613374132,0.9920359243866259
1203,0,0,1,0.8649603862516055,0.13503961374839452,0.8649603862516055
4508,0,0,1,0.9676737572068803,0.032326242793119644,0.9676737572068803
17968,1,1,1,0.15043483241059863,0.8495651675894014,0.8495651675894014
5714,0,0,1,0.9780597316315501,0.021940268368449888,0.9780597316315501
203,0,0,1,0.9949592453627669,0.005040754637233073,0.9949592453627669
18562,1,1,1,0.008636950678165833,0.9913630493218342,0.9913630493218342
975,0,0,1,0.9676414356516891,0.032358564348310914,0.9676414356516891
8213,0,0,1,0.9999081801215455,9.181987845453783e-05,0.9999081801215455
6295,0,0,1,0.9887967831984128,0.011203216801587187,0.9887967831984128
8558,0,0,1,0.8169854071334236,0.18301459286657637,0.8169854071334236
10427,1,1,1,0.001597291323555905,0.9984027086764441,0.9984027086764441
3028,0,0,1,0.9882337707121188,0.011766229287881198,0.9882337707121188
17532,1,1,1,0.01453724589766725,0.9854627541023327,0.9854627541023327
771,0,0,1,0.9897936217661362,0.010206378233863792,0.9897936217661362
14640,1,1,1,0.0029268092250593902,0.9970731907749406,0.9970731907749406
12443,1,1,1,0.0002453210654673743,0.9997546789345326,0.9997546789345326
1137,0,0,1,0.9775060371331804,0.022493962866819574,0.9775060371331804
2681,0,0,1,0.9897804921117882,0.010219507888211826,0.9897804921117882
1907,0,0,1,0.9916525923442987,0.008347407655701296,0.9916525923442987
14848,1,1,1,0.0021766650418321154,0.9978233349581679,0.9978233349581679
9762,0,0,1,0.9998212188243317,0.0001787811756683228,0.9998212188243317
2592,0,0,1,0.9450907520354042,0.05490924796459579,0.9450907520354042
19539,1,1,1,0.004484376560890402,0.9955156234391096,0.9955156234391096
3130,0,0,1,0.9802031472584509,0.019796852741549055,0.9802031472584509
8466,0,0,1,0.9998425794637505,0.00015742053624940636,0.9998425794637505
13717,1,1,1,0.007394148679558787,0.9926058513204412,0.9926058513204412
18807,1,1,1,0.0002887988597750635,0.9997112011402249,0.9997112011402249
6709,0,0,1,0.9864657150143418,0.013534284985658219,0.9864657150143418
5315,0,0,1,0.8948073419900642,0.1051926580099358,0.8948073419900642
1280,0,0,1,0.9580285970114903,0.041971402988509696,0.9580285970114903
4440,0,0,1,0.9817915232239068,0.018208476776093146,0.9817915232239068
937,0,0,1,0.9763956410608876,0.02360435893911237,0.9763956410608876
18013,1,1,1,0.02408697343818922,0.9759130265618108,0.9759130265618108
3740,0,0,1,0.9858301926050289,0.014169807394971095,0.9858301926050289
16896,1,0,0,0.7325884381967679,0.2674115618032321,0.7325884381967679
5642,0,0,1,0.9815064436378862,0.01849355636211377,0.9815064436378862
13898,1,1,1,0.0018572781607747446,0.9981427218392253,0.9981427218392253
7578,0,0,1,0.999742588331412,0.0002574116685880031,0.999742588331412
7293,0,1,0,0.45375552782585804,0.546244472174142,0.546244472174142
19705,1,1,1,0.00016884115487580953,0.9998311588451242,0.9998311588451242
11982,1,1,1,0.0028224515974070163,0.997177548402593,0.997177548402593
6372,0,0,1,0.5499649550555312,0.4500350449444688,0.5499649550555312
11420,1,1,1,0.00038507413413302327,0.999614925865867,0.999614925865867
8717,0,0,1,0.9998389175140511,0.00016108248594892224,0.9998389175140511
1121,0,0,1,0.9810750561953502,0.01892494380464984,0.9810750561953502
18603,1,1,1,0.248870193537725,0.751129806462275,0.751129806462275
3835,0,0,1,0.8821957273264278,0.11780427267357214,0.8821957273264278
855,0,0,1,0.9888648266965391,0.01113517330346093,0.9888648266965391
11110,1,1,1,0.001796638650033211,0.9982033613499668,0.9982033613499668
17639,1,1,1,0.19496844776095623,0.8050315522390438,0.8050315522390438
5949,0,0,1,0.9092625168617914,0.09073748313820856,0.9092625168617914
13674,1,1,1,0.00022762457307956563,0.9997723754269204,0.9997723754269204
16972,1,0,0,0.9924411109730378,0.007558889026962248,0.9924411109730378
11917,1,1,1,9.573057315404032e-05,0.999904269426846,0.999904269426846
10423,1,1,1,0.0012909201484260224,0.998709079851574,0.998709079851574
3217,0,0,1,0.7674754462343891,0.23252455376561082,0.7674754462343891
4447,0,0,1,0.9922816611734865,0.007718338826513471,0.9922816611734865
14300,1,1,1,0.00016700470254427113,0.9998329952974557,0.9998329952974557
10903,1,1,1,0.0011110498677381342,0.9988889501322619,0.9988889501322619
17452,1,1,1,0.13572656896778268,0.8642734310322173,0.8642734310322173
9810,0,0,1,0.9996940038285494,0.0003059961714505433,0.9996940038285494
18176,1,1,1,0.015270195212740867,0.9847298047872591,0.9847298047872591
18403,1,1,1,0.0012578254581334658,0.9987421745418665,0.9987421745418665
11689,1,1,1,9.715495124185125e-05,0.9999028450487581,0.9999028450487581
4010,0,0,1,0.8938922398763354,0.1061077601236646,0.8938922398763354
13063,1,1,1,0.009229638010986863,0.9907703619890131,0.9907703619890131
14942,1,1,1,0.0005003645673763435,0.9994996354326237,0.9994996354326237
6174,0,0,1,0.9176662254504291,0.08233377454957087,0.9176662254504291
14044,1,1,1,0.00010975245805255884,0.9998902475419474,0.9998902475419474
6008,0,0,1,0.9921442197987975,0.007855780201202511,0.9921442197987975
793,0,0,1,0.912823182229726,0.08717681777027401,0.912823182229726
8257,0,0,1,0.9890646882742481,0.01093531172575188,0.9890646882742481
10048,1,1,1,0.001799045325868276,0.9982009546741317,0.9982009546741317
18155,1,1,1,0.039947261415833824,0.9600527385841662,0.9600527385841662
16577,1,1,1,0.06327894576398496,0.936721054236015,0.936721054236015
18961,1,1,1,0.0011798123925024218,0.9988201876074976,0.9988201876074976
2712,0,0,1,0.9772173799892423,0.022782620010757718,0.9772173799892423
18960,1,1,1,0.0003408236576757373,0.9996591763423243,0.9996591763423243
14818,1,1,1,0.0009589432470962223,0.9990410567529038,0.9990410567529038
16637,1,1,1,0.006148362834105581,0.9938516371658944,0.9938516371658944
8435,0,0,1,0.9997632547895762,0.00023674521042384354,0.9997632547895762
10426,1,1,1,0.000818438432479085,0.9991815615675209,0.9991815615675209
15470,1,1,1,0.00012136046161881353,0.9998786395383812,0.9998786395383812
10045,1,1,1,0.0012852636748696966,0.9987147363251303,0.9987147363251303
17860,1,1,1,0.02897693530477885,0.9710230646952211,0.9710230646952211
1387,0,0,1,0.9068182479933612,0.09318175200663878,0.9068182479933612
16626,1,1,1,0.3305254620550574,0.6694745379449426,0.6694745379449426
7861,0,0,1,0.9998297203521467,0.00017027964785330398,0.9998297203521467
7304,0,0,1,0.9466969025635797,0.053303097436420276,0.9466969025635797
14554,1,1,1,0.0002308167771780667,0.9997691832228219,0.9997691832228219
238,0,0,1,0.9478743411531121,0.05212565884688788,0.9478743411531121
10881,1,1,1,0.0013432924711754834,0.9986567075288245,0.9986567075288245
17418,1,1,1,0.006532305102326941,0.9934676948976731,0.9934676948976731
5833,0,0,1,0.9831180058463503,0.01688199415364965,0.9831180058463503
5456,0,1,0,0.47177786594935345,0.5282221340506466,0.5282221340506466
7333,0,0,1,0.9718538620731884,0.02814613792681166,0.9718538620731884
5250,0,0,1,0.9965810357456308,0.003418964254369149,0.9965810357456308
15512,1,1,1,6.035792756964309e-05,0.9999396420724304,0.9999396420724304
17788,1,1,1,0.022354970923225248,0.9776450290767748,0.9776450290767748
1192,0,0,1,0.9822150660944347,0.017784933905565403,0.9822150660944347
2142,0,0,1,0.9947851747544109,0.005214825245589117,0.9947851747544109
18088,1,1,1,0.005939279810996734,0.9940607201890033,0.9940607201890033
1680,0,0,1,0.9857754323827999,0.014224567617200146,0.9857754323827999
11529,1,1,1,0.0001090597951602934,0.9998909402048397,0.9998909402048397
14668,1,1,1,0.00012265588908055847,0.9998773441109194,0.9998773441109194
191,0,0,1,0.94486945259294,0.055130547407060075,0.94486945259294
10034,1,1,1,0.0014132723283070137,0.998586727671693,0.998586727671693
11679,1,1,1,5.815444640377976e-05,0.9999418455535962,0.9999418455535962
17090,1,1,1,0.02342203396793474,0.9765779660320653,0.9765779660320653
3610,0,0,1,0.75736946774694,0.24263053225306,0.75736946774694
2762,0,0,1,0.993824200048965,0.006175799951035027,0.993824200048965
4305,0,0,1,0.9870751259707682,0.012924874029231787,0.9870751259707682
14754,1,1,1,0.00010901107578209501,0.9998909889242179,0.9998909889242179
9442,0,0,1,0.9987539362753637,0.0012460637246363294,0.9987539362753637
4485,0,0,1,0.9531240179128077,0.046875982087192326,0.9531240179128077
15487,1,1,1,0.00036342235989217375,0.9996365776401078,0.9996365776401078
16429,1,0,0,0.9105122032061197,0.08948779679388034,0.9105122032061197
18157,1,1,1,0.03958662750407982,0.9604133724959202,0.9604133724959202
17646,1,1,1,0.0211035105511006,0.9788964894488994,0.9788964894488994
5671,0,0,1,0.9946652273083476,0.00533477269165239,0.9946652273083476
15553,1,1,1,0.00011622054262971915,0.9998837794573703,0.9998837794573703
515,0,0,1,0.9874800043225613,0.012519995677438688,0.9874800043225613
18137,1,1,1,0.004497665334375678,0.9955023346656243,0.9955023346656243
18729,1,1,1,0.1936032813706844,0.8063967186293156,0.8063967186293156
2638,0,0,1,0.9854421572289817,0.014557842771018382,0.9854421572289817
17738,1,1,1,0.0062339031055484995,0.9937660968944515,0.9937660968944515
12202,1,1,1,0.002767449507172781,0.9972325504928272,0.9972325504928272
16383,1,1,1,0.20474822030716655,0.7952517796928334,0.7952517796928334
17545,1,1,1,0.0724066390503254,0.9275933609496746,0.9275933609496746
6134,0,0,1,0.9115267170168222,0.08847328298317782,0.9115267170168222
11678,1,1,1,6.645096039048504e-05,0.9999335490396095,0.9999335490396095
6886,0,0,1,0.9795311604353168,0.02046883956468318,0.9795311604353168
19418,1,1,1,0.0013615641178594817,0.9986384358821405,0.9986384358821405
18674,1,1,1,0.0006065904196924654,0.9993934095803075,0.9993934095803075
9046,0,0,1,0.9998293387504724,0.00017066124952756,0.9998293387504724
8998,0,0,1,0.9996458073694922,0.000354192630507878,0.9996458073694922
5394,0,0,1,0.994325646476609,0.005674353523390922,0.994325646476609
5653,0,0,1,0.9402121385173496,0.059787861482650306,0.9402121385173496
17668,1,1,1,0.43916545226744674,0.5608345477325533,0.5608345477325533
2244,0,0,1,0.9861895698046284,0.013810430195371664,0.9861895698046284
513,0,0,1,0.9816463152741952,0.018353684725804842,0.9816463152741952
9710,0,0,1,0.9998972445874929,0.00010275541250718312,0.9998972445874929
4894,0,0,1,0.9473731346533154,0.05262686534668462,0.9473731346533154
16842,1,0,0,0.7647716063780383,0.23522839362196168,0.7647716063780383
8520,0,0,1,0.9999035015693875,9.649843061251241e-05,0.9999035015693875
13874,1,1,1,0.12864340451910572,0.8713565954808943,0.8713565954808943
9134,0,0,1,0.9996781061311382,0.000321893868861834,0.9996781061311382
10436,1,1,1,0.0024945996238147083,0.9975054003761853,0.9975054003761853
17296,1,1,1,0.0027006082054277236,0.9972993917945723,0.9972993917945723
5802,0,0,1,0.5872188908335774,0.41278110916642263,0.5872188908335774
5502,0,0,1,0.9930187688985253,0.006981231101474702,0.9930187688985253
9283,0,0,1,0.9997017600719185,0.00029823992808152103,0.9997017600719185
12834,1,1,1,0.03828540346148157,0.9617145965385184,0.9617145965385184
9968,0,0,1,0.9996902099991043,0.00030979000089572376,0.9996902099991043
1241,0,0,1,0.96164220465321,0.038357795346789944,0.96164220465321
9793,0,0,1,0.9988983021730022,0.001101697826997767,0.9988983021730022
8235,0,0,1,0.9998230497018217,0.00017695029817831214,0.9998230497018217
1736,0,0,1,0.5923609570525125,0.40763904294748754,0.5923609570525125
9727,0,0,1,0.9998583119440464,0.00014168805595363948,0.9998583119440464
4770,0,0,1,0.9971673284220633,0.0028326715779366783,0.9971673284220633
5684,0,0,1,0.9589626438020948,0.04103735619790511,0.9589626438020948
4509,0,0,1,0.8875654202833063,0.11243457971669364,0.8875654202833063
5528,0,0,1,0.9650683137663978,0.034931686233602176,0.9650683137663978
7329,0,0,1,0.9271293869146519,0.07287061308534816,0.9271293869146519
6897,0,0,1,0.9951618676866777,0.004838132313322268,0.9951618676866777
2027,0,0,1,0.9799079635336725,0.020092036466327543,0.9799079635336725
4561,0,0,1,0.9788995035914074,0.021100496408592583,0.9788995035914074
14855,1,1,1,0.0805839825984529,0.9194160174015471,0.9194160174015471
7762,0,0,1,0.9992086840308914,0.0007913159691086555,0.9992086840308914
6941,0,0,1,0.9741523388915895,0.02584766110841053,0.9741523388915895
12885,1,1,1,0.0004031721855760617,0.9995968278144239,0.9995968278144239
9269,0,0,1,0.9998395927515492,0.00016040724845083732,0.9998395927515492
13823,1,1,1,0.00030730858785466,0.9996926914121453,0.9996926914121453
13009,1,1,1,0.0015068493523482385,0.9984931506476518,0.9984931506476518
2372,0,0,1,0.978390994401959,0.021609005598041065,0.978390994401959
2193,0,0,1,0.9954591270962853,0.0045408729037147025,0.9954591270962853
6949,0,0,1,0.9143619048522821,0.08563809514771792,0.9143619048522821
4445,0,0,1,0.9907261869692056,0.009273813030794486,0.9907261869692056
1708,0,0,1,0.9798759759710942,0.020124024028905813,0.9798759759710942
3506,0,0,1,0.9321069432838441,0.06789305671615589,0.9321069432838441
117,0,0,1,0.9961862300527413,0.0038137699472586724,0.9961862300527413
9771,0,0,1,0.9806854994327452,0.01931450056725478,0.9806854994327452
14866,1,1,1,0.0003297087063038884,0.9996702912936961,0.9996702912936961
1060,0,0,1,0.9901639419259433,0.009836058074056764,0.9901639419259433
729,0,0,1,0.9878636128710436,0.012136387128956367,0.9878636128710436
16787,1,0,0,0.7109733259522093,0.28902667404779075,0.7109733259522093
13137,1,1,1,0.00033271854733685213,0.9996672814526631,0.9996672814526631
14371,1,1,1,8.317641704580492e-05,0.9999168235829542,0.9999168235829542
985,0,0,1,0.959060772025091,0.04093922797490905,0.959060772025091
4627,0,0,1,0.9785363651761685,0.021463634823831557,0.9785363651761685
3769,0,0,1,0.9410626475200206,0.05893735247997946,0.9410626475200206
10323,1,1,1,0.0002663082425148344,0.9997336917574852,0.9997336917574852
11995,1,1,1,0.0034997182920253334,0.9965002817079747,0.9965002817079747
18216,1,1,1,0.012307683349887633,0.9876923166501124,0.9876923166501124
2490,0,0,1,0.9660379642373325,0.03396203576266752,0.9660379642373325
1844,0,0,1,0.9933324712297033,0.0066675287702968,0.9933324712297033
7668,0,0,1,0.9993258704722273,0.0006741295277727114,0.9993258704722273
11056,1,1,1,0.001240034750325747,0.9987599652496743,0.9987599652496743
8889,0,0,1,0.9975514706467598,0.0024485293532402245,0.9975514706467598
761,0,0,1,0.9952473728925576,0.004752627107442362,0.9952473728925576
14305,1,1,1,0.0001184256985250487,0.999881574301475,0.999881574301475
9290,0,0,1,0.9998188147686989,0.0001811852313010416,0.9998188147686989
8365,0,0,1,0.9998643770661235,0.00013562293387643716,0.9998643770661235
664,0,0,1,0.9724004087215391,0.027599591278460945,0.9724004087215391
10846,1,1,1,0.001007643414318804,0.9989923565856812,0.9989923565856812
13258,1,1,1,0.00023576285456405888,0.9997642371454359,0.9997642371454359
17141,1,1,1,0.44407143383165637,0.5559285661683436,0.5559285661683436
12293,1,1,1,0.0004744270631160674,0.9995255729368839,0.9995255729368839
1928,0,0,1,0.9866009378862336,0.013399062113766447,0.9866009378862336
7469,0,0,1,0.9866392925858306,0.01336070741416941,0.9866392925858306
12036,1,1,1,0.0009161724437825036,0.9990838275562175,0.9990838275562175
1842,0,0,1,0.9864677734937237,0.01353222650627632,0.9864677734937237
1995,0,0,1,0.9934554628065082,0.006544537193491783,0.9934554628065082
14923,1,1,1,0.005756967842071026,0.994243032157929,0.994243032157929
17897,1,1,1,0.06557550328886186,0.9344244967111381,0.9344244967111381
13568,1,1,1,0.00021582490090210626,0.9997841750990979,0.9997841750990979
4928,0,0,1,0.9666776293947698,0.033322370605230266,0.9666776293947698
2871,0,0,1,0.9728649372783323,0.027135062721667692,0.9728649372783323
11505,1,1,1,0.00026377084795414785,0.9997362291520459,0.9997362291520459
10762,1,1,1,0.0008767940595877377,0.9991232059404123,0.9991232059404123
5507,0,0,1,0.9924007967974817,0.007599203202518239,0.9924007967974817
5215,0,0,1,0.9771711998419563,0.022828800158043644,0.9771711998419563
10235,1,1,1,0.0006400090273616099,0.9993599909726384,0.9993599909726384
2455,0,0,1,0.991059951502298,0.008940048497701993,0.991059951502298
4226,0,0,1,0.9781768840380185,0.021823115961981554,0.9781768840380185
19213,1,1,1,0.00010515681005562882,0.9998948431899444,0.9998948431899444
4310,0,0,1,0.9918373478424898,0.00816265215751019,0.9918373478424898
10404,1,1,1,0.0007982019736163526,0.9992017980263836,0.9992017980263836
5677,0,0,1,0.9898614621403674,0.01013853785963261,0.9898614621403674
12422,1,1,1,0.00019362638936237797,0.9998063736106376,0.9998063736106376
7864,0,0,1,0.9990565814575839,0.0009434185424160989,0.9990565814575839
14789,1,1,1,0.0011035602305291548,0.9988964397694708,0.9988964397694708
8358,0,0,1,0.9987038261241263,0.0012961738758736222,0.9987038261241263
15279,1,1,1,0.00014852054726410824,0.9998514794527359,0.9998514794527359
15246,1,0,0,0.5884725611345076,0.41152743886549237,0.5884725611345076
7492,0,0,1,0.9995688212585797,0.00043117874142024936,0.9995688212585797
6170,0,0,1,0.9864842547868233,0.013515745213176692,0.9864842547868233
18461,1,1,1,0.0328050827764752,0.9671949172235248,0.9671949172235248
895,0,0,1,0.9914226689739924,0.008577331026007587,0.9914226689739924
18127,1,1,1,0.05387741621656261,0.9461225837834374,0.9461225837834374
6963,0,0,1,0.8429714297755349,0.15702857022446515,0.8429714297755349
8996,0,0,1,0.9996823019652085,0.0003176980347915118,0.9996823019652085
18177,1,1,1,0.00942874489056389,0.9905712551094361,0.9905712551094361
9094,0,0,1,0.9963662047439502,0.0036337952560497673,0.9963662047439502
5337,0,0,1,0.9841203312832931,0.015879668716706832,0.9841203312832931
7731,0,0,1,0.9998190036559379,0.00018099634406210037,0.9998190036559379
17953,1,1,1,0.011494854723427261,0.9885051452765727,0.9885051452765727
12034,1,1,1,0.0018867915578451022,0.9981132084421549,0.9981132084421549
5534,0,0,1,0.9772390079460529,0.022760992053947056,0.9772390079460529
5457,0,0,1,0.9877541265594482,0.012245873440551846,0.9877541265594482
7282,0,0,1,0.9948921415626341,0.005107858437365949,0.9948921415626341
10465,1,1,1,0.00043130768309829204,0.9995686923169017,0.9995686923169017
11729,1,1,1,0.00012741363534396477,0.999872586364656,0.999872586364656
12586,1,1,1,0.00028773316351238254,0.9997122668364876,0.9997122668364876
17410,1,1,1,0.005537815029380888,0.9944621849706191,0.9944621849706191
17488,1,1,1,0.07445668591550425,0.9255433140844957,0.9255433140844957
13960,1,1,1,0.05261526078625778,0.9473847392137422,0.9473847392137422
2204,0,0,1,0.5497962143629302,0.4502037856370697,0.5497962143629302
15048,1,1,1,0.005513478198984512,0.9944865218010155,0.9944865218010155
18691,1,1,1,0.00027388473506495536,0.999726115264935,0.999726115264935
18362,1,1,1,0.06295365466513736,0.9370463453348626,0.9370463453348626
15782,1,1,1,0.014680701316243439,0.9853192986837566,0.9853192986837566
7936,0,0,1,0.9995515548874547,0.0004484451125453112,0.9995515548874547
2891,0,0,1,0.9929173570513491,0.007082642948650885,0.9929173570513491
7634,0,0,1,0.9998724063441717,0.0001275936558282189,0.9998724063441717
11798,1,1,1,4.085199374326276e-05,0.9999591480062567,0.9999591480062567
12,0,0,1,0.5861103072653161,0.4138896927346839,0.5861103072653161
8647,0,0,1,0.9998373703305189,0.00016262966948112588,0.9998373703305189
9338,0,0,1,0.9991109777031051,0.0008890222968949271,0.9991109777031051
14341,1,1,1,0.04904260775528346,0.9509573922447165,0.9509573922447165
16599,1,1,1,0.22043560775549054,0.7795643922445095,0.7795643922445095
4712,0,0,1,0.6806192203054797,0.3193807796945203,0.6806192203054797
9534,0,0,1,0.9998215871805048,0.00017841281949515292,0.9998215871805048
4844,0,0,1,0.9885636802364568,0.011436319763543198,0.9885636802364568
11084,1,1,1,0.0004474411889178187,0.9995525588110822,0.9995525588110822
7246,0,0,1,0.9884917800953263,0.011508219904673685,0.9884917800953263
14421,1,1,1,6.787371758631977e-05,0.9999321262824137,0.9999321262824137
8357,0,0,1,0.9993593075828259,0.0006406924171741612,0.9993593075828259
14657,1,1,1,0.00015273587776498676,0.999847264122235,0.999847264122235
831,0,0,1,0.9698744811564488,0.03012551884355124,0.9698744811564488
3419,0,0,1,0.9782454868300693,0.021754513169930705,0.9782454868300693
10905,1,1,1,0.0012292802723475882,0.9987707197276524,0.9987707197276524
2044,0,0,1,0.9356905091871921,0.06430949081280787,0.9356905091871921
16401,1,0,0,0.8980120111309542,0.10198798886904585,0.8980120111309542
12785,1,1,1,0.00031238801237643,0.9996876119876236,0.9996876119876236
16237,1,0,0,0.6335074732064385,0.36649252679356153,0.6335074732064385
7520,0,0,1,0.9994507291613024,0.0005492708386976253,0.9994507291613024
5474,0,0,1,0.9917012940011694,0.008298705998830633,0.9917012940011694
3640,0,0,1,0.9799652230499404,0.020034776950059622,0.9799652230499404
19010,1,1,1,0.0001804797827529292,0.9998195202172471,0.9998195202172471
13261,1,1,1,0.002332040969348026,0.997667959030652,0.997667959030652
505,0,0,1,0.9972378495866372,0.0027621504133627586,0.9972378495866372
11450,1,1,1,0.0008357320571175109,0.9991642679428825,0.9991642679428825
996,0,0,1,0.9949029890476341,0.005097010952365874,0.9949029890476341
6267,0,0,1,0.992797954629808,0.007202045370191979,0.992797954629808
15376,1,1,1,0.022592351921886134,0.9774076480781139,0.9774076480781139
7843,0,0,1,0.9996561570964718,0.0003438429035282143,0.9996561570964718
13206,1,1,1,0.0002350677029309134,0.9997649322970691,0.9997649322970691
8777,0,0,1,0.9997339191597113,0.0002660808402886864,0.9997339191597113
9999,1,1,1,0.0015299587279747895,0.9984700412720252,0.9984700412720252
4386,0,0,1,0.9960123837745979,0.003987616225402081,0.9960123837745979
7917,0,0,1,0.9997709719253154,0.00022902807468458584,0.9997709719253154
15042,1,1,1,0.35329015452308765,0.6467098454769123,0.6467098454769123
5058,0,0,1,0.9944934958031982,0.00550650419680177,0.9944934958031982
4337,0,0,1,0.9784250712038111,0.02157492879618896,0.9784250712038111
12740,1,1,1,0.000200573916083302,0.9997994260839167,0.9997994260839167
18789,1,1,1,0.0002536738913786474,0.9997463261086214,0.9997463261086214
17903,1,1,1,0.07364565517170074,0.9263543448282993,0.9263543448282993
7347,0,0,1,0.9230265119733762,0.07697348802662388,0.9230265119733762
7028,0,0,1,0.8542565441527628,0.14574345584723722,0.8542565441527628
15037,1,1,1,0.0022276938654206546,0.9977723061345793,0.9977723061345793
17277,1,1,1,0.013410882650184974,0.986589117349815,0.986589117349815
3458,0,0,1,0.9748682566872032,0.02513174331279674,0.9748682566872032
18026,1,1,1,0.005297791214528003,0.994702208785472,0.994702208785472
2726,0,0,1,0.9899954510168729,0.010004548983127136,0.9899954510168729
11791,1,1,1,4.7641853559099445e-05,0.9999523581464409,0.9999523581464409
16800,1,1,1,0.03656660210036955,0.9634333978996305,0.9634333978996305
5727,0,0,1,0.9776826663791214,0.02231733362087863,0.9776826663791214
779,0,0,1,0.982390017756245,0.017609982243754988,0.982390017756245
1735,0,0,1,0.989601921929825,0.010398078070175064,0.989601921929825
10879,1,1,1,0.0012861287843161096,0.9987138712156839,0.9987138712156839
7367,0,0,1,0.8680494360347486,0.13195056396525143,0.8680494360347486
3973,0,0,1,0.9911571448936873,0.008842855106312612,0.9911571448936873
3523,0,0,1,0.9639905758907191,0.03600942410928088,0.9639905758907191
9986,0,0,1,0.9980393686643314,0.0019606313356686257,0.9980393686643314
14693,1,1,1,0.00818679950958956,0.9918132004904104,0.9918132004904104
17011,1,1,1,0.011632406698743658,0.9883675933012563,0.9883675933012563
4067,0,0,1,0.9909688282305417,0.00903117176945831,0.9909688282305417
9707,0,0,1,0.9997037524017112,0.00029624759828888656,0.9997037524017112
14979,1,1,1,0.02660679886463102,0.973393201135369,0.973393201135369
8914,0,0,1,0.999923863383947,7.613661605304222e-05,0.999923863383947
39,0,0,1,0.9743293481525868,0.025670651847413278,0.9743293481525868
18489,1,1,1,0.018505701432566024,0.981494298567434,0.981494298567434
11236,1,1,1,0.00015792745981091372,0.9998420725401891,0.9998420725401891
672,0,0,1,0.9905201990746253,0.009479800925374739,0.9905201990746253
13829,1,1,1,0.0001729243912600431,0.99982707560874,0.99982707560874
6828,0,0,1,0.9786532395998013,0.02134676040019866,0.9786532395998013
727,0,0,1,0.9164401041945812,0.08355989580541881,0.9164401041945812
13767,1,1,1,0.024149917969350065,0.9758500820306499,0.9758500820306499
16730,1,1,1,0.43286127668704144,0.5671387233129586,0.5671387233129586
14863,1,1,1,0.05288123645530585,0.9471187635446942,0.9471187635446942
10357,1,1,1,0.00478214295636703,0.995217857043633,0.995217857043633
9719,0,0,1,0.9999010438491388,9.895615086116196e-05,0.9999010438491388
13429,1,1,1,0.0009914034180644737,0.9990085965819355,0.9990085965819355
18490,1,1,1,0.0022613765387655693,0.9977386234612344,0.9977386234612344
5915,0,0,1,0.9940918432476542,0.005908156752345783,0.9940918432476542
15307,1,1,1,0.014611464668073948,0.985388535331926,0.985388535331926
2057,0,0,1,0.6686718284688244,0.3313281715311755,0.6686718284688244
17759,1,1,1,0.005164784698896585,0.9948352153011034,0.9948352153011034
11251,1,1,1,0.00026411665892744907,0.9997358833410726,0.9997358833410726
13806,1,1,1,0.005630902901526236,0.9943690970984738,0.9943690970984738
13492,1,1,1,0.00029666282831941615,0.9997033371716806,0.9997033371716806
9454,0,0,1,0.9998869199766783,0.0001130800233216726,0.9998869199766783
3997,0,0,1,0.8389584255157126,0.16104157448428733,0.8389584255157126
396,0,0,1,0.9832482466568554,0.016751753343144552,0.9832482466568554
16734,1,1,1,0.42193830186106696,0.578061698138933,0.578061698138933
11646,1,1,1,6.526270046003368e-05,0.99993473729954,0.99993473729954
12813,1,1,1,0.0014986953853590723,0.9985013046146409,0.9985013046146409
10750,1,1,1,0.0008710484225632475,0.9991289515774368,0.9991289515774368
11975,1,1,1,0.10534500003023728,0.8946549999697627,0.8946549999697627
3551,0,0,1,0.9840459130661696,0.0159540869338304,0.9840459130661696
16758,1,0,0,0.9841143049314015,0.015885695068598504,0.9841143049314015
5465,0,0,1,0.6596766856387373,0.34032331436126273,0.6596766856387373
5237,0,0,1,0.9908479167590402,0.009152083240959792,0.9908479167590402
7850,0,0,1,0.9997135086860787,0.0002864913139213509,0.9997135086860787
10008,1,1,1,0.004947274528712797,0.9950527254712872,0.9950527254712872
14270,1,1,1,0.0001508330594403029,0.9998491669405597,0.9998491669405597
2912,0,0,1,0.6851807663490758,0.31481923365092424,0.6851807663490758
7514,0,0,1,0.9994740485490775,0.0005259514509225393,0.9994740485490775
10062,1,1,1,0.0013206965975106622,0.9986793034024893,0.9986793034024893
3773,0,0,1,0.9837472527341925,0.016252747265807478,0.9837472527341925
13682,1,1,1,0.0006744204411989196,0.9993255795588011,0.9993255795588011
17901,1,1,1,0.03655874120294822,0.9634412587970518,0.9634412587970518
10397,1,1,1,0.0013511919544348938,0.9986488080455651,0.9986488080455651
2107,0,0,1,0.9877810830192276,0.012218916980772331,0.9877810830192276
9405,0,0,1,0.9992993374860266,0.0007006625139734139,0.9992993374860266
6199,0,0,1,0.9579700162265201,0.042029983773479905,0.9579700162265201
14023,1,1,1,0.0009880572954614752,0.9990119427045385,0.9990119427045385
7833,0,0,1,0.9998297607915397,0.00017023920846021023,0.9998297607915397
4323,0,0,1,0.9947361338139802,0.005263866186019779,0.9947361338139802
3606,0,0,1,0.9615807353536177,0.0384192646463824,0.9615807353536177
8546,0,0,1,0.9998909343354705,0.00010906566452952445,0.9998909343354705
16891,1,1,1,0.0014844962622172497,0.9985155037377828,0.9985155037377828
6559,0,0,1,0.9797729111354756,0.02022708886452442,0.9797729111354756
15576,1,1,1,0.00033256325571495715,0.999667436744285,0.999667436744285
15025,1,1,1,0.21230828516162126,0.7876917148383787,0.7876917148383787
4774,0,0,1,0.7046573751196874,0.29534262488031254,0.7046573751196874
2683,0,0,1,0.8605567104534104,0.13944328954658952,0.8605567104534104
13622,1,1,1,0.0004430599340136121,0.9995569400659864,0.9995569400659864
12710,1,1,1,0.000200573916083302,0.9997994260839167,0.9997994260839167
18248,1,1,1,0.008800145926917247,0.9911998540730828,0.9911998540730828
9004,0,0,1,0.9993508986766279,0.0006491013233721237,0.9993508986766279
15398,1,1,1,0.006988116958348667,0.9930118830416513,0.9930118830416513
19186,1,1,1,0.00010143801604223235,0.9998985619839578,0.9998985619839578
14272,1,1,1,0.0006966241301967768,0.9993033758698032,0.9993033758698032
14607,1,1,1,6.97567116639819e-05,0.999930243288336,0.999930243288336
5645,0,0,1,0.9903037644610447,0.009696235538955291,0.9903037644610447
5009,0,0,1,0.9790392111881981,0.020960788811801814,0.9790392111881981
3254,0,0,1,0.9839176208250697,0.016082379174930314,0.9839176208250697
5028,0,0,1,0.9291453045291204,0.07085469547087964,0.9291453045291204
2497,0,0,1,0.9979962945066841,0.0020037054933158913,0.9979962945066841
7415,0,0,1,0.9087166725985276,0.09128332740147234,0.9087166725985276
7097,0,0,1,0.9273232796388805,0.0726767203611195,0.9273232796388805
1292,0,0,1,0.9728788695600228,0.027121130439977242,0.9728788695600228
9493,0,0,1,0.9986914851474504,0.001308514852549522,0.9986914851474504
11814,1,1,1,4.60713958380099e-05,0.999953928604162,0.999953928604162
981,0,0,1,0.9349361967305206,0.06506380326947935,0.9349361967305206
12274,1,1,1,0.008124653692793693,0.9918753463072063,0.9918753463072063
2999,0,0,1,0.9939527310064553,0.006047268993544728,0.9939527310064553
10633,1,1,1,0.0007938943103088514,0.9992061056896911,0.9992061056896911
16081,1,1,1,0.4497488742824547,0.5502511257175453,0.5502511257175453
15504,1,1,1,0.0011523622799483046,0.9988476377200517,0.9988476377200517
16576,1,1,1,0.2450767485927836,0.7549232514072164,0.7549232514072164
14119,1,1,1,0.0012645493688377973,0.9987354506311622,0.9987354506311622
3520,0,0,1,0.8857855834413466,0.11421441655865343,0.8857855834413466
4402,0,0,1,0.9831824260829544,0.01681757391704566,0.9831824260829544
18330,1,1,1,0.023599022557074023,0.976400977442926,0.976400977442926
1623,0,0,1,0.9713876634763755,0.0286123365236245,0.9713876634763755
12629,1,1,1,0.00027583106493889176,0.9997241689350611,0.9997241689350611
9152,0,0,1,0.9998941149773273,0.00010588502267270442,0.9998941149773273
12045,1,1,1,0.006047126088310262,0.9939528739116897,0.9939528739116897
9209,0,0,1,0.9998829297539781,0.00011707024602197063,0.9998829297539781
1626,0,1,0,0.19615669022175497,0.803843309778245,0.803843309778245
776,0,0,1,0.7275245129025125,0.2724754870974874,0.7275245129025125
2626,0,0,1,0.9782091554982564,0.021790844501743654,0.9782091554982564
13675,1,1,1,0.0013013992974885147,0.9986986007025115,0.9986986007025115
6787,0,0,1,0.9506371269117707,0.049362873088229335,0.9506371269117707
17359,1,1,1,0.01026601054438836,0.9897339894556116,0.9897339894556116
18371,1,1,1,0.01658696222108158,0.9834130377789184,0.9834130377789184
18450,1,1,1,0.010521027305395836,0.9894789726946042,0.9894789726946042
8902,0,0,1,0.9987237270892151,0.001276272910784884,0.9987237270892151
4545,0,0,1,0.9947540125248779,0.005245987475122035,0.9947540125248779
9747,0,0,1,0.9994189024605327,0.0005810975394673655,0.9994189024605327
8173,0,0,1,0.9998210389512031,0.00017896104879694145,0.9998210389512031
3857,0,0,1,0.9398979423913763,0.060102057608623805,0.9398979423913763
5336,0,0,1,0.9795211889098931,0.020478811090106807,0.9795211889098931
15707,1,1,1,0.00014686722647994088,0.9998531327735201,0.9998531327735201
10807,1,1,1,0.0017712990456631994,0.9982287009543368,0.9982287009543368
10560,1,1,1,0.0006225188354351818,0.9993774811645648,0.9993774811645648
14374,1,1,1,6.667815941552302e-05,0.9999333218405845,0.9999333218405845
7495,0,0,1,0.999681028459649,0.0003189715403509698,0.999681028459649
2144,0,0,1,0.9345302546699409,0.06546974533005916,0.9345302546699409
8320,0,0,1,0.9995913630280232,0.00040863697197674224,0.9995913630280232
13987,1,1,1,8.437039400244206e-05,0.9999156296059976,0.9999156296059976
2470,0,0,1,0.9879064532027287,0.012093546797271306,0.9879064532027287
5373,0,0,1,0.9697008515407521,0.0302991484592479,0.9697008515407521
155,0,0,1,0.9824081468116338,0.01759185318836617,0.9824081468116338
9218,0,0,1,0.9987892895021148,0.0012107104978852233,0.9987892895021148
14565,1,1,1,0.00012487431469754284,0.9998751256853025,0.9998751256853025
19090,1,1,1,0.00014410869982506291,0.9998558913001749,0.9998558913001749
7227,0,0,1,0.9886748173726916,0.01132518262730839,0.9886748173726916
8229,0,0,1,0.8330540668828581,0.1669459331171419,0.8330540668828581
5467,0,0,1,0.9801324092683256,0.019867590731674392,0.9801324092683256
4910,0,0,1,0.9418153469987374,0.05818465300126259,0.9418153469987374
6519,0,0,1,0.974918450434341,0.025081549565658962,0.974918450434341
17326,1,1,1,0.03434252822143702,0.965657471778563,0.965657471778563
10276,1,1,1,0.003026063810634194,0.9969739361893658,0.9969739361893658
17938,1,1,1,0.10511041206408,0.89488958793592,0.89488958793592
8806,0,0,1,0.9506148016445615,0.04938519835543848,0.9506148016445615
9473,0,0,1,0.9998933530803259,0.00010664691967405998,0.9998933530803259
4114,0,0,1,0.984258632127389,0.015741367872611014,0.984258632127389
11006,1,1,1,0.0014077821330830131,0.998592217866917,0.998592217866917
13650,1,1,1,0.00099602732883175,0.9990039726711682,0.9990039726711682
11374,1,1,1,0.00037057194147038786,0.9996294280585296,0.9996294280585296
15808,1,1,1,6.838743628212463e-05,0.9999316125637179,0.9999316125637179
18072,1,1,1,0.01413928902418915,0.9858607109758108,0.9858607109758108
9920,0,0,1,0.999611075323971,0.0003889246760290716,0.999611075323971
5277,0,1,0,0.12348696568461459,0.8765130343153854,0.8765130343153854
9696,0,0,1,0.9993177933156537,0.0006822066843462301,0.9993177933156537
17687,1,1,1,0.0037951003594354216,0.9962048996405646,0.9962048996405646
4688,0,0,1,0.9881466998015734,0.011853300198426583,0.9881466998015734
5540,0,0,1,0.9881060114946465,0.011893988505353505,0.9881060114946465
7041,0,0,1,0.9032464271139473,0.09675357288605269,0.9032464271139473
2797,0,0,1,0.8930673477945227,0.10693265220547732,0.8930673477945227
8578,0,0,1,0.9998810248373393,0.00011897516266071273,0.9998810248373393
15206,1,1,1,0.0003437262095622451,0.9996562737904378,0.9996562737904378
6710,0,0,1,0.7984810803586591,0.201518919641341,0.7984810803586591
1797,0,0,1,0.9732076797642533,0.026792320235746712,0.9732076797642533
12931,1,1,1,0.00016580561514456527,0.9998341943848554,0.9998341943848554
12444,1,1,1,0.0024701219331507707,0.9975298780668492,0.9975298780668492
6210,0,0,1,0.9941406543128287,0.0058593456871712775,0.9941406543128287
18696,1,1,1,0.00028664624074026257,0.9997133537592597,0.9997133537592597
6223,0,0,1,0.9965999130208217,0.003400086979178296,0.9965999130208217
14558,1,1,1,7.082065320784814e-05,0.9999291793467922,0.9999291793467922
9092,0,0,1,0.999582863838241,0.0004171361617590059,0.999582863838241
7318,0,0,1,0.9603048745298995,0.03969512547010047,0.9603048745298995
7669,0,0,1,0.9994379559431088,0.0005620440568912244,0.9994379559431088
2420,0,0,1,0.6484463940938388,0.35155360590616125,0.6484463940938388
5798,0,0,1,0.9887135786072938,0.01128642139270616,0.9887135786072938
16827,1,0,0,0.9777127189097851,0.022287281090214984,0.9777127189097851
6516,0,0,1,0.9568947040508115,0.04310529594918853,0.9568947040508115
3787,0,0,1,0.9930247985058734,0.006975201494126557,0.9930247985058734
12963,1,1,1,0.00181362785342154,0.9981863721465785,0.9981863721465785
14912,1,1,1,0.007226302274806362,0.9927736977251936,0.9927736977251936
6780,0,0,1,0.9863609687901327,0.013639031209867291,0.9863609687901327
2805,0,0,1,0.9660496198898801,0.033950380110119874,0.9660496198898801
15424,1,0,0,0.6569428059165012,0.3430571940834988,0.6569428059165012
7110,0,0,1,0.510314000660562,0.489685999339438,0.510314000660562
9354,0,0,1,0.9994212460532291,0.0005787539467708959,0.9994212460532291
4994,0,0,1,0.9699526614417127,0.03004733855828736,0.9699526614417127
19697,1,1,1,0.0007497762900653404,0.9992502237099347,0.9992502237099347
482,0,0,1,0.9894744532507745,0.010525546749225432,0.9894744532507745
5739,0,0,1,0.8243452527970945,0.17565474720290553,0.8243452527970945
4789,0,0,1,0.9858222827977073,0.014177717202292675,0.9858222827977073
12647,1,1,1,0.00020350477472341755,0.9997964952252766,0.9997964952252766
14528,1,1,1,5.947118546245633e-05,0.9999405288145375,0.9999405288145375
5570,0,0,1,0.9841384722698706,0.015861527730129374,0.9841384722698706
2157,0,0,1,0.9742323670692915,0.025767632930708457,0.9742323670692915
7902,0,0,1,0.5505745977358851,0.44942540226411487,0.5505745977358851
11040,1,1,1,0.0033246466228986638,0.9966753533771013,0.9966753533771013
10155,1,1,1,0.0013747344096920466,0.998625265590308,0.998625265590308
134,0,0,1,0.9919998418937757,0.008000158106224314,0.9919998418937757
4480,0,0,1,0.9700221329199582,0.02997786708004184,0.9700221329199582
4270,0,0,1,0.968133106045792,0.031866893954208046,0.968133106045792
9443,0,0,1,0.9991792087308169,0.0008207912691830889,0.9991792087308169
15108,1,1,1,0.02539397135456778,0.9746060286454322,0.9746060286454322
17989,1,1,1,0.2058452023176146,0.7941547976823854,0.7941547976823854
7870,0,0,1,0.9992479543453929,0.0007520456546070526,0.9992479543453929
1690,0,0,1,0.9842644464798438,0.01573555352015624,0.9842644464798438
12100,1,1,1,0.0008035803969214106,0.9991964196030786,0.9991964196030786
1981,0,0,1,0.95721922775455,0.042780772245449995,0.95721922775455
12541,1,1,1,0.00021743010797359297,0.9997825698920264,0.9997825698920264
16551,1,1,1,0.39264170683902166,0.6073582931609783,0.6073582931609783
12058,1,1,1,0.010250128539759484,0.9897498714602405,0.9897498714602405
15162,1,1,1,0.0001363854393795494,0.9998636145606205,0.9998636145606205
13190,1,1,1,0.15774142234483834,0.8422585776551617,0.8422585776551617
2075,0,0,1,0.9801623891206951,0.01983761087930487,0.9801623891206951
13257,1,1,1,0.00215712518219513,0.9978428748178049,0.9978428748178049
10006,1,1,1,0.0009951550757172356,0.9990048449242828,0.9990048449242828
8634,0,0,1,0.9977327124457142,0.002267287554285867,0.9977327124457142
12021,1,1,1,0.002192744524235568,0.9978072554757644,0.9978072554757644
11336,1,1,1,0.0001767718314921174,0.9998232281685079,0.9998232281685079
236,0,0,1,0.9813395352473239,0.01866046475267614,0.9813395352473239
8796,0,0,1,0.9998566224823681,0.00014337751763190525,0.9998566224823681
12474,1,1,1,0.0007933952562108049,0.9992066047437892,0.9992066047437892
10087,1,1,1,0.0004602789382944783,0.9995397210617055,0.9995397210617055
3096,0,0,1,0.9900633696971951,0.009936630302804856,0.9900633696971951
8670,0,0,1,0.9950492343196984,0.004950765680301571,0.9950492343196984
8323,0,0,1,0.9996335650845095,0.0003664349154904772,0.9996335650845095
5672,0,0,1,0.979527631738256,0.02047236826174407,0.979527631738256
9034,0,0,1,0.9995530366292492,0.0004469633707508019,0.9995530366292492
9729,0,0,1,0.9994759890279237,0.0005240109720763497,0.9994759890279237
4367,0,0,1,0.9394648464298505,0.06053515357014945,0.9394648464298505
10819,1,1,1,0.0011627892443011323,0.9988372107556989,0.9988372107556989
7675,0,0,1,0.9994450548511729,0.000554945148827105,0.9994450548511729
4694,0,0,1,0.988051815033457,0.011948184966543051,0.988051815033457
12407,1,1,1,0.0003807449936800156,0.99961925500632,0.99961925500632
4053,0,0,1,0.9908819286676247,0.009118071332375353,0.9908819286676247
10966,1,1,1,0.0015332231053677425,0.9984667768946323,0.9984667768946323
17833,1,1,1,0.00215802373935281,0.9978419762606472,0.9978419762606472
2747,0,0,1,0.9576712059682736,0.04232879403172636,0.9576712059682736
8602,0,0,1,0.9986422985438556,0.0013577014561444594,0.9986422985438556
18757,1,1,1,0.0002502246206124159,0.9997497753793876,0.9997497753793876
2791,0,0,1,0.988754891830547,0.011245108169452971,0.988754891830547
14067,1,1,1,0.00017807063826058567,0.9998219293617394,0.9998219293617394
10039,1,1,1,0.0044595482502159944,0.995540451749784,0.995540451749784
8706,0,0,1,0.9997246392771676,0.0002753607228324244,0.9997246392771676
4236,0,0,1,0.9884687447055255,0.01153125529447452,0.9884687447055255
1061,0,0,1,0.993105729965611,0.006894270034389053,0.993105729965611
9688,0,0,1,0.9998614223221223,0.0001385776778777797,0.9998614223221223
4500,0,0,1,0.9903525806526341,0.0096474193473659,0.9903525806526341
8568,0,0,1,0.9991358999101146,0.0008641000898853512,0.9991358999101146
13144,1,1,1,0.013278199279002756,0.9867218007209972,0.9867218007209972
4303,0,0,1,0.9922675370557303,0.007732462944269682,0.9922675370557303
13457,1,1,1,0.0002350677029309134,0.9997649322970691,0.9997649322970691
10967,1,1,1,0.003518103544497553,0.9964818964555024,0.9964818964555024
9214,0,0,1,0.9998990450607623,0.00010095493923763718,0.9998990450607623
646,0,0,1,0.9637693392367994,0.03623066076320062,0.9637693392367994
4722,0,0,1,0.9834989909392062,0.01650100906079379,0.9834989909392062
10994,1,1,1,0.002002169606679205,0.9979978303933208,0.9979978303933208
15440,1,1,1,0.050217270366817446,0.9497827296331826,0.9497827296331826
11376,1,1,1,0.00026374038109722164,0.9997362596189028,0.9997362596189028
11938,1,1,1,5.919313094082668e-05,0.9999408068690592,0.9999408068690592
1543,0,0,1,0.8093679517524789,0.1906320482475211,0.8093679517524789
4959,0,0,1,0.993355870816793,0.006644129183207036,0.993355870816793
16823,1,1,1,0.4703467929842525,0.5296532070157475,0.5296532070157475
16942,1,1,1,0.0033262041619895877,0.9966737958380104,0.9966737958380104
16809,1,1,1,0.012294822657658577,0.9877051773423414,0.9877051773423414
5970,0,0,1,0.9823992302499087,0.017600769750091252,0.9823992302499087
10872,1,1,1,0.0011353463594190316,0.998864653640581,0.998864653640581
17320,1,1,1,0.0683396582721445,0.9316603417278555,0.9316603417278555
7805,0,0,1,0.9992314133328462,0.0007685866671538062,0.9992314133328462
3281,0,0,1,0.9878778872135336,0.012122112786466365,0.9878778872135336
2434,0,0,1,0.9627052185917568,0.037294781408243105,0.9627052185917568
12118,1,1,1,0.0003685397355129849,0.999631460264487,0.999631460264487
620,0,0,1,0.98918913812911,0.010810861870889994,0.98918913812911
5231,0,0,1,0.9483798717779741,0.05162012822202589,0.9483798717779741
14547,1,1,1,0.004175063478068397,0.9958249365219316,0.9958249365219316
11971,1,1,1,0.0001912436876833068,0.9998087563123167,0.9998087563123167
8838,0,0,1,0.9996052664276184,0.0003947335723816744,0.9996052664276184
12105,1,1,1,0.00267501683814797,0.997324983161852,0.997324983161852
633,0,0,1,0.9899366498665684,0.010063350133431605,0.9899366498665684
4046,0,0,1,0.9903622802052832,0.009637719794716853,0.9903622802052832
17824,1,1,1,0.001955848629626389,0.9980441513703736,0.9980441513703736
8850,0,0,1,0.9997872737733821,0.00021272622661792966,0.9997872737733821
18742,1,1,1,0.0036604173206489232,0.9963395826793511,0.9963395826793511
15036,1,1,1,0.002114910472176379,0.9978850895278236,0.9978850895278236
13485,1,1,1,0.001255302561214755,0.9987446974387852,0.9987446974387852
1410,0,0,1,0.9807969117185241,0.01920308828147591,0.9807969117185241
12260,1,1,1,0.002527631842807354,0.9974723681571926,0.9974723681571926
1388,0,0,1,0.7219572145158801,0.2780427854841199,0.7219572145158801
10935,1,1,1,0.0018827152158309435,0.9981172847841691,0.9981172847841691
1343,0,0,1,0.9947719273372472,0.005228072662752789,0.9947719273372472
3300,0,0,1,0.9746368441937254,0.025363155806274604,0.9746368441937254
1049,0,0,1,0.9150058118561154,0.08499418814388457,0.9150058118561154
3593,0,0,1,0.9880888483237044,0.011911151676295655,0.9880888483237044
17093,1,1,1,0.0010290998921268502,0.9989709001078731,0.9989709001078731
10243,1,1,1,0.00062812444802407,0.9993718755519759,0.9993718755519759
15483,1,1,1,4.274651328595169e-05,0.999957253486714,0.999957253486714
4908,0,0,1,0.8773076304882225,0.12269236951177756,0.8773076304882225
526,0,0,1,0.9934850575911254,0.006514942408874654,0.9934850575911254
717,0,0,1,0.9012393068630641,0.09876069313693593,0.9012393068630641
19399,1,1,1,0.0002874217791898337,0.9997125782208102,0.9997125782208102
2692,0,0,1,0.9284758745073634,0.07152412549263668,0.9284758745073634
3079,0,0,1,0.9915261699069999,0.00847383009300011,0.9915261699069999
2894,0,0,1,0.9835428763992738,0.016457123600726136,0.9835428763992738
19538,1,1,1,0.00019792436487542364,0.9998020756351246,0.9998020756351246
9348,0,0,1,0.9998334146304945,0.00016658536950557522,0.9998334146304945
16996,1,1,1,0.3559575957479961,0.6440424042520039,0.6440424042520039
12898,1,1,1,0.0011703365381930952,0.9988296634618069,0.9988296634618069
18773,1,1,1,2.5934906041191752e-05,0.9999740650939588,0.9999740650939588
12217,1,1,1,0.000857067078970486,0.9991429329210295,0.9991429329210295
2126,0,0,1,0.9652726930927416,0.03472730690725845,0.9652726930927416
3045,0,0,1,0.9882947155752029,0.011705284424797105,0.9882947155752029
7297,0,0,1,0.9792512070441503,0.020748792955849745,0.9792512070441503
3148,0,0,1,0.742316407159222,0.257683592840778,0.742316407159222
17066,1,0,0,0.981396831917314,0.01860316808268605,0.981396831917314
15695,1,1,1,0.0010401714459866707,0.9989598285540133,0.9989598285540133
5242,0,0,1,0.9931949823034196,0.006805017696580416,0.9931949823034196
18631,1,1,1,0.002986204159859396,0.9970137958401406,0.9970137958401406
13933,1,1,1,0.00019511976748143312,0.9998048802325186,0.9998048802325186
16875,1,0,0,0.922647152764626,0.07735284723537392,0.922647152764626
3179,0,0,1,0.9938872302853748,0.006112769714625159,0.9938872302853748
18539,1,1,1,0.038629681972423446,0.9613703180275766,0.9613703180275766
1266,0,0,1,0.9929292337735997,0.007070766226400381,0.9929292337735997
12565,1,1,1,0.00028814643859820244,0.9997118535614018,0.9997118535614018
9801,0,0,1,0.9972385041581631,0.002761495841836899,0.9972385041581631
12930,1,1,1,0.011147555863798897,0.9888524441362011,0.9888524441362011
18040,1,1,1,0.030007749761043034,0.969992250238957,0.969992250238957
16722,1,0,0,0.5747978418167514,0.42520215818324864,0.5747978418167514
8990,0,0,1,0.9997242783445383,0.0002757216554617942,0.9997242783445383
10760,1,1,1,0.001407454867951352,0.9985925451320486,0.9985925451320486
15075,1,1,1,0.13750978967778493,0.8624902103222151,0.8624902103222151
8165,0,0,1,0.9996808433455041,0.00031915665449586627,0.9996808433455041
5565,0,1,0,0.00539046520830988,0.9946095347916901,0.9946095347916901
15054,1,1,1,0.08181488028261641,0.9181851197173836,0.9181851197173836
14717,1,1,1,8.424425272546276e-05,0.9999157557472745,0.9999157557472745
13913,1,1,1,0.0013272831531178086,0.9986727168468822,0.9986727168468822
16096,1,0,0,0.7988653190825461,0.20113468091745396,0.7988653190825461
5473,0,0,1,0.9803782693894496,0.019621730610550427,0.9803782693894496
8408,0,0,1,0.9998230416170804,0.00017695838291962194,0.9998230416170804
12193,1,1,1,0.003081299518192915,0.9969187004818071,0.9969187004818071
1855,0,0,1,0.9776360514088687,0.02236394859113132,0.9776360514088687
16241,1,0,0,0.9926770787857568,0.007322921214243194,0.9926770787857568
15437,1,1,1,0.16850953516731992,0.8314904648326801,0.8314904648326801
10378,1,1,1,0.00045403908117469527,0.9995459609188253,0.9995459609188253
4464,0,0,1,0.9759930778871593,0.02400692211284075,0.9759930778871593
3399,0,0,1,0.9916192331989093,0.008380766801090638,0.9916192331989093
10645,1,1,1,0.006009288135882418,0.9939907118641176,0.9939907118641176
12071,1,1,1,0.0010436459668422549,0.9989563540331577,0.9989563540331577
8550,0,0,1,0.9994244986886002,0.0005755013113998497,0.9994244986886002
2760,0,0,1,0.9829975225272715,0.01700247747272854,0.9829975225272715
16720,1,0,0,0.7286251310787997,0.2713748689212003,0.7286251310787997
12608,1,1,1,0.00025507563808746525,0.9997449243619125,0.9997449243619125
9320,0,0,1,0.999885415021445,0.00011458497855502149,0.999885415021445
65,0,0,1,0.995436863416471,0.004563136583529036,0.995436863416471
12682,1,1,1,0.00046767614669307456,0.9995323238533069,0.9995323238533069
10112,1,1,1,0.0012108880013756984,0.9987891119986243,0.9987891119986243
823,0,0,1,0.9845433369668991,0.015456663033100913,0.9845433369668991
15399,1,1,1,0.0026052553551441093,0.9973947446448559,0.9973947446448559
5874,0,0,1,0.9980643947579555,0.0019356052420444517,0.9980643947579555
10597,1,1,1,0.003284089619366437,0.9967159103806336,0.9967159103806336
10766,1,1,1,0.0005961481794928281,0.9994038518205072,0.9994038518205072
2736,0,0,1,0.8929683188570566,0.10703168114294333,0.8929683188570566
17456,1,1,1,0.004918229532110185,0.9950817704678898,0.9950817704678898
12075,1,1,1,0.0022710252030208045,0.9977289747969792,0.9977289747969792
10882,1,1,1,0.0010755919096080424,0.998924408090392,0.998924408090392
14467,1,1,1,0.0010497319954794193,0.9989502680045206,0.9989502680045206
6491,0,0,1,0.9383294189251358,0.06167058107486422,0.9383294189251358
18280,1,1,1,0.02474089828538062,0.9752591017146194,0.9752591017146194
11775,1,1,1,9.366917399922237e-05,0.9999063308260008,0.9999063308260008
13226,1,1,1,0.00016531669976471708,0.9998346833002353,0.9998346833002353
15091,1,1,1,0.027110749412111557,0.9728892505878884,0.9728892505878884
18012,1,1,1,0.006481402414222015,0.993518597585778,0.993518597585778
12934,1,1,1,0.0004753337947431824,0.9995246662052568,0.9995246662052568
13701,1,1,1,0.0011035811602074785,0.9988964188397925,0.9988964188397925
9321,0,0,1,0.9982734670393791,0.001726532960620854,0.9982734670393791
1772,0,0,1,0.862812080742768,0.13718791925723198,0.862812080742768
4990,0,0,1,0.9307623028809351,0.06923769711906487,0.9307623028809351
12267,1,1,1,0.00034264725866539614,0.9996573527413346,0.9996573527413346
6924,0,0,1,0.9936755662229618,0.006324433777038145,0.9936755662229618
13523,1,1,1,0.0002623995060233586,0.9997376004939766,0.9997376004939766
10079,1,1,1,0.0023772875930637705,0.9976227124069362,0.9976227124069362
18101,1,1,1,0.0036576211088289456,0.996342378891171,0.996342378891171
9205,0,0,1,0.9998584873386845,0.00014151266131543652,0.9998584873386845
17483,1,1,1,0.08392420268014089,0.9160757973198591,0.9160757973198591
1342,0,0,1,0.8819747523854129,0.11802524761458705,0.8819747523854129
19893,1,1,1,0.0010173135759806717,0.9989826864240193,0.9989826864240193
17243,1,0,0,0.59774576192758,0.40225423807242,0.59774576192758
363,0,0,1,0.9899436052606236,0.010056394739376332,0.9899436052606236
14386,1,1,1,0.00020223025649412918,0.9997977697435059,0.9997977697435059
14961,1,1,1,0.10040796633758942,0.8995920336624106,0.8995920336624106
13719,1,1,1,0.01035982189970075,0.9896401781002993,0.9896401781002993
14765,1,1,1,0.0002403487122950576,0.9997596512877049,0.9997596512877049
4818,0,0,1,0.9886676790642869,0.011332320935713175,0.9886676790642869
9720,0,0,1,0.9997995370766033,0.00020046292339671653,0.9997995370766033
9462,0,0,1,0.9996557778996401,0.0003442221003598386,0.9996557778996401
10526,1,1,1,0.000545459185377628,0.9994545408146224,0.9994545408146224
2344,0,0,1,0.9005020178809365,0.09949798211906345,0.9005020178809365
1391,0,0,1,0.6511003319836364,0.3488996680163637,0.6511003319836364
4469,0,0,1,0.9799036017810572,0.020096398218942768,0.9799036017810572
10759,1,1,1,0.0011147955107950747,0.9988852044892049,0.9988852044892049
5179,0,0,1,0.9830663171456935,0.016933682854306485,0.9830663171456935
12239,1,1,1,0.014383463715637812,0.9856165362843622,0.9856165362843622
6759,0,0,1,0.98780342925697,0.012196570743030096,0.98780342925697
17427,1,1,1,0.13647685217186667,0.8635231478281333,0.8635231478281333
19153,1,1,1,0.0004288085845379763,0.999571191415462,0.999571191415462
17680,1,1,1,0.006088030964857771,0.9939119690351422,0.9939119690351422
10446,1,1,1,0.0005498679473696644,0.9994501320526303,0.9994501320526303
988,0,0,1,0.9834947244752944,0.01650527552470555,0.9834947244752944
18264,1,1,1,0.008832071935185315,0.9911679280648147,0.9911679280648147
12378,1,1,1,0.0001912436876833068,0.9998087563123167,0.9998087563123167
6740,0,0,1,0.9751798834090835,0.024820116590916513,0.9751798834090835
12109,1,1,1,0.004809027796780829,0.9951909722032192,0.9951909722032192
7428,0,0,1,0.9634036163732747,0.03659638362672536,0.9634036163732747
17017,1,1,1,0.020343905383650718,0.9796560946163493,0.9796560946163493
6352,0,0,1,0.9823301818025985,0.0176698181974016,0.9823301818025985
7658,0,0,1,0.9997452322121917,0.0002547677878082622,0.9997452322121917
15694,1,1,1,0.000686369636841655,0.9993136303631583,0.9993136303631583
2972,0,0,1,0.9883115504957066,0.011688449504293392,0.9883115504957066
2049,0,0,1,0.987175646171119,0.01282435382888108,0.987175646171119
3276,0,0,1,0.9865464159325575,0.013453584067442407,0.9865464159325575
2106,0,0,1,0.9856307342593037,0.01436926574069627,0.9856307342593037
19724,1,1,1,0.00013767486444282717,0.9998623251355572,0.9998623251355572
13333,1,1,1,0.00023261758081449813,0.9997673824191855,0.9997673824191855
16570,1,0,0,0.5336184136521918,0.4663815863478083,0.5336184136521918
13969,1,1,1,0.0006780586870865912,0.9993219413129134,0.9993219413129134
1302,0,0,1,0.9817945094373458,0.0182054905626542,0.9817945094373458
1888,0,0,1,0.9875591750808205,0.012440824919179515,0.9875591750808205
4398,0,0,1,0.9894450349265487,0.010554965073451283,0.9894450349265487
2422,0,0,1,0.9866012536004686,0.013398746399531395,0.9866012536004686
1918,0,0,1,0.9924979935318561,0.007502006468143877,0.9924979935318561
6648,0,0,1,0.9767087185923687,0.02329128140763125,0.9767087185923687
11083,1,1,1,0.001974191397274949,0.998025808602725,0.998025808602725
8279,0,0,1,0.9987482357208571,0.0012517642791428907,0.9987482357208571
15542,1,1,1,0.02250838988304693,0.9774916101169531,0.9774916101169531
12820,1,1,1,0.0009804583564514413,0.9990195416435486,0.9990195416435486
5088,0,0,1,0.9670219053175004,0.032978094682499556,0.9670219053175004
12731,1,1,1,0.00016580561514456527,0.9998341943848554,0.9998341943848554
14030,1,1,1,0.001067281393904329,0.9989327186060957,0.9989327186060957
6656,0,0,1,0.993577022306788,0.006422977693211935,0.993577022306788
15927,1,1,1,0.00018803443584702872,0.999811965564153,0.999811965564153
3064,0,0,1,0.9659557370812085,0.034044262918791514,0.9659557370812085
10142,1,1,1,0.001452921853296818,0.9985470781467032,0.9985470781467032
6051,0,0,1,0.7256694944156369,0.2743305055843631,0.7256694944156369
17098,1,1,1,0.4730938205605332,0.5269061794394668,0.5269061794394668
16686,1,1,1,0.11903507314657336,0.8809649268534266,0.8809649268534266
18299,1,0,0,0.991588849997037,0.008411150002962955,0.991588849997037
8220,0,0,1,0.9927834298505583,0.007216570149441662,0.9927834298505583
13737,1,1,1,0.00021820472369016297,0.9997817952763098,0.9997817952763098
8916,0,0,1,0.9974264927458578,0.0025735072541421466,0.9974264927458578
10081,1,1,1,0.00033767092438030666,0.9996623290756197,0.9996623290756197
2587,0,0,1,0.9835397837196225,0.016460216280377582,0.9835397837196225
4563,0,0,1,0.9920107725706965,0.00798922742930354,0.9920107725706965
6697,0,0,1,0.9978051368986299,0.002194863101370056,0.9978051368986299
2784,0,0,1,0.9879050563660857,0.012094943633914324,0.9879050563660857
16636,1,1,1,0.07823875660660062,0.9217612433933994,0.9217612433933994
8592,0,0,1,0.9998356827357613,0.000164317264238764,0.9998356827357613
11027,1,1,1,0.0011983921915224016,0.9988016078084776,0.9988016078084776
4533,0,0,1,0.9150755145149413,0.08492448548505868,0.9150755145149413
9021,0,0,1,0.9995401293986025,0.0004598706013975283,0.9995401293986025
13383,1,1,1,0.0005777304289996676,0.9994222695710003,0.9994222695710003
17419,1,1,1,0.005709658386451322,0.9942903416135487,0.9942903416135487
10896,1,1,1,0.002033083177041317,0.9979669168229587,0.9979669168229587
2744,0,0,1,0.9915559253857035,0.008444074614296557,0.9915559253857035
5347,0,0,1,0.9008057590970859,0.09919424090291402,0.9008057590970859
13984,1,1,1,0.00010225637618943573,0.9998977436238106,0.9998977436238106
6308,0,0,1,0.9888679451013499,0.011132054898650146,0.9888679451013499
12441,1,1,1,0.00020726066338938587,0.9997927393366106,0.9997927393366106
10462,1,1,1,0.0010323952381757762,0.9989676047618242,0.9989676047618242
2994,0,0,1,0.9942683005912667,0.005731699408733282,0.9942683005912667
5049,0,0,1,0.9883100232957602,0.011689976704239817,0.9883100232957602
7390,0,0,1,0.9958493016415177,0.004150698358482292,0.9958493016415177
1309,0,0,1,0.9358627194381783,0.0641372805618217,0.9358627194381783
6082,0,0,1,0.9854529198087447,0.014547080191255302,0.9854529198087447
1001,0,0,1,0.9947320974908769,0.005267902509123085,0.9947320974908769
18409,1,1,1,0.111549745385505,0.888450254614495,0.888450254614495
5526,0,0,1,0.9809600945550647,0.019039905444935286,0.9809600945550647
9837,0,0,1,0.9992741984978785,0.0007258015021215699,0.9992741984978785
11672,1,1,1,7.959554144465475e-05,0.9999204044585553,0.9999204044585553
14783,1,1,1,9.486470759656473e-05,0.9999051352924034,0.9999051352924034
18179,1,1,1,0.17383757935277833,0.8261624206472217,0.8261624206472217
6092,0,0,1,0.9730385393814439,0.026961460618556095,0.9730385393814439
14349,1,1,1,0.000829965786493525,0.9991700342135065,0.9991700342135065
11253,1,1,1,0.00012115279569180348,0.9998788472043082,0.9998788472043082
15531,1,1,1,4.372421304066343e-05,0.9999562757869593,0.9999562757869593
11463,1,1,1,0.0002210347046652794,0.9997789652953347,0.9997789652953347
9671,0,0,1,0.9996384316379839,0.0003615683620160958,0.9996384316379839
1649,0,0,1,0.98300111644307,0.016998883556930026,0.98300111644307
8163,0,0,1,0.9993415295407172,0.0006584704592827766,0.9993415295407172
3359,0,0,1,0.9307137587587548,0.06928624124124519,0.9307137587587548
9241,0,0,1,0.9996126834076753,0.00038731659232472905,0.9996126834076753
7674,0,0,1,0.9995447760586974,0.00045522394130264395,0.9995447760586974
10918,1,1,1,0.0010139027811674195,0.9989860972188326,0.9989860972188326
17264,1,1,1,0.41102266555570344,0.5889773344442966,0.5889773344442966
3831,0,0,1,0.968622021935174,0.031377978064826055,0.968622021935174
10037,1,1,1,0.0009133272468208053,0.9990866727531792,0.9990866727531792
9008,0,0,1,0.9995039921943454,0.0004960078056545768,0.9995039921943454
13272,1,1,1,0.0003134217782414517,0.9996865782217585,0.9996865782217585
5039,0,0,1,0.9595101144168383,0.04048988558316173,0.9595101144168383
11309,1,1,1,0.0013275486896846544,0.9986724513103153,0.9986724513103153
75,0,0,1,0.9866373641094971,0.013362635890502938,0.9866373641094971
9693,0,0,1,0.650442062796655,0.34955793720334505,0.650442062796655
1572,0,0,1,0.9840161635024216,0.01598383649757845,0.9840161635024216
19863,1,1,1,0.006187225951643893,0.9938127740483561,0.9938127740483561
1647,0,0,1,0.988810191028592,0.011189808971407998,0.988810191028592
11632,1,1,1,7.042014000657737e-05,0.9999295798599934,0.9999295798599934
11563,1,1,1,8.278043513232358e-05,0.9999172195648677,0.9999172195648677
4172,0,0,1,0.7504603638313995,0.24953963616860053,0.7504603638313995
16388,1,0,0,0.9669679884684229,0.033032011531577046,0.9669679884684229
5459,0,0,1,0.9639764294913887,0.036023570508611234,0.9639764294913887
16553,1,1,1,0.01606717658435808,0.9839328234156419,0.9839328234156419
3516,0,0,1,0.9502953517644527,0.04970464823554735,0.9502953517644527
14795,1,1,1,7.1894794024141e-05,0.9999281052059759,0.9999281052059759
12270,1,1,1,0.0015850020744043736,0.9984149979255956,0.9984149979255956
3863,0,0,1,0.9934281973476419,0.006571802652358086,0.9934281973476419
406,0,0,1,0.9668245089116231,0.03317549108837691,0.9668245089116231
14892,1,1,1,0.00014824364973242687,0.9998517563502676,0.9998517563502676
16221,1,0,0,0.9250543116278384,0.07494568837216165,0.9250543116278384
12506,1,1,1,0.0019550643749554064,0.9980449356250446,0.9980449356250446
8416,0,0,1,0.9995957671524012,0.0004042328475988603,0.9995957671524012
14236,1,1,1,0.0003015916416168052,0.9996984083583832,0.9996984083583832
13669,1,0,0,0.9337056746703023,0.06629432532969776,0.9337056746703023
18335,1,1,1,0.01014882657326266,0.9898511734267373,0.9898511734267373
13397,1,1,1,0.00016507418764644122,0.9998349258123536,0.9998349258123536
19695,1,1,1,0.0012415753492037718,0.9987584246507962,0.9987584246507962
3159,0,0,1,0.9803195748762382,0.019680425123761728,0.9803195748762382
10299,1,1,1,0.0006996690026925823,0.9993003309973074,0.9993003309973074
18958,1,1,1,0.007921485002515882,0.9920785149974841,0.9920785149974841
1620,0,0,1,0.9931652435336398,0.0068347564663602195,0.9931652435336398
9540,0,0,1,0.9996610604432942,0.00033893955670579666,0.9996610604432942
11643,1,1,1,0.00014455281293712652,0.9998554471870629,0.9998554471870629
11630,1,1,1,8.252453333057463e-05,0.9999174754666694,0.9999174754666694
5960,0,0,1,0.9629567992877911,0.037043200712208874,0.9629567992877911
4719,0,0,1,0.986321839395447,0.013678160604552913,0.986321839395447
12458,1,1,1,0.0012053461727812298,0.9987946538272188,0.9987946538272188
877,0,0,1,0.9407010383171056,0.059298961682894405,0.9407010383171056
5389,0,0,1,0.996528834469209,0.003471165530790954,0.996528834469209
14294,1,1,1,0.00020806824110708444,0.9997919317588929,0.9997919317588929
3971,0,0,1,0.9875218520029326,0.012478147997067377,0.9875218520029326
9871,0,0,1,0.9990205596653947,0.0009794403346052448,0.9990205596653947
833,0,0,1,0.9889076859694371,0.011092314030562848,0.9889076859694371
10995,1,1,1,0.0012741723488282064,0.9987258276511718,0.9987258276511718
2,0,0,1,0.9570686753923706,0.042931324607629336,0.9570686753923706
4148,0,0,1,0.9811742741589401,0.018825725841059876,0.9811742741589401
3601,0,0,1,0.9903669149183334,0.009633085081666642,0.9903669149183334
923,0,0,1,0.9613433628595645,0.03865663714043559,0.9613433628595645
3315,0,0,1,0.96705615661364,0.03294384338636,0.96705615661364
18171,1,1,1,0.028833217089622498,0.9711667829103775,0.9711667829103775
10767,1,1,1,0.0021526394172300956,0.9978473605827699,0.9978473605827699
7778,0,0,1,0.9955357252117918,0.004464274788208168,0.9955357252117918
8414,0,0,1,0.9997765596996877,0.0002234403003122472,0.9997765596996877
4092,0,0,1,0.9946200166677998,0.005379983332200246,0.9946200166677998
11452,1,1,1,0.00028865746133022174,0.9997113425386698,0.9997113425386698
12068,1,1,1,0.00021908492828470738,0.9997809150717153,0.9997809150717153
1307,0,0,1,0.9862978952567665,0.013702104743233539,0.9862978952567665
4513,0,0,1,0.9778879595435743,0.022112040456425626,0.9778879595435743
5206,0,0,1,0.9479591959793209,0.052040804020679135,0.9479591959793209
9944,0,0,1,0.9998929003369923,0.00010709966300774368,0.9998929003369923
15906,1,1,1,8.70459526344236e-05,0.9999129540473656,0.9999129540473656
17921,1,1,1,0.011940472882825293,0.9880595271171747,0.9880595271171747
3670,0,0,1,0.9861251236177366,0.013874876382263411,0.9861251236177366
5376,0,0,1,0.9927264127663653,0.007273587233634748,0.9927264127663653
10309,1,1,1,0.0002796907190155684,0.9997203092809844,0.9997203092809844
16390,1,0,0,0.9584227928659438,0.04157720713405617,0.9584227928659438
11709,1,1,1,0.0019192659400140144,0.998080734059986,0.998080734059986
15299,1,1,1,0.008343831940322843,0.9916561680596772,0.9916561680596772
4678,0,0,1,0.9950054671503786,0.004994532849621375,0.9950054671503786
16909,1,1,1,0.11849746032584962,0.8815025396741504,0.8815025396741504
15833,1,1,1,9.393470986651664e-05,0.9999060652901335,0.9999060652901335
4573,0,0,1,0.9917242982290954,0.008275701770904635,0.9917242982290954
18394,1,1,1,0.028692502669638742,0.9713074973303613,0.9713074973303613
12646,1,1,1,0.00019023188910172184,0.9998097681108983,0.9998097681108983
2476,0,0,1,0.9638267944049175,0.03617320559508252,0.9638267944049175
8208,0,0,1,0.999755733076569,0.0002442669234309922,0.999755733076569
12686,1,1,1,0.00020600835865858258,0.9997939916413414,0.9997939916413414
18881,1,1,1,0.0004603523593742498,0.9995396476406258,0.9995396476406258
3301,0,0,1,0.9919829681642285,0.008017031835771527,0.9919829681642285
14936,1,0,0,0.7932053635497751,0.2067946364502249,0.7932053635497751
15665,1,1,1,0.10830793523722015,0.8916920647627798,0.8916920647627798
95,0,1,0,0.38054490400070695,0.619455095999293,0.619455095999293
4113,0,0,1,0.9890195143368259,0.010980485663174055,0.9890195143368259
262,0,0,1,0.9940340682196833,0.005965931780316734,0.9940340682196833
11286,1,1,1,8.514067427589644e-05,0.9999148593257241,0.9999148593257241
7393,0,0,1,0.8967334914630887,0.10326650853691138,0.8967334914630887
3280,0,0,1,0.9864451749769519,0.01355482502304807,0.9864451749769519
14449,1,1,1,0.0002692388951224256,0.9997307611048776,0.9997307611048776
11811,1,1,1,4.986754327107601e-05,0.9999501324567289,0.9999501324567289
15453,1,1,1,0.0002505165987014557,0.9997494834012985,0.9997494834012985
15667,1,1,1,7.104543125180385e-05,0.9999289545687482,0.9999289545687482
9630,0,0,1,0.9996456482943739,0.00035435170562613314,0.9996456482943739
2266,0,0,1,0.8884896148890796,0.11151038511092035,0.8884896148890796
8624,0,0,1,0.9994477406631613,0.0005522593368386894,0.9994477406631613
18307,1,1,1,0.011245595962070087,0.9887544040379299,0.9887544040379299
11466,1,1,1,0.0002759335452385825,0.9997240664547614,0.9997240664547614
11361,1,1,1,0.00034213291968909765,0.9996578670803109,0.9996578670803109
5066,0,0,1,0.9900721566435694,0.009927843356430578,0.9900721566435694
9489,0,0,1,0.9989524676879287,0.0010475323120713736,0.9989524676879287
9640,0,0,1,0.9997108949330427,0.0002891050669573512,0.9997108949330427
5412,0,0,1,0.987567902600082,0.012432097399917968,0.987567902600082
12906,1,1,1,0.05668933334277171,0.9433106666572283,0.9433106666572283
6723,0,0,1,0.9131871647536469,0.08681283524635312,0.9131871647536469
5984,0,0,1,0.9839446886131952,0.0160553113868048,0.9839446886131952
4291,0,0,1,0.9913534238270663,0.008646576172933787,0.9913534238270663
4941,0,0,1,0.8114084393896042,0.18859156061039584,0.8114084393896042
11123,1,1,1,0.001869124628798291,0.9981308753712017,0.9981308753712017
11789,1,1,1,6.217466964753005e-05,0.9999378253303525,0.9999378253303525
15693,1,1,1,6.524787206207971e-05,0.9999347521279379,0.9999347521279379
16945,1,0,0,0.9498460332054229,0.05015396679457704,0.9498460332054229
5917,0,0,1,0.9921119540466513,0.007888045953348657,0.9921119540466513
3230,0,0,1,0.9862561801893005,0.01374381981069948,0.9862561801893005
18100,1,1,1,0.11078935413410707,0.8892106458658929,0.8892106458658929
15060,1,1,1,0.061331033231144194,0.9386689667688558,0.9386689667688558
12013,1,1,1,0.00019403131750883595,0.9998059686824912,0.9998059686824912
6923,0,0,1,0.8038476647785214,0.1961523352214786,0.8038476647785214
19200,1,1,1,9.889802251428215e-05,0.9999011019774857,0.9999011019774857
15028,1,1,1,0.027752625686223276,0.9722473743137767,0.9722473743137767
18063,1,1,1,0.01376573896079325,0.9862342610392067,0.9862342610392067
3385,0,0,1,0.8239009835283817,0.17609901647161832,0.8239009835283817
17743,1,1,1,0.038080958183762226,0.9619190418162378,0.9619190418162378
1381,0,0,1,0.9958204313771354,0.004179568622864656,0.9958204313771354
11156,1,1,1,0.0012118659355280226,0.998788134064472,0.998788134064472
14222,1,1,1,0.02100782488372166,0.9789921751162783,0.9789921751162783
14107,1,1,1,0.0013965253053063176,0.9986034746946937,0.9986034746946937
14101,1,1,1,6.799881818597697e-05,0.999932001181814,0.999932001181814
2509,0,0,1,0.976699979694003,0.023300020305996982,0.976699979694003
7905,0,0,1,0.9569394571650685,0.043060542834931506,0.9569394571650685
15623,1,1,1,0.000581972347276194,0.9994180276527238,0.9994180276527238
4644,0,0,1,0.9844297711942617,0.0155702288057383,0.9844297711942617
13490,1,1,1,0.0013755273661208989,0.9986244726338791,0.9986244726338791
2121,0,0,1,0.999267812052184,0.0007321879478160008,0.999267812052184
19122,1,1,1,8.159158264364752e-05,0.9999184084173564,0.9999184084173564
17872,1,1,1,0.001691180148522653,0.9983088198514773,0.9983088198514773
2337,0,0,1,0.8332779716660671,0.16672202833393293,0.8332779716660671
805,0,0,1,0.9760683064917357,0.023931693508264313,0.9760683064917357
10721,1,1,1,0.0014229285285789484,0.998577071471421,0.998577071471421
17521,1,1,1,0.015417819902085905,0.9845821800979141,0.9845821800979141
19531,1,1,1,0.0006427150671264314,0.9993572849328736,0.9993572849328736
18091,1,1,1,0.03202128099743062,0.9679787190025694,0.9679787190025694
10811,1,1,1,0.0008145731103417209,0.9991854268896583,0.9991854268896583
13337,1,1,1,0.00026713881219153635,0.9997328611878085,0.9997328611878085
6361,0,0,1,0.9341807037179077,0.06581929628209228,0.9341807037179077
15489,1,1,1,0.0007631539011757615,0.9992368460988242,0.9992368460988242
4453,0,0,1,0.983850689146367,0.016149310853633053,0.983850689146367
6966,0,0,1,0.8581952607149719,0.1418047392850281,0.8581952607149719
4089,0,0,1,0.9097419854484868,0.09025801455151321,0.9097419854484868
1482,0,0,1,0.9585761978815848,0.04142380211841521,0.9585761978815848
8703,0,0,1,0.9859593551160093,0.014040644883990719,0.9859593551160093
13614,1,1,1,0.0007700139626395375,0.9992299860373605,0.9992299860373605
7223,0,0,1,0.9862858302677397,0.013714169732260202,0.9862858302677397
8663,0,0,1,0.9994204593680782,0.0005795406319217909,0.9994204593680782
11812,1,1,1,7.396410407234377e-05,0.9999260358959277,0.9999260358959277
6211,0,0,1,0.9817295124446835,0.018270487555316423,0.9817295124446835
15890,1,1,1,8.684359665767083e-05,0.9999131564033423,0.9999131564033423
19842,1,1,1,0.0004072454399539627,0.999592754560046,0.999592754560046
12880,1,1,1,0.008247073083974987,0.991752926916025,0.991752926916025
4396,0,0,1,0.955897275655177,0.044102724344823034,0.955897275655177
7402,0,0,1,0.9799165098296221,0.020083490170377864,0.9799165098296221
18419,1,1,1,0.10322775251733385,0.8967722474826662,0.8967722474826662
601,0,0,1,0.9841783148410876,0.015821685158912305,0.9841783148410876
9300,0,0,1,0.9998736397624838,0.00012636023751620096,0.9998736397624838
6725,0,0,1,0.9941250237399473,0.0058749762600526865,0.9941250237399473
19205,1,1,1,6.87711806317548e-05,0.9999312288193682,0.9999312288193682
365,0,0,1,0.9122041572546203,0.08779584274537963,0.9122041572546203
17815,1,1,1,0.011838131282930098,0.9881618687170699,0.9881618687170699
15889,1,1,1,8.658307543862875e-05,0.9999134169245614,0.9999134169245614
12871,1,1,1,0.002870908143181361,0.9971290918568186,0.9971290918568186
6185,0,0,1,0.9802213731400259,0.019778626859974092,0.9802213731400259
11231,1,1,1,0.0001524857913244304,0.9998475142086756,0.9998475142086756
9495,0,0,1,0.9989425912339284,0.0010574087660715817,0.9989425912339284
12308,1,1,1,0.0022230155084539405,0.9977769844915461,0.9977769844915461
7687,0,0,1,0.9998533123775469,0.00014668762245304213,0.9998533123775469
7635,0,0,1,0.9998118196181807,0.0001881803818193645,0.9998118196181807
8111,0,0,1,0.99987004315263,0.00012995684737006818,0.99987004315263
3535,0,0,1,0.9726003826965463,0.027399617303453697,0.9726003826965463
8791,0,0,1,0.9997277870313657,0.0002722129686343646,0.9997277870313657
4034,0,0,1,0.981452456837303,0.01854754316269704,0.981452456837303
3043,0,0,1,0.9894903605227818,0.010509639477218202,0.9894903605227818
13046,1,1,1,0.001354784727938374,0.9986452152720616,0.9986452152720616
8628,0,0,1,0.999799854954822,0.00020014504517795078,0.999799854954822
12380,1,1,1,0.004579142354564025,0.995420857645436,0.995420857645436
9110,0,0,1,0.9996644214858533,0.0003355785141467168,0.9996644214858533
14802,1,1,1,0.0038863000129785163,0.9961136999870215,0.9961136999870215
14960,1,1,1,0.019223352730032173,0.9807766472699678,0.9807766472699678
4198,0,0,1,0.9935647875702913,0.006435212429708724,0.9935647875702913
11868,1,1,1,4.425157597021112e-05,0.9999557484240298,0.9999557484240298
10027,1,1,1,0.00035145739633224427,0.9996485426036678,0.9996485426036678
989,0,0,1,0.9879561355678012,0.012043864432198879,0.9879561355678012
6398,0,0,1,0.9414551608551633,0.05854483914483664,0.9414551608551633
8920,0,0,1,0.9998461663374462,0.00015383366255384022,0.9998461663374462
4213,0,0,1,0.9956900805648432,0.004309919435156849,0.9956900805648432
14953,1,1,1,0.07277950982029413,0.9272204901797059,0.9272204901797059
8446,0,0,1,0.9999142497877763,8.575021222364102e-05,0.9999142497877763
4356,0,0,1,0.9557735793595986,0.04422642064040138,0.9557735793595986
3203,0,0,1,0.9490961897619175,0.050903810238082554,0.9490961897619175
14577,1,1,1,8.447277017753496e-05,0.9999155272298225,0.9999155272298225
11601,1,1,1,8.514611667631566e-05,0.9999148538833237,0.9999148538833237
8176,0,0,1,0.9967783043946502,0.0032216956053498494,0.9967783043946502
2051,0,0,1,0.9877740268712428,0.012225973128757126,0.9877740268712428
15699,1,1,1,7.970644549093464e-05,0.9999202935545091,0.9999202935545091
14116,1,1,1,5.7580761091857724e-05,0.9999424192389081,0.9999424192389081
12868,1,1,1,0.009077965993949055,0.990922034006051,0.990922034006051
19546,1,1,1,0.0003245958129295401,0.9996754041870705,0.9996754041870705
18824,1,1,1,0.0002928127017823856,0.9997071872982176,0.9997071872982176
12167,1,1,1,0.0003055975062834504,0.9996944024937165,0.9996944024937165
18744,1,1,1,0.003750848827578701,0.9962491511724213,0.9962491511724213
546,0,0,1,0.978707032142485,0.021292967857515045,0.978707032142485
969,0,0,1,0.9625023209986439,0.03749767900135614,0.9625023209986439
16798,1,0,0,0.8909385602392967,0.1090614397607032,0.8909385602392967
7623,0,0,1,0.998975332510477,0.0010246674895230256,0.998975332510477
342,0,1,0,0.33449977175208045,0.6655002282479195,0.6655002282479195
7429,0,0,1,0.9945912045248643,0.005408795475135768,0.9945912045248643
17411,1,1,1,0.03774707001550581,0.9622529299844942,0.9622529299844942
2665,0,0,1,0.9888464109991626,0.011153589000837356,0.9888464109991626
1932,0,0,1,0.9967661275280283,0.003233872471971669,0.9967661275280283
1155,0,0,1,0.9756662703286088,0.024333729671391274,0.9756662703286088
10,0,0,1,0.94369318997091,0.056306810029089945,0.94369318997091
13230,1,1,1,0.014313752830344972,0.985686247169655,0.985686247169655
5828,0,0,1,0.967381567043757,0.032618432956242956,0.967381567043757
2856,0,0,1,0.9921445560931375,0.007855443906862585,0.9921445560931375
11930,1,1,1,6.296886682966019e-05,0.9999370311331703,0.9999370311331703
3501,0,0,1,0.9954604030596094,0.0045395969403906515,0.9954604030596094
15877,1,1,1,0.0005688751741688147,0.9994311248258312,0.9994311248258312
10737,1,1,1,0.0008554574719663588,0.9991445425280336,0.9991445425280336
4118,0,0,1,0.9779427787969003,0.02205722120309969,0.9779427787969003
18417,1,1,1,0.04328897815021804,0.956711021849782,0.956711021849782
6753,0,0,1,0.9932818270273618,0.006718172972638231,0.9932818270273618
8756,0,0,1,0.9996368712204051,0.0003631287795948604,0.9996368712204051
5721,0,0,1,0.9671110290141031,0.0328889709858969,0.9671110290141031
11321,1,1,1,0.00015473697345591564,0.9998452630265441,0.9998452630265441
6776,0,0,1,0.740981867678855,0.259018132321145,0.740981867678855
16925,1,1,1,0.012715953909592792,0.9872840460904072,0.9872840460904072
12841,1,1,1,0.0004359520879747558,0.9995640479120252,0.9995640479120252
15269,1,1,1,0.00019413741254081796,0.9998058625874592,0.9998058625874592
1743,0,0,1,0.9810027922757943,0.01899720772420566,0.9810027922757943
1999,0,0,1,0.993353762553171,0.006646237446829028,0.993353762553171
3943,0,0,1,0.9949276120744247,0.005072387925575313,0.9949276120744247
11425,1,1,1,0.00026926014782591157,0.9997307398521741,0.9997307398521741
15281,1,1,1,0.009790004980864797,0.9902099950191352,0.9902099950191352
5584,0,0,1,0.9819056635396253,0.018094336460374703,0.9819056635396253
11569,1,1,1,6.62962114645893e-05,0.9999337037885354,0.9999337037885354
12746,1,1,1,0.002078537219293186,0.9979214627807068,0.9979214627807068
6534,0,0,1,0.9863950906017152,0.013604909398284883,0.9863950906017152
15426,1,0,0,0.8792307598330081,0.1207692401669919,0.8792307598330081
483,0,0,1,0.873020960347172,0.126979039652828,0.873020960347172
2535,0,0,1,0.9892338310447232,0.01076616895527684,0.9892338310447232
1767,0,0,1,0.9919865933685056,0.008013406631494392,0.9919865933685056
9337,0,0,1,0.999856718677311,0.0001432813226890046,0.999856718677311
17689,1,1,1,0.008315067985444902,0.9916849320145551,0.9916849320145551
11288,1,1,1,0.0004989940336119769,0.999501005966388,0.999501005966388
9544,0,0,1,0.9960199573271612,0.003980042672838748,0.9960199573271612
8307,0,0,1,0.9970824800696528,0.002917519930347164,0.9970824800696528
10468,1,1,1,0.002126130650871083,0.9978738693491289,0.9978738693491289
8033,0,0,1,0.9987847062545295,0.0012152937454704968,0.9987847062545295
9804,0,0,1,0.9996822518811012,0.0003177481188988878,0.9996822518811012
12197,1,1,1,0.009353644643784631,0.9906463553562154,0.9906463553562154
5722,0,0,1,0.987145512374278,0.012854487625722034,0.987145512374278
7556,0,0,1,0.9996718209917521,0.00032817900824783737,0.9996718209917521
17879,1,1,1,0.09301583012170545,0.9069841698782946,0.9069841698782946
7385,0,0,1,0.979767405815895,0.020232594184104988,0.979767405815895
7997,0,0,1,0.9962148808483389,0.003785119151661083,0.9962148808483389
662,0,0,1,0.9514997562444584,0.04850024375554163,0.9514997562444584
11409,1,1,1,0.00022647122391761254,0.9997735287760824,0.9997735287760824
4169,0,0,1,0.9960219765520326,0.003978023447967388,0.9960219765520326
13311,1,1,1,0.00019511976748143312,0.9998048802325186,0.9998048802325186
7022,0,0,1,0.9961134251667696,0.003886574833230441,0.9961134251667696
8011,0,0,1,0.9998658074964808,0.00013419250351925653,0.9998658074964808
17800,1,1,1,0.001731758868876887,0.9982682411311231,0.9982682411311231
18144,1,1,1,0.16210316238986588,0.8378968376101341,0.8378968376101341
2114,0,0,1,0.9886469306932064,0.011353069306793606,0.9886469306932064
4628,0,0,1,0.9812995318588189,0.018700468141181106,0.9812995318588189
16646,1,1,1,0.38601123303414975,0.6139887669658503,0.6139887669658503
13180,1,1,1,0.00021654754378030994,0.9997834524562197,0.9997834524562197
14453,1,1,1,0.0031728563046320435,0.996827143695368,0.996827143695368
3807,0,0,1,0.985550888560726,0.014449111439273946,0.985550888560726
15724,1,1,1,9.17867180119103e-05,0.9999082132819881,0.9999082132819881
12583,1,1,1,0.00031217449511045103,0.9996878255048895,0.9996878255048895
7288,0,0,1,0.9891370275467819,0.010862972453218064,0.9891370275467819
9976,0,0,1,0.9995102229738859,0.0004897770261140814,0.9995102229738859
4311,0,0,1,0.9763906333080353,0.023609366691964683,0.9763906333080353
18007,1,1,1,0.03727481143300593,0.9627251885669941,0.9627251885669941
12625,1,1,1,0.0002679342377585048,0.9997320657622415,0.9997320657622415
12052,1,1,1,0.0019614118191007,0.9980385881808993,0.9980385881808993
11392,1,1,1,0.0004333364196290601,0.9995666635803709,0.9995666635803709
6470,0,0,1,0.9138658219334964,0.08613417806650363,0.9138658219334964
5350,0,0,1,0.9912021592044633,0.00879784079553664,0.9912021592044633
18690,1,1,1,0.00545747260624474,0.9945425273937553,0.9945425273937553
8863,0,0,1,0.999537938910456,0.00046206108954405223,0.999537938910456
3149,0,0,1,0.9684065182473396,0.031593481752660406,0.9684065182473396
3368,0,0,1,0.945111144504905,0.05488885549509509,0.945111144504905
10509,1,1,1,0.0007411722585753955,0.9992588277414246,0.9992588277414246
708,0,0,1,0.9698280804986079,0.030171919501392107,0.9698280804986079
2742,0,0,1,0.9875835089463237,0.012416491053676211,0.9875835089463237
3123,0,0,1,0.991264846944696,0.008735153055304073,0.991264846944696
575,0,0,1,0.9866611656807949,0.013338834319205151,0.9866611656807949
18829,1,1,1,3.828295772456691e-05,0.9999617170422754,0.9999617170422754
18575,1,1,1,0.01681256986378099,0.983187430136219,0.983187430136219
16218,1,0,0,0.9632155494139228,0.03678445058607711,0.9632155494139228
16892,1,0,0,0.9874522840731192,0.012547715926880792,0.9874522840731192
17145,1,1,1,0.003536988155161347,0.9964630118448387,0.9964630118448387
2572,0,0,1,0.8779060000431413,0.12209399995685863,0.8779060000431413
8174,0,0,1,0.9996468482335323,0.0003531517664676321,0.9996468482335323
5636,0,0,1,0.9971683422984134,0.002831657701586576,0.9971683422984134
5309,0,0,1,0.9814700957447873,0.018529904255212705,0.9814700957447873
15904,1,1,1,7.244035208564537e-05,0.9999275596479144,0.9999275596479144
8956,0,0,1,0.9994370550495071,0.0005629449504929396,0.9994370550495071
13125,1,1,1,0.00018449943700549198,0.9998155005629945,0.9998155005629945
14786,1,1,1,0.007483457991462328,0.9925165420085377,0.9925165420085377
13349,1,1,1,0.000434798555597693,0.9995652014444023,0.9995652014444023
10291,1,1,1,0.0002805177945945925,0.9997194822054054,0.9997194822054054
17195,1,1,1,0.47887674845671924,0.5211232515432808,0.5211232515432808
4526,0,0,1,0.9605771375677822,0.03942286243221783,0.9605771375677822
1485,0,0,1,0.9867220625354083,0.013277937464591699,0.9867220625354083
14424,1,1,1,0.0013982848351675736,0.9986017151648324,0.9986017151648324
6721,0,0,1,0.984664613877662,0.015335386122338028,0.984664613877662
2473,0,0,1,0.9809486384922983,0.01905136150770167,0.9809486384922983
13181,1,1,1,0.000204851751488766,0.9997951482485112,0.9997951482485112
14127,1,1,1,0.0001900703156585415,0.9998099296843415,0.9998099296843415
4618,0,0,1,0.9905333188629878,0.009466681137012222,0.9905333188629878
16559,1,1,1,0.3083290254050757,0.6916709745949243,0.6916709745949243
19123,1,1,1,6.170807985095283e-05,0.999938291920149,0.999938291920149
10031,1,1,1,0.0015441464639915914,0.9984558535360084,0.9984558535360084
2290,0,0,1,0.9971671581588311,0.0028328418411688945,0.9971671581588311
18745,1,1,1,0.0001625273094427726,0.9998374726905572,0.9998374726905572
934,0,0,1,0.9857075420164156,0.014292457983584358,0.9857075420164156
2613,0,0,1,0.9928368997753481,0.007163100224651946,0.9928368997753481
18760,1,1,1,7.922133797644282e-05,0.9999207786620236,0.9999207786620236
14456,1,1,1,0.0005210861103459585,0.999478913889654,0.999478913889654
9628,0,0,1,0.999857388807047,0.0001426111929530337,0.999857388807047
14796,1,1,1,0.0025988988830248916,0.9974011011169751,0.9974011011169751
2034,0,0,1,0.9250164072353765,0.0749835927646235,0.9250164072353765
18523,1,1,1,0.002023187241164015,0.997976812758836,0.997976812758836
106,0,0,1,0.9855851281466566,0.014414871853343395,0.9855851281466566
11849,1,1,1,0.00010633118414260512,0.9998936688158574,0.9998936688158574
9722,0,0,1,0.9997449500230515,0.00025504997694841955,0.9997449500230515
3140,0,0,1,0.9860411852426426,0.013958814757357356,0.9860411852426426
9010,0,0,1,0.9067063579549854,0.09329364204501452,0.9067063579549854
17038,1,0,0,0.9945834125468966,0.005416587453103411,0.9945834125468966
2939,0,0,1,0.9868442211624314,0.013155778837568532,0.9868442211624314
2824,0,0,1,0.959715307919834,0.040284692080166,0.959715307919834
538,0,0,1,0.9915520646030809,0.008447935396919131,0.9915520646030809
13879,1,1,1,0.002635418473065143,0.9973645815269349,0.9973645815269349
12302,1,1,1,0.0006195520855375447,0.9993804479144625,0.9993804479144625
17239,1,1,1,0.004020430216211346,0.9959795697837887,0.9959795697837887
7596,0,0,1,0.99980885609256,0.00019114390743999693,0.99980885609256
8074,0,0,1,0.9988502414160962,0.0011497585839037206,0.9988502414160962
10870,1,1,1,0.001146384454178695,0.9988536155458213,0.9988536155458213
55,0,0,1,0.9950272173746966,0.004972782625303383,0.9950272173746966
19844,1,1,1,0.001988776478142884,0.9980112235218571,0.9980112235218571
12390,1,1,1,0.00025490925101701034,0.999745090748983,0.999745090748983
9975,0,0,1,0.9998629575902795,0.00013704240972040797,0.9998629575902795
2954,0,0,1,0.9858730647807709,0.014126935219229165,0.9858730647807709
6054,0,0,1,0.9644127196788376,0.03558728032116245,0.9644127196788376
3104,0,1,0,0.34681143851215634,0.6531885614878437,0.6531885614878437
14185,1,1,1,7.619140043524375e-05,0.9999238085995648,0.9999238085995648
11567,1,1,1,0.00013433608231905314,0.999865663917681,0.999865663917681
14401,1,1,1,0.03146325468337019,0.9685367453166298,0.9685367453166298
9623,0,0,1,0.9996214192386392,0.00037858076136075417,0.9996214192386392
1637,0,0,1,0.9363186492076923,0.06368135079230779,0.9363186492076923
10804,1,1,1,0.0012283113810667157,0.9987716886189333,0.9987716886189333
2919,0,0,1,0.9917741720584853,0.00822582794151474,0.9917741720584853
154,0,0,1,0.9912160288505949,0.008783971149405058,0.9912160288505949
955,0,1,0,0.14249511275959637,0.8575048872404036,0.8575048872404036
7695,0,0,1,0.9998486392350906,0.0001513607649093671,0.9998486392350906
6498,0,0,1,0.9245304669930219,0.07546953300697809,0.9245304669930219
6047,0,0,1,0.9862516227942377,0.013748377205762304,0.9862516227942377
12557,1,1,1,0.006214822895683536,0.9937851771043165,0.9937851771043165
13014,1,1,1,0.0004856977787980332,0.999514302221202,0.999514302221202
3492,0,0,1,0.924595547432709,0.07540445256729103,0.924595547432709
7255,0,0,1,0.9406393179379242,0.05936068206207574,0.9406393179379242
118,0,0,1,0.9863831690474975,0.013616830952502535,0.9863831690474975
9562,0,0,1,0.9998420615007859,0.00015793849921411475,0.9998420615007859
2946,0,0,1,0.8953704001217709,0.10462959987822902,0.8953704001217709
15061,1,1,1,0.013916489540080401,0.9860835104599196,0.9860835104599196
13392,1,1,1,0.0010692657538016181,0.9989307342461984,0.9989307342461984
1185,0,0,1,0.9922461126579863,0.007753887342013669,0.9922461126579863
10976,1,1,1,0.0017894751387492747,0.9982105248612507,0.9982105248612507
15002,1,1,1,0.04670278769181746,0.9532972123081825,0.9532972123081825
11545,1,1,1,0.0010497289037846302,0.9989502710962154,0.9989502710962154
6338,0,0,1,0.9749655116950341,0.025034488304965862,0.9749655116950341
17510,1,1,1,0.0014668803339972225,0.9985331196660028,0.9985331196660028
8710,0,0,1,0.9996025423664167,0.00039745763358332023,0.9996025423664167
6847,0,0,1,0.9875811930900418,0.01241880690995827,0.9875811930900418
17340,1,1,1,0.053342152776777785,0.9466578472232222,0.9466578472232222
17811,1,1,1,0.037339087142014615,0.9626609128579854,0.9626609128579854
18289,1,1,1,0.005270901253023097,0.9947290987469769,0.9947290987469769
4514,0,0,1,0.9842332968733104,0.015766703126689596,0.9842332968733104
8915,0,0,1,0.9994728323188216,0.0005271676811784354,0.9994728323188216
635,0,0,1,0.9872156987229587,0.012784301277041287,0.9872156987229587
6451,0,0,1,0.9936812543255694,0.006318745674430581,0.9936812543255694
13205,1,1,1,0.00016507418764644122,0.9998349258123536,0.9998349258123536
15640,1,1,1,0.00030882392610065423,0.9996911760738993,0.9996911760738993
198,0,0,1,0.9808172475759731,0.019182752424026877,0.9808172475759731
4775,0,0,1,0.9602308118611173,0.03976918813888278,0.9602308118611173
6326,0,0,1,0.5639199182935828,0.4360800817064172,0.5639199182935828
9415,0,0,1,0.9971414364329381,0.0028585635670619496,0.9971414364329381
10069,1,1,1,0.0011484156646877075,0.9988515843353123,0.9988515843353123
11866,1,1,1,9.136798231390575e-05,0.9999086320176861,0.9999086320176861
8185,0,0,1,0.9998194230234452,0.00018057697655479805,0.9998194230234452
1267,0,0,1,0.9911852340589091,0.008814765941090832,0.9911852340589091
17524,1,1,1,0.002573500878690238,0.9974264991213098,0.9974264991213098
4179,0,0,1,0.9774057592834902,0.022594240716509787,0.9774057592834902
4475,0,0,1,0.9822759802685473,0.01772401973145268,0.9822759802685473
5,0,0,1,0.7145355646976412,0.2854644353023588,0.7145355646976412
10368,1,1,1,0.00046988149716131744,0.9995301185028387,0.9995301185028387
6101,0,0,1,0.9498450909119198,0.05015490908808018,0.9498450909119198
18452,1,1,1,0.014164124636737219,0.9858358753632628,0.9858358753632628
272,0,0,1,0.9026919813741154,0.09730801862588459,0.9026919813741154
14715,1,1,1,0.0034701256100724276,0.9965298743899276,0.9965298743899276
7718,0,0,1,0.9992837510475747,0.0007162489524252475,0.9992837510475747
639,0,0,1,0.9881847529687929,0.011815247031207081,0.9881847529687929
16054,1,0,0,0.9070702935752768,0.09292970642472317,0.9070702935752768
9378,0,0,1,0.9821911671687056,0.01780883283129444,0.9821911671687056
16928,1,1,1,0.023822235369789224,0.9761777646302108,0.9761777646302108
17350,1,1,1,0.3113765990901005,0.6886234009098995,0.6886234009098995
16421,1,0,0,0.9047662873980121,0.09523371260198785,0.9047662873980121
9469,0,0,1,0.9993759202837834,0.0006240797162166061,0.9993759202837834
14676,1,1,1,0.0005206718149156631,0.9994793281850843,0.9994793281850843
879,0,0,1,0.9902962205626833,0.00970377943731675,0.9902962205626833
16418,1,0,0,0.7456586979739726,0.25434130202602745,0.7456586979739726
6224,0,0,1,0.9750824848624301,0.02491751513756988,0.9750824848624301
14266,1,1,1,0.0024322572010850863,0.9975677427989149,0.9975677427989149
2555,0,0,1,0.9593540006538597,0.04064599934614028,0.9593540006538597
2799,0,0,1,0.9493892599089012,0.05061074009109882,0.9493892599089012
8375,0,0,1,0.9997238437554049,0.00027615624459507814,0.9997238437554049
14440,1,1,1,0.0040133867813356705,0.9959866132186643,0.9959866132186643
12115,1,1,1,0.010118754960669274,0.9898812450393307,0.9898812450393307
11370,1,1,1,0.0001070208793563232,0.9998929791206437,0.9998929791206437
18230,1,1,1,0.005608243257463563,0.9943917567425364,0.9943917567425364
3992,0,0,1,0.8919905884756235,0.10800941152437649,0.8919905884756235
17656,1,1,1,0.116090831265513,0.883909168734487,0.883909168734487
4395,0,0,1,0.9873656520955322,0.012634347904467878,0.9873656520955322
16872,1,1,1,0.13001866906240034,0.8699813309375997,0.8699813309375997
3603,0,0,1,0.9594839211152549,0.04051607888474506,0.9594839211152549
17752,1,1,1,0.0015655465205819397,0.9984344534794181,0.9984344534794181
5918,0,0,1,0.98437836566606,0.015621634333940076,0.98437836566606
17169,1,0,0,0.6809412222636269,0.31905877773637314,0.6809412222636269
16861,1,0,0,0.5295269707620402,0.4704730292379597,0.5295269707620402
11750,1,1,1,5.480918941225266e-05,0.9999451908105877,0.9999451908105877
2279,0,0,1,0.8851214364209151,0.11487856357908487,0.8851214364209151
3129,0,0,1,0.9913456860805597,0.008654313919440272,0.9913456860805597
11724,1,1,1,9.633560918420603e-05,0.9999036643908158,0.9999036643908158
17935,1,1,1,0.015511987823698004,0.984488012176302,0.984488012176302
15670,1,1,1,0.0030975577496765716,0.9969024422503234,0.9969024422503234
7313,0,0,1,0.9934017306338485,0.006598269366151539,0.9934017306338485
18205,1,1,1,0.023863386580225465,0.9761366134197745,0.9761366134197745
7995,0,0,1,0.9998762947830072,0.00012370521699282437,0.9998762947830072
3479,0,0,1,0.9816691499593302,0.018330850040669783,0.9816691499593302
9867,0,0,1,0.9995244308200751,0.00047556917992483416,0.9995244308200751
15449,1,1,1,0.022687821721469215,0.9773121782785308,0.9773121782785308
14344,1,1,1,0.0012032972143448672,0.9987967027856551,0.9987967027856551
19189,1,1,1,4.91953656482913e-05,0.9999508046343517,0.9999508046343517
10884,1,1,1,0.0012855859214464527,0.9987144140785535,0.9987144140785535
15366,1,1,1,0.008876697875888073,0.9911233021241119,0.9911233021241119
17831,1,1,1,0.08104827999175901,0.918951720008241,0.918951720008241
15626,1,1,1,6.260667503088513e-05,0.9999373933249691,0.9999373933249691
4983,0,0,1,0.9880035886197939,0.011996411380206157,0.9880035886197939
6070,0,0,1,0.9919686043614454,0.008031395638554574,0.9919686043614454
13709,1,1,1,0.0022028463815246813,0.9977971536184753,0.9977971536184753
9503,0,0,1,0.9997275139306173,0.00027248606938265067,0.9997275139306173
11734,1,1,1,5.692222652553536e-05,0.9999430777734745,0.9999430777734745
852,0,0,1,0.9912951108040446,0.008704889195955398,0.9912951108040446
15427,1,1,1,0.009607960743935884,0.9903920392560641,0.9903920392560641
16995,1,0,0,0.9685271793486452,0.031472820651354795,0.9685271793486452
18974,1,1,1,0.0010628448700219506,0.998937155129978,0.998937155129978
7724,0,0,1,0.9991041326984923,0.0008958673015076629,0.9991041326984923
19911,1,1,1,0.009782389103661582,0.9902176108963384,0.9902176108963384
16099,1,0,0,0.9945834372838684,0.005416562716131515,0.9945834372838684
8259,0,0,1,0.9992888407713657,0.0007111592286342585,0.9992888407713657
18894,1,1,1,0.00011353299818384066,0.9998864670018162,0.9998864670018162
15161,1,1,1,0.003575672312086664,0.9964243276879133,0.9964243276879133
8106,0,0,1,0.9998047235404832,0.00019527645951677202,0.9998047235404832
1166,0,0,1,0.9847992333829433,0.015200766617056745,0.9847992333829433
15090,1,1,1,0.0026926852082423958,0.9973073147917576,0.9973073147917576
1526,0,0,1,0.5077650328349677,0.4922349671650323,0.5077650328349677
2619,0,0,1,0.9811214748669149,0.018878525133085116,0.9811214748669149
14384,1,0,0,0.7809523958976735,0.21904760410232652,0.7809523958976735
12903,1,1,1,0.0043236886813817765,0.9956763113186182,0.9956763113186182
18746,1,1,1,0.00018284608395080504,0.9998171539160492,0.9998171539160492
8379,0,0,1,0.9996623452862896,0.0003376547137103367,0.9996623452862896
5950,0,0,1,0.9975920093891881,0.0024079906108118786,0.9975920093891881
6588,0,0,1,0.9886583783227385,0.011341621677261493,0.9886583783227385
17377,1,1,1,0.0049336464510483236,0.9950663535489517,0.9950663535489517
15514,1,1,1,6.0012682222665426e-05,0.9999399873177773,0.9999399873177773
18231,1,1,1,0.006275074502707589,0.9937249254972924,0.9937249254972924
4877,0,0,1,0.9975832307309633,0.002416769269036701,0.9975832307309633
1914,0,0,1,0.9797090091487966,0.02029099085120342,0.9797090091487966
11980,1,1,1,0.007021515760063379,0.9929784842399366,0.9929784842399366
18184,1,1,1,0.009185718329450254,0.9908142816705497,0.9908142816705497
7478,0,0,1,0.9732913348487625,0.026708665151237508,0.9732913348487625
9941,0,0,1,0.9993768859186487,0.0006231140813513179,0.9993768859186487
17632,1,1,1,0.3203794062324491,0.6796205937675509,0.6796205937675509
2924,0,0,1,0.9841613220233058,0.01583867797669428,0.9841613220233058
13618,1,1,1,0.1249987666844593,0.8750012333155407,0.8750012333155407
17485,1,1,1,0.06058364861548782,0.9394163513845122,0.9394163513845122
10587,1,1,1,0.0011732735920298998,0.9988267264079701,0.9988267264079701
9051,0,0,1,0.9997758927553347,0.00022410724466530592,0.9997758927553347
3228,0,0,1,0.9932313155918895,0.006768684408110507,0.9932313155918895
7171,0,0,1,0.9935219762587375,0.006478023741262453,0.9935219762587375
6005,0,0,1,0.9914699954560363,0.00853000454396365,0.9914699954560363
3100,0,0,1,0.9933799118514193,0.006620088148580688,0.9933799118514193
190,0,0,1,0.8924630255717012,0.10753697442829876,0.8924630255717012
5579,0,0,1,0.9851680778507041,0.014831922149295827,0.9851680778507041
13935,1,1,1,0.0002108845439986462,0.9997891154560014,0.9997891154560014
19744,1,1,1,0.0014091062948298205,0.9985908937051702,0.9985908937051702
19035,1,1,1,9.229342946914798e-05,0.9999077065705309,0.9999077065705309
12256,1,1,1,0.0028408137678141987,0.9971591862321858,0.9971591862321858
12704,1,1,1,0.00020367339371540893,0.9997963266062846,0.9997963266062846
9274,0,0,1,0.9990081757202505,0.0009918242797495088,0.9990081757202505
3463,0,0,1,0.8961679488703604,0.10383205112963959,0.8961679488703604
11308,1,1,1,0.0014417151772090353,0.998558284822791,0.998558284822791
8959,0,0,1,0.9999008231493042,9.917685069586729e-05,0.9999008231493042
15722,1,1,1,0.00021174068550677827,0.9997882593144932,0.9997882593144932
15861,1,1,1,0.00010102910140508126,0.9998989708985949,0.9998989708985949
15065,1,1,1,0.014293498952907102,0.9857065010470929,0.9857065010470929
13802,1,1,1,0.009586512678291803,0.9904134873217082,0.9904134873217082
12138,1,1,1,0.0009833615226205739,0.9990166384773794,0.9990166384773794
13644,1,1,1,0.0004234559068120314,0.999576544093188,0.999576544093188
13154,1,1,1,0.00018095699217290928,0.9998190430078271,0.9998190430078271
5934,0,0,1,0.9970092566586936,0.002990743341306486,0.9970092566586936
10176,1,1,1,0.0020453214234436023,0.9979546785765564,0.9979546785765564
16657,1,1,1,0.011532593759727372,0.9884674062402726,0.9884674062402726
14670,1,1,1,0.02845995239358312,0.9715400476064169,0.9715400476064169
2628,0,0,1,0.9738310417491732,0.026168958250826796,0.9738310417491732
12775,1,1,1,0.0058713536236546515,0.9941286463763453,0.9941286463763453
11723,1,1,1,4.7866762876713764e-05,0.9999521332371233,0.9999521332371233
10582,1,1,1,0.0008037931386658537,0.9991962068613341,0.9991962068613341
18164,1,1,1,0.01090276662699785,0.9890972333730021,0.9890972333730021
6612,0,0,1,0.9912431507878623,0.00875684921213768,0.9912431507878623
7234,0,0,1,0.9931294805127758,0.0068705194872241155,0.9931294805127758
2194,0,0,1,0.9904343282175333,0.00956567178246672,0.9904343282175333
11854,1,1,1,4.72875090907765e-05,0.9999527124909092,0.9999527124909092
17334,1,1,1,0.0008137131762029348,0.9991862868237971,0.9991862868237971
1344,0,0,1,0.9871879719398485,0.012812028060151474,0.9871879719398485
6341,0,0,1,0.9923757136544679,0.007624286345532128,0.9923757136544679
660,0,0,1,0.9831215818257072,0.016878418174292798,0.9831215818257072
7374,0,0,1,0.9868885159062784,0.013111484093721615,0.9868885159062784
3071,0,0,1,0.9901827592976009,0.009817240702399088,0.9901827592976009
704,0,0,1,0.984964402650993,0.015035597349006958,0.984964402650993
6131,0,0,1,0.9861204984612972,0.013879501538702713,0.9861204984612972
9225,0,0,1,0.9998311471125891,0.0001688528874109155,0.9998311471125891
11943,1,1,1,4.7687832283593856e-05,0.9999523121677164,0.9999523121677164
2495,0,0,1,0.6502761619590665,0.34972383804093354,0.6502761619590665
19216,1,1,1,4.188061382726094e-05,0.9999581193861727,0.9999581193861727
6094,0,0,1,0.9915326326654997,0.008467367334500271,0.9915326326654997
10676,1,1,1,0.007446831325220726,0.9925531686747793,0.9925531686747793
15715,1,1,1,0.00015983261349838962,0.9998401673865016,0.9998401673865016
12137,1,1,1,0.002378484155352023,0.997621515844648,0.997621515844648
3208,0,0,1,0.9653234720209083,0.03467652797909168,0.9653234720209083
56,0,0,1,0.94860167779125,0.051398322208749986,0.94860167779125
6920,0,0,1,0.8713505512395763,0.12864944876042378,0.8713505512395763
9991,1,1,1,0.0008042043455014358,0.9991957956544986,0.9991957956544986
5549,0,0,1,0.9889737912158401,0.011026208784159901,0.9889737912158401
11714,1,1,1,5.8033559002024226e-05,0.999941966440998,0.999941966440998
17441,1,1,1,0.011065726420011246,0.9889342735799888,0.9889342735799888
12156,1,1,1,0.0022673875587153614,0.9977326124412846,0.9977326124412846
919,0,0,1,0.9957637508035764,0.004236249196423638,0.9957637508035764
1051,0,0,1,0.9756298484190719,0.024370151580928104,0.9756298484190719
4815,0,0,1,0.9663922760711411,0.033607723928858864,0.9663922760711411
2887,0,0,1,0.9754481842719771,0.02455181572802287,0.9754481842719771
4123,0,0,1,0.977781402186189,0.022218597813810952,0.977781402186189
7990,0,0,1,0.9996441365583038,0.00035586344169622695,0.9996441365583038
13148,1,1,1,0.0008670112703894617,0.9991329887296105,0.9991329887296105
18470,1,1,1,0.010372663354786704,0.9896273366452133,0.9896273366452133
3488,0,0,1,0.9959109173887739,0.004089082611226102,0.9959109173887739
7972,0,0,1,0.9975285664896968,0.002471433510303205,0.9975285664896968
131,0,0,1,0.9826026905653096,0.017397309434690453,0.9826026905653096
13428,1,1,1,0.0006914661811449063,0.9993085338188551,0.9993085338188551
13772,1,1,1,0.0005821037788122929,0.9994178962211877,0.9994178962211877
1641,0,0,1,0.9734878410054552,0.026512158994544843,0.9734878410054552
3481,0,0,1,0.925954175939392,0.07404582406060796,0.925954175939392
9667,0,0,1,0.9998429137110585,0.00015708628894150608,0.9998429137110585
19246,1,1,1,0.00017138511978809223,0.9998286148802119,0.9998286148802119
127,0,0,1,0.9861428129095171,0.013857187090482876,0.9861428129095171
15302,1,1,1,0.003422727156364047,0.996577272843636,0.996577272843636
4560,0,0,1,0.9858153159221819,0.014184684077818163,0.9858153159221819
18084,1,1,1,0.04093255217059677,0.9590674478294032,0.9590674478294032
15072,1,0,0,0.8420909305804852,0.1579090694195148,0.8420909305804852
15646,1,1,1,0.025825512566610698,0.9741744874333893,0.9741744874333893
5974,0,0,1,0.8426431185131495,0.15735688148685045,0.8426431185131495
18905,1,1,1,0.0017894259466741946,0.9982105740533258,0.9982105740533258
18976,1,1,1,0.007172780717248695,0.9928272192827513,0.9928272192827513
489,0,0,1,0.9621180248590837,0.037881975140916235,0.9621180248590837
13463,1,1,1,0.0007483393966609686,0.999251660603339,0.999251660603339
4484,0,0,1,0.8513770326868648,0.14862296731313515,0.8513770326868648
17900,1,1,1,0.10611856393611407,0.8938814360638859,0.8938814360638859
5994,0,0,1,0.96802756630616,0.03197243369383992,0.96802756630616
15371,1,1,1,0.01671914560407317,0.9832808543959268,0.9832808543959268
17259,1,1,1,0.010064019811607539,0.9899359801883925,0.9899359801883925
14496,1,1,1,0.030758331024722696,0.9692416689752773,0.9692416689752773
1687,0,0,1,0.993153917068139,0.00684608293186096,0.993153917068139
12178,1,1,1,0.0003666054742407221,0.9996333945257593,0.9996333945257593
5283,0,0,1,0.9802829856770099,0.019717014322990167,0.9802829856770099
14745,1,1,1,0.009210173496929208,0.9907898265030708,0.9907898265030708
4399,0,0,1,0.9527720043337123,0.04722799566628763,0.9527720043337123
7067,0,0,1,0.9778593598244227,0.022140640175577247,0.9778593598244227
15163,1,1,1,0.020616477343868178,0.9793835226561318,0.9793835226561318
6997,0,0,1,0.982192731308176,0.017807268691824023,0.982192731308176
13212,1,1,1,0.0007946482621731255,0.9992053517378269,0.9992053517378269
1683,0,0,1,0.9870409837913396,0.012959016208660384,0.9870409837913396
10338,1,1,1,0.0006275547419504202,0.9993724452580496,0.9993724452580496
8543,0,0,1,0.9997217781914858,0.0002782218085142539,0.9997217781914858
1325,0,0,1,0.992739210695679,0.007260789304320903,0.992739210695679
11215,1,1,1,0.00010812987462227586,0.9998918701253777,0.9998918701253777
10216,1,1,1,0.00031277828017051146,0.9996872217198295,0.9996872217198295
6531,0,0,1,0.9937848983584087,0.00621510164159132,0.9937848983584087
4912,0,0,1,0.9838943252430372,0.016105674756962784,0.9838943252430372
3108,0,0,1,0.900180627425285,0.09981937257471493,0.900180627425285
3236,0,0,1,0.9920725438039473,0.007927456196052715,0.9920725438039473
14877,1,1,1,0.0003770397881193155,0.9996229602118807,0.9996229602118807
15436,1,1,1,0.0232197108135358,0.9767802891864642,0.9767802891864642
7879,0,0,1,0.9917399806724855,0.008260019327514549,0.9917399806724855
15540,1,1,1,0.00011546495287573233,0.9998845350471243,0.9998845350471243
15083,1,0,0,0.6368572075042003,0.3631427924957998,0.6368572075042003
6009,0,0,1,0.9885280103139591,0.011471989686040912,0.9885280103139591
7409,0,0,1,0.997627479643779,0.0023725203562210057,0.997627479643779
9475,0,0,1,0.9994209212962756,0.0005790787037244134,0.9994209212962756
4116,0,0,1,0.9801282067974981,0.019871793202501906,0.9801282067974981
18358,1,1,1,0.02470412755927065,0.9752958724407294,0.9752958724407294
8151,0,0,1,0.9996408633168665,0.00035913668313342843,0.9996408633168665
1971,0,0,1,0.9903428403023918,0.009657159697608135,0.9903428403023918
14683,1,1,1,0.00013821644999001403,0.99986178355001,0.99986178355001
12884,1,1,1,0.0004184576591537148,0.9995815423408463,0.9995815423408463
15287,1,1,1,0.05530879772771091,0.9446912022722891,0.9446912022722891
10810,1,1,1,0.0031606535211670117,0.996839346478833,0.996839346478833
15176,1,1,1,0.02095095251583301,0.979049047484167,0.979049047484167
263,0,0,1,0.9339187356792162,0.06608126432078378,0.9339187356792162
9934,0,0,1,0.9993949165918357,0.0006050834081643222,0.9993949165918357
4029,0,0,1,0.9926175667058079,0.007382433294192054,0.9926175667058079
11841,1,1,1,4.506953923344437e-05,0.9999549304607666,0.9999549304607666
12932,1,1,1,0.00027991293574980425,0.9997200870642502,0.9997200870642502
1608,0,0,1,0.9706497372181077,0.0293502627818923,0.9706497372181077
5988,0,0,1,0.9949749308253872,0.005025069174612736,0.9949749308253872
7868,0,0,1,0.9859995002588918,0.014000499741108202,0.9859995002588918
581,0,0,1,0.9647755467670597,0.03522445323294036,0.9647755467670597
11089,1,1,1,0.0026938785042085467,0.9973061214957915,0.9973061214957915
6152,0,0,1,0.8534167447764371,0.14658325522356283,0.8534167447764371
1441,0,0,1,0.9741702114369482,0.025829788563051875,0.9741702114369482
19224,1,1,1,0.0008042947944409962,0.999195705205559,0.999195705205559
16618,1,1,1,0.013218295812695069,0.9867817041873049,0.9867817041873049
9555,0,0,1,0.9991847253348495,0.0008152746651505746,0.9991847253348495
16846,1,1,1,0.000672458427103062,0.9993275415728969,0.9993275415728969
6911,0,0,1,0.9960368067914926,0.003963193208507394,0.9960368067914926
18000,1,1,1,0.030934126980427634,0.9690658730195724,0.9690658730195724
5284,0,0,1,0.9882709438587604,0.011729056141239686,0.9882709438587604
12219,1,1,1,0.00021324506607522942,0.9997867549339248,0.9997867549339248
14412,1,1,1,0.0002800796993044363,0.9997199203006956,0.9997199203006956
6343,0,0,1,0.9932221215883814,0.006777878411618566,0.9932221215883814
11592,1,1,1,4.738671593762511e-05,0.9999526132840624,0.9999526132840624
3374,0,0,1,0.9050635989536845,0.09493640104631551,0.9050635989536845
10167,1,1,1,0.001308456646631484,0.9986915433533685,0.9986915433533685
10053,1,1,1,0.00028912831625216295,0.9997108716837478,0.9997108716837478
3983,0,0,1,0.75686035765307,0.24313964234692995,0.75686035765307
13101,1,1,1,0.0009605896474644826,0.9990394103525355,0.9990394103525355
14928,1,1,1,0.00019727069048547374,0.9998027293095145,0.9998027293095145
15101,1,1,1,0.04691800916120048,0.9530819908387995,0.9530819908387995
3445,0,0,1,0.9629922817799642,0.03700771822003578,0.9629922817799642
13251,1,1,1,0.0009654673814585291,0.9990345326185415,0.9990345326185415
6684,0,0,1,0.9910754922063705,0.008924507793629528,0.9910754922063705
15238,1,1,1,0.0002984016219689245,0.9997015983780311,0.9997015983780311
11302,1,1,1,0.0001904137467909628,0.999809586253209,0.999809586253209
3975,0,0,1,0.9742238477803226,0.025776152219677426,0.9742238477803226
7474,0,0,1,0.9802926014313844,0.01970739856861556,0.9802926014313844
4889,0,0,1,0.9835793570527752,0.016420642947224767,0.9835793570527752
14621,1,1,1,0.013632706177209464,0.9863672938227905,0.9863672938227905
6096,0,0,1,0.9846500349028786,0.01534996509712138,0.9846500349028786
4409,0,0,1,0.8288747297099124,0.17112527029008767,0.8288747297099124
16670,1,0,0,0.988496821068733,0.011503178931266969,0.988496821068733
214,0,0,1,0.9785838814224803,0.021416118577519686,0.9785838814224803
16648,1,0,0,0.9571445588386495,0.04285544116135057,0.9571445588386495
9967,0,0,1,0.9993796812339703,0.0006203187660297886,0.9993796812339703
4385,0,0,1,0.983072954644237,0.016927045355762994,0.983072954644237
8461,0,0,1,0.9997030655470028,0.0002969344529972137,0.9997030655470028
824,0,0,1,0.9930443595047866,0.006955640495213321,0.9930443595047866
17135,1,1,1,0.05037164986105391,0.9496283501389461,0.9496283501389461
9424,0,0,1,0.9998525927181938,0.00014740728180612746,0.9998525927181938
3988,0,0,1,0.9756727410206336,0.024327258979366436,0.9756727410206336
18474,1,1,1,0.003873416077844305,0.9961265839221557,0.9961265839221557
11330,1,1,1,8.446391475092074e-05,0.9999155360852491,0.9999155360852491
6859,0,0,1,0.8801058512376987,0.11989414876230135,0.8801058512376987
1866,0,0,1,0.9939442764732509,0.006055723526749115,0.9939442764732509
13518,1,1,1,0.0009366302667060955,0.9990633697332939,0.9990633697332939
3846,0,0,1,0.995389687665232,0.004610312334768099,0.995389687665232
18160,1,1,1,0.03192311723911512,0.9680768827608849,0.9680768827608849
15800,1,1,1,9.975094568503984e-05,0.999900249054315,0.999900249054315
17836,1,1,1,0.003142543727284841,0.9968574562727152,0.9968574562727152
17430,1,1,1,0.0023293929462111507,0.9976706070537888,0.9976706070537888
13925,1,1,1,0.0006477331487014792,0.9993522668512985,0.9993522668512985
7688,0,0,1,0.9997325949854468,0.0002674050145531961,0.9997325949854468
5964,0,0,1,0.9862363117118953,0.01376368828810471,0.9862363117118953
15144,1,0,0,0.5497930012585598,0.4502069987414402,0.5497930012585598
18337,1,1,1,0.020216699660891013,0.979783300339109,0.979783300339109
8581,0,0,1,0.9994147227729089,0.0005852772270911469,0.9994147227729089
11793,1,1,1,0.005335097417305201,0.9946649025826948,0.9946649025826948
346,0,0,1,0.9115591200881522,0.08844087991184779,0.9115591200881522
7652,0,0,1,0.9989992380622135,0.0010007619377865196,0.9989992380622135
12292,1,1,1,0.00033068004856884325,0.9996693199514312,0.9996693199514312
5201,0,0,1,0.9625443183773833,0.03745568162261666,0.9625443183773833
7344,0,0,1,0.9731635136147807,0.026836486385219294,0.9731635136147807
14196,1,1,1,0.00030050637073097963,0.999699493629269,0.999699493629269
13283,1,1,1,0.0005145466262546083,0.9994854533737454,0.9994854533737454
244,0,0,1,0.9862469876978242,0.013753012302175816,0.9862469876978242
7735,0,0,1,0.9994417286068694,0.000558271393130581,0.9994417286068694
3126,0,0,1,0.9928453206139644,0.007154679386035692,0.9928453206139644
17894,1,1,1,0.03619410280198776,0.9638058971980122,0.9638058971980122
14545,1,1,1,0.010670058761539702,0.9893299412384603,0.9893299412384603
14445,1,1,1,8.480763375218192e-05,0.9999151923662478,0.9999151923662478
7942,0,0,1,0.9818505643751897,0.01814943562481033,0.9818505643751897
1991,0,1,0,0.21694136226444816,0.7830586377355518,0.7830586377355518
11331,1,1,1,8.791292888166158e-05,0.9999120870711183,0.9999120870711183
9841,0,0,1,0.9999176264783438,8.237352165615659e-05,0.9999176264783438
8795,0,0,1,0.9994681417871991,0.0005318582128009316,0.9994681417871991
3961,0,0,1,0.9666652672403415,0.033334732759658536,0.9666652672403415
16997,1,1,1,0.290414291730434,0.709585708269566,0.709585708269566
17112,1,1,1,0.011091633313063731,0.9889083666869363,0.9889083666869363
3906,0,0,1,0.9942564613352306,0.005743538664769363,0.9942564613352306
15632,1,1,1,0.00036306452543943823,0.9996369354745606,0.9996369354745606
8341,0,0,1,0.9992590497770074,0.0007409502229925531,0.9992590497770074
11970,1,1,1,0.0006635228965186091,0.9993364771034814,0.9993364771034814
16545,1,1,1,0.036026713016572676,0.9639732869834273,0.9639732869834273
6644,0,0,1,0.99552173681845,0.004478263181550017,0.99552173681845
11344,1,1,1,0.00018080443200352292,0.9998191955679965,0.9998191955679965
7974,0,0,1,0.9997203946118058,0.0002796053881942013,0.9997203946118058
6194,0,0,1,0.983247274056243,0.016752725943756933,0.983247274056243
11788,1,1,1,6.010984647442097e-05,0.9999398901535256,0.9999398901535256
3799,0,0,1,0.9933345580396351,0.0066654419603648955,0.9933345580396351
5872,0,0,1,0.887525649350146,0.11247435064985406,0.887525649350146
3820,0,0,1,0.9869719695225255,0.013028030477474438,0.9869719695225255
18529,1,1,1,0.12608215023782499,0.873917849762175,0.873917849762175
5871,0,0,1,0.9881486817866453,0.011851318213354715,0.9881486817866453
18825,1,1,1,0.00015915660772591878,0.9998408433922741,0.9998408433922741
7064,0,0,1,0.9600906508506344,0.03990934914936559,0.9600906508506344
5234,0,0,1,0.9558691236025871,0.044130876397412845,0.9558691236025871
8478,0,0,1,0.9996463682269153,0.00035363177308466435,0.9996463682269153
17383,1,1,1,0.03339855536180547,0.9666014446381945,0.9666014446381945
12060,1,1,1,0.0007885824552137377,0.9992114175447863,0.9992114175447863
9065,0,0,1,0.9996443741410765,0.00035562585892344104,0.9996443741410765
5487,0,0,1,0.9695337937175302,0.030466206282469814,0.9695337937175302
8233,0,0,1,0.9999046159179809,9.538408201909122e-05,0.9999046159179809
1063,0,0,1,0.9835198767048852,0.01648012329511484,0.9835198767048852
17735,1,1,1,0.11410544916962695,0.885894550830373,0.885894550830373
15920,1,1,1,0.00010364887695701874,0.999896351123043,0.999896351123043
12513,1,1,1,0.00019362638936237797,0.9998063736106376,0.9998063736106376
4048,0,0,1,0.9897413021846377,0.010258697815362256,0.9897413021846377
14807,1,1,1,9.38034759990769e-05,0.9999061965240009,0.9999061965240009
12467,1,1,1,0.0002357441970434193,0.9997642558029566,0.9997642558029566
6207,0,0,1,0.9926864105984288,0.00731358940157122,0.9926864105984288
5723,0,0,1,0.891471938315226,0.10852806168477407,0.891471938315226
4031,0,0,1,0.9861061127897292,0.013893887210270817,0.9861061127897292
14031,1,1,1,6.248428574118225e-05,0.9999375157142588,0.9999375157142588
8166,0,0,1,0.5612224457729178,0.43877755422708214,0.5612224457729178
17322,1,0,0,0.5562105296590909,0.4437894703409091,0.5562105296590909
10531,1,1,1,0.0018739717801370404,0.998126028219863,0.998126028219863
18652,1,1,1,0.002483304078125803,0.9975166959218742,0.9975166959218742
407,0,1,0,0.3451032873090667,0.6548967126909333,0.6548967126909333
18632,1,1,1,0.0984316279351547,0.9015683720648453,0.9015683720648453
951,0,0,1,0.9701018600811905,0.02989813991880954,0.9701018600811905
11605,1,1,1,0.00018474947473079428,0.9998152505252692,0.9998152505252692
12862,1,1,1,0.00021065952593402049,0.999789340474066,0.999789340474066
4861,0,0,1,0.9893714869565531,0.010628513043446943,0.9893714869565531
5027,0,0,1,0.9968899921765224,0.003110007823477617,0.9968899921765224
4788,0,0,1,0.991966772312572,0.00803322768742796,0.991966772312572
17704,1,1,1,0.006848405159434856,0.9931515948405651,0.9931515948405651
19565,1,1,1,0.0004732451876363619,0.9995267548123636,0.9995267548123636
10631,1,1,1,0.0013251211428726428,0.9986748788571274,0.9986748788571274
2063,0,0,1,0.9784529832145644,0.021547016785435625,0.9784529832145644
13051,1,1,1,0.0019568937312733903,0.9980431062687266,0.9980431062687266
13889,1,1,1,0.00028389981534071573,0.9997161001846593,0.9997161001846593
14428,1,1,1,5.846002722809107e-05,0.9999415399727719,0.9999415399727719
8742,0,0,1,0.9996367620433001,0.00036323795669991897,0.9996367620433001
18635,1,1,1,0.0001697165870483408,0.9998302834129517,0.9998302834129517
1291,0,0,1,0.9373104052608756,0.0626895947391244,0.9373104052608756
17612,1,1,1,0.07481685104833358,0.9251831489516664,0.9251831489516664
4623,0,0,1,0.9760033846302939,0.02399661536970614,0.9760033846302939
12347,1,1,1,0.02936921510612056,0.9706307848938794,0.9706307848938794
5000,0,0,1,0.9940514438513324,0.005948556148667612,0.9940514438513324
3417,0,0,1,0.9879813381069534,0.012018661893046583,0.9879813381069534
17547,1,1,1,0.0030053847022851743,0.9969946152977148,0.9969946152977148
11654,1,1,1,0.00012312784474277638,0.9998768721552572,0.9998768721552572
8083,0,0,1,0.9996770528679886,0.0003229471320114022,0.9996770528679886
13224,1,1,1,0.023313499755043043,0.976686500244957,0.976686500244957
8308,0,0,1,0.9978438919424127,0.0021561080575872547,0.9978438919424127
14846,1,1,1,0.014201706232625622,0.9857982937673744,0.9857982937673744
16877,1,1,1,0.03246702534348467,0.9675329746565153,0.9675329746565153
10514,1,1,1,0.0014431220798973854,0.9985568779201026,0.9985568779201026
15466,1,1,1,9.826309867355665e-05,0.9999017369013264,0.9999017369013264
18292,1,1,1,0.08267537502826006,0.9173246249717399,0.9173246249717399
6212,0,0,1,0.9966242516485895,0.0033757483514105595,0.9966242516485895
17031,1,1,1,0.10465861662316955,0.8953413833768304,0.8953413833768304
3401,0,0,1,0.991170992082469,0.008829007917531047,0.991170992082469
2577,0,0,1,0.9916713694669606,0.008328630533039467,0.9916713694669606
7571,0,0,1,0.9982519880171922,0.0017480119828078686,0.9982519880171922
17908,1,1,1,0.03434849457860367,0.9656515054213963,0.9656515054213963
5280,0,0,1,0.9930099698327858,0.006990030167214176,0.9930099698327858
18122,1,1,1,0.008664375273650493,0.9913356247263495,0.9913356247263495
17648,1,1,1,0.004663564456124147,0.9953364355438759,0.9953364355438759
5843,0,0,1,0.9677713950375405,0.03222860496245946,0.9677713950375405
6028,0,0,1,0.9641697263733883,0.03583027362661171,0.9641697263733883
7351,0,0,1,0.9750903856176487,0.024909614382351255,0.9750903856176487
1885,0,0,1,0.9676746302722967,0.03232536972770331,0.9676746302722967
1986,0,0,1,0.9840588923594369,0.015941107640563078,0.9840588923594369
3249,0,0,1,0.9617497272898113,0.03825027271018862,0.9617497272898113
18220,1,1,1,0.009991162093785588,0.9900088379062144,0.9900088379062144
3994,0,0,1,0.7455014982495602,0.25449850175043975,0.7455014982495602
5217,0,0,1,0.9869058241634537,0.013094175836546231,0.9869058241634537
15931,1,1,1,6.925012945790954e-05,0.9999307498705421,0.9999307498705421
18972,1,1,1,0.0042452336721015005,0.9957547663278985,0.9957547663278985
13352,1,1,1,0.0002963322611098107,0.9997036677388902,0.9997036677388902
9430,0,0,1,0.9996819900780674,0.00031800992193268163,0.9996819900780674
7444,0,0,1,0.9772208285586965,0.022779171441303463,0.9772208285586965
10414,1,1,1,0.00048241171806351346,0.9995175882819365,0.9995175882819365
861,0,0,1,0.9917070715267274,0.008292928473272539,0.9917070715267274
9740,0,0,1,0.999405623507532,0.000594376492468006,0.999405623507532
18605,1,1,1,0.0047293411189376355,0.9952706588810624,0.9952706588810624
2402,0,0,1,0.9834143911266751,0.016585608873324935,0.9834143911266751
18866,1,1,1,0.00022574311781475842,0.9997742568821852,0.9997742568821852
13435,1,1,1,0.0008911118100157767,0.9991088881899842,0.9991088881899842
18719,1,1,1,0.0003798606171200314,0.99962013938288,0.99962013938288
9116,0,0,1,0.8482328763918215,0.15176712360817846,0.8482328763918215
10349,1,1,1,0.0002796907190155684,0.9997203092809844,0.9997203092809844
13328,1,1,1,0.0006656584036317525,0.9993343415963682,0.9993343415963682
10004,1,1,1,0.00034318503989161364,0.9996568149601084,0.9996568149601084
2520,0,0,1,0.9802720756082612,0.019727924391738722,0.9802720756082612
2328,0,0,1,0.9851009745001421,0.014899025499857894,0.9851009745001421
2676,0,0,1,0.9553656173829604,0.04463438261703956,0.9553656173829604
18130,1,1,1,0.011015068321712396,0.9889849316782876,0.9889849316782876
13458,1,1,1,0.004365597978197022,0.995634402021803,0.995634402021803
13864,1,1,1,0.00018589852759054448,0.9998141014724095,0.9998141014724095
576,0,0,1,0.7347377205711383,0.2652622794288617,0.7347377205711383
4281,0,0,1,0.9835787837401004,0.016421216259899556,0.9835787837401004
8051,0,1,0,0.4952088423116371,0.5047911576883629,0.5047911576883629
4953,0,0,1,0.9910034505458796,0.008996549454120479,0.9910034505458796
6125,0,0,1,0.9892531082807048,0.010746891719295168,0.9892531082807048
4872,0,0,1,0.9704871528126884,0.029512847187311588,0.9704871528126884
14320,1,1,1,5.108355435401446e-05,0.999948916445646,0.999948916445646
1561,0,0,1,0.9871172512216543,0.012882748778345667,0.9871172512216543
8339,0,0,1,0.9990786901552781,0.0009213098447219099,0.9990786901552781
8993,0,0,1,0.9998566079919057,0.0001433920080943217,0.9998566079919057
6757,0,0,1,0.8779010610900035,0.12209893890999646,0.8779010610900035
18079,1,1,1,0.026322966412601012,0.973677033587399,0.973677033587399
807,0,0,1,0.9754361717871489,0.024563828212851104,0.9754361717871489
17226,1,1,1,0.1234838218951505,0.8765161781048495,0.8765161781048495
18226,1,1,1,0.00985548368798339,0.9901445163120166,0.9901445163120166
13531,1,1,1,0.00018664738474993836,0.9998133526152501,0.9998133526152501
18709,1,1,1,0.0009404682471396697,0.9990595317528603,0.9990595317528603
8477,0,0,1,0.9686129449026214,0.03138705509737864,0.9686129449026214
6077,0,0,1,0.9896222195107618,0.010377780489238153,0.9896222195107618
1876,0,0,1,0.9620088356377346,0.0379911643622654,0.9620088356377346
15563,1,1,1,0.00017370192781818172,0.9998262980721818,0.9998262980721818
13613,1,1,1,0.0041996681699313365,0.9958003318300687,0.9958003318300687
4922,0,0,1,0.9830285273473083,0.016971472652691732,0.9830285273473083
18660,1,1,1,0.0004674348323733257,0.9995325651676267,0.9995325651676267
7577,0,0,1,0.998810137095442,0.001189862904557984,0.998810137095442
6933,0,0,1,0.991828751463991,0.008171248536008981,0.991828751463991
17810,1,1,1,0.011686773094579328,0.9883132269054207,0.9883132269054207
8866,0,0,1,0.9997686627917048,0.00023133720829511566,0.9997686627917048
10716,1,1,1,0.00974806802389927,0.9902519319761007,0.9902519319761007
9833,0,0,1,0.9996235175929531,0.00037648240704694425,0.9996235175929531
12975,1,1,1,0.0026595348015078235,0.9973404651984922,0.9973404651984922
17008,1,1,1,0.009329242150378114,0.9906707578496219,0.9906707578496219
6254,0,0,1,0.991094357689559,0.008905642310440975,0.991094357689559
9900,0,0,1,0.9966363451688919,0.0033636548311081526,0.9966363451688919
4749,0,0,1,0.9834608999772334,0.0165391000227666,0.9834608999772334
9847,0,0,1,0.9953449897736795,0.004655010226320532,0.9953449897736795
14405,1,1,1,0.0005700424456470676,0.9994299575543529,0.9994299575543529
4658,0,0,1,0.990656776841547,0.009343223158453092,0.990656776841547
5005,0,1,0,0.32953531274324577,0.6704646872567542,0.6704646872567542
3421,0,0,1,0.7080976045650693,0.29190239543493074,0.7080976045650693
17133,1,0,0,0.7671609495268524,0.2328390504731476,0.7671609495268524
13877,1,1,1,0.004192360970850295,0.9958076390291497,0.9958076390291497
15400,1,1,1,0.010156858862921503,0.9898431411370785,0.9898431411370785
19018,1,1,1,0.00011138876597394098,0.9998886112340261,0.9998886112340261
5071,0,0,1,0.9870765309690525,0.012923469030947515,0.9870765309690525
960,0,0,1,0.988984784540263,0.011015215459737044,0.988984784540263
13858,1,1,1,0.004205402677070591,0.9957945973229294,0.9957945973229294
12894,1,1,1,0.0003475486556088203,0.9996524513443912,0.9996524513443912
11210,1,1,1,0.0001204997557542331,0.9998795002442458,0.9998795002442458
2369,0,0,1,0.9919548732836172,0.008045126716382788,0.9919548732836172
2567,0,0,1,0.995648313668387,0.0043516863316130265,0.995648313668387
8098,0,0,1,0.9994285610840782,0.0005714389159218567,0.9994285610840782
12424,1,1,1,0.00020083940238135867,0.9997991605976186,0.9997991605976186
8221,0,0,1,0.9997010437267998,0.0002989562732001754,0.9997010437267998
5304,0,0,1,0.8777044193437991,0.12229558065620096,0.8777044193437991
19160,1,1,1,0.0016642108710238634,0.9983357891289761,0.9983357891289761
9265,0,0,1,0.9991806064926119,0.0008193935073881462,0.9991806064926119
6766,0,0,1,0.973782526087948,0.026217473912052036,0.973782526087948
14881,1,1,1,0.00021864143043093254,0.9997813585695691,0.9997813585695691
5554,0,0,1,0.6408970384137409,0.35910296158625904,0.6408970384137409
9843,0,0,1,0.995461933389855,0.004538066610144978,0.995461933389855
2533,0,0,1,0.9914729343252116,0.008527065674788404,0.9914729343252116
4690,0,0,1,0.9835852981867417,0.016414701813258294,0.9835852981867417
4923,0,0,1,0.9507429735958326,0.04925702640416735,0.9507429735958326
15233,1,1,1,0.10873170845119651,0.8912682915488035,0.8912682915488035
14274,1,1,1,0.00016138396577281,0.9998386160342272,0.9998386160342272
5538,0,0,1,0.9745577279551264,0.025442272044873548,0.9745577279551264
14335,1,1,1,8.705824356858294e-05,0.9999129417564314,0.9999129417564314
3238,0,0,1,0.9932900433121197,0.006709956687880286,0.9932900433121197
17924,1,1,1,0.0009442916447781613,0.9990557083552218,0.9990557083552218
4630,0,0,1,0.9936307097819395,0.006369290218060515,0.9936307097819395
1679,0,0,1,0.8092698104034148,0.19073018959658516,0.8092698104034148
16799,1,1,1,0.05087320307831156,0.9491267969216884,0.9491267969216884
8660,0,0,1,0.9997076596061801,0.0002923403938198451,0.9997076596061801
5266,0,0,1,0.9552834206244587,0.044716579375541306,0.9552834206244587
3797,0,0,1,0.9923502199398795,0.007649780060120506,0.9923502199398795
8968,0,0,1,0.9976818636845132,0.0023181363154867792,0.9976818636845132
18270,1,1,1,0.003784267577781719,0.9962157324222183,0.9962157324222183
12971,1,1,1,0.0014111895062134394,0.9985888104937866,0.9985888104937866
2431,0,0,1,0.9479179913642922,0.05208200863570779,0.9479179913642922
4757,0,0,1,0.9364274957296932,0.06357250427030675,0.9364274957296932
8042,0,0,1,0.9972920664288892,0.002707933571110753,0.9972920664288892
4050,0,0,1,0.9880534993794959,0.011946500620504036,0.9880534993794959
6795,0,0,1,0.9868024946806603,0.01319750531933973,0.9868024946806603
7258,0,0,1,0.9703623030703679,0.029637696929632137,0.9703623030703679
19155,1,1,1,0.0004178105342190763,0.9995821894657809,0.9995821894657809
18766,1,1,1,6.051760531278205e-05,0.9999394823946872,0.9999394823946872
7849,0,0,1,0.9998713391072517,0.0001286608927483753,0.9998713391072517
339,0,0,1,0.9940307665628525,0.005969233437147472,0.9940307665628525
13462,1,1,1,0.001033223445169762,0.9989667765548302,0.9989667765548302
9376,0,0,1,0.9996091274639876,0.0003908725360124355,0.9996091274639876
5597,0,0,1,0.9905603724610013,0.009439627538998794,0.9905603724610013
10070,1,1,1,0.0015662373934062224,0.9984337626065938,0.9984337626065938
13279,1,1,1,0.001411125352585918,0.9985888746474141,0.9985888746474141
9414,0,0,1,0.9996430883877003,0.00035691161229963337,0.9996430883877003
16915,1,1,1,0.017811575522707845,0.9821884244772922,0.9821884244772922
957,0,0,1,0.9955556027681793,0.0044443972318206635,0.9955556027681793
3582,0,0,1,0.9677233549223511,0.03227664507764893,0.9677233549223511
19559,1,1,1,0.0006113648941546979,0.9993886351058453,0.9993886351058453
13585,1,1,1,0.0021616890862704574,0.9978383109137295,0.9978383109137295
18949,1,1,1,0.0009747421093024844,0.9990252578906975,0.9990252578906975
17142,1,0,0,0.9037178307517739,0.09628216924822613,0.9037178307517739
15685,1,1,1,5.7794733654303876e-05,0.9999422052663457,0.9999422052663457
4414,0,0,1,0.9920858887631656,0.007914111236834394,0.9920858887631656
5889,0,0,1,0.8508756727521821,0.14912432724781785,0.8508756727521821
16573,1,0,0,0.6849448273000265,0.31505517269997346,0.6849448273000265
4317,0,0,1,0.9954284003758795,0.004571599624120455,0.9954284003758795
1022,0,0,1,0.9860073601924864,0.0139926398075136,0.9860073601924864
11746,1,1,1,5.293537827100181e-05,0.999947064621729,0.999947064621729
19156,1,1,1,0.00013590462769941247,0.9998640953723006,0.9998640953723006
16825,1,1,1,0.13977535500149363,0.8602246449985064,0.8602246449985064
9147,0,0,1,0.9998851360458696,0.00011486395413035303,0.9998851360458696
636,0,0,1,0.9757876860581964,0.024212313941803527,0.9757876860581964
18094,1,1,1,0.11121603301469407,0.8887839669853059,0.8887839669853059
6605,0,0,1,0.9907062206870849,0.009293779312915086,0.9907062206870849
10496,1,1,1,0.0007416391783683363,0.9992583608216317,0.9992583608216317
5503,0,1,0,0.10623308055836511,0.8937669194416349,0.8937669194416349
19518,1,1,1,5.156625001645487e-05,0.9999484337499835,0.9999484337499835
13185,1,1,1,0.000790311127638943,0.9992096888723611,0.9992096888723611
13015,1,1,1,0.00032887139387605124,0.999671128606124,0.999671128606124
2366,0,0,1,0.9155595449978432,0.08444045500215684,0.9155595449978432
7684,0,0,1,0.999469699857624,0.0005303001423759792,0.999469699857624
11805,1,1,1,4.698332989083731e-05,0.9999530166701092,0.9999530166701092
18443,1,1,1,0.3160090531041302,0.6839909468958698,0.6839909468958698
3672,0,0,1,0.992780413914756,0.007219586085244033,0.992780413914756
11094,1,1,1,0.001509846935237813,0.9984901530647622,0.9984901530647622
5892,0,0,1,0.9204943725666357,0.07950562743336434,0.9204943725666357
13282,1,1,1,0.001713832296492579,0.9982861677035074,0.9982861677035074
12628,1,1,1,0.00016531669976471708,0.9998346833002353,0.9998346833002353
3880,0,0,1,0.9878027441329537,0.012197255867046317,0.9878027441329537
6079,0,0,1,0.9456081860233951,0.054391813976604864,0.9456081860233951
14773,1,1,1,0.0004071362980477833,0.9995928637019522,0.9995928637019522
11149,1,1,1,0.0014379777869970578,0.9985620222130029,0.9985620222130029
17693,1,1,1,0.015965217483088434,0.9840347825169116,0.9840347825169116
16097,1,0,0,0.8270325868409325,0.17296741315906744,0.8270325868409325
5854,0,0,1,0.9955905937777625,0.0044094062222375385,0.9955905937777625
9083,0,0,1,0.9974688255278059,0.00253117447219414,0.9974688255278059
10476,1,1,1,0.0008715201723442645,0.9991284798276557,0.9991284798276557
18583,1,1,1,0.04477471622434248,0.9552252837756575,0.9552252837756575
9790,0,0,1,0.99973203520115,0.00026796479885001564,0.99973203520115
19029,1,1,1,0.005616754979721805,0.9943832450202782,0.9943832450202782
11432,1,1,1,0.0003684052529655535,0.9996315947470344,0.9996315947470344
9556,0,0,1,0.9995730302941247,0.0004269697058753144,0.9995730302941247
1249,0,0,1,0.9980866648627952,0.001913335137204796,0.9980866648627952
9445,0,0,1,0.9905138792550352,0.009486120744964804,0.9905138792550352
14053,1,1,1,0.005041828551264671,0.9949581714487353,0.9949581714487353
8868,0,0,1,0.9987553449014681,0.0012446550985318718,0.9987553449014681
2033,0,0,1,0.9740753765882801,0.025924623411719857,0.9740753765882801
17986,1,1,1,0.12346727707537719,0.8765327229246228,0.8765327229246228
19517,1,1,1,0.0041733518424826865,0.9958266481575173,0.9958266481575173
10947,1,1,1,0.003258937281177654,0.9967410627188223,0.9967410627188223
8802,0,0,1,0.9998811017869641,0.00011889821303589441,0.9998811017869641
7801,0,0,1,0.9996922499409937,0.00030775005900625786,0.9996922499409937
18247,1,1,1,0.0026284714504773987,0.9973715285495226,0.9973715285495226
5571,0,0,1,0.9613596177601387,0.0386403822398613,0.9613596177601387
10046,1,1,1,0.0003357198356717106,0.9996642801643283,0.9996642801643283
6930,0,0,1,0.9954060513696281,0.004593948630371901,0.9954060513696281
19248,1,1,1,4.7346369892342643e-05,0.9999526536301077,0.9999526536301077
3292,0,0,1,0.9568983667159081,0.04310163328409187,0.9568983667159081
10939,1,1,1,0.003266190309336059,0.9967338096906639,0.9967338096906639
4428,0,0,1,0.9853058606786915,0.014694139321308454,0.9853058606786915
17162,1,1,1,0.0017365208704411828,0.9982634791295588,0.9982634791295588
15464,1,1,1,0.0002904394776875874,0.9997095605223124,0.9997095605223124
11280,1,1,1,0.00033254789533887497,0.9996674521046611,0.9996674521046611
11345,1,1,1,0.00012932051718805848,0.9998706794828119,0.9998706794828119
15625,1,1,1,0.00011196953586589675,0.9998880304641341,0.9998880304641341
19375,1,1,1,0.002064822680075351,0.9979351773199246,0.9979351773199246
14542,1,1,1,0.0001739260289456146,0.9998260739710544,0.9998260739710544
13656,1,1,1,0.0022104883616496096,0.9977895116383504,0.9977895116383504
13364,1,1,1,0.0015705978989858371,0.9984294021010142,0.9984294021010142
5223,0,0,1,0.9947587206929382,0.005241279307061718,0.9947587206929382
10669,1,1,1,0.0007748420394890765,0.9992251579605109,0.9992251579605109
8399,0,0,1,0.9967244628066253,0.0032755371933746937,0.9967244628066253
537,0,0,1,0.9604246323298825,0.03957536767011752,0.9604246323298825
286,0,0,1,0.9268350516029462,0.0731649483970538,0.9268350516029462
4935,0,0,1,0.989649789890631,0.010350210109369035,0.989649789890631
4847,0,0,1,0.9743850331682935,0.025614966831706498,0.9743850331682935
18642,1,1,1,0.00017309517199926017,0.9998269048280007,0.9998269048280007
15045,1,1,1,0.22644708335944586,0.7735529166405541,0.7735529166405541
10784,1,1,1,0.001683658217886519,0.9983163417821135,0.9983163417821135
5737,0,0,1,0.987040111792566,0.01295988820743397,0.987040111792566
13499,1,1,1,0.0009811040283936867,0.9990188959716063,0.9990188959716063
7694,0,0,1,0.9968983128475907,0.0031016871524092954,0.9968983128475907
7777,0,0,1,0.9995613043746308,0.0004386956253692743,0.9995613043746308
8946,0,0,1,0.9999085084475453,9.149155245469559e-05,0.9999085084475453
3263,0,0,1,0.9925073240566127,0.0074926759433872675,0.9925073240566127
2256,0,0,1,0.9971135063299323,0.0028864936700676103,0.9971135063299323
5944,0,0,1,0.7565977025482561,0.2434022974517439,0.7565977025482561
15067,1,1,1,0.01599544023497479,0.9840045597650252,0.9840045597650252
17884,1,1,1,0.03338100315603054,0.9666189968439695,0.9666189968439695
4736,0,0,1,0.9932309108818899,0.006769089118110111,0.9932309108818899
12379,1,1,1,0.0005755440981498605,0.9994244559018501,0.9994244559018501
5102,0,0,1,0.9835090558200412,0.016490944179958795,0.9835090558200412
4854,0,0,1,0.9879287597304157,0.01207124026958426,0.9879287597304157
14485,1,1,1,0.0007829820665672393,0.9992170179334328,0.9992170179334328
5928,0,0,1,0.9490131119958235,0.05098688800417655,0.9490131119958235
18604,1,1,1,0.020667685352250276,0.9793323146477497,0.9793323146477497
16254,1,1,1,0.1879341725360557,0.8120658274639443,0.8120658274639443
11179,1,1,1,0.00010845867156683564,0.9998915413284332,0.9998915413284332
17032,1,1,1,0.4594014177020245,0.5405985822979755,0.5405985822979755
11034,1,1,1,0.0020544062527065865,0.9979455937472934,0.9979455937472934
12438,1,1,1,0.00020367339371540893,0.9997963266062846,0.9997963266062846
16064,1,0,0,0.9754458747730803,0.024554125226919677,0.9754458747730803
3023,0,0,1,0.9904791600538224,0.009520839946177568,0.9904791600538224
892,0,0,1,0.9879408706512544,0.012059129348745696,0.9879408706512544
12878,1,1,1,0.00028445859317394184,0.9997155414068261,0.9997155414068261
2072,0,0,1,0.9513010773051148,0.04869892269488523,0.9513010773051148
14079,1,1,1,0.0002706281215431039,0.9997293718784569,0.9997293718784569
3817,0,0,1,0.9754924587658067,0.024507541234193273,0.9754924587658067
4605,0,0,1,0.9947469914497937,0.005253008550206263,0.9947469914497937
9741,0,0,1,0.9990192696148328,0.0009807303851672494,0.9990192696148328
3579,0,0,1,0.9819631349497819,0.018036865050218096,0.9819631349497819
3065,0,0,1,0.9745551032413928,0.025444896758607213,0.9745551032413928
1665,0,0,1,0.993600686639851,0.006399313360148969,0.993600686639851
16236,1,0,0,0.9798709226445818,0.020129077355418273,0.9798709226445818
2589,0,0,1,0.8947252600851653,0.10527473991483476,0.8947252600851653
16719,1,1,1,0.05959044607756947,0.9404095539224305,0.9404095539224305
4506,0,0,1,0.9933946824367216,0.006605317563278419,0.9933946824367216
8231,0,0,1,0.9999246034170648,7.539658293524061e-05,0.9999246034170648
8718,0,0,1,0.9996225316152378,0.00037746838476218327,0.9996225316152378
12876,1,1,1,0.014663713994074401,0.9853362860059256,0.9853362860059256
11099,1,1,1,0.0009665541467512861,0.9990334458532487,0.9990334458532487
8005,0,0,1,0.9994432493200546,0.0005567506799454435,0.9994432493200546
6496,0,0,1,0.9960206127332466,0.003979387266753404,0.9960206127332466
2140,0,0,1,0.9856913103606952,0.014308689639304734,0.9856913103606952
3382,0,0,1,0.9847270624343394,0.015272937565660581,0.9847270624343394
1586,0,0,1,0.9929458660353306,0.007054133964669389,0.9929458660353306
14871,1,1,1,0.00011077243832013917,0.9998892275616799,0.9998892275616799
17842,1,1,1,0.0025273555840149564,0.997472644415985,0.997472644415985
9620,0,0,1,0.9998060303254358,0.00019396967456421332,0.9998060303254358
17798,1,1,1,0.052544563298845715,0.9474554367011543,0.9474554367011543
5367,0,0,1,0.9763239579123957,0.02367604208760435,0.9763239579123957
8610,0,0,1,0.9997176039990912,0.0002823960009088733,0.9997176039990912
9359,0,0,1,0.9997315376455367,0.0002684623544633027,0.9997315376455367
5056,0,0,1,0.9695399627107371,0.030460037289262953,0.9695399627107371
5133,0,0,1,0.9801287157281652,0.019871284271834867,0.9801287157281652
1233,0,0,1,0.9754788768929045,0.024521123107095488,0.9754788768929045
13324,1,1,1,0.0037947852847741714,0.9962052147152258,0.9962052147152258
17854,1,1,1,0.06494321956300797,0.935056780436992,0.935056780436992
9332,0,0,1,0.9998106407023493,0.00018935929765075306,0.9998106407023493
7527,0,0,1,0.9997121323757511,0.00028786762424895773,0.9997121323757511
3620,0,0,1,0.9756884222789751,0.024311577721024907,0.9756884222789751
13584,1,1,1,0.001331870516248168,0.9986681294837518,0.9986681294837518
9658,0,0,1,0.9998765764778361,0.0001234235221638812,0.9998765764778361
7831,0,0,1,0.9996519502566457,0.0003480497433543024,0.9996519502566457
1634,0,0,1,0.9904873362215686,0.00951266377843139,0.9904873362215686
2028,0,0,1,0.9918314727703818,0.008168527229618217,0.9918314727703818
14378,1,1,1,5.50836702357671e-05,0.9999449163297642,0.9999449163297642
7644,0,0,1,0.9997275176074562,0.0002724823925438565,0.9997275176074562
7957,0,0,1,0.9997478698947857,0.0002521301052142544,0.9997478698947857
8967,0,0,1,0.9972178946663449,0.00278210533365513,0.9972178946663449
1726,0,0,1,0.9891617108487493,0.010838289151250685,0.9891617108487493
18175,1,1,1,0.02353783265296394,0.9764621673470361,0.9764621673470361
2428,0,0,1,0.8293456251660851,0.1706543748339149,0.8293456251660851
1199,0,0,1,0.8847640066152143,0.11523599338478575,0.8847640066152143
11780,1,1,1,6.049951504627504e-05,0.9999395004849537,0.9999395004849537
2048,0,0,1,0.9883994966873372,0.011600503312662847,0.9883994966873372
5270,0,0,1,0.9942487757629955,0.005751224237004505,0.9942487757629955
5288,0,0,1,0.9564559719086746,0.0435440280913254,0.9564559719086746
11464,1,1,1,0.0005682124818583434,0.9994317875181417,0.9994317875181417
12594,1,1,1,0.0005396534264308084,0.9994603465735692,0.9994603465735692
1467,0,0,1,0.9429243700082355,0.057075629991764486,0.9429243700082355
19210,1,1,1,0.0005149210610322363,0.9994850789389678,0.9994850789389678
14842,1,1,1,0.000468561001150114,0.9995314389988499,0.9995314389988499
18897,1,1,1,0.00029856288864005265,0.99970143711136,0.99970143711136
553,0,0,1,0.981443097030052,0.01855690296994802,0.981443097030052
7275,0,0,1,0.9877776823322437,0.012222317667756286,0.9877776823322437
6233,0,0,1,0.9957165804711579,0.0042834195288421785,0.9957165804711579
3594,0,0,1,0.963038531762209,0.03696146823779098,0.963038531762209
6983,0,0,1,0.9703987055980442,0.029601294401955806,0.9703987055980442
15769,1,1,1,9.318354846898913e-05,0.999906816451531,0.999906816451531
2065,0,0,1,0.941751224411494,0.058248775588506024,0.941751224411494
14832,1,1,1,0.0002471159513185439,0.9997528840486815,0.9997528840486815
5218,0,0,1,0.9700549727573994,0.02994502724260059,0.9700549727573994
15365,1,1,1,0.0519988746704062,0.9480011253295938,0.9480011253295938
3293,0,0,1,0.9742325213560853,0.025767478643914734,0.9742325213560853
16615,1,1,1,0.46227150757129054,0.5377284924287095,0.5377284924287095
530,0,0,1,0.942093362883609,0.05790663711639095,0.942093362883609
1646,0,0,1,0.9807140707626302,0.019285929237369773,0.9807140707626302
7844,0,0,1,0.9996735422747173,0.00032645772528268807,0.9996735422747173
16710,1,0,0,0.9785510853739934,0.021448914626006656,0.9785510853739934
19190,1,1,1,0.00010870987074029781,0.9998912901292597,0.9998912901292597
5172,0,0,1,0.9884418351471163,0.011558164852883778,0.9884418351471163
18206,1,1,1,0.0031244103542132917,0.9968755896457867,0.9968755896457867
1934,0,0,1,0.9906692523219642,0.00933074767803574,0.9906692523219642
17881,1,1,1,0.0642797200818912,0.9357202799181088,0.9357202799181088
11274,1,1,1,9.245056464923795e-05,0.9999075494353508,0.9999075494353508
17400,1,1,1,0.0036655929112259233,0.9963344070887741,0.9963344070887741
864,0,0,1,0.97450701278212,0.02549298721788,0.97450701278212
4268,0,0,1,0.9915972681958553,0.008402731804144796,0.9915972681958553
9112,0,0,1,0.9926804031520116,0.007319596847988495,0.9926804031520116
13527,1,1,1,0.01342609275765061,0.9865739072423494,0.9865739072423494
11557,1,1,1,0.00014232909954126072,0.9998576709004587,0.9998576709004587
19737,1,1,1,0.002999955898652318,0.9970000441013477,0.9970000441013477
17566,1,1,1,0.005665090912367887,0.9943349090876321,0.9943349090876321
3739,0,0,1,0.9925534404729519,0.007446559527048042,0.9925534404729519
6798,0,0,1,0.9677000478604649,0.03229995213953507,0.9677000478604649
9994,1,1,1,0.0017530376841019546,0.998246962315898,0.998246962315898
12365,1,1,1,0.0002030728392999892,0.9997969271607,0.9997969271607
9330,0,0,1,0.9951577222264864,0.004842277773513657,0.9951577222264864
12962,1,1,1,0.00016507418764644122,0.9998349258123536,0.9998349258123536
14247,1,1,1,4.521785225208852e-05,0.9999547821477479,0.9999547821477479
6472,0,0,1,0.9886918898367089,0.01130811016329112,0.9886918898367089
12675,1,1,1,0.0002661509753673075,0.9997338490246327,0.9997338490246327
8805,0,0,1,0.9993011913879842,0.0006988086120158195,0.9993011913879842
2117,0,0,1,0.9925870366146827,0.007412963385317315,0.9925870366146827
18351,1,1,1,0.0031213640909063534,0.9968786359090936,0.9968786359090936
11069,1,1,1,0.0015239667898141462,0.9984760332101859,0.9984760332101859
19154,1,1,1,4.3197377884163224e-05,0.9999568026221158,0.9999568026221158
4044,0,0,1,0.9911458573783934,0.008854142621606557,0.9911458573783934
17476,1,1,1,0.0057778359449942585,0.9942221640550057,0.9942221640550057
4142,0,0,1,0.9879601031811218,0.012039896818878158,0.9879601031811218
3782,0,0,1,0.991771108121354,0.008228891878645924,0.991771108121354
4855,0,0,1,0.9912532232367953,0.008746776763204662,0.9912532232367953
13712,1,1,1,0.028824504090363523,0.9711754959096365,0.9711754959096365
13756,1,1,1,0.0007466155187323409,0.9992533844812677,0.9992533844812677
12784,1,1,1,0.00023959287171848587,0.9997604071282815,0.9997604071282815
9047,0,0,1,0.9989673670819877,0.0010326329180122779,0.9989673670819877
3791,0,0,1,0.9844454018614686,0.015554598138531406,0.9844454018614686
4583,0,0,1,0.9858180431013435,0.014181956898656574,0.9858180431013435
1332,0,0,1,0.9643419093589712,0.03565809064102881,0.9643419093589712
967,0,0,1,0.9920244277162652,0.007975572283734836,0.9920244277162652
16785,1,1,1,0.125013679104249,0.874986320895751,0.874986320895751
11906,1,1,1,6.665664819927031e-05,0.9999333433518007,0.9999333433518007
13098,1,1,1,0.0005926462623816464,0.9994073537376184,0.9994073537376184
14833,1,1,1,9.605824664382645e-05,0.9999039417533562,0.9999039417533562
11444,1,1,1,0.00029245477641659523,0.9997075452235834,0.9997075452235834
14878,1,1,1,0.0029461662689234114,0.9970538337310766,0.9970538337310766
10092,1,1,1,0.0015215964974956142,0.9984784035025044,0.9984784035025044
2444,0,0,1,0.98379986784164,0.01620013215836001,0.98379986784164
18182,1,1,1,0.006311831472579632,0.9936881685274204,0.9936881685274204
17688,1,1,1,0.01579790704287365,0.9842020929571264,0.9842020929571264
3654,0,0,1,0.9964515451884469,0.0035484548115530786,0.9964515451884469
7302,0,0,1,0.9862242320547134,0.013775767945286555,0.9862242320547134
5792,0,0,1,0.8757829783496787,0.12421702165032128,0.8757829783496787
7859,0,0,1,0.9994416385940015,0.0005583614059985658,0.9994416385940015
7807,0,0,1,0.9997479827869569,0.0002520172130430786,0.9997479827869569
13698,1,1,1,0.00024279597008292075,0.9997572040299171,0.9997572040299171
7722,0,0,1,0.9991789309303857,0.0008210690696142965,0.9991789309303857
10220,1,1,1,0.0006225439112653719,0.9993774560887346,0.9993774560887346
18548,1,1,1,0.16975613224542907,0.8302438677545709,0.8302438677545709
7806,0,0,1,0.9994014745826358,0.0005985254173641891,0.9994014745826358
18601,1,1,1,0.0015748083720287243,0.9984251916279713,0.9984251916279713
10198,1,1,1,0.0002805177945945925,0.9997194822054054,0.9997194822054054
12069,1,1,1,0.00042911841117798666,0.999570881588822,0.999570881588822
1041,0,0,1,0.9884605125935402,0.011539487406459865,0.9884605125935402
2357,0,0,1,0.9435153172131904,0.05648468278680959,0.9435153172131904
8716,0,0,1,0.9988122950296258,0.0011877049703742251,0.9988122950296258
15224,1,1,1,0.019533693539950492,0.9804663064600495,0.9804663064600495
4621,0,0,1,0.9949382323991008,0.00506176760089914,0.9949382323991008
13118,1,1,1,0.007734284771216626,0.9922657152287834,0.9922657152287834
1366,0,1,0,0.01819938863272197,0.981800611367278,0.981800611367278
1817,0,0,1,0.994641013710051,0.0053589862899490436,0.994641013710051
14686,1,1,1,0.0007468975949116441,0.9992531024050884,0.9992531024050884
10207,1,1,1,0.0010494012888574433,0.9989505987111426,0.9989505987111426
557,0,0,1,0.9715818530478397,0.028418146952160314,0.9715818530478397
718,0,0,1,0.9913012529197711,0.008698747080228917,0.9913012529197711
270,0,0,1,0.9915046918069396,0.00849530819306047,0.9915046918069396
14118,1,1,1,0.00019091490638278863,0.9998090850936172,0.9998090850936172
1253,0,0,1,0.9778608602119566,0.02213913978804343,0.9778608602119566
3761,0,0,1,0.9520382819492766,0.04796171805072331,0.9520382819492766
16608,1,1,1,0.04274559472285988,0.9572544052771401,0.9572544052771401
10712,1,1,1,0.0006065601749404292,0.9993934398250596,0.9993934398250596
7109,0,0,1,0.9949857452502312,0.005014254749768769,0.9949857452502312
15678,1,1,1,4.474227080453197e-05,0.9999552577291955,0.9999552577291955
12295,1,1,1,0.03348162747407335,0.9665183725259267,0.9665183725259267
9295,0,0,1,0.9959682888394726,0.0040317111605273695,0.9959682888394726
18118,1,1,1,0.013136248516684823,0.9868637514833152,0.9868637514833152
11852,1,1,1,5.3687637082688866e-05,0.9999463123629173,0.9999463123629173
19571,1,1,1,0.0012781891110961174,0.9987218108889039,0.9987218108889039
540,0,0,1,0.9147257565988614,0.08527424340113862,0.9147257565988614
2933,0,0,1,0.9811243525206776,0.018875647479322393,0.9811243525206776
12257,1,1,1,0.0027574805062290375,0.997242519493771,0.997242519493771
828,0,0,1,0.9861345403977175,0.013865459602282432,0.9861345403977175
19574,1,1,1,0.0006752520924852012,0.9993247479075148,0.9993247479075148
4784,0,0,1,0.9893502751445848,0.01064972485541516,0.9893502751445848
5163,0,0,1,0.9515469555013154,0.04845304449868459,0.9515469555013154
8277,0,0,1,0.5063204361015651,0.4936795638984349,0.5063204361015651
17997,1,1,1,0.028092900069146443,0.9719070999308536,0.9719070999308536
61,0,0,1,0.9874963852530665,0.012503614746933556,0.9874963852530665
14233,1,1,1,0.1635914027133999,0.8364085972866001,0.8364085972866001
15590,1,1,1,0.00010147287679929118,0.9998985271232007,0.9998985271232007
785,0,0,1,0.9954424298417845,0.004557570158215398,0.9954424298417845
14261,1,1,1,6.231696112379836e-05,0.9999376830388762,0.9999376830388762
14260,1,1,1,0.0006451926779309503,0.999354807322069,0.999354807322069
14643,1,1,1,0.00011692827945131157,0.9998830717205487,0.9998830717205487
8499,0,0,1,0.9998152959447322,0.0001847040552678095,0.9998152959447322
13384,1,1,1,0.0008943339848965781,0.9991056660151034,0.9991056660151034
18435,1,1,1,0.0028282022497754244,0.9971717977502246,0.9971717977502246
3047,0,0,1,0.9861574599337875,0.013842540066212512,0.9861574599337875
15286,1,1,1,0.007448581392062614,0.9925514186079374,0.9925514186079374
8983,0,0,1,0.999398607693781,0.0006013923062189791,0.999398607693781
18945,1,1,1,0.10880530926443932,0.8911946907355607,0.8911946907355607
6991,0,0,1,0.8804667372263866,0.11953326277361345,0.8804667372263866
17974,1,1,1,0.014646436851890599,0.9853535631481094,0.9853535631481094
6761,0,1,0,0.46707453982657965,0.5329254601734204,0.5329254601734204
467,0,0,1,0.965366845076677,0.03463315492332302,0.965366845076677
10172,1,1,1,0.0013957141099262271,0.9986042858900738,0.9986042858900738
12194,1,1,1,0.005569175182113084,0.9944308248178869,0.9944308248178869
6568,0,0,1,0.9824032974256376,0.01759670257436243,0.9824032974256376
6239,0,0,1,0.9735646430727666,0.02643535692723346,0.9735646430727666
4725,0,0,1,0.9841766687480695,0.01582333125193052,0.9841766687480695
9003,0,0,1,0.9997177329524861,0.0002822670475139078,0.9997177329524861
9259,0,0,1,0.9992148575562759,0.0007851424437241132,0.9992148575562759
16414,1,0,0,0.9734046190959585,0.026595380904041416,0.9734046190959585
19534,1,1,1,0.00012192887293593913,0.9998780711270641,0.9998780711270641
10340,1,1,1,0.0006456534629827315,0.9993543465370173,0.9993543465370173
5211,0,0,1,0.9776862158375538,0.022313784162446237,0.9776862158375538
11944,1,1,1,0.00011950583143316429,0.9998804941685668,0.9998804941685668
295,0,0,1,0.9920771445379641,0.007922855462035873,0.9920771445379641
6374,0,0,1,0.9941163578562623,0.0058836421437376985,0.9941163578562623
6246,0,0,1,0.9931474390867175,0.006852560913282504,0.9931474390867175
1961,0,0,1,0.9898409737290291,0.010159026270970902,0.9898409737290291
5312,0,0,1,0.9118834910974873,0.08811650890251267,0.9118834910974873
9971,0,0,1,0.9996236986672056,0.0003763013327943843,0.9996236986672056
13006,1,1,1,0.002874062449072623,0.9971259375509274,0.9971259375509274
14566,1,1,1,6.675224506125232e-05,0.9999332477549387,0.9999332477549387
9977,0,0,1,0.9997947281741001,0.00020527182589995987,0.9997947281741001
2693,0,0,1,0.9278258299987446,0.07217417000125534,0.9278258299987446
14856,1,1,1,0.4974445022250453,0.5025554977749547,0.5025554977749547
4556,0,0,1,0.9979663086395354,0.0020336913604645573,0.9979663086395354
17235,1,1,1,0.008495729071271163,0.9915042709287288,0.9915042709287288
392,0,0,1,0.9877661722461626,0.012233827753837414,0.9877661722461626
6217,0,0,1,0.9861400438384478,0.013859956161552254,0.9861400438384478
11676,1,1,1,6.941383553393798e-05,0.9999305861644661,0.9999305861644661
4795,0,0,1,0.9802669587325724,0.019733041267427535,0.9802669587325724
8312,0,0,1,0.9998661096941809,0.0001338903058190854,0.9998661096941809
19728,1,1,1,0.0015176258363703843,0.9984823741636296,0.9984823741636296
1008,0,0,1,0.9582602473410823,0.04173975265891769,0.9582602473410823
15778,1,1,1,0.00010104675177591282,0.9998989532482241,0.9998989532482241
5878,0,0,1,0.9775410993494269,0.022458900650573106,0.9775410993494269
826,0,0,1,0.9670554722435114,0.03294452775648864,0.9670554722435114
4603,0,0,1,0.9948031618479243,0.005196838152075775,0.9948031618479243
18728,1,1,1,7.898927400917799e-05,0.9999210107259908,0.9999210107259908
6142,0,0,1,0.9742856729421194,0.025714327057880543,0.9742856729421194
17535,1,1,1,0.09427394493550145,0.9057260550644985,0.9057260550644985
12492,1,1,1,0.014102365311405185,0.9858976346885948,0.9858976346885948
9216,0,0,1,0.9994562482899713,0.0005437517100287072,0.9994562482899713
19021,1,1,1,0.00025019609778209606,0.9997498039022179,0.9997498039022179
7983,0,0,1,0.9996295195053596,0.0003704804946404317,0.9996295195053596
11289,1,1,1,0.0006417832914925592,0.9993582167085074,0.9993582167085074
8839,0,0,1,0.9994880315996011,0.0005119684003989238,0.9994880315996011
18520,1,1,1,0.015957634943947974,0.984042365056052,0.984042365056052
2323,0,0,1,0.9969622548304488,0.003037745169551258,0.9969622548304488
18689,1,1,1,4.895128462756304e-05,0.9999510487153724,0.9999510487153724
3405,0,0,1,0.5608594806479541,0.4391405193520459,0.5608594806479541
17181,1,1,1,0.002457866847513701,0.9975421331524863,0.9975421331524863
11245,1,1,1,0.002641297470262871,0.9973587025297371,0.9973587025297371
13854,1,1,1,0.00023532560512506961,0.9997646743948749,0.9997646743948749
15796,1,1,1,0.00013336959195298093,0.999866630408047,0.999866630408047
12412,1,1,1,0.00020664953368321193,0.9997933504663168,0.9997933504663168
15187,1,1,1,0.000366695257904337,0.9996333047420957,0.9996333047420957
1101,0,0,1,0.9976377845980465,0.0023622154019534982,0.9976377845980465
3742,0,0,1,0.9921938171654334,0.007806182834566566,0.9921938171654334
12575,1,1,1,0.000200573916083302,0.9997994260839167,0.9997994260839167
6127,0,0,1,0.826205941964395,0.17379405803560502,0.826205941964395
7371,0,0,1,0.9921165959798132,0.007883404020186837,0.9921165959798132
17204,1,1,1,0.012385559903617449,0.9876144400963826,0.9876144400963826
3745,0,0,1,0.9901543631561691,0.0098456368438309,0.9901543631561691
8131,0,0,1,0.9996701344417862,0.00032986555821379446,0.9996701344417862
2181,0,0,1,0.9963271185118124,0.003672881488187615,0.9963271185118124
3539,0,0,1,0.9871927844277749,0.012807215572225123,0.9871927844277749
1762,0,0,1,0.875059784111305,0.12494021588869501,0.875059784111305
13356,1,1,1,0.0014930153479690844,0.9985069846520309,0.9985069846520309
14254,1,1,1,6.608439638167152e-05,0.9999339156036183,0.9999339156036183
13702,1,1,1,0.035309932838142766,0.9646900671618572,0.9646900671618572
11014,1,1,1,0.0018220000875738274,0.9981779999124262,0.9981779999124262
6273,0,0,1,0.8970779168096599,0.10292208319034017,0.8970779168096599
10410,1,1,1,0.0005937395840650561,0.9994062604159349,0.9994062604159349
12288,1,1,1,0.0005735731569614932,0.9994264268430385,0.9994264268430385
4750,0,0,1,0.989094139806483,0.010905860193517015,0.989094139806483
6854,0,0,1,0.9922773948620752,0.007722605137924812,0.9922773948620752
5675,0,0,1,0.9514121133677892,0.048587886632210836,0.9514121133677892
18667,1,1,1,0.00017608417849468427,0.9998239158215053,0.9998239158215053
18366,1,1,1,0.0069941927768303325,0.9930058072231697,0.9930058072231697
5606,0,0,1,0.9920945928602335,0.007905407139766464,0.9920945928602335
14315,1,1,1,0.009624487200361465,0.9903755127996385,0.9903755127996385
3878,0,0,1,0.9863438649696304,0.013656135030369528,0.9863438649696304
15681,1,1,1,1.5632336747173348e-05,0.9999843676632528,0.9999843676632528
12606,1,1,1,0.0003384496320807395,0.9996615503679193,0.9996615503679193
4225,0,0,1,0.9909265883269606,0.00907341167303946,0.9909265883269606
13570,1,1,1,0.003857494117367355,0.9961425058826326,0.9961425058826326
17567,1,1,1,0.01646342555711422,0.9835365744428858,0.9835365744428858
1713,0,0,1,0.9768405060282018,0.0231594939717982,0.9768405060282018
4772,0,0,1,0.983625051553509,0.016374948446491056,0.983625051553509
2654,0,0,1,0.9748699678105043,0.02513003218949568,0.9748699678105043
10251,1,1,1,0.0006437505186488446,0.9993562494813512,0.9993562494813512
17584,1,1,1,0.011217601984930714,0.9887823980150693,0.9887823980150693
8453,0,0,1,0.999420524584346,0.0005794754156539118,0.999420524584346
7357,0,0,1,0.9940055324594862,0.005994467540513798,0.9940055324594862
15179,1,1,1,0.035256511282759306,0.9647434887172407,0.9647434887172407
17100,1,0,0,0.6398856458652722,0.3601143541347278,0.6398856458652722
14536,1,1,1,0.04295642010779499,0.957043579892205,0.957043579892205
19678,1,1,1,0.000109580727899794,0.9998904192721002,0.9998904192721002
13972,1,1,1,0.000519384480881957,0.999480615519118,0.999480615519118
3493,0,0,1,0.8068516157151444,0.19314838428485556,0.8068516157151444
2163,0,0,1,0.8028607247597906,0.19713927524020938,0.8028607247597906
11535,1,1,1,0.0002711360625193837,0.9997288639374806,0.9997288639374806
6173,0,0,1,0.989138448107474,0.010861551892526052,0.989138448107474
17174,1,1,1,0.0033380735609034318,0.9966619264390966,0.9966619264390966
2220,0,0,1,0.9601916388555902,0.03980836114440975,0.9601916388555902
17931,1,1,1,0.0017308568774240252,0.998269143122576,0.998269143122576
15526,1,1,1,0.00011229359893105695,0.9998877064010689,0.9998877064010689
15250,1,1,1,0.002690414459551538,0.9973095855404485,0.9973095855404485
6236,0,0,1,0.952640186792477,0.04735981320752305,0.952640186792477
1688,0,0,1,0.9304805188695688,0.06951948113043113,0.9304805188695688
11417,1,1,1,0.000381854681119731,0.9996181453188803,0.9996181453188803
12402,1,1,1,0.001070617901282711,0.9989293820987173,0.9989293820987173
8503,0,0,1,0.9995981889235039,0.00040181107649606547,0.9995981889235039
9340,0,0,1,0.9357923664412968,0.06420763355870324,0.9357923664412968
17075,1,0,0,0.8458089665257698,0.1541910334742302,0.8458089665257698
13027,1,1,1,0.0029921518672137992,0.9970078481327862,0.9970078481327862
11633,1,1,1,5.3405498652403516e-05,0.9999465945013476,0.9999465945013476
18050,1,1,1,0.0101436479442778,0.9898563520557222,0.9898563520557222
17097,1,0,0,0.8863081233307902,0.1136918766692098,0.8863081233307902
6695,0,0,1,0.996097511553593,0.0039024884464069105,0.996097511553593
1277,0,0,1,0.9782406764680759,0.02175932353192416,0.9782406764680759
6417,0,0,1,0.9795144192720137,0.020485580727986362,0.9795144192720137
7230,0,0,1,0.9899865831182416,0.010013416881758433,0.9899865831182416
7424,0,0,1,0.7234317911492802,0.2765682088507197,0.7234317911492802
7046,0,0,1,0.9377254762652645,0.06227452373473557,0.9377254762652645
10567,1,1,1,0.0013792554697608095,0.9986207445302392,0.9986207445302392
16413,1,0,0,0.92128710882484,0.07871289117516006,0.92128710882484
17004,1,0,0,0.9301110136798608,0.06988898632013915,0.9301110136798608
10247,1,1,1,0.001516832755838915,0.9984831672441611,0.9984831672441611
8483,0,0,1,0.9991633980682214,0.0008366019317786229,0.9991633980682214
9574,0,0,1,0.9987930770589402,0.0012069229410598427,0.9987930770589402
1313,0,0,1,0.9831901982085643,0.01680980179143566,0.9831901982085643
4679,0,0,1,0.9824263232436887,0.017573676756311243,0.9824263232436887
9642,0,0,1,0.9997434879778834,0.00025651202211658084,0.9997434879778834
16566,1,0,0,0.9280420560817273,0.07195794391827265,0.9280420560817273
15315,1,1,1,0.0014855872923397184,0.9985144127076603,0.9985144127076603
6193,0,0,1,0.9614623419080847,0.038537658091915325,0.9614623419080847
5602,0,0,1,0.9809684893412471,0.019031510658752828,0.9809684893412471
7042,0,0,1,0.9212423164699776,0.07875768353002242,0.9212423164699776
19023,1,0,0,0.6540795899948729,0.3459204100051271,0.6540795899948729
8667,0,0,1,0.999070877460149,0.0009291225398510044,0.999070877460149
2205,0,0,1,0.9922360552334505,0.007763944766549523,0.9922360552334505
12091,1,1,1,0.0004023993923859548,0.999597600607614,0.999597600607614
18062,1,1,1,0.023208441998241125,0.9767915580017589,0.9767915580017589
4930,0,0,1,0.9919827960790174,0.00801720392098259,0.9919827960790174
11707,1,1,1,0.00011434097932117027,0.9998856590206788,0.9998856590206788
6,0,0,1,0.987333008858026,0.012666991141974,0.987333008858026
503,0,0,1,0.9541048290029202,0.04589517099707983,0.9541048290029202
16584,1,1,1,0.36206519543208204,0.637934804567918,0.637934804567918
15589,1,1,1,0.0001429558804716402,0.9998570441195284,0.9998570441195284
1275,0,0,1,0.9793354304991264,0.02066456950087362,0.9793354304991264
3563,0,0,1,0.9765665713048897,0.023433428695110333,0.9765665713048897
11901,1,1,1,0.01790780523908897,0.982092194760911,0.982092194760911
3732,0,0,1,0.9817213243781608,0.01827867562183911,0.9817213243781608
16747,1,0,0,0.5857019319925727,0.41429806800742724,0.5857019319925727
18168,1,1,1,0.015903469299410777,0.9840965307005892,0.9840965307005892
6732,0,0,1,0.9808850828594216,0.019114917140578475,0.9808850828594216
2608,0,0,1,0.9783896760271465,0.02161032397285348,0.9783896760271465
9193,0,0,1,0.9978172745694972,0.0021827254305027658,0.9978172745694972
16985,1,0,0,0.9743834013705861,0.025616598629413883,0.9743834013705861
2686,0,0,1,0.9806729121606254,0.019327087839374597,0.9806729121606254
1029,0,0,1,0.9721895149198284,0.027810485080171622,0.9721895149198284
11553,1,1,1,0.00031167665906151054,0.9996883233409385,0.9996883233409385
11091,1,1,1,0.0013951065604432822,0.9986048934395567,0.9986048934395567
3082,0,0,1,0.9943650549289129,0.005634945071087122,0.9943650549289129
17149,1,1,1,0.34138492012063304,0.658615079879367,0.658615079879367
11993,1,1,1,0.00029720853289094684,0.999702791467109,0.999702791467109
5655,0,0,1,0.9584187752992345,0.041581224700765564,0.9584187752992345
11725,1,1,1,6.932804038595197e-05,0.999930671959614,0.999930671959614
14800,1,1,1,0.0024830685950411047,0.9975169314049589,0.9975169314049589
14852,1,1,1,0.004017717839295831,0.9959822821607042,0.9959822821607042
17258,1,1,1,0.0007077514730705614,0.9992922485269294,0.9992922485269294
418,0,0,1,0.9804881280955221,0.01951187190447787,0.9804881280955221
12020,1,1,1,0.00338876318212622,0.9966112368178738,0.9966112368178738
17467,1,1,1,0.08898811260195805,0.911011887398042,0.911011887398042
11320,1,1,1,0.00012932051718805848,0.9998706794828119,0.9998706794828119
7893,0,0,1,0.9997739440046155,0.0002260559953845035,0.9997739440046155
8195,0,0,1,0.9996783119034743,0.00032168809652562445,0.9996783119034743
318,0,0,1,0.9804355092821972,0.019564490717802783,0.9804355092821972
18893,1,1,1,0.006591052846866785,0.9934089471531332,0.9934089471531332
3261,0,0,1,0.9665771772457814,0.03342282275421857,0.9665771772457814
5615,0,0,1,0.9960486372033278,0.003951362796672236,0.9960486372033278
18948,1,1,1,0.00012310869932008472,0.9998768913006799,0.9998768913006799
14858,1,1,1,0.004230308007729611,0.9957696919922704,0.9957696919922704
13210,1,1,1,0.005502685959416165,0.9944973140405838,0.9944973140405838
3924,0,0,1,0.9429485752206017,0.057051424779398334,0.9429485752206017
12595,1,1,1,0.00020367339371540893,0.9997963266062846,0.9997963266062846
1073,0,0,1,0.9849835263111759,0.015016473688824049,0.9849835263111759
14778,1,1,1,0.030892027817638334,0.9691079721823617,0.9691079721823617
4490,0,0,1,0.9941630898353933,0.005836910164606727,0.9941630898353933
10529,1,1,1,0.0007893759814000534,0.9992106240186,0.9992106240186
12948,1,1,1,0.00017356245492050615,0.9998264375450795,0.9998264375450795
8353,0,0,1,0.9878782229395116,0.012121777060488469,0.9878782229395116
8364,0,0,1,0.9997123068665064,0.00028769313349358305,0.9997123068665064
3089,0,0,1,0.9849985622748969,0.015001437725103081,0.9849985622748969
13791,1,1,1,0.0271108465617933,0.9728891534382067,0.9728891534382067
10831,1,1,1,0.0023136309087486984,0.9976863690912513,0.9976863690912513
3195,0,0,1,0.875613532797255,0.12438646720274504,0.875613532797255
9838,0,0,1,0.9997576562960482,0.00024234370395183607,0.9997576562960482
5143,0,0,1,0.9902946614385838,0.009705338561416196,0.9902946614385838
7286,0,0,1,0.9902051489040771,0.009794851095922982,0.9902051489040771
13916,1,1,1,0.0011132721743263296,0.9988867278256737,0.9988867278256737
4834,0,0,1,0.8197366840739275,0.18026331592607245,0.8197366840739275
15527,1,1,1,0.002352239797472011,0.997647760202528,0.997647760202528
2756,0,0,1,0.9957228345025756,0.0042771654974243815,0.9957228345025756
7985,0,0,1,0.9980850659442895,0.0019149340557104893,0.9980850659442895
18589,1,1,1,0.28079591573747154,0.7192040842625285,0.7192040842625285
9811,0,0,1,0.9998583344635525,0.00014166553644746787,0.9998583344635525
18150,1,1,1,0.014359393234790518,0.9856406067652095,0.9856406067652095
4287,0,0,1,0.9751383152950478,0.024861684704952192,0.9751383152950478
18822,1,1,1,0.00025225683007146227,0.9997477431699285,0.9997477431699285
5361,0,0,1,0.9873695773609102,0.012630422639089756,0.9873695773609102
10663,1,1,1,0.0013878819263993813,0.9986121180736006,0.9986121180736006
4156,0,0,1,0.9089445605754297,0.09105543942457024,0.9089445605754297
18232,1,1,1,0.02213493846720016,0.9778650615327998,0.9778650615327998
256,0,0,1,0.9705421970202012,0.02945780297979885,0.9705421970202012
17173,1,1,1,0.0007001347460344753,0.9992998652539655,0.9992998652539655
4252,0,0,1,0.971179514079966,0.028820485920033938,0.971179514079966
11576,1,1,1,6.35183765498315e-05,0.9999364816234502,0.9999364816234502
12616,1,1,1,0.0010543171330077428,0.9989456828669923,0.9989456828669923
13892,1,1,1,0.0013143604701963962,0.9986856395298036,0.9986856395298036
19233,1,1,1,0.00023843253432676015,0.9997615674656732,0.9997615674656732
3396,0,0,1,0.9936842155148695,0.006315784485130488,0.9936842155148695
3305,0,0,1,0.8120582577554843,0.18794174224451568,0.8120582577554843
17950,1,1,1,0.0024018063712887283,0.9975981936287113,0.9975981936287113
8246,0,0,1,0.9683134238609693,0.031686576139030656,0.9683134238609693
10193,1,1,1,0.0005627487045022361,0.9994372512954978,0.9994372512954978
1496,0,0,1,0.9856287544916292,0.014371245508370798,0.9856287544916292
7049,0,0,1,0.9872454297385952,0.012754570261404797,0.9872454297385952
5236,0,0,1,0.9933637066802613,0.006636293319738736,0.9933637066802613
630,0,0,1,0.9918074582235947,0.008192541776405243,0.9918074582235947
12098,1,1,1,0.0003883241779751856,0.9996116758220248,0.9996116758220248
19157,1,1,1,9.523997446481136e-05,0.9999047600255352,0.9999047600255352
4547,0,0,1,0.9899818595755618,0.01001814042443812,0.9899818595755618
1950,0,0,1,0.9948667131468311,0.005133286853168938,0.9948667131468311
6676,0,0,1,0.996019740703331,0.003980259296668954,0.996019740703331
14475,1,1,1,0.0001782336621604097,0.9998217663378396,0.9998217663378396
1829,0,0,1,0.995318151787231,0.004681848212768914,0.995318151787231
7710,0,0,1,0.9998618068293947,0.00013819317060524965,0.9998618068293947
14931,1,1,1,0.031201328669575368,0.9687986713304246,0.9687986713304246
11252,1,1,1,0.00010475608040039219,0.9998952439195996,0.9998952439195996
8817,0,0,1,0.9995906752566404,0.0004093247433596542,0.9995906752566404
3798,0,0,1,0.9192354307080852,0.08076456929191472,0.9192354307080852
6388,0,0,1,0.9776747635342513,0.02232523646574866,0.9776747635342513
8882,0,0,1,0.9996323789356361,0.00036762106436395855,0.9996323789356361
12890,1,1,1,0.000643242350839679,0.9993567576491603,0.9993567576491603
4504,0,0,1,0.994958339659564,0.00504166034043596,0.994958339659564
1556,0,0,1,0.9891317262940348,0.010868273705965244,0.9891317262940348
7233,0,0,1,0.7609646714099709,0.23903532859002904,0.7609646714099709
10963,1,1,1,0.0014245073669448827,0.9985754926330551,0.9985754926330551
5852,0,0,1,0.9931321020034326,0.006867897996567413,0.9931321020034326
952,0,0,1,0.6480209687314338,0.3519790312685663,0.6480209687314338
16645,1,1,1,0.13629034935581097,0.863709650644189,0.863709650644189
3269,0,0,1,0.9921764051656359,0.007823594834364145,0.9921764051656359
18626,1,1,1,0.00028524675115360054,0.9997147532488464,0.9997147532488464
19912,1,1,1,0.0010389524362219849,0.998961047563778,0.998961047563778
9059,0,0,1,0.999084770230139,0.000915229769861007,0.999084770230139
1998,0,0,1,0.9894267189594925,0.010573281040507526,0.9894267189594925
2850,0,0,1,0.9460924875843659,0.05390751241563412,0.9460924875843659
1811,0,0,1,0.9795762240391245,0.020423775960875523,0.9795762240391245
14737,1,1,1,0.0001765166528902018,0.9998234833471098,0.9998234833471098
3917,0,0,1,0.9774445100630678,0.02255548993693221,0.9774445100630678
18991,1,1,1,0.006723853723887729,0.9932761462761123,0.9932761462761123
8755,0,0,1,0.9996527004165368,0.0003472995834632924,0.9996527004165368
6685,0,0,1,0.9255069699870432,0.07449303001295682,0.9255069699870432
14170,1,1,1,9.509054241241266e-05,0.9999049094575876,0.9999049094575876
11890,1,1,1,6.1011680663969337e-05,0.999938988319336,0.999938988319336
10689,1,1,1,0.0006094662498052905,0.9993905337501947,0.9993905337501947
11475,1,1,1,0.0007238804871184668,0.9992761195128815,0.9992761195128815
17557,1,1,1,0.2408866084841086,0.7591133915158914,0.7591133915158914
15924,1,1,1,0.0003079596971500287,0.99969204030285,0.99969204030285
5840,0,0,1,0.9895999501314791,0.010400049868520911,0.9895999501314791
15441,1,1,1,0.00019927665741581446,0.9998007233425842,0.9998007233425842
956,0,0,1,0.9867119216360304,0.013288078363969643,0.9867119216360304
10740,1,1,1,0.0035645810951828727,0.9964354189048171,0.9964354189048171
5866,0,0,1,0.992083620650101,0.00791637934989894,0.992083620650101
16744,1,1,1,0.4252128647100225,0.5747871352899775,0.5747871352899775
16575,1,1,1,0.38687579949269457,0.6131242005073054,0.6131242005073054
12252,1,1,1,0.001072575411513288,0.9989274245884867,0.9989274245884867
6136,0,0,1,0.9922517952005371,0.007748204799462954,0.9922517952005371
5771,0,0,1,0.982913207173284,0.017086792826716032,0.982913207173284
16684,1,1,1,0.2553008824621179,0.7446991175378821,0.7446991175378821
14098,1,1,1,0.00011384645997258858,0.9998861535400274,0.9998861535400274
560,0,0,1,0.9878529625466187,0.012147037453381287,0.9878529625466187
11189,1,1,1,0.00017848903357942092,0.9998215109664206,0.9998215109664206
7135,0,0,1,0.985837022335195,0.014162977664805005,0.985837022335195
5245,0,0,1,0.9942274232713647,0.005772576728635293,0.9942274232713647
6181,0,0,1,0.9563298846302914,0.04367011536970856,0.9563298846302914
14986,1,0,0,0.7109132507005134,0.2890867492994866,0.7109132507005134
17434,1,1,1,0.0034385944042693017,0.9965614055957307,0.9965614055957307
9853,0,0,1,0.9999185496135976,8.145038640234435e-05,0.9999185496135976
207,0,0,1,0.9810105330433266,0.01898946695667341,0.9810105330433266
5622,0,0,1,0.9948220414500172,0.005177958549982826,0.9948220414500172
15119,1,1,1,0.042482404333200385,0.9575175956667996,0.9575175956667996
11730,1,1,1,7.705900552201772e-05,0.999922940994478,0.999922940994478
1070,0,1,0,0.45737078712097257,0.5426292128790274,0.5426292128790274
15111,1,1,1,0.00754751935140352,0.9924524806485965,0.9924524806485965
14149,1,1,1,7.386607866111117e-05,0.9999261339213389,0.9999261339213389
8696,0,0,1,0.9989552092854598,0.0010447907145402712,0.9989552092854598
7156,0,0,1,0.9928499012350394,0.0071500987649606475,0.9928499012350394
18683,1,1,1,5.1339132831285106e-05,0.9999486608671687,0.9999486608671687
13146,1,1,1,0.000813722804592798,0.9991862771954072,0.9991862771954072
3676,0,0,1,0.9800471992985889,0.01995280070141114,0.9800471992985889
9368,0,0,1,0.9997199239304381,0.00028007606956187853,0.9997199239304381
9410,0,0,1,0.9997127998557098,0.00028720014429020304,0.9997127998557098
10106,1,1,1,0.0004911198737443945,0.9995088801262556,0.9995088801262556
8692,0,0,1,0.9998594409149462,0.00014055908505385275,0.9998594409149462
8346,0,0,1,0.9981855864883116,0.0018144135116884815,0.9981855864883116
11899,1,1,1,5.5059433196391616e-05,0.9999449405668036,0.9999449405668036
13217,1,1,1,0.0016608209846940003,0.998339179015306,0.998339179015306
18190,1,1,1,0.017547746495597094,0.9824522535044029,0.9824522535044029
18833,1,1,1,4.3682824843016554e-05,0.999956317175157,0.999956317175157
1395,0,0,1,0.9810152116765,0.018984788323500066,0.9810152116765
13815,1,1,1,0.0009507145274132434,0.9990492854725868,0.9990492854725868
3039,0,0,1,0.9638450919539258,0.036154908046074234,0.9638450919539258
17944,1,1,1,0.026077559198554034,0.973922440801446,0.973922440801446
11155,1,1,1,0.00139062911651322,0.9986093708834868,0.9986093708834868
2741,0,0,1,0.9916557708680538,0.008344229131946239,0.9916557708680538
13149,1,1,1,0.004030669083994298,0.9959693309160057,0.9959693309160057
8788,0,0,1,0.9996168995766829,0.0003831004233171368,0.9996168995766829
3532,0,0,1,0.9844011855731147,0.015598814426885254,0.9844011855731147
16897,1,1,1,0.003953263517650352,0.9960467364823496,0.9960467364823496
17925,1,1,1,0.006223972769162089,0.9937760272308379,0.9937760272308379
13445,1,1,1,0.0012491495693703891,0.9987508504306296,0.9987508504306296
6258,0,0,1,0.8271063702487795,0.17289362975122047,0.8271063702487795
11651,1,1,1,6.020252244109958e-05,0.9999397974775589,0.9999397974775589
12950,1,1,1,0.0004394567081050793,0.9995605432918949,0.9995605432918949
7642,0,0,1,0.9996769656713248,0.00032303432867519024,0.9996769656713248
5789,0,0,1,0.9913473626427796,0.00865263735722047,0.9913473626427796
15413,1,1,1,0.0007435213658860684,0.9992564786341139,0.9992564786341139
18315,1,1,1,0.05359150796630385,0.9464084920336961,0.9464084920336961
16627,1,0,0,0.7901528088903826,0.2098471911096173,0.7901528088903826
3733,0,0,1,0.9886174627733623,0.011382537226637755,0.9886174627733623
18593,1,1,1,0.00032613292944549954,0.9996738670705545,0.9996738670705545
10786,1,1,1,0.0007100454867622341,0.9992899545132378,0.9992899545132378
18218,1,1,1,0.010685586107264222,0.9893144138927358,0.9893144138927358
4641,0,0,1,0.8495365135297408,0.15046348647025917,0.8495365135297408
1582,0,0,1,0.9906781683738964,0.009321831626103585,0.9906781683738964
4284,0,0,1,0.9864091530543334,0.013590846945666552,0.9864091530543334
9211,0,0,1,0.9996683860435659,0.0003316139564341138,0.9996683860435659
8126,0,0,1,0.9998192615420474,0.00018073845795264434,0.9998192615420474
10477,1,1,1,0.0020790367134192467,0.9979209632865808,0.9979209632865808
4602,0,0,1,0.9954828036704515,0.0045171963295484565,0.9954828036704515
9377,0,0,1,0.9996550810920203,0.0003449189079797569,0.9996550810920203
10532,1,1,1,0.0011327422926157293,0.9988672577073843,0.9988672577073843
10244,1,1,1,0.00031185611780204514,0.999688143882198,0.999688143882198
6993,0,0,1,0.9670075075395971,0.032992492460402874,0.9670075075395971
12881,1,1,1,0.0003394360778044003,0.9996605639221956,0.9996605639221956
4539,0,0,1,0.9358320320344257,0.06416796796557432,0.9358320320344257
5330,0,0,1,0.9888680379877345,0.011131962012265562,0.9888680379877345
6929,0,0,1,0.9749995132330282,0.025000486766971707,0.9749995132330282
9188,0,0,1,0.6610480175112121,0.33895198248878783,0.6610480175112121
14450,1,1,1,0.08328168445665707,0.9167183155433429,0.9167183155433429
12547,1,1,1,0.00034400556871871935,0.9996559944312813,0.9996559944312813
17049,1,1,1,0.17502856245506593,0.8249714375449341,0.8249714375449341
11753,1,1,1,0.005579216718662128,0.9944207832813379,0.9944207832813379
2547,0,0,1,0.9849269013267378,0.015073098673262205,0.9849269013267378
10245,1,1,1,0.0018518483682676834,0.9981481516317323,0.9981481516317323
10252,1,1,1,0.0016160434757896969,0.9983839565242103,0.9983839565242103
8443,0,0,1,0.9917279946520787,0.008272005347921241,0.9917279946520787
5055,0,0,1,0.9952105413021802,0.004789458697819825,0.9952105413021802
17828,1,1,1,0.0038466887352087697,0.9961533112647912,0.9961533112647912
13102,1,1,1,0.011860490413124092,0.9881395095868759,0.9881395095868759
13907,1,1,1,0.010641732011969052,0.989358267988031,0.989358267988031
699,0,0,1,0.9960863710279078,0.003913628972092211,0.9960863710279078
7604,0,0,1,0.989080036021546,0.010919963978453948,0.989080036021546
6641,0,0,1,0.9875568237565232,0.012443176243476765,0.9875568237565232
1354,0,0,1,0.9985753266052565,0.0014246733947435519,0.9985753266052565
11500,1,1,1,0.00011415310627205244,0.999885846893728,0.999885846893728
405,0,0,1,0.9918866884243355,0.008113311575664528,0.9918866884243355
19152,1,1,1,0.00017602755609658072,0.9998239724439034,0.9998239724439034
8121,0,0,1,0.9997039462826873,0.00029605371731271265,0.9997039462826873
4448,0,0,1,0.9332410025693255,0.06675899743067447,0.9332410025693255
4745,0,0,1,0.9777103926279019,0.02228960737209802,0.9777103926279019
9749,0,0,1,0.9996060781436974,0.00039392185630262016,0.9996060781436974
12135,1,1,1,0.0007294967001830743,0.9992705032998169,0.9992705032998169
10626,1,1,1,0.0013803693573540832,0.9986196306426459,0.9986196306426459
13718,1,1,1,0.0006633456078156685,0.9993366543921843,0.9993366543921843
8948,0,0,1,0.999467367463729,0.0005326325362710294,0.999467367463729
12642,1,1,1,0.00026385710427923037,0.9997361428957208,0.9997361428957208
1123,0,0,1,0.9956566824192712,0.0043433175807288124,0.9956566824192712
1592,0,0,1,0.9909670035082642,0.00903299649173583,0.9909670035082642
16728,1,1,1,0.038039095560743474,0.9619609044392565,0.9619609044392565
17058,1,0,0,0.9231533441823738,0.07684665581762616,0.9231533441823738
13263,1,1,1,0.0012600720600942639,0.9987399279399057,0.9987399279399057
14464,1,1,1,8.373569988961993e-05,0.9999162643001104,0.9999162643001104
6004,0,0,1,0.9858843806928234,0.014115619307176681,0.9858843806928234
1151,0,0,1,0.9858821629735577,0.014117837026442296,0.9858821629735577
11763,1,1,1,0.00012296835859959554,0.9998770316414004,0.9998770316414004
7045,0,0,1,0.9935318004349132,0.006468199565086803,0.9935318004349132
6730,0,0,1,0.9859410866256978,0.01405891337430222,0.9859410866256978
524,0,0,1,0.9459491458580565,0.054050854141943584,0.9459491458580565
2630,0,0,1,0.9764252704012736,0.023574729598726425,0.9764252704012736
13444,1,1,1,0.011546947612322,0.988453052387678,0.988453052387678
543,0,0,1,0.9948609997237335,0.005139000276266453,0.9948609997237335
10558,1,1,1,0.0017056693943294787,0.9982943306056705,0.9982943306056705
6607,0,0,1,0.9723716232766437,0.02762837672335631,0.9723716232766437
11254,1,1,1,9.321373133142075e-05,0.9999067862686686,0.9999067862686686
8933,0,0,1,0.9980996396197122,0.0019003603802878086,0.9980996396197122
572,0,0,1,0.9905611761127973,0.009438823887202774,0.9905611761127973
3034,0,0,1,0.9937325449350092,0.006267455064990794,0.9937325449350092
14477,1,1,1,0.030086681169174234,0.9699133188308258,0.9699133188308258
6856,0,0,1,0.9841567028437476,0.015843297156252396,0.9841567028437476
15780,1,1,1,0.00020228369643504607,0.999797716303565,0.999797716303565
6571,0,0,1,0.9532971421056695,0.04670285789433049,0.9532971421056695
261,0,0,1,0.9927058534631225,0.007294146536877498,0.9927058534631225
8136,0,0,1,0.9997675285777561,0.00023247142224396675,0.9997675285777561
19206,1,1,1,8.007465098147648e-05,0.9999199253490185,0.9999199253490185
6316,0,0,1,0.9841476332920169,0.015852366707983026,0.9841476332920169
14447,1,1,1,0.15996864173684344,0.8400313582631566,0.8400313582631566
18844,1,1,1,0.0005432796890018077,0.9994567203109982,0.9994567203109982
12470,1,1,1,0.00055376271280283,0.9994462372871972,0.9994462372871972
8973,0,0,1,0.9986532143614534,0.001346785638546658,0.9986532143614534
12797,1,1,1,0.0004800953292576349,0.9995199046707424,0.9995199046707424
4549,0,0,1,0.980214896203845,0.019785103796154904,0.980214896203845
11609,1,1,1,0.00014689048703397933,0.999853109512966,0.999853109512966
13332,1,1,1,0.0010032552317900123,0.99899674476821,0.99899674476821
11776,1,1,1,5.710919679102755e-05,0.999942890803209,0.999942890803209
10396,1,1,1,0.0006543417370852289,0.9993456582629148,0.9993456582629148
13372,1,1,1,0.003801270403873125,0.9961987295961269,0.9961987295961269
925,0,0,1,0.9870453792647498,0.012954620735250274,0.9870453792647498
4987,0,0,1,0.9725369133397471,0.027463086660252902,0.9725369133397471
4731,0,0,1,0.9823944314700296,0.01760556852997039,0.9823944314700296
12592,1,1,1,0.0002687265575012088,0.9997312734424988,0.9997312734424988
5668,0,0,1,0.9786282606685629,0.021371739331437083,0.9786282606685629
7235,0,0,1,0.9941595512953921,0.005840448704607916,0.9941595512953921
6704,0,0,1,0.5321931274416396,0.46780687255836045,0.5321931274416396
6943,0,0,1,0.9850732081128604,0.014926791887139615,0.9850732081128604
11898,1,1,1,8.484181164025717e-05,0.9999151581883597,0.9999151581883597
8242,0,0,1,0.9997879771878366,0.00021202281216338138,0.9997879771878366
15171,1,1,1,0.05125597699363438,0.9487440230063656,0.9487440230063656
10707,1,1,1,0.004657906653402266,0.9953420933465977,0.9953420933465977
4896,0,0,1,0.995109557888327,0.004890442111672953,0.995109557888327
12191,1,1,1,0.0062484309347393685,0.9937515690652606,0.9937515690652606
14277,1,1,1,8.998775391122482e-05,0.9999100122460888,0.9999100122460888
19415,1,1,1,0.014844103866130443,0.9851558961338696,0.9851558961338696
16222,1,0,0,0.9777110490689204,0.0222889509310796,0.9777110490689204
15242,1,1,1,0.007247614002532932,0.9927523859974671,0.9927523859974671
8534,0,0,1,0.9998928546727421,0.00010714532725786397,0.9998928546727421
19166,1,1,1,6.817871436226586e-05,0.9999318212856377,0.9999318212856377
13135,1,1,1,0.0007715599528631545,0.9992284400471368,0.9992284400471368
12729,1,1,1,0.000200573916083302,0.9997994260839167,0.9997994260839167
14037,1,1,1,0.010742474326293716,0.9892575256737063,0.9892575256737063
8003,0,0,1,0.9997134689628883,0.0002865310371117833,0.9997134689628883
13016,1,1,1,0.0017465073814791898,0.9982534926185208,0.9982534926185208
16975,1,1,1,0.10680042350277696,0.893199576497223,0.893199576497223
13157,1,1,1,0.0049613406217966505,0.9950386593782033,0.9950386593782033
11664,1,1,1,0.00015253821333205408,0.999847461786668,0.999847461786668
4843,0,0,1,0.98184685065245,0.018153149347549927,0.98184685065245
16759,1,1,1,0.016827092682979772,0.9831729073170202,0.9831729073170202
7834,0,0,1,0.9996979648043248,0.00030203519567516816,0.9996979648043248
6261,0,0,1,0.6258156098104117,0.3741843901895883,0.6258156098104117
18054,1,1,1,0.02975202790362952,0.9702479720963705,0.9702479720963705
1078,0,0,1,0.9892985072634825,0.010701492736517522,0.9892985072634825
17244,1,1,1,0.203137720508334,0.796862279491666,0.796862279491666
8556,0,0,1,0.9996972778095086,0.00030272219049144587,0.9996972778095086
2001,0,0,1,0.9869924574919471,0.013007542508052916,0.9869924574919471
15650,1,1,1,0.006618841878220039,0.99338115812178,0.99338115812178
3716,0,0,1,0.992748023266502,0.007251976733497957,0.992748023266502
7544,0,0,1,0.9994229569667192,0.0005770430332807648,0.9994229569667192
3286,0,0,1,0.9949364610228092,0.0050635389771907825,0.9949364610228092
2967,0,0,1,0.9362873170333282,0.06371268296667176,0.9362873170333282
391,0,0,1,0.9880340671121539,0.011965932887846033,0.9880340671121539
17387,1,1,1,0.007856366799546488,0.9921436332004535,0.9921436332004535
6409,0,0,1,0.8464463159672913,0.15355368403270875,0.8464463159672913
9402,0,0,1,0.9994425283468596,0.0005574716531403598,0.9994425283468596
5825,0,0,1,0.9370078133680695,0.06299218663193051,0.9370078133680695
17304,1,1,1,0.168964050360228,0.831035949639772,0.831035949639772
4904,0,0,1,0.9200788567200274,0.07992114327997257,0.9200788567200274
11429,1,1,1,0.00025909186829653486,0.9997409081317035,0.9997409081317035
1390,0,0,1,0.9773038109763827,0.022696189023617287,0.9773038109763827
584,0,0,1,0.9977279657518403,0.0022720342481597046,0.9977279657518403
15930,1,1,1,5.320435007216684e-05,0.9999467956499278,0.9999467956499278
12350,1,1,1,0.0364608724257206,0.9635391275742794,0.9635391275742794
14574,1,1,1,0.0026651095743895903,0.9973348904256104,0.9973348904256104
1805,0,0,1,0.9735609409613881,0.02643905903861193,0.9735609409613881
12015,1,1,1,0.0006226184717508243,0.9993773815282492,0.9993773815282492
11685,1,1,1,6.0024982984741015e-05,0.9999399750170153,0.9999399750170153
12165,1,1,1,0.0050666298639096,0.9949333701360904,0.9949333701360904
10303,1,1,1,0.0011277631634057927,0.9988722368365942,0.9988722368365942
14604,1,1,1,0.010510256413686081,0.9894897435863139,0.9894897435863139
14255,1,1,1,0.0007006877225578245,0.9992993122774422,0.9992993122774422
15905,1,1,1,0.00033789076687607,0.9996621092331239,0.9996621092331239
6673,0,0,1,0.9879148197985642,0.012085180201435826,0.9879148197985642
18794,1,1,1,0.0007489901927548726,0.9992510098072451,0.9992510098072451
10755,1,1,1,0.001145699862750038,0.99885430013725,0.99885430013725
10117,1,1,1,0.00033033107287105956,0.9996696689271289,0.9996696689271289
12609,1,1,1,0.0004624597586562196,0.9995375402413438,0.9995375402413438
3626,0,0,1,0.9827146827474228,0.01728531725257716,0.9827146827474228
1758,0,0,1,0.9886924053700867,0.0113075946299133,0.9886924053700867
2480,0,0,1,0.9419607233701381,0.05803927662986181,0.9419607233701381
9716,0,0,1,0.9981652672525209,0.0018347327474791898,0.9981652672525209
5418,0,0,1,0.9136158755402269,0.08638412445977303,0.9136158755402269
13052,1,1,1,0.0002561981275930325,0.999743801872407,0.999743801872407
13572,1,1,1,0.00115769495026119,0.9988423050497388,0.9988423050497388
4744,0,0,1,0.8833493596775158,0.11665064032248416,0.8833493596775158
10016,1,1,1,0.016923681841142568,0.9830763181588574,0.9830763181588574
3466,0,0,1,0.9632123236899985,0.036787676310001474,0.9632123236899985
7160,0,0,1,0.9952537654276353,0.004746234572364639,0.9952537654276353
9107,0,0,1,0.9998759036254823,0.00012409637451766886,0.9998759036254823
10572,1,1,1,0.0009733216498946096,0.9990266783501054,0.9990266783501054
7391,0,0,1,0.9829220976690338,0.017077902330966215,0.9829220976690338
14514,1,1,1,7.047286618366844e-05,0.9999295271338163,0.9999295271338163
11469,1,1,1,0.00041384874862726573,0.9995861512513727,0.9995861512513727
9763,0,0,1,0.9990673620278132,0.000932637972186763,0.9990673620278132
6651,0,0,1,0.9665929312401791,0.03340706875982095,0.9665929312401791
18898,1,1,1,7.562099046309889e-05,0.9999243790095369,0.9999243790095369
4313,0,0,1,0.9310558832105089,0.06894411678949106,0.9310558832105089
17760,1,1,1,0.005151257799826947,0.994848742200173,0.994848742200173
2605,0,0,1,0.9780407165375833,0.021959283462416698,0.9780407165375833
10724,1,1,1,0.0010879723259642482,0.9989120276740358,0.9989120276740358
17069,1,1,1,0.40425942187081354,0.5957405781291865,0.5957405781291865
15175,1,1,1,0.016825748961947884,0.9831742510380521,0.9831742510380521
6640,0,0,1,0.8288998292462711,0.17110017075372888,0.8288998292462711
9928,0,0,1,0.9997626782067237,0.00023732179327626976,0.9997626782067237
5369,0,1,0,0.020307148224057325,0.9796928517759427,0.9796928517759427
8191,0,0,1,0.9997908101037556,0.00020918989624444596,0.9997908101037556
10001,1,1,1,0.00267771175678555,0.9973222882432144,0.9973222882432144
12902,1,1,1,0.002866235055409394,0.9971337649445906,0.9971337649445906
10893,1,1,1,0.0015629849906122484,0.9984370150093878,0.9984370150093878
4106,0,0,1,0.988004055047397,0.011995944952603053,0.988004055047397
14563,1,1,1,0.009158321665258984,0.990841678334741,0.990841678334741
14578,1,1,1,0.002193728923501559,0.9978062710764984,0.9978062710764984
14452,1,1,1,0.016354144957485217,0.9836458550425148,0.9836458550425148
8997,0,0,1,0.9992724405267476,0.0007275594732523968,0.9992724405267476
2620,0,0,1,0.7556940566370288,0.24430594336297118,0.7556940566370288
9708,0,0,1,0.9995634547463002,0.0004365452536998765,0.9995634547463002
2386,0,0,1,0.9867802671965037,0.013219732803496337,0.9867802671965037
1606,0,0,1,0.9892712567556408,0.010728743244359228,0.9892712567556408
18043,1,1,1,0.013544621080598063,0.9864553789194019,0.9864553789194019
1668,0,0,1,0.9934417827114785,0.0065582172885214705,0.9934417827114785
8906,0,0,1,0.9997361977726412,0.00026380222735882994,0.9997361977726412
10212,1,1,1,0.0005000912622957765,0.9994999087377042,0.9994999087377042
4710,0,0,1,0.9927081079271708,0.007291892072829233,0.9927081079271708
11399,1,1,1,0.0002715872767397043,0.9997284127232603,0.9997284127232603
5037,0,0,1,0.9822432950308424,0.017756704969157593,0.9822432950308424
17560,1,1,1,0.008775001420763151,0.9912249985792368,0.9912249985792368
14792,1,1,1,0.00015162521269618257,0.9998483747873038,0.9998483747873038
16590,1,0,0,0.9147648869386723,0.08523511306132768,0.9147648869386723
17369,1,1,1,0.005779492502400729,0.9942205074975993,0.9942205074975993
4373,0,0,1,0.9871177621650223,0.012882237834977687,0.9871177621650223
10718,1,1,1,0.0009239590536896936,0.9990760409463103,0.9990760409463103
11840,1,1,1,5.317643360447377e-05,0.9999468235663955,0.9999468235663955
13690,1,1,1,0.0037415201120551966,0.9962584798879448,0.9962584798879448
11959,1,1,1,0.007382012054164111,0.9926179879458359,0.9926179879458359
4280,0,0,1,0.9563110842481185,0.043688915751881524,0.9563110842481185
6177,0,0,1,0.9857238928539895,0.01427610714601051,0.9857238928539895
10460,1,1,1,0.0006869974169599891,0.99931300258304,0.99931300258304
7645,0,0,1,0.9997097660010488,0.00029023399895126723,0.9997097660010488
10140,1,1,1,0.0007692954176616862,0.9992307045823383,0.9992307045823383
18600,1,1,1,0.1068763510984514,0.8931236489015486,0.8931236489015486
1064,0,0,1,0.9906503690443351,0.009349630955664896,0.9906503690443351
11743,1,1,1,7.702267129350293e-05,0.9999229773287065,0.9999229773287065
7562,0,0,1,0.999615559313697,0.0003844406863029894,0.999615559313697
5481,0,0,1,0.9911333933145897,0.008866606685410297,0.9911333933145897
5581,0,0,1,0.9918357045736119,0.008164295426388125,0.9918357045736119
4077,0,0,1,0.9950526426688522,0.004947357331147859,0.9950526426688522
11838,1,1,1,6.23810377312628e-05,0.9999376189622687,0.9999376189622687
4696,0,0,1,0.9421445277067997,0.05785547229320031,0.9421445277067997
7561,0,0,1,0.9994361883068527,0.0005638116931472937,0.9994361883068527
4830,0,0,1,0.9555895251185983,0.04441047488140168,0.9555895251185983
1605,0,0,1,0.9951080327239843,0.004891967276015663,0.9951080327239843
16910,1,1,1,0.06283848793315194,0.9371615120668481,0.9371615120668481
7309,0,0,1,0.9987901548171415,0.0012098451828584493,0.9987901548171415
8155,0,0,1,0.9996256525728087,0.00037434742719130444,0.9996256525728087
10030,1,1,1,0.0036000280383484684,0.9963999719616515,0.9963999719616515
6686,0,1,0,0.12409602930182662,0.8759039706981734,0.8759039706981734
2404,0,0,1,0.985006064819816,0.014993935180184034,0.985006064819816
10869,1,1,1,0.001831107727417125,0.9981688922725829,0.9981688922725829
22,0,0,1,0.9079379189863063,0.09206208101369374,0.9079379189863063
12799,1,1,1,0.007426004465795333,0.9925739955342047,0.9925739955342047
141,0,0,1,0.8069009759151988,0.19309902408480117,0.8069009759151988
6904,0,0,1,0.9822788764362723,0.01772112356372773,0.9822788764362723
2819,0,0,1,0.9505794395967182,0.04942056040328181,0.9505794395967182
2823,0,0,1,0.9882516195090729,0.011748380490927126,0.9882516195090729
607,0,0,1,0.9647260102182809,0.03527398978171917,0.9647260102182809
1734,0,1,0,0.4027190603460844,0.5972809396539156,0.5972809396539156
13347,1,1,1,0.04011561611742076,0.9598843838825792,0.9598843838825792
420,0,0,1,0.989866974141941,0.01013302585805899,0.989866974141941
73,0,0,1,0.983715097439693,0.016284902560307013,0.983715097439693
19038,1,1,1,0.009776626180009518,0.9902233738199905,0.9902233738199905
3069,0,0,1,0.9944710592470858,0.0055289407529142045,0.9944710592470858
17764,1,1,1,0.003189088026512188,0.9968109119734878,0.9968109119734878
13502,1,1,1,0.004417394449462986,0.995582605550537,0.995582605550537
6990,0,0,1,0.9920232884215288,0.007976711578471239,0.9920232884215288
13168,1,1,1,0.005306828529706875,0.9946931714702931,0.9946931714702931
16055,1,0,0,0.5420757920737411,0.45792420792625893,0.5420757920737411
17553,1,1,1,0.2501174503559487,0.7498825496440513,0.7498825496440513
2066,0,0,1,0.974033494831729,0.025966505168271058,0.974033494831729
14654,1,1,1,0.005590547641231347,0.9944094523587687,0.9944094523587687
10765,1,1,1,0.0018485651539347225,0.9981514348460653,0.9981514348460653
15496,1,1,1,0.0005945307162876778,0.9994054692837123,0.9994054692837123
14398,1,1,1,0.00012325317881667353,0.9998767468211833,0.9998767468211833
4668,0,0,1,0.9590838575525428,0.04091614244745725,0.9590838575525428
14455,1,1,1,0.00010863527240312365,0.9998913647275969,0.9998913647275969
4492,0,0,1,0.7373085915291557,0.2626914084708442,0.7373085915291557
4241,0,0,1,0.9854617522567517,0.014538247743248254,0.9854617522567517
1960,0,0,1,0.733460004725296,0.26653999527470396,0.733460004725296
1017,0,0,1,0.9905301507569614,0.009469849243038638,0.9905301507569614
15009,1,1,1,0.016354752165080866,0.9836452478349191,0.9836452478349191
307,0,0,1,0.9946786000983128,0.005321399901687211,0.9946786000983128
1268,0,0,1,0.914093034678868,0.08590696532113197,0.914093034678868
561,0,0,1,0.993776162188071,0.00622383781192906,0.993776162188071
8494,0,0,1,0.9998015073488454,0.00019849265115454428,0.9998015073488454
2191,0,0,1,0.9959857611828377,0.0040142388171622995,0.9959857611828377
17492,1,1,1,0.006243620787454995,0.993756379212545,0.993756379212545
4441,0,0,1,0.94709959876488,0.05290040123511998,0.94709959876488
4181,0,0,1,0.9873831173554988,0.012616882644501176,0.9873831173554988
13245,1,1,1,0.005428117607592986,0.994571882392407,0.994571882392407
9613,0,0,1,0.9998823256057874,0.00011767439421257071,0.9998823256057874
15676,1,1,1,2.88015846215961e-05,0.9999711984153784,0.9999711984153784
689,0,0,1,0.9909166299872336,0.009083370012766394,0.9909166299872336
18336,1,1,1,0.037352734329120896,0.9626472656708791,0.9626472656708791
7968,0,0,1,0.9879314651808767,0.01206853481912329,0.9879314651808767
2199,0,0,1,0.9830175610962706,0.01698243890372945,0.9830175610962706
2483,0,0,1,0.9968262086435264,0.0031737913564735547,0.9968262086435264
7471,0,0,1,0.958673882334947,0.041326117665052974,0.958673882334947
14232,1,1,1,6.999820091035946e-05,0.9999300017990896,0.9999300017990896
2753,0,0,1,0.9410823029736136,0.05891769702638637,0.9410823029736136
19050,1,1,1,0.18175759585188822,0.8182424041481118,0.8182424041481118
12019,1,1,1,0.002983755710980529,0.9970162442890195,0.9970162442890195
19898,1,1,1,0.001093062308416437,0.9989069376915836,0.9989069376915836
3694,0,0,1,0.9789563793990782,0.021043620600921836,0.9789563793990782
15534,1,1,1,0.00030598433378203893,0.999694015666218,0.999694015666218
14283,1,1,1,0.00014150164613668803,0.9998584983538633,0.9998584983538633
11560,1,1,1,8.198545298088167e-05,0.9999180145470191,0.9999180145470191
9436,0,0,1,0.999619834385886,0.0003801656141139721,0.999619834385886
1066,0,0,1,0.9906372589928669,0.009362741007133085,0.9906372589928669
16422,1,0,0,0.9792650216269464,0.020734978373053606,0.9792650216269464
13387,1,1,1,0.001225259789142119,0.9987747402108579,0.9987747402108579
17255,1,1,1,0.37054008699497176,0.6294599130050282,0.6294599130050282
18859,1,1,1,9.143833281544111e-05,0.9999085616671846,0.9999085616671846
13743,1,1,1,0.00019511976748143312,0.9998048802325186,0.9998048802325186
4069,0,0,1,0.7340007569207482,0.2659992430792518,0.7340007569207482
8057,0,0,1,0.999838581160075,0.00016141883992505128,0.999838581160075
6844,0,0,1,0.9929848525965589,0.0070151474034410655,0.9929848525965589
19861,1,1,1,0.005840384904772233,0.9941596150952278,0.9941596150952278
3264,0,0,1,0.9889532217840742,0.01104677821592586,0.9889532217840742
18120,1,1,1,0.017143734013471468,0.9828562659865285,0.9828562659865285
12436,1,1,1,0.00020296575902967184,0.9997970342409703,0.9997970342409703
17774,1,1,1,0.05951482231393146,0.9404851776860685,0.9404851776860685
17703,1,1,1,0.1330531136294688,0.8669468863705312,0.8669468863705312
13071,1,1,1,0.0003872071702748503,0.9996127928297251,0.9996127928297251
5421,0,0,1,0.9898419326955901,0.010158067304409976,0.9898419326955901
6665,0,0,1,0.9835238629708636,0.016476137029136473,0.9835238629708636
10315,1,1,1,0.00139796206888676,0.9986020379311132,0.9986020379311132
13099,1,1,1,0.0008498683022492015,0.9991501316977508,0.9991501316977508
16993,1,0,0,0.9945056768028833,0.005494323197116756,0.9945056768028833
12367,1,1,1,0.00020367339371540893,0.9997963266062846,0.9997963266062846
15273,1,1,1,0.0936284166827277,0.9063715833172723,0.9063715833172723
10554,1,1,1,0.0005694584195149455,0.999430541580485,0.999430541580485
7140,0,0,1,0.9628998932412761,0.03710010675872387,0.9628998932412761
16959,1,1,1,0.0010844875723300396,0.99891551242767,0.99891551242767
1242,0,0,1,0.9551097973952763,0.0448902026047236,0.9551097973952763
1909,0,0,1,0.998542775861038,0.0014572241389619548,0.998542775861038
10736,1,1,1,0.0016462080347247054,0.9983537919652753,0.9983537919652753
4950,0,0,1,0.9824943919605783,0.01750560803942173,0.9824943919605783
17994,1,1,1,0.005519434948366597,0.9944805650516334,0.9944805650516334
5364,0,0,1,0.9779410820646067,0.02205891793539323,0.9779410820646067
2429,0,0,1,0.9310618109271512,0.06893818907284881,0.9310618109271512
10511,1,1,1,0.0005475893655814135,0.9994524106344186,0.9994524106344186
17319,1,1,1,0.0007974665706592665,0.9992025334293407,0.9992025334293407
2897,0,0,1,0.991859109616401,0.008140890383598949,0.991859109616401
6312,0,0,1,0.9956922850375807,0.004307714962419361,0.9956922850375807
18769,1,1,1,0.0025767775935012782,0.9974232224064987,0.9974232224064987
12677,1,1,1,0.004373503841511472,0.9956264961584885,0.9956264961584885
5243,0,0,1,0.9621666434439117,0.03783335655608833,0.9621666434439117
17412,1,1,1,0.07210994511572622,0.9278900548842738,0.9278900548842738
5925,0,0,1,0.9929171982195549,0.0070828017804450425,0.9929171982195549
8648,0,0,1,0.9998274602686682,0.00017253973133177106,0.9998274602686682
16690,1,0,0,0.8014272699251263,0.19857273007487372,0.8014272699251263
8348,0,0,1,0.9998199478692421,0.00018005213075791225,0.9998199478692421
13594,1,1,1,0.00017867395630699612,0.999821326043693,0.999821326043693
250,0,0,1,0.9288521648667598,0.07114783513324018,0.9288521648667598
4977,0,0,1,0.959847247944696,0.040152752055304004,0.959847247944696
18616,1,1,1,0.0003169118771043644,0.9996830881228956,0.9996830881228956
19089,1,1,1,0.000643262195169636,0.9993567378048304,0.9993567378048304
17247,1,1,1,0.007024257403777212,0.9929757425962228,0.9929757425962228
4645,0,0,1,0.9684680228598725,0.03153197714012743,0.9684680228598725
944,0,0,1,0.8924676646143167,0.1075323353856833,0.8924676646143167
12808,1,1,1,0.00017086612400285528,0.9998291338759971,0.9998291338759971
13022,1,1,1,0.0018055049039579218,0.9981944950960421,0.9981944950960421
9275,0,0,1,0.9994123331414928,0.0005876668585071883,0.9994123331414928
6887,0,0,1,0.9920848272136406,0.007915172786359394,0.9920848272136406
11923,1,1,1,0.00010126601866522478,0.9998987339813348,0.9998987339813348
6163,0,0,1,0.9811060001326527,0.018893999867347272,0.9811060001326527
15564,1,1,1,5.093538103984052e-05,0.9999490646189602,0.9999490646189602
16965,1,0,0,0.8295390901538144,0.17046090984618553,0.8295390901538144
12952,1,1,1,0.007034534593673758,0.9929654654063262,0.9929654654063262
5130,0,0,1,0.9944939621178188,0.005506037882181196,0.9944939621178188
18655,1,1,1,0.03245826794837159,0.9675417320516284,0.9675417320516284
11607,1,1,1,0.0007024003625462072,0.9992975996374538,0.9992975996374538
1529,0,0,1,0.994816345328242,0.005183654671757946,0.994816345328242
12663,1,1,1,0.00020367339371540893,0.9997963266062846,0.9997963266062846
15123,1,1,1,0.1882462551863907,0.8117537448136093,0.8117537448136093
5930,0,0,1,0.9669106820731407,0.03308931792685935,0.9669106820731407
15058,1,1,1,0.010142033268372708,0.9898579667316273,0.9898579667316273
13403,1,1,1,0.00022990161905478423,0.9997700983809452,0.9997700983809452
1940,0,0,1,0.8405513304750823,0.15944866952491768,0.8405513304750823
18535,1,1,1,0.09545193509041261,0.9045480649095874,0.9045480649095874
18500,1,1,1,0.008226324751324565,0.9917736752486754,0.9917736752486754
18908,1,1,1,0.00020761077571085362,0.9997923892242891,0.9997923892242891
15280,1,1,1,0.0010442264467440676,0.9989557735532559,0.9989557735532559
8196,0,0,1,0.9937069388791042,0.00629306112089579,0.9937069388791042
14303,1,1,1,8.661081226346568e-05,0.9999133891877365,0.9999133891877365
1240,0,0,1,0.9935067845186982,0.006493215481301737,0.9935067845186982
13922,1,1,1,0.00021644487661809375,0.9997835551233819,0.9997835551233819
11552,1,1,1,7.66193950842986e-05,0.9999233806049157,0.9999233806049157
18918,1,1,1,6.887884290285307e-05,0.9999311211570971,0.9999311211570971
3788,0,0,1,0.9801513476499569,0.019848652350043062,0.9801513476499569
5448,0,0,1,0.9371935571170862,0.06280644288291384,0.9371935571170862
17458,1,1,1,0.00729146292899252,0.9927085370710075,0.9927085370710075
10890,1,1,1,0.0015172525267616033,0.9984827474732384,0.9984827474732384
16990,1,1,1,0.49160988874069045,0.5083901112593096,0.5083901112593096
17744,1,1,1,0.10121961863508999,0.89878038136491,0.89878038136491
11490,1,1,1,0.00013583801308225674,0.9998641619869177,0.9998641619869177
6968,0,0,1,0.8018206603283233,0.1981793396716766,0.8018206603283233
8321,0,0,1,0.9997286047412491,0.0002713952587508187,0.9997286047412491
3658,0,0,1,0.9519671715384074,0.04803282846159259,0.9519671715384074
15568,1,1,1,0.000154425717647233,0.9998455742823528,0.9998455742823528
13910,1,1,1,0.0006630837741099516,0.99933691622589,0.99933691622589
7716,0,0,1,0.9971517684955853,0.002848231504414674,0.9971517684955853
14622,1,1,1,0.002681088293763567,0.9973189117062364,0.9973189117062364
9907,0,0,1,0.9992666710111615,0.00073332898883854,0.9992666710111615
5342,0,0,1,0.7847297965741196,0.21527020342588038,0.7847297965741196
4032,0,0,1,0.9935733908230805,0.00642660917691955,0.9935733908230805
8437,0,0,1,0.9993391794968,0.0006608205032000072,0.9993391794968
13551,1,1,1,0.0007829786344316636,0.9992170213655683,0.9992170213655683
12577,1,1,1,0.00027759165224860993,0.9997224083477514,0.9997224083477514
9940,0,0,1,0.9998514993329617,0.00014850066703833855,0.9998514993329617
10992,1,1,1,0.0014912729391686197,0.9985087270608314,0.9985087270608314
18116,1,1,1,0.010409425502214131,0.9895905744977859,0.9895905744977859
12680,1,1,1,0.00023242988611504867,0.999767570113885,0.999767570113885
15153,1,1,1,0.005907182359602081,0.9940928176403979,0.9940928176403979
6348,0,0,1,0.990869819232278,0.009130180767721955,0.990869819232278
3780,0,0,1,0.9858365138983959,0.01416348610160417,0.9858365138983959
13307,1,1,1,0.0002511522675026079,0.9997488477324974,0.9997488477324974
1760,0,0,1,0.9891802493864222,0.010819750613577785,0.9891802493864222
11926,1,1,1,0.006688366481117924,0.9933116335188821,0.9933116335188821
6512,0,0,1,0.9895568863799342,0.010443113620065735,0.9895568863799342
1694,0,0,1,0.9943683185836961,0.005631681416303869,0.9943683185836961
6441,0,0,1,0.9542730169905079,0.04572698300949207,0.9542730169905079
11379,1,1,1,0.00028264319974491414,0.9997173568002551,0.9997173568002551
18814,1,1,1,0.00551793066135009,0.9944820693386499,0.9944820693386499
3411,0,0,1,0.9566760402000289,0.0433239597999711,0.9566760402000289
1461,0,0,1,0.9794090817496458,0.020590918250354157,0.9794090817496458
16585,1,0,0,0.5593022424016636,0.44069775759833635,0.5593022424016636
12331,1,1,1,0.001590041244784235,0.9984099587552158,0.9984099587552158
12080,1,1,1,0.00023856093433649583,0.9997614390656635,0.9997614390656635
11934,1,1,1,7.178503127336366e-05,0.9999282149687266,0.9999282149687266
7168,0,0,1,0.9884020885487788,0.011597911451221233,0.9884020885487788
10649,1,1,1,0.0007265963830338507,0.9992734036169661,0.9992734036169661
19240,1,1,1,0.0004553748607730723,0.9995446251392269,0.9995446251392269
18956,1,1,1,0.002734134330480642,0.9972658656695194,0.9972658656695194
2682,0,0,1,0.988942526885221,0.011057473114778988,0.988942526885221
15360,1,1,1,0.06474512829107171,0.9352548717089283,0.9352548717089283
3194,0,0,1,0.9912472416671362,0.008752758332863852,0.9912472416671362
9533,0,0,1,0.9997457674909942,0.00025423250900582524,0.9997457674909942
12612,1,1,1,0.0001999824990057686,0.9998000175009942,0.9998000175009942
1926,0,0,1,0.8645689622754398,0.13543103772456025,0.8645689622754398
12714,1,1,1,0.0002105778792349522,0.999789422120765,0.999789422120765
16918,1,0,0,0.7992657980156996,0.20073420198430036,0.7992657980156996
9022,0,0,1,0.999801927951257,0.00019807204874295575,0.999801927951257
13569,1,1,1,0.00019511976748143312,0.9998048802325186,0.9998048802325186
9299,0,0,1,0.9998415985881011,0.00015840141189889823,0.9998415985881011
8203,0,0,1,0.9043381878266954,0.09566181217330463,0.9043381878266954
1710,0,0,1,0.9790565841983258,0.0209434158016743,0.9790565841983258
6631,0,0,1,0.9386644331400338,0.06133556685996618,0.9386644331400338
16792,1,1,1,0.25928928588214806,0.7407107141178519,0.7407107141178519
9891,0,0,1,0.9993410975929873,0.0006589024070127617,0.9993410975929873
5552,0,0,1,0.9900105845318068,0.009989415468193192,0.9900105845318068
1970,0,0,1,0.9860383135654944,0.013961686434505538,0.9860383135654944
138,0,0,1,0.994286428334429,0.005713571665570918,0.994286428334429
14561,1,1,1,0.011175882359695466,0.9888241176403045,0.9888241176403045
7130,0,0,1,0.9950109339461326,0.004989066053867376,0.9950109339461326
18761,1,1,1,0.014090230636868095,0.9859097693631319,0.9859097693631319
13666,1,1,1,0.0011074497366192482,0.9988925502633808,0.9988925502633808
12543,1,1,1,0.0001999824990057686,0.9998000175009942,0.9998000175009942
1013,0,0,1,0.92235779618743,0.07764220381257006,0.92235779618743
6662,0,0,1,0.9862827004172336,0.013717299582766313,0.9862827004172336
6635,0,0,1,0.9890120960523621,0.010987903947637946,0.9890120960523621
12188,1,1,1,0.000703871722508187,0.9992961282774918,0.9992961282774918
14417,1,1,1,0.0009005216204861499,0.9990994783795139,0.9990994783795139
11761,1,1,1,0.0002739255864391277,0.9997260744135609,0.9997260744135609
5595,0,1,0,0.03161090564647462,0.9683890943535254,0.9683890943535254
13167,1,1,1,0.0011121742552677727,0.9988878257447322,0.9988878257447322
5272,0,0,1,0.9745796828340941,0.02542031716590583,0.9745796828340941
17050,1,0,0,0.8936375637971254,0.10636243620287458,0.8936375637971254
13723,1,1,1,0.00018339395179800544,0.999816606048202,0.999816606048202
14524,1,1,1,7.455961911995157e-05,0.99992544038088,0.99992544038088
13975,1,1,1,0.0016610765743859668,0.998338923425614,0.998338923425614
17088,1,0,0,0.9699494025319979,0.030050597468002125,0.9699494025319979
4993,0,0,1,0.900146582738867,0.0998534172611329,0.900146582738867
7408,0,0,1,0.911528550578612,0.08847144942138793,0.911528550578612
17242,1,0,0,0.6852027737410802,0.31479722625891987,0.6852027737410802
1250,0,0,1,0.9335050821751905,0.06649491782480955,0.9335050821751905
4913,0,0,1,0.9465100887587872,0.05348991124121287,0.9465100887587872
4642,0,0,1,0.9638991758339943,0.036100824166005664,0.9638991758339943
6784,0,0,1,0.9956675468735438,0.0043324531264562925,0.9956675468735438
10836,1,1,1,0.0011685818554540983,0.9988314181445459,0.9988314181445459
9820,0,0,1,0.9991715965463897,0.0008284034536103409,0.9991715965463897
6878,0,0,1,0.994569922189189,0.005430077810810964,0.994569922189189
8214,0,0,1,0.9981048693581699,0.0018951306418301642,0.9981048693581699
15266,1,1,1,0.17318551007964067,0.8268144899203593,0.8268144899203593
16693,1,1,1,0.000873019252762508,0.9991269807472375,0.9991269807472375
3135,0,0,1,0.8783796570881863,0.12162034291181364,0.8783796570881863
2588,0,0,1,0.9914563528649237,0.008543647135076231,0.9914563528649237
2061,0,0,1,0.9686837265449709,0.03131627345502912,0.9686837265449709
14811,1,1,1,0.00593592721934888,0.9940640727806511,0.9940640727806511
9736,0,0,1,0.9698547467428666,0.030145253257133364,0.9698547467428666
10197,1,1,1,0.0012888790834483244,0.9987111209165517,0.9987111209165517
341,0,0,1,0.6429217709350734,0.35707822906492664,0.6429217709350734
6108,0,0,1,0.9894585624974186,0.010541437502581373,0.9894585624974186
6286,0,0,1,0.9960002400059234,0.003999759994076597,0.9960002400059234
13657,1,1,1,0.0005228680497664229,0.9994771319502336,0.9994771319502336
15056,1,1,1,0.013782195719264423,0.9862178042807356,0.9862178042807356
11122,1,1,1,0.001719855015969829,0.9982801449840302,0.9982801449840302
16385,1,0,0,0.8278656674577907,0.17213433254220936,0.8278656674577907
19580,1,1,1,0.0001237162273504122,0.9998762837726496,0.9998762837726496
14625,1,1,1,0.004580501255133873,0.9954194987448661,0.9954194987448661
10041,1,1,1,0.0011959850113675285,0.9988040149886325,0.9988040149886325
14631,1,1,1,0.0022195200989386654,0.9977804799010613,0.9977804799010613
10891,1,1,1,0.0014421203606401756,0.9985578796393598,0.9985578796393598
16077,1,0,0,0.8375156857309819,0.16248431426901808,0.8375156857309819
10452,1,1,1,0.0007485799758709666,0.999251420024129,0.999251420024129
5887,0,0,1,0.9920727099711792,0.007927290028820772,0.9920727099711792
9164,0,0,1,0.9998164888365308,0.00018351116346920302,0.9998164888365308
17002,1,1,1,0.26943495511395066,0.7305650448860493,0.7305650448860493
2695,0,0,1,0.9890083281817501,0.010991671818249869,0.9890083281817501
1215,0,0,1,0.990014609883839,0.009985390116160935,0.990014609883839
527,0,0,1,0.5543532691173966,0.4456467308826034,0.5543532691173966
18886,1,1,1,0.00033143005422087146,0.9996685699457791,0.9996685699457791
1334,0,0,1,0.9875534269150643,0.01244657308493574,0.9875534269150643
12468,1,1,1,0.00016580561514456527,0.9998341943848554,0.9998341943848554
10630,1,1,1,0.0005640961700653646,0.9994359038299346,0.9994359038299346
10308,1,1,1,0.0002796907190155684,0.9997203092809844,0.9997203092809844
2780,0,0,1,0.9882484859154019,0.011751514084598031,0.9882484859154019
9744,0,0,1,0.9998599424579636,0.00014005754203643648,0.9998599424579636
15198,1,1,1,0.008028394643932568,0.9919716053560674,0.9919716053560674
18263,1,1,1,0.007928813631580822,0.9920711863684192,0.9920711863684192
18317,1,1,1,0.00463293677891774,0.9953670632210823,0.9953670632210823
3934,0,0,1,0.9308728844703013,0.06912711552969872,0.9308728844703013
7278,0,0,1,0.9647973258404879,0.03520267415951211,0.9647973258404879
7442,0,0,1,0.9768429637920768,0.023157036207923226,0.9768429637920768
3162,0,0,1,0.9532117420065432,0.04678825799345675,0.9532117420065432
14061,1,1,1,5.2669246353054255e-05,0.999947330753647,0.999947330753647
13642,1,1,1,0.0007106687811631041,0.9992893312188369,0.9992893312188369
3688,0,0,1,0.9704528729530846,0.029547127046915447,0.9704528729530846
6971,0,0,1,0.9770124099915987,0.022987590008401313,0.9770124099915987
687,0,0,1,0.9649871753983305,0.03501282460166958,0.9649871753983305
4531,0,0,1,0.976211695510501,0.023788304489498927,0.976211695510501
4831,0,0,1,0.9921947889512894,0.007805211048710584,0.9921947889512894
921,0,1,0,0.028750523601790312,0.9712494763982097,0.9712494763982097
3451,0,0,1,0.9849086748476134,0.01509132515238662,0.9849086748476134
17971,1,1,1,0.010978974828551591,0.9890210251714484,0.9890210251714484
6062,0,0,1,0.7542461839467276,0.24575381605327246,0.7542461839467276
10924,1,1,1,0.0020069996230714926,0.9979930003769285,0.9979930003769285
19222,1,1,1,0.00026337380251784115,0.9997366261974822,0.9997366261974822
9970,0,0,1,0.9988391851594873,0.0011608148405126983,0.9988391851594873
4683,0,0,1,0.8929177337381086,0.1070822662618914,0.8929177337381086
3824,0,0,1,0.9853881571071842,0.014611842892815806,0.9853881571071842
11284,1,1,1,0.00022934072090297075,0.999770659279097,0.999770659279097
13287,1,1,1,0.00023168238299142718,0.9997683176170086,0.9997683176170086
2953,0,0,1,0.9911119618365818,0.008888038163418233,0.9911119618365818
1443,0,0,1,0.99492383497625,0.005076165023750014,0.99492383497625
4149,0,0,1,0.9888621467601788,0.011137853239821157,0.9888621467601788
15706,1,1,1,8.412039883942679e-05,0.9999158796011606,0.9999158796011606
13774,1,1,1,0.0003440302317929689,0.999655969768207,0.999655969768207
3122,0,0,1,0.982455651520713,0.01754434847928699,0.982455651520713
4100,0,0,1,0.9760641349150544,0.02393586508494564,0.9760641349150544
8428,0,0,1,0.999595307021609,0.0004046929783909266,0.999595307021609
10959,1,1,1,0.004360291861770005,0.99563970813823,0.99563970813823
14914,1,1,1,0.006021025745528097,0.9939789742544719,0.9939789742544719
14143,1,1,1,5.014322613428046e-05,0.9999498567738657,0.9999498567738657
17768,1,1,1,0.25875309552193126,0.7412469044780687,0.7412469044780687
4235,0,0,1,0.9372152657107048,0.06278473428929517,0.9372152657107048
8801,0,0,1,0.9998891874627106,0.00011081253728934905,0.9998891874627106
17466,1,1,1,0.007795391773144034,0.992204608226856,0.992204608226856
15914,1,1,1,0.00012260495757487888,0.9998773950424251,0.9998773950424251
16224,1,1,1,0.408869555596319,0.591130444403681,0.591130444403681
10859,1,1,1,0.0020503498962569644,0.997949650103743,0.997949650103743
17730,1,1,1,0.04536096286763347,0.9546390371323665,0.9546390371323665
1168,0,0,1,0.9657195448786005,0.034280455121399524,0.9657195448786005
9444,0,0,1,0.9995528838837684,0.0004471161162315826,0.9995528838837684
6986,0,0,1,0.9149530794757821,0.08504692052421793,0.9149530794757821
7791,0,0,1,0.999863525823208,0.00013647417679198777,0.999863525823208
7784,0,0,1,0.9998726346047337,0.00012736539526627384,0.9998726346047337
9459,0,0,1,0.9288865123839608,0.07111348761603915,0.9288865123839608
17956,1,1,1,0.07932625937529947,0.9206737406247005,0.9206737406247005
10369,1,1,1,0.0004103303554113813,0.9995896696445886,0.9995896696445886
3040,0,0,1,0.9749054973812382,0.025094502618761744,0.9749054973812382
15748,1,1,1,3.714840169333211e-05,0.9999628515983067,0.9999628515983067
6669,0,0,1,0.971117891729058,0.02888210827094193,0.971117891729058
10100,1,1,1,0.001331086800744119,0.9986689131992559,0.9986689131992559
8045,0,0,1,0.9995407270854844,0.0004592729145156112,0.9995407270854844
1803,0,0,1,0.9962061864931446,0.003793813506855381,0.9962061864931446
6411,0,0,1,0.9865359763342786,0.013464023665721449,0.9865359763342786
12423,1,1,1,0.0023019229698775234,0.9976980770301225,0.9976980770301225
6791,0,0,1,0.9936319892539136,0.006368010746086396,0.9936319892539136
4242,0,0,1,0.9833556081402507,0.016644391859749325,0.9833556081402507
16549,1,0,0,0.9409584088482844,0.05904159115171556,0.9409584088482844
12711,1,1,1,0.00023678163648099826,0.999763218363519,0.999763218363519
9492,0,0,1,0.9989752217585831,0.0010247782414168516,0.9989752217585831
2050,0,0,1,0.995655871682731,0.0043441283172690895,0.995655871682731
7083,0,0,1,0.9960960676205206,0.003903932379479441,0.9960960676205206
17649,1,1,1,0.09754892300556439,0.9024510769944356,0.9024510769944356
11275,1,1,1,0.00018144082612880919,0.9998185591738712,0.9998185591738712
17241,1,1,1,0.02939074425576582,0.9706092557442342,0.9706092557442342
6066,0,0,1,0.9966150012771424,0.003384998722857606,0.9966150012771424
14062,1,1,1,0.006876142070874058,0.9931238579291259,0.9931238579291259
14642,1,1,1,0.000713649859952814,0.9992863501400472,0.9992863501400472
5229,0,1,0,0.3134225644526182,0.6865774355473818,0.6865774355473818
13784,1,1,1,0.006362376835902239,0.9936376231640978,0.9936376231640978
4816,0,0,1,0.9913550858590929,0.008644914140907116,0.9913550858590929
11636,1,1,1,6.497021740292652e-05,0.9999350297825971,0.9999350297825971
126,0,0,1,0.9873287386665575,0.012671261333442579,0.9873287386665575
10007,1,1,1,0.0007224633644622447,0.9992775366355378,0.9992775366355378
12264,1,1,1,0.0011209328176977618,0.9988790671823022,0.9988790671823022
8668,0,0,1,0.9995546315534071,0.0004453684465929159,0.9995546315534071
278,0,0,1,0.9852790835564733,0.01472091644352669,0.9852790835564733
18219,1,1,1,0.013535293473375676,0.9864647065266243,0.9864647065266243
19054,1,1,1,0.00031003662943152044,0.9996899633705685,0.9996899633705685
1368,0,0,1,0.9883595705289782,0.011640429471021835,0.9883595705289782
9591,0,0,1,0.9961193994878679,0.0038806005121321202,0.9961193994878679
8156,0,0,1,0.9910706652359873,0.00892933476401266,0.9910706652359873
8473,0,0,1,0.9995005750587728,0.0004994249412272017,0.9995005750587728
5193,0,0,1,0.9548763025594319,0.04512369744056811,0.9548763025594319
19698,1,1,1,0.0013834086051802696,0.9986165913948197,0.9986165913948197
6995,0,0,1,0.9849444552381013,0.01505554476189874,0.9849444552381013
14780,1,1,1,0.00013356282088761162,0.9998664371791124,0.9998664371791124
12943,1,1,1,0.014594685961399345,0.9854053140386007,0.9854053140386007
615,0,0,1,0.9753633620840473,0.024636637915952758,0.9753633620840473
5329,0,0,1,0.977251987679422,0.02274801232057801,0.977251987679422
18442,1,1,1,0.0032965813822343204,0.9967034186177657,0.9967034186177657
1067,0,0,1,0.9842854916563366,0.015714508343663346,0.9842854916563366
19675,1,1,1,0.004017513541671125,0.9959824864583289,0.9959824864583289
99,0,0,1,0.9702685086026976,0.029731491397302336,0.9702685086026976
11985,1,1,1,0.002141675447644653,0.9978583245523553,0.9978583245523553
1524,0,0,1,0.9845658949642234,0.015434105035776587,0.9845658949642234
3453,0,0,1,0.9850750055302986,0.014924994469701431,0.9850750055302986
16964,1,1,1,0.03153950851732101,0.968460491482679,0.968460491482679
11674,1,1,1,7.021247053540236e-05,0.9999297875294646,0.9999297875294646
11702,1,1,1,7.782760920904686e-05,0.999922172390791,0.999922172390791
19234,1,1,1,0.0009212365844751824,0.9990787634155248,0.9990787634155248
11246,1,1,1,0.0010441402506246034,0.9989558597493754,0.9989558597493754
954,0,0,1,0.9931397431326623,0.0068602568673376985,0.9931397431326623
3960,0,0,1,0.9896360604653882,0.010363939534611781,0.9896360604653882
8054,0,0,1,0.9963292119211744,0.0036707880788256135,0.9963292119211744
12025,1,1,1,0.0017033110945537944,0.9982966889054462,0.9982966889054462
2852,0,0,1,0.9752112945620138,0.02478870543798612,0.9752112945620138
19159,1,1,1,0.00012452040753496707,0.999875479592465,0.999875479592465
14267,1,1,1,0.00018928290656450297,0.9998107170934355,0.9998107170934355
18242,1,1,1,0.004778628328053647,0.9952213716719464,0.9952213716719464
2551,0,0,1,0.9099376018119386,0.09006239818806139,0.9099376018119386
12653,1,1,1,0.000284007882126569,0.9997159921178734,0.9997159921178734
8555,0,0,1,0.9992012772372724,0.0007987227627276054,0.9992012772372724
9386,0,0,1,0.9996993332193457,0.00030066678065435415,0.9996993332193457
18747,1,1,1,0.0018776549066449322,0.9981223450933551,0.9981223450933551
11686,1,1,1,0.00010701153826719878,0.9998929884617328,0.9998929884617328
15304,1,1,1,0.00011773152593230751,0.9998822684740677,0.9998822684740677
7114,0,0,1,0.9919609436859951,0.008039056314004943,0.9919609436859951
12323,1,1,1,0.00041517110630817644,0.9995848288936918,0.9995848288936918
667,0,0,1,0.9799601952455425,0.0200398047544576,0.9799601952455425
13289,1,1,1,0.0007023951930722472,0.9992976048069278,0.9992976048069278
17284,1,1,1,0.024685874537761388,0.9753141254622386,0.9753141254622386
8702,0,0,1,0.9861236012267651,0.01387639877323492,0.9861236012267651
18637,1,1,1,0.00011208202091128605,0.9998879179790887,0.9998879179790887
7380,0,0,1,0.9879622989598443,0.012037701040155672,0.9879622989598443
10354,1,1,1,0.0014442227899379434,0.9985557772100621,0.9985557772100621
9254,0,0,1,0.9998419708886007,0.0001580291113993014,0.9998419708886007
19529,1,1,1,0.0008604458274374949,0.9991395541725625,0.9991395541725625
1525,0,0,1,0.9877872137910688,0.012212786208931174,0.9877872137910688
14008,1,1,1,0.0033119801926873027,0.9966880198073127,0.9966880198073127
13322,1,1,1,0.04917988783304228,0.9508201121669577,0.9508201121669577
10083,1,1,1,0.0019269179675133197,0.9980730820324867,0.9980730820324867
13365,1,1,1,0.0002346240149042611,0.9997653759850957,0.9997653759850957
16613,1,0,0,0.7812829066536684,0.21871709334633155,0.7812829066536684
1219,0,0,1,0.9936826797043984,0.006317320295601639,0.9936826797043984
5210,0,0,1,0.947455209686852,0.05254479031314795,0.947455209686852
6935,0,0,1,0.9526639211099438,0.047336078890056206,0.9526639211099438
4240,0,1,0,0.3662987215918647,0.6337012784081353,0.6337012784081353
17709,1,1,1,0.003973293544040746,0.9960267064559593,0.9960267064559593
15791,1,1,1,5.261159715497232e-05,0.999947388402845,0.999947388402845
11224,1,1,1,0.00012893917250245135,0.9998710608274975,0.9998710608274975
13228,1,1,1,0.006161884204399337,0.9938381157956007,0.9938381157956007
6822,0,0,1,0.9800464238962079,0.019953576103792118,0.9800464238962079
15660,1,1,1,0.0005914973902170217,0.999408502609783,0.999408502609783
8474,0,0,1,0.9998602558026376,0.0001397441973624464,0.9998602558026376
11920,1,1,1,0.00012272071410790453,0.9998772792858921,0.9998772792858921
12170,1,1,1,0.0035457143126171875,0.9964542856873828,0.9964542856873828
6989,0,0,1,0.9821864167436457,0.017813583256354324,0.9821864167436457
6117,0,0,1,0.970456040053846,0.029543959946154028,0.970456040053846
8322,0,0,1,0.9985356561875991,0.0014643438124009242,0.9985356561875991
8309,0,0,1,0.9993267829954952,0.0006732170045047956,0.9993267829954952
13768,1,1,1,0.0018443884174474956,0.9981556115825525,0.9981556115825525
11610,1,1,1,0.00010235565053939855,0.9998976443494606,0.9998976443494606
13875,1,1,1,0.0006533936537871377,0.9993466063462129,0.9993466063462129
12511,1,1,1,0.00020664953368321193,0.9997933504663168,0.9997933504663168
14768,1,1,1,0.00015091140429623895,0.9998490885957038,0.9998490885957038
2514,0,0,1,0.9902682829610538,0.009731717038946111,0.9902682829610538
12563,1,1,1,0.0008173406186964272,0.9991826593813036,0.9991826593813036
3556,0,0,1,0.9952023929391742,0.004797607060825736,0.9952023929391742
6098,0,0,1,0.9584029480402152,0.04159705195978484,0.9584029480402152
13461,1,1,1,0.0017610158383903896,0.9982389841616096,0.9982389841616096
893,0,0,1,0.9912807923791604,0.00871920762083951,0.9912807923791604
2083,0,0,1,0.9439205709533302,0.05607942904666987,0.9439205709533302
9786,0,0,1,0.9997314303859539,0.00026856961404610793,0.9997314303859539
8793,0,0,1,0.9879269321202631,0.012073067879736943,0.9879269321202631
4178,0,0,1,0.9929910935850553,0.007008906414944671,0.9929910935850553
12434,1,1,1,0.0007979970589937491,0.9992020029410063,0.9992020029410063
10980,1,1,1,0.0009890291299651244,0.9990109708700349,0.9990109708700349
8616,0,0,1,0.9997754540273286,0.00022454597267142727,0.9997754540273286
5177,0,0,1,0.9899213478254019,0.010078652174598081,0.9899213478254019
13214,1,1,1,0.012870761380472051,0.987129238619528,0.987129238619528
8510,0,0,1,0.9994072932950862,0.0005927067049138804,0.9994072932950862
14301,1,1,1,0.00010908122126440656,0.9998909187787356,0.9998909187787356
17332,1,1,1,0.013945600788966672,0.9860543992110333,0.9860543992110333
14721,1,1,1,0.0002906180905128952,0.9997093819094871,0.9997093819094871
18105,1,1,1,0.0018256871509838568,0.9981743128490161,0.9981743128490161
7892,0,0,1,0.9983296000915762,0.0016703999084237279,0.9983296000915762
15516,1,1,1,0.00017221297251290846,0.9998277870274871,0.9998277870274871
4655,0,0,1,0.9954760495616434,0.004523950438356604,0.9954760495616434
16409,1,0,0,0.6113195438889395,0.3886804561110605,0.6113195438889395
825,0,0,1,0.9827906703957682,0.017209329604231834,0.9827906703957682
4408,0,0,1,0.97978356615786,0.020216433842140013,0.97978356615786
6928,0,0,1,0.9893089859850823,0.010691014014917623,0.9893089859850823
11739,1,1,1,6.450296978843806e-05,0.9999354970302116,0.9999354970302116
668,0,0,1,0.8855100340601706,0.11448996593982944,0.8855100340601706
4651,0,0,1,0.9836890921842735,0.016310907815726573,0.9836890921842735
364,0,0,1,0.9814758386140952,0.01852416138590489,0.9814758386140952
10857,1,1,1,0.001685281534929195,0.9983147184650708,0.9983147184650708
2609,0,0,1,0.9023619525629254,0.09763804743707456,0.9023619525629254
4442,0,0,1,0.9942725135894401,0.005727486410559898,0.9942725135894401
1099,0,0,1,0.9807822257089989,0.019217774291001157,0.9807822257089989
8393,0,0,1,0.9995890039720903,0.0004109960279097502,0.9995890039720903
5726,0,1,0,0.3028299814888241,0.6971700185111759,0.6971700185111759
7565,0,0,1,0.9996905814270524,0.0003094185729476401,0.9996905814270524
9291,0,0,1,0.9997366229360595,0.00026337706394050374,0.9997366229360595
1178,0,0,1,0.9838195774354086,0.016180422564591384,0.9838195774354086
13138,1,1,1,0.0021692352796608416,0.9978307647203392,0.9978307647203392
12768,1,1,1,0.0002818168097212803,0.9997181831902787,0.9997181831902787
237,0,0,1,0.984377576830978,0.01562242316902196,0.984377576830978
2409,0,0,1,0.9842191868695864,0.015780813130413518,0.9842191868695864
6861,0,0,1,0.7141402240051276,0.28585977599487244,0.7141402240051276
19370,1,1,1,0.00038228732767564555,0.9996177126723244,0.9996177126723244
6423,0,0,1,0.9837672441111214,0.016232755888878576,0.9837672441111214
7352,0,0,1,0.9702285680954366,0.029771431904563408,0.9702285680954366
16828,1,1,1,0.05862387215025544,0.9413761278497446,0.9413761278497446
11418,1,1,1,0.00033631682136026075,0.9996636831786397,0.9996636831786397
8059,0,0,1,0.9999193925127867,8.060748721322752e-05,0.9999193925127867
11737,1,1,1,6.486509239367333e-05,0.9999351349076063,0.9999351349076063
8528,0,0,1,0.9998942767087693,0.00010572329123067477,0.9998942767087693
7618,0,0,1,0.9995733141898571,0.0004266858101429421,0.9995733141898571
4120,0,0,1,0.9531536587023401,0.04684634129765982,0.9531536587023401
6622,0,0,1,0.9945486891585917,0.005451310841408308,0.9945486891585917
10370,1,1,1,0.001322819248457896,0.9986771807515421,0.9986771807515421
19750,1,1,1,0.00038694702117714197,0.9996130529788229,0.9996130529788229
9653,0,0,1,0.9995337928213149,0.0004662071786850123,0.9995337928213149
11457,1,1,1,0.00011506772040059676,0.9998849322795994,0.9998849322795994
17299,1,1,1,0.001898797886093595,0.9981012021139064,0.9981012021139064
9648,0,0,1,0.9998387440273611,0.00016125597263898234,0.9998387440273611
2384,0,0,1,0.9636265241622655,0.03637347583773459,0.9636265241622655
5747,0,0,1,0.9883317665137972,0.011668233486202844,0.9883317665137972
14868,1,1,1,0.014717971392812168,0.9852820286071878,0.9852820286071878
12982,1,1,1,0.0002122860659415915,0.9997877139340584,0.9997877139340584
14069,1,1,1,0.000254748260446358,0.9997452517395536,0.9997452517395536
233,0,0,1,0.9227253044686993,0.07727469553130077,0.9227253044686993
12235,1,1,1,0.01593111853829754,0.9840688814617025,0.9840688814617025
6810,0,0,1,0.9925140069517139,0.0074859930482861405,0.9925140069517139
16919,1,1,1,0.11585759891322456,0.8841424010867754,0.8841424010867754
6931,0,0,1,0.9944427742632369,0.005557225736763112,0.9944427742632369
2976,0,0,1,0.9849254408002873,0.015074559199712645,0.9849254408002873
3542,0,0,1,0.9913640029360442,0.008635997063955805,0.9913640029360442
5951,0,0,1,0.9252310124005688,0.07476898759943117,0.9252310124005688
15619,1,1,1,0.0002041658614125863,0.9997958341385874,0.9997958341385874
1640,0,0,1,0.9931200436285039,0.006879956371496093,0.9931200436285039
1664,0,0,1,0.9747510066098336,0.025248993390166393,0.9747510066098336
10307,1,1,1,0.000591536901844214,0.9994084630981558,0.9994084630981558
18954,1,1,1,0.00011643835810259962,0.9998835616418974,0.9998835616418974
18437,1,1,1,0.005568193965940993,0.994431806034059,0.994431806034059
10451,1,1,1,0.004736541123684046,0.995263458876316,0.995263458876316
10202,1,1,1,0.0005047188597063768,0.9994952811402936,0.9994952811402936
18487,1,1,1,0.002237131540393622,0.9977628684596064,0.9977628684596064
3092,0,0,1,0.978026263569707,0.021973736430292948,0.978026263569707
19211,1,1,1,0.45838307056060845,0.5416169294393915,0.5416169294393915
7560,0,0,1,0.9997227257047495,0.000277274295250527,0.9997227257047495
5429,0,0,1,0.9887943322405072,0.01120566775949286,0.9887943322405072
14958,1,1,1,0.008355320226357876,0.9916446797736421,0.9916446797736421
18713,1,1,1,0.0015263061302783765,0.9984736938697216,0.9984736938697216
11177,1,1,1,0.00024138706136533905,0.9997586129386347,0.9997586129386347
17052,1,1,1,0.0895201389096455,0.9104798610903545,0.9104798610903545
18203,1,1,1,0.02681663082790753,0.9731833691720925,0.9731833691720925
18285,1,1,1,0.07330786033078962,0.9266921396692104,0.9266921396692104
18297,1,1,1,0.004107189390113897,0.9958928106098861,0.9958928106098861
14027,1,1,1,6.043597598215378e-05,0.9999395640240178,0.9999395640240178
4208,0,0,1,0.9899174449979529,0.010082555002047095,0.9899174449979529
16600,1,1,1,0.24072391472175847,0.7592760852782415,0.7592760852782415
16998,1,1,1,0.48792467504946524,0.5120753249505348,0.5120753249505348
6015,0,0,1,0.9931994588508019,0.006800541149198177,0.9931994588508019
5409,0,0,1,0.9263384744111565,0.07366152558884351,0.9263384744111565
7940,0,0,1,0.998652751523494,0.0013472484765060446,0.998652751523494
7981,0,0,1,0.9935045257526383,0.006495474247361797,0.9935045257526383
5208,0,0,1,0.9939792980170559,0.006020701982944128,0.9939792980170559
14690,1,1,1,0.0001807078004552043,0.9998192921995448,0.9998192921995448
6089,0,0,1,0.9660685228680134,0.033931477131986604,0.9660685228680134
13142,1,1,1,0.00023168238299142718,0.9997683176170086,0.9997683176170086
2560,0,0,1,0.9425552250715425,0.05744477492845746,0.9425552250715425
2494,0,0,1,0.5393883011206398,0.46061169887936015,0.5393883011206398
3470,0,0,1,0.6066942852527559,0.393305714747244,0.6066942852527559
6716,0,0,1,0.9169335551420603,0.08306644485793971,0.9169335551420603
1436,0,0,1,0.9660105223790523,0.03398947762094775,0.9660105223790523
9973,0,0,1,0.9996458397976766,0.00035416020232339833,0.9996458397976766
3737,0,0,1,0.9957801196462694,0.00421988035373058,0.9957801196462694
18145,1,1,1,0.048322745333496786,0.9516772546665032,0.9516772546665032
4616,0,0,1,0.9951786119272539,0.004821388072746108,0.9951786119272539
1149,0,0,1,0.8060459710125996,0.19395402898740044,0.8060459710125996
17755,1,1,1,0.007171070950712011,0.992828929049288,0.992828929049288
14896,1,1,1,0.0002912566121118232,0.9997087433878882,0.9997087433878882
10221,1,1,1,0.0004993937022967909,0.9995006062977032,0.9995006062977032
2877,0,0,1,0.995286432683248,0.004713567316751982,0.995286432683248
90,0,0,1,0.9791054207089879,0.020894579291012138,0.9791054207089879
3490,0,0,1,0.9666147093629827,0.03338529063701734,0.9666147093629827
10040,1,1,1,0.0012912673812380815,0.9987087326187619,0.9987087326187619
9748,0,0,1,0.9994397985658914,0.0005602014341085912,0.9994397985658914
10433,1,1,1,0.0013317519782010123,0.998668248021799,0.998668248021799
18785,1,1,1,0.0002308023612090926,0.9997691976387909,0.9997691976387909
11098,1,1,1,0.001881448279875797,0.9981185517201242,0.9981185517201242
17757,1,1,1,0.009379819480892837,0.9906201805191072,0.9906201805191072
15305,1,0,0,0.6148914713785953,0.3851085286214046,0.6148914713785953
7588,0,0,1,0.9999039701135229,9.602988647705075e-05,0.9999039701135229
7649,0,0,1,0.9998863216072255,0.00011367839277451227,0.9998863216072255
3687,0,0,1,0.9790267142789021,0.02097328572109793,0.9790267142789021
12200,1,1,1,0.0025134316088236686,0.9974865683911763,0.9974865683911763
13734,1,1,1,0.005158160491242625,0.9948418395087574,0.9948418395087574
19840,1,1,1,0.0009192828973327849,0.9990807171026672,0.9990807171026672
8227,0,0,1,0.9985150854002962,0.001484914599703786,0.9985150854002962
7173,0,0,1,0.996794461286909,0.003205538713091076,0.996794461286909
7706,0,0,1,0.999858470686019,0.00014152931398106903,0.999858470686019
4470,0,0,1,0.9779319675525092,0.02206803244749077,0.9779319675525092
17970,1,1,1,0.011302740218948615,0.9886972597810514,0.9886972597810514
5591,0,0,1,0.991007604884159,0.00899239511584102,0.991007604884159
9541,0,0,1,0.9990990138501364,0.0009009861498636089,0.9990990138501364
10005,1,1,1,0.0015349346430887367,0.9984650653569113,0.9984650653569113
5110,0,0,1,0.9466693919522764,0.053330608047723556,0.9466693919522764
792,0,0,1,0.908506073828754,0.09149392617124594,0.908506073828754
9161,0,0,1,0.9998714545543296,0.0001285454456703938,0.9998714545543296
1793,0,0,1,0.9623782572499359,0.03762174275006417,0.9623782572499359
12617,1,1,1,0.002073818807419525,0.9979261811925805,0.9979261811925805
16666,1,1,1,0.16630902732516883,0.8336909726748312,0.8336909726748312
19707,1,1,1,0.0003842591637847059,0.9996157408362153,0.9996157408362153
