id,true_label,predicted_label,correct,prob_Stationary,prob_Non-Stationary,confidence
4028,0,0,1,0.895,0.105,0.895
6994,0,0,1,0.955,0.045,0.955
5539,0,0,1,0.97,0.03,0.97
1059,0,0,1,0.915,0.085,0.915
15114,1,1,1,0.25,0.75,0.75
18510,1,1,1,0.005,0.995,0.995
7303,0,0,1,0.975,0.025,0.975
9115,0,0,1,1.0,0.0,1.0
16867,1,1,1,0.105,0.895,0.895
10129,1,1,1,0.0,1.0,1.0
10651,1,1,1,0.0,1.0,1.0
11839,1,1,1,0.0,1.0,1.0
1799,0,0,1,0.97,0.03,0.97
9515,0,0,1,1.0,0.0,1.0
3945,0,0,1,0.955,0.045,0.955
9638,0,0,1,1.0,0.0,1.0
4925,0,0,1,0.985,0.015,0.985
6535,0,0,1,0.72,0.28,0.72
19709,1,1,1,0.07,0.93,0.93
4316,0,0,1,0.925,0.075,0.925
7575,0,0,1,1.0,0.0,1.0
1954,0,0,1,0.995,0.005,0.995
17019,1,1,1,0.115,0.885,0.885
7828,0,0,1,1.0,0.0,1.0
15702,1,1,1,0.005,0.995,0.995
19026,1,1,1,0.01,0.99,0.99
9168,0,0,1,1.0,0.0,1.0
11594,1,1,1,0.0,1.0,1.0
9777,0,0,1,0.99,0.01,0.99
18920,1,1,1,0.0,1.0,1.0
987,0,0,1,0.975,0.025,0.975
2803,0,0,1,0.995,0.005,0.995
13514,1,1,1,0.0,1.0,1.0
14442,1,1,1,0.015,0.985,0.985
17473,1,1,1,0.02,0.98,0.98
3528,0,0,1,0.99,0.01,0.99
10642,1,1,1,0.0,1.0,1.0
6938,0,0,1,0.935,0.065,0.935
4587,0,0,1,0.955,0.045,0.955
3358,0,0,1,0.965,0.035,0.965
14132,1,1,1,0.0,1.0,1.0
4397,0,0,1,0.955,0.045,0.955
10063,1,1,1,0.0,1.0,1.0
14927,1,1,1,0.015,0.985,0.985
11887,1,1,1,0.0,1.0,1.0
18036,1,1,1,0.055,0.945,0.945
1301,0,0,1,0.99,0.01,0.99
226,0,0,1,0.965,0.035,0.965
10834,1,1,1,0.0,1.0,1.0
11690,1,1,1,0.0,1.0,1.0
14471,1,1,1,0.25,0.75,0.75
3950,0,0,1,0.98,0.02,0.98
15008,1,1,1,0.035,0.965,0.965
2492,0,0,1,0.66,0.34,0.66
7356,0,0,1,0.945,0.055,0.945
3073,0,0,1,0.985,0.015,0.985
8829,0,0,1,1.0,0.0,1.0
6577,0,0,1,0.995,0.005,0.995
7339,0,0,1,0.95,0.05,0.95
4274,0,0,1,0.925,0.075,0.925
15594,1,1,1,0.0,1.0,1.0
15851,1,1,1,0.005,0.995,0.995
13707,1,1,1,0.0,1.0,1.0
7980,0,0,1,0.735,0.265,0.735
13513,1,1,1,0.005,0.995,0.995
3689,0,0,1,1.0,0.0,1.0
18519,1,1,1,0.0,1.0,1.0
10868,1,1,1,0.0,1.0,1.0
3900,0,0,1,0.99,0.01,0.99
15528,1,1,1,0.015,0.985,0.985
14948,1,1,1,0.275,0.725,0.725
3423,0,0,1,0.985,0.015,0.985
18900,1,1,1,0.0,1.0,1.0
17511,1,1,1,0.03,0.97,0.97
17666,1,1,1,0.25,0.75,0.75
12727,1,1,1,0.0,1.0,1.0
8413,0,0,1,1.0,0.0,1.0
10153,1,1,1,0.0,1.0,1.0
6222,0,0,1,0.98,0.02,0.98
8513,0,0,1,1.0,0.0,1.0
9943,0,0,1,0.99,0.01,0.99
14976,1,1,1,0.13,0.87,0.87
14337,1,1,1,0.005,0.995,0.995
9641,0,0,1,1.0,0.0,1.0
12286,1,1,1,0.0,1.0,1.0
18996,1,0,0,0.615,0.385,0.615
7680,0,0,1,1.0,0.0,1.0
13959,1,1,1,0.0,1.0,1.0
7576,0,0,1,0.995,0.005,0.995
15336,1,1,1,0.015,0.985,0.985
11808,1,1,1,0.0,1.0,1.0
5650,0,0,1,0.9,0.1,0.9
11564,1,1,1,0.0,1.0,1.0
12453,1,1,1,0.0,1.0,1.0
16837,1,0,0,0.97,0.03,0.97
12845,1,1,1,0.035,0.965,0.965
2874,0,0,1,0.995,0.005,0.995
2350,0,0,1,1.0,0.0,1.0
1977,0,0,1,0.905,0.095,0.905
11921,1,1,1,0.0,1.0,1.0
5159,0,0,1,1.0,0.0,1.0
13507,1,1,1,0.0,1.0,1.0
17848,1,1,1,0.18,0.82,0.82
12759,1,1,1,0.0,1.0,1.0
18214,1,1,1,0.04,0.96,0.96
4606,0,0,1,0.995,0.005,0.995
13286,1,1,1,0.025,0.975,0.975
353,0,0,1,0.98,0.02,0.98
17754,1,1,1,0.13,0.87,0.87
2838,0,0,1,0.92,0.08,0.92
4718,0,0,1,0.955,0.045,0.955
9397,0,0,1,0.75,0.25,0.75
2397,0,0,1,0.83,0.17,0.83
9088,0,0,1,1.0,0.0,1.0
9855,0,0,1,0.985,0.015,0.985
19873,1,1,1,0.0,1.0,1.0
3038,0,0,1,0.74,0.26,0.74
18381,1,1,1,0.02,0.98,0.98
4530,0,0,1,0.995,0.005,0.995
225,0,0,1,0.93,0.07,0.93
918,0,0,1,0.93,0.07,0.93
2052,0,0,1,0.98,0.02,0.98
10497,1,1,1,0.0,1.0,1.0
14759,1,1,1,0.005,0.995,0.995
12209,1,1,1,0.0,1.0,1.0
19680,1,1,1,0.0,1.0,1.0
7134,0,0,1,0.805,0.195,0.805
1931,0,0,1,1.0,0.0,1.0
15897,1,1,1,0.0,1.0,1.0
18035,1,1,1,0.1,0.9,0.9
16616,1,1,1,0.235,0.765,0.765
3636,0,0,1,0.985,0.015,0.985
8952,0,0,1,0.93,0.07,0.93
1532,0,0,1,0.74,0.26,0.74
18680,1,1,1,0.005,0.995,0.995
10432,1,1,1,0.0,1.0,1.0
5238,0,0,1,0.51,0.49,0.51
5054,0,0,1,0.97,0.03,0.97
18648,1,1,1,0.0,1.0,1.0
17177,1,1,1,0.265,0.735,0.735
6677,0,1,0,0.21,0.79,0.79
12213,1,1,1,0.0,1.0,1.0
14157,1,1,1,0.005,0.995,0.995
78,0,0,1,0.985,0.015,0.985
2711,0,0,1,0.86,0.14,0.86
11777,1,1,1,0.0,1.0,1.0
16806,1,1,1,0.19,0.81,0.81
1287,0,0,1,0.97,0.03,0.97
14705,1,1,1,0.005,0.995,0.995
18027,1,1,1,0.015,0.985,0.985
11894,1,1,1,0.0,1.0,1.0
2905,0,0,1,0.995,0.005,0.995
19239,1,1,1,0.035,0.965,0.965
15192,1,1,1,0.02,0.98,0.98
3455,0,0,1,0.995,0.005,0.995
19070,1,1,1,0.045,0.955,0.955
14726,1,1,1,0.0,1.0,1.0
7726,0,0,1,0.99,0.01,0.99
5036,0,0,1,0.925,0.075,0.925
15239,1,1,1,0.355,0.645,0.645
13334,1,1,1,0.15,0.85,0.85
2206,0,0,1,0.92,0.08,0.92
162,0,0,1,0.86,0.14,0.86
16671,1,1,1,0.135,0.865,0.865
7407,0,0,1,1.0,0.0,1.0
8006,0,0,1,1.0,0.0,1.0
6059,0,0,1,0.925,0.075,0.925
11913,1,1,1,0.0,1.0,1.0
18677,1,1,1,0.06,0.94,0.94
7715,0,0,1,1.0,0.0,1.0
2103,0,0,1,0.78,0.22,0.78
4171,0,0,1,0.99,0.01,0.99
1501,0,0,1,0.95,0.05,0.95
6741,0,0,1,0.905,0.095,0.905
8464,0,0,1,0.995,0.005,0.995
375,0,0,1,0.935,0.065,0.935
16879,1,1,1,0.41,0.59,0.59
964,0,0,1,0.945,0.055,0.945
8018,0,0,1,0.905,0.095,0.905
17023,1,1,1,0.03,0.97,0.97
5841,0,0,1,0.81,0.19,0.81
3981,0,0,1,1.0,0.0,1.0
1602,0,0,1,0.705,0.295,0.705
1896,0,0,1,0.995,0.005,0.995
10650,1,1,1,0.0,1.0,1.0
11614,1,1,1,0.0,1.0,1.0
5462,0,0,1,0.97,0.03,0.97
5808,0,0,1,0.955,0.045,0.955
14032,1,1,1,0.005,0.995,0.995
19147,1,1,1,0.0,1.0,1.0
17442,1,1,1,0.08,0.92,0.92
7814,0,0,1,1.0,0.0,1.0
2383,0,0,1,0.995,0.005,0.995
14034,1,1,1,0.0,1.0,1.0
12976,1,1,1,0.085,0.915,0.915
7547,0,0,1,1.0,0.0,1.0
19410,1,1,1,0.01,0.99,0.99
9564,0,0,1,1.0,0.0,1.0
10292,1,1,1,0.0,1.0,1.0
8097,0,0,1,0.995,0.005,0.995
13646,1,1,1,0.0,1.0,1.0
14685,1,1,1,0.015,0.985,0.985
3701,0,0,1,0.825,0.175,0.825
4045,0,0,1,0.98,0.02,0.98
9184,0,0,1,1.0,0.0,1.0
19730,1,1,1,0.005,0.995,0.995
9522,0,0,1,0.995,0.005,0.995
1824,0,0,1,0.965,0.035,0.965
5822,0,0,1,0.975,0.025,0.975
8153,0,0,1,1.0,0.0,1.0
10637,1,1,1,0.0,1.0,1.0
13670,1,1,1,0.0,1.0,1.0
18647,1,1,1,0.035,0.965,0.965
4791,0,0,1,0.88,0.12,0.88
12840,1,1,1,0.0,1.0,1.0
2556,0,0,1,0.94,0.06,0.94
4778,0,0,1,0.98,0.02,0.98
9087,0,0,1,1.0,0.0,1.0
12364,1,1,1,0.0,1.0,1.0
13986,1,1,1,0.005,0.995,0.995
3246,0,0,1,0.805,0.195,0.805
12767,1,1,1,0.0,1.0,1.0
330,0,0,1,0.935,0.065,0.935
1764,0,0,1,0.97,0.03,0.97
18380,1,1,1,0.05,0.95,0.95
12883,1,1,1,0.0,1.0,1.0
12842,1,1,1,0.0,1.0,1.0
7466,0,0,1,0.87,0.13,0.87
5942,0,0,1,0.93,0.07,0.93
14309,1,1,1,0.0,1.0,1.0
2896,0,0,1,0.99,0.01,0.99
15387,1,1,1,0.04,0.96,0.96
7988,0,0,1,1.0,0.0,1.0
6636,0,0,1,0.94,0.06,0.94
10258,1,1,1,0.005,0.995,0.995
9922,0,0,1,1.0,0.0,1.0
8767,0,0,1,0.92,0.08,0.92
10023,1,1,1,0.0,1.0,1.0
9468,0,0,1,1.0,0.0,1.0
3758,0,0,1,0.99,0.01,0.99
17454,1,1,1,0.005,0.995,0.995
1869,0,0,1,0.985,0.015,0.985
14064,1,1,1,0.06,0.94,0.94
13753,1,1,1,0.04,0.96,0.96
10763,1,1,1,0.0,1.0,1.0
12858,1,1,1,0.005,0.995,0.995
11858,1,1,1,0.0,1.0,1.0
6858,0,0,1,0.955,0.045,0.955
14992,1,1,1,0.39,0.61,0.61
14343,1,1,1,0.0,1.0,1.0
159,0,0,1,0.955,0.045,0.955
11114,1,1,1,0.01,0.99,0.99
5764,0,0,1,0.985,0.015,0.985
5295,0,0,1,0.995,0.005,0.995
12919,1,1,1,0.02,0.98,0.98
10077,1,1,1,0.005,0.995,0.995
11874,1,1,1,0.0,1.0,1.0
2640,0,0,1,0.99,0.01,0.99
6747,0,0,1,0.955,0.045,0.955
3872,0,0,1,0.705,0.295,0.705
15830,1,1,1,0.0,1.0,1.0
413,0,0,1,0.555,0.445,0.555
13851,1,1,1,0.0,1.0,1.0
17060,1,0,0,0.66,0.34,0.66
12781,1,1,1,0.0,1.0,1.0
7201,0,0,1,0.92,0.08,0.92
11443,1,1,1,0.0,1.0,1.0
19874,1,1,1,0.0,1.0,1.0
11693,1,1,1,0.0,1.0,1.0
8228,0,0,1,1.0,0.0,1.0
18613,1,1,1,0.085,0.915,0.915
5209,0,0,1,1.0,0.0,1.0
8943,0,0,1,1.0,0.0,1.0
2707,0,0,1,0.985,0.015,0.985
12370,1,1,1,0.0,1.0,1.0
18033,1,1,1,0.125,0.875,0.875
13868,1,1,1,0.01,0.99,0.99
15277,1,1,1,0.04,0.96,0.96
11375,1,1,1,0.0,1.0,1.0
3586,0,0,1,0.97,0.03,0.97
9437,0,0,1,0.81,0.19,0.81
8390,0,0,1,1.0,0.0,1.0
16665,1,1,1,0.42,0.58,0.58
18108,1,1,1,0.115,0.885,0.885
13517,1,1,1,0.0,1.0,1.0
9369,0,0,1,0.995,0.005,0.995
4474,0,0,1,0.66,0.34,0.66
11638,1,1,1,0.0,1.0,1.0
18434,1,1,1,0.015,0.985,0.985
4074,0,0,1,0.925,0.075,0.925
5060,0,0,1,0.95,0.05,0.95
2809,0,0,1,1.0,0.0,1.0
1854,0,0,1,0.84,0.16,0.84
15654,1,1,1,0.005,0.995,0.995
11064,1,1,1,0.0,1.0,1.0
1230,0,0,1,0.99,0.01,0.99
1751,0,0,1,0.935,0.065,0.935
9180,0,0,1,0.74,0.26,0.74
2979,0,0,1,0.9,0.1,0.9
8448,0,0,1,1.0,0.0,1.0
12277,1,1,1,0.0,1.0,1.0
18776,1,1,1,0.015,0.985,0.985
5639,0,0,1,0.965,0.035,0.965
16724,1,1,1,0.105,0.895,0.895
19075,1,1,1,0.015,0.985,0.985
6992,0,0,1,0.79,0.21,0.79
11931,1,1,1,0.0,1.0,1.0
8429,0,0,1,1.0,0.0,1.0
11935,1,1,1,0.0,1.0,1.0
11905,1,1,1,0.0,1.0,1.0
5676,0,0,1,0.915,0.085,0.915
19162,1,1,1,0.0,1.0,1.0
10390,1,1,1,0.005,0.995,0.995
13430,1,1,1,0.225,0.775,0.775
17892,1,1,1,0.0,1.0,1.0
10399,1,1,1,0.0,1.0,1.0
19853,1,1,1,0.005,0.995,0.995
17880,1,1,1,0.07,0.93,0.93
5306,0,0,1,0.92,0.08,0.92
4518,0,0,1,0.845,0.155,0.845
2737,0,0,1,0.865,0.135,0.865
6701,0,0,1,1.0,0.0,1.0
4104,0,0,1,0.95,0.05,0.95
12337,1,1,1,0.0,1.0,1.0
10733,1,1,1,0.0,1.0,1.0
10787,1,1,1,0.0,1.0,1.0
4625,0,0,1,0.995,0.005,0.995
7053,0,0,1,0.975,0.025,0.975
16845,1,0,0,0.865,0.135,0.865
794,0,0,1,0.995,0.005,0.995
16258,1,0,0,0.86,0.14,0.86
18221,1,1,1,0.04,0.96,0.96
1522,0,0,1,1.0,0.0,1.0
19550,1,1,1,0.0,1.0,1.0
18223,1,1,1,0.115,0.885,0.885
15268,1,1,1,0.005,0.995,0.995
17232,1,1,1,0.07,0.93,0.93
5396,0,0,1,0.67,0.33,0.67
7944,0,0,1,1.0,0.0,1.0
13751,1,1,1,0.0,1.0,1.0
2137,0,0,1,0.92,0.08,0.92
1134,0,0,1,0.99,0.01,0.99
11109,1,1,1,0.0,1.0,1.0
14501,1,1,1,0.05,0.95,0.95
4159,0,0,1,0.985,0.015,0.985
18955,1,1,1,0.01,0.99,0.99
17534,1,1,1,0.035,0.965,0.965
1082,0,0,1,0.595,0.405,0.595
6428,0,0,1,0.965,0.035,0.965
19689,1,1,1,0.0,1.0,1.0
1126,0,0,1,0.98,0.02,0.98
3766,0,0,1,0.895,0.105,0.895
570,0,0,1,0.93,0.07,0.93
847,0,0,1,0.99,0.01,0.99
7462,0,0,1,0.97,0.03,0.97
1297,0,0,1,0.835,0.165,0.835
14860,1,1,1,0.07,0.93,0.93
846,0,0,1,0.825,0.175,0.825
1686,0,0,1,0.99,0.01,0.99
16569,1,0,0,0.5,0.5,0.5
1987,0,0,1,0.85,0.15,0.85
594,0,0,1,0.95,0.05,0.95
5476,0,0,1,0.985,0.015,0.985
3295,0,0,1,0.995,0.005,0.995
11052,1,1,1,0.0,1.0,1.0
1900,0,0,1,0.925,0.075,0.925
9063,0,0,1,1.0,0.0,1.0
7119,0,0,1,0.98,0.02,0.98
1389,0,0,1,0.895,0.105,0.895
11086,1,1,1,0.0,1.0,1.0
12602,1,1,1,0.0,1.0,1.0
3546,0,0,1,0.9,0.1,0.9
17183,1,0,0,0.54,0.46,0.54
7630,0,0,1,0.975,0.025,0.975
5165,0,0,1,0.945,0.055,0.945
17527,1,1,1,0.0,1.0,1.0
4901,0,0,1,0.67,0.33,0.67
9476,0,0,1,0.98,0.02,0.98
1317,0,0,1,0.94,0.06,0.94
1705,0,0,1,0.995,0.005,0.995
16986,1,0,0,0.965,0.035,0.965
14179,1,1,1,0.075,0.925,0.925
10824,1,1,1,0.0,1.0,1.0
19914,1,1,1,0.0,1.0,1.0
6675,0,0,1,0.865,0.135,0.865
13482,1,1,1,0.0,1.0,1.0
13498,1,1,1,0.005,0.995,0.995
12657,1,1,1,0.0,1.0,1.0
14345,1,1,1,0.01,0.99,0.99
815,0,0,1,0.915,0.085,0.915
9418,0,0,1,0.87,0.13,0.87
459,0,0,1,0.99,0.01,0.99
1016,0,0,1,0.98,0.02,0.98
14328,1,1,1,0.005,0.995,0.995
1763,0,1,0,0.215,0.785,0.785
17734,1,1,1,0.015,0.985,0.985
6485,0,0,1,0.91,0.09,0.91
7510,0,0,1,0.995,0.005,0.995
19356,1,1,1,0.0,1.0,1.0
7074,0,0,1,0.965,0.035,0.965
385,0,0,1,0.97,0.03,0.97
2795,0,0,1,1.0,0.0,1.0
6276,0,0,1,0.92,0.08,0.92
8071,0,0,1,0.78,0.22,0.78
16911,1,1,1,0.195,0.805,0.805
4743,0,0,1,0.945,0.055,0.945
1541,0,0,1,0.99,0.01,0.99
1305,0,0,1,0.99,0.01,0.99
2138,0,0,1,0.89,0.11,0.89
8530,0,0,1,1.0,0.0,1.0
8394,0,0,1,0.985,0.015,0.985
18031,1,1,1,0.005,0.995,0.995
5322,0,0,1,1.0,0.0,1.0
5699,0,0,1,0.99,0.01,0.99
14626,1,1,1,0.2,0.8,0.8
3283,0,0,1,1.0,0.0,1.0
9106,0,1,0,0.49,0.51,0.51
4425,0,0,1,0.995,0.005,0.995
770,0,0,1,0.97,0.03,0.97
5938,0,0,1,0.975,0.025,0.975
9185,0,0,1,1.0,0.0,1.0
8134,0,0,1,1.0,0.0,1.0
9208,0,0,1,1.0,0.0,1.0
4421,0,0,1,0.92,0.08,0.92
18933,1,1,1,0.0,1.0,1.0
146,0,0,1,1.0,0.0,1.0
1839,0,0,1,1.0,0.0,1.0
1046,0,0,1,0.975,0.025,0.975
15488,1,1,1,0.03,0.97,0.97
5883,0,0,1,0.995,0.005,0.995
7146,0,0,1,0.925,0.075,0.925
8888,0,0,1,1.0,0.0,1.0
5191,0,0,1,0.99,0.01,0.99
3052,0,0,1,1.0,0.0,1.0
11076,1,1,1,0.045,0.955,0.955
13760,1,1,1,0.0,1.0,1.0
5740,0,0,1,0.91,0.09,0.91
13812,1,1,1,0.25,0.75,0.75
12560,1,1,1,0.0,1.0,1.0
17819,1,1,1,0.03,0.97,0.97
12618,1,1,1,0.005,0.995,0.995
4139,0,0,1,0.95,0.05,0.95
3160,0,0,1,0.65,0.35,0.65
17651,1,0,0,0.53,0.47,0.53
14,0,0,1,0.95,0.05,0.95
19007,1,1,1,0.005,0.995,0.995
9294,0,0,1,1.0,0.0,1.0
6706,0,0,1,0.975,0.025,0.975
10127,1,1,1,0.0,1.0,1.0
4271,0,0,1,0.96,0.04,0.96
14903,1,1,1,0.005,0.995,0.995
4619,0,0,1,0.985,0.015,0.985
2949,0,0,1,0.875,0.125,0.875
8008,0,0,1,1.0,0.0,1.0
5690,0,0,1,0.965,0.035,0.965
17061,1,0,0,0.535,0.465,0.535
11071,1,1,1,0.0,1.0,1.0
3475,0,0,1,0.975,0.025,0.975
2201,0,0,1,0.995,0.005,0.995
18070,1,1,1,0.015,0.985,0.985
14937,1,1,1,0.01,0.99,0.99
13362,1,1,1,0.0,1.0,1.0
6260,0,0,1,1.0,0.0,1.0
14608,1,1,1,0.09,0.91,0.91
10498,1,1,1,0.0,1.0,1.0
17102,1,1,1,0.075,0.925,0.925
17044,1,1,1,0.225,0.775,0.775
14714,1,1,1,0.015,0.985,0.985
4566,0,0,1,0.96,0.04,0.96
12473,1,1,1,0.0,1.0,1.0
208,0,0,1,0.985,0.015,0.985
14583,1,1,1,0.01,0.99,0.99
854,0,0,1,0.82,0.18,0.82
7971,0,0,1,1.0,0.0,1.0
5097,0,0,1,0.91,0.09,0.91
8662,0,0,1,0.99,0.01,0.99
13076,1,1,1,0.0,1.0,1.0
9141,0,0,1,0.775,0.225,0.775
9959,0,0,1,1.0,0.0,1.0
2080,0,0,1,0.95,0.05,0.95
16586,1,0,0,0.5,0.5,0.5
13187,1,1,1,0.0,1.0,1.0
4700,0,0,1,1.0,0.0,1.0
8925,0,0,1,0.98,0.02,0.98
1206,0,0,1,0.975,0.025,0.975
4629,0,0,1,0.98,0.02,0.98
17559,1,1,1,0.055,0.945,0.945
2360,0,0,1,0.995,0.005,0.995
13292,1,1,1,0.0,1.0,1.0
12978,1,1,1,0.01,0.99,0.99
14776,1,1,1,0.0,1.0,1.0
2335,0,0,1,0.955,0.045,0.955
16886,1,1,1,0.085,0.915,0.915
1853,0,0,1,0.715,0.285,0.715
6264,0,0,1,1.0,0.0,1.0
7307,0,0,1,0.82,0.18,0.82
5002,0,0,1,0.765,0.235,0.765
12229,1,1,1,0.0,1.0,1.0
2990,0,0,1,0.935,0.065,0.935
6242,0,0,1,0.99,0.01,0.99
17279,1,1,1,0.065,0.935,0.935
8209,0,0,1,1.0,0.0,1.0
1827,0,0,1,1.0,0.0,1.0
10606,1,1,1,0.0,1.0,1.0
16069,1,0,0,0.6,0.4,0.6
9187,0,0,1,1.0,0.0,1.0
455,0,0,1,1.0,0.0,1.0
6381,0,0,1,0.99,0.01,0.99
6614,0,0,1,0.92,0.08,0.92
16582,1,1,1,0.4,0.6,0.6
6138,0,0,1,0.98,0.02,0.98
2927,0,0,1,0.97,0.03,0.97
5091,0,0,1,0.99,0.01,0.99
11134,1,1,1,0.0,1.0,1.0
11265,1,1,1,0.0,1.0,1.0
2847,0,0,1,1.0,0.0,1.0
5765,0,0,1,0.99,0.01,0.99
14123,1,1,1,0.03,0.97,0.97
10520,1,1,1,0.0,1.0,1.0
2467,0,0,1,0.915,0.085,0.915
12597,1,1,1,0.0,1.0,1.0
18522,1,1,1,0.02,0.98,0.98
9655,0,0,1,1.0,0.0,1.0
2394,0,0,1,0.985,0.015,0.985
769,0,0,1,0.98,0.02,0.98
12268,1,1,1,0.0,1.0,1.0
12949,1,1,1,0.0,1.0,1.0
16831,1,1,1,0.415,0.585,0.585
8593,0,0,1,0.99,0.01,0.99
8728,0,0,1,1.0,0.0,1.0
18123,1,1,1,0.065,0.935,0.935
282,0,0,1,0.98,0.02,0.98
18356,1,1,1,0.035,0.965,0.965
11005,1,1,1,0.0,1.0,1.0
8239,0,0,1,1.0,0.0,1.0
14251,1,1,1,0.0,1.0,1.0
7512,0,0,1,1.0,0.0,1.0
4160,0,0,1,0.98,0.02,0.98
2646,0,0,1,1.0,0.0,1.0
8007,0,0,1,1.0,0.0,1.0
8685,0,0,1,0.99,0.01,0.99
10809,1,1,1,0.015,0.985,0.985
8572,0,0,1,1.0,0.0,1.0
4144,0,0,1,0.925,0.075,0.925
17905,1,1,1,0.075,0.925,0.925
10598,1,1,1,0.01,0.99,0.99
12979,1,1,1,0.085,0.915,0.915
10322,1,1,1,0.0,1.0,1.0
8681,0,0,1,0.955,0.045,0.955
14227,1,1,1,0.0,1.0,1.0
19557,1,1,1,0.0,1.0,1.0
5370,0,0,1,0.945,0.055,0.945
12038,1,1,1,0.0,1.0,1.0
15922,1,1,1,0.0,1.0,1.0
6310,0,0,1,0.985,0.015,0.985
5785,0,0,1,0.69,0.31,0.69
12626,1,1,1,0.0,1.0,1.0
12123,1,1,1,0.0,1.0,1.0
19225,1,1,1,0.0,1.0,1.0
5728,0,0,1,0.86,0.14,0.86
5444,0,0,1,0.97,0.03,0.97
1257,0,0,1,0.805,0.195,0.805
8039,0,0,1,1.0,0.0,1.0
4377,0,0,1,0.725,0.275,0.725
7250,0,0,1,0.635,0.365,0.635
4121,0,0,1,0.99,0.01,0.99
18081,1,1,1,0.02,0.98,0.98
7907,0,0,1,1.0,0.0,1.0
5232,0,0,1,0.99,0.01,0.99
7555,0,0,1,1.0,0.0,1.0
19507,1,1,1,0.0,1.0,1.0
3256,0,0,1,1.0,0.0,1.0
13544,1,1,1,0.0,1.0,1.0
12523,1,1,1,0.0,1.0,1.0
3875,0,0,1,0.975,0.025,0.975
900,0,0,1,1.0,0.0,1.0
15682,1,1,1,0.0,1.0,1.0
17990,1,1,1,0.015,0.985,0.985
2354,0,0,1,0.99,0.01,0.99
700,0,0,1,0.97,0.03,0.97
11008,1,1,1,0.0,1.0,1.0
13309,1,1,1,0.02,0.98,0.98
9070,0,0,1,1.0,0.0,1.0
8816,0,0,1,1.0,0.0,1.0
6950,0,0,1,0.975,0.025,0.975
11987,1,1,1,0.0,1.0,1.0
16735,1,1,1,0.45,0.55,0.55
4798,0,0,1,0.99,0.01,0.99
2846,0,0,1,0.97,0.03,0.97
9602,0,0,1,0.99,0.01,0.99
18506,1,1,1,0.02,0.98,0.98
15652,1,1,1,0.03,0.97,0.97
149,0,0,1,0.99,0.01,0.99
302,0,0,1,0.895,0.105,0.895
14458,1,1,1,0.18,0.82,0.82
3519,0,0,1,1.0,0.0,1.0
17406,1,1,1,0.125,0.875,0.875
8938,0,0,1,1.0,0.0,1.0
9349,0,0,1,1.0,0.0,1.0
18988,1,1,1,0.015,0.985,0.985
8190,0,0,1,1.0,0.0,1.0
8809,0,0,1,1.0,0.0,1.0
16834,1,1,1,0.375,0.625,0.625
11248,1,1,1,0.0,1.0,1.0
16994,1,1,1,0.425,0.575,0.575
17290,1,1,1,0.29,0.71,0.71
7142,0,0,1,0.96,0.04,0.96
9471,0,0,1,1.0,0.0,1.0
6809,0,0,1,0.98,0.02,0.98
7993,0,0,1,1.0,0.0,1.0
19214,1,1,1,0.0,1.0,1.0
15517,1,1,1,0.08,0.92,0.92
15434,1,1,1,0.43,0.57,0.57
13380,1,1,1,0.005,0.995,0.995
18074,1,1,1,0.12,0.88,0.88
14156,1,1,1,0.0,1.0,1.0
6029,0,0,1,0.86,0.14,0.86
8591,0,0,1,0.645,0.355,0.645
10103,1,1,1,0.0,1.0,1.0
17275,1,1,1,0.215,0.785,0.785
5518,0,0,1,0.995,0.005,0.995
2815,0,0,1,0.85,0.15,0.85
3381,0,0,1,0.98,0.02,0.98
3792,0,0,1,0.965,0.035,0.965
8640,0,0,1,0.56,0.44,0.56
14389,1,1,1,0.0,1.0,1.0
929,0,0,1,1.0,0.0,1.0
4018,0,0,1,0.88,0.12,0.88
1495,0,0,1,0.9,0.1,0.9
9611,0,0,1,1.0,0.0,1.0
18723,1,1,1,0.005,0.995,0.995
11961,1,1,1,0.01,0.99,0.99
8336,0,0,1,1.0,0.0,1.0
13808,1,1,1,0.0,1.0,1.0
631,0,0,1,0.99,0.01,0.99
7217,0,0,1,0.995,0.005,0.995
3809,0,0,1,0.945,0.055,0.945
18627,1,1,1,0.17,0.83,0.83
11603,1,1,1,0.0,1.0,1.0
8434,0,0,1,1.0,0.0,1.0
4662,0,0,1,0.975,0.025,0.975
13147,1,1,1,0.0,1.0,1.0
303,0,0,1,0.98,0.02,0.98
1203,0,0,1,0.765,0.235,0.765
4508,0,0,1,0.975,0.025,0.975
17968,1,1,1,0.145,0.855,0.855
5714,0,0,1,0.98,0.02,0.98
203,0,0,1,0.905,0.095,0.905
18562,1,1,1,0.035,0.965,0.965
975,0,0,1,0.865,0.135,0.865
8213,0,0,1,1.0,0.0,1.0
6295,0,0,1,1.0,0.0,1.0
8558,0,0,1,0.73,0.27,0.73
10427,1,1,1,0.0,1.0,1.0
3028,0,0,1,0.97,0.03,0.97
17532,1,1,1,0.13,0.87,0.87
771,0,0,1,0.99,0.01,0.99
14640,1,1,1,0.02,0.98,0.98
12443,1,1,1,0.0,1.0,1.0
1137,0,0,1,0.985,0.015,0.985
2681,0,0,1,0.92,0.08,0.92
1907,0,0,1,0.98,0.02,0.98
14848,1,1,1,0.025,0.975,0.975
9762,0,0,1,1.0,0.0,1.0
2592,0,0,1,0.95,0.05,0.95
19539,1,1,1,0.0,1.0,1.0
3130,0,0,1,0.985,0.015,0.985
8466,0,0,1,1.0,0.0,1.0
13717,1,1,1,0.19,0.81,0.81
18807,1,1,1,0.0,1.0,1.0
6709,0,0,1,0.995,0.005,0.995
5315,0,0,1,0.845,0.155,0.845
1280,0,0,1,0.835,0.165,0.835
4440,0,0,1,0.99,0.01,0.99
937,0,0,1,0.98,0.02,0.98
18013,1,1,1,0.01,0.99,0.99
3740,0,0,1,0.97,0.03,0.97
16896,1,0,0,0.61,0.39,0.61
5642,0,0,1,0.9,0.1,0.9
13898,1,1,1,0.0,1.0,1.0
7578,0,0,1,0.995,0.005,0.995
7293,0,1,0,0.475,0.525,0.525
19705,1,1,1,0.0,1.0,1.0
11982,1,1,1,0.005,0.995,0.995
6372,0,0,1,0.545,0.455,0.545
11420,1,1,1,0.0,1.0,1.0
8717,0,0,1,1.0,0.0,1.0
1121,0,0,1,0.965,0.035,0.965
18603,1,1,1,0.11,0.89,0.89
3835,0,0,1,0.6,0.4,0.6
855,0,0,1,0.94,0.06,0.94
11110,1,1,1,0.0,1.0,1.0
17639,1,1,1,0.44,0.56,0.56
5949,0,0,1,0.885,0.115,0.885
13674,1,1,1,0.0,1.0,1.0
16972,1,0,0,0.975,0.025,0.975
11917,1,1,1,0.005,0.995,0.995
10423,1,1,1,0.0,1.0,1.0
3217,0,0,1,0.65,0.35,0.65
4447,0,0,1,0.99,0.01,0.99
14300,1,1,1,0.0,1.0,1.0
10903,1,1,1,0.0,1.0,1.0
17452,1,1,1,0.12,0.88,0.88
9810,0,0,1,1.0,0.0,1.0
18176,1,1,1,0.07,0.93,0.93
18403,1,1,1,0.02,0.98,0.98
11689,1,1,1,0.0,1.0,1.0
4010,0,0,1,0.64,0.36,0.64
13063,1,1,1,0.03,0.97,0.97
14942,1,1,1,0.01,0.99,0.99
6174,0,0,1,0.86,0.14,0.86
14044,1,1,1,0.0,1.0,1.0
6008,0,0,1,0.945,0.055,0.945
793,0,0,1,0.88,0.12,0.88
8257,0,0,1,0.77,0.23,0.77
10048,1,1,1,0.01,0.99,0.99
18155,1,1,1,0.075,0.925,0.925
16577,1,1,1,0.295,0.705,0.705
18961,1,1,1,0.005,0.995,0.995
2712,0,0,1,0.99,0.01,0.99
18960,1,1,1,0.0,1.0,1.0
14818,1,1,1,0.005,0.995,0.995
16637,1,1,1,0.2,0.8,0.8
8435,0,0,1,1.0,0.0,1.0
10426,1,1,1,0.0,1.0,1.0
15470,1,1,1,0.005,0.995,0.995
10045,1,1,1,0.0,1.0,1.0
17860,1,1,1,0.015,0.985,0.985
1387,0,0,1,0.955,0.045,0.955
16626,1,1,1,0.295,0.705,0.705
7861,0,0,1,1.0,0.0,1.0
7304,0,0,1,0.875,0.125,0.875
14554,1,1,1,0.0,1.0,1.0
238,0,0,1,0.98,0.02,0.98
10881,1,1,1,0.0,1.0,1.0
17418,1,1,1,0.14,0.86,0.86
5833,0,0,1,0.98,0.02,0.98
5456,0,0,1,0.64,0.36,0.64
7333,0,0,1,0.89,0.11,0.89
5250,0,0,1,0.965,0.035,0.965
15512,1,1,1,0.0,1.0,1.0
17788,1,1,1,0.075,0.925,0.925
1192,0,0,1,0.945,0.055,0.945
2142,0,0,1,1.0,0.0,1.0
18088,1,1,1,0.025,0.975,0.975
1680,0,0,1,0.87,0.13,0.87
11529,1,1,1,0.0,1.0,1.0
14668,1,1,1,0.005,0.995,0.995
191,0,0,1,0.79,0.21,0.79
10034,1,1,1,0.0,1.0,1.0
11679,1,1,1,0.0,1.0,1.0
17090,1,1,1,0.155,0.845,0.845
3610,0,0,1,0.555,0.445,0.555
2762,0,0,1,0.99,0.01,0.99
4305,0,0,1,0.995,0.005,0.995
14754,1,1,1,0.025,0.975,0.975
9442,0,0,1,0.995,0.005,0.995
4485,0,0,1,0.815,0.185,0.815
15487,1,1,1,0.005,0.995,0.995
16429,1,0,0,0.76,0.24,0.76
18157,1,1,1,0.18,0.82,0.82
17646,1,1,1,0.07,0.93,0.93
5671,0,0,1,0.985,0.015,0.985
15553,1,1,1,0.005,0.995,0.995
515,0,0,1,0.96,0.04,0.96
18137,1,1,1,0.05,0.95,0.95
18729,1,1,1,0.12,0.88,0.88
2638,0,0,1,0.99,0.01,0.99
17738,1,1,1,0.05,0.95,0.95
12202,1,1,1,0.005,0.995,0.995
16383,1,1,1,0.4,0.6,0.6
17545,1,1,1,0.15,0.85,0.85
6134,0,0,1,0.955,0.045,0.955
11678,1,1,1,0.0,1.0,1.0
6886,0,0,1,0.93,0.07,0.93
19418,1,1,1,0.0,1.0,1.0
18674,1,1,1,0.025,0.975,0.975
9046,0,0,1,1.0,0.0,1.0
8998,0,0,1,0.99,0.01,0.99
5394,0,0,1,1.0,0.0,1.0
5653,0,0,1,0.97,0.03,0.97
17668,1,1,1,0.435,0.565,0.565
2244,0,0,1,0.98,0.02,0.98
513,0,0,1,0.825,0.175,0.825
9710,0,0,1,0.995,0.005,0.995
4894,0,0,1,0.975,0.025,0.975
16842,1,0,0,0.505,0.495,0.505
8520,0,0,1,1.0,0.0,1.0
13874,1,1,1,0.295,0.705,0.705
9134,0,0,1,1.0,0.0,1.0
10436,1,1,1,0.005,0.995,0.995
17296,1,1,1,0.045,0.955,0.955
5802,0,0,1,0.61,0.39,0.61
5502,0,0,1,1.0,0.0,1.0
9283,0,0,1,1.0,0.0,1.0
12834,1,1,1,0.015,0.985,0.985
9968,0,0,1,0.995,0.005,0.995
1241,0,0,1,0.805,0.195,0.805
9793,0,0,1,1.0,0.0,1.0
8235,0,0,1,1.0,0.0,1.0
1736,0,0,1,0.71,0.29,0.71
9727,0,0,1,1.0,0.0,1.0
4770,0,0,1,0.985,0.015,0.985
5684,0,0,1,0.985,0.015,0.985
4509,0,0,1,0.74,0.26,0.74
5528,0,0,1,0.975,0.025,0.975
7329,0,0,1,0.825,0.175,0.825
6897,0,0,1,0.985,0.015,0.985
2027,0,0,1,0.89,0.11,0.89
4561,0,0,1,0.965,0.035,0.965
14855,1,1,1,0.065,0.935,0.935
7762,0,0,1,1.0,0.0,1.0
6941,0,0,1,0.805,0.195,0.805
12885,1,1,1,0.0,1.0,1.0
9269,0,0,1,0.995,0.005,0.995
13823,1,1,1,0.0,1.0,1.0
13009,1,1,1,0.0,1.0,1.0
2372,0,0,1,0.945,0.055,0.945
2193,0,0,1,0.995,0.005,0.995
6949,0,0,1,0.94,0.06,0.94
4445,0,0,1,1.0,0.0,1.0
1708,0,0,1,0.71,0.29,0.71
3506,0,0,1,0.94,0.06,0.94
117,0,0,1,0.99,0.01,0.99
9771,0,0,1,0.95,0.05,0.95
14866,1,1,1,0.005,0.995,0.995
1060,0,0,1,0.975,0.025,0.975
729,0,0,1,0.855,0.145,0.855
16787,1,0,0,0.81,0.19,0.81
13137,1,1,1,0.0,1.0,1.0
14371,1,1,1,0.0,1.0,1.0
985,0,0,1,0.98,0.02,0.98
4627,0,0,1,0.945,0.055,0.945
3769,0,0,1,0.95,0.05,0.95
10323,1,1,1,0.0,1.0,1.0
11995,1,1,1,0.0,1.0,1.0
18216,1,1,1,0.01,0.99,0.99
2490,0,0,1,0.965,0.035,0.965
1844,0,0,1,0.965,0.035,0.965
7668,0,0,1,1.0,0.0,1.0
11056,1,1,1,0.0,1.0,1.0
8889,0,0,1,0.995,0.005,0.995
761,0,0,1,0.98,0.02,0.98
14305,1,1,1,0.0,1.0,1.0
9290,0,0,1,1.0,0.0,1.0
8365,0,0,1,0.985,0.015,0.985
664,0,0,1,0.89,0.11,0.89
10846,1,1,1,0.0,1.0,1.0
13258,1,1,1,0.0,1.0,1.0
17141,1,0,0,0.56,0.44,0.56
12293,1,1,1,0.0,1.0,1.0
1928,0,0,1,0.915,0.085,0.915
7469,0,0,1,0.97,0.03,0.97
12036,1,1,1,0.0,1.0,1.0
1842,0,0,1,0.85,0.15,0.85
1995,0,0,1,0.965,0.035,0.965
14923,1,1,1,0.21,0.79,0.79
17897,1,1,1,0.12,0.88,0.88
13568,1,1,1,0.0,1.0,1.0
4928,0,0,1,0.915,0.085,0.915
2871,0,0,1,0.97,0.03,0.97
11505,1,1,1,0.0,1.0,1.0
10762,1,1,1,0.0,1.0,1.0
5507,0,0,1,0.96,0.04,0.96
5215,0,0,1,0.96,0.04,0.96
10235,1,1,1,0.0,1.0,1.0
2455,0,0,1,0.98,0.02,0.98
4226,0,0,1,0.975,0.025,0.975
19213,1,1,1,0.0,1.0,1.0
4310,0,0,1,0.99,0.01,0.99
10404,1,1,1,0.0,1.0,1.0
5677,0,0,1,0.89,0.11,0.89
12422,1,1,1,0.0,1.0,1.0
7864,0,0,1,1.0,0.0,1.0
14789,1,1,1,0.0,1.0,1.0
8358,0,0,1,1.0,0.0,1.0
15279,1,1,1,0.0,1.0,1.0
15246,1,1,1,0.39,0.61,0.61
7492,0,0,1,1.0,0.0,1.0
6170,0,0,1,0.975,0.025,0.975
18461,1,1,1,0.145,0.855,0.855
895,0,0,1,0.965,0.035,0.965
18127,1,1,1,0.21,0.79,0.79
6963,0,0,1,0.91,0.09,0.91
8996,0,0,1,1.0,0.0,1.0
18177,1,1,1,0.025,0.975,0.975
9094,0,0,1,0.95,0.05,0.95
5337,0,0,1,0.93,0.07,0.93
7731,0,0,1,0.995,0.005,0.995
17953,1,1,1,0.06,0.94,0.94
12034,1,1,1,0.0,1.0,1.0
5534,0,0,1,0.935,0.065,0.935
5457,0,0,1,0.995,0.005,0.995
7282,0,0,1,0.945,0.055,0.945
10465,1,1,1,0.0,1.0,1.0
11729,1,1,1,0.0,1.0,1.0
12586,1,1,1,0.0,1.0,1.0
17410,1,1,1,0.095,0.905,0.905
17488,1,1,1,0.125,0.875,0.875
13960,1,1,1,0.08,0.92,0.92
2204,0,0,1,0.765,0.235,0.765
15048,1,1,1,0.14,0.86,0.86
18691,1,1,1,0.01,0.99,0.99
18362,1,1,1,0.09,0.91,0.91
15782,1,1,1,0.045,0.955,0.955
7936,0,0,1,1.0,0.0,1.0
2891,0,0,1,0.995,0.005,0.995
7634,0,0,1,1.0,0.0,1.0
11798,1,1,1,0.0,1.0,1.0
12,0,0,1,0.745,0.255,0.745
8647,0,0,1,1.0,0.0,1.0
9338,0,0,1,1.0,0.0,1.0
14341,1,1,1,0.005,0.995,0.995
16599,1,0,0,0.54,0.46,0.54
4712,0,1,0,0.495,0.505,0.505
9534,0,0,1,1.0,0.0,1.0
4844,0,0,1,0.955,0.045,0.955
11084,1,1,1,0.04,0.96,0.96
7246,0,0,1,0.985,0.015,0.985
14421,1,1,1,0.0,1.0,1.0
8357,0,0,1,0.99,0.01,0.99
14657,1,1,1,0.0,1.0,1.0
831,0,0,1,0.975,0.025,0.975
3419,0,0,1,0.985,0.015,0.985
10905,1,1,1,0.0,1.0,1.0
2044,0,0,1,0.935,0.065,0.935
16401,1,0,0,0.855,0.145,0.855
12785,1,1,1,0.0,1.0,1.0
16237,1,0,0,0.705,0.295,0.705
7520,0,0,1,1.0,0.0,1.0
5474,0,0,1,0.935,0.065,0.935
3640,0,0,1,0.735,0.265,0.735
19010,1,1,1,0.005,0.995,0.995
13261,1,1,1,0.0,1.0,1.0
505,0,0,1,0.99,0.01,0.99
11450,1,1,1,0.0,1.0,1.0
996,0,0,1,0.84,0.16,0.84
6267,0,0,1,0.995,0.005,0.995
15376,1,1,1,0.04,0.96,0.96
7843,0,0,1,1.0,0.0,1.0
13206,1,1,1,0.0,1.0,1.0
8777,0,0,1,1.0,0.0,1.0
9999,1,1,1,0.0,1.0,1.0
4386,0,0,1,1.0,0.0,1.0
7917,0,0,1,1.0,0.0,1.0
15042,1,1,1,0.32,0.68,0.68
5058,0,0,1,0.95,0.05,0.95
4337,0,0,1,1.0,0.0,1.0
12740,1,1,1,0.0,1.0,1.0
18789,1,1,1,0.0,1.0,1.0
17903,1,1,1,0.145,0.855,0.855
7347,0,0,1,0.71,0.29,0.71
7028,0,0,1,0.745,0.255,0.745
15037,1,1,1,0.03,0.97,0.97
17277,1,1,1,0.005,0.995,0.995
3458,0,0,1,0.94,0.06,0.94
18026,1,1,1,0.005,0.995,0.995
2726,0,0,1,0.975,0.025,0.975
11791,1,1,1,0.04,0.96,0.96
16800,1,1,1,0.225,0.775,0.775
5727,0,0,1,0.985,0.015,0.985
779,0,0,1,0.985,0.015,0.985
1735,0,0,1,0.83,0.17,0.83
10879,1,1,1,0.0,1.0,1.0
7367,0,0,1,0.8,0.2,0.8
3973,0,0,1,0.955,0.045,0.955
3523,0,0,1,0.98,0.02,0.98
9986,0,0,1,0.975,0.025,0.975
14693,1,1,1,0.07,0.93,0.93
17011,1,1,1,0.095,0.905,0.905
4067,0,0,1,1.0,0.0,1.0
9707,0,0,1,1.0,0.0,1.0
14979,1,1,1,0.02,0.98,0.98
8914,0,0,1,1.0,0.0,1.0
39,0,0,1,0.975,0.025,0.975
18489,1,1,1,0.23,0.77,0.77
11236,1,1,1,0.0,1.0,1.0
672,0,0,1,0.995,0.005,0.995
13829,1,1,1,0.0,1.0,1.0
6828,0,0,1,0.985,0.015,0.985
727,0,0,1,0.835,0.165,0.835
13767,1,1,1,0.065,0.935,0.935
16730,1,0,0,0.505,0.495,0.505
14863,1,1,1,0.12,0.88,0.88
10357,1,1,1,0.005,0.995,0.995
9719,0,0,1,1.0,0.0,1.0
13429,1,1,1,0.005,0.995,0.995
18490,1,1,1,0.0,1.0,1.0
5915,0,0,1,0.975,0.025,0.975
15307,1,1,1,0.07,0.93,0.93
2057,0,0,1,0.625,0.375,0.625
17759,1,1,1,0.055,0.945,0.945
11251,1,1,1,0.0,1.0,1.0
13806,1,1,1,0.0,1.0,1.0
13492,1,1,1,0.0,1.0,1.0
9454,0,0,1,1.0,0.0,1.0
3997,0,0,1,0.775,0.225,0.775
396,0,0,1,0.975,0.025,0.975
16734,1,1,1,0.455,0.545,0.545
11646,1,1,1,0.0,1.0,1.0
12813,1,1,1,0.0,1.0,1.0
10750,1,1,1,0.0,1.0,1.0
11975,1,1,1,0.02,0.98,0.98
3551,0,0,1,0.95,0.05,0.95
16758,1,0,0,0.92,0.08,0.92
5465,0,0,1,0.55,0.45,0.55
5237,0,0,1,0.91,0.09,0.91
7850,0,0,1,0.995,0.005,0.995
10008,1,1,1,0.035,0.965,0.965
14270,1,1,1,0.01,0.99,0.99
2912,0,0,1,0.61,0.39,0.61
7514,0,0,1,1.0,0.0,1.0
10062,1,1,1,0.0,1.0,1.0
3773,0,0,1,0.99,0.01,0.99
13682,1,1,1,0.005,0.995,0.995
17901,1,1,1,0.095,0.905,0.905
10397,1,1,1,0.0,1.0,1.0
2107,0,0,1,0.99,0.01,0.99
9405,0,0,1,1.0,0.0,1.0
6199,0,0,1,0.87,0.13,0.87
14023,1,1,1,0.02,0.98,0.98
7833,0,0,1,1.0,0.0,1.0
4323,0,0,1,0.99,0.01,0.99
3606,0,0,1,0.9,0.1,0.9
8546,0,0,1,1.0,0.0,1.0
16891,1,1,1,0.085,0.915,0.915
6559,0,0,1,1.0,0.0,1.0
15576,1,1,1,0.0,1.0,1.0
15025,1,1,1,0.195,0.805,0.805
4774,0,0,1,0.665,0.335,0.665
2683,0,0,1,0.725,0.275,0.725
13622,1,1,1,0.0,1.0,1.0
12710,1,1,1,0.0,1.0,1.0
18248,1,1,1,0.035,0.965,0.965
9004,0,0,1,1.0,0.0,1.0
15398,1,1,1,0.04,0.96,0.96
19186,1,1,1,0.015,0.985,0.985
14272,1,1,1,0.045,0.955,0.955
14607,1,1,1,0.01,0.99,0.99
5645,0,0,1,0.99,0.01,0.99
5009,0,0,1,0.93,0.07,0.93
3254,0,0,1,0.995,0.005,0.995
5028,0,0,1,0.755,0.245,0.755
2497,0,0,1,0.95,0.05,0.95
7415,0,0,1,0.935,0.065,0.935
7097,0,0,1,0.94,0.06,0.94
1292,0,0,1,0.975,0.025,0.975
9493,0,0,1,0.98,0.02,0.98
11814,1,1,1,0.02,0.98,0.98
981,0,0,1,0.93,0.07,0.93
12274,1,1,1,0.005,0.995,0.995
2999,0,0,1,1.0,0.0,1.0
10633,1,1,1,0.0,1.0,1.0
16081,1,0,0,0.605,0.395,0.605
15504,1,1,1,0.015,0.985,0.985
16576,1,1,1,0.37,0.63,0.63
14119,1,1,1,0.015,0.985,0.985
3520,0,0,1,0.865,0.135,0.865
4402,0,0,1,0.965,0.035,0.965
18330,1,1,1,0.025,0.975,0.975
1623,0,0,1,0.935,0.065,0.935
12629,1,1,1,0.0,1.0,1.0
9152,0,0,1,1.0,0.0,1.0
12045,1,1,1,0.0,1.0,1.0
9209,0,0,1,1.0,0.0,1.0
1626,0,1,0,0.425,0.575,0.575
776,0,0,1,0.73,0.27,0.73
2626,0,0,1,0.96,0.04,0.96
13675,1,1,1,0.0,1.0,1.0
6787,0,0,1,0.665,0.335,0.665
17359,1,1,1,0.045,0.955,0.955
18371,1,1,1,0.08,0.92,0.92
18450,1,1,1,0.065,0.935,0.935
8902,0,0,1,0.99,0.01,0.99
4545,0,0,1,0.98,0.02,0.98
9747,0,0,1,1.0,0.0,1.0
8173,0,0,1,1.0,0.0,1.0
3857,0,0,1,0.9,0.1,0.9
5336,0,0,1,0.99,0.01,0.99
15707,1,1,1,0.0,1.0,1.0
10807,1,1,1,0.0,1.0,1.0
10560,1,1,1,0.0,1.0,1.0
14374,1,1,1,0.005,0.995,0.995
7495,0,0,1,1.0,0.0,1.0
2144,0,0,1,0.915,0.085,0.915
8320,0,0,1,0.995,0.005,0.995
13987,1,1,1,0.0,1.0,1.0
2470,0,0,1,0.995,0.005,0.995
5373,0,0,1,0.9,0.1,0.9
155,0,0,1,0.945,0.055,0.945
9218,0,0,1,0.98,0.02,0.98
14565,1,1,1,0.005,0.995,0.995
19090,1,1,1,0.0,1.0,1.0
7227,0,0,1,0.94,0.06,0.94
8229,0,0,1,0.76,0.24,0.76
5467,0,0,1,1.0,0.0,1.0
4910,0,0,1,0.97,0.03,0.97
6519,0,0,1,0.915,0.085,0.915
17326,1,1,1,0.095,0.905,0.905
10276,1,1,1,0.0,1.0,1.0
17938,1,1,1,0.12,0.88,0.88
8806,0,0,1,0.93,0.07,0.93
9473,0,0,1,1.0,0.0,1.0
4114,0,0,1,0.995,0.005,0.995
11006,1,1,1,0.025,0.975,0.975
13650,1,1,1,0.0,1.0,1.0
11374,1,1,1,0.0,1.0,1.0
15808,1,1,1,0.0,1.0,1.0
18072,1,1,1,0.01,0.99,0.99
9920,0,0,1,1.0,0.0,1.0
5277,0,1,0,0.14,0.86,0.86
9696,0,0,1,0.995,0.005,0.995
17687,1,1,1,0.045,0.955,0.955
4688,0,0,1,0.98,0.02,0.98
5540,0,0,1,0.945,0.055,0.945
7041,0,0,1,0.915,0.085,0.915
2797,0,0,1,0.84,0.16,0.84
8578,0,0,1,1.0,0.0,1.0
15206,1,1,1,0.01,0.99,0.99
6710,0,0,1,0.85,0.15,0.85
1797,0,0,1,0.945,0.055,0.945
12931,1,1,1,0.0,1.0,1.0
12444,1,1,1,0.0,1.0,1.0
6210,0,0,1,0.985,0.015,0.985
18696,1,1,1,0.01,0.99,0.99
6223,0,0,1,0.995,0.005,0.995
14558,1,1,1,0.0,1.0,1.0
9092,0,0,1,1.0,0.0,1.0
7318,0,0,1,0.845,0.155,0.845
7669,0,0,1,1.0,0.0,1.0
2420,0,0,1,0.665,0.335,0.665
5798,0,0,1,1.0,0.0,1.0
16827,1,0,0,0.985,0.015,0.985
6516,0,0,1,0.93,0.07,0.93
3787,0,0,1,0.95,0.05,0.95
12963,1,1,1,0.0,1.0,1.0
14912,1,1,1,0.065,0.935,0.935
6780,0,0,1,0.99,0.01,0.99
2805,0,0,1,0.975,0.025,0.975
15424,1,0,0,0.615,0.385,0.615
7110,0,1,0,0.43,0.57,0.57
9354,0,0,1,0.995,0.005,0.995
4994,0,0,1,0.995,0.005,0.995
19697,1,1,1,0.005,0.995,0.995
482,0,0,1,0.995,0.005,0.995
5739,0,0,1,0.91,0.09,0.91
4789,0,0,1,0.98,0.02,0.98
12647,1,1,1,0.0,1.0,1.0
14528,1,1,1,0.0,1.0,1.0
5570,0,0,1,0.905,0.095,0.905
2157,0,0,1,0.975,0.025,0.975
7902,0,0,1,0.525,0.475,0.525
11040,1,1,1,0.0,1.0,1.0
10155,1,1,1,0.0,1.0,1.0
134,0,0,1,0.935,0.065,0.935
4480,0,0,1,0.905,0.095,0.905
4270,0,0,1,0.935,0.065,0.935
9443,0,0,1,1.0,0.0,1.0
15108,1,1,1,0.045,0.955,0.955
17989,1,1,1,0.485,0.515,0.515
7870,0,0,1,1.0,0.0,1.0
1690,0,0,1,1.0,0.0,1.0
12100,1,1,1,0.0,1.0,1.0
1981,0,0,1,0.77,0.23,0.77
12541,1,1,1,0.0,1.0,1.0
16551,1,1,1,0.38,0.62,0.62
12058,1,1,1,0.03,0.97,0.97
15162,1,1,1,0.0,1.0,1.0
13190,1,1,1,0.14,0.86,0.86
2075,0,0,1,0.995,0.005,0.995
13257,1,1,1,0.005,0.995,0.995
10006,1,1,1,0.0,1.0,1.0
8634,0,0,1,0.985,0.015,0.985
12021,1,1,1,0.0,1.0,1.0
11336,1,1,1,0.0,1.0,1.0
236,0,0,1,0.785,0.215,0.785
8796,0,0,1,1.0,0.0,1.0
12474,1,1,1,0.0,1.0,1.0
10087,1,1,1,0.0,1.0,1.0
3096,0,0,1,0.975,0.025,0.975
8670,0,0,1,1.0,0.0,1.0
8323,0,0,1,1.0,0.0,1.0
5672,0,0,1,1.0,0.0,1.0
9034,0,0,1,1.0,0.0,1.0
9729,0,0,1,0.99,0.01,0.99
4367,0,0,1,0.86,0.14,0.86
10819,1,1,1,0.0,1.0,1.0
7675,0,0,1,1.0,0.0,1.0
4694,0,0,1,1.0,0.0,1.0
12407,1,1,1,0.0,1.0,1.0
4053,0,0,1,0.965,0.035,0.965
10966,1,1,1,0.0,1.0,1.0
17833,1,1,1,0.02,0.98,0.98
2747,0,0,1,0.935,0.065,0.935
8602,0,0,1,0.995,0.005,0.995
18757,1,1,1,0.0,1.0,1.0
2791,0,0,1,0.955,0.045,0.955
14067,1,1,1,0.02,0.98,0.98
10039,1,1,1,0.005,0.995,0.995
8706,0,0,1,1.0,0.0,1.0
4236,0,0,1,1.0,0.0,1.0
1061,0,0,1,1.0,0.0,1.0
9688,0,0,1,1.0,0.0,1.0
4500,0,0,1,0.995,0.005,0.995
8568,0,0,1,1.0,0.0,1.0
13144,1,1,1,0.01,0.99,0.99
4303,0,0,1,0.99,0.01,0.99
13457,1,1,1,0.0,1.0,1.0
10967,1,1,1,0.015,0.985,0.985
9214,0,0,1,1.0,0.0,1.0
646,0,0,1,0.885,0.115,0.885
4722,0,0,1,0.985,0.015,0.985
10994,1,1,1,0.0,1.0,1.0
15440,1,1,1,0.195,0.805,0.805
11376,1,1,1,0.0,1.0,1.0
11938,1,1,1,0.0,1.0,1.0
1543,0,0,1,0.76,0.24,0.76
4959,0,0,1,0.89,0.11,0.89
16823,1,1,1,0.455,0.545,0.545
16942,1,1,1,0.085,0.915,0.915
16809,1,1,1,0.145,0.855,0.855
5970,0,0,1,0.95,0.05,0.95
10872,1,1,1,0.0,1.0,1.0
17320,1,1,1,0.085,0.915,0.915
7805,0,0,1,1.0,0.0,1.0
3281,0,0,1,0.995,0.005,0.995
2434,0,0,1,0.925,0.075,0.925
12118,1,1,1,0.0,1.0,1.0
620,0,0,1,0.975,0.025,0.975
5231,0,0,1,0.845,0.155,0.845
14547,1,1,1,0.015,0.985,0.985
11971,1,1,1,0.0,1.0,1.0
8838,0,0,1,1.0,0.0,1.0
12105,1,1,1,0.005,0.995,0.995
633,0,0,1,0.955,0.045,0.955
4046,0,0,1,1.0,0.0,1.0
17824,1,1,1,0.02,0.98,0.98
8850,0,0,1,0.995,0.005,0.995
18742,1,1,1,0.025,0.975,0.975
15036,1,1,1,0.0,1.0,1.0
13485,1,1,1,0.0,1.0,1.0
1410,0,0,1,0.98,0.02,0.98
12260,1,1,1,0.0,1.0,1.0
1388,0,0,1,0.505,0.495,0.505
10935,1,1,1,0.0,1.0,1.0
1343,0,0,1,0.995,0.005,0.995
3300,0,0,1,0.985,0.015,0.985
1049,0,0,1,0.85,0.15,0.85
3593,0,0,1,0.97,0.03,0.97
17093,1,1,1,0.155,0.845,0.845
10243,1,1,1,0.025,0.975,0.975
15483,1,1,1,0.0,1.0,1.0
4908,0,0,1,0.94,0.06,0.94
526,0,0,1,0.995,0.005,0.995
717,0,0,1,0.815,0.185,0.815
19399,1,1,1,0.0,1.0,1.0
2692,0,0,1,0.79,0.21,0.79
3079,0,0,1,0.995,0.005,0.995
2894,0,0,1,1.0,0.0,1.0
19538,1,1,1,0.0,1.0,1.0
9348,0,0,1,0.995,0.005,0.995
16996,1,1,1,0.375,0.625,0.625
12898,1,1,1,0.0,1.0,1.0
18773,1,1,1,0.02,0.98,0.98
12217,1,1,1,0.0,1.0,1.0
2126,0,0,1,0.66,0.34,0.66
3045,0,0,1,0.94,0.06,0.94
7297,0,0,1,0.88,0.12,0.88
3148,0,0,1,0.64,0.36,0.64
17066,1,0,0,0.855,0.145,0.855
15695,1,1,1,0.005,0.995,0.995
5242,0,0,1,0.98,0.02,0.98
18631,1,1,1,0.005,0.995,0.995
13933,1,1,1,0.0,1.0,1.0
16875,1,0,0,0.86,0.14,0.86
3179,0,0,1,0.995,0.005,0.995
18539,1,1,1,0.115,0.885,0.885
1266,0,0,1,0.95,0.05,0.95
12565,1,1,1,0.0,1.0,1.0
9801,0,0,1,0.95,0.05,0.95
12930,1,1,1,0.0,1.0,1.0
18040,1,1,1,0.05,0.95,0.95
16722,1,1,1,0.335,0.665,0.665
8990,0,0,1,0.975,0.025,0.975
10760,1,1,1,0.005,0.995,0.995
15075,1,1,1,0.04,0.96,0.96
8165,0,0,1,1.0,0.0,1.0
5565,0,1,0,0.0,1.0,1.0
15054,1,1,1,0.115,0.885,0.885
14717,1,1,1,0.01,0.99,0.99
13913,1,1,1,0.0,1.0,1.0
16096,1,0,0,0.74,0.26,0.74
5473,0,0,1,0.975,0.025,0.975
8408,0,0,1,1.0,0.0,1.0
12193,1,1,1,0.0,1.0,1.0
1855,0,0,1,0.87,0.13,0.87
16241,1,0,0,0.935,0.065,0.935
15437,1,1,1,0.195,0.805,0.805
10378,1,1,1,0.0,1.0,1.0
4464,0,0,1,0.815,0.185,0.815
3399,0,0,1,1.0,0.0,1.0
10645,1,1,1,0.0,1.0,1.0
12071,1,1,1,0.0,1.0,1.0
8550,0,0,1,0.985,0.015,0.985
2760,0,0,1,0.99,0.01,0.99
16720,1,0,0,0.645,0.355,0.645
12608,1,1,1,0.0,1.0,1.0
9320,0,0,1,1.0,0.0,1.0
65,0,0,1,0.985,0.015,0.985
12682,1,1,1,0.0,1.0,1.0
10112,1,1,1,0.01,0.99,0.99
823,0,0,1,0.99,0.01,0.99
15399,1,1,1,0.025,0.975,0.975
5874,0,0,1,0.97,0.03,0.97
10597,1,1,1,0.0,1.0,1.0
10766,1,1,1,0.0,1.0,1.0
2736,0,0,1,0.83,0.17,0.83
17456,1,1,1,0.015,0.985,0.985
12075,1,1,1,0.0,1.0,1.0
10882,1,1,1,0.005,0.995,0.995
14467,1,1,1,0.03,0.97,0.97
6491,0,0,1,0.895,0.105,0.895
18280,1,1,1,0.02,0.98,0.98
11775,1,1,1,0.0,1.0,1.0
13226,1,1,1,0.0,1.0,1.0
15091,1,1,1,0.045,0.955,0.955
18012,1,1,1,0.005,0.995,0.995
12934,1,1,1,0.0,1.0,1.0
13701,1,1,1,0.005,0.995,0.995
9321,0,0,1,0.99,0.01,0.99
1772,0,0,1,0.8,0.2,0.8
4990,0,0,1,0.895,0.105,0.895
12267,1,1,1,0.0,1.0,1.0
6924,0,0,1,0.87,0.13,0.87
13523,1,1,1,0.0,1.0,1.0
10079,1,1,1,0.0,1.0,1.0
18101,1,1,1,0.01,0.99,0.99
9205,0,0,1,1.0,0.0,1.0
17483,1,1,1,0.01,0.99,0.99
1342,0,0,1,0.87,0.13,0.87
19893,1,1,1,0.0,1.0,1.0
17243,1,0,0,0.65,0.35,0.65
363,0,0,1,0.935,0.065,0.935
14386,1,1,1,0.005,0.995,0.995
14961,1,1,1,0.23,0.77,0.77
13719,1,1,1,0.005,0.995,0.995
14765,1,1,1,0.005,0.995,0.995
4818,0,0,1,0.99,0.01,0.99
9720,0,0,1,1.0,0.0,1.0
9462,0,0,1,0.995,0.005,0.995
10526,1,1,1,0.0,1.0,1.0
2344,0,0,1,0.88,0.12,0.88
1391,0,0,1,0.68,0.32,0.68
4469,0,0,1,0.985,0.015,0.985
10759,1,1,1,0.0,1.0,1.0
5179,0,0,1,0.945,0.055,0.945
12239,1,1,1,0.005,0.995,0.995
6759,0,0,1,0.975,0.025,0.975
17427,1,1,1,0.39,0.61,0.61
19153,1,1,1,0.03,0.97,0.97
17680,1,1,1,0.065,0.935,0.935
10446,1,1,1,0.0,1.0,1.0
988,0,0,1,0.975,0.025,0.975
18264,1,1,1,0.15,0.85,0.85
12378,1,1,1,0.0,1.0,1.0
6740,0,0,1,0.875,0.125,0.875
12109,1,1,1,0.0,1.0,1.0
7428,0,0,1,0.93,0.07,0.93
17017,1,1,1,0.21,0.79,0.79
6352,0,0,1,0.995,0.005,0.995
7658,0,0,1,1.0,0.0,1.0
15694,1,1,1,0.005,0.995,0.995
2972,0,0,1,0.985,0.015,0.985
2049,0,0,1,0.995,0.005,0.995
3276,0,0,1,0.935,0.065,0.935
2106,0,0,1,0.995,0.005,0.995
19724,1,1,1,0.0,1.0,1.0
13333,1,1,1,0.0,1.0,1.0
16570,1,1,1,0.46,0.54,0.54
13969,1,1,1,0.015,0.985,0.985
1302,0,0,1,0.965,0.035,0.965
1888,0,0,1,0.935,0.065,0.935
4398,0,0,1,0.995,0.005,0.995
2422,0,0,1,0.975,0.025,0.975
1918,0,0,1,0.945,0.055,0.945
6648,0,0,1,0.99,0.01,0.99
11083,1,1,1,0.0,1.0,1.0
8279,0,0,1,1.0,0.0,1.0
15542,1,1,1,0.035,0.965,0.965
12820,1,1,1,0.0,1.0,1.0
5088,0,0,1,0.935,0.065,0.935
12731,1,1,1,0.0,1.0,1.0
14030,1,1,1,0.025,0.975,0.975
6656,0,0,1,0.915,0.085,0.915
15927,1,1,1,0.005,0.995,0.995
3064,0,0,1,0.945,0.055,0.945
10142,1,1,1,0.0,1.0,1.0
6051,0,0,1,0.81,0.19,0.81
17098,1,1,1,0.49,0.51,0.51
16686,1,0,0,0.615,0.385,0.615
18299,1,0,0,0.925,0.075,0.925
8220,0,0,1,0.935,0.065,0.935
13737,1,1,1,0.0,1.0,1.0
8916,0,0,1,0.98,0.02,0.98
10081,1,1,1,0.0,1.0,1.0
2587,0,0,1,0.93,0.07,0.93
4563,0,0,1,1.0,0.0,1.0
6697,0,0,1,0.83,0.17,0.83
2784,0,0,1,1.0,0.0,1.0
16636,1,1,1,0.455,0.545,0.545
8592,0,0,1,1.0,0.0,1.0
11027,1,1,1,0.0,1.0,1.0
4533,0,0,1,0.965,0.035,0.965
9021,0,0,1,1.0,0.0,1.0
13383,1,1,1,0.04,0.96,0.96
17419,1,1,1,0.005,0.995,0.995
10896,1,1,1,0.005,0.995,0.995
2744,0,0,1,0.985,0.015,0.985
5347,0,0,1,0.76,0.24,0.76
13984,1,1,1,0.0,1.0,1.0
6308,0,0,1,1.0,0.0,1.0
12441,1,1,1,0.0,1.0,1.0
10462,1,1,1,0.0,1.0,1.0
2994,0,0,1,0.995,0.005,0.995
5049,0,0,1,0.925,0.075,0.925
7390,0,0,1,0.975,0.025,0.975
1309,0,0,1,0.94,0.06,0.94
6082,0,0,1,0.99,0.01,0.99
1001,0,0,1,1.0,0.0,1.0
18409,1,1,1,0.19,0.81,0.81
5526,0,0,1,0.94,0.06,0.94
9837,0,0,1,0.98,0.02,0.98
11672,1,1,1,0.0,1.0,1.0
14783,1,1,1,0.0,1.0,1.0
18179,1,1,1,0.265,0.735,0.735
6092,0,0,1,0.96,0.04,0.96
14349,1,1,1,0.0,1.0,1.0
11253,1,1,1,0.0,1.0,1.0
15531,1,1,1,0.0,1.0,1.0
11463,1,1,1,0.0,1.0,1.0
9671,0,0,1,1.0,0.0,1.0
1649,0,0,1,0.93,0.07,0.93
8163,0,0,1,1.0,0.0,1.0
3359,0,0,1,0.815,0.185,0.815
9241,0,0,1,1.0,0.0,1.0
7674,0,0,1,1.0,0.0,1.0
10918,1,1,1,0.0,1.0,1.0
17264,1,1,1,0.245,0.755,0.755
3831,0,0,1,0.95,0.05,0.95
10037,1,1,1,0.0,1.0,1.0
9008,0,0,1,1.0,0.0,1.0
13272,1,1,1,0.0,1.0,1.0
5039,0,0,1,0.905,0.095,0.905
11309,1,1,1,0.0,1.0,1.0
75,0,0,1,0.99,0.01,0.99
9693,0,0,1,0.6,0.4,0.6
1572,0,0,1,0.975,0.025,0.975
19863,1,1,1,0.0,1.0,1.0
1647,0,0,1,0.995,0.005,0.995
11632,1,1,1,0.0,1.0,1.0
11563,1,1,1,0.0,1.0,1.0
4172,0,0,1,0.655,0.345,0.655
16388,1,0,0,0.89,0.11,0.89
5459,0,0,1,0.855,0.145,0.855
16553,1,1,1,0.145,0.855,0.855
3516,0,0,1,0.91,0.09,0.91
14795,1,1,1,0.0,1.0,1.0
12270,1,1,1,0.0,1.0,1.0
3863,0,0,1,1.0,0.0,1.0
406,0,0,1,0.975,0.025,0.975
14892,1,1,1,0.01,0.99,0.99
16221,1,0,0,0.835,0.165,0.835
12506,1,1,1,0.0,1.0,1.0
8416,0,0,1,1.0,0.0,1.0
14236,1,1,1,0.0,1.0,1.0
13669,1,0,0,0.5,0.5,0.5
18335,1,1,1,0.005,0.995,0.995
13397,1,1,1,0.0,1.0,1.0
19695,1,1,1,0.015,0.985,0.985
3159,0,0,1,0.98,0.02,0.98
10299,1,1,1,0.0,1.0,1.0
18958,1,1,1,0.01,0.99,0.99
1620,0,0,1,0.985,0.015,0.985
9540,0,0,1,1.0,0.0,1.0
11643,1,1,1,0.0,1.0,1.0
11630,1,1,1,0.0,1.0,1.0
5960,0,0,1,0.91,0.09,0.91
4719,0,0,1,1.0,0.0,1.0
12458,1,1,1,0.0,1.0,1.0
877,0,0,1,0.865,0.135,0.865
5389,0,0,1,0.97,0.03,0.97
14294,1,1,1,0.035,0.965,0.965
3971,0,0,1,0.92,0.08,0.92
9871,0,0,1,1.0,0.0,1.0
833,0,0,1,0.98,0.02,0.98
10995,1,1,1,0.0,1.0,1.0
2,0,0,1,0.645,0.355,0.645
4148,0,0,1,1.0,0.0,1.0
3601,0,0,1,1.0,0.0,1.0
923,0,0,1,0.88,0.12,0.88
3315,0,0,1,0.985,0.015,0.985
18171,1,1,1,0.075,0.925,0.925
10767,1,1,1,0.0,1.0,1.0
7778,0,0,1,0.975,0.025,0.975
8414,0,0,1,1.0,0.0,1.0
4092,0,0,1,0.98,0.02,0.98
11452,1,1,1,0.0,1.0,1.0
12068,1,1,1,0.0,1.0,1.0
1307,0,0,1,0.985,0.015,0.985
4513,0,0,1,0.97,0.03,0.97
5206,0,0,1,0.9,0.1,0.9
9944,0,0,1,1.0,0.0,1.0
15906,1,1,1,0.0,1.0,1.0
17921,1,1,1,0.05,0.95,0.95
3670,0,0,1,1.0,0.0,1.0
5376,0,0,1,0.995,0.005,0.995
10309,1,1,1,0.0,1.0,1.0
16390,1,0,0,0.895,0.105,0.895
11709,1,1,1,0.0,1.0,1.0
15299,1,1,1,0.005,0.995,0.995
4678,0,0,1,0.98,0.02,0.98
16909,1,1,1,0.135,0.865,0.865
15833,1,1,1,0.0,1.0,1.0
4573,0,0,1,0.975,0.025,0.975
18394,1,1,1,0.025,0.975,0.975
12646,1,1,1,0.0,1.0,1.0
2476,0,0,1,0.94,0.06,0.94
8208,0,0,1,1.0,0.0,1.0
12686,1,1,1,0.0,1.0,1.0
18881,1,1,1,0.0,1.0,1.0
3301,0,0,1,0.985,0.015,0.985
14936,1,0,0,0.63,0.37,0.63
15665,1,1,1,0.195,0.805,0.805
95,0,1,0,0.48,0.52,0.52
4113,0,0,1,0.905,0.095,0.905
262,0,0,1,1.0,0.0,1.0
11286,1,1,1,0.0,1.0,1.0
7393,0,0,1,0.92,0.08,0.92
3280,0,0,1,0.985,0.015,0.985
14449,1,1,1,0.04,0.96,0.96
11811,1,1,1,0.0,1.0,1.0
15453,1,1,1,0.0,1.0,1.0
15667,1,1,1,0.0,1.0,1.0
9630,0,0,1,1.0,0.0,1.0
2266,0,0,1,0.86,0.14,0.86
8624,0,0,1,1.0,0.0,1.0
18307,1,1,1,0.115,0.885,0.885
11466,1,1,1,0.0,1.0,1.0
11361,1,1,1,0.0,1.0,1.0
5066,0,0,1,0.99,0.01,0.99
9489,0,0,1,1.0,0.0,1.0
9640,0,0,1,1.0,0.0,1.0
5412,0,0,1,0.955,0.045,0.955
12906,1,1,1,0.035,0.965,0.965
6723,0,0,1,0.9,0.1,0.9
5984,0,0,1,0.945,0.055,0.945
4291,0,0,1,1.0,0.0,1.0
4941,0,0,1,0.875,0.125,0.875
11123,1,1,1,0.0,1.0,1.0
11789,1,1,1,0.0,1.0,1.0
15693,1,1,1,0.0,1.0,1.0
16945,1,0,0,0.9,0.1,0.9
5917,0,0,1,0.97,0.03,0.97
3230,0,0,1,0.935,0.065,0.935
18100,1,1,1,0.105,0.895,0.895
15060,1,1,1,0.065,0.935,0.935
12013,1,1,1,0.0,1.0,1.0
6923,0,0,1,0.735,0.265,0.735
19200,1,1,1,0.0,1.0,1.0
15028,1,1,1,0.02,0.98,0.98
18063,1,1,1,0.03,0.97,0.97
3385,0,0,1,0.925,0.075,0.925
17743,1,1,1,0.225,0.775,0.775
1381,0,0,1,0.96,0.04,0.96
11156,1,1,1,0.0,1.0,1.0
14222,1,1,1,0.125,0.875,0.875
14107,1,1,1,0.01,0.99,0.99
14101,1,1,1,0.0,1.0,1.0
2509,0,0,1,0.875,0.125,0.875
7905,0,0,1,0.91,0.09,0.91
15623,1,1,1,0.005,0.995,0.995
4644,0,0,1,0.995,0.005,0.995
13490,1,1,1,0.0,1.0,1.0
2121,0,0,1,0.92,0.08,0.92
19122,1,1,1,0.005,0.995,0.995
17872,1,1,1,0.005,0.995,0.995
2337,0,0,1,0.725,0.275,0.725
805,0,0,1,0.99,0.01,0.99
10721,1,1,1,0.0,1.0,1.0
17521,1,1,1,0.145,0.855,0.855
19531,1,1,1,0.0,1.0,1.0
18091,1,1,1,0.145,0.855,0.855
10811,1,1,1,0.0,1.0,1.0
13337,1,1,1,0.0,1.0,1.0
6361,0,0,1,0.925,0.075,0.925
15489,1,1,1,0.005,0.995,0.995
4453,0,0,1,0.995,0.005,0.995
6966,0,0,1,0.88,0.12,0.88
4089,0,0,1,0.925,0.075,0.925
1482,0,0,1,0.985,0.015,0.985
8703,0,0,1,0.935,0.065,0.935
13614,1,1,1,0.0,1.0,1.0
7223,0,0,1,0.855,0.145,0.855
8663,0,0,1,1.0,0.0,1.0
11812,1,1,1,0.0,1.0,1.0
6211,0,0,1,0.865,0.135,0.865
15890,1,1,1,0.0,1.0,1.0
19842,1,1,1,0.0,1.0,1.0
12880,1,1,1,0.03,0.97,0.97
4396,0,0,1,0.935,0.065,0.935
7402,0,0,1,0.98,0.02,0.98
18419,1,1,1,0.12,0.88,0.88
601,0,0,1,0.975,0.025,0.975
9300,0,0,1,1.0,0.0,1.0
6725,0,0,1,0.99,0.01,0.99
19205,1,1,1,0.0,1.0,1.0
365,0,0,1,0.92,0.08,0.92
17815,1,1,1,0.065,0.935,0.935
15889,1,1,1,0.0,1.0,1.0
12871,1,1,1,0.045,0.955,0.955
6185,0,0,1,0.99,0.01,0.99
11231,1,1,1,0.0,1.0,1.0
9495,0,0,1,1.0,0.0,1.0
12308,1,1,1,0.0,1.0,1.0
7687,0,0,1,1.0,0.0,1.0
7635,0,0,1,1.0,0.0,1.0
8111,0,0,1,1.0,0.0,1.0
3535,0,0,1,0.965,0.035,0.965
8791,0,0,1,1.0,0.0,1.0
4034,0,0,1,0.935,0.065,0.935
3043,0,0,1,0.95,0.05,0.95
13046,1,1,1,0.0,1.0,1.0
8628,0,0,1,0.995,0.005,0.995
12380,1,1,1,0.005,0.995,0.995
9110,0,0,1,1.0,0.0,1.0
14802,1,1,1,0.03,0.97,0.97
14960,1,1,1,0.005,0.995,0.995
4198,0,0,1,0.99,0.01,0.99
11868,1,1,1,0.0,1.0,1.0
10027,1,1,1,0.0,1.0,1.0
989,0,0,1,0.975,0.025,0.975
6398,0,0,1,0.945,0.055,0.945
8920,0,0,1,1.0,0.0,1.0
4213,0,0,1,0.985,0.015,0.985
14953,1,1,1,0.29,0.71,0.71
8446,0,0,1,1.0,0.0,1.0
4356,0,0,1,0.91,0.09,0.91
3203,0,0,1,0.995,0.005,0.995
14577,1,1,1,0.0,1.0,1.0
11601,1,1,1,0.0,1.0,1.0
8176,0,0,1,0.97,0.03,0.97
2051,0,0,1,1.0,0.0,1.0
15699,1,1,1,0.0,1.0,1.0
14116,1,1,1,0.005,0.995,0.995
12868,1,1,1,0.0,1.0,1.0
19546,1,1,1,0.0,1.0,1.0
18824,1,1,1,0.0,1.0,1.0
12167,1,1,1,0.0,1.0,1.0
18744,1,1,1,0.03,0.97,0.97
546,0,0,1,1.0,0.0,1.0
969,0,0,1,0.985,0.015,0.985
16798,1,0,0,0.885,0.115,0.885
7623,0,0,1,0.995,0.005,0.995
342,0,1,0,0.46,0.54,0.54
7429,0,0,1,0.965,0.035,0.965
17411,1,1,1,0.13,0.87,0.87
2665,0,0,1,1.0,0.0,1.0
1932,0,0,1,1.0,0.0,1.0
1155,0,0,1,0.995,0.005,0.995
10,0,0,1,0.67,0.33,0.67
13230,1,1,1,0.015,0.985,0.985
5828,0,0,1,0.735,0.265,0.735
2856,0,0,1,0.995,0.005,0.995
11930,1,1,1,0.0,1.0,1.0
3501,0,0,1,1.0,0.0,1.0
15877,1,1,1,0.03,0.97,0.97
10737,1,1,1,0.0,1.0,1.0
4118,0,0,1,0.945,0.055,0.945
18417,1,1,1,0.1,0.9,0.9
6753,0,0,1,0.975,0.025,0.975
8756,0,0,1,0.98,0.02,0.98
5721,0,0,1,0.935,0.065,0.935
11321,1,1,1,0.0,1.0,1.0
6776,0,0,1,0.765,0.235,0.765
16925,1,1,1,0.1,0.9,0.9
12841,1,1,1,0.0,1.0,1.0
15269,1,1,1,0.08,0.92,0.92
1743,0,0,1,0.935,0.065,0.935
1999,0,0,1,0.995,0.005,0.995
3943,0,0,1,1.0,0.0,1.0
11425,1,1,1,0.0,1.0,1.0
15281,1,1,1,0.06,0.94,0.94
5584,0,0,1,0.995,0.005,0.995
11569,1,1,1,0.0,1.0,1.0
12746,1,1,1,0.005,0.995,0.995
6534,0,0,1,0.975,0.025,0.975
15426,1,0,0,0.71,0.29,0.71
483,0,0,1,0.855,0.145,0.855
2535,0,0,1,0.94,0.06,0.94
1767,0,0,1,1.0,0.0,1.0
9337,0,0,1,1.0,0.0,1.0
17689,1,1,1,0.02,0.98,0.98
11288,1,1,1,0.0,1.0,1.0
9544,0,0,1,0.99,0.01,0.99
8307,0,0,1,0.925,0.075,0.925
10468,1,1,1,0.0,1.0,1.0
8033,0,0,1,0.99,0.01,0.99
9804,0,0,1,1.0,0.0,1.0
12197,1,1,1,0.04,0.96,0.96
5722,0,0,1,0.965,0.035,0.965
7556,0,0,1,1.0,0.0,1.0
17879,1,1,1,0.17,0.83,0.83
7385,0,0,1,0.975,0.025,0.975
7997,0,0,1,0.985,0.015,0.985
662,0,0,1,0.96,0.04,0.96
11409,1,1,1,0.0,1.0,1.0
4169,0,0,1,0.995,0.005,0.995
13311,1,1,1,0.0,1.0,1.0
7022,0,0,1,0.99,0.01,0.99
8011,0,0,1,1.0,0.0,1.0
17800,1,1,1,0.015,0.985,0.985
18144,1,1,1,0.235,0.765,0.765
2114,0,0,1,0.975,0.025,0.975
4628,0,0,1,1.0,0.0,1.0
16646,1,0,0,0.59,0.41,0.59
13180,1,1,1,0.0,1.0,1.0
14453,1,1,1,0.035,0.965,0.965
3807,0,0,1,0.965,0.035,0.965
15724,1,1,1,0.0,1.0,1.0
12583,1,1,1,0.0,1.0,1.0
7288,0,0,1,0.965,0.035,0.965
9976,0,0,1,1.0,0.0,1.0
4311,0,0,1,0.98,0.02,0.98
18007,1,1,1,0.13,0.87,0.87
12625,1,1,1,0.0,1.0,1.0
12052,1,1,1,0.0,1.0,1.0
11392,1,1,1,0.0,1.0,1.0
6470,0,0,1,0.71,0.29,0.71
5350,0,0,1,1.0,0.0,1.0
18690,1,1,1,0.04,0.96,0.96
8863,0,0,1,1.0,0.0,1.0
3149,0,0,1,0.95,0.05,0.95
3368,0,0,1,0.985,0.015,0.985
10509,1,1,1,0.0,1.0,1.0
708,0,0,1,0.9,0.1,0.9
2742,0,0,1,1.0,0.0,1.0
3123,0,0,1,1.0,0.0,1.0
575,0,0,1,0.755,0.245,0.755
18829,1,1,1,0.0,1.0,1.0
18575,1,1,1,0.03,0.97,0.97
16218,1,0,0,0.85,0.15,0.85
16892,1,0,0,1.0,0.0,1.0
17145,1,1,1,0.04,0.96,0.96
2572,0,0,1,0.905,0.095,0.905
8174,0,0,1,1.0,0.0,1.0
5636,0,0,1,0.96,0.04,0.96
5309,0,0,1,0.985,0.015,0.985
15904,1,1,1,0.0,1.0,1.0
8956,0,0,1,1.0,0.0,1.0
13125,1,1,1,0.0,1.0,1.0
14786,1,1,1,0.015,0.985,0.985
13349,1,1,1,0.0,1.0,1.0
10291,1,1,1,0.0,1.0,1.0
17195,1,1,1,0.45,0.55,0.55
4526,0,0,1,0.99,0.01,0.99
1485,0,0,1,1.0,0.0,1.0
14424,1,1,1,0.015,0.985,0.985
6721,0,0,1,0.885,0.115,0.885
2473,0,0,1,0.995,0.005,0.995
13181,1,1,1,0.0,1.0,1.0
14127,1,1,1,0.0,1.0,1.0
4618,0,0,1,0.985,0.015,0.985
16559,1,0,0,0.6,0.4,0.6
19123,1,1,1,0.005,0.995,0.995
10031,1,1,1,0.005,0.995,0.995
2290,0,0,1,0.97,0.03,0.97
18745,1,1,1,0.0,1.0,1.0
934,0,0,1,0.945,0.055,0.945
2613,0,0,1,0.99,0.01,0.99
18760,1,1,1,0.0,1.0,1.0
14456,1,1,1,0.01,0.99,0.99
9628,0,0,1,0.995,0.005,0.995
14796,1,1,1,0.02,0.98,0.98
2034,0,0,1,0.935,0.065,0.935
18523,1,1,1,0.015,0.985,0.985
106,0,0,1,0.995,0.005,0.995
11849,1,1,1,0.0,1.0,1.0
9722,0,0,1,1.0,0.0,1.0
3140,0,0,1,0.965,0.035,0.965
9010,0,0,1,0.92,0.08,0.92
17038,1,0,0,0.985,0.015,0.985
2939,0,0,1,0.98,0.02,0.98
2824,0,0,1,0.975,0.025,0.975
538,0,0,1,1.0,0.0,1.0
13879,1,1,1,0.005,0.995,0.995
12302,1,1,1,0.0,1.0,1.0
17239,1,1,1,0.085,0.915,0.915
7596,0,0,1,1.0,0.0,1.0
8074,0,0,1,1.0,0.0,1.0
10870,1,1,1,0.0,1.0,1.0
55,0,0,1,0.88,0.12,0.88
19844,1,1,1,0.0,1.0,1.0
12390,1,1,1,0.0,1.0,1.0
9975,0,0,1,1.0,0.0,1.0
2954,0,0,1,0.98,0.02,0.98
6054,0,0,1,0.88,0.12,0.88
3104,0,0,1,0.59,0.41,0.59
14185,1,1,1,0.0,1.0,1.0
11567,1,1,1,0.0,1.0,1.0
14401,1,1,1,0.01,0.99,0.99
9623,0,0,1,1.0,0.0,1.0
1637,0,0,1,0.755,0.245,0.755
10804,1,1,1,0.03,0.97,0.97
2919,0,0,1,0.99,0.01,0.99
154,0,0,1,0.995,0.005,0.995
955,0,1,0,0.22,0.78,0.78
7695,0,0,1,1.0,0.0,1.0
6498,0,0,1,0.65,0.35,0.65
6047,0,0,1,0.815,0.185,0.815
12557,1,1,1,0.0,1.0,1.0
13014,1,1,1,0.0,1.0,1.0
3492,0,0,1,0.78,0.22,0.78
7255,0,0,1,0.825,0.175,0.825
118,0,0,1,0.91,0.09,0.91
9562,0,0,1,1.0,0.0,1.0
2946,0,0,1,0.84,0.16,0.84
15061,1,1,1,0.065,0.935,0.935
13392,1,1,1,0.0,1.0,1.0
1185,0,0,1,0.965,0.035,0.965
10976,1,1,1,0.0,1.0,1.0
15002,1,1,1,0.315,0.685,0.685
11545,1,1,1,0.01,0.99,0.99
6338,0,0,1,0.935,0.065,0.935
17510,1,1,1,0.0,1.0,1.0
8710,0,0,1,1.0,0.0,1.0
6847,0,0,1,0.995,0.005,0.995
17340,1,1,1,0.17,0.83,0.83
17811,1,1,1,0.025,0.975,0.975
18289,1,1,1,0.065,0.935,0.935
4514,0,0,1,0.965,0.035,0.965
8915,0,0,1,0.985,0.015,0.985
635,0,0,1,0.915,0.085,0.915
6451,0,0,1,1.0,0.0,1.0
13205,1,1,1,0.0,1.0,1.0
15640,1,1,1,0.005,0.995,0.995
198,0,0,1,0.87,0.13,0.87
4775,0,0,1,0.875,0.125,0.875
6326,0,0,1,0.56,0.44,0.56
9415,0,0,1,0.995,0.005,0.995
10069,1,1,1,0.0,1.0,1.0
11866,1,1,1,0.0,1.0,1.0
8185,0,0,1,1.0,0.0,1.0
1267,0,0,1,0.975,0.025,0.975
17524,1,1,1,0.08,0.92,0.92
4179,0,0,1,0.95,0.05,0.95
4475,0,0,1,0.995,0.005,0.995
5,0,0,1,0.725,0.275,0.725
10368,1,1,1,0.0,1.0,1.0
6101,0,0,1,0.935,0.065,0.935
18452,1,1,1,0.005,0.995,0.995
272,0,0,1,0.705,0.295,0.705
14715,1,1,1,0.02,0.98,0.98
7718,0,0,1,1.0,0.0,1.0
639,0,0,1,0.99,0.01,0.99
16054,1,0,0,0.585,0.415,0.585
9378,0,0,1,0.9,0.1,0.9
16928,1,1,1,0.07,0.93,0.93
17350,1,1,1,0.415,0.585,0.585
16421,1,0,0,0.835,0.165,0.835
9469,0,0,1,0.995,0.005,0.995
14676,1,1,1,0.0,1.0,1.0
879,0,0,1,0.755,0.245,0.755
16418,1,0,0,0.77,0.23,0.77
6224,0,0,1,0.94,0.06,0.94
14266,1,1,1,0.11,0.89,0.89
2555,0,0,1,0.965,0.035,0.965
2799,0,0,1,0.815,0.185,0.815
8375,0,0,1,1.0,0.0,1.0
14440,1,1,1,0.21,0.79,0.79
12115,1,1,1,0.0,1.0,1.0
11370,1,1,1,0.0,1.0,1.0
18230,1,1,1,0.015,0.985,0.985
3992,0,0,1,0.865,0.135,0.865
17656,1,1,1,0.215,0.785,0.785
4395,0,0,1,0.975,0.025,0.975
16872,1,1,1,0.23,0.77,0.77
3603,0,0,1,0.745,0.255,0.745
17752,1,1,1,0.0,1.0,1.0
5918,0,0,1,0.97,0.03,0.97
17169,1,0,0,0.77,0.23,0.77
16861,1,0,0,0.765,0.235,0.765
11750,1,1,1,0.0,1.0,1.0
2279,0,0,1,0.825,0.175,0.825
3129,0,0,1,0.995,0.005,0.995
11724,1,1,1,0.005,0.995,0.995
17935,1,1,1,0.03,0.97,0.97
15670,1,1,1,0.005,0.995,0.995
7313,0,0,1,0.97,0.03,0.97
18205,1,1,1,0.035,0.965,0.965
7995,0,0,1,1.0,0.0,1.0
3479,0,0,1,0.95,0.05,0.95
9867,0,0,1,1.0,0.0,1.0
15449,1,1,1,0.115,0.885,0.885
14344,1,1,1,0.035,0.965,0.965
19189,1,1,1,0.0,1.0,1.0
10884,1,1,1,0.0,1.0,1.0
15366,1,1,1,0.1,0.9,0.9
17831,1,1,1,0.185,0.815,0.815
15626,1,1,1,0.0,1.0,1.0
4983,0,0,1,0.995,0.005,0.995
6070,0,0,1,0.96,0.04,0.96
13709,1,1,1,0.0,1.0,1.0
9503,0,0,1,1.0,0.0,1.0
11734,1,1,1,0.0,1.0,1.0
852,0,0,1,0.985,0.015,0.985
15427,1,1,1,0.025,0.975,0.975
16995,1,0,0,0.95,0.05,0.95
18974,1,1,1,0.015,0.985,0.985
7724,0,0,1,0.96,0.04,0.96
19911,1,1,1,0.0,1.0,1.0
16099,1,0,0,0.8,0.2,0.8
8259,0,0,1,0.995,0.005,0.995
18894,1,1,1,0.0,1.0,1.0
15161,1,1,1,0.005,0.995,0.995
8106,0,0,1,1.0,0.0,1.0
1166,0,0,1,0.995,0.005,0.995
15090,1,1,1,0.005,0.995,0.995
1526,0,1,0,0.41,0.59,0.59
2619,0,0,1,0.985,0.015,0.985
14384,1,0,0,0.575,0.425,0.575
12903,1,1,1,0.015,0.985,0.985
18746,1,1,1,0.015,0.985,0.985
8379,0,0,1,1.0,0.0,1.0
5950,0,0,1,0.955,0.045,0.955
6588,0,0,1,1.0,0.0,1.0
17377,1,1,1,0.08,0.92,0.92
15514,1,1,1,0.015,0.985,0.985
18231,1,1,1,0.025,0.975,0.975
4877,0,0,1,0.92,0.08,0.92
1914,0,0,1,0.985,0.015,0.985
11980,1,1,1,0.015,0.985,0.985
18184,1,1,1,0.06,0.94,0.94
7478,0,0,1,0.995,0.005,0.995
9941,0,0,1,1.0,0.0,1.0
17632,1,1,1,0.475,0.525,0.525
2924,0,0,1,0.975,0.025,0.975
13618,1,1,1,0.2,0.8,0.8
17485,1,1,1,0.115,0.885,0.885
10587,1,1,1,0.0,1.0,1.0
9051,0,0,1,1.0,0.0,1.0
3228,0,0,1,0.985,0.015,0.985
7171,0,0,1,0.95,0.05,0.95
6005,0,0,1,0.985,0.015,0.985
3100,0,0,1,0.98,0.02,0.98
190,0,0,1,0.63,0.37,0.63
5579,0,0,1,0.935,0.065,0.935
13935,1,1,1,0.0,1.0,1.0
19744,1,1,1,0.0,1.0,1.0
19035,1,1,1,0.0,1.0,1.0
12256,1,1,1,0.0,1.0,1.0
12704,1,1,1,0.0,1.0,1.0
9274,0,0,1,0.97,0.03,0.97
3463,0,0,1,0.82,0.18,0.82
11308,1,1,1,0.0,1.0,1.0
8959,0,0,1,0.995,0.005,0.995
15722,1,1,1,0.0,1.0,1.0
15861,1,1,1,0.0,1.0,1.0
15065,1,1,1,0.02,0.98,0.98
13802,1,1,1,0.045,0.955,0.955
12138,1,1,1,0.0,1.0,1.0
13644,1,1,1,0.0,1.0,1.0
13154,1,1,1,0.0,1.0,1.0
5934,0,0,1,0.985,0.015,0.985
10176,1,1,1,0.0,1.0,1.0
16657,1,1,1,0.085,0.915,0.915
14670,1,1,1,0.095,0.905,0.905
2628,0,0,1,0.985,0.015,0.985
12775,1,1,1,0.005,0.995,0.995
11723,1,1,1,0.0,1.0,1.0
10582,1,1,1,0.0,1.0,1.0
18164,1,1,1,0.01,0.99,0.99
6612,0,0,1,0.99,0.01,0.99
7234,0,0,1,1.0,0.0,1.0
2194,0,0,1,1.0,0.0,1.0
11854,1,1,1,0.0,1.0,1.0
17334,1,1,1,0.015,0.985,0.985
1344,0,0,1,0.985,0.015,0.985
6341,0,0,1,0.99,0.01,0.99
660,0,0,1,0.985,0.015,0.985
7374,0,0,1,0.915,0.085,0.915
3071,0,0,1,0.91,0.09,0.91
704,0,0,1,0.99,0.01,0.99
6131,0,0,1,0.96,0.04,0.96
9225,0,0,1,1.0,0.0,1.0
11943,1,1,1,0.0,1.0,1.0
2495,0,0,1,0.53,0.47,0.53
19216,1,1,1,0.0,1.0,1.0
6094,0,0,1,0.975,0.025,0.975
10676,1,1,1,0.0,1.0,1.0
15715,1,1,1,0.0,1.0,1.0
12137,1,1,1,0.0,1.0,1.0
3208,0,0,1,0.785,0.215,0.785
56,0,0,1,0.74,0.26,0.74
6920,0,0,1,0.62,0.38,0.62
9991,1,1,1,0.005,0.995,0.995
5549,0,0,1,0.98,0.02,0.98
11714,1,1,1,0.0,1.0,1.0
17441,1,1,1,0.02,0.98,0.98
12156,1,1,1,0.0,1.0,1.0
919,0,0,1,0.94,0.06,0.94
1051,0,0,1,0.93,0.07,0.93
4815,0,0,1,0.975,0.025,0.975
2887,0,0,1,0.92,0.08,0.92
4123,0,0,1,0.98,0.02,0.98
7990,0,0,1,1.0,0.0,1.0
13148,1,1,1,0.0,1.0,1.0
18470,1,1,1,0.055,0.945,0.945
3488,0,0,1,0.995,0.005,0.995
7972,0,0,1,1.0,0.0,1.0
131,0,0,1,1.0,0.0,1.0
13428,1,1,1,0.0,1.0,1.0
13772,1,1,1,0.0,1.0,1.0
1641,0,0,1,0.965,0.035,0.965
3481,0,0,1,0.84,0.16,0.84
9667,0,0,1,1.0,0.0,1.0
19246,1,1,1,0.0,1.0,1.0
127,0,0,1,0.98,0.02,0.98
15302,1,1,1,0.015,0.985,0.985
4560,0,0,1,0.98,0.02,0.98
18084,1,1,1,0.135,0.865,0.865
15072,1,0,0,0.8,0.2,0.8
15646,1,1,1,0.075,0.925,0.925
5974,0,1,0,0.39,0.61,0.61
18905,1,1,1,0.005,0.995,0.995
18976,1,1,1,0.015,0.985,0.985
489,0,0,1,0.995,0.005,0.995
13463,1,1,1,0.0,1.0,1.0
4484,0,0,1,0.855,0.145,0.855
17900,1,1,1,0.15,0.85,0.85
5994,0,0,1,0.86,0.14,0.86
15371,1,1,1,0.09,0.91,0.91
17259,1,1,1,0.02,0.98,0.98
14496,1,1,1,0.035,0.965,0.965
1687,0,0,1,0.965,0.035,0.965
12178,1,1,1,0.0,1.0,1.0
5283,0,0,1,0.975,0.025,0.975
14745,1,1,1,0.095,0.905,0.905
4399,0,0,1,0.92,0.08,0.92
7067,0,0,1,0.71,0.29,0.71
15163,1,1,1,0.14,0.86,0.86
6997,0,0,1,0.9,0.1,0.9
13212,1,1,1,0.0,1.0,1.0
1683,0,0,1,0.975,0.025,0.975
10338,1,1,1,0.0,1.0,1.0
8543,0,0,1,1.0,0.0,1.0
1325,0,0,1,0.925,0.075,0.925
11215,1,1,1,0.0,1.0,1.0
10216,1,1,1,0.0,1.0,1.0
6531,0,0,1,0.96,0.04,0.96
4912,0,0,1,0.99,0.01,0.99
3108,0,0,1,0.795,0.205,0.795
3236,0,0,1,0.975,0.025,0.975
14877,1,1,1,0.0,1.0,1.0
15436,1,1,1,0.02,0.98,0.98
7879,0,0,1,0.99,0.01,0.99
15540,1,1,1,0.0,1.0,1.0
15083,1,0,0,0.595,0.405,0.595
6009,0,0,1,0.98,0.02,0.98
7409,0,0,1,0.995,0.005,0.995
9475,0,0,1,1.0,0.0,1.0
4116,0,0,1,0.975,0.025,0.975
18358,1,1,1,0.135,0.865,0.865
8151,0,0,1,0.985,0.015,0.985
1971,0,0,1,0.995,0.005,0.995
14683,1,1,1,0.035,0.965,0.965
12884,1,1,1,0.0,1.0,1.0
15287,1,1,1,0.05,0.95,0.95
10810,1,1,1,0.01,0.99,0.99
15176,1,1,1,0.08,0.92,0.92
263,0,0,1,0.89,0.11,0.89
9934,0,0,1,0.995,0.005,0.995
4029,0,0,1,1.0,0.0,1.0
11841,1,1,1,0.0,1.0,1.0
12932,1,1,1,0.0,1.0,1.0
1608,0,0,1,0.995,0.005,0.995
5988,0,0,1,0.985,0.015,0.985
7868,0,0,1,0.985,0.015,0.985
581,0,0,1,0.875,0.125,0.875
11089,1,1,1,0.005,0.995,0.995
6152,0,0,1,0.675,0.325,0.675
1441,0,0,1,0.91,0.09,0.91
19224,1,1,1,0.05,0.95,0.95
16618,1,1,1,0.075,0.925,0.925
9555,0,0,1,1.0,0.0,1.0
16846,1,1,1,0.19,0.81,0.81
6911,0,0,1,0.955,0.045,0.955
18000,1,1,1,0.195,0.805,0.805
5284,0,0,1,0.91,0.09,0.91
12219,1,1,1,0.0,1.0,1.0
14412,1,1,1,0.035,0.965,0.965
6343,0,0,1,0.93,0.07,0.93
11592,1,1,1,0.0,1.0,1.0
3374,0,0,1,0.96,0.04,0.96
10167,1,1,1,0.0,1.0,1.0
10053,1,1,1,0.005,0.995,0.995
3983,0,1,0,0.445,0.555,0.555
13101,1,1,1,0.0,1.0,1.0
14928,1,1,1,0.0,1.0,1.0
15101,1,1,1,0.085,0.915,0.915
3445,0,0,1,0.925,0.075,0.925
13251,1,1,1,0.005,0.995,0.995
6684,0,0,1,0.975,0.025,0.975
15238,1,1,1,0.05,0.95,0.95
11302,1,1,1,0.0,1.0,1.0
3975,0,0,1,0.935,0.065,0.935
7474,0,0,1,0.99,0.01,0.99
4889,0,0,1,1.0,0.0,1.0
14621,1,1,1,0.015,0.985,0.985
6096,0,0,1,1.0,0.0,1.0
4409,0,0,1,0.83,0.17,0.83
16670,1,0,0,0.995,0.005,0.995
214,0,0,1,0.985,0.015,0.985
16648,1,0,0,0.935,0.065,0.935
9967,0,0,1,1.0,0.0,1.0
4385,0,0,1,0.98,0.02,0.98
8461,0,0,1,1.0,0.0,1.0
824,0,0,1,0.965,0.035,0.965
17135,1,1,1,0.185,0.815,0.815
9424,0,0,1,0.995,0.005,0.995
3988,0,0,1,0.915,0.085,0.915
18474,1,1,1,0.02,0.98,0.98
11330,1,1,1,0.0,1.0,1.0
6859,0,0,1,0.9,0.1,0.9
1866,0,0,1,1.0,0.0,1.0
13518,1,1,1,0.0,1.0,1.0
3846,0,0,1,0.98,0.02,0.98
18160,1,1,1,0.05,0.95,0.95
15800,1,1,1,0.0,1.0,1.0
17836,1,1,1,0.02,0.98,0.98
17430,1,1,1,0.06,0.94,0.94
13925,1,1,1,0.0,1.0,1.0
7688,0,0,1,1.0,0.0,1.0
5964,0,0,1,0.935,0.065,0.935
15144,1,0,0,0.65,0.35,0.65
18337,1,1,1,0.035,0.965,0.965
8581,0,0,1,1.0,0.0,1.0
11793,1,1,1,0.005,0.995,0.995
346,0,0,1,0.61,0.39,0.61
7652,0,0,1,0.995,0.005,0.995
12292,1,1,1,0.0,1.0,1.0
5201,0,0,1,0.98,0.02,0.98
7344,0,0,1,0.91,0.09,0.91
14196,1,1,1,0.0,1.0,1.0
13283,1,1,1,0.065,0.935,0.935
244,0,0,1,0.98,0.02,0.98
7735,0,0,1,1.0,0.0,1.0
3126,0,0,1,0.975,0.025,0.975
17894,1,1,1,0.01,0.99,0.99
14545,1,1,1,0.06,0.94,0.94
14445,1,1,1,0.005,0.995,0.995
7942,0,0,1,0.955,0.045,0.955
1991,0,0,1,0.59,0.41,0.59
11331,1,1,1,0.0,1.0,1.0
9841,0,0,1,1.0,0.0,1.0
8795,0,0,1,1.0,0.0,1.0
3961,0,0,1,0.95,0.05,0.95
16997,1,0,0,0.51,0.49,0.51
17112,1,1,1,0.06,0.94,0.94
3906,0,0,1,0.99,0.01,0.99
15632,1,1,1,0.0,1.0,1.0
8341,0,0,1,1.0,0.0,1.0
11970,1,1,1,0.005,0.995,0.995
16545,1,1,1,0.25,0.75,0.75
6644,0,0,1,0.97,0.03,0.97
11344,1,1,1,0.0,1.0,1.0
7974,0,0,1,1.0,0.0,1.0
6194,0,0,1,0.965,0.035,0.965
11788,1,1,1,0.0,1.0,1.0
3799,0,0,1,0.975,0.025,0.975
5872,0,0,1,0.895,0.105,0.895
3820,0,0,1,0.885,0.115,0.885
18529,1,1,1,0.375,0.625,0.625
5871,0,0,1,0.955,0.045,0.955
18825,1,1,1,0.0,1.0,1.0
7064,0,0,1,0.775,0.225,0.775
5234,0,0,1,0.925,0.075,0.925
8478,0,0,1,1.0,0.0,1.0
17383,1,1,1,0.32,0.68,0.68
12060,1,1,1,0.0,1.0,1.0
9065,0,0,1,1.0,0.0,1.0
5487,0,0,1,0.875,0.125,0.875
8233,0,0,1,1.0,0.0,1.0
1063,0,0,1,0.96,0.04,0.96
17735,1,1,1,0.17,0.83,0.83
15920,1,1,1,0.0,1.0,1.0
12513,1,1,1,0.0,1.0,1.0
4048,0,0,1,0.95,0.05,0.95
14807,1,1,1,0.0,1.0,1.0
12467,1,1,1,0.0,1.0,1.0
6207,0,0,1,0.995,0.005,0.995
5723,0,0,1,0.785,0.215,0.785
4031,0,0,1,0.985,0.015,0.985
14031,1,1,1,0.0,1.0,1.0
8166,0,0,1,0.555,0.445,0.555
17322,1,0,0,0.545,0.455,0.545
10531,1,1,1,0.01,0.99,0.99
18652,1,1,1,0.015,0.985,0.985
407,0,1,0,0.19,0.81,0.81
18632,1,1,1,0.085,0.915,0.915
951,0,0,1,0.93,0.07,0.93
11605,1,1,1,0.005,0.995,0.995
12862,1,1,1,0.0,1.0,1.0
4861,0,0,1,0.99,0.01,0.99
5027,0,0,1,0.965,0.035,0.965
4788,0,0,1,0.995,0.005,0.995
17704,1,1,1,0.04,0.96,0.96
19565,1,1,1,0.0,1.0,1.0
10631,1,1,1,0.0,1.0,1.0
2063,0,0,1,0.93,0.07,0.93
13051,1,1,1,0.0,1.0,1.0
13889,1,1,1,0.0,1.0,1.0
14428,1,1,1,0.0,1.0,1.0
8742,0,0,1,0.995,0.005,0.995
18635,1,1,1,0.0,1.0,1.0
1291,0,0,1,0.89,0.11,0.89
17612,1,1,1,0.215,0.785,0.785
4623,0,0,1,0.98,0.02,0.98
12347,1,1,1,0.035,0.965,0.965
5000,0,0,1,0.94,0.06,0.94
3417,0,0,1,0.985,0.015,0.985
17547,1,1,1,0.02,0.98,0.98
11654,1,1,1,0.0,1.0,1.0
8083,0,0,1,1.0,0.0,1.0
13224,1,1,1,0.005,0.995,0.995
8308,0,0,1,1.0,0.0,1.0
14846,1,1,1,0.01,0.99,0.99
16877,1,1,1,0.12,0.88,0.88
10514,1,1,1,0.0,1.0,1.0
15466,1,1,1,0.0,1.0,1.0
18292,1,1,1,0.23,0.77,0.77
6212,0,0,1,1.0,0.0,1.0
17031,1,1,1,0.26,0.74,0.74
3401,0,0,1,0.97,0.03,0.97
2577,0,0,1,0.985,0.015,0.985
7571,0,0,1,1.0,0.0,1.0
17908,1,1,1,0.155,0.845,0.845
5280,0,0,1,0.98,0.02,0.98
18122,1,1,1,0.025,0.975,0.975
17648,1,1,1,0.065,0.935,0.935
5843,0,0,1,0.955,0.045,0.955
6028,0,0,1,0.87,0.13,0.87
7351,0,0,1,0.965,0.035,0.965
1885,0,0,1,1.0,0.0,1.0
1986,0,0,1,0.99,0.01,0.99
3249,0,0,1,0.99,0.01,0.99
18220,1,1,1,0.095,0.905,0.905
3994,0,0,1,0.84,0.16,0.84
5217,0,0,1,0.98,0.02,0.98
15931,1,1,1,0.02,0.98,0.98
18972,1,1,1,0.005,0.995,0.995
13352,1,1,1,0.0,1.0,1.0
9430,0,0,1,1.0,0.0,1.0
7444,0,0,1,0.995,0.005,0.995
10414,1,1,1,0.0,1.0,1.0
861,0,0,1,0.995,0.005,0.995
9740,0,0,1,1.0,0.0,1.0
18605,1,1,1,0.03,0.97,0.97
2402,0,0,1,0.97,0.03,0.97
18866,1,1,1,0.0,1.0,1.0
13435,1,1,1,0.0,1.0,1.0
18719,1,1,1,0.0,1.0,1.0
9116,0,0,1,0.845,0.155,0.845
10349,1,1,1,0.0,1.0,1.0
13328,1,1,1,0.035,0.965,0.965
10004,1,1,1,0.0,1.0,1.0
2520,0,0,1,0.985,0.015,0.985
2328,0,0,1,0.98,0.02,0.98
2676,0,0,1,0.92,0.08,0.92
18130,1,1,1,0.025,0.975,0.975
13458,1,1,1,0.0,1.0,1.0
13864,1,1,1,0.0,1.0,1.0
576,0,1,0,0.495,0.505,0.505
4281,0,0,1,0.985,0.015,0.985
8051,0,0,1,0.59,0.41,0.59
4953,0,0,1,0.98,0.02,0.98
6125,0,0,1,0.98,0.02,0.98
4872,0,0,1,0.965,0.035,0.965
14320,1,1,1,0.0,1.0,1.0
1561,0,0,1,0.95,0.05,0.95
8339,0,0,1,0.985,0.015,0.985
8993,0,0,1,1.0,0.0,1.0
6757,0,0,1,0.65,0.35,0.65
18079,1,1,1,0.01,0.99,0.99
807,0,0,1,0.995,0.005,0.995
17226,1,1,1,0.14,0.86,0.86
18226,1,1,1,0.02,0.98,0.98
13531,1,1,1,0.0,1.0,1.0
18709,1,1,1,0.03,0.97,0.97
8477,0,0,1,0.9,0.1,0.9
6077,0,0,1,0.98,0.02,0.98
1876,0,0,1,0.945,0.055,0.945
15563,1,1,1,0.005,0.995,0.995
13613,1,1,1,0.03,0.97,0.97
4922,0,0,1,0.87,0.13,0.87
18660,1,1,1,0.08,0.92,0.92
7577,0,0,1,0.995,0.005,0.995
6933,0,0,1,0.965,0.035,0.965
17810,1,1,1,0.005,0.995,0.995
8866,0,0,1,1.0,0.0,1.0
10716,1,1,1,0.02,0.98,0.98
9833,0,0,1,1.0,0.0,1.0
12975,1,1,1,0.005,0.995,0.995
17008,1,1,1,0.185,0.815,0.815
6254,0,0,1,0.995,0.005,0.995
9900,0,0,1,0.96,0.04,0.96
4749,0,0,1,0.985,0.015,0.985
9847,0,0,1,0.97,0.03,0.97
14405,1,1,1,0.035,0.965,0.965
4658,0,0,1,0.99,0.01,0.99
5005,0,1,0,0.335,0.665,0.665
3421,0,0,1,0.62,0.38,0.62
17133,1,0,0,0.515,0.485,0.515
13877,1,1,1,0.0,1.0,1.0
15400,1,1,1,0.12,0.88,0.88
19018,1,1,1,0.005,0.995,0.995
5071,0,0,1,0.995,0.005,0.995
960,0,0,1,0.95,0.05,0.95
13858,1,1,1,0.005,0.995,0.995
12894,1,1,1,0.005,0.995,0.995
11210,1,1,1,0.0,1.0,1.0
2369,0,0,1,1.0,0.0,1.0
2567,0,0,1,1.0,0.0,1.0
8098,0,0,1,1.0,0.0,1.0
12424,1,1,1,0.0,1.0,1.0
8221,0,0,1,1.0,0.0,1.0
5304,0,0,1,0.78,0.22,0.78
19160,1,1,1,0.045,0.955,0.955
9265,0,0,1,1.0,0.0,1.0
6766,0,0,1,0.98,0.02,0.98
14881,1,1,1,0.0,1.0,1.0
5554,0,0,1,0.505,0.495,0.505
9843,0,0,1,0.98,0.02,0.98
2533,0,0,1,0.98,0.02,0.98
4690,0,0,1,1.0,0.0,1.0
4923,0,0,1,0.985,0.015,0.985
15233,1,1,1,0.11,0.89,0.89
14274,1,1,1,0.0,1.0,1.0
5538,0,0,1,0.95,0.05,0.95
14335,1,1,1,0.01,0.99,0.99
3238,0,0,1,1.0,0.0,1.0
17924,1,1,1,0.01,0.99,0.99
4630,0,0,1,1.0,0.0,1.0
1679,0,0,1,0.785,0.215,0.785
16799,1,1,1,0.1,0.9,0.9
8660,0,0,1,1.0,0.0,1.0
5266,0,0,1,0.94,0.06,0.94
3797,0,0,1,0.96,0.04,0.96
8968,0,0,1,0.995,0.005,0.995
18270,1,1,1,0.04,0.96,0.96
12971,1,1,1,0.0,1.0,1.0
2431,0,0,1,0.94,0.06,0.94
4757,0,0,1,0.815,0.185,0.815
8042,0,0,1,0.995,0.005,0.995
4050,0,0,1,0.98,0.02,0.98
6795,0,0,1,0.99,0.01,0.99
7258,0,0,1,0.98,0.02,0.98
19155,1,1,1,0.015,0.985,0.985
18766,1,1,1,0.0,1.0,1.0
7849,0,0,1,0.99,0.01,0.99
339,0,0,1,0.965,0.035,0.965
13462,1,1,1,0.0,1.0,1.0
9376,0,0,1,0.995,0.005,0.995
5597,0,0,1,0.88,0.12,0.88
10070,1,1,1,0.0,1.0,1.0
13279,1,1,1,0.0,1.0,1.0
9414,0,0,1,1.0,0.0,1.0
16915,1,1,1,0.19,0.81,0.81
957,0,0,1,0.985,0.015,0.985
3582,0,0,1,0.94,0.06,0.94
19559,1,1,1,0.005,0.995,0.995
13585,1,1,1,0.0,1.0,1.0
18949,1,1,1,0.01,0.99,0.99
17142,1,0,0,0.865,0.135,0.865
15685,1,1,1,0.0,1.0,1.0
4414,0,0,1,0.97,0.03,0.97
5889,0,0,1,0.775,0.225,0.775
16573,1,0,0,0.57,0.43,0.57
4317,0,0,1,1.0,0.0,1.0
1022,0,0,1,0.95,0.05,0.95
11746,1,1,1,0.0,1.0,1.0
19156,1,1,1,0.005,0.995,0.995
16825,1,1,1,0.305,0.695,0.695
9147,0,0,1,1.0,0.0,1.0
636,0,0,1,0.91,0.09,0.91
18094,1,1,1,0.415,0.585,0.585
6605,0,0,1,0.91,0.09,0.91
10496,1,1,1,0.0,1.0,1.0
5503,0,0,1,0.52,0.48,0.52
19518,1,1,1,0.005,0.995,0.995
13185,1,1,1,0.0,1.0,1.0
13015,1,1,1,0.0,1.0,1.0
2366,0,0,1,0.795,0.205,0.795
7684,0,0,1,1.0,0.0,1.0
11805,1,1,1,0.0,1.0,1.0
18443,1,1,1,0.13,0.87,0.87
3672,0,0,1,0.995,0.005,0.995
11094,1,1,1,0.0,1.0,1.0
5892,0,0,1,0.815,0.185,0.815
13282,1,1,1,0.01,0.99,0.99
12628,1,1,1,0.0,1.0,1.0
3880,0,0,1,0.96,0.04,0.96
6079,0,0,1,0.88,0.12,0.88
14773,1,1,1,0.005,0.995,0.995
11149,1,1,1,0.0,1.0,1.0
17693,1,1,1,0.015,0.985,0.985
16097,1,0,0,0.71,0.29,0.71
5854,0,0,1,0.99,0.01,0.99
9083,0,0,1,0.95,0.05,0.95
10476,1,1,1,0.0,1.0,1.0
18583,1,1,1,0.1,0.9,0.9
9790,0,0,1,0.975,0.025,0.975
19029,1,1,1,0.03,0.97,0.97
11432,1,1,1,0.0,1.0,1.0
9556,0,0,1,1.0,0.0,1.0
1249,0,0,1,0.9,0.1,0.9
9445,0,0,1,0.825,0.175,0.825
14053,1,1,1,0.01,0.99,0.99
8868,0,0,1,0.955,0.045,0.955
2033,0,0,1,1.0,0.0,1.0
17986,1,1,1,0.27,0.73,0.73
19517,1,1,1,0.005,0.995,0.995
10947,1,1,1,0.005,0.995,0.995
8802,0,0,1,1.0,0.0,1.0
7801,0,0,1,1.0,0.0,1.0
18247,1,1,1,0.0,1.0,1.0
5571,0,0,1,0.885,0.115,0.885
10046,1,1,1,0.0,1.0,1.0
6930,0,0,1,0.915,0.085,0.915
19248,1,1,1,0.0,1.0,1.0
3292,0,0,1,0.915,0.085,0.915
10939,1,1,1,0.005,0.995,0.995
4428,0,0,1,0.99,0.01,0.99
17162,1,1,1,0.055,0.945,0.945
15464,1,1,1,0.005,0.995,0.995
11280,1,1,1,0.0,1.0,1.0
11345,1,1,1,0.0,1.0,1.0
15625,1,1,1,0.0,1.0,1.0
19375,1,1,1,0.0,1.0,1.0
14542,1,1,1,0.01,0.99,0.99
13656,1,1,1,0.065,0.935,0.935
13364,1,1,1,0.01,0.99,0.99
5223,0,0,1,0.98,0.02,0.98
10669,1,1,1,0.0,1.0,1.0
8399,0,0,1,1.0,0.0,1.0
537,0,0,1,0.965,0.035,0.965
286,0,0,1,0.965,0.035,0.965
4935,0,0,1,0.99,0.01,0.99
4847,0,0,1,0.85,0.15,0.85
18642,1,1,1,0.0,1.0,1.0
15045,1,1,1,0.365,0.635,0.635
10784,1,1,1,0.0,1.0,1.0
5737,0,0,1,0.985,0.015,0.985
13499,1,1,1,0.0,1.0,1.0
7694,0,0,1,1.0,0.0,1.0
7777,0,0,1,1.0,0.0,1.0
8946,0,0,1,1.0,0.0,1.0
3263,0,0,1,0.995,0.005,0.995
2256,0,0,1,0.86,0.14,0.86
5944,0,0,1,0.87,0.13,0.87
15067,1,1,1,0.01,0.99,0.99
17884,1,1,1,0.01,0.99,0.99
4736,0,0,1,1.0,0.0,1.0
12379,1,1,1,0.0,1.0,1.0
5102,0,0,1,0.965,0.035,0.965
4854,0,0,1,0.99,0.01,0.99
14485,1,1,1,0.02,0.98,0.98
5928,0,0,1,0.885,0.115,0.885
18604,1,1,1,0.185,0.815,0.815
16254,1,0,0,0.64,0.36,0.64
11179,1,1,1,0.0,1.0,1.0
17032,1,0,0,0.51,0.49,0.51
11034,1,1,1,0.005,0.995,0.995
12438,1,1,1,0.0,1.0,1.0
16064,1,0,0,0.895,0.105,0.895
3023,0,0,1,1.0,0.0,1.0
892,0,0,1,0.875,0.125,0.875
12878,1,1,1,0.0,1.0,1.0
2072,0,0,1,0.985,0.015,0.985
14079,1,1,1,0.035,0.965,0.965
3817,0,0,1,0.995,0.005,0.995
4605,0,0,1,0.98,0.02,0.98
9741,0,0,1,0.99,0.01,0.99
3579,0,0,1,0.985,0.015,0.985
3065,0,0,1,0.98,0.02,0.98
1665,0,0,1,0.975,0.025,0.975
16236,1,0,0,0.97,0.03,0.97
2589,0,0,1,0.845,0.155,0.845
16719,1,1,1,0.23,0.77,0.77
4506,0,0,1,0.985,0.015,0.985
8231,0,0,1,0.995,0.005,0.995
8718,0,0,1,1.0,0.0,1.0
12876,1,1,1,0.06,0.94,0.94
11099,1,1,1,0.0,1.0,1.0
8005,0,0,1,1.0,0.0,1.0
6496,0,0,1,0.965,0.035,0.965
2140,0,0,1,0.985,0.015,0.985
3382,0,0,1,0.99,0.01,0.99
1586,0,0,1,0.955,0.045,0.955
14871,1,1,1,0.0,1.0,1.0
17842,1,1,1,0.015,0.985,0.985
9620,0,0,1,1.0,0.0,1.0
17798,1,1,1,0.04,0.96,0.96
5367,0,0,1,0.95,0.05,0.95
8610,0,0,1,0.995,0.005,0.995
9359,0,0,1,1.0,0.0,1.0
5056,0,0,1,0.955,0.045,0.955
5133,0,0,1,0.955,0.045,0.955
1233,0,0,1,0.84,0.16,0.84
13324,1,1,1,0.0,1.0,1.0
17854,1,1,1,0.03,0.97,0.97
9332,0,0,1,1.0,0.0,1.0
7527,0,0,1,1.0,0.0,1.0
3620,0,0,1,0.935,0.065,0.935
13584,1,1,1,0.0,1.0,1.0
9658,0,0,1,0.995,0.005,0.995
7831,0,0,1,1.0,0.0,1.0
1634,0,0,1,0.985,0.015,0.985
2028,0,0,1,0.895,0.105,0.895
14378,1,1,1,0.0,1.0,1.0
7644,0,0,1,1.0,0.0,1.0
7957,0,0,1,1.0,0.0,1.0
8967,0,0,1,0.995,0.005,0.995
1726,0,0,1,1.0,0.0,1.0
18175,1,1,1,0.035,0.965,0.965
2428,0,0,1,0.765,0.235,0.765
1199,0,0,1,0.845,0.155,0.845
11780,1,1,1,0.0,1.0,1.0
2048,0,0,1,0.91,0.09,0.91
5270,0,0,1,0.99,0.01,0.99
5288,0,0,1,0.775,0.225,0.775
11464,1,1,1,0.0,1.0,1.0
12594,1,1,1,0.0,1.0,1.0
1467,0,0,1,0.965,0.035,0.965
19210,1,1,1,0.025,0.975,0.975
14842,1,1,1,0.01,0.99,0.99
18897,1,1,1,0.005,0.995,0.995
553,0,0,1,0.89,0.11,0.89
7275,0,0,1,0.96,0.04,0.96
6233,0,0,1,0.98,0.02,0.98
3594,0,0,1,0.96,0.04,0.96
6983,0,0,1,0.985,0.015,0.985
15769,1,1,1,0.005,0.995,0.995
2065,0,0,1,0.93,0.07,0.93
14832,1,1,1,0.01,0.99,0.99
5218,0,0,1,0.85,0.15,0.85
15365,1,1,1,0.03,0.97,0.97
3293,0,0,1,0.995,0.005,0.995
16615,1,1,1,0.415,0.585,0.585
530,0,0,1,0.835,0.165,0.835
1646,0,0,1,0.885,0.115,0.885
7844,0,0,1,1.0,0.0,1.0
16710,1,0,0,0.865,0.135,0.865
19190,1,1,1,0.005,0.995,0.995
5172,0,0,1,0.975,0.025,0.975
18206,1,1,1,0.04,0.96,0.96
1934,0,0,1,0.985,0.015,0.985
17881,1,1,1,0.155,0.845,0.845
11274,1,1,1,0.0,1.0,1.0
17400,1,1,1,0.085,0.915,0.915
864,0,0,1,0.955,0.045,0.955
4268,0,0,1,0.965,0.035,0.965
9112,0,0,1,0.995,0.005,0.995
13527,1,1,1,0.005,0.995,0.995
11557,1,1,1,0.0,1.0,1.0
19737,1,1,1,0.005,0.995,0.995
17566,1,1,1,0.04,0.96,0.96
3739,0,0,1,0.99,0.01,0.99
6798,0,0,1,0.89,0.11,0.89
9994,1,1,1,0.0,1.0,1.0
12365,1,1,1,0.0,1.0,1.0
9330,0,0,1,0.96,0.04,0.96
12962,1,1,1,0.0,1.0,1.0
14247,1,1,1,0.0,1.0,1.0
6472,0,0,1,0.87,0.13,0.87
12675,1,1,1,0.0,1.0,1.0
8805,0,0,1,1.0,0.0,1.0
2117,0,0,1,0.98,0.02,0.98
18351,1,1,1,0.02,0.98,0.98
11069,1,1,1,0.0,1.0,1.0
19154,1,1,1,0.005,0.995,0.995
4044,0,0,1,0.945,0.055,0.945
17476,1,1,1,0.07,0.93,0.93
4142,0,0,1,0.985,0.015,0.985
3782,0,0,1,0.985,0.015,0.985
4855,0,0,1,0.99,0.01,0.99
13712,1,1,1,0.2,0.8,0.8
13756,1,1,1,0.0,1.0,1.0
12784,1,1,1,0.0,1.0,1.0
9047,0,0,1,1.0,0.0,1.0
3791,0,0,1,0.99,0.01,0.99
4583,0,0,1,0.985,0.015,0.985
1332,0,0,1,0.99,0.01,0.99
967,0,0,1,0.99,0.01,0.99
16785,1,1,1,0.3,0.7,0.7
11906,1,1,1,0.005,0.995,0.995
13098,1,1,1,0.01,0.99,0.99
14833,1,1,1,0.005,0.995,0.995
11444,1,1,1,0.0,1.0,1.0
14878,1,1,1,0.005,0.995,0.995
10092,1,1,1,0.0,1.0,1.0
2444,0,0,1,0.985,0.015,0.985
18182,1,1,1,0.03,0.97,0.97
17688,1,1,1,0.015,0.985,0.985
3654,0,0,1,0.985,0.015,0.985
7302,0,0,1,0.99,0.01,0.99
5792,0,0,1,0.89,0.11,0.89
7859,0,0,1,1.0,0.0,1.0
7807,0,0,1,1.0,0.0,1.0
13698,1,1,1,0.0,1.0,1.0
7722,0,0,1,0.995,0.005,0.995
10220,1,1,1,0.0,1.0,1.0
18548,1,1,1,0.485,0.515,0.515
7806,0,0,1,1.0,0.0,1.0
18601,1,1,1,0.24,0.76,0.76
10198,1,1,1,0.0,1.0,1.0
12069,1,1,1,0.005,0.995,0.995
1041,0,0,1,1.0,0.0,1.0
2357,0,0,1,0.775,0.225,0.775
8716,0,0,1,1.0,0.0,1.0
15224,1,1,1,0.045,0.955,0.955
4621,0,0,1,0.98,0.02,0.98
13118,1,1,1,0.005,0.995,0.995
1366,0,1,0,0.44,0.56,0.56
1817,0,0,1,0.95,0.05,0.95
14686,1,1,1,0.055,0.945,0.945
10207,1,1,1,0.01,0.99,0.99
557,0,0,1,0.935,0.065,0.935
718,0,0,1,0.925,0.075,0.925
270,0,0,1,0.995,0.005,0.995
14118,1,1,1,0.0,1.0,1.0
1253,0,0,1,0.98,0.02,0.98
3761,0,0,1,0.99,0.01,0.99
16608,1,1,1,0.175,0.825,0.825
10712,1,1,1,0.0,1.0,1.0
7109,0,0,1,0.85,0.15,0.85
15678,1,1,1,0.0,1.0,1.0
12295,1,1,1,0.02,0.98,0.98
9295,0,0,1,0.995,0.005,0.995
18118,1,1,1,0.075,0.925,0.925
11852,1,1,1,0.0,1.0,1.0
19571,1,1,1,0.0,1.0,1.0
540,0,0,1,0.88,0.12,0.88
2933,0,0,1,0.975,0.025,0.975
12257,1,1,1,0.0,1.0,1.0
828,0,0,1,0.975,0.025,0.975
19574,1,1,1,0.0,1.0,1.0
4784,0,0,1,0.985,0.015,0.985
5163,0,0,1,0.89,0.11,0.89
8277,0,1,0,0.39,0.61,0.61
17997,1,1,1,0.075,0.925,0.925
61,0,0,1,0.96,0.04,0.96
14233,1,1,1,0.115,0.885,0.885
15590,1,1,1,0.0,1.0,1.0
785,0,0,1,0.965,0.035,0.965
14261,1,1,1,0.0,1.0,1.0
14260,1,1,1,0.0,1.0,1.0
14643,1,1,1,0.015,0.985,0.985
8499,0,0,1,1.0,0.0,1.0
13384,1,1,1,0.0,1.0,1.0
18435,1,1,1,0.0,1.0,1.0
3047,0,0,1,1.0,0.0,1.0
15286,1,1,1,0.03,0.97,0.97
8983,0,0,1,0.985,0.015,0.985
18945,1,1,1,0.065,0.935,0.935
6991,0,0,1,0.77,0.23,0.77
17974,1,1,1,0.035,0.965,0.965
6761,0,0,1,0.595,0.405,0.595
467,0,0,1,0.93,0.07,0.93
10172,1,1,1,0.0,1.0,1.0
12194,1,1,1,0.01,0.99,0.99
6568,0,0,1,1.0,0.0,1.0
6239,0,0,1,0.97,0.03,0.97
4725,0,0,1,1.0,0.0,1.0
9003,0,0,1,1.0,0.0,1.0
9259,0,0,1,0.97,0.03,0.97
16414,1,0,0,0.74,0.26,0.74
19534,1,1,1,0.0,1.0,1.0
10340,1,1,1,0.01,0.99,0.99
5211,0,0,1,0.97,0.03,0.97
11944,1,1,1,0.0,1.0,1.0
295,0,0,1,0.95,0.05,0.95
6374,0,0,1,0.995,0.005,0.995
6246,0,0,1,0.885,0.115,0.885
1961,0,0,1,0.93,0.07,0.93
5312,0,0,1,0.88,0.12,0.88
9971,0,0,1,1.0,0.0,1.0
13006,1,1,1,0.04,0.96,0.96
14566,1,1,1,0.0,1.0,1.0
9977,0,0,1,1.0,0.0,1.0
2693,0,0,1,0.725,0.275,0.725
14856,1,0,0,0.58,0.42,0.58
4556,0,0,1,0.955,0.045,0.955
17235,1,1,1,0.04,0.96,0.96
392,0,0,1,0.895,0.105,0.895
6217,0,0,1,1.0,0.0,1.0
11676,1,1,1,0.0,1.0,1.0
4795,0,0,1,0.95,0.05,0.95
8312,0,0,1,1.0,0.0,1.0
19728,1,1,1,0.0,1.0,1.0
1008,0,0,1,0.95,0.05,0.95
15778,1,1,1,0.0,1.0,1.0
5878,0,0,1,0.965,0.035,0.965
826,0,0,1,0.95,0.05,0.95
4603,0,0,1,0.995,0.005,0.995
18728,1,1,1,0.0,1.0,1.0
6142,0,0,1,0.955,0.045,0.955
17535,1,1,1,0.35,0.65,0.65
12492,1,1,1,0.005,0.995,0.995
9216,0,0,1,1.0,0.0,1.0
19021,1,1,1,0.0,1.0,1.0
7983,0,0,1,0.995,0.005,0.995
11289,1,1,1,0.0,1.0,1.0
8839,0,0,1,1.0,0.0,1.0
18520,1,1,1,0.06,0.94,0.94
2323,0,0,1,0.9,0.1,0.9
18689,1,1,1,0.0,1.0,1.0
3405,0,0,1,0.525,0.475,0.525
17181,1,1,1,0.08,0.92,0.92
11245,1,1,1,0.0,1.0,1.0
13854,1,1,1,0.0,1.0,1.0
15796,1,1,1,0.0,1.0,1.0
12412,1,1,1,0.0,1.0,1.0
15187,1,1,1,0.0,1.0,1.0
1101,0,0,1,0.88,0.12,0.88
3742,0,0,1,0.98,0.02,0.98
12575,1,1,1,0.0,1.0,1.0
6127,0,0,1,0.76,0.24,0.76
7371,0,0,1,0.915,0.085,0.915
17204,1,1,1,0.06,0.94,0.94
3745,0,0,1,0.99,0.01,0.99
8131,0,0,1,1.0,0.0,1.0
2181,0,0,1,0.965,0.035,0.965
3539,0,0,1,0.99,0.01,0.99
1762,0,0,1,0.93,0.07,0.93
13356,1,1,1,0.0,1.0,1.0
14254,1,1,1,0.0,1.0,1.0
13702,1,1,1,0.025,0.975,0.975
11014,1,1,1,0.0,1.0,1.0
6273,0,0,1,0.86,0.14,0.86
10410,1,1,1,0.0,1.0,1.0
12288,1,1,1,0.0,1.0,1.0
4750,0,0,1,0.975,0.025,0.975
6854,0,0,1,0.985,0.015,0.985
5675,0,0,1,0.87,0.13,0.87
18667,1,1,1,0.0,1.0,1.0
18366,1,1,1,0.03,0.97,0.97
5606,0,0,1,0.975,0.025,0.975
14315,1,1,1,0.035,0.965,0.965
3878,0,0,1,0.93,0.07,0.93
15681,1,1,1,0.0,1.0,1.0
12606,1,1,1,0.0,1.0,1.0
4225,0,0,1,0.965,0.035,0.965
13570,1,1,1,0.01,0.99,0.99
17567,1,1,1,0.055,0.945,0.945
1713,0,0,1,0.985,0.015,0.985
4772,0,0,1,0.985,0.015,0.985
2654,0,0,1,0.99,0.01,0.99
10251,1,1,1,0.005,0.995,0.995
17584,1,1,1,0.07,0.93,0.93
8453,0,0,1,1.0,0.0,1.0
7357,0,0,1,0.99,0.01,0.99
15179,1,1,1,0.27,0.73,0.73
17100,1,0,0,0.55,0.45,0.55
14536,1,1,1,0.205,0.795,0.795
19678,1,1,1,0.0,1.0,1.0
13972,1,1,1,0.045,0.955,0.955
3493,0,0,1,0.65,0.35,0.65
2163,0,0,1,0.82,0.18,0.82
11535,1,1,1,0.0,1.0,1.0
6173,0,0,1,0.99,0.01,0.99
17174,1,1,1,0.075,0.925,0.925
2220,0,0,1,0.975,0.025,0.975
17931,1,1,1,0.015,0.985,0.985
15526,1,1,1,0.0,1.0,1.0
15250,1,1,1,0.02,0.98,0.98
6236,0,0,1,0.95,0.05,0.95
1688,0,0,1,0.8,0.2,0.8
11417,1,1,1,0.0,1.0,1.0
12402,1,1,1,0.0,1.0,1.0
8503,0,0,1,1.0,0.0,1.0
9340,0,0,1,0.705,0.295,0.705
17075,1,0,0,0.915,0.085,0.915
13027,1,1,1,0.005,0.995,0.995
11633,1,1,1,0.0,1.0,1.0
18050,1,1,1,0.01,0.99,0.99
17097,1,0,0,0.79,0.21,0.79
6695,0,0,1,0.89,0.11,0.89
1277,0,0,1,0.99,0.01,0.99
6417,0,0,1,0.995,0.005,0.995
7230,0,0,1,0.995,0.005,0.995
7424,0,0,1,0.62,0.38,0.62
7046,0,0,1,0.85,0.15,0.85
10567,1,1,1,0.0,1.0,1.0
16413,1,0,0,0.91,0.09,0.91
17004,1,0,0,0.88,0.12,0.88
10247,1,1,1,0.0,1.0,1.0
8483,0,0,1,1.0,0.0,1.0
9574,0,0,1,1.0,0.0,1.0
1313,0,0,1,0.95,0.05,0.95
4679,0,0,1,0.955,0.045,0.955
9642,0,0,1,1.0,0.0,1.0
16566,1,0,0,0.745,0.255,0.745
15315,1,1,1,0.015,0.985,0.985
6193,0,0,1,0.98,0.02,0.98
5602,0,0,1,0.965,0.035,0.965
7042,0,0,1,0.71,0.29,0.71
19023,1,1,1,0.47,0.53,0.53
8667,0,0,1,1.0,0.0,1.0
2205,0,0,1,0.9,0.1,0.9
12091,1,1,1,0.0,1.0,1.0
18062,1,1,1,0.19,0.81,0.81
4930,0,0,1,1.0,0.0,1.0
11707,1,1,1,0.0,1.0,1.0
6,0,0,1,0.97,0.03,0.97
503,0,0,1,0.86,0.14,0.86
16584,1,1,1,0.42,0.58,0.58
15589,1,1,1,0.0,1.0,1.0
1275,0,0,1,0.94,0.06,0.94
3563,0,0,1,0.94,0.06,0.94
11901,1,1,1,0.03,0.97,0.97
3732,0,0,1,1.0,0.0,1.0
16747,1,0,0,0.605,0.395,0.605
18168,1,1,1,0.03,0.97,0.97
6732,0,0,1,0.995,0.005,0.995
2608,0,0,1,0.98,0.02,0.98
9193,0,0,1,0.985,0.015,0.985
16985,1,0,0,0.975,0.025,0.975
2686,0,0,1,0.975,0.025,0.975
1029,0,0,1,0.96,0.04,0.96
11553,1,1,1,0.0,1.0,1.0
11091,1,1,1,0.0,1.0,1.0
3082,0,0,1,0.925,0.075,0.925
17149,1,1,1,0.43,0.57,0.57
11993,1,1,1,0.0,1.0,1.0
5655,0,0,1,0.94,0.06,0.94
11725,1,1,1,0.0,1.0,1.0
14800,1,1,1,0.025,0.975,0.975
14852,1,1,1,0.015,0.985,0.985
17258,1,1,1,0.105,0.895,0.895
418,0,0,1,0.97,0.03,0.97
12020,1,1,1,0.005,0.995,0.995
17467,1,1,1,0.045,0.955,0.955
11320,1,1,1,0.0,1.0,1.0
7893,0,0,1,1.0,0.0,1.0
8195,0,0,1,1.0,0.0,1.0
318,0,0,1,0.98,0.02,0.98
18893,1,1,1,0.0,1.0,1.0
3261,0,0,1,0.905,0.095,0.905
5615,0,0,1,0.77,0.23,0.77
18948,1,1,1,0.0,1.0,1.0
14858,1,1,1,0.0,1.0,1.0
13210,1,1,1,0.04,0.96,0.96
3924,0,0,1,0.89,0.11,0.89
12595,1,1,1,0.0,1.0,1.0
1073,0,0,1,0.99,0.01,0.99
14778,1,1,1,0.025,0.975,0.975
4490,0,0,1,0.945,0.055,0.945
10529,1,1,1,0.0,1.0,1.0
12948,1,1,1,0.0,1.0,1.0
8353,0,0,1,0.985,0.015,0.985
8364,0,0,1,1.0,0.0,1.0
3089,0,0,1,0.985,0.015,0.985
13791,1,1,1,0.04,0.96,0.96
10831,1,1,1,0.0,1.0,1.0
3195,0,0,1,0.89,0.11,0.89
9838,0,0,1,1.0,0.0,1.0
5143,0,0,1,0.935,0.065,0.935
7286,0,0,1,0.95,0.05,0.95
13916,1,1,1,0.0,1.0,1.0
4834,0,0,1,0.685,0.315,0.685
15527,1,1,1,0.005,0.995,0.995
2756,0,0,1,1.0,0.0,1.0
7985,0,0,1,0.995,0.005,0.995
18589,1,1,1,0.14,0.86,0.86
9811,0,0,1,1.0,0.0,1.0
18150,1,1,1,0.01,0.99,0.99
4287,0,0,1,0.97,0.03,0.97
18822,1,1,1,0.0,1.0,1.0
5361,0,0,1,0.985,0.015,0.985
10663,1,1,1,0.0,1.0,1.0
4156,0,0,1,0.8,0.2,0.8
18232,1,1,1,0.105,0.895,0.895
256,0,0,1,0.605,0.395,0.605
17173,1,1,1,0.12,0.88,0.88
4252,0,0,1,0.985,0.015,0.985
11576,1,1,1,0.0,1.0,1.0
12616,1,1,1,0.0,1.0,1.0
13892,1,1,1,0.0,1.0,1.0
19233,1,1,1,0.02,0.98,0.98
3396,0,0,1,1.0,0.0,1.0
3305,0,0,1,0.855,0.145,0.855
17950,1,1,1,0.0,1.0,1.0
8246,0,0,1,0.97,0.03,0.97
10193,1,1,1,0.005,0.995,0.995
1496,0,0,1,0.97,0.03,0.97
7049,0,0,1,0.975,0.025,0.975
5236,0,0,1,0.985,0.015,0.985
630,0,0,1,0.975,0.025,0.975
12098,1,1,1,0.0,1.0,1.0
19157,1,1,1,0.0,1.0,1.0
4547,0,0,1,0.995,0.005,0.995
1950,0,0,1,0.985,0.015,0.985
6676,0,0,1,1.0,0.0,1.0
14475,1,1,1,0.015,0.985,0.985
1829,0,0,1,0.885,0.115,0.885
7710,0,0,1,1.0,0.0,1.0
14931,1,1,1,0.045,0.955,0.955
11252,1,1,1,0.0,1.0,1.0
8817,0,0,1,1.0,0.0,1.0
3798,0,0,1,0.91,0.09,0.91
6388,0,0,1,0.995,0.005,0.995
8882,0,0,1,1.0,0.0,1.0
12890,1,1,1,0.0,1.0,1.0
4504,0,0,1,0.985,0.015,0.985
1556,0,0,1,0.8,0.2,0.8
7233,0,0,1,0.635,0.365,0.635
10963,1,1,1,0.0,1.0,1.0
5852,0,0,1,0.995,0.005,0.995
952,0,0,1,0.655,0.345,0.655
16645,1,1,1,0.42,0.58,0.58
3269,0,0,1,0.995,0.005,0.995
18626,1,1,1,0.0,1.0,1.0
19912,1,1,1,0.0,1.0,1.0
9059,0,0,1,1.0,0.0,1.0
1998,0,0,1,0.99,0.01,0.99
2850,0,0,1,0.955,0.045,0.955
1811,0,0,1,0.99,0.01,0.99
14737,1,1,1,0.01,0.99,0.99
3917,0,0,1,0.97,0.03,0.97
18991,1,1,1,0.02,0.98,0.98
8755,0,0,1,0.995,0.005,0.995
6685,0,0,1,0.97,0.03,0.97
14170,1,1,1,0.0,1.0,1.0
11890,1,1,1,0.01,0.99,0.99
10689,1,1,1,0.0,1.0,1.0
11475,1,1,1,0.0,1.0,1.0
17557,1,1,1,0.185,0.815,0.815
15924,1,1,1,0.005,0.995,0.995
5840,0,0,1,0.955,0.045,0.955
15441,1,1,1,0.0,1.0,1.0
956,0,0,1,0.985,0.015,0.985
10740,1,1,1,0.005,0.995,0.995
5866,0,0,1,0.925,0.075,0.925
16744,1,1,1,0.4,0.6,0.6
16575,1,1,1,0.4,0.6,0.6
12252,1,1,1,0.005,0.995,0.995
6136,0,0,1,0.98,0.02,0.98
5771,0,0,1,0.975,0.025,0.975
16684,1,1,1,0.47,0.53,0.53
14098,1,1,1,0.0,1.0,1.0
560,0,0,1,0.995,0.005,0.995
11189,1,1,1,0.0,1.0,1.0
7135,0,0,1,0.96,0.04,0.96
5245,0,0,1,0.995,0.005,0.995
6181,0,0,1,0.96,0.04,0.96
14986,1,0,0,0.635,0.365,0.635
17434,1,1,1,0.09,0.91,0.91
9853,0,0,1,1.0,0.0,1.0
207,0,0,1,0.92,0.08,0.92
5622,0,0,1,0.95,0.05,0.95
15119,1,1,1,0.005,0.995,0.995
11730,1,1,1,0.0,1.0,1.0
1070,0,0,1,0.63,0.37,0.63
15111,1,1,1,0.11,0.89,0.89
14149,1,1,1,0.005,0.995,0.995
8696,0,0,1,0.985,0.015,0.985
7156,0,0,1,0.99,0.01,0.99
18683,1,1,1,0.0,1.0,1.0
13146,1,1,1,0.0,1.0,1.0
3676,0,0,1,0.985,0.015,0.985
9368,0,0,1,1.0,0.0,1.0
9410,0,0,1,0.995,0.005,0.995
10106,1,1,1,0.005,0.995,0.995
8692,0,0,1,1.0,0.0,1.0
8346,0,0,1,1.0,0.0,1.0
11899,1,1,1,0.0,1.0,1.0
13217,1,1,1,0.0,1.0,1.0
18190,1,1,1,0.01,0.99,0.99
18833,1,1,1,0.0,1.0,1.0
1395,0,0,1,0.82,0.18,0.82
13815,1,1,1,0.0,1.0,1.0
3039,0,0,1,0.905,0.095,0.905
17944,1,1,1,0.04,0.96,0.96
11155,1,1,1,0.0,1.0,1.0
2741,0,0,1,0.995,0.005,0.995
13149,1,1,1,0.0,1.0,1.0
8788,0,0,1,0.995,0.005,0.995
3532,0,0,1,0.985,0.015,0.985
16897,1,1,1,0.035,0.965,0.965
17925,1,1,1,0.025,0.975,0.975
13445,1,1,1,0.0,1.0,1.0
6258,0,0,1,0.645,0.355,0.645
11651,1,1,1,0.0,1.0,1.0
12950,1,1,1,0.0,1.0,1.0
7642,0,0,1,1.0,0.0,1.0
5789,0,0,1,0.955,0.045,0.955
15413,1,1,1,0.0,1.0,1.0
18315,1,1,1,0.07,0.93,0.93
16627,1,0,0,0.805,0.195,0.805
3733,0,0,1,0.95,0.05,0.95
18593,1,1,1,0.01,0.99,0.99
10786,1,1,1,0.0,1.0,1.0
18218,1,1,1,0.025,0.975,0.975
4641,0,0,1,0.845,0.155,0.845
1582,0,0,1,0.985,0.015,0.985
4284,0,0,1,0.925,0.075,0.925
9211,0,0,1,1.0,0.0,1.0
8126,0,0,1,1.0,0.0,1.0
10477,1,1,1,0.0,1.0,1.0
4602,0,0,1,0.99,0.01,0.99
9377,0,0,1,1.0,0.0,1.0
10532,1,1,1,0.0,1.0,1.0
10244,1,1,1,0.0,1.0,1.0
6993,0,0,1,0.875,0.125,0.875
12881,1,1,1,0.0,1.0,1.0
4539,0,0,1,0.875,0.125,0.875
5330,0,0,1,1.0,0.0,1.0
6929,0,0,1,0.93,0.07,0.93
9188,0,0,1,0.6,0.4,0.6
14450,1,1,1,0.335,0.665,0.665
12547,1,1,1,0.0,1.0,1.0
17049,1,1,1,0.27,0.73,0.73
11753,1,1,1,0.065,0.935,0.935
2547,0,0,1,1.0,0.0,1.0
10245,1,1,1,0.015,0.985,0.985
10252,1,1,1,0.0,1.0,1.0
8443,0,0,1,0.95,0.05,0.95
5055,0,0,1,1.0,0.0,1.0
17828,1,1,1,0.025,0.975,0.975
13102,1,1,1,0.105,0.895,0.895
13907,1,1,1,0.0,1.0,1.0
699,0,0,1,0.985,0.015,0.985
7604,0,0,1,0.98,0.02,0.98
6641,0,0,1,0.975,0.025,0.975
1354,0,0,1,0.97,0.03,0.97
11500,1,1,1,0.0,1.0,1.0
405,0,0,1,0.995,0.005,0.995
19152,1,1,1,0.0,1.0,1.0
8121,0,0,1,0.995,0.005,0.995
4448,0,0,1,0.985,0.015,0.985
4745,0,0,1,0.85,0.15,0.85
9749,0,0,1,0.985,0.015,0.985
12135,1,1,1,0.0,1.0,1.0
10626,1,1,1,0.0,1.0,1.0
13718,1,1,1,0.0,1.0,1.0
8948,0,0,1,1.0,0.0,1.0
12642,1,1,1,0.0,1.0,1.0
1123,0,0,1,0.99,0.01,0.99
1592,0,0,1,1.0,0.0,1.0
16728,1,1,1,0.27,0.73,0.73
17058,1,0,0,0.715,0.285,0.715
13263,1,1,1,0.0,1.0,1.0
14464,1,1,1,0.0,1.0,1.0
6004,0,0,1,0.98,0.02,0.98
1151,0,0,1,0.98,0.02,0.98
11763,1,1,1,0.005,0.995,0.995
7045,0,0,1,0.995,0.005,0.995
6730,0,0,1,0.955,0.045,0.955
524,0,0,1,0.86,0.14,0.86
2630,0,0,1,0.99,0.01,0.99
13444,1,1,1,0.0,1.0,1.0
543,0,0,1,0.935,0.065,0.935
10558,1,1,1,0.015,0.985,0.985
6607,0,0,1,0.97,0.03,0.97
11254,1,1,1,0.0,1.0,1.0
8933,0,0,1,0.96,0.04,0.96
572,0,0,1,0.945,0.055,0.945
3034,0,0,1,0.98,0.02,0.98
14477,1,1,1,0.09,0.91,0.91
6856,0,0,1,0.955,0.045,0.955
15780,1,1,1,0.0,1.0,1.0
6571,0,0,1,0.98,0.02,0.98
261,0,0,1,0.985,0.015,0.985
8136,0,0,1,1.0,0.0,1.0
19206,1,1,1,0.005,0.995,0.995
6316,0,0,1,0.985,0.015,0.985
14447,1,1,1,0.16,0.84,0.84
18844,1,1,1,0.015,0.985,0.985
12470,1,1,1,0.0,1.0,1.0
8973,0,0,1,0.99,0.01,0.99
12797,1,1,1,0.0,1.0,1.0
4549,0,0,1,0.97,0.03,0.97
11609,1,1,1,0.0,1.0,1.0
13332,1,1,1,0.0,1.0,1.0
11776,1,1,1,0.0,1.0,1.0
10396,1,1,1,0.0,1.0,1.0
13372,1,1,1,0.015,0.985,0.985
925,0,0,1,0.99,0.01,0.99
4987,0,0,1,0.975,0.025,0.975
4731,0,0,1,0.905,0.095,0.905
12592,1,1,1,0.0,1.0,1.0
5668,0,0,1,0.915,0.085,0.915
7235,0,0,1,0.965,0.035,0.965
6704,0,0,1,0.74,0.26,0.74
6943,0,0,1,0.805,0.195,0.805
11898,1,1,1,0.0,1.0,1.0
8242,0,0,1,1.0,0.0,1.0
15171,1,1,1,0.08,0.92,0.92
10707,1,1,1,0.04,0.96,0.96
4896,0,0,1,0.94,0.06,0.94
12191,1,1,1,0.0,1.0,1.0
14277,1,1,1,0.0,1.0,1.0
19415,1,1,1,0.0,1.0,1.0
16222,1,0,0,0.92,0.08,0.92
15242,1,1,1,0.13,0.87,0.87
8534,0,0,1,1.0,0.0,1.0
19166,1,1,1,0.0,1.0,1.0
13135,1,1,1,0.0,1.0,1.0
12729,1,1,1,0.0,1.0,1.0
14037,1,1,1,0.235,0.765,0.765
8003,0,0,1,1.0,0.0,1.0
13016,1,1,1,0.0,1.0,1.0
16975,1,1,1,0.365,0.635,0.635
13157,1,1,1,0.0,1.0,1.0
11664,1,1,1,0.0,1.0,1.0
4843,0,0,1,0.995,0.005,0.995
16759,1,1,1,0.195,0.805,0.805
7834,0,0,1,1.0,0.0,1.0
6261,0,1,0,0.445,0.555,0.555
18054,1,1,1,0.065,0.935,0.935
1078,0,0,1,0.995,0.005,0.995
17244,1,1,1,0.27,0.73,0.73
8556,0,0,1,1.0,0.0,1.0
2001,0,0,1,0.97,0.03,0.97
15650,1,1,1,0.01,0.99,0.99
3716,0,0,1,1.0,0.0,1.0
7544,0,0,1,1.0,0.0,1.0
3286,0,0,1,1.0,0.0,1.0
2967,0,0,1,0.94,0.06,0.94
391,0,0,1,0.99,0.01,0.99
17387,1,1,1,0.025,0.975,0.975
6409,0,0,1,0.715,0.285,0.715
9402,0,0,1,1.0,0.0,1.0
5825,0,0,1,0.94,0.06,0.94
17304,1,0,0,0.56,0.44,0.56
4904,0,0,1,0.955,0.045,0.955
11429,1,1,1,0.0,1.0,1.0
1390,0,0,1,0.99,0.01,0.99
584,0,0,1,0.865,0.135,0.865
15930,1,1,1,0.0,1.0,1.0
12350,1,1,1,0.015,0.985,0.985
14574,1,1,1,0.02,0.98,0.98
1805,0,0,1,0.98,0.02,0.98
12015,1,1,1,0.005,0.995,0.995
11685,1,1,1,0.0,1.0,1.0
12165,1,1,1,0.005,0.995,0.995
10303,1,1,1,0.0,1.0,1.0
14604,1,1,1,0.02,0.98,0.98
14255,1,1,1,0.01,0.99,0.99
15905,1,1,1,0.01,0.99,0.99
6673,0,0,1,0.9,0.1,0.9
18794,1,1,1,0.0,1.0,1.0
10755,1,1,1,0.0,1.0,1.0
10117,1,1,1,0.005,0.995,0.995
12609,1,1,1,0.0,1.0,1.0
3626,0,0,1,0.935,0.065,0.935
1758,0,0,1,0.985,0.015,0.985
2480,0,0,1,0.915,0.085,0.915
9716,0,0,1,0.99,0.01,0.99
5418,0,0,1,0.885,0.115,0.885
13052,1,1,1,0.0,1.0,1.0
13572,1,1,1,0.0,1.0,1.0
4744,0,0,1,0.81,0.19,0.81
10016,1,1,1,0.075,0.925,0.925
3466,0,0,1,0.845,0.155,0.845
7160,0,0,1,0.975,0.025,0.975
9107,0,0,1,1.0,0.0,1.0
10572,1,1,1,0.0,1.0,1.0
7391,0,0,1,0.955,0.045,0.955
14514,1,1,1,0.0,1.0,1.0
11469,1,1,1,0.0,1.0,1.0
9763,0,0,1,1.0,0.0,1.0
6651,0,0,1,0.925,0.075,0.925
18898,1,1,1,0.0,1.0,1.0
4313,0,0,1,0.91,0.09,0.91
17760,1,1,1,0.035,0.965,0.965
2605,0,0,1,0.955,0.045,0.955
10724,1,1,1,0.0,1.0,1.0
17069,1,1,1,0.455,0.545,0.545
15175,1,1,1,0.065,0.935,0.935
6640,0,0,1,0.76,0.24,0.76
9928,0,0,1,1.0,0.0,1.0
5369,0,1,0,0.055,0.945,0.945
8191,0,0,1,1.0,0.0,1.0
10001,1,1,1,0.04,0.96,0.96
12902,1,1,1,0.0,1.0,1.0
10893,1,1,1,0.005,0.995,0.995
4106,0,0,1,1.0,0.0,1.0
14563,1,1,1,0.27,0.73,0.73
14578,1,1,1,0.035,0.965,0.965
14452,1,1,1,0.185,0.815,0.815
8997,0,0,1,0.995,0.005,0.995
2620,0,0,1,0.585,0.415,0.585
9708,0,0,1,1.0,0.0,1.0
2386,0,0,1,0.905,0.095,0.905
1606,0,0,1,0.985,0.015,0.985
18043,1,1,1,0.125,0.875,0.875
1668,0,0,1,0.91,0.09,0.91
8906,0,0,1,1.0,0.0,1.0
10212,1,1,1,0.0,1.0,1.0
4710,0,0,1,1.0,0.0,1.0
11399,1,1,1,0.0,1.0,1.0
5037,0,0,1,0.93,0.07,0.93
17560,1,1,1,0.1,0.9,0.9
14792,1,1,1,0.015,0.985,0.985
16590,1,0,0,0.765,0.235,0.765
17369,1,1,1,0.01,0.99,0.99
4373,0,0,1,0.98,0.02,0.98
10718,1,1,1,0.0,1.0,1.0
11840,1,1,1,0.0,1.0,1.0
13690,1,1,1,0.015,0.985,0.985
11959,1,1,1,0.0,1.0,1.0
4280,0,0,1,0.985,0.015,0.985
6177,0,0,1,0.98,0.02,0.98
10460,1,1,1,0.0,1.0,1.0
7645,0,0,1,0.99,0.01,0.99
10140,1,1,1,0.0,1.0,1.0
18600,1,1,1,0.165,0.835,0.835
1064,0,0,1,0.995,0.005,0.995
11743,1,1,1,0.0,1.0,1.0
7562,0,0,1,1.0,0.0,1.0
5481,0,0,1,0.985,0.015,0.985
5581,0,0,1,0.995,0.005,0.995
4077,0,0,1,0.975,0.025,0.975
11838,1,1,1,0.0,1.0,1.0
4696,0,0,1,0.965,0.035,0.965
7561,0,0,1,1.0,0.0,1.0
4830,0,0,1,0.88,0.12,0.88
1605,0,0,1,0.97,0.03,0.97
16910,1,1,1,0.22,0.78,0.78
7309,0,0,1,0.98,0.02,0.98
8155,0,0,1,1.0,0.0,1.0
10030,1,1,1,0.01,0.99,0.99
6686,0,0,1,0.515,0.485,0.515
2404,0,0,1,0.855,0.145,0.855
10869,1,1,1,0.0,1.0,1.0
22,0,0,1,0.87,0.13,0.87
12799,1,1,1,0.0,1.0,1.0
141,0,0,1,0.74,0.26,0.74
6904,0,0,1,0.89,0.11,0.89
2819,0,0,1,0.8,0.2,0.8
2823,0,0,1,0.89,0.11,0.89
607,0,0,1,0.965,0.035,0.965
1734,0,1,0,0.43,0.57,0.57
13347,1,1,1,0.27,0.73,0.73
420,0,0,1,0.98,0.02,0.98
73,0,0,1,0.935,0.065,0.935
19038,1,1,1,0.02,0.98,0.98
3069,0,0,1,0.985,0.015,0.985
17764,1,1,1,0.0,1.0,1.0
13502,1,1,1,0.0,1.0,1.0
6990,0,0,1,0.995,0.005,0.995
13168,1,1,1,0.0,1.0,1.0
16055,1,1,1,0.415,0.585,0.585
17553,1,1,1,0.2,0.8,0.8
2066,0,0,1,0.94,0.06,0.94
14654,1,1,1,0.08,0.92,0.92
10765,1,1,1,0.0,1.0,1.0
15496,1,1,1,0.0,1.0,1.0
14398,1,1,1,0.005,0.995,0.995
4668,0,0,1,0.955,0.045,0.955
14455,1,1,1,0.0,1.0,1.0
4492,0,0,1,0.79,0.21,0.79
4241,0,0,1,0.925,0.075,0.925
1960,0,0,1,0.765,0.235,0.765
1017,0,0,1,0.995,0.005,0.995
15009,1,1,1,0.175,0.825,0.825
307,0,0,1,1.0,0.0,1.0
1268,0,0,1,0.755,0.245,0.755
561,0,0,1,1.0,0.0,1.0
8494,0,0,1,1.0,0.0,1.0
2191,0,0,1,0.96,0.04,0.96
17492,1,1,1,0.035,0.965,0.965
4441,0,0,1,0.965,0.035,0.965
4181,0,0,1,0.975,0.025,0.975
13245,1,1,1,0.02,0.98,0.98
9613,0,0,1,1.0,0.0,1.0
15676,1,1,1,0.0,1.0,1.0
689,0,0,1,0.975,0.025,0.975
18336,1,1,1,0.205,0.795,0.795
7968,0,0,1,0.94,0.06,0.94
2199,0,0,1,0.945,0.055,0.945
2483,0,0,1,0.995,0.005,0.995
7471,0,0,1,0.935,0.065,0.935
14232,1,1,1,0.0,1.0,1.0
2753,0,0,1,0.93,0.07,0.93
19050,1,1,1,0.37,0.63,0.63
12019,1,1,1,0.0,1.0,1.0
19898,1,1,1,0.01,0.99,0.99
3694,0,0,1,0.98,0.02,0.98
15534,1,1,1,0.0,1.0,1.0
14283,1,1,1,0.0,1.0,1.0
11560,1,1,1,0.0,1.0,1.0
9436,0,0,1,1.0,0.0,1.0
1066,0,0,1,0.955,0.045,0.955
16422,1,0,0,0.93,0.07,0.93
13387,1,1,1,0.015,0.985,0.985
17255,1,1,1,0.425,0.575,0.575
18859,1,1,1,0.0,1.0,1.0
13743,1,1,1,0.0,1.0,1.0
4069,0,0,1,0.555,0.445,0.555
8057,0,0,1,1.0,0.0,1.0
6844,0,0,1,0.995,0.005,0.995
19861,1,1,1,0.01,0.99,0.99
3264,0,0,1,1.0,0.0,1.0
18120,1,1,1,0.085,0.915,0.915
12436,1,1,1,0.0,1.0,1.0
17774,1,1,1,0.165,0.835,0.835
17703,1,1,1,0.295,0.705,0.705
13071,1,1,1,0.0,1.0,1.0
5421,0,0,1,0.955,0.045,0.955
6665,0,0,1,0.985,0.015,0.985
10315,1,1,1,0.005,0.995,0.995
13099,1,1,1,0.065,0.935,0.935
16993,1,0,0,0.965,0.035,0.965
12367,1,1,1,0.0,1.0,1.0
15273,1,1,1,0.285,0.715,0.715
10554,1,1,1,0.0,1.0,1.0
7140,0,0,1,0.945,0.055,0.945
16959,1,1,1,0.085,0.915,0.915
1242,0,0,1,0.97,0.03,0.97
1909,0,0,1,0.965,0.035,0.965
10736,1,1,1,0.01,0.99,0.99
4950,0,0,1,0.985,0.015,0.985
17994,1,1,1,0.105,0.895,0.895
5364,0,0,1,0.96,0.04,0.96
2429,0,0,1,0.765,0.235,0.765
10511,1,1,1,0.0,1.0,1.0
17319,1,1,1,0.03,0.97,0.97
2897,0,0,1,1.0,0.0,1.0
6312,0,0,1,0.845,0.155,0.845
18769,1,1,1,0.03,0.97,0.97
12677,1,1,1,0.05,0.95,0.95
5243,0,0,1,0.765,0.235,0.765
17412,1,1,1,0.355,0.645,0.645
5925,0,0,1,0.955,0.045,0.955
8648,0,0,1,1.0,0.0,1.0
16690,1,0,0,0.61,0.39,0.61
8348,0,0,1,1.0,0.0,1.0
13594,1,1,1,0.0,1.0,1.0
250,0,0,1,0.9,0.1,0.9
4977,0,0,1,0.945,0.055,0.945
18616,1,1,1,0.005,0.995,0.995
19089,1,1,1,0.11,0.89,0.89
17247,1,1,1,0.05,0.95,0.95
4645,0,0,1,0.975,0.025,0.975
944,0,0,1,0.93,0.07,0.93
12808,1,1,1,0.0,1.0,1.0
13022,1,1,1,0.005,0.995,0.995
9275,0,0,1,1.0,0.0,1.0
6887,0,0,1,0.975,0.025,0.975
11923,1,1,1,0.0,1.0,1.0
6163,0,0,1,0.955,0.045,0.955
15564,1,1,1,0.0,1.0,1.0
16965,1,0,0,0.7,0.3,0.7
12952,1,1,1,0.085,0.915,0.915
5130,0,0,1,0.995,0.005,0.995
18655,1,1,1,0.095,0.905,0.905
11607,1,1,1,0.005,0.995,0.995
1529,0,0,1,0.99,0.01,0.99
12663,1,1,1,0.0,1.0,1.0
15123,1,1,1,0.185,0.815,0.815
5930,0,0,1,0.915,0.085,0.915
15058,1,1,1,0.025,0.975,0.975
13403,1,1,1,0.0,1.0,1.0
1940,0,0,1,0.79,0.21,0.79
18535,1,1,1,0.115,0.885,0.885
18500,1,1,1,0.02,0.98,0.98
18908,1,1,1,0.0,1.0,1.0
15280,1,1,1,0.025,0.975,0.975
8196,0,0,1,0.965,0.035,0.965
14303,1,1,1,0.0,1.0,1.0
1240,0,0,1,0.99,0.01,0.99
13922,1,1,1,0.0,1.0,1.0
11552,1,1,1,0.0,1.0,1.0
18918,1,1,1,0.005,0.995,0.995
3788,0,0,1,0.99,0.01,0.99
5448,0,0,1,0.92,0.08,0.92
17458,1,1,1,0.06,0.94,0.94
10890,1,1,1,0.0,1.0,1.0
16990,1,0,0,0.61,0.39,0.61
17744,1,1,1,0.16,0.84,0.84
11490,1,1,1,0.0,1.0,1.0
6968,0,0,1,0.74,0.26,0.74
8321,0,0,1,0.995,0.005,0.995
3658,0,0,1,0.99,0.01,0.99
15568,1,1,1,0.01,0.99,0.99
13910,1,1,1,0.0,1.0,1.0
7716,0,0,1,0.995,0.005,0.995
14622,1,1,1,0.02,0.98,0.98
9907,0,0,1,0.985,0.015,0.985
5342,0,0,1,0.7,0.3,0.7
4032,0,0,1,0.9,0.1,0.9
8437,0,0,1,1.0,0.0,1.0
13551,1,1,1,0.0,1.0,1.0
12577,1,1,1,0.0,1.0,1.0
9940,0,0,1,1.0,0.0,1.0
10992,1,1,1,0.0,1.0,1.0
18116,1,1,1,0.0,1.0,1.0
12680,1,1,1,0.0,1.0,1.0
15153,1,1,1,0.005,0.995,0.995
6348,0,0,1,0.99,0.01,0.99
3780,0,0,1,0.99,0.01,0.99
13307,1,1,1,0.0,1.0,1.0
1760,0,0,1,0.95,0.05,0.95
11926,1,1,1,0.0,1.0,1.0
6512,0,0,1,0.995,0.005,0.995
1694,0,0,1,0.995,0.005,0.995
6441,0,0,1,0.975,0.025,0.975
11379,1,1,1,0.0,1.0,1.0
18814,1,1,1,0.02,0.98,0.98
3411,0,0,1,0.97,0.03,0.97
1461,0,0,1,1.0,0.0,1.0
16585,1,0,0,0.665,0.335,0.665
12331,1,1,1,0.0,1.0,1.0
12080,1,1,1,0.0,1.0,1.0
11934,1,1,1,0.0,1.0,1.0
7168,0,0,1,1.0,0.0,1.0
10649,1,1,1,0.0,1.0,1.0
19240,1,1,1,0.05,0.95,0.95
18956,1,1,1,0.015,0.985,0.985
2682,0,0,1,0.99,0.01,0.99
15360,1,1,1,0.075,0.925,0.925
3194,0,0,1,0.99,0.01,0.99
9533,0,0,1,1.0,0.0,1.0
12612,1,1,1,0.0,1.0,1.0
1926,0,0,1,0.885,0.115,0.885
12714,1,1,1,0.0,1.0,1.0
16918,1,0,0,0.72,0.28,0.72
9022,0,0,1,1.0,0.0,1.0
13569,1,1,1,0.0,1.0,1.0
9299,0,0,1,0.995,0.005,0.995
8203,0,0,1,0.63,0.37,0.63
1710,0,0,1,0.975,0.025,0.975
6631,0,0,1,0.805,0.195,0.805
16792,1,1,1,0.4,0.6,0.6
9891,0,0,1,1.0,0.0,1.0
5552,0,0,1,0.97,0.03,0.97
1970,0,0,1,0.985,0.015,0.985
138,0,0,1,0.955,0.045,0.955
14561,1,1,1,0.085,0.915,0.915
7130,0,0,1,0.775,0.225,0.775
18761,1,1,1,0.02,0.98,0.98
13666,1,1,1,0.0,1.0,1.0
12543,1,1,1,0.0,1.0,1.0
1013,0,0,1,0.805,0.195,0.805
6662,0,0,1,0.87,0.13,0.87
6635,0,0,1,0.94,0.06,0.94
12188,1,1,1,0.0,1.0,1.0
14417,1,1,1,0.035,0.965,0.965
11761,1,1,1,0.0,1.0,1.0
5595,0,1,0,0.035,0.965,0.965
13167,1,1,1,0.0,1.0,1.0
5272,0,0,1,0.97,0.03,0.97
17050,1,0,0,0.815,0.185,0.815
13723,1,1,1,0.0,1.0,1.0
14524,1,1,1,0.0,1.0,1.0
13975,1,1,1,0.025,0.975,0.975
17088,1,0,0,0.935,0.065,0.935
4993,0,0,1,0.79,0.21,0.79
7408,0,0,1,0.905,0.095,0.905
17242,1,0,0,0.63,0.37,0.63
1250,0,0,1,0.905,0.095,0.905
4913,0,0,1,0.815,0.185,0.815
4642,0,0,1,0.96,0.04,0.96
6784,0,0,1,0.99,0.01,0.99
10836,1,1,1,0.0,1.0,1.0
9820,0,0,1,1.0,0.0,1.0
6878,0,0,1,0.995,0.005,0.995
8214,0,0,1,0.945,0.055,0.945
15266,1,1,1,0.225,0.775,0.775
16693,1,1,1,0.02,0.98,0.98
3135,0,0,1,0.86,0.14,0.86
2588,0,0,1,1.0,0.0,1.0
2061,0,0,1,0.99,0.01,0.99
14811,1,1,1,0.005,0.995,0.995
9736,0,0,1,0.905,0.095,0.905
10197,1,1,1,0.0,1.0,1.0
341,0,1,0,0.485,0.515,0.515
6108,0,0,1,0.855,0.145,0.855
6286,0,0,1,1.0,0.0,1.0
13657,1,1,1,0.005,0.995,0.995
15056,1,1,1,0.015,0.985,0.985
11122,1,1,1,0.0,1.0,1.0
16385,1,0,0,0.685,0.315,0.685
19580,1,1,1,0.0,1.0,1.0
14625,1,1,1,0.08,0.92,0.92
10041,1,1,1,0.0,1.0,1.0
14631,1,1,1,0.015,0.985,0.985
10891,1,1,1,0.0,1.0,1.0
16077,1,0,0,0.865,0.135,0.865
10452,1,1,1,0.0,1.0,1.0
5887,0,0,1,0.89,0.11,0.89
9164,0,0,1,1.0,0.0,1.0
17002,1,0,0,0.515,0.485,0.515
2695,0,0,1,0.985,0.015,0.985
1215,0,0,1,0.99,0.01,0.99
527,0,0,1,0.67,0.33,0.67
18886,1,1,1,0.01,0.99,0.99
1334,0,0,1,0.915,0.085,0.915
12468,1,1,1,0.0,1.0,1.0
10630,1,1,1,0.0,1.0,1.0
10308,1,1,1,0.0,1.0,1.0
2780,0,0,1,0.99,0.01,0.99
9744,0,0,1,1.0,0.0,1.0
15198,1,1,1,0.045,0.955,0.955
18263,1,1,1,0.04,0.96,0.96
18317,1,1,1,0.015,0.985,0.985
3934,0,0,1,0.97,0.03,0.97
7278,0,0,1,0.94,0.06,0.94
7442,0,0,1,0.975,0.025,0.975
3162,0,0,1,0.93,0.07,0.93
14061,1,1,1,0.0,1.0,1.0
13642,1,1,1,0.0,1.0,1.0
3688,0,0,1,0.985,0.015,0.985
6971,0,0,1,0.96,0.04,0.96
687,0,0,1,0.9,0.1,0.9
4531,0,0,1,0.95,0.05,0.95
4831,0,0,1,0.98,0.02,0.98
921,0,1,0,0.065,0.935,0.935
3451,0,0,1,0.955,0.045,0.955
17971,1,1,1,0.0,1.0,1.0
6062,0,0,1,0.675,0.325,0.675
10924,1,1,1,0.0,1.0,1.0
19222,1,1,1,0.03,0.97,0.97
9970,0,0,1,1.0,0.0,1.0
4683,0,0,1,0.775,0.225,0.775
3824,0,0,1,1.0,0.0,1.0
11284,1,1,1,0.0,1.0,1.0
13287,1,1,1,0.0,1.0,1.0
2953,0,0,1,1.0,0.0,1.0
1443,0,0,1,0.925,0.075,0.925
4149,0,0,1,1.0,0.0,1.0
15706,1,1,1,0.01,0.99,0.99
13774,1,1,1,0.0,1.0,1.0
3122,0,0,1,1.0,0.0,1.0
4100,0,0,1,1.0,0.0,1.0
8428,0,0,1,0.995,0.005,0.995
10959,1,1,1,0.01,0.99,0.99
14914,1,1,1,0.02,0.98,0.98
14143,1,1,1,0.0,1.0,1.0
17768,1,1,1,0.09,0.91,0.91
4235,0,0,1,0.92,0.08,0.92
8801,0,0,1,1.0,0.0,1.0
17466,1,1,1,0.205,0.795,0.795
15914,1,1,1,0.005,0.995,0.995
16224,1,1,1,0.43,0.57,0.57
10859,1,1,1,0.0,1.0,1.0
17730,1,1,1,0.1,0.9,0.9
1168,0,0,1,0.99,0.01,0.99
9444,0,0,1,0.995,0.005,0.995
6986,0,0,1,0.93,0.07,0.93
7791,0,0,1,1.0,0.0,1.0
7784,0,0,1,1.0,0.0,1.0
9459,0,0,1,0.9,0.1,0.9
17956,1,1,1,0.115,0.885,0.885
10369,1,1,1,0.0,1.0,1.0
3040,0,0,1,0.985,0.015,0.985
15748,1,1,1,0.0,1.0,1.0
6669,0,0,1,0.925,0.075,0.925
10100,1,1,1,0.0,1.0,1.0
8045,0,0,1,1.0,0.0,1.0
1803,0,0,1,0.99,0.01,0.99
6411,0,0,1,0.975,0.025,0.975
12423,1,1,1,0.0,1.0,1.0
6791,0,0,1,0.975,0.025,0.975
4242,0,0,1,1.0,0.0,1.0
16549,1,0,0,0.915,0.085,0.915
12711,1,1,1,0.0,1.0,1.0
9492,0,0,1,1.0,0.0,1.0
2050,0,0,1,1.0,0.0,1.0
7083,0,0,1,0.995,0.005,0.995
17649,1,1,1,0.31,0.69,0.69
11275,1,1,1,0.0,1.0,1.0
17241,1,1,1,0.12,0.88,0.88
6066,0,0,1,0.91,0.09,0.91
14062,1,1,1,0.01,0.99,0.99
14642,1,1,1,0.0,1.0,1.0
5229,0,1,0,0.315,0.685,0.685
13784,1,1,1,0.01,0.99,0.99
4816,0,0,1,0.95,0.05,0.95
11636,1,1,1,0.0,1.0,1.0
126,0,0,1,0.97,0.03,0.97
10007,1,1,1,0.0,1.0,1.0
12264,1,1,1,0.0,1.0,1.0
8668,0,0,1,1.0,0.0,1.0
278,0,0,1,0.99,0.01,0.99
18219,1,1,1,0.015,0.985,0.985
19054,1,1,1,0.0,1.0,1.0
1368,0,0,1,0.85,0.15,0.85
9591,0,0,1,1.0,0.0,1.0
8156,0,0,1,0.975,0.025,0.975
8473,0,0,1,1.0,0.0,1.0
5193,0,0,1,0.92,0.08,0.92
19698,1,1,1,0.005,0.995,0.995
6995,0,0,1,0.97,0.03,0.97
14780,1,1,1,0.01,0.99,0.99
12943,1,1,1,0.0,1.0,1.0
615,0,0,1,0.97,0.03,0.97
5329,0,0,1,0.99,0.01,0.99
18442,1,1,1,0.0,1.0,1.0
1067,0,0,1,1.0,0.0,1.0
19675,1,1,1,0.0,1.0,1.0
99,0,0,1,0.93,0.07,0.93
11985,1,1,1,0.0,1.0,1.0
1524,0,0,1,0.99,0.01,0.99
3453,0,0,1,0.985,0.015,0.985
16964,1,1,1,0.125,0.875,0.875
11674,1,1,1,0.0,1.0,1.0
11702,1,1,1,0.0,1.0,1.0
19234,1,1,1,0.025,0.975,0.975
11246,1,1,1,0.0,1.0,1.0
954,0,0,1,1.0,0.0,1.0
3960,0,0,1,0.985,0.015,0.985
8054,0,0,1,0.995,0.005,0.995
12025,1,1,1,0.0,1.0,1.0
2852,0,0,1,0.985,0.015,0.985
19159,1,1,1,0.005,0.995,0.995
14267,1,1,1,0.0,1.0,1.0
18242,1,1,1,0.0,1.0,1.0
2551,0,0,1,0.875,0.125,0.875
12653,1,1,1,0.0,1.0,1.0
8555,0,0,1,1.0,0.0,1.0
9386,0,0,1,0.995,0.005,0.995
18747,1,1,1,0.015,0.985,0.985
11686,1,1,1,0.005,0.995,0.995
15304,1,1,1,0.0,1.0,1.0
7114,0,0,1,0.98,0.02,0.98
12323,1,1,1,0.0,1.0,1.0
667,0,0,1,0.98,0.02,0.98
13289,1,1,1,0.0,1.0,1.0
17284,1,1,1,0.085,0.915,0.915
8702,0,0,1,0.99,0.01,0.99
18637,1,1,1,0.0,1.0,1.0
7380,0,0,1,0.98,0.02,0.98
10354,1,1,1,0.0,1.0,1.0
9254,0,0,1,1.0,0.0,1.0
19529,1,1,1,0.0,1.0,1.0
1525,0,0,1,0.99,0.01,0.99
14008,1,1,1,0.0,1.0,1.0
13322,1,1,1,0.025,0.975,0.975
10083,1,1,1,0.0,1.0,1.0
13365,1,1,1,0.0,1.0,1.0
16613,1,0,0,0.79,0.21,0.79
1219,0,0,1,1.0,0.0,1.0
5210,0,0,1,0.93,0.07,0.93
6935,0,0,1,0.915,0.085,0.915
4240,0,1,0,0.49,0.51,0.51
17709,1,1,1,0.03,0.97,0.97
15791,1,1,1,0.0,1.0,1.0
11224,1,1,1,0.0,1.0,1.0
13228,1,1,1,0.045,0.955,0.955
6822,0,0,1,0.875,0.125,0.875
15660,1,1,1,0.005,0.995,0.995
8474,0,0,1,1.0,0.0,1.0
11920,1,1,1,0.0,1.0,1.0
12170,1,1,1,0.005,0.995,0.995
6989,0,0,1,0.995,0.005,0.995
6117,0,0,1,0.965,0.035,0.965
8322,0,0,1,0.97,0.03,0.97
8309,0,0,1,1.0,0.0,1.0
13768,1,1,1,0.005,0.995,0.995
11610,1,1,1,0.005,0.995,0.995
13875,1,1,1,0.0,1.0,1.0
12511,1,1,1,0.0,1.0,1.0
14768,1,1,1,0.01,0.99,0.99
2514,0,0,1,0.99,0.01,0.99
12563,1,1,1,0.0,1.0,1.0
3556,0,0,1,0.995,0.005,0.995
6098,0,0,1,0.93,0.07,0.93
13461,1,1,1,0.0,1.0,1.0
893,0,0,1,1.0,0.0,1.0
2083,0,0,1,0.835,0.165,0.835
9786,0,0,1,1.0,0.0,1.0
8793,0,0,1,0.96,0.04,0.96
4178,0,0,1,0.975,0.025,0.975
12434,1,1,1,0.0,1.0,1.0
10980,1,1,1,0.005,0.995,0.995
8616,0,0,1,0.995,0.005,0.995
5177,0,0,1,1.0,0.0,1.0
13214,1,1,1,0.13,0.87,0.87
8510,0,0,1,1.0,0.0,1.0
14301,1,1,1,0.01,0.99,0.99
17332,1,1,1,0.07,0.93,0.93
14721,1,1,1,0.01,0.99,0.99
18105,1,1,1,0.0,1.0,1.0
7892,0,0,1,1.0,0.0,1.0
15516,1,1,1,0.0,1.0,1.0
4655,0,0,1,0.975,0.025,0.975
16409,1,0,0,0.65,0.35,0.65
825,0,0,1,0.975,0.025,0.975
4408,0,0,1,0.99,0.01,0.99
6928,0,0,1,0.945,0.055,0.945
11739,1,1,1,0.0,1.0,1.0
668,0,0,1,0.84,0.16,0.84
4651,0,0,1,0.99,0.01,0.99
364,0,0,1,1.0,0.0,1.0
10857,1,1,1,0.0,1.0,1.0
2609,0,0,1,0.855,0.145,0.855
4442,0,0,1,0.985,0.015,0.985
1099,0,0,1,0.93,0.07,0.93
8393,0,0,1,1.0,0.0,1.0
5726,0,0,1,0.5,0.5,0.5
7565,0,0,1,1.0,0.0,1.0
9291,0,0,1,1.0,0.0,1.0
1178,0,0,1,0.985,0.015,0.985
13138,1,1,1,0.0,1.0,1.0
12768,1,1,1,0.0,1.0,1.0
237,0,0,1,0.775,0.225,0.775
2409,0,0,1,0.82,0.18,0.82
6861,0,1,0,0.455,0.545,0.545
19370,1,1,1,0.0,1.0,1.0
6423,0,0,1,0.85,0.15,0.85
7352,0,0,1,0.99,0.01,0.99
16828,1,1,1,0.31,0.69,0.69
11418,1,1,1,0.0,1.0,1.0
8059,0,0,1,1.0,0.0,1.0
11737,1,1,1,0.0,1.0,1.0
8528,0,0,1,1.0,0.0,1.0
7618,0,0,1,1.0,0.0,1.0
4120,0,0,1,0.92,0.08,0.92
6622,0,0,1,0.99,0.01,0.99
10370,1,1,1,0.0,1.0,1.0
19750,1,1,1,0.0,1.0,1.0
9653,0,0,1,1.0,0.0,1.0
11457,1,1,1,0.0,1.0,1.0
17299,1,1,1,0.035,0.965,0.965
9648,0,0,1,1.0,0.0,1.0
2384,0,0,1,0.935,0.065,0.935
5747,0,0,1,0.995,0.005,0.995
14868,1,1,1,0.01,0.99,0.99
12982,1,1,1,0.0,1.0,1.0
14069,1,1,1,0.015,0.985,0.985
233,0,0,1,0.82,0.18,0.82
12235,1,1,1,0.065,0.935,0.935
6810,0,0,1,0.985,0.015,0.985
16919,1,1,1,0.22,0.78,0.78
6931,0,0,1,1.0,0.0,1.0
2976,0,0,1,0.99,0.01,0.99
3542,0,0,1,0.955,0.045,0.955
5951,0,0,1,0.945,0.055,0.945
15619,1,1,1,0.0,1.0,1.0
1640,0,0,1,0.98,0.02,0.98
1664,0,0,1,0.965,0.035,0.965
10307,1,1,1,0.0,1.0,1.0
18954,1,1,1,0.0,1.0,1.0
18437,1,1,1,0.005,0.995,0.995
10451,1,1,1,0.0,1.0,1.0
10202,1,1,1,0.005,0.995,0.995
18487,1,1,1,0.005,0.995,0.995
3092,0,0,1,0.945,0.055,0.945
19211,1,0,0,0.54,0.46,0.54
7560,0,0,1,1.0,0.0,1.0
5429,0,0,1,0.995,0.005,0.995
14958,1,1,1,0.075,0.925,0.925
18713,1,1,1,0.0,1.0,1.0
11177,1,1,1,0.0,1.0,1.0
17052,1,1,1,0.215,0.785,0.785
18203,1,1,1,0.13,0.87,0.87
18285,1,1,1,0.29,0.71,0.71
18297,1,1,1,0.045,0.955,0.955
14027,1,1,1,0.0,1.0,1.0
4208,0,0,1,0.99,0.01,0.99
16600,1,1,1,0.405,0.595,0.595
16998,1,0,0,0.545,0.455,0.545
6015,0,0,1,0.99,0.01,0.99
5409,0,0,1,0.91,0.09,0.91
7940,0,0,1,0.99,0.01,0.99
7981,0,0,1,0.96,0.04,0.96
5208,0,0,1,0.97,0.03,0.97
14690,1,1,1,0.005,0.995,0.995
6089,0,0,1,0.94,0.06,0.94
13142,1,1,1,0.0,1.0,1.0
2560,0,0,1,0.925,0.075,0.925
2494,0,0,1,0.585,0.415,0.585
3470,0,0,1,0.61,0.39,0.61
6716,0,0,1,0.965,0.035,0.965
1436,0,0,1,0.93,0.07,0.93
9973,0,0,1,1.0,0.0,1.0
3737,0,0,1,0.97,0.03,0.97
18145,1,1,1,0.06,0.94,0.94
4616,0,0,1,0.99,0.01,0.99
1149,0,0,1,0.67,0.33,0.67
17755,1,1,1,0.045,0.955,0.955
14896,1,1,1,0.09,0.91,0.91
10221,1,1,1,0.0,1.0,1.0
2877,0,0,1,0.985,0.015,0.985
90,0,0,1,0.905,0.095,0.905
3490,0,0,1,0.965,0.035,0.965
10040,1,1,1,0.0,1.0,1.0
9748,0,0,1,1.0,0.0,1.0
10433,1,1,1,0.0,1.0,1.0
18785,1,1,1,0.0,1.0,1.0
11098,1,1,1,0.0,1.0,1.0
17757,1,1,1,0.09,0.91,0.91
15305,1,0,0,0.61,0.39,0.61
7588,0,0,1,0.995,0.005,0.995
7649,0,0,1,1.0,0.0,1.0
3687,0,0,1,0.955,0.045,0.955
12200,1,1,1,0.005,0.995,0.995
13734,1,1,1,0.005,0.995,0.995
19840,1,1,1,0.0,1.0,1.0
8227,0,0,1,0.97,0.03,0.97
7173,0,0,1,0.97,0.03,0.97
7706,0,0,1,1.0,0.0,1.0
4470,0,0,1,1.0,0.0,1.0
17970,1,1,1,0.085,0.915,0.915
5591,0,0,1,0.99,0.01,0.99
9541,0,0,1,0.99,0.01,0.99
10005,1,1,1,0.0,1.0,1.0
5110,0,0,1,0.96,0.04,0.96
792,0,0,1,0.755,0.245,0.755
9161,0,0,1,1.0,0.0,1.0
1793,0,0,1,0.86,0.14,0.86
12617,1,1,1,0.0,1.0,1.0
16666,1,1,1,0.465,0.535,0.535
19707,1,1,1,0.0,1.0,1.0
