id,true_label,predicted_label,correct,prob_Stationary,prob_Non-Stationary,confidence
4028,0,0,1,0.9964563,0.0035436817,0.9964563
6994,0,0,1,0.99994624,5.3776777e-05,0.99994624
5539,0,0,1,0.9999769,2.3131468e-05,0.9999769
1059,0,0,1,0.99938303,0.00061698246,0.99938303
15114,1,1,1,0.0152391195,0.9847609,0.9847609
18510,1,1,1,1.3232231e-05,0.99998677,0.99998677
7303,0,0,1,0.99999094,9.061279e-06,0.99999094
9115,0,0,1,0.9999996,3.9711767e-07,0.9999996
16867,1,1,1,0.0029461384,0.99705386,0.99705386
10129,1,1,1,1.2278557e-05,0.9999877,0.9999877
10651,1,1,1,3.3140182e-05,0.99996686,0.99996686
11839,1,1,1,6.0796738e-06,0.9999939,0.9999939
1799,0,0,1,0.9999954,4.5800957e-06,0.9999954
9515,0,0,1,0.99997395,2.6065287e-05,0.99997395
3945,0,0,1,0.9960385,0.003961493,0.9960385
9638,0,0,1,0.99999994,5.7649938e-08,0.99999994
4925,0,0,1,0.9997998,0.00020018652,0.9997998
6535,0,0,1,0.99613744,0.0038625454,0.99613744
19709,1,1,1,0.00042802095,0.999572,0.999572
4316,0,0,1,0.99998707,1.2906942e-05,0.99998707
7575,0,0,1,0.99999833,1.6702987e-06,0.99999833
1954,0,0,1,0.99995375,4.6253062e-05,0.99995375
17019,1,1,1,7.748604e-06,0.99999225,0.99999225
7828,0,0,1,0.9999952,4.8390393e-06,0.9999952
15702,1,1,1,8.34465e-07,0.99999917,0.99999917
19026,1,1,1,3.349781e-05,0.9999665,0.9999665
9168,0,0,1,0.99999976,2.630331e-07,0.99999976
11594,1,1,1,2.2649765e-06,0.99999774,0.99999774
9777,0,0,1,0.99999887,1.144099e-06,0.99999887
18920,1,1,1,2.8967857e-05,0.99997103,0.99997103
987,0,0,1,0.9994733,0.00052672677,0.9994733
2803,0,0,1,0.99997973,2.0261177e-05,0.99997973
13514,1,1,1,1.7046928e-05,0.99998295,0.99998295
14442,1,1,1,7.1525574e-07,0.9999993,0.9999993
17473,1,1,1,5.221367e-05,0.9999478,0.9999478
3528,0,0,1,0.99674124,0.0032587426,0.99674124
10642,1,1,1,2.2411346e-05,0.9999776,0.9999776
6938,0,0,1,0.9995898,0.00041022277,0.9995898
4587,0,0,1,0.9998262,0.00017380512,0.9998262
3358,0,0,1,0.9988419,0.0011581166,0.9988419
14132,1,1,1,0.0,1.0,1.0
4397,0,0,1,0.99937534,0.0006246444,0.99937534
10063,1,1,1,3.8146973e-06,0.9999962,0.9999962
14927,1,1,1,7.665157e-05,0.99992335,0.99992335
11887,1,1,1,3.8146973e-06,0.9999962,0.9999962
18036,1,1,1,0.0009379983,0.999062,0.999062
1301,0,0,1,0.9998463,0.00015374628,0.9998463
226,0,0,1,0.999377,0.0006230032,0.999377
10834,1,1,1,0.0001219511,0.99987805,0.99987805
11690,1,1,1,6.0796738e-06,0.9999939,0.9999939
14471,1,1,1,0.003653109,0.9963469,0.9963469
3950,0,0,1,0.99996614,3.382959e-05,0.99996614
15008,1,1,1,0.0026560426,0.99734396,0.99734396
2492,0,0,1,0.8730965,0.12690347,0.8730965
7356,0,0,1,0.9993475,0.0006525074,0.9993475
3073,0,0,1,0.9998763,0.00012367529,0.9998763
8829,0,0,1,0.999989,1.1001562e-05,0.999989
6577,0,0,1,0.99993193,6.808773e-05,0.99993193
7339,0,0,1,0.99999154,8.456814e-06,0.99999154
4274,0,0,1,0.9997711,0.00022888172,0.9997711
15594,1,1,1,1.1920929e-07,0.9999999,0.9999999
15851,1,1,1,0.0,1.0,1.0
13707,1,1,1,1.2278557e-05,0.9999877,0.9999877
7980,0,0,1,0.998823,0.001176984,0.998823
13513,1,1,1,9.262562e-05,0.9999074,0.9999074
3689,0,0,1,0.9999261,7.3914794e-05,0.9999261
18519,1,1,1,5.1379204e-05,0.9999486,0.9999486
10868,1,1,1,5.4001808e-05,0.999946,0.999946
3900,0,0,1,0.9998798,0.00012020832,0.9998798
15528,1,1,1,4.7683716e-07,0.9999995,0.9999995
14948,1,1,1,0.13389248,0.8661075,0.8661075
3423,0,0,1,0.9999888,1.1217327e-05,0.9999888
18900,1,1,1,2.1457672e-06,0.99999785,0.99999785
17511,1,1,1,1.9550323e-05,0.99998045,0.99998045
17666,1,1,1,0.07173586,0.92826414,0.92826414
12727,1,1,1,2.503395e-06,0.9999975,0.9999975
8413,0,0,1,0.9999959,4.0931377e-06,0.9999959
10153,1,1,1,4.053116e-06,0.99999595,0.99999595
6222,0,0,1,0.99999034,9.653396e-06,0.99999034
8513,0,0,1,0.9999993,7.380756e-07,0.9999993
9943,0,0,1,0.9999967,3.2817093e-06,0.9999967
14976,1,1,1,0.00056785345,0.99943215,0.99943215
14337,1,1,1,1.1920929e-07,0.9999999,0.9999999
9641,0,0,1,0.9999994,6.241111e-07,0.9999994
12286,1,1,1,2.2649765e-06,0.99999774,0.99999774
18996,1,0,0,0.8250878,0.17491218,0.8250878
7680,0,0,1,0.9999968,3.2321996e-06,0.9999968
13959,1,1,1,0.0,1.0,1.0
7576,0,0,1,0.99999857,1.4540666e-06,0.99999857
15336,1,1,1,2.3961067e-05,0.99997604,0.99997604
11808,1,1,1,4.887581e-06,0.9999951,0.9999951
5650,0,0,1,0.9689975,0.03100254,0.9689975
11564,1,1,1,6.3180923e-06,0.9999937,0.9999937
12453,1,1,1,2.6226044e-06,0.9999974,0.9999974
16837,1,0,0,0.9926498,0.0073502124,0.9926498
12845,1,1,1,0.0012125373,0.99878746,0.99878746
2874,0,0,1,0.99990577,9.425629e-05,0.99990577
2350,0,0,1,0.99997336,2.6661082e-05,0.99997336
1977,0,0,1,0.99919087,0.0008091447,0.99919087
11921,1,1,1,2.9802322e-06,0.999997,0.999997
5159,0,0,1,0.99997,2.9955156e-05,0.99997
13507,1,1,1,2.7418137e-06,0.99999726,0.99999726
17848,1,1,1,0.00019282103,0.9998072,0.9998072
12759,1,1,1,1.3947487e-05,0.99998605,0.99998605
18214,1,1,1,0.0005117655,0.99948823,0.99948823
4606,0,0,1,0.99996203,3.7960428e-05,0.99996203
13286,1,1,1,0.002082169,0.99791783,0.99791783
353,0,0,1,0.99998707,1.2924814e-05,0.99998707
17754,1,1,1,4.9471855e-05,0.9999505,0.9999505
2838,0,0,1,0.99959177,0.0004082544,0.99959177
4718,0,0,1,0.99959826,0.00040174808,0.99959826
9397,0,0,1,0.9979171,0.0020829074,0.9979171
2397,0,0,1,0.999653,0.0003470408,0.999653
9088,0,0,1,0.9999994,5.8216347e-07,0.9999994
9855,0,0,1,0.9998157,0.00018427221,0.9998157
19873,1,1,1,1.4305115e-06,0.99999857,0.99999857
3038,0,0,1,0.8488816,0.15111837,0.8488816
18381,1,1,1,2.9802322e-06,0.999997,0.999997
4530,0,0,1,0.9999181,8.1873564e-05,0.9999181
225,0,0,1,0.99992543,7.458802e-05,0.99992543
918,0,0,1,0.99436194,0.0056380364,0.99436194
2052,0,0,1,0.9998774,0.00012261939,0.9998774
10497,1,1,1,4.172325e-05,0.9999583,0.9999583
14759,1,1,1,5.9604645e-07,0.9999994,0.9999994
12209,1,1,1,4.1604042e-05,0.9999584,0.9999584
19680,1,1,1,5.00679e-06,0.999995,0.999995
7134,0,0,1,0.9991599,0.0008401113,0.9991599
1931,0,0,1,0.9999874,1.259619e-05,0.9999874
15897,1,1,1,1.7881393e-06,0.9999982,0.9999982
18035,1,1,1,0.00014925003,0.99985075,0.99985075
16616,1,1,1,0.00018316507,0.99981683,0.99981683
3636,0,0,1,0.9993435,0.0006565052,0.9993435
8952,0,0,1,0.9996219,0.00037810154,0.9996219
1532,0,0,1,0.82136357,0.1786364,0.82136357
18680,1,1,1,1.3113022e-05,0.9999869,0.9999869
10432,1,1,1,4.4345856e-05,0.99995565,0.99995565
5238,0,1,0,0.40974402,0.590256,0.590256
5054,0,0,1,0.999052,0.00094800245,0.999052
18648,1,1,1,3.695488e-06,0.9999963,0.9999963
17177,1,1,1,0.01759249,0.9824075,0.9824075
6677,0,1,0,0.012053549,0.98794645,0.98794645
12213,1,1,1,0.00011587143,0.9998841,0.9998841
14157,1,1,1,9.536743e-07,0.99999905,0.99999905
78,0,0,1,0.99988157,0.00011841567,0.99988157
2711,0,0,1,0.99277294,0.0072270753,0.99277294
11777,1,1,1,5.00679e-06,0.999995,0.999995
16806,1,1,1,0.0004284978,0.9995715,0.9995715
1287,0,0,1,0.999953,4.7011126e-05,0.999953
14705,1,1,1,1.0728836e-06,0.9999989,0.9999989
18027,1,1,1,1.1086464e-05,0.9999889,0.9999889
11894,1,1,1,4.2915344e-06,0.9999957,0.9999957
2905,0,0,1,0.9960134,0.003986579,0.9960134
19239,1,1,1,3.5762787e-07,0.99999964,0.99999964
15192,1,1,1,0.00046253204,0.99953747,0.99953747
3455,0,0,1,0.9996047,0.00039532504,0.9996047
19070,1,1,1,1.1920929e-05,0.9999881,0.9999881
14726,1,1,1,1.180172e-05,0.9999882,0.9999882
7726,0,0,1,0.9999925,7.4943514e-06,0.9999925
5036,0,0,1,0.9886259,0.011374121,0.9886259
15239,1,1,1,0.14099842,0.8590016,0.8590016
13334,1,1,1,0.00906086,0.99093914,0.99093914
2206,0,0,1,0.997953,0.002046983,0.997953
162,0,0,1,0.98494995,0.015050071,0.98494995
16671,1,1,1,2.9921532e-05,0.9999701,0.9999701
7407,0,0,1,0.99998605,1.39511785e-05,0.99998605
8006,0,0,1,0.999996,3.999312e-06,0.999996
6059,0,0,1,0.9998916,0.00010844024,0.9998916
11913,1,1,1,3.8146973e-06,0.9999962,0.9999962
18677,1,1,1,5.2452087e-06,0.99999475,0.99999475
7715,0,0,1,0.99999815,1.8252915e-06,0.99999815
2103,0,0,1,0.99691844,0.0030815643,0.99691844
4171,0,0,1,0.99942493,0.00057508424,0.99942493
1501,0,0,1,0.99996006,3.993023e-05,0.99996006
6741,0,0,1,0.99962234,0.0003776835,0.99962234
8464,0,0,1,0.99999726,2.7406154e-06,0.99999726
375,0,0,1,0.9995024,0.0004975593,0.9995024
16879,1,1,1,0.16924852,0.8307515,0.8307515
964,0,0,1,0.9999132,8.676267e-05,0.9999132
8018,0,0,1,0.99972713,0.0002728444,0.99972713
17023,1,1,1,2.503395e-05,0.99997497,0.99997497
5841,0,0,1,0.9418273,0.05817269,0.9418273
3981,0,0,1,0.9999966,3.411718e-06,0.9999966
1602,0,0,1,0.9007713,0.09922867,0.9007713
1896,0,0,1,0.9997889,0.0002110949,0.9997889
10650,1,1,1,1.0251999e-05,0.99998975,0.99998975
11614,1,1,1,3.9339066e-06,0.99999607,0.99999607
5462,0,0,1,0.99999356,6.4233122e-06,0.99999356
5808,0,0,1,0.9998608,0.00013917733,0.9998608
14032,1,1,1,3.0755997e-05,0.99996924,0.99996924
19147,1,1,1,1.66893e-06,0.99999833,0.99999833
17442,1,1,1,0.0021204948,0.9978795,0.9978795
7814,0,0,1,0.9999978,2.1979426e-06,0.9999978
2383,0,0,1,0.99996156,3.8441805e-05,0.99996156
14034,1,1,1,1.1920929e-07,0.9999999,0.9999999
12976,1,1,1,0.015113771,0.9848862,0.9848862
7547,0,0,1,0.9999957,4.2811353e-06,0.9999957
19410,1,1,1,0.00011742115,0.9998826,0.9998826
9564,0,0,1,0.9999995,4.7618278e-07,0.9999995
10292,1,1,1,1.3113022e-06,0.9999987,0.9999987
8097,0,0,1,0.9999976,2.3988944e-06,0.9999976
13646,1,1,1,1.9073486e-06,0.9999981,0.9999981
14685,1,1,1,5.9604645e-07,0.9999994,0.9999994
3701,0,0,1,0.9981952,0.0018048123,0.9981952
4045,0,0,1,0.99997294,2.7042184e-05,0.99997294
9184,0,0,1,0.999998,2.0279033e-06,0.999998
19730,1,1,1,6.198883e-06,0.9999938,0.9999938
9522,0,0,1,0.9999963,3.6974338e-06,0.9999963
1824,0,0,1,0.9999731,2.688346e-05,0.9999731
5822,0,0,1,0.99989784,0.00010216055,0.99989784
8153,0,0,1,0.9999985,1.483389e-06,0.9999985
10637,1,1,1,9.417534e-06,0.9999906,0.9999906
13670,1,1,1,4.7683716e-06,0.99999523,0.99999523
18647,1,1,1,3.695488e-05,0.99996305,0.99996305
4791,0,0,1,0.9983051,0.001694921,0.9983051
12840,1,1,1,1.4901161e-05,0.9999851,0.9999851
2556,0,0,1,0.999736,0.0002639946,0.999736
4778,0,0,1,0.99980253,0.0001974936,0.99980253
9087,0,0,1,0.9999993,7.2618667e-07,0.9999993
12364,1,1,1,4.053116e-06,0.99999595,0.99999595
13986,1,1,1,1.1920929e-07,0.9999999,0.9999999
3246,0,0,1,0.99525404,0.004745934,0.99525404
12767,1,1,1,1.7881393e-06,0.9999982,0.9999982
330,0,0,1,0.9991519,0.00084809685,0.9991519
1764,0,0,1,0.99995476,4.5256696e-05,0.99995476
18380,1,1,1,0.00053709745,0.9994629,0.9994629
12883,1,1,1,3.33786e-06,0.99999666,0.99999666
12842,1,1,1,3.2424927e-05,0.9999676,0.9999676
7466,0,0,1,0.9984033,0.0015966942,0.9984033
5942,0,0,1,0.9993874,0.0006126153,0.9993874
14309,1,1,1,9.536743e-07,0.99999905,0.99999905
2896,0,0,1,0.9999453,5.4725053e-05,0.9999453
15387,1,1,1,0.00017291307,0.9998271,0.9998271
7988,0,0,1,0.9999998,1.8756583e-07,0.9999998
6636,0,0,1,0.99869627,0.0013037273,0.99869627
10258,1,1,1,1.7642975e-05,0.99998236,0.99998236
9922,0,0,1,0.9999997,3.206626e-07,0.9999997
8767,0,0,1,0.99989873,0.000101283775,0.99989873
10023,1,1,1,1.859665e-05,0.9999814,0.9999814
9468,0,0,1,0.99999976,2.3982074e-07,0.99999976
3758,0,0,1,0.9999931,6.942445e-06,0.9999931
17454,1,1,1,2.0861626e-05,0.99997914,0.99997914
1869,0,0,1,0.99875844,0.0012415444,0.99875844
14064,1,1,1,9.179115e-06,0.9999908,0.9999908
13753,1,1,1,0.008061945,0.99193805,0.99193805
10763,1,1,1,8.940697e-06,0.99999106,0.99999106
12858,1,1,1,1.9907951e-05,0.9999801,0.9999801
11858,1,1,1,8.1419945e-05,0.9999186,0.9999186
6858,0,0,1,0.99988115,0.00011882751,0.99988115
14992,1,0,0,0.83329284,0.16670719,0.83329284
14343,1,1,1,1.1920929e-07,0.9999999,0.9999999
159,0,0,1,0.9999601,3.9904156e-05,0.9999601
11114,1,1,1,0.00015866756,0.99984133,0.99984133
5764,0,0,1,0.9999058,9.415217e-05,0.9999058
5295,0,0,1,0.99974316,0.00025681366,0.99974316
12919,1,1,1,2.861023e-06,0.99999714,0.99999714
10077,1,1,1,8.189678e-05,0.9999181,0.9999181
11874,1,1,1,3.0994415e-06,0.9999969,0.9999969
2640,0,0,1,0.99995625,4.375869e-05,0.99995625
6747,0,0,1,0.9996391,0.00036092778,0.9996391
3872,0,0,1,0.8518605,0.14813945,0.8518605
15830,1,1,1,1.1920929e-06,0.9999988,0.9999988
413,0,0,1,0.8856612,0.11433883,0.8856612
13851,1,1,1,0.0050724745,0.9949275,0.9949275
17060,1,1,1,0.14696431,0.8530357,0.8530357
12781,1,1,1,9.179115e-06,0.9999908,0.9999908
7201,0,0,1,0.999784,0.00021599473,0.999784
11443,1,1,1,1.13248825e-05,0.9999887,0.9999887
19874,1,1,1,5.9843063e-05,0.99994016,0.99994016
11693,1,1,1,2.7418137e-06,0.99999726,0.99999726
8228,0,0,1,0.99999905,9.3932425e-07,0.99999905
18613,1,1,1,0.0010176301,0.99898237,0.99898237
5209,0,0,1,0.9999442,5.5811375e-05,0.9999442
8943,0,0,1,0.9999984,1.5951331e-06,0.9999984
2707,0,0,1,0.9997869,0.00021310567,0.9997869
12370,1,1,1,5.1259995e-06,0.9999949,0.9999949
18033,1,1,1,0.008532882,0.9914671,0.9914671
13868,1,1,1,9.894371e-06,0.9999901,0.9999901
15277,1,1,1,0.0004336238,0.9995664,0.9995664
11375,1,1,1,3.33786e-06,0.99999666,0.99999666
3586,0,0,1,0.9999536,4.634941e-05,0.9999536
9437,0,0,1,0.9908741,0.009125879,0.9908741
8390,0,0,1,0.999999,1.0351187e-06,0.999999
16665,1,1,1,0.009437084,0.9905629,0.9905629
18108,1,1,1,0.034567058,0.96543294,0.96543294
13517,1,1,1,6.723404e-05,0.99993277,0.99993277
9369,0,0,1,0.9999951,4.900527e-06,0.9999951
4474,0,0,1,0.86816084,0.13183916,0.86816084
11638,1,1,1,6.556511e-06,0.99999344,0.99999344
18434,1,1,1,1.335144e-05,0.99998665,0.99998665
4074,0,0,1,0.99332196,0.006678025,0.99332196
5060,0,0,1,0.99947125,0.0005287626,0.99947125
2809,0,0,1,0.9998227,0.000177338,0.9998227
1854,0,0,1,0.9718903,0.02810975,0.9718903
15654,1,1,1,9.536743e-07,0.99999905,0.99999905
11064,1,1,1,7.200241e-05,0.999928,0.999928
1230,0,0,1,0.9999612,3.8805236e-05,0.9999612
1751,0,0,1,0.99907184,0.0009281505,0.99907184
9180,0,0,1,0.9996168,0.00038317122,0.9996168
2979,0,0,1,0.99952346,0.0004765497,0.99952346
8448,0,0,1,0.99994314,5.683952e-05,0.99994314
12277,1,1,1,2.6226044e-06,0.9999974,0.9999974
18776,1,1,1,0.00011301041,0.999887,0.999887
5639,0,0,1,0.99996907,3.0915733e-05,0.99996907
16724,1,1,1,1.7881393e-06,0.9999982,0.9999982
19075,1,1,1,3.385544e-05,0.99996614,0.99996614
6992,0,0,1,0.97153336,0.028466653,0.97153336
11931,1,1,1,3.0994415e-06,0.9999969,0.9999969
8429,0,0,1,0.99999905,9.602928e-07,0.99999905
11935,1,1,1,3.4570694e-06,0.99999654,0.99999654
11905,1,1,1,4.6491623e-06,0.99999535,0.99999535
5676,0,0,1,0.99655163,0.0034483727,0.99655163
19162,1,1,1,4.7683716e-07,0.9999995,0.9999995
10390,1,1,1,1.4424324e-05,0.9999856,0.9999856
13430,1,1,1,0.013602078,0.9863979,0.9863979
17892,1,1,1,1.41859055e-05,0.9999858,0.9999858
10399,1,1,1,1.7762184e-05,0.99998224,0.99998224
19853,1,1,1,0.00038665533,0.99961334,0.99961334
17880,1,1,1,4.351139e-05,0.9999565,0.9999565
5306,0,0,1,0.9995976,0.00040239238,0.9995976
4518,0,0,1,0.9972328,0.0027671773,0.9972328
2737,0,0,1,0.99963224,0.00036778653,0.99963224
6701,0,0,1,0.99992156,7.8457786e-05,0.99992156
4104,0,0,1,0.9967617,0.0032383264,0.9967617
12337,1,1,1,1.5735626e-05,0.99998426,0.99998426
10733,1,1,1,5.722046e-06,0.9999943,0.9999943
10787,1,1,1,9.024143e-05,0.99990976,0.99990976
4625,0,0,1,0.99982667,0.00017330304,0.99982667
7053,0,0,1,0.9997516,0.0002483705,0.9997516
16845,1,0,0,0.9998514,0.00014857162,0.9998514
794,0,0,1,0.9996037,0.0003962997,0.9996037
16258,1,0,0,0.8846484,0.115351595,0.8846484
18221,1,1,1,2.2888184e-05,0.9999771,0.9999771
1522,0,0,1,0.99993026,6.974369e-05,0.99993026
19550,1,1,1,3.683567e-05,0.99996316,0.99996316
18223,1,1,1,0.0070490837,0.9929509,0.9929509
15268,1,1,1,0.00027698278,0.999723,0.999723
17232,1,1,1,4.4345856e-05,0.99995565,0.99995565
5396,0,0,1,0.967507,0.032493006,0.967507
7944,0,0,1,0.9999994,5.7217613e-07,0.9999994
13751,1,1,1,1.5497208e-06,0.99999845,0.99999845
2137,0,0,1,0.99938446,0.0006155226,0.99938446
1134,0,0,1,0.9996342,0.00036579432,0.9996342
11109,1,1,1,2.4557114e-05,0.99997544,0.99997544
14501,1,1,1,0.00021415949,0.99978584,0.99978584
4159,0,0,1,0.99948925,0.00051077834,0.99948925
18955,1,1,1,0.00017374754,0.99982625,0.99982625
17534,1,1,1,1.4305115e-06,0.99999857,0.99999857
1082,0,1,0,0.08687788,0.9131221,0.9131221
6428,0,0,1,0.99996626,3.3747423e-05,0.99996626
19689,1,1,1,2.7775764e-05,0.9999722,0.9999722
1126,0,0,1,0.99992067,7.934471e-05,0.99992067
3766,0,0,1,0.9998758,0.0001242179,0.9998758
570,0,0,1,0.9999671,3.288415e-05,0.9999671
847,0,0,1,0.9998802,0.000119818884,0.9998802
7462,0,0,1,0.9999385,6.15329e-05,0.9999385
1297,0,0,1,0.9996878,0.00031221076,0.9996878
14860,1,1,1,3.8981438e-05,0.999961,0.999961
846,0,0,1,0.9983129,0.001687116,0.9983129
1686,0,0,1,0.99995947,4.0538984e-05,0.99995947
16569,1,1,1,0.3741305,0.6258695,0.6258695
1987,0,0,1,0.9988174,0.0011826183,0.9988174
594,0,0,1,0.9988638,0.0011361571,0.9988638
5476,0,0,1,0.9999487,5.132882e-05,0.9999487
3295,0,0,1,0.9999902,9.771873e-06,0.9999902
11052,1,1,1,2.4676323e-05,0.9999753,0.9999753
1900,0,0,1,0.99976605,0.00023394592,0.99976605
9063,0,0,1,0.9999832,1.6786771e-05,0.9999832
7119,0,0,1,0.99911016,0.0008898129,0.99911016
1389,0,0,1,0.81038713,0.18961288,0.81038713
11086,1,1,1,1.0609627e-05,0.9999894,0.9999894
12602,1,1,1,2.026558e-06,0.999998,0.999998
3546,0,0,1,0.7519918,0.24800819,0.7519918
17183,1,1,1,0.15897661,0.8410234,0.8410234
7630,0,0,1,0.99995524,4.4754466e-05,0.99995524
5165,0,0,1,0.99973965,0.0002603723,0.99973965
17527,1,1,1,6.2704086e-05,0.9999373,0.9999373
4901,0,0,1,0.9992189,0.0007811282,0.9992189
9476,0,0,1,0.99999326,6.7491133e-06,0.99999326
1317,0,0,1,0.99995106,4.8910882e-05,0.99995106
1705,0,0,1,0.9998487,0.00015125814,0.9998487
16986,1,0,0,0.99996185,3.8162674e-05,0.99996185
14179,1,1,1,1.3113022e-06,0.9999987,0.9999987
10824,1,1,1,0.00017768145,0.9998223,0.9998223
19914,1,1,1,9.536743e-07,0.99999905,0.99999905
6675,0,0,1,0.99389064,0.0061093816,0.99389064
13482,1,1,1,4.4107437e-06,0.9999956,0.9999956
13498,1,1,1,1.9669533e-05,0.99998033,0.99998033
12657,1,1,1,1.9073486e-06,0.9999981,0.9999981
14345,1,1,1,1.0728836e-06,0.9999989,0.9999989
815,0,0,1,0.9999518,4.819953e-05,0.9999518
9418,0,0,1,0.99998325,1.6737169e-05,0.99998325
459,0,0,1,0.99995977,4.0213206e-05,0.99995977
1016,0,0,1,0.99903643,0.00096356845,0.99903643
14328,1,1,1,4.172325e-06,0.9999958,0.9999958
1763,0,1,0,0.00015866756,0.99984133,0.99984133
17734,1,1,1,3.2544136e-05,0.99996746,0.99996746
6485,0,0,1,0.9999982,1.7832556e-06,0.9999982
7510,0,0,1,0.9999453,5.4705746e-05,0.9999453
19356,1,1,1,9.536743e-07,0.99999905,0.99999905
7074,0,0,1,0.9997273,0.00027271308,0.9997273
385,0,0,1,0.9996365,0.0003635509,0.9996365
2795,0,0,1,0.99985516,0.00014485906,0.99985516
6276,0,0,1,0.9999892,1.0778614e-05,0.9999892
8071,0,0,1,0.9996763,0.00032372953,0.9996763
16911,1,1,1,0.00038927794,0.9996107,0.9996107
4743,0,0,1,0.9998827,0.00011731479,0.9998827
1541,0,0,1,0.999958,4.2046413e-05,0.999958
1305,0,0,1,0.99996847,3.1559342e-05,0.99996847
2138,0,0,1,0.9996117,0.00038835013,0.9996117
8530,0,0,1,0.99999946,5.1363304e-07,0.99999946
8394,0,0,1,0.9999856,1.4443133e-05,0.9999856
18031,1,1,1,4.005432e-05,0.99995995,0.99995995
5322,0,0,1,0.99998933,1.0673246e-05,0.99998933
5699,0,0,1,0.999909,9.1033005e-05,0.999909
14626,1,1,1,0.045292377,0.9547076,0.9547076
3283,0,0,1,0.9999266,7.3353964e-05,0.9999266
9106,0,1,0,0.37058902,0.629411,0.629411
4425,0,0,1,0.99999005,9.959179e-06,0.99999005
770,0,0,1,0.99995404,4.5930134e-05,0.99995404
5938,0,0,1,0.9975111,0.0024889223,0.9975111
9185,0,0,1,0.9999996,4.4448865e-07,0.9999996
8134,0,0,1,0.9999998,1.6409457e-07,0.9999998
9208,0,0,1,0.9999961,3.848802e-06,0.9999961
4421,0,0,1,0.99987257,0.00012745279,0.99987257
18933,1,1,1,2.9802322e-06,0.999997,0.999997
146,0,0,1,0.9999735,2.6499209e-05,0.9999735
1839,0,0,1,0.9999914,8.554974e-06,0.9999914
1046,0,0,1,0.99998057,1.9434003e-05,0.99998057
15488,1,1,1,1.1920929e-07,0.9999999,0.9999999
5883,0,0,1,0.9997423,0.00025765513,0.9997423
7146,0,0,1,0.9976429,0.002357124,0.9976429
8888,0,0,1,0.9999979,2.0794866e-06,0.9999979
5191,0,0,1,0.99985677,0.00014320017,0.99985677
3052,0,0,1,0.99991137,8.8621535e-05,0.99991137
11076,1,1,1,4.4345856e-05,0.99995565,0.99995565
13760,1,1,1,1.8239021e-05,0.99998176,0.99998176
5740,0,0,1,0.99994737,5.2658354e-05,0.99994737
13812,1,1,1,0.33681208,0.6631879,0.6631879
12560,1,1,1,1.66893e-06,0.99999833,0.99999833
17819,1,1,1,1.1444092e-05,0.99998856,0.99998856
12618,1,1,1,3.9577484e-05,0.9999604,0.9999604
4139,0,0,1,0.9999134,8.66019e-05,0.9999134
3160,0,0,1,0.9237054,0.07629458,0.9237054
17651,1,1,1,0.28830922,0.7116908,0.7116908
14,0,0,1,0.9904632,0.00953678,0.9904632
19007,1,1,1,2.3841858e-07,0.99999976,0.99999976
9294,0,0,1,0.9999996,3.9805954e-07,0.9999996
6706,0,0,1,0.9999137,8.631499e-05,0.9999137
10127,1,1,1,1.1563301e-05,0.99998844,0.99998844
4271,0,0,1,0.99970496,0.00029506232,0.99970496
14903,1,1,1,3.0875206e-05,0.9999691,0.9999691
4619,0,0,1,0.99996537,3.46188e-05,0.99996537
2949,0,0,1,0.9984861,0.0015138779,0.9984861
8008,0,0,1,0.99999624,3.7796185e-06,0.99999624
5690,0,0,1,0.9999686,3.1428484e-05,0.9999686
17061,1,1,1,0.21788108,0.7821189,0.7821189
11071,1,1,1,2.4199486e-05,0.9999758,0.9999758
3475,0,0,1,0.9997636,0.0002364156,0.9997636
2201,0,0,1,0.9999894,1.0613684e-05,0.9999894
18070,1,1,1,8.34465e-07,0.99999917,0.99999917
14937,1,1,1,5.9604645e-07,0.9999994,0.9999994
13362,1,1,1,3.9577484e-05,0.9999604,0.9999604
6260,0,0,1,0.9999641,3.5895377e-05,0.9999641
14608,1,1,1,0.00016307831,0.9998369,0.9998369
10498,1,1,1,1.013279e-05,0.99998987,0.99998987
17102,1,1,1,2.1457672e-06,0.99999785,0.99999785
17044,1,1,1,0.00015163422,0.99984837,0.99984837
14714,1,1,1,1.9073486e-06,0.9999981,0.9999981
4566,0,0,1,0.9998933,0.0001066953,0.9998933
12473,1,1,1,9.536743e-07,0.99999905,0.99999905
208,0,0,1,0.99995506,4.4970515e-05,0.99995506
14583,1,1,1,2.026558e-06,0.999998,0.999998
854,0,0,1,0.99664444,0.0033555385,0.99664444
7971,0,0,1,0.9999978,2.2299678e-06,0.9999978
5097,0,0,1,0.99818015,0.0018198321,0.99818015
8662,0,0,1,0.99995756,4.244003e-05,0.99995756
13076,1,1,1,3.0994415e-06,0.9999969,0.9999969
9141,0,0,1,0.90638006,0.09361992,0.90638006
9959,0,0,1,0.9999975,2.5146426e-06,0.9999975
2080,0,0,1,0.9999454,5.458548e-05,0.9999454
16586,1,1,1,0.36265934,0.63734066,0.63734066
13187,1,1,1,9.536743e-07,0.99999905,0.99999905
4700,0,0,1,0.9999958,4.176101e-06,0.9999958
8925,0,0,1,0.99999565,4.370255e-06,0.99999565
1206,0,0,1,0.999824,0.00017603001,0.999824
4629,0,0,1,0.9937531,0.0062469314,0.9937531
17559,1,1,1,3.6239624e-05,0.99996376,0.99996376
2360,0,0,1,0.9998358,0.00016421129,0.9998358
13292,1,1,1,1.4305115e-06,0.99999857,0.99999857
12978,1,1,1,0.0066333413,0.99336666,0.99336666
14776,1,1,1,2.3841858e-07,0.99999976,0.99999976
2335,0,0,1,0.99978817,0.00021183465,0.99978817
16886,1,1,1,0.0008146167,0.9991854,0.9991854
1853,0,0,1,0.99070585,0.009294132,0.99070585
6264,0,0,1,0.99999076,9.246087e-06,0.99999076
7307,0,0,1,0.99958026,0.0004197133,0.99958026
5002,0,0,1,0.97445536,0.025544625,0.97445536
12229,1,1,1,8.106232e-06,0.9999919,0.9999919
2990,0,0,1,0.9989644,0.0010355825,0.9989644
6242,0,0,1,0.99972504,0.00027492922,0.99972504
17279,1,1,1,2.1457672e-05,0.99997854,0.99997854
8209,0,0,1,0.9999973,2.6583864e-06,0.9999973
1827,0,0,1,0.99993896,6.105885e-05,0.99993896
10606,1,1,1,4.1604042e-05,0.9999584,0.9999584
16069,1,1,1,0.4811225,0.5188775,0.5188775
9187,0,0,1,0.9999933,6.661184e-06,0.9999933
455,0,0,1,0.99996734,3.267013e-05,0.99996734
6381,0,0,1,0.9998371,0.00016291976,0.9998371
6614,0,0,1,0.999354,0.0006459884,0.999354
16582,1,1,1,0.019968987,0.980031,0.980031
6138,0,0,1,0.99998975,1.0256184e-05,0.99998975
2927,0,0,1,0.9994123,0.00058772555,0.9994123
5091,0,0,1,0.999671,0.00032901496,0.999671
11134,1,1,1,6.902218e-05,0.999931,0.999931
11265,1,1,1,1.4305115e-06,0.99999857,0.99999857
2847,0,0,1,0.9999362,6.375365e-05,0.9999362
5765,0,0,1,0.99989915,0.00010086913,0.99989915
14123,1,1,1,4.6253204e-05,0.99995375,0.99995375
10520,1,1,1,1.9192696e-05,0.9999808,0.9999808
2467,0,0,1,0.998502,0.0014979608,0.998502
12597,1,1,1,1.5497208e-06,0.99999845,0.99999845
18522,1,1,1,5.0783157e-05,0.9999492,0.9999492
9655,0,0,1,0.99998844,1.15722505e-05,0.99998844
2394,0,0,1,0.9999141,8.5882886e-05,0.9999141
769,0,0,1,0.98794997,0.012050015,0.98794997
12268,1,1,1,2.9087067e-05,0.9999709,0.9999709
12949,1,1,1,1.8715858e-05,0.9999813,0.9999813
16831,1,1,1,0.22620052,0.7737995,0.7737995
8593,0,0,1,0.99999166,8.328468e-06,0.99999166
8728,0,0,1,0.99999493,5.0420927e-06,0.99999493
18123,1,1,1,6.6399574e-05,0.9999336,0.9999336
282,0,0,1,0.99977106,0.0002289387,0.99977106
18356,1,1,1,3.5881996e-05,0.9999641,0.9999641
11005,1,1,1,1.8835068e-05,0.99998116,0.99998116
8239,0,0,1,0.99999833,1.6591712e-06,0.99999833
14251,1,1,1,2.3841858e-07,0.99999976,0.99999976
7512,0,0,1,0.99998736,1.2631208e-05,0.99998736
4160,0,0,1,0.99993813,6.186173e-05,0.99993813
2646,0,0,1,0.9993123,0.0006877266,0.9993123
8007,0,0,1,0.99999076,9.236867e-06,0.99999076
8685,0,0,1,0.99999905,9.801092e-07,0.99999905
10809,1,1,1,6.330013e-05,0.9999367,0.9999367
8572,0,0,1,0.9999959,4.1315593e-06,0.9999959
4144,0,0,1,0.99956524,0.0004347743,0.99956524
17905,1,1,1,0.0009922385,0.99900776,0.99900776
10598,1,1,1,2.0384789e-05,0.9999796,0.9999796
12979,1,1,1,0.0005068779,0.9994931,0.9994931
10322,1,1,1,6.198883e-06,0.9999938,0.9999938
8681,0,0,1,0.9998503,0.00014969874,0.9998503
14227,1,1,1,1.1920929e-07,0.9999999,0.9999999
19557,1,1,1,4.6372414e-05,0.9999536,0.9999536
5370,0,0,1,0.9860041,0.013995879,0.9860041
12038,1,1,1,7.8201294e-05,0.9999218,0.9999218
15922,1,1,1,2.849102e-05,0.9999715,0.9999715
6310,0,0,1,0.99948156,0.0005184438,0.99948156
5785,0,0,1,0.99291575,0.0070842593,0.99291575
12626,1,1,1,7.867813e-06,0.99999213,0.99999213
12123,1,1,1,1.4066696e-05,0.99998593,0.99998593
19225,1,1,1,3.5762787e-07,0.99999964,0.99999964
5728,0,0,1,0.9963645,0.0036355478,0.9963645
5444,0,0,1,0.9999908,9.168702e-06,0.9999908
1257,0,1,0,0.34797853,0.65202147,0.65202147
8039,0,0,1,0.9999996,4.130808e-07,0.9999996
4377,0,0,1,0.9510542,0.048945803,0.9510542
7250,0,0,1,0.9041088,0.095891155,0.9041088
4121,0,0,1,0.9999887,1.1304645e-05,0.9999887
18081,1,1,1,2.503395e-05,0.99997497,0.99997497
7907,0,0,1,0.99999046,9.518548e-06,0.99999046
5232,0,0,1,0.99974614,0.000253852,0.99974614
7555,0,0,1,0.99999034,9.677759e-06,0.99999034
19507,1,1,1,5.9604645e-06,0.99999404,0.99999404
3256,0,0,1,0.99996877,3.122596e-05,0.99996877
13544,1,1,1,1.0967255e-05,0.99998903,0.99998903
12523,1,1,1,1.9073486e-06,0.9999981,0.9999981
3875,0,0,1,0.9999897,1.0308037e-05,0.9999897
900,0,0,1,0.99999124,8.775179e-06,0.99999124
15682,1,1,1,2.3841858e-07,0.99999976,0.99999976
17990,1,1,1,0.000156641,0.99984336,0.99984336
2354,0,0,1,0.99998915,1.0864228e-05,0.99998915
700,0,0,1,0.99992955,7.0463946e-05,0.99992955
11008,1,1,1,3.4928322e-05,0.9999651,0.9999651
13309,1,1,1,6.9737434e-05,0.99993026,0.99993026
9070,0,0,1,0.99999774,2.2523604e-06,0.99999774
8816,0,0,1,0.9999962,3.833318e-06,0.9999962
6950,0,0,1,0.9999629,3.7077887e-05,0.9999629
11987,1,1,1,0.00019854307,0.99980146,0.99980146
16735,1,0,0,0.5701482,0.42985177,0.5701482
4798,0,0,1,0.999945,5.5030832e-05,0.999945
2846,0,0,1,0.9937347,0.0062652607,0.9937347
9602,0,0,1,0.99999595,4.037781e-06,0.99999595
18506,1,1,1,9.441376e-05,0.9999056,0.9999056
15652,1,1,1,2.3841858e-05,0.99997616,0.99997616
149,0,0,1,0.99988747,0.000112514,0.99988747
302,0,0,1,0.9999326,6.741522e-05,0.9999326
14458,1,1,1,1.7881393e-05,0.9999821,0.9999821
3519,0,0,1,0.9999631,3.6871723e-05,0.9999631
17406,1,1,1,5.710125e-05,0.9999429,0.9999429
8938,0,0,1,0.9999996,4.4327965e-07,0.9999996
9349,0,0,1,0.9999999,1.2250949e-07,0.9999999
18988,1,1,1,4.7683716e-07,0.9999995,0.9999995
8190,0,0,1,0.9999998,1.985978e-07,0.9999998
8809,0,0,1,0.9999954,4.5800216e-06,0.9999954
16834,1,1,1,0.003328979,0.996671,0.996671
11248,1,1,1,8.34465e-07,0.99999917,0.99999917
16994,1,1,1,0.01262784,0.98737216,0.98737216
17290,1,1,1,0.01791358,0.9820864,0.9820864
7142,0,0,1,0.99981165,0.00018833322,0.99981165
9471,0,0,1,0.99999523,4.790715e-06,0.99999523
6809,0,0,1,0.9998086,0.00019139171,0.9998086
7993,0,0,1,0.9999966,3.3900626e-06,0.9999966
19214,1,1,1,3.4570694e-06,0.99999654,0.99999654
15517,1,1,1,4.7326088e-05,0.9999527,0.9999527
15434,1,1,1,0.15270811,0.8472919,0.8472919
13380,1,1,1,1.9669533e-05,0.99998033,0.99998033
18074,1,1,1,0.000174582,0.9998254,0.9998254
14156,1,1,1,3.5762787e-07,0.99999964,0.99999964
6029,0,0,1,0.9999863,1.36806375e-05,0.9999863
8591,0,0,1,0.941268,0.058731973,0.941268
10103,1,1,1,1.66893e-06,0.99999833,0.99999833
17275,1,1,1,0.007155359,0.99284464,0.99284464
5518,0,0,1,0.9998041,0.000195923,0.9998041
2815,0,0,1,0.9997664,0.00023359444,0.9997664
3381,0,0,1,0.9998164,0.00018359662,0.9998164
3792,0,0,1,0.99964017,0.00035981604,0.99964017
8640,0,0,1,0.9891033,0.010896658,0.9891033
14389,1,1,1,1.1920929e-06,0.9999988,0.9999988
929,0,0,1,0.9999703,2.9660127e-05,0.9999703
4018,0,0,1,0.9971432,0.0028567961,0.9971432
1495,0,0,1,0.9162434,0.08375663,0.9162434
9611,0,0,1,0.99999505,4.950473e-06,0.99999505
18723,1,1,1,7.867813e-06,0.99999213,0.99999213
11961,1,1,1,3.9815903e-05,0.9999602,0.9999602
8336,0,0,1,0.9999976,2.372335e-06,0.9999976
13808,1,1,1,1.2397766e-05,0.9999876,0.9999876
631,0,0,1,0.99995905,4.0940387e-05,0.99995905
7217,0,0,1,0.99977815,0.0002218536,0.99977815
3809,0,0,1,0.9994141,0.0005859151,0.9994141
18627,1,1,1,0.00030481815,0.9996952,0.9996952
11603,1,1,1,4.172325e-06,0.9999958,0.9999958
8434,0,0,1,0.99998856,1.144329e-05,0.99998856
4662,0,0,1,0.9999772,2.2820836e-05,0.9999772
13147,1,1,1,5.197525e-05,0.999948,0.999948
303,0,0,1,0.99873364,0.0012663648,0.99873364
1203,0,0,1,0.9982453,0.0017547122,0.9982453
4508,0,0,1,0.9994079,0.00059212075,0.9994079
17968,1,1,1,0.00061392784,0.9993861,0.9993861
5714,0,0,1,0.9999371,6.288123e-05,0.9999371
203,0,0,1,0.9999933,6.6899024e-06,0.9999933
18562,1,1,1,1.835823e-05,0.99998164,0.99998164
975,0,0,1,0.9973658,0.0026342147,0.9973658
8213,0,0,1,0.99999964,3.765361e-07,0.99999964
6295,0,0,1,0.9999476,5.2373744e-05,0.9999476
8558,0,0,1,0.9969854,0.00301465,0.9969854
10427,1,1,1,2.849102e-05,0.9999715,0.9999715
3028,0,0,1,0.99995667,4.335756e-05,0.99995667
17532,1,1,1,3.683567e-05,0.99996316,0.99996316
771,0,0,1,0.9961504,0.0038496377,0.9961504
14640,1,1,1,1.5497208e-06,0.99999845,0.99999845
12443,1,1,1,3.4570694e-06,0.99999654,0.99999654
1137,0,0,1,0.999857,0.0001429861,0.999857
2681,0,0,1,0.99905604,0.00094393844,0.99905604
1907,0,0,1,0.99963105,0.00036894804,0.99963105
14848,1,1,1,4.172325e-06,0.9999958,0.9999958
9762,0,0,1,0.9999874,1.254737e-05,0.9999874
2592,0,0,1,0.99871194,0.001288034,0.99871194
19539,1,1,1,3.6001205e-05,0.999964,0.999964
3130,0,0,1,0.9994058,0.0005941752,0.9994058
8466,0,0,1,0.9999981,1.9350057e-06,0.9999981
13717,1,1,1,0.0007827282,0.9992173,0.9992173
18807,1,1,1,7.867813e-06,0.99999213,0.99999213
6709,0,0,1,0.9997015,0.00029852372,0.9997015
5315,0,0,1,0.97952014,0.020479849,0.97952014
1280,0,0,1,0.9898955,0.010104466,0.9898955
4440,0,0,1,0.9999205,7.95388e-05,0.9999205
937,0,0,1,0.9814264,0.018573556,0.9814264
18013,1,1,1,7.498264e-05,0.999925,0.999925
3740,0,0,1,0.99979925,0.00020076284,0.99979925
16896,1,0,0,0.9319991,0.06800093,0.9319991
5642,0,0,1,0.9997151,0.0002848947,0.9997151
13898,1,1,1,1.7642975e-05,0.99998236,0.99998236
7578,0,0,1,0.9999729,2.7129257e-05,0.9999729
7293,0,0,1,0.67196417,0.3280358,0.67196417
19705,1,1,1,2.1457672e-06,0.99999785,0.99999785
11982,1,1,1,3.8146973e-05,0.99996185,0.99996185
6372,0,1,0,0.07608467,0.9239153,0.9239153
11420,1,1,1,5.9604645e-06,0.99999404,0.99999404
8717,0,0,1,0.99999976,2.1553886e-07,0.99999976
1121,0,0,1,0.9998683,0.0001317296,0.9998683
18603,1,1,1,0.07803655,0.92196345,0.92196345
3835,0,0,1,0.98792845,0.01207156,0.98792845
855,0,0,1,0.99943864,0.0005613741,0.99943864
11110,1,1,1,2.18153e-05,0.9999782,0.9999782
17639,1,1,1,0.0073910356,0.99260896,0.99260896
5949,0,0,1,0.9776497,0.022350315,0.9776497
13674,1,1,1,2.6226044e-06,0.9999974,0.9999974
16972,1,0,0,0.9999938,6.1722644e-06,0.9999938
11917,1,1,1,5.1259995e-06,0.9999949,0.9999949
10423,1,1,1,2.360344e-05,0.9999764,0.9999764
3217,0,0,1,0.9412774,0.058722634,0.9412774
4447,0,0,1,0.99990225,9.7768905e-05,0.99990225
14300,1,1,1,0.0,1.0,1.0
10903,1,1,1,6.878376e-05,0.9999312,0.9999312
17452,1,1,1,0.0008046031,0.9991954,0.9991954
9810,0,0,1,0.9999982,1.8009529e-06,0.9999982
18176,1,1,1,0.0004723072,0.9995277,0.9995277
18403,1,1,1,1.3947487e-05,0.99998605,0.99998605
11689,1,1,1,7.1525574e-06,0.99999285,0.99999285
4010,0,0,1,0.99179655,0.008203425,0.99179655
13063,1,1,1,0.00056988,0.9994301,0.9994301
14942,1,1,1,2.026558e-06,0.999998,0.999998
6174,0,0,1,0.9981839,0.0018160752,0.9981839
14044,1,1,1,1.1920929e-07,0.9999999,0.9999999
6008,0,0,1,0.99409145,0.005908542,0.99409145
793,0,0,1,0.9899334,0.0100666145,0.9899334
8257,0,0,1,0.9999598,4.0173494e-05,0.9999598
10048,1,1,1,3.0755997e-05,0.99996924,0.99996924
18155,1,1,1,0.0043095946,0.9956904,0.9956904
16577,1,1,1,0.026250899,0.9737491,0.9737491
18961,1,1,1,3.4570694e-06,0.99999654,0.99999654
2712,0,0,1,0.9999122,8.7777866e-05,0.9999122
18960,1,1,1,9.775162e-06,0.9999902,0.9999902
14818,1,1,1,8.34465e-07,0.99999917,0.99999917
16637,1,1,1,3.027916e-05,0.9999697,0.9999697
8435,0,0,1,0.99999756,2.461419e-06,0.99999756
10426,1,1,1,1.2278557e-05,0.9999877,0.9999877
15470,1,1,1,4.053116e-06,0.99999595,0.99999595
10045,1,1,1,4.2438507e-05,0.99995756,0.99995756
17860,1,1,1,7.033348e-05,0.99992967,0.99992967
1387,0,0,1,0.990596,0.009404008,0.990596
16626,1,1,1,0.008578002,0.991422,0.991422
7861,0,0,1,0.9999966,3.41845e-06,0.9999966
7304,0,0,1,0.99672455,0.0032754755,0.99672455
14554,1,1,1,0.0,1.0,1.0
238,0,0,1,0.9982595,0.0017405379,0.9982595
10881,1,1,1,2.9802322e-05,0.9999702,0.9999702
17418,1,1,1,0.0016283393,0.99837166,0.99837166
5833,0,0,1,0.9999514,4.860192e-05,0.9999514
5456,0,0,1,0.8031884,0.19681163,0.8031884
7333,0,0,1,0.99972564,0.00027433198,0.99972564
5250,0,0,1,0.9996651,0.0003349469,0.9996651
15512,1,1,1,7.1525574e-07,0.9999993,0.9999993
17788,1,1,1,0.00048065186,0.99951935,0.99951935
1192,0,0,1,0.9998939,0.00010611856,0.9998939
2142,0,0,1,0.9999917,8.296948e-06,0.9999917
18088,1,1,1,6.854534e-05,0.99993145,0.99993145
1680,0,0,1,0.9998994,0.00010061494,0.9998994
11529,1,1,1,2.9802322e-06,0.999997,0.999997
14668,1,1,1,3.33786e-06,0.99999666,0.99999666
191,0,0,1,0.9989756,0.0010244059,0.9989756
10034,1,1,1,5.888939e-05,0.9999411,0.9999411
11679,1,1,1,6.3180923e-06,0.9999937,0.9999937
17090,1,1,1,8.571148e-05,0.9999143,0.9999143
3610,0,0,1,0.79455274,0.20544724,0.79455274
2762,0,0,1,0.9999524,4.764615e-05,0.9999524
4305,0,0,1,0.9999495,5.048294e-05,0.9999495
14754,1,1,1,1.1920929e-07,0.9999999,0.9999999
9442,0,0,1,0.99999183,8.15857e-06,0.99999183
4485,0,0,1,0.99951863,0.00048136723,0.99951863
15487,1,1,1,1.1920929e-06,0.9999988,0.9999988
16429,1,0,0,0.9974079,0.0025920887,0.9974079
18157,1,1,1,0.0006092787,0.9993907,0.9993907
17646,1,1,1,6.4730644e-05,0.99993527,0.99993527
5671,0,0,1,0.99999654,3.4439208e-06,0.99999654
15553,1,1,1,2.3841858e-07,0.99999976,0.99999976
515,0,0,1,0.99994457,5.546089e-05,0.99994457
18137,1,1,1,1.2993813e-05,0.999987,0.999987
18729,1,1,1,0.0027366877,0.9972633,0.9972633
2638,0,0,1,0.99996006,3.9958875e-05,0.99996006
17738,1,1,1,6.7949295e-05,0.99993205,0.99993205
12202,1,1,1,2.682209e-05,0.9999732,0.9999732
16383,1,1,1,0.0056658983,0.9943341,0.9943341
17545,1,1,1,0.001543045,0.99845695,0.99845695
6134,0,0,1,0.99823993,0.0017600458,0.99823993
11678,1,1,1,6.7949295e-06,0.9999932,0.9999932
6886,0,0,1,0.995028,0.0049719973,0.995028
19418,1,1,1,1.8000603e-05,0.999982,0.999982
18674,1,1,1,1.1920929e-06,0.9999988,0.9999988
9046,0,0,1,0.9999954,4.6034274e-06,0.9999954
8998,0,0,1,0.9999993,6.8770436e-07,0.9999993
5394,0,0,1,0.9999625,3.7498732e-05,0.9999625
5653,0,0,1,0.9947237,0.0052763512,0.9947237
17668,1,1,1,0.009275258,0.99072474,0.99072474
2244,0,0,1,0.99927884,0.00072117295,0.99927884
513,0,0,1,0.99451405,0.0054859566,0.99451405
9710,0,0,1,0.99999607,3.9195056e-06,0.99999607
4894,0,0,1,0.99929583,0.00070416974,0.99929583
16842,1,0,0,0.7138536,0.28614643,0.7138536
8520,0,0,1,0.99999064,9.357957e-06,0.99999064
13874,1,1,1,0.010127842,0.98987216,0.98987216
9134,0,0,1,0.99999934,6.367363e-07,0.99999934
10436,1,1,1,0.00014460087,0.9998554,0.9998554
17296,1,1,1,1.0728836e-06,0.9999989,0.9999989
5802,0,0,1,0.69818157,0.30181843,0.69818157
5502,0,0,1,0.9999119,8.81056e-05,0.9999119
9283,0,0,1,0.99999976,2.3475037e-07,0.99999976
12834,1,1,1,0.00074368715,0.9992563,0.9992563
9968,0,0,1,0.99999905,9.774657e-07,0.99999905
1241,0,0,1,0.9992627,0.00073731825,0.9992627
9793,0,0,1,0.99999905,9.637737e-07,0.99999905
8235,0,0,1,0.9999989,1.0532599e-06,0.9999989
1736,0,0,1,0.98160565,0.01839437,0.98160565
9727,0,0,1,0.9999929,7.08006e-06,0.9999929
4770,0,0,1,0.99998176,1.8256473e-05,0.99998176
5684,0,0,1,0.99984854,0.00015143809,0.99984854
4509,0,0,1,0.9798711,0.020128906,0.9798711
5528,0,0,1,0.9992791,0.00072090194,0.9992791
7329,0,0,1,0.7281995,0.2718005,0.7281995
6897,0,0,1,0.9997433,0.0002567199,0.9997433
2027,0,0,1,0.9988866,0.001113438,0.9988866
4561,0,0,1,0.99973994,0.00026004732,0.99973994
14855,1,1,1,0.00029414892,0.99970585,0.99970585
7762,0,0,1,0.9999989,1.0686502e-06,0.9999989
6941,0,0,1,0.9980837,0.0019162804,0.9980837
12885,1,1,1,2.3841858e-06,0.9999976,0.9999976
9269,0,0,1,0.99999785,2.138963e-06,0.99999785
13823,1,1,1,3.4570694e-06,0.99999654,0.99999654
13009,1,1,1,4.053116e-06,0.99999595,0.99999595
2372,0,0,1,0.9996637,0.00033627616,0.9996637
2193,0,0,1,0.9999942,5.7755924e-06,0.9999942
6949,0,0,1,0.9996802,0.00031978782,0.9996802
4445,0,0,1,0.99933827,0.0006617167,0.99933827
1708,0,0,1,0.9960776,0.003922391,0.9960776
3506,0,0,1,0.997806,0.0021939822,0.997806
117,0,0,1,0.9999956,4.3867276e-06,0.9999956
9771,0,0,1,0.99985576,0.00014422052,0.99985576
14866,1,1,1,3.5762787e-07,0.99999964,0.99999964
1060,0,0,1,0.999783,0.00021699732,0.999783
729,0,0,1,0.99988276,0.00011724344,0.99988276
16787,1,0,0,0.96124345,0.038756557,0.96124345
13137,1,1,1,2.861023e-06,0.99999714,0.99999714
14371,1,1,1,1.1920929e-06,0.9999988,0.9999988
985,0,0,1,0.9990959,0.00090410124,0.9990959
4627,0,0,1,0.9998716,0.00012839951,0.9998716
3769,0,0,1,0.9995082,0.00049178326,0.9995082
10323,1,1,1,1.4305115e-06,0.99999857,0.99999857
11995,1,1,1,1.9907951e-05,0.9999801,0.9999801
18216,1,1,1,4.3153763e-05,0.99995685,0.99995685
2490,0,0,1,0.99842983,0.0015701842,0.99842983
1844,0,0,1,0.99811167,0.0018883188,0.99811167
7668,0,0,1,0.99999976,2.6197938e-07,0.99999976
11056,1,1,1,1.9073486e-05,0.9999809,0.9999809
8889,0,0,1,0.9999615,3.8486447e-05,0.9999615
761,0,0,1,0.999991,8.970517e-06,0.999991
14305,1,1,1,2.3841858e-07,0.99999976,0.99999976
9290,0,0,1,0.9999877,1.2262326e-05,0.9999877
8365,0,0,1,0.99999493,5.0650624e-06,0.99999493
664,0,0,1,0.99980426,0.00019574897,0.99980426
10846,1,1,1,3.9935112e-05,0.99996006,0.99996006
13258,1,1,1,1.3113022e-06,0.9999987,0.9999987
17141,1,1,1,0.17679119,0.8232088,0.8232088
12293,1,1,1,2.2649765e-06,0.99999774,0.99999774
1928,0,0,1,0.9912656,0.008734412,0.9912656
7469,0,0,1,0.99990964,9.0369795e-05,0.99990964
12036,1,1,1,9.775162e-06,0.9999902,0.9999902
1842,0,0,1,0.99280745,0.0071925796,0.99280745
1995,0,0,1,0.9997178,0.00028222156,0.9997178
14923,1,1,1,0.0002744794,0.9997255,0.9997255
17897,1,1,1,0.0072319508,0.99276805,0.99276805
13568,1,1,1,3.9339066e-06,0.99999607,0.99999607
4928,0,0,1,0.9983409,0.001659097,0.9983409
2871,0,0,1,0.9999316,6.844806e-05,0.9999316
11505,1,1,1,2.9802322e-06,0.999997,0.999997
10762,1,1,1,1.21593475e-05,0.99998784,0.99998784
5507,0,0,1,0.9999062,9.383766e-05,0.9999062
5215,0,0,1,0.9896129,0.010387118,0.9896129
10235,1,1,1,1.1444092e-05,0.99998856,0.99998856
2455,0,0,1,0.9997693,0.00023072219,0.9997693
4226,0,0,1,0.9998895,0.000110484885,0.9998895
19213,1,1,1,5.9604645e-07,0.9999994,0.9999994
4310,0,0,1,0.99980974,0.00019025001,0.99980974
10404,1,1,1,2.026558e-05,0.99997973,0.99997973
5677,0,0,1,0.95474875,0.045251228,0.95474875
12422,1,1,1,2.1457672e-06,0.99999785,0.99999785
7864,0,0,1,0.9999945,5.471645e-06,0.9999945
14789,1,1,1,5.9604645e-07,0.9999994,0.9999994
8358,0,0,1,0.9999997,3.0596058e-07,0.9999997
15279,1,1,1,1.1920929e-07,0.9999999,0.9999999
15246,1,0,0,0.94466823,0.05533176,0.94466823
7492,0,0,1,0.9999989,1.1004865e-06,0.9999989
6170,0,0,1,0.99863994,0.00136008,0.99863994
18461,1,1,1,0.00075024366,0.99924976,0.99924976
895,0,0,1,0.99988425,0.0001157488,0.99988425
18127,1,1,1,0.005999446,0.99400055,0.99400055
6963,0,0,1,0.93637663,0.06362339,0.93637663
8996,0,0,1,0.99999887,1.1175757e-06,0.99999887
18177,1,1,1,0.0004441142,0.9995559,0.9995559
9094,0,0,1,0.9999985,1.469828e-06,0.9999985
5337,0,0,1,0.9999667,3.3324923e-05,0.9999667
7731,0,0,1,0.99999243,7.561793e-06,0.99999243
17953,1,1,1,1.6331673e-05,0.99998367,0.99998367
12034,1,1,1,3.2901764e-05,0.9999671,0.9999671
5534,0,0,1,0.9998027,0.00019729599,0.9998027
5457,0,0,1,0.9996816,0.00031839238,0.9996816
7282,0,0,1,0.9994416,0.00055839744,0.9994416
10465,1,1,1,8.106232e-06,0.9999919,0.9999919
11729,1,1,1,4.7683716e-06,0.99999523,0.99999523
12586,1,1,1,3.33786e-06,0.99999666,0.99999666
17410,1,1,1,8.4519386e-05,0.9999155,0.9999155
17488,1,1,1,0.00028556585,0.99971443,0.99971443
13960,1,1,1,0.001165688,0.9988343,0.9988343
2204,0,0,1,0.7134912,0.28650883,0.7134912
15048,1,1,1,0.00016832352,0.9998317,0.9998317
18691,1,1,1,4.053116e-06,0.99999595,0.99999595
18362,1,1,1,0.0010888577,0.99891114,0.99891114
15782,1,1,1,1.1920929e-05,0.9999881,0.9999881
7936,0,0,1,0.9999909,9.14604e-06,0.9999909
2891,0,0,1,0.999961,3.8981634e-05,0.999961
7634,0,0,1,0.99999374,6.285507e-06,0.99999374
11798,1,1,1,4.172325e-06,0.9999958,0.9999958
12,0,1,0,0.41658372,0.5834163,0.5834163
8647,0,0,1,0.99999857,1.409518e-06,0.99999857
9338,0,0,1,0.9999953,4.7100284e-06,0.9999953
14341,1,1,1,0.0011332035,0.9988668,0.9988668
16599,1,0,0,0.68405455,0.31594545,0.68405455
4712,0,0,1,0.73421746,0.26578254,0.73421746
9534,0,0,1,0.999998,2.0384764e-06,0.999998
4844,0,0,1,0.9999031,9.690994e-05,0.9999031
11084,1,1,1,3.4809113e-05,0.9999652,0.9999652
7246,0,0,1,0.9999415,5.847053e-05,0.9999415
14421,1,1,1,1.1920929e-07,0.9999999,0.9999999
8357,0,0,1,0.9999934,6.6146754e-06,0.9999934
14657,1,1,1,1.1920929e-07,0.9999999,0.9999999
831,0,0,1,0.99920523,0.00079475733,0.99920523
3419,0,0,1,0.9991465,0.00085350545,0.9991465
10905,1,1,1,9.8228455e-05,0.9999018,0.9999018
2044,0,0,1,0.9910693,0.008930684,0.9910693
16401,1,0,0,0.83169556,0.16830443,0.83169556
12785,1,1,1,2.3841858e-06,0.9999976,0.9999976
16237,1,0,0,0.8886325,0.11136752,0.8886325
7520,0,0,1,0.9999992,7.5422867e-07,0.9999992
5474,0,0,1,0.9999856,1.4402461e-05,0.9999856
3640,0,0,1,0.9998627,0.00013732059,0.9998627
19010,1,1,1,7.390976e-06,0.9999926,0.9999926
13261,1,1,1,1.6570091e-05,0.99998343,0.99998343
505,0,0,1,0.9999273,7.273695e-05,0.9999273
11450,1,1,1,3.0994415e-06,0.9999969,0.9999969
996,0,0,1,0.9973454,0.0026546044,0.9973454
6267,0,0,1,0.9999804,1.9590176e-05,0.9999804
15376,1,1,1,9.560585e-05,0.9999044,0.9999044
7843,0,0,1,0.99999356,6.436729e-06,0.99999356
13206,1,1,1,1.66893e-06,0.99999833,0.99999833
8777,0,0,1,0.999999,1.008587e-06,0.999999
9999,1,1,1,5.7578087e-05,0.9999424,0.9999424
4386,0,0,1,0.9999501,4.9900962e-05,0.9999501
7917,0,0,1,0.9999971,2.9102112e-06,0.9999971
15042,1,0,0,0.503078,0.49692202,0.503078
5058,0,0,1,0.9995809,0.0004190904,0.9995809
4337,0,0,1,0.99990815,9.187991e-05,0.99990815
12740,1,1,1,1.66893e-06,0.99999833,0.99999833
18789,1,1,1,1.9073486e-06,0.9999981,0.9999981
17903,1,1,1,0.0038051605,0.99619484,0.99619484
7347,0,0,1,0.99532866,0.004671344,0.99532866
7028,0,0,1,0.82393545,0.17606454,0.82393545
15037,1,1,1,2.3841858e-07,0.99999976,0.99999976
17277,1,1,1,2.0623207e-05,0.9999794,0.9999794
3458,0,0,1,0.99935865,0.00064137176,0.99935865
18026,1,1,1,3.528595e-05,0.9999647,0.9999647
2726,0,0,1,0.9999545,4.5467666e-05,0.9999545
11791,1,1,1,3.2186508e-06,0.9999968,0.9999968
16800,1,1,1,0.00016510487,0.9998349,0.9998349
5727,0,0,1,0.9958296,0.0041704443,0.9958296
779,0,0,1,0.99969083,0.00030916405,0.99969083
1735,0,0,1,0.9988247,0.0011753002,0.9988247
10879,1,1,1,2.18153e-05,0.9999782,0.9999782
7367,0,0,1,0.9871491,0.012850875,0.9871491
3973,0,0,1,0.99999315,6.84828e-06,0.99999315
3523,0,0,1,0.99989367,0.00010631729,0.99989367
9986,0,0,1,0.99996954,3.0452557e-05,0.99996954
14693,1,1,1,9.191036e-05,0.9999081,0.9999081
17011,1,1,1,0.00041538477,0.9995846,0.9995846
4067,0,0,1,0.9999531,4.692365e-05,0.9999531
9707,0,0,1,0.9999995,4.5337256e-07,0.9999995
14979,1,1,1,0.00035083294,0.99964917,0.99964917
8914,0,0,1,0.9999985,1.5013327e-06,0.9999985
39,0,0,1,0.9966754,0.003324614,0.9966754
18489,1,1,1,0.010556698,0.9894433,0.9894433
11236,1,1,1,2.3841858e-06,0.9999976,0.9999976
672,0,0,1,0.9998224,0.00017762127,0.9998224
13829,1,1,1,1.4305115e-06,0.99999857,0.99999857
6828,0,0,1,0.99835694,0.001643052,0.99835694
727,0,0,1,0.96108675,0.03891325,0.96108675
13767,1,1,1,0.0016541481,0.99834585,0.99834585
16730,1,1,1,0.10125047,0.89874953,0.89874953
14863,1,1,1,0.0008696914,0.9991303,0.9991303
10357,1,1,1,3.540516e-05,0.9999646,0.9999646
9719,0,0,1,0.9999986,1.3952571e-06,0.9999986
13429,1,1,1,6.997585e-05,0.99993,0.99993
18490,1,1,1,5.6028366e-06,0.9999944,0.9999944
5915,0,0,1,0.9998983,0.00010170381,0.9998983
15307,1,1,1,6.043911e-05,0.99993956,0.99993956
2057,0,0,1,0.5587896,0.4412104,0.5587896
17759,1,1,1,2.7894974e-05,0.9999721,0.9999721
11251,1,1,1,2.2649765e-06,0.99999774,0.99999774
13806,1,1,1,0.00016975403,0.99983025,0.99983025
13492,1,1,1,1.1920929e-06,0.9999988,0.9999988
9454,0,0,1,0.9999998,1.9516023e-07,0.9999998
3997,0,0,1,0.97517663,0.024823392,0.97517663
396,0,0,1,0.99973357,0.00026644842,0.99973357
16734,1,0,0,0.58746123,0.41253874,0.58746123
11646,1,1,1,5.4836273e-06,0.9999945,0.9999945
12813,1,1,1,0.00034487247,0.9996551,0.9996551
10750,1,1,1,2.014637e-05,0.99997985,0.99997985
11975,1,1,1,0.00044292212,0.9995571,0.9995571
3551,0,0,1,0.99279165,0.0072083613,0.99279165
16758,1,0,0,0.9982445,0.001755475,0.9982445
5465,0,0,1,0.99468046,0.0053195194,0.99468046
5237,0,0,1,0.99998957,1.0454927e-05,0.99998957
7850,0,0,1,0.9999921,7.954771e-06,0.9999921
10008,1,1,1,0.0020407438,0.99795926,0.99795926
14270,1,1,1,0.0,1.0,1.0
2912,0,0,1,0.9350414,0.064958595,0.9350414
7514,0,0,1,0.99998266,1.7365692e-05,0.99998266
10062,1,1,1,8.9764595e-05,0.99991024,0.99991024
3773,0,0,1,0.9999366,6.3400854e-05,0.9999366
13682,1,1,1,1.001358e-05,0.99999,0.99999
17901,1,1,1,0.00033807755,0.9996619,0.9996619
10397,1,1,1,3.4570694e-06,0.99999654,0.99999654
2107,0,0,1,0.9996127,0.0003872852,0.9996127
9405,0,0,1,0.9999923,7.672139e-06,0.9999923
6199,0,0,1,0.9987626,0.0012374076,0.9987626
14023,1,1,1,1.7881393e-06,0.9999982,0.9999982
7833,0,0,1,0.99999654,3.4525365e-06,0.99999654
4323,0,0,1,0.99995667,4.330962e-05,0.99995667
3606,0,0,1,0.99956346,0.00043654678,0.99956346
8546,0,0,1,0.9999999,1.2876013e-07,0.9999999
16891,1,1,1,0.000111460686,0.99988854,0.99988854
6559,0,0,1,0.9986535,0.0013465392,0.9986535
15576,1,1,1,2.8133392e-05,0.99997187,0.99997187
15025,1,1,1,0.0457533,0.9542467,0.9542467
4774,0,0,1,0.98442936,0.015570618,0.98442936
2683,0,0,1,0.99730146,0.002698561,0.99730146
13622,1,1,1,5.4836273e-06,0.9999945,0.9999945
12710,1,1,1,1.66893e-06,0.99999833,0.99999833
18248,1,1,1,2.360344e-05,0.9999764,0.9999764
9004,0,0,1,0.9999999,1.1415362e-07,0.9999999
15398,1,1,1,9.357929e-05,0.9999064,0.9999064
19186,1,1,1,8.34465e-07,0.99999917,0.99999917
14272,1,1,1,3.8146973e-06,0.9999962,0.9999962
14607,1,1,1,9.536743e-07,0.99999905,0.99999905
5645,0,0,1,0.9998585,0.00014148351,0.9998585
5009,0,0,1,0.9990635,0.0009365228,0.9990635
3254,0,0,1,0.9998778,0.00012218718,0.9998778
5028,0,0,1,0.9517144,0.048285592,0.9517144
2497,0,0,1,0.99964356,0.00035641858,0.99964356
7415,0,0,1,0.990548,0.009451992,0.990548
7097,0,0,1,0.9964546,0.0035453965,0.9964546
1292,0,0,1,0.9997624,0.00023760357,0.9997624
9493,0,0,1,0.9999809,1.9063884e-05,0.9999809
11814,1,1,1,5.1259995e-06,0.9999949,0.9999949
981,0,0,1,0.9986636,0.0013363945,0.9986636
12274,1,1,1,0.0003193617,0.99968064,0.99968064
2999,0,0,1,0.9999804,1.9639017e-05,0.9999804
10633,1,1,1,4.1604042e-05,0.9999584,0.9999584
16081,1,1,1,0.20809835,0.79190165,0.79190165
15504,1,1,1,4.7683716e-07,0.9999995,0.9999995
16576,1,1,1,0.041446686,0.9585533,0.9585533
14119,1,1,1,8.940697e-06,0.99999106,0.99999106
3520,0,0,1,0.9974786,0.0025213931,0.9974786
4402,0,0,1,0.99889797,0.0011020153,0.99889797
18330,1,1,1,3.6478043e-05,0.9999635,0.9999635
1623,0,0,1,0.99804556,0.0019544268,0.99804556
12629,1,1,1,9.298325e-06,0.9999907,0.9999907
9152,0,0,1,0.9999977,2.338377e-06,0.9999977
12045,1,1,1,0.00026112795,0.9997389,0.9997389
9209,0,0,1,0.99999774,2.2787692e-06,0.99999774
1626,0,1,0,0.47164577,0.5283542,0.5283542
776,0,0,1,0.91897446,0.081025556,0.91897446
2626,0,0,1,0.9998307,0.00016925205,0.9998307
13675,1,1,1,1.2755394e-05,0.99998724,0.99998724
6787,0,0,1,0.97025156,0.029748414,0.97025156
17359,1,1,1,5.1259995e-06,0.9999949,0.9999949
18371,1,1,1,0.0012351274,0.9987649,0.9987649
18450,1,1,1,0.0003864169,0.9996136,0.9996136
8902,0,0,1,0.9999906,9.390006e-06,0.9999906
4545,0,0,1,0.99989945,0.00010055518,0.99989945
9747,0,0,1,0.9999991,9.104338e-07,0.9999991
8173,0,0,1,0.99999726,2.7206029e-06,0.99999726
3857,0,0,1,0.9905351,0.0094649475,0.9905351
5336,0,0,1,0.99927837,0.0007216099,0.99927837
15707,1,1,1,3.5762787e-07,0.99999964,0.99999964
10807,1,1,1,1.8835068e-05,0.99998116,0.99998116
10560,1,1,1,1.41859055e-05,0.9999858,0.9999858
14374,1,1,1,7.1525574e-07,0.9999993,0.9999993
7495,0,0,1,0.9999974,2.6256794e-06,0.9999974
2144,0,0,1,0.9953614,0.0046385867,0.9953614
8320,0,0,1,0.9999991,9.036934e-07,0.9999991
13987,1,1,1,1.1920929e-07,0.9999999,0.9999999
2470,0,0,1,0.9998723,0.00012765202,0.9998723
5373,0,0,1,0.9806979,0.019302106,0.9806979
155,0,0,1,0.999402,0.00059799704,0.999402
9218,0,0,1,0.9999988,1.1820398e-06,0.9999988
14565,1,1,1,0.0,1.0,1.0
19090,1,1,1,2.503395e-06,0.9999975,0.9999975
7227,0,0,1,0.9998898,0.00011019302,0.9998898
8229,0,0,1,0.99742156,0.0025784282,0.99742156
5467,0,0,1,0.9998266,0.00017341925,0.9998266
4910,0,0,1,0.99820876,0.0017912145,0.99820876
6519,0,0,1,0.999681,0.000319025,0.999681
17326,1,1,1,0.0066998005,0.9933002,0.9933002
10276,1,1,1,8.606911e-05,0.99991393,0.99991393
17938,1,1,1,0.0007433295,0.9992567,0.9992567
8806,0,0,1,0.9999817,1.827025e-05,0.9999817
9473,0,0,1,0.99999934,6.7978056e-07,0.99999934
4114,0,0,1,0.9997845,0.00021549218,0.9997845
11006,1,1,1,3.85046e-05,0.9999615,0.9999615
13650,1,1,1,9.298325e-06,0.9999907,0.9999907
11374,1,1,1,7.2717667e-06,0.9999927,0.9999927
15808,1,1,1,0.0,1.0,1.0
18072,1,1,1,0.00075757504,0.9992424,0.9992424
9920,0,0,1,0.9999844,1.5642996e-05,0.9999844
5277,0,1,0,0.003204763,0.99679524,0.99679524
9696,0,0,1,0.99999845,1.5418009e-06,0.99999845
17687,1,1,1,2.5629997e-05,0.99997437,0.99997437
4688,0,0,1,0.99965304,0.00034694918,0.99965304
5540,0,0,1,0.9998259,0.00017407977,0.9998259
7041,0,0,1,0.9976306,0.0023693803,0.9976306
2797,0,0,1,0.9987395,0.0012605374,0.9987395
8578,0,0,1,0.9999985,1.5032368e-06,0.9999985
15206,1,1,1,5.722046e-06,0.9999943,0.9999943
6710,0,0,1,0.90726566,0.09273431,0.90726566
1797,0,0,1,0.9967619,0.0032381034,0.9967619
12931,1,1,1,1.4305115e-06,0.99999857,0.99999857
12444,1,1,1,0.000106453896,0.99989355,0.99989355
6210,0,0,1,0.9999709,2.9112078e-05,0.9999709
18696,1,1,1,1.7881393e-06,0.9999982,0.9999982
6223,0,0,1,0.99998856,1.1420645e-05,0.99998856
14558,1,1,1,0.0,1.0,1.0
9092,0,0,1,0.999999,9.864689e-07,0.999999
7318,0,0,1,0.99930257,0.00069742335,0.99930257
7669,0,0,1,0.99999857,1.4514868e-06,0.99999857
2420,0,0,1,0.9667098,0.033290226,0.9667098
5798,0,0,1,0.99945587,0.0005441118,0.99945587
16827,1,0,0,0.9998957,0.00010433057,0.9998957
6516,0,0,1,0.9988398,0.0011601886,0.9988398
3787,0,0,1,0.9999874,1.259463e-05,0.9999874
12963,1,1,1,3.838539e-05,0.9999616,0.9999616
14912,1,1,1,7.9751015e-05,0.99992025,0.99992025
6780,0,0,1,0.9998475,0.00015250927,0.9998475
2805,0,0,1,0.99910283,0.0008971697,0.99910283
15424,1,1,1,0.14498627,0.8550137,0.8550137
7110,0,0,1,0.8761153,0.12388468,0.8761153
9354,0,0,1,0.9999997,3.1641906e-07,0.9999997
4994,0,0,1,0.999424,0.0005760207,0.999424
19697,1,1,1,5.1259995e-06,0.9999949,0.9999949
482,0,0,1,0.99957836,0.00042166127,0.99957836
5739,0,0,1,0.99032384,0.009676177,0.99032384
4789,0,0,1,0.9998823,0.00011772865,0.9998823
12647,1,1,1,1.5497208e-06,0.99999845,0.99999845
14528,1,1,1,3.5762787e-07,0.99999964,0.99999964
5570,0,0,1,0.99925715,0.0007428642,0.99925715
2157,0,0,1,0.9966239,0.0033761472,0.9966239
7902,0,0,1,0.86107975,0.13892026,0.86107975
11040,1,1,1,0.00035595894,0.99964404,0.99964404
10155,1,1,1,3.6120415e-05,0.9999639,0.9999639
134,0,0,1,0.9992216,0.0007784001,0.9992216
4480,0,0,1,0.9974105,0.002589538,0.9974105
4270,0,0,1,0.9942915,0.0057085156,0.9942915
9443,0,0,1,0.9999992,7.568009e-07,0.9999992
15108,1,1,1,1.680851e-05,0.9999832,0.9999832
17989,1,1,1,0.05195582,0.9480442,0.9480442
7870,0,0,1,0.9999996,4.360536e-07,0.9999996
1690,0,0,1,0.99993116,6.8842855e-05,0.99993116
12100,1,1,1,6.3180923e-06,0.9999937,0.9999937
1981,0,0,1,0.9410888,0.05891121,0.9410888
12541,1,1,1,2.1457672e-06,0.99999785,0.99999785
16551,1,1,1,0.44700557,0.55299443,0.55299443
12058,1,1,1,3.8027763e-05,0.999962,0.999962
15162,1,1,1,1.1920929e-07,0.9999999,0.9999999
13190,1,1,1,0.14665973,0.85334027,0.85334027
2075,0,0,1,0.9991866,0.0008134519,0.9991866
13257,1,1,1,3.20673e-05,0.99996793,0.99996793
10006,1,1,1,1.3947487e-05,0.99998605,0.99998605
8634,0,0,1,0.999996,3.9638508e-06,0.999996
12021,1,1,1,1.8835068e-05,0.99998116,0.99998116
11336,1,1,1,1.9073486e-06,0.9999981,0.9999981
236,0,0,1,0.9797247,0.020275319,0.9797247
8796,0,0,1,0.9999985,1.5011394e-06,0.9999985
12474,1,1,1,3.33786e-06,0.99999666,0.99999666
10087,1,1,1,3.5762787e-06,0.9999964,0.9999964
3096,0,0,1,0.999883,0.00011701326,0.999883
8670,0,0,1,0.99999475,5.2230635e-06,0.99999475
8323,0,0,1,0.9999307,6.929673e-05,0.9999307
5672,0,0,1,0.99985856,0.00014146247,0.99985856
9034,0,0,1,0.9999978,2.2068273e-06,0.9999978
9729,0,0,1,0.9999996,4.265171e-07,0.9999996
4367,0,0,1,0.99855596,0.0014440584,0.99855596
10819,1,1,1,6.067753e-05,0.9999393,0.9999393
7675,0,0,1,0.99998903,1.09513785e-05,0.99998903
4694,0,0,1,0.99990684,9.317916e-05,0.99990684
12407,1,1,1,3.8146973e-06,0.9999962,0.9999962
4053,0,0,1,0.99996644,3.354944e-05,0.99996644
10966,1,1,1,6.580353e-05,0.9999342,0.9999342
17833,1,1,1,2.8014183e-05,0.999972,0.999972
2747,0,0,1,0.9996985,0.00030148975,0.9996985
8602,0,0,1,0.9999995,4.868994e-07,0.9999995
18757,1,1,1,2.6464462e-05,0.99997354,0.99997354
2791,0,0,1,0.9997058,0.0002942168,0.9997058
14067,1,1,1,2.861023e-06,0.99999714,0.99999714
10039,1,1,1,0.00024288893,0.9997571,0.9997571
8706,0,0,1,0.999997,2.9606076e-06,0.999997
4236,0,0,1,0.99995536,4.4666333e-05,0.99995536
1061,0,0,1,0.99999124,8.744336e-06,0.99999124
9688,0,0,1,0.9999996,4.3574641e-07,0.9999996
4500,0,0,1,0.99992305,7.697078e-05,0.99992305
8568,0,0,1,0.99999356,6.4353176e-06,0.99999356
13144,1,1,1,3.3140182e-05,0.99996686,0.99996686
4303,0,0,1,0.9999715,2.8515356e-05,0.9999715
13457,1,1,1,1.3113022e-06,0.9999987,0.9999987
10967,1,1,1,0.00015187263,0.9998481,0.9998481
9214,0,0,1,0.9999933,6.662131e-06,0.9999933
646,0,0,1,0.999897,0.00010300159,0.999897
4722,0,0,1,0.9985305,0.0014694835,0.9985305
10994,1,1,1,3.71933e-05,0.9999628,0.9999628
15440,1,1,1,0.25812364,0.74187636,0.74187636
11376,1,1,1,2.9802322e-06,0.999997,0.999997
11938,1,1,1,3.8146973e-06,0.9999962,0.9999962
1543,0,0,1,0.986793,0.01320704,0.986793
4959,0,0,1,0.99998945,1.0570169e-05,0.99998945
16823,1,1,1,0.1845845,0.8154155,0.8154155
16942,1,1,1,8.106232e-06,0.9999919,0.9999919
16809,1,1,1,1.0967255e-05,0.99998903,0.99998903
5970,0,0,1,0.9982718,0.0017281865,0.9982718
10872,1,1,1,5.4955482e-05,0.99994504,0.99994504
17320,1,1,1,9.012222e-05,0.9999099,0.9999099
7805,0,0,1,0.9999995,4.4926648e-07,0.9999995
3281,0,0,1,0.9999234,7.659355e-05,0.9999234
2434,0,0,1,0.9998476,0.00015240432,0.9998476
12118,1,1,1,2.026558e-06,0.999998,0.999998
620,0,0,1,0.99992955,7.043169e-05,0.99992955
5231,0,0,1,0.9988624,0.0011376283,0.9988624
14547,1,1,1,3.33786e-06,0.99999666,0.99999666
11971,1,1,1,2.1457672e-06,0.99999785,0.99999785
8838,0,0,1,0.9999916,8.396966e-06,0.9999916
12105,1,1,1,1.4066696e-05,0.99998593,0.99998593
633,0,0,1,0.99993426,6.57194e-05,0.99993426
4046,0,0,1,0.99995023,4.975855e-05,0.99995023
17824,1,1,1,2.3841858e-06,0.9999976,0.9999976
8850,0,0,1,0.99999434,5.6831127e-06,0.99999434
18742,1,1,1,3.9935112e-05,0.99996006,0.99996006
15036,1,1,1,5.9604645e-06,0.99999404,0.99999404
13485,1,1,1,1.7881393e-05,0.9999821,0.9999821
1410,0,0,1,0.9998703,0.0001297253,0.9998703
12260,1,1,1,1.9907951e-05,0.9999801,0.9999801
1388,0,0,1,0.6522182,0.3477818,0.6522182
10935,1,1,1,3.5881996e-05,0.9999641,0.9999641
1343,0,0,1,0.9999947,5.297311e-06,0.9999947
3300,0,0,1,0.99954325,0.0004567291,0.99954325
1049,0,0,1,0.99370384,0.006296143,0.99370384
3593,0,0,1,0.9916255,0.0083745,0.9916255
17093,1,1,1,2.2292137e-05,0.9999777,0.9999777
10243,1,1,1,2.7418137e-06,0.99999726,0.99999726
15483,1,1,1,9.536743e-07,0.99999905,0.99999905
4908,0,0,1,0.8951561,0.1048439,0.8951561
526,0,0,1,0.9999297,7.027833e-05,0.9999297
717,0,0,1,0.9961666,0.0038334087,0.9961666
19399,1,1,1,3.5762787e-06,0.9999964,0.9999964
2692,0,0,1,0.99897736,0.0010226322,0.99897736
3079,0,0,1,0.9999282,7.181492e-05,0.9999282
2894,0,0,1,0.99993384,6.61795e-05,0.99993384
19538,1,1,1,2.9802322e-06,0.999997,0.999997
9348,0,0,1,0.9999723,2.7689131e-05,0.9999723
16996,1,1,1,0.038088262,0.96191174,0.96191174
12898,1,1,1,8.225441e-06,0.9999918,0.9999918
18773,1,1,1,2.3841858e-07,0.99999976,0.99999976
12217,1,1,1,5.364418e-06,0.99999464,0.99999464
2126,0,0,1,0.9940834,0.0059166136,0.9940834
3045,0,0,1,0.99902815,0.00097182835,0.99902815
7297,0,0,1,0.9995304,0.00046962203,0.9995304
3148,0,0,1,0.9807626,0.01923739,0.9807626
17066,1,0,0,0.999798,0.00020197687,0.999798
15695,1,1,1,4.7683716e-07,0.9999995,0.9999995
5242,0,0,1,0.99998516,1.4840915e-05,0.99998516
18631,1,1,1,0.00011539459,0.9998846,0.9998846
13933,1,1,1,1.3113022e-06,0.9999987,0.9999987
16875,1,0,0,0.9941234,0.005876582,0.9941234
3179,0,0,1,0.99999756,2.4519866e-06,0.99999756
18539,1,1,1,0.0021224022,0.9978776,0.9978776
1266,0,0,1,0.99961615,0.00038383662,0.99961615
12565,1,1,1,2.861023e-06,0.99999714,0.99999714
9801,0,0,1,0.99986875,0.0001312609,0.99986875
12930,1,1,1,0.00016725063,0.99983275,0.99983275
18040,1,1,1,0.0017545223,0.9982455,0.9982455
16722,1,1,1,0.12948817,0.87051183,0.87051183
8990,0,0,1,0.99999267,7.316343e-06,0.99999267
10760,1,1,1,1.4543533e-05,0.99998546,0.99998546
15075,1,1,1,0.0019077659,0.99809223,0.99809223
8165,0,0,1,0.99999887,1.1301036e-06,0.99999887
5565,0,1,0,7.855892e-05,0.99992144,0.99992144
15054,1,1,1,0.0024241805,0.9975758,0.9975758
14717,1,1,1,2.3841858e-07,0.99999976,0.99999976
13913,1,1,1,6.198883e-06,0.9999938,0.9999938
16096,1,0,0,0.9878684,0.012131565,0.9878684
5473,0,0,1,0.9999945,5.4993397e-06,0.9999945
8408,0,0,1,0.99999934,6.6304625e-07,0.99999934
12193,1,1,1,8.85725e-05,0.9999114,0.9999114
1855,0,0,1,0.99968547,0.0003145558,0.99968547
16241,1,0,0,0.99993414,6.5851076e-05,0.99993414
15437,1,1,1,0.010827184,0.9891728,0.9891728
10378,1,1,1,1.9073486e-06,0.9999981,0.9999981
4464,0,0,1,0.99831384,0.0016861629,0.99831384
3399,0,0,1,0.99950504,0.0004949416,0.99950504
10645,1,1,1,6.67572e-06,0.9999933,0.9999933
12071,1,1,1,2.682209e-05,0.9999732,0.9999732
8550,0,0,1,0.9999962,3.7951318e-06,0.9999962
2760,0,0,1,0.997995,0.0020049622,0.997995
16720,1,0,0,0.80978525,0.19021478,0.80978525
12608,1,1,1,4.529953e-06,0.99999547,0.99999547
9320,0,0,1,0.9999994,6.1172227e-07,0.9999994
65,0,0,1,0.99999726,2.7177139e-06,0.99999726
12682,1,1,1,3.695488e-06,0.9999963,0.9999963
10112,1,1,1,2.0503998e-05,0.9999795,0.9999795
823,0,0,1,0.99974203,0.00025797173,0.99974203
15399,1,1,1,1.3232231e-05,0.99998677,0.99998677
5874,0,0,1,0.99996054,3.9430965e-05,0.99996054
10597,1,1,1,6.67572e-06,0.9999933,0.9999933
10766,1,1,1,8.583069e-06,0.9999914,0.9999914
2736,0,0,1,0.99927366,0.0007263508,0.99927366
17456,1,1,1,1.5854836e-05,0.99998415,0.99998415
12075,1,1,1,4.1365623e-05,0.99995863,0.99995863
10882,1,1,1,6.151199e-05,0.9999385,0.9999385
14467,1,1,1,6.7949295e-06,0.9999932,0.9999932
6491,0,0,1,0.9984449,0.0015550822,0.9984449
18280,1,1,1,7.379055e-05,0.9999262,0.9999262
11775,1,1,1,2.861023e-06,0.99999714,0.99999714
13226,1,1,1,1.5497208e-06,0.99999845,0.99999845
15091,1,1,1,5.555153e-05,0.99994445,0.99994445
18012,1,1,1,8.225441e-05,0.99991775,0.99991775
12934,1,1,1,9.298325e-06,0.9999907,0.9999907
13701,1,1,1,2.7537346e-05,0.99997246,0.99997246
9321,0,0,1,0.9999931,6.9373627e-06,0.9999931
1772,0,0,1,0.9935677,0.0064323037,0.9935677
4990,0,0,1,0.9972191,0.002780937,0.9972191
12267,1,1,1,6.7949295e-06,0.9999932,0.9999932
6924,0,0,1,0.9996801,0.00031991742,0.9996801
13523,1,1,1,2.2649765e-06,0.99999774,0.99999774
10079,1,1,1,6.854534e-05,0.99993145,0.99993145
18101,1,1,1,2.7418137e-06,0.99999726,0.99999726
9205,0,0,1,0.99999297,7.035932e-06,0.99999297
17483,1,1,1,4.0769577e-05,0.99995923,0.99995923
1342,0,0,1,0.94783217,0.05216782,0.94783217
19893,1,1,1,2.002716e-05,0.99998,0.99998
17243,1,0,0,0.8619027,0.13809727,0.8619027
363,0,0,1,0.99999255,7.464422e-06,0.99999255
14386,1,1,1,2.3841858e-07,0.99999976,0.99999976
14961,1,1,1,0.0035949945,0.996405,0.996405
13719,1,1,1,0.0005991459,0.99940085,0.99940085
14765,1,1,1,2.026558e-06,0.999998,0.999998
4818,0,0,1,0.9999565,4.3510146e-05,0.9999565
9720,0,0,1,0.99998623,1.3778628e-05,0.99998623
9462,0,0,1,0.99999285,7.1478557e-06,0.99999285
10526,1,1,1,1.1444092e-05,0.99998856,0.99998856
2344,0,0,1,0.9994047,0.0005952893,0.9994047
1391,0,0,1,0.8448248,0.15517524,0.8448248
4469,0,0,1,0.9999818,1.815591e-05,0.9999818
10759,1,1,1,1.0728836e-05,0.9999893,0.9999893
5179,0,0,1,0.9999607,3.9276645e-05,0.9999607
12239,1,1,1,0.0004940033,0.999506,0.999506
6759,0,0,1,0.99976176,0.00023824486,0.99976176
17427,1,1,1,0.009381473,0.9906185,0.9906185
19153,1,1,1,3.1232834e-05,0.99996877,0.99996877
17680,1,1,1,9.536743e-07,0.99999905,0.99999905
10446,1,1,1,6.914139e-06,0.9999931,0.9999931
988,0,0,1,0.9999341,6.5948865e-05,0.9999341
18264,1,1,1,8.6307526e-05,0.9999137,0.9999137
12378,1,1,1,1.66893e-06,0.99999833,0.99999833
6740,0,0,1,0.99541885,0.0045811515,0.99541885
12109,1,1,1,5.4717064e-05,0.9999453,0.9999453
7428,0,0,1,0.9998372,0.00016277458,0.9998372
17017,1,1,1,0.00053721666,0.9994628,0.9994628
6352,0,0,1,0.99990994,9.0057176e-05,0.99990994
7658,0,0,1,0.9999997,3.0159424e-07,0.9999997
15694,1,1,1,4.4107437e-06,0.9999956,0.9999956
2972,0,0,1,0.99974567,0.00025433602,0.99974567
2049,0,0,1,0.99976766,0.00023231572,0.99976766
3276,0,0,1,0.9988321,0.0011678643,0.9988321
2106,0,0,1,0.9999824,1.7608032e-05,0.9999824
19724,1,1,1,1.3113022e-06,0.9999987,0.9999987
13333,1,1,1,7.5101852e-06,0.9999925,0.9999925
16570,1,0,0,0.9421737,0.057826288,0.9421737
13969,1,1,1,1.66893e-06,0.99999833,0.99999833
1302,0,0,1,0.9999444,5.562291e-05,0.9999444
1888,0,0,1,0.9997883,0.00021174015,0.9997883
4398,0,0,1,0.99985516,0.00014482481,0.99985516
2422,0,0,1,0.9992526,0.00074740127,0.9992526
1918,0,0,1,0.9999063,9.372515e-05,0.9999063
6648,0,0,1,0.9998211,0.0001788744,0.9998211
11083,1,1,1,6.6161156e-05,0.99993384,0.99993384
8279,0,0,1,0.99999297,7.0487463e-06,0.99999297
15542,1,1,1,4.9829483e-05,0.9999502,0.9999502
12820,1,1,1,4.053116e-06,0.99999595,0.99999595
5088,0,0,1,0.9969096,0.0030903632,0.9969096
12731,1,1,1,1.1920929e-06,0.9999988,0.9999988
14030,1,1,1,0.00013661385,0.9998634,0.9998634
6656,0,0,1,0.99946684,0.00053317094,0.99946684
15927,1,1,1,7.033348e-06,0.99999297,0.99999297
3064,0,0,1,0.9993894,0.0006105926,0.9993894
10142,1,1,1,3.552437e-05,0.9999645,0.9999645
6051,0,0,1,0.9303186,0.06968141,0.9303186
17098,1,1,1,0.2762885,0.7237115,0.7237115
16686,1,1,1,0.23192722,0.7680728,0.7680728
18299,1,0,0,0.9994568,0.0005431794,0.9994568
8220,0,0,1,0.9999911,8.859662e-06,0.9999911
13737,1,1,1,1.4305115e-06,0.99999857,0.99999857
8916,0,0,1,0.9998645,0.00013545697,0.9998645
10081,1,1,1,4.529953e-06,0.99999547,0.99999547
2587,0,0,1,0.9999471,5.2922947e-05,0.9999471
4563,0,0,1,0.99998266,1.7326372e-05,0.99998266
6697,0,0,1,0.9924802,0.0075197536,0.9924802
2784,0,0,1,0.9999524,4.7632384e-05,0.9999524
16636,1,1,1,0.0012225509,0.99877745,0.99877745
8592,0,0,1,0.99999917,8.065774e-07,0.99999917
11027,1,1,1,1.7762184e-05,0.99998224,0.99998224
4533,0,0,1,0.99588,0.0041199755,0.99588
9021,0,0,1,0.9999952,4.834726e-06,0.9999952
13383,1,1,1,1.1086464e-05,0.9999889,0.9999889
17419,1,1,1,6.0796738e-06,0.9999939,0.9999939
10896,1,1,1,0.0003348589,0.99966514,0.99966514
2744,0,0,1,0.99993366,6.635411e-05,0.99993366
5347,0,0,1,0.9551098,0.044890225,0.9551098
13984,1,1,1,0.0,1.0,1.0
6308,0,0,1,0.9999313,6.871627e-05,0.9999313
12441,1,1,1,1.3113022e-06,0.9999987,0.9999987
10462,1,1,1,1.168251e-05,0.9999883,0.9999883
2994,0,0,1,0.99998164,1.8342787e-05,0.99998164
5049,0,0,1,0.99976104,0.00023893845,0.99976104
7390,0,0,1,0.9999684,3.159111e-05,0.9999684
1309,0,0,1,0.9982524,0.0017475985,0.9982524
6082,0,0,1,0.9985764,0.0014236267,0.9985764
1001,0,0,1,0.99971986,0.00028014794,0.99971986
18409,1,1,1,0.01906991,0.9809301,0.9809301
5526,0,0,1,0.99960345,0.00039656632,0.99960345
9837,0,0,1,0.99998784,1.2145883e-05,0.99998784
11672,1,1,1,5.2452087e-06,0.99999475,0.99999475
14783,1,1,1,1.7881393e-06,0.9999982,0.9999982
18179,1,1,1,0.013489544,0.98651046,0.98651046
6092,0,0,1,0.9999726,2.742604e-05,0.9999726
14349,1,1,1,8.177757e-05,0.9999182,0.9999182
11253,1,1,1,2.3841858e-06,0.9999976,0.9999976
15531,1,1,1,8.34465e-07,0.99999917,0.99999917
11463,1,1,1,4.4107437e-06,0.9999956,0.9999956
9671,0,0,1,0.9999981,1.8965462e-06,0.9999981
1649,0,0,1,0.9997387,0.00026133578,0.9997387
8163,0,0,1,0.99999446,5.5493097e-06,0.99999446
3359,0,0,1,0.99738723,0.0026127505,0.99738723
9241,0,0,1,0.99998754,1.2471569e-05,0.99998754
7674,0,0,1,0.9999971,2.9494593e-06,0.9999971
10918,1,1,1,2.002716e-05,0.99998,0.99998
17264,1,1,1,0.17163247,0.82836753,0.82836753
3831,0,0,1,0.9987059,0.0012940592,0.9987059
10037,1,1,1,1.2278557e-05,0.9999877,0.9999877
9008,0,0,1,0.999999,1.0369159e-06,0.999999
13272,1,1,1,3.695488e-06,0.9999963,0.9999963
5039,0,0,1,0.9993877,0.0006123465,0.9993877
11309,1,1,1,1.3113022e-06,0.9999987,0.9999987
75,0,0,1,0.9984539,0.0015460603,0.9984539
9693,0,0,1,0.89715487,0.10284514,0.89715487
1572,0,0,1,0.99969304,0.00030694314,0.99969304
19863,1,1,1,8.440018e-05,0.9999156,0.9999156
1647,0,0,1,0.9999671,3.2915304e-05,0.9999671
11632,1,1,1,4.887581e-06,0.9999951,0.9999951
11563,1,1,1,4.7683716e-06,0.99999523,0.99999523
4172,0,0,1,0.85770243,0.14229757,0.85770243
16388,1,0,0,0.9946145,0.0053854897,0.9946145
5459,0,0,1,0.9984564,0.0015435676,0.9984564
16553,1,1,1,0.00033080578,0.9996692,0.9996692
3516,0,0,1,0.9778464,0.022153616,0.9778464
14795,1,1,1,4.7683716e-07,0.9999995,0.9999995
12270,1,1,1,1.0728836e-05,0.9999893,0.9999893
3863,0,0,1,0.99999446,5.551104e-06,0.99999446
406,0,0,1,0.9961699,0.003830105,0.9961699
14892,1,1,1,2.3841858e-07,0.99999976,0.99999976
16221,1,0,0,0.99810064,0.0018993348,0.99810064
12506,1,1,1,0.00015830994,0.9998417,0.9998417
8416,0,0,1,0.9999996,3.922595e-07,0.9999996
14236,1,1,1,1.0728836e-06,0.9999989,0.9999989
13669,1,1,1,0.3407606,0.6592394,0.6592394
18335,1,1,1,2.4080276e-05,0.9999759,0.9999759
13397,1,1,1,1.4305115e-06,0.99999857,0.99999857
19695,1,1,1,6.67572e-06,0.9999933,0.9999933
3159,0,0,1,0.999603,0.00039701854,0.999603
10299,1,1,1,2.7418137e-06,0.99999726,0.99999726
18958,1,1,1,0.00022822618,0.9997718,0.9997718
1620,0,0,1,0.99997437,2.5659036e-05,0.99997437
9540,0,0,1,0.9999993,7.3643037e-07,0.9999993
11643,1,1,1,5.9604645e-06,0.99999404,0.99999404
11630,1,1,1,1.0848045e-05,0.99998915,0.99998915
5960,0,0,1,0.99952644,0.00047358475,0.99952644
4719,0,0,1,0.9999854,1.4604701e-05,0.9999854
12458,1,1,1,1.835823e-05,0.99998164,0.99998164
877,0,0,1,0.9950835,0.0049164603,0.9950835
5389,0,0,1,0.9997292,0.0002708043,0.9997292
14294,1,1,1,5.9604645e-07,0.9999994,0.9999994
3971,0,0,1,0.9997033,0.0002966897,0.9997033
9871,0,0,1,0.9999988,1.1757539e-06,0.9999988
833,0,0,1,0.99986935,0.00013062847,0.99986935
10995,1,1,1,1.9192696e-05,0.9999808,0.9999808
2,0,0,1,0.9990197,0.0009803254,0.9990197
4148,0,0,1,0.99867743,0.0013225569,0.99867743
3601,0,0,1,0.99987835,0.00012168116,0.99987835
923,0,0,1,0.99924093,0.00075904105,0.99924093
3315,0,0,1,0.9995024,0.0004975873,0.9995024
18171,1,1,1,5.698204e-05,0.999943,0.999943
10767,1,1,1,6.067753e-05,0.9999393,0.9999393
7778,0,0,1,0.9999672,3.2778607e-05,0.9999672
8414,0,0,1,0.999999,1.0366617e-06,0.999999
4092,0,0,1,0.9997828,0.00021717118,0.9997828
11452,1,1,1,6.67572e-06,0.9999933,0.9999933
12068,1,1,1,6.67572e-06,0.9999933,0.9999933
1307,0,0,1,0.9999723,2.7719329e-05,0.9999723
4513,0,0,1,0.9997666,0.00023341409,0.9997666
5206,0,0,1,0.9860959,0.013904071,0.9860959
9944,0,0,1,0.99999565,4.3242567e-06,0.99999565
15906,1,1,1,4.529953e-06,0.99999547,0.99999547
17921,1,1,1,0.0005583167,0.9994417,0.9994417
3670,0,0,1,0.9986689,0.0013311165,0.9986689
5376,0,0,1,0.9999813,1.8736268e-05,0.9999813
10309,1,1,1,1.4305115e-06,0.99999857,0.99999857
16390,1,0,0,0.99730897,0.0026910307,0.99730897
11709,1,1,1,4.1007996e-05,0.999959,0.999959
15299,1,1,1,0.00037539005,0.9996246,0.9996246
4678,0,0,1,0.99998313,1.689481e-05,0.99998313
16909,1,1,1,0.0003581047,0.9996419,0.9996419
15833,1,1,1,1.1920929e-07,0.9999999,0.9999999
4573,0,0,1,0.99993366,6.635771e-05,0.99993366
18394,1,1,1,0.00034368038,0.9996563,0.9996563
12646,1,1,1,2.3841858e-06,0.9999976,0.9999976
2476,0,0,1,0.99428064,0.0057193707,0.99428064
8208,0,0,1,0.999953,4.7021076e-05,0.999953
12686,1,1,1,3.0994415e-06,0.9999969,0.9999969
18881,1,1,1,1.859665e-05,0.9999814,0.9999814
3301,0,0,1,0.9999037,9.633363e-05,0.9999037
14936,1,0,0,0.73435146,0.26564854,0.73435146
15665,1,1,1,0.0018061996,0.9981938,0.9981938
95,0,1,0,0.40940034,0.59059966,0.59059966
4113,0,0,1,0.9996426,0.00035740293,0.9996426
262,0,0,1,0.9999693,3.0667255e-05,0.9999693
11286,1,1,1,8.34465e-07,0.99999917,0.99999917
7393,0,0,1,0.9984386,0.001561385,0.9984386
3280,0,0,1,0.9999524,4.7612903e-05,0.9999524
14449,1,1,1,1.1920929e-07,0.9999999,0.9999999
11811,1,1,1,5.4836273e-06,0.9999945,0.9999945
15453,1,1,1,4.7683716e-07,0.9999995,0.9999995
15667,1,1,1,2.3841858e-07,0.99999976,0.99999976
9630,0,0,1,0.99999285,7.147474e-06,0.99999285
2266,0,0,1,0.95104706,0.048952926,0.95104706
8624,0,0,1,0.99999297,7.0229735e-06,0.99999297
18307,1,1,1,1.1205673e-05,0.9999888,0.9999888
11466,1,1,1,4.4107437e-06,0.9999956,0.9999956
11361,1,1,1,4.053116e-06,0.99999595,0.99999595
5066,0,0,1,0.9999573,4.269239e-05,0.9999573
9489,0,0,1,0.9999995,4.7353848e-07,0.9999995
9640,0,0,1,0.99999917,8.593975e-07,0.99999917
5412,0,0,1,0.99995375,4.6277597e-05,0.99995375
12906,1,1,1,0.0043494105,0.9956506,0.9956506
6723,0,0,1,0.9963057,0.003694313,0.9963057
5984,0,0,1,0.9996977,0.0003022919,0.9996977
4291,0,0,1,0.99984974,0.00015027654,0.99984974
4941,0,0,1,0.9972763,0.0027237027,0.9972763
11123,1,1,1,5.8054924e-05,0.99994195,0.99994195
11789,1,1,1,4.4107437e-06,0.9999956,0.9999956
15693,1,1,1,1.3113022e-06,0.9999987,0.9999987
16945,1,0,0,0.977848,0.022151982,0.977848
5917,0,0,1,0.9999961,3.903648e-06,0.9999961
3230,0,0,1,0.9999949,5.124572e-06,0.9999949
18100,1,1,1,0.0017850399,0.99821496,0.99821496
15060,1,1,1,0.0011615157,0.9988385,0.9988385
12013,1,1,1,1.5497208e-06,0.99999845,0.99999845
6923,0,0,1,0.9967163,0.0032836944,0.9967163
19200,1,1,1,2.861023e-06,0.99999714,0.99999714
15028,1,1,1,2.861023e-05,0.9999714,0.9999714
18063,1,1,1,0.00013911724,0.9998609,0.9998609
3385,0,0,1,0.9908204,0.009179566,0.9908204
17743,1,1,1,0.01727873,0.98272127,0.98272127
1381,0,0,1,0.9999528,4.7208254e-05,0.9999528
11156,1,1,1,6.055832e-05,0.99993944,0.99993944
14222,1,1,1,0.00016057491,0.9998394,0.9998394
14107,1,1,1,1.1920929e-06,0.9999988,0.9999988
14101,1,1,1,1.0728836e-06,0.9999989,0.9999989
2509,0,0,1,0.999276,0.0007240432,0.999276
7905,0,0,1,0.999502,0.00049800135,0.999502
15623,1,1,1,2.1457672e-06,0.99999785,0.99999785
4644,0,0,1,0.9999368,6.3180014e-05,0.9999368
13490,1,1,1,2.002716e-05,0.99998,0.99998
2121,0,0,1,0.99998325,1.67614e-05,0.99998325
19122,1,1,1,2.3841858e-07,0.99999976,0.99999976
17872,1,1,1,1.2516975e-05,0.9999875,0.9999875
2337,0,0,1,0.9264803,0.0735197,0.9264803
805,0,0,1,0.9998053,0.00019474924,0.9998053
10721,1,1,1,1.5974045e-05,0.999984,0.999984
17521,1,1,1,9.202957e-05,0.999908,0.999908
19531,1,1,1,5.00679e-06,0.999995,0.999995
18091,1,1,1,0.009017646,0.99098235,0.99098235
10811,1,1,1,1.680851e-05,0.9999832,0.9999832
13337,1,1,1,4.053116e-06,0.99999595,0.99999595
6361,0,0,1,0.9802462,0.019753791,0.9802462
15489,1,1,1,1.7881393e-06,0.9999982,0.9999982
4453,0,0,1,0.99969643,0.0003035667,0.99969643
6966,0,0,1,0.9734256,0.026574347,0.9734256
4089,0,0,1,0.975196,0.024803983,0.975196
1482,0,0,1,0.9998204,0.0001796146,0.9998204
8703,0,0,1,0.99974704,0.00025293417,0.99974704
13614,1,1,1,1.1920929e-05,0.9999881,0.9999881
7223,0,0,1,0.9987672,0.0012328229,0.9987672
8663,0,0,1,0.9999987,1.3382709e-06,0.9999987
11812,1,1,1,3.4570694e-06,0.99999654,0.99999654
6211,0,0,1,0.9996819,0.0003181054,0.9996819
15890,1,1,1,9.536743e-07,0.99999905,0.99999905
19842,1,1,1,1.1920929e-06,0.9999988,0.9999988
12880,1,1,1,0.00025695562,0.99974304,0.99974304
4396,0,0,1,0.93745047,0.06254951,0.93745047
7402,0,0,1,0.99904,0.00095997594,0.99904
18419,1,1,1,0.003827989,0.996172,0.996172
601,0,0,1,0.9997263,0.00027372636,0.9997263
9300,0,0,1,0.99999976,2.3287957e-07,0.99999976
6725,0,0,1,0.9999619,3.8081347e-05,0.9999619
19205,1,1,1,7.1525574e-07,0.9999993,0.9999993
365,0,0,1,0.98365986,0.01634012,0.98365986
17815,1,1,1,0.00015199184,0.999848,0.999848
15889,1,1,1,5.9604645e-07,0.9999994,0.9999994
12871,1,1,1,0.0005942583,0.99940574,0.99940574
6185,0,0,1,0.9972258,0.00277416,0.9972258
11231,1,1,1,2.3841858e-06,0.9999976,0.9999976
9495,0,0,1,0.9999967,3.2837002e-06,0.9999967
12308,1,1,1,1.13248825e-05,0.9999887,0.9999887
7687,0,0,1,0.99999774,2.2391525e-06,0.99999774
7635,0,0,1,0.999997,2.970478e-06,0.999997
8111,0,0,1,0.9999991,9.190641e-07,0.9999991
3535,0,0,1,0.9992617,0.00073832436,0.9992617
8791,0,0,1,0.99999946,5.462738e-07,0.99999946
4034,0,0,1,0.9988719,0.001128101,0.9988719
3043,0,0,1,0.9999838,1.6192722e-05,0.9999838
13046,1,1,1,6.4373016e-06,0.99999356,0.99999356
8628,0,0,1,0.99998945,1.0575926e-05,0.99998945
12380,1,1,1,4.374981e-05,0.99995625,0.99995625
9110,0,0,1,0.9999927,7.250405e-06,0.9999927
14802,1,1,1,1.1444092e-05,0.99998856,0.99998856
14960,1,1,1,2.014637e-05,0.99997985,0.99997985
4198,0,0,1,0.9998813,0.00011868346,0.9998813
11868,1,1,1,4.887581e-06,0.9999951,0.9999951
10027,1,1,1,4.053116e-06,0.99999595,0.99999595
989,0,0,1,0.9998109,0.00018911654,0.9998109
6398,0,0,1,0.9994223,0.00057767204,0.9994223
8920,0,0,1,0.9999997,3.217298e-07,0.9999997
4213,0,0,1,0.9999943,5.7504376e-06,0.9999943
14953,1,1,1,0.021704137,0.97829586,0.97829586
8446,0,0,1,0.99999875,1.2589902e-06,0.99999875
4356,0,0,1,0.99596673,0.004033265,0.99596673
3203,0,0,1,0.9996915,0.0003085254,0.9996915
14577,1,1,1,1.1920929e-07,0.9999999,0.9999999
11601,1,1,1,1.1205673e-05,0.9999888,0.9999888
8176,0,0,1,0.99998564,1.4367877e-05,0.99998564
2051,0,0,1,0.9999848,1.5216778e-05,0.9999848
15699,1,1,1,1.1920929e-07,0.9999999,0.9999999
14116,1,1,1,1.1920929e-07,0.9999999,0.9999999
12868,1,1,1,0.00014090538,0.9998591,0.9998591
19546,1,1,1,5.364418e-06,0.99999464,0.99999464
18824,1,1,1,1.7881393e-05,0.9999821,0.9999821
12167,1,1,1,4.6491623e-06,0.99999535,0.99999535
18744,1,1,1,3.0994415e-06,0.9999969,0.9999969
546,0,0,1,0.9967926,0.0032074023,0.9967926
969,0,0,1,0.99677455,0.0032254725,0.99677455
16798,1,0,0,0.9717456,0.028254393,0.9717456
7623,0,0,1,0.99999917,8.0684055e-07,0.99999917
342,0,1,0,0.22986281,0.7701372,0.7701372
7429,0,0,1,0.99992675,7.322509e-05,0.99992675
17411,1,1,1,0.0004195571,0.99958044,0.99958044
2665,0,0,1,0.9999139,8.61015e-05,0.9999139
1932,0,0,1,0.9999982,1.8093538e-06,0.9999982
1155,0,0,1,0.9958598,0.0041401936,0.9958598
10,0,0,1,0.9826455,0.01735446,0.9826455
13230,1,1,1,0.0098809,0.9901191,0.9901191
5828,0,0,1,0.9996577,0.00034229705,0.9996577
2856,0,0,1,0.99988914,0.00011088332,0.99988914
11930,1,1,1,5.722046e-06,0.9999943,0.9999943
3501,0,0,1,0.9999348,6.523089e-05,0.9999348
15877,1,1,1,2.026558e-06,0.999998,0.999998
10737,1,1,1,1.8835068e-05,0.99998116,0.99998116
4118,0,0,1,0.999937,6.299532e-05,0.999937
18417,1,1,1,0.0022661686,0.99773383,0.99773383
6753,0,0,1,0.998905,0.0010950185,0.998905
8756,0,0,1,0.99997836,2.1651202e-05,0.99997836
5721,0,0,1,0.998987,0.0010129908,0.998987
11321,1,1,1,2.1457672e-06,0.99999785,0.99999785
6776,0,0,1,0.9966819,0.003318093,0.9966819
16925,1,1,1,1.5377998e-05,0.9999846,0.9999846
12841,1,1,1,6.914139e-06,0.9999931,0.9999931
15269,1,1,1,4.529953e-06,0.99999547,0.99999547
1743,0,0,1,0.999692,0.00030798934,0.999692
1999,0,0,1,0.9999834,1.6656297e-05,0.9999834
3943,0,0,1,0.9999919,8.135494e-06,0.9999919
11425,1,1,1,5.9604645e-06,0.99999404,0.99999404
15281,1,1,1,0.0048432946,0.9951567,0.9951567
5584,0,0,1,0.99996525,3.4745208e-05,0.99996525
11569,1,1,1,5.1259995e-06,0.9999949,0.9999949
12746,1,1,1,5.042553e-05,0.9999496,0.9999496
6534,0,0,1,0.99985737,0.00014261343,0.99985737
15426,1,1,1,0.37242365,0.62757635,0.62757635
483,0,0,1,0.99791235,0.0020876494,0.99791235
2535,0,0,1,0.99974316,0.00025686042,0.99974316
1767,0,0,1,0.9998607,0.00013930812,0.9998607
9337,0,0,1,0.9999992,7.921666e-07,0.9999992
17689,1,1,1,0.0018677115,0.9981323,0.9981323
11288,1,1,1,2.1457672e-06,0.99999785,0.99999785
9544,0,0,1,0.99998885,1.1175449e-05,0.99998885
8307,0,0,1,0.9999961,3.8684484e-06,0.9999961
10468,1,1,1,1.8000603e-05,0.999982,0.999982
8033,0,0,1,0.9999703,2.9703635e-05,0.9999703
9804,0,0,1,0.9999982,1.7746845e-06,0.9999982
12197,1,1,1,1.0609627e-05,0.9999894,0.9999894
5722,0,0,1,0.9978489,0.002151071,0.9978489
7556,0,0,1,0.9999994,5.917289e-07,0.9999994
17879,1,1,1,0.0042505264,0.9957495,0.9957495
7385,0,0,1,0.9999268,7.321071e-05,0.9999268
7997,0,0,1,0.999986,1.4034327e-05,0.999986
662,0,0,1,0.99847126,0.0015287459,0.99847126
11409,1,1,1,2.7418137e-06,0.99999726,0.99999726
4169,0,0,1,0.9999246,7.53777e-05,0.9999246
13311,1,1,1,1.5497208e-06,0.99999845,0.99999845
7022,0,0,1,0.99997956,2.0415879e-05,0.99997956
8011,0,0,1,0.9999929,7.1149184e-06,0.9999929
17800,1,1,1,1.2874603e-05,0.9999871,0.9999871
18144,1,1,1,0.00204432,0.9979557,0.9979557
2114,0,0,1,0.9998254,0.00017460642,0.9998254
4628,0,0,1,0.99989545,0.000104549355,0.99989545
16646,1,0,0,0.6778645,0.3221355,0.6778645
13180,1,1,1,1.1920929e-06,0.9999988,0.9999988
14453,1,1,1,1.4781952e-05,0.9999852,0.9999852
3807,0,0,1,0.9990595,0.0009405064,0.9990595
15724,1,1,1,1.1920929e-07,0.9999999,0.9999999
12583,1,1,1,4.887581e-06,0.9999951,0.9999951
7288,0,0,1,0.99991196,8.8012894e-05,0.99991196
9976,0,0,1,0.9999994,6.25097e-07,0.9999994
4311,0,0,1,0.999699,0.00030101356,0.999699
18007,1,1,1,0.00015032291,0.9998497,0.9998497
12625,1,1,1,4.053116e-06,0.99999595,0.99999595
12052,1,1,1,0.00014221668,0.9998578,0.9998578
11392,1,1,1,5.722046e-06,0.9999943,0.9999943
6470,0,0,1,0.94594944,0.054050576,0.94594944
5350,0,0,1,0.9998867,0.00011330923,0.9998867
18690,1,1,1,0.00014007092,0.9998599,0.9998599
8863,0,0,1,0.99999917,8.247314e-07,0.99999917
3149,0,0,1,0.9997859,0.00021411525,0.9997859
3368,0,0,1,0.9994322,0.0005677709,0.9994322
10509,1,1,1,1.5854836e-05,0.99998415,0.99998415
708,0,0,1,0.9996213,0.00037872148,0.9996213
2742,0,0,1,0.9998094,0.00019059934,0.9998094
3123,0,0,1,0.9999709,2.9091041e-05,0.9999709
575,0,0,1,0.99914265,0.000857349,0.99914265
18829,1,1,1,5.841255e-06,0.99999416,0.99999416
18575,1,1,1,2.026558e-05,0.99997973,0.99997973
16218,1,0,0,0.9890444,0.010955572,0.9890444
16892,1,0,0,0.999989,1.1022008e-05,0.999989
17145,1,1,1,2.6226044e-06,0.9999974,0.9999974
2572,0,0,1,0.9984845,0.0015154927,0.9984845
8174,0,0,1,0.99999887,1.1051004e-06,0.99999887
5636,0,0,1,0.9998446,0.00015538397,0.9998446
5309,0,0,1,0.9999162,8.379028e-05,0.9999162
15904,1,1,1,2.3841858e-07,0.99999976,0.99999976
8956,0,0,1,0.9999895,1.0503707e-05,0.9999895
13125,1,1,1,1.7881393e-06,0.9999982,0.9999982
14786,1,1,1,2.3007393e-05,0.999977,0.999977
13349,1,1,1,7.748604e-06,0.99999225,0.99999225
10291,1,1,1,1.3113022e-06,0.9999987,0.9999987
17195,1,0,0,0.5183486,0.48165143,0.5183486
4526,0,0,1,0.99985284,0.00014718385,0.99985284
1485,0,0,1,0.99981004,0.00018997355,0.99981004
14424,1,1,1,7.390976e-06,0.9999926,0.9999926
6721,0,0,1,0.9997919,0.00020810838,0.9997919
2473,0,0,1,0.99971527,0.00028470898,0.99971527
13181,1,1,1,1.66893e-06,0.99999833,0.99999833
14127,1,1,1,1.3113022e-06,0.9999987,0.9999987
4618,0,0,1,0.9998844,0.00011558006,0.9998844
16559,1,1,1,0.4969107,0.5030893,0.5030893
19123,1,1,1,7.390976e-06,0.9999926,0.9999926
10031,1,1,1,5.853176e-05,0.99994147,0.99994147
2290,0,0,1,0.9998927,0.000107274354,0.9998927
18745,1,1,1,4.7683716e-07,0.9999995,0.9999995
934,0,0,1,0.99946433,0.00053565745,0.99946433
2613,0,0,1,0.9997133,0.0002867141,0.9997133
18760,1,1,1,5.9604645e-07,0.9999994,0.9999994
14456,1,1,1,2.7418137e-06,0.99999726,0.99999726
9628,0,0,1,0.9999879,1.2126093e-05,0.9999879
14796,1,1,1,1.5616417e-05,0.9999844,0.9999844
2034,0,0,1,0.9986831,0.0013169139,0.9986831
18523,1,1,1,9.357929e-05,0.9999064,0.9999064
106,0,0,1,0.99966466,0.0003353631,0.99966466
11849,1,1,1,2.861023e-06,0.99999714,0.99999714
9722,0,0,1,0.9999816,1.8444493e-05,0.9999816
3140,0,0,1,0.99780047,0.0021995385,0.99780047
9010,0,0,1,0.99075305,0.009246972,0.99075305
17038,1,0,0,0.99990743,9.2589085e-05,0.99990743
2939,0,0,1,0.9999247,7.529788e-05,0.9999247
2824,0,0,1,0.9998027,0.00019730125,0.9998027
538,0,0,1,0.9999187,8.129498e-05,0.9999187
13879,1,1,1,2.026558e-05,0.99997973,0.99997973
12302,1,1,1,7.867813e-06,0.99999213,0.99999213
17239,1,1,1,6.54459e-05,0.99993455,0.99993455
7596,0,0,1,0.9999992,7.612432e-07,0.9999992
8074,0,0,1,0.9999968,3.2072512e-06,0.9999968
10870,1,1,1,3.683567e-05,0.99996316,0.99996316
55,0,0,1,0.9996634,0.0003365972,0.9996634
19844,1,1,1,1.2397766e-05,0.9999876,0.9999876
12390,1,1,1,4.529953e-06,0.99999547,0.99999547
9975,0,0,1,0.9999975,2.481893e-06,0.9999975
2954,0,0,1,0.99943304,0.0005669405,0.99943304
6054,0,0,1,0.9986862,0.0013138264,0.9986862
3104,0,0,1,0.8677408,0.13225918,0.8677408
14185,1,1,1,1.1920929e-07,0.9999999,0.9999999
11567,1,1,1,3.9339066e-06,0.99999607,0.99999607
14401,1,1,1,0.00035965443,0.99964035,0.99964035
9623,0,0,1,0.99998504,1.4964332e-05,0.99998504
1637,0,0,1,0.94556206,0.054437954,0.94556206
10804,1,1,1,1.7046928e-05,0.99998295,0.99998295
2919,0,0,1,0.9999305,6.949712e-05,0.9999305
154,0,0,1,0.9999303,6.966632e-05,0.9999303
955,0,1,0,0.14333993,0.85666007,0.85666007
7695,0,0,1,0.999997,3.0045157e-06,0.999997
6498,0,0,1,0.9784828,0.021517191,0.9784828
6047,0,0,1,0.99545854,0.004541457,0.99545854
12557,1,1,1,0.00011098385,0.999889,0.999889
13014,1,1,1,6.67572e-06,0.9999933,0.9999933
3492,0,0,1,0.9926534,0.007346564,0.9926534
7255,0,0,1,0.9855484,0.014451601,0.9855484
118,0,0,1,0.9999251,7.4911346e-05,0.9999251
9562,0,0,1,0.9999992,7.8690186e-07,0.9999992
2946,0,0,1,0.9942494,0.005750571,0.9942494
15061,1,1,1,6.651878e-05,0.9999335,0.9999335
13392,1,1,1,3.373623e-05,0.99996626,0.99996626
1185,0,0,1,0.99973136,0.00026862213,0.99973136
10976,1,1,1,5.2690506e-05,0.9999473,0.9999473
15002,1,1,1,0.000151515,0.9998485,0.9998485
11545,1,1,1,9.179115e-06,0.9999908,0.9999908
6338,0,0,1,0.9967243,0.0032756997,0.9967243
17510,1,1,1,6.198883e-06,0.9999938,0.9999938
8710,0,0,1,0.99998754,1.2465076e-05,0.99998754
6847,0,0,1,0.999911,8.901435e-05,0.999911
17340,1,1,1,0.031921208,0.9680788,0.9680788
17811,1,1,1,0.00011134148,0.99988866,0.99988866
18289,1,1,1,0.00013959408,0.9998604,0.9998604
4514,0,0,1,0.99991506,8.4916326e-05,0.99991506
8915,0,0,1,0.9999983,1.7202194e-06,0.9999983
635,0,0,1,0.9999511,4.886864e-05,0.9999511
6451,0,0,1,0.99996275,3.722538e-05,0.99996275
13205,1,1,1,1.4305115e-06,0.99999857,0.99999857
15640,1,1,1,8.106232e-06,0.9999919,0.9999919
198,0,0,1,0.99986774,0.00013226212,0.99986774
4775,0,0,1,0.99879694,0.0012030362,0.99879694
6326,0,0,1,0.8793364,0.12066356,0.8793364
9415,0,0,1,0.9999915,8.523344e-06,0.9999915
10069,1,1,1,1.4662743e-05,0.99998534,0.99998534
11866,1,1,1,6.0796738e-06,0.9999939,0.9999939
8185,0,0,1,0.99999243,7.5430667e-06,0.99999243
1267,0,0,1,0.999704,0.00029598564,0.999704
17524,1,1,1,1.3947487e-05,0.99998605,0.99998605
4179,0,0,1,0.9991449,0.00085506384,0.9991449
4475,0,0,1,0.99951524,0.00048478073,0.99951524
5,0,0,1,0.777766,0.22223403,0.777766
10368,1,1,1,1.66893e-06,0.99999833,0.99999833
6101,0,0,1,0.9983244,0.0016756239,0.9983244
18452,1,1,1,5.722046e-06,0.9999943,0.9999943
272,0,0,1,0.9970476,0.002952405,0.9970476
14715,1,1,1,1.2397766e-05,0.9999876,0.9999876
7718,0,0,1,0.99999857,1.4269286e-06,0.99999857
639,0,0,1,0.99993104,6.895409e-05,0.99993104
16054,1,0,0,0.95840114,0.04159888,0.95840114
9378,0,0,1,0.99998426,1.5747426e-05,0.99998426
16928,1,1,1,4.4584274e-05,0.9999554,0.9999554
17350,1,0,0,0.8371378,0.16286215,0.8371378
16421,1,0,0,0.9641619,0.035838153,0.9641619
9469,0,0,1,0.999999,9.95518e-07,0.999999
14676,1,1,1,2.3841858e-07,0.99999976,0.99999976
879,0,0,1,0.9994899,0.0005101099,0.9994899
16418,1,1,1,0.42315102,0.576849,0.576849
6224,0,0,1,0.998819,0.001180999,0.998819
14266,1,1,1,1.0967255e-05,0.99998903,0.99998903
2555,0,0,1,0.99994844,5.153698e-05,0.99994844
2799,0,0,1,0.9878988,0.012101149,0.9878988
8375,0,0,1,0.99999917,8.2899425e-07,0.99999917
14440,1,1,1,0.00043433905,0.99956566,0.99956566
12115,1,1,1,5.2571297e-05,0.9999474,0.9999474
11370,1,1,1,2.2649765e-06,0.99999774,0.99999774
18230,1,1,1,7.033348e-06,0.99999297,0.99999297
3992,0,0,1,0.99096966,0.009030345,0.99096966
17656,1,1,1,0.008819282,0.9911807,0.9911807
4395,0,0,1,0.9999695,3.0545165e-05,0.9999695
16872,1,1,1,6.2704086e-05,0.9999373,0.9999373
3603,0,0,1,0.98328304,0.016716981,0.98328304
17752,1,1,1,1.2516975e-05,0.9999875,0.9999875
5918,0,0,1,0.9999303,6.965157e-05,0.9999303
17169,1,0,0,0.98802745,0.011972555,0.98802745
16861,1,0,0,0.51162875,0.48837122,0.51162875
11750,1,1,1,4.887581e-06,0.9999951,0.9999951
2279,0,0,1,0.98904663,0.0109533565,0.98904663
3129,0,0,1,0.9998424,0.00015756542,0.9998424
11724,1,1,1,7.033348e-06,0.99999297,0.99999297
17935,1,1,1,2.0623207e-05,0.9999794,0.9999794
15670,1,1,1,7.1525574e-07,0.9999993,0.9999993
7313,0,0,1,0.9995274,0.0004726307,0.9995274
18205,1,1,1,5.6505203e-05,0.9999435,0.9999435
7995,0,0,1,0.9999993,7.164503e-07,0.9999993
3479,0,0,1,0.9998748,0.00012520122,0.9998748
9867,0,0,1,0.9999992,7.7113015e-07,0.9999992
15449,1,1,1,0.00048685074,0.99951315,0.99951315
14344,1,1,1,1.3113022e-06,0.9999987,0.9999987
19189,1,1,1,8.34465e-07,0.99999917,0.99999917
10884,1,1,1,3.504753e-05,0.99996495,0.99996495
15366,1,1,1,0.00026112795,0.9997389,0.9997389
17831,1,1,1,0.002401054,0.99759895,0.99759895
15626,1,1,1,4.7683716e-07,0.9999995,0.9999995
4983,0,0,1,0.9999063,9.371854e-05,0.9999063
6070,0,0,1,0.9999384,6.159396e-05,0.9999384
13709,1,1,1,1.2278557e-05,0.9999877,0.9999877
9503,0,0,1,0.9999982,1.8015814e-06,0.9999982
11734,1,1,1,4.887581e-06,0.9999951,0.9999951
852,0,0,1,0.99995744,4.253419e-05,0.99995744
15427,1,1,1,0.00013411045,0.9998659,0.9998659
16995,1,0,0,0.9963134,0.0036865775,0.9963134
18974,1,1,1,2.026558e-06,0.999998,0.999998
7724,0,0,1,0.9999908,9.200427e-06,0.9999908
19911,1,1,1,0.00043350458,0.9995665,0.9995665
16099,1,0,0,0.9983031,0.0016968942,0.9983031
8259,0,0,1,0.99986964,0.0001303607,0.99986964
18894,1,1,1,4.2915344e-06,0.9999957,0.9999957
15161,1,1,1,2.193451e-05,0.99997807,0.99997807
8106,0,0,1,0.99999774,2.2643696e-06,0.99999774
1166,0,0,1,0.999811,0.00018899252,0.999811
15090,1,1,1,1.66893e-06,0.99999833,0.99999833
1526,0,0,1,0.7294013,0.2705987,0.7294013
2619,0,0,1,0.99996024,3.9763832e-05,0.99996024
14384,1,0,0,0.6054431,0.3945569,0.6054431
12903,1,1,1,0.0025005937,0.9974994,0.9974994
18746,1,1,1,1.7881393e-06,0.9999982,0.9999982
8379,0,0,1,0.9999992,7.8827645e-07,0.9999992
5950,0,0,1,0.9999952,4.8577144e-06,0.9999952
6588,0,0,1,0.99992764,7.233797e-05,0.99992764
17377,1,1,1,7.390976e-06,0.9999926,0.9999926
15514,1,1,1,0.0,1.0,1.0
18231,1,1,1,1.7166138e-05,0.99998283,0.99998283
4877,0,0,1,0.9994849,0.00051510707,0.9994849
1914,0,0,1,0.9997247,0.00027533766,0.9997247
11980,1,1,1,4.1365623e-05,0.99995863,0.99995863
18184,1,1,1,9.4652176e-05,0.99990535,0.99990535
7478,0,0,1,0.9998352,0.00016482167,0.9998352
9941,0,0,1,0.9999996,3.9361151e-07,0.9999996
17632,1,1,1,0.103346765,0.89665323,0.89665323
2924,0,0,1,0.9989193,0.0010807202,0.9989193
13618,1,1,1,0.0006213188,0.9993787,0.9993787
17485,1,1,1,0.0046075583,0.99539244,0.99539244
10587,1,1,1,0.00021570921,0.9997843,0.9997843
9051,0,0,1,0.9999994,5.78886e-07,0.9999994
3228,0,0,1,0.99988717,0.000112853224,0.99988717
7171,0,0,1,0.99991727,8.2702114e-05,0.99991727
6005,0,0,1,0.99969363,0.00030638356,0.99969363
3100,0,0,1,0.99995375,4.6273002e-05,0.99995375
190,0,0,1,0.9624194,0.037580583,0.9624194
5579,0,0,1,0.9999299,7.0123286e-05,0.9999299
13935,1,1,1,1.3113022e-06,0.9999987,0.9999987
19744,1,1,1,1.2874603e-05,0.9999871,0.9999871
19035,1,1,1,5.6028366e-06,0.9999944,0.9999944
12256,1,1,1,3.1232834e-05,0.99996877,0.99996877
12704,1,1,1,1.66893e-06,0.99999833,0.99999833
9274,0,0,1,0.99998933,1.0677542e-05,0.99998933
3463,0,0,1,0.9282639,0.071736075,0.9282639
11308,1,1,1,5.1259995e-06,0.9999949,0.9999949
8959,0,0,1,0.999996,3.984541e-06,0.999996
15722,1,1,1,0.0,1.0,1.0
15861,1,1,1,7.1525574e-07,0.9999993,0.9999993
15065,1,1,1,7.414818e-05,0.99992585,0.99992585
13802,1,1,1,0.00080627203,0.9991937,0.9991937
12138,1,1,1,1.1086464e-05,0.9999889,0.9999889
13644,1,1,1,1.3113022e-06,0.9999987,0.9999987
13154,1,1,1,1.0728836e-06,0.9999989,0.9999989
5934,0,0,1,0.9999945,5.4640213e-06,0.9999945
10176,1,1,1,6.246567e-05,0.99993753,0.99993753
16657,1,1,1,0.000105023384,0.999895,0.999895
14670,1,1,1,0.0012923479,0.99870765,0.99870765
2628,0,0,1,0.9976953,0.0023046548,0.9976953
12775,1,1,1,0.0001308918,0.9998691,0.9998691
11723,1,1,1,5.4836273e-06,0.9999945,0.9999945
10582,1,1,1,1.8000603e-05,0.999982,0.999982
18164,1,1,1,3.516674e-05,0.99996483,0.99996483
6612,0,0,1,0.9999714,2.859629e-05,0.9999714
7234,0,0,1,0.99995327,4.6732963e-05,0.99995327
2194,0,0,1,0.99994284,5.7186066e-05,0.99994284
11854,1,1,1,5.9604645e-06,0.99999404,0.99999404
17334,1,1,1,9.536743e-07,0.99999905,0.99999905
1344,0,0,1,0.99990064,9.9332545e-05,0.99990064
6341,0,0,1,0.9999974,2.63619e-06,0.9999974
660,0,0,1,0.99990684,9.316415e-05,0.99990684
7374,0,0,1,0.99347377,0.006526239,0.99347377
3071,0,0,1,0.99981344,0.0001865695,0.99981344
704,0,0,1,0.9999375,6.252628e-05,0.9999375
6131,0,0,1,0.99828124,0.0017187397,0.99828124
9225,0,0,1,0.99999464,5.350459e-06,0.99999464
11943,1,1,1,3.8146973e-06,0.9999962,0.9999962
2495,0,0,1,0.7838983,0.21610169,0.7838983
19216,1,1,1,1.1920929e-07,0.9999999,0.9999999
6094,0,0,1,0.9998688,0.00013117044,0.9998688
10676,1,1,1,8.702278e-06,0.9999913,0.9999913
15715,1,1,1,5.4836273e-06,0.9999945,0.9999945
12137,1,1,1,2.4318695e-05,0.9999757,0.9999757
3208,0,0,1,0.99987066,0.00012933512,0.99987066
56,0,0,1,0.9966546,0.0033453575,0.9966546
6920,0,0,1,0.9617553,0.038244702,0.9617553
9991,1,1,1,1.4066696e-05,0.99998593,0.99998593
5549,0,0,1,0.9999465,5.3552325e-05,0.9999465
11714,1,1,1,5.4836273e-06,0.9999945,0.9999945
17441,1,1,1,0.0004031062,0.9995969,0.9995969
12156,1,1,1,1.4305115e-05,0.9999857,0.9999857
919,0,0,1,0.999974,2.5997439e-05,0.999974
1051,0,0,1,0.99952227,0.0004777482,0.99952227
4815,0,0,1,0.99714446,0.002855525,0.99714446
2887,0,0,1,0.9998617,0.00013829152,0.9998617
4123,0,0,1,0.9998167,0.0001832839,0.9998167
7990,0,0,1,0.9999997,3.1488295e-07,0.9999997
13148,1,1,1,6.914139e-06,0.9999931,0.9999931
18470,1,1,1,6.246567e-05,0.99993753,0.99993753
3488,0,0,1,0.99992484,7.518738e-05,0.99992484
7972,0,0,1,0.9999952,4.808122e-06,0.9999952
131,0,0,1,0.99994326,5.6720455e-05,0.99994326
13428,1,1,1,3.8146973e-06,0.9999962,0.9999962
13772,1,1,1,1.9907951e-05,0.9999801,0.9999801
1641,0,0,1,0.99965096,0.00034903723,0.99965096
3481,0,0,1,0.9993725,0.0006275265,0.9993725
9667,0,0,1,0.99999815,1.8680515e-06,0.99999815
19246,1,1,1,2.026558e-06,0.999998,0.999998
127,0,0,1,0.9999731,2.6867056e-05,0.9999731
15302,1,1,1,1.2516975e-05,0.9999875,0.9999875
4560,0,0,1,0.99996907,3.0936408e-05,0.99996907
18084,1,1,1,0.0008110404,0.99918896,0.99918896
15072,1,0,0,0.9978571,0.0021429341,0.9978571
15646,1,1,1,0.010162473,0.9898375,0.9898375
5974,0,0,1,0.9672057,0.03279427,0.9672057
18905,1,1,1,4.887581e-06,0.9999951,0.9999951
18976,1,1,1,7.3194504e-05,0.9999268,0.9999268
489,0,0,1,0.9971747,0.002825309,0.9971747
13463,1,1,1,2.6226044e-06,0.9999974,0.9999974
4484,0,0,1,0.9870757,0.0129243,0.9870757
17900,1,1,1,0.015643418,0.9843566,0.9843566
5994,0,0,1,0.99965346,0.000346512,0.99965346
15371,1,1,1,8.9764595e-05,0.99991024,0.99991024
17259,1,1,1,0.000116586685,0.9998834,0.9998834
14496,1,1,1,0.00038605928,0.99961394,0.99961394
1687,0,0,1,0.9999348,6.5202905e-05,0.9999348
12178,1,1,1,1.9073486e-06,0.9999981,0.9999981
5283,0,0,1,0.9998083,0.00019169744,0.9998083
14745,1,1,1,0.00023716688,0.99976283,0.99976283
4399,0,0,1,0.99980444,0.00019558572,0.99980444
7067,0,0,1,0.9992322,0.0007678432,0.9992322
15163,1,1,1,4.7683716e-05,0.9999523,0.9999523
6997,0,0,1,0.9999022,9.7791286e-05,0.9999022
13212,1,1,1,1.4424324e-05,0.9999856,0.9999856
1683,0,0,1,0.99994606,5.3970976e-05,0.99994606
10338,1,1,1,5.1259995e-06,0.9999949,0.9999949
8543,0,0,1,0.9999982,1.7801392e-06,0.9999982
1325,0,0,1,0.99965745,0.000342551,0.99965745
11215,1,1,1,1.3113022e-06,0.9999987,0.9999987
10216,1,1,1,1.3113022e-06,0.9999987,0.9999987
6531,0,0,1,0.9998728,0.00012717879,0.9998728
4912,0,0,1,0.9998607,0.00013929218,0.9998607
3108,0,0,1,0.9873751,0.012624944,0.9873751
3236,0,0,1,0.999999,1.0091856e-06,0.999999
14877,1,1,1,1.4305115e-06,0.99999857,0.99999857
15436,1,1,1,0.0003527403,0.99964726,0.99964726
7879,0,0,1,0.99997413,2.5853178e-05,0.99997413
15540,1,1,1,5.364418e-06,0.99999464,0.99999464
15083,1,1,1,0.2803139,0.7196861,0.7196861
6009,0,0,1,0.9997503,0.0002496661,0.9997503
7409,0,0,1,0.999996,3.998591e-06,0.999996
9475,0,0,1,0.9999996,3.9840936e-07,0.9999996
4116,0,0,1,0.99992985,7.015017e-05,0.99992985
18358,1,1,1,0.0030049086,0.9969951,0.9969951
8151,0,0,1,0.99999154,8.456555e-06,0.99999154
1971,0,0,1,0.9996776,0.00032241867,0.9996776
14683,1,1,1,2.1457672e-06,0.99999785,0.99999785
12884,1,1,1,1.21593475e-05,0.99998784,0.99998784
15287,1,1,1,0.00055104494,0.99944896,0.99944896
10810,1,1,1,0.00018161535,0.9998184,0.9998184
15176,1,1,1,0.00043433905,0.99956566,0.99956566
263,0,0,1,0.9988286,0.0011713845,0.9988286
9934,0,0,1,0.9999954,4.56496e-06,0.9999954
4029,0,0,1,0.99999505,4.960435e-06,0.99999505
11841,1,1,1,3.5762787e-06,0.9999964,0.9999964
12932,1,1,1,2.3841858e-06,0.9999976,0.9999976
1608,0,0,1,0.9999569,4.310422e-05,0.9999569
5988,0,0,1,0.9995667,0.00043332548,0.9995667
7868,0,0,1,0.9999228,7.7167155e-05,0.9999228
581,0,0,1,0.9988336,0.0011664262,0.9988336
11089,1,1,1,3.9577484e-05,0.9999604,0.9999604
6152,0,0,1,0.8801196,0.119880356,0.8801196
1441,0,0,1,0.9995962,0.00040379728,0.9995962
19224,1,1,1,2.4914742e-05,0.9999751,0.9999751
16618,1,1,1,2.8252602e-05,0.99997175,0.99997175
9555,0,0,1,0.9999996,3.9568835e-07,0.9999996
16846,1,1,1,8.34465e-06,0.99999166,0.99999166
6911,0,0,1,0.9998692,0.0001307814,0.9998692
18000,1,1,1,0.00091326237,0.99908674,0.99908674
5284,0,0,1,0.9998797,0.00012027196,0.9998797
12219,1,1,1,1.1920929e-06,0.9999988,0.9999988
14412,1,1,1,1.1920929e-07,0.9999999,0.9999999
6343,0,0,1,0.99910265,0.000897324,0.99910265
11592,1,1,1,6.3180923e-06,0.9999937,0.9999937
3374,0,0,1,0.9964406,0.0035593892,0.9964406
10167,1,1,1,4.7683716e-05,0.9999523,0.9999523
10053,1,1,1,1.66893e-06,0.99999833,0.99999833
3983,0,0,1,0.95421517,0.045784846,0.95421517
13101,1,1,1,1.013279e-05,0.99998987,0.99998987
14928,1,1,1,2.1457672e-06,0.99999785,0.99999785
15101,1,1,1,0.0004157424,0.99958426,0.99958426
3445,0,0,1,0.9993322,0.00066783844,0.9993322
13251,1,1,1,8.583069e-06,0.9999914,0.9999914
6684,0,0,1,0.9994241,0.00057588815,0.9994241
15238,1,1,1,1.66893e-06,0.99999833,0.99999833
11302,1,1,1,1.9073486e-06,0.9999981,0.9999981
3975,0,0,1,0.99973863,0.00026134652,0.99973863
7474,0,0,1,0.9994055,0.0005944893,0.9994055
4889,0,0,1,0.99888366,0.0011163306,0.99888366
14621,1,1,1,0.0005021095,0.9994979,0.9994979
6096,0,0,1,0.99997836,2.1628995e-05,0.99997836
4409,0,0,1,0.9617992,0.03820079,0.9617992
16670,1,0,0,0.9999829,1.7122786e-05,0.9999829
214,0,0,1,0.9910858,0.008914155,0.9910858
16648,1,0,0,0.99747115,0.002528861,0.99747115
9967,0,0,1,0.9999992,7.8443975e-07,0.9999992
4385,0,0,1,0.9991371,0.00086292217,0.9991371
8461,0,0,1,0.9999982,1.8103359e-06,0.9999982
824,0,0,1,0.9998763,0.00012366915,0.9998763
17135,1,1,1,0.0023328066,0.9976672,0.9976672
9424,0,0,1,0.99999744,2.5824984e-06,0.99999744
3988,0,0,1,0.99795806,0.002041932,0.99795806
18474,1,1,1,1.1205673e-05,0.9999888,0.9999888
11330,1,1,1,1.4305115e-06,0.99999857,0.99999857
6859,0,0,1,0.9620781,0.037921887,0.9620781
1866,0,0,1,0.999972,2.8009475e-05,0.999972
13518,1,1,1,9.775162e-06,0.9999902,0.9999902
3846,0,0,1,0.99999815,1.8502222e-06,0.99999815
18160,1,1,1,0.000101327896,0.9998987,0.9998987
15800,1,1,1,3.5762787e-07,0.99999964,0.99999964
17836,1,1,1,4.7445297e-05,0.99995255,0.99995255
17430,1,1,1,5.030632e-05,0.9999497,0.9999497
13925,1,1,1,4.1127205e-05,0.9999589,0.9999589
7688,0,0,1,0.9999989,1.081991e-06,0.9999989
5964,0,0,1,0.99745935,0.0025406736,0.99745935
15144,1,0,0,0.8522145,0.1477855,0.8522145
18337,1,1,1,0.0004273057,0.9995727,0.9995727
8581,0,0,1,0.99999714,2.8536915e-06,0.99999714
11793,1,1,1,6.389618e-05,0.9999361,0.9999361
346,0,0,1,0.994571,0.005429018,0.994571
7652,0,0,1,0.9999977,2.328148e-06,0.9999977
12292,1,1,1,4.4107437e-06,0.9999956,0.9999956
5201,0,0,1,0.9995444,0.00045561395,0.9995444
7344,0,0,1,0.9985592,0.0014408433,0.9985592
14196,1,1,1,1.1920929e-07,0.9999999,0.9999999
13283,1,1,1,9.393692e-05,0.99990606,0.99990606
244,0,0,1,0.999777,0.0002229563,0.999777
7735,0,0,1,0.9999993,7.343755e-07,0.9999993
3126,0,0,1,0.9999897,1.0322301e-05,0.9999897
17894,1,1,1,6.556511e-06,0.99999344,0.99999344
14545,1,1,1,4.4345856e-05,0.99995565,0.99995565
14445,1,1,1,1.0728836e-06,0.9999989,0.9999989
7942,0,0,1,0.99993694,6.3061496e-05,0.99993694
1991,0,0,1,0.7425194,0.25748065,0.7425194
11331,1,1,1,1.3113022e-06,0.9999987,0.9999987
9841,0,0,1,0.99999756,2.4578044e-06,0.99999756
8795,0,0,1,0.99998015,1.9857554e-05,0.99998015
3961,0,0,1,0.9989968,0.001003185,0.9989968
16997,1,1,1,0.01360774,0.98639226,0.98639226
17112,1,1,1,0.00010895729,0.99989104,0.99989104
3906,0,0,1,0.999822,0.00017798612,0.999822
15632,1,1,1,4.208088e-05,0.9999579,0.9999579
8341,0,0,1,0.9999999,1.15319054e-07,0.9999999
11970,1,1,1,1.8715858e-05,0.9999813,0.9999813
16545,1,1,1,0.0037788153,0.9962212,0.9962212
6644,0,0,1,0.9998621,0.00013791425,0.9998621
11344,1,1,1,1.1920929e-06,0.9999988,0.9999988
7974,0,0,1,0.9999978,2.2325319e-06,0.9999978
6194,0,0,1,0.9997703,0.00022970307,0.9997703
11788,1,1,1,5.364418e-06,0.99999464,0.99999464
3799,0,0,1,0.99977404,0.00022596335,0.99977404
5872,0,0,1,0.96189415,0.03810583,0.96189415
3820,0,0,1,0.9992196,0.0007804162,0.9992196
18529,1,1,1,0.014306307,0.9856937,0.9856937
5871,0,0,1,0.99989927,0.000100723606,0.99989927
18825,1,1,1,7.1525574e-07,0.9999993,0.9999993
7064,0,0,1,0.9980003,0.001999688,0.9980003
5234,0,0,1,0.99950534,0.00049466523,0.99950534
8478,0,0,1,0.999999,1.0324883e-06,0.999999
17383,1,1,1,0.026403785,0.9735962,0.9735962
12060,1,1,1,1.0728836e-05,0.9999893,0.9999893
9065,0,0,1,0.9999977,2.3105215e-06,0.9999977
5487,0,0,1,0.9960865,0.0039135427,0.9960865
8233,0,0,1,0.9999993,7.1405265e-07,0.9999993
1063,0,0,1,0.9997107,0.00028933072,0.9997107
17735,1,1,1,0.0003207922,0.9996792,0.9996792
15920,1,1,1,2.3841858e-07,0.99999976,0.99999976
12513,1,1,1,1.7881393e-06,0.9999982,0.9999982
4048,0,0,1,0.99978393,0.00021607093,0.99978393
14807,1,1,1,0.0,1.0,1.0
12467,1,1,1,2.9802322e-06,0.999997,0.999997
6207,0,0,1,0.9996481,0.00035187695,0.9996481
5723,0,0,1,0.8954154,0.104584605,0.8954154
4031,0,0,1,0.9999019,9.8125034e-05,0.9999019
14031,1,1,1,9.536743e-07,0.99999905,0.99999905
8166,0,0,1,0.83254397,0.16745602,0.83254397
17322,1,1,1,0.03400445,0.96599555,0.96599555
10531,1,1,1,7.271767e-05,0.9999273,0.9999273
18652,1,1,1,1.5497208e-06,0.99999845,0.99999845
407,0,1,0,0.012706101,0.9872939,0.9872939
18632,1,1,1,0.013904393,0.9860956,0.9860956
951,0,0,1,0.9991889,0.00081108493,0.9991889
11605,1,1,1,7.987022e-06,0.999992,0.999992
12862,1,1,1,2.503395e-06,0.9999975,0.9999975
4861,0,0,1,0.9999873,1.2721864e-05,0.9999873
5027,0,0,1,0.9999623,3.770226e-05,0.9999623
4788,0,0,1,0.9999687,3.1279702e-05,0.9999687
17704,1,1,1,3.4570694e-06,0.99999654,0.99999654
19565,1,1,1,2.6226044e-06,0.9999974,0.9999974
10631,1,1,1,1.013279e-05,0.99998987,0.99998987
2063,0,0,1,0.99980485,0.0001951234,0.99980485
13051,1,1,1,2.026558e-05,0.99997973,0.99997973
13889,1,1,1,2.026558e-06,0.999998,0.999998
14428,1,1,1,1.1920929e-07,0.9999999,0.9999999
8742,0,0,1,0.99999446,5.550289e-06,0.99999446
18635,1,1,1,2.4080276e-05,0.9999759,0.9999759
1291,0,0,1,0.9974591,0.002540873,0.9974591
17612,1,1,1,0.02820456,0.97179544,0.97179544
4623,0,0,1,0.99852407,0.0014759058,0.99852407
12347,1,1,1,0.0025972724,0.9974027,0.9974027
5000,0,0,1,0.9999044,9.558357e-05,0.9999044
3417,0,0,1,0.9999579,4.20645e-05,0.9999579
17547,1,1,1,1.4305115e-06,0.99999857,0.99999857
11654,1,1,1,3.5762787e-06,0.9999964,0.9999964
8083,0,0,1,0.99999857,1.4221032e-06,0.99999857
13224,1,1,1,0.002964735,0.99703526,0.99703526
8308,0,0,1,0.99999887,1.107339e-06,0.99999887
14846,1,1,1,2.5749207e-05,0.99997425,0.99997425
16877,1,1,1,0.0004107356,0.99958926,0.99958926
10514,1,1,1,2.9206276e-05,0.9999708,0.9999708
15466,1,1,1,2.2649765e-06,0.99999774,0.99999774
18292,1,1,1,0.034982026,0.965018,0.965018
6212,0,0,1,0.99999666,3.347884e-06,0.99999666
17031,1,1,1,0.0013208985,0.9986791,0.9986791
3401,0,0,1,0.9998982,0.00010182646,0.9998982
2577,0,0,1,0.9999449,5.5089797e-05,0.9999449
7571,0,0,1,0.99996567,3.4355333e-05,0.99996567
17908,1,1,1,0.0058792233,0.9941208,0.9941208
5280,0,0,1,0.99997526,2.4729721e-05,0.99997526
18122,1,1,1,0.00012564659,0.99987435,0.99987435
17648,1,1,1,2.861023e-06,0.99999714,0.99999714
5843,0,0,1,0.9999765,2.3457016e-05,0.9999765
6028,0,0,1,0.99505365,0.004946357,0.99505365
7351,0,0,1,0.9999073,9.270968e-05,0.9999073
1885,0,0,1,0.9993536,0.0006464121,0.9993536
1986,0,0,1,0.99993265,6.73818e-05,0.99993265
3249,0,0,1,0.9998738,0.00012617416,0.9998738
18220,1,1,1,0.00033533573,0.99966466,0.99966466
3994,0,0,1,0.996241,0.0037590081,0.996241
5217,0,0,1,0.99984366,0.00015636657,0.99984366
15931,1,1,1,5.9604645e-07,0.9999994,0.9999994
18972,1,1,1,1.9550323e-05,0.99998045,0.99998045
13352,1,1,1,2.6226044e-06,0.9999974,0.9999974
9430,0,0,1,0.9999975,2.5027189e-06,0.9999975
7444,0,0,1,0.9992054,0.0007946005,0.9992054
10414,1,1,1,1.13248825e-05,0.9999887,0.9999887
861,0,0,1,0.99996406,3.594244e-05,0.99996406
9740,0,0,1,0.9999802,1.9777195e-05,0.9999802
18605,1,1,1,3.9696693e-05,0.9999603,0.9999603
2402,0,0,1,0.99997413,2.58791e-05,0.99997413
18866,1,1,1,1.3113022e-06,0.9999987,0.9999987
13435,1,1,1,2.014637e-05,0.99997985,0.99997985
18719,1,1,1,7.1525574e-06,0.99999285,0.99999285
9116,0,0,1,0.994065,0.0059350287,0.994065
10349,1,1,1,1.4305115e-06,0.99999857,0.99999857
13328,1,1,1,7.6174736e-05,0.9999238,0.9999238
10004,1,1,1,3.8146973e-06,0.9999962,0.9999962
2520,0,0,1,0.99839973,0.0016002527,0.99839973
2328,0,0,1,0.99982476,0.00017523856,0.99982476
2676,0,0,1,0.99848425,0.0015157178,0.99848425
18130,1,1,1,2.5987625e-05,0.999974,0.999974
13458,1,1,1,0.00015103817,0.99984896,0.99984896
13864,1,1,1,1.66893e-06,0.99999833,0.99999833
576,0,0,1,0.85858476,0.14141524,0.85858476
4281,0,0,1,0.9999581,4.192681e-05,0.9999581
8051,0,1,0,0.4478789,0.5521211,0.5521211
4953,0,0,1,0.9997994,0.00020062983,0.9997994
6125,0,0,1,0.9999808,1.918001e-05,0.9999808
4872,0,0,1,0.9761647,0.023835273,0.9761647
14320,1,1,1,2.3841858e-07,0.99999976,0.99999976
1561,0,0,1,0.9994531,0.0005468868,0.9994531
8339,0,0,1,0.9999575,4.2521373e-05,0.9999575
8993,0,0,1,0.99999964,3.34473e-07,0.99999964
6757,0,0,1,0.9755872,0.024412788,0.9755872
18079,1,1,1,1.9431114e-05,0.99998057,0.99998057
807,0,0,1,0.99782324,0.00217678,0.99782324
17226,1,1,1,0.005231619,0.9947684,0.9947684
18226,1,1,1,8.106232e-05,0.99991894,0.99991894
13531,1,1,1,1.1920929e-06,0.9999988,0.9999988
18709,1,1,1,5.1259995e-06,0.9999949,0.9999949
8477,0,0,1,0.998917,0.0010830356,0.998917
6077,0,0,1,0.9999194,8.060802e-05,0.9999194
1876,0,0,1,0.9986583,0.0013417285,0.9986583
15563,1,1,1,2.026558e-06,0.999998,0.999998
13613,1,1,1,0.00020331144,0.9997967,0.9997967
4922,0,0,1,0.9999549,4.5117165e-05,0.9999549
18660,1,1,1,2.3841858e-07,0.99999976,0.99999976
7577,0,0,1,0.99998707,1.2939761e-05,0.99998707
6933,0,0,1,0.9999883,1.1690973e-05,0.9999883
17810,1,1,1,2.3841858e-05,0.99997616,0.99997616
8866,0,0,1,0.99999356,6.4365454e-06,0.99999356
10716,1,1,1,7.331371e-05,0.9999267,0.9999267
9833,0,0,1,0.99999905,9.5037757e-07,0.99999905
12975,1,1,1,4.029274e-05,0.9999597,0.9999597
17008,1,1,1,0.00047934055,0.99952066,0.99952066
6254,0,0,1,0.9995268,0.00047318154,0.9995268
9900,0,0,1,0.99999064,9.340829e-06,0.99999064
4749,0,0,1,0.99897707,0.0010229538,0.99897707
9847,0,0,1,0.9999975,2.4895571e-06,0.9999975
14405,1,1,1,1.9073486e-06,0.9999981,0.9999981
4658,0,0,1,0.99988765,0.00011233121,0.99988765
5005,0,1,0,0.19572914,0.80427086,0.80427086
3421,0,1,0,0.20804757,0.79195243,0.79195243
17133,1,1,1,0.38157278,0.6184272,0.6184272
13877,1,1,1,0.0004476905,0.9995523,0.9995523
15400,1,1,1,0.0012415648,0.99875844,0.99875844
19018,1,1,1,7.987022e-06,0.999992,0.999992
5071,0,0,1,0.999805,0.00019501348,0.999805
960,0,0,1,0.99951655,0.0004834662,0.99951655
13858,1,1,1,0.00038206577,0.99961793,0.99961793
12894,1,1,1,4.7683716e-06,0.99999523,0.99999523
11210,1,1,1,2.1457672e-06,0.99999785,0.99999785
2369,0,0,1,0.999984,1.596939e-05,0.999984
2567,0,0,1,0.99999726,2.7336196e-06,0.99999726
8098,0,0,1,0.9999995,4.5044584e-07,0.9999995
12424,1,1,1,1.5497208e-06,0.99999845,0.99999845
8221,0,0,1,0.9999956,4.422246e-06,0.9999956
5304,0,0,1,0.98733485,0.012665128,0.98733485
19160,1,1,1,1.7404556e-05,0.9999826,0.9999826
9265,0,0,1,0.9999953,4.737567e-06,0.9999953
6766,0,0,1,0.9998962,0.00010377601,0.9998962
14881,1,1,1,5.9604645e-07,0.9999994,0.9999994
5554,0,0,1,0.9626748,0.037325226,0.9626748
9843,0,0,1,0.9997923,0.00020773865,0.9997923
2533,0,0,1,0.99984455,0.00015542412,0.99984455
4690,0,0,1,0.9999736,2.6399324e-05,0.9999736
4923,0,0,1,0.99695504,0.0030449836,0.99695504
15233,1,1,1,0.0003886819,0.9996113,0.9996113
14274,1,1,1,0.0,1.0,1.0
5538,0,0,1,0.9992199,0.00078009354,0.9992199
14335,1,1,1,1.1920929e-07,0.9999999,0.9999999
3238,0,0,1,0.99998176,1.8245839e-05,0.99998176
17924,1,1,1,7.033348e-06,0.99999297,0.99999297
4630,0,0,1,0.9999756,2.440235e-05,0.9999756
1679,0,0,1,0.92039496,0.079605035,0.92039496
16799,1,1,1,0.0010005832,0.9989994,0.9989994
8660,0,0,1,0.99999875,1.2768495e-06,0.99999875
5266,0,0,1,0.9992908,0.0007091495,0.9992908
3797,0,0,1,0.99990886,9.1165144e-05,0.99990886
8968,0,0,1,0.9999958,4.1559574e-06,0.9999958
18270,1,1,1,9.262562e-05,0.9999074,0.9999074
12971,1,1,1,1.859665e-05,0.9999814,0.9999814
2431,0,0,1,0.9937518,0.0062481957,0.9937518
4757,0,0,1,0.99978185,0.00021814054,0.99978185
8042,0,0,1,0.999994,6.0329544e-06,0.999994
4050,0,0,1,0.99998385,1.6160635e-05,0.99998385
6795,0,0,1,0.99996126,3.874138e-05,0.99996126
7258,0,0,1,0.9886886,0.011311397,0.9886886
19155,1,1,1,8.583069e-06,0.9999914,0.9999914
18766,1,1,1,3.5762787e-07,0.99999964,0.99999964
7849,0,0,1,0.99999785,2.1560559e-06,0.99999785
339,0,0,1,0.99997497,2.5023677e-05,0.99997497
13462,1,1,1,5.6028366e-06,0.9999944,0.9999944
9376,0,0,1,0.9999982,1.7739823e-06,0.9999982
5597,0,0,1,0.9994326,0.00056740193,0.9994326
10070,1,1,1,4.541874e-05,0.9999546,0.9999546
13279,1,1,1,0.0001475811,0.9998524,0.9998524
9414,0,0,1,0.99999976,2.4390468e-07,0.99999976
16915,1,1,1,0.0013690591,0.99863094,0.99863094
957,0,0,1,0.99997485,2.517829e-05,0.99997485
3582,0,0,1,0.99977595,0.00022405313,0.99977595
19559,1,1,1,1.9311905e-05,0.9999807,0.9999807
13585,1,1,1,7.069111e-05,0.9999293,0.9999293
18949,1,1,1,1.6331673e-05,0.99998367,0.99998367
17142,1,0,0,0.9679147,0.03208528,0.9679147
15685,1,1,1,3.5762787e-07,0.99999964,0.99999964
4414,0,0,1,0.9995736,0.00042642342,0.9995736
5889,0,0,1,0.90895575,0.09104427,0.90895575
16573,1,1,1,0.12818098,0.871819,0.871819
4317,0,0,1,0.99998325,1.6750406e-05,0.99998325
1022,0,0,1,0.99976355,0.00023645302,0.99976355
11746,1,1,1,4.053116e-06,0.99999595,0.99999595
19156,1,1,1,2.026558e-06,0.999998,0.999998
16825,1,1,1,0.00025326014,0.99974674,0.99974674
9147,0,0,1,0.9999977,2.3539003e-06,0.9999977
636,0,0,1,0.9992716,0.0007284033,0.9992716
18094,1,1,1,0.0032234788,0.9967765,0.9967765
6605,0,0,1,0.99973685,0.0002631613,0.99973685
10496,1,1,1,2.0980835e-05,0.999979,0.999979
5503,0,1,0,0.22548455,0.77451545,0.77451545
19518,1,1,1,2.7298927e-05,0.9999727,0.9999727
13185,1,1,1,9.918213e-05,0.9999008,0.9999008
13015,1,1,1,2.026558e-06,0.999998,0.999998
2366,0,0,1,0.9935081,0.0064919256,0.9935081
7684,0,0,1,0.99998164,1.8363879e-05,0.99998164
11805,1,1,1,3.8146973e-06,0.9999962,0.9999962
18443,1,1,1,0.0014308691,0.99856913,0.99856913
3672,0,0,1,0.9994282,0.00057178666,0.9994282
11094,1,1,1,7.009506e-05,0.9999299,0.9999299
5892,0,0,1,0.99404633,0.0059536817,0.99404633
13282,1,1,1,1.3589859e-05,0.9999864,0.9999864
12628,1,1,1,1.66893e-06,0.99999833,0.99999833
3880,0,0,1,0.9999865,1.3449071e-05,0.9999865
6079,0,0,1,0.999481,0.0005189882,0.999481
14773,1,1,1,2.026558e-06,0.999998,0.999998
11149,1,1,1,7.355213e-05,0.99992645,0.99992645
17693,1,1,1,2.2649765e-05,0.99997735,0.99997735
16097,1,0,0,0.97418284,0.025817176,0.97418284
5854,0,0,1,0.99982303,0.00017699557,0.99982303
9083,0,0,1,0.9999968,3.2125931e-06,0.9999968
10476,1,1,1,4.172325e-06,0.9999958,0.9999958
18583,1,1,1,3.9339066e-05,0.99996066,0.99996066
9790,0,0,1,0.99999434,5.6335866e-06,0.99999434
19029,1,1,1,2.861023e-06,0.99999714,0.99999714
11432,1,1,1,5.00679e-06,0.999995,0.999995
9556,0,0,1,0.9998979,0.00010208576,0.9998979
1249,0,0,1,0.9997716,0.00022840388,0.9997716
9445,0,0,1,0.9998966,0.00010342293,0.9998966
14053,1,1,1,2.3245811e-05,0.99997675,0.99997675
8868,0,0,1,0.9999316,6.8439505e-05,0.9999316
2033,0,0,1,0.99983096,0.00016902431,0.99983096
17986,1,1,1,0.075890064,0.92410994,0.92410994
19517,1,1,1,1.13248825e-05,0.9999887,0.9999887
10947,1,1,1,4.1365623e-05,0.99995863,0.99995863
8802,0,0,1,0.99999833,1.6780806e-06,0.99999833
7801,0,0,1,0.99999875,1.2674157e-06,0.99999875
18247,1,1,1,2.8014183e-05,0.999972,0.999972
5571,0,0,1,0.9997256,0.0002743958,0.9997256
10046,1,1,1,4.053116e-06,0.99999595,0.99999595
6930,0,0,1,0.99968237,0.00031764596,0.99968237
19248,1,1,1,9.536743e-07,0.99999905,0.99999905
3292,0,0,1,0.9982267,0.0017732707,0.9982267
10939,1,1,1,5.7935715e-05,0.99994206,0.99994206
4428,0,0,1,0.99970657,0.00029342264,0.99970657
17162,1,1,1,4.2915344e-06,0.9999957,0.9999957
15464,1,1,1,2.1457672e-06,0.99999785,0.99999785
11280,1,1,1,2.1457672e-06,0.99999785,0.99999785
11345,1,1,1,1.5497208e-06,0.99999845,0.99999845
15625,1,1,1,1.3113022e-06,0.9999987,0.9999987
19375,1,1,1,2.2411346e-05,0.9999776,0.9999776
14542,1,1,1,2.3841858e-07,0.99999976,0.99999976
13656,1,1,1,0.0001693964,0.9998306,0.9998306
13364,1,1,1,1.9311905e-05,0.9999807,0.9999807
5223,0,0,1,0.9999246,7.5404874e-05,0.9999246
10669,1,1,1,1.513958e-05,0.99998486,0.99998486
8399,0,0,1,0.9999768,2.3198712e-05,0.9999768
537,0,0,1,0.99958104,0.00041895278,0.99958104
286,0,0,1,0.996684,0.003315998,0.996684
4935,0,0,1,0.99999034,9.650967e-06,0.99999034
4847,0,0,1,0.9985269,0.001473106,0.9985269
18642,1,1,1,1.21593475e-05,0.99998784,0.99998784
15045,1,1,1,0.061862886,0.9381371,0.9381371
10784,1,1,1,0.000116705894,0.9998833,0.9998833
5737,0,0,1,0.99969304,0.000306985,0.99969304
13499,1,1,1,7.1525574e-06,0.99999285,0.99999285
7694,0,0,1,0.9999939,6.085173e-06,0.9999939
7777,0,0,1,0.9999983,1.7154144e-06,0.9999983
8946,0,0,1,0.9999989,1.0975058e-06,0.9999989
3263,0,0,1,0.99996185,3.8144735e-05,0.99996185
2256,0,0,1,0.99974424,0.0002557566,0.99974424
5944,0,0,1,0.88205075,0.11794923,0.88205075
15067,1,1,1,0.0002284646,0.99977154,0.99977154
17884,1,1,1,4.2915344e-06,0.9999957,0.9999957
4736,0,0,1,0.99982786,0.00017213079,0.99982786
12379,1,1,1,1.66893e-06,0.99999833,0.99999833
5102,0,0,1,0.99992734,7.26316e-05,0.99992734
4854,0,0,1,0.9999788,2.1199437e-05,0.9999788
14485,1,1,1,2.7418137e-06,0.99999726,0.99999726
5928,0,0,1,0.9822532,0.017746776,0.9822532
18604,1,1,1,0.0034217238,0.9965783,0.9965783
16254,1,1,1,0.066105545,0.93389446,0.93389446
11179,1,1,1,1.5497208e-06,0.99999845,0.99999845
17032,1,1,1,0.099491835,0.90050817,0.90050817
11034,1,1,1,4.673004e-05,0.99995327,0.99995327
12438,1,1,1,2.1457672e-06,0.99999785,0.99999785
16064,1,0,0,0.9995392,0.00046081058,0.9995392
3023,0,0,1,0.99992996,7.005444e-05,0.99992996
892,0,0,1,0.99997145,2.8572249e-05,0.99997145
12878,1,1,1,1.5497208e-06,0.99999845,0.99999845
2072,0,0,1,0.9997638,0.00023623738,0.9997638
14079,1,1,1,3.5762787e-07,0.99999964,0.99999964
3817,0,0,1,0.9994921,0.0005078875,0.9994921
4605,0,0,1,0.9999928,7.2306434e-06,0.9999928
9741,0,0,1,0.9999953,4.7118747e-06,0.9999953
3579,0,0,1,0.99973965,0.00026033804,0.99973965
3065,0,0,1,0.99996156,3.8457172e-05,0.99996156
1665,0,0,1,0.9999826,1.7419583e-05,0.9999826
16236,1,0,0,0.999888,0.00011201459,0.999888
2589,0,0,1,0.9635807,0.036419287,0.9635807
16719,1,1,1,0.011487126,0.9885129,0.9885129
4506,0,0,1,0.99926686,0.00073313847,0.99926686
8231,0,0,1,0.9999989,1.0737294e-06,0.9999989
8718,0,0,1,0.99999964,3.7733193e-07,0.99999964
12876,1,1,1,0.00014615059,0.99985385,0.99985385
11099,1,1,1,2.348423e-05,0.9999765,0.9999765
8005,0,0,1,0.9999879,1.2089097e-05,0.9999879
6496,0,0,1,0.99986136,0.00013865081,0.99986136
2140,0,0,1,0.99946344,0.00053658854,0.99946344
3382,0,0,1,0.9998563,0.0001437015,0.9998563
1586,0,0,1,0.99868447,0.0013155062,0.99868447
14871,1,1,1,2.3841858e-07,0.99999976,0.99999976
17842,1,1,1,0.00012040138,0.9998796,0.9998796
9620,0,0,1,0.99999714,2.840455e-06,0.99999714
17798,1,1,1,0.0012794733,0.9987205,0.9987205
5367,0,0,1,0.9997431,0.00025688641,0.9997431
8610,0,0,1,0.9999985,1.4624441e-06,0.9999985
9359,0,0,1,0.9999718,2.8181701e-05,0.9999718
5056,0,0,1,0.99972975,0.00027022758,0.99972975
5133,0,0,1,0.9999758,2.4217512e-05,0.9999758
1233,0,0,1,0.9996531,0.0003469121,0.9996531
13324,1,1,1,4.3272972e-05,0.9999567,0.9999567
17854,1,1,1,0.00057947636,0.9994205,0.9994205
9332,0,0,1,0.99999857,1.4399825e-06,0.99999857
7527,0,0,1,0.9999964,3.5563237e-06,0.9999964
3620,0,0,1,0.99987566,0.00012430879,0.99987566
13584,1,1,1,3.5762787e-05,0.99996424,0.99996424
9658,0,0,1,0.9999998,1.9979097e-07,0.9999998
7831,0,0,1,0.9999996,3.955427e-07,0.9999996
1634,0,0,1,0.9999593,4.0683983e-05,0.9999593
2028,0,0,1,0.9997966,0.00020337636,0.9997966
14378,1,1,1,3.5762787e-07,0.99999964,0.99999964
7644,0,0,1,0.99999887,1.1448925e-06,0.99999887
7957,0,0,1,0.9999983,1.7216308e-06,0.9999983
8967,0,0,1,0.99999297,7.014975e-06,0.99999297
1726,0,0,1,0.99996954,3.043781e-05,0.99996954
18175,1,1,1,2.2292137e-05,0.9999777,0.9999777
2428,0,0,1,0.9938398,0.006160225,0.9938398
1199,0,0,1,0.90887403,0.09112595,0.90887403
11780,1,1,1,5.9604645e-06,0.99999404,0.99999404
2048,0,0,1,0.9964485,0.0035514662,0.9964485
5270,0,0,1,0.999992,7.98749e-06,0.999992
5288,0,0,1,0.9996093,0.0003907251,0.9996093
11464,1,1,1,4.529953e-06,0.99999547,0.99999547
12594,1,1,1,1.1920929e-05,0.9999881,0.9999881
1467,0,0,1,0.9990645,0.0009355244,0.9990645
19210,1,1,1,0.00013911724,0.9998609,0.9998609
14842,1,1,1,3.2305717e-05,0.9999677,0.9999677
18897,1,1,1,1.7404556e-05,0.9999826,0.9999826
553,0,0,1,0.9972759,0.0027241225,0.9972759
7275,0,0,1,0.9984809,0.0015190917,0.9984809
6233,0,0,1,0.99980974,0.00019023658,0.99980974
3594,0,0,1,0.99847436,0.0015256462,0.99847436
6983,0,0,1,0.99981576,0.00018423496,0.99981576
15769,1,1,1,1.1920929e-07,0.9999999,0.9999999
2065,0,0,1,0.9986962,0.0013037875,0.9986962
14832,1,1,1,8.368492e-05,0.9999163,0.9999163
5218,0,0,1,0.9982661,0.001733914,0.9982661
15365,1,1,1,0.00011897087,0.999881,0.999881
3293,0,0,1,0.99963695,0.00036304147,0.99963695
16615,1,1,1,0.15928274,0.84071726,0.84071726
530,0,0,1,0.9975785,0.002421507,0.9975785
1646,0,0,1,0.9940232,0.0059767845,0.9940232
7844,0,0,1,0.99999857,1.4191417e-06,0.99999857
16710,1,0,0,0.998995,0.0010050022,0.998995
19190,1,1,1,9.059906e-06,0.99999094,0.99999094
5172,0,0,1,0.9999036,9.637672e-05,0.9999036
18206,1,1,1,8.7976456e-05,0.999912,0.999912
1934,0,0,1,0.99986684,0.00013313763,0.99986684
17881,1,1,1,0.0036540627,0.99634594,0.99634594
11274,1,1,1,8.34465e-07,0.99999917,0.99999917
17400,1,1,1,0.00014555454,0.99985445,0.99985445
864,0,0,1,0.99978864,0.00021137242,0.99978864
4268,0,0,1,0.9999292,7.0782764e-05,0.9999292
9112,0,0,1,0.99989694,0.00010303686,0.99989694
13527,1,1,1,5.51939e-05,0.9999448,0.9999448
11557,1,1,1,3.9339066e-06,0.99999607,0.99999607
19737,1,1,1,2.5749207e-05,0.99997425,0.99997425
17566,1,1,1,1.2516975e-05,0.9999875,0.9999875
3739,0,0,1,0.9999547,4.528743e-05,0.9999547
6798,0,0,1,0.9988649,0.0011350877,0.9988649
9994,1,1,1,2.8252602e-05,0.99997175,0.99997175
12365,1,1,1,1.7881393e-06,0.9999982,0.9999982
9330,0,0,1,0.9999945,5.4830166e-06,0.9999945
12962,1,1,1,1.9073486e-06,0.9999981,0.9999981
14247,1,1,1,0.0,1.0,1.0
6472,0,0,1,0.9995597,0.00044032643,0.9995597
12675,1,1,1,4.053116e-06,0.99999595,0.99999595
8805,0,0,1,0.9999997,2.7963648e-07,0.9999997
2117,0,0,1,0.99994415,5.584497e-05,0.99994415
18351,1,1,1,3.9339066e-06,0.99999607,0.99999607
11069,1,1,1,4.386902e-05,0.99995613,0.99995613
19154,1,1,1,9.536743e-07,0.99999905,0.99999905
4044,0,0,1,0.9998225,0.00017749025,0.9998225
17476,1,1,1,4.4584274e-05,0.9999554,0.9999554
4142,0,0,1,0.999991,9.01042e-06,0.999991
3782,0,0,1,0.99987924,0.00012073665,0.99987924
4855,0,0,1,0.9998485,0.00015152995,0.9998485
13712,1,1,1,0.011998832,0.98800117,0.98800117
13756,1,1,1,1.9550323e-05,0.99998045,0.99998045
12784,1,1,1,3.33786e-06,0.99999666,0.99999666
9047,0,0,1,0.9999992,7.770277e-07,0.9999992
3791,0,0,1,0.99994826,5.1741343e-05,0.99994826
4583,0,0,1,0.9999911,8.852744e-06,0.9999911
1332,0,0,1,0.99904996,0.0009500273,0.99904996
967,0,0,1,0.99995565,4.4326403e-05,0.99995565
16785,1,1,1,0.00315547,0.99684453,0.99684453
11906,1,1,1,5.364418e-06,0.99999464,0.99999464
13098,1,1,1,6.92606e-05,0.99993074,0.99993074
14833,1,1,1,1.1920929e-07,0.9999999,0.9999999
11444,1,1,1,5.1259995e-06,0.9999949,0.9999949
14878,1,1,1,1.5497208e-06,0.99999845,0.99999845
10092,1,1,1,5.364418e-05,0.99994636,0.99994636
2444,0,0,1,0.99996024,3.9762996e-05,0.99996024
18182,1,1,1,0.00014007092,0.9998599,0.9998599
17688,1,1,1,3.8146973e-06,0.9999962,0.9999962
3654,0,0,1,0.9999866,1.3418516e-05,0.9999866
7302,0,0,1,0.99851364,0.0014863322,0.99851364
5792,0,0,1,0.9930422,0.006957819,0.9930422
7859,0,0,1,0.99999785,2.1509195e-06,0.99999785
7807,0,0,1,0.9999989,1.0706261e-06,0.9999989
13698,1,1,1,1.9073486e-06,0.9999981,0.9999981
7722,0,0,1,0.99999577,4.2372067e-06,0.99999577
10220,1,1,1,7.2717667e-06,0.9999927,0.9999927
18548,1,1,1,0.09128779,0.9087122,0.9087122
7806,0,0,1,0.9999995,4.653193e-07,0.9999995
18601,1,1,1,4.3272972e-05,0.9999567,0.9999567
10198,1,1,1,1.3113022e-06,0.9999987,0.9999987
12069,1,1,1,9.059906e-06,0.99999094,0.99999094
1041,0,0,1,0.99974334,0.00025664992,0.99974334
2357,0,0,1,0.994297,0.0057029864,0.994297
8716,0,0,1,0.99999833,1.6483929e-06,0.99999833
15224,1,1,1,9.9658966e-05,0.99990034,0.99990034
4621,0,0,1,0.9993569,0.00064306264,0.9993569
13118,1,1,1,0.00085008144,0.9991499,0.9991499
1366,0,1,0,0.07403284,0.92596716,0.92596716
1817,0,0,1,0.9998567,0.00014330317,0.9998567
14686,1,1,1,1.4305115e-05,0.9999857,0.9999857
10207,1,1,1,1.3828278e-05,0.9999862,0.9999862
557,0,0,1,0.9992775,0.00072250306,0.9992775
718,0,0,1,0.9999572,4.2805234e-05,0.9999572
270,0,0,1,0.999978,2.2015674e-05,0.999978
14118,1,1,1,2.4557114e-05,0.99997544,0.99997544
1253,0,0,1,0.99838084,0.0016191772,0.99838084
3761,0,0,1,0.9993104,0.0006896283,0.9993104
16608,1,1,1,0.002691865,0.99730814,0.99730814
10712,1,1,1,9.179115e-06,0.9999908,0.9999908
7109,0,0,1,0.9994231,0.00057691796,0.9994231
15678,1,1,1,1.1920929e-07,0.9999999,0.9999999
12295,1,1,1,0.0008523464,0.99914765,0.99914765
9295,0,0,1,0.9999996,4.2638527e-07,0.9999996
18118,1,1,1,0.0007124543,0.99928755,0.99928755
11852,1,1,1,4.2915344e-06,0.9999957,0.9999957
19571,1,1,1,5.722046e-06,0.9999943,0.9999943
540,0,0,1,0.9958097,0.0041903146,0.9958097
2933,0,0,1,0.9991476,0.00085241714,0.9991476
12257,1,1,1,3.3020973e-05,0.999967,0.999967
828,0,0,1,0.99973303,0.00026695113,0.99973303
19574,1,1,1,2.9802322e-05,0.9999702,0.9999702
4784,0,0,1,0.99875927,0.0012407487,0.99875927
5163,0,0,1,0.99898106,0.0010189124,0.99898106
8277,0,1,0,0.3113861,0.6886139,0.6886139
17997,1,1,1,0.0010296106,0.9989704,0.9989704
61,0,0,1,0.9952675,0.004732518,0.9952675
14233,1,1,1,0.018903017,0.981097,0.981097
15590,1,1,1,0.0,1.0,1.0
785,0,0,1,0.99991435,8.563975e-05,0.99991435
14261,1,1,1,2.3841858e-07,0.99999976,0.99999976
14260,1,1,1,5.364418e-06,0.99999464,0.99999464
14643,1,1,1,3.5762787e-07,0.99999964,0.99999964
8499,0,0,1,0.9999993,7.174464e-07,0.9999993
13384,1,1,1,1.7762184e-05,0.99998224,0.99998224
18435,1,1,1,4.053116e-06,0.99999595,0.99999595
3047,0,0,1,0.99988806,0.00011195811,0.99988806
15286,1,1,1,8.1300735e-05,0.9999187,0.9999187
8983,0,0,1,0.99998724,1.2741241e-05,0.99998724
18945,1,1,1,0.00031375885,0.99968624,0.99968624
6991,0,0,1,0.7426237,0.25737634,0.7426237
17974,1,1,1,0.019214451,0.98078555,0.98078555
6761,0,0,1,0.5798324,0.42016762,0.5798324
467,0,0,1,0.999658,0.00034203118,0.999658
10172,1,1,1,5.4359436e-05,0.99994564,0.99994564
12194,1,1,1,0.00051152706,0.9994885,0.9994885
6568,0,0,1,0.9999849,1.5089912e-05,0.9999849
6239,0,0,1,0.9999751,2.4897303e-05,0.9999751
4725,0,0,1,0.9996447,0.00035531088,0.9996447
9003,0,0,1,0.9999993,6.9463465e-07,0.9999993
9259,0,0,1,0.9997646,0.00023540275,0.9997646
16414,1,0,0,0.9745802,0.025419759,0.9745802
19534,1,1,1,6.7949295e-06,0.9999932,0.9999932
10340,1,1,1,5.1259995e-06,0.9999949,0.9999949
5211,0,0,1,0.9997355,0.00026450906,0.9997355
11944,1,1,1,5.364418e-06,0.99999464,0.99999464
295,0,0,1,0.9983641,0.0016359324,0.9983641
6374,0,0,1,0.99998856,1.14343875e-05,0.99998856
6246,0,0,1,0.9976107,0.002389285,0.9976107
1961,0,0,1,0.9995525,0.00044751354,0.9995525
5312,0,0,1,0.99027884,0.009721147,0.99027884
9971,0,0,1,0.99999577,4.2496345e-06,0.99999577
13006,1,1,1,4.041195e-05,0.9999596,0.9999596
14566,1,1,1,1.1920929e-07,0.9999999,0.9999999
9977,0,0,1,0.99999064,9.387132e-06,0.99999064
2693,0,0,1,0.9926533,0.0073466785,0.9926533
14856,1,0,0,0.66087276,0.33912724,0.66087276
4556,0,0,1,0.9999546,4.544443e-05,0.9999546
17235,1,1,1,2.7298927e-05,0.9999727,0.9999727
392,0,0,1,0.99962205,0.00037797575,0.99962205
6217,0,0,1,0.99988574,0.00011427157,0.99988574
11676,1,1,1,6.914139e-06,0.9999931,0.9999931
4795,0,0,1,0.9936391,0.006360882,0.9936391
8312,0,0,1,0.9999992,7.892016e-07,0.9999992
19728,1,1,1,3.8027763e-05,0.999962,0.999962
1008,0,0,1,0.99925596,0.00074406056,0.99925596
15778,1,1,1,1.0728836e-06,0.9999989,0.9999989
5878,0,0,1,0.99985653,0.0001434678,0.99985653
826,0,0,1,0.98583883,0.014161184,0.98583883
4603,0,0,1,0.9999755,2.448202e-05,0.9999755
18728,1,1,1,1.1920929e-07,0.9999999,0.9999999
6142,0,0,1,0.99771386,0.002286116,0.99771386
17535,1,1,1,0.022779405,0.9772206,0.9772206
12492,1,1,1,9.357929e-05,0.9999064,0.9999064
9216,0,0,1,0.9999762,2.3765177e-05,0.9999762
19021,1,1,1,4.172325e-06,0.9999958,0.9999958
7983,0,0,1,0.9999877,1.2282386e-05,0.9999877
11289,1,1,1,4.4107437e-06,0.9999956,0.9999956
8839,0,0,1,0.99999875,1.2709621e-06,0.99999875
18520,1,1,1,0.00011241436,0.9998876,0.9998876
2323,0,0,1,0.99996126,3.8761147e-05,0.99996126
18689,1,1,1,1.0728836e-06,0.9999989,0.9999989
3405,0,1,0,0.418683,0.581317,0.581317
17181,1,1,1,6.7949295e-05,0.99993205,0.99993205
11245,1,1,1,2.7418137e-06,0.99999726,0.99999726
13854,1,1,1,6.914139e-06,0.9999931,0.9999931
15796,1,1,1,1.0251999e-05,0.99998975,0.99998975
12412,1,1,1,1.4305115e-06,0.99999857,0.99999857
15187,1,1,1,8.34465e-07,0.99999917,0.99999917
1101,0,0,1,0.9999381,6.194934e-05,0.9999381
3742,0,0,1,0.9999319,6.81098e-05,0.9999319
12575,1,1,1,2.9802322e-06,0.999997,0.999997
6127,0,0,1,0.9790855,0.020914506,0.9790855
7371,0,0,1,0.99985915,0.00014085005,0.99985915
17204,1,1,1,0.00026494265,0.99973506,0.99973506
3745,0,0,1,0.999869,0.0001310053,0.999869
8131,0,0,1,0.9999995,4.7288952e-07,0.9999995
2181,0,0,1,0.99983156,0.00016841733,0.99983156
3539,0,0,1,0.99889123,0.0011087682,0.99889123
1762,0,0,1,0.98670834,0.013291662,0.98670834
13356,1,1,1,4.4107437e-05,0.9999559,0.9999559
14254,1,1,1,2.3841858e-07,0.99999976,0.99999976
13702,1,1,1,0.014947474,0.9850525,0.9850525
11014,1,1,1,2.5987625e-05,0.999974,0.999974
6273,0,0,1,0.99895823,0.0010417724,0.99895823
10410,1,1,1,1.5258789e-05,0.99998474,0.99998474
12288,1,1,1,6.914139e-06,0.9999931,0.9999931
4750,0,0,1,0.99960583,0.00039417506,0.99960583
6854,0,0,1,0.9999554,4.458152e-05,0.9999554
5675,0,0,1,0.9987054,0.0012946319,0.9987054
18667,1,1,1,2.3007393e-05,0.999977,0.999977
18366,1,1,1,1.9550323e-05,0.99998045,0.99998045
5606,0,0,1,0.9999602,3.983629e-05,0.9999602
14315,1,1,1,0.00027424097,0.99972576,0.99972576
3878,0,0,1,0.9995171,0.00048289,0.9995171
15681,1,1,1,2.2649765e-06,0.99999774,0.99999774
12606,1,1,1,6.914139e-06,0.9999931,0.9999931
4225,0,0,1,0.99977726,0.0002227147,0.99977726
13570,1,1,1,3.1471252e-05,0.9999685,0.9999685
17567,1,1,1,5.2809715e-05,0.9999472,0.9999472
1713,0,0,1,0.9999794,2.0645757e-05,0.9999794
4772,0,0,1,0.9999169,8.3104744e-05,0.9999169
2654,0,0,1,0.9987257,0.0012743027,0.9987257
10251,1,1,1,4.172325e-06,0.9999958,0.9999958
17584,1,1,1,0.000120043755,0.99987996,0.99987996
8453,0,0,1,0.9999949,5.1053134e-06,0.9999949
7357,0,0,1,0.99993753,6.2466264e-05,0.99993753
15179,1,1,1,0.11102933,0.8889707,0.8889707
17100,1,0,0,0.7781733,0.22182667,0.7781733
14536,1,1,1,0.029980779,0.9700192,0.9700192
19678,1,1,1,2.2649765e-06,0.99999774,0.99999774
13972,1,1,1,1.5735626e-05,0.99998426,0.99998426
3493,0,0,1,0.98626745,0.013732546,0.98626745
2163,0,0,1,0.9572193,0.04278067,0.9572193
11535,1,1,1,4.887581e-06,0.9999951,0.9999951
6173,0,0,1,0.99998254,1.7468958e-05,0.99998254
17174,1,1,1,5.4717064e-05,0.9999453,0.9999453
2220,0,0,1,0.9989256,0.0010743476,0.9989256
17931,1,1,1,6.902218e-05,0.999931,0.999931
15526,1,1,1,1.8835068e-05,0.99998116,0.99998116
15250,1,1,1,6.556511e-06,0.99999344,0.99999344
6236,0,0,1,0.9947246,0.0052754404,0.9947246
1688,0,0,1,0.99472356,0.005276439,0.99472356
11417,1,1,1,6.198883e-06,0.9999938,0.9999938
12402,1,1,1,5.722046e-06,0.9999943,0.9999943
8503,0,0,1,0.99999934,6.6633874e-07,0.99999934
9340,0,0,1,0.97772527,0.022274718,0.97772527
17075,1,0,0,0.9963874,0.003612574,0.9963874
13027,1,1,1,1.692772e-05,0.9999831,0.9999831
11633,1,1,1,5.4836273e-06,0.9999945,0.9999945
18050,1,1,1,0.00016963482,0.99983037,0.99983037
17097,1,0,0,0.9726728,0.027327167,0.9726728
6695,0,0,1,0.9997445,0.00025552922,0.9997445
1277,0,0,1,0.99978447,0.00021551212,0.99978447
6417,0,0,1,0.9999702,2.9827308e-05,0.9999702
7230,0,0,1,0.999949,5.1007893e-05,0.999949
7424,0,0,1,0.91630554,0.08369448,0.91630554
7046,0,0,1,0.9601859,0.039814085,0.9601859
10567,1,1,1,5.6624413e-05,0.9999434,0.9999434
16413,1,0,0,0.9984433,0.0015567036,0.9984433
17004,1,0,0,0.99703896,0.0029610558,0.99703896
10247,1,1,1,3.2544136e-05,0.99996746,0.99996746
8483,0,0,1,0.9999882,1.17931995e-05,0.9999882
9574,0,0,1,0.99999523,4.7434983e-06,0.99999523
1313,0,0,1,0.9999761,2.3901457e-05,0.9999761
4679,0,0,1,0.9997098,0.0002901996,0.9997098
9642,0,0,1,0.9999992,7.727069e-07,0.9999992
16566,1,0,0,0.99835175,0.0016482382,0.99835175
15315,1,1,1,7.748604e-06,0.99999225,0.99999225
6193,0,0,1,0.996303,0.0036969853,0.996303
5602,0,0,1,0.99998283,1.7143928e-05,0.99998283
7042,0,0,1,0.9972658,0.0027341868,0.9972658
19023,1,1,1,0.39758235,0.60241765,0.60241765
8667,0,0,1,0.9999997,2.8549658e-07,0.9999997
2205,0,0,1,0.99993056,6.946717e-05,0.99993056
12091,1,1,1,1.2516975e-05,0.9999875,0.9999875
18062,1,1,1,0.002421677,0.9975783,0.9975783
4930,0,0,1,0.9999942,5.755178e-06,0.9999942
11707,1,1,1,4.4107437e-06,0.9999956,0.9999956
6,0,0,1,0.99965906,0.00034096593,0.99965906
503,0,0,1,0.99982285,0.00017712962,0.99982285
16584,1,1,1,0.20480591,0.7951941,0.7951941
15589,1,1,1,1.9073486e-06,0.9999981,0.9999981
1275,0,0,1,0.99894005,0.0010599494,0.99894005
3563,0,0,1,0.99894315,0.001056861,0.99894315
11901,1,1,1,4.6133995e-05,0.99995387,0.99995387
3732,0,0,1,0.99952394,0.00047607458,0.99952394
16747,1,0,0,0.9017565,0.09824347,0.9017565
18168,1,1,1,5.3167343e-05,0.99994683,0.99994683
6732,0,0,1,0.9998734,0.00012660924,0.9998734
2608,0,0,1,0.9996138,0.00038615655,0.9996138
9193,0,0,1,0.99999857,1.403158e-06,0.99999857
16985,1,0,0,0.9996959,0.00030411998,0.9996959
2686,0,0,1,0.99987227,0.00012772981,0.99987227
1029,0,0,1,0.99599636,0.004003671,0.99599636
11553,1,1,1,4.887581e-06,0.9999951,0.9999951
11091,1,1,1,2.7418137e-05,0.9999726,0.9999726
3082,0,0,1,0.9994109,0.00058904657,0.9994109
17149,1,1,1,0.23983967,0.7601603,0.7601603
11993,1,1,1,2.026558e-06,0.999998,0.999998
5655,0,0,1,0.99805975,0.0019402308,0.99805975
11725,1,1,1,4.529953e-06,0.99999547,0.99999547
14800,1,1,1,3.4570694e-06,0.99999654,0.99999654
14852,1,1,1,3.194809e-05,0.99996805,0.99996805
17258,1,1,1,1.1920929e-05,0.9999881,0.9999881
418,0,0,1,0.9999244,7.5558906e-05,0.9999244
12020,1,1,1,0.00034940243,0.9996506,0.9996506
17467,1,1,1,0.0005592704,0.9994407,0.9994407
11320,1,1,1,1.5497208e-06,0.99999845,0.99999845
7893,0,0,1,0.9999964,3.5472597e-06,0.9999964
8195,0,0,1,0.99999654,3.4527604e-06,0.99999654
318,0,0,1,0.9997051,0.0002948961,0.9997051
18893,1,1,1,0.00010704994,0.99989295,0.99989295
3261,0,0,1,0.9980723,0.0019276986,0.9980723
5615,0,0,1,0.9996092,0.00039082157,0.9996092
18948,1,1,1,1.21593475e-05,0.99998784,0.99998784
14858,1,1,1,5.1259995e-06,0.9999949,0.9999949
13210,1,1,1,0.000579834,0.99942017,0.99942017
3924,0,0,1,0.9981257,0.0018743023,0.9981257
12595,1,1,1,1.66893e-06,0.99999833,0.99999833
1073,0,0,1,0.9998318,0.00016819683,0.9998318
14778,1,1,1,0.0005668998,0.9994331,0.9994331
4490,0,0,1,0.99998516,1.4838623e-05,0.99998516
10529,1,1,1,2.2888184e-05,0.9999771,0.9999771
12948,1,1,1,1.5497208e-06,0.99999845,0.99999845
8353,0,0,1,0.99999934,6.3318055e-07,0.99999934
8364,0,0,1,0.9999998,1.8991675e-07,0.9999998
3089,0,0,1,0.9996648,0.00033521908,0.9996648
13791,1,1,1,0.0043002367,0.99569976,0.99569976
10831,1,1,1,5.3048134e-05,0.99994695,0.99994695
3195,0,0,1,0.9945429,0.005457103,0.9945429
9838,0,0,1,0.9999981,1.8948723e-06,0.9999981
5143,0,0,1,0.99994904,5.0985087e-05,0.99994904
7286,0,0,1,0.9999792,2.079092e-05,0.9999792
13916,1,1,1,9.179115e-06,0.9999908,0.9999908
4834,0,0,1,0.9884479,0.011552066,0.9884479
15527,1,1,1,2.2649765e-06,0.99999774,0.99999774
2756,0,0,1,0.9999913,8.675427e-06,0.9999913
7985,0,0,1,0.9999995,4.7172338e-07,0.9999995
18589,1,1,1,0.41681075,0.58318925,0.58318925
9811,0,0,1,0.99999434,5.6784424e-06,0.99999434
18150,1,1,1,0.00016450882,0.9998355,0.9998355
4287,0,0,1,0.9998378,0.00016220566,0.9998378
18822,1,1,1,3.33786e-06,0.99999666,0.99999666
5361,0,0,1,0.9998683,0.00013173689,0.9998683
10663,1,1,1,3.7789345e-05,0.9999622,0.9999622
4156,0,0,1,0.9727067,0.027293332,0.9727067
18232,1,1,1,3.5762787e-05,0.99996424,0.99996424
256,0,0,1,0.97843623,0.021563778,0.97843623
17173,1,1,1,7.1525574e-07,0.9999993,0.9999993
4252,0,0,1,0.9996758,0.00032421044,0.9996758
11576,1,1,1,5.2452087e-06,0.99999475,0.99999475
12616,1,1,1,3.0636787e-05,0.99996936,0.99996936
13892,1,1,1,7.748604e-06,0.99999225,0.99999225
19233,1,1,1,2.3841858e-07,0.99999976,0.99999976
3396,0,0,1,0.9999903,9.704903e-06,0.9999903
3305,0,0,1,0.99238473,0.0076152724,0.99238473
17950,1,1,1,5.841255e-06,0.99999416,0.99999416
8246,0,0,1,0.9997937,0.00020628178,0.9997937
10193,1,1,1,3.695488e-06,0.9999963,0.9999963
1496,0,0,1,0.99919504,0.0008049806,0.99919504
7049,0,0,1,0.99960506,0.0003949578,0.99960506
5236,0,0,1,0.99998605,1.3957328e-05,0.99998605
630,0,0,1,0.9998054,0.00019460113,0.9998054
12098,1,1,1,1.9073486e-06,0.9999981,0.9999981
19157,1,1,1,5.9604645e-07,0.9999994,0.9999994
4547,0,0,1,0.9997261,0.00027387202,0.9997261
1950,0,0,1,0.9999702,2.9807064e-05,0.9999702
6676,0,0,1,0.99999005,9.949098e-06,0.99999005
14475,1,1,1,2.3841858e-07,0.99999976,0.99999976
1829,0,0,1,0.9996812,0.0003188134,0.9996812
7710,0,0,1,0.9999991,9.1130164e-07,0.9999991
14931,1,1,1,1.2993813e-05,0.999987,0.999987
11252,1,1,1,1.5497208e-06,0.99999845,0.99999845
8817,0,0,1,0.9999988,1.1677686e-06,0.9999988
3798,0,0,1,0.99898,0.0010199954,0.99898
6388,0,0,1,0.99936384,0.0006361791,0.99936384
8882,0,0,1,0.99999577,4.2490024e-06,0.99999577
12890,1,1,1,7.5101852e-06,0.9999925,0.9999925
4504,0,0,1,0.99986726,0.0001327273,0.99986726
1556,0,0,1,0.9981426,0.0018573719,0.9981426
7233,0,0,1,0.9690801,0.030919924,0.9690801
10963,1,1,1,3.5881996e-05,0.9999641,0.9999641
5852,0,0,1,0.99970865,0.00029135423,0.99970865
952,0,0,1,0.52922446,0.47077554,0.52922446
16645,1,1,1,0.3021416,0.6978584,0.6978584
3269,0,0,1,0.9998419,0.00015809381,0.9998419
18626,1,1,1,3.33786e-06,0.99999666,0.99999666
19912,1,1,1,2.3961067e-05,0.99997604,0.99997604
9059,0,0,1,0.99999845,1.5542046e-06,0.99999845
1998,0,0,1,0.9999796,2.0355594e-05,0.9999796
2850,0,0,1,0.999278,0.00072198344,0.999278
1811,0,0,1,0.99992466,7.535233e-05,0.99992466
14737,1,1,1,1.1920929e-07,0.9999999,0.9999999
3917,0,0,1,0.99964637,0.00035362513,0.99964637
18991,1,1,1,9.560585e-05,0.9999044,0.9999044
8755,0,0,1,0.9999969,3.0886665e-06,0.9999969
6685,0,0,1,0.9988471,0.0011528824,0.9988471
14170,1,1,1,1.1920929e-07,0.9999999,0.9999999
11890,1,1,1,4.6491623e-06,0.99999535,0.99999535
10689,1,1,1,2.336502e-05,0.99997663,0.99997663
11475,1,1,1,4.887581e-06,0.9999951,0.9999951
17557,1,1,1,0.010383844,0.98961616,0.98961616
15924,1,1,1,4.7564507e-05,0.99995244,0.99995244
5840,0,0,1,0.999934,6.5957414e-05,0.999934
15441,1,1,1,2.3841858e-07,0.99999976,0.99999976
956,0,0,1,0.99989974,0.000100276826,0.99989974
10740,1,1,1,0.00022560358,0.9997744,0.9997744
5866,0,0,1,0.9963473,0.003652683,0.9963473
16744,1,1,1,0.09798837,0.90201163,0.90201163
16575,1,0,0,0.60755813,0.39244187,0.60755813
12252,1,1,1,4.1127205e-05,0.9999589,0.9999589
6136,0,0,1,0.9992172,0.00078279705,0.9992172
5771,0,0,1,0.99748826,0.0025117537,0.99748826
16684,1,1,1,0.04494548,0.9550545,0.9550545
14098,1,1,1,3.5762787e-07,0.99999964,0.99999964
560,0,0,1,0.9999104,8.959523e-05,0.9999104
11189,1,1,1,1.9073486e-06,0.9999981,0.9999981
7135,0,0,1,0.9891952,0.010804801,0.9891952
5245,0,0,1,0.999992,7.974345e-06,0.999992
6181,0,0,1,0.9976782,0.0023217993,0.9976782
14986,1,0,0,0.579296,0.42070404,0.579296
17434,1,1,1,6.67572e-06,0.9999933,0.9999933
9853,0,0,1,0.99999946,5.44074e-07,0.99999946
207,0,0,1,0.99988616,0.00011381983,0.99988616
5622,0,0,1,0.99995524,4.4769276e-05,0.99995524
15119,1,1,1,0.00015830994,0.9998417,0.9998417
11730,1,1,1,1.0609627e-05,0.9999894,0.9999894
1070,0,0,1,0.72194755,0.27805245,0.72194755
15111,1,1,1,1.5377998e-05,0.9999846,0.9999846
14149,1,1,1,9.536743e-07,0.99999905,0.99999905
8696,0,0,1,0.9999741,2.5926085e-05,0.9999741
7156,0,0,1,0.999893,0.00010697321,0.999893
18683,1,1,1,2.3841858e-07,0.99999976,0.99999976
13146,1,1,1,1.180172e-05,0.9999882,0.9999882
3676,0,0,1,0.99986356,0.000136409,0.99986356
9368,0,0,1,0.99999785,2.16848e-06,0.99999785
9410,0,0,1,0.9999938,6.205529e-06,0.9999938
10106,1,1,1,9.894371e-06,0.9999901,0.9999901
8692,0,0,1,0.99999875,1.2560699e-06,0.99999875
8346,0,0,1,0.99999756,2.4383007e-06,0.99999756
11899,1,1,1,5.722046e-06,0.9999943,0.9999943
13217,1,1,1,9.775162e-06,0.9999902,0.9999902
18190,1,1,1,7.379055e-05,0.9999262,0.9999262
18833,1,1,1,3.5762787e-06,0.9999964,0.9999964
1395,0,0,1,0.9983136,0.0016863926,0.9983136
13815,1,1,1,2.1457672e-05,0.99997854,0.99997854
3039,0,0,1,0.99945754,0.00054246746,0.99945754
17944,1,1,1,0.001024723,0.9989753,0.9989753
11155,1,1,1,5.3167343e-05,0.99994683,0.99994683
2741,0,0,1,0.9999905,9.457301e-06,0.9999905
13149,1,1,1,6.7949295e-06,0.9999932,0.9999932
8788,0,0,1,0.9999991,9.174047e-07,0.9999991
3532,0,0,1,0.9999423,5.7697245e-05,0.9999423
16897,1,1,1,5.6028366e-06,0.9999944,0.9999944
17925,1,1,1,4.351139e-05,0.9999565,0.9999565
13445,1,1,1,9.179115e-06,0.9999908,0.9999908
6258,0,0,1,0.989829,0.010171016,0.989829
11651,1,1,1,5.1259995e-06,0.9999949,0.9999949
12950,1,1,1,7.2717667e-06,0.9999927,0.9999927
7642,0,0,1,0.9999969,3.1237964e-06,0.9999969
5789,0,0,1,0.9999446,5.53729e-05,0.9999446
15413,1,1,1,3.027916e-05,0.9999697,0.9999697
18315,1,1,1,0.0017796159,0.9982204,0.9982204
16627,1,0,0,0.96266854,0.037331462,0.96266854
3733,0,0,1,0.9996167,0.00038330693,0.9996167
18593,1,1,1,3.9339066e-06,0.99999607,0.99999607
10786,1,1,1,5.531311e-05,0.9999447,0.9999447
18218,1,1,1,0.0056768656,0.99432313,0.99432313
4641,0,0,1,0.9793188,0.020681204,0.9793188
1582,0,0,1,0.9999813,1.8694504e-05,0.9999813
4284,0,0,1,0.99945736,0.00054265466,0.99945736
9211,0,0,1,0.99999857,1.4451994e-06,0.99999857
8126,0,0,1,0.9999974,2.6034036e-06,0.9999974
10477,1,1,1,4.220009e-05,0.9999578,0.9999578
4602,0,0,1,0.99997705,2.2952316e-05,0.99997705
9377,0,0,1,0.99999833,1.6701505e-06,0.99999833
10532,1,1,1,6.699562e-05,0.999933,0.999933
10244,1,1,1,1.0728836e-06,0.9999989,0.9999989
6993,0,0,1,0.994915,0.00508498,0.994915
12881,1,1,1,5.6028366e-06,0.9999944,0.9999944
4539,0,0,1,0.9988491,0.0011508858,0.9988491
5330,0,0,1,0.99991375,8.6272696e-05,0.99991375
6929,0,0,1,0.99994326,5.676645e-05,0.99994326
9188,0,0,1,0.9936743,0.0063257203,0.9936743
14450,1,1,1,0.40885347,0.5911465,0.5911465
12547,1,1,1,3.4570694e-06,0.99999654,0.99999654
17049,1,1,1,0.011161923,0.9888381,0.9888381
11753,1,1,1,6.484985e-05,0.99993515,0.99993515
2547,0,0,1,0.99994665,5.333272e-05,0.99994665
10245,1,1,1,2.193451e-05,0.99997807,0.99997807
10252,1,1,1,5.173683e-05,0.99994826,0.99994826
8443,0,0,1,0.9999847,1.5299398e-05,0.9999847
5055,0,0,1,0.99999946,5.463472e-07,0.99999946
17828,1,1,1,1.1086464e-05,0.9999889,0.9999889
13102,1,1,1,0.0018408895,0.9981591,0.9981591
13907,1,1,1,0.00015735626,0.99984264,0.99984264
699,0,0,1,0.9999763,2.3736591e-05,0.9999763
7604,0,0,1,0.9998707,0.00012926053,0.9998707
6641,0,0,1,0.9996496,0.0003504299,0.9996496
1354,0,0,1,0.9999983,1.753763e-06,0.9999983
11500,1,1,1,2.7418137e-06,0.99999726,0.99999726
405,0,0,1,0.999987,1.3021711e-05,0.999987
19152,1,1,1,1.9073486e-06,0.9999981,0.9999981
8121,0,0,1,0.9999974,2.637588e-06,0.9999974
4448,0,0,1,0.99779475,0.0022052776,0.99779475
4745,0,0,1,0.9960437,0.0039563244,0.9960437
9749,0,0,1,0.99999493,5.0379927e-06,0.99999493
12135,1,1,1,4.017353e-05,0.9999598,0.9999598
10626,1,1,1,3.8146973e-06,0.9999962,0.9999962
13718,1,1,1,1.1563301e-05,0.99998844,0.99998844
8948,0,0,1,0.99999726,2.7577698e-06,0.99999726
12642,1,1,1,4.053116e-06,0.99999595,0.99999595
1123,0,0,1,0.9999519,4.8090675e-05,0.9999519
1592,0,0,1,0.99998546,1.452665e-05,0.99998546
16728,1,1,1,0.01033175,0.98966825,0.98966825
17058,1,0,0,0.92035264,0.079647355,0.92035264
13263,1,1,1,5.4836273e-06,0.9999945,0.9999945
14464,1,1,1,2.3841858e-07,0.99999976,0.99999976
6004,0,0,1,0.99902105,0.0009789636,0.99902105
1151,0,0,1,0.9996964,0.00030365586,0.9996964
11763,1,1,1,3.0994415e-06,0.9999969,0.9999969
7045,0,0,1,0.9999136,8.644531e-05,0.9999136
6730,0,0,1,0.99981415,0.00018583253,0.99981415
524,0,0,1,0.9997351,0.00026485606,0.9997351
2630,0,0,1,0.99978894,0.00021103551,0.99978894
13444,1,1,1,3.6120415e-05,0.9999639,0.9999639
543,0,0,1,0.99991137,8.86108e-05,0.99991137
10558,1,1,1,0.0001398325,0.99986017,0.99986017
6607,0,0,1,0.999908,9.205207e-05,0.999908
11254,1,1,1,9.536743e-07,0.99999905,0.99999905
8933,0,0,1,0.9999948,5.171196e-06,0.9999948
572,0,0,1,0.9960159,0.0039841086,0.9960159
3034,0,0,1,0.9999753,2.4679915e-05,0.9999753
14477,1,1,1,0.00014054775,0.99985945,0.99985945
6856,0,0,1,0.99875534,0.0012446643,0.99875534
15780,1,1,1,1.1920929e-07,0.9999999,0.9999999
6571,0,0,1,0.9996338,0.00036620832,0.9996338
261,0,0,1,0.999976,2.3997085e-05,0.999976
8136,0,0,1,0.999997,2.9609098e-06,0.999997
19206,1,1,1,7.1525574e-07,0.9999993,0.9999993
6316,0,0,1,0.9999007,9.932307e-05,0.9999007
14447,1,1,1,0.008289218,0.9917108,0.9917108
18844,1,1,1,8.46386e-06,0.99999154,0.99999154
12470,1,1,1,3.4570694e-06,0.99999654,0.99999654
8973,0,0,1,0.99998236,1.7670187e-05,0.99998236
12797,1,1,1,3.695488e-06,0.9999963,0.9999963
4549,0,0,1,0.9998298,0.00017017589,0.9998298
11609,1,1,1,3.5762787e-06,0.9999964,0.9999964
13332,1,1,1,1.7046928e-05,0.99998295,0.99998295
11776,1,1,1,4.2915344e-06,0.9999957,0.9999957
10396,1,1,1,4.36306e-05,0.99995637,0.99995637
13372,1,1,1,5.1379204e-05,0.9999486,0.9999486
925,0,0,1,0.9998553,0.00014471245,0.9998553
4987,0,0,1,0.9999127,8.73212e-05,0.9999127
4731,0,0,1,0.99985266,0.0001473681,0.99985266
12592,1,1,1,4.053116e-06,0.99999595,0.99999595
5668,0,0,1,0.9998537,0.0001463361,0.9998537
7235,0,0,1,0.99985015,0.00014986913,0.99985015
6704,0,0,1,0.9575499,0.0424501,0.9575499
6943,0,0,1,0.9975515,0.0024484782,0.9975515
11898,1,1,1,3.33786e-06,0.99999666,0.99999666
8242,0,0,1,0.99999535,4.6482655e-06,0.99999535
15171,1,1,1,0.0019196272,0.9980804,0.9980804
10707,1,1,1,0.0003734827,0.9996265,0.9996265
4896,0,0,1,0.9993502,0.00064983475,0.9993502
12191,1,1,1,0.000102996826,0.999897,0.999897
14277,1,1,1,1.1920929e-07,0.9999999,0.9999999
19415,1,1,1,0.00057697296,0.999423,0.999423
16222,1,0,0,0.9990687,0.0009313036,0.9990687
15242,1,1,1,0.0013331175,0.9986669,0.9986669
8534,0,0,1,0.99999774,2.2626407e-06,0.99999774
19166,1,1,1,5.9604645e-07,0.9999994,0.9999994
13135,1,1,1,3.2186508e-06,0.9999968,0.9999968
12729,1,1,1,1.66893e-06,0.99999833,0.99999833
14037,1,1,1,0.00025516748,0.99974483,0.99974483
8003,0,0,1,0.99998766,1.2308864e-05,0.99998766
13016,1,1,1,5.841255e-06,0.99999416,0.99999416
16975,1,1,1,0.0034476519,0.99655235,0.99655235
13157,1,1,1,0.00012207031,0.9998779,0.9998779
11664,1,1,1,4.6491623e-06,0.99999535,0.99999535
4843,0,0,1,0.9998167,0.00018327289,0.9998167
16759,1,1,1,0.0019489527,0.99805105,0.99805105
7834,0,0,1,0.9999992,7.9328015e-07,0.9999992
6261,0,0,1,0.96304506,0.036954924,0.96304506
18054,1,1,1,0.000116467476,0.99988353,0.99988353
1078,0,0,1,0.99997896,2.105994e-05,0.99997896
17244,1,1,1,0.0030004978,0.9969995,0.9969995
8556,0,0,1,0.99999857,1.423399e-06,0.99999857
2001,0,0,1,0.9998879,0.00011212638,0.9998879
15650,1,1,1,1.5974045e-05,0.999984,0.999984
3716,0,0,1,0.99998695,1.3042628e-05,0.99998695
7544,0,0,1,0.9999951,4.9169957e-06,0.9999951
3286,0,0,1,0.9999411,5.8890222e-05,0.9999411
2967,0,0,1,0.99958277,0.0004172225,0.99958277
391,0,0,1,0.9998226,0.00017737605,0.9998226
17387,1,1,1,5.4836273e-06,0.9999945,0.9999945
6409,0,0,1,0.9691562,0.030843787,0.9691562
9402,0,0,1,0.9999986,1.3694101e-06,0.9999986
5825,0,0,1,0.99471545,0.0052845487,0.99471545
17304,1,0,0,0.5931932,0.40680683,0.5931932
4904,0,0,1,0.99941665,0.0005833705,0.99941665
11429,1,1,1,4.6491623e-06,0.99999535,0.99999535
1390,0,0,1,0.9990273,0.00097268436,0.9990273
584,0,0,1,0.99972147,0.0002785526,0.99972147
15930,1,1,1,0.0,1.0,1.0
12350,1,1,1,0.00011730194,0.9998827,0.9998827
14574,1,1,1,4.4107437e-06,0.9999956,0.9999956
1805,0,0,1,0.99978817,0.00021183789,0.99978817
12015,1,1,1,1.0371208e-05,0.9999896,0.9999896
11685,1,1,1,6.556511e-06,0.99999344,0.99999344
12165,1,1,1,0.0006929636,0.99930704,0.99930704
10303,1,1,1,8.46386e-06,0.99999154,0.99999154
14604,1,1,1,4.1007996e-05,0.999959,0.999959
14255,1,1,1,8.702278e-06,0.9999913,0.9999913
15905,1,1,1,1.0728836e-06,0.9999989,0.9999989
6673,0,0,1,0.99401647,0.0059835026,0.99401647
18794,1,1,1,8.666515e-05,0.99991333,0.99991333
10755,1,1,1,1.9907951e-05,0.9999801,0.9999801
10117,1,1,1,3.8146973e-06,0.9999962,0.9999962
12609,1,1,1,5.6028366e-06,0.9999944,0.9999944
3626,0,0,1,0.9999134,8.660504e-05,0.9999134
1758,0,0,1,0.99997705,2.2973885e-05,0.99997705
2480,0,0,1,0.9975644,0.0024356225,0.9975644
9716,0,0,1,0.9999995,4.984193e-07,0.9999995
5418,0,0,1,0.9825053,0.0174947,0.9825053
13052,1,1,1,2.2649765e-06,0.99999774,0.99999774
13572,1,1,1,1.0371208e-05,0.9999896,0.9999896
4744,0,0,1,0.9924304,0.007569586,0.9924304
10016,1,1,1,0.001601398,0.9983986,0.9983986
3466,0,0,1,0.99788004,0.00211997,0.99788004
7160,0,0,1,0.9999761,2.3880679e-05,0.9999761
9107,0,0,1,0.9999967,3.2512805e-06,0.9999967
10572,1,1,1,7.6293945e-06,0.9999924,0.9999924
7391,0,0,1,0.99991804,8.195214e-05,0.99991804
14514,1,1,1,0.0,1.0,1.0
11469,1,1,1,5.9604645e-06,0.99999404,0.99999404
9763,0,0,1,0.9999722,2.7770684e-05,0.9999722
6651,0,0,1,0.9957755,0.004224495,0.9957755
18898,1,1,1,1.1920929e-07,0.9999999,0.9999999
4313,0,0,1,0.9991976,0.0008023745,0.9991976
17760,1,1,1,2.360344e-05,0.9999764,0.9999764
2605,0,0,1,0.9999102,8.9826375e-05,0.9999102
10724,1,1,1,2.4437904e-05,0.99997556,0.99997556
17069,1,1,1,0.046023726,0.9539763,0.9539763
15175,1,1,1,0.0014348626,0.99856514,0.99856514
6640,0,0,1,0.95133543,0.048664548,0.95133543
9928,0,0,1,0.99999946,5.4234374e-07,0.99999946
5369,0,1,0,0.00074225664,0.99925774,0.99925774
8191,0,0,1,0.9999997,3.2233726e-07,0.9999997
10001,1,1,1,0.00014948845,0.9998505,0.9998505
12902,1,1,1,2.9563904e-05,0.99997044,0.99997044
10893,1,1,1,9.727478e-05,0.9999027,0.9999027
4106,0,0,1,0.99923843,0.0007615951,0.99923843
14563,1,1,1,0.00034821033,0.9996518,0.9996518
14578,1,1,1,5.4836273e-06,0.9999945,0.9999945
14452,1,1,1,4.184246e-05,0.99995816,0.99995816
8997,0,0,1,0.99999833,1.6708133e-06,0.99999833
2620,0,0,1,0.9709248,0.029075218,0.9709248
9708,0,0,1,0.9999998,2.0632538e-07,0.9999998
2386,0,0,1,0.99995315,4.6861805e-05,0.99995315
1606,0,0,1,0.9998668,0.00013319832,0.9998668
18043,1,1,1,1.6331673e-05,0.99998367,0.99998367
1668,0,0,1,0.99979794,0.00020208454,0.99979794
8906,0,0,1,0.9999995,4.9412284e-07,0.9999995
10212,1,1,1,1.7881393e-06,0.9999982,0.9999982
4710,0,0,1,0.9999369,6.312882e-05,0.9999369
11399,1,1,1,4.2915344e-06,0.9999957,0.9999957
5037,0,0,1,0.9997378,0.00026221908,0.9997378
17560,1,1,1,0.00017899275,0.999821,0.999821
14792,1,1,1,5.9604645e-07,0.9999994,0.9999994
16590,1,0,0,0.9952924,0.004707586,0.9952924
17369,1,1,1,3.33786e-06,0.99999666,0.99999666
4373,0,0,1,0.9998267,0.00017328553,0.9998267
10718,1,1,1,8.106232e-06,0.9999919,0.9999919
11840,1,1,1,3.8146973e-06,0.9999962,0.9999962
13690,1,1,1,5.9962273e-05,0.99994004,0.99994004
11959,1,1,1,0.00022619963,0.9997738,0.9997738
4280,0,0,1,0.9994566,0.0005434078,0.9994566
6177,0,0,1,0.9999352,6.47893e-05,0.9999352
10460,1,1,1,3.5762787e-06,0.9999964,0.9999964
7645,0,0,1,0.9999972,2.7880537e-06,0.9999972
10140,1,1,1,1.7166138e-05,0.99998283,0.99998283
18600,1,1,1,0.0033928156,0.9966072,0.9966072
1064,0,0,1,0.9996582,0.00034175673,0.9996582
11743,1,1,1,5.1259995e-06,0.9999949,0.9999949
7562,0,0,1,0.9999995,4.8023475e-07,0.9999995
5481,0,0,1,0.9999467,5.327172e-05,0.9999467
5581,0,0,1,0.99983406,0.0001659549,0.99983406
4077,0,0,1,0.9997814,0.00021856734,0.9997814
11838,1,1,1,4.4107437e-06,0.9999956,0.9999956
4696,0,0,1,0.9981266,0.0018733945,0.9981266
7561,0,0,1,0.99996704,3.295218e-05,0.99996704
4830,0,0,1,0.9960707,0.003929326,0.9960707
1605,0,0,1,0.9998937,0.00010630148,0.9998937
16910,1,1,1,0.00084519386,0.9991548,0.9991548
7309,0,0,1,0.9999968,3.1958477e-06,0.9999968
8155,0,0,1,0.9999914,8.587392e-06,0.9999914
10030,1,1,1,6.580353e-05,0.9999342,0.9999342
6686,0,1,0,0.070010126,0.9299899,0.9299899
2404,0,0,1,0.99992806,7.195023e-05,0.99992806
10869,1,1,1,1.6093254e-05,0.9999839,0.9999839
22,0,0,1,0.9934076,0.0065924195,0.9934076
12799,1,1,1,3.0994415e-06,0.9999969,0.9999969
141,0,0,1,0.85088503,0.14911495,0.85088503
6904,0,0,1,0.9999914,8.583707e-06,0.9999914
2819,0,0,1,0.9954811,0.004518928,0.9954811
2823,0,0,1,0.9997788,0.00022120157,0.9997788
607,0,0,1,0.99918795,0.00081202766,0.99918795
1734,0,1,0,0.04523623,0.95476377,0.95476377
13347,1,1,1,0.0017102361,0.99828976,0.99828976
420,0,0,1,0.9979586,0.0020414062,0.9979586
73,0,0,1,0.9997245,0.0002754813,0.9997245
19038,1,1,1,5.1617622e-05,0.9999484,0.9999484
3069,0,0,1,0.99950695,0.0004930224,0.99950695
17764,1,1,1,1.2636185e-05,0.99998736,0.99998736
13502,1,1,1,2.9325485e-05,0.9999707,0.9999707
6990,0,0,1,0.99996996,3.001223e-05,0.99996996
13168,1,1,1,3.5762787e-05,0.99996424,0.99996424
16055,1,0,0,0.83806354,0.16193646,0.83806354
17553,1,1,1,0.081014514,0.9189855,0.9189855
2066,0,0,1,0.9995724,0.00042760535,0.9995724
14654,1,1,1,4.6610832e-05,0.9999534,0.9999534
10765,1,1,1,0.0007458329,0.99925417,0.99925417
15496,1,1,1,0.00021129847,0.9997887,0.9997887
14398,1,1,1,1.1920929e-07,0.9999999,0.9999999
4668,0,0,1,0.99116373,0.00883629,0.99116373
14455,1,1,1,1.1920929e-07,0.9999999,0.9999999
4492,0,0,1,0.83797896,0.16202107,0.83797896
4241,0,0,1,0.99991167,8.835885e-05,0.99991167
1960,0,0,1,0.90874153,0.09125845,0.90874153
1017,0,0,1,0.9998301,0.00016985896,0.9998301
15009,1,1,1,1.2993813e-05,0.999987,0.999987
307,0,0,1,0.9999797,2.0310044e-05,0.9999797
1268,0,0,1,0.9988627,0.0011373276,0.9988627
561,0,0,1,0.99999136,8.654371e-06,0.99999136
8494,0,0,1,0.9999996,3.9116347e-07,0.9999996
2191,0,0,1,0.9998937,0.00010624919,0.9998937
17492,1,1,1,3.2186508e-06,0.9999968,0.9999968
4441,0,0,1,0.9990868,0.0009132017,0.9990868
4181,0,0,1,0.9996121,0.0003879115,0.9996121
13245,1,1,1,0.0009365678,0.99906343,0.99906343
9613,0,0,1,0.9999988,1.1648876e-06,0.9999988
15676,1,1,1,1.5497208e-06,0.99999845,0.99999845
689,0,0,1,0.99996686,3.315043e-05,0.99996686
18336,1,1,1,0.019533694,0.9804663,0.9804663
7968,0,0,1,0.99998933,1.06804855e-05,0.99998933
2199,0,0,1,0.99980515,0.00019483673,0.99980515
2483,0,0,1,0.9999396,6.039267e-05,0.9999396
7471,0,0,1,0.9998969,0.00010308845,0.9998969
14232,1,1,1,0.0,1.0,1.0
2753,0,0,1,0.9959667,0.0040332978,0.9959667
19050,1,1,1,0.05183953,0.94816047,0.94816047
12019,1,1,1,7.843971e-05,0.99992156,0.99992156
19898,1,1,1,1.692772e-05,0.9999831,0.9999831
3694,0,0,1,0.9999434,5.6618373e-05,0.9999434
15534,1,1,1,1.7881393e-06,0.9999982,0.9999982
14283,1,1,1,1.1920929e-07,0.9999999,0.9999999
11560,1,1,1,1.1205673e-05,0.9999888,0.9999888
9436,0,0,1,0.99995536,4.4649725e-05,0.99995536
1066,0,0,1,0.9998882,0.00011184062,0.9998882
16422,1,0,0,0.99961877,0.00038122723,0.99961877
13387,1,1,1,5.3167343e-05,0.99994683,0.99994683
17255,1,1,1,0.3143586,0.6856414,0.6856414
18859,1,1,1,2.9802322e-06,0.999997,0.999997
13743,1,1,1,1.3113022e-06,0.9999987,0.9999987
4069,0,0,1,0.7673762,0.2326238,0.7673762
8057,0,0,1,0.99999624,3.7409789e-06,0.99999624
6844,0,0,1,0.9999438,5.6213583e-05,0.9999438
19861,1,1,1,0.00033462048,0.9996654,0.9996654
3264,0,0,1,0.9999591,4.088604e-05,0.9999591
18120,1,1,1,0.00066924095,0.99933076,0.99933076
12436,1,1,1,2.2649765e-06,0.99999774,0.99999774
17774,1,1,1,0.0014734268,0.9985266,0.9985266
17703,1,1,1,0.2805037,0.7194963,0.7194963
13071,1,1,1,3.8146973e-06,0.9999962,0.9999962
5421,0,0,1,0.99940944,0.0005905824,0.99940944
6665,0,0,1,0.99933624,0.0006637533,0.99933624
10315,1,1,1,1.168251e-05,0.9999883,0.9999883
13099,1,1,1,0.0004518628,0.99954814,0.99954814
16993,1,0,0,0.9999504,4.956164e-05,0.9999504
12367,1,1,1,2.026558e-06,0.999998,0.999998
15273,1,1,1,0.003026843,0.99697316,0.99697316
10554,1,1,1,5.4836273e-06,0.9999945,0.9999945
7140,0,0,1,0.99979216,0.00020782462,0.99979216
16959,1,1,1,3.5762787e-06,0.9999964,0.9999964
1242,0,0,1,0.9995531,0.00044692605,0.9995531
1909,0,0,1,0.99998283,1.7157718e-05,0.99998283
10736,1,1,1,7.367134e-05,0.9999263,0.9999263
4950,0,0,1,0.9999827,1.7306358e-05,0.9999827
17994,1,1,1,0.00022727251,0.9997727,0.9997727
5364,0,0,1,0.99939924,0.00060073246,0.99939924
2429,0,0,1,0.9914236,0.008576419,0.9914236
10511,1,1,1,1.6212463e-05,0.9999838,0.9999838
17319,1,1,1,1.335144e-05,0.99998665,0.99998665
2897,0,0,1,0.9999836,1.6387923e-05,0.9999836
6312,0,0,1,0.99996233,3.7652782e-05,0.99996233
18769,1,1,1,2.2530556e-05,0.99997747,0.99997747
12677,1,1,1,9.691715e-05,0.9999031,0.9999031
5243,0,0,1,0.99763805,0.002361981,0.99763805
17412,1,1,1,0.0011482239,0.9988518,0.9988518
5925,0,0,1,0.9996784,0.00032160972,0.9996784
8648,0,0,1,0.99999946,5.396922e-07,0.99999946
16690,1,0,0,0.99714553,0.0028544513,0.99714553
8348,0,0,1,0.99999875,1.262849e-06,0.99999875
13594,1,1,1,1.66893e-06,0.99999833,0.99999833
250,0,0,1,0.99520695,0.004793063,0.99520695
4977,0,0,1,0.9996552,0.00034478548,0.9996552
18616,1,1,1,4.7683716e-07,0.9999995,0.9999995
19089,1,1,1,4.863739e-05,0.99995136,0.99995136
17247,1,1,1,9.739399e-05,0.9999026,0.9999026
4645,0,0,1,0.99999106,8.938784e-06,0.99999106
944,0,0,1,0.9852903,0.014709693,0.9852903
12808,1,1,1,1.5497208e-06,0.99999845,0.99999845
13022,1,1,1,0.00011563301,0.99988437,0.99988437
9275,0,0,1,0.99999994,5.902101e-08,0.99999994
6887,0,0,1,0.9982562,0.001743821,0.9982562
11923,1,1,1,3.4570694e-06,0.99999654,0.99999654
6163,0,0,1,0.9998658,0.00013422674,0.9998658
15564,1,1,1,1.0728836e-06,0.9999989,0.9999989
16965,1,0,0,0.8586844,0.14131558,0.8586844
12952,1,1,1,0.00014543533,0.99985456,0.99985456
5130,0,0,1,0.99999297,7.0473884e-06,0.99999297
18655,1,1,1,0.00010049343,0.9998995,0.9998995
11607,1,1,1,1.9431114e-05,0.99998057,0.99998057
1529,0,0,1,0.9999913,8.71538e-06,0.9999913
12663,1,1,1,1.66893e-06,0.99999833,0.99999833
15123,1,1,1,0.0046802163,0.9953198,0.9953198
5930,0,0,1,0.99937516,0.00062483014,0.99937516
15058,1,1,1,5.4121017e-05,0.9999459,0.9999459
13403,1,1,1,2.9802322e-06,0.999997,0.999997
1940,0,0,1,0.9948792,0.005120806,0.9948792
18535,1,1,1,0.0019507408,0.99804926,0.99804926
18500,1,1,1,8.702278e-06,0.9999913,0.9999913
18908,1,1,1,3.5762787e-06,0.9999964,0.9999964
15280,1,1,1,2.861023e-06,0.99999714,0.99999714
8196,0,0,1,0.9999645,3.552944e-05,0.9999645
14303,1,1,1,2.3841858e-07,0.99999976,0.99999976
1240,0,0,1,0.9999435,5.6480534e-05,0.9999435
13922,1,1,1,4.053116e-06,0.99999595,0.99999595
11552,1,1,1,2.3841858e-06,0.9999976,0.9999976
18918,1,1,1,2.3841858e-07,0.99999976,0.99999976
3788,0,0,1,0.9997366,0.00026338644,0.9997366
5448,0,0,1,0.99704653,0.0029534455,0.99704653
17458,1,1,1,0.0001270771,0.9998729,0.9998729
10890,1,1,1,2.5749207e-05,0.99997425,0.99997425
16990,1,1,1,0.041948736,0.95805126,0.95805126
17744,1,1,1,0.0009585023,0.9990415,0.9990415
11490,1,1,1,3.2186508e-06,0.9999968,0.9999968
6968,0,0,1,0.9559479,0.0440521,0.9559479
8321,0,0,1,0.9999971,2.944437e-06,0.9999971
3658,0,0,1,0.99899334,0.0010066561,0.99899334
15568,1,1,1,1.1920929e-06,0.9999988,0.9999988
13910,1,1,1,1.5497208e-06,0.99999845,0.99999845
7716,0,0,1,0.9999915,8.530712e-06,0.9999915
14622,1,1,1,4.7683716e-06,0.99999523,0.99999523
9907,0,0,1,0.9999987,1.291185e-06,0.9999987
5342,0,0,1,0.99923074,0.00076924823,0.99923074
4032,0,0,1,0.9999504,4.957625e-05,0.9999504
8437,0,0,1,0.99999917,8.282396e-07,0.99999917
13551,1,1,1,8.821487e-06,0.9999912,0.9999912
12577,1,1,1,7.748604e-06,0.99999225,0.99999225
9940,0,0,1,0.9999965,3.5098503e-06,0.9999965
10992,1,1,1,1.7166138e-05,0.99998283,0.99998283
18116,1,1,1,2.515316e-05,0.99997485,0.99997485
12680,1,1,1,5.00679e-06,0.999995,0.999995
15153,1,1,1,3.4570694e-06,0.99999654,0.99999654
6348,0,0,1,0.9998167,0.00018328844,0.9998167
3780,0,0,1,0.9999791,2.0913874e-05,0.9999791
13307,1,1,1,4.4107437e-06,0.9999956,0.9999956
1760,0,0,1,0.9997918,0.00020817487,0.9997918
11926,1,1,1,2.3126602e-05,0.9999769,0.9999769
6512,0,0,1,0.99999386,6.147064e-06,0.99999386
1694,0,0,1,0.99988526,0.00011472686,0.99988526
6441,0,0,1,0.99918854,0.00081144285,0.99918854
11379,1,1,1,2.9802322e-06,0.999997,0.999997
18814,1,1,1,2.5868416e-05,0.99997413,0.99997413
3411,0,0,1,0.9970063,0.0029937013,0.9970063
1461,0,0,1,0.99991477,8.5260435e-05,0.99991477
16585,1,0,0,0.96291226,0.03708776,0.96291226
12331,1,1,1,1.9907951e-05,0.9999801,0.9999801
12080,1,1,1,1.9073486e-06,0.9999981,0.9999981
11934,1,1,1,2.3841858e-06,0.9999976,0.9999976
7168,0,0,1,0.9996298,0.00037019193,0.9996298
10649,1,1,1,1.001358e-05,0.99999,0.99999
19240,1,1,1,2.861023e-06,0.99999714,0.99999714
18956,1,1,1,0.00012397766,0.999876,0.999876
2682,0,0,1,0.999971,2.9038656e-05,0.999971
15360,1,1,1,0.0039567947,0.9960432,0.9960432
3194,0,0,1,0.9991986,0.00080137927,0.9991986
9533,0,0,1,0.9999999,1.06181176e-07,0.9999999
12612,1,1,1,1.7881393e-06,0.9999982,0.9999982
1926,0,0,1,0.8962997,0.1037003,0.8962997
12714,1,1,1,1.66893e-06,0.99999833,0.99999833
16918,1,0,0,0.74876136,0.25123864,0.74876136
9022,0,0,1,0.9999992,7.8269636e-07,0.9999992
13569,1,1,1,1.5497208e-06,0.99999845,0.99999845
9299,0,0,1,0.99999136,8.643031e-06,0.99999136
8203,0,0,1,0.99616003,0.0038399438,0.99616003
1710,0,0,1,0.9999023,9.769276e-05,0.9999023
6631,0,0,1,0.99977666,0.00022331116,0.99977666
16792,1,1,1,0.051282763,0.94871724,0.94871724
9891,0,0,1,0.9999936,6.3903735e-06,0.9999936
5552,0,0,1,0.9999207,7.9258956e-05,0.9999207
1970,0,0,1,0.9999279,7.2092254e-05,0.9999279
138,0,0,1,0.9999888,1.1181109e-05,0.9999888
14561,1,1,1,4.2438507e-05,0.99995756,0.99995756
7130,0,0,1,0.99994314,5.6859524e-05,0.99994314
18761,1,1,1,0.00033342838,0.9996666,0.9996666
13666,1,1,1,9.417534e-06,0.9999906,0.9999906
12543,1,1,1,1.7881393e-06,0.9999982,0.9999982
1013,0,0,1,0.9993714,0.0006285932,0.9993714
6662,0,0,1,0.9983498,0.0016502033,0.9983498
6635,0,0,1,0.9991544,0.00084560143,0.9991544
12188,1,1,1,1.3589859e-05,0.9999864,0.9999864
14417,1,1,1,7.867813e-06,0.99999213,0.99999213
11761,1,1,1,6.67572e-06,0.9999933,0.9999933
5595,0,1,0,0.0019014478,0.99809855,0.99809855
13167,1,1,1,6.198883e-06,0.9999938,0.9999938
5272,0,0,1,0.99989915,0.00010087018,0.99989915
17050,1,0,0,0.99394906,0.0060509685,0.99394906
13723,1,1,1,1.4305115e-06,0.99999857,0.99999857
14524,1,1,1,0.0,1.0,1.0
13975,1,1,1,3.1113625e-05,0.9999689,0.9999689
17088,1,0,0,0.9967342,0.0032657897,0.9967342
4993,0,0,1,0.9320945,0.06790551,0.9320945
7408,0,0,1,0.9944781,0.0055218968,0.9944781
17242,1,1,1,0.39422655,0.60577345,0.60577345
1250,0,0,1,0.9994146,0.0005853926,0.9994146
4913,0,0,1,0.97821164,0.021788366,0.97821164
4642,0,0,1,0.9991435,0.0008565468,0.9991435
6784,0,0,1,0.9996485,0.00035148417,0.9996485
10836,1,1,1,5.9366226e-05,0.99994063,0.99994063
9820,0,0,1,0.99999905,9.660816e-07,0.99999905
6878,0,0,1,0.9999862,1.3810557e-05,0.9999862
8214,0,0,1,0.999986,1.40193315e-05,0.999986
15266,1,1,1,0.010005772,0.9899942,0.9899942
16693,1,1,1,7.2717667e-06,0.9999927,0.9999927
3135,0,0,1,0.98338807,0.016611949,0.98338807
2588,0,0,1,0.99999404,5.948067e-06,0.99999404
2061,0,0,1,0.999006,0.000994038,0.999006
14811,1,1,1,0.00013411045,0.9998659,0.9998659
9736,0,0,1,0.99966174,0.0003382742,0.99966174
10197,1,1,1,1.2993813e-05,0.999987,0.999987
341,0,0,1,0.87225705,0.12774293,0.87225705
6108,0,0,1,0.9809109,0.01908909,0.9809109
6286,0,0,1,0.9999343,6.568563e-05,0.9999343
13657,1,1,1,5.6028366e-06,0.9999944,0.9999944
15056,1,1,1,6.771088e-05,0.9999323,0.9999323
11122,1,1,1,0.000108242035,0.99989176,0.99989176
16385,1,0,0,0.99149966,0.008500366,0.99149966
19580,1,1,1,8.34465e-07,0.99999917,0.99999917
14625,1,1,1,2.5987625e-05,0.999974,0.999974
10041,1,1,1,3.9815903e-05,0.9999602,0.9999602
14631,1,1,1,9.012222e-05,0.9999099,0.9999099
10891,1,1,1,6.186962e-05,0.99993813,0.99993813
16077,1,0,0,0.9966789,0.0033210826,0.9966789
10452,1,1,1,7.748604e-06,0.99999225,0.99999225
5887,0,0,1,0.9943487,0.0056512845,0.9943487
9164,0,0,1,0.99999666,3.3501994e-06,0.99999666
17002,1,1,1,0.014109015,0.985891,0.985891
2695,0,0,1,0.99999547,4.511712e-06,0.99999547
1215,0,0,1,0.9999782,2.1809381e-05,0.9999782
527,0,0,1,0.5142484,0.48575163,0.5142484
18886,1,1,1,2.9802322e-06,0.999997,0.999997
1334,0,0,1,0.99955916,0.00044086314,0.99955916
12468,1,1,1,1.4305115e-06,0.99999857,0.99999857
10630,1,1,1,1.5735626e-05,0.99998426,0.99998426
10308,1,1,1,1.4305115e-06,0.99999857,0.99999857
2780,0,0,1,0.9994944,0.0005056011,0.9994944
9744,0,0,1,0.9999979,2.066971e-06,0.9999979
15198,1,1,1,3.6597252e-05,0.9999634,0.9999634
18263,1,1,1,1.168251e-05,0.9999883,0.9999883
18317,1,1,1,2.7537346e-05,0.99997246,0.99997246
3934,0,0,1,0.99134785,0.00865217,0.99134785
7278,0,0,1,0.99964964,0.00035036524,0.99964964
7442,0,0,1,0.9998929,0.00010713287,0.9998929
3162,0,0,1,0.98569846,0.014301515,0.98569846
14061,1,1,1,8.34465e-07,0.99999917,0.99999917
13642,1,1,1,3.182888e-05,0.9999682,0.9999682
3688,0,0,1,0.9965349,0.0034651372,0.9965349
6971,0,0,1,0.9958465,0.0041535194,0.9958465
687,0,0,1,0.998747,0.0012529895,0.998747
4531,0,0,1,0.99977577,0.00022420505,0.99977577
4831,0,0,1,0.9999515,4.849067e-05,0.9999515
921,0,1,0,0.0002837777,0.9997162,0.9997162
3451,0,0,1,0.9997975,0.00020246912,0.9997975
17971,1,1,1,0.0001578331,0.99984217,0.99984217
6062,0,0,1,0.94411594,0.05588409,0.94411594
10924,1,1,1,6.997585e-05,0.99993,0.99993
19222,1,1,1,5.364418e-06,0.99999464,0.99999464
9970,0,0,1,0.9998741,0.00012591359,0.9998741
4683,0,0,1,0.57860583,0.42139417,0.57860583
3824,0,0,1,0.9996253,0.00037470236,0.9996253
11284,1,1,1,2.503395e-06,0.9999975,0.9999975
13287,1,1,1,3.33786e-06,0.99999666,0.99999666
2953,0,0,1,0.9999297,7.025213e-05,0.9999297
1443,0,0,1,0.9999251,7.492492e-05,0.9999251
4149,0,0,1,0.9999926,7.3763977e-06,0.9999926
15706,1,1,1,2.3841858e-07,0.99999976,0.99999976
13774,1,1,1,3.33786e-06,0.99999666,0.99999666
3122,0,0,1,0.99975646,0.00024352709,0.99975646
4100,0,0,1,0.9994669,0.00053308374,0.9994669
8428,0,0,1,0.9999974,2.614363e-06,0.9999974
10959,1,1,1,0.000111579895,0.9998884,0.9998884
14914,1,1,1,0.00019711256,0.9998029,0.9998029
14143,1,1,1,2.3841858e-07,0.99999976,0.99999976
17768,1,1,1,0.031066239,0.96893376,0.96893376
4235,0,0,1,0.99944854,0.0005514596,0.99944854
8801,0,0,1,0.99999714,2.8652646e-06,0.99999714
17466,1,1,1,4.541874e-05,0.9999546,0.9999546
15914,1,1,1,2.4914742e-05,0.9999751,0.9999751
16224,1,1,1,0.079957426,0.9200426,0.9200426
10859,1,1,1,2.7060509e-05,0.99997294,0.99997294
17730,1,1,1,0.00036001205,0.99964,0.99964
1168,0,0,1,0.9992218,0.000778175,0.9992218
9444,0,0,1,0.99999696,3.026862e-06,0.99999696
6986,0,0,1,0.98926306,0.01073692,0.98926306
7791,0,0,1,0.99999875,1.2551048e-06,0.99999875
7784,0,0,1,0.9999999,1.4870729e-07,0.9999999
9459,0,0,1,0.9990472,0.00095277664,0.9990472
17956,1,1,1,0.005801201,0.9941988,0.9941988
10369,1,1,1,1.5497208e-06,0.99999845,0.99999845
3040,0,0,1,0.99964005,0.00035992631,0.99964005
15748,1,1,1,1.1920929e-06,0.9999988,0.9999988
6669,0,0,1,0.99919206,0.00080795464,0.99919206
10100,1,1,1,3.7789345e-05,0.9999622,0.9999622
8045,0,0,1,0.9999998,1.8150418e-07,0.9999998
1803,0,0,1,0.9999322,6.7768895e-05,0.9999322
6411,0,0,1,0.999778,0.00022203644,0.999778
12423,1,1,1,2.4676323e-05,0.9999753,0.9999753
6791,0,0,1,0.99961036,0.00038964584,0.99961036
4242,0,0,1,0.9999228,7.7175246e-05,0.9999228
16549,1,0,0,0.9980595,0.0019405031,0.9980595
12711,1,1,1,3.0994415e-06,0.9999969,0.9999969
9492,0,0,1,0.9999965,3.5331168e-06,0.9999965
2050,0,0,1,0.99998945,1.0546044e-05,0.99998945
7083,0,0,1,0.99999774,2.2844222e-06,0.99999774
17649,1,1,1,0.00088590384,0.9991141,0.9991141
11275,1,1,1,1.1920929e-06,0.9999988,0.9999988
17241,1,1,1,8.8095665e-05,0.9999119,0.9999119
6066,0,0,1,0.99985206,0.00014795015,0.99985206
14062,1,1,1,5.9723854e-05,0.9999403,0.9999403
14642,1,1,1,2.3841858e-06,0.9999976,0.9999976
5229,0,1,0,0.23499215,0.76500785,0.76500785
13784,1,1,1,0.00030946732,0.99969053,0.99969053
4816,0,0,1,0.9972485,0.0027515094,0.9972485
11636,1,1,1,8.46386e-06,0.99999154,0.99999154
126,0,0,1,0.99941695,0.0005830631,0.99941695
10007,1,1,1,1.1086464e-05,0.9999889,0.9999889
12264,1,1,1,6.055832e-05,0.99993944,0.99993944
8668,0,0,1,0.9999985,1.477286e-06,0.9999985
278,0,0,1,0.9997788,0.00022121253,0.9997788
18219,1,1,1,0.00039881468,0.9996012,0.9996012
19054,1,1,1,7.1525574e-06,0.99999285,0.99999285
1368,0,0,1,0.9995456,0.00045442116,0.9995456
9591,0,0,1,0.9999945,5.4691095e-06,0.9999945
8156,0,0,1,0.9999049,9.510915e-05,0.9999049
8473,0,0,1,0.9999956,4.3932587e-06,0.9999956
5193,0,0,1,0.99186206,0.008137919,0.99186206
19698,1,1,1,6.6399574e-05,0.9999336,0.9999336
6995,0,0,1,0.9996637,0.0003362741,0.9996637
14780,1,1,1,2.3841858e-07,0.99999976,0.99999976
12943,1,1,1,0.00028973818,0.99971026,0.99971026
615,0,0,1,0.9999638,3.6199606e-05,0.9999638
5329,0,0,1,0.99851096,0.0014890238,0.99851096
18442,1,1,1,1.2755394e-05,0.99998724,0.99998724
1067,0,0,1,0.99996096,3.904466e-05,0.99996096
19675,1,1,1,0.0011153817,0.9988846,0.9988846
99,0,0,1,0.99928755,0.0007124256,0.99928755
11985,1,1,1,3.194809e-05,0.99996805,0.99996805
1524,0,0,1,0.9998175,0.00018248714,0.9998175
3453,0,0,1,0.99996245,3.7523274e-05,0.99996245
16964,1,1,1,0.0003964305,0.99960357,0.99960357
11674,1,1,1,6.3180923e-06,0.9999937,0.9999937
11702,1,1,1,6.556511e-06,0.99999344,0.99999344
19234,1,1,1,2.026558e-06,0.999998,0.999998
11246,1,1,1,1.0728836e-06,0.9999989,0.9999989
954,0,0,1,0.9999819,1.8141163e-05,0.9999819
3960,0,0,1,0.9999212,7.88106e-05,0.9999212
8054,0,0,1,0.9999952,4.8036163e-06,0.9999952
12025,1,1,1,1.8835068e-05,0.99998116,0.99998116
2852,0,0,1,0.9989397,0.001060303,0.9989397
19159,1,1,1,9.536743e-07,0.99999905,0.99999905
14267,1,1,1,5.9604645e-07,0.9999994,0.9999994
18242,1,1,1,7.033348e-06,0.99999297,0.99999297
2551,0,0,1,0.99695957,0.003040443,0.99695957
12653,1,1,1,5.364418e-06,0.99999464,0.99999464
8555,0,0,1,0.9999985,1.5081822e-06,0.9999985
9386,0,0,1,0.99999636,3.6396596e-06,0.99999636
18747,1,1,1,0.00016796589,0.99983203,0.99983203
11686,1,1,1,4.7683716e-06,0.99999523,0.99999523
15304,1,1,1,0.0,1.0,1.0
7114,0,0,1,0.9999744,2.556154e-05,0.9999744
12323,1,1,1,4.172325e-06,0.9999958,0.9999958
667,0,0,1,0.99980456,0.00019546696,0.99980456
13289,1,1,1,3.9696693e-05,0.9999603,0.9999603
17284,1,1,1,0.0004582405,0.99954176,0.99954176
8702,0,0,1,0.9999848,1.5213657e-05,0.9999848
18637,1,1,1,1.692772e-05,0.9999831,0.9999831
7380,0,0,1,0.99993646,6.351553e-05,0.99993646
10354,1,1,1,6.0796738e-06,0.9999939,0.9999939
9254,0,0,1,0.99999726,2.730735e-06,0.99999726
19529,1,1,1,2.4557114e-05,0.99997544,0.99997544
1525,0,0,1,0.9996267,0.00037331737,0.9996267
14008,1,1,1,3.5762787e-06,0.9999964,0.9999964
13322,1,1,1,0.00036001205,0.99964,0.99964
10083,1,1,1,0.00020033121,0.99979967,0.99979967
13365,1,1,1,4.172325e-06,0.9999958,0.9999958
16613,1,0,0,0.9723444,0.02765558,0.9723444
1219,0,0,1,0.99999523,4.7939375e-06,0.99999523
5210,0,0,1,0.9942661,0.0057338933,0.9942661
6935,0,0,1,0.9939224,0.0060775685,0.9939224
4240,0,0,1,0.6560794,0.34392062,0.6560794
17709,1,1,1,3.3140182e-05,0.99996686,0.99996686
15791,1,1,1,4.7683716e-07,0.9999995,0.9999995
11224,1,1,1,1.4305115e-06,0.99999857,0.99999857
13228,1,1,1,0.0012032986,0.9987967,0.9987967
6822,0,0,1,0.999763,0.00023699066,0.999763
15660,1,1,1,2.1219254e-05,0.9999788,0.9999788
8474,0,0,1,0.9999954,4.579419e-06,0.9999954
11920,1,1,1,3.33786e-06,0.99999666,0.99999666
12170,1,1,1,3.8146973e-05,0.99996185,0.99996185
6989,0,0,1,0.9997977,0.00020232247,0.9997977
6117,0,0,1,0.9921816,0.007818415,0.9921816
8322,0,0,1,0.9999773,2.2688057e-05,0.9999773
8309,0,0,1,0.99999887,1.1090892e-06,0.99999887
13768,1,1,1,1.2278557e-05,0.9999877,0.9999877
11610,1,1,1,4.887581e-06,0.9999951,0.9999951
13875,1,1,1,3.8146973e-06,0.9999962,0.9999962
12511,1,1,1,2.503395e-06,0.9999975,0.9999975
14768,1,1,1,2.3841858e-07,0.99999976,0.99999976
2514,0,0,1,0.9999688,3.119516e-05,0.9999688
12563,1,1,1,3.9696693e-05,0.9999603,0.9999603
3556,0,0,1,0.9997771,0.00022289931,0.9997771
6098,0,0,1,0.99619865,0.003801369,0.99619865
13461,1,1,1,1.680851e-05,0.9999832,0.9999832
893,0,0,1,0.9999832,1.682596e-05,0.9999832
2083,0,0,1,0.9986127,0.0013873032,0.9986127
9786,0,0,1,0.9999984,1.6081746e-06,0.9999984
8793,0,0,1,0.9999801,1.992921e-05,0.9999801
4178,0,0,1,0.99984527,0.00015476294,0.99984527
12434,1,1,1,2.8848648e-05,0.99997115,0.99997115
10980,1,1,1,2.4557114e-05,0.99997544,0.99997544
8616,0,0,1,0.99999684,3.1490533e-06,0.99999684
5177,0,0,1,0.99994165,5.8343823e-05,0.99994165
13214,1,1,1,0.020174444,0.97982556,0.97982556
8510,0,0,1,0.999997,2.9792445e-06,0.999997
14301,1,1,1,2.3841858e-07,0.99999976,0.99999976
17332,1,1,1,2.5987625e-05,0.999974,0.999974
14721,1,1,1,8.34465e-07,0.99999917,0.99999917
18105,1,1,1,1.013279e-05,0.99998987,0.99998987
7892,0,0,1,0.99999815,1.8567199e-06,0.99999815
15516,1,1,1,1.1920929e-07,0.9999999,0.9999999
4655,0,0,1,0.9999943,5.718036e-06,0.9999943
16409,1,0,0,0.9303992,0.06960079,0.9303992
825,0,0,1,0.99971396,0.00028604953,0.99971396
4408,0,0,1,0.9954957,0.004504299,0.9954957
6928,0,0,1,0.9999768,2.3215069e-05,0.9999768
11739,1,1,1,1.0848045e-05,0.99998915,0.99998915
668,0,0,1,0.9661774,0.033822596,0.9661774
4651,0,0,1,0.99923676,0.00076321047,0.99923676
364,0,0,1,0.9997102,0.00028978515,0.9997102
10857,1,1,1,2.0384789e-05,0.9999796,0.9999796
2609,0,0,1,0.9985741,0.0014259096,0.9985741
4442,0,0,1,0.99981266,0.00018736171,0.99981266
1099,0,0,1,0.9994792,0.00052084407,0.9994792
8393,0,0,1,0.99999976,2.1567662e-07,0.99999976
5726,0,0,1,0.8791586,0.120841384,0.8791586
7565,0,0,1,0.99999857,1.4558094e-06,0.99999857
9291,0,0,1,0.9999974,2.6428881e-06,0.9999974
1178,0,0,1,0.999826,0.00017396794,0.999826
13138,1,1,1,5.197525e-05,0.999948,0.999948
12768,1,1,1,3.695488e-06,0.9999963,0.9999963
237,0,0,1,0.996886,0.0031139634,0.996886
2409,0,0,1,0.99614024,0.0038597868,0.99614024
6861,0,1,0,0.3402872,0.6597128,0.6597128
19370,1,1,1,1.5854836e-05,0.99998415,0.99998415
6423,0,0,1,0.99699515,0.0030048387,0.99699515
7352,0,0,1,0.9994336,0.00056643307,0.9994336
16828,1,1,1,0.0003683567,0.99963164,0.99963164
11418,1,1,1,3.4570694e-06,0.99999654,0.99999654
8059,0,0,1,0.99999976,2.1542645e-07,0.99999976
11737,1,1,1,4.053116e-06,0.99999595,0.99999595
8528,0,0,1,0.99999976,2.5544273e-07,0.99999976
7618,0,0,1,0.9999979,2.1100795e-06,0.9999979
4120,0,0,1,0.9894061,0.0105938995,0.9894061
6622,0,0,1,0.9999534,4.6595283e-05,0.9999534
10370,1,1,1,1.1205673e-05,0.9999888,0.9999888
19750,1,1,1,3.33786e-06,0.99999666,0.99999666
9653,0,0,1,0.9999986,1.3715144e-06,0.9999986
11457,1,1,1,2.3841858e-06,0.9999976,0.9999976
17299,1,1,1,1.2755394e-05,0.99998724,0.99998724
9648,0,0,1,0.9999991,8.7000393e-07,0.9999991
2384,0,0,1,0.9991514,0.0008485702,0.9991514
5747,0,0,1,0.9998911,0.00010892682,0.9998911
14868,1,1,1,1.2278557e-05,0.9999877,0.9999877
12982,1,1,1,3.2186508e-06,0.9999968,0.9999968
14069,1,1,1,2.026558e-06,0.999998,0.999998
233,0,0,1,0.93884534,0.061154637,0.93884534
12235,1,1,1,0.0020914078,0.9979086,0.9979086
6810,0,0,1,0.99967456,0.00032545414,0.99967456
16919,1,1,1,0.015834212,0.9841658,0.9841658
6931,0,0,1,0.9999663,3.3647775e-05,0.9999663
2976,0,0,1,0.9999501,4.987922e-05,0.9999501
3542,0,0,1,0.99998355,1.6458527e-05,0.99998355
5951,0,0,1,0.9980299,0.0019700853,0.9980299
15619,1,1,1,2.6226044e-06,0.9999974,0.9999974
1640,0,0,1,0.9999777,2.2276605e-05,0.9999777
1664,0,0,1,0.99996275,3.7234575e-05,0.99996275
10307,1,1,1,1.0967255e-05,0.99998903,0.99998903
18954,1,1,1,1.0251999e-05,0.99998975,0.99998975
18437,1,1,1,1.2516975e-05,0.9999875,0.9999875
10451,1,1,1,1.9073486e-06,0.9999981,0.9999981
10202,1,1,1,3.2186508e-06,0.9999968,0.9999968
18487,1,1,1,4.053116e-06,0.99999595,0.99999595
3092,0,0,1,0.99985087,0.00014911848,0.99985087
19211,1,0,0,0.9792703,0.020729726,0.9792703
7560,0,0,1,0.9999995,4.7837165e-07,0.9999995
5429,0,0,1,0.9999817,1.829555e-05,0.9999817
14958,1,1,1,0.00034797192,0.999652,0.999652
18713,1,1,1,9.846687e-05,0.99990153,0.99990153
11177,1,1,1,3.33786e-06,0.99999666,0.99999666
17052,1,1,1,0.0011891127,0.9988109,0.9988109
18203,1,1,1,0.008178413,0.9918216,0.9918216
18285,1,1,1,0.0007277131,0.9992723,0.9992723
18297,1,1,1,7.760525e-05,0.9999224,0.9999224
14027,1,1,1,8.34465e-07,0.99999917,0.99999917
4208,0,0,1,0.99996406,3.5921777e-05,0.99996406
16600,1,1,1,0.25687063,0.7431294,0.7431294
16998,1,0,0,0.5430131,0.45698687,0.5430131
6015,0,0,1,0.999951,4.9006594e-05,0.999951
5409,0,0,1,0.99826723,0.0017327945,0.99826723
7940,0,0,1,0.99999744,2.5581624e-06,0.99999744
7981,0,0,1,0.99919283,0.00080715015,0.99919283
5208,0,0,1,0.99999464,5.3503213e-06,0.99999464
14690,1,1,1,9.536743e-07,0.99999905,0.99999905
6089,0,0,1,0.99312705,0.00687295,0.99312705
13142,1,1,1,2.9802322e-06,0.999997,0.999997
2560,0,0,1,0.9999779,2.2121281e-05,0.9999779
2494,0,0,1,0.95009315,0.04990688,0.95009315
3470,0,0,1,0.9661989,0.033801075,0.9661989
6716,0,0,1,0.9979729,0.0020270825,0.9979729
1436,0,0,1,0.9999409,5.9120135e-05,0.9999409
9973,0,0,1,0.99999887,1.1483327e-06,0.99999887
3737,0,0,1,0.9999662,3.377653e-05,0.9999662
18145,1,1,1,0.0015851259,0.9984149,0.9984149
4616,0,0,1,0.9999838,1.6192167e-05,0.9999838
1149,0,0,1,0.97576606,0.02423396,0.97576606
17755,1,1,1,1.66893e-06,0.99999833,0.99999833
14896,1,1,1,2.3841858e-06,0.9999976,0.9999976
10221,1,1,1,1.9073486e-06,0.9999981,0.9999981
2877,0,0,1,0.9999524,4.7651738e-05,0.9999524
90,0,0,1,0.99981374,0.0001862872,0.99981374
3490,0,0,1,0.9996396,0.00036045842,0.9996396
10040,1,1,1,6.6280365e-05,0.9999337,0.9999337
9748,0,0,1,0.9999994,6.105572e-07,0.9999994
10433,1,1,1,5.888939e-05,0.9999411,0.9999411
18785,1,1,1,2.2292137e-05,0.9999777,0.9999777
11098,1,1,1,4.36306e-05,0.99995637,0.99995637
17757,1,1,1,0.00017386675,0.99982613,0.99982613
15305,1,0,0,0.906343,0.09365702,0.906343
7588,0,0,1,0.9999984,1.614384e-06,0.9999984
7649,0,0,1,0.9999998,1.5406103e-07,0.9999998
3687,0,0,1,0.9993438,0.0006561968,0.9993438
12200,1,1,1,0.00015115738,0.99984884,0.99984884
13734,1,1,1,4.4584274e-05,0.9999554,0.9999554
19840,1,1,1,2.1457672e-06,0.99999785,0.99999785
8227,0,0,1,0.9999525,4.750967e-05,0.9999525
7173,0,0,1,0.9999505,4.9481216e-05,0.9999505
7706,0,0,1,0.9999995,5.0473665e-07,0.9999995
4470,0,0,1,0.9999366,6.3415726e-05,0.9999366
17970,1,1,1,0.0009316802,0.9990683,0.9990683
5591,0,0,1,0.99998724,1.2733079e-05,0.99998724
9541,0,0,1,0.99999803,1.9543618e-06,0.99999803
10005,1,1,1,5.0783157e-05,0.9999492,0.9999492
5110,0,0,1,0.99865717,0.0013428235,0.99865717
792,0,0,1,0.9819879,0.01801208,0.9819879
9161,0,0,1,0.999997,2.975119e-06,0.999997
1793,0,0,1,0.99817157,0.0018284486,0.99817157
12617,1,1,1,2.0980835e-05,0.999979,0.999979
16666,1,1,1,0.07327145,0.92672855,0.92672855
19707,1,1,1,1.335144e-05,0.99998665,0.99998665
