sample_id,true_label,predicted_label,model_name,prob_stationary,prob_non-stationary
9022,0,0,TimeSeriesForest,0.95,0.05
18183,1,1,TimeSeriesForest,0.07,0.93
3042,0,0,TimeSeriesForest,0.66,0.34
6053,0,0,TimeSeriesForest,0.76,0.24
18594,1,0,TimeSeriesForest,0.88,0.12
12590,1,1,TimeSeriesForest,0.0,1.0
1650,0,0,TimeSeriesForest,0.7,0.3
1624,0,0,TimeSeriesForest,0.68,0.32
240,0,0,TimeSeriesForest,0.58,0.42
15676,1,0,TimeSeriesForest,0.6,0.4
14396,1,0,TimeSeriesForest,0.61,0.39
14357,1,0,TimeSeriesForest,0.66,0.34
6793,0,0,TimeSeriesForest,0.71,0.29
14930,1,0,TimeSeriesForest,0.6,0.4
8939,0,0,TimeSeriesForest,0.96,0.04
6643,0,0,TimeSeriesForest,0.74,0.26
15523,1,0,TimeSeriesForest,0.56,0.44
4038,0,0,TimeSeriesForest,0.72,0.28
4312,0,0,TimeSeriesForest,0.78,0.22
9310,0,0,TimeSeriesForest,0.96,0.04
19873,1,1,TimeSeriesForest,0.0,1.0
6948,0,0,TimeSeriesForest,0.53,0.47
4888,0,0,TimeSeriesForest,0.65,0.35
17578,1,1,TimeSeriesForest,0.3,0.7
5296,0,0,TimeSeriesForest,0.7,0.3
14151,1,0,TimeSeriesForest,0.62,0.38
18928,1,1,TimeSeriesForest,0.32,0.68
11858,1,1,TimeSeriesForest,0.0,1.0
5825,0,0,TimeSeriesForest,0.69,0.31
19015,1,1,TimeSeriesForest,0.3,0.7
5981,0,0,TimeSeriesForest,0.68,0.32
4972,0,0,TimeSeriesForest,0.72,0.28
9524,0,0,TimeSeriesForest,0.96,0.04
18157,1,1,TimeSeriesForest,0.07,0.93
12667,1,1,TimeSeriesForest,0.0,1.0
1792,0,1,TimeSeriesForest,0.28,0.72
1579,0,0,TimeSeriesForest,0.76,0.24
4441,0,0,TimeSeriesForest,0.84,0.16
6274,0,1,TimeSeriesForest,0.22,0.78
829,0,0,TimeSeriesForest,0.69,0.31
18548,1,1,TimeSeriesForest,0.16,0.84
10394,1,0,TimeSeriesForest,0.63,0.37
9380,0,0,TimeSeriesForest,0.98,0.02
6054,0,0,TimeSeriesForest,0.56,0.44
19509,1,1,TimeSeriesForest,0.0,1.0
5931,0,0,TimeSeriesForest,0.65,0.35
6295,0,0,TimeSeriesForest,0.69,0.31
8393,0,0,TimeSeriesForest,0.97,0.03
18656,1,1,TimeSeriesForest,0.2,0.8
2968,0,0,TimeSeriesForest,0.69,0.31
12736,1,1,TimeSeriesForest,0.0,1.0
4117,0,0,TimeSeriesForest,0.73,0.27
15799,1,0,TimeSeriesForest,0.51,0.49
15748,1,1,TimeSeriesForest,0.36,0.64
8894,0,0,TimeSeriesForest,0.98,0.02
18638,1,1,TimeSeriesForest,0.23,0.77
1338,0,0,TimeSeriesForest,0.75,0.25
5390,0,0,TimeSeriesForest,0.56,0.44
1434,0,0,TimeSeriesForest,0.83,0.17
9268,0,0,TimeSeriesForest,0.97,0.03
14647,1,0,TimeSeriesForest,0.7,0.3
7238,0,1,TimeSeriesForest,0.46,0.54
4859,0,0,TimeSeriesForest,0.66,0.34
489,0,0,TimeSeriesForest,0.7,0.3
19100,1,1,TimeSeriesForest,0.02,0.98
1022,0,0,TimeSeriesForest,0.65,0.35
2712,0,0,TimeSeriesForest,0.75,0.25
13007,1,1,TimeSeriesForest,0.0,1.0
6757,0,0,TimeSeriesForest,0.54,0.46
8090,0,0,TimeSeriesForest,0.97,0.03
18012,1,1,TimeSeriesForest,0.0,1.0
18692,1,1,TimeSeriesForest,0.1,0.9
15849,1,0,TimeSeriesForest,0.62,0.38
12859,1,1,TimeSeriesForest,0.0,1.0
7074,0,0,TimeSeriesForest,0.78,0.22
4361,0,0,TimeSeriesForest,0.73,0.27
922,0,0,TimeSeriesForest,0.56,0.44
17827,1,1,TimeSeriesForest,0.16,0.84
3725,0,0,TimeSeriesForest,0.68,0.32
13678,1,1,TimeSeriesForest,0.0,1.0
2694,0,0,TimeSeriesForest,0.71,0.29
18407,1,1,TimeSeriesForest,0.02,0.98
11312,1,1,TimeSeriesForest,0.0,1.0
4209,0,0,TimeSeriesForest,0.83,0.17
4806,0,0,TimeSeriesForest,0.79,0.21
15359,1,0,TimeSeriesForest,0.83,0.17
5723,0,0,TimeSeriesForest,0.73,0.27
18315,1,1,TimeSeriesForest,0.04,0.96
4622,0,0,TimeSeriesForest,0.61,0.39
7809,0,0,TimeSeriesForest,0.96,0.04
2798,0,0,TimeSeriesForest,0.62,0.38
5770,0,0,TimeSeriesForest,0.64,0.36
19848,1,1,TimeSeriesForest,0.0,1.0
13608,1,1,TimeSeriesForest,0.0,1.0
11852,1,1,TimeSeriesForest,0.0,1.0
10442,1,0,TimeSeriesForest,0.88,0.12
5197,0,0,TimeSeriesForest,0.7,0.3
7344,0,0,TimeSeriesForest,0.85,0.15
8413,0,0,TimeSeriesForest,0.82,0.18
14641,1,0,TimeSeriesForest,0.58,0.42
2662,0,0,TimeSeriesForest,0.7,0.3
14505,1,1,TimeSeriesForest,0.42,0.58
10231,1,1,TimeSeriesForest,0.0,1.0
19388,1,1,TimeSeriesForest,0.0,1.0
15241,1,0,TimeSeriesForest,0.67,0.33
8522,0,0,TimeSeriesForest,0.79,0.21
16931,1,0,TimeSeriesForest,0.82,0.18
5347,0,0,TimeSeriesForest,0.67,0.33
7899,0,0,TimeSeriesForest,0.92,0.08
1858,0,0,TimeSeriesForest,0.66,0.34
13473,1,1,TimeSeriesForest,0.0,1.0
8500,0,0,TimeSeriesForest,0.96,0.04
9390,0,0,TimeSeriesForest,0.98,0.02
370,0,0,TimeSeriesForest,0.66,0.34
2364,0,0,TimeSeriesForest,0.54,0.46
9623,0,0,TimeSeriesForest,1.0,0.0
12676,1,1,TimeSeriesForest,0.0,1.0
3005,0,0,TimeSeriesForest,0.71,0.29
3325,0,0,TimeSeriesForest,0.71,0.29
8967,0,0,TimeSeriesForest,0.72,0.28
5912,0,0,TimeSeriesForest,0.7,0.3
9447,0,0,TimeSeriesForest,0.8,0.2
16863,1,0,TimeSeriesForest,0.59,0.41
12554,1,1,TimeSeriesForest,0.0,1.0
9772,0,0,TimeSeriesForest,0.92,0.08
10563,1,1,TimeSeriesForest,0.13,0.87
12677,1,1,TimeSeriesForest,0.05,0.95
11772,1,1,TimeSeriesForest,0.0,1.0
4062,0,0,TimeSeriesForest,0.79,0.21
10917,1,1,TimeSeriesForest,0.0,1.0
224,0,0,TimeSeriesForest,0.74,0.26
17545,1,1,TimeSeriesForest,0.11,0.89
15482,1,0,TimeSeriesForest,0.53,0.47
5499,0,1,TimeSeriesForest,0.4,0.6
18581,1,1,TimeSeriesForest,0.04,0.96
85,0,0,TimeSeriesForest,0.66,0.34
2741,0,0,TimeSeriesForest,0.84,0.16
2557,0,0,TimeSeriesForest,0.94,0.06
14786,1,0,TimeSeriesForest,0.59,0.41
14729,1,0,TimeSeriesForest,0.65,0.35
8944,0,0,TimeSeriesForest,0.9,0.1
15535,1,1,TimeSeriesForest,0.44,0.56
10586,1,0,TimeSeriesForest,0.67,0.33
10704,1,0,TimeSeriesForest,0.62,0.38
1507,0,0,TimeSeriesForest,0.65,0.35
19037,1,1,TimeSeriesForest,0.26,0.74
9902,0,0,TimeSeriesForest,0.97,0.03
6281,0,0,TimeSeriesForest,0.75,0.25
15281,1,0,TimeSeriesForest,0.7,0.3
3452,0,0,TimeSeriesForest,0.79,0.21
3473,0,0,TimeSeriesForest,0.75,0.25
4556,0,0,TimeSeriesForest,0.87,0.13
7868,0,0,TimeSeriesForest,0.71,0.29
9706,0,0,TimeSeriesForest,0.96,0.04
14116,1,1,TimeSeriesForest,0.38,0.62
2976,0,0,TimeSeriesForest,0.68,0.32
14257,1,0,TimeSeriesForest,0.75,0.25
235,0,0,TimeSeriesForest,0.69,0.31
8173,0,0,TimeSeriesForest,0.97,0.03
13607,1,1,TimeSeriesForest,0.0,1.0
9656,0,0,TimeSeriesForest,0.98,0.02
16992,1,0,TimeSeriesForest,0.75,0.25
11570,1,1,TimeSeriesForest,0.0,1.0
1411,0,0,TimeSeriesForest,0.59,0.41
4910,0,0,TimeSeriesForest,0.78,0.22
515,0,0,TimeSeriesForest,0.52,0.48
12894,1,1,TimeSeriesForest,0.0,1.0
12316,1,1,TimeSeriesForest,0.0,1.0
9138,0,0,TimeSeriesForest,0.98,0.02
18118,1,1,TimeSeriesForest,0.01,0.99
7097,0,0,TimeSeriesForest,0.76,0.24
1857,0,0,TimeSeriesForest,0.83,0.17
6516,0,0,TimeSeriesForest,0.86,0.14
9712,0,0,TimeSeriesForest,0.65,0.35
973,0,0,TimeSeriesForest,0.67,0.33
5369,0,1,TimeSeriesForest,0.1,0.9
19247,1,1,TimeSeriesForest,0.12,0.88
5958,0,0,TimeSeriesForest,0.66,0.34
3511,0,0,TimeSeriesForest,0.81,0.19
15574,1,1,TimeSeriesForest,0.49,0.51
3673,0,0,TimeSeriesForest,0.61,0.39
8975,0,0,TimeSeriesForest,1.0,0.0
6596,0,0,TimeSeriesForest,0.77,0.23
7705,0,0,TimeSeriesForest,0.89,0.11
2180,0,0,TimeSeriesForest,0.81,0.19
9785,0,0,TimeSeriesForest,0.95,0.05
2965,0,0,TimeSeriesForest,0.86,0.14
1029,0,0,TimeSeriesForest,0.77,0.23
12117,1,1,TimeSeriesForest,0.0,1.0
6674,0,0,TimeSeriesForest,0.86,0.14
2873,0,0,TimeSeriesForest,0.72,0.28
18570,1,1,TimeSeriesForest,0.01,0.99
13212,1,1,TimeSeriesForest,0.0,1.0
10370,1,1,TimeSeriesForest,0.0,1.0
14426,1,0,TimeSeriesForest,0.74,0.26
2780,0,0,TimeSeriesForest,0.65,0.35
10185,1,1,TimeSeriesForest,0.0,1.0
2073,0,0,TimeSeriesForest,0.71,0.29
14461,1,0,TimeSeriesForest,0.65,0.35
8211,0,0,TimeSeriesForest,0.97,0.03
17098,1,0,TimeSeriesForest,0.76,0.24
18765,1,1,TimeSeriesForest,0.12,0.88
5149,0,0,TimeSeriesForest,0.73,0.27
3855,0,0,TimeSeriesForest,0.57,0.43
4870,0,0,TimeSeriesForest,0.67,0.33
14626,1,0,TimeSeriesForest,0.65,0.35
2031,0,0,TimeSeriesForest,0.51,0.49
17954,1,1,TimeSeriesForest,0.01,0.99
5711,0,0,TimeSeriesForest,0.63,0.37
13076,1,1,TimeSeriesForest,0.0,1.0
17973,1,1,TimeSeriesForest,0.48,0.52
11033,1,1,TimeSeriesForest,0.0,1.0
17636,1,1,TimeSeriesForest,0.27,0.73
718,0,0,TimeSeriesForest,0.74,0.26
4250,0,0,TimeSeriesForest,0.69,0.31
7984,0,0,TimeSeriesForest,0.75,0.25
10286,1,1,TimeSeriesForest,0.0,1.0
5297,0,0,TimeSeriesForest,0.74,0.26
16426,1,0,TimeSeriesForest,0.61,0.39
2812,0,0,TimeSeriesForest,0.78,0.22
12851,1,1,TimeSeriesForest,0.07,0.93
5184,0,1,TimeSeriesForest,0.2,0.8
13334,1,1,TimeSeriesForest,0.0,1.0
6758,0,0,TimeSeriesForest,0.58,0.42
15594,1,0,TimeSeriesForest,0.52,0.48
548,0,0,TimeSeriesForest,0.69,0.31
13296,1,1,TimeSeriesForest,0.0,1.0
13424,1,1,TimeSeriesForest,0.0,1.0
7200,0,0,TimeSeriesForest,0.69,0.31
7921,0,0,TimeSeriesForest,0.94,0.06
189,0,0,TimeSeriesForest,0.71,0.29
7348,0,0,TimeSeriesForest,0.75,0.25
2197,0,1,TimeSeriesForest,0.17,0.83
4139,0,0,TimeSeriesForest,0.68,0.32
6537,0,0,TimeSeriesForest,0.78,0.22
2431,0,0,TimeSeriesForest,0.8,0.2
19511,1,1,TimeSeriesForest,0.0,1.0
10106,1,1,TimeSeriesForest,0.0,1.0
10769,1,0,TimeSeriesForest,0.7,0.3
2740,0,0,TimeSeriesForest,0.68,0.32
14988,1,0,TimeSeriesForest,0.7,0.3
2539,0,0,TimeSeriesForest,0.75,0.25
18213,1,1,TimeSeriesForest,0.07,0.93
14327,1,0,TimeSeriesForest,0.76,0.24
1985,0,0,TimeSeriesForest,0.94,0.06
11646,1,1,TimeSeriesForest,0.0,1.0
11931,1,1,TimeSeriesForest,0.0,1.0
17781,1,1,TimeSeriesForest,0.01,0.99
16701,1,0,TimeSeriesForest,0.68,0.32
11894,1,1,TimeSeriesForest,0.0,1.0
5153,0,0,TimeSeriesForest,0.58,0.42
18621,1,1,TimeSeriesForest,0.16,0.84
6235,0,0,TimeSeriesForest,0.64,0.36
8375,0,0,TimeSeriesForest,0.96,0.04
11965,1,1,TimeSeriesForest,0.02,0.98
11474,1,1,TimeSeriesForest,0.0,1.0
9304,0,0,TimeSeriesForest,0.98,0.02
15591,1,1,TimeSeriesForest,0.45,0.55
16580,1,0,TimeSeriesForest,0.66,0.34
8866,0,0,TimeSeriesForest,0.95,0.05
6818,0,0,TimeSeriesForest,0.79,0.21
178,0,0,TimeSeriesForest,0.7,0.3
12937,1,1,TimeSeriesForest,0.0,1.0
7686,0,0,TimeSeriesForest,0.67,0.33
13725,1,1,TimeSeriesForest,0.0,1.0
4704,0,0,TimeSeriesForest,0.79,0.21
4850,0,0,TimeSeriesForest,0.68,0.32
7046,0,1,TimeSeriesForest,0.3,0.7
944,0,0,TimeSeriesForest,0.77,0.23
737,0,0,TimeSeriesForest,0.68,0.32
18442,1,1,TimeSeriesForest,0.03,0.97
2505,0,0,TimeSeriesForest,0.74,0.26
748,0,0,TimeSeriesForest,0.77,0.23
7701,0,0,TimeSeriesForest,0.98,0.02
6971,0,0,TimeSeriesForest,0.68,0.32
14226,1,0,TimeSeriesForest,0.57,0.43
8449,0,0,TimeSeriesForest,0.9,0.1
11041,1,1,TimeSeriesForest,0.0,1.0
1318,0,0,TimeSeriesForest,0.73,0.27
8580,0,0,TimeSeriesForest,0.98,0.02
18844,1,1,TimeSeriesForest,0.49,0.51
18576,1,1,TimeSeriesForest,0.19,0.81
9220,0,0,TimeSeriesForest,0.94,0.06
6291,0,0,TimeSeriesForest,0.7,0.3
11949,1,1,TimeSeriesForest,0.0,1.0
1878,0,0,TimeSeriesForest,0.74,0.26
3148,0,0,TimeSeriesForest,0.72,0.28
16268,1,0,TimeSeriesForest,0.92,0.08
7449,0,0,TimeSeriesForest,0.74,0.26
9068,0,0,TimeSeriesForest,0.94,0.06
2563,0,0,TimeSeriesForest,0.76,0.24
7461,0,0,TimeSeriesForest,0.76,0.24
18485,1,1,TimeSeriesForest,0.03,0.97
4730,0,0,TimeSeriesForest,0.62,0.38
1980,0,1,TimeSeriesForest,0.49,0.51
6224,0,0,TimeSeriesForest,0.92,0.08
16775,1,0,TimeSeriesForest,0.65,0.35
1689,0,0,TimeSeriesForest,0.56,0.44
17411,1,1,TimeSeriesForest,0.14,0.86
957,0,0,TimeSeriesForest,0.58,0.42
14159,1,0,TimeSeriesForest,0.76,0.24
19535,1,1,TimeSeriesForest,0.0,1.0
10988,1,1,TimeSeriesForest,0.01,0.99
14305,1,0,TimeSeriesForest,0.63,0.37
11693,1,1,TimeSeriesForest,0.0,1.0
5564,0,0,TimeSeriesForest,0.68,0.32
3267,0,0,TimeSeriesForest,0.79,0.21
14236,1,0,TimeSeriesForest,0.63,0.37
19552,1,1,TimeSeriesForest,0.0,1.0
10167,1,1,TimeSeriesForest,0.0,1.0
3179,0,0,TimeSeriesForest,0.75,0.25
19908,1,1,TimeSeriesForest,0.0,1.0
16759,1,0,TimeSeriesForest,0.83,0.17
10641,1,0,TimeSeriesForest,0.62,0.38
1194,0,0,TimeSeriesForest,0.62,0.38
6197,0,0,TimeSeriesForest,0.86,0.14
18382,1,1,TimeSeriesForest,0.1,0.9
11359,1,1,TimeSeriesForest,0.0,1.0
8683,0,0,TimeSeriesForest,0.92,0.08
9512,0,0,TimeSeriesForest,0.99,0.01
4180,0,0,TimeSeriesForest,0.75,0.25
8517,0,0,TimeSeriesForest,0.82,0.18
11848,1,1,TimeSeriesForest,0.0,1.0
13397,1,1,TimeSeriesForest,0.0,1.0
12777,1,1,TimeSeriesForest,0.0,1.0
16676,1,0,TimeSeriesForest,0.75,0.25
9619,0,0,TimeSeriesForest,1.0,0.0
13164,1,1,TimeSeriesForest,0.0,1.0
337,0,1,TimeSeriesForest,0.4,0.6
11692,1,1,TimeSeriesForest,0.0,1.0
12471,1,1,TimeSeriesForest,0.0,1.0
10746,1,1,TimeSeriesForest,0.0,1.0
1615,0,0,TimeSeriesForest,0.62,0.38
17301,1,1,TimeSeriesForest,0.22,0.78
6251,0,1,TimeSeriesForest,0.47,0.53
9153,0,0,TimeSeriesForest,0.95,0.05
17005,1,0,TimeSeriesForest,0.71,0.29
4810,0,0,TimeSeriesForest,0.81,0.19
8869,0,0,TimeSeriesForest,0.67,0.33
3377,0,0,TimeSeriesForest,0.64,0.36
4466,0,0,TimeSeriesForest,0.6,0.4
6128,0,0,TimeSeriesForest,0.69,0.31
19202,1,1,TimeSeriesForest,0.42,0.58
11648,1,1,TimeSeriesForest,0.0,1.0
17561,1,1,TimeSeriesForest,0.22,0.78
4932,0,0,TimeSeriesForest,0.88,0.12
15868,1,1,TimeSeriesForest,0.0,1.0
14307,1,0,TimeSeriesForest,0.63,0.37
18659,1,1,TimeSeriesForest,0.07,0.93
10989,1,1,TimeSeriesForest,0.0,1.0
6120,0,0,TimeSeriesForest,0.53,0.47
8760,0,0,TimeSeriesForest,0.94,0.06
8352,0,0,TimeSeriesForest,0.95,0.05
16686,1,0,TimeSeriesForest,0.55,0.45
12871,1,1,TimeSeriesForest,0.0,1.0
19715,1,1,TimeSeriesForest,0.0,1.0
323,0,0,TimeSeriesForest,0.72,0.28
5840,0,0,TimeSeriesForest,0.76,0.24
7377,0,0,TimeSeriesForest,0.85,0.15
3779,0,0,TimeSeriesForest,0.69,0.31
17522,1,0,TimeSeriesForest,0.63,0.37
5588,0,0,TimeSeriesForest,0.65,0.35
2979,0,0,TimeSeriesForest,0.8,0.2
9468,0,0,TimeSeriesForest,0.94,0.06
14084,1,0,TimeSeriesForest,0.69,0.31
2302,0,0,TimeSeriesForest,0.6,0.4
15454,1,1,TimeSeriesForest,0.0,1.0
18203,1,1,TimeSeriesForest,0.24,0.76
6383,0,0,TimeSeriesForest,0.65,0.35
10786,1,1,TimeSeriesForest,0.0,1.0
3641,0,0,TimeSeriesForest,0.58,0.42
4836,0,0,TimeSeriesForest,0.69,0.31
17139,1,0,TimeSeriesForest,0.71,0.29
8600,0,0,TimeSeriesForest,0.96,0.04
13800,1,1,TimeSeriesForest,0.0,1.0
11434,1,1,TimeSeriesForest,0.0,1.0
9895,0,0,TimeSeriesForest,0.99,0.01
18950,1,1,TimeSeriesForest,0.03,0.97
6311,0,0,TimeSeriesForest,0.92,0.08
16905,1,0,TimeSeriesForest,0.55,0.45
18646,1,1,TimeSeriesForest,0.17,0.83
9539,0,0,TimeSeriesForest,0.98,0.02
7187,0,1,TimeSeriesForest,0.48,0.52
6010,0,0,TimeSeriesForest,0.91,0.09
14329,1,0,TimeSeriesForest,0.5,0.5
4452,0,0,TimeSeriesForest,0.75,0.25
11218,1,1,TimeSeriesForest,0.0,1.0
8752,0,0,TimeSeriesForest,0.67,0.33
15218,1,0,TimeSeriesForest,0.76,0.24
8277,0,0,TimeSeriesForest,0.85,0.15
12747,1,1,TimeSeriesForest,0.15,0.85
5453,0,0,TimeSeriesForest,0.78,0.22
14468,1,0,TimeSeriesForest,0.73,0.27
938,0,0,TimeSeriesForest,0.51,0.49
10076,1,1,TimeSeriesForest,0.0,1.0
18983,1,1,TimeSeriesForest,0.16,0.84
16589,1,0,TimeSeriesForest,0.77,0.23
14965,1,0,TimeSeriesForest,0.76,0.24
16422,1,0,TimeSeriesForest,0.73,0.27
4577,0,0,TimeSeriesForest,0.68,0.32
2600,0,0,TimeSeriesForest,0.67,0.33
7789,0,0,TimeSeriesForest,0.95,0.05
17335,1,1,TimeSeriesForest,0.16,0.84
16708,1,0,TimeSeriesForest,0.84,0.16
4785,0,0,TimeSeriesForest,0.8,0.2
5990,0,0,TimeSeriesForest,0.96,0.04
2682,0,0,TimeSeriesForest,0.73,0.27
18949,1,1,TimeSeriesForest,0.43,0.57
7132,0,0,TimeSeriesForest,0.79,0.21
9361,0,0,TimeSeriesForest,0.99,0.01
18216,1,1,TimeSeriesForest,0.08,0.92
18033,1,1,TimeSeriesForest,0.07,0.93
3187,0,0,TimeSeriesForest,0.78,0.22
3202,0,0,TimeSeriesForest,0.72,0.28
13814,1,1,TimeSeriesForest,0.0,1.0
5788,0,0,TimeSeriesForest,0.82,0.18
10072,1,1,TimeSeriesForest,0.0,1.0
9419,0,0,TimeSeriesForest,0.9,0.1
832,0,0,TimeSeriesForest,0.87,0.13
502,0,0,TimeSeriesForest,0.64,0.36
9439,0,0,TimeSeriesForest,0.95,0.05
643,0,0,TimeSeriesForest,0.73,0.27
18852,1,1,TimeSeriesForest,0.35,0.65
9415,0,0,TimeSeriesForest,0.76,0.24
6981,0,0,TimeSeriesForest,0.53,0.47
13086,1,1,TimeSeriesForest,0.0,1.0
9165,0,0,TimeSeriesForest,0.94,0.06
6179,0,0,TimeSeriesForest,0.7,0.3
10130,1,1,TimeSeriesForest,0.0,1.0
11522,1,1,TimeSeriesForest,0.0,1.0
4649,0,0,TimeSeriesForest,0.9,0.1
1397,0,0,TimeSeriesForest,0.69,0.31
6699,0,0,TimeSeriesForest,0.74,0.26
8046,0,0,TimeSeriesForest,0.9,0.1
17947,1,1,TimeSeriesForest,0.28,0.72
8803,0,0,TimeSeriesForest,0.66,0.34
14003,1,0,TimeSeriesForest,0.67,0.33
6495,0,0,TimeSeriesForest,0.9,0.1
580,0,0,TimeSeriesForest,0.68,0.32
17662,1,1,TimeSeriesForest,0.29,0.71
10193,1,1,TimeSeriesForest,0.0,1.0
9133,0,0,TimeSeriesForest,0.68,0.32
8154,0,0,TimeSeriesForest,0.95,0.05
18947,1,1,TimeSeriesForest,0.28,0.72
5008,0,0,TimeSeriesForest,0.69,0.31
15609,1,1,TimeSeriesForest,0.34,0.66
13990,1,0,TimeSeriesForest,0.63,0.37
2668,0,0,TimeSeriesForest,0.57,0.43
955,0,1,TimeSeriesForest,0.17,0.83
12367,1,1,TimeSeriesForest,0.0,1.0
416,0,0,TimeSeriesForest,0.74,0.26
9613,0,0,TimeSeriesForest,0.97,0.03
7943,0,0,TimeSeriesForest,0.76,0.24
10868,1,1,TimeSeriesForest,0.0,1.0
3193,0,0,TimeSeriesForest,0.84,0.16
17515,1,1,TimeSeriesForest,0.05,0.95
17348,1,1,TimeSeriesForest,0.38,0.62
9737,0,0,TimeSeriesForest,0.86,0.14
17644,1,1,TimeSeriesForest,0.06,0.94
12147,1,1,TimeSeriesForest,0.02,0.98
9441,0,0,TimeSeriesForest,0.97,0.03
16981,1,0,TimeSeriesForest,0.73,0.27
3763,0,0,TimeSeriesForest,0.74,0.26
17600,1,1,TimeSeriesForest,0.12,0.88
14438,1,0,TimeSeriesForest,0.76,0.24
16837,1,0,TimeSeriesForest,0.75,0.25
1447,0,0,TimeSeriesForest,0.76,0.24
17601,1,1,TimeSeriesForest,0.27,0.73
9560,0,0,TimeSeriesForest,0.97,0.03
12751,1,1,TimeSeriesForest,0.0,1.0
5202,0,0,TimeSeriesForest,0.62,0.38
10478,1,1,TimeSeriesForest,0.07,0.93
7634,0,0,TimeSeriesForest,1.0,0.0
903,0,0,TimeSeriesForest,0.78,0.22
3532,0,0,TimeSeriesForest,0.68,0.32
1171,0,0,TimeSeriesForest,0.84,0.16
11260,1,1,TimeSeriesForest,0.0,1.0
21,0,0,TimeSeriesForest,0.77,0.23
2468,0,0,TimeSeriesForest,0.67,0.33
9207,0,0,TimeSeriesForest,0.98,0.02
10159,1,1,TimeSeriesForest,0.0,1.0
1977,0,0,TimeSeriesForest,0.7,0.3
4178,0,0,TimeSeriesForest,0.95,0.05
13471,1,1,TimeSeriesForest,0.0,1.0
13995,1,0,TimeSeriesForest,0.67,0.33
287,0,0,TimeSeriesForest,0.68,0.32
14588,1,0,TimeSeriesForest,0.68,0.32
7354,0,0,TimeSeriesForest,0.9,0.1
13535,1,1,TimeSeriesForest,0.0,1.0
19876,1,1,TimeSeriesForest,0.0,1.0
4290,0,0,TimeSeriesForest,0.69,0.31
7329,0,0,TimeSeriesForest,0.79,0.21
11270,1,1,TimeSeriesForest,0.0,1.0
12710,1,1,TimeSeriesForest,0.0,1.0
13274,1,1,TimeSeriesForest,0.0,1.0
6863,0,0,TimeSeriesForest,0.52,0.48
15056,1,0,TimeSeriesForest,0.66,0.34
1847,0,0,TimeSeriesForest,0.79,0.21
10438,1,1,TimeSeriesForest,0.05,0.95
899,0,0,TimeSeriesForest,0.79,0.21
7731,0,0,TimeSeriesForest,0.93,0.07
8829,0,0,TimeSeriesForest,0.91,0.09
6821,0,0,TimeSeriesForest,0.53,0.47
11399,1,1,TimeSeriesForest,0.0,1.0
17085,1,0,TimeSeriesForest,0.56,0.44
1696,0,0,TimeSeriesForest,0.73,0.27
5449,0,0,TimeSeriesForest,0.6,0.4
3884,0,0,TimeSeriesForest,0.74,0.26
18210,1,1,TimeSeriesForest,0.07,0.93
14587,1,0,TimeSeriesForest,0.72,0.28
5140,0,0,TimeSeriesForest,0.58,0.42
10509,1,1,TimeSeriesForest,0.07,0.93
517,0,0,TimeSeriesForest,0.7,0.3
14995,1,0,TimeSeriesForest,0.74,0.26
1677,0,0,TimeSeriesForest,0.78,0.22
2839,0,0,TimeSeriesForest,0.71,0.29
18389,1,1,TimeSeriesForest,0.1,0.9
19692,1,1,TimeSeriesForest,0.0,1.0
4,0,1,TimeSeriesForest,0.29,0.71
12028,1,1,TimeSeriesForest,0.0,1.0
6631,0,0,TimeSeriesForest,0.62,0.38
10620,1,1,TimeSeriesForest,0.0,1.0
14376,1,0,TimeSeriesForest,0.55,0.45
8197,0,0,TimeSeriesForest,0.98,0.02
7550,0,0,TimeSeriesForest,0.98,0.02
11560,1,1,TimeSeriesForest,0.0,1.0
17637,1,1,TimeSeriesForest,0.06,0.94
2962,0,0,TimeSeriesForest,0.68,0.32
4807,0,0,TimeSeriesForest,0.72,0.28
1237,0,0,TimeSeriesForest,0.77,0.23
6055,0,0,TimeSeriesForest,0.77,0.23
5276,0,0,TimeSeriesForest,0.66,0.34
6729,0,0,TimeSeriesForest,0.66,0.34
9371,0,0,TimeSeriesForest,0.85,0.15
13236,1,1,TimeSeriesForest,0.0,1.0
5666,0,0,TimeSeriesForest,0.71,0.29
15228,1,0,TimeSeriesForest,0.75,0.25
9154,0,0,TimeSeriesForest,0.96,0.04
14017,1,0,TimeSeriesForest,0.76,0.24
10915,1,1,TimeSeriesForest,0.0,1.0
2002,0,0,TimeSeriesForest,0.65,0.35
4495,0,0,TimeSeriesForest,0.67,0.33
15266,1,0,TimeSeriesForest,0.74,0.26
13733,1,1,TimeSeriesForest,0.02,0.98
17845,1,0,TimeSeriesForest,0.52,0.48
7620,0,0,TimeSeriesForest,0.98,0.02
11190,1,1,TimeSeriesForest,0.0,1.0
3931,0,0,TimeSeriesForest,0.84,0.16
18273,1,1,TimeSeriesForest,0.06,0.94
18766,1,0,TimeSeriesForest,0.96,0.04
2286,0,0,TimeSeriesForest,0.76,0.24
3418,0,0,TimeSeriesForest,0.59,0.41
14298,1,0,TimeSeriesForest,0.69,0.31
10748,1,0,TimeSeriesForest,0.96,0.04
3767,0,0,TimeSeriesForest,0.68,0.32
3288,0,0,TimeSeriesForest,0.63,0.37
7632,0,0,TimeSeriesForest,0.98,0.02
12765,1,1,TimeSeriesForest,0.0,1.0
453,0,0,TimeSeriesForest,0.7,0.3
3231,0,0,TimeSeriesForest,0.59,0.41
2947,0,0,TimeSeriesForest,0.8,0.2
19041,1,1,TimeSeriesForest,0.03,0.97
7366,0,0,TimeSeriesForest,0.68,0.32
17572,1,1,TimeSeriesForest,0.05,0.95
18664,1,1,TimeSeriesForest,0.06,0.94
15431,1,0,TimeSeriesForest,0.86,0.14
10733,1,0,TimeSeriesForest,0.98,0.02
2809,0,0,TimeSeriesForest,0.62,0.38
14020,1,0,TimeSeriesForest,0.52,0.48
10912,1,1,TimeSeriesForest,0.0,1.0
17589,1,1,TimeSeriesForest,0.34,0.66
8250,0,0,TimeSeriesForest,1.0,0.0
8039,0,0,TimeSeriesForest,0.66,0.34
19863,1,1,TimeSeriesForest,0.0,1.0
1039,0,1,TimeSeriesForest,0.49,0.51
5894,0,0,TimeSeriesForest,0.96,0.04
866,0,1,TimeSeriesForest,0.37,0.63
17198,1,0,TimeSeriesForest,0.73,0.27
18622,1,1,TimeSeriesForest,0.21,0.79
7906,0,0,TimeSeriesForest,0.97,0.03
1927,0,0,TimeSeriesForest,0.81,0.19
5969,0,0,TimeSeriesForest,0.78,0.22
11300,1,1,TimeSeriesForest,0.0,1.0
516,0,0,TimeSeriesForest,0.6,0.4
12902,1,1,TimeSeriesForest,0.0,1.0
7388,0,0,TimeSeriesForest,0.91,0.09
15168,1,0,TimeSeriesForest,0.7,0.3
13770,1,1,TimeSeriesForest,0.0,1.0
9792,0,0,TimeSeriesForest,0.99,0.01
17336,1,1,TimeSeriesForest,0.17,0.83
2111,0,0,TimeSeriesForest,0.6,0.4
6381,0,0,TimeSeriesForest,0.8,0.2
18282,1,1,TimeSeriesForest,0.0,1.0
5143,0,0,TimeSeriesForest,0.9,0.1
3021,0,0,TimeSeriesForest,0.57,0.43
17377,1,1,TimeSeriesForest,0.01,0.99
3988,0,0,TimeSeriesForest,0.74,0.26
15828,1,0,TimeSeriesForest,0.76,0.24
15115,1,0,TimeSeriesForest,0.7,0.3
662,0,0,TimeSeriesForest,0.7,0.3
17362,1,1,TimeSeriesForest,0.31,0.69
699,0,1,TimeSeriesForest,0.35,0.65
1717,0,0,TimeSeriesForest,0.82,0.18
15121,1,0,TimeSeriesForest,0.58,0.42
13367,1,1,TimeSeriesForest,0.0,1.0
8781,0,0,TimeSeriesForest,0.97,0.03
1803,0,0,TimeSeriesForest,0.92,0.08
4645,0,0,TimeSeriesForest,0.8,0.2
9688,0,0,TimeSeriesForest,0.96,0.04
18927,1,0,TimeSeriesForest,0.53,0.47
10693,1,1,TimeSeriesForest,0.34,0.66
11379,1,1,TimeSeriesForest,0.0,1.0
5128,0,0,TimeSeriesForest,0.94,0.06
19376,1,1,TimeSeriesForest,0.0,1.0
6186,0,0,TimeSeriesForest,0.66,0.34
7391,0,0,TimeSeriesForest,0.78,0.22
5324,0,0,TimeSeriesForest,0.69,0.31
17596,1,1,TimeSeriesForest,0.03,0.97
1100,0,0,TimeSeriesForest,0.67,0.33
15484,1,0,TimeSeriesForest,0.53,0.47
13201,1,1,TimeSeriesForest,0.0,1.0
6479,0,0,TimeSeriesForest,0.68,0.32
1461,0,0,TimeSeriesForest,0.76,0.24
1102,0,0,TimeSeriesForest,0.75,0.25
18003,1,1,TimeSeriesForest,0.01,0.99
1149,0,1,TimeSeriesForest,0.46,0.54
15904,1,1,TimeSeriesForest,0.42,0.58
7841,0,0,TimeSeriesForest,0.84,0.16
11350,1,1,TimeSeriesForest,0.0,1.0
6489,0,1,TimeSeriesForest,0.48,0.52
2120,0,0,TimeSeriesForest,0.67,0.33
13810,1,1,TimeSeriesForest,0.0,1.0
4842,0,0,TimeSeriesForest,0.71,0.29
5763,0,0,TimeSeriesForest,0.71,0.29
1778,0,0,TimeSeriesForest,0.6,0.4
5625,0,0,TimeSeriesForest,0.88,0.12
12603,1,1,TimeSeriesForest,0.0,1.0
13826,1,1,TimeSeriesForest,0.0,1.0
14782,1,0,TimeSeriesForest,0.73,0.27
17842,1,1,TimeSeriesForest,0.05,0.95
11980,1,1,TimeSeriesForest,0.09,0.91
15467,1,1,TimeSeriesForest,0.0,1.0
5871,0,0,TimeSeriesForest,0.71,0.29
18654,1,0,TimeSeriesForest,0.52,0.48
3344,0,0,TimeSeriesForest,0.71,0.29
1718,0,0,TimeSeriesForest,0.8,0.2
9581,0,0,TimeSeriesForest,0.97,0.03
3217,0,0,TimeSeriesForest,0.63,0.37
19254,1,1,TimeSeriesForest,0.38,0.62
6115,0,0,TimeSeriesForest,0.6,0.4
19400,1,1,TimeSeriesForest,0.01,0.99
722,0,0,TimeSeriesForest,0.61,0.39
9694,0,0,TimeSeriesForest,0.83,0.17
1067,0,0,TimeSeriesForest,0.79,0.21
11996,1,1,TimeSeriesForest,0.0,1.0
8022,0,0,TimeSeriesForest,0.95,0.05
10618,1,0,TimeSeriesForest,0.62,0.38
5764,0,0,TimeSeriesForest,0.76,0.24
14176,1,0,TimeSeriesForest,0.68,0.32
2346,0,0,TimeSeriesForest,0.75,0.25
6131,0,0,TimeSeriesForest,0.51,0.49
14460,1,0,TimeSeriesForest,0.55,0.45
8767,0,0,TimeSeriesForest,0.79,0.21
14318,1,1,TimeSeriesForest,0.49,0.51
14241,1,0,TimeSeriesForest,0.69,0.31
15191,1,0,TimeSeriesForest,0.67,0.33
2219,0,0,TimeSeriesForest,0.75,0.25
8124,0,0,TimeSeriesForest,0.91,0.09
975,0,0,TimeSeriesForest,0.52,0.48
4832,0,0,TimeSeriesForest,0.77,0.23
13480,1,1,TimeSeriesForest,0.0,1.0
4212,0,0,TimeSeriesForest,0.57,0.43
2818,0,0,TimeSeriesForest,0.65,0.35
16984,1,0,TimeSeriesForest,0.91,0.09
9434,0,0,TimeSeriesForest,0.95,0.05
13213,1,1,TimeSeriesForest,0.0,1.0
12215,1,1,TimeSeriesForest,0.0,1.0
8734,0,0,TimeSeriesForest,0.88,0.12
13322,1,1,TimeSeriesForest,0.05,0.95
3145,0,0,TimeSeriesForest,0.66,0.34
6299,0,0,TimeSeriesForest,0.66,0.34
56,0,0,TimeSeriesForest,0.65,0.35
4796,0,0,TimeSeriesForest,0.91,0.09
11720,1,1,TimeSeriesForest,0.0,1.0
12061,1,1,TimeSeriesForest,0.2,0.8
3875,0,0,TimeSeriesForest,0.65,0.35
17906,1,1,TimeSeriesForest,0.42,0.58
11289,1,1,TimeSeriesForest,0.0,1.0
12322,1,1,TimeSeriesForest,0.0,1.0
19514,1,1,TimeSeriesForest,0.0,1.0
11802,1,1,TimeSeriesForest,0.0,1.0
497,0,0,TimeSeriesForest,0.71,0.29
17782,1,1,TimeSeriesForest,0.26,0.74
7890,0,0,TimeSeriesForest,0.91,0.09
10808,1,1,TimeSeriesForest,0.0,1.0
15096,1,0,TimeSeriesForest,0.58,0.42
14119,1,0,TimeSeriesForest,0.69,0.31
17182,1,0,TimeSeriesForest,0.62,0.38
14633,1,0,TimeSeriesForest,0.54,0.46
10627,1,0,TimeSeriesForest,0.63,0.37
2043,0,1,TimeSeriesForest,0.38,0.62
8540,0,0,TimeSeriesForest,0.96,0.04
15196,1,0,TimeSeriesForest,0.59,0.41
14044,1,0,TimeSeriesForest,0.65,0.35
2319,0,1,TimeSeriesForest,0.36,0.64
17059,1,0,TimeSeriesForest,0.79,0.21
12073,1,1,TimeSeriesForest,0.0,1.0
12345,1,1,TimeSeriesForest,0.0,1.0
7832,0,0,TimeSeriesForest,0.96,0.04
16927,1,0,TimeSeriesForest,0.75,0.25
7136,0,1,TimeSeriesForest,0.45,0.55
3677,0,0,TimeSeriesForest,0.79,0.21
18009,1,1,TimeSeriesForest,0.0,1.0
15333,1,0,TimeSeriesForest,0.58,0.42
5787,0,0,TimeSeriesForest,0.79,0.21
766,0,0,TimeSeriesForest,0.82,0.18
4749,0,0,TimeSeriesForest,0.69,0.31
8362,0,0,TimeSeriesForest,0.98,0.02
17917,1,1,TimeSeriesForest,0.1,0.9
12944,1,1,TimeSeriesForest,0.01,0.99
7706,0,0,TimeSeriesForest,0.96,0.04
18021,1,1,TimeSeriesForest,0.0,1.0
15262,1,0,TimeSeriesForest,0.66,0.34
13554,1,1,TimeSeriesForest,0.0,1.0
18180,1,1,TimeSeriesForest,0.01,0.99
17621,1,1,TimeSeriesForest,0.18,0.82
6745,0,0,TimeSeriesForest,0.72,0.28
19144,1,1,TimeSeriesForest,0.04,0.96
11340,1,1,TimeSeriesForest,0.02,0.98
8991,0,0,TimeSeriesForest,0.93,0.07
2825,0,0,TimeSeriesForest,0.8,0.2
6848,0,0,TimeSeriesForest,0.58,0.42
1452,0,0,TimeSeriesForest,0.7,0.3
9012,0,0,TimeSeriesForest,0.97,0.03
5232,0,0,TimeSeriesForest,0.79,0.21
3336,0,0,TimeSeriesForest,0.83,0.17
13615,1,1,TimeSeriesForest,0.08,0.92
13757,1,1,TimeSeriesForest,0.02,0.98
2959,0,0,TimeSeriesForest,0.74,0.26
1601,0,0,TimeSeriesForest,0.59,0.41
2753,0,0,TimeSeriesForest,0.69,0.31
3798,0,0,TimeSeriesForest,0.65,0.35
12633,1,1,TimeSeriesForest,0.0,1.0
6526,0,0,TimeSeriesForest,0.96,0.04
15618,1,1,TimeSeriesForest,0.0,1.0
18019,1,1,TimeSeriesForest,0.07,0.93
13391,1,1,TimeSeriesForest,0.0,1.0
10174,1,1,TimeSeriesForest,0.0,1.0
11025,1,1,TimeSeriesForest,0.0,1.0
7586,0,0,TimeSeriesForest,1.0,0.0
14644,1,0,TimeSeriesForest,0.72,0.28
19105,1,0,TimeSeriesForest,0.92,0.08
17518,1,1,TimeSeriesForest,0.36,0.64
8604,0,0,TimeSeriesForest,0.97,0.03
11550,1,1,TimeSeriesForest,0.0,1.0
4331,0,0,TimeSeriesForest,0.71,0.29
17590,1,1,TimeSeriesForest,0.0,1.0
1951,0,0,TimeSeriesForest,0.74,0.26
7138,0,0,TimeSeriesForest,0.87,0.13
19058,1,0,TimeSeriesForest,0.53,0.47
14014,1,0,TimeSeriesForest,0.65,0.35
11810,1,1,TimeSeriesForest,0.0,1.0
13188,1,1,TimeSeriesForest,0.0,1.0
3174,0,0,TimeSeriesForest,0.77,0.23
10898,1,1,TimeSeriesForest,0.0,1.0
5509,0,0,TimeSeriesForest,0.92,0.08
18542,1,1,TimeSeriesForest,0.28,0.72
11123,1,1,TimeSeriesForest,0.0,1.0
11030,1,1,TimeSeriesForest,0.0,1.0
4720,0,0,TimeSeriesForest,0.63,0.37
7973,0,0,TimeSeriesForest,0.79,0.21
2594,0,0,TimeSeriesForest,0.83,0.17
13229,1,1,TimeSeriesForest,0.0,1.0
6833,0,0,TimeSeriesForest,0.8,0.2
9115,0,0,TimeSeriesForest,0.92,0.08
4389,0,0,TimeSeriesForest,0.7,0.3
7797,0,0,TimeSeriesForest,0.95,0.05
16715,1,0,TimeSeriesForest,0.65,0.35
1555,0,0,TimeSeriesForest,0.66,0.34
18726,1,1,TimeSeriesForest,0.43,0.57
2897,0,0,TimeSeriesForest,0.68,0.32
3156,0,0,TimeSeriesForest,0.67,0.33
19034,1,0,TimeSeriesForest,0.56,0.44
15386,1,0,TimeSeriesForest,0.68,0.32
17007,1,0,TimeSeriesForest,0.75,0.25
87,0,0,TimeSeriesForest,0.85,0.15
18970,1,1,TimeSeriesForest,0.46,0.54
6566,0,0,TimeSeriesForest,0.59,0.41
2899,0,0,TimeSeriesForest,0.67,0.33
7840,0,0,TimeSeriesForest,0.97,0.03
1643,0,0,TimeSeriesForest,0.79,0.21
18802,1,1,TimeSeriesForest,0.22,0.78
11406,1,1,TimeSeriesForest,0.0,1.0
17789,1,1,TimeSeriesForest,0.41,0.59
527,0,0,TimeSeriesForest,0.73,0.27
13504,1,1,TimeSeriesForest,0.01,0.99
16218,1,0,TimeSeriesForest,0.8,0.2
2477,0,0,TimeSeriesForest,0.75,0.25
6925,0,0,TimeSeriesForest,0.78,0.22
3445,0,0,TimeSeriesForest,0.81,0.19
744,0,0,TimeSeriesForest,0.71,0.29
6730,0,0,TimeSeriesForest,0.59,0.41
2236,0,0,TimeSeriesForest,0.76,0.24
845,0,0,TimeSeriesForest,0.82,0.18
12575,1,1,TimeSeriesForest,0.0,1.0
9503,0,0,TimeSeriesForest,0.99,0.01
11265,1,1,TimeSeriesForest,0.0,1.0
8032,0,0,TimeSeriesForest,0.91,0.09
4400,0,0,TimeSeriesForest,0.75,0.25
9039,0,0,TimeSeriesForest,0.95,0.05
9555,0,0,TimeSeriesForest,0.98,0.02
4204,0,0,TimeSeriesForest,0.69,0.31
271,0,0,TimeSeriesForest,0.71,0.29
4444,0,0,TimeSeriesForest,0.7,0.3
11833,1,1,TimeSeriesForest,0.0,1.0
13154,1,1,TimeSeriesForest,0.0,1.0
10935,1,1,TimeSeriesForest,0.0,1.0
1946,0,1,TimeSeriesForest,0.45,0.55
11687,1,1,TimeSeriesForest,0.0,1.0
16810,1,0,TimeSeriesForest,0.63,0.37
13864,1,1,TimeSeriesForest,0.0,1.0
11429,1,1,TimeSeriesForest,0.0,1.0
11117,1,1,TimeSeriesForest,0.02,0.98
7486,0,0,TimeSeriesForest,0.87,0.13
5111,0,0,TimeSeriesForest,0.84,0.16
2280,0,0,TimeSeriesForest,0.83,0.17
10424,1,1,TimeSeriesForest,0.38,0.62
3243,0,0,TimeSeriesForest,0.92,0.08
11879,1,1,TimeSeriesForest,0.01,0.99
13964,1,0,TimeSeriesForest,0.75,0.25
12183,1,1,TimeSeriesForest,0.01,0.99
11818,1,1,TimeSeriesForest,0.0,1.0
14572,1,0,TimeSeriesForest,0.66,0.34
9621,0,0,TimeSeriesForest,0.93,0.07
10806,1,1,TimeSeriesForest,0.0,1.0
7888,0,0,TimeSeriesForest,0.84,0.16
13006,1,1,TimeSeriesForest,0.0,1.0
16718,1,0,TimeSeriesForest,0.9,0.1
9888,0,0,TimeSeriesForest,0.96,0.04
17920,1,1,TimeSeriesForest,0.21,0.79
18472,1,1,TimeSeriesForest,0.0,1.0
13134,1,1,TimeSeriesForest,0.02,0.98
1398,0,0,TimeSeriesForest,0.84,0.16
3813,0,0,TimeSeriesForest,0.74,0.26
15822,1,1,TimeSeriesForest,0.0,1.0
1799,0,0,TimeSeriesForest,0.59,0.41
874,0,0,TimeSeriesForest,0.66,0.34
11069,1,1,TimeSeriesForest,0.0,1.0
7151,0,0,TimeSeriesForest,0.77,0.23
12855,1,1,TimeSeriesForest,0.01,0.99
5694,0,0,TimeSeriesForest,0.92,0.08
17430,1,1,TimeSeriesForest,0.05,0.95
6922,0,0,TimeSeriesForest,0.73,0.27
18807,1,1,TimeSeriesForest,0.0,1.0
10744,1,0,TimeSeriesForest,0.59,0.41
4969,0,0,TimeSeriesForest,0.77,0.23
4244,0,0,TimeSeriesForest,0.72,0.28
16977,1,1,TimeSeriesForest,0.49,0.51
18903,1,1,TimeSeriesForest,0.07,0.93
9391,0,0,TimeSeriesForest,0.99,0.01
9922,0,0,TimeSeriesForest,0.98,0.02
7865,0,0,TimeSeriesForest,0.62,0.38
14736,1,0,TimeSeriesForest,0.71,0.29
12291,1,1,TimeSeriesForest,0.0,1.0
13576,1,1,TimeSeriesForest,0.0,1.0
10683,1,1,TimeSeriesForest,0.05,0.95
18857,1,0,TimeSeriesForest,0.6,0.4
1226,0,0,TimeSeriesForest,0.79,0.21
3311,0,0,TimeSeriesForest,0.76,0.24
3153,0,0,TimeSeriesForest,0.69,0.31
18412,1,1,TimeSeriesForest,0.11,0.89
12303,1,1,TimeSeriesForest,0.0,1.0
3180,0,1,TimeSeriesForest,0.46,0.54
11459,1,1,TimeSeriesForest,0.0,1.0
1694,0,0,TimeSeriesForest,0.85,0.15
8417,0,0,TimeSeriesForest,0.94,0.06
867,0,0,TimeSeriesForest,0.76,0.24
15367,1,0,TimeSeriesForest,0.71,0.29
14149,1,0,TimeSeriesForest,0.5,0.5
1,0,0,TimeSeriesForest,0.69,0.31
1863,0,0,TimeSeriesForest,0.83,0.17
11854,1,1,TimeSeriesForest,0.0,1.0
5889,0,0,TimeSeriesForest,0.74,0.26
6404,0,0,TimeSeriesForest,0.79,0.21
5072,0,0,TimeSeriesForest,0.68,0.32
1505,0,0,TimeSeriesForest,0.71,0.29
12261,1,1,TimeSeriesForest,0.0,1.0
7021,0,0,TimeSeriesForest,0.82,0.18
5755,0,0,TimeSeriesForest,0.65,0.35
17304,1,1,TimeSeriesForest,0.34,0.66
17094,1,0,TimeSeriesForest,0.64,0.36
15701,1,1,TimeSeriesForest,0.34,0.66
3037,0,0,TimeSeriesForest,0.65,0.35
2960,0,0,TimeSeriesForest,0.74,0.26
13009,1,1,TimeSeriesForest,0.0,1.0
13032,1,1,TimeSeriesForest,0.0,1.0
19020,1,1,TimeSeriesForest,0.47,0.53
14351,1,0,TimeSeriesForest,0.51,0.49
7484,0,0,TimeSeriesForest,0.72,0.28
10224,1,1,TimeSeriesForest,0.01,0.99
16590,1,0,TimeSeriesForest,0.71,0.29
7198,0,0,TimeSeriesForest,0.94,0.06
15841,1,1,TimeSeriesForest,0.0,1.0
13701,1,1,TimeSeriesForest,0.0,1.0
8786,0,0,TimeSeriesForest,1.0,0.0
1517,0,0,TimeSeriesForest,0.94,0.06
445,0,0,TimeSeriesForest,0.61,0.39
6200,0,0,TimeSeriesForest,0.56,0.44
143,0,0,TimeSeriesForest,0.54,0.46
9764,0,0,TimeSeriesForest,0.94,0.06
5006,0,0,TimeSeriesForest,0.95,0.05
1156,0,1,TimeSeriesForest,0.28,0.72
19059,1,0,TimeSeriesForest,0.55,0.45
12711,1,1,TimeSeriesForest,0.0,1.0
17646,1,1,TimeSeriesForest,0.29,0.71
1081,0,0,TimeSeriesForest,0.7,0.3
13700,1,1,TimeSeriesForest,0.03,0.97
9838,0,0,TimeSeriesForest,0.96,0.04
10427,1,0,TimeSeriesForest,0.81,0.19
14019,1,0,TimeSeriesForest,0.78,0.22
11873,1,1,TimeSeriesForest,0.0,1.0
4200,0,0,TimeSeriesForest,0.69,0.31
1265,0,0,TimeSeriesForest,0.59,0.41
4753,0,0,TimeSeriesForest,0.8,0.2
6836,0,0,TimeSeriesForest,0.85,0.15
19559,1,1,TimeSeriesForest,0.0,1.0
7038,0,0,TimeSeriesForest,0.76,0.24
5979,0,0,TimeSeriesForest,0.57,0.43
12690,1,1,TimeSeriesForest,0.01,0.99
19195,1,0,TimeSeriesForest,0.68,0.32
29,0,0,TimeSeriesForest,0.75,0.25
6838,0,1,TimeSeriesForest,0.43,0.57
8634,0,0,TimeSeriesForest,0.6,0.4
10221,1,1,TimeSeriesForest,0.0,1.0
8073,0,0,TimeSeriesForest,0.66,0.34
15750,1,1,TimeSeriesForest,0.0,1.0
3073,0,0,TimeSeriesForest,0.66,0.34
2735,0,0,TimeSeriesForest,0.84,0.16
5156,0,0,TimeSeriesForest,0.83,0.17
5848,0,0,TimeSeriesForest,0.52,0.48
17224,1,0,TimeSeriesForest,0.6,0.4
352,0,0,TimeSeriesForest,0.78,0.22
13257,1,1,TimeSeriesForest,0.0,1.0
1286,0,0,TimeSeriesForest,0.79,0.21
1603,0,0,TimeSeriesForest,0.58,0.42
13787,1,1,TimeSeriesForest,0.0,1.0
11793,1,1,TimeSeriesForest,0.01,0.99
17717,1,1,TimeSeriesForest,0.07,0.93
14999,1,0,TimeSeriesForest,0.57,0.43
3142,0,0,TimeSeriesForest,0.75,0.25
17546,1,1,TimeSeriesForest,0.03,0.97
10190,1,1,TimeSeriesForest,0.0,1.0
2718,0,0,TimeSeriesForest,0.89,0.11
11766,1,1,TimeSeriesForest,0.0,1.0
9494,0,0,TimeSeriesForest,0.98,0.02
11157,1,1,TimeSeriesForest,0.0,1.0
3031,0,0,TimeSeriesForest,0.8,0.2
8452,0,0,TimeSeriesForest,0.92,0.08
10489,1,1,TimeSeriesForest,0.0,1.0
15236,1,0,TimeSeriesForest,0.78,0.22
17417,1,1,TimeSeriesForest,0.07,0.93
8248,0,0,TimeSeriesForest,0.88,0.12
3230,0,0,TimeSeriesForest,0.52,0.48
5773,0,0,TimeSeriesForest,0.65,0.35
10609,1,0,TimeSeriesForest,0.5,0.5
12490,1,1,TimeSeriesForest,0.0,1.0
7720,0,0,TimeSeriesForest,0.96,0.04
5841,0,1,TimeSeriesForest,0.48,0.52
14952,1,0,TimeSeriesForest,0.59,0.41
2495,0,0,TimeSeriesForest,0.5,0.5
10449,1,1,TimeSeriesForest,0.06,0.94
15834,1,1,TimeSeriesForest,0.0,1.0
9061,0,0,TimeSeriesForest,0.98,0.02
2216,0,0,TimeSeriesForest,0.64,0.36
13626,1,1,TimeSeriesForest,0.0,1.0
1423,0,0,TimeSeriesForest,0.72,0.28
5033,0,0,TimeSeriesForest,0.72,0.28
4080,0,0,TimeSeriesForest,0.77,0.23
3770,0,0,TimeSeriesForest,0.72,0.28
1059,0,0,TimeSeriesForest,0.79,0.21
4531,0,0,TimeSeriesForest,0.81,0.19
19099,1,1,TimeSeriesForest,0.0,1.0
5809,0,0,TimeSeriesForest,0.67,0.33
5721,0,0,TimeSeriesForest,0.85,0.15
4427,0,0,TimeSeriesForest,0.77,0.23
6993,0,0,TimeSeriesForest,0.69,0.31
15477,1,1,TimeSeriesForest,0.28,0.72
1597,0,0,TimeSeriesForest,0.8,0.2
2228,0,0,TimeSeriesForest,0.65,0.35
16632,1,0,TimeSeriesForest,0.7,0.3
373,0,0,TimeSeriesForest,0.73,0.27
5975,0,0,TimeSeriesForest,0.57,0.43
1276,0,0,TimeSeriesForest,0.64,0.36
7051,0,0,TimeSeriesForest,0.71,0.29
7640,0,0,TimeSeriesForest,0.88,0.12
480,0,1,TimeSeriesForest,0.49,0.51
14614,1,0,TimeSeriesForest,0.59,0.41
13065,1,1,TimeSeriesForest,0.0,1.0
1963,0,0,TimeSeriesForest,0.71,0.29
1906,0,0,TimeSeriesForest,0.86,0.14
14601,1,0,TimeSeriesForest,0.53,0.47
12231,1,1,TimeSeriesForest,0.0,1.0
15476,1,0,TimeSeriesForest,0.54,0.46
15094,1,0,TimeSeriesForest,0.72,0.28
18920,1,1,TimeSeriesForest,0.0,1.0
13022,1,1,TimeSeriesForest,0.0,1.0
8545,0,0,TimeSeriesForest,0.51,0.49
17918,1,1,TimeSeriesForest,0.27,0.73
177,0,0,TimeSeriesForest,0.55,0.45
12666,1,1,TimeSeriesForest,0.0,1.0
13433,1,1,TimeSeriesForest,0.0,1.0
14618,1,0,TimeSeriesForest,0.69,0.31
15832,1,0,TimeSeriesForest,0.54,0.46
8240,0,0,TimeSeriesForest,0.99,0.01
14961,1,0,TimeSeriesForest,0.76,0.24
1661,0,0,TimeSeriesForest,0.71,0.29
8067,0,0,TimeSeriesForest,1.0,0.0
2561,0,0,TimeSeriesForest,0.66,0.34
10302,1,1,TimeSeriesForest,0.01,0.99
13742,1,1,TimeSeriesForest,0.0,1.0
7101,0,0,TimeSeriesForest,0.68,0.32
1914,0,0,TimeSeriesForest,0.71,0.29
3702,0,0,TimeSeriesForest,0.66,0.34
8469,0,0,TimeSeriesForest,0.78,0.22
342,0,1,TimeSeriesForest,0.17,0.83
1714,0,0,TimeSeriesForest,0.67,0.33
1055,0,0,TimeSeriesForest,0.68,0.32
1693,0,0,TimeSeriesForest,0.77,0.23
3268,0,0,TimeSeriesForest,0.69,0.31
65,0,0,TimeSeriesForest,0.93,0.07
18740,1,1,TimeSeriesForest,0.1,0.9
10444,1,1,TimeSeriesForest,0.02,0.98
7677,0,0,TimeSeriesForest,0.92,0.08
12269,1,1,TimeSeriesForest,0.0,1.0
9713,0,0,TimeSeriesForest,0.84,0.16
13745,1,1,TimeSeriesForest,0.0,1.0
1513,0,0,TimeSeriesForest,0.65,0.35
18525,1,1,TimeSeriesForest,0.0,1.0
9479,0,0,TimeSeriesForest,0.97,0.03
12521,1,1,TimeSeriesForest,0.0,1.0
10585,1,1,TimeSeriesForest,0.33,0.67
9502,0,0,TimeSeriesForest,0.81,0.19
14416,1,0,TimeSeriesForest,0.74,0.26
14320,1,0,TimeSeriesForest,0.7,0.3
2531,0,0,TimeSeriesForest,0.84,0.16
7491,0,0,TimeSeriesForest,0.76,0.24
4918,0,0,TimeSeriesForest,0.88,0.12
4600,0,0,TimeSeriesForest,0.68,0.32
3637,0,0,TimeSeriesForest,0.68,0.32
17581,1,1,TimeSeriesForest,0.02,0.98
411,0,1,TimeSeriesForest,0.49,0.51
12680,1,1,TimeSeriesForest,0.0,1.0
12646,1,1,TimeSeriesForest,0.0,1.0
7993,0,0,TimeSeriesForest,0.92,0.08
14900,1,0,TimeSeriesForest,0.69,0.31
17251,1,0,TimeSeriesForest,0.7,0.3
17446,1,1,TimeSeriesForest,0.25,0.75
12068,1,1,TimeSeriesForest,0.0,1.0
18829,1,1,TimeSeriesForest,0.0,1.0
8514,0,0,TimeSeriesForest,0.98,0.02
9396,0,0,TimeSeriesForest,0.97,0.03
16051,1,0,TimeSeriesForest,0.75,0.25
6617,0,0,TimeSeriesForest,0.61,0.39
18748,1,1,TimeSeriesForest,0.05,0.95
14721,1,0,TimeSeriesForest,0.79,0.21
15586,1,1,TimeSeriesForest,0.22,0.78
5220,0,0,TimeSeriesForest,0.79,0.21
6620,0,0,TimeSeriesForest,0.67,0.33
11827,1,1,TimeSeriesForest,0.0,1.0
7131,0,1,TimeSeriesForest,0.43,0.57
6901,0,0,TimeSeriesForest,0.68,0.32
15312,1,0,TimeSeriesForest,0.65,0.35
8513,0,0,TimeSeriesForest,0.66,0.34
6847,0,0,TimeSeriesForest,0.73,0.27
23,0,0,TimeSeriesForest,0.67,0.33
13152,1,1,TimeSeriesForest,0.0,1.0
15209,1,0,TimeSeriesForest,0.6,0.4
2256,0,0,TimeSeriesForest,0.77,0.23
18414,1,1,TimeSeriesForest,0.01,0.99
8851,0,0,TimeSeriesForest,0.88,0.12
9953,0,0,TimeSeriesForest,0.96,0.04
17723,1,1,TimeSeriesForest,0.03,0.97
18438,1,1,TimeSeriesForest,0.28,0.72
10964,1,1,TimeSeriesForest,0.0,1.0
18135,1,1,TimeSeriesForest,0.12,0.88
682,0,0,TimeSeriesForest,0.68,0.32
13309,1,1,TimeSeriesForest,0.0,1.0
19737,1,1,TimeSeriesForest,0.0,1.0
16078,1,0,TimeSeriesForest,0.73,0.27
7464,0,0,TimeSeriesForest,0.8,0.2
2876,0,0,TimeSeriesForest,0.53,0.47
3010,0,0,TimeSeriesForest,0.73,0.27
1727,0,0,TimeSeriesForest,0.63,0.37
12409,1,1,TimeSeriesForest,0.0,1.0
18041,1,1,TimeSeriesForest,0.0,1.0
7803,0,0,TimeSeriesForest,0.98,0.02
738,0,0,TimeSeriesForest,0.62,0.38
2970,0,0,TimeSeriesForest,0.71,0.29
9904,0,0,TimeSeriesForest,0.95,0.05
4022,0,0,TimeSeriesForest,0.96,0.04
14361,1,0,TimeSeriesForest,0.67,0.33
2977,0,0,TimeSeriesForest,0.78,0.22
13635,1,1,TimeSeriesForest,0.0,1.0
1315,0,0,TimeSeriesForest,0.77,0.23
1982,0,0,TimeSeriesForest,0.78,0.22
9108,0,0,TimeSeriesForest,0.98,0.02
9265,0,0,TimeSeriesForest,0.93,0.07
17271,1,0,TimeSeriesForest,0.52,0.48
7885,0,0,TimeSeriesForest,0.84,0.16
16946,1,0,TimeSeriesForest,0.69,0.31
6989,0,0,TimeSeriesForest,0.63,0.37
2429,0,0,TimeSeriesForest,0.68,0.32
9098,0,0,TimeSeriesForest,0.86,0.14
2205,0,0,TimeSeriesForest,0.82,0.18
11198,1,1,TimeSeriesForest,0.0,1.0
9682,0,0,TimeSeriesForest,0.99,0.01
3043,0,0,TimeSeriesForest,0.73,0.27
4544,0,0,TimeSeriesForest,0.8,0.2
13919,1,1,TimeSeriesForest,0.01,0.99
1087,0,0,TimeSeriesForest,0.78,0.22
17599,1,1,TimeSeriesForest,0.1,0.9
4213,0,0,TimeSeriesForest,0.79,0.21
6791,0,0,TimeSeriesForest,0.66,0.34
17981,1,1,TimeSeriesForest,0.06,0.94
17020,1,0,TimeSeriesForest,0.59,0.41
3713,0,0,TimeSeriesForest,0.82,0.18
5765,0,0,TimeSeriesForest,0.72,0.28
3726,0,0,TimeSeriesForest,0.84,0.16
17379,1,1,TimeSeriesForest,0.26,0.74
19392,1,1,TimeSeriesForest,0.0,1.0
4821,0,0,TimeSeriesForest,0.76,0.24
2271,0,0,TimeSeriesForest,0.8,0.2
7414,0,0,TimeSeriesForest,0.81,0.19
3301,0,0,TimeSeriesForest,0.78,0.22
15139,1,0,TimeSeriesForest,0.76,0.24
4019,0,0,TimeSeriesForest,0.82,0.18
5219,0,0,TimeSeriesForest,0.68,0.32
16553,1,0,TimeSeriesForest,0.66,0.34
13506,1,1,TimeSeriesForest,0.0,1.0
9600,0,0,TimeSeriesForest,0.97,0.03
8142,0,0,TimeSeriesForest,0.9,0.1
13910,1,1,TimeSeriesForest,0.0,1.0
4613,0,0,TimeSeriesForest,0.96,0.04
3745,0,0,TimeSeriesForest,0.71,0.29
9988,0,0,TimeSeriesForest,0.96,0.04
10408,1,0,TimeSeriesForest,0.57,0.43
5476,0,0,TimeSeriesForest,0.67,0.33
3242,0,1,TimeSeriesForest,0.45,0.55
9783,0,0,TimeSeriesForest,0.96,0.04
4965,0,0,TimeSeriesForest,0.74,0.26
1952,0,0,TimeSeriesForest,0.62,0.38
16657,1,0,TimeSeriesForest,0.59,0.41
13358,1,1,TimeSeriesForest,0.0,1.0
2734,0,0,TimeSeriesForest,0.8,0.2
11318,1,1,TimeSeriesForest,0.0,1.0
7799,0,0,TimeSeriesForest,0.96,0.04
5923,0,0,TimeSeriesForest,0.74,0.26
9474,0,0,TimeSeriesForest,0.98,0.02
9264,0,0,TimeSeriesForest,0.9,0.1
9004,0,0,TimeSeriesForest,0.84,0.16
15425,1,0,TimeSeriesForest,0.61,0.39
18228,1,1,TimeSeriesForest,0.01,0.99
17967,1,1,TimeSeriesForest,0.35,0.65
6684,0,0,TimeSeriesForest,0.87,0.13
13343,1,1,TimeSeriesForest,0.0,1.0
6975,0,1,TimeSeriesForest,0.2,0.8
12297,1,1,TimeSeriesForest,0.08,0.92
17643,1,1,TimeSeriesForest,0.04,0.96
13897,1,1,TimeSeriesForest,0.0,1.0
11937,1,1,TimeSeriesForest,0.0,1.0
12430,1,1,TimeSeriesForest,0.0,1.0
7069,0,0,TimeSeriesForest,0.89,0.11
18818,1,1,TimeSeriesForest,0.47,0.53
7100,0,0,TimeSeriesForest,0.85,0.15
1143,0,0,TimeSeriesForest,0.64,0.36
7675,0,0,TimeSeriesForest,0.94,0.06
10659,1,0,TimeSeriesForest,0.79,0.21
5230,0,0,TimeSeriesForest,0.83,0.17
1305,0,0,TimeSeriesForest,0.74,0.26
11251,1,1,TimeSeriesForest,0.0,1.0
1499,0,0,TimeSeriesForest,0.75,0.25
18242,1,1,TimeSeriesForest,0.02,0.98
1179,0,0,TimeSeriesForest,0.65,0.35
4283,0,0,TimeSeriesForest,0.69,0.31
3175,0,0,TimeSeriesForest,0.73,0.27
1543,0,0,TimeSeriesForest,0.71,0.29
2238,0,0,TimeSeriesForest,0.61,0.39
8937,0,0,TimeSeriesForest,0.98,0.02
14077,1,0,TimeSeriesForest,0.66,0.34
184,0,0,TimeSeriesForest,0.61,0.39
13948,1,0,TimeSeriesForest,0.77,0.23
11208,1,1,TimeSeriesForest,0.0,1.0
9047,0,0,TimeSeriesForest,0.93,0.07
6076,0,1,TimeSeriesForest,0.38,0.62
14259,1,0,TimeSeriesForest,0.75,0.25
7741,0,0,TimeSeriesForest,0.81,0.19
1111,0,0,TimeSeriesForest,0.68,0.32
17611,1,0,TimeSeriesForest,0.68,0.32
7785,0,0,TimeSeriesForest,0.98,0.02
11537,1,1,TimeSeriesForest,0.0,1.0
11081,1,1,TimeSeriesForest,0.0,1.0
1215,0,0,TimeSeriesForest,0.6,0.4
9230,0,0,TimeSeriesForest,0.95,0.05
14951,1,0,TimeSeriesForest,0.66,0.34
13085,1,1,TimeSeriesForest,0.0,1.0
16221,1,0,TimeSeriesForest,0.84,0.16
1077,0,0,TimeSeriesForest,0.77,0.23
17130,1,0,TimeSeriesForest,0.66,0.34
5379,0,0,TimeSeriesForest,0.66,0.34
14050,1,0,TimeSeriesForest,0.68,0.32
11461,1,1,TimeSeriesForest,0.0,1.0
1723,0,0,TimeSeriesForest,0.81,0.19
5640,0,0,TimeSeriesForest,0.75,0.25
9716,0,0,TimeSeriesForest,0.92,0.08
19862,1,1,TimeSeriesForest,0.0,1.0
379,0,0,TimeSeriesForest,0.79,0.21
12055,1,1,TimeSeriesForest,0.0,1.0
18671,1,0,TimeSeriesForest,0.98,0.02
6040,0,0,TimeSeriesForest,0.67,0.33
12188,1,1,TimeSeriesForest,0.0,1.0
16613,1,0,TimeSeriesForest,0.74,0.26
18978,1,1,TimeSeriesForest,0.39,0.61
14637,1,0,TimeSeriesForest,0.68,0.32
11442,1,1,TimeSeriesForest,0.0,1.0
11801,1,1,TimeSeriesForest,0.0,1.0
17191,1,0,TimeSeriesForest,0.69,0.31
314,0,0,TimeSeriesForest,0.65,0.35
8275,0,0,TimeSeriesForest,0.96,0.04
18537,1,1,TimeSeriesForest,0.05,0.95
2850,0,0,TimeSeriesForest,0.7,0.3
5614,0,0,TimeSeriesForest,0.94,0.06
9083,0,0,TimeSeriesForest,0.9,0.1
16669,1,0,TimeSeriesForest,0.75,0.25
17074,1,0,TimeSeriesForest,0.83,0.17
1347,0,0,TimeSeriesForest,0.86,0.14
14478,1,0,TimeSeriesForest,0.72,0.28
5627,0,0,TimeSeriesForest,0.62,0.38
9040,0,0,TimeSeriesForest,0.82,0.18
15270,1,0,TimeSeriesForest,0.66,0.34
1359,0,0,TimeSeriesForest,0.74,0.26
16624,1,0,TimeSeriesForest,0.83,0.17
13390,1,1,TimeSeriesForest,0.0,1.0
19177,1,1,TimeSeriesForest,0.0,1.0
13449,1,1,TimeSeriesForest,0.0,1.0
11011,1,1,TimeSeriesForest,0.0,1.0
6382,0,0,TimeSeriesForest,0.58,0.42
19116,1,1,TimeSeriesForest,0.34,0.66
6337,0,0,TimeSeriesForest,0.59,0.41
8294,0,0,TimeSeriesForest,0.94,0.06
6043,0,0,TimeSeriesForest,0.76,0.24
8587,0,0,TimeSeriesForest,0.73,0.27
18896,1,0,TimeSeriesForest,0.53,0.47
10329,1,1,TimeSeriesForest,0.0,1.0
3864,0,0,TimeSeriesForest,0.73,0.27
11387,1,1,TimeSeriesForest,0.0,1.0
5520,0,0,TimeSeriesForest,0.65,0.35
8630,0,0,TimeSeriesForest,0.93,0.07
19691,1,1,TimeSeriesForest,0.0,1.0
2745,0,0,TimeSeriesForest,0.77,0.23
11494,1,1,TimeSeriesForest,0.0,1.0
9768,0,0,TimeSeriesForest,0.97,0.03
11533,1,1,TimeSeriesForest,0.0,1.0
15192,1,0,TimeSeriesForest,0.55,0.45
18596,1,1,TimeSeriesForest,0.46,0.54
1596,0,0,TimeSeriesForest,0.88,0.12
359,0,0,TimeSeriesForest,0.64,0.36
17479,1,1,TimeSeriesForest,0.3,0.7
7120,0,0,TimeSeriesForest,0.57,0.43
6535,0,0,TimeSeriesForest,0.82,0.18
4800,0,0,TimeSeriesForest,0.7,0.3
3441,0,0,TimeSeriesForest,0.87,0.13
7791,0,0,TimeSeriesForest,0.98,0.02
15557,1,1,TimeSeriesForest,0.41,0.59
16869,1,0,TimeSeriesForest,0.74,0.26
17977,1,1,TimeSeriesForest,0.05,0.95
1190,0,0,TimeSeriesForest,0.8,0.2
12616,1,1,TimeSeriesForest,0.0,1.0
2202,0,0,TimeSeriesForest,0.72,0.28
10306,1,1,TimeSeriesForest,0.0,1.0
6260,0,0,TimeSeriesForest,0.83,0.17
11585,1,1,TimeSeriesForest,0.01,0.99
2310,0,0,TimeSeriesForest,0.82,0.18
15754,1,0,TimeSeriesForest,0.62,0.38
15435,1,0,TimeSeriesForest,0.68,0.32
15140,1,0,TimeSeriesForest,0.68,0.32
10289,1,1,TimeSeriesForest,0.0,1.0
606,0,0,TimeSeriesForest,0.75,0.25
8353,0,0,TimeSeriesForest,0.76,0.24
9331,0,0,TimeSeriesForest,0.67,0.33
3068,0,0,TimeSeriesForest,0.85,0.15
15039,1,0,TimeSeriesForest,0.73,0.27
13760,1,1,TimeSeriesForest,0.0,1.0
12062,1,1,TimeSeriesForest,0.0,1.0
15395,1,0,TimeSeriesForest,0.67,0.33
5185,0,0,TimeSeriesForest,0.59,0.41
917,0,0,TimeSeriesForest,0.85,0.15
17786,1,1,TimeSeriesForest,0.03,0.97
6849,0,1,TimeSeriesForest,0.44,0.56
17024,1,0,TimeSeriesForest,0.79,0.21
14960,1,0,TimeSeriesForest,0.78,0.22
14667,1,0,TimeSeriesForest,0.67,0.33
9458,0,0,TimeSeriesForest,0.97,0.03
4453,0,0,TimeSeriesForest,0.69,0.31
16700,1,0,TimeSeriesForest,0.68,0.32
17289,1,1,TimeSeriesForest,0.35,0.65
10816,1,1,TimeSeriesForest,0.0,1.0
7754,0,0,TimeSeriesForest,0.77,0.23
6149,0,0,TimeSeriesForest,0.92,0.08
14699,1,0,TimeSeriesForest,0.71,0.29
1829,0,1,TimeSeriesForest,0.45,0.55
14648,1,0,TimeSeriesForest,0.84,0.16
10752,1,1,TimeSeriesForest,0.31,0.69
10418,1,1,TimeSeriesForest,0.18,0.82
5817,0,0,TimeSeriesForest,0.87,0.13
10857,1,1,TimeSeriesForest,0.0,1.0
15590,1,1,TimeSeriesForest,0.46,0.54
14415,1,0,TimeSeriesForest,0.62,0.38
16260,1,0,TimeSeriesForest,0.66,0.34
3305,0,0,TimeSeriesForest,0.7,0.3
11900,1,1,TimeSeriesForest,0.0,1.0
16897,1,0,TimeSeriesForest,0.69,0.31
2150,0,0,TimeSeriesForest,0.58,0.42
14763,1,0,TimeSeriesForest,0.71,0.29
3994,0,0,TimeSeriesForest,0.81,0.19
19526,1,1,TimeSeriesForest,0.0,1.0
15604,1,1,TimeSeriesForest,0.49,0.51
17758,1,0,TimeSeriesForest,0.51,0.49
18667,1,1,TimeSeriesForest,0.0,1.0
19352,1,1,TimeSeriesForest,0.0,1.0
19021,1,1,TimeSeriesForest,0.06,0.94
10819,1,1,TimeSeriesForest,0.0,1.0
1830,0,0,TimeSeriesForest,0.63,0.37
6766,0,0,TimeSeriesForest,0.69,0.31
9984,0,0,TimeSeriesForest,0.96,0.04
15506,1,1,TimeSeriesForest,0.31,0.69
8763,0,0,TimeSeriesForest,0.93,0.07
16403,1,0,TimeSeriesForest,0.67,0.33
18148,1,1,TimeSeriesForest,0.01,0.99
12317,1,1,TimeSeriesForest,0.02,0.98
2164,0,1,TimeSeriesForest,0.46,0.54
15718,1,0,TimeSeriesForest,0.68,0.32
6336,0,0,TimeSeriesForest,0.84,0.16
5407,0,0,TimeSeriesForest,0.6,0.4
11704,1,1,TimeSeriesForest,0.0,1.0
5357,0,0,TimeSeriesForest,0.77,0.23
18591,1,1,TimeSeriesForest,0.19,0.81
12439,1,1,TimeSeriesForest,0.0,1.0
13763,1,1,TimeSeriesForest,0.0,1.0
9317,0,0,TimeSeriesForest,0.89,0.11
9812,0,0,TimeSeriesForest,0.68,0.32
14331,1,0,TimeSeriesForest,0.55,0.45
1971,0,0,TimeSeriesForest,0.6,0.4
11436,1,1,TimeSeriesForest,0.0,1.0
7338,0,1,TimeSeriesForest,0.25,0.75
6385,0,0,TimeSeriesForest,0.68,0.32
9463,0,0,TimeSeriesForest,0.96,0.04
11299,1,1,TimeSeriesForest,0.0,1.0
10529,1,1,TimeSeriesForest,0.01,0.99
15074,1,0,TimeSeriesForest,0.78,0.22
4262,0,0,TimeSeriesForest,0.66,0.34
16074,1,0,TimeSeriesForest,0.65,0.35
17509,1,1,TimeSeriesForest,0.36,0.64
15936,1,0,TimeSeriesForest,0.69,0.31
12024,1,1,TimeSeriesForest,0.0,1.0
5982,0,0,TimeSeriesForest,0.71,0.29
10496,1,1,TimeSeriesForest,0.02,0.98
15058,1,0,TimeSeriesForest,0.68,0.32
4243,0,0,TimeSeriesForest,0.77,0.23
10869,1,1,TimeSeriesForest,0.0,1.0
4931,0,0,TimeSeriesForest,0.79,0.21
14127,1,0,TimeSeriesForest,0.67,0.33
19,0,0,TimeSeriesForest,0.57,0.43
167,0,0,TimeSeriesForest,0.78,0.22
12313,1,1,TimeSeriesForest,0.0,1.0
7966,0,0,TimeSeriesForest,0.96,0.04
7043,0,0,TimeSeriesForest,0.66,0.34
8270,0,0,TimeSeriesForest,0.8,0.2
17570,1,1,TimeSeriesForest,0.14,0.86
19917,1,1,TimeSeriesForest,0.0,1.0
14046,1,0,TimeSeriesForest,0.59,0.41
17384,1,1,TimeSeriesForest,0.19,0.81
16094,1,0,TimeSeriesForest,0.82,0.18
6296,0,0,TimeSeriesForest,0.55,0.45
6882,0,0,TimeSeriesForest,0.55,0.45
9392,0,0,TimeSeriesForest,0.99,0.01
7416,0,0,TimeSeriesForest,0.7,0.3
6912,0,0,TimeSeriesForest,0.7,0.3
4151,0,0,TimeSeriesForest,0.63,0.37
6894,0,1,TimeSeriesForest,0.13,0.87
788,0,1,TimeSeriesForest,0.47,0.53
12456,1,1,TimeSeriesForest,0.0,1.0
15712,1,0,TimeSeriesForest,0.74,0.26
2591,0,0,TimeSeriesForest,0.59,0.41
11530,1,1,TimeSeriesForest,0.0,1.0
12654,1,1,TimeSeriesForest,0.0,1.0
4159,0,0,TimeSeriesForest,0.57,0.43
5507,0,0,TimeSeriesForest,0.8,0.2
8058,0,0,TimeSeriesForest,0.92,0.08
14752,1,0,TimeSeriesForest,0.62,0.38
3554,0,0,TimeSeriesForest,0.9,0.1
16828,1,0,TimeSeriesForest,0.6,0.4
15368,1,0,TimeSeriesForest,0.69,0.31
943,0,0,TimeSeriesForest,0.79,0.21
729,0,0,TimeSeriesForest,0.7,0.3
14958,1,0,TimeSeriesForest,0.53,0.47
1425,0,1,TimeSeriesForest,0.07,0.93
14510,1,0,TimeSeriesForest,0.77,0.23
7581,0,0,TimeSeriesForest,0.9,0.1
9557,0,0,TimeSeriesForest,0.81,0.19
8037,0,0,TimeSeriesForest,0.58,0.42
7778,0,0,TimeSeriesForest,0.83,0.17
13110,1,1,TimeSeriesForest,0.01,0.99
1101,0,0,TimeSeriesForest,0.65,0.35
14543,1,0,TimeSeriesForest,0.71,0.29
9527,0,0,TimeSeriesForest,0.99,0.01
1530,0,0,TimeSeriesForest,0.73,0.27
18973,1,1,TimeSeriesForest,0.13,0.87
15721,1,1,TimeSeriesForest,0.19,0.81
13884,1,1,TimeSeriesForest,0.0,1.0
7738,0,0,TimeSeriesForest,0.92,0.08
9919,0,0,TimeSeriesForest,0.94,0.06
18639,1,1,TimeSeriesForest,0.16,0.84
3811,0,0,TimeSeriesForest,0.73,0.27
13083,1,1,TimeSeriesForest,0.0,1.0
16244,1,0,TimeSeriesForest,0.57,0.43
7988,0,0,TimeSeriesForest,0.99,0.01
2552,0,0,TimeSeriesForest,0.56,0.44
4893,0,0,TimeSeriesForest,0.68,0.32
6303,0,0,TimeSeriesForest,0.75,0.25
3585,0,0,TimeSeriesForest,0.68,0.32
5995,0,0,TimeSeriesForest,0.89,0.11
6702,0,0,TimeSeriesForest,0.75,0.25
3029,0,0,TimeSeriesForest,0.79,0.21
674,0,0,TimeSeriesForest,0.7,0.3
14815,1,0,TimeSeriesForest,0.64,0.36
10341,1,1,TimeSeriesForest,0.0,1.0
11144,1,1,TimeSeriesForest,0.0,1.0
3595,0,0,TimeSeriesForest,0.78,0.22
13162,1,1,TimeSeriesForest,0.0,1.0
9299,0,0,TimeSeriesForest,0.85,0.15
2840,0,0,TimeSeriesForest,0.56,0.44
15558,1,1,TimeSeriesForest,0.02,0.98
4497,0,0,TimeSeriesForest,0.77,0.23
12148,1,1,TimeSeriesForest,0.0,1.0
672,0,0,TimeSeriesForest,0.61,0.39
5849,0,0,TimeSeriesForest,0.62,0.38
1750,0,0,TimeSeriesForest,0.64,0.36
183,0,0,TimeSeriesForest,0.68,0.32
15669,1,0,TimeSeriesForest,0.6,0.4
15235,1,0,TimeSeriesForest,0.6,0.4
8825,0,0,TimeSeriesForest,0.97,0.03
2231,0,0,TimeSeriesForest,0.73,0.27
2024,0,0,TimeSeriesForest,0.75,0.25
9297,0,0,TimeSeriesForest,1.0,0.0
2542,0,0,TimeSeriesForest,0.65,0.35
14048,1,0,TimeSeriesForest,0.65,0.35
5069,0,0,TimeSeriesForest,0.85,0.15
15268,1,0,TimeSeriesForest,0.66,0.34
18932,1,1,TimeSeriesForest,0.07,0.93
12184,1,1,TimeSeriesForest,0.0,1.0
6641,0,0,TimeSeriesForest,0.8,0.2
15480,1,0,TimeSeriesForest,0.63,0.37
18688,1,1,TimeSeriesForest,0.0,1.0
4637,0,0,TimeSeriesForest,0.56,0.44
10441,1,0,TimeSeriesForest,0.78,0.22
14068,1,0,TimeSeriesForest,0.57,0.43
10544,1,1,TimeSeriesForest,0.01,0.99
8510,0,0,TimeSeriesForest,0.9,0.1
13370,1,1,TimeSeriesForest,0.0,1.0
17440,1,1,TimeSeriesForest,0.3,0.7
8857,0,0,TimeSeriesForest,0.71,0.29
5400,0,0,TimeSeriesForest,0.85,0.15
18685,1,1,TimeSeriesForest,0.08,0.92
17004,1,0,TimeSeriesForest,0.9,0.1
17777,1,1,TimeSeriesForest,0.1,0.9
925,0,0,TimeSeriesForest,0.65,0.35
18551,1,1,TimeSeriesForest,0.33,0.67
14979,1,0,TimeSeriesForest,0.68,0.32
12329,1,1,TimeSeriesForest,0.0,1.0
11738,1,1,TimeSeriesForest,0.0,1.0
19128,1,1,TimeSeriesForest,0.06,0.94
8153,0,0,TimeSeriesForest,0.89,0.11
5658,0,0,TimeSeriesForest,0.64,0.36
2569,0,0,TimeSeriesForest,0.57,0.43
6614,0,0,TimeSeriesForest,0.74,0.26
2049,0,0,TimeSeriesForest,0.62,0.38
11998,1,1,TimeSeriesForest,0.01,0.99
18196,1,1,TimeSeriesForest,0.02,0.98
3463,0,0,TimeSeriesForest,0.74,0.26
15248,1,0,TimeSeriesForest,0.76,0.24
18972,1,1,TimeSeriesForest,0.24,0.76
17077,1,0,TimeSeriesForest,0.73,0.27
2892,0,0,TimeSeriesForest,0.78,0.22
13205,1,1,TimeSeriesForest,0.0,1.0
8965,0,0,TimeSeriesForest,0.88,0.12
2380,0,0,TimeSeriesForest,0.69,0.31
5827,0,0,TimeSeriesForest,0.61,0.39
12638,1,1,TimeSeriesForest,0.0,1.0
4996,0,0,TimeSeriesForest,0.63,0.37
9142,0,0,TimeSeriesForest,0.62,0.38
8595,0,0,TimeSeriesForest,0.92,0.08
5917,0,0,TimeSeriesForest,0.78,0.22
8309,0,0,TimeSeriesForest,0.87,0.13
14323,1,0,TimeSeriesForest,0.63,0.37
12419,1,1,TimeSeriesForest,0.0,1.0
3557,0,0,TimeSeriesForest,0.56,0.44
923,0,0,TimeSeriesForest,0.6,0.4
9086,0,0,TimeSeriesForest,0.94,0.06
18754,1,1,TimeSeriesForest,0.07,0.93
12928,1,1,TimeSeriesForest,0.0,1.0
16937,1,0,TimeSeriesForest,0.56,0.44
9507,0,0,TimeSeriesForest,0.88,0.12
2709,0,0,TimeSeriesForest,0.79,0.21
2453,0,0,TimeSeriesForest,0.57,0.43
10482,1,0,TimeSeriesForest,0.66,0.34
16226,1,0,TimeSeriesForest,0.64,0.36
8664,0,0,TimeSeriesForest,0.97,0.03
2879,0,0,TimeSeriesForest,0.83,0.17
10233,1,1,TimeSeriesForest,0.0,1.0
9166,0,0,TimeSeriesForest,0.95,0.05
14909,1,1,TimeSeriesForest,0.35,0.65
13947,1,0,TimeSeriesForest,0.69,0.31
9672,0,0,TimeSeriesForest,1.0,0.0
16736,1,0,TimeSeriesForest,0.75,0.25
18323,1,1,TimeSeriesForest,0.19,0.81
9567,0,0,TimeSeriesForest,0.97,0.03
14310,1,0,TimeSeriesForest,0.61,0.39
17556,1,1,TimeSeriesForest,0.2,0.8
7470,0,0,TimeSeriesForest,0.78,0.22
717,0,0,TimeSeriesForest,0.6,0.4
12530,1,1,TimeSeriesForest,0.0,1.0
3841,0,0,TimeSeriesForest,0.77,0.23
8295,0,0,TimeSeriesForest,0.66,0.34
15791,1,0,TimeSeriesForest,0.64,0.36
15726,1,0,TimeSeriesForest,0.63,0.37
5089,0,0,TimeSeriesForest,0.63,0.37
9107,0,0,TimeSeriesForest,0.98,0.02
5256,0,0,TimeSeriesForest,0.69,0.31
12357,1,1,TimeSeriesForest,0.01,0.99
4896,0,0,TimeSeriesForest,0.69,0.31
8274,0,0,TimeSeriesForest,0.99,0.01
18976,1,1,TimeSeriesForest,0.15,0.85
19747,1,1,TimeSeriesForest,0.0,1.0
620,0,0,TimeSeriesForest,0.54,0.46
7195,0,0,TimeSeriesForest,0.72,0.28
2139,0,0,TimeSeriesForest,0.89,0.11
7260,0,0,TimeSeriesForest,0.75,0.25
1133,0,0,TimeSeriesForest,0.89,0.11
17197,1,0,TimeSeriesForest,0.69,0.31
19902,1,1,TimeSeriesForest,0.0,1.0
17562,1,0,TimeSeriesForest,0.61,0.39
5059,0,0,TimeSeriesForest,0.8,0.2
1998,0,0,TimeSeriesForest,0.79,0.21
2149,0,0,TimeSeriesForest,0.74,0.26
2915,0,0,TimeSeriesForest,0.82,0.18
13761,1,1,TimeSeriesForest,0.0,1.0
4226,0,0,TimeSeriesForest,0.71,0.29
3487,0,0,TimeSeriesForest,0.7,0.3
9285,0,0,TimeSeriesForest,0.94,0.06
9935,0,0,TimeSeriesForest,0.99,0.01
19410,1,1,TimeSeriesForest,0.0,1.0
11735,1,1,TimeSeriesForest,0.0,1.0
15756,1,1,TimeSeriesForest,0.15,0.85
17738,1,1,TimeSeriesForest,0.12,0.88
3420,0,0,TimeSeriesForest,0.86,0.14
8224,0,0,TimeSeriesForest,0.94,0.06
12519,1,1,TimeSeriesForest,0.0,1.0
9192,0,0,TimeSeriesForest,0.99,0.01
18415,1,1,TimeSeriesForest,0.06,0.94
4426,0,0,TimeSeriesForest,0.68,0.32
1325,0,1,TimeSeriesForest,0.49,0.51
18587,1,1,TimeSeriesForest,0.2,0.8
1572,0,0,TimeSeriesForest,0.75,0.25
8379,0,0,TimeSeriesForest,0.95,0.05
16726,1,0,TimeSeriesForest,0.71,0.29
6375,0,0,TimeSeriesForest,0.77,0.23
11807,1,1,TimeSeriesForest,0.0,1.0
15310,1,0,TimeSeriesForest,0.62,0.38
15781,1,1,TimeSeriesForest,0.0,1.0
18954,1,1,TimeSeriesForest,0.01,0.99
7503,0,0,TimeSeriesForest,0.97,0.03
414,0,0,TimeSeriesForest,0.85,0.15
17951,1,1,TimeSeriesForest,0.09,0.91
9638,0,0,TimeSeriesForest,0.88,0.12
13179,1,1,TimeSeriesForest,0.0,1.0
7115,0,0,TimeSeriesForest,0.75,0.25
16699,1,0,TimeSeriesForest,0.62,0.38
12025,1,1,TimeSeriesForest,0.01,0.99
7331,0,0,TimeSeriesForest,0.67,0.33
5799,0,0,TimeSeriesForest,0.63,0.37
17925,1,1,TimeSeriesForest,0.07,0.93
14113,1,0,TimeSeriesForest,0.63,0.37
17648,1,1,TimeSeriesForest,0.31,0.69
17695,1,1,TimeSeriesForest,0.34,0.66
16227,1,0,TimeSeriesForest,0.65,0.35
18181,1,1,TimeSeriesForest,0.04,0.96
6890,0,0,TimeSeriesForest,0.75,0.25
17953,1,1,TimeSeriesForest,0.05,0.95
6680,0,0,TimeSeriesForest,0.8,0.2
4469,0,0,TimeSeriesForest,0.7,0.3
7730,0,0,TimeSeriesForest,0.95,0.05
6476,0,0,TimeSeriesForest,0.65,0.35
1212,0,0,TimeSeriesForest,0.76,0.24
13704,1,1,TimeSeriesForest,0.0,1.0
4726,0,0,TimeSeriesForest,0.71,0.29
1172,0,0,TimeSeriesForest,0.71,0.29
16595,1,0,TimeSeriesForest,0.66,0.34
3714,0,1,TimeSeriesForest,0.48,0.52
19874,1,1,TimeSeriesForest,0.01,0.99
17714,1,1,TimeSeriesForest,0.41,0.59
12017,1,1,TimeSeriesForest,0.0,1.0
84,0,0,TimeSeriesForest,0.88,0.12
4905,0,0,TimeSeriesForest,0.75,0.25
12934,1,1,TimeSeriesForest,0.0,1.0
5595,0,1,TimeSeriesForest,0.02,0.98
1809,0,0,TimeSeriesForest,0.69,0.31
4228,0,0,TimeSeriesForest,0.83,0.17
14075,1,0,TimeSeriesForest,0.59,0.41
5359,0,0,TimeSeriesForest,0.86,0.14
11792,1,1,TimeSeriesForest,0.0,1.0
15762,1,1,TimeSeriesForest,0.0,1.0
16900,1,0,TimeSeriesForest,0.57,0.43
3688,0,0,TimeSeriesForest,0.75,0.25
10730,1,1,TimeSeriesForest,0.44,0.56
2004,0,0,TimeSeriesForest,0.79,0.21
16913,1,0,TimeSeriesForest,0.59,0.41
196,0,1,TimeSeriesForest,0.36,0.64
144,0,0,TimeSeriesForest,0.63,0.37
7756,0,0,TimeSeriesForest,0.99,0.01
8529,0,0,TimeSeriesForest,0.83,0.17
1300,0,0,TimeSeriesForest,0.86,0.14
9028,0,0,TimeSeriesForest,0.81,0.19
8695,0,0,TimeSeriesForest,0.91,0.09
11502,1,1,TimeSeriesForest,0.0,1.0
1137,0,0,TimeSeriesForest,0.7,0.3
19148,1,1,TimeSeriesForest,0.48,0.52
1619,0,1,TimeSeriesForest,0.46,0.54
11797,1,1,TimeSeriesForest,0.0,1.0
12473,1,1,TimeSeriesForest,0.0,1.0
13378,1,1,TimeSeriesForest,0.0,1.0
12469,1,1,TimeSeriesForest,0.0,1.0
14370,1,0,TimeSeriesForest,0.64,0.36
5983,0,0,TimeSeriesForest,0.82,0.18
3901,0,0,TimeSeriesForest,0.57,0.43
1429,0,0,TimeSeriesForest,0.74,0.26
19120,1,0,TimeSeriesForest,0.51,0.49
19587,1,1,TimeSeriesForest,0.0,1.0
2147,0,0,TimeSeriesForest,0.67,0.33
9350,0,0,TimeSeriesForest,0.96,0.04
2229,0,0,TimeSeriesForest,0.71,0.29
16067,1,0,TimeSeriesForest,0.77,0.23
18694,1,0,TimeSeriesForest,0.61,0.39
685,0,0,TimeSeriesForest,0.58,0.42
7045,0,0,TimeSeriesForest,0.91,0.09
18405,1,1,TimeSeriesForest,0.0,1.0
10565,1,1,TimeSeriesForest,0.05,0.95
15178,1,0,TimeSeriesForest,0.74,0.26
13469,1,1,TimeSeriesForest,0.03,0.97
17844,1,1,TimeSeriesForest,0.05,0.95
12004,1,1,TimeSeriesForest,0.0,1.0
17598,1,1,TimeSeriesForest,0.16,0.84
5540,0,0,TimeSeriesForest,0.67,0.33
5963,0,0,TimeSeriesForest,0.68,0.32
14250,1,0,TimeSeriesForest,0.72,0.28
132,0,0,TimeSeriesForest,0.63,0.37
5336,0,0,TimeSeriesForest,0.7,0.3
8289,0,0,TimeSeriesForest,0.8,0.2
6787,0,0,TimeSeriesForest,0.54,0.46
7659,0,0,TimeSeriesForest,0.98,0.02
6926,0,0,TimeSeriesForest,0.61,0.39
139,0,0,TimeSeriesForest,0.73,0.27
5004,0,0,TimeSeriesForest,0.68,0.32
18689,1,1,TimeSeriesForest,0.02,0.98
3331,0,0,TimeSeriesForest,0.65,0.35
7850,0,0,TimeSeriesForest,0.98,0.02
10463,1,0,TimeSeriesForest,0.59,0.41
8495,0,0,TimeSeriesForest,0.92,0.08
10432,1,0,TimeSeriesForest,0.66,0.34
14898,1,0,TimeSeriesForest,0.62,0.38
9112,0,0,TimeSeriesForest,0.93,0.07
10166,1,1,TimeSeriesForest,0.0,1.0
4256,0,0,TimeSeriesForest,0.71,0.29
12501,1,1,TimeSeriesForest,0.0,1.0
3224,0,0,TimeSeriesForest,0.69,0.31
15905,1,0,TimeSeriesForest,0.65,0.35
4279,0,0,TimeSeriesForest,0.69,0.31
15686,1,0,TimeSeriesForest,0.53,0.47
16766,1,0,TimeSeriesForest,0.62,0.38
14678,1,0,TimeSeriesForest,0.64,0.36
6737,0,0,TimeSeriesForest,0.67,0.33
10467,1,0,TimeSeriesForest,0.63,0.37
12664,1,1,TimeSeriesForest,0.0,1.0
15213,1,0,TimeSeriesForest,0.74,0.26
12807,1,1,TimeSeriesForest,0.0,1.0
3087,0,0,TimeSeriesForest,0.97,0.03
12662,1,1,TimeSeriesForest,0.0,1.0
13580,1,1,TimeSeriesForest,0.0,1.0
4037,0,0,TimeSeriesForest,0.77,0.23
14615,1,0,TimeSeriesForest,0.68,0.32
5477,0,0,TimeSeriesForest,0.5,0.5
7529,0,0,TimeSeriesForest,0.98,0.02
6761,0,0,TimeSeriesForest,0.72,0.28
1846,0,0,TimeSeriesForest,0.87,0.13
14845,1,0,TimeSeriesForest,0.6,0.4
13146,1,1,TimeSeriesForest,0.0,1.0
2053,0,0,TimeSeriesForest,0.7,0.3
816,0,0,TimeSeriesForest,0.55,0.45
10403,1,1,TimeSeriesForest,0.26,0.74
542,0,0,TimeSeriesForest,0.76,0.24
2313,0,1,TimeSeriesForest,0.22,0.78
19246,1,1,TimeSeriesForest,0.15,0.85
3225,0,0,TimeSeriesForest,0.59,0.41
14956,1,0,TimeSeriesForest,0.6,0.4
10894,1,1,TimeSeriesForest,0.0,1.0
5873,0,0,TimeSeriesForest,0.86,0.14
506,0,0,TimeSeriesForest,0.8,0.2
5656,0,1,TimeSeriesForest,0.37,0.63
18760,1,1,TimeSeriesForest,0.01,0.99
9163,0,0,TimeSeriesForest,0.89,0.11
11736,1,1,TimeSeriesForest,0.0,1.0
4525,0,0,TimeSeriesForest,0.72,0.28
520,0,0,TimeSeriesForest,0.84,0.16
14152,1,0,TimeSeriesForest,0.68,0.32
14245,1,0,TimeSeriesForest,0.67,0.33
7108,0,0,TimeSeriesForest,0.59,0.41
9622,0,0,TimeSeriesForest,0.99,0.01
19520,1,1,TimeSeriesForest,0.0,1.0
12700,1,1,TimeSeriesForest,0.0,1.0
10921,1,1,TimeSeriesForest,0.0,1.0
8801,0,0,TimeSeriesForest,0.95,0.05
16935,1,0,TimeSeriesForest,0.71,0.29
12427,1,1,TimeSeriesForest,0.0,1.0
4791,0,0,TimeSeriesForest,0.53,0.47
2485,0,0,TimeSeriesForest,0.62,0.38
9305,0,0,TimeSeriesForest,0.96,0.04
14334,1,0,TimeSeriesForest,0.57,0.43
17188,1,0,TimeSeriesForest,0.6,0.4
17478,1,1,TimeSeriesForest,0.32,0.68
10031,1,1,TimeSeriesForest,0.0,1.0
3973,0,0,TimeSeriesForest,0.7,0.3
2853,0,0,TimeSeriesForest,0.75,0.25
17378,1,1,TimeSeriesForest,0.3,0.7
1372,0,0,TimeSeriesForest,0.77,0.23
8143,0,0,TimeSeriesForest,0.93,0.07
6301,0,0,TimeSeriesForest,0.68,0.32
19235,1,0,TimeSeriesForest,0.78,0.22
5702,0,0,TimeSeriesForest,0.68,0.32
7736,0,0,TimeSeriesForest,0.96,0.04
8117,0,0,TimeSeriesForest,0.92,0.08
5569,0,0,TimeSeriesForest,0.72,0.28
17849,1,1,TimeSeriesForest,0.06,0.94
10244,1,1,TimeSeriesForest,0.0,1.0
10551,1,1,TimeSeriesForest,0.36,0.64
17025,1,0,TimeSeriesForest,0.51,0.49
13877,1,1,TimeSeriesForest,0.0,1.0
7566,0,0,TimeSeriesForest,0.93,0.07
683,0,0,TimeSeriesForest,0.74,0.26
3139,0,0,TimeSeriesForest,0.82,0.18
2512,0,0,TimeSeriesForest,0.93,0.07
10157,1,1,TimeSeriesForest,0.0,1.0
1465,0,1,TimeSeriesForest,0.49,0.51
16574,1,0,TimeSeriesForest,0.68,0.32
11976,1,1,TimeSeriesForest,0.0,1.0
18132,1,1,TimeSeriesForest,0.03,0.97
11945,1,1,TimeSeriesForest,0.0,1.0
16972,1,0,TimeSeriesForest,0.65,0.35
9520,0,0,TimeSeriesForest,0.7,0.3
12190,1,1,TimeSeriesForest,0.0,1.0
11345,1,1,TimeSeriesForest,0.0,1.0
4224,0,0,TimeSeriesForest,0.61,0.39
7467,0,0,TimeSeriesForest,0.67,0.33
11605,1,1,TimeSeriesForest,0.0,1.0
13253,1,1,TimeSeriesForest,0.03,0.97
9612,0,0,TimeSeriesForest,0.91,0.09
19548,1,1,TimeSeriesForest,0.0,1.0
11819,1,1,TimeSeriesForest,0.0,1.0
6286,0,0,TimeSeriesForest,0.88,0.12
7284,0,0,TimeSeriesForest,0.69,0.31
17323,1,1,TimeSeriesForest,0.44,0.56
5928,0,0,TimeSeriesForest,0.72,0.28
7607,0,0,TimeSeriesForest,0.93,0.07
17780,1,1,TimeSeriesForest,0.07,0.93
18728,1,1,TimeSeriesForest,0.04,0.96
2137,0,0,TimeSeriesForest,0.88,0.12
10095,1,1,TimeSeriesForest,0.0,1.0
7028,0,1,TimeSeriesForest,0.18,0.82
14777,1,0,TimeSeriesForest,0.64,0.36
5100,0,0,TimeSeriesForest,0.79,0.21
17330,1,1,TimeSeriesForest,0.22,0.78
7948,0,0,TimeSeriesForest,0.7,0.3
8134,0,0,TimeSeriesForest,0.95,0.05
1519,0,0,TimeSeriesForest,0.76,0.24
13064,1,1,TimeSeriesForest,0.0,1.0
7933,0,0,TimeSeriesForest,0.96,0.04
7818,0,0,TimeSeriesForest,0.96,0.04
5532,0,0,TimeSeriesForest,0.75,0.25
17512,1,1,TimeSeriesForest,0.09,0.91
19363,1,1,TimeSeriesForest,0.0,1.0
13196,1,1,TimeSeriesForest,0.0,1.0
105,0,0,TimeSeriesForest,0.81,0.19
583,0,0,TimeSeriesForest,0.59,0.41
17679,1,1,TimeSeriesForest,0.03,0.97
5049,0,0,TimeSeriesForest,0.83,0.17
2452,0,0,TimeSeriesForest,0.77,0.23
14194,1,0,TimeSeriesForest,0.8,0.2
2484,0,0,TimeSeriesForest,0.67,0.33
12052,1,1,TimeSeriesForest,0.01,0.99
14997,1,0,TimeSeriesForest,0.64,0.36
8098,0,0,TimeSeriesForest,0.91,0.09
10809,1,1,TimeSeriesForest,0.0,1.0
10162,1,1,TimeSeriesForest,0.0,1.0
10421,1,1,TimeSeriesForest,0.16,0.84
2132,0,0,TimeSeriesForest,0.6,0.4
64,0,0,TimeSeriesForest,0.73,0.27
19732,1,1,TimeSeriesForest,0.0,1.0
7913,0,0,TimeSeriesForest,0.95,0.05
5148,0,0,TimeSeriesForest,0.56,0.44
5949,0,0,TimeSeriesForest,0.69,0.31
204,0,0,TimeSeriesForest,0.52,0.48
4001,0,0,TimeSeriesForest,0.7,0.3
3550,0,0,TimeSeriesForest,0.6,0.4
12401,1,1,TimeSeriesForest,0.0,1.0
11659,1,1,TimeSeriesForest,0.0,1.0
8486,0,0,TimeSeriesForest,0.96,0.04
4758,0,0,TimeSeriesForest,0.72,0.28
5112,0,0,TimeSeriesForest,0.9,0.1
2071,0,0,TimeSeriesForest,0.8,0.2
7940,0,0,TimeSeriesForest,0.88,0.12
10785,1,1,TimeSeriesForest,0.0,1.0
17314,1,1,TimeSeriesForest,0.21,0.79
7549,0,0,TimeSeriesForest,0.95,0.05
10846,1,1,TimeSeriesForest,0.0,1.0
14700,1,0,TimeSeriesForest,0.65,0.35
14058,1,0,TimeSeriesForest,0.53,0.47
10592,1,1,TimeSeriesForest,0.01,0.99
14102,1,0,TimeSeriesForest,0.62,0.38
1219,0,0,TimeSeriesForest,0.78,0.22
4350,0,0,TimeSeriesForest,0.51,0.49
11168,1,1,TimeSeriesForest,0.0,1.0
18623,1,1,TimeSeriesForest,0.01,0.99
12526,1,1,TimeSeriesForest,0.0,1.0
9508,0,0,TimeSeriesForest,0.73,0.27
1424,0,0,TimeSeriesForest,0.61,0.39
5629,0,0,TimeSeriesForest,0.5,0.5
3954,0,0,TimeSeriesForest,0.78,0.22
15110,1,0,TimeSeriesForest,0.73,0.27
12898,1,1,TimeSeriesForest,0.0,1.0
5192,0,0,TimeSeriesForest,0.82,0.18
9769,0,0,TimeSeriesForest,0.99,0.01
3829,0,0,TimeSeriesForest,0.72,0.28
1924,0,0,TimeSeriesForest,0.83,0.17
18320,1,1,TimeSeriesForest,0.04,0.96
13575,1,1,TimeSeriesForest,0.0,1.0
694,0,0,TimeSeriesForest,0.59,0.41
6261,0,1,TimeSeriesForest,0.39,0.61
18340,1,1,TimeSeriesForest,0.02,0.98
9173,0,0,TimeSeriesForest,0.94,0.06
9469,0,0,TimeSeriesForest,0.91,0.09
4999,0,1,TimeSeriesForest,0.46,0.54
19030,1,1,TimeSeriesForest,0.19,0.81
3604,0,0,TimeSeriesForest,0.67,0.33
14640,1,0,TimeSeriesForest,0.64,0.36
5266,0,0,TimeSeriesForest,0.71,0.29
17137,1,0,TimeSeriesForest,0.83,0.17
227,0,0,TimeSeriesForest,0.71,0.29
5633,0,0,TimeSeriesForest,0.74,0.26
12912,1,1,TimeSeriesForest,0.0,1.0
1887,0,0,TimeSeriesForest,0.64,0.36
11978,1,1,TimeSeriesForest,0.0,1.0
12198,1,1,TimeSeriesForest,0.02,0.98
12219,1,1,TimeSeriesForest,0.0,1.0
1978,0,0,TimeSeriesForest,0.77,0.23
3562,0,0,TimeSeriesForest,0.75,0.25
426,0,1,TimeSeriesForest,0.4,0.6
16053,1,0,TimeSeriesForest,0.81,0.19
3727,0,0,TimeSeriesForest,0.81,0.19
13963,1,0,TimeSeriesForest,0.51,0.49
7428,0,0,TimeSeriesForest,0.81,0.19
7793,0,0,TimeSeriesForest,0.99,0.01
884,0,0,TimeSeriesForest,0.65,0.35
18650,1,1,TimeSeriesForest,0.01,0.99
16934,1,0,TimeSeriesForest,0.69,0.31
19053,1,1,TimeSeriesForest,0.07,0.93
15321,1,0,TimeSeriesForest,0.68,0.32
8986,0,0,TimeSeriesForest,0.99,0.01
15912,1,1,TimeSeriesForest,0.0,1.0
9389,0,0,TimeSeriesForest,0.97,0.03
16662,1,0,TimeSeriesForest,0.78,0.22
8597,0,0,TimeSeriesForest,0.93,0.07
10830,1,1,TimeSeriesForest,0.0,1.0
3421,0,0,TimeSeriesForest,0.71,0.29
17125,1,0,TimeSeriesForest,0.59,0.41
13834,1,1,TimeSeriesForest,0.0,1.0
11416,1,1,TimeSeriesForest,0.0,1.0
7273,0,0,TimeSeriesForest,0.76,0.24
8123,0,0,TimeSeriesForest,0.91,0.09
3386,0,0,TimeSeriesForest,0.68,0.32
16099,1,0,TimeSeriesForest,0.83,0.17
17997,1,1,TimeSeriesForest,0.01,0.99
4816,0,0,TimeSeriesForest,0.56,0.44
11351,1,1,TimeSeriesForest,0.0,1.0
504,0,0,TimeSeriesForest,0.51,0.49
8473,0,0,TimeSeriesForest,0.96,0.04
2376,0,0,TimeSeriesForest,0.66,0.34
12973,1,1,TimeSeriesForest,0.0,1.0
11477,1,1,TimeSeriesForest,0.0,1.0
17037,1,1,TimeSeriesForest,0.45,0.55
17292,1,1,TimeSeriesForest,0.26,0.74
10836,1,1,TimeSeriesForest,0.0,1.0
17706,1,1,TimeSeriesForest,0.2,0.8
11875,1,1,TimeSeriesForest,0.0,1.0
9977,0,0,TimeSeriesForest,0.96,0.04
3573,0,0,TimeSeriesForest,0.79,0.21
12812,1,1,TimeSeriesForest,0.0,1.0
2012,0,0,TimeSeriesForest,0.61,0.39
17698,1,1,TimeSeriesForest,0.05,0.95
5846,0,0,TimeSeriesForest,0.61,0.39
11545,1,1,TimeSeriesForest,0.0,1.0
13592,1,1,TimeSeriesForest,0.0,1.0
13908,1,1,TimeSeriesForest,0.0,1.0
233,0,0,TimeSeriesForest,0.76,0.24
19098,1,1,TimeSeriesForest,0.16,0.84
12265,1,1,TimeSeriesForest,0.0,1.0
768,0,0,TimeSeriesForest,0.67,0.33
11608,1,1,TimeSeriesForest,0.0,1.0
10974,1,1,TimeSeriesForest,0.0,1.0
615,0,0,TimeSeriesForest,0.68,0.32
6160,0,0,TimeSeriesForest,0.6,0.4
19206,1,1,TimeSeriesForest,0.02,0.98
6520,0,0,TimeSeriesForest,0.77,0.23
7613,0,0,TimeSeriesForest,0.97,0.03
17355,1,1,TimeSeriesForest,0.08,0.92
17281,1,1,TimeSeriesForest,0.1,0.9
11864,1,1,TimeSeriesForest,0.0,1.0
888,0,0,TimeSeriesForest,0.52,0.48
3453,0,0,TimeSeriesForest,0.91,0.09
4091,0,0,TimeSeriesForest,0.82,0.18
12491,1,1,TimeSeriesForest,0.0,1.0
14433,1,0,TimeSeriesForest,0.71,0.29
14139,1,0,TimeSeriesForest,0.58,0.42
9871,0,0,TimeSeriesForest,0.82,0.18
6908,0,0,TimeSeriesForest,0.87,0.13
15255,1,0,TimeSeriesForest,0.63,0.37
18850,1,1,TimeSeriesForest,0.44,0.56
4981,0,0,TimeSeriesForest,0.81,0.19
2450,0,1,TimeSeriesForest,0.37,0.63
18348,1,1,TimeSeriesForest,0.07,0.93
7918,0,0,TimeSeriesForest,0.66,0.34
17542,1,1,TimeSeriesForest,0.17,0.83
17340,1,1,TimeSeriesForest,0.33,0.67
12145,1,1,TimeSeriesForest,0.03,0.97
1560,0,0,TimeSeriesForest,0.69,0.31
8222,0,0,TimeSeriesForest,0.81,0.19
4674,0,0,TimeSeriesForest,0.73,0.27
3508,0,0,TimeSeriesForest,0.65,0.35
8094,0,0,TimeSeriesForest,0.9,0.1
10599,1,0,TimeSeriesForest,0.65,0.35
3082,0,0,TimeSeriesForest,0.7,0.3
13380,1,1,TimeSeriesForest,0.0,1.0
16788,1,0,TimeSeriesForest,0.71,0.29
11584,1,1,TimeSeriesForest,0.0,1.0
18375,1,1,TimeSeriesForest,0.0,1.0
15199,1,0,TimeSeriesForest,0.63,0.37
1783,0,0,TimeSeriesForest,0.6,0.4
8457,0,0,TimeSeriesForest,0.67,0.33
15251,1,0,TimeSeriesForest,0.71,0.29
1468,0,0,TimeSeriesForest,0.78,0.22
17580,1,1,TimeSeriesForest,0.16,0.84
12497,1,1,TimeSeriesForest,0.0,1.0
14484,1,0,TimeSeriesForest,0.67,0.33
10457,1,1,TimeSeriesForest,0.01,0.99
12780,1,1,TimeSeriesForest,0.0,1.0
15620,1,0,TimeSeriesForest,0.6,0.4
11710,1,1,TimeSeriesForest,0.0,1.0
3437,0,0,TimeSeriesForest,0.71,0.29
15162,1,0,TimeSeriesForest,0.53,0.47
19409,1,1,TimeSeriesForest,0.0,1.0
13101,1,1,TimeSeriesForest,0.0,1.0
7622,0,0,TimeSeriesForest,1.0,0.0
13319,1,1,TimeSeriesForest,0.0,1.0
15450,1,1,TimeSeriesForest,0.26,0.74
14800,1,0,TimeSeriesForest,0.73,0.27
14525,1,0,TimeSeriesForest,0.66,0.34
4115,0,0,TimeSeriesForest,0.69,0.31
4737,0,0,TimeSeriesForest,0.6,0.4
7188,0,0,TimeSeriesForest,0.68,0.32
11071,1,1,TimeSeriesForest,0.0,1.0
19216,1,0,TimeSeriesForest,0.99,0.01
6338,0,0,TimeSeriesForest,0.56,0.44
3844,0,0,TimeSeriesForest,0.79,0.21
5654,0,0,TimeSeriesForest,0.94,0.06
4877,0,0,TimeSeriesForest,0.78,0.22
8065,0,0,TimeSeriesForest,1.0,0.0
5698,0,0,TimeSeriesForest,0.75,0.25
3634,0,0,TimeSeriesForest,0.83,0.17
1734,0,0,TimeSeriesForest,0.81,0.19
14126,1,0,TimeSeriesForest,0.8,0.2
7489,0,0,TimeSeriesForest,0.92,0.08
12757,1,1,TimeSeriesForest,0.0,1.0
3597,0,0,TimeSeriesForest,0.66,0.34
14575,1,0,TimeSeriesForest,0.82,0.18
17407,1,0,TimeSeriesForest,0.57,0.43
12779,1,1,TimeSeriesForest,0.0,1.0
8202,0,0,TimeSeriesForest,0.9,0.1
5050,0,0,TimeSeriesForest,0.58,0.42
4423,0,0,TimeSeriesForest,0.67,0.33
15667,1,1,TimeSeriesForest,0.42,0.58
3052,0,0,TimeSeriesForest,0.74,0.26
19005,1,1,TimeSeriesForest,0.17,0.83
15706,1,0,TimeSeriesForest,0.55,0.45
12798,1,1,TimeSeriesForest,0.09,0.91
5913,0,0,TimeSeriesForest,0.51,0.49
6045,0,0,TimeSeriesForest,0.82,0.18
9809,0,0,TimeSeriesForest,0.95,0.05
7881,0,0,TimeSeriesForest,0.99,0.01
9117,0,0,TimeSeriesForest,0.98,0.02
499,0,0,TimeSeriesForest,0.84,0.16
19190,1,1,TimeSeriesForest,0.18,0.82
14190,1,0,TimeSeriesForest,0.56,0.44
8482,0,0,TimeSeriesForest,0.91,0.09
481,0,0,TimeSeriesForest,0.75,0.25
5125,0,0,TimeSeriesForest,0.64,0.36
19150,1,1,TimeSeriesForest,0.07,0.93
13217,1,1,TimeSeriesForest,0.0,1.0
6635,0,0,TimeSeriesForest,0.83,0.17
8475,0,0,TimeSeriesForest,0.8,0.2
2176,0,0,TimeSeriesForest,0.78,0.22
12441,1,1,TimeSeriesForest,0.0,1.0
5121,0,0,TimeSeriesForest,0.85,0.15
11066,1,1,TimeSeriesForest,0.0,1.0
9554,0,0,TimeSeriesForest,1.0,0.0
10411,1,0,TimeSeriesForest,0.79,0.21
14200,1,0,TimeSeriesForest,0.57,0.43
15840,1,1,TimeSeriesForest,0.0,1.0
3477,0,0,TimeSeriesForest,0.71,0.29
18211,1,1,TimeSeriesForest,0.0,1.0
10871,1,1,TimeSeriesForest,0.0,1.0
5483,0,0,TimeSeriesForest,0.5,0.5
13939,1,1,TimeSeriesForest,0.0,1.0
9478,0,0,TimeSeriesForest,0.94,0.06
12620,1,1,TimeSeriesForest,0.0,1.0
3497,0,0,TimeSeriesForest,0.81,0.19
14722,1,0,TimeSeriesForest,0.55,0.45
19882,1,1,TimeSeriesForest,0.0,1.0
18036,1,1,TimeSeriesForest,0.0,1.0
6681,0,0,TimeSeriesForest,0.71,0.29
17203,1,0,TimeSeriesForest,0.66,0.34
2786,0,0,TimeSeriesForest,0.84,0.16
13530,1,1,TimeSeriesForest,0.01,0.99
9393,0,0,TimeSeriesForest,0.98,0.02
4570,0,0,TimeSeriesForest,0.79,0.21
14254,1,0,TimeSeriesForest,0.62,0.38
4500,0,0,TimeSeriesForest,0.88,0.12
19028,1,1,TimeSeriesForest,0.04,0.96
6677,0,0,TimeSeriesForest,0.74,0.26
14556,1,0,TimeSeriesForest,0.66,0.34
1052,0,1,TimeSeriesForest,0.14,0.86
6319,0,0,TimeSeriesForest,0.65,0.35
10037,1,1,TimeSeriesForest,0.0,1.0
10514,1,0,TimeSeriesForest,0.62,0.38
4034,0,0,TimeSeriesForest,0.6,0.4
9906,0,0,TimeSeriesForest,0.97,0.03
8102,0,0,TimeSeriesForest,0.61,0.39
8230,0,0,TimeSeriesForest,0.68,0.32
16964,1,0,TimeSeriesForest,0.87,0.13
11771,1,1,TimeSeriesForest,0.0,1.0
388,0,0,TimeSeriesForest,0.58,0.42
12555,1,1,TimeSeriesForest,0.0,1.0
16087,1,0,TimeSeriesForest,0.61,0.39
3512,0,0,TimeSeriesForest,0.54,0.46
4912,0,0,TimeSeriesForest,0.85,0.15
1984,0,0,TimeSeriesForest,0.71,0.29
9110,0,0,TimeSeriesForest,0.98,0.02
13021,1,1,TimeSeriesForest,0.0,1.0
660,0,0,TimeSeriesForest,0.77,0.23
6965,0,0,TimeSeriesForest,0.8,0.2
18298,1,1,TimeSeriesForest,0.03,0.97
18186,1,1,TimeSeriesForest,0.0,1.0
11039,1,1,TimeSeriesForest,0.0,1.0
15809,1,0,TimeSeriesForest,0.51,0.49
14707,1,0,TimeSeriesForest,0.52,0.48
5257,0,0,TimeSeriesForest,0.7,0.3
2443,0,0,TimeSeriesForest,0.66,0.34
9023,0,0,TimeSeriesForest,0.91,0.09
14379,1,0,TimeSeriesForest,0.64,0.36
19685,1,1,TimeSeriesForest,0.0,1.0
6602,0,0,TimeSeriesForest,0.67,0.33
3491,0,0,TimeSeriesForest,0.89,0.11
377,0,0,TimeSeriesForest,0.68,0.32
5575,0,1,TimeSeriesForest,0.16,0.84
10943,1,1,TimeSeriesForest,0.0,1.0
3655,0,0,TimeSeriesForest,0.84,0.16
6435,0,1,TimeSeriesForest,0.04,0.96
13522,1,1,TimeSeriesForest,0.07,0.93
14917,1,0,TimeSeriesForest,0.68,0.32
2064,0,0,TimeSeriesForest,0.73,0.27
10018,1,1,TimeSeriesForest,0.0,1.0
4414,0,0,TimeSeriesForest,0.78,0.22
13567,1,1,TimeSeriesForest,0.0,1.0
2787,0,0,TimeSeriesForest,0.61,0.39
15772,1,1,TimeSeriesForest,0.49,0.51
13741,1,1,TimeSeriesForest,0.01,0.99
3846,0,0,TimeSeriesForest,0.81,0.19
18717,1,1,TimeSeriesForest,0.33,0.67
8368,0,0,TimeSeriesForest,0.93,0.07
19844,1,1,TimeSeriesForest,0.0,1.0
15505,1,1,TimeSeriesForest,0.0,1.0
8977,0,0,TimeSeriesForest,0.88,0.12
12524,1,1,TimeSeriesForest,0.0,1.0
17293,1,1,TimeSeriesForest,0.24,0.76
17901,1,1,TimeSeriesForest,0.19,0.81
8439,0,0,TimeSeriesForest,0.94,0.06
10125,1,1,TimeSeriesForest,0.0,1.0
4187,0,0,TimeSeriesForest,0.77,0.23
17567,1,1,TimeSeriesForest,0.01,0.99
17516,1,1,TimeSeriesForest,0.02,0.98
8969,0,0,TimeSeriesForest,0.72,0.28
4977,0,0,TimeSeriesForest,0.81,0.19
9883,0,0,TimeSeriesForest,0.99,0.01
15323,1,0,TimeSeriesForest,0.8,0.2
3599,0,0,TimeSeriesForest,0.82,0.18
9403,0,0,TimeSeriesForest,0.67,0.33
14617,1,0,TimeSeriesForest,0.69,0.31
5208,0,0,TimeSeriesForest,0.69,0.31
17274,1,1,TimeSeriesForest,0.21,0.79
2476,0,0,TimeSeriesForest,0.81,0.19
9379,0,0,TimeSeriesForest,0.94,0.06
970,0,0,TimeSeriesForest,0.88,0.12
5818,0,0,TimeSeriesForest,0.85,0.15
18569,1,1,TimeSeriesForest,0.22,0.78
1933,0,0,TimeSeriesForest,0.56,0.44
8982,0,0,TimeSeriesForest,0.99,0.01
18073,1,1,TimeSeriesForest,0.09,0.91
16255,1,0,TimeSeriesForest,0.68,0.32
4362,0,0,TimeSeriesForest,0.74,0.26
6860,0,0,TimeSeriesForest,0.65,0.35
14080,1,0,TimeSeriesForest,0.66,0.34
8840,0,0,TimeSeriesForest,0.94,0.06
19895,1,1,TimeSeriesForest,0.0,1.0
13529,1,1,TimeSeriesForest,0.0,1.0
17879,1,1,TimeSeriesForest,0.47,0.53
19738,1,1,TimeSeriesForest,0.0,1.0
16635,1,0,TimeSeriesForest,0.8,0.2
197,0,0,TimeSeriesForest,0.91,0.09
3467,0,0,TimeSeriesForest,0.76,0.24
13448,1,1,TimeSeriesForest,0.0,1.0
11305,1,1,TimeSeriesForest,0.0,1.0
1090,0,0,TimeSeriesForest,0.51,0.49
17083,1,0,TimeSeriesForest,0.78,0.22
5340,0,0,TimeSeriesForest,0.7,0.3
161,0,0,TimeSeriesForest,0.72,0.28
17195,1,0,TimeSeriesForest,0.64,0.36
2704,0,0,TimeSeriesForest,0.75,0.25
4847,0,0,TimeSeriesForest,0.73,0.27
12453,1,1,TimeSeriesForest,0.0,1.0
15697,1,0,TimeSeriesForest,0.52,0.48
5238,0,0,TimeSeriesForest,0.5,0.5
244,0,0,TimeSeriesForest,0.64,0.36
8120,0,0,TimeSeriesForest,0.97,0.03
16407,1,0,TimeSeriesForest,0.56,0.44
19860,1,1,TimeSeriesForest,0.0,1.0
13049,1,1,TimeSeriesForest,0.0,1.0
451,0,0,TimeSeriesForest,0.7,0.3
6985,0,1,TimeSeriesForest,0.34,0.66
15663,1,1,TimeSeriesForest,0.0,1.0
2350,0,0,TimeSeriesForest,0.73,0.27
1304,0,0,TimeSeriesForest,0.82,0.18
8955,0,0,TimeSeriesForest,0.92,0.08
17061,1,0,TimeSeriesForest,0.84,0.16
13100,1,1,TimeSeriesForest,0.01,0.99
8900,0,0,TimeSeriesForest,0.96,0.04
19739,1,1,TimeSeriesForest,0.0,1.0
850,0,0,TimeSeriesForest,0.85,0.15
14816,1,0,TimeSeriesForest,0.5,0.5
10934,1,1,TimeSeriesForest,0.0,1.0
4147,0,0,TimeSeriesForest,0.77,0.23
14688,1,0,TimeSeriesForest,0.78,0.22
483,0,0,TimeSeriesForest,0.83,0.17
3697,0,0,TimeSeriesForest,0.71,0.29
19185,1,1,TimeSeriesForest,0.15,0.85
8793,0,0,TimeSeriesForest,0.69,0.31
3375,0,0,TimeSeriesForest,0.73,0.27
8814,0,0,TimeSeriesForest,0.97,0.03
13526,1,1,TimeSeriesForest,0.0,1.0
3374,0,0,TimeSeriesForest,0.82,0.18
10498,1,1,TimeSeriesForest,0.04,0.96
4567,0,0,TimeSeriesForest,0.74,0.26
2737,0,0,TimeSeriesForest,0.78,0.22
987,0,0,TimeSeriesForest,0.63,0.37
10215,1,1,TimeSeriesForest,0.0,1.0
13899,1,1,TimeSeriesForest,0.0,1.0
1574,0,1,TimeSeriesForest,0.28,0.72
2990,0,0,TimeSeriesForest,0.64,0.36
742,0,0,TimeSeriesForest,0.66,0.34
6057,0,1,TimeSeriesForest,0.06,0.94
18682,1,1,TimeSeriesForest,0.34,0.66
15513,1,1,TimeSeriesForest,0.0,1.0
13859,1,1,TimeSeriesForest,0.0,1.0
9042,0,0,TimeSeriesForest,0.99,0.01
12688,1,1,TimeSeriesForest,0.0,1.0
10415,1,0,TimeSeriesForest,0.72,0.28
3710,0,0,TimeSeriesForest,0.83,0.17
3226,0,0,TimeSeriesForest,0.89,0.11
9025,0,0,TimeSeriesForest,0.69,0.31
18269,1,1,TimeSeriesForest,0.0,1.0
675,0,0,TimeSeriesForest,0.74,0.26
13819,1,1,TimeSeriesForest,0.0,1.0
12507,1,1,TimeSeriesForest,0.0,1.0
19735,1,1,TimeSeriesForest,0.0,1.0
5401,0,0,TimeSeriesForest,0.62,0.38
11319,1,1,TimeSeriesForest,0.0,1.0
5945,0,0,TimeSeriesForest,0.84,0.16
19751,1,1,TimeSeriesForest,0.0,1.0
16891,1,1,TimeSeriesForest,0.45,0.55
9855,0,0,TimeSeriesForest,0.76,0.24
2530,0,0,TimeSeriesForest,0.77,0.23
9782,0,0,TimeSeriesForest,0.75,0.25
16849,1,0,TimeSeriesForest,0.67,0.33
10046,1,1,TimeSeriesForest,0.0,1.0
14698,1,0,TimeSeriesForest,0.72,0.28
7057,0,0,TimeSeriesForest,0.76,0.24
17595,1,1,TimeSeriesForest,0.4,0.6
10105,1,1,TimeSeriesForest,0.0,1.0
16870,1,0,TimeSeriesForest,0.64,0.36
1251,0,0,TimeSeriesForest,0.53,0.47
17078,1,0,TimeSeriesForest,0.79,0.21
6285,0,0,TimeSeriesForest,0.79,0.21
13515,1,1,TimeSeriesForest,0.16,0.84
9617,0,0,TimeSeriesForest,0.73,0.27
16219,1,0,TimeSeriesForest,0.9,0.1
2503,0,0,TimeSeriesForest,0.68,0.32
8411,0,0,TimeSeriesForest,0.97,0.03
13020,1,1,TimeSeriesForest,0.0,1.0
13109,1,1,TimeSeriesForest,0.0,1.0
592,0,0,TimeSeriesForest,0.6,0.4
14596,1,0,TimeSeriesForest,0.71,0.29
817,0,0,TimeSeriesForest,0.71,0.29
11644,1,1,TimeSeriesForest,0.0,1.0
13501,1,1,TimeSeriesForest,0.01,0.99
12171,1,1,TimeSeriesForest,0.0,1.0
17809,1,1,TimeSeriesForest,0.09,0.91
12683,1,1,TimeSeriesForest,0.0,1.0
3715,0,0,TimeSeriesForest,0.73,0.27
17291,1,1,TimeSeriesForest,0.0,1.0
8395,0,0,TimeSeriesForest,0.97,0.03
7571,0,0,TimeSeriesForest,0.85,0.15
80,0,0,TimeSeriesForest,0.73,0.27
16627,1,0,TimeSeriesForest,0.73,0.27
2783,0,0,TimeSeriesForest,0.85,0.15
15185,1,0,TimeSeriesForest,0.73,0.27
15305,1,0,TimeSeriesForest,0.75,0.25
3346,0,0,TimeSeriesForest,0.72,0.28
3531,0,0,TimeSeriesForest,0.66,0.34
4854,0,0,TimeSeriesForest,0.75,0.25
6879,0,0,TimeSeriesForest,0.6,0.4
6980,0,0,TimeSeriesForest,0.74,0.26
8243,0,0,TimeSeriesForest,0.52,0.48
10258,1,1,TimeSeriesForest,0.01,0.99
8988,0,0,TimeSeriesForest,0.92,0.08
2720,0,0,TimeSeriesForest,0.69,0.31
18880,1,1,TimeSeriesForest,0.1,0.9
17288,1,1,TimeSeriesForest,0.26,0.74
13595,1,1,TimeSeriesForest,0.0,1.0
1939,0,0,TimeSeriesForest,0.57,0.43
4947,0,0,TimeSeriesForest,0.65,0.35
19905,1,1,TimeSeriesForest,0.0,1.0
5855,0,0,TimeSeriesForest,0.8,0.2
2249,0,0,TimeSeriesForest,0.61,0.39
16224,1,0,TimeSeriesForest,0.71,0.29
7396,0,0,TimeSeriesForest,0.78,0.22
18121,1,1,TimeSeriesForest,0.03,0.97
12216,1,1,TimeSeriesForest,0.0,1.0
10523,1,0,TimeSeriesForest,0.72,0.28
1625,0,0,TimeSeriesForest,0.83,0.17
14567,1,0,TimeSeriesForest,0.68,0.32
12909,1,1,TimeSeriesForest,0.0,1.0
17660,1,1,TimeSeriesForest,0.02,0.98
7514,0,0,TimeSeriesForest,0.93,0.07
7322,0,0,TimeSeriesForest,0.71,0.29
7670,0,0,TimeSeriesForest,0.66,0.34
12436,1,1,TimeSeriesForest,0.0,1.0
18388,1,1,TimeSeriesForest,0.04,0.96
17041,1,0,TimeSeriesForest,0.9,0.1
5570,0,0,TimeSeriesForest,0.59,0.41
9275,0,0,TimeSeriesForest,0.82,0.18
560,0,0,TimeSeriesForest,0.69,0.31
9947,0,0,TimeSeriesForest,0.71,0.29
3628,0,0,TimeSeriesForest,0.65,0.35
9866,0,0,TimeSeriesForest,0.93,0.07
13605,1,1,TimeSeriesForest,0.0,1.0
6555,0,0,TimeSeriesForest,0.77,0.23
848,0,0,TimeSeriesForest,0.83,0.17
1502,0,0,TimeSeriesForest,0.73,0.27
4260,0,0,TimeSeriesForest,0.77,0.23
10074,1,1,TimeSeriesForest,0.0,1.0
5801,0,0,TimeSeriesForest,0.76,0.24
17633,1,1,TimeSeriesForest,0.06,0.94
17508,1,1,TimeSeriesForest,0.09,0.91
10695,1,0,TimeSeriesForest,0.62,0.38
15211,1,0,TimeSeriesForest,0.64,0.36
986,0,0,TimeSeriesForest,0.64,0.36
3580,0,0,TimeSeriesForest,0.72,0.28
6870,0,1,TimeSeriesForest,0.48,0.52
14420,1,0,TimeSeriesForest,0.64,0.36
11045,1,1,TimeSeriesForest,0.0,1.0
9916,0,0,TimeSeriesForest,0.84,0.16
19188,1,1,TimeSeriesForest,0.03,0.97
86,0,0,TimeSeriesForest,0.7,0.3
4436,0,0,TimeSeriesForest,0.8,0.2
15610,1,1,TimeSeriesForest,0.42,0.58
1375,0,0,TimeSeriesForest,0.75,0.25
10490,1,1,TimeSeriesForest,0.02,0.98
2342,0,1,TimeSeriesForest,0.31,0.69
14740,1,0,TimeSeriesForest,0.63,0.37
11197,1,1,TimeSeriesForest,0.0,1.0
3757,0,0,TimeSeriesForest,0.67,0.33
2409,0,0,TimeSeriesForest,0.74,0.26
9743,0,0,TimeSeriesForest,0.98,0.02
2356,0,0,TimeSeriesForest,0.72,0.28
15221,1,0,TimeSeriesForest,0.71,0.29
9652,0,0,TimeSeriesForest,0.98,0.02
2508,0,0,TimeSeriesForest,0.82,0.18
8415,0,0,TimeSeriesForest,0.87,0.13
18399,1,1,TimeSeriesForest,0.0,1.0
15907,1,1,TimeSeriesForest,0.34,0.66
17676,1,1,TimeSeriesForest,0.36,0.64
10805,1,1,TimeSeriesForest,0.0,1.0
2574,0,0,TimeSeriesForest,0.74,0.26
5954,0,0,TimeSeriesForest,0.77,0.23
19421,1,1,TimeSeriesForest,0.0,1.0
10252,1,1,TimeSeriesForest,0.0,1.0
16408,1,0,TimeSeriesForest,0.7,0.3
7363,0,1,TimeSeriesForest,0.27,0.73
7561,0,0,TimeSeriesForest,0.98,0.02
607,0,0,TimeSeriesForest,0.76,0.24
14022,1,0,TimeSeriesForest,0.69,0.31
730,0,1,TimeSeriesForest,0.33,0.67
2807,0,0,TimeSeriesForest,0.76,0.24
12122,1,1,TimeSeriesForest,0.06,0.94
1774,0,0,TimeSeriesForest,0.78,0.22
4269,0,0,TimeSeriesForest,0.68,0.32
13994,1,0,TimeSeriesForest,0.72,0.28
3057,0,0,TimeSeriesForest,0.75,0.25
2352,0,1,TimeSeriesForest,0.36,0.64
7527,0,0,TimeSeriesForest,0.94,0.06
9684,0,0,TimeSeriesForest,0.91,0.09
9917,0,0,TimeSeriesForest,0.75,0.25
14004,1,0,TimeSeriesForest,0.7,0.3
19172,1,1,TimeSeriesForest,0.07,0.93
3041,0,0,TimeSeriesForest,0.74,0.26
16951,1,0,TimeSeriesForest,0.79,0.21
8232,0,0,TimeSeriesForest,0.98,0.02
16651,1,0,TimeSeriesForest,0.72,0.28
9624,0,0,TimeSeriesForest,0.86,0.14
6673,0,0,TimeSeriesForest,0.87,0.13
17101,1,0,TimeSeriesForest,0.8,0.2
1169,0,0,TimeSeriesForest,0.9,0.1
2769,0,0,TimeSeriesForest,0.69,0.31
8791,0,0,TimeSeriesForest,0.93,0.07
1477,0,0,TimeSeriesForest,0.74,0.26
17914,1,1,TimeSeriesForest,0.36,0.64
13646,1,1,TimeSeriesForest,0.0,1.0
7425,0,0,TimeSeriesForest,0.82,0.18
9751,0,0,TimeSeriesForest,0.88,0.12
551,0,0,TimeSeriesForest,0.69,0.31
9044,0,0,TimeSeriesForest,0.61,0.39
4298,0,0,TimeSeriesForest,0.69,0.31
4761,0,0,TimeSeriesForest,0.78,0.22
18730,1,1,TimeSeriesForest,0.08,0.92
14586,1,0,TimeSeriesForest,0.69,0.31
358,0,0,TimeSeriesForest,0.59,0.41
5333,0,0,TimeSeriesForest,0.92,0.08
16412,1,0,TimeSeriesForest,0.71,0.29
1885,0,0,TimeSeriesForest,0.79,0.21
3100,0,0,TimeSeriesForest,0.84,0.16
13640,1,1,TimeSeriesForest,0.0,1.0
14034,1,0,TimeSeriesForest,0.75,0.25
1923,0,0,TimeSeriesForest,0.7,0.3
16705,1,0,TimeSeriesForest,0.8,0.2
5951,0,0,TimeSeriesForest,0.74,0.26
8576,0,0,TimeSeriesForest,0.96,0.04
15626,1,0,TimeSeriesForest,0.58,0.42
12232,1,1,TimeSeriesForest,0.0,1.0
11573,1,1,TimeSeriesForest,0.0,1.0
18701,1,1,TimeSeriesForest,0.05,0.95
14326,1,1,TimeSeriesForest,0.42,0.58
9408,0,0,TimeSeriesForest,0.99,0.01
3392,0,0,TimeSeriesForest,0.78,0.22
17081,1,0,TimeSeriesForest,0.75,0.25
9311,0,0,TimeSeriesForest,0.93,0.07
6016,0,0,TimeSeriesForest,0.83,0.17
18755,1,1,TimeSeriesForest,0.3,0.7
11038,1,1,TimeSeriesForest,0.0,1.0
11150,1,1,TimeSeriesForest,0.0,1.0
1656,0,0,TimeSeriesForest,0.82,0.18
5630,0,0,TimeSeriesForest,0.92,0.08
11846,1,1,TimeSeriesForest,0.0,1.0
4108,0,0,TimeSeriesForest,0.6,0.4
15556,1,1,TimeSeriesForest,0.01,0.99
3006,0,0,TimeSeriesForest,0.84,0.16
11667,1,1,TimeSeriesForest,0.0,1.0
14347,1,1,TimeSeriesForest,0.49,0.51
15022,1,0,TimeSeriesForest,0.57,0.43
7360,0,0,TimeSeriesForest,0.69,0.31
193,0,0,TimeSeriesForest,0.8,0.2
19251,1,1,TimeSeriesForest,0.25,0.75
17199,1,0,TimeSeriesForest,0.85,0.15
8666,0,0,TimeSeriesForest,0.95,0.05
10692,1,1,TimeSeriesForest,0.39,0.61
3395,0,0,TimeSeriesForest,0.71,0.29
18028,1,1,TimeSeriesForest,0.04,0.96
17239,1,0,TimeSeriesForest,0.61,0.39
8874,0,0,TimeSeriesForest,0.97,0.03
3582,0,0,TimeSeriesForest,0.64,0.36
14890,1,0,TimeSeriesForest,0.68,0.32
15176,1,0,TimeSeriesForest,0.78,0.22
16909,1,0,TimeSeriesForest,0.7,0.3
12470,1,1,TimeSeriesForest,0.0,1.0
3357,0,0,TimeSeriesForest,0.73,0.27
1592,0,0,TimeSeriesForest,0.68,0.32
11174,1,1,TimeSeriesForest,0.0,1.0
13571,1,1,TimeSeriesForest,0.03,0.97
2299,0,0,TimeSeriesForest,0.68,0.32
11167,1,1,TimeSeriesForest,0.01,0.99
17401,1,1,TimeSeriesForest,0.18,0.82
2065,0,0,TimeSeriesForest,0.78,0.22
6243,0,0,TimeSeriesForest,0.68,0.32
1954,0,0,TimeSeriesForest,0.7,0.3
10787,1,1,TimeSeriesForest,0.0,1.0
1377,0,0,TimeSeriesForest,0.78,0.22
7027,0,0,TimeSeriesForest,0.72,0.28
16907,1,0,TimeSeriesForest,0.82,0.18
10145,1,1,TimeSeriesForest,0.0,1.0
10540,1,1,TimeSeriesForest,0.39,0.61
1311,0,0,TimeSeriesForest,0.74,0.26
310,0,0,TimeSeriesForest,0.86,0.14
17215,1,0,TimeSeriesForest,0.71,0.29
3074,0,0,TimeSeriesForest,0.63,0.37
11939,1,1,TimeSeriesForest,0.0,1.0
4433,0,0,TimeSeriesForest,0.93,0.07
11032,1,1,TimeSeriesForest,0.0,1.0
8286,0,0,TimeSeriesForest,0.92,0.08
19564,1,1,TimeSeriesForest,0.0,1.0
9422,0,0,TimeSeriesForest,0.99,0.01
12906,1,1,TimeSeriesForest,0.13,0.87
10061,1,1,TimeSeriesForest,0.0,1.0
12910,1,1,TimeSeriesForest,0.0,1.0
16269,1,0,TimeSeriesForest,0.79,0.21
17416,1,1,TimeSeriesForest,0.01,0.99
10492,1,0,TimeSeriesForest,0.66,0.34
15479,1,0,TimeSeriesForest,0.67,0.33
17325,1,1,TimeSeriesForest,0.01,0.99
14518,1,0,TimeSeriesForest,0.69,0.31
2726,0,0,TimeSeriesForest,0.72,0.28
15029,1,0,TimeSeriesForest,0.55,0.45
908,0,0,TimeSeriesForest,0.61,0.39
5531,0,0,TimeSeriesForest,0.77,0.23
5280,0,0,TimeSeriesForest,0.88,0.12
9929,0,0,TimeSeriesForest,0.97,0.03
9841,0,0,TimeSeriesForest,0.95,0.05
11824,1,1,TimeSeriesForest,0.0,1.0
11336,1,1,TimeSeriesForest,0.0,1.0
19712,1,1,TimeSeriesForest,0.0,1.0
3240,0,0,TimeSeriesForest,0.96,0.04
13066,1,1,TimeSeriesForest,0.06,0.94
203,0,0,TimeSeriesForest,0.6,0.4
286,0,0,TimeSeriesForest,0.71,0.29
1455,0,0,TimeSeriesForest,0.7,0.3
8257,0,0,TimeSeriesForest,0.68,0.32
7250,0,0,TimeSeriesForest,0.73,0.27
3447,0,0,TimeSeriesForest,0.7,0.3
17992,1,1,TimeSeriesForest,0.01,0.99
14824,1,0,TimeSeriesForest,0.77,0.23
9730,0,0,TimeSeriesForest,0.81,0.19
15153,1,0,TimeSeriesForest,0.56,0.44
2605,0,0,TimeSeriesForest,0.75,0.25
9848,0,0,TimeSeriesForest,0.87,0.13
17566,1,1,TimeSeriesForest,0.07,0.93
3431,0,0,TimeSeriesForest,0.7,0.3
10781,1,1,TimeSeriesForest,0.0,1.0
10803,1,1,TimeSeriesForest,0.0,1.0
18922,1,1,TimeSeriesForest,0.04,0.96
17053,1,0,TimeSeriesForest,0.76,0.24
12097,1,1,TimeSeriesForest,0.01,0.99
13080,1,1,TimeSeriesForest,0.0,1.0
17234,1,0,TimeSeriesForest,0.73,0.27
8017,0,0,TimeSeriesForest,0.96,0.04
5886,0,1,TimeSeriesForest,0.45,0.55
11295,1,1,TimeSeriesForest,0.0,1.0
7066,0,0,TimeSeriesForest,0.81,0.19
12830,1,1,TimeSeriesForest,0.0,1.0
8811,0,0,TimeSeriesForest,0.98,0.02
9599,0,0,TimeSeriesForest,0.97,0.03
2250,0,0,TimeSeriesForest,0.59,0.41
8573,0,0,TimeSeriesForest,0.95,0.05
8059,0,0,TimeSeriesForest,0.96,0.04
6659,0,0,TimeSeriesForest,0.91,0.09
17090,1,0,TimeSeriesForest,0.71,0.29
7583,0,0,TimeSeriesForest,0.94,0.06
19200,1,1,TimeSeriesForest,0.05,0.95
9500,0,0,TimeSeriesForest,0.98,0.02
740,0,1,TimeSeriesForest,0.32,0.68
1227,0,0,TimeSeriesForest,0.57,0.43
15536,1,1,TimeSeriesForest,0.0,1.0
19918,1,1,TimeSeriesForest,0.0,1.0
514,0,0,TimeSeriesForest,0.73,0.27
3999,0,0,TimeSeriesForest,0.69,0.31
7134,0,0,TimeSeriesForest,0.69,0.31
8376,0,0,TimeSeriesForest,0.92,0.08
6580,0,0,TimeSeriesForest,0.87,0.13
17211,1,0,TimeSeriesForest,0.72,0.28
14268,1,0,TimeSeriesForest,0.56,0.44
2129,0,0,TimeSeriesForest,0.65,0.35
14274,1,0,TimeSeriesForest,0.59,0.41
2870,0,0,TimeSeriesForest,0.73,0.27
1119,0,0,TimeSeriesForest,0.63,0.37
1868,0,0,TimeSeriesForest,0.64,0.36
2559,0,0,TimeSeriesForest,0.73,0.27
2636,0,0,TimeSeriesForest,0.71,0.29
6227,0,0,TimeSeriesForest,0.59,0.41
13313,1,1,TimeSeriesForest,0.0,1.0
14280,1,0,TimeSeriesForest,0.78,0.22
1841,0,0,TimeSeriesForest,0.77,0.23
36,0,0,TimeSeriesForest,0.67,0.33
8614,0,0,TimeSeriesForest,0.97,0.03
13410,1,1,TimeSeriesForest,0.0,1.0
2167,0,0,TimeSeriesForest,0.7,0.3
340,0,0,TimeSeriesForest,0.76,0.24
6628,0,0,TimeSeriesForest,0.61,0.39
7022,0,0,TimeSeriesForest,0.76,0.24
14059,1,0,TimeSeriesForest,0.61,0.39
153,0,0,TimeSeriesForest,0.74,0.26
466,0,0,TimeSeriesForest,0.65,0.35
1476,0,0,TimeSeriesForest,0.76,0.24
6720,0,0,TimeSeriesForest,0.68,0.32
14502,1,0,TimeSeriesForest,0.69,0.31
7422,0,0,TimeSeriesForest,0.88,0.12
6193,0,0,TimeSeriesForest,0.7,0.3
13590,1,1,TimeSeriesForest,0.0,1.0
7042,0,0,TimeSeriesForest,0.76,0.24
2773,0,0,TimeSeriesForest,0.83,0.17
2791,0,0,TimeSeriesForest,0.65,0.35
14012,1,0,TimeSeriesForest,0.66,0.34
11044,1,1,TimeSeriesForest,0.0,1.0
6461,0,0,TimeSeriesForest,0.77,0.23
10814,1,1,TimeSeriesForest,0.0,1.0
10575,1,0,TimeSeriesForest,0.65,0.35
15117,1,0,TimeSeriesForest,0.82,0.18
5547,0,1,TimeSeriesForest,0.16,0.84
4778,0,0,TimeSeriesForest,0.81,0.19
3736,0,0,TimeSeriesForest,0.76,0.24
8588,0,0,TimeSeriesForest,0.65,0.35
4486,0,0,TimeSeriesForest,0.79,0.21
19585,1,1,TimeSeriesForest,0.0,1.0
7059,0,0,TimeSeriesForest,0.75,0.25
15207,1,0,TimeSeriesForest,0.77,0.23
2721,0,0,TimeSeriesForest,0.84,0.16
13494,1,1,TimeSeriesForest,0.0,1.0
8287,0,0,TimeSeriesForest,0.97,0.03
17092,1,0,TimeSeriesForest,0.6,0.4
5524,0,1,TimeSeriesForest,0.41,0.59
6640,0,0,TimeSeriesForest,0.81,0.19
353,0,0,TimeSeriesForest,0.86,0.14
11634,1,1,TimeSeriesForest,0.0,1.0
11482,1,1,TimeSeriesForest,0.0,1.0
2675,0,0,TimeSeriesForest,0.69,0.31
17742,1,1,TimeSeriesForest,0.07,0.93
6928,0,0,TimeSeriesForest,0.76,0.24
16804,1,0,TimeSeriesForest,0.62,0.38
10315,1,1,TimeSeriesForest,0.0,1.0
18931,1,1,TimeSeriesForest,0.0,1.0
5858,0,0,TimeSeriesForest,0.78,0.22
9262,0,0,TimeSeriesForest,0.75,0.25
1621,0,0,TimeSeriesForest,0.66,0.34
15744,1,1,TimeSeriesForest,0.16,0.84
13260,1,1,TimeSeriesForest,0.0,1.0
17001,1,0,TimeSeriesForest,0.63,0.37
19014,1,1,TimeSeriesForest,0.02,0.98
8733,0,0,TimeSeriesForest,0.96,0.04
4301,0,0,TimeSeriesForest,0.74,0.26
14604,1,0,TimeSeriesForest,0.63,0.37
11977,1,1,TimeSeriesForest,0.0,1.0
1839,0,0,TimeSeriesForest,0.8,0.2
18511,1,1,TimeSeriesForest,0.0,1.0
18202,1,1,TimeSeriesForest,0.06,0.94
3975,0,0,TimeSeriesForest,0.66,0.34
10038,1,1,TimeSeriesForest,0.0,1.0
1314,0,0,TimeSeriesForest,0.74,0.26
7111,0,0,TimeSeriesForest,0.72,0.28
19533,1,1,TimeSeriesForest,0.0,1.0
15247,1,0,TimeSeriesForest,0.57,0.43
17510,1,1,TimeSeriesForest,0.04,0.96
9038,0,0,TimeSeriesForest,0.96,0.04
13750,1,1,TimeSeriesForest,0.0,1.0
9136,0,0,TimeSeriesForest,0.84,0.16
8776,0,0,TimeSeriesForest,0.86,0.14
9849,0,0,TimeSeriesForest,0.98,0.02
12486,1,1,TimeSeriesForest,0.0,1.0
15095,1,0,TimeSeriesForest,0.7,0.3
12098,1,1,TimeSeriesForest,0.0,1.0
1556,0,1,TimeSeriesForest,0.27,0.73
8785,0,0,TimeSeriesForest,0.94,0.06
9577,0,0,TimeSeriesForest,0.89,0.11
6326,0,1,TimeSeriesForest,0.48,0.52
5961,0,0,TimeSeriesForest,0.88,0.12
11924,1,1,TimeSeriesForest,0.0,1.0
19147,1,0,TimeSeriesForest,0.91,0.09
13095,1,1,TimeSeriesForest,0.0,1.0
11746,1,1,TimeSeriesForest,0.0,1.0
13766,1,1,TimeSeriesForest,0.0,1.0
11679,1,1,TimeSeriesForest,0.0,1.0
14653,1,0,TimeSeriesForest,0.63,0.37
7438,0,0,TimeSeriesForest,0.74,0.26
10278,1,1,TimeSeriesForest,0.0,1.0
10005,1,1,TimeSeriesForest,0.0,1.0
8648,0,0,TimeSeriesForest,0.97,0.03
4805,0,0,TimeSeriesForest,0.82,0.18
3295,0,0,TimeSeriesForest,0.86,0.14
368,0,0,TimeSeriesForest,0.54,0.46
316,0,0,TimeSeriesForest,0.76,0.24
13320,1,1,TimeSeriesForest,0.0,1.0
231,0,0,TimeSeriesForest,0.51,0.49
16430,1,0,TimeSeriesForest,0.9,0.1
11453,1,1,TimeSeriesForest,0.0,1.0
315,0,0,TimeSeriesForest,0.82,0.18
12472,1,1,TimeSeriesForest,0.0,1.0
10178,1,1,TimeSeriesForest,0.0,1.0
17397,1,1,TimeSeriesForest,0.24,0.76
6035,0,0,TimeSeriesForest,0.76,0.24
7351,0,0,TimeSeriesForest,0.71,0.29
1225,0,0,TimeSeriesForest,0.67,0.33
10972,1,1,TimeSeriesForest,0.0,1.0
9615,0,0,TimeSeriesForest,0.81,0.19
12164,1,1,TimeSeriesForest,0.0,1.0
6360,0,0,TimeSeriesForest,0.67,0.33
6811,0,1,TimeSeriesForest,0.45,0.55
19000,1,1,TimeSeriesForest,0.24,0.76
17834,1,1,TimeSeriesForest,0.02,0.98
5551,0,0,TimeSeriesForest,0.72,0.28
5712,0,1,TimeSeriesForest,0.32,0.68
5264,0,0,TimeSeriesForest,0.67,0.33
18433,1,1,TimeSeriesForest,0.17,0.83
6247,0,0,TimeSeriesForest,0.72,0.28
8755,0,0,TimeSeriesForest,0.96,0.04
11728,1,1,TimeSeriesForest,0.0,1.0
14881,1,0,TimeSeriesForest,0.65,0.35
4612,0,0,TimeSeriesForest,0.68,0.32
16617,1,0,TimeSeriesForest,0.69,0.31
10201,1,1,TimeSeriesForest,0.0,1.0
1804,0,0,TimeSeriesForest,0.62,0.38
12950,1,1,TimeSeriesForest,0.0,1.0
15742,1,1,TimeSeriesForest,0.39,0.61
15508,1,0,TimeSeriesForest,0.55,0.45
5534,0,0,TimeSeriesForest,0.7,0.3
7927,0,0,TimeSeriesForest,0.75,0.25
18179,1,1,TimeSeriesForest,0.43,0.57
5822,0,0,TimeSeriesForest,0.81,0.19
10055,1,1,TimeSeriesForest,0.0,1.0
9778,0,0,TimeSeriesForest,0.7,0.3
2666,0,0,TimeSeriesForest,0.75,0.25
786,0,0,TimeSeriesForest,0.68,0.32
18935,1,1,TimeSeriesForest,0.01,0.99
5055,0,0,TimeSeriesForest,0.75,0.25
16887,1,0,TimeSeriesForest,0.75,0.25
15066,1,0,TimeSeriesForest,0.75,0.25
5779,0,0,TimeSeriesForest,0.67,0.33
14476,1,0,TimeSeriesForest,0.7,0.3
13467,1,1,TimeSeriesForest,0.0,1.0
12965,1,1,TimeSeriesForest,0.0,1.0
1008,0,0,TimeSeriesForest,0.71,0.29
13627,1,1,TimeSeriesForest,0.0,1.0
15360,1,0,TimeSeriesForest,0.76,0.24
8041,0,0,TimeSeriesForest,0.81,0.19
17371,1,1,TimeSeriesForest,0.02,0.98
1492,0,0,TimeSeriesForest,0.68,0.32
13774,1,1,TimeSeriesForest,0.0,1.0
4494,0,0,TimeSeriesForest,0.74,0.26
11800,1,1,TimeSeriesForest,0.0,1.0
4264,0,0,TimeSeriesForest,0.73,0.27
5461,0,0,TimeSeriesForest,0.57,0.43
11433,1,1,TimeSeriesForest,0.0,1.0
10434,1,0,TimeSeriesForest,0.63,0.37
4071,0,0,TimeSeriesForest,0.79,0.21
3742,0,0,TimeSeriesForest,0.85,0.15
9719,0,0,TimeSeriesForest,0.95,0.05
1512,0,0,TimeSeriesForest,0.79,0.21
1768,0,0,TimeSeriesForest,0.72,0.28
12809,1,1,TimeSeriesForest,0.0,1.0
11948,1,1,TimeSeriesForest,0.0,1.0
14558,1,0,TimeSeriesForest,0.61,0.39
2714,0,0,TimeSeriesForest,0.81,0.19
19174,1,1,TimeSeriesForest,0.08,0.92
5289,0,0,TimeSeriesForest,0.84,0.16
3877,0,0,TimeSeriesForest,0.73,0.27
3749,0,0,TimeSeriesForest,0.72,0.28
6955,0,0,TimeSeriesForest,0.9,0.1
2815,0,0,TimeSeriesForest,0.87,0.13
2480,0,0,TimeSeriesForest,0.63,0.37
10626,1,0,TimeSeriesForest,0.65,0.35
10642,1,0,TimeSeriesForest,0.69,0.31
2486,0,0,TimeSeriesForest,0.71,0.29
7687,0,0,TimeSeriesForest,0.99,0.01
18771,1,1,TimeSeriesForest,0.0,1.0
9550,0,0,TimeSeriesForest,0.98,0.02
10870,1,1,TimeSeriesForest,0.0,1.0
5386,0,0,TimeSeriesForest,0.93,0.07
3720,0,0,TimeSeriesForest,0.82,0.18
18752,1,1,TimeSeriesForest,0.02,0.98
9789,0,0,TimeSeriesForest,0.98,0.02
821,0,0,TimeSeriesForest,0.74,0.26
10402,1,0,TimeSeriesForest,0.84,0.16
6002,0,0,TimeSeriesForest,0.61,0.39
10945,1,1,TimeSeriesForest,0.0,1.0
3381,0,0,TimeSeriesForest,0.66,0.34
5820,0,0,TimeSeriesForest,0.89,0.11
9597,0,0,TimeSeriesForest,0.98,0.02
19370,1,1,TimeSeriesForest,0.0,1.0
3645,0,0,TimeSeriesForest,0.51,0.49
14306,1,0,TimeSeriesForest,0.74,0.26
14876,1,0,TimeSeriesForest,0.82,0.18
1725,0,0,TimeSeriesForest,0.72,0.28
17709,1,1,TimeSeriesForest,0.01,0.99
492,0,1,TimeSeriesForest,0.27,0.73
16054,1,0,TimeSeriesForest,0.76,0.24
1348,0,0,TimeSeriesForest,0.88,0.12
11867,1,1,TimeSeriesForest,0.0,1.0
7317,0,0,TimeSeriesForest,0.94,0.06
12723,1,1,TimeSeriesForest,0.0,1.0
8399,0,0,TimeSeriesForest,0.81,0.19
13392,1,1,TimeSeriesForest,0.0,1.0
19242,1,1,TimeSeriesForest,0.08,0.92
11531,1,1,TimeSeriesForest,0.0,1.0
16724,1,1,TimeSeriesForest,0.47,0.53
17793,1,1,TimeSeriesForest,0.42,0.58
12060,1,1,TimeSeriesForest,0.0,1.0
6095,0,0,TimeSeriesForest,0.65,0.35
8736,0,0,TimeSeriesForest,0.95,0.05
10637,1,1,TimeSeriesForest,0.04,0.96
3630,0,0,TimeSeriesForest,0.79,0.21
4874,0,0,TimeSeriesForest,0.7,0.3
14750,1,0,TimeSeriesForest,0.62,0.38
8739,0,0,TimeSeriesForest,0.87,0.13
640,0,0,TimeSeriesForest,0.85,0.15
7175,0,0,TimeSeriesForest,0.72,0.28
8533,0,0,TimeSeriesForest,0.95,0.05
6756,0,0,TimeSeriesForest,0.57,0.43
18547,1,1,TimeSeriesForest,0.12,0.88
16813,1,0,TimeSeriesForest,0.62,0.38
13147,1,1,TimeSeriesForest,0.01,0.99
13623,1,1,TimeSeriesForest,0.03,0.97
3776,0,0,TimeSeriesForest,0.61,0.39
15317,1,0,TimeSeriesForest,0.76,0.24
17343,1,1,TimeSeriesForest,0.07,0.93
9744,0,0,TimeSeriesForest,0.98,0.02
4357,0,0,TimeSeriesForest,0.59,0.41
3178,0,0,TimeSeriesForest,0.9,0.1
18825,1,1,TimeSeriesForest,0.24,0.76
12979,1,1,TimeSeriesForest,0.0,1.0
3109,0,0,TimeSeriesForest,0.84,0.16
19521,1,1,TimeSeriesForest,0.0,1.0
8872,0,0,TimeSeriesForest,0.82,0.18
18008,1,1,TimeSeriesForest,0.3,0.7
12450,1,1,TimeSeriesForest,0.0,1.0
9219,0,0,TimeSeriesForest,0.94,0.06
18676,1,1,TimeSeriesForest,0.15,0.85
19888,1,1,TimeSeriesForest,0.0,1.0
6707,0,0,TimeSeriesForest,0.81,0.19
9766,0,0,TimeSeriesForest,0.96,0.04
7648,0,0,TimeSeriesForest,0.85,0.15
13500,1,1,TimeSeriesForest,0.0,1.0
10926,1,1,TimeSeriesForest,0.0,1.0
962,0,0,TimeSeriesForest,0.59,0.41
4860,0,0,TimeSeriesForest,0.62,0.38
19562,1,1,TimeSeriesForest,0.0,1.0
18562,1,1,TimeSeriesForest,0.01,0.99
10906,1,1,TimeSeriesForest,0.0,1.0
10923,1,1,TimeSeriesForest,0.01,0.99
15004,1,0,TimeSeriesForest,0.67,0.33
8487,0,0,TimeSeriesForest,0.7,0.3
7157,0,1,TimeSeriesForest,0.24,0.76
18886,1,0,TimeSeriesForest,0.5,0.5
3676,0,0,TimeSeriesForest,0.65,0.35
17057,1,0,TimeSeriesForest,0.62,0.38
7214,0,0,TimeSeriesForest,0.72,0.28
13969,1,0,TimeSeriesForest,0.51,0.49
18663,1,1,TimeSeriesForest,0.0,1.0
13457,1,1,TimeSeriesForest,0.0,1.0
3739,0,0,TimeSeriesForest,0.69,0.31
6682,0,0,TimeSeriesForest,0.66,0.34
18817,1,1,TimeSeriesForest,0.06,0.94
13044,1,1,TimeSeriesForest,0.0,1.0
1012,0,0,TimeSeriesForest,0.84,0.16
1849,0,0,TimeSeriesForest,0.69,0.31
10766,1,0,TimeSeriesForest,0.97,0.03
11688,1,1,TimeSeriesForest,0.0,1.0
14065,1,0,TimeSeriesForest,0.71,0.29
11165,1,1,TimeSeriesForest,0.0,1.0
14237,1,0,TimeSeriesForest,0.58,0.42
4198,0,0,TimeSeriesForest,0.69,0.31
6271,0,0,TimeSeriesForest,0.59,0.41
3920,0,0,TimeSeriesForest,0.82,0.18
4733,0,0,TimeSeriesForest,0.67,0.33
4927,0,0,TimeSeriesForest,0.57,0.43
4549,0,0,TimeSeriesForest,0.61,0.39
10650,1,0,TimeSeriesForest,0.58,0.42
17805,1,1,TimeSeriesForest,0.44,0.56
11860,1,1,TimeSeriesForest,0.0,1.0
14514,1,0,TimeSeriesForest,0.54,0.46
992,0,0,TimeSeriesForest,0.68,0.32
14728,1,0,TimeSeriesForest,0.56,0.44
2083,0,0,TimeSeriesForest,0.62,0.38
6307,0,0,TimeSeriesForest,0.77,0.23
9673,0,0,TimeSeriesForest,0.97,0.03
2151,0,0,TimeSeriesForest,0.76,0.24
12548,1,1,TimeSeriesForest,0.0,1.0
11275,1,1,TimeSeriesForest,0.0,1.0
3696,0,0,TimeSeriesForest,0.59,0.41
3105,0,0,TimeSeriesForest,0.73,0.27
4545,0,0,TimeSeriesForest,0.7,0.3
17711,1,1,TimeSeriesForest,0.15,0.85
1176,0,0,TimeSeriesForest,0.69,0.31
7199,0,0,TimeSeriesForest,0.83,0.17
13930,1,1,TimeSeriesForest,0.0,1.0
14987,1,0,TimeSeriesForest,0.61,0.39
9924,0,0,TimeSeriesForest,0.95,0.05
14382,1,0,TimeSeriesForest,0.6,0.4
5000,0,0,TimeSeriesForest,0.57,0.43
5497,0,0,TimeSeriesForest,0.68,0.32
11448,1,1,TimeSeriesForest,0.0,1.0
12241,1,1,TimeSeriesForest,0.0,1.0
6269,0,0,TimeSeriesForest,0.68,0.32
8557,0,0,TimeSeriesForest,0.95,0.05
14712,1,0,TimeSeriesForest,0.62,0.38
8726,0,0,TimeSeriesForest,0.98,0.02
15888,1,0,TimeSeriesForest,0.68,0.32
15259,1,0,TimeSeriesForest,0.6,0.4
4235,0,0,TimeSeriesForest,0.66,0.34
7602,0,0,TimeSeriesForest,0.81,0.19
1702,0,0,TimeSeriesForest,0.56,0.44
10829,1,1,TimeSeriesForest,0.0,1.0
7680,0,0,TimeSeriesForest,0.97,0.03
6023,0,0,TimeSeriesForest,0.69,0.31
12877,1,1,TimeSeriesForest,0.0,1.0
19910,1,1,TimeSeriesForest,0.0,1.0
8076,0,0,TimeSeriesForest,0.93,0.07
10932,1,1,TimeSeriesForest,0.01,0.99
17118,1,0,TimeSeriesForest,0.82,0.18
3158,0,0,TimeSeriesForest,0.63,0.37
18719,1,1,TimeSeriesForest,0.0,1.0
13673,1,1,TimeSeriesForest,0.0,1.0
18048,1,1,TimeSeriesForest,0.08,0.92
14262,1,0,TimeSeriesForest,0.64,0.36
5412,0,0,TimeSeriesForest,0.65,0.35
12387,1,1,TimeSeriesForest,0.0,1.0
10400,1,1,TimeSeriesForest,0.15,0.85
18998,1,1,TimeSeriesForest,0.11,0.89
402,0,0,TimeSeriesForest,0.76,0.24
704,0,0,TimeSeriesForest,0.65,0.35
5312,0,0,TimeSeriesForest,0.81,0.19
18025,1,1,TimeSeriesForest,0.38,0.62
8255,0,0,TimeSeriesForest,0.91,0.09
3118,0,0,TimeSeriesForest,0.71,0.29
19140,1,1,TimeSeriesForest,0.38,0.62
14350,1,0,TimeSeriesForest,0.7,0.3
18904,1,1,TimeSeriesForest,0.06,0.94
8918,0,0,TimeSeriesForest,0.78,0.22
12614,1,1,TimeSeriesForest,0.0,1.0
6067,0,0,TimeSeriesForest,0.7,0.3
18247,1,1,TimeSeriesForest,0.01,0.99
9484,0,0,TimeSeriesForest,0.98,0.02
15638,1,1,TimeSeriesForest,0.17,0.83
11994,1,1,TimeSeriesForest,0.0,1.0
862,0,0,TimeSeriesForest,0.56,0.44
873,0,0,TimeSeriesForest,0.87,0.13
8083,0,0,TimeSeriesForest,0.97,0.03
18398,1,1,TimeSeriesForest,0.0,1.0
12293,1,1,TimeSeriesForest,0.0,1.0
8189,0,0,TimeSeriesForest,0.92,0.08
2347,0,0,TimeSeriesForest,0.68,0.32
2646,0,0,TimeSeriesForest,0.59,0.41
4789,0,0,TimeSeriesForest,0.77,0.23
13299,1,1,TimeSeriesForest,0.0,1.0
9828,0,0,TimeSeriesForest,0.93,0.07
12217,1,1,TimeSeriesForest,0.0,1.0
7750,0,0,TimeSeriesForest,0.77,0.23
494,0,0,TimeSeriesForest,0.72,0.28
13891,1,1,TimeSeriesForest,0.0,1.0
2320,0,0,TimeSeriesForest,0.6,0.4
10723,1,1,TimeSeriesForest,0.17,0.83
9281,0,0,TimeSeriesForest,0.91,0.09
10052,1,1,TimeSeriesForest,0.0,1.0
2864,0,0,TimeSeriesForest,0.74,0.26
13112,1,1,TimeSeriesForest,0.0,1.0
9150,0,0,TimeSeriesForest,0.93,0.07
14904,1,0,TimeSeriesForest,0.58,0.42
5250,0,0,TimeSeriesForest,0.82,0.18
10011,1,1,TimeSeriesForest,0.0,1.0
9246,0,0,TimeSeriesForest,0.84,0.16
17664,1,1,TimeSeriesForest,0.08,0.92
11779,1,1,TimeSeriesForest,0.0,1.0
19214,1,0,TimeSeriesForest,0.84,0.16
15311,1,0,TimeSeriesForest,0.54,0.46
8390,0,0,TimeSeriesForest,0.94,0.06
8299,0,0,TimeSeriesForest,0.91,0.09
17987,1,1,TimeSeriesForest,0.07,0.93
755,0,0,TimeSeriesForest,0.51,0.49
11327,1,1,TimeSeriesForest,0.0,1.0
6490,0,0,TimeSeriesForest,0.65,0.35
4552,0,0,TimeSeriesForest,0.79,0.21
2739,0,0,TimeSeriesForest,0.65,0.35
5624,0,0,TimeSeriesForest,0.72,0.28
14015,1,1,TimeSeriesForest,0.44,0.56
17513,1,1,TimeSeriesForest,0.08,0.92
9541,0,0,TimeSeriesForest,0.65,0.35
6944,0,1,TimeSeriesForest,0.37,0.63
4179,0,0,TimeSeriesForest,0.68,0.32
14968,1,0,TimeSeriesForest,0.79,0.21
6823,0,0,TimeSeriesForest,0.85,0.15
219,0,0,TimeSeriesForest,0.78,0.22
10872,1,1,TimeSeriesForest,0.0,1.0
13168,1,1,TimeSeriesForest,0.09,0.91
1326,0,0,TimeSeriesForest,0.54,0.46
8792,0,0,TimeSeriesForest,0.9,0.1
3891,0,0,TimeSeriesForest,0.89,0.11
1391,0,1,TimeSeriesForest,0.48,0.52
15412,1,0,TimeSeriesForest,0.7,0.3
9498,0,0,TimeSeriesForest,0.93,0.07
6550,0,1,TimeSeriesForest,0.41,0.59
4736,0,0,TimeSeriesForest,0.55,0.45
14916,1,0,TimeSeriesForest,0.69,0.31
3355,0,0,TimeSeriesForest,0.86,0.14
5946,0,0,TimeSeriesForest,0.62,0.38
12446,1,1,TimeSeriesForest,0.11,0.89
8263,0,0,TimeSeriesForest,0.99,0.01
10522,1,1,TimeSeriesForest,0.48,0.52
17272,1,1,TimeSeriesForest,0.03,0.97
1568,0,0,TimeSeriesForest,0.66,0.34
6992,0,0,TimeSeriesForest,0.66,0.34
7844,0,0,TimeSeriesForest,0.94,0.06
6805,0,0,TimeSeriesForest,0.56,0.44
15805,1,1,TimeSeriesForest,0.0,1.0
8911,0,0,TimeSeriesForest,0.74,0.26
12355,1,1,TimeSeriesForest,0.0,1.0
1264,0,0,TimeSeriesForest,0.76,0.24
4188,0,0,TimeSeriesForest,0.74,0.26
10452,1,0,TimeSeriesForest,0.72,0.28
19238,1,0,TimeSeriesForest,0.79,0.21
13852,1,1,TimeSeriesForest,0.0,1.0
18777,1,1,TimeSeriesForest,0.25,0.75
12760,1,1,TimeSeriesForest,0.0,1.0
18409,1,1,TimeSeriesForest,0.06,0.94
3343,0,0,TimeSeriesForest,0.84,0.16
14664,1,0,TimeSeriesForest,0.54,0.46
5950,0,0,TimeSeriesForest,0.92,0.08
16682,1,0,TimeSeriesForest,0.75,0.25
3369,0,0,TimeSeriesForest,0.73,0.27
12737,1,1,TimeSeriesForest,0.0,1.0
11782,1,1,TimeSeriesForest,0.0,1.0
10992,1,1,TimeSeriesForest,0.0,1.0
3639,0,0,TimeSeriesForest,0.84,0.16
3274,0,0,TimeSeriesForest,0.74,0.26
13337,1,1,TimeSeriesForest,0.0,1.0
18032,1,1,TimeSeriesForest,0.0,1.0
5554,0,0,TimeSeriesForest,0.59,0.41
11614,1,1,TimeSeriesForest,0.0,1.0
4638,0,0,TimeSeriesForest,0.75,0.25
2748,0,0,TimeSeriesForest,0.72,0.28
3684,0,0,TimeSeriesForest,0.63,0.37
14704,1,0,TimeSeriesForest,0.68,0.32
18575,1,1,TimeSeriesForest,0.33,0.67
2362,0,0,TimeSeriesForest,0.89,0.11
5201,0,0,TimeSeriesForest,0.56,0.44
3125,0,0,TimeSeriesForest,0.7,0.3
11214,1,1,TimeSeriesForest,0.0,1.0
15532,1,1,TimeSeriesForest,0.27,0.73
6064,0,0,TimeSeriesForest,0.73,0.27
19348,1,1,TimeSeriesForest,0.0,1.0
10401,1,1,TimeSeriesForest,0.03,0.97
1205,0,0,TimeSeriesForest,0.76,0.24
4659,0,0,TimeSeriesForest,0.79,0.21
19523,1,1,TimeSeriesForest,0.0,1.0
10206,1,1,TimeSeriesForest,0.0,1.0
8670,0,0,TimeSeriesForest,0.99,0.01
1877,0,0,TimeSeriesForest,0.7,0.3
1919,0,0,TimeSeriesForest,0.61,0.39
17979,1,1,TimeSeriesForest,0.01,0.99
1201,0,0,TimeSeriesForest,0.7,0.3
855,0,0,TimeSeriesForest,0.81,0.19
12462,1,1,TimeSeriesForest,0.0,1.0
13460,1,1,TimeSeriesForest,0.0,1.0
10841,1,1,TimeSeriesForest,0.0,1.0
13361,1,1,TimeSeriesForest,0.0,1.0
6389,0,0,TimeSeriesForest,0.91,0.09
13914,1,1,TimeSeriesForest,0.0,1.0
8033,0,0,TimeSeriesForest,0.84,0.16
15441,1,0,TimeSeriesForest,0.69,0.31
15339,1,0,TimeSeriesForest,0.6,0.4
7735,0,0,TimeSeriesForest,0.97,0.03
12935,1,1,TimeSeriesForest,0.0,1.0
1297,0,0,TimeSeriesForest,0.85,0.15
8526,0,0,TimeSeriesForest,0.94,0.06
17365,1,1,TimeSeriesForest,0.07,0.93
13907,1,1,TimeSeriesForest,0.0,1.0
10762,1,0,TimeSeriesForest,0.91,0.09
3761,0,0,TimeSeriesForest,0.8,0.2
18991,1,1,TimeSeriesForest,0.26,0.74
10528,1,0,TimeSeriesForest,0.97,0.03
151,0,0,TimeSeriesForest,0.79,0.21
3292,0,0,TimeSeriesForest,0.79,0.21
13798,1,1,TimeSeriesForest,0.01,0.99
17320,1,1,TimeSeriesForest,0.06,0.94
13428,1,1,TimeSeriesForest,0.0,1.0
8727,0,0,TimeSeriesForest,0.77,0.23
15044,1,0,TimeSeriesForest,0.75,0.25
19714,1,1,TimeSeriesForest,0.0,1.0
15309,1,0,TimeSeriesForest,0.62,0.38
9635,0,0,TimeSeriesForest,0.97,0.03
6576,0,0,TimeSeriesForest,0.66,0.34
9278,0,0,TimeSeriesForest,0.9,0.1
1720,0,0,TimeSeriesForest,0.75,0.25
635,0,0,TimeSeriesForest,0.52,0.48
15635,1,1,TimeSeriesForest,0.44,0.56
9596,0,0,TimeSeriesForest,0.88,0.12
1886,0,0,TimeSeriesForest,0.84,0.16
11904,1,1,TimeSeriesForest,0.0,1.0
12820,1,1,TimeSeriesForest,0.0,1.0
4496,0,0,TimeSeriesForest,0.77,0.23
16910,1,0,TimeSeriesForest,0.88,0.12
9533,0,0,TimeSeriesForest,0.93,0.07
2833,0,0,TimeSeriesForest,0.62,0.38
4432,0,0,TimeSeriesForest,0.73,0.27
1697,0,0,TimeSeriesForest,0.67,0.33
19025,1,1,TimeSeriesForest,0.02,0.98
16797,1,0,TimeSeriesForest,0.65,0.35
10346,1,1,TimeSeriesForest,0.0,1.0
14661,1,0,TimeSeriesForest,0.75,0.25
7541,0,0,TimeSeriesForest,0.9,0.1
15569,1,1,TimeSeriesForest,0.45,0.55
16722,1,0,TimeSeriesForest,0.9,0.1
952,0,0,TimeSeriesForest,0.69,0.31
2558,0,0,TimeSeriesForest,0.85,0.15
11215,1,1,TimeSeriesForest,0.0,1.0
19913,1,1,TimeSeriesForest,0.07,0.93
12438,1,1,TimeSeriesForest,0.0,1.0
5693,0,0,TimeSeriesForest,0.64,0.36
113,0,1,TimeSeriesForest,0.32,0.68
4144,0,0,TimeSeriesForest,0.74,0.26
6348,0,0,TimeSeriesForest,0.89,0.11
15640,1,1,TimeSeriesForest,0.03,0.97
5399,0,0,TimeSeriesForest,0.83,0.17
16948,1,0,TimeSeriesForest,0.68,0.32
630,0,0,TimeSeriesForest,0.82,0.18
9442,0,0,TimeSeriesForest,0.99,0.01
9739,0,0,TimeSeriesForest,0.94,0.06
2258,0,1,TimeSeriesForest,0.08,0.92
12021,1,1,TimeSeriesForest,0.0,1.0
14611,1,0,TimeSeriesForest,0.79,0.21
13163,1,1,TimeSeriesForest,0.04,0.96
1457,0,0,TimeSeriesForest,0.67,0.33
14026,1,1,TimeSeriesForest,0.44,0.56
6117,0,0,TimeSeriesForest,0.69,0.31
6586,0,1,TimeSeriesForest,0.41,0.59
11652,1,1,TimeSeriesForest,0.0,1.0
15833,1,1,TimeSeriesForest,0.39,0.61
11068,1,1,TimeSeriesForest,0.0,1.0
15741,1,1,TimeSeriesForest,0.21,0.79
3507,0,0,TimeSeriesForest,0.67,0.33
6145,0,0,TimeSeriesForest,0.79,0.21
19186,1,0,TimeSeriesForest,0.97,0.03
4548,0,0,TimeSeriesForest,0.78,0.22
4233,0,0,TimeSeriesForest,0.71,0.29
5518,0,0,TimeSeriesForest,0.71,0.29
7624,0,0,TimeSeriesForest,0.99,0.01
16599,1,0,TimeSeriesForest,0.76,0.24
5537,0,0,TimeSeriesForest,0.9,0.1
14512,1,0,TimeSeriesForest,0.65,0.35
4110,0,0,TimeSeriesForest,0.62,0.38
12350,1,1,TimeSeriesForest,0.0,1.0
1442,0,0,TimeSeriesForest,0.68,0.32
5566,0,1,TimeSeriesForest,0.02,0.98
8028,0,0,TimeSeriesForest,0.78,0.22
17368,1,1,TimeSeriesForest,0.28,0.72
4359,0,0,TimeSeriesForest,0.67,0.33
15246,1,0,TimeSeriesForest,0.74,0.26
4074,0,0,TimeSeriesForest,0.7,0.3
5255,0,0,TimeSeriesForest,0.98,0.02
645,0,0,TimeSeriesForest,0.57,0.43
16796,1,0,TimeSeriesForest,0.74,0.26
3819,0,0,TimeSeriesForest,0.73,0.27
19512,1,1,TimeSeriesForest,0.0,1.0
16976,1,0,TimeSeriesForest,0.71,0.29
12916,1,1,TimeSeriesForest,0.0,1.0
1482,0,0,TimeSeriesForest,0.56,0.44
17067,1,0,TimeSeriesForest,0.65,0.35
9543,0,0,TimeSeriesForest,0.93,0.07
9990,1,1,TimeSeriesForest,0.0,1.0
17684,1,1,TimeSeriesForest,0.07,0.93
16953,1,0,TimeSeriesForest,0.81,0.19
15009,1,0,TimeSeriesForest,0.78,0.22
17129,1,0,TimeSeriesForest,0.76,0.24
5919,0,1,TimeSeriesForest,0.46,0.54
9981,0,0,TimeSeriesForest,0.91,0.09
9725,0,0,TimeSeriesForest,0.91,0.09
10146,1,1,TimeSeriesForest,0.0,1.0
3171,0,0,TimeSeriesForest,0.75,0.25
4738,0,0,TimeSeriesForest,0.78,0.22
4207,0,0,TimeSeriesForest,0.83,0.17
4446,0,0,TimeSeriesForest,0.69,0.31
16709,1,1,TimeSeriesForest,0.2,0.8
751,0,0,TimeSeriesForest,0.79,0.21
13430,1,1,TimeSeriesForest,0.1,0.9
15641,1,1,TimeSeriesForest,0.32,0.68
9890,0,0,TimeSeriesForest,0.68,0.32
11733,1,1,TimeSeriesForest,0.0,1.0
18461,1,1,TimeSeriesForest,0.03,0.97
10296,1,1,TimeSeriesForest,0.0,1.0
15519,1,1,TimeSeriesForest,0.0,1.0
18593,1,1,TimeSeriesForest,0.15,0.85
1043,0,0,TimeSeriesForest,0.74,0.26
13937,1,1,TimeSeriesForest,0.0,1.0
13525,1,1,TimeSeriesForest,0.0,1.0
11534,1,1,TimeSeriesForest,0.0,1.0
18750,1,0,TimeSeriesForest,0.87,0.13
512,0,0,TimeSeriesForest,0.51,0.49
12461,1,1,TimeSeriesForest,0.0,1.0
11938,1,1,TimeSeriesForest,0.0,1.0
13400,1,1,TimeSeriesForest,0.0,1.0
18631,1,1,TimeSeriesForest,0.43,0.57
9837,0,0,TimeSeriesForest,0.91,0.09
10975,1,1,TimeSeriesForest,0.0,1.0
343,0,0,TimeSeriesForest,0.72,0.28
3764,0,0,TimeSeriesForest,0.9,0.1
19903,1,1,TimeSeriesForest,0.0,1.0
6072,0,0,TimeSeriesForest,0.77,0.23
15076,1,0,TimeSeriesForest,0.73,0.27
1065,0,0,TimeSeriesForest,0.76,0.24
6995,0,0,TimeSeriesForest,0.66,0.34
12930,1,1,TimeSeriesForest,0.0,1.0
8710,0,0,TimeSeriesForest,0.96,0.04
53,0,0,TimeSeriesForest,0.79,0.21
8280,0,0,TimeSeriesForest,0.98,0.02
7961,0,0,TimeSeriesForest,0.93,0.07
5385,0,0,TimeSeriesForest,0.91,0.09
10500,1,1,TimeSeriesForest,0.03,0.97
3912,0,0,TimeSeriesForest,0.75,0.25
1911,0,0,TimeSeriesForest,0.66,0.34
3328,0,0,TimeSeriesForest,0.91,0.09
19158,1,1,TimeSeriesForest,0.04,0.96
9898,0,0,TimeSeriesForest,0.92,0.08
15924,1,0,TimeSeriesForest,0.62,0.38
6384,0,0,TimeSeriesForest,0.81,0.19
5578,0,0,TimeSeriesForest,0.65,0.35
16615,1,0,TimeSeriesForest,0.72,0.28
12289,1,1,TimeSeriesForest,0.0,1.0
12181,1,1,TimeSeriesForest,0.0,1.0
6799,0,0,TimeSeriesForest,0.84,0.16
13854,1,1,TimeSeriesForest,0.0,1.0
11926,1,1,TimeSeriesForest,0.0,1.0
12861,1,1,TimeSeriesForest,0.0,1.0
19082,1,1,TimeSeriesForest,0.32,0.68
15275,1,0,TimeSeriesForest,0.61,0.39
18582,1,1,TimeSeriesForest,0.03,0.97
14705,1,0,TimeSeriesForest,0.65,0.35
4176,0,0,TimeSeriesForest,0.83,0.17
18653,1,0,TimeSeriesForest,0.6,0.4
18109,1,1,TimeSeriesForest,0.01,0.99
15457,1,0,TimeSeriesForest,0.63,0.37
12008,1,1,TimeSeriesForest,0.01,0.99
8620,0,0,TimeSeriesForest,0.98,0.02
6752,0,0,TimeSeriesForest,0.85,0.15
7474,0,0,TimeSeriesForest,0.79,0.21
2225,0,0,TimeSeriesForest,0.77,0.23
2921,0,0,TimeSeriesForest,0.78,0.22
14912,1,0,TimeSeriesForest,0.78,0.22
15013,1,0,TimeSeriesForest,0.75,0.25
9738,0,0,TimeSeriesForest,1.0,0.0
12452,1,1,TimeSeriesForest,0.0,1.0
8460,0,0,TimeSeriesForest,0.71,0.29
4663,0,0,TimeSeriesForest,0.75,0.25
1616,0,0,TimeSeriesForest,0.84,0.16
19890,1,1,TimeSeriesForest,0.01,0.99
4894,0,0,TimeSeriesForest,0.76,0.24
13672,1,1,TimeSeriesForest,0.0,1.0
14738,1,0,TimeSeriesForest,0.64,0.36
2272,0,0,TimeSeriesForest,0.76,0.24
4154,0,0,TimeSeriesForest,0.6,0.4
18133,1,1,TimeSeriesForest,0.0,1.0
9307,0,0,TimeSeriesForest,0.9,0.1
16919,1,0,TimeSeriesForest,0.69,0.31
7599,0,0,TimeSeriesForest,0.78,0.22
11079,1,1,TimeSeriesForest,0.0,1.0
14893,1,0,TimeSeriesForest,0.75,0.25
17649,1,0,TimeSeriesForest,0.74,0.26
4143,0,0,TimeSeriesForest,0.69,0.31
2437,0,0,TimeSeriesForest,0.67,0.33
2872,0,0,TimeSeriesForest,0.74,0.26
700,0,0,TimeSeriesForest,0.81,0.19
13728,1,1,TimeSeriesForest,0.0,1.0
17511,1,1,TimeSeriesForest,0.04,0.96
11995,1,1,TimeSeriesForest,0.0,1.0
9100,0,0,TimeSeriesForest,0.97,0.03
17814,1,1,TimeSeriesForest,0.38,0.62
16073,1,0,TimeSeriesForest,0.67,0.33
10920,1,1,TimeSeriesForest,0.01,0.99
1506,0,0,TimeSeriesForest,0.7,0.3
7614,0,0,TimeSeriesForest,0.94,0.06
2217,0,0,TimeSeriesForest,0.76,0.24
7380,0,0,TimeSeriesForest,0.81,0.19
6600,0,0,TimeSeriesForest,0.68,0.32
12337,1,1,TimeSeriesForest,0.0,1.0
6662,0,0,TimeSeriesForest,0.72,0.28
1415,0,0,TimeSeriesForest,0.74,0.26
15273,1,1,TimeSeriesForest,0.47,0.53
9704,0,0,TimeSeriesForest,0.85,0.15
11000,1,1,TimeSeriesForest,0.0,1.0
2540,0,0,TimeSeriesForest,0.66,0.34
10823,1,1,TimeSeriesForest,0.0,1.0
12741,1,1,TimeSeriesForest,0.0,1.0
13824,1,1,TimeSeriesForest,0.0,1.0
15051,1,0,TimeSeriesForest,0.7,0.3
9367,0,0,TimeSeriesForest,0.74,0.26
11427,1,1,TimeSeriesForest,0.0,1.0
12833,1,1,TimeSeriesForest,0.0,1.0
14137,1,0,TimeSeriesForest,0.72,0.28
15296,1,0,TimeSeriesForest,0.69,0.31
9274,0,0,TimeSeriesForest,0.59,0.41
3680,0,0,TimeSeriesForest,0.68,0.32
12092,1,1,TimeSeriesForest,0.0,1.0
154,0,0,TimeSeriesForest,0.8,0.2
15362,1,0,TimeSeriesForest,0.67,0.33
16923,1,0,TimeSeriesForest,0.85,0.15
6058,0,0,TimeSeriesForest,0.68,0.32
14858,1,0,TimeSeriesForest,0.7,0.3
71,0,0,TimeSeriesForest,0.62,0.38
2984,0,0,TimeSeriesForest,0.73,0.27
3084,0,0,TimeSeriesForest,0.57,0.43
9071,0,0,TimeSeriesForest,0.86,0.14
11670,1,1,TimeSeriesForest,0.0,1.0
9690,0,0,TimeSeriesForest,0.96,0.04
70,0,0,TimeSeriesForest,0.87,0.13
9824,0,0,TimeSeriesForest,0.64,0.36
6599,0,0,TimeSeriesForest,0.69,0.31
17913,1,1,TimeSeriesForest,0.12,0.88
4812,0,0,TimeSeriesForest,0.6,0.4
664,0,0,TimeSeriesForest,0.77,0.23
15294,1,0,TimeSeriesForest,0.62,0.38
4189,0,0,TimeSeriesForest,0.76,0.24
7398,0,0,TimeSeriesForest,0.7,0.3
16681,1,0,TimeSeriesForest,0.81,0.19
5016,0,0,TimeSeriesForest,0.62,0.38
18944,1,1,TimeSeriesForest,0.15,0.85
5135,0,0,TimeSeriesForest,0.62,0.38
4407,0,0,TimeSeriesForest,0.8,0.2
7813,0,0,TimeSeriesForest,0.92,0.08
7817,0,0,TimeSeriesForest,0.79,0.21
5601,0,1,TimeSeriesForest,0.48,0.52
6728,0,0,TimeSeriesForest,0.91,0.09
16417,1,0,TimeSeriesForest,0.69,0.31
5414,0,0,TimeSeriesForest,0.5,0.5
5067,0,0,TimeSeriesForest,0.67,0.33
12385,1,1,TimeSeriesForest,0.0,1.0
8063,0,0,TimeSeriesForest,0.91,0.09
13115,1,1,TimeSeriesForest,0.0,1.0
15922,1,1,TimeSeriesForest,0.0,1.0
4493,0,0,TimeSeriesForest,0.85,0.15
18295,1,1,TimeSeriesForest,0.06,0.94
12591,1,1,TimeSeriesForest,0.0,1.0
10653,1,1,TimeSeriesForest,0.08,0.92
7060,0,0,TimeSeriesForest,0.74,0.26
11654,1,1,TimeSeriesForest,0.0,1.0
17642,1,1,TimeSeriesForest,0.22,0.78
10513,1,1,TimeSeriesForest,0.06,0.94
17796,1,1,TimeSeriesForest,0.08,0.92
9662,0,0,TimeSeriesForest,0.95,0.05
11561,1,1,TimeSeriesForest,0.0,1.0
9486,0,0,TimeSeriesForest,0.76,0.24
9235,0,0,TimeSeriesForest,0.95,0.05
6954,0,0,TimeSeriesForest,0.92,0.08
6011,0,0,TimeSeriesForest,0.62,0.38
10533,1,0,TimeSeriesForest,0.97,0.03
5301,0,0,TimeSeriesForest,0.83,0.17
6262,0,0,TimeSeriesForest,0.53,0.47
5555,0,0,TimeSeriesForest,0.78,0.22
1003,0,0,TimeSeriesForest,0.82,0.18
7185,0,0,TimeSeriesForest,0.81,0.19
13488,1,1,TimeSeriesForest,0.0,1.0
9435,0,0,TimeSeriesForest,0.94,0.06
9175,0,0,TimeSeriesForest,0.94,0.06
17151,1,0,TimeSeriesForest,0.58,0.42
2122,0,0,TimeSeriesForest,0.78,0.22
18005,1,1,TimeSeriesForest,0.02,0.98
5683,0,0,TimeSeriesForest,0.82,0.18
14616,1,0,TimeSeriesForest,0.59,0.41
477,0,0,TimeSeriesForest,0.75,0.25
7193,0,0,TimeSeriesForest,0.7,0.3
7477,0,0,TimeSeriesForest,0.75,0.25
4974,0,0,TimeSeriesForest,0.77,0.23
12989,1,1,TimeSeriesForest,0.06,0.94
7747,0,0,TimeSeriesForest,0.96,0.04
15453,1,0,TimeSeriesForest,0.63,0.37
13858,1,1,TimeSeriesForest,0.0,1.0
14975,1,0,TimeSeriesForest,0.73,0.27
8688,0,0,TimeSeriesForest,0.93,0.07
14491,1,0,TimeSeriesForest,0.79,0.21
15006,1,0,TimeSeriesForest,0.74,0.26
14519,1,0,TimeSeriesForest,0.68,0.32
1945,0,0,TimeSeriesForest,0.78,0.22
6060,0,0,TimeSeriesForest,0.64,0.36
18050,1,1,TimeSeriesForest,0.01,0.99
11316,1,1,TimeSeriesForest,0.0,1.0
10287,1,1,TimeSeriesForest,0.0,1.0
17214,1,0,TimeSeriesForest,0.77,0.23
11221,1,1,TimeSeriesForest,0.0,1.0
9063,0,0,TimeSeriesForest,0.89,0.11
566,0,0,TimeSeriesForest,0.61,0.39
4347,0,0,TimeSeriesForest,0.61,0.39
11610,1,1,TimeSeriesForest,0.0,1.0
8258,0,0,TimeSeriesForest,0.76,0.24
11747,1,1,TimeSeriesForest,0.0,1.0
10953,1,1,TimeSeriesForest,0.0,1.0
13949,1,0,TimeSeriesForest,0.79,0.21
15902,1,1,TimeSeriesForest,0.07,0.93
10009,1,1,TimeSeriesForest,0.0,1.0
2924,0,0,TimeSeriesForest,0.67,0.33
4168,0,0,TimeSeriesForest,0.77,0.23
17133,1,0,TimeSeriesForest,0.82,0.18
18260,1,1,TimeSeriesForest,0.01,0.99
11643,1,1,TimeSeriesForest,0.0,1.0
12639,1,1,TimeSeriesForest,0.0,1.0
12881,1,1,TimeSeriesForest,0.0,1.0
10993,1,1,TimeSeriesForest,0.0,1.0
4643,0,0,TimeSeriesForest,0.66,0.34
14609,1,0,TimeSeriesForest,0.68,0.32
6236,0,0,TimeSeriesForest,0.85,0.15
6903,0,0,TimeSeriesForest,0.93,0.07
15125,1,0,TimeSeriesForest,0.59,0.41
9944,0,0,TimeSeriesForest,0.95,0.05
17200,1,0,TimeSeriesForest,0.68,0.32
2867,0,0,TimeSeriesForest,0.83,0.17
7423,0,0,TimeSeriesForest,0.63,0.37
12391,1,1,TimeSeriesForest,0.0,1.0
17105,1,0,TimeSeriesForest,0.73,0.27
7891,0,0,TimeSeriesForest,0.74,0.26
3815,0,0,TimeSeriesForest,0.76,0.24
16225,1,0,TimeSeriesForest,0.73,0.27
11496,1,1,TimeSeriesForest,0.0,1.0
2746,0,0,TimeSeriesForest,0.73,0.27
13455,1,1,TimeSeriesForest,0.0,1.0
3428,0,0,TimeSeriesForest,0.69,0.31
1157,0,0,TimeSeriesForest,0.58,0.42
19075,1,1,TimeSeriesForest,0.01,0.99
857,0,0,TimeSeriesForest,0.77,0.23
10582,1,0,TimeSeriesForest,0.79,0.21
5244,0,0,TimeSeriesForest,0.64,0.36
9971,0,0,TimeSeriesForest,0.9,0.1
11149,1,1,TimeSeriesForest,0.0,1.0
13268,1,1,TimeSeriesForest,0.0,1.0
14364,1,0,TimeSeriesForest,0.7,0.3
17886,1,1,TimeSeriesForest,0.18,0.82
9639,0,0,TimeSeriesForest,1.0,0.0
5938,0,0,TimeSeriesForest,0.85,0.15
12599,1,1,TimeSeriesForest,0.0,1.0
12919,1,1,TimeSeriesForest,0.0,1.0
1784,0,0,TimeSeriesForest,0.54,0.46
4390,0,0,TimeSeriesForest,0.78,0.22
16667,1,0,TimeSeriesForest,0.73,0.27
3666,0,0,TimeSeriesForest,0.91,0.09
13303,1,1,TimeSeriesForest,0.0,1.0
12836,1,1,TimeSeriesForest,0.0,1.0
10446,1,0,TimeSeriesForest,0.68,0.32
2633,0,0,TimeSeriesForest,0.76,0.24
18250,1,1,TimeSeriesForest,0.24,0.76
14423,1,0,TimeSeriesForest,0.67,0.33
6523,0,0,TimeSeriesForest,0.76,0.24
10634,1,1,TimeSeriesForest,0.0,1.0
14400,1,0,TimeSeriesForest,0.62,0.38
3433,0,0,TimeSeriesForest,0.6,0.4
15089,1,0,TimeSeriesForest,0.76,0.24
19574,1,1,TimeSeriesForest,0.0,1.0
6934,0,0,TimeSeriesForest,0.65,0.35
15580,1,1,TimeSeriesForest,0.44,0.56
12421,1,1,TimeSeriesForest,0.0,1.0
18391,1,1,TimeSeriesForest,0.01,0.99
15895,1,1,TimeSeriesForest,0.0,1.0
705,0,0,TimeSeriesForest,0.6,0.4
17994,1,1,TimeSeriesForest,0.02,0.98
6234,0,0,TimeSeriesForest,0.79,0.21
16871,1,0,TimeSeriesForest,0.66,0.34
15314,1,0,TimeSeriesForest,0.72,0.28
18447,1,1,TimeSeriesForest,0.05,0.95
8782,0,0,TimeSeriesForest,0.91,0.09
2951,0,0,TimeSeriesForest,0.73,0.27
14224,1,0,TimeSeriesForest,0.68,0.32
11887,1,1,TimeSeriesForest,0.0,1.0
15699,1,0,TimeSeriesForest,0.63,0.37
15322,1,1,TimeSeriesForest,0.48,0.52
17503,1,0,TimeSeriesForest,0.52,0.48
4471,0,0,TimeSeriesForest,0.97,0.03
830,0,0,TimeSeriesForest,0.68,0.32
8652,0,0,TimeSeriesForest,0.97,0.03
11391,1,1,TimeSeriesForest,0.0,1.0
18237,1,1,TimeSeriesForest,0.01,0.99
225,0,0,TimeSeriesForest,0.54,0.46
18573,1,1,TimeSeriesForest,0.02,0.98
2416,0,0,TimeSeriesForest,0.72,0.28
2845,0,0,TimeSeriesForest,0.83,0.17
9026,0,0,TimeSeriesForest,0.98,0.02
946,0,0,TimeSeriesForest,0.77,0.23
13577,1,1,TimeSeriesForest,0.0,1.0
13550,1,1,TimeSeriesForest,0.0,1.0
2449,0,0,TimeSeriesForest,0.81,0.19
12571,1,1,TimeSeriesForest,0.0,1.0
17247,1,0,TimeSeriesForest,0.63,0.37
15634,1,0,TimeSeriesForest,0.5,0.5
13998,1,0,TimeSeriesForest,0.61,0.39
3851,0,0,TimeSeriesForest,0.61,0.39
8774,0,0,TimeSeriesForest,0.75,0.25
16912,1,0,TimeSeriesForest,0.58,0.42
6754,0,0,TimeSeriesForest,0.84,0.16
18768,1,1,TimeSeriesForest,0.05,0.95
4015,0,0,TimeSeriesForest,0.69,0.31
6688,0,0,TimeSeriesForest,0.65,0.35
3944,0,0,TimeSeriesForest,0.64,0.36
14897,1,0,TimeSeriesForest,0.71,0.29
13054,1,1,TimeSeriesForest,0.09,0.91
8405,0,0,TimeSeriesForest,0.98,0.02
6455,0,0,TimeSeriesForest,0.6,0.4
13157,1,1,TimeSeriesForest,0.0,1.0
15338,1,0,TimeSeriesForest,0.76,0.24
13352,1,1,TimeSeriesForest,0.0,1.0
17084,1,0,TimeSeriesForest,0.79,0.21
4671,0,0,TimeSeriesForest,0.7,0.3
15415,1,0,TimeSeriesForest,0.76,0.24
18994,1,0,TimeSeriesForest,0.75,0.25
18287,1,1,TimeSeriesForest,0.0,1.0
7676,0,0,TimeSeriesForest,0.95,0.05
12321,1,1,TimeSeriesForest,0.0,1.0
8188,0,0,TimeSeriesForest,0.78,0.22
2042,0,1,TimeSeriesForest,0.48,0.52
12992,1,1,TimeSeriesForest,0.0,1.0
6920,0,0,TimeSeriesForest,0.7,0.3
16254,1,0,TimeSeriesForest,0.62,0.38
18483,1,1,TimeSeriesForest,0.04,0.96
1531,0,0,TimeSeriesForest,0.71,0.29
15130,1,0,TimeSeriesForest,0.6,0.4
1808,0,0,TimeSeriesForest,0.84,0.16
712,0,0,TimeSeriesForest,0.61,0.39
6704,0,0,TimeSeriesForest,0.5,0.5
4134,0,0,TimeSeriesForest,0.78,0.22
16618,1,0,TimeSeriesForest,0.77,0.23
2400,0,0,TimeSeriesForest,0.79,0.21
12022,1,1,TimeSeriesForest,0.0,1.0
3055,0,0,TimeSeriesForest,0.79,0.21
6964,0,1,TimeSeriesForest,0.38,0.62
5132,0,1,TimeSeriesForest,0.3,0.7
14124,1,0,TimeSeriesForest,0.69,0.31
4633,0,0,TimeSeriesForest,0.82,0.18
19044,1,1,TimeSeriesForest,0.0,1.0
10550,1,0,TimeSeriesForest,0.79,0.21
14397,1,0,TimeSeriesForest,0.85,0.15
6007,0,0,TimeSeriesForest,0.61,0.39
4165,0,0,TimeSeriesForest,0.85,0.15
4138,0,0,TimeSeriesForest,0.73,0.27
11507,1,1,TimeSeriesForest,0.0,1.0
12715,1,1,TimeSeriesForest,0.0,1.0
11602,1,1,TimeSeriesForest,0.0,1.0
3098,0,0,TimeSeriesForest,0.71,0.29
17019,1,0,TimeSeriesForest,0.67,0.33
2775,0,0,TimeSeriesForest,0.8,0.2
17726,1,1,TimeSeriesForest,0.06,0.94
10223,1,1,TimeSeriesForest,0.0,1.0
14412,1,0,TimeSeriesForest,0.54,0.46
15307,1,0,TimeSeriesForest,0.7,0.3
16765,1,0,TimeSeriesForest,0.52,0.48
9987,0,0,TimeSeriesForest,0.99,0.01
4911,0,0,TimeSeriesForest,0.5,0.5
17093,1,0,TimeSeriesForest,0.78,0.22
6244,0,0,TimeSeriesForest,0.52,0.48
9907,0,0,TimeSeriesForest,0.9,0.1
9636,0,0,TimeSeriesForest,0.73,0.27
4287,0,0,TimeSeriesForest,0.52,0.48
14422,1,0,TimeSeriesForest,0.63,0.37
2329,0,0,TimeSeriesForest,0.7,0.3
4381,0,0,TimeSeriesForest,0.73,0.27
723,0,0,TimeSeriesForest,0.73,0.27
12675,1,1,TimeSeriesForest,0.0,1.0
18471,1,1,TimeSeriesForest,0.0,1.0
8129,0,0,TimeSeriesForest,0.81,0.19
7582,0,0,TimeSeriesForest,0.84,0.16
7055,0,0,TimeSeriesForest,0.74,0.26
19016,1,1,TimeSeriesForest,0.0,1.0
2245,0,0,TimeSeriesForest,0.56,0.44
11418,1,1,TimeSeriesForest,0.0,1.0
5335,0,0,TimeSeriesForest,0.65,0.35
3611,0,0,TimeSeriesForest,0.71,0.29
3789,0,0,TimeSeriesForest,0.69,0.31
11368,1,1,TimeSeriesForest,0.0,1.0
13706,1,1,TimeSeriesForest,0.0,1.0
14511,1,1,TimeSeriesForest,0.48,0.52
14145,1,0,TimeSeriesForest,0.69,0.31
13355,1,1,TimeSeriesForest,0.01,0.99
15399,1,0,TimeSeriesForest,0.65,0.35
16431,1,0,TimeSeriesForest,0.82,0.18
13198,1,1,TimeSeriesForest,0.01,0.99
15297,1,0,TimeSeriesForest,0.6,0.4
11517,1,1,TimeSeriesForest,0.0,1.0
11668,1,1,TimeSeriesForest,0.0,1.0
3390,0,0,TimeSeriesForest,0.84,0.16
1673,0,0,TimeSeriesForest,0.75,0.25
18843,1,1,TimeSeriesForest,0.02,0.98
7689,0,0,TimeSeriesForest,0.83,0.17
6209,0,0,TimeSeriesForest,0.71,0.29
5521,0,0,TimeSeriesForest,0.69,0.31
11658,1,1,TimeSeriesForest,0.0,1.0
6328,0,0,TimeSeriesForest,0.75,0.25
10517,1,1,TimeSeriesForest,0.01,0.99
16621,1,0,TimeSeriesForest,0.56,0.44
19062,1,0,TimeSeriesForest,0.84,0.16
7774,0,0,TimeSeriesForest,0.99,0.01
2253,0,0,TimeSeriesForest,0.75,0.25
15023,1,0,TimeSeriesForest,0.76,0.24
11438,1,1,TimeSeriesForest,0.0,1.0
17160,1,0,TimeSeriesForest,0.72,0.28
8928,0,0,TimeSeriesForest,0.98,0.02
4781,0,0,TimeSeriesForest,0.61,0.39
4945,0,0,TimeSeriesForest,0.68,0.32
8156,0,0,TimeSeriesForest,0.71,0.29
13182,1,1,TimeSeriesForest,0.04,0.96
13565,1,1,TimeSeriesForest,0.0,1.0
8682,0,0,TimeSeriesForest,0.96,0.04
4474,0,0,TimeSeriesForest,0.65,0.35
5681,0,0,TimeSeriesForest,0.79,0.21
9525,0,0,TimeSeriesForest,0.88,0.12
9825,0,0,TimeSeriesForest,0.97,0.03
5915,0,1,TimeSeriesForest,0.46,0.54
8445,0,0,TimeSeriesForest,0.99,0.01
17864,1,1,TimeSeriesForest,0.05,0.95
3565,0,0,TimeSeriesForest,0.81,0.19
11172,1,1,TimeSeriesForest,0.0,1.0
13532,1,1,TimeSeriesForest,0.0,1.0
2479,0,0,TimeSeriesForest,0.72,0.28
9677,0,0,TimeSeriesForest,0.72,0.28
8818,0,0,TimeSeriesForest,0.98,0.02
12109,1,1,TimeSeriesForest,0.0,1.0
13875,1,1,TimeSeriesForest,0.0,1.0
7947,0,0,TimeSeriesForest,0.92,0.08
6437,0,0,TimeSeriesForest,0.67,0.33
9143,0,0,TimeSeriesForest,0.96,0.04
18434,1,1,TimeSeriesForest,0.21,0.79
14286,1,1,TimeSeriesForest,0.48,0.52
8116,0,0,TimeSeriesForest,0.93,0.07
9094,0,0,TimeSeriesForest,0.75,0.25
937,0,0,TimeSeriesForest,0.79,0.21
11808,1,1,TimeSeriesForest,0.0,1.0
13078,1,1,TimeSeriesForest,0.0,1.0
12304,1,1,TimeSeriesForest,0.0,1.0
13324,1,1,TimeSeriesForest,0.0,1.0
9229,0,0,TimeSeriesForest,0.8,0.2
1310,0,0,TimeSeriesForest,0.75,0.25
14936,1,0,TimeSeriesForest,0.64,0.36
13630,1,1,TimeSeriesForest,0.0,1.0
17569,1,1,TimeSeriesForest,0.15,0.85
13116,1,1,TimeSeriesForest,0.0,1.0
15267,1,0,TimeSeriesForest,0.63,0.37
6162,0,0,TimeSeriesForest,0.77,0.23
1953,0,0,TimeSeriesForest,0.91,0.09
4489,0,0,TimeSeriesForest,0.74,0.26
300,0,0,TimeSeriesForest,0.56,0.44
293,0,0,TimeSeriesForest,0.76,0.24
1968,0,0,TimeSeriesForest,0.77,0.23
17960,1,1,TimeSeriesForest,0.0,1.0
16826,1,0,TimeSeriesForest,0.8,0.2
8034,0,0,TimeSeriesForest,0.98,0.02
11617,1,1,TimeSeriesForest,0.0,1.0
4172,0,0,TimeSeriesForest,0.79,0.21
10884,1,1,TimeSeriesForest,0.0,1.0
554,0,0,TimeSeriesForest,0.63,0.37
6797,0,0,TimeSeriesForest,0.58,0.42
3914,0,0,TimeSeriesForest,0.69,0.31
13599,1,1,TimeSeriesForest,0.0,1.0
4294,0,0,TimeSeriesForest,0.92,0.08
9236,0,0,TimeSeriesForest,0.94,0.06
13251,1,1,TimeSeriesForest,0.0,1.0
13821,1,1,TimeSeriesForest,0.0,1.0
2001,0,0,TimeSeriesForest,0.69,0.31
7044,0,1,TimeSeriesForest,0.1,0.9
4586,0,0,TimeSeriesForest,0.7,0.3
13423,1,1,TimeSeriesForest,0.0,1.0
11712,1,1,TimeSeriesForest,0.0,1.0
18634,1,1,TimeSeriesForest,0.02,0.98
11478,1,1,TimeSeriesForest,0.0,1.0
3569,0,0,TimeSeriesForest,0.76,0.24
19173,1,1,TimeSeriesForest,0.19,0.81
18193,1,1,TimeSeriesForest,0.02,0.98
2732,0,0,TimeSeriesForest,0.76,0.24
13688,1,1,TimeSeriesForest,0.0,1.0
9810,0,0,TimeSeriesForest,0.92,0.08
13873,1,1,TimeSeriesForest,0.0,1.0
5120,0,0,TimeSeriesForest,0.63,0.37
15681,1,1,TimeSeriesForest,0.32,0.68
14033,1,1,TimeSeriesForest,0.4,0.6
1177,0,0,TimeSeriesForest,0.79,0.21
5272,0,0,TimeSeriesForest,0.58,0.42
15623,1,1,TimeSeriesForest,0.37,0.63
17442,1,1,TimeSeriesForest,0.08,0.92
6362,0,1,TimeSeriesForest,0.21,0.79
2100,0,0,TimeSeriesForest,0.73,0.27
665,0,0,TimeSeriesForest,0.7,0.3
982,0,0,TimeSeriesForest,0.57,0.43
2696,0,0,TimeSeriesForest,0.68,0.32
10464,1,1,TimeSeriesForest,0.04,0.96
4498,0,0,TimeSeriesForest,0.69,0.31
11554,1,1,TimeSeriesForest,0.0,1.0
19160,1,0,TimeSeriesForest,0.9,0.1
5609,0,0,TimeSeriesForest,0.62,0.38
2832,0,0,TimeSeriesForest,0.77,0.23
11377,1,1,TimeSeriesForest,0.0,1.0
6061,0,0,TimeSeriesForest,0.64,0.36
15472,1,1,TimeSeriesForest,0.49,0.51
5093,0,1,TimeSeriesForest,0.47,0.53
11952,1,1,TimeSeriesForest,0.05,0.95
6518,0,0,TimeSeriesForest,0.58,0.42
8447,0,0,TimeSeriesForest,0.81,0.19
10796,1,1,TimeSeriesForest,0.0,1.0
13735,1,1,TimeSeriesForest,0.0,1.0
10654,1,0,TimeSeriesForest,0.61,0.39
12842,1,1,TimeSeriesForest,0.0,1.0
17763,1,1,TimeSeriesForest,0.02,0.98
5948,0,0,TimeSeriesForest,0.77,0.23
8954,0,0,TimeSeriesForest,0.95,0.05
563,0,0,TimeSeriesForest,0.68,0.32
13389,1,1,TimeSeriesForest,0.0,1.0
7846,0,0,TimeSeriesForest,0.97,0.03
13756,1,1,TimeSeriesForest,0.0,1.0
15048,1,0,TimeSeriesForest,0.55,0.45
14765,1,0,TimeSeriesForest,0.81,0.19
7545,0,0,TimeSeriesForest,0.97,0.03
15571,1,0,TimeSeriesForest,0.79,0.21
1064,0,0,TimeSeriesForest,0.85,0.15
1895,0,0,TimeSeriesForest,0.52,0.48
10290,1,1,TimeSeriesForest,0.0,1.0
18986,1,1,TimeSeriesForest,0.01,0.99
12899,1,1,TimeSeriesForest,0.0,1.0
4617,0,0,TimeSeriesForest,0.82,0.18
12584,1,1,TimeSeriesForest,0.0,1.0
5661,0,0,TimeSeriesForest,0.64,0.36
18456,1,1,TimeSeriesForest,0.01,0.99
10939,1,1,TimeSeriesForest,0.0,1.0
1211,0,0,TimeSeriesForest,0.89,0.11
18668,1,1,TimeSeriesForest,0.14,0.86
4883,0,0,TimeSeriesForest,0.7,0.3
15483,1,1,TimeSeriesForest,0.34,0.66
1763,0,1,TimeSeriesForest,0.0,1.0
10204,1,1,TimeSeriesForest,0.0,1.0
6519,0,0,TimeSeriesForest,0.54,0.46
14805,1,0,TimeSeriesForest,0.7,0.3
14214,1,0,TimeSeriesForest,0.8,0.2
10040,1,1,TimeSeriesForest,0.0,1.0
10025,1,1,TimeSeriesForest,0.0,1.0
13219,1,1,TimeSeriesForest,0.0,1.0
6213,0,0,TimeSeriesForest,0.87,0.13
2713,0,0,TimeSeriesForest,0.66,0.34
4438,0,0,TimeSeriesForest,0.82,0.18
9234,0,0,TimeSeriesForest,0.74,0.26
12844,1,1,TimeSeriesForest,0.0,1.0
15375,1,0,TimeSeriesForest,0.71,0.29
11170,1,1,TimeSeriesForest,0.0,1.0
16687,1,0,TimeSeriesForest,0.76,0.24
4325,0,0,TimeSeriesForest,0.67,0.33
12558,1,1,TimeSeriesForest,0.0,1.0
983,0,0,TimeSeriesForest,0.73,0.27
11853,1,1,TimeSeriesForest,0.01,0.99
16245,1,0,TimeSeriesForest,0.77,0.23
4492,0,0,TimeSeriesForest,0.66,0.34
3620,0,0,TimeSeriesForest,0.71,0.29
831,0,0,TimeSeriesForest,0.66,0.34
818,0,0,TimeSeriesForest,0.8,0.2
18792,1,1,TimeSeriesForest,0.02,0.98
18820,1,1,TimeSeriesForest,0.01,0.99
17853,1,1,TimeSeriesForest,0.03,0.97
12839,1,1,TimeSeriesForest,0.09,0.91
11851,1,1,TimeSeriesForest,0.0,1.0
7508,0,0,TimeSeriesForest,0.96,0.04
13671,1,1,TimeSeriesForest,0.0,1.0
8550,0,0,TimeSeriesForest,1.0,0.0
3601,0,0,TimeSeriesForest,0.64,0.36
16914,1,0,TimeSeriesForest,0.85,0.15
5887,0,0,TimeSeriesForest,0.56,0.44
7077,0,0,TimeSeriesForest,0.8,0.2
2295,0,0,TimeSeriesForest,0.85,0.15
1302,0,0,TimeSeriesForest,0.57,0.43
9172,0,0,TimeSeriesForest,0.97,0.03
16636,1,0,TimeSeriesForest,0.75,0.25
15414,1,1,TimeSeriesForest,0.4,0.6
1125,0,0,TimeSeriesForest,0.68,0.32
2680,0,0,TimeSeriesForest,0.77,0.23
15377,1,0,TimeSeriesForest,0.69,0.31
1019,0,0,TimeSeriesForest,0.74,0.26
10085,1,1,TimeSeriesForest,0.0,1.0
14394,1,0,TimeSeriesForest,0.54,0.46
11258,1,1,TimeSeriesForest,0.0,1.0
19347,1,1,TimeSeriesForest,0.0,1.0
401,0,0,TimeSeriesForest,0.71,0.29
12835,1,1,TimeSeriesForest,0.0,1.0
9649,0,0,TimeSeriesForest,0.95,0.05
14492,1,0,TimeSeriesForest,0.62,0.38
5819,0,0,TimeSeriesForest,0.71,0.29
9402,0,0,TimeSeriesForest,0.89,0.11
4431,0,0,TimeSeriesForest,0.75,0.25
14887,1,0,TimeSeriesForest,0.71,0.29
5662,0,0,TimeSeriesForest,0.72,0.28
9645,0,0,TimeSeriesForest,0.99,0.01
5358,0,0,TimeSeriesForest,0.76,0.24
16874,1,0,TimeSeriesForest,0.57,0.43
7603,0,0,TimeSeriesForest,0.96,0.04
9436,0,0,TimeSeriesForest,0.96,0.04
6093,0,0,TimeSeriesForest,0.57,0.43
902,0,0,TimeSeriesForest,0.68,0.32
3229,0,0,TimeSeriesForest,0.8,0.2
74,0,0,TimeSeriesForest,0.65,0.35
1800,0,1,TimeSeriesForest,0.35,0.65
6172,0,0,TimeSeriesForest,0.74,0.26
16757,1,0,TimeSeriesForest,0.79,0.21
18620,1,1,TimeSeriesForest,0.42,0.58
5231,0,0,TimeSeriesForest,0.74,0.26
7403,0,0,TimeSeriesForest,0.76,0.24
4364,0,0,TimeSeriesForest,0.87,0.13
16814,1,0,TimeSeriesForest,0.74,0.26
3926,0,0,TimeSeriesForest,0.7,0.3
4855,0,0,TimeSeriesForest,0.72,0.28
14477,1,0,TimeSeriesForest,0.58,0.42
13832,1,1,TimeSeriesForest,0.0,1.0
568,0,0,TimeSeriesForest,0.79,0.21
15016,1,0,TimeSeriesForest,0.62,0.38
1037,0,0,TimeSeriesForest,0.7,0.3
127,0,0,TimeSeriesForest,0.8,0.2
9114,0,0,TimeSeriesForest,0.65,0.35
4125,0,0,TimeSeriesForest,0.76,0.24
18464,1,1,TimeSeriesForest,0.43,0.57
14742,1,0,TimeSeriesForest,0.75,0.25
2162,0,0,TimeSeriesForest,0.77,0.23
13687,1,1,TimeSeriesForest,0.0,1.0
12573,1,1,TimeSeriesForest,0.0,1.0
2157,0,0,TimeSeriesForest,0.76,0.24
7378,0,1,TimeSeriesForest,0.37,0.63
3250,0,0,TimeSeriesForest,0.7,0.3
16665,1,0,TimeSeriesForest,0.67,0.33
13453,1,1,TimeSeriesForest,0.0,1.0
18677,1,1,TimeSeriesForest,0.17,0.83
5227,0,1,TimeSeriesForest,0.32,0.68
13247,1,1,TimeSeriesForest,0.0,1.0
4313,0,0,TimeSeriesForest,0.81,0.19
14885,1,0,TimeSeriesForest,0.76,0.24
4434,0,0,TimeSeriesForest,0.69,0.31
7970,0,0,TimeSeriesForest,0.95,0.05
8536,0,0,TimeSeriesForest,0.94,0.06
3454,0,0,TimeSeriesForest,0.59,0.41
13860,1,1,TimeSeriesForest,0.21,0.79
6634,0,0,TimeSeriesForest,0.74,0.26
6658,0,0,TimeSeriesForest,0.64,0.36
12404,1,1,TimeSeriesForest,0.0,1.0
14103,1,0,TimeSeriesForest,0.64,0.36
12637,1,1,TimeSeriesForest,0.0,1.0
11293,1,1,TimeSeriesForest,0.0,1.0
13705,1,1,TimeSeriesForest,0.0,1.0
14158,1,0,TimeSeriesForest,0.59,0.41
8086,0,0,TimeSeriesForest,0.97,0.03
14673,1,0,TimeSeriesForest,0.72,0.28
69,0,0,TimeSeriesForest,0.86,0.14
2932,0,0,TimeSeriesForest,0.89,0.11
10388,1,1,TimeSeriesForest,0.41,0.59
18832,1,1,TimeSeriesForest,0.0,1.0
10093,1,1,TimeSeriesForest,0.0,1.0
18519,1,1,TimeSeriesForest,0.0,1.0
13411,1,1,TimeSeriesForest,0.0,1.0
10715,1,1,TimeSeriesForest,0.24,0.76
12144,1,1,TimeSeriesForest,0.02,0.98
13809,1,1,TimeSeriesForest,0.01,0.99
9202,0,0,TimeSeriesForest,0.96,0.04
13552,1,1,TimeSeriesForest,0.0,1.0
11179,1,1,TimeSeriesForest,0.0,1.0
3518,0,0,TimeSeriesForest,0.63,0.37
2912,0,0,TimeSeriesForest,0.74,0.26
449,0,0,TimeSeriesForest,0.61,0.39
490,0,0,TimeSeriesForest,0.8,0.2
2711,0,0,TimeSeriesForest,0.7,0.3
15214,1,0,TimeSeriesForest,0.62,0.38
19057,1,1,TimeSeriesForest,0.23,0.77
3592,0,0,TimeSeriesForest,0.74,0.26
13012,1,1,TimeSeriesForest,0.0,1.0
7554,0,0,TimeSeriesForest,0.95,0.05
7488,0,0,TimeSeriesForest,0.85,0.15
8464,0,0,TimeSeriesForest,0.97,0.03
4219,0,0,TimeSeriesForest,0.66,0.34
6430,0,0,TimeSeriesForest,0.61,0.39
2482,0,1,TimeSeriesForest,0.23,0.77
8731,0,0,TimeSeriesForest,0.96,0.04
13953,1,0,TimeSeriesForest,0.52,0.48
9610,0,0,TimeSeriesForest,0.94,0.06
6143,0,0,TimeSeriesForest,0.77,0.23
11226,1,1,TimeSeriesForest,0.0,1.0
12009,1,1,TimeSeriesForest,0.09,0.91
17319,1,1,TimeSeriesForest,0.17,0.83
7871,0,0,TimeSeriesForest,0.89,0.11
5084,0,1,TimeSeriesForest,0.44,0.56
8484,0,0,TimeSeriesForest,0.72,0.28
12460,1,1,TimeSeriesForest,0.0,1.0
2257,0,0,TimeSeriesForest,0.57,0.43
14472,1,0,TimeSeriesForest,0.7,0.3
18176,1,1,TimeSeriesForest,0.02,0.98
14439,1,0,TimeSeriesForest,0.69,0.31
14690,1,0,TimeSeriesForest,0.71,0.29
12260,1,1,TimeSeriesForest,0.0,1.0
97,0,0,TimeSeriesForest,0.64,0.36
158,0,0,TimeSeriesForest,0.88,0.12
8681,0,0,TimeSeriesForest,0.85,0.15
15499,1,1,TimeSeriesForest,0.31,0.69
10759,1,0,TimeSeriesForest,0.99,0.01
10699,1,1,TimeSeriesForest,0.03,0.97
736,0,0,TimeSeriesForest,0.81,0.19
4676,0,0,TimeSeriesForest,0.7,0.3
215,0,0,TimeSeriesForest,0.77,0.23
9464,0,0,TimeSeriesForest,0.89,0.11
18416,1,1,TimeSeriesForest,0.02,0.98
3094,0,0,TimeSeriesForest,0.67,0.33
2050,0,0,TimeSeriesForest,0.69,0.31
11816,1,1,TimeSeriesForest,0.0,1.0
2613,0,0,TimeSeriesForest,0.72,0.28
5786,0,0,TimeSeriesForest,0.81,0.19
1670,0,0,TimeSeriesForest,0.66,0.34
9022,0,0,ROCKET,1.0,0.0
18183,1,1,ROCKET,0.0,1.0
3042,0,0,ROCKET,1.0,0.0
6053,0,0,ROCKET,1.0,0.0
18594,1,0,ROCKET,1.0,0.0
12590,1,1,ROCKET,0.0,1.0
1650,0,0,ROCKET,1.0,0.0
1624,0,0,ROCKET,1.0,0.0
240,0,0,ROCKET,1.0,0.0
15676,1,1,ROCKET,0.0,1.0
14396,1,1,ROCKET,0.0,1.0
14357,1,1,ROCKET,0.0,1.0
6793,0,0,ROCKET,1.0,0.0
14930,1,1,ROCKET,0.0,1.0
8939,0,0,ROCKET,1.0,0.0
6643,0,0,ROCKET,1.0,0.0
15523,1,1,ROCKET,0.0,1.0
4038,0,0,ROCKET,1.0,0.0
4312,0,0,ROCKET,1.0,0.0
9310,0,0,ROCKET,1.0,0.0
19873,1,1,ROCKET,0.0,1.0
6948,0,0,ROCKET,1.0,0.0
4888,0,0,ROCKET,1.0,0.0
17578,1,0,ROCKET,1.0,0.0
5296,0,0,ROCKET,1.0,0.0
14151,1,1,ROCKET,0.0,1.0
18928,1,1,ROCKET,0.0,1.0
11858,1,1,ROCKET,0.0,1.0
5825,0,0,ROCKET,1.0,0.0
19015,1,0,ROCKET,1.0,0.0
5981,0,0,ROCKET,1.0,0.0
4972,0,0,ROCKET,1.0,0.0
9524,0,0,ROCKET,1.0,0.0
18157,1,1,ROCKET,0.0,1.0
12667,1,1,ROCKET,0.0,1.0
1792,0,1,ROCKET,0.0,1.0
1579,0,0,ROCKET,1.0,0.0
4441,0,0,ROCKET,1.0,0.0
6274,0,0,ROCKET,1.0,0.0
829,0,0,ROCKET,1.0,0.0
18548,1,0,ROCKET,1.0,0.0
10394,1,0,ROCKET,1.0,0.0
9380,0,0,ROCKET,1.0,0.0
6054,0,0,ROCKET,1.0,0.0
19509,1,1,ROCKET,0.0,1.0
5931,0,0,ROCKET,1.0,0.0
6295,0,0,ROCKET,1.0,0.0
8393,0,0,ROCKET,1.0,0.0
18656,1,1,ROCKET,0.0,1.0
2968,0,0,ROCKET,1.0,0.0
12736,1,1,ROCKET,0.0,1.0
4117,0,0,ROCKET,1.0,0.0
15799,1,1,ROCKET,0.0,1.0
15748,1,1,ROCKET,0.0,1.0
8894,0,0,ROCKET,1.0,0.0
18638,1,1,ROCKET,0.0,1.0
1338,0,0,ROCKET,1.0,0.0
5390,0,0,ROCKET,1.0,0.0
1434,0,0,ROCKET,1.0,0.0
9268,0,0,ROCKET,1.0,0.0
14647,1,1,ROCKET,0.0,1.0
7238,0,0,ROCKET,1.0,0.0
4859,0,0,ROCKET,1.0,0.0
489,0,0,ROCKET,1.0,0.0
19100,1,0,ROCKET,1.0,0.0
1022,0,0,ROCKET,1.0,0.0
2712,0,0,ROCKET,1.0,0.0
13007,1,1,ROCKET,0.0,1.0
6757,0,0,ROCKET,1.0,0.0
8090,0,0,ROCKET,1.0,0.0
18012,1,0,ROCKET,1.0,0.0
18692,1,0,ROCKET,1.0,0.0
15849,1,1,ROCKET,0.0,1.0
12859,1,1,ROCKET,0.0,1.0
7074,0,0,ROCKET,1.0,0.0
4361,0,1,ROCKET,0.0,1.0
922,0,0,ROCKET,1.0,0.0
17827,1,0,ROCKET,1.0,0.0
3725,0,0,ROCKET,1.0,0.0
13678,1,1,ROCKET,0.0,1.0
2694,0,0,ROCKET,1.0,0.0
18407,1,0,ROCKET,1.0,0.0
11312,1,1,ROCKET,0.0,1.0
4209,0,0,ROCKET,1.0,0.0
4806,0,0,ROCKET,1.0,0.0
15359,1,0,ROCKET,1.0,0.0
5723,0,0,ROCKET,1.0,0.0
18315,1,1,ROCKET,0.0,1.0
4622,0,0,ROCKET,1.0,0.0
7809,0,0,ROCKET,1.0,0.0
2798,0,0,ROCKET,1.0,0.0
5770,0,0,ROCKET,1.0,0.0
19848,1,1,ROCKET,0.0,1.0
13608,1,1,ROCKET,0.0,1.0
11852,1,0,ROCKET,1.0,0.0
10442,1,0,ROCKET,1.0,0.0
5197,0,0,ROCKET,1.0,0.0
7344,0,0,ROCKET,1.0,0.0
8413,0,0,ROCKET,1.0,0.0
14641,1,0,ROCKET,1.0,0.0
2662,0,0,ROCKET,1.0,0.0
14505,1,1,ROCKET,0.0,1.0
10231,1,1,ROCKET,0.0,1.0
19388,1,1,ROCKET,0.0,1.0
15241,1,0,ROCKET,1.0,0.0
8522,0,0,ROCKET,1.0,0.0
16931,1,1,ROCKET,0.0,1.0
5347,0,0,ROCKET,1.0,0.0
7899,0,0,ROCKET,1.0,0.0
1858,0,0,ROCKET,1.0,0.0
13473,1,1,ROCKET,0.0,1.0
8500,0,0,ROCKET,1.0,0.0
9390,0,0,ROCKET,1.0,0.0
370,0,0,ROCKET,1.0,0.0
2364,0,0,ROCKET,1.0,0.0
9623,0,0,ROCKET,1.0,0.0
12676,1,1,ROCKET,0.0,1.0
3005,0,0,ROCKET,1.0,0.0
3325,0,0,ROCKET,1.0,0.0
8967,0,0,ROCKET,1.0,0.0
5912,0,0,ROCKET,1.0,0.0
9447,0,0,ROCKET,1.0,0.0
16863,1,0,ROCKET,1.0,0.0
12554,1,1,ROCKET,0.0,1.0
9772,0,0,ROCKET,1.0,0.0
10563,1,0,ROCKET,1.0,0.0
12677,1,1,ROCKET,0.0,1.0
11772,1,1,ROCKET,0.0,1.0
4062,0,0,ROCKET,1.0,0.0
10917,1,1,ROCKET,0.0,1.0
224,0,0,ROCKET,1.0,0.0
17545,1,0,ROCKET,1.0,0.0
15482,1,0,ROCKET,1.0,0.0
5499,0,0,ROCKET,1.0,0.0
18581,1,0,ROCKET,1.0,0.0
85,0,0,ROCKET,1.0,0.0
2741,0,0,ROCKET,1.0,0.0
2557,0,0,ROCKET,1.0,0.0
14786,1,0,ROCKET,1.0,0.0
14729,1,1,ROCKET,0.0,1.0
8944,0,0,ROCKET,1.0,0.0
15535,1,1,ROCKET,0.0,1.0
10586,1,0,ROCKET,1.0,0.0
10704,1,0,ROCKET,1.0,0.0
1507,0,1,ROCKET,0.0,1.0
19037,1,1,ROCKET,0.0,1.0
9902,0,0,ROCKET,1.0,0.0
6281,0,0,ROCKET,1.0,0.0
15281,1,1,ROCKET,0.0,1.0
3452,0,0,ROCKET,1.0,0.0
3473,0,0,ROCKET,1.0,0.0
4556,0,0,ROCKET,1.0,0.0
7868,0,0,ROCKET,1.0,0.0
9706,0,0,ROCKET,1.0,0.0
14116,1,1,ROCKET,0.0,1.0
2976,0,0,ROCKET,1.0,0.0
14257,1,0,ROCKET,1.0,0.0
235,0,0,ROCKET,1.0,0.0
8173,0,0,ROCKET,1.0,0.0
13607,1,1,ROCKET,0.0,1.0
9656,0,0,ROCKET,1.0,0.0
16992,1,0,ROCKET,1.0,0.0
11570,1,1,ROCKET,0.0,1.0
1411,0,0,ROCKET,1.0,0.0
4910,0,0,ROCKET,1.0,0.0
515,0,0,ROCKET,1.0,0.0
12894,1,1,ROCKET,0.0,1.0
12316,1,1,ROCKET,0.0,1.0
9138,0,0,ROCKET,1.0,0.0
18118,1,0,ROCKET,1.0,0.0
7097,0,0,ROCKET,1.0,0.0
1857,0,0,ROCKET,1.0,0.0
6516,0,0,ROCKET,1.0,0.0
9712,0,0,ROCKET,1.0,0.0
973,0,0,ROCKET,1.0,0.0
5369,0,1,ROCKET,0.0,1.0
19247,1,1,ROCKET,0.0,1.0
5958,0,0,ROCKET,1.0,0.0
3511,0,0,ROCKET,1.0,0.0
15574,1,1,ROCKET,0.0,1.0
3673,0,0,ROCKET,1.0,0.0
8975,0,0,ROCKET,1.0,0.0
6596,0,0,ROCKET,1.0,0.0
7705,0,0,ROCKET,1.0,0.0
2180,0,0,ROCKET,1.0,0.0
9785,0,0,ROCKET,1.0,0.0
2965,0,0,ROCKET,1.0,0.0
1029,0,0,ROCKET,1.0,0.0
12117,1,1,ROCKET,0.0,1.0
6674,0,0,ROCKET,1.0,0.0
2873,0,0,ROCKET,1.0,0.0
18570,1,1,ROCKET,0.0,1.0
13212,1,1,ROCKET,0.0,1.0
10370,1,1,ROCKET,0.0,1.0
14426,1,0,ROCKET,1.0,0.0
2780,0,0,ROCKET,1.0,0.0
10185,1,1,ROCKET,0.0,1.0
2073,0,0,ROCKET,1.0,0.0
14461,1,1,ROCKET,0.0,1.0
8211,0,0,ROCKET,1.0,0.0
17098,1,0,ROCKET,1.0,0.0
18765,1,1,ROCKET,0.0,1.0
5149,0,0,ROCKET,1.0,0.0
3855,0,0,ROCKET,1.0,0.0
4870,0,0,ROCKET,1.0,0.0
14626,1,1,ROCKET,0.0,1.0
2031,0,0,ROCKET,1.0,0.0
17954,1,0,ROCKET,1.0,0.0
5711,0,0,ROCKET,1.0,0.0
13076,1,1,ROCKET,0.0,1.0
17973,1,0,ROCKET,1.0,0.0
11033,1,1,ROCKET,0.0,1.0
17636,1,1,ROCKET,0.0,1.0
718,0,0,ROCKET,1.0,0.0
4250,0,0,ROCKET,1.0,0.0
7984,0,0,ROCKET,1.0,0.0
10286,1,1,ROCKET,0.0,1.0
5297,0,0,ROCKET,1.0,0.0
16426,1,0,ROCKET,1.0,0.0
2812,0,0,ROCKET,1.0,0.0
12851,1,1,ROCKET,0.0,1.0
5184,0,1,ROCKET,0.0,1.0
13334,1,1,ROCKET,0.0,1.0
6758,0,0,ROCKET,1.0,0.0
15594,1,0,ROCKET,1.0,0.0
548,0,0,ROCKET,1.0,0.0
13296,1,1,ROCKET,0.0,1.0
13424,1,1,ROCKET,0.0,1.0
7200,0,0,ROCKET,1.0,0.0
7921,0,0,ROCKET,1.0,0.0
189,0,0,ROCKET,1.0,0.0
7348,0,0,ROCKET,1.0,0.0
2197,0,0,ROCKET,1.0,0.0
4139,0,0,ROCKET,1.0,0.0
6537,0,0,ROCKET,1.0,0.0
2431,0,0,ROCKET,1.0,0.0
19511,1,1,ROCKET,0.0,1.0
10106,1,1,ROCKET,0.0,1.0
10769,1,0,ROCKET,1.0,0.0
2740,0,0,ROCKET,1.0,0.0
14988,1,0,ROCKET,1.0,0.0
2539,0,0,ROCKET,1.0,0.0
18213,1,1,ROCKET,0.0,1.0
14327,1,1,ROCKET,0.0,1.0
1985,0,0,ROCKET,1.0,0.0
11646,1,0,ROCKET,1.0,0.0
11931,1,0,ROCKET,1.0,0.0
17781,1,1,ROCKET,0.0,1.0
16701,1,0,ROCKET,1.0,0.0
11894,1,0,ROCKET,1.0,0.0
5153,0,0,ROCKET,1.0,0.0
18621,1,1,ROCKET,0.0,1.0
6235,0,0,ROCKET,1.0,0.0
8375,0,0,ROCKET,1.0,0.0
11965,1,1,ROCKET,0.0,1.0
11474,1,1,ROCKET,0.0,1.0
9304,0,0,ROCKET,1.0,0.0
15591,1,1,ROCKET,0.0,1.0
16580,1,0,ROCKET,1.0,0.0
8866,0,0,ROCKET,1.0,0.0
6818,0,0,ROCKET,1.0,0.0
178,0,1,ROCKET,0.0,1.0
12937,1,1,ROCKET,0.0,1.0
7686,0,0,ROCKET,1.0,0.0
13725,1,1,ROCKET,0.0,1.0
4704,0,0,ROCKET,1.0,0.0
4850,0,1,ROCKET,0.0,1.0
7046,0,0,ROCKET,1.0,0.0
944,0,0,ROCKET,1.0,0.0
737,0,0,ROCKET,1.0,0.0
18442,1,0,ROCKET,1.0,0.0
2505,0,0,ROCKET,1.0,0.0
748,0,0,ROCKET,1.0,0.0
7701,0,0,ROCKET,1.0,0.0
6971,0,0,ROCKET,1.0,0.0
14226,1,1,ROCKET,0.0,1.0
8449,0,0,ROCKET,1.0,0.0
11041,1,1,ROCKET,0.0,1.0
1318,0,0,ROCKET,1.0,0.0
8580,0,0,ROCKET,1.0,0.0
18844,1,0,ROCKET,1.0,0.0
18576,1,0,ROCKET,1.0,0.0
9220,0,0,ROCKET,1.0,0.0
6291,0,0,ROCKET,1.0,0.0
11949,1,1,ROCKET,0.0,1.0
1878,0,0,ROCKET,1.0,0.0
3148,0,0,ROCKET,1.0,0.0
16268,1,0,ROCKET,1.0,0.0
7449,0,0,ROCKET,1.0,0.0
9068,0,0,ROCKET,1.0,0.0
2563,0,0,ROCKET,1.0,0.0
7461,0,0,ROCKET,1.0,0.0
18485,1,0,ROCKET,1.0,0.0
4730,0,0,ROCKET,1.0,0.0
1980,0,0,ROCKET,1.0,0.0
6224,0,0,ROCKET,1.0,0.0
16775,1,0,ROCKET,1.0,0.0
1689,0,0,ROCKET,1.0,0.0
17411,1,0,ROCKET,1.0,0.0
957,0,0,ROCKET,1.0,0.0
14159,1,1,ROCKET,0.0,1.0
19535,1,1,ROCKET,0.0,1.0
10988,1,1,ROCKET,0.0,1.0
14305,1,1,ROCKET,0.0,1.0
11693,1,1,ROCKET,0.0,1.0
5564,0,0,ROCKET,1.0,0.0
3267,0,0,ROCKET,1.0,0.0
14236,1,1,ROCKET,0.0,1.0
19552,1,1,ROCKET,0.0,1.0
10167,1,1,ROCKET,0.0,1.0
3179,0,0,ROCKET,1.0,0.0
19908,1,1,ROCKET,0.0,1.0
16759,1,1,ROCKET,0.0,1.0
10641,1,0,ROCKET,1.0,0.0
1194,0,0,ROCKET,1.0,0.0
6197,0,0,ROCKET,1.0,0.0
18382,1,1,ROCKET,0.0,1.0
11359,1,1,ROCKET,0.0,1.0
8683,0,1,ROCKET,0.0,1.0
9512,0,0,ROCKET,1.0,0.0
4180,0,0,ROCKET,1.0,0.0
8517,0,0,ROCKET,1.0,0.0
11848,1,0,ROCKET,1.0,0.0
13397,1,1,ROCKET,0.0,1.0
12777,1,1,ROCKET,0.0,1.0
16676,1,0,ROCKET,1.0,0.0
9619,0,0,ROCKET,1.0,0.0
13164,1,1,ROCKET,0.0,1.0
337,0,0,ROCKET,1.0,0.0
11692,1,0,ROCKET,1.0,0.0
12471,1,1,ROCKET,0.0,1.0
10746,1,0,ROCKET,1.0,0.0
1615,0,0,ROCKET,1.0,0.0
17301,1,0,ROCKET,1.0,0.0
6251,0,0,ROCKET,1.0,0.0
9153,0,0,ROCKET,1.0,0.0
17005,1,0,ROCKET,1.0,0.0
4810,0,0,ROCKET,1.0,0.0
8869,0,0,ROCKET,1.0,0.0
3377,0,0,ROCKET,1.0,0.0
4466,0,0,ROCKET,1.0,0.0
6128,0,0,ROCKET,1.0,0.0
19202,1,0,ROCKET,1.0,0.0
11648,1,0,ROCKET,1.0,0.0
17561,1,1,ROCKET,0.0,1.0
4932,0,0,ROCKET,1.0,0.0
15868,1,1,ROCKET,0.0,1.0
14307,1,1,ROCKET,0.0,1.0
18659,1,1,ROCKET,0.0,1.0
10989,1,1,ROCKET,0.0,1.0
6120,0,0,ROCKET,1.0,0.0
8760,0,0,ROCKET,1.0,0.0
8352,0,0,ROCKET,1.0,0.0
16686,1,1,ROCKET,0.0,1.0
12871,1,1,ROCKET,0.0,1.0
19715,1,1,ROCKET,0.0,1.0
323,0,0,ROCKET,1.0,0.0
5840,0,0,ROCKET,1.0,0.0
7377,0,0,ROCKET,1.0,0.0
3779,0,0,ROCKET,1.0,0.0
17522,1,0,ROCKET,1.0,0.0
5588,0,0,ROCKET,1.0,0.0
2979,0,0,ROCKET,1.0,0.0
9468,0,0,ROCKET,1.0,0.0
14084,1,1,ROCKET,0.0,1.0
2302,0,0,ROCKET,1.0,0.0
15454,1,1,ROCKET,0.0,1.0
18203,1,1,ROCKET,0.0,1.0
6383,0,0,ROCKET,1.0,0.0
10786,1,1,ROCKET,0.0,1.0
3641,0,0,ROCKET,1.0,0.0
4836,0,0,ROCKET,1.0,0.0
17139,1,0,ROCKET,1.0,0.0
8600,0,0,ROCKET,1.0,0.0
13800,1,1,ROCKET,0.0,1.0
11434,1,1,ROCKET,0.0,1.0
9895,0,1,ROCKET,0.0,1.0
18950,1,1,ROCKET,0.0,1.0
6311,0,0,ROCKET,1.0,0.0
16905,1,0,ROCKET,1.0,0.0
18646,1,1,ROCKET,0.0,1.0
9539,0,0,ROCKET,1.0,0.0
7187,0,0,ROCKET,1.0,0.0
6010,0,0,ROCKET,1.0,0.0
14329,1,1,ROCKET,0.0,1.0
4452,0,0,ROCKET,1.0,0.0
11218,1,1,ROCKET,0.0,1.0
8752,0,0,ROCKET,1.0,0.0
15218,1,0,ROCKET,1.0,0.0
8277,0,0,ROCKET,1.0,0.0
12747,1,1,ROCKET,0.0,1.0
5453,0,0,ROCKET,1.0,0.0
14468,1,0,ROCKET,1.0,0.0
938,0,0,ROCKET,1.0,0.0
10076,1,1,ROCKET,0.0,1.0
18983,1,1,ROCKET,0.0,1.0
16589,1,0,ROCKET,1.0,0.0
14965,1,0,ROCKET,1.0,0.0
16422,1,0,ROCKET,1.0,0.0
4577,0,0,ROCKET,1.0,0.0
2600,0,0,ROCKET,1.0,0.0
7789,0,0,ROCKET,1.0,0.0
17335,1,0,ROCKET,1.0,0.0
16708,1,0,ROCKET,1.0,0.0
4785,0,0,ROCKET,1.0,0.0
5990,0,0,ROCKET,1.0,0.0
2682,0,0,ROCKET,1.0,0.0
18949,1,1,ROCKET,0.0,1.0
7132,0,0,ROCKET,1.0,0.0
9361,0,1,ROCKET,0.0,1.0
18216,1,1,ROCKET,0.0,1.0
18033,1,1,ROCKET,0.0,1.0
3187,0,0,ROCKET,1.0,0.0
3202,0,0,ROCKET,1.0,0.0
13814,1,1,ROCKET,0.0,1.0
5788,0,0,ROCKET,1.0,0.0
10072,1,1,ROCKET,0.0,1.0
9419,0,1,ROCKET,0.0,1.0
832,0,0,ROCKET,1.0,0.0
502,0,0,ROCKET,1.0,0.0
9439,0,0,ROCKET,1.0,0.0
643,0,0,ROCKET,1.0,0.0
18852,1,0,ROCKET,1.0,0.0
9415,0,0,ROCKET,1.0,0.0
6981,0,0,ROCKET,1.0,0.0
13086,1,1,ROCKET,0.0,1.0
9165,0,0,ROCKET,1.0,0.0
6179,0,0,ROCKET,1.0,0.0
10130,1,1,ROCKET,0.0,1.0
11522,1,1,ROCKET,0.0,1.0
4649,0,0,ROCKET,1.0,0.0
1397,0,0,ROCKET,1.0,0.0
6699,0,0,ROCKET,1.0,0.0
8046,0,0,ROCKET,1.0,0.0
17947,1,1,ROCKET,0.0,1.0
8803,0,0,ROCKET,1.0,0.0
14003,1,1,ROCKET,0.0,1.0
6495,0,0,ROCKET,1.0,0.0
580,0,0,ROCKET,1.0,0.0
17662,1,1,ROCKET,0.0,1.0
10193,1,1,ROCKET,0.0,1.0
9133,0,0,ROCKET,1.0,0.0
8154,0,0,ROCKET,1.0,0.0
18947,1,0,ROCKET,1.0,0.0
5008,0,0,ROCKET,1.0,0.0
15609,1,1,ROCKET,0.0,1.0
13990,1,1,ROCKET,0.0,1.0
2668,0,0,ROCKET,1.0,0.0
955,0,1,ROCKET,0.0,1.0
12367,1,1,ROCKET,0.0,1.0
416,0,0,ROCKET,1.0,0.0
9613,0,0,ROCKET,1.0,0.0
7943,0,0,ROCKET,1.0,0.0
10868,1,1,ROCKET,0.0,1.0
3193,0,0,ROCKET,1.0,0.0
17515,1,1,ROCKET,0.0,1.0
17348,1,1,ROCKET,0.0,1.0
9737,0,0,ROCKET,1.0,0.0
17644,1,0,ROCKET,1.0,0.0
12147,1,1,ROCKET,0.0,1.0
9441,0,0,ROCKET,1.0,0.0
16981,1,1,ROCKET,0.0,1.0
3763,0,0,ROCKET,1.0,0.0
17600,1,0,ROCKET,1.0,0.0
14438,1,0,ROCKET,1.0,0.0
16837,1,0,ROCKET,1.0,0.0
1447,0,0,ROCKET,1.0,0.0
17601,1,0,ROCKET,1.0,0.0
9560,0,0,ROCKET,1.0,0.0
12751,1,1,ROCKET,0.0,1.0
5202,0,0,ROCKET,1.0,0.0
10478,1,1,ROCKET,0.0,1.0
7634,0,0,ROCKET,1.0,0.0
903,0,0,ROCKET,1.0,0.0
3532,0,0,ROCKET,1.0,0.0
1171,0,0,ROCKET,1.0,0.0
11260,1,1,ROCKET,0.0,1.0
21,0,0,ROCKET,1.0,0.0
2468,0,0,ROCKET,1.0,0.0
9207,0,0,ROCKET,1.0,0.0
10159,1,1,ROCKET,0.0,1.0
1977,0,0,ROCKET,1.0,0.0
4178,0,0,ROCKET,1.0,0.0
13471,1,1,ROCKET,0.0,1.0
13995,1,1,ROCKET,0.0,1.0
287,0,0,ROCKET,1.0,0.0
14588,1,1,ROCKET,0.0,1.0
7354,0,0,ROCKET,1.0,0.0
13535,1,1,ROCKET,0.0,1.0
19876,1,1,ROCKET,0.0,1.0
4290,0,1,ROCKET,0.0,1.0
7329,0,0,ROCKET,1.0,0.0
11270,1,1,ROCKET,0.0,1.0
12710,1,1,ROCKET,0.0,1.0
13274,1,1,ROCKET,0.0,1.0
6863,0,0,ROCKET,1.0,0.0
15056,1,0,ROCKET,1.0,0.0
1847,0,0,ROCKET,1.0,0.0
10438,1,0,ROCKET,1.0,0.0
899,0,0,ROCKET,1.0,0.0
7731,0,0,ROCKET,1.0,0.0
8829,0,0,ROCKET,1.0,0.0
6821,0,0,ROCKET,1.0,0.0
11399,1,1,ROCKET,0.0,1.0
17085,1,0,ROCKET,1.0,0.0
1696,0,0,ROCKET,1.0,0.0
5449,0,0,ROCKET,1.0,0.0
3884,0,0,ROCKET,1.0,0.0
18210,1,1,ROCKET,0.0,1.0
14587,1,1,ROCKET,0.0,1.0
5140,0,0,ROCKET,1.0,0.0
10509,1,0,ROCKET,1.0,0.0
517,0,0,ROCKET,1.0,0.0
14995,1,0,ROCKET,1.0,0.0
1677,0,0,ROCKET,1.0,0.0
2839,0,0,ROCKET,1.0,0.0
18389,1,1,ROCKET,0.0,1.0
19692,1,1,ROCKET,0.0,1.0
4,0,0,ROCKET,1.0,0.0
12028,1,1,ROCKET,0.0,1.0
6631,0,0,ROCKET,1.0,0.0
10620,1,1,ROCKET,0.0,1.0
14376,1,1,ROCKET,0.0,1.0
8197,0,0,ROCKET,1.0,0.0
7550,0,0,ROCKET,1.0,0.0
11560,1,0,ROCKET,1.0,0.0
17637,1,1,ROCKET,0.0,1.0
2962,0,0,ROCKET,1.0,0.0
4807,0,0,ROCKET,1.0,0.0
1237,0,0,ROCKET,1.0,0.0
6055,0,0,ROCKET,1.0,0.0
5276,0,0,ROCKET,1.0,0.0
6729,0,0,ROCKET,1.0,0.0
9371,0,0,ROCKET,1.0,0.0
13236,1,1,ROCKET,0.0,1.0
5666,0,0,ROCKET,1.0,0.0
15228,1,1,ROCKET,0.0,1.0
9154,0,1,ROCKET,0.0,1.0
14017,1,0,ROCKET,1.0,0.0
10915,1,1,ROCKET,0.0,1.0
2002,0,0,ROCKET,1.0,0.0
4495,0,0,ROCKET,1.0,0.0
15266,1,0,ROCKET,1.0,0.0
13733,1,1,ROCKET,0.0,1.0
17845,1,0,ROCKET,1.0,0.0
7620,0,0,ROCKET,1.0,0.0
11190,1,1,ROCKET,0.0,1.0
3931,0,0,ROCKET,1.0,0.0
18273,1,1,ROCKET,0.0,1.0
18766,1,0,ROCKET,1.0,0.0
2286,0,0,ROCKET,1.0,0.0
3418,0,0,ROCKET,1.0,0.0
14298,1,1,ROCKET,0.0,1.0
10748,1,0,ROCKET,1.0,0.0
3767,0,0,ROCKET,1.0,0.0
3288,0,0,ROCKET,1.0,0.0
7632,0,0,ROCKET,1.0,0.0
12765,1,1,ROCKET,0.0,1.0
453,0,0,ROCKET,1.0,0.0
3231,0,0,ROCKET,1.0,0.0
2947,0,0,ROCKET,1.0,0.0
19041,1,1,ROCKET,0.0,1.0
7366,0,0,ROCKET,1.0,0.0
17572,1,1,ROCKET,0.0,1.0
18664,1,1,ROCKET,0.0,1.0
15431,1,0,ROCKET,1.0,0.0
10733,1,0,ROCKET,1.0,0.0
2809,0,0,ROCKET,1.0,0.0
14020,1,1,ROCKET,0.0,1.0
10912,1,1,ROCKET,0.0,1.0
17589,1,0,ROCKET,1.0,0.0
8250,0,0,ROCKET,1.0,0.0
8039,0,0,ROCKET,1.0,0.0
19863,1,1,ROCKET,0.0,1.0
1039,0,0,ROCKET,1.0,0.0
5894,0,0,ROCKET,1.0,0.0
866,0,1,ROCKET,0.0,1.0
17198,1,0,ROCKET,1.0,0.0
18622,1,1,ROCKET,0.0,1.0
7906,0,0,ROCKET,1.0,0.0
1927,0,0,ROCKET,1.0,0.0
5969,0,0,ROCKET,1.0,0.0
11300,1,1,ROCKET,0.0,1.0
516,0,0,ROCKET,1.0,0.0
12902,1,1,ROCKET,0.0,1.0
7388,0,0,ROCKET,1.0,0.0
15168,1,0,ROCKET,1.0,0.0
13770,1,1,ROCKET,0.0,1.0
9792,0,0,ROCKET,1.0,0.0
17336,1,1,ROCKET,0.0,1.0
2111,0,0,ROCKET,1.0,0.0
6381,0,0,ROCKET,1.0,0.0
18282,1,1,ROCKET,0.0,1.0
5143,0,0,ROCKET,1.0,0.0
3021,0,0,ROCKET,1.0,0.0
17377,1,1,ROCKET,0.0,1.0
3988,0,1,ROCKET,0.0,1.0
15828,1,0,ROCKET,1.0,0.0
15115,1,0,ROCKET,1.0,0.0
662,0,0,ROCKET,1.0,0.0
17362,1,0,ROCKET,1.0,0.0
699,0,0,ROCKET,1.0,0.0
1717,0,0,ROCKET,1.0,0.0
15121,1,1,ROCKET,0.0,1.0
13367,1,1,ROCKET,0.0,1.0
8781,0,0,ROCKET,1.0,0.0
1803,0,0,ROCKET,1.0,0.0
4645,0,0,ROCKET,1.0,0.0
9688,0,0,ROCKET,1.0,0.0
18927,1,1,ROCKET,0.0,1.0
10693,1,1,ROCKET,0.0,1.0
11379,1,1,ROCKET,0.0,1.0
5128,0,0,ROCKET,1.0,0.0
19376,1,1,ROCKET,0.0,1.0
6186,0,0,ROCKET,1.0,0.0
7391,0,0,ROCKET,1.0,0.0
5324,0,0,ROCKET,1.0,0.0
17596,1,1,ROCKET,0.0,1.0
1100,0,0,ROCKET,1.0,0.0
15484,1,1,ROCKET,0.0,1.0
13201,1,1,ROCKET,0.0,1.0
6479,0,0,ROCKET,1.0,0.0
1461,0,0,ROCKET,1.0,0.0
1102,0,0,ROCKET,1.0,0.0
18003,1,0,ROCKET,1.0,0.0
1149,0,0,ROCKET,1.0,0.0
15904,1,1,ROCKET,0.0,1.0
7841,0,0,ROCKET,1.0,0.0
11350,1,1,ROCKET,0.0,1.0
6489,0,0,ROCKET,1.0,0.0
2120,0,0,ROCKET,1.0,0.0
13810,1,1,ROCKET,0.0,1.0
4842,0,0,ROCKET,1.0,0.0
5763,0,0,ROCKET,1.0,0.0
1778,0,0,ROCKET,1.0,0.0
5625,0,0,ROCKET,1.0,0.0
12603,1,1,ROCKET,0.0,1.0
13826,1,1,ROCKET,0.0,1.0
14782,1,1,ROCKET,0.0,1.0
17842,1,1,ROCKET,0.0,1.0
11980,1,1,ROCKET,0.0,1.0
15467,1,1,ROCKET,0.0,1.0
5871,0,0,ROCKET,1.0,0.0
18654,1,0,ROCKET,1.0,0.0
3344,0,0,ROCKET,1.0,0.0
1718,0,0,ROCKET,1.0,0.0
9581,0,0,ROCKET,1.0,0.0
3217,0,0,ROCKET,1.0,0.0
19254,1,0,ROCKET,1.0,0.0
6115,0,0,ROCKET,1.0,0.0
19400,1,1,ROCKET,0.0,1.0
722,0,0,ROCKET,1.0,0.0
9694,0,0,ROCKET,1.0,0.0
1067,0,0,ROCKET,1.0,0.0
11996,1,1,ROCKET,0.0,1.0
8022,0,0,ROCKET,1.0,0.0
10618,1,0,ROCKET,1.0,0.0
5764,0,0,ROCKET,1.0,0.0
14176,1,1,ROCKET,0.0,1.0
2346,0,0,ROCKET,1.0,0.0
6131,0,0,ROCKET,1.0,0.0
14460,1,1,ROCKET,0.0,1.0
8767,0,0,ROCKET,1.0,0.0
14318,1,1,ROCKET,0.0,1.0
14241,1,1,ROCKET,0.0,1.0
15191,1,0,ROCKET,1.0,0.0
2219,0,0,ROCKET,1.0,0.0
8124,0,0,ROCKET,1.0,0.0
975,0,0,ROCKET,1.0,0.0
4832,0,0,ROCKET,1.0,0.0
13480,1,1,ROCKET,0.0,1.0
4212,0,0,ROCKET,1.0,0.0
2818,0,0,ROCKET,1.0,0.0
16984,1,0,ROCKET,1.0,0.0
9434,0,0,ROCKET,1.0,0.0
13213,1,1,ROCKET,0.0,1.0
12215,1,1,ROCKET,0.0,1.0
8734,0,0,ROCKET,1.0,0.0
13322,1,1,ROCKET,0.0,1.0
3145,0,0,ROCKET,1.0,0.0
6299,0,0,ROCKET,1.0,0.0
56,0,0,ROCKET,1.0,0.0
4796,0,1,ROCKET,0.0,1.0
11720,1,0,ROCKET,1.0,0.0
12061,1,1,ROCKET,0.0,1.0
3875,0,0,ROCKET,1.0,0.0
17906,1,0,ROCKET,1.0,0.0
11289,1,1,ROCKET,0.0,1.0
12322,1,1,ROCKET,0.0,1.0
19514,1,1,ROCKET,0.0,1.0
11802,1,0,ROCKET,1.0,0.0
497,0,0,ROCKET,1.0,0.0
17782,1,1,ROCKET,0.0,1.0
7890,0,0,ROCKET,1.0,0.0
10808,1,1,ROCKET,0.0,1.0
15096,1,0,ROCKET,1.0,0.0
14119,1,0,ROCKET,1.0,0.0
17182,1,0,ROCKET,1.0,0.0
14633,1,1,ROCKET,0.0,1.0
10627,1,0,ROCKET,1.0,0.0
2043,0,0,ROCKET,1.0,0.0
8540,0,0,ROCKET,1.0,0.0
15196,1,1,ROCKET,0.0,1.0
14044,1,1,ROCKET,0.0,1.0
2319,0,0,ROCKET,1.0,0.0
17059,1,0,ROCKET,1.0,0.0
12073,1,1,ROCKET,0.0,1.0
12345,1,1,ROCKET,0.0,1.0
7832,0,0,ROCKET,1.0,0.0
16927,1,0,ROCKET,1.0,0.0
7136,0,0,ROCKET,1.0,0.0
3677,0,1,ROCKET,0.0,1.0
18009,1,1,ROCKET,0.0,1.0
15333,1,1,ROCKET,0.0,1.0
5787,0,0,ROCKET,1.0,0.0
766,0,0,ROCKET,1.0,0.0
4749,0,0,ROCKET,1.0,0.0
8362,0,0,ROCKET,1.0,0.0
17917,1,1,ROCKET,0.0,1.0
12944,1,1,ROCKET,0.0,1.0
7706,0,0,ROCKET,1.0,0.0
18021,1,0,ROCKET,1.0,0.0
15262,1,0,ROCKET,1.0,0.0
13554,1,1,ROCKET,0.0,1.0
18180,1,0,ROCKET,1.0,0.0
17621,1,1,ROCKET,0.0,1.0
6745,0,0,ROCKET,1.0,0.0
19144,1,1,ROCKET,0.0,1.0
11340,1,1,ROCKET,0.0,1.0
8991,0,0,ROCKET,1.0,0.0
2825,0,0,ROCKET,1.0,0.0
6848,0,0,ROCKET,1.0,0.0
1452,0,0,ROCKET,1.0,0.0
9012,0,0,ROCKET,1.0,0.0
5232,0,0,ROCKET,1.0,0.0
3336,0,0,ROCKET,1.0,0.0
13615,1,1,ROCKET,0.0,1.0
13757,1,1,ROCKET,0.0,1.0
2959,0,0,ROCKET,1.0,0.0
1601,0,0,ROCKET,1.0,0.0
2753,0,0,ROCKET,1.0,0.0
3798,0,0,ROCKET,1.0,0.0
12633,1,1,ROCKET,0.0,1.0
6526,0,0,ROCKET,1.0,0.0
15618,1,1,ROCKET,0.0,1.0
18019,1,0,ROCKET,1.0,0.0
13391,1,1,ROCKET,0.0,1.0
10174,1,1,ROCKET,0.0,1.0
11025,1,1,ROCKET,0.0,1.0
7586,0,0,ROCKET,1.0,0.0
14644,1,1,ROCKET,0.0,1.0
19105,1,0,ROCKET,1.0,0.0
17518,1,0,ROCKET,1.0,0.0
8604,0,0,ROCKET,1.0,0.0
11550,1,1,ROCKET,0.0,1.0
4331,0,0,ROCKET,1.0,0.0
17590,1,1,ROCKET,0.0,1.0
1951,0,0,ROCKET,1.0,0.0
7138,0,0,ROCKET,1.0,0.0
19058,1,0,ROCKET,1.0,0.0
14014,1,1,ROCKET,0.0,1.0
11810,1,0,ROCKET,1.0,0.0
13188,1,1,ROCKET,0.0,1.0
3174,0,0,ROCKET,1.0,0.0
10898,1,1,ROCKET,0.0,1.0
5509,0,0,ROCKET,1.0,0.0
18542,1,1,ROCKET,0.0,1.0
11123,1,1,ROCKET,0.0,1.0
11030,1,1,ROCKET,0.0,1.0
4720,0,0,ROCKET,1.0,0.0
7973,0,0,ROCKET,1.0,0.0
2594,0,0,ROCKET,1.0,0.0
13229,1,1,ROCKET,0.0,1.0
6833,0,0,ROCKET,1.0,0.0
9115,0,0,ROCKET,1.0,0.0
4389,0,0,ROCKET,1.0,0.0
7797,0,0,ROCKET,1.0,0.0
16715,1,0,ROCKET,1.0,0.0
1555,0,0,ROCKET,1.0,0.0
18726,1,0,ROCKET,1.0,0.0
2897,0,0,ROCKET,1.0,0.0
3156,0,0,ROCKET,1.0,0.0
19034,1,0,ROCKET,1.0,0.0
15386,1,1,ROCKET,0.0,1.0
17007,1,0,ROCKET,1.0,0.0
87,0,0,ROCKET,1.0,0.0
18970,1,1,ROCKET,0.0,1.0
6566,0,0,ROCKET,1.0,0.0
2899,0,0,ROCKET,1.0,0.0
7840,0,0,ROCKET,1.0,0.0
1643,0,0,ROCKET,1.0,0.0
18802,1,1,ROCKET,0.0,1.0
11406,1,1,ROCKET,0.0,1.0
17789,1,0,ROCKET,1.0,0.0
527,0,0,ROCKET,1.0,0.0
13504,1,1,ROCKET,0.0,1.0
16218,1,0,ROCKET,1.0,0.0
2477,0,0,ROCKET,1.0,0.0
6925,0,0,ROCKET,1.0,0.0
3445,0,0,ROCKET,1.0,0.0
744,0,0,ROCKET,1.0,0.0
6730,0,0,ROCKET,1.0,0.0
2236,0,1,ROCKET,0.0,1.0
845,0,0,ROCKET,1.0,0.0
12575,1,1,ROCKET,0.0,1.0
9503,0,0,ROCKET,1.0,0.0
11265,1,1,ROCKET,0.0,1.0
8032,0,0,ROCKET,1.0,0.0
4400,0,0,ROCKET,1.0,0.0
9039,0,0,ROCKET,1.0,0.0
9555,0,0,ROCKET,1.0,0.0
4204,0,0,ROCKET,1.0,0.0
271,0,0,ROCKET,1.0,0.0
4444,0,0,ROCKET,1.0,0.0
11833,1,0,ROCKET,1.0,0.0
13154,1,1,ROCKET,0.0,1.0
10935,1,1,ROCKET,0.0,1.0
1946,0,0,ROCKET,1.0,0.0
11687,1,0,ROCKET,1.0,0.0
16810,1,0,ROCKET,1.0,0.0
13864,1,1,ROCKET,0.0,1.0
11429,1,1,ROCKET,0.0,1.0
11117,1,1,ROCKET,0.0,1.0
7486,0,0,ROCKET,1.0,0.0
5111,0,0,ROCKET,1.0,0.0
2280,0,0,ROCKET,1.0,0.0
10424,1,0,ROCKET,1.0,0.0
3243,0,0,ROCKET,1.0,0.0
11879,1,0,ROCKET,1.0,0.0
13964,1,1,ROCKET,0.0,1.0
12183,1,1,ROCKET,0.0,1.0
11818,1,0,ROCKET,1.0,0.0
14572,1,1,ROCKET,0.0,1.0
9621,0,0,ROCKET,1.0,0.0
10806,1,1,ROCKET,0.0,1.0
7888,0,0,ROCKET,1.0,0.0
13006,1,1,ROCKET,0.0,1.0
16718,1,0,ROCKET,1.0,0.0
9888,0,0,ROCKET,1.0,0.0
17920,1,1,ROCKET,0.0,1.0
18472,1,0,ROCKET,1.0,0.0
13134,1,1,ROCKET,0.0,1.0
1398,0,0,ROCKET,1.0,0.0
3813,0,0,ROCKET,1.0,0.0
15822,1,1,ROCKET,0.0,1.0
1799,0,0,ROCKET,1.0,0.0
874,0,0,ROCKET,1.0,0.0
11069,1,1,ROCKET,0.0,1.0
7151,0,0,ROCKET,1.0,0.0
12855,1,1,ROCKET,0.0,1.0
5694,0,0,ROCKET,1.0,0.0
17430,1,1,ROCKET,0.0,1.0
6922,0,0,ROCKET,1.0,0.0
18807,1,1,ROCKET,0.0,1.0
10744,1,0,ROCKET,1.0,0.0
4969,0,0,ROCKET,1.0,0.0
4244,0,0,ROCKET,1.0,0.0
16977,1,0,ROCKET,1.0,0.0
18903,1,1,ROCKET,0.0,1.0
9391,0,0,ROCKET,1.0,0.0
9922,0,0,ROCKET,1.0,0.0
7865,0,0,ROCKET,1.0,0.0
14736,1,0,ROCKET,1.0,0.0
12291,1,1,ROCKET,0.0,1.0
13576,1,1,ROCKET,0.0,1.0
10683,1,0,ROCKET,1.0,0.0
18857,1,0,ROCKET,1.0,0.0
1226,0,0,ROCKET,1.0,0.0
3311,0,0,ROCKET,1.0,0.0
3153,0,0,ROCKET,1.0,0.0
18412,1,0,ROCKET,1.0,0.0
12303,1,1,ROCKET,0.0,1.0
3180,0,0,ROCKET,1.0,0.0
11459,1,1,ROCKET,0.0,1.0
1694,0,0,ROCKET,1.0,0.0
8417,0,0,ROCKET,1.0,0.0
867,0,0,ROCKET,1.0,0.0
15367,1,0,ROCKET,1.0,0.0
14149,1,1,ROCKET,0.0,1.0
1,0,0,ROCKET,1.0,0.0
1863,0,0,ROCKET,1.0,0.0
11854,1,0,ROCKET,1.0,0.0
5889,0,0,ROCKET,1.0,0.0
6404,0,0,ROCKET,1.0,0.0
5072,0,0,ROCKET,1.0,0.0
1505,0,0,ROCKET,1.0,0.0
12261,1,1,ROCKET,0.0,1.0
7021,0,0,ROCKET,1.0,0.0
5755,0,0,ROCKET,1.0,0.0
17304,1,0,ROCKET,1.0,0.0
17094,1,1,ROCKET,0.0,1.0
15701,1,1,ROCKET,0.0,1.0
3037,0,0,ROCKET,1.0,0.0
2960,0,0,ROCKET,1.0,0.0
13009,1,1,ROCKET,0.0,1.0
13032,1,1,ROCKET,0.0,1.0
19020,1,1,ROCKET,0.0,1.0
14351,1,1,ROCKET,0.0,1.0
7484,0,0,ROCKET,1.0,0.0
10224,1,1,ROCKET,0.0,1.0
16590,1,0,ROCKET,1.0,0.0
7198,0,0,ROCKET,1.0,0.0
15841,1,1,ROCKET,0.0,1.0
13701,1,1,ROCKET,0.0,1.0
8786,0,0,ROCKET,1.0,0.0
1517,0,0,ROCKET,1.0,0.0
445,0,0,ROCKET,1.0,0.0
6200,0,0,ROCKET,1.0,0.0
143,0,1,ROCKET,0.0,1.0
9764,0,0,ROCKET,1.0,0.0
5006,0,0,ROCKET,1.0,0.0
1156,0,0,ROCKET,1.0,0.0
19059,1,0,ROCKET,1.0,0.0
12711,1,1,ROCKET,0.0,1.0
17646,1,0,ROCKET,1.0,0.0
1081,0,0,ROCKET,1.0,0.0
13700,1,1,ROCKET,0.0,1.0
9838,0,0,ROCKET,1.0,0.0
10427,1,0,ROCKET,1.0,0.0
14019,1,1,ROCKET,0.0,1.0
11873,1,1,ROCKET,0.0,1.0
4200,0,0,ROCKET,1.0,0.0
1265,0,0,ROCKET,1.0,0.0
4753,0,0,ROCKET,1.0,0.0
6836,0,0,ROCKET,1.0,0.0
19559,1,1,ROCKET,0.0,1.0
7038,0,0,ROCKET,1.0,0.0
5979,0,0,ROCKET,1.0,0.0
12690,1,1,ROCKET,0.0,1.0
19195,1,0,ROCKET,1.0,0.0
29,0,0,ROCKET,1.0,0.0
6838,0,0,ROCKET,1.0,0.0
8634,0,0,ROCKET,1.0,0.0
10221,1,1,ROCKET,0.0,1.0
8073,0,0,ROCKET,1.0,0.0
15750,1,1,ROCKET,0.0,1.0
3073,0,0,ROCKET,1.0,0.0
2735,0,0,ROCKET,1.0,0.0
5156,0,0,ROCKET,1.0,0.0
5848,0,0,ROCKET,1.0,0.0
17224,1,0,ROCKET,1.0,0.0
352,0,0,ROCKET,1.0,0.0
13257,1,1,ROCKET,0.0,1.0
1286,0,0,ROCKET,1.0,0.0
1603,0,0,ROCKET,1.0,0.0
13787,1,1,ROCKET,0.0,1.0
11793,1,1,ROCKET,0.0,1.0
17717,1,0,ROCKET,1.0,0.0
14999,1,0,ROCKET,1.0,0.0
3142,0,0,ROCKET,1.0,0.0
17546,1,1,ROCKET,0.0,1.0
10190,1,1,ROCKET,0.0,1.0
2718,0,0,ROCKET,1.0,0.0
11766,1,0,ROCKET,1.0,0.0
9494,0,0,ROCKET,1.0,0.0
11157,1,1,ROCKET,0.0,1.0
3031,0,0,ROCKET,1.0,0.0
8452,0,1,ROCKET,0.0,1.0
10489,1,0,ROCKET,1.0,0.0
15236,1,1,ROCKET,0.0,1.0
17417,1,1,ROCKET,0.0,1.0
8248,0,0,ROCKET,1.0,0.0
3230,0,0,ROCKET,1.0,0.0
5773,0,0,ROCKET,1.0,0.0
10609,1,0,ROCKET,1.0,0.0
12490,1,1,ROCKET,0.0,1.0
7720,0,0,ROCKET,1.0,0.0
5841,0,0,ROCKET,1.0,0.0
14952,1,0,ROCKET,1.0,0.0
2495,0,0,ROCKET,1.0,0.0
10449,1,0,ROCKET,1.0,0.0
15834,1,1,ROCKET,0.0,1.0
9061,0,0,ROCKET,1.0,0.0
2216,0,0,ROCKET,1.0,0.0
13626,1,1,ROCKET,0.0,1.0
1423,0,0,ROCKET,1.0,0.0
5033,0,0,ROCKET,1.0,0.0
4080,0,0,ROCKET,1.0,0.0
3770,0,0,ROCKET,1.0,0.0
1059,0,0,ROCKET,1.0,0.0
4531,0,1,ROCKET,0.0,1.0
19099,1,0,ROCKET,1.0,0.0
5809,0,0,ROCKET,1.0,0.0
5721,0,0,ROCKET,1.0,0.0
4427,0,0,ROCKET,1.0,0.0
6993,0,0,ROCKET,1.0,0.0
15477,1,1,ROCKET,0.0,1.0
1597,0,0,ROCKET,1.0,0.0
2228,0,0,ROCKET,1.0,0.0
16632,1,0,ROCKET,1.0,0.0
373,0,0,ROCKET,1.0,0.0
5975,0,0,ROCKET,1.0,0.0
1276,0,0,ROCKET,1.0,0.0
7051,0,0,ROCKET,1.0,0.0
7640,0,0,ROCKET,1.0,0.0
480,0,0,ROCKET,1.0,0.0
14614,1,1,ROCKET,0.0,1.0
13065,1,1,ROCKET,0.0,1.0
1963,0,0,ROCKET,1.0,0.0
1906,0,0,ROCKET,1.0,0.0
14601,1,1,ROCKET,0.0,1.0
12231,1,1,ROCKET,0.0,1.0
15476,1,1,ROCKET,0.0,1.0
15094,1,0,ROCKET,1.0,0.0
18920,1,1,ROCKET,0.0,1.0
13022,1,1,ROCKET,0.0,1.0
8545,0,0,ROCKET,1.0,0.0
17918,1,0,ROCKET,1.0,0.0
177,0,0,ROCKET,1.0,0.0
12666,1,1,ROCKET,0.0,1.0
13433,1,1,ROCKET,0.0,1.0
14618,1,1,ROCKET,0.0,1.0
15832,1,1,ROCKET,0.0,1.0
8240,0,0,ROCKET,1.0,0.0
14961,1,0,ROCKET,1.0,0.0
1661,0,0,ROCKET,1.0,0.0
8067,0,0,ROCKET,1.0,0.0
2561,0,0,ROCKET,1.0,0.0
10302,1,1,ROCKET,0.0,1.0
13742,1,1,ROCKET,0.0,1.0
7101,0,0,ROCKET,1.0,0.0
1914,0,0,ROCKET,1.0,0.0
3702,0,0,ROCKET,1.0,0.0
8469,0,0,ROCKET,1.0,0.0
342,0,1,ROCKET,0.0,1.0
1714,0,0,ROCKET,1.0,0.0
1055,0,0,ROCKET,1.0,0.0
1693,0,0,ROCKET,1.0,0.0
3268,0,0,ROCKET,1.0,0.0
65,0,0,ROCKET,1.0,0.0
18740,1,1,ROCKET,0.0,1.0
10444,1,0,ROCKET,1.0,0.0
7677,0,0,ROCKET,1.0,0.0
12269,1,1,ROCKET,0.0,1.0
9713,0,0,ROCKET,1.0,0.0
13745,1,1,ROCKET,0.0,1.0
1513,0,0,ROCKET,1.0,0.0
18525,1,0,ROCKET,1.0,0.0
9479,0,0,ROCKET,1.0,0.0
12521,1,1,ROCKET,0.0,1.0
10585,1,0,ROCKET,1.0,0.0
9502,0,0,ROCKET,1.0,0.0
14416,1,1,ROCKET,0.0,1.0
14320,1,1,ROCKET,0.0,1.0
2531,0,0,ROCKET,1.0,0.0
7491,0,0,ROCKET,1.0,0.0
4918,0,0,ROCKET,1.0,0.0
4600,0,0,ROCKET,1.0,0.0
3637,0,0,ROCKET,1.0,0.0
17581,1,1,ROCKET,0.0,1.0
411,0,1,ROCKET,0.0,1.0
12680,1,1,ROCKET,0.0,1.0
12646,1,1,ROCKET,0.0,1.0
7993,0,0,ROCKET,1.0,0.0
14900,1,1,ROCKET,0.0,1.0
17251,1,0,ROCKET,1.0,0.0
17446,1,0,ROCKET,1.0,0.0
12068,1,1,ROCKET,0.0,1.0
18829,1,1,ROCKET,0.0,1.0
8514,0,0,ROCKET,1.0,0.0
9396,0,0,ROCKET,1.0,0.0
16051,1,1,ROCKET,0.0,1.0
6617,0,0,ROCKET,1.0,0.0
18748,1,0,ROCKET,1.0,0.0
14721,1,0,ROCKET,1.0,0.0
15586,1,1,ROCKET,0.0,1.0
5220,0,0,ROCKET,1.0,0.0
6620,0,0,ROCKET,1.0,0.0
11827,1,0,ROCKET,1.0,0.0
7131,0,1,ROCKET,0.0,1.0
6901,0,0,ROCKET,1.0,0.0
15312,1,0,ROCKET,1.0,0.0
8513,0,0,ROCKET,1.0,0.0
6847,0,0,ROCKET,1.0,0.0
23,0,0,ROCKET,1.0,0.0
13152,1,1,ROCKET,0.0,1.0
15209,1,0,ROCKET,1.0,0.0
2256,0,0,ROCKET,1.0,0.0
18414,1,0,ROCKET,1.0,0.0
8851,0,0,ROCKET,1.0,0.0
9953,0,0,ROCKET,1.0,0.0
17723,1,1,ROCKET,0.0,1.0
18438,1,1,ROCKET,0.0,1.0
10964,1,1,ROCKET,0.0,1.0
18135,1,0,ROCKET,1.0,0.0
682,0,0,ROCKET,1.0,0.0
13309,1,1,ROCKET,0.0,1.0
19737,1,1,ROCKET,0.0,1.0
16078,1,0,ROCKET,1.0,0.0
7464,0,0,ROCKET,1.0,0.0
2876,0,0,ROCKET,1.0,0.0
3010,0,0,ROCKET,1.0,0.0
1727,0,0,ROCKET,1.0,0.0
12409,1,1,ROCKET,0.0,1.0
18041,1,0,ROCKET,1.0,0.0
7803,0,0,ROCKET,1.0,0.0
738,0,0,ROCKET,1.0,0.0
2970,0,0,ROCKET,1.0,0.0
9904,0,0,ROCKET,1.0,0.0
4022,0,0,ROCKET,1.0,0.0
14361,1,1,ROCKET,0.0,1.0
2977,0,0,ROCKET,1.0,0.0
13635,1,1,ROCKET,0.0,1.0
1315,0,0,ROCKET,1.0,0.0
1982,0,0,ROCKET,1.0,0.0
9108,0,0,ROCKET,1.0,0.0
9265,0,0,ROCKET,1.0,0.0
17271,1,0,ROCKET,1.0,0.0
7885,0,0,ROCKET,1.0,0.0
16946,1,0,ROCKET,1.0,0.0
6989,0,0,ROCKET,1.0,0.0
2429,0,0,ROCKET,1.0,0.0
9098,0,0,ROCKET,1.0,0.0
2205,0,0,ROCKET,1.0,0.0
11198,1,1,ROCKET,0.0,1.0
9682,0,0,ROCKET,1.0,0.0
3043,0,0,ROCKET,1.0,0.0
4544,0,0,ROCKET,1.0,0.0
13919,1,1,ROCKET,0.0,1.0
1087,0,0,ROCKET,1.0,0.0
17599,1,0,ROCKET,1.0,0.0
4213,0,0,ROCKET,1.0,0.0
6791,0,0,ROCKET,1.0,0.0
17981,1,0,ROCKET,1.0,0.0
17020,1,1,ROCKET,0.0,1.0
3713,0,0,ROCKET,1.0,0.0
5765,0,0,ROCKET,1.0,0.0
3726,0,0,ROCKET,1.0,0.0
17379,1,1,ROCKET,0.0,1.0
19392,1,1,ROCKET,0.0,1.0
4821,0,0,ROCKET,1.0,0.0
2271,0,0,ROCKET,1.0,0.0
7414,0,0,ROCKET,1.0,0.0
3301,0,0,ROCKET,1.0,0.0
15139,1,0,ROCKET,1.0,0.0
4019,0,0,ROCKET,1.0,0.0
5219,0,0,ROCKET,1.0,0.0
16553,1,0,ROCKET,1.0,0.0
13506,1,1,ROCKET,0.0,1.0
9600,0,0,ROCKET,1.0,0.0
8142,0,0,ROCKET,1.0,0.0
13910,1,1,ROCKET,0.0,1.0
4613,0,0,ROCKET,1.0,0.0
3745,0,0,ROCKET,1.0,0.0
9988,0,0,ROCKET,1.0,0.0
10408,1,0,ROCKET,1.0,0.0
5476,0,0,ROCKET,1.0,0.0
3242,0,0,ROCKET,1.0,0.0
9783,0,0,ROCKET,1.0,0.0
4965,0,0,ROCKET,1.0,0.0
1952,0,0,ROCKET,1.0,0.0
16657,1,0,ROCKET,1.0,0.0
13358,1,1,ROCKET,0.0,1.0
2734,0,0,ROCKET,1.0,0.0
11318,1,1,ROCKET,0.0,1.0
7799,0,0,ROCKET,1.0,0.0
5923,0,0,ROCKET,1.0,0.0
9474,0,0,ROCKET,1.0,0.0
9264,0,0,ROCKET,1.0,0.0
9004,0,0,ROCKET,1.0,0.0
15425,1,0,ROCKET,1.0,0.0
18228,1,0,ROCKET,1.0,0.0
17967,1,0,ROCKET,1.0,0.0
6684,0,0,ROCKET,1.0,0.0
13343,1,1,ROCKET,0.0,1.0
6975,0,0,ROCKET,1.0,0.0
12297,1,1,ROCKET,0.0,1.0
17643,1,1,ROCKET,0.0,1.0
13897,1,1,ROCKET,0.0,1.0
11937,1,0,ROCKET,1.0,0.0
12430,1,1,ROCKET,0.0,1.0
7069,0,0,ROCKET,1.0,0.0
18818,1,0,ROCKET,1.0,0.0
7100,0,0,ROCKET,1.0,0.0
1143,0,0,ROCKET,1.0,0.0
7675,0,0,ROCKET,1.0,0.0
10659,1,0,ROCKET,1.0,0.0
5230,0,0,ROCKET,1.0,0.0
1305,0,0,ROCKET,1.0,0.0
11251,1,1,ROCKET,0.0,1.0
1499,0,0,ROCKET,1.0,0.0
18242,1,0,ROCKET,1.0,0.0
1179,0,0,ROCKET,1.0,0.0
4283,0,0,ROCKET,1.0,0.0
3175,0,0,ROCKET,1.0,0.0
1543,0,0,ROCKET,1.0,0.0
2238,0,0,ROCKET,1.0,0.0
8937,0,0,ROCKET,1.0,0.0
14077,1,1,ROCKET,0.0,1.0
184,0,0,ROCKET,1.0,0.0
13948,1,1,ROCKET,0.0,1.0
11208,1,1,ROCKET,0.0,1.0
9047,0,0,ROCKET,1.0,0.0
6076,0,0,ROCKET,1.0,0.0
14259,1,1,ROCKET,0.0,1.0
7741,0,0,ROCKET,1.0,0.0
1111,0,0,ROCKET,1.0,0.0
17611,1,0,ROCKET,1.0,0.0
7785,0,0,ROCKET,1.0,0.0
11537,1,1,ROCKET,0.0,1.0
11081,1,1,ROCKET,0.0,1.0
1215,0,0,ROCKET,1.0,0.0
9230,0,0,ROCKET,1.0,0.0
14951,1,0,ROCKET,1.0,0.0
13085,1,1,ROCKET,0.0,1.0
16221,1,0,ROCKET,1.0,0.0
1077,0,0,ROCKET,1.0,0.0
17130,1,1,ROCKET,0.0,1.0
5379,0,0,ROCKET,1.0,0.0
14050,1,1,ROCKET,0.0,1.0
11461,1,1,ROCKET,0.0,1.0
1723,0,0,ROCKET,1.0,0.0
5640,0,0,ROCKET,1.0,0.0
9716,0,0,ROCKET,1.0,0.0
19862,1,1,ROCKET,0.0,1.0
379,0,0,ROCKET,1.0,0.0
12055,1,1,ROCKET,0.0,1.0
18671,1,0,ROCKET,1.0,0.0
6040,0,0,ROCKET,1.0,0.0
12188,1,1,ROCKET,0.0,1.0
16613,1,1,ROCKET,0.0,1.0
18978,1,0,ROCKET,1.0,0.0
14637,1,1,ROCKET,0.0,1.0
11442,1,1,ROCKET,0.0,1.0
11801,1,0,ROCKET,1.0,0.0
17191,1,0,ROCKET,1.0,0.0
314,0,0,ROCKET,1.0,0.0
8275,0,0,ROCKET,1.0,0.0
18537,1,0,ROCKET,1.0,0.0
2850,0,0,ROCKET,1.0,0.0
5614,0,0,ROCKET,1.0,0.0
9083,0,0,ROCKET,1.0,0.0
16669,1,0,ROCKET,1.0,0.0
17074,1,0,ROCKET,1.0,0.0
1347,0,0,ROCKET,1.0,0.0
14478,1,0,ROCKET,1.0,0.0
5627,0,0,ROCKET,1.0,0.0
9040,0,0,ROCKET,1.0,0.0
15270,1,1,ROCKET,0.0,1.0
1359,0,0,ROCKET,1.0,0.0
16624,1,0,ROCKET,1.0,0.0
13390,1,1,ROCKET,0.0,1.0
19177,1,1,ROCKET,0.0,1.0
13449,1,1,ROCKET,0.0,1.0
11011,1,1,ROCKET,0.0,1.0
6382,0,0,ROCKET,1.0,0.0
19116,1,1,ROCKET,0.0,1.0
6337,0,0,ROCKET,1.0,0.0
8294,0,1,ROCKET,0.0,1.0
6043,0,0,ROCKET,1.0,0.0
8587,0,0,ROCKET,1.0,0.0
18896,1,0,ROCKET,1.0,0.0
10329,1,1,ROCKET,0.0,1.0
3864,0,0,ROCKET,1.0,0.0
11387,1,1,ROCKET,0.0,1.0
5520,0,0,ROCKET,1.0,0.0
8630,0,0,ROCKET,1.0,0.0
19691,1,1,ROCKET,0.0,1.0
2745,0,0,ROCKET,1.0,0.0
11494,1,1,ROCKET,0.0,1.0
9768,0,0,ROCKET,1.0,0.0
11533,1,1,ROCKET,0.0,1.0
15192,1,1,ROCKET,0.0,1.0
18596,1,0,ROCKET,1.0,0.0
1596,0,0,ROCKET,1.0,0.0
359,0,0,ROCKET,1.0,0.0
17479,1,0,ROCKET,1.0,0.0
7120,0,0,ROCKET,1.0,0.0
6535,0,0,ROCKET,1.0,0.0
4800,0,0,ROCKET,1.0,0.0
3441,0,0,ROCKET,1.0,0.0
7791,0,0,ROCKET,1.0,0.0
15557,1,1,ROCKET,0.0,1.0
16869,1,0,ROCKET,1.0,0.0
17977,1,0,ROCKET,1.0,0.0
1190,0,0,ROCKET,1.0,0.0
12616,1,1,ROCKET,0.0,1.0
2202,0,0,ROCKET,1.0,0.0
10306,1,1,ROCKET,0.0,1.0
6260,0,0,ROCKET,1.0,0.0
11585,1,0,ROCKET,1.0,0.0
2310,0,0,ROCKET,1.0,0.0
15754,1,1,ROCKET,0.0,1.0
15435,1,0,ROCKET,1.0,0.0
15140,1,1,ROCKET,0.0,1.0
10289,1,1,ROCKET,0.0,1.0
606,0,0,ROCKET,1.0,0.0
8353,0,0,ROCKET,1.0,0.0
9331,0,0,ROCKET,1.0,0.0
3068,0,0,ROCKET,1.0,0.0
15039,1,0,ROCKET,1.0,0.0
13760,1,1,ROCKET,0.0,1.0
12062,1,1,ROCKET,0.0,1.0
15395,1,0,ROCKET,1.0,0.0
5185,0,0,ROCKET,1.0,0.0
917,0,0,ROCKET,1.0,0.0
17786,1,1,ROCKET,0.0,1.0
6849,0,0,ROCKET,1.0,0.0
17024,1,1,ROCKET,0.0,1.0
14960,1,1,ROCKET,0.0,1.0
14667,1,1,ROCKET,0.0,1.0
9458,0,0,ROCKET,1.0,0.0
4453,0,0,ROCKET,1.0,0.0
16700,1,1,ROCKET,0.0,1.0
17289,1,1,ROCKET,0.0,1.0
10816,1,1,ROCKET,0.0,1.0
7754,0,0,ROCKET,1.0,0.0
6149,0,0,ROCKET,1.0,0.0
14699,1,0,ROCKET,1.0,0.0
1829,0,0,ROCKET,1.0,0.0
14648,1,0,ROCKET,1.0,0.0
10752,1,0,ROCKET,1.0,0.0
10418,1,0,ROCKET,1.0,0.0
5817,0,0,ROCKET,1.0,0.0
10857,1,1,ROCKET,0.0,1.0
15590,1,0,ROCKET,1.0,0.0
14415,1,1,ROCKET,0.0,1.0
16260,1,0,ROCKET,1.0,0.0
3305,0,0,ROCKET,1.0,0.0
11900,1,0,ROCKET,1.0,0.0
16897,1,1,ROCKET,0.0,1.0
2150,0,0,ROCKET,1.0,0.0
14763,1,0,ROCKET,1.0,0.0
3994,0,0,ROCKET,1.0,0.0
19526,1,1,ROCKET,0.0,1.0
15604,1,1,ROCKET,0.0,1.0
17758,1,0,ROCKET,1.0,0.0
18667,1,0,ROCKET,1.0,0.0
19352,1,1,ROCKET,0.0,1.0
19021,1,0,ROCKET,1.0,0.0
10819,1,1,ROCKET,0.0,1.0
1830,0,0,ROCKET,1.0,0.0
6766,0,0,ROCKET,1.0,0.0
9984,0,0,ROCKET,1.0,0.0
15506,1,1,ROCKET,0.0,1.0
8763,0,0,ROCKET,1.0,0.0
16403,1,0,ROCKET,1.0,0.0
18148,1,0,ROCKET,1.0,0.0
12317,1,1,ROCKET,0.0,1.0
2164,0,0,ROCKET,1.0,0.0
15718,1,0,ROCKET,1.0,0.0
6336,0,0,ROCKET,1.0,0.0
5407,0,0,ROCKET,1.0,0.0
11704,1,0,ROCKET,1.0,0.0
5357,0,0,ROCKET,1.0,0.0
18591,1,1,ROCKET,0.0,1.0
12439,1,1,ROCKET,0.0,1.0
13763,1,1,ROCKET,0.0,1.0
9317,0,0,ROCKET,1.0,0.0
9812,0,0,ROCKET,1.0,0.0
14331,1,1,ROCKET,0.0,1.0
1971,0,0,ROCKET,1.0,0.0
11436,1,1,ROCKET,0.0,1.0
7338,0,0,ROCKET,1.0,0.0
6385,0,0,ROCKET,1.0,0.0
9463,0,0,ROCKET,1.0,0.0
11299,1,1,ROCKET,0.0,1.0
10529,1,1,ROCKET,0.0,1.0
15074,1,0,ROCKET,1.0,0.0
4262,0,0,ROCKET,1.0,0.0
16074,1,0,ROCKET,1.0,0.0
17509,1,0,ROCKET,1.0,0.0
15936,1,0,ROCKET,1.0,0.0
12024,1,1,ROCKET,0.0,1.0
5982,0,0,ROCKET,1.0,0.0
10496,1,0,ROCKET,1.0,0.0
15058,1,0,ROCKET,1.0,0.0
4243,0,0,ROCKET,1.0,0.0
10869,1,1,ROCKET,0.0,1.0
4931,0,0,ROCKET,1.0,0.0
14127,1,1,ROCKET,0.0,1.0
19,0,0,ROCKET,1.0,0.0
167,0,0,ROCKET,1.0,0.0
12313,1,1,ROCKET,0.0,1.0
7966,0,0,ROCKET,1.0,0.0
7043,0,0,ROCKET,1.0,0.0
8270,0,0,ROCKET,1.0,0.0
17570,1,0,ROCKET,1.0,0.0
19917,1,1,ROCKET,0.0,1.0
14046,1,1,ROCKET,0.0,1.0
17384,1,1,ROCKET,0.0,1.0
16094,1,0,ROCKET,1.0,0.0
6296,0,0,ROCKET,1.0,0.0
6882,0,0,ROCKET,1.0,0.0
9392,0,0,ROCKET,1.0,0.0
7416,0,0,ROCKET,1.0,0.0
6912,0,0,ROCKET,1.0,0.0
4151,0,0,ROCKET,1.0,0.0
6894,0,1,ROCKET,0.0,1.0
788,0,0,ROCKET,1.0,0.0
12456,1,1,ROCKET,0.0,1.0
15712,1,1,ROCKET,0.0,1.0
2591,0,1,ROCKET,0.0,1.0
11530,1,1,ROCKET,0.0,1.0
12654,1,1,ROCKET,0.0,1.0
4159,0,0,ROCKET,1.0,0.0
5507,0,0,ROCKET,1.0,0.0
8058,0,0,ROCKET,1.0,0.0
14752,1,0,ROCKET,1.0,0.0
3554,0,0,ROCKET,1.0,0.0
16828,1,0,ROCKET,1.0,0.0
15368,1,0,ROCKET,1.0,0.0
943,0,0,ROCKET,1.0,0.0
729,0,0,ROCKET,1.0,0.0
14958,1,0,ROCKET,1.0,0.0
1425,0,1,ROCKET,0.0,1.0
14510,1,1,ROCKET,0.0,1.0
7581,0,0,ROCKET,1.0,0.0
9557,0,0,ROCKET,1.0,0.0
8037,0,0,ROCKET,1.0,0.0
7778,0,0,ROCKET,1.0,0.0
13110,1,1,ROCKET,0.0,1.0
1101,0,1,ROCKET,0.0,1.0
14543,1,0,ROCKET,1.0,0.0
9527,0,0,ROCKET,1.0,0.0
1530,0,0,ROCKET,1.0,0.0
18973,1,1,ROCKET,0.0,1.0
15721,1,1,ROCKET,0.0,1.0
13884,1,1,ROCKET,0.0,1.0
7738,0,0,ROCKET,1.0,0.0
9919,0,0,ROCKET,1.0,0.0
18639,1,1,ROCKET,0.0,1.0
3811,0,0,ROCKET,1.0,0.0
13083,1,1,ROCKET,0.0,1.0
16244,1,0,ROCKET,1.0,0.0
7988,0,0,ROCKET,1.0,0.0
2552,0,0,ROCKET,1.0,0.0
4893,0,0,ROCKET,1.0,0.0
6303,0,0,ROCKET,1.0,0.0
3585,0,0,ROCKET,1.0,0.0
5995,0,0,ROCKET,1.0,0.0
6702,0,0,ROCKET,1.0,0.0
3029,0,0,ROCKET,1.0,0.0
674,0,0,ROCKET,1.0,0.0
14815,1,1,ROCKET,0.0,1.0
10341,1,1,ROCKET,0.0,1.0
11144,1,1,ROCKET,0.0,1.0
3595,0,0,ROCKET,1.0,0.0
13162,1,1,ROCKET,0.0,1.0
9299,0,0,ROCKET,1.0,0.0
2840,0,0,ROCKET,1.0,0.0
15558,1,1,ROCKET,0.0,1.0
4497,0,0,ROCKET,1.0,0.0
12148,1,1,ROCKET,0.0,1.0
672,0,0,ROCKET,1.0,0.0
5849,0,0,ROCKET,1.0,0.0
1750,0,0,ROCKET,1.0,0.0
183,0,0,ROCKET,1.0,0.0
15669,1,1,ROCKET,0.0,1.0
15235,1,0,ROCKET,1.0,0.0
8825,0,1,ROCKET,0.0,1.0
2231,0,0,ROCKET,1.0,0.0
2024,0,0,ROCKET,1.0,0.0
9297,0,0,ROCKET,1.0,0.0
2542,0,0,ROCKET,1.0,0.0
14048,1,0,ROCKET,1.0,0.0
5069,0,0,ROCKET,1.0,0.0
15268,1,1,ROCKET,0.0,1.0
18932,1,0,ROCKET,1.0,0.0
12184,1,1,ROCKET,0.0,1.0
6641,0,0,ROCKET,1.0,0.0
15480,1,1,ROCKET,0.0,1.0
18688,1,0,ROCKET,1.0,0.0
4637,0,0,ROCKET,1.0,0.0
10441,1,1,ROCKET,0.0,1.0
14068,1,1,ROCKET,0.0,1.0
10544,1,0,ROCKET,1.0,0.0
8510,0,0,ROCKET,1.0,0.0
13370,1,1,ROCKET,0.0,1.0
17440,1,0,ROCKET,1.0,0.0
8857,0,0,ROCKET,1.0,0.0
5400,0,0,ROCKET,1.0,0.0
18685,1,1,ROCKET,0.0,1.0
17004,1,0,ROCKET,1.0,0.0
17777,1,1,ROCKET,0.0,1.0
925,0,1,ROCKET,0.0,1.0
18551,1,0,ROCKET,1.0,0.0
14979,1,0,ROCKET,1.0,0.0
12329,1,1,ROCKET,0.0,1.0
11738,1,1,ROCKET,0.0,1.0
19128,1,0,ROCKET,1.0,0.0
8153,0,0,ROCKET,1.0,0.0
5658,0,0,ROCKET,1.0,0.0
2569,0,0,ROCKET,1.0,0.0
6614,0,0,ROCKET,1.0,0.0
2049,0,0,ROCKET,1.0,0.0
11998,1,1,ROCKET,0.0,1.0
18196,1,1,ROCKET,0.0,1.0
3463,0,0,ROCKET,1.0,0.0
15248,1,0,ROCKET,1.0,0.0
18972,1,0,ROCKET,1.0,0.0
17077,1,0,ROCKET,1.0,0.0
2892,0,0,ROCKET,1.0,0.0
13205,1,1,ROCKET,0.0,1.0
8965,0,0,ROCKET,1.0,0.0
2380,0,0,ROCKET,1.0,0.0
5827,0,0,ROCKET,1.0,0.0
12638,1,1,ROCKET,0.0,1.0
4996,0,0,ROCKET,1.0,0.0
9142,0,0,ROCKET,1.0,0.0
8595,0,0,ROCKET,1.0,0.0
5917,0,0,ROCKET,1.0,0.0
8309,0,0,ROCKET,1.0,0.0
14323,1,0,ROCKET,1.0,0.0
12419,1,1,ROCKET,0.0,1.0
3557,0,0,ROCKET,1.0,0.0
923,0,0,ROCKET,1.0,0.0
9086,0,0,ROCKET,1.0,0.0
18754,1,0,ROCKET,1.0,0.0
12928,1,1,ROCKET,0.0,1.0
16937,1,1,ROCKET,0.0,1.0
9507,0,0,ROCKET,1.0,0.0
2709,0,0,ROCKET,1.0,0.0
2453,0,0,ROCKET,1.0,0.0
10482,1,0,ROCKET,1.0,0.0
16226,1,0,ROCKET,1.0,0.0
8664,0,1,ROCKET,0.0,1.0
2879,0,0,ROCKET,1.0,0.0
10233,1,1,ROCKET,0.0,1.0
9166,0,0,ROCKET,1.0,0.0
14909,1,1,ROCKET,0.0,1.0
13947,1,1,ROCKET,0.0,1.0
9672,0,0,ROCKET,1.0,0.0
16736,1,0,ROCKET,1.0,0.0
18323,1,1,ROCKET,0.0,1.0
9567,0,0,ROCKET,1.0,0.0
14310,1,1,ROCKET,0.0,1.0
17556,1,0,ROCKET,1.0,0.0
7470,0,0,ROCKET,1.0,0.0
717,0,0,ROCKET,1.0,0.0
12530,1,1,ROCKET,0.0,1.0
3841,0,0,ROCKET,1.0,0.0
8295,0,0,ROCKET,1.0,0.0
15791,1,1,ROCKET,0.0,1.0
15726,1,0,ROCKET,1.0,0.0
5089,0,0,ROCKET,1.0,0.0
9107,0,0,ROCKET,1.0,0.0
5256,0,0,ROCKET,1.0,0.0
12357,1,1,ROCKET,0.0,1.0
4896,0,0,ROCKET,1.0,0.0
8274,0,0,ROCKET,1.0,0.0
18976,1,1,ROCKET,0.0,1.0
19747,1,1,ROCKET,0.0,1.0
620,0,0,ROCKET,1.0,0.0
7195,0,0,ROCKET,1.0,0.0
2139,0,0,ROCKET,1.0,0.0
7260,0,0,ROCKET,1.0,0.0
1133,0,0,ROCKET,1.0,0.0
17197,1,1,ROCKET,0.0,1.0
19902,1,1,ROCKET,0.0,1.0
17562,1,0,ROCKET,1.0,0.0
5059,0,0,ROCKET,1.0,0.0
1998,0,0,ROCKET,1.0,0.0
2149,0,0,ROCKET,1.0,0.0
2915,0,0,ROCKET,1.0,0.0
13761,1,1,ROCKET,0.0,1.0
4226,0,0,ROCKET,1.0,0.0
3487,0,0,ROCKET,1.0,0.0
9285,0,0,ROCKET,1.0,0.0
9935,0,0,ROCKET,1.0,0.0
19410,1,1,ROCKET,0.0,1.0
11735,1,1,ROCKET,0.0,1.0
15756,1,1,ROCKET,0.0,1.0
17738,1,1,ROCKET,0.0,1.0
3420,0,0,ROCKET,1.0,0.0
8224,0,0,ROCKET,1.0,0.0
12519,1,1,ROCKET,0.0,1.0
9192,0,0,ROCKET,1.0,0.0
18415,1,0,ROCKET,1.0,0.0
4426,0,0,ROCKET,1.0,0.0
1325,0,0,ROCKET,1.0,0.0
18587,1,0,ROCKET,1.0,0.0
1572,0,0,ROCKET,1.0,0.0
8379,0,0,ROCKET,1.0,0.0
16726,1,0,ROCKET,1.0,0.0
6375,0,0,ROCKET,1.0,0.0
11807,1,0,ROCKET,1.0,0.0
15310,1,0,ROCKET,1.0,0.0
15781,1,1,ROCKET,0.0,1.0
18954,1,0,ROCKET,1.0,0.0
7503,0,0,ROCKET,1.0,0.0
414,0,0,ROCKET,1.0,0.0
17951,1,0,ROCKET,1.0,0.0
9638,0,0,ROCKET,1.0,0.0
13179,1,1,ROCKET,0.0,1.0
7115,0,0,ROCKET,1.0,0.0
16699,1,0,ROCKET,1.0,0.0
12025,1,1,ROCKET,0.0,1.0
7331,0,0,ROCKET,1.0,0.0
5799,0,0,ROCKET,1.0,0.0
17925,1,1,ROCKET,0.0,1.0
14113,1,1,ROCKET,0.0,1.0
17648,1,0,ROCKET,1.0,0.0
17695,1,0,ROCKET,1.0,0.0
16227,1,0,ROCKET,1.0,0.0
18181,1,0,ROCKET,1.0,0.0
6890,0,0,ROCKET,1.0,0.0
17953,1,0,ROCKET,1.0,0.0
6680,0,0,ROCKET,1.0,0.0
4469,0,0,ROCKET,1.0,0.0
7730,0,0,ROCKET,1.0,0.0
6476,0,0,ROCKET,1.0,0.0
1212,0,0,ROCKET,1.0,0.0
13704,1,1,ROCKET,0.0,1.0
4726,0,0,ROCKET,1.0,0.0
1172,0,0,ROCKET,1.0,0.0
16595,1,0,ROCKET,1.0,0.0
3714,0,0,ROCKET,1.0,0.0
19874,1,1,ROCKET,0.0,1.0
17714,1,1,ROCKET,0.0,1.0
12017,1,1,ROCKET,0.0,1.0
84,0,0,ROCKET,1.0,0.0
4905,0,0,ROCKET,1.0,0.0
12934,1,1,ROCKET,0.0,1.0
5595,0,1,ROCKET,0.0,1.0
1809,0,0,ROCKET,1.0,0.0
4228,0,0,ROCKET,1.0,0.0
14075,1,1,ROCKET,0.0,1.0
5359,0,0,ROCKET,1.0,0.0
11792,1,1,ROCKET,0.0,1.0
15762,1,1,ROCKET,0.0,1.0
16900,1,0,ROCKET,1.0,0.0
3688,0,1,ROCKET,0.0,1.0
10730,1,0,ROCKET,1.0,0.0
2004,0,0,ROCKET,1.0,0.0
16913,1,0,ROCKET,1.0,0.0
196,0,0,ROCKET,1.0,0.0
144,0,0,ROCKET,1.0,0.0
7756,0,0,ROCKET,1.0,0.0
8529,0,0,ROCKET,1.0,0.0
1300,0,0,ROCKET,1.0,0.0
9028,0,0,ROCKET,1.0,0.0
8695,0,0,ROCKET,1.0,0.0
11502,1,1,ROCKET,0.0,1.0
1137,0,0,ROCKET,1.0,0.0
19148,1,0,ROCKET,1.0,0.0
1619,0,0,ROCKET,1.0,0.0
11797,1,0,ROCKET,1.0,0.0
12473,1,1,ROCKET,0.0,1.0
13378,1,1,ROCKET,0.0,1.0
12469,1,1,ROCKET,0.0,1.0
14370,1,0,ROCKET,1.0,0.0
5983,0,0,ROCKET,1.0,0.0
3901,0,0,ROCKET,1.0,0.0
1429,0,0,ROCKET,1.0,0.0
19120,1,1,ROCKET,0.0,1.0
19587,1,1,ROCKET,0.0,1.0
2147,0,0,ROCKET,1.0,0.0
9350,0,0,ROCKET,1.0,0.0
2229,0,0,ROCKET,1.0,0.0
16067,1,0,ROCKET,1.0,0.0
18694,1,0,ROCKET,1.0,0.0
685,0,0,ROCKET,1.0,0.0
7045,0,0,ROCKET,1.0,0.0
18405,1,1,ROCKET,0.0,1.0
10565,1,0,ROCKET,1.0,0.0
15178,1,1,ROCKET,0.0,1.0
13469,1,1,ROCKET,0.0,1.0
17844,1,1,ROCKET,0.0,1.0
12004,1,1,ROCKET,0.0,1.0
17598,1,1,ROCKET,0.0,1.0
5540,0,0,ROCKET,1.0,0.0
5963,0,0,ROCKET,1.0,0.0
14250,1,0,ROCKET,1.0,0.0
132,0,0,ROCKET,1.0,0.0
5336,0,0,ROCKET,1.0,0.0
8289,0,0,ROCKET,1.0,0.0
6787,0,0,ROCKET,1.0,0.0
7659,0,0,ROCKET,1.0,0.0
6926,0,0,ROCKET,1.0,0.0
139,0,0,ROCKET,1.0,0.0
5004,0,0,ROCKET,1.0,0.0
18689,1,0,ROCKET,1.0,0.0
3331,0,0,ROCKET,1.0,0.0
7850,0,0,ROCKET,1.0,0.0
10463,1,0,ROCKET,1.0,0.0
8495,0,0,ROCKET,1.0,0.0
10432,1,0,ROCKET,1.0,0.0
14898,1,0,ROCKET,1.0,0.0
9112,0,0,ROCKET,1.0,0.0
10166,1,1,ROCKET,0.0,1.0
4256,0,0,ROCKET,1.0,0.0
12501,1,1,ROCKET,0.0,1.0
3224,0,0,ROCKET,1.0,0.0
15905,1,1,ROCKET,0.0,1.0
4279,0,0,ROCKET,1.0,0.0
15686,1,1,ROCKET,0.0,1.0
16766,1,0,ROCKET,1.0,0.0
14678,1,0,ROCKET,1.0,0.0
6737,0,0,ROCKET,1.0,0.0
10467,1,0,ROCKET,1.0,0.0
12664,1,1,ROCKET,0.0,1.0
15213,1,0,ROCKET,1.0,0.0
12807,1,1,ROCKET,0.0,1.0
3087,0,0,ROCKET,1.0,0.0
12662,1,1,ROCKET,0.0,1.0
13580,1,1,ROCKET,0.0,1.0
4037,0,0,ROCKET,1.0,0.0
14615,1,1,ROCKET,0.0,1.0
5477,0,0,ROCKET,1.0,0.0
7529,0,0,ROCKET,1.0,0.0
6761,0,0,ROCKET,1.0,0.0
1846,0,0,ROCKET,1.0,0.0
14845,1,1,ROCKET,0.0,1.0
13146,1,1,ROCKET,0.0,1.0
2053,0,0,ROCKET,1.0,0.0
816,0,0,ROCKET,1.0,0.0
10403,1,0,ROCKET,1.0,0.0
542,0,0,ROCKET,1.0,0.0
2313,0,1,ROCKET,0.0,1.0
19246,1,0,ROCKET,1.0,0.0
3225,0,0,ROCKET,1.0,0.0
14956,1,0,ROCKET,1.0,0.0
10894,1,1,ROCKET,0.0,1.0
5873,0,0,ROCKET,1.0,0.0
506,0,0,ROCKET,1.0,0.0
5656,0,0,ROCKET,1.0,0.0
18760,1,0,ROCKET,1.0,0.0
9163,0,0,ROCKET,1.0,0.0
11736,1,0,ROCKET,1.0,0.0
4525,0,0,ROCKET,1.0,0.0
520,0,0,ROCKET,1.0,0.0
14152,1,1,ROCKET,0.0,1.0
14245,1,0,ROCKET,1.0,0.0
7108,0,0,ROCKET,1.0,0.0
9622,0,0,ROCKET,1.0,0.0
19520,1,1,ROCKET,0.0,1.0
12700,1,1,ROCKET,0.0,1.0
10921,1,1,ROCKET,0.0,1.0
8801,0,0,ROCKET,1.0,0.0
16935,1,0,ROCKET,1.0,0.0
12427,1,1,ROCKET,0.0,1.0
4791,0,0,ROCKET,1.0,0.0
2485,0,0,ROCKET,1.0,0.0
9305,0,0,ROCKET,1.0,0.0
14334,1,1,ROCKET,0.0,1.0
17188,1,0,ROCKET,1.0,0.0
17478,1,0,ROCKET,1.0,0.0
10031,1,0,ROCKET,1.0,0.0
3973,0,0,ROCKET,1.0,0.0
2853,0,0,ROCKET,1.0,0.0
17378,1,0,ROCKET,1.0,0.0
1372,0,1,ROCKET,0.0,1.0
8143,0,0,ROCKET,1.0,0.0
6301,0,0,ROCKET,1.0,0.0
19235,1,0,ROCKET,1.0,0.0
5702,0,0,ROCKET,1.0,0.0
7736,0,0,ROCKET,1.0,0.0
8117,0,0,ROCKET,1.0,0.0
5569,0,0,ROCKET,1.0,0.0
17849,1,0,ROCKET,1.0,0.0
10244,1,1,ROCKET,0.0,1.0
10551,1,0,ROCKET,1.0,0.0
17025,1,0,ROCKET,1.0,0.0
13877,1,1,ROCKET,0.0,1.0
7566,0,0,ROCKET,1.0,0.0
683,0,0,ROCKET,1.0,0.0
3139,0,0,ROCKET,1.0,0.0
2512,0,0,ROCKET,1.0,0.0
10157,1,0,ROCKET,1.0,0.0
1465,0,0,ROCKET,1.0,0.0
16574,1,0,ROCKET,1.0,0.0
11976,1,1,ROCKET,0.0,1.0
18132,1,1,ROCKET,0.0,1.0
11945,1,0,ROCKET,1.0,0.0
16972,1,0,ROCKET,1.0,0.0
9520,0,0,ROCKET,1.0,0.0
12190,1,1,ROCKET,0.0,1.0
11345,1,1,ROCKET,0.0,1.0
4224,0,0,ROCKET,1.0,0.0
7467,0,0,ROCKET,1.0,0.0
11605,1,1,ROCKET,0.0,1.0
13253,1,1,ROCKET,0.0,1.0
9612,0,0,ROCKET,1.0,0.0
19548,1,1,ROCKET,0.0,1.0
11819,1,1,ROCKET,0.0,1.0
6286,0,0,ROCKET,1.0,0.0
7284,0,0,ROCKET,1.0,0.0
17323,1,0,ROCKET,1.0,0.0
5928,0,1,ROCKET,0.0,1.0
7607,0,0,ROCKET,1.0,0.0
17780,1,1,ROCKET,0.0,1.0
18728,1,1,ROCKET,0.0,1.0
2137,0,0,ROCKET,1.0,0.0
10095,1,1,ROCKET,0.0,1.0
7028,0,0,ROCKET,1.0,0.0
14777,1,1,ROCKET,0.0,1.0
5100,0,0,ROCKET,1.0,0.0
17330,1,0,ROCKET,1.0,0.0
7948,0,0,ROCKET,1.0,0.0
8134,0,0,ROCKET,1.0,0.0
1519,0,0,ROCKET,1.0,0.0
13064,1,1,ROCKET,0.0,1.0
7933,0,0,ROCKET,1.0,0.0
7818,0,0,ROCKET,1.0,0.0
5532,0,0,ROCKET,1.0,0.0
17512,1,0,ROCKET,1.0,0.0
19363,1,1,ROCKET,0.0,1.0
13196,1,1,ROCKET,0.0,1.0
105,0,0,ROCKET,1.0,0.0
583,0,0,ROCKET,1.0,0.0
17679,1,0,ROCKET,1.0,0.0
5049,0,0,ROCKET,1.0,0.0
2452,0,0,ROCKET,1.0,0.0
14194,1,1,ROCKET,0.0,1.0
2484,0,0,ROCKET,1.0,0.0
12052,1,1,ROCKET,0.0,1.0
14997,1,0,ROCKET,1.0,0.0
8098,0,0,ROCKET,1.0,0.0
10809,1,1,ROCKET,0.0,1.0
10162,1,1,ROCKET,0.0,1.0
10421,1,0,ROCKET,1.0,0.0
2132,0,0,ROCKET,1.0,0.0
64,0,0,ROCKET,1.0,0.0
19732,1,1,ROCKET,0.0,1.0
7913,0,0,ROCKET,1.0,0.0
5148,0,0,ROCKET,1.0,0.0
5949,0,0,ROCKET,1.0,0.0
204,0,0,ROCKET,1.0,0.0
4001,0,0,ROCKET,1.0,0.0
3550,0,0,ROCKET,1.0,0.0
12401,1,1,ROCKET,0.0,1.0
11659,1,0,ROCKET,1.0,0.0
8486,0,0,ROCKET,1.0,0.0
4758,0,0,ROCKET,1.0,0.0
5112,0,0,ROCKET,1.0,0.0
2071,0,0,ROCKET,1.0,0.0
7940,0,0,ROCKET,1.0,0.0
10785,1,1,ROCKET,0.0,1.0
17314,1,0,ROCKET,1.0,0.0
7549,0,0,ROCKET,1.0,0.0
10846,1,1,ROCKET,0.0,1.0
14700,1,1,ROCKET,0.0,1.0
14058,1,1,ROCKET,0.0,1.0
10592,1,0,ROCKET,1.0,0.0
14102,1,1,ROCKET,0.0,1.0
1219,0,0,ROCKET,1.0,0.0
4350,0,0,ROCKET,1.0,0.0
11168,1,1,ROCKET,0.0,1.0
18623,1,0,ROCKET,1.0,0.0
12526,1,1,ROCKET,0.0,1.0
9508,0,0,ROCKET,1.0,0.0
1424,0,0,ROCKET,1.0,0.0
5629,0,0,ROCKET,1.0,0.0
3954,0,0,ROCKET,1.0,0.0
15110,1,0,ROCKET,1.0,0.0
12898,1,1,ROCKET,0.0,1.0
5192,0,0,ROCKET,1.0,0.0
9769,0,0,ROCKET,1.0,0.0
3829,0,0,ROCKET,1.0,0.0
1924,0,0,ROCKET,1.0,0.0
18320,1,1,ROCKET,0.0,1.0
13575,1,1,ROCKET,0.0,1.0
694,0,0,ROCKET,1.0,0.0
6261,0,0,ROCKET,1.0,0.0
18340,1,0,ROCKET,1.0,0.0
9173,0,0,ROCKET,1.0,0.0
9469,0,0,ROCKET,1.0,0.0
4999,0,0,ROCKET,1.0,0.0
19030,1,1,ROCKET,0.0,1.0
3604,0,0,ROCKET,1.0,0.0
14640,1,1,ROCKET,0.0,1.0
5266,0,0,ROCKET,1.0,0.0
17137,1,1,ROCKET,0.0,1.0
227,0,0,ROCKET,1.0,0.0
5633,0,0,ROCKET,1.0,0.0
12912,1,1,ROCKET,0.0,1.0
1887,0,0,ROCKET,1.0,0.0
11978,1,1,ROCKET,0.0,1.0
12198,1,1,ROCKET,0.0,1.0
12219,1,1,ROCKET,0.0,1.0
1978,0,0,ROCKET,1.0,0.0
3562,0,0,ROCKET,1.0,0.0
426,0,0,ROCKET,1.0,0.0
16053,1,0,ROCKET,1.0,0.0
3727,0,0,ROCKET,1.0,0.0
13963,1,1,ROCKET,0.0,1.0
7428,0,0,ROCKET,1.0,0.0
7793,0,0,ROCKET,1.0,0.0
884,0,0,ROCKET,1.0,0.0
18650,1,0,ROCKET,1.0,0.0
16934,1,0,ROCKET,1.0,0.0
19053,1,1,ROCKET,0.0,1.0
15321,1,0,ROCKET,1.0,0.0
8986,0,0,ROCKET,1.0,0.0
15912,1,1,ROCKET,0.0,1.0
9389,0,0,ROCKET,1.0,0.0
16662,1,0,ROCKET,1.0,0.0
8597,0,0,ROCKET,1.0,0.0
10830,1,1,ROCKET,0.0,1.0
3421,0,0,ROCKET,1.0,0.0
17125,1,0,ROCKET,1.0,0.0
13834,1,1,ROCKET,0.0,1.0
11416,1,1,ROCKET,0.0,1.0
7273,0,0,ROCKET,1.0,0.0
8123,0,0,ROCKET,1.0,0.0
3386,0,0,ROCKET,1.0,0.0
16099,1,0,ROCKET,1.0,0.0
17997,1,0,ROCKET,1.0,0.0
4816,0,0,ROCKET,1.0,0.0
11351,1,1,ROCKET,0.0,1.0
504,0,0,ROCKET,1.0,0.0
8473,0,0,ROCKET,1.0,0.0
2376,0,0,ROCKET,1.0,0.0
12973,1,1,ROCKET,0.0,1.0
11477,1,1,ROCKET,0.0,1.0
17037,1,1,ROCKET,0.0,1.0
17292,1,0,ROCKET,1.0,0.0
10836,1,1,ROCKET,0.0,1.0
17706,1,0,ROCKET,1.0,0.0
11875,1,1,ROCKET,0.0,1.0
9977,0,0,ROCKET,1.0,0.0
3573,0,0,ROCKET,1.0,0.0
12812,1,1,ROCKET,0.0,1.0
2012,0,0,ROCKET,1.0,0.0
17698,1,0,ROCKET,1.0,0.0
5846,0,0,ROCKET,1.0,0.0
11545,1,1,ROCKET,0.0,1.0
13592,1,1,ROCKET,0.0,1.0
13908,1,1,ROCKET,0.0,1.0
233,0,0,ROCKET,1.0,0.0
19098,1,0,ROCKET,1.0,0.0
12265,1,1,ROCKET,0.0,1.0
768,0,0,ROCKET,1.0,0.0
11608,1,0,ROCKET,1.0,0.0
10974,1,1,ROCKET,0.0,1.0
615,0,0,ROCKET,1.0,0.0
6160,0,1,ROCKET,0.0,1.0
19206,1,0,ROCKET,1.0,0.0
6520,0,0,ROCKET,1.0,0.0
7613,0,0,ROCKET,1.0,0.0
17355,1,1,ROCKET,0.0,1.0
17281,1,1,ROCKET,0.0,1.0
11864,1,1,ROCKET,0.0,1.0
888,0,0,ROCKET,1.0,0.0
3453,0,0,ROCKET,1.0,0.0
4091,0,0,ROCKET,1.0,0.0
12491,1,1,ROCKET,0.0,1.0
14433,1,1,ROCKET,0.0,1.0
14139,1,1,ROCKET,0.0,1.0
9871,0,1,ROCKET,0.0,1.0
6908,0,0,ROCKET,1.0,0.0
15255,1,0,ROCKET,1.0,0.0
18850,1,0,ROCKET,1.0,0.0
4981,0,0,ROCKET,1.0,0.0
2450,0,1,ROCKET,0.0,1.0
18348,1,0,ROCKET,1.0,0.0
7918,0,0,ROCKET,1.0,0.0
17542,1,0,ROCKET,1.0,0.0
17340,1,0,ROCKET,1.0,0.0
12145,1,1,ROCKET,0.0,1.0
1560,0,0,ROCKET,1.0,0.0
8222,0,0,ROCKET,1.0,0.0
4674,0,0,ROCKET,1.0,0.0
3508,0,0,ROCKET,1.0,0.0
8094,0,0,ROCKET,1.0,0.0
10599,1,0,ROCKET,1.0,0.0
3082,0,0,ROCKET,1.0,0.0
13380,1,1,ROCKET,0.0,1.0
16788,1,0,ROCKET,1.0,0.0
11584,1,0,ROCKET,1.0,0.0
18375,1,0,ROCKET,1.0,0.0
15199,1,0,ROCKET,1.0,0.0
1783,0,0,ROCKET,1.0,0.0
8457,0,0,ROCKET,1.0,0.0
15251,1,0,ROCKET,1.0,0.0
1468,0,0,ROCKET,1.0,0.0
17580,1,1,ROCKET,0.0,1.0
12497,1,1,ROCKET,0.0,1.0
14484,1,1,ROCKET,0.0,1.0
10457,1,0,ROCKET,1.0,0.0
12780,1,1,ROCKET,0.0,1.0
15620,1,1,ROCKET,0.0,1.0
11710,1,0,ROCKET,1.0,0.0
3437,0,0,ROCKET,1.0,0.0
15162,1,1,ROCKET,0.0,1.0
19409,1,1,ROCKET,0.0,1.0
13101,1,1,ROCKET,0.0,1.0
7622,0,0,ROCKET,1.0,0.0
13319,1,1,ROCKET,0.0,1.0
15450,1,1,ROCKET,0.0,1.0
14800,1,0,ROCKET,1.0,0.0
14525,1,1,ROCKET,0.0,1.0
4115,0,0,ROCKET,1.0,0.0
4737,0,0,ROCKET,1.0,0.0
7188,0,0,ROCKET,1.0,0.0
11071,1,1,ROCKET,0.0,1.0
19216,1,0,ROCKET,1.0,0.0
6338,0,0,ROCKET,1.0,0.0
3844,0,0,ROCKET,1.0,0.0
5654,0,0,ROCKET,1.0,0.0
4877,0,0,ROCKET,1.0,0.0
8065,0,0,ROCKET,1.0,0.0
5698,0,0,ROCKET,1.0,0.0
3634,0,0,ROCKET,1.0,0.0
1734,0,0,ROCKET,1.0,0.0
14126,1,0,ROCKET,1.0,0.0
7489,0,0,ROCKET,1.0,0.0
12757,1,1,ROCKET,0.0,1.0
3597,0,0,ROCKET,1.0,0.0
14575,1,0,ROCKET,1.0,0.0
17407,1,0,ROCKET,1.0,0.0
12779,1,1,ROCKET,0.0,1.0
8202,0,0,ROCKET,1.0,0.0
5050,0,0,ROCKET,1.0,0.0
4423,0,0,ROCKET,1.0,0.0
15667,1,1,ROCKET,0.0,1.0
3052,0,1,ROCKET,0.0,1.0
19005,1,1,ROCKET,0.0,1.0
15706,1,1,ROCKET,0.0,1.0
12798,1,1,ROCKET,0.0,1.0
5913,0,0,ROCKET,1.0,0.0
6045,0,0,ROCKET,1.0,0.0
9809,0,0,ROCKET,1.0,0.0
7881,0,0,ROCKET,1.0,0.0
9117,0,0,ROCKET,1.0,0.0
499,0,0,ROCKET,1.0,0.0
19190,1,1,ROCKET,0.0,1.0
14190,1,1,ROCKET,0.0,1.0
8482,0,0,ROCKET,1.0,0.0
481,0,0,ROCKET,1.0,0.0
5125,0,0,ROCKET,1.0,0.0
19150,1,0,ROCKET,1.0,0.0
13217,1,1,ROCKET,0.0,1.0
6635,0,0,ROCKET,1.0,0.0
8475,0,0,ROCKET,1.0,0.0
2176,0,0,ROCKET,1.0,0.0
12441,1,1,ROCKET,0.0,1.0
5121,0,0,ROCKET,1.0,0.0
11066,1,1,ROCKET,0.0,1.0
9554,0,0,ROCKET,1.0,0.0
10411,1,0,ROCKET,1.0,0.0
14200,1,1,ROCKET,0.0,1.0
15840,1,1,ROCKET,0.0,1.0
3477,0,0,ROCKET,1.0,0.0
18211,1,0,ROCKET,1.0,0.0
10871,1,1,ROCKET,0.0,1.0
5483,0,0,ROCKET,1.0,0.0
13939,1,1,ROCKET,0.0,1.0
9478,0,0,ROCKET,1.0,0.0
12620,1,1,ROCKET,0.0,1.0
3497,0,0,ROCKET,1.0,0.0
14722,1,1,ROCKET,0.0,1.0
19882,1,1,ROCKET,0.0,1.0
18036,1,0,ROCKET,1.0,0.0
6681,0,0,ROCKET,1.0,0.0
17203,1,0,ROCKET,1.0,0.0
2786,0,0,ROCKET,1.0,0.0
13530,1,1,ROCKET,0.0,1.0
9393,0,0,ROCKET,1.0,0.0
4570,0,0,ROCKET,1.0,0.0
14254,1,1,ROCKET,0.0,1.0
4500,0,0,ROCKET,1.0,0.0
19028,1,0,ROCKET,1.0,0.0
6677,0,0,ROCKET,1.0,0.0
14556,1,1,ROCKET,0.0,1.0
1052,0,0,ROCKET,1.0,0.0
6319,0,0,ROCKET,1.0,0.0
10037,1,1,ROCKET,0.0,1.0
10514,1,0,ROCKET,1.0,0.0
4034,0,0,ROCKET,1.0,0.0
9906,0,0,ROCKET,1.0,0.0
8102,0,0,ROCKET,1.0,0.0
8230,0,0,ROCKET,1.0,0.0
16964,1,0,ROCKET,1.0,0.0
11771,1,1,ROCKET,0.0,1.0
388,0,0,ROCKET,1.0,0.0
12555,1,1,ROCKET,0.0,1.0
16087,1,0,ROCKET,1.0,0.0
3512,0,0,ROCKET,1.0,0.0
4912,0,0,ROCKET,1.0,0.0
1984,0,0,ROCKET,1.0,0.0
9110,0,0,ROCKET,1.0,0.0
13021,1,1,ROCKET,0.0,1.0
660,0,1,ROCKET,0.0,1.0
6965,0,0,ROCKET,1.0,0.0
18298,1,0,ROCKET,1.0,0.0
18186,1,0,ROCKET,1.0,0.0
11039,1,1,ROCKET,0.0,1.0
15809,1,1,ROCKET,0.0,1.0
14707,1,1,ROCKET,0.0,1.0
5257,0,0,ROCKET,1.0,0.0
2443,0,0,ROCKET,1.0,0.0
9023,0,0,ROCKET,1.0,0.0
14379,1,1,ROCKET,0.0,1.0
19685,1,1,ROCKET,0.0,1.0
6602,0,0,ROCKET,1.0,0.0
3491,0,0,ROCKET,1.0,0.0
377,0,0,ROCKET,1.0,0.0
5575,0,1,ROCKET,0.0,1.0
10943,1,1,ROCKET,0.0,1.0
3655,0,0,ROCKET,1.0,0.0
6435,0,1,ROCKET,0.0,1.0
13522,1,1,ROCKET,0.0,1.0
14917,1,1,ROCKET,0.0,1.0
2064,0,0,ROCKET,1.0,0.0
10018,1,1,ROCKET,0.0,1.0
4414,0,0,ROCKET,1.0,0.0
13567,1,1,ROCKET,0.0,1.0
2787,0,0,ROCKET,1.0,0.0
15772,1,1,ROCKET,0.0,1.0
13741,1,1,ROCKET,0.0,1.0
3846,0,0,ROCKET,1.0,0.0
18717,1,1,ROCKET,0.0,1.0
8368,0,0,ROCKET,1.0,0.0
19844,1,1,ROCKET,0.0,1.0
15505,1,1,ROCKET,0.0,1.0
8977,0,0,ROCKET,1.0,0.0
12524,1,1,ROCKET,0.0,1.0
17293,1,1,ROCKET,0.0,1.0
17901,1,1,ROCKET,0.0,1.0
8439,0,0,ROCKET,1.0,0.0
10125,1,0,ROCKET,1.0,0.0
4187,0,0,ROCKET,1.0,0.0
17567,1,1,ROCKET,0.0,1.0
17516,1,1,ROCKET,0.0,1.0
8969,0,0,ROCKET,1.0,0.0
4977,0,0,ROCKET,1.0,0.0
9883,0,0,ROCKET,1.0,0.0
15323,1,0,ROCKET,1.0,0.0
3599,0,0,ROCKET,1.0,0.0
9403,0,0,ROCKET,1.0,0.0
14617,1,1,ROCKET,0.0,1.0
5208,0,0,ROCKET,1.0,0.0
17274,1,0,ROCKET,1.0,0.0
2476,0,0,ROCKET,1.0,0.0
9379,0,0,ROCKET,1.0,0.0
970,0,0,ROCKET,1.0,0.0
5818,0,0,ROCKET,1.0,0.0
18569,1,0,ROCKET,1.0,0.0
1933,0,0,ROCKET,1.0,0.0
8982,0,0,ROCKET,1.0,0.0
18073,1,1,ROCKET,0.0,1.0
16255,1,0,ROCKET,1.0,0.0
4362,0,0,ROCKET,1.0,0.0
6860,0,0,ROCKET,1.0,0.0
14080,1,0,ROCKET,1.0,0.0
8840,0,0,ROCKET,1.0,0.0
19895,1,1,ROCKET,0.0,1.0
13529,1,1,ROCKET,0.0,1.0
17879,1,0,ROCKET,1.0,0.0
19738,1,1,ROCKET,0.0,1.0
16635,1,1,ROCKET,0.0,1.0
197,0,0,ROCKET,1.0,0.0
3467,0,0,ROCKET,1.0,0.0
13448,1,1,ROCKET,0.0,1.0
11305,1,1,ROCKET,0.0,1.0
1090,0,0,ROCKET,1.0,0.0
17083,1,0,ROCKET,1.0,0.0
5340,0,0,ROCKET,1.0,0.0
161,0,0,ROCKET,1.0,0.0
17195,1,0,ROCKET,1.0,0.0
2704,0,0,ROCKET,1.0,0.0
4847,0,0,ROCKET,1.0,0.0
12453,1,1,ROCKET,0.0,1.0
15697,1,0,ROCKET,1.0,0.0
5238,0,0,ROCKET,1.0,0.0
244,0,0,ROCKET,1.0,0.0
8120,0,0,ROCKET,1.0,0.0
16407,1,1,ROCKET,0.0,1.0
19860,1,1,ROCKET,0.0,1.0
13049,1,1,ROCKET,0.0,1.0
451,0,0,ROCKET,1.0,0.0
6985,0,0,ROCKET,1.0,0.0
15663,1,1,ROCKET,0.0,1.0
2350,0,0,ROCKET,1.0,0.0
1304,0,0,ROCKET,1.0,0.0
8955,0,0,ROCKET,1.0,0.0
17061,1,0,ROCKET,1.0,0.0
13100,1,1,ROCKET,0.0,1.0
8900,0,0,ROCKET,1.0,0.0
19739,1,1,ROCKET,0.0,1.0
850,0,0,ROCKET,1.0,0.0
14816,1,0,ROCKET,1.0,0.0
10934,1,1,ROCKET,0.0,1.0
4147,0,0,ROCKET,1.0,0.0
14688,1,1,ROCKET,0.0,1.0
483,0,0,ROCKET,1.0,0.0
3697,0,0,ROCKET,1.0,0.0
19185,1,1,ROCKET,0.0,1.0
8793,0,0,ROCKET,1.0,0.0
3375,0,0,ROCKET,1.0,0.0
8814,0,0,ROCKET,1.0,0.0
13526,1,1,ROCKET,0.0,1.0
3374,0,0,ROCKET,1.0,0.0
10498,1,0,ROCKET,1.0,0.0
4567,0,0,ROCKET,1.0,0.0
2737,0,0,ROCKET,1.0,0.0
987,0,0,ROCKET,1.0,0.0
10215,1,1,ROCKET,0.0,1.0
13899,1,1,ROCKET,0.0,1.0
1574,0,0,ROCKET,1.0,0.0
2990,0,0,ROCKET,1.0,0.0
742,0,0,ROCKET,1.0,0.0
6057,0,1,ROCKET,0.0,1.0
18682,1,1,ROCKET,0.0,1.0
15513,1,1,ROCKET,0.0,1.0
13859,1,1,ROCKET,0.0,1.0
9042,0,0,ROCKET,1.0,0.0
12688,1,1,ROCKET,0.0,1.0
10415,1,0,ROCKET,1.0,0.0
3710,0,0,ROCKET,1.0,0.0
3226,0,0,ROCKET,1.0,0.0
9025,0,0,ROCKET,1.0,0.0
18269,1,0,ROCKET,1.0,0.0
675,0,0,ROCKET,1.0,0.0
13819,1,1,ROCKET,0.0,1.0
12507,1,1,ROCKET,0.0,1.0
19735,1,1,ROCKET,0.0,1.0
5401,0,0,ROCKET,1.0,0.0
11319,1,1,ROCKET,0.0,1.0
5945,0,0,ROCKET,1.0,0.0
19751,1,1,ROCKET,0.0,1.0
16891,1,0,ROCKET,1.0,0.0
9855,0,0,ROCKET,1.0,0.0
2530,0,0,ROCKET,1.0,0.0
9782,0,0,ROCKET,1.0,0.0
16849,1,0,ROCKET,1.0,0.0
10046,1,1,ROCKET,0.0,1.0
14698,1,1,ROCKET,0.0,1.0
7057,0,0,ROCKET,1.0,0.0
17595,1,0,ROCKET,1.0,0.0
10105,1,1,ROCKET,0.0,1.0
16870,1,0,ROCKET,1.0,0.0
1251,0,0,ROCKET,1.0,0.0
17078,1,1,ROCKET,0.0,1.0
6285,0,0,ROCKET,1.0,0.0
13515,1,1,ROCKET,0.0,1.0
9617,0,0,ROCKET,1.0,0.0
16219,1,0,ROCKET,1.0,0.0
2503,0,0,ROCKET,1.0,0.0
8411,0,0,ROCKET,1.0,0.0
13020,1,1,ROCKET,0.0,1.0
13109,1,1,ROCKET,0.0,1.0
592,0,0,ROCKET,1.0,0.0
14596,1,0,ROCKET,1.0,0.0
817,0,0,ROCKET,1.0,0.0
11644,1,0,ROCKET,1.0,0.0
13501,1,1,ROCKET,0.0,1.0
12171,1,1,ROCKET,0.0,1.0
17809,1,1,ROCKET,0.0,1.0
12683,1,1,ROCKET,0.0,1.0
3715,0,0,ROCKET,1.0,0.0
17291,1,1,ROCKET,0.0,1.0
8395,0,0,ROCKET,1.0,0.0
7571,0,0,ROCKET,1.0,0.0
80,0,0,ROCKET,1.0,0.0
16627,1,0,ROCKET,1.0,0.0
2783,0,0,ROCKET,1.0,0.0
15185,1,0,ROCKET,1.0,0.0
15305,1,0,ROCKET,1.0,0.0
3346,0,0,ROCKET,1.0,0.0
3531,0,0,ROCKET,1.0,0.0
4854,0,0,ROCKET,1.0,0.0
6879,0,0,ROCKET,1.0,0.0
6980,0,0,ROCKET,1.0,0.0
8243,0,0,ROCKET,1.0,0.0
10258,1,0,ROCKET,1.0,0.0
8988,0,0,ROCKET,1.0,0.0
2720,0,0,ROCKET,1.0,0.0
18880,1,0,ROCKET,1.0,0.0
17288,1,1,ROCKET,0.0,1.0
13595,1,1,ROCKET,0.0,1.0
1939,0,0,ROCKET,1.0,0.0
4947,0,0,ROCKET,1.0,0.0
19905,1,1,ROCKET,0.0,1.0
5855,0,0,ROCKET,1.0,0.0
2249,0,0,ROCKET,1.0,0.0
16224,1,0,ROCKET,1.0,0.0
7396,0,0,ROCKET,1.0,0.0
18121,1,0,ROCKET,1.0,0.0
12216,1,1,ROCKET,0.0,1.0
10523,1,0,ROCKET,1.0,0.0
1625,0,0,ROCKET,1.0,0.0
14567,1,1,ROCKET,0.0,1.0
12909,1,1,ROCKET,0.0,1.0
17660,1,1,ROCKET,0.0,1.0
7514,0,0,ROCKET,1.0,0.0
7322,0,0,ROCKET,1.0,0.0
7670,0,0,ROCKET,1.0,0.0
12436,1,1,ROCKET,0.0,1.0
18388,1,1,ROCKET,0.0,1.0
17041,1,0,ROCKET,1.0,0.0
5570,0,0,ROCKET,1.0,0.0
9275,0,0,ROCKET,1.0,0.0
560,0,0,ROCKET,1.0,0.0
9947,0,0,ROCKET,1.0,0.0
3628,0,0,ROCKET,1.0,0.0
9866,0,0,ROCKET,1.0,0.0
13605,1,1,ROCKET,0.0,1.0
6555,0,0,ROCKET,1.0,0.0
848,0,0,ROCKET,1.0,0.0
1502,0,0,ROCKET,1.0,0.0
4260,0,0,ROCKET,1.0,0.0
10074,1,1,ROCKET,0.0,1.0
5801,0,0,ROCKET,1.0,0.0
17633,1,0,ROCKET,1.0,0.0
17508,1,0,ROCKET,1.0,0.0
10695,1,0,ROCKET,1.0,0.0
15211,1,0,ROCKET,1.0,0.0
986,0,0,ROCKET,1.0,0.0
3580,0,0,ROCKET,1.0,0.0
6870,0,0,ROCKET,1.0,0.0
14420,1,1,ROCKET,0.0,1.0
11045,1,1,ROCKET,0.0,1.0
9916,0,0,ROCKET,1.0,0.0
19188,1,0,ROCKET,1.0,0.0
86,0,0,ROCKET,1.0,0.0
4436,0,0,ROCKET,1.0,0.0
15610,1,1,ROCKET,0.0,1.0
1375,0,0,ROCKET,1.0,0.0
10490,1,1,ROCKET,0.0,1.0
2342,0,0,ROCKET,1.0,0.0
14740,1,1,ROCKET,0.0,1.0
11197,1,1,ROCKET,0.0,1.0
3757,0,0,ROCKET,1.0,0.0
2409,0,0,ROCKET,1.0,0.0
9743,0,0,ROCKET,1.0,0.0
2356,0,0,ROCKET,1.0,0.0
15221,1,0,ROCKET,1.0,0.0
9652,0,0,ROCKET,1.0,0.0
2508,0,0,ROCKET,1.0,0.0
8415,0,0,ROCKET,1.0,0.0
18399,1,1,ROCKET,0.0,1.0
15907,1,1,ROCKET,0.0,1.0
17676,1,0,ROCKET,1.0,0.0
10805,1,1,ROCKET,0.0,1.0
2574,0,0,ROCKET,1.0,0.0
5954,0,0,ROCKET,1.0,0.0
19421,1,1,ROCKET,0.0,1.0
10252,1,1,ROCKET,0.0,1.0
16408,1,0,ROCKET,1.0,0.0
7363,0,0,ROCKET,1.0,0.0
7561,0,0,ROCKET,1.0,0.0
607,0,0,ROCKET,1.0,0.0
14022,1,0,ROCKET,1.0,0.0
730,0,0,ROCKET,1.0,0.0
2807,0,0,ROCKET,1.0,0.0
12122,1,1,ROCKET,0.0,1.0
1774,0,0,ROCKET,1.0,0.0
4269,0,0,ROCKET,1.0,0.0
13994,1,1,ROCKET,0.0,1.0
3057,0,0,ROCKET,1.0,0.0
2352,0,1,ROCKET,0.0,1.0
7527,0,0,ROCKET,1.0,0.0
9684,0,0,ROCKET,1.0,0.0
9917,0,0,ROCKET,1.0,0.0
14004,1,1,ROCKET,0.0,1.0
19172,1,0,ROCKET,1.0,0.0
3041,0,0,ROCKET,1.0,0.0
16951,1,0,ROCKET,1.0,0.0
8232,0,0,ROCKET,1.0,0.0
16651,1,0,ROCKET,1.0,0.0
9624,0,0,ROCKET,1.0,0.0
6673,0,0,ROCKET,1.0,0.0
17101,1,0,ROCKET,1.0,0.0
1169,0,0,ROCKET,1.0,0.0
2769,0,0,ROCKET,1.0,0.0
8791,0,0,ROCKET,1.0,0.0
1477,0,0,ROCKET,1.0,0.0
17914,1,1,ROCKET,0.0,1.0
13646,1,1,ROCKET,0.0,1.0
7425,0,0,ROCKET,1.0,0.0
9751,0,0,ROCKET,1.0,0.0
551,0,0,ROCKET,1.0,0.0
9044,0,0,ROCKET,1.0,0.0
4298,0,0,ROCKET,1.0,0.0
4761,0,0,ROCKET,1.0,0.0
18730,1,1,ROCKET,0.0,1.0
14586,1,0,ROCKET,1.0,0.0
358,0,0,ROCKET,1.0,0.0
5333,0,0,ROCKET,1.0,0.0
16412,1,0,ROCKET,1.0,0.0
1885,0,0,ROCKET,1.0,0.0
3100,0,0,ROCKET,1.0,0.0
13640,1,1,ROCKET,0.0,1.0
14034,1,1,ROCKET,0.0,1.0
1923,0,0,ROCKET,1.0,0.0
16705,1,0,ROCKET,1.0,0.0
5951,0,0,ROCKET,1.0,0.0
8576,0,0,ROCKET,1.0,0.0
15626,1,1,ROCKET,0.0,1.0
12232,1,1,ROCKET,0.0,1.0
11573,1,0,ROCKET,1.0,0.0
18701,1,0,ROCKET,1.0,0.0
14326,1,1,ROCKET,0.0,1.0
9408,0,0,ROCKET,1.0,0.0
3392,0,0,ROCKET,1.0,0.0
17081,1,0,ROCKET,1.0,0.0
9311,0,0,ROCKET,1.0,0.0
6016,0,0,ROCKET,1.0,0.0
18755,1,0,ROCKET,1.0,0.0
11038,1,1,ROCKET,0.0,1.0
11150,1,0,ROCKET,1.0,0.0
1656,0,0,ROCKET,1.0,0.0
5630,0,0,ROCKET,1.0,0.0
11846,1,0,ROCKET,1.0,0.0
4108,0,0,ROCKET,1.0,0.0
15556,1,1,ROCKET,0.0,1.0
3006,0,0,ROCKET,1.0,0.0
11667,1,0,ROCKET,1.0,0.0
14347,1,1,ROCKET,0.0,1.0
15022,1,1,ROCKET,0.0,1.0
7360,0,0,ROCKET,1.0,0.0
193,0,0,ROCKET,1.0,0.0
19251,1,0,ROCKET,1.0,0.0
17199,1,1,ROCKET,0.0,1.0
8666,0,0,ROCKET,1.0,0.0
10692,1,0,ROCKET,1.0,0.0
3395,0,0,ROCKET,1.0,0.0
18028,1,1,ROCKET,0.0,1.0
17239,1,0,ROCKET,1.0,0.0
8874,0,0,ROCKET,1.0,0.0
3582,0,0,ROCKET,1.0,0.0
14890,1,0,ROCKET,1.0,0.0
15176,1,1,ROCKET,0.0,1.0
16909,1,0,ROCKET,1.0,0.0
12470,1,1,ROCKET,0.0,1.0
3357,0,0,ROCKET,1.0,0.0
1592,0,0,ROCKET,1.0,0.0
11174,1,1,ROCKET,0.0,1.0
13571,1,1,ROCKET,0.0,1.0
2299,0,0,ROCKET,1.0,0.0
11167,1,1,ROCKET,0.0,1.0
17401,1,0,ROCKET,1.0,0.0
2065,0,0,ROCKET,1.0,0.0
6243,0,0,ROCKET,1.0,0.0
1954,0,0,ROCKET,1.0,0.0
10787,1,1,ROCKET,0.0,1.0
1377,0,0,ROCKET,1.0,0.0
7027,0,0,ROCKET,1.0,0.0
16907,1,0,ROCKET,1.0,0.0
10145,1,0,ROCKET,1.0,0.0
10540,1,0,ROCKET,1.0,0.0
1311,0,0,ROCKET,1.0,0.0
310,0,0,ROCKET,1.0,0.0
17215,1,0,ROCKET,1.0,0.0
3074,0,0,ROCKET,1.0,0.0
11939,1,0,ROCKET,1.0,0.0
4433,0,0,ROCKET,1.0,0.0
11032,1,1,ROCKET,0.0,1.0
8286,0,0,ROCKET,1.0,0.0
19564,1,1,ROCKET,0.0,1.0
9422,0,1,ROCKET,0.0,1.0
12906,1,1,ROCKET,0.0,1.0
10061,1,1,ROCKET,0.0,1.0
12910,1,1,ROCKET,0.0,1.0
16269,1,0,ROCKET,1.0,0.0
17416,1,1,ROCKET,0.0,1.0
10492,1,0,ROCKET,1.0,0.0
15479,1,0,ROCKET,1.0,0.0
17325,1,0,ROCKET,1.0,0.0
14518,1,0,ROCKET,1.0,0.0
2726,0,0,ROCKET,1.0,0.0
15029,1,0,ROCKET,1.0,0.0
908,0,0,ROCKET,1.0,0.0
5531,0,0,ROCKET,1.0,0.0
5280,0,0,ROCKET,1.0,0.0
9929,0,0,ROCKET,1.0,0.0
9841,0,0,ROCKET,1.0,0.0
11824,1,0,ROCKET,1.0,0.0
11336,1,1,ROCKET,0.0,1.0
19712,1,1,ROCKET,0.0,1.0
3240,0,0,ROCKET,1.0,0.0
13066,1,1,ROCKET,0.0,1.0
203,0,0,ROCKET,1.0,0.0
286,0,0,ROCKET,1.0,0.0
1455,0,0,ROCKET,1.0,0.0
8257,0,0,ROCKET,1.0,0.0
7250,0,0,ROCKET,1.0,0.0
3447,0,0,ROCKET,1.0,0.0
17992,1,0,ROCKET,1.0,0.0
14824,1,1,ROCKET,0.0,1.0
9730,0,0,ROCKET,1.0,0.0
15153,1,0,ROCKET,1.0,0.0
2605,0,0,ROCKET,1.0,0.0
9848,0,0,ROCKET,1.0,0.0
17566,1,1,ROCKET,0.0,1.0
3431,0,0,ROCKET,1.0,0.0
10781,1,1,ROCKET,0.0,1.0
10803,1,1,ROCKET,0.0,1.0
18922,1,0,ROCKET,1.0,0.0
17053,1,0,ROCKET,1.0,0.0
12097,1,1,ROCKET,0.0,1.0
13080,1,1,ROCKET,0.0,1.0
17234,1,1,ROCKET,0.0,1.0
8017,0,0,ROCKET,1.0,0.0
5886,0,0,ROCKET,1.0,0.0
11295,1,1,ROCKET,0.0,1.0
7066,0,0,ROCKET,1.0,0.0
12830,1,1,ROCKET,0.0,1.0
8811,0,1,ROCKET,0.0,1.0
9599,0,0,ROCKET,1.0,0.0
2250,0,0,ROCKET,1.0,0.0
8573,0,0,ROCKET,1.0,0.0
8059,0,0,ROCKET,1.0,0.0
6659,0,0,ROCKET,1.0,0.0
17090,1,1,ROCKET,0.0,1.0
7583,0,0,ROCKET,1.0,0.0
19200,1,0,ROCKET,1.0,0.0
9500,0,0,ROCKET,1.0,0.0
740,0,0,ROCKET,1.0,0.0
1227,0,0,ROCKET,1.0,0.0
15536,1,1,ROCKET,0.0,1.0
19918,1,1,ROCKET,0.0,1.0
514,0,0,ROCKET,1.0,0.0
3999,0,0,ROCKET,1.0,0.0
7134,0,0,ROCKET,1.0,0.0
8376,0,0,ROCKET,1.0,0.0
6580,0,0,ROCKET,1.0,0.0
17211,1,1,ROCKET,0.0,1.0
14268,1,1,ROCKET,0.0,1.0
2129,0,0,ROCKET,1.0,0.0
14274,1,1,ROCKET,0.0,1.0
2870,0,0,ROCKET,1.0,0.0
1119,0,0,ROCKET,1.0,0.0
1868,0,0,ROCKET,1.0,0.0
2559,0,0,ROCKET,1.0,0.0
2636,0,0,ROCKET,1.0,0.0
6227,0,0,ROCKET,1.0,0.0
13313,1,1,ROCKET,0.0,1.0
14280,1,0,ROCKET,1.0,0.0
1841,0,0,ROCKET,1.0,0.0
36,0,0,ROCKET,1.0,0.0
8614,0,0,ROCKET,1.0,0.0
13410,1,1,ROCKET,0.0,1.0
2167,0,1,ROCKET,0.0,1.0
340,0,0,ROCKET,1.0,0.0
6628,0,0,ROCKET,1.0,0.0
7022,0,0,ROCKET,1.0,0.0
14059,1,1,ROCKET,0.0,1.0
153,0,0,ROCKET,1.0,0.0
466,0,0,ROCKET,1.0,0.0
1476,0,0,ROCKET,1.0,0.0
6720,0,0,ROCKET,1.0,0.0
14502,1,1,ROCKET,0.0,1.0
7422,0,0,ROCKET,1.0,0.0
6193,0,0,ROCKET,1.0,0.0
13590,1,1,ROCKET,0.0,1.0
7042,0,0,ROCKET,1.0,0.0
2773,0,0,ROCKET,1.0,0.0
2791,0,0,ROCKET,1.0,0.0
14012,1,0,ROCKET,1.0,0.0
11044,1,1,ROCKET,0.0,1.0
6461,0,0,ROCKET,1.0,0.0
10814,1,1,ROCKET,0.0,1.0
10575,1,0,ROCKET,1.0,0.0
15117,1,0,ROCKET,1.0,0.0
5547,0,1,ROCKET,0.0,1.0
4778,0,0,ROCKET,1.0,0.0
3736,0,0,ROCKET,1.0,0.0
8588,0,0,ROCKET,1.0,0.0
4486,0,0,ROCKET,1.0,0.0
19585,1,1,ROCKET,0.0,1.0
7059,0,0,ROCKET,1.0,0.0
15207,1,0,ROCKET,1.0,0.0
2721,0,0,ROCKET,1.0,0.0
13494,1,1,ROCKET,0.0,1.0
8287,0,0,ROCKET,1.0,0.0
17092,1,1,ROCKET,0.0,1.0
5524,0,0,ROCKET,1.0,0.0
6640,0,0,ROCKET,1.0,0.0
353,0,0,ROCKET,1.0,0.0
11634,1,1,ROCKET,0.0,1.0
11482,1,1,ROCKET,0.0,1.0
2675,0,0,ROCKET,1.0,0.0
17742,1,1,ROCKET,0.0,1.0
6928,0,0,ROCKET,1.0,0.0
16804,1,0,ROCKET,1.0,0.0
10315,1,1,ROCKET,0.0,1.0
18931,1,1,ROCKET,0.0,1.0
5858,0,0,ROCKET,1.0,0.0
9262,0,0,ROCKET,1.0,0.0
1621,0,0,ROCKET,1.0,0.0
15744,1,1,ROCKET,0.0,1.0
13260,1,1,ROCKET,0.0,1.0
17001,1,0,ROCKET,1.0,0.0
19014,1,1,ROCKET,0.0,1.0
8733,0,0,ROCKET,1.0,0.0
4301,0,0,ROCKET,1.0,0.0
14604,1,0,ROCKET,1.0,0.0
11977,1,1,ROCKET,0.0,1.0
1839,0,0,ROCKET,1.0,0.0
18511,1,1,ROCKET,0.0,1.0
18202,1,1,ROCKET,0.0,1.0
3975,0,0,ROCKET,1.0,0.0
10038,1,1,ROCKET,0.0,1.0
1314,0,0,ROCKET,1.0,0.0
7111,0,0,ROCKET,1.0,0.0
19533,1,1,ROCKET,0.0,1.0
15247,1,0,ROCKET,1.0,0.0
17510,1,0,ROCKET,1.0,0.0
9038,0,0,ROCKET,1.0,0.0
13750,1,1,ROCKET,0.0,1.0
9136,0,0,ROCKET,1.0,0.0
8776,0,0,ROCKET,1.0,0.0
9849,0,0,ROCKET,1.0,0.0
12486,1,1,ROCKET,0.0,1.0
15095,1,0,ROCKET,1.0,0.0
12098,1,1,ROCKET,0.0,1.0
1556,0,0,ROCKET,1.0,0.0
8785,0,0,ROCKET,1.0,0.0
9577,0,0,ROCKET,1.0,0.0
6326,0,1,ROCKET,0.0,1.0
5961,0,0,ROCKET,1.0,0.0
11924,1,0,ROCKET,1.0,0.0
19147,1,0,ROCKET,1.0,0.0
13095,1,1,ROCKET,0.0,1.0
11746,1,0,ROCKET,1.0,0.0
13766,1,1,ROCKET,0.0,1.0
11679,1,0,ROCKET,1.0,0.0
14653,1,1,ROCKET,0.0,1.0
7438,0,0,ROCKET,1.0,0.0
10278,1,1,ROCKET,0.0,1.0
10005,1,1,ROCKET,0.0,1.0
8648,0,0,ROCKET,1.0,0.0
4805,0,0,ROCKET,1.0,0.0
3295,0,0,ROCKET,1.0,0.0
368,0,0,ROCKET,1.0,0.0
316,0,0,ROCKET,1.0,0.0
13320,1,1,ROCKET,0.0,1.0
231,0,0,ROCKET,1.0,0.0
16430,1,0,ROCKET,1.0,0.0
11453,1,1,ROCKET,0.0,1.0
315,0,0,ROCKET,1.0,0.0
12472,1,1,ROCKET,0.0,1.0
10178,1,1,ROCKET,0.0,1.0
17397,1,0,ROCKET,1.0,0.0
6035,0,0,ROCKET,1.0,0.0
7351,0,0,ROCKET,1.0,0.0
1225,0,0,ROCKET,1.0,0.0
10972,1,1,ROCKET,0.0,1.0
9615,0,0,ROCKET,1.0,0.0
12164,1,1,ROCKET,0.0,1.0
6360,0,0,ROCKET,1.0,0.0
6811,0,0,ROCKET,1.0,0.0
19000,1,1,ROCKET,0.0,1.0
17834,1,1,ROCKET,0.0,1.0
5551,0,0,ROCKET,1.0,0.0
5712,0,1,ROCKET,0.0,1.0
5264,0,0,ROCKET,1.0,0.0
18433,1,1,ROCKET,0.0,1.0
6247,0,0,ROCKET,1.0,0.0
8755,0,0,ROCKET,1.0,0.0
11728,1,0,ROCKET,1.0,0.0
14881,1,0,ROCKET,1.0,0.0
4612,0,0,ROCKET,1.0,0.0
16617,1,0,ROCKET,1.0,0.0
10201,1,1,ROCKET,0.0,1.0
1804,0,0,ROCKET,1.0,0.0
12950,1,1,ROCKET,0.0,1.0
15742,1,1,ROCKET,0.0,1.0
15508,1,1,ROCKET,0.0,1.0
5534,0,0,ROCKET,1.0,0.0
7927,0,0,ROCKET,1.0,0.0
18179,1,1,ROCKET,0.0,1.0
5822,0,0,ROCKET,1.0,0.0
10055,1,1,ROCKET,0.0,1.0
9778,0,0,ROCKET,1.0,0.0
2666,0,0,ROCKET,1.0,0.0
786,0,0,ROCKET,1.0,0.0
18935,1,0,ROCKET,1.0,0.0
5055,0,1,ROCKET,0.0,1.0
16887,1,0,ROCKET,1.0,0.0
15066,1,0,ROCKET,1.0,0.0
5779,0,0,ROCKET,1.0,0.0
14476,1,1,ROCKET,0.0,1.0
13467,1,1,ROCKET,0.0,1.0
12965,1,1,ROCKET,0.0,1.0
1008,0,0,ROCKET,1.0,0.0
13627,1,1,ROCKET,0.0,1.0
15360,1,0,ROCKET,1.0,0.0
8041,0,0,ROCKET,1.0,0.0
17371,1,1,ROCKET,0.0,1.0
1492,0,0,ROCKET,1.0,0.0
13774,1,1,ROCKET,0.0,1.0
4494,0,0,ROCKET,1.0,0.0
11800,1,1,ROCKET,0.0,1.0
4264,0,0,ROCKET,1.0,0.0
5461,0,0,ROCKET,1.0,0.0
11433,1,1,ROCKET,0.0,1.0
10434,1,0,ROCKET,1.0,0.0
4071,0,0,ROCKET,1.0,0.0
3742,0,0,ROCKET,1.0,0.0
9719,0,0,ROCKET,1.0,0.0
1512,0,0,ROCKET,1.0,0.0
1768,0,0,ROCKET,1.0,0.0
12809,1,1,ROCKET,0.0,1.0
11948,1,1,ROCKET,0.0,1.0
14558,1,1,ROCKET,0.0,1.0
2714,0,0,ROCKET,1.0,0.0
19174,1,0,ROCKET,1.0,0.0
5289,0,0,ROCKET,1.0,0.0
3877,0,0,ROCKET,1.0,0.0
3749,0,0,ROCKET,1.0,0.0
6955,0,0,ROCKET,1.0,0.0
2815,0,0,ROCKET,1.0,0.0
2480,0,0,ROCKET,1.0,0.0
10626,1,0,ROCKET,1.0,0.0
10642,1,0,ROCKET,1.0,0.0
2486,0,0,ROCKET,1.0,0.0
7687,0,0,ROCKET,1.0,0.0
18771,1,1,ROCKET,0.0,1.0
9550,0,0,ROCKET,1.0,0.0
10870,1,1,ROCKET,0.0,1.0
5386,0,0,ROCKET,1.0,0.0
3720,0,0,ROCKET,1.0,0.0
18752,1,1,ROCKET,0.0,1.0
9789,0,0,ROCKET,1.0,0.0
821,0,0,ROCKET,1.0,0.0
10402,1,0,ROCKET,1.0,0.0
6002,0,0,ROCKET,1.0,0.0
10945,1,1,ROCKET,0.0,1.0
3381,0,0,ROCKET,1.0,0.0
5820,0,0,ROCKET,1.0,0.0
9597,0,0,ROCKET,1.0,0.0
19370,1,1,ROCKET,0.0,1.0
3645,0,0,ROCKET,1.0,0.0
14306,1,1,ROCKET,0.0,1.0
14876,1,0,ROCKET,1.0,0.0
1725,0,0,ROCKET,1.0,0.0
17709,1,0,ROCKET,1.0,0.0
492,0,1,ROCKET,0.0,1.0
16054,1,0,ROCKET,1.0,0.0
1348,0,0,ROCKET,1.0,0.0
11867,1,0,ROCKET,1.0,0.0
7317,0,0,ROCKET,1.0,0.0
12723,1,1,ROCKET,0.0,1.0
8399,0,0,ROCKET,1.0,0.0
13392,1,1,ROCKET,0.0,1.0
19242,1,1,ROCKET,0.0,1.0
11531,1,1,ROCKET,0.0,1.0
16724,1,1,ROCKET,0.0,1.0
17793,1,0,ROCKET,1.0,0.0
12060,1,1,ROCKET,0.0,1.0
6095,0,0,ROCKET,1.0,0.0
8736,0,0,ROCKET,1.0,0.0
10637,1,0,ROCKET,1.0,0.0
3630,0,0,ROCKET,1.0,0.0
4874,0,0,ROCKET,1.0,0.0
14750,1,1,ROCKET,0.0,1.0
8739,0,0,ROCKET,1.0,0.0
640,0,0,ROCKET,1.0,0.0
7175,0,0,ROCKET,1.0,0.0
8533,0,0,ROCKET,1.0,0.0
6756,0,0,ROCKET,1.0,0.0
18547,1,0,ROCKET,1.0,0.0
16813,1,0,ROCKET,1.0,0.0
13147,1,1,ROCKET,0.0,1.0
13623,1,1,ROCKET,0.0,1.0
3776,0,0,ROCKET,1.0,0.0
15317,1,0,ROCKET,1.0,0.0
17343,1,1,ROCKET,0.0,1.0
9744,0,0,ROCKET,1.0,0.0
4357,0,0,ROCKET,1.0,0.0
3178,0,0,ROCKET,1.0,0.0
18825,1,1,ROCKET,0.0,1.0
12979,1,1,ROCKET,0.0,1.0
3109,0,0,ROCKET,1.0,0.0
19521,1,1,ROCKET,0.0,1.0
8872,0,0,ROCKET,1.0,0.0
18008,1,1,ROCKET,0.0,1.0
12450,1,1,ROCKET,0.0,1.0
9219,0,0,ROCKET,1.0,0.0
18676,1,0,ROCKET,1.0,0.0
19888,1,1,ROCKET,0.0,1.0
6707,0,0,ROCKET,1.0,0.0
9766,0,0,ROCKET,1.0,0.0
7648,0,0,ROCKET,1.0,0.0
13500,1,1,ROCKET,0.0,1.0
10926,1,1,ROCKET,0.0,1.0
962,0,0,ROCKET,1.0,0.0
4860,0,0,ROCKET,1.0,0.0
19562,1,1,ROCKET,0.0,1.0
18562,1,0,ROCKET,1.0,0.0
10906,1,1,ROCKET,0.0,1.0
10923,1,1,ROCKET,0.0,1.0
15004,1,0,ROCKET,1.0,0.0
8487,0,0,ROCKET,1.0,0.0
7157,0,0,ROCKET,1.0,0.0
18886,1,0,ROCKET,1.0,0.0
3676,0,0,ROCKET,1.0,0.0
17057,1,0,ROCKET,1.0,0.0
7214,0,0,ROCKET,1.0,0.0
13969,1,0,ROCKET,1.0,0.0
18663,1,1,ROCKET,0.0,1.0
13457,1,1,ROCKET,0.0,1.0
3739,0,0,ROCKET,1.0,0.0
6682,0,0,ROCKET,1.0,0.0
18817,1,1,ROCKET,0.0,1.0
13044,1,1,ROCKET,0.0,1.0
1012,0,0,ROCKET,1.0,0.0
1849,0,0,ROCKET,1.0,0.0
10766,1,0,ROCKET,1.0,0.0
11688,1,0,ROCKET,1.0,0.0
14065,1,1,ROCKET,0.0,1.0
11165,1,1,ROCKET,0.0,1.0
14237,1,1,ROCKET,0.0,1.0
4198,0,0,ROCKET,1.0,0.0
6271,0,0,ROCKET,1.0,0.0
3920,0,0,ROCKET,1.0,0.0
4733,0,0,ROCKET,1.0,0.0
4927,0,0,ROCKET,1.0,0.0
4549,0,0,ROCKET,1.0,0.0
10650,1,0,ROCKET,1.0,0.0
17805,1,0,ROCKET,1.0,0.0
11860,1,0,ROCKET,1.0,0.0
14514,1,1,ROCKET,0.0,1.0
992,0,0,ROCKET,1.0,0.0
14728,1,0,ROCKET,1.0,0.0
2083,0,0,ROCKET,1.0,0.0
6307,0,0,ROCKET,1.0,0.0
9673,0,0,ROCKET,1.0,0.0
2151,0,0,ROCKET,1.0,0.0
12548,1,1,ROCKET,0.0,1.0
11275,1,1,ROCKET,0.0,1.0
3696,0,0,ROCKET,1.0,0.0
3105,0,0,ROCKET,1.0,0.0
4545,0,0,ROCKET,1.0,0.0
17711,1,0,ROCKET,1.0,0.0
1176,0,0,ROCKET,1.0,0.0
7199,0,0,ROCKET,1.0,0.0
13930,1,1,ROCKET,0.0,1.0
14987,1,0,ROCKET,1.0,0.0
9924,0,0,ROCKET,1.0,0.0
14382,1,1,ROCKET,0.0,1.0
5000,0,0,ROCKET,1.0,0.0
5497,0,0,ROCKET,1.0,0.0
11448,1,1,ROCKET,0.0,1.0
12241,1,1,ROCKET,0.0,1.0
6269,0,0,ROCKET,1.0,0.0
8557,0,0,ROCKET,1.0,0.0
14712,1,1,ROCKET,0.0,1.0
8726,0,0,ROCKET,1.0,0.0
15888,1,1,ROCKET,0.0,1.0
15259,1,1,ROCKET,0.0,1.0
4235,0,0,ROCKET,1.0,0.0
7602,0,0,ROCKET,1.0,0.0
1702,0,0,ROCKET,1.0,0.0
10829,1,1,ROCKET,0.0,1.0
7680,0,0,ROCKET,1.0,0.0
6023,0,0,ROCKET,1.0,0.0
12877,1,1,ROCKET,0.0,1.0
19910,1,1,ROCKET,0.0,1.0
8076,0,0,ROCKET,1.0,0.0
10932,1,1,ROCKET,0.0,1.0
17118,1,0,ROCKET,1.0,0.0
3158,0,0,ROCKET,1.0,0.0
18719,1,0,ROCKET,1.0,0.0
13673,1,1,ROCKET,0.0,1.0
18048,1,1,ROCKET,0.0,1.0
14262,1,1,ROCKET,0.0,1.0
5412,0,0,ROCKET,1.0,0.0
12387,1,1,ROCKET,0.0,1.0
10400,1,0,ROCKET,1.0,0.0
18998,1,1,ROCKET,0.0,1.0
402,0,0,ROCKET,1.0,0.0
704,0,0,ROCKET,1.0,0.0
5312,0,0,ROCKET,1.0,0.0
18025,1,1,ROCKET,0.0,1.0
8255,0,0,ROCKET,1.0,0.0
3118,0,0,ROCKET,1.0,0.0
19140,1,1,ROCKET,0.0,1.0
14350,1,1,ROCKET,0.0,1.0
18904,1,0,ROCKET,1.0,0.0
8918,0,0,ROCKET,1.0,0.0
12614,1,1,ROCKET,0.0,1.0
6067,0,0,ROCKET,1.0,0.0
18247,1,1,ROCKET,0.0,1.0
9484,0,0,ROCKET,1.0,0.0
15638,1,1,ROCKET,0.0,1.0
11994,1,1,ROCKET,0.0,1.0
862,0,0,ROCKET,1.0,0.0
873,0,0,ROCKET,1.0,0.0
8083,0,0,ROCKET,1.0,0.0
18398,1,0,ROCKET,1.0,0.0
12293,1,1,ROCKET,0.0,1.0
8189,0,0,ROCKET,1.0,0.0
2347,0,0,ROCKET,1.0,0.0
2646,0,0,ROCKET,1.0,0.0
4789,0,0,ROCKET,1.0,0.0
13299,1,1,ROCKET,0.0,1.0
9828,0,0,ROCKET,1.0,0.0
12217,1,1,ROCKET,0.0,1.0
7750,0,0,ROCKET,1.0,0.0
494,0,0,ROCKET,1.0,0.0
13891,1,1,ROCKET,0.0,1.0
2320,0,1,ROCKET,0.0,1.0
10723,1,0,ROCKET,1.0,0.0
9281,0,0,ROCKET,1.0,0.0
10052,1,1,ROCKET,0.0,1.0
2864,0,0,ROCKET,1.0,0.0
13112,1,1,ROCKET,0.0,1.0
9150,0,0,ROCKET,1.0,0.0
14904,1,0,ROCKET,1.0,0.0
5250,0,0,ROCKET,1.0,0.0
10011,1,1,ROCKET,0.0,1.0
9246,0,0,ROCKET,1.0,0.0
17664,1,0,ROCKET,1.0,0.0
11779,1,0,ROCKET,1.0,0.0
19214,1,0,ROCKET,1.0,0.0
15311,1,1,ROCKET,0.0,1.0
8390,0,0,ROCKET,1.0,0.0
8299,0,0,ROCKET,1.0,0.0
17987,1,0,ROCKET,1.0,0.0
755,0,0,ROCKET,1.0,0.0
11327,1,1,ROCKET,0.0,1.0
6490,0,0,ROCKET,1.0,0.0
4552,0,0,ROCKET,1.0,0.0
2739,0,0,ROCKET,1.0,0.0
5624,0,0,ROCKET,1.0,0.0
14015,1,0,ROCKET,1.0,0.0
17513,1,1,ROCKET,0.0,1.0
9541,0,0,ROCKET,1.0,0.0
6944,0,0,ROCKET,1.0,0.0
4179,0,0,ROCKET,1.0,0.0
14968,1,1,ROCKET,0.0,1.0
6823,0,0,ROCKET,1.0,0.0
219,0,0,ROCKET,1.0,0.0
10872,1,1,ROCKET,0.0,1.0
13168,1,1,ROCKET,0.0,1.0
1326,0,0,ROCKET,1.0,0.0
8792,0,0,ROCKET,1.0,0.0
3891,0,0,ROCKET,1.0,0.0
1391,0,0,ROCKET,1.0,0.0
15412,1,1,ROCKET,0.0,1.0
9498,0,0,ROCKET,1.0,0.0
6550,0,0,ROCKET,1.0,0.0
4736,0,0,ROCKET,1.0,0.0
14916,1,1,ROCKET,0.0,1.0
3355,0,0,ROCKET,1.0,0.0
5946,0,0,ROCKET,1.0,0.0
12446,1,1,ROCKET,0.0,1.0
8263,0,0,ROCKET,1.0,0.0
10522,1,0,ROCKET,1.0,0.0
17272,1,1,ROCKET,0.0,1.0
1568,0,0,ROCKET,1.0,0.0
6992,0,0,ROCKET,1.0,0.0
7844,0,0,ROCKET,1.0,0.0
6805,0,0,ROCKET,1.0,0.0
15805,1,1,ROCKET,0.0,1.0
8911,0,0,ROCKET,1.0,0.0
12355,1,1,ROCKET,0.0,1.0
1264,0,0,ROCKET,1.0,0.0
4188,0,0,ROCKET,1.0,0.0
10452,1,0,ROCKET,1.0,0.0
19238,1,0,ROCKET,1.0,0.0
13852,1,1,ROCKET,0.0,1.0
18777,1,1,ROCKET,0.0,1.0
12760,1,1,ROCKET,0.0,1.0
18409,1,1,ROCKET,0.0,1.0
3343,0,0,ROCKET,1.0,0.0
14664,1,1,ROCKET,0.0,1.0
5950,0,0,ROCKET,1.0,0.0
16682,1,0,ROCKET,1.0,0.0
3369,0,0,ROCKET,1.0,0.0
12737,1,1,ROCKET,0.0,1.0
11782,1,0,ROCKET,1.0,0.0
10992,1,1,ROCKET,0.0,1.0
3639,0,0,ROCKET,1.0,0.0
3274,0,0,ROCKET,1.0,0.0
13337,1,1,ROCKET,0.0,1.0
18032,1,1,ROCKET,0.0,1.0
5554,0,0,ROCKET,1.0,0.0
11614,1,0,ROCKET,1.0,0.0
4638,0,0,ROCKET,1.0,0.0
2748,0,0,ROCKET,1.0,0.0
3684,0,0,ROCKET,1.0,0.0
14704,1,1,ROCKET,0.0,1.0
18575,1,0,ROCKET,1.0,0.0
2362,0,0,ROCKET,1.0,0.0
5201,0,0,ROCKET,1.0,0.0
3125,0,0,ROCKET,1.0,0.0
11214,1,1,ROCKET,0.0,1.0
15532,1,1,ROCKET,0.0,1.0
6064,0,0,ROCKET,1.0,0.0
19348,1,1,ROCKET,0.0,1.0
10401,1,0,ROCKET,1.0,0.0
1205,0,0,ROCKET,1.0,0.0
4659,0,0,ROCKET,1.0,0.0
19523,1,1,ROCKET,0.0,1.0
10206,1,1,ROCKET,0.0,1.0
8670,0,0,ROCKET,1.0,0.0
1877,0,0,ROCKET,1.0,0.0
1919,0,0,ROCKET,1.0,0.0
17979,1,1,ROCKET,0.0,1.0
1201,0,0,ROCKET,1.0,0.0
855,0,0,ROCKET,1.0,0.0
12462,1,1,ROCKET,0.0,1.0
13460,1,1,ROCKET,0.0,1.0
10841,1,1,ROCKET,0.0,1.0
13361,1,1,ROCKET,0.0,1.0
6389,0,0,ROCKET,1.0,0.0
13914,1,1,ROCKET,0.0,1.0
8033,0,0,ROCKET,1.0,0.0
15441,1,0,ROCKET,1.0,0.0
15339,1,1,ROCKET,0.0,1.0
7735,0,0,ROCKET,1.0,0.0
12935,1,1,ROCKET,0.0,1.0
1297,0,0,ROCKET,1.0,0.0
8526,0,0,ROCKET,1.0,0.0
17365,1,1,ROCKET,0.0,1.0
13907,1,1,ROCKET,0.0,1.0
10762,1,0,ROCKET,1.0,0.0
3761,0,0,ROCKET,1.0,0.0
18991,1,1,ROCKET,0.0,1.0
10528,1,0,ROCKET,1.0,0.0
151,0,0,ROCKET,1.0,0.0
3292,0,0,ROCKET,1.0,0.0
13798,1,1,ROCKET,0.0,1.0
17320,1,0,ROCKET,1.0,0.0
13428,1,1,ROCKET,0.0,1.0
8727,0,0,ROCKET,1.0,0.0
15044,1,0,ROCKET,1.0,0.0
19714,1,1,ROCKET,0.0,1.0
15309,1,0,ROCKET,1.0,0.0
9635,0,0,ROCKET,1.0,0.0
6576,0,0,ROCKET,1.0,0.0
9278,0,0,ROCKET,1.0,0.0
1720,0,0,ROCKET,1.0,0.0
635,0,0,ROCKET,1.0,0.0
15635,1,1,ROCKET,0.0,1.0
9596,0,0,ROCKET,1.0,0.0
1886,0,0,ROCKET,1.0,0.0
11904,1,0,ROCKET,1.0,0.0
12820,1,1,ROCKET,0.0,1.0
4496,0,0,ROCKET,1.0,0.0
16910,1,0,ROCKET,1.0,0.0
9533,0,0,ROCKET,1.0,0.0
2833,0,0,ROCKET,1.0,0.0
4432,0,0,ROCKET,1.0,0.0
1697,0,0,ROCKET,1.0,0.0
19025,1,1,ROCKET,0.0,1.0
16797,1,1,ROCKET,0.0,1.0
10346,1,1,ROCKET,0.0,1.0
14661,1,1,ROCKET,0.0,1.0
7541,0,0,ROCKET,1.0,0.0
15569,1,1,ROCKET,0.0,1.0
16722,1,0,ROCKET,1.0,0.0
952,0,0,ROCKET,1.0,0.0
2558,0,0,ROCKET,1.0,0.0
11215,1,1,ROCKET,0.0,1.0
19913,1,1,ROCKET,0.0,1.0
12438,1,1,ROCKET,0.0,1.0
5693,0,0,ROCKET,1.0,0.0
113,0,0,ROCKET,1.0,0.0
4144,0,0,ROCKET,1.0,0.0
6348,0,0,ROCKET,1.0,0.0
15640,1,1,ROCKET,0.0,1.0
5399,0,0,ROCKET,1.0,0.0
16948,1,0,ROCKET,1.0,0.0
630,0,0,ROCKET,1.0,0.0
9442,0,0,ROCKET,1.0,0.0
9739,0,0,ROCKET,1.0,0.0
2258,0,0,ROCKET,1.0,0.0
12021,1,1,ROCKET,0.0,1.0
14611,1,0,ROCKET,1.0,0.0
13163,1,1,ROCKET,0.0,1.0
1457,0,0,ROCKET,1.0,0.0
14026,1,1,ROCKET,0.0,1.0
6117,0,0,ROCKET,1.0,0.0
6586,0,0,ROCKET,1.0,0.0
11652,1,0,ROCKET,1.0,0.0
15833,1,1,ROCKET,0.0,1.0
11068,1,1,ROCKET,0.0,1.0
15741,1,1,ROCKET,0.0,1.0
3507,0,0,ROCKET,1.0,0.0
6145,0,0,ROCKET,1.0,0.0
19186,1,0,ROCKET,1.0,0.0
4548,0,0,ROCKET,1.0,0.0
4233,0,0,ROCKET,1.0,0.0
5518,0,0,ROCKET,1.0,0.0
7624,0,0,ROCKET,1.0,0.0
16599,1,0,ROCKET,1.0,0.0
5537,0,0,ROCKET,1.0,0.0
14512,1,1,ROCKET,0.0,1.0
4110,0,0,ROCKET,1.0,0.0
12350,1,1,ROCKET,0.0,1.0
1442,0,0,ROCKET,1.0,0.0
5566,0,0,ROCKET,1.0,0.0
8028,0,0,ROCKET,1.0,0.0
17368,1,1,ROCKET,0.0,1.0
4359,0,0,ROCKET,1.0,0.0
15246,1,1,ROCKET,0.0,1.0
4074,0,0,ROCKET,1.0,0.0
5255,0,0,ROCKET,1.0,0.0
645,0,0,ROCKET,1.0,0.0
16796,1,0,ROCKET,1.0,0.0
3819,0,0,ROCKET,1.0,0.0
19512,1,1,ROCKET,0.0,1.0
16976,1,0,ROCKET,1.0,0.0
12916,1,1,ROCKET,0.0,1.0
1482,0,0,ROCKET,1.0,0.0
17067,1,1,ROCKET,0.0,1.0
9543,0,0,ROCKET,1.0,0.0
9990,1,0,ROCKET,1.0,0.0
17684,1,1,ROCKET,0.0,1.0
16953,1,0,ROCKET,1.0,0.0
15009,1,0,ROCKET,1.0,0.0
17129,1,0,ROCKET,1.0,0.0
5919,0,0,ROCKET,1.0,0.0
9981,0,0,ROCKET,1.0,0.0
9725,0,0,ROCKET,1.0,0.0
10146,1,1,ROCKET,0.0,1.0
3171,0,0,ROCKET,1.0,0.0
4738,0,0,ROCKET,1.0,0.0
4207,0,0,ROCKET,1.0,0.0
4446,0,0,ROCKET,1.0,0.0
16709,1,0,ROCKET,1.0,0.0
751,0,0,ROCKET,1.0,0.0
13430,1,1,ROCKET,0.0,1.0
15641,1,1,ROCKET,0.0,1.0
9890,0,0,ROCKET,1.0,0.0
11733,1,0,ROCKET,1.0,0.0
18461,1,1,ROCKET,0.0,1.0
10296,1,1,ROCKET,0.0,1.0
15519,1,1,ROCKET,0.0,1.0
18593,1,1,ROCKET,0.0,1.0
1043,0,0,ROCKET,1.0,0.0
13937,1,1,ROCKET,0.0,1.0
13525,1,1,ROCKET,0.0,1.0
11534,1,1,ROCKET,0.0,1.0
18750,1,0,ROCKET,1.0,0.0
512,0,0,ROCKET,1.0,0.0
12461,1,1,ROCKET,0.0,1.0
11938,1,0,ROCKET,1.0,0.0
13400,1,1,ROCKET,0.0,1.0
18631,1,0,ROCKET,1.0,0.0
9837,0,0,ROCKET,1.0,0.0
10975,1,1,ROCKET,0.0,1.0
343,0,0,ROCKET,1.0,0.0
3764,0,0,ROCKET,1.0,0.0
19903,1,1,ROCKET,0.0,1.0
6072,0,0,ROCKET,1.0,0.0
15076,1,0,ROCKET,1.0,0.0
1065,0,0,ROCKET,1.0,0.0
6995,0,0,ROCKET,1.0,0.0
12930,1,1,ROCKET,0.0,1.0
8710,0,1,ROCKET,0.0,1.0
53,0,0,ROCKET,1.0,0.0
8280,0,0,ROCKET,1.0,0.0
7961,0,0,ROCKET,1.0,0.0
5385,0,0,ROCKET,1.0,0.0
10500,1,1,ROCKET,0.0,1.0
3912,0,0,ROCKET,1.0,0.0
1911,0,0,ROCKET,1.0,0.0
3328,0,0,ROCKET,1.0,0.0
19158,1,1,ROCKET,0.0,1.0
9898,0,0,ROCKET,1.0,0.0
15924,1,1,ROCKET,0.0,1.0
6384,0,0,ROCKET,1.0,0.0
5578,0,0,ROCKET,1.0,0.0
16615,1,0,ROCKET,1.0,0.0
12289,1,1,ROCKET,0.0,1.0
12181,1,1,ROCKET,0.0,1.0
6799,0,0,ROCKET,1.0,0.0
13854,1,1,ROCKET,0.0,1.0
11926,1,1,ROCKET,0.0,1.0
12861,1,1,ROCKET,0.0,1.0
19082,1,1,ROCKET,0.0,1.0
15275,1,0,ROCKET,1.0,0.0
18582,1,0,ROCKET,1.0,0.0
14705,1,1,ROCKET,0.0,1.0
4176,0,0,ROCKET,1.0,0.0
18653,1,0,ROCKET,1.0,0.0
18109,1,1,ROCKET,0.0,1.0
15457,1,1,ROCKET,0.0,1.0
12008,1,1,ROCKET,0.0,1.0
8620,0,0,ROCKET,1.0,0.0
6752,0,0,ROCKET,1.0,0.0
7474,0,0,ROCKET,1.0,0.0
2225,0,0,ROCKET,1.0,0.0
2921,0,0,ROCKET,1.0,0.0
14912,1,0,ROCKET,1.0,0.0
15013,1,0,ROCKET,1.0,0.0
9738,0,0,ROCKET,1.0,0.0
12452,1,1,ROCKET,0.0,1.0
8460,0,0,ROCKET,1.0,0.0
4663,0,0,ROCKET,1.0,0.0
1616,0,0,ROCKET,1.0,0.0
19890,1,1,ROCKET,0.0,1.0
4894,0,0,ROCKET,1.0,0.0
13672,1,1,ROCKET,0.0,1.0
14738,1,1,ROCKET,0.0,1.0
2272,0,0,ROCKET,1.0,0.0
4154,0,0,ROCKET,1.0,0.0
18133,1,0,ROCKET,1.0,0.0
9307,0,0,ROCKET,1.0,0.0
16919,1,0,ROCKET,1.0,0.0
7599,0,0,ROCKET,1.0,0.0
11079,1,1,ROCKET,0.0,1.0
14893,1,1,ROCKET,0.0,1.0
17649,1,0,ROCKET,1.0,0.0
4143,0,0,ROCKET,1.0,0.0
2437,0,0,ROCKET,1.0,0.0
2872,0,0,ROCKET,1.0,0.0
700,0,0,ROCKET,1.0,0.0
13728,1,1,ROCKET,0.0,1.0
17511,1,0,ROCKET,1.0,0.0
11995,1,1,ROCKET,0.0,1.0
9100,0,0,ROCKET,1.0,0.0
17814,1,1,ROCKET,0.0,1.0
16073,1,0,ROCKET,1.0,0.0
10920,1,1,ROCKET,0.0,1.0
1506,0,0,ROCKET,1.0,0.0
7614,0,0,ROCKET,1.0,0.0
2217,0,0,ROCKET,1.0,0.0
7380,0,0,ROCKET,1.0,0.0
6600,0,0,ROCKET,1.0,0.0
12337,1,1,ROCKET,0.0,1.0
6662,0,0,ROCKET,1.0,0.0
1415,0,0,ROCKET,1.0,0.0
15273,1,1,ROCKET,0.0,1.0
9704,0,0,ROCKET,1.0,0.0
11000,1,1,ROCKET,0.0,1.0
2540,0,0,ROCKET,1.0,0.0
10823,1,1,ROCKET,0.0,1.0
12741,1,1,ROCKET,0.0,1.0
13824,1,1,ROCKET,0.0,1.0
15051,1,0,ROCKET,1.0,0.0
9367,0,0,ROCKET,1.0,0.0
11427,1,1,ROCKET,0.0,1.0
12833,1,1,ROCKET,0.0,1.0
14137,1,1,ROCKET,0.0,1.0
15296,1,1,ROCKET,0.0,1.0
9274,0,0,ROCKET,1.0,0.0
3680,0,0,ROCKET,1.0,0.0
12092,1,1,ROCKET,0.0,1.0
154,0,0,ROCKET,1.0,0.0
15362,1,0,ROCKET,1.0,0.0
16923,1,0,ROCKET,1.0,0.0
6058,0,0,ROCKET,1.0,0.0
14858,1,1,ROCKET,0.0,1.0
71,0,0,ROCKET,1.0,0.0
2984,0,0,ROCKET,1.0,0.0
3084,0,0,ROCKET,1.0,0.0
9071,0,0,ROCKET,1.0,0.0
11670,1,1,ROCKET,0.0,1.0
9690,0,0,ROCKET,1.0,0.0
70,0,0,ROCKET,1.0,0.0
9824,0,0,ROCKET,1.0,0.0
6599,0,0,ROCKET,1.0,0.0
17913,1,0,ROCKET,1.0,0.0
4812,0,0,ROCKET,1.0,0.0
664,0,0,ROCKET,1.0,0.0
15294,1,0,ROCKET,1.0,0.0
4189,0,0,ROCKET,1.0,0.0
7398,0,0,ROCKET,1.0,0.0
16681,1,0,ROCKET,1.0,0.0
5016,0,0,ROCKET,1.0,0.0
18944,1,0,ROCKET,1.0,0.0
5135,0,0,ROCKET,1.0,0.0
4407,0,0,ROCKET,1.0,0.0
7813,0,0,ROCKET,1.0,0.0
7817,0,0,ROCKET,1.0,0.0
5601,0,0,ROCKET,1.0,0.0
6728,0,0,ROCKET,1.0,0.0
16417,1,0,ROCKET,1.0,0.0
5414,0,0,ROCKET,1.0,0.0
5067,0,0,ROCKET,1.0,0.0
12385,1,1,ROCKET,0.0,1.0
8063,0,0,ROCKET,1.0,0.0
13115,1,1,ROCKET,0.0,1.0
15922,1,1,ROCKET,0.0,1.0
4493,0,0,ROCKET,1.0,0.0
18295,1,1,ROCKET,0.0,1.0
12591,1,1,ROCKET,0.0,1.0
10653,1,0,ROCKET,1.0,0.0
7060,0,0,ROCKET,1.0,0.0
11654,1,0,ROCKET,1.0,0.0
17642,1,1,ROCKET,0.0,1.0
10513,1,1,ROCKET,0.0,1.0
17796,1,1,ROCKET,0.0,1.0
9662,0,0,ROCKET,1.0,0.0
11561,1,0,ROCKET,1.0,0.0
9486,0,0,ROCKET,1.0,0.0
9235,0,0,ROCKET,1.0,0.0
6954,0,0,ROCKET,1.0,0.0
6011,0,0,ROCKET,1.0,0.0
10533,1,0,ROCKET,1.0,0.0
5301,0,0,ROCKET,1.0,0.0
6262,0,0,ROCKET,1.0,0.0
5555,0,0,ROCKET,1.0,0.0
1003,0,0,ROCKET,1.0,0.0
7185,0,0,ROCKET,1.0,0.0
13488,1,1,ROCKET,0.0,1.0
9435,0,0,ROCKET,1.0,0.0
9175,0,0,ROCKET,1.0,0.0
17151,1,0,ROCKET,1.0,0.0
2122,0,0,ROCKET,1.0,0.0
18005,1,1,ROCKET,0.0,1.0
5683,0,0,ROCKET,1.0,0.0
14616,1,0,ROCKET,1.0,0.0
477,0,0,ROCKET,1.0,0.0
7193,0,0,ROCKET,1.0,0.0
7477,0,0,ROCKET,1.0,0.0
4974,0,0,ROCKET,1.0,0.0
12989,1,1,ROCKET,0.0,1.0
7747,0,0,ROCKET,1.0,0.0
15453,1,1,ROCKET,0.0,1.0
13858,1,1,ROCKET,0.0,1.0
14975,1,1,ROCKET,0.0,1.0
8688,0,0,ROCKET,1.0,0.0
14491,1,0,ROCKET,1.0,0.0
15006,1,0,ROCKET,1.0,0.0
14519,1,1,ROCKET,0.0,1.0
1945,0,0,ROCKET,1.0,0.0
6060,0,0,ROCKET,1.0,0.0
18050,1,1,ROCKET,0.0,1.0
11316,1,1,ROCKET,0.0,1.0
10287,1,1,ROCKET,0.0,1.0
17214,1,0,ROCKET,1.0,0.0
11221,1,1,ROCKET,0.0,1.0
9063,0,0,ROCKET,1.0,0.0
566,0,0,ROCKET,1.0,0.0
4347,0,0,ROCKET,1.0,0.0
11610,1,0,ROCKET,1.0,0.0
8258,0,0,ROCKET,1.0,0.0
11747,1,0,ROCKET,1.0,0.0
10953,1,1,ROCKET,0.0,1.0
13949,1,1,ROCKET,0.0,1.0
15902,1,1,ROCKET,0.0,1.0
10009,1,1,ROCKET,0.0,1.0
2924,0,0,ROCKET,1.0,0.0
4168,0,0,ROCKET,1.0,0.0
17133,1,0,ROCKET,1.0,0.0
18260,1,1,ROCKET,0.0,1.0
11643,1,0,ROCKET,1.0,0.0
12639,1,1,ROCKET,0.0,1.0
12881,1,1,ROCKET,0.0,1.0
10993,1,1,ROCKET,0.0,1.0
4643,0,0,ROCKET,1.0,0.0
14609,1,0,ROCKET,1.0,0.0
6236,0,0,ROCKET,1.0,0.0
6903,0,0,ROCKET,1.0,0.0
15125,1,0,ROCKET,1.0,0.0
9944,0,0,ROCKET,1.0,0.0
17200,1,0,ROCKET,1.0,0.0
2867,0,0,ROCKET,1.0,0.0
7423,0,0,ROCKET,1.0,0.0
12391,1,1,ROCKET,0.0,1.0
17105,1,0,ROCKET,1.0,0.0
7891,0,0,ROCKET,1.0,0.0
3815,0,0,ROCKET,1.0,0.0
16225,1,0,ROCKET,1.0,0.0
11496,1,1,ROCKET,0.0,1.0
2746,0,0,ROCKET,1.0,0.0
13455,1,1,ROCKET,0.0,1.0
3428,0,0,ROCKET,1.0,0.0
1157,0,0,ROCKET,1.0,0.0
19075,1,1,ROCKET,0.0,1.0
857,0,0,ROCKET,1.0,0.0
10582,1,0,ROCKET,1.0,0.0
5244,0,0,ROCKET,1.0,0.0
9971,0,0,ROCKET,1.0,0.0
11149,1,1,ROCKET,0.0,1.0
13268,1,1,ROCKET,0.0,1.0
14364,1,1,ROCKET,0.0,1.0
17886,1,1,ROCKET,0.0,1.0
9639,0,0,ROCKET,1.0,0.0
5938,0,0,ROCKET,1.0,0.0
12599,1,1,ROCKET,0.0,1.0
12919,1,1,ROCKET,0.0,1.0
1784,0,1,ROCKET,0.0,1.0
4390,0,0,ROCKET,1.0,0.0
16667,1,0,ROCKET,1.0,0.0
3666,0,0,ROCKET,1.0,0.0
13303,1,1,ROCKET,0.0,1.0
12836,1,1,ROCKET,0.0,1.0
10446,1,0,ROCKET,1.0,0.0
2633,0,0,ROCKET,1.0,0.0
18250,1,0,ROCKET,1.0,0.0
14423,1,1,ROCKET,0.0,1.0
6523,0,0,ROCKET,1.0,0.0
10634,1,1,ROCKET,0.0,1.0
14400,1,0,ROCKET,1.0,0.0
3433,0,0,ROCKET,1.0,0.0
15089,1,0,ROCKET,1.0,0.0
19574,1,1,ROCKET,0.0,1.0
6934,0,0,ROCKET,1.0,0.0
15580,1,1,ROCKET,0.0,1.0
12421,1,1,ROCKET,0.0,1.0
18391,1,1,ROCKET,0.0,1.0
15895,1,1,ROCKET,0.0,1.0
705,0,0,ROCKET,1.0,0.0
17994,1,0,ROCKET,1.0,0.0
6234,0,0,ROCKET,1.0,0.0
16871,1,0,ROCKET,1.0,0.0
15314,1,0,ROCKET,1.0,0.0
18447,1,0,ROCKET,1.0,0.0
8782,0,0,ROCKET,1.0,0.0
2951,0,0,ROCKET,1.0,0.0
14224,1,1,ROCKET,0.0,1.0
11887,1,0,ROCKET,1.0,0.0
15699,1,1,ROCKET,0.0,1.0
15322,1,1,ROCKET,0.0,1.0
17503,1,1,ROCKET,0.0,1.0
4471,0,0,ROCKET,1.0,0.0
830,0,0,ROCKET,1.0,0.0
8652,0,0,ROCKET,1.0,0.0
11391,1,1,ROCKET,0.0,1.0
18237,1,1,ROCKET,0.0,1.0
225,0,0,ROCKET,1.0,0.0
18573,1,1,ROCKET,0.0,1.0
2416,0,0,ROCKET,1.0,0.0
2845,0,0,ROCKET,1.0,0.0
9026,0,0,ROCKET,1.0,0.0
946,0,0,ROCKET,1.0,0.0
13577,1,1,ROCKET,0.0,1.0
13550,1,1,ROCKET,0.0,1.0
2449,0,0,ROCKET,1.0,0.0
12571,1,1,ROCKET,0.0,1.0
17247,1,0,ROCKET,1.0,0.0
15634,1,1,ROCKET,0.0,1.0
13998,1,1,ROCKET,0.0,1.0
3851,0,0,ROCKET,1.0,0.0
8774,0,0,ROCKET,1.0,0.0
16912,1,0,ROCKET,1.0,0.0
6754,0,0,ROCKET,1.0,0.0
18768,1,1,ROCKET,0.0,1.0
4015,0,0,ROCKET,1.0,0.0
6688,0,0,ROCKET,1.0,0.0
3944,0,0,ROCKET,1.0,0.0
14897,1,0,ROCKET,1.0,0.0
13054,1,1,ROCKET,0.0,1.0
8405,0,0,ROCKET,1.0,0.0
6455,0,0,ROCKET,1.0,0.0
13157,1,1,ROCKET,0.0,1.0
15338,1,0,ROCKET,1.0,0.0
13352,1,1,ROCKET,0.0,1.0
17084,1,0,ROCKET,1.0,0.0
4671,0,0,ROCKET,1.0,0.0
15415,1,0,ROCKET,1.0,0.0
18994,1,1,ROCKET,0.0,1.0
18287,1,0,ROCKET,1.0,0.0
7676,0,0,ROCKET,1.0,0.0
12321,1,1,ROCKET,0.0,1.0
8188,0,0,ROCKET,1.0,0.0
2042,0,0,ROCKET,1.0,0.0
12992,1,1,ROCKET,0.0,1.0
6920,0,0,ROCKET,1.0,0.0
16254,1,0,ROCKET,1.0,0.0
18483,1,0,ROCKET,1.0,0.0
1531,0,0,ROCKET,1.0,0.0
15130,1,0,ROCKET,1.0,0.0
1808,0,0,ROCKET,1.0,0.0
712,0,0,ROCKET,1.0,0.0
6704,0,1,ROCKET,0.0,1.0
4134,0,0,ROCKET,1.0,0.0
16618,1,0,ROCKET,1.0,0.0
2400,0,0,ROCKET,1.0,0.0
12022,1,1,ROCKET,0.0,1.0
3055,0,0,ROCKET,1.0,0.0
6964,0,1,ROCKET,0.0,1.0
5132,0,0,ROCKET,1.0,0.0
14124,1,1,ROCKET,0.0,1.0
4633,0,0,ROCKET,1.0,0.0
19044,1,0,ROCKET,1.0,0.0
10550,1,0,ROCKET,1.0,0.0
14397,1,0,ROCKET,1.0,0.0
6007,0,0,ROCKET,1.0,0.0
4165,0,0,ROCKET,1.0,0.0
4138,0,0,ROCKET,1.0,0.0
11507,1,1,ROCKET,0.0,1.0
12715,1,1,ROCKET,0.0,1.0
11602,1,1,ROCKET,0.0,1.0
3098,0,0,ROCKET,1.0,0.0
17019,1,1,ROCKET,0.0,1.0
2775,0,0,ROCKET,1.0,0.0
17726,1,1,ROCKET,0.0,1.0
10223,1,1,ROCKET,0.0,1.0
14412,1,1,ROCKET,0.0,1.0
15307,1,0,ROCKET,1.0,0.0
16765,1,0,ROCKET,1.0,0.0
9987,0,0,ROCKET,1.0,0.0
4911,0,0,ROCKET,1.0,0.0
17093,1,1,ROCKET,0.0,1.0
6244,0,0,ROCKET,1.0,0.0
9907,0,0,ROCKET,1.0,0.0
9636,0,0,ROCKET,1.0,0.0
4287,0,0,ROCKET,1.0,0.0
14422,1,1,ROCKET,0.0,1.0
2329,0,0,ROCKET,1.0,0.0
4381,0,0,ROCKET,1.0,0.0
723,0,0,ROCKET,1.0,0.0
12675,1,1,ROCKET,0.0,1.0
18471,1,0,ROCKET,1.0,0.0
8129,0,0,ROCKET,1.0,0.0
7582,0,0,ROCKET,1.0,0.0
7055,0,0,ROCKET,1.0,0.0
19016,1,1,ROCKET,0.0,1.0
2245,0,0,ROCKET,1.0,0.0
11418,1,1,ROCKET,0.0,1.0
5335,0,0,ROCKET,1.0,0.0
3611,0,0,ROCKET,1.0,0.0
3789,0,0,ROCKET,1.0,0.0
11368,1,1,ROCKET,0.0,1.0
13706,1,1,ROCKET,0.0,1.0
14511,1,1,ROCKET,0.0,1.0
14145,1,1,ROCKET,0.0,1.0
13355,1,1,ROCKET,0.0,1.0
15399,1,0,ROCKET,1.0,0.0
16431,1,0,ROCKET,1.0,0.0
13198,1,0,ROCKET,1.0,0.0
15297,1,0,ROCKET,1.0,0.0
11517,1,1,ROCKET,0.0,1.0
11668,1,0,ROCKET,1.0,0.0
3390,0,0,ROCKET,1.0,0.0
1673,0,0,ROCKET,1.0,0.0
18843,1,1,ROCKET,0.0,1.0
7689,0,0,ROCKET,1.0,0.0
6209,0,0,ROCKET,1.0,0.0
5521,0,0,ROCKET,1.0,0.0
11658,1,0,ROCKET,1.0,0.0
6328,0,0,ROCKET,1.0,0.0
10517,1,0,ROCKET,1.0,0.0
16621,1,1,ROCKET,0.0,1.0
19062,1,0,ROCKET,1.0,0.0
7774,0,0,ROCKET,1.0,0.0
2253,0,0,ROCKET,1.0,0.0
15023,1,1,ROCKET,0.0,1.0
11438,1,1,ROCKET,0.0,1.0
17160,1,0,ROCKET,1.0,0.0
8928,0,0,ROCKET,1.0,0.0
4781,0,0,ROCKET,1.0,0.0
4945,0,0,ROCKET,1.0,0.0
8156,0,0,ROCKET,1.0,0.0
13182,1,1,ROCKET,0.0,1.0
13565,1,1,ROCKET,0.0,1.0
8682,0,0,ROCKET,1.0,0.0
4474,0,0,ROCKET,1.0,0.0
5681,0,0,ROCKET,1.0,0.0
9525,0,0,ROCKET,1.0,0.0
9825,0,0,ROCKET,1.0,0.0
5915,0,0,ROCKET,1.0,0.0
8445,0,0,ROCKET,1.0,0.0
17864,1,1,ROCKET,0.0,1.0
3565,0,0,ROCKET,1.0,0.0
11172,1,1,ROCKET,0.0,1.0
13532,1,1,ROCKET,0.0,1.0
2479,0,0,ROCKET,1.0,0.0
9677,0,0,ROCKET,1.0,0.0
8818,0,0,ROCKET,1.0,0.0
12109,1,1,ROCKET,0.0,1.0
13875,1,1,ROCKET,0.0,1.0
7947,0,0,ROCKET,1.0,0.0
6437,0,0,ROCKET,1.0,0.0
9143,0,0,ROCKET,1.0,0.0
18434,1,1,ROCKET,0.0,1.0
14286,1,1,ROCKET,0.0,1.0
8116,0,0,ROCKET,1.0,0.0
9094,0,0,ROCKET,1.0,0.0
937,0,0,ROCKET,1.0,0.0
11808,1,0,ROCKET,1.0,0.0
13078,1,1,ROCKET,0.0,1.0
12304,1,1,ROCKET,0.0,1.0
13324,1,1,ROCKET,0.0,1.0
9229,0,0,ROCKET,1.0,0.0
1310,0,0,ROCKET,1.0,0.0
14936,1,0,ROCKET,1.0,0.0
13630,1,1,ROCKET,0.0,1.0
17569,1,1,ROCKET,0.0,1.0
13116,1,1,ROCKET,0.0,1.0
15267,1,0,ROCKET,1.0,0.0
6162,0,0,ROCKET,1.0,0.0
1953,0,1,ROCKET,0.0,1.0
4489,0,0,ROCKET,1.0,0.0
300,0,0,ROCKET,1.0,0.0
293,0,0,ROCKET,1.0,0.0
1968,0,0,ROCKET,1.0,0.0
17960,1,1,ROCKET,0.0,1.0
16826,1,0,ROCKET,1.0,0.0
8034,0,0,ROCKET,1.0,0.0
11617,1,1,ROCKET,0.0,1.0
4172,0,0,ROCKET,1.0,0.0
10884,1,1,ROCKET,0.0,1.0
554,0,0,ROCKET,1.0,0.0
6797,0,0,ROCKET,1.0,0.0
3914,0,0,ROCKET,1.0,0.0
13599,1,1,ROCKET,0.0,1.0
4294,0,0,ROCKET,1.0,0.0
9236,0,0,ROCKET,1.0,0.0
13251,1,1,ROCKET,0.0,1.0
13821,1,1,ROCKET,0.0,1.0
2001,0,0,ROCKET,1.0,0.0
7044,0,0,ROCKET,1.0,0.0
4586,0,0,ROCKET,1.0,0.0
13423,1,1,ROCKET,0.0,1.0
11712,1,0,ROCKET,1.0,0.0
18634,1,0,ROCKET,1.0,0.0
11478,1,1,ROCKET,0.0,1.0
3569,0,0,ROCKET,1.0,0.0
19173,1,0,ROCKET,1.0,0.0
18193,1,0,ROCKET,1.0,0.0
2732,0,0,ROCKET,1.0,0.0
13688,1,1,ROCKET,0.0,1.0
9810,0,0,ROCKET,1.0,0.0
13873,1,1,ROCKET,0.0,1.0
5120,0,0,ROCKET,1.0,0.0
15681,1,1,ROCKET,0.0,1.0
14033,1,1,ROCKET,0.0,1.0
1177,0,0,ROCKET,1.0,0.0
5272,0,0,ROCKET,1.0,0.0
15623,1,1,ROCKET,0.0,1.0
17442,1,0,ROCKET,1.0,0.0
6362,0,0,ROCKET,1.0,0.0
2100,0,0,ROCKET,1.0,0.0
665,0,0,ROCKET,1.0,0.0
982,0,0,ROCKET,1.0,0.0
2696,0,0,ROCKET,1.0,0.0
10464,1,0,ROCKET,1.0,0.0
4498,0,0,ROCKET,1.0,0.0
11554,1,1,ROCKET,0.0,1.0
19160,1,0,ROCKET,1.0,0.0
5609,0,0,ROCKET,1.0,0.0
2832,0,0,ROCKET,1.0,0.0
11377,1,1,ROCKET,0.0,1.0
6061,0,0,ROCKET,1.0,0.0
15472,1,1,ROCKET,0.0,1.0
5093,0,0,ROCKET,1.0,0.0
11952,1,1,ROCKET,0.0,1.0
6518,0,0,ROCKET,1.0,0.0
8447,0,0,ROCKET,1.0,0.0
10796,1,1,ROCKET,0.0,1.0
13735,1,1,ROCKET,0.0,1.0
10654,1,0,ROCKET,1.0,0.0
12842,1,1,ROCKET,0.0,1.0
17763,1,0,ROCKET,1.0,0.0
5948,0,0,ROCKET,1.0,0.0
8954,0,0,ROCKET,1.0,0.0
563,0,0,ROCKET,1.0,0.0
13389,1,1,ROCKET,0.0,1.0
7846,0,0,ROCKET,1.0,0.0
13756,1,1,ROCKET,0.0,1.0
15048,1,0,ROCKET,1.0,0.0
14765,1,1,ROCKET,0.0,1.0
7545,0,0,ROCKET,1.0,0.0
15571,1,1,ROCKET,0.0,1.0
1064,0,0,ROCKET,1.0,0.0
1895,0,1,ROCKET,0.0,1.0
10290,1,1,ROCKET,0.0,1.0
18986,1,0,ROCKET,1.0,0.0
12899,1,1,ROCKET,0.0,1.0
4617,0,0,ROCKET,1.0,0.0
12584,1,1,ROCKET,0.0,1.0
5661,0,0,ROCKET,1.0,0.0
18456,1,0,ROCKET,1.0,0.0
10939,1,1,ROCKET,0.0,1.0
1211,0,0,ROCKET,1.0,0.0
18668,1,1,ROCKET,0.0,1.0
4883,0,0,ROCKET,1.0,0.0
15483,1,1,ROCKET,0.0,1.0
1763,0,1,ROCKET,0.0,1.0
10204,1,1,ROCKET,0.0,1.0
6519,0,0,ROCKET,1.0,0.0
14805,1,1,ROCKET,0.0,1.0
14214,1,1,ROCKET,0.0,1.0
10040,1,1,ROCKET,0.0,1.0
10025,1,1,ROCKET,0.0,1.0
13219,1,1,ROCKET,0.0,1.0
6213,0,0,ROCKET,1.0,0.0
2713,0,0,ROCKET,1.0,0.0
4438,0,0,ROCKET,1.0,0.0
9234,0,0,ROCKET,1.0,0.0
12844,1,1,ROCKET,0.0,1.0
15375,1,0,ROCKET,1.0,0.0
11170,1,1,ROCKET,0.0,1.0
16687,1,1,ROCKET,0.0,1.0
4325,0,0,ROCKET,1.0,0.0
12558,1,1,ROCKET,0.0,1.0
983,0,0,ROCKET,1.0,0.0
11853,1,1,ROCKET,0.0,1.0
16245,1,0,ROCKET,1.0,0.0
4492,0,0,ROCKET,1.0,0.0
3620,0,0,ROCKET,1.0,0.0
831,0,0,ROCKET,1.0,0.0
818,0,0,ROCKET,1.0,0.0
18792,1,1,ROCKET,0.0,1.0
18820,1,0,ROCKET,1.0,0.0
17853,1,0,ROCKET,1.0,0.0
12839,1,1,ROCKET,0.0,1.0
11851,1,0,ROCKET,1.0,0.0
7508,0,0,ROCKET,1.0,0.0
13671,1,1,ROCKET,0.0,1.0
8550,0,0,ROCKET,1.0,0.0
3601,0,0,ROCKET,1.0,0.0
16914,1,0,ROCKET,1.0,0.0
5887,0,0,ROCKET,1.0,0.0
7077,0,0,ROCKET,1.0,0.0
2295,0,0,ROCKET,1.0,0.0
1302,0,0,ROCKET,1.0,0.0
9172,0,0,ROCKET,1.0,0.0
16636,1,1,ROCKET,0.0,1.0
15414,1,1,ROCKET,0.0,1.0
1125,0,0,ROCKET,1.0,0.0
2680,0,0,ROCKET,1.0,0.0
15377,1,0,ROCKET,1.0,0.0
1019,0,0,ROCKET,1.0,0.0
10085,1,1,ROCKET,0.0,1.0
14394,1,0,ROCKET,1.0,0.0
11258,1,1,ROCKET,0.0,1.0
19347,1,1,ROCKET,0.0,1.0
401,0,0,ROCKET,1.0,0.0
12835,1,1,ROCKET,0.0,1.0
9649,0,0,ROCKET,1.0,0.0
14492,1,1,ROCKET,0.0,1.0
5819,0,0,ROCKET,1.0,0.0
9402,0,0,ROCKET,1.0,0.0
4431,0,0,ROCKET,1.0,0.0
14887,1,1,ROCKET,0.0,1.0
5662,0,0,ROCKET,1.0,0.0
9645,0,0,ROCKET,1.0,0.0
5358,0,0,ROCKET,1.0,0.0
16874,1,0,ROCKET,1.0,0.0
7603,0,0,ROCKET,1.0,0.0
9436,0,0,ROCKET,1.0,0.0
6093,0,0,ROCKET,1.0,0.0
902,0,0,ROCKET,1.0,0.0
3229,0,0,ROCKET,1.0,0.0
74,0,0,ROCKET,1.0,0.0
1800,0,1,ROCKET,0.0,1.0
6172,0,0,ROCKET,1.0,0.0
16757,1,1,ROCKET,0.0,1.0
18620,1,0,ROCKET,1.0,0.0
5231,0,0,ROCKET,1.0,0.0
7403,0,0,ROCKET,1.0,0.0
4364,0,0,ROCKET,1.0,0.0
16814,1,0,ROCKET,1.0,0.0
3926,0,0,ROCKET,1.0,0.0
4855,0,0,ROCKET,1.0,0.0
14477,1,0,ROCKET,1.0,0.0
13832,1,1,ROCKET,0.0,1.0
568,0,0,ROCKET,1.0,0.0
15016,1,0,ROCKET,1.0,0.0
1037,0,0,ROCKET,1.0,0.0
127,0,0,ROCKET,1.0,0.0
9114,0,0,ROCKET,1.0,0.0
4125,0,0,ROCKET,1.0,0.0
18464,1,0,ROCKET,1.0,0.0
14742,1,0,ROCKET,1.0,0.0
2162,0,0,ROCKET,1.0,0.0
13687,1,1,ROCKET,0.0,1.0
12573,1,1,ROCKET,0.0,1.0
2157,0,0,ROCKET,1.0,0.0
7378,0,0,ROCKET,1.0,0.0
3250,0,0,ROCKET,1.0,0.0
16665,1,0,ROCKET,1.0,0.0
13453,1,1,ROCKET,0.0,1.0
18677,1,1,ROCKET,0.0,1.0
5227,0,0,ROCKET,1.0,0.0
13247,1,1,ROCKET,0.0,1.0
4313,0,0,ROCKET,1.0,0.0
14885,1,1,ROCKET,0.0,1.0
4434,0,0,ROCKET,1.0,0.0
7970,0,0,ROCKET,1.0,0.0
8536,0,0,ROCKET,1.0,0.0
3454,0,0,ROCKET,1.0,0.0
13860,1,0,ROCKET,1.0,0.0
6634,0,0,ROCKET,1.0,0.0
6658,0,0,ROCKET,1.0,0.0
12404,1,1,ROCKET,0.0,1.0
14103,1,1,ROCKET,0.0,1.0
12637,1,1,ROCKET,0.0,1.0
11293,1,1,ROCKET,0.0,1.0
13705,1,1,ROCKET,0.0,1.0
14158,1,0,ROCKET,1.0,0.0
8086,0,0,ROCKET,1.0,0.0
14673,1,1,ROCKET,0.0,1.0
69,0,0,ROCKET,1.0,0.0
2932,0,0,ROCKET,1.0,0.0
10388,1,1,ROCKET,0.0,1.0
18832,1,1,ROCKET,0.0,1.0
10093,1,1,ROCKET,0.0,1.0
18519,1,0,ROCKET,1.0,0.0
13411,1,1,ROCKET,0.0,1.0
10715,1,0,ROCKET,1.0,0.0
12144,1,1,ROCKET,0.0,1.0
13809,1,1,ROCKET,0.0,1.0
9202,0,1,ROCKET,0.0,1.0
13552,1,1,ROCKET,0.0,1.0
11179,1,1,ROCKET,0.0,1.0
3518,0,0,ROCKET,1.0,0.0
2912,0,0,ROCKET,1.0,0.0
449,0,0,ROCKET,1.0,0.0
490,0,0,ROCKET,1.0,0.0
2711,0,0,ROCKET,1.0,0.0
15214,1,0,ROCKET,1.0,0.0
19057,1,1,ROCKET,0.0,1.0
3592,0,0,ROCKET,1.0,0.0
13012,1,1,ROCKET,0.0,1.0
7554,0,0,ROCKET,1.0,0.0
7488,0,0,ROCKET,1.0,0.0
8464,0,0,ROCKET,1.0,0.0
4219,0,0,ROCKET,1.0,0.0
6430,0,0,ROCKET,1.0,0.0
2482,0,0,ROCKET,1.0,0.0
8731,0,0,ROCKET,1.0,0.0
13953,1,1,ROCKET,0.0,1.0
9610,0,0,ROCKET,1.0,0.0
6143,0,0,ROCKET,1.0,0.0
11226,1,1,ROCKET,0.0,1.0
12009,1,1,ROCKET,0.0,1.0
17319,1,0,ROCKET,1.0,0.0
7871,0,0,ROCKET,1.0,0.0
5084,0,1,ROCKET,0.0,1.0
8484,0,0,ROCKET,1.0,0.0
12460,1,1,ROCKET,0.0,1.0
2257,0,0,ROCKET,1.0,0.0
14472,1,1,ROCKET,0.0,1.0
18176,1,0,ROCKET,1.0,0.0
14439,1,1,ROCKET,0.0,1.0
14690,1,1,ROCKET,0.0,1.0
12260,1,1,ROCKET,0.0,1.0
97,0,0,ROCKET,1.0,0.0
158,0,0,ROCKET,1.0,0.0
8681,0,0,ROCKET,1.0,0.0
15499,1,1,ROCKET,0.0,1.0
10759,1,0,ROCKET,1.0,0.0
10699,1,0,ROCKET,1.0,0.0
736,0,0,ROCKET,1.0,0.0
4676,0,0,ROCKET,1.0,0.0
215,0,0,ROCKET,1.0,0.0
9464,0,0,ROCKET,1.0,0.0
18416,1,1,ROCKET,0.0,1.0
3094,0,0,ROCKET,1.0,0.0
2050,0,0,ROCKET,1.0,0.0
11816,1,0,ROCKET,1.0,0.0
2613,0,0,ROCKET,1.0,0.0
5786,0,0,ROCKET,1.0,0.0
1670,0,0,ROCKET,1.0,0.0
9022,0,0,Arsenal,0.87999775,0.12000225
18183,1,1,Arsenal,-0.0,1.0
3042,0,0,Arsenal,1.0,-0.0
6053,0,0,Arsenal,1.0,-0.0
18594,1,0,Arsenal,0.95995131,0.04004869
12590,1,1,Arsenal,-0.0,1.0
1650,0,0,Arsenal,1.0,-0.0
1624,0,0,Arsenal,1.0,-0.0
240,0,0,Arsenal,1.0,-0.0
15676,1,1,Arsenal,0.19971711,0.80028289
14396,1,1,Arsenal,-0.0,1.0
14357,1,1,Arsenal,-0.0,1.0
6793,0,0,Arsenal,1.0,-0.0
14930,1,1,Arsenal,-0.0,1.0
8939,0,0,Arsenal,1.0,-0.0
6643,0,0,Arsenal,0.91986207,0.08013793
15523,1,1,Arsenal,-0.0,1.0
4038,0,0,Arsenal,0.96014498,0.03985502
4312,0,0,Arsenal,1.0,-0.0
9310,0,0,Arsenal,1.0,-0.0
19873,1,1,Arsenal,-0.0,1.0
6948,0,0,Arsenal,1.0,-0.0
4888,0,0,Arsenal,1.0,-0.0
17578,1,1,Arsenal,0.44044982,0.55955018
5296,0,0,Arsenal,1.0,-0.0
14151,1,1,Arsenal,-0.0,1.0
18928,1,0,Arsenal,0.59929303,0.40070697
11858,1,1,Arsenal,-0.0,1.0
5825,0,0,Arsenal,1.0,-0.0
19015,1,0,Arsenal,0.75929404,0.24070596
5981,0,0,Arsenal,1.0,-0.0
4972,0,0,Arsenal,1.0,-0.0
9524,0,0,Arsenal,0.9598999,0.0401001
18157,1,1,Arsenal,0.16077842,0.83922158
12667,1,1,Arsenal,-0.0,1.0
1792,0,0,Arsenal,0.92025386,0.07974614
1579,0,0,Arsenal,1.0,-0.0
4441,0,0,Arsenal,1.0,-0.0
6274,0,0,Arsenal,1.0,-0.0
829,0,0,Arsenal,1.0,-0.0
18548,1,0,Arsenal,1.0,-0.0
10394,1,0,Arsenal,0.95969746,0.04030254
9380,0,0,Arsenal,1.0,-0.0
6054,0,0,Arsenal,1.0,-0.0
19509,1,1,Arsenal,-0.0,1.0
5931,0,0,Arsenal,1.0,-0.0
6295,0,0,Arsenal,1.0,-0.0
8393,0,0,Arsenal,1.0,-0.0
18656,1,1,Arsenal,0.20001956,0.79998044
2968,0,0,Arsenal,1.0,-0.0
12736,1,1,Arsenal,-0.0,1.0
4117,0,0,Arsenal,0.91974873,0.08025127
15799,1,0,Arsenal,0.56012619,0.43987381
15748,1,1,Arsenal,-0.0,1.0
8894,0,0,Arsenal,1.0,-0.0
18638,1,1,Arsenal,0.20042218,0.79957782
1338,0,0,Arsenal,1.0,-0.0
5390,0,0,Arsenal,1.0,-0.0
1434,0,0,Arsenal,0.96016461,0.03983539
9268,0,0,Arsenal,1.0,-0.0
14647,1,1,Arsenal,-0.0,1.0
7238,0,0,Arsenal,1.0,-0.0
4859,0,0,Arsenal,1.0,-0.0
489,0,0,Arsenal,1.0,-0.0
19100,1,0,Arsenal,0.91941517,0.08058483
1022,0,0,Arsenal,0.71979488,0.28020512
2712,0,0,Arsenal,1.0,-0.0
13007,1,1,Arsenal,-0.0,1.0
6757,0,0,Arsenal,1.0,-0.0
8090,0,0,Arsenal,1.0,-0.0
18012,1,0,Arsenal,0.9598999,0.0401001
18692,1,0,Arsenal,1.0,-0.0
15849,1,1,Arsenal,-0.0,1.0
12859,1,1,Arsenal,-0.0,1.0
7074,0,0,Arsenal,1.0,-0.0
4361,0,0,Arsenal,0.87965524,0.12034476
922,0,0,Arsenal,0.92017328,0.07982672
17827,1,0,Arsenal,1.0,-0.0
3725,0,0,Arsenal,1.0,-0.0
13678,1,1,Arsenal,-0.0,1.0
2694,0,0,Arsenal,1.0,-0.0
18407,1,0,Arsenal,1.0,-0.0
11312,1,1,Arsenal,-0.0,1.0
4209,0,0,Arsenal,0.96030255,0.03969745
4806,0,0,Arsenal,1.0,-0.0
15359,1,0,Arsenal,0.8000663,0.1999337
5723,0,0,Arsenal,1.0,-0.0
18315,1,0,Arsenal,0.71981404,0.28018596
4622,0,0,Arsenal,1.0,-0.0
7809,0,0,Arsenal,1.0,-0.0
2798,0,0,Arsenal,1.0,-0.0
5770,0,0,Arsenal,1.0,-0.0
19848,1,1,Arsenal,-0.0,1.0
13608,1,1,Arsenal,-0.0,1.0
11852,1,0,Arsenal,1.0,-0.0
10442,1,0,Arsenal,1.0,-0.0
5197,0,0,Arsenal,1.0,-0.0
7344,0,0,Arsenal,1.0,-0.0
8413,0,0,Arsenal,1.0,-0.0
14641,1,0,Arsenal,0.72055801,0.27944199
2662,0,0,Arsenal,1.0,-0.0
14505,1,1,Arsenal,-0.0,1.0
10231,1,1,Arsenal,-0.0,1.0
19388,1,1,Arsenal,-0.0,1.0
15241,1,0,Arsenal,0.96008345,0.03991655
8522,0,0,Arsenal,0.87974465,0.12025535
16931,1,1,Arsenal,0.15938349,0.84061651
5347,0,0,Arsenal,1.0,-0.0
7899,0,0,Arsenal,1.0,-0.0
1858,0,0,Arsenal,1.0,-0.0
13473,1,1,Arsenal,-0.0,1.0
8500,0,0,Arsenal,1.0,-0.0
9390,0,0,Arsenal,1.0,-0.0
370,0,0,Arsenal,1.0,-0.0
2364,0,0,Arsenal,1.0,-0.0
9623,0,0,Arsenal,0.84091201,0.15908799
12676,1,1,Arsenal,-0.0,1.0
3005,0,0,Arsenal,1.0,-0.0
3325,0,0,Arsenal,0.96009269,0.03990731
8967,0,0,Arsenal,1.0,-0.0
5912,0,0,Arsenal,1.0,-0.0
9447,0,0,Arsenal,1.0,-0.0
16863,1,0,Arsenal,1.0,-0.0
12554,1,1,Arsenal,-0.0,1.0
9772,0,0,Arsenal,0.95977448,0.04022552
10563,1,0,Arsenal,1.0,-0.0
12677,1,1,Arsenal,-0.0,1.0
11772,1,1,Arsenal,-0.0,1.0
4062,0,0,Arsenal,1.0,-0.0
10917,1,1,Arsenal,-0.0,1.0
224,0,0,Arsenal,0.87997087,0.12002913
17545,1,0,Arsenal,0.87938862,0.12061138
15482,1,1,Arsenal,0.12051153,0.87948847
5499,0,0,Arsenal,1.0,-0.0
18581,1,0,Arsenal,0.9598999,0.0401001
85,0,0,Arsenal,1.0,-0.0
2741,0,0,Arsenal,1.0,-0.0
2557,0,0,Arsenal,1.0,-0.0
14786,1,0,Arsenal,0.71981811,0.28018189
14729,1,1,Arsenal,0.35985385,0.64014615
8944,0,0,Arsenal,1.0,-0.0
15535,1,1,Arsenal,-0.0,1.0
10586,1,0,Arsenal,1.0,-0.0
10704,1,0,Arsenal,1.0,-0.0
1507,0,0,Arsenal,0.55909316,0.44090684
19037,1,1,Arsenal,-0.0,1.0
9902,0,0,Arsenal,0.96016226,0.03983774
6281,0,0,Arsenal,0.9600588,0.0399412
15281,1,1,Arsenal,0.19995787,0.80004213
3452,0,0,Arsenal,1.0,-0.0
3473,0,0,Arsenal,1.0,-0.0
4556,0,0,Arsenal,1.0,-0.0
7868,0,0,Arsenal,1.0,-0.0
9706,0,0,Arsenal,1.0,-0.0
14116,1,1,Arsenal,-0.0,1.0
2976,0,0,Arsenal,1.0,-0.0
14257,1,1,Arsenal,0.20041741,0.79958259
235,0,0,Arsenal,1.0,-0.0
8173,0,0,Arsenal,1.0,-0.0
13607,1,1,Arsenal,-0.0,1.0
9656,0,0,Arsenal,1.0,-0.0
16992,1,0,Arsenal,1.0,-0.0
11570,1,1,Arsenal,0.36011693,0.63988307
1411,0,0,Arsenal,1.0,-0.0
4910,0,0,Arsenal,1.0,-0.0
515,0,0,Arsenal,1.0,-0.0
12894,1,1,Arsenal,-0.0,1.0
12316,1,1,Arsenal,-0.0,1.0
9138,0,0,Arsenal,0.92023006,0.07976994
18118,1,0,Arsenal,1.0,-0.0
7097,0,0,Arsenal,1.0,-0.0
1857,0,0,Arsenal,1.0,-0.0
6516,0,0,Arsenal,1.0,-0.0
9712,0,0,Arsenal,1.0,-0.0
973,0,0,Arsenal,1.0,-0.0
5369,0,1,Arsenal,0.15992772,0.84007228
19247,1,1,Arsenal,0.16085866,0.83914134
5958,0,0,Arsenal,1.0,-0.0
3511,0,0,Arsenal,1.0,-0.0
15574,1,1,Arsenal,-0.0,1.0
3673,0,0,Arsenal,1.0,-0.0
8975,0,0,Arsenal,1.0,-0.0
6596,0,0,Arsenal,1.0,-0.0
7705,0,0,Arsenal,1.0,-0.0
2180,0,0,Arsenal,1.0,-0.0
9785,0,0,Arsenal,1.0,-0.0
2965,0,0,Arsenal,1.0,-0.0
1029,0,0,Arsenal,1.0,-0.0
12117,1,1,Arsenal,-0.0,1.0
6674,0,0,Arsenal,1.0,-0.0
2873,0,0,Arsenal,1.0,-0.0
18570,1,1,Arsenal,0.12058169,0.87941831
13212,1,1,Arsenal,-0.0,1.0
10370,1,1,Arsenal,-0.0,1.0
14426,1,1,Arsenal,0.15942002,0.84057998
2780,0,0,Arsenal,1.0,-0.0
10185,1,1,Arsenal,-0.0,1.0
2073,0,0,Arsenal,1.0,-0.0
14461,1,1,Arsenal,0.04030254,0.95969746
8211,0,0,Arsenal,1.0,-0.0
17098,1,0,Arsenal,1.0,-0.0
18765,1,1,Arsenal,-0.0,1.0
5149,0,0,Arsenal,1.0,-0.0
3855,0,0,Arsenal,1.0,-0.0
4870,0,0,Arsenal,1.0,-0.0
14626,1,1,Arsenal,0.47939665,0.52060335
2031,0,0,Arsenal,1.0,-0.0
17954,1,0,Arsenal,1.0,-0.0
5711,0,0,Arsenal,1.0,-0.0
13076,1,1,Arsenal,-0.0,1.0
17973,1,0,Arsenal,0.8802284,0.1197716
11033,1,1,Arsenal,-0.0,1.0
17636,1,0,Arsenal,0.63966499,0.36033501
718,0,0,Arsenal,1.0,-0.0
4250,0,0,Arsenal,0.95980837,0.04019163
7984,0,0,Arsenal,1.0,-0.0
10286,1,1,Arsenal,-0.0,1.0
5297,0,0,Arsenal,1.0,-0.0
16426,1,0,Arsenal,0.80058998,0.19941002
2812,0,0,Arsenal,1.0,-0.0
12851,1,1,Arsenal,-0.0,1.0
5184,0,1,Arsenal,0.04022552,0.95977448
13334,1,1,Arsenal,-0.0,1.0
6758,0,0,Arsenal,0.95969746,0.04030254
15594,1,1,Arsenal,0.11939216,0.88060784
548,0,0,Arsenal,1.0,-0.0
13296,1,1,Arsenal,-0.0,1.0
13424,1,1,Arsenal,-0.0,1.0
7200,0,0,Arsenal,0.96016461,0.03983539
7921,0,0,Arsenal,1.0,-0.0
189,0,0,Arsenal,0.92047093,0.07952907
7348,0,0,Arsenal,1.0,-0.0
2197,0,0,Arsenal,0.71904873,0.28095127
4139,0,0,Arsenal,1.0,-0.0
6537,0,0,Arsenal,1.0,-0.0
2431,0,0,Arsenal,0.95964181,0.04035819
19511,1,1,Arsenal,-0.0,1.0
10106,1,1,Arsenal,-0.0,1.0
10769,1,0,Arsenal,1.0,-0.0
2740,0,0,Arsenal,0.84009493,0.15990507
14988,1,0,Arsenal,0.76017145,0.23982855
2539,0,0,Arsenal,1.0,-0.0
18213,1,0,Arsenal,0.56101961,0.43898039
14327,1,1,Arsenal,-0.0,1.0
1985,0,0,Arsenal,1.0,-0.0
11646,1,0,Arsenal,1.0,-0.0
11931,1,0,Arsenal,1.0,-0.0
17781,1,1,Arsenal,0.24046415,0.75953585
16701,1,0,Arsenal,1.0,-0.0
11894,1,0,Arsenal,1.0,-0.0
5153,0,0,Arsenal,1.0,-0.0
18621,1,1,Arsenal,-0.0,1.0
6235,0,0,Arsenal,1.0,-0.0
8375,0,0,Arsenal,1.0,-0.0
11965,1,1,Arsenal,-0.0,1.0
11474,1,1,Arsenal,-0.0,1.0
9304,0,0,Arsenal,1.0,-0.0
15591,1,1,Arsenal,0.19971014,0.80028986
16580,1,0,Arsenal,1.0,-0.0
8866,0,0,Arsenal,1.0,-0.0
6818,0,0,Arsenal,1.0,-0.0
178,0,1,Arsenal,0.08011939,0.91988061
12937,1,1,Arsenal,-0.0,1.0
7686,0,0,Arsenal,0.96049893,0.03950107
13725,1,1,Arsenal,-0.0,1.0
4704,0,0,Arsenal,0.95977448,0.04022552
4850,0,0,Arsenal,1.0,-0.0
7046,0,0,Arsenal,1.0,-0.0
944,0,0,Arsenal,1.0,-0.0
737,0,0,Arsenal,1.0,-0.0
18442,1,0,Arsenal,1.0,-0.0
2505,0,0,Arsenal,1.0,-0.0
748,0,0,Arsenal,0.91957164,0.08042836
7701,0,0,Arsenal,1.0,-0.0
6971,0,0,Arsenal,1.0,-0.0
14226,1,1,Arsenal,0.20017378,0.79982622
8449,0,0,Arsenal,1.0,-0.0
11041,1,1,Arsenal,-0.0,1.0
1318,0,0,Arsenal,1.0,-0.0
8580,0,0,Arsenal,1.0,-0.0
18844,1,1,Arsenal,0.19978919,0.80021081
18576,1,0,Arsenal,1.0,-0.0
9220,0,0,Arsenal,1.0,-0.0
6291,0,0,Arsenal,1.0,-0.0
11949,1,1,Arsenal,-0.0,1.0
1878,0,0,Arsenal,1.0,-0.0
3148,0,0,Arsenal,1.0,-0.0
16268,1,0,Arsenal,1.0,-0.0
7449,0,0,Arsenal,1.0,-0.0
9068,0,0,Arsenal,1.0,-0.0
2563,0,0,Arsenal,0.96005262,0.03994738
7461,0,0,Arsenal,1.0,-0.0
18485,1,1,Arsenal,0.23982266,0.76017734
4730,0,0,Arsenal,1.0,-0.0
1980,0,0,Arsenal,1.0,-0.0
6224,0,0,Arsenal,1.0,-0.0
16775,1,1,Arsenal,0.43982585,0.56017415
1689,0,0,Arsenal,1.0,-0.0
17411,1,1,Arsenal,0.4399378,0.5600622
957,0,0,Arsenal,1.0,-0.0
14159,1,0,Arsenal,0.60005555,0.39994445
19535,1,1,Arsenal,-0.0,1.0
10988,1,1,Arsenal,-0.0,1.0
14305,1,1,Arsenal,-0.0,1.0
11693,1,1,Arsenal,-0.0,1.0
5564,0,0,Arsenal,1.0,-0.0
3267,0,0,Arsenal,1.0,-0.0
14236,1,1,Arsenal,-0.0,1.0
19552,1,1,Arsenal,-0.0,1.0
10167,1,1,Arsenal,-0.0,1.0
3179,0,0,Arsenal,1.0,-0.0
19908,1,1,Arsenal,-0.0,1.0
16759,1,1,Arsenal,0.19957698,0.80042302
10641,1,0,Arsenal,1.0,-0.0
1194,0,0,Arsenal,1.0,-0.0
6197,0,0,Arsenal,1.0,-0.0
18382,1,1,Arsenal,-0.0,1.0
11359,1,1,Arsenal,-0.0,1.0
8683,0,0,Arsenal,0.91959312,0.08040688
9512,0,0,Arsenal,0.92004488,0.07995512
4180,0,0,Arsenal,1.0,-0.0
8517,0,0,Arsenal,1.0,-0.0
11848,1,0,Arsenal,1.0,-0.0
13397,1,1,Arsenal,-0.0,1.0
12777,1,1,Arsenal,-0.0,1.0
16676,1,0,Arsenal,1.0,-0.0
9619,0,0,Arsenal,1.0,-0.0
13164,1,1,Arsenal,-0.0,1.0
337,0,0,Arsenal,1.0,-0.0
11692,1,0,Arsenal,1.0,-0.0
12471,1,1,Arsenal,-0.0,1.0
10746,1,1,Arsenal,0.43960396,0.56039604
1615,0,0,Arsenal,1.0,-0.0
17301,1,1,Arsenal,0.20047273,0.79952727
6251,0,0,Arsenal,1.0,-0.0
9153,0,0,Arsenal,1.0,-0.0
17005,1,0,Arsenal,0.71895682,0.28104318
4810,0,0,Arsenal,1.0,-0.0
8869,0,0,Arsenal,1.0,-0.0
3377,0,0,Arsenal,1.0,-0.0
4466,0,0,Arsenal,1.0,-0.0
6128,0,0,Arsenal,0.96049192,0.03950808
19202,1,1,Arsenal,0.19956547,0.80043453
11648,1,0,Arsenal,1.0,-0.0
17561,1,0,Arsenal,0.60003795,0.39996205
4932,0,0,Arsenal,1.0,-0.0
15868,1,1,Arsenal,-0.0,1.0
14307,1,1,Arsenal,0.12062019,0.87937981
18659,1,1,Arsenal,0.07984851,0.92015149
10989,1,1,Arsenal,-0.0,1.0
6120,0,0,Arsenal,1.0,-0.0
8760,0,0,Arsenal,1.0,-0.0
8352,0,0,Arsenal,1.0,-0.0
16686,1,1,Arsenal,0.43982255,0.56017745
12871,1,1,Arsenal,-0.0,1.0
19715,1,1,Arsenal,-0.0,1.0
323,0,0,Arsenal,1.0,-0.0
5840,0,0,Arsenal,1.0,-0.0
7377,0,0,Arsenal,1.0,-0.0
3779,0,0,Arsenal,1.0,-0.0
17522,1,0,Arsenal,0.84017395,0.15982605
5588,0,0,Arsenal,1.0,-0.0
2979,0,0,Arsenal,0.87994911,0.12005089
9468,0,0,Arsenal,1.0,-0.0
14084,1,1,Arsenal,-0.0,1.0
2302,0,0,Arsenal,1.0,-0.0
15454,1,1,Arsenal,-0.0,1.0
18203,1,1,Arsenal,0.08016672,0.91983328
6383,0,0,Arsenal,1.0,-0.0
10786,1,1,Arsenal,-0.0,1.0
3641,0,0,Arsenal,1.0,-0.0
4836,0,0,Arsenal,1.0,-0.0
17139,1,0,Arsenal,0.96045558,0.03954442
8600,0,0,Arsenal,1.0,-0.0
13800,1,1,Arsenal,-0.0,1.0
11434,1,1,Arsenal,-0.0,1.0
9895,0,0,Arsenal,0.87961292,0.12038708
18950,1,1,Arsenal,0.20046024,0.79953976
6311,0,0,Arsenal,0.84133962,0.15866038
16905,1,0,Arsenal,0.80056864,0.19943136
18646,1,1,Arsenal,-0.0,1.0
9539,0,0,Arsenal,1.0,-0.0
7187,0,0,Arsenal,1.0,-0.0
6010,0,0,Arsenal,1.0,-0.0
14329,1,1,Arsenal,-0.0,1.0
4452,0,0,Arsenal,1.0,-0.0
11218,1,1,Arsenal,-0.0,1.0
8752,0,0,Arsenal,1.0,-0.0
15218,1,0,Arsenal,0.92039524,0.07960476
8277,0,0,Arsenal,1.0,-0.0
12747,1,1,Arsenal,-0.0,1.0
5453,0,0,Arsenal,1.0,-0.0
14468,1,0,Arsenal,0.79993097,0.20006903
938,0,0,Arsenal,1.0,-0.0
10076,1,1,Arsenal,-0.0,1.0
18983,1,1,Arsenal,0.03950808,0.96049192
16589,1,0,Arsenal,1.0,-0.0
14965,1,0,Arsenal,0.87978206,0.12021794
16422,1,0,Arsenal,1.0,-0.0
4577,0,0,Arsenal,1.0,-0.0
2600,0,0,Arsenal,1.0,-0.0
7789,0,0,Arsenal,1.0,-0.0
17335,1,0,Arsenal,0.95997346,0.04002654
16708,1,0,Arsenal,1.0,-0.0
4785,0,0,Arsenal,0.95975418,0.04024582
5990,0,0,Arsenal,1.0,-0.0
2682,0,0,Arsenal,1.0,-0.0
18949,1,1,Arsenal,0.03991655,0.96008345
7132,0,0,Arsenal,1.0,-0.0
9361,0,0,Arsenal,0.59984517,0.40015483
18216,1,0,Arsenal,0.59985025,0.40014975
18033,1,1,Arsenal,-0.0,1.0
3187,0,0,Arsenal,1.0,-0.0
3202,0,0,Arsenal,1.0,-0.0
13814,1,1,Arsenal,-0.0,1.0
5788,0,0,Arsenal,1.0,-0.0
10072,1,1,Arsenal,-0.0,1.0
9419,0,0,Arsenal,0.96030867,0.03969133
832,0,0,Arsenal,0.96008345,0.03991655
502,0,0,Arsenal,1.0,-0.0
9439,0,0,Arsenal,1.0,-0.0
643,0,1,Arsenal,0.44007499,0.55992501
18852,1,0,Arsenal,0.55971017,0.44028983
9415,0,0,Arsenal,1.0,-0.0
6981,0,0,Arsenal,1.0,-0.0
13086,1,1,Arsenal,-0.0,1.0
9165,0,0,Arsenal,1.0,-0.0
6179,0,0,Arsenal,1.0,-0.0
10130,1,1,Arsenal,-0.0,1.0
11522,1,1,Arsenal,-0.0,1.0
4649,0,0,Arsenal,1.0,-0.0
1397,0,0,Arsenal,0.95979742,0.04020258
6699,0,0,Arsenal,1.0,-0.0
8046,0,0,Arsenal,1.0,-0.0
17947,1,0,Arsenal,0.56001854,0.43998146
8803,0,0,Arsenal,0.92006614,0.07993386
14003,1,1,Arsenal,0.03990731,0.96009269
6495,0,0,Arsenal,1.0,-0.0
580,0,0,Arsenal,1.0,-0.0
17662,1,1,Arsenal,0.04028229,0.95971771
10193,1,1,Arsenal,-0.0,1.0
9133,0,0,Arsenal,1.0,-0.0
8154,0,0,Arsenal,1.0,-0.0
18947,1,0,Arsenal,0.68191243,0.31808757
5008,0,0,Arsenal,1.0,-0.0
15609,1,0,Arsenal,0.60008998,0.39991002
13990,1,1,Arsenal,-0.0,1.0
2668,0,0,Arsenal,0.60080449,0.39919551
955,0,1,Arsenal,-0.0,1.0
12367,1,1,Arsenal,-0.0,1.0
416,0,0,Arsenal,1.0,-0.0
9613,0,0,Arsenal,1.0,-0.0
7943,0,0,Arsenal,1.0,-0.0
10868,1,1,Arsenal,-0.0,1.0
3193,0,0,Arsenal,1.0,-0.0
17515,1,1,Arsenal,-0.0,1.0
17348,1,1,Arsenal,-0.0,1.0
9737,0,0,Arsenal,1.0,-0.0
17644,1,0,Arsenal,0.59993641,0.40006359
12147,1,1,Arsenal,-0.0,1.0
9441,0,0,Arsenal,1.0,-0.0
16981,1,0,Arsenal,0.88017106,0.11982894
3763,0,0,Arsenal,1.0,-0.0
17600,1,0,Arsenal,1.0,-0.0
14438,1,0,Arsenal,0.72057911,0.27942089
16837,1,0,Arsenal,1.0,-0.0
1447,0,0,Arsenal,0.96045558,0.03954442
17601,1,1,Arsenal,0.31972319,0.68027681
9560,0,0,Arsenal,1.0,-0.0
12751,1,1,Arsenal,-0.0,1.0
5202,0,0,Arsenal,1.0,-0.0
10478,1,1,Arsenal,0.32000628,0.67999372
7634,0,0,Arsenal,1.0,-0.0
903,0,0,Arsenal,1.0,-0.0
3532,0,0,Arsenal,1.0,-0.0
1171,0,0,Arsenal,1.0,-0.0
11260,1,1,Arsenal,-0.0,1.0
21,0,0,Arsenal,1.0,-0.0
2468,0,0,Arsenal,0.95964181,0.04035819
9207,0,0,Arsenal,1.0,-0.0
10159,1,1,Arsenal,-0.0,1.0
1977,0,0,Arsenal,1.0,-0.0
4178,0,0,Arsenal,1.0,-0.0
13471,1,1,Arsenal,-0.0,1.0
13995,1,1,Arsenal,-0.0,1.0
287,0,0,Arsenal,1.0,-0.0
14588,1,1,Arsenal,-0.0,1.0
7354,0,0,Arsenal,1.0,-0.0
13535,1,1,Arsenal,-0.0,1.0
19876,1,1,Arsenal,-0.0,1.0
4290,0,0,Arsenal,1.0,-0.0
7329,0,0,Arsenal,0.84025281,0.15974719
11270,1,1,Arsenal,-0.0,1.0
12710,1,1,Arsenal,-0.0,1.0
13274,1,1,Arsenal,-0.0,1.0
6863,0,0,Arsenal,1.0,-0.0
15056,1,0,Arsenal,0.79988369,0.20011631
1847,0,0,Arsenal,1.0,-0.0
10438,1,0,Arsenal,1.0,-0.0
899,0,0,Arsenal,1.0,-0.0
7731,0,0,Arsenal,1.0,-0.0
8829,0,0,Arsenal,1.0,-0.0
6821,0,0,Arsenal,1.0,-0.0
11399,1,1,Arsenal,-0.0,1.0
17085,1,0,Arsenal,0.91997063,0.08002937
1696,0,0,Arsenal,1.0,-0.0
5449,0,0,Arsenal,0.96049893,0.03950107
3884,0,0,Arsenal,1.0,-0.0
18210,1,0,Arsenal,0.67972092,0.32027908
14587,1,1,Arsenal,-0.0,1.0
5140,0,0,Arsenal,1.0,-0.0
10509,1,0,Arsenal,1.0,-0.0
517,0,0,Arsenal,1.0,-0.0
14995,1,0,Arsenal,0.80102857,0.19897143
1677,0,0,Arsenal,0.92011092,0.07988908
2839,0,0,Arsenal,1.0,-0.0
18389,1,1,Arsenal,0.12041214,0.87958786
19692,1,1,Arsenal,-0.0,1.0
4,0,0,Arsenal,0.96008345,0.03991655
12028,1,1,Arsenal,-0.0,1.0
6631,0,0,Arsenal,1.0,-0.0
10620,1,1,Arsenal,-0.0,1.0
14376,1,1,Arsenal,0.35919614,0.64080386
8197,0,0,Arsenal,0.87983363,0.12016637
7550,0,0,Arsenal,0.79990551,0.20009449
11560,1,0,Arsenal,1.0,-0.0
17637,1,1,Arsenal,0.19986999,0.80013001
2962,0,0,Arsenal,1.0,-0.0
4807,0,0,Arsenal,1.0,-0.0
1237,0,0,Arsenal,1.0,-0.0
6055,0,0,Arsenal,0.95971771,0.04028229
5276,0,0,Arsenal,1.0,-0.0
6729,0,0,Arsenal,1.0,-0.0
9371,0,0,Arsenal,1.0,-0.0
13236,1,1,Arsenal,-0.0,1.0
5666,0,0,Arsenal,1.0,-0.0
15228,1,0,Arsenal,1.0,-0.0
9154,0,0,Arsenal,0.84140114,0.15859886
14017,1,0,Arsenal,0.64005986,0.35994014
10915,1,1,Arsenal,-0.0,1.0
2002,0,0,Arsenal,1.0,-0.0
4495,0,0,Arsenal,1.0,-0.0
15266,1,0,Arsenal,0.67978317,0.32021683
13733,1,1,Arsenal,-0.0,1.0
17845,1,0,Arsenal,0.64081971,0.35918029
7620,0,0,Arsenal,1.0,-0.0
11190,1,1,Arsenal,-0.0,1.0
3931,0,0,Arsenal,1.0,-0.0
18273,1,1,Arsenal,0.19953142,0.80046858
18766,1,0,Arsenal,1.0,-0.0
2286,0,0,Arsenal,1.0,-0.0
3418,0,0,Arsenal,1.0,-0.0
14298,1,1,Arsenal,-0.0,1.0
10748,1,0,Arsenal,0.72121723,0.27878277
3767,0,0,Arsenal,1.0,-0.0
3288,0,0,Arsenal,0.91986717,0.08013283
7632,0,0,Arsenal,1.0,-0.0
12765,1,1,Arsenal,-0.0,1.0
453,0,0,Arsenal,0.96030255,0.03969745
3231,0,0,Arsenal,1.0,-0.0
2947,0,0,Arsenal,1.0,-0.0
19041,1,1,Arsenal,0.12021289,0.87978711
7366,0,0,Arsenal,1.0,-0.0
17572,1,1,Arsenal,0.32061197,0.67938803
18664,1,1,Arsenal,-0.0,1.0
15431,1,0,Arsenal,0.84063912,0.15936088
10733,1,0,Arsenal,1.0,-0.0
2809,0,0,Arsenal,1.0,-0.0
14020,1,1,Arsenal,-0.0,1.0
10912,1,1,Arsenal,-0.0,1.0
17589,1,0,Arsenal,1.0,-0.0
8250,0,0,Arsenal,0.95997346,0.04002654
8039,0,0,Arsenal,1.0,-0.0
19863,1,1,Arsenal,-0.0,1.0
1039,0,0,Arsenal,1.0,-0.0
5894,0,0,Arsenal,1.0,-0.0
866,0,1,Arsenal,0.32028091,0.67971909
17198,1,0,Arsenal,0.95979716,0.04020284
18622,1,1,Arsenal,-0.0,1.0
7906,0,0,Arsenal,0.96049192,0.03950808
1927,0,0,Arsenal,1.0,-0.0
5969,0,0,Arsenal,1.0,-0.0
11300,1,1,Arsenal,-0.0,1.0
516,0,0,Arsenal,1.0,-0.0
12902,1,1,Arsenal,-0.0,1.0
7388,0,0,Arsenal,1.0,-0.0
15168,1,0,Arsenal,0.56034863,0.43965137
13770,1,1,Arsenal,-0.0,1.0
9792,0,0,Arsenal,1.0,-0.0
17336,1,0,Arsenal,0.80020567,0.19979433
2111,0,0,Arsenal,1.0,-0.0
6381,0,0,Arsenal,1.0,-0.0
18282,1,0,Arsenal,0.84039885,0.15960115
5143,0,0,Arsenal,1.0,-0.0
3021,0,0,Arsenal,1.0,-0.0
17377,1,1,Arsenal,-0.0,1.0
3988,0,1,Arsenal,0.36012047,0.63987953
15828,1,1,Arsenal,0.16111052,0.83888948
15115,1,0,Arsenal,0.95980837,0.04019163
662,0,0,Arsenal,0.84013826,0.15986174
17362,1,0,Arsenal,0.80066208,0.19933792
699,0,0,Arsenal,1.0,-0.0
1717,0,0,Arsenal,1.0,-0.0
15121,1,0,Arsenal,0.92066119,0.07933881
13367,1,1,Arsenal,-0.0,1.0
8781,0,0,Arsenal,0.9600588,0.0399412
1803,0,0,Arsenal,1.0,-0.0
4645,0,0,Arsenal,0.76019707,0.23980293
9688,0,0,Arsenal,1.0,-0.0
18927,1,0,Arsenal,0.96005262,0.03994738
10693,1,0,Arsenal,0.60023639,0.39976361
11379,1,1,Arsenal,-0.0,1.0
5128,0,0,Arsenal,1.0,-0.0
19376,1,1,Arsenal,-0.0,1.0
6186,0,0,Arsenal,1.0,-0.0
7391,0,0,Arsenal,0.95980837,0.04019163
5324,0,0,Arsenal,1.0,-0.0
17596,1,1,Arsenal,0.08026018,0.91973982
1100,0,0,Arsenal,1.0,-0.0
15484,1,1,Arsenal,0.03969133,0.96030867
13201,1,1,Arsenal,-0.0,1.0
6479,0,0,Arsenal,0.96049192,0.03950808
1461,0,0,Arsenal,0.91985972,0.08014028
1102,0,0,Arsenal,1.0,-0.0
18003,1,0,Arsenal,1.0,-0.0
1149,0,0,Arsenal,0.95997346,0.04002654
15904,1,1,Arsenal,-0.0,1.0
7841,0,0,Arsenal,0.84095207,0.15904793
11350,1,1,Arsenal,-0.0,1.0
6489,0,0,Arsenal,0.75984731,0.24015269
2120,0,0,Arsenal,1.0,-0.0
13810,1,1,Arsenal,-0.0,1.0
4842,0,0,Arsenal,1.0,-0.0
5763,0,0,Arsenal,0.92001011,0.07998989
1778,0,0,Arsenal,1.0,-0.0
5625,0,0,Arsenal,1.0,-0.0
12603,1,1,Arsenal,-0.0,1.0
13826,1,1,Arsenal,-0.0,1.0
14782,1,1,Arsenal,0.20036001,0.79963999
17842,1,1,Arsenal,0.04030254,0.95969746
11980,1,1,Arsenal,-0.0,1.0
15467,1,1,Arsenal,-0.0,1.0
5871,0,0,Arsenal,1.0,-0.0
18654,1,0,Arsenal,1.0,-0.0
3344,0,0,Arsenal,1.0,-0.0
1718,0,0,Arsenal,0.96005262,0.03994738
9581,0,0,Arsenal,1.0,-0.0
3217,0,0,Arsenal,0.95971771,0.04028229
19254,1,0,Arsenal,0.91978183,0.08021817
6115,0,0,Arsenal,1.0,-0.0
19400,1,1,Arsenal,-0.0,1.0
722,0,0,Arsenal,0.92014531,0.07985469
9694,0,0,Arsenal,1.0,-0.0
1067,0,0,Arsenal,1.0,-0.0
11996,1,1,Arsenal,-0.0,1.0
8022,0,0,Arsenal,1.0,-0.0
10618,1,0,Arsenal,1.0,-0.0
5764,0,0,Arsenal,0.71961058,0.28038942
14176,1,1,Arsenal,0.08014028,0.91985972
2346,0,0,Arsenal,1.0,-0.0
6131,0,0,Arsenal,1.0,-0.0
14460,1,0,Arsenal,0.84023464,0.15976536
8767,0,0,Arsenal,1.0,-0.0
14318,1,1,Arsenal,-0.0,1.0
14241,1,1,Arsenal,-0.0,1.0
15191,1,0,Arsenal,0.79999489,0.20000511
2219,0,0,Arsenal,1.0,-0.0
8124,0,0,Arsenal,0.87971688,0.12028312
975,0,0,Arsenal,1.0,-0.0
4832,0,0,Arsenal,1.0,-0.0
13480,1,1,Arsenal,-0.0,1.0
4212,0,0,Arsenal,0.80013418,0.19986582
2818,0,0,Arsenal,1.0,-0.0
16984,1,0,Arsenal,0.84028075,0.15971925
9434,0,0,Arsenal,1.0,-0.0
13213,1,1,Arsenal,-0.0,1.0
12215,1,1,Arsenal,-0.0,1.0
8734,0,0,Arsenal,1.0,-0.0
13322,1,1,Arsenal,-0.0,1.0
3145,0,0,Arsenal,0.96049192,0.03950808
6299,0,0,Arsenal,0.9208076,0.0791924
56,0,0,Arsenal,1.0,-0.0
4796,0,0,Arsenal,0.91985793,0.08014207
11720,1,0,Arsenal,1.0,-0.0
12061,1,1,Arsenal,-0.0,1.0
3875,0,0,Arsenal,0.95969746,0.04030254
17906,1,0,Arsenal,0.91988985,0.08011015
11289,1,1,Arsenal,-0.0,1.0
12322,1,1,Arsenal,-0.0,1.0
19514,1,1,Arsenal,-0.0,1.0
11802,1,0,Arsenal,1.0,-0.0
497,0,0,Arsenal,1.0,-0.0
17782,1,1,Arsenal,0.28025883,0.71974117
7890,0,0,Arsenal,1.0,-0.0
10808,1,1,Arsenal,-0.0,1.0
15096,1,0,Arsenal,0.91989254,0.08010746
14119,1,0,Arsenal,0.55928269,0.44071731
17182,1,0,Arsenal,0.95977448,0.04022552
14633,1,0,Arsenal,0.67977417,0.32022583
10627,1,0,Arsenal,1.0,-0.0
2043,0,0,Arsenal,0.95997346,0.04002654
8540,0,0,Arsenal,1.0,-0.0
15196,1,1,Arsenal,-0.0,1.0
14044,1,1,Arsenal,-0.0,1.0
2319,0,0,Arsenal,1.0,-0.0
17059,1,0,Arsenal,1.0,-0.0
12073,1,1,Arsenal,-0.0,1.0
12345,1,1,Arsenal,-0.0,1.0
7832,0,0,Arsenal,0.96030867,0.03969133
16927,1,0,Arsenal,0.76086766,0.23913234
7136,0,0,Arsenal,1.0,-0.0
3677,0,0,Arsenal,0.79987949,0.20012051
18009,1,1,Arsenal,0.08022913,0.91977087
15333,1,0,Arsenal,0.51983717,0.48016283
5787,0,0,Arsenal,1.0,-0.0
766,0,0,Arsenal,1.0,-0.0
4749,0,0,Arsenal,1.0,-0.0
8362,0,0,Arsenal,1.0,-0.0
17917,1,1,Arsenal,0.03969133,0.96030867
12944,1,1,Arsenal,-0.0,1.0
7706,0,0,Arsenal,0.80016274,0.19983726
18021,1,0,Arsenal,0.8796601,0.1203399
15262,1,0,Arsenal,1.0,-0.0
13554,1,1,Arsenal,-0.0,1.0
18180,1,0,Arsenal,0.92030724,0.07969276
17621,1,1,Arsenal,0.03991655,0.96008345
6745,0,0,Arsenal,1.0,-0.0
19144,1,1,Arsenal,-0.0,1.0
11340,1,1,Arsenal,-0.0,1.0
8991,0,0,Arsenal,0.95977448,0.04022552
2825,0,0,Arsenal,1.0,-0.0
6848,0,0,Arsenal,1.0,-0.0
1452,0,0,Arsenal,1.0,-0.0
9012,0,0,Arsenal,1.0,-0.0
5232,0,0,Arsenal,1.0,-0.0
3336,0,0,Arsenal,1.0,-0.0
13615,1,1,Arsenal,-0.0,1.0
13757,1,1,Arsenal,-0.0,1.0
2959,0,0,Arsenal,1.0,-0.0
1601,0,0,Arsenal,1.0,-0.0
2753,0,0,Arsenal,0.9600588,0.0399412
3798,0,1,Arsenal,0.47993596,0.52006404
12633,1,1,Arsenal,-0.0,1.0
6526,0,0,Arsenal,1.0,-0.0
15618,1,1,Arsenal,-0.0,1.0
18019,1,0,Arsenal,1.0,-0.0
13391,1,1,Arsenal,-0.0,1.0
10174,1,1,Arsenal,0.12076962,0.87923038
11025,1,1,Arsenal,-0.0,1.0
7586,0,0,Arsenal,1.0,-0.0
14644,1,1,Arsenal,0.04024582,0.95975418
19105,1,0,Arsenal,1.0,-0.0
17518,1,0,Arsenal,0.96008345,0.03991655
8604,0,0,Arsenal,1.0,-0.0
11550,1,1,Arsenal,-0.0,1.0
4331,0,0,Arsenal,1.0,-0.0
17590,1,1,Arsenal,0.03991655,0.96008345
1951,0,0,Arsenal,1.0,-0.0
7138,0,0,Arsenal,1.0,-0.0
19058,1,1,Arsenal,0.36007385,0.63992615
14014,1,0,Arsenal,0.55979927,0.44020073
11810,1,0,Arsenal,1.0,-0.0
13188,1,1,Arsenal,-0.0,1.0
3174,0,0,Arsenal,1.0,-0.0
10898,1,1,Arsenal,0.07974505,0.92025495
5509,0,0,Arsenal,1.0,-0.0
18542,1,1,Arsenal,0.12000704,0.87999296
11123,1,1,Arsenal,-0.0,1.0
11030,1,1,Arsenal,-0.0,1.0
4720,0,0,Arsenal,1.0,-0.0
7973,0,0,Arsenal,1.0,-0.0
2594,0,0,Arsenal,0.91988087,0.08011913
13229,1,1,Arsenal,-0.0,1.0
6833,0,0,Arsenal,1.0,-0.0
9115,0,0,Arsenal,1.0,-0.0
4389,0,0,Arsenal,1.0,-0.0
7797,0,0,Arsenal,1.0,-0.0
16715,1,0,Arsenal,0.84018155,0.15981845
1555,0,0,Arsenal,0.95983992,0.04016008
18726,1,0,Arsenal,1.0,-0.0
2897,0,0,Arsenal,1.0,-0.0
3156,0,0,Arsenal,0.91917158,0.08082842
19034,1,0,Arsenal,1.0,-0.0
15386,1,0,Arsenal,0.51869133,0.48130867
17007,1,0,Arsenal,0.84010341,0.15989659
87,0,0,Arsenal,1.0,-0.0
18970,1,1,Arsenal,-0.0,1.0
6566,0,0,Arsenal,1.0,-0.0
2899,0,0,Arsenal,1.0,-0.0
7840,0,0,Arsenal,1.0,-0.0
1643,0,0,Arsenal,1.0,-0.0
18802,1,0,Arsenal,0.59898884,0.40101116
11406,1,1,Arsenal,-0.0,1.0
17789,1,0,Arsenal,0.96005262,0.03994738
527,0,0,Arsenal,1.0,-0.0
13504,1,1,Arsenal,-0.0,1.0
16218,1,0,Arsenal,1.0,-0.0
2477,0,0,Arsenal,1.0,-0.0
6925,0,0,Arsenal,1.0,-0.0
3445,0,0,Arsenal,1.0,-0.0
744,0,0,Arsenal,1.0,-0.0
6730,0,0,Arsenal,1.0,-0.0
2236,0,0,Arsenal,0.96049192,0.03950808
845,0,0,Arsenal,0.80044925,0.19955075
12575,1,1,Arsenal,-0.0,1.0
9503,0,0,Arsenal,0.96016461,0.03983539
11265,1,1,Arsenal,-0.0,1.0
8032,0,0,Arsenal,1.0,-0.0
4400,0,0,Arsenal,1.0,-0.0
9039,0,0,Arsenal,0.96005262,0.03994738
9555,0,0,Arsenal,0.92010583,0.07989417
4204,0,0,Arsenal,1.0,-0.0
271,0,0,Arsenal,1.0,-0.0
4444,0,0,Arsenal,1.0,-0.0
11833,1,0,Arsenal,0.95975418,0.04024582
13154,1,1,Arsenal,-0.0,1.0
10935,1,1,Arsenal,0.20052633,0.79947367
1946,0,0,Arsenal,0.52082625,0.47917375
11687,1,0,Arsenal,0.9600588,0.0399412
16810,1,0,Arsenal,0.9598999,0.0401001
13864,1,1,Arsenal,-0.0,1.0
11429,1,1,Arsenal,-0.0,1.0
11117,1,1,Arsenal,-0.0,1.0
7486,0,0,Arsenal,1.0,-0.0
5111,0,0,Arsenal,1.0,-0.0
2280,0,0,Arsenal,1.0,-0.0
10424,1,0,Arsenal,0.88110314,0.11889686
3243,0,0,Arsenal,1.0,-0.0
11879,1,0,Arsenal,1.0,-0.0
13964,1,1,Arsenal,-0.0,1.0
12183,1,1,Arsenal,-0.0,1.0
11818,1,0,Arsenal,0.96014498,0.03985502
14572,1,1,Arsenal,0.32109325,0.67890675
9621,0,0,Arsenal,1.0,-0.0
10806,1,1,Arsenal,-0.0,1.0
7888,0,0,Arsenal,1.0,-0.0
13006,1,1,Arsenal,-0.0,1.0
16718,1,0,Arsenal,0.87952456,0.12047544
9888,0,0,Arsenal,1.0,-0.0
17920,1,1,Arsenal,-0.0,1.0
18472,1,0,Arsenal,0.8396108,0.1603892
13134,1,1,Arsenal,-0.0,1.0
1398,0,0,Arsenal,1.0,-0.0
3813,0,0,Arsenal,1.0,-0.0
15822,1,1,Arsenal,0.03969745,0.96030255
1799,0,0,Arsenal,1.0,-0.0
874,0,0,Arsenal,0.96009269,0.03990731
11069,1,1,Arsenal,-0.0,1.0
7151,0,0,Arsenal,1.0,-0.0
12855,1,1,Arsenal,-0.0,1.0
5694,0,0,Arsenal,1.0,-0.0
17430,1,0,Arsenal,0.68004526,0.31995474
6922,0,0,Arsenal,1.0,-0.0
18807,1,1,Arsenal,-0.0,1.0
10744,1,0,Arsenal,1.0,-0.0
4969,0,0,Arsenal,1.0,-0.0
4244,0,0,Arsenal,1.0,-0.0
16977,1,0,Arsenal,0.95997346,0.04002654
18903,1,1,Arsenal,-0.0,1.0
9391,0,0,Arsenal,1.0,-0.0
9922,0,0,Arsenal,0.84059657,0.15940343
7865,0,0,Arsenal,1.0,-0.0
14736,1,0,Arsenal,0.8404825,0.1595175
12291,1,1,Arsenal,-0.0,1.0
13576,1,1,Arsenal,-0.0,1.0
10683,1,0,Arsenal,0.88056362,0.11943638
18857,1,0,Arsenal,0.96009269,0.03990731
1226,0,0,Arsenal,1.0,-0.0
3311,0,0,Arsenal,1.0,-0.0
3153,0,0,Arsenal,1.0,-0.0
18412,1,0,Arsenal,1.0,-0.0
12303,1,1,Arsenal,-0.0,1.0
3180,0,0,Arsenal,1.0,-0.0
11459,1,1,Arsenal,-0.0,1.0
1694,0,0,Arsenal,1.0,-0.0
8417,0,0,Arsenal,0.95971771,0.04028229
867,0,0,Arsenal,1.0,-0.0
15367,1,0,Arsenal,0.75986986,0.24013014
14149,1,1,Arsenal,-0.0,1.0
1,0,0,Arsenal,0.96049893,0.03950107
1863,0,0,Arsenal,0.91995942,0.08004058
11854,1,0,Arsenal,0.95983992,0.04016008
5889,0,0,Arsenal,1.0,-0.0
6404,0,0,Arsenal,0.88020019,0.11979981
5072,0,0,Arsenal,1.0,-0.0
1505,0,0,Arsenal,1.0,-0.0
12261,1,1,Arsenal,-0.0,1.0
7021,0,0,Arsenal,1.0,-0.0
5755,0,0,Arsenal,1.0,-0.0
17304,1,0,Arsenal,0.80012526,0.19987474
17094,1,0,Arsenal,0.71974075,0.28025925
15701,1,1,Arsenal,-0.0,1.0
3037,0,0,Arsenal,1.0,-0.0
2960,0,0,Arsenal,1.0,-0.0
13009,1,1,Arsenal,-0.0,1.0
13032,1,1,Arsenal,-0.0,1.0
19020,1,1,Arsenal,0.04019163,0.95980837
14351,1,1,Arsenal,-0.0,1.0
7484,0,0,Arsenal,1.0,-0.0
10224,1,1,Arsenal,-0.0,1.0
16590,1,0,Arsenal,1.0,-0.0
7198,0,0,Arsenal,1.0,-0.0
15841,1,1,Arsenal,-0.0,1.0
13701,1,1,Arsenal,-0.0,1.0
8786,0,0,Arsenal,0.95952978,0.04047022
1517,0,0,Arsenal,1.0,-0.0
445,0,0,Arsenal,1.0,-0.0
6200,0,0,Arsenal,1.0,-0.0
143,0,0,Arsenal,1.0,-0.0
9764,0,0,Arsenal,0.83986852,0.16013148
5006,0,0,Arsenal,1.0,-0.0
1156,0,0,Arsenal,0.92065418,0.07934582
19059,1,1,Arsenal,0.43971857,0.56028143
12711,1,1,Arsenal,-0.0,1.0
17646,1,1,Arsenal,0.23978927,0.76021073
1081,0,0,Arsenal,0.95952978,0.04047022
13700,1,1,Arsenal,-0.0,1.0
9838,0,0,Arsenal,0.95995131,0.04004869
10427,1,0,Arsenal,1.0,-0.0
14019,1,1,Arsenal,-0.0,1.0
11873,1,0,Arsenal,0.76046007,0.23953993
4200,0,0,Arsenal,1.0,-0.0
1265,0,0,Arsenal,0.91985622,0.08014378
4753,0,0,Arsenal,0.92042903,0.07957097
6836,0,0,Arsenal,0.95975418,0.04024582
19559,1,1,Arsenal,-0.0,1.0
7038,0,0,Arsenal,1.0,-0.0
5979,0,0,Arsenal,0.96009269,0.03990731
12690,1,1,Arsenal,-0.0,1.0
19195,1,0,Arsenal,1.0,-0.0
29,0,0,Arsenal,1.0,-0.0
6838,0,0,Arsenal,1.0,-0.0
8634,0,0,Arsenal,1.0,-0.0
10221,1,1,Arsenal,-0.0,1.0
8073,0,0,Arsenal,1.0,-0.0
15750,1,1,Arsenal,-0.0,1.0
3073,0,0,Arsenal,1.0,-0.0
2735,0,0,Arsenal,1.0,-0.0
5156,0,0,Arsenal,1.0,-0.0
5848,0,0,Arsenal,1.0,-0.0
17224,1,0,Arsenal,0.95952978,0.04047022
352,0,0,Arsenal,1.0,-0.0
13257,1,1,Arsenal,-0.0,1.0
1286,0,0,Arsenal,0.96049192,0.03950808
1603,0,0,Arsenal,1.0,-0.0
13787,1,1,Arsenal,-0.0,1.0
11793,1,1,Arsenal,-0.0,1.0
17717,1,0,Arsenal,1.0,-0.0
14999,1,0,Arsenal,0.91993261,0.08006739
3142,0,0,Arsenal,1.0,-0.0
17546,1,1,Arsenal,-0.0,1.0
10190,1,1,Arsenal,-0.0,1.0
2718,0,0,Arsenal,1.0,-0.0
11766,1,0,Arsenal,1.0,-0.0
9494,0,0,Arsenal,1.0,-0.0
11157,1,1,Arsenal,0.04002654,0.95997346
3031,0,0,Arsenal,0.91996177,0.08003823
8452,0,0,Arsenal,0.5197118,0.4802882
10489,1,0,Arsenal,0.95980837,0.04019163
15236,1,0,Arsenal,0.68016625,0.31983375
17417,1,1,Arsenal,0.16094781,0.83905219
8248,0,0,Arsenal,1.0,-0.0
3230,0,0,Arsenal,1.0,-0.0
5773,0,0,Arsenal,1.0,-0.0
10609,1,0,Arsenal,1.0,-0.0
12490,1,1,Arsenal,-0.0,1.0
7720,0,0,Arsenal,1.0,-0.0
5841,0,0,Arsenal,1.0,-0.0
14952,1,0,Arsenal,0.71982251,0.28017749
2495,0,0,Arsenal,1.0,-0.0
10449,1,0,Arsenal,1.0,-0.0
15834,1,1,Arsenal,-0.0,1.0
9061,0,0,Arsenal,1.0,-0.0
2216,0,0,Arsenal,1.0,-0.0
13626,1,1,Arsenal,-0.0,1.0
1423,0,0,Arsenal,0.95969746,0.04030254
5033,0,0,Arsenal,1.0,-0.0
4080,0,0,Arsenal,1.0,-0.0
3770,0,0,Arsenal,1.0,-0.0
1059,0,0,Arsenal,1.0,-0.0
4531,0,1,Arsenal,0.11966874,0.88033126
19099,1,0,Arsenal,1.0,-0.0
5809,0,0,Arsenal,1.0,-0.0
5721,0,0,Arsenal,1.0,-0.0
4427,0,0,Arsenal,0.79977989,0.20022011
6993,0,0,Arsenal,1.0,-0.0
15477,1,1,Arsenal,-0.0,1.0
1597,0,0,Arsenal,1.0,-0.0
2228,0,0,Arsenal,1.0,-0.0
16632,1,0,Arsenal,0.80057697,0.19942303
373,0,0,Arsenal,1.0,-0.0
5975,0,0,Arsenal,1.0,-0.0
1276,0,0,Arsenal,1.0,-0.0
7051,0,0,Arsenal,1.0,-0.0
7640,0,0,Arsenal,1.0,-0.0
480,0,0,Arsenal,1.0,-0.0
14614,1,1,Arsenal,-0.0,1.0
13065,1,1,Arsenal,-0.0,1.0
1963,0,0,Arsenal,1.0,-0.0
1906,0,0,Arsenal,1.0,-0.0
14601,1,1,Arsenal,0.15935433,0.84064567
12231,1,1,Arsenal,-0.0,1.0
15476,1,1,Arsenal,0.04019163,0.95980837
15094,1,1,Arsenal,0.16002057,0.83997943
18920,1,1,Arsenal,-0.0,1.0
13022,1,1,Arsenal,-0.0,1.0
8545,0,0,Arsenal,1.0,-0.0
17918,1,1,Arsenal,0.27951958,0.72048042
177,0,0,Arsenal,1.0,-0.0
12666,1,1,Arsenal,-0.0,1.0
13433,1,1,Arsenal,-0.0,1.0
14618,1,1,Arsenal,-0.0,1.0
15832,1,1,Arsenal,0.2402163,0.7597837
8240,0,0,Arsenal,1.0,-0.0
14961,1,0,Arsenal,0.95980837,0.04019163
1661,0,0,Arsenal,1.0,-0.0
8067,0,0,Arsenal,0.96049893,0.03950107
2561,0,0,Arsenal,0.84035835,0.15964165
10302,1,0,Arsenal,0.7199299,0.2800701
13742,1,1,Arsenal,-0.0,1.0
7101,0,0,Arsenal,1.0,-0.0
1914,0,0,Arsenal,1.0,-0.0
3702,0,0,Arsenal,1.0,-0.0
8469,0,0,Arsenal,1.0,-0.0
342,0,1,Arsenal,-0.0,1.0
1714,0,0,Arsenal,1.0,-0.0
1055,0,0,Arsenal,1.0,-0.0
1693,0,0,Arsenal,1.0,-0.0
3268,0,0,Arsenal,0.79977523,0.20022477
65,0,0,Arsenal,1.0,-0.0
18740,1,1,Arsenal,-0.0,1.0
10444,1,0,Arsenal,0.95980837,0.04019163
7677,0,0,Arsenal,1.0,-0.0
12269,1,1,Arsenal,-0.0,1.0
9713,0,0,Arsenal,0.95975418,0.04024582
13745,1,1,Arsenal,-0.0,1.0
1513,0,0,Arsenal,0.95964181,0.04035819
18525,1,0,Arsenal,0.92039524,0.07960476
9479,0,0,Arsenal,1.0,-0.0
12521,1,1,Arsenal,-0.0,1.0
10585,1,0,Arsenal,1.0,-0.0
9502,0,0,Arsenal,1.0,-0.0
14416,1,1,Arsenal,0.47992546,0.52007454
14320,1,1,Arsenal,-0.0,1.0
2531,0,0,Arsenal,1.0,-0.0
7491,0,0,Arsenal,1.0,-0.0
4918,0,0,Arsenal,1.0,-0.0
4600,0,0,Arsenal,1.0,-0.0
3637,0,0,Arsenal,1.0,-0.0
17581,1,0,Arsenal,0.76101388,0.23898612
411,0,0,Arsenal,0.96014498,0.03985502
12680,1,1,Arsenal,-0.0,1.0
12646,1,1,Arsenal,-0.0,1.0
7993,0,0,Arsenal,0.88029402,0.11970598
14900,1,0,Arsenal,0.5598804,0.4401196
17251,1,0,Arsenal,0.60006641,0.39993359
17446,1,0,Arsenal,0.96005262,0.03994738
12068,1,1,Arsenal,-0.0,1.0
18829,1,1,Arsenal,-0.0,1.0
8514,0,0,Arsenal,0.96016461,0.03983539
9396,0,0,Arsenal,0.95983992,0.04016008
16051,1,0,Arsenal,0.84052615,0.15947385
6617,0,0,Arsenal,0.95997346,0.04002654
18748,1,0,Arsenal,1.0,-0.0
14721,1,0,Arsenal,0.80056266,0.19943734
15586,1,1,Arsenal,-0.0,1.0
5220,0,0,Arsenal,1.0,-0.0
6620,0,0,Arsenal,1.0,-0.0
11827,1,0,Arsenal,1.0,-0.0
7131,0,1,Arsenal,-0.0,1.0
6901,0,0,Arsenal,1.0,-0.0
15312,1,0,Arsenal,0.55986793,0.44013207
8513,0,0,Arsenal,1.0,-0.0
6847,0,0,Arsenal,1.0,-0.0
23,0,0,Arsenal,1.0,-0.0
13152,1,1,Arsenal,-0.0,1.0
15209,1,0,Arsenal,0.96030867,0.03969133
2256,0,0,Arsenal,1.0,-0.0
18414,1,1,Arsenal,0.40030349,0.59969651
8851,0,0,Arsenal,1.0,-0.0
9953,0,0,Arsenal,1.0,-0.0
17723,1,1,Arsenal,-0.0,1.0
18438,1,1,Arsenal,0.4397179,0.5602821
10964,1,1,Arsenal,-0.0,1.0
18135,1,0,Arsenal,0.87953431,0.12046569
682,0,0,Arsenal,0.87974789,0.12025211
13309,1,1,Arsenal,-0.0,1.0
19737,1,1,Arsenal,-0.0,1.0
16078,1,0,Arsenal,0.72007985,0.27992015
7464,0,0,Arsenal,1.0,-0.0
2876,0,0,Arsenal,1.0,-0.0
3010,0,0,Arsenal,1.0,-0.0
1727,0,0,Arsenal,1.0,-0.0
12409,1,1,Arsenal,-0.0,1.0
18041,1,0,Arsenal,1.0,-0.0
7803,0,0,Arsenal,1.0,-0.0
738,0,0,Arsenal,1.0,-0.0
2970,0,0,Arsenal,1.0,-0.0
9904,0,0,Arsenal,1.0,-0.0
4022,0,0,Arsenal,1.0,-0.0
14361,1,1,Arsenal,-0.0,1.0
2977,0,0,Arsenal,1.0,-0.0
13635,1,1,Arsenal,-0.0,1.0
1315,0,0,Arsenal,1.0,-0.0
1982,0,0,Arsenal,0.83992286,0.16007714
9108,0,0,Arsenal,0.95979742,0.04020258
9265,0,0,Arsenal,1.0,-0.0
17271,1,0,Arsenal,1.0,-0.0
7885,0,0,Arsenal,1.0,-0.0
16946,1,0,Arsenal,0.88081879,0.11918121
6989,0,0,Arsenal,1.0,-0.0
2429,0,0,Arsenal,1.0,-0.0
9098,0,0,Arsenal,0.96049192,0.03950808
2205,0,0,Arsenal,0.88051245,0.11948755
11198,1,1,Arsenal,-0.0,1.0
9682,0,0,Arsenal,1.0,-0.0
3043,0,0,Arsenal,1.0,-0.0
4544,0,0,Arsenal,1.0,-0.0
13919,1,1,Arsenal,-0.0,1.0
1087,0,0,Arsenal,0.95971771,0.04028229
17599,1,0,Arsenal,1.0,-0.0
4213,0,0,Arsenal,1.0,-0.0
6791,0,0,Arsenal,1.0,-0.0
17981,1,0,Arsenal,0.91983233,0.08016767
17020,1,0,Arsenal,0.68044673,0.31955327
3713,0,0,Arsenal,0.80047119,0.19952881
5765,0,0,Arsenal,1.0,-0.0
3726,0,0,Arsenal,1.0,-0.0
17379,1,0,Arsenal,0.88092095,0.11907905
19392,1,1,Arsenal,-0.0,1.0
4821,0,0,Arsenal,1.0,-0.0
2271,0,0,Arsenal,1.0,-0.0
7414,0,0,Arsenal,1.0,-0.0
3301,0,0,Arsenal,1.0,-0.0
15139,1,0,Arsenal,0.76099355,0.23900645
4019,0,0,Arsenal,1.0,-0.0
5219,0,0,Arsenal,1.0,-0.0
16553,1,0,Arsenal,1.0,-0.0
13506,1,1,Arsenal,-0.0,1.0
9600,0,0,Arsenal,0.91989872,0.08010128
8142,0,0,Arsenal,1.0,-0.0
13910,1,1,Arsenal,-0.0,1.0
4613,0,0,Arsenal,1.0,-0.0
3745,0,0,Arsenal,1.0,-0.0
9988,0,0,Arsenal,1.0,-0.0
10408,1,0,Arsenal,1.0,-0.0
5476,0,0,Arsenal,1.0,-0.0
3242,0,0,Arsenal,1.0,-0.0
9783,0,0,Arsenal,1.0,-0.0
4965,0,0,Arsenal,1.0,-0.0
1952,0,0,Arsenal,1.0,-0.0
16657,1,0,Arsenal,0.8798382,0.1201618
13358,1,1,Arsenal,-0.0,1.0
2734,0,0,Arsenal,0.80107133,0.19892867
11318,1,1,Arsenal,-0.0,1.0
7799,0,0,Arsenal,1.0,-0.0
5923,0,0,Arsenal,1.0,-0.0
9474,0,0,Arsenal,1.0,-0.0
9264,0,0,Arsenal,1.0,-0.0
9004,0,0,Arsenal,1.0,-0.0
15425,1,0,Arsenal,0.59935425,0.40064575
18228,1,0,Arsenal,0.96030867,0.03969133
17967,1,0,Arsenal,1.0,-0.0
6684,0,0,Arsenal,1.0,-0.0
13343,1,1,Arsenal,-0.0,1.0
6975,0,0,Arsenal,1.0,-0.0
12297,1,1,Arsenal,-0.0,1.0
17643,1,0,Arsenal,0.71989742,0.28010258
13897,1,1,Arsenal,-0.0,1.0
11937,1,0,Arsenal,0.95975418,0.04024582
12430,1,1,Arsenal,-0.0,1.0
7069,0,0,Arsenal,1.0,-0.0
18818,1,0,Arsenal,0.52138325,0.47861675
7100,0,0,Arsenal,1.0,-0.0
1143,0,0,Arsenal,1.0,-0.0
7675,0,0,Arsenal,1.0,-0.0
10659,1,0,Arsenal,1.0,-0.0
5230,0,0,Arsenal,1.0,-0.0
1305,0,0,Arsenal,0.91948173,0.08051827
11251,1,1,Arsenal,-0.0,1.0
1499,0,0,Arsenal,1.0,-0.0
18242,1,0,Arsenal,1.0,-0.0
1179,0,0,Arsenal,1.0,-0.0
4283,0,0,Arsenal,1.0,-0.0
3175,0,0,Arsenal,1.0,-0.0
1543,0,0,Arsenal,1.0,-0.0
2238,0,0,Arsenal,1.0,-0.0
8937,0,0,Arsenal,0.96005262,0.03994738
14077,1,1,Arsenal,-0.0,1.0
184,0,0,Arsenal,1.0,-0.0
13948,1,1,Arsenal,-0.0,1.0
11208,1,1,Arsenal,-0.0,1.0
9047,0,0,Arsenal,1.0,-0.0
6076,0,0,Arsenal,1.0,-0.0
14259,1,1,Arsenal,-0.0,1.0
7741,0,0,Arsenal,1.0,-0.0
1111,0,0,Arsenal,1.0,-0.0
17611,1,0,Arsenal,1.0,-0.0
7785,0,0,Arsenal,0.87978289,0.12021711
11537,1,1,Arsenal,-0.0,1.0
11081,1,1,Arsenal,-0.0,1.0
1215,0,0,Arsenal,1.0,-0.0
9230,0,0,Arsenal,1.0,-0.0
14951,1,0,Arsenal,1.0,-0.0
13085,1,1,Arsenal,-0.0,1.0
16221,1,0,Arsenal,1.0,-0.0
1077,0,0,Arsenal,0.92006614,0.07993386
17130,1,1,Arsenal,0.15990558,0.84009442
5379,0,0,Arsenal,1.0,-0.0
14050,1,1,Arsenal,0.32085693,0.67914307
11461,1,1,Arsenal,-0.0,1.0
1723,0,0,Arsenal,0.88026125,0.11973875
5640,0,0,Arsenal,0.72049911,0.27950089
9716,0,0,Arsenal,0.95995131,0.04004869
19862,1,1,Arsenal,-0.0,1.0
379,0,0,Arsenal,1.0,-0.0
12055,1,1,Arsenal,-0.0,1.0
18671,1,0,Arsenal,1.0,-0.0
6040,0,0,Arsenal,1.0,-0.0
12188,1,1,Arsenal,-0.0,1.0
16613,1,0,Arsenal,0.84008978,0.15991022
18978,1,0,Arsenal,0.84014984,0.15985016
14637,1,1,Arsenal,0.20022714,0.79977286
11442,1,1,Arsenal,-0.0,1.0
11801,1,0,Arsenal,1.0,-0.0
17191,1,0,Arsenal,0.80106258,0.19893742
314,0,0,Arsenal,1.0,-0.0
8275,0,0,Arsenal,1.0,-0.0
18537,1,0,Arsenal,0.96049192,0.03950808
2850,0,0,Arsenal,0.95980837,0.04019163
5614,0,0,Arsenal,1.0,-0.0
9083,0,0,Arsenal,1.0,-0.0
16669,1,0,Arsenal,1.0,-0.0
17074,1,0,Arsenal,0.84026091,0.15973909
1347,0,0,Arsenal,1.0,-0.0
14478,1,1,Arsenal,0.19859154,0.80140846
5627,0,0,Arsenal,0.96014498,0.03985502
9040,0,0,Arsenal,0.96030867,0.03969133
15270,1,1,Arsenal,0.04020258,0.95979742
1359,0,0,Arsenal,1.0,-0.0
16624,1,0,Arsenal,1.0,-0.0
13390,1,1,Arsenal,-0.0,1.0
19177,1,1,Arsenal,0.44033337,0.55966663
13449,1,1,Arsenal,-0.0,1.0
11011,1,1,Arsenal,-0.0,1.0
6382,0,0,Arsenal,1.0,-0.0
19116,1,0,Arsenal,0.52110419,0.47889581
6337,0,0,Arsenal,1.0,-0.0
8294,0,0,Arsenal,0.68119326,0.31880674
6043,0,0,Arsenal,1.0,-0.0
8587,0,0,Arsenal,1.0,-0.0
18896,1,1,Arsenal,0.19985245,0.80014755
10329,1,1,Arsenal,-0.0,1.0
3864,0,0,Arsenal,1.0,-0.0
11387,1,1,Arsenal,-0.0,1.0
5520,0,0,Arsenal,1.0,-0.0
8630,0,0,Arsenal,1.0,-0.0
19691,1,1,Arsenal,-0.0,1.0
2745,0,0,Arsenal,1.0,-0.0
11494,1,1,Arsenal,-0.0,1.0
9768,0,0,Arsenal,0.95980837,0.04019163
11533,1,1,Arsenal,-0.0,1.0
15192,1,1,Arsenal,0.11981072,0.88018928
18596,1,0,Arsenal,1.0,-0.0
1596,0,0,Arsenal,1.0,-0.0
359,0,0,Arsenal,1.0,-0.0
17479,1,0,Arsenal,1.0,-0.0
7120,0,0,Arsenal,1.0,-0.0
6535,0,0,Arsenal,1.0,-0.0
4800,0,0,Arsenal,1.0,-0.0
3441,0,0,Arsenal,1.0,-0.0
7791,0,0,Arsenal,1.0,-0.0
15557,1,1,Arsenal,-0.0,1.0
16869,1,0,Arsenal,0.96049893,0.03950107
17977,1,0,Arsenal,1.0,-0.0
1190,0,0,Arsenal,1.0,-0.0
12616,1,1,Arsenal,-0.0,1.0
2202,0,0,Arsenal,1.0,-0.0
10306,1,1,Arsenal,-0.0,1.0
6260,0,0,Arsenal,1.0,-0.0
11585,1,0,Arsenal,1.0,-0.0
2310,0,0,Arsenal,1.0,-0.0
15754,1,1,Arsenal,0.35906229,0.64093771
15435,1,0,Arsenal,0.91989254,0.08010746
15140,1,1,Arsenal,-0.0,1.0
10289,1,1,Arsenal,-0.0,1.0
606,0,0,Arsenal,0.88031351,0.11968649
8353,0,0,Arsenal,1.0,-0.0
9331,0,0,Arsenal,1.0,-0.0
3068,0,0,Arsenal,1.0,-0.0
15039,1,0,Arsenal,0.95980837,0.04019163
13760,1,1,Arsenal,-0.0,1.0
12062,1,1,Arsenal,-0.0,1.0
15395,1,0,Arsenal,0.96008345,0.03991655
5185,0,0,Arsenal,1.0,-0.0
917,0,0,Arsenal,1.0,-0.0
17786,1,1,Arsenal,0.16006077,0.83993923
6849,0,0,Arsenal,1.0,-0.0
17024,1,1,Arsenal,0.0797539,0.9202461
14960,1,0,Arsenal,0.84110227,0.15889773
14667,1,1,Arsenal,0.16008162,0.83991838
9458,0,0,Arsenal,0.96049893,0.03950107
4453,0,0,Arsenal,1.0,-0.0
16700,1,0,Arsenal,0.79962207,0.20037793
17289,1,0,Arsenal,0.6392502,0.3607498
10816,1,1,Arsenal,-0.0,1.0
7754,0,0,Arsenal,1.0,-0.0
6149,0,0,Arsenal,1.0,-0.0
14699,1,0,Arsenal,0.96008345,0.03991655
1829,0,0,Arsenal,1.0,-0.0
14648,1,0,Arsenal,0.71974883,0.28025117
10752,1,0,Arsenal,1.0,-0.0
10418,1,0,Arsenal,1.0,-0.0
5817,0,0,Arsenal,1.0,-0.0
10857,1,1,Arsenal,-0.0,1.0
15590,1,0,Arsenal,0.87978406,0.12021594
14415,1,1,Arsenal,0.16107834,0.83892166
16260,1,0,Arsenal,1.0,-0.0
3305,0,0,Arsenal,1.0,-0.0
11900,1,0,Arsenal,1.0,-0.0
16897,1,1,Arsenal,0.39953147,0.60046853
2150,0,0,Arsenal,0.91969732,0.08030268
14763,1,0,Arsenal,0.71950153,0.28049847
3994,0,0,Arsenal,0.95983992,0.04016008
19526,1,1,Arsenal,-0.0,1.0
15604,1,1,Arsenal,-0.0,1.0
17758,1,0,Arsenal,0.52102541,0.47897459
18667,1,0,Arsenal,1.0,-0.0
19352,1,1,Arsenal,-0.0,1.0
19021,1,0,Arsenal,0.96030255,0.03969745
10819,1,1,Arsenal,-0.0,1.0
1830,0,0,Arsenal,1.0,-0.0
6766,0,0,Arsenal,1.0,-0.0
9984,0,0,Arsenal,0.84149905,0.15850095
15506,1,1,Arsenal,-0.0,1.0
8763,0,0,Arsenal,1.0,-0.0
16403,1,0,Arsenal,1.0,-0.0
18148,1,0,Arsenal,0.95964181,0.04035819
12317,1,1,Arsenal,-0.0,1.0
2164,0,0,Arsenal,1.0,-0.0
15718,1,0,Arsenal,0.64052396,0.35947604
6336,0,0,Arsenal,0.87954433,0.12045567
5407,0,0,Arsenal,1.0,-0.0
11704,1,0,Arsenal,0.96008345,0.03991655
5357,0,0,Arsenal,1.0,-0.0
18591,1,0,Arsenal,0.52013039,0.47986961
12439,1,1,Arsenal,-0.0,1.0
13763,1,1,Arsenal,-0.0,1.0
9317,0,0,Arsenal,0.9598999,0.0401001
9812,0,0,Arsenal,1.0,-0.0
14331,1,1,Arsenal,0.12021293,0.87978707
1971,0,0,Arsenal,1.0,-0.0
11436,1,1,Arsenal,-0.0,1.0
7338,0,0,Arsenal,0.96045558,0.03954442
6385,0,0,Arsenal,1.0,-0.0
9463,0,0,Arsenal,1.0,-0.0
11299,1,1,Arsenal,-0.0,1.0
10529,1,0,Arsenal,1.0,-0.0
15074,1,0,Arsenal,0.95983992,0.04016008
4262,0,0,Arsenal,0.96016461,0.03983539
16074,1,0,Arsenal,1.0,-0.0
17509,1,0,Arsenal,1.0,-0.0
15936,1,1,Arsenal,0.36027067,0.63972933
12024,1,1,Arsenal,-0.0,1.0
5982,0,0,Arsenal,0.96005262,0.03994738
10496,1,0,Arsenal,0.83944797,0.16055203
15058,1,0,Arsenal,0.79995636,0.20004364
4243,0,0,Arsenal,1.0,-0.0
10869,1,1,Arsenal,-0.0,1.0
4931,0,0,Arsenal,1.0,-0.0
14127,1,1,Arsenal,0.15970778,0.84029222
19,0,0,Arsenal,1.0,-0.0
167,0,0,Arsenal,1.0,-0.0
12313,1,1,Arsenal,-0.0,1.0
7966,0,0,Arsenal,1.0,-0.0
7043,0,0,Arsenal,1.0,-0.0
8270,0,0,Arsenal,1.0,-0.0
17570,1,0,Arsenal,1.0,-0.0
19917,1,1,Arsenal,-0.0,1.0
14046,1,1,Arsenal,-0.0,1.0
17384,1,1,Arsenal,-0.0,1.0
16094,1,0,Arsenal,1.0,-0.0
6296,0,0,Arsenal,1.0,-0.0
6882,0,0,Arsenal,1.0,-0.0
9392,0,0,Arsenal,1.0,-0.0
7416,0,0,Arsenal,0.96008345,0.03991655
6912,0,0,Arsenal,1.0,-0.0
4151,0,0,Arsenal,1.0,-0.0
6894,0,0,Arsenal,0.80060343,0.19939657
788,0,0,Arsenal,0.95975418,0.04024582
12456,1,1,Arsenal,-0.0,1.0
15712,1,1,Arsenal,-0.0,1.0
2591,0,0,Arsenal,0.76001524,0.23998476
11530,1,1,Arsenal,-0.0,1.0
12654,1,1,Arsenal,-0.0,1.0
4159,0,0,Arsenal,0.92009997,0.07990003
5507,0,0,Arsenal,1.0,-0.0
8058,0,0,Arsenal,1.0,-0.0
14752,1,0,Arsenal,0.76021444,0.23978556
3554,0,0,Arsenal,1.0,-0.0
16828,1,1,Arsenal,0.39911961,0.60088039
15368,1,0,Arsenal,0.95975418,0.04024582
943,0,0,Arsenal,1.0,-0.0
729,0,0,Arsenal,1.0,-0.0
14958,1,0,Arsenal,1.0,-0.0
1425,0,1,Arsenal,-0.0,1.0
14510,1,1,Arsenal,-0.0,1.0
7581,0,0,Arsenal,1.0,-0.0
9557,0,0,Arsenal,1.0,-0.0
8037,0,0,Arsenal,1.0,-0.0
7778,0,0,Arsenal,1.0,-0.0
13110,1,1,Arsenal,-0.0,1.0
1101,0,0,Arsenal,0.91961526,0.08038474
14543,1,0,Arsenal,1.0,-0.0
9527,0,0,Arsenal,1.0,-0.0
1530,0,0,Arsenal,1.0,-0.0
18973,1,1,Arsenal,0.12037284,0.87962716
15721,1,1,Arsenal,-0.0,1.0
13884,1,1,Arsenal,-0.0,1.0
7738,0,0,Arsenal,1.0,-0.0
9919,0,0,Arsenal,1.0,-0.0
18639,1,0,Arsenal,0.72027413,0.27972587
3811,0,0,Arsenal,1.0,-0.0
13083,1,1,Arsenal,-0.0,1.0
16244,1,0,Arsenal,1.0,-0.0
7988,0,0,Arsenal,1.0,-0.0
2552,0,0,Arsenal,1.0,-0.0
4893,0,0,Arsenal,0.96030255,0.03969745
6303,0,0,Arsenal,1.0,-0.0
3585,0,0,Arsenal,1.0,-0.0
5995,0,0,Arsenal,1.0,-0.0
6702,0,0,Arsenal,1.0,-0.0
3029,0,0,Arsenal,1.0,-0.0
674,0,0,Arsenal,0.9600588,0.0399412
14815,1,1,Arsenal,0.03969745,0.96030255
10341,1,1,Arsenal,-0.0,1.0
11144,1,1,Arsenal,-0.0,1.0
3595,0,0,Arsenal,1.0,-0.0
13162,1,1,Arsenal,-0.0,1.0
9299,0,0,Arsenal,1.0,-0.0
2840,0,0,Arsenal,1.0,-0.0
15558,1,1,Arsenal,-0.0,1.0
4497,0,0,Arsenal,0.95964181,0.04035819
12148,1,1,Arsenal,-0.0,1.0
672,0,0,Arsenal,1.0,-0.0
5849,0,0,Arsenal,1.0,-0.0
1750,0,0,Arsenal,1.0,-0.0
183,0,0,Arsenal,1.0,-0.0
15669,1,1,Arsenal,0.15944241,0.84055759
15235,1,0,Arsenal,1.0,-0.0
8825,0,0,Arsenal,0.68012804,0.31987196
2231,0,0,Arsenal,1.0,-0.0
2024,0,0,Arsenal,1.0,-0.0
9297,0,0,Arsenal,1.0,-0.0
2542,0,0,Arsenal,1.0,-0.0
14048,1,0,Arsenal,0.83950936,0.16049064
5069,0,0,Arsenal,1.0,-0.0
15268,1,0,Arsenal,0.9600588,0.0399412
18932,1,0,Arsenal,1.0,-0.0
12184,1,1,Arsenal,-0.0,1.0
6641,0,0,Arsenal,1.0,-0.0
15480,1,1,Arsenal,-0.0,1.0
18688,1,0,Arsenal,1.0,-0.0
4637,0,0,Arsenal,0.92030029,0.07969971
10441,1,0,Arsenal,0.8803126,0.1196874
14068,1,1,Arsenal,-0.0,1.0
10544,1,0,Arsenal,0.92095451,0.07904549
8510,0,0,Arsenal,0.7998809,0.2001191
13370,1,1,Arsenal,-0.0,1.0
17440,1,0,Arsenal,0.96009269,0.03990731
8857,0,0,Arsenal,1.0,-0.0
5400,0,0,Arsenal,1.0,-0.0
18685,1,1,Arsenal,0.15984657,0.84015343
17004,1,0,Arsenal,1.0,-0.0
17777,1,1,Arsenal,-0.0,1.0
925,0,0,Arsenal,0.91981039,0.08018961
18551,1,0,Arsenal,1.0,-0.0
14979,1,0,Arsenal,0.68111462,0.31888538
12329,1,1,Arsenal,-0.0,1.0
11738,1,1,Arsenal,-0.0,1.0
19128,1,1,Arsenal,0.2794525,0.7205475
8153,0,0,Arsenal,1.0,-0.0
5658,0,0,Arsenal,1.0,-0.0
2569,0,0,Arsenal,1.0,-0.0
6614,0,0,Arsenal,1.0,-0.0
2049,0,0,Arsenal,1.0,-0.0
11998,1,1,Arsenal,-0.0,1.0
18196,1,1,Arsenal,0.03950107,0.96049893
3463,0,0,Arsenal,1.0,-0.0
15248,1,0,Arsenal,0.95975418,0.04024582
18972,1,0,Arsenal,0.95979742,0.04020258
17077,1,0,Arsenal,0.96014498,0.03985502
2892,0,0,Arsenal,1.0,-0.0
13205,1,1,Arsenal,-0.0,1.0
8965,0,0,Arsenal,1.0,-0.0
2380,0,0,Arsenal,0.9201976,0.0798024
5827,0,0,Arsenal,1.0,-0.0
12638,1,1,Arsenal,-0.0,1.0
4996,0,0,Arsenal,1.0,-0.0
9142,0,0,Arsenal,1.0,-0.0
8595,0,0,Arsenal,1.0,-0.0
5917,0,0,Arsenal,1.0,-0.0
8309,0,0,Arsenal,1.0,-0.0
14323,1,0,Arsenal,0.56017656,0.43982344
12419,1,1,Arsenal,-0.0,1.0
3557,0,0,Arsenal,0.9598999,0.0401001
923,0,0,Arsenal,0.95979716,0.04020284
9086,0,0,Arsenal,1.0,-0.0
18754,1,0,Arsenal,0.80044167,0.19955833
12928,1,1,Arsenal,-0.0,1.0
16937,1,1,Arsenal,0.39899193,0.60100807
9507,0,0,Arsenal,1.0,-0.0
2709,0,0,Arsenal,1.0,-0.0
2453,0,0,Arsenal,1.0,-0.0
10482,1,0,Arsenal,1.0,-0.0
16226,1,0,Arsenal,0.95995131,0.04004869
8664,0,0,Arsenal,0.95964181,0.04035819
2879,0,0,Arsenal,1.0,-0.0
10233,1,1,Arsenal,-0.0,1.0
9166,0,0,Arsenal,1.0,-0.0
14909,1,1,Arsenal,-0.0,1.0
13947,1,1,Arsenal,0.03991655,0.96008345
9672,0,0,Arsenal,1.0,-0.0
16736,1,0,Arsenal,1.0,-0.0
18323,1,1,Arsenal,-0.0,1.0
9567,0,0,Arsenal,1.0,-0.0
14310,1,1,Arsenal,-0.0,1.0
17556,1,0,Arsenal,0.87999728,0.12000272
7470,0,0,Arsenal,1.0,-0.0
717,0,0,Arsenal,1.0,-0.0
12530,1,1,Arsenal,-0.0,1.0
3841,0,0,Arsenal,1.0,-0.0
8295,0,0,Arsenal,0.95997346,0.04002654
15791,1,1,Arsenal,-0.0,1.0
15726,1,0,Arsenal,0.7213877,0.2786123
5089,0,0,Arsenal,1.0,-0.0
9107,0,0,Arsenal,1.0,-0.0
5256,0,0,Arsenal,1.0,-0.0
12357,1,1,Arsenal,-0.0,1.0
4896,0,0,Arsenal,1.0,-0.0
8274,0,0,Arsenal,1.0,-0.0
18976,1,1,Arsenal,-0.0,1.0
19747,1,1,Arsenal,-0.0,1.0
620,0,0,Arsenal,1.0,-0.0
7195,0,0,Arsenal,1.0,-0.0
2139,0,0,Arsenal,1.0,-0.0
7260,0,0,Arsenal,1.0,-0.0
1133,0,0,Arsenal,0.87922354,0.12077646
17197,1,0,Arsenal,0.88036528,0.11963472
19902,1,1,Arsenal,-0.0,1.0
17562,1,0,Arsenal,1.0,-0.0
5059,0,0,Arsenal,1.0,-0.0
1998,0,0,Arsenal,1.0,-0.0
2149,0,0,Arsenal,1.0,-0.0
2915,0,0,Arsenal,1.0,-0.0
13761,1,1,Arsenal,-0.0,1.0
4226,0,0,Arsenal,1.0,-0.0
3487,0,0,Arsenal,1.0,-0.0
9285,0,0,Arsenal,0.92080059,0.07919941
9935,0,0,Arsenal,1.0,-0.0
19410,1,1,Arsenal,-0.0,1.0
11735,1,1,Arsenal,-0.0,1.0
15756,1,1,Arsenal,0.04030254,0.95969746
17738,1,1,Arsenal,-0.0,1.0
3420,0,0,Arsenal,1.0,-0.0
8224,0,0,Arsenal,0.96030867,0.03969133
12519,1,1,Arsenal,-0.0,1.0
9192,0,0,Arsenal,1.0,-0.0
18415,1,0,Arsenal,1.0,-0.0
4426,0,0,Arsenal,1.0,-0.0
1325,0,0,Arsenal,1.0,-0.0
18587,1,0,Arsenal,1.0,-0.0
1572,0,0,Arsenal,0.9598999,0.0401001
8379,0,0,Arsenal,1.0,-0.0
16726,1,0,Arsenal,1.0,-0.0
6375,0,0,Arsenal,1.0,-0.0
11807,1,0,Arsenal,1.0,-0.0
15310,1,0,Arsenal,0.96030867,0.03969133
15781,1,1,Arsenal,-0.0,1.0
18954,1,0,Arsenal,0.92036135,0.07963865
7503,0,0,Arsenal,1.0,-0.0
414,0,0,Arsenal,1.0,-0.0
17951,1,0,Arsenal,1.0,-0.0
9638,0,0,Arsenal,1.0,-0.0
13179,1,1,Arsenal,-0.0,1.0
7115,0,0,Arsenal,1.0,-0.0
16699,1,0,Arsenal,0.6389749,0.3610251
12025,1,1,Arsenal,-0.0,1.0
7331,0,0,Arsenal,1.0,-0.0
5799,0,0,Arsenal,1.0,-0.0
17925,1,0,Arsenal,0.68053338,0.31946662
14113,1,1,Arsenal,-0.0,1.0
17648,1,0,Arsenal,1.0,-0.0
17695,1,0,Arsenal,0.88007317,0.11992683
16227,1,0,Arsenal,1.0,-0.0
18181,1,1,Arsenal,0.11965907,0.88034093
6890,0,0,Arsenal,1.0,-0.0
17953,1,0,Arsenal,1.0,-0.0
6680,0,0,Arsenal,1.0,-0.0
4469,0,0,Arsenal,1.0,-0.0
7730,0,0,Arsenal,1.0,-0.0
6476,0,0,Arsenal,1.0,-0.0
1212,0,0,Arsenal,1.0,-0.0
13704,1,1,Arsenal,-0.0,1.0
4726,0,0,Arsenal,1.0,-0.0
1172,0,0,Arsenal,0.96016226,0.03983774
16595,1,0,Arsenal,1.0,-0.0
3714,0,0,Arsenal,1.0,-0.0
19874,1,1,Arsenal,-0.0,1.0
17714,1,1,Arsenal,0.16004132,0.83995868
12017,1,1,Arsenal,-0.0,1.0
84,0,0,Arsenal,1.0,-0.0
4905,0,0,Arsenal,1.0,-0.0
12934,1,1,Arsenal,-0.0,1.0
5595,0,1,Arsenal,-0.0,1.0
1809,0,0,Arsenal,1.0,-0.0
4228,0,0,Arsenal,1.0,-0.0
14075,1,1,Arsenal,0.07952761,0.92047239
5359,0,0,Arsenal,1.0,-0.0
11792,1,1,Arsenal,-0.0,1.0
15762,1,1,Arsenal,-0.0,1.0
16900,1,0,Arsenal,0.95971771,0.04028229
3688,0,1,Arsenal,0.08051827,0.91948173
10730,1,0,Arsenal,1.0,-0.0
2004,0,0,Arsenal,1.0,-0.0
16913,1,0,Arsenal,0.96005262,0.03994738
196,0,0,Arsenal,1.0,-0.0
144,0,0,Arsenal,1.0,-0.0
7756,0,0,Arsenal,1.0,-0.0
8529,0,0,Arsenal,1.0,-0.0
1300,0,0,Arsenal,1.0,-0.0
9028,0,0,Arsenal,1.0,-0.0
8695,0,0,Arsenal,1.0,-0.0
11502,1,1,Arsenal,-0.0,1.0
1137,0,0,Arsenal,1.0,-0.0
19148,1,0,Arsenal,0.80028132,0.19971868
1619,0,0,Arsenal,1.0,-0.0
11797,1,0,Arsenal,1.0,-0.0
12473,1,1,Arsenal,-0.0,1.0
13378,1,1,Arsenal,-0.0,1.0
12469,1,1,Arsenal,-0.0,1.0
14370,1,1,Arsenal,-0.0,1.0
5983,0,0,Arsenal,1.0,-0.0
3901,0,0,Arsenal,1.0,-0.0
1429,0,0,Arsenal,1.0,-0.0
19120,1,0,Arsenal,0.76018189,0.23981811
19587,1,1,Arsenal,-0.0,1.0
2147,0,0,Arsenal,1.0,-0.0
9350,0,0,Arsenal,1.0,-0.0
2229,0,0,Arsenal,1.0,-0.0
16067,1,0,Arsenal,0.60000902,0.39999098
18694,1,0,Arsenal,0.96049192,0.03950808
685,0,0,Arsenal,1.0,-0.0
7045,0,0,Arsenal,1.0,-0.0
18405,1,1,Arsenal,-0.0,1.0
10565,1,0,Arsenal,1.0,-0.0
15178,1,0,Arsenal,0.79960961,0.20039039
13469,1,1,Arsenal,-0.0,1.0
17844,1,1,Arsenal,0.08040688,0.91959312
12004,1,1,Arsenal,-0.0,1.0
17598,1,1,Arsenal,-0.0,1.0
5540,0,0,Arsenal,1.0,-0.0
5963,0,0,Arsenal,1.0,-0.0
14250,1,0,Arsenal,0.52068232,0.47931768
132,0,0,Arsenal,1.0,-0.0
5336,0,0,Arsenal,1.0,-0.0
8289,0,0,Arsenal,0.96030867,0.03969133
6787,0,0,Arsenal,1.0,-0.0
7659,0,0,Arsenal,1.0,-0.0
6926,0,0,Arsenal,0.96030867,0.03969133
139,0,0,Arsenal,1.0,-0.0
5004,0,0,Arsenal,1.0,-0.0
18689,1,0,Arsenal,1.0,-0.0
3331,0,0,Arsenal,1.0,-0.0
7850,0,0,Arsenal,0.91965408,0.08034592
10463,1,0,Arsenal,1.0,-0.0
8495,0,0,Arsenal,1.0,-0.0
10432,1,0,Arsenal,1.0,-0.0
14898,1,0,Arsenal,0.91991946,0.08008054
9112,0,0,Arsenal,1.0,-0.0
10166,1,1,Arsenal,-0.0,1.0
4256,0,0,Arsenal,1.0,-0.0
12501,1,1,Arsenal,-0.0,1.0
3224,0,0,Arsenal,1.0,-0.0
15905,1,1,Arsenal,-0.0,1.0
4279,0,0,Arsenal,0.88033554,0.11966446
15686,1,1,Arsenal,-0.0,1.0
16766,1,0,Arsenal,0.84002786,0.15997214
14678,1,0,Arsenal,0.60123404,0.39876596
6737,0,0,Arsenal,1.0,-0.0
10467,1,0,Arsenal,0.88030068,0.11969932
12664,1,1,Arsenal,-0.0,1.0
15213,1,0,Arsenal,1.0,-0.0
12807,1,1,Arsenal,-0.0,1.0
3087,0,0,Arsenal,0.96030867,0.03969133
12662,1,1,Arsenal,-0.0,1.0
13580,1,1,Arsenal,-0.0,1.0
4037,0,0,Arsenal,1.0,-0.0
14615,1,1,Arsenal,-0.0,1.0
5477,0,0,Arsenal,1.0,-0.0
7529,0,0,Arsenal,1.0,-0.0
6761,0,0,Arsenal,1.0,-0.0
1846,0,0,Arsenal,1.0,-0.0
14845,1,1,Arsenal,0.12029535,0.87970465
13146,1,1,Arsenal,-0.0,1.0
2053,0,0,Arsenal,1.0,-0.0
816,0,0,Arsenal,1.0,-0.0
10403,1,0,Arsenal,1.0,-0.0
542,0,0,Arsenal,1.0,-0.0
2313,0,1,Arsenal,0.07986628,0.92013372
19246,1,1,Arsenal,0.11984624,0.88015376
3225,0,0,Arsenal,1.0,-0.0
14956,1,0,Arsenal,0.88045092,0.11954908
10894,1,1,Arsenal,-0.0,1.0
5873,0,0,Arsenal,1.0,-0.0
506,0,0,Arsenal,1.0,-0.0
5656,0,0,Arsenal,1.0,-0.0
18760,1,0,Arsenal,0.63993583,0.36006417
9163,0,0,Arsenal,1.0,-0.0
11736,1,0,Arsenal,1.0,-0.0
4525,0,0,Arsenal,1.0,-0.0
520,0,0,Arsenal,1.0,-0.0
14152,1,1,Arsenal,0.08020985,0.91979015
14245,1,1,Arsenal,0.23960989,0.76039011
7108,0,0,Arsenal,1.0,-0.0
9622,0,0,Arsenal,1.0,-0.0
19520,1,1,Arsenal,-0.0,1.0
12700,1,1,Arsenal,-0.0,1.0
10921,1,1,Arsenal,-0.0,1.0
8801,0,0,Arsenal,1.0,-0.0
16935,1,0,Arsenal,1.0,-0.0
12427,1,1,Arsenal,-0.0,1.0
4791,0,0,Arsenal,1.0,-0.0
2485,0,0,Arsenal,1.0,-0.0
9305,0,0,Arsenal,1.0,-0.0
14334,1,1,Arsenal,-0.0,1.0
17188,1,1,Arsenal,0.47979287,0.52020713
17478,1,0,Arsenal,0.68027309,0.31972691
10031,1,0,Arsenal,1.0,-0.0
3973,0,0,Arsenal,1.0,-0.0
2853,0,0,Arsenal,1.0,-0.0
17378,1,0,Arsenal,1.0,-0.0
1372,0,0,Arsenal,1.0,-0.0
8143,0,0,Arsenal,1.0,-0.0
6301,0,0,Arsenal,1.0,-0.0
19235,1,0,Arsenal,1.0,-0.0
5702,0,0,Arsenal,1.0,-0.0
7736,0,0,Arsenal,0.87926904,0.12073096
8117,0,0,Arsenal,1.0,-0.0
5569,0,0,Arsenal,1.0,-0.0
17849,1,0,Arsenal,0.56006264,0.43993736
10244,1,1,Arsenal,-0.0,1.0
10551,1,0,Arsenal,1.0,-0.0
17025,1,0,Arsenal,1.0,-0.0
13877,1,1,Arsenal,-0.0,1.0
7566,0,0,Arsenal,1.0,-0.0
683,0,0,Arsenal,1.0,-0.0
3139,0,0,Arsenal,0.63886266,0.36113734
2512,0,0,Arsenal,1.0,-0.0
10157,1,0,Arsenal,0.9598999,0.0401001
1465,0,0,Arsenal,1.0,-0.0
16574,1,1,Arsenal,0.36034987,0.63965013
11976,1,1,Arsenal,-0.0,1.0
18132,1,0,Arsenal,0.63929477,0.36070523
11945,1,0,Arsenal,1.0,-0.0
16972,1,0,Arsenal,0.95969746,0.04030254
9520,0,0,Arsenal,0.95979716,0.04020284
12190,1,1,Arsenal,-0.0,1.0
11345,1,1,Arsenal,-0.0,1.0
4224,0,0,Arsenal,0.87984063,0.12015937
7467,0,0,Arsenal,1.0,-0.0
11605,1,0,Arsenal,0.8005089,0.1994911
13253,1,1,Arsenal,-0.0,1.0
9612,0,0,Arsenal,1.0,-0.0
19548,1,1,Arsenal,-0.0,1.0
11819,1,0,Arsenal,0.67895323,0.32104677
6286,0,0,Arsenal,1.0,-0.0
7284,0,0,Arsenal,1.0,-0.0
17323,1,0,Arsenal,0.84053599,0.15946401
5928,0,0,Arsenal,0.52071571,0.47928429
7607,0,0,Arsenal,1.0,-0.0
17780,1,1,Arsenal,0.24049534,0.75950466
18728,1,1,Arsenal,0.19999091,0.80000909
2137,0,0,Arsenal,1.0,-0.0
10095,1,1,Arsenal,0.1196542,0.8803458
7028,0,0,Arsenal,1.0,-0.0
14777,1,1,Arsenal,-0.0,1.0
5100,0,0,Arsenal,0.64033183,0.35966817
17330,1,0,Arsenal,1.0,-0.0
7948,0,0,Arsenal,0.96009269,0.03990731
8134,0,0,Arsenal,1.0,-0.0
1519,0,0,Arsenal,1.0,-0.0
13064,1,1,Arsenal,-0.0,1.0
7933,0,0,Arsenal,1.0,-0.0
7818,0,0,Arsenal,1.0,-0.0
5532,0,0,Arsenal,1.0,-0.0
17512,1,0,Arsenal,1.0,-0.0
19363,1,1,Arsenal,-0.0,1.0
13196,1,1,Arsenal,-0.0,1.0
105,0,0,Arsenal,1.0,-0.0
583,0,0,Arsenal,1.0,-0.0
17679,1,0,Arsenal,0.84001561,0.15998439
5049,0,0,Arsenal,1.0,-0.0
2452,0,0,Arsenal,1.0,-0.0
14194,1,1,Arsenal,-0.0,1.0
2484,0,0,Arsenal,1.0,-0.0
12052,1,1,Arsenal,-0.0,1.0
14997,1,0,Arsenal,0.72019469,0.27980531
8098,0,0,Arsenal,0.95983992,0.04016008
10809,1,1,Arsenal,-0.0,1.0
10162,1,1,Arsenal,-0.0,1.0
10421,1,0,Arsenal,1.0,-0.0
2132,0,0,Arsenal,1.0,-0.0
64,0,0,Arsenal,1.0,-0.0
19732,1,1,Arsenal,-0.0,1.0
7913,0,0,Arsenal,1.0,-0.0
5148,0,0,Arsenal,0.64054935,0.35945065
5949,0,0,Arsenal,0.88051843,0.11948157
204,0,0,Arsenal,1.0,-0.0
4001,0,0,Arsenal,1.0,-0.0
3550,0,0,Arsenal,1.0,-0.0
12401,1,1,Arsenal,-0.0,1.0
11659,1,0,Arsenal,1.0,-0.0
8486,0,0,Arsenal,1.0,-0.0
4758,0,0,Arsenal,1.0,-0.0
5112,0,0,Arsenal,1.0,-0.0
2071,0,0,Arsenal,1.0,-0.0
7940,0,0,Arsenal,0.95971771,0.04028229
10785,1,1,Arsenal,-0.0,1.0
17314,1,0,Arsenal,1.0,-0.0
7549,0,0,Arsenal,1.0,-0.0
10846,1,1,Arsenal,-0.0,1.0
14700,1,1,Arsenal,-0.0,1.0
14058,1,1,Arsenal,-0.0,1.0
10592,1,0,Arsenal,1.0,-0.0
14102,1,1,Arsenal,-0.0,1.0
1219,0,0,Arsenal,1.0,-0.0
4350,0,0,Arsenal,1.0,-0.0
11168,1,1,Arsenal,-0.0,1.0
18623,1,0,Arsenal,1.0,-0.0
12526,1,1,Arsenal,-0.0,1.0
9508,0,0,Arsenal,0.96045558,0.03954442
1424,0,0,Arsenal,1.0,-0.0
5629,0,0,Arsenal,1.0,-0.0
3954,0,0,Arsenal,0.95977448,0.04022552
15110,1,0,Arsenal,0.9198068,0.0801932
12898,1,1,Arsenal,-0.0,1.0
5192,0,0,Arsenal,0.95997346,0.04002654
9769,0,0,Arsenal,1.0,-0.0
3829,0,0,Arsenal,1.0,-0.0
1924,0,0,Arsenal,1.0,-0.0
18320,1,1,Arsenal,0.15960726,0.84039274
13575,1,1,Arsenal,-0.0,1.0
694,0,0,Arsenal,1.0,-0.0
6261,0,0,Arsenal,1.0,-0.0
18340,1,0,Arsenal,0.96049192,0.03950808
9173,0,0,Arsenal,1.0,-0.0
9469,0,0,Arsenal,1.0,-0.0
4999,0,0,Arsenal,1.0,-0.0
19030,1,1,Arsenal,0.03991655,0.96008345
3604,0,0,Arsenal,1.0,-0.0
14640,1,1,Arsenal,0.03991655,0.96008345
5266,0,0,Arsenal,1.0,-0.0
17137,1,0,Arsenal,0.79959628,0.20040372
227,0,0,Arsenal,0.83988149,0.16011851
5633,0,0,Arsenal,1.0,-0.0
12912,1,1,Arsenal,-0.0,1.0
1887,0,0,Arsenal,1.0,-0.0
11978,1,1,Arsenal,-0.0,1.0
12198,1,1,Arsenal,-0.0,1.0
12219,1,1,Arsenal,-0.0,1.0
1978,0,0,Arsenal,1.0,-0.0
3562,0,0,Arsenal,1.0,-0.0
426,0,0,Arsenal,1.0,-0.0
16053,1,0,Arsenal,0.9600588,0.0399412
3727,0,0,Arsenal,1.0,-0.0
13963,1,1,Arsenal,-0.0,1.0
7428,0,0,Arsenal,1.0,-0.0
7793,0,0,Arsenal,1.0,-0.0
884,0,0,Arsenal,1.0,-0.0
18650,1,0,Arsenal,0.87939185,0.12060815
16934,1,0,Arsenal,0.88040838,0.11959162
19053,1,0,Arsenal,0.67935328,0.32064672
15321,1,0,Arsenal,0.96014498,0.03985502
8986,0,0,Arsenal,1.0,-0.0
15912,1,1,Arsenal,-0.0,1.0
9389,0,0,Arsenal,1.0,-0.0
16662,1,0,Arsenal,1.0,-0.0
8597,0,0,Arsenal,1.0,-0.0
10830,1,1,Arsenal,-0.0,1.0
3421,0,0,Arsenal,1.0,-0.0
17125,1,0,Arsenal,0.95952978,0.04047022
13834,1,1,Arsenal,-0.0,1.0
11416,1,1,Arsenal,-0.0,1.0
7273,0,0,Arsenal,1.0,-0.0
8123,0,0,Arsenal,1.0,-0.0
3386,0,0,Arsenal,1.0,-0.0
16099,1,0,Arsenal,1.0,-0.0
17997,1,0,Arsenal,1.0,-0.0
4816,0,0,Arsenal,1.0,-0.0
11351,1,1,Arsenal,-0.0,1.0
504,0,0,Arsenal,0.95995131,0.04004869
8473,0,0,Arsenal,1.0,-0.0
2376,0,0,Arsenal,1.0,-0.0
12973,1,1,Arsenal,-0.0,1.0
11477,1,1,Arsenal,-0.0,1.0
17037,1,0,Arsenal,0.67971264,0.32028736
17292,1,0,Arsenal,0.95952978,0.04047022
10836,1,1,Arsenal,-0.0,1.0
17706,1,0,Arsenal,0.91995335,0.08004665
11875,1,1,Arsenal,-0.0,1.0
9977,0,0,Arsenal,1.0,-0.0
3573,0,0,Arsenal,0.96009269,0.03990731
12812,1,1,Arsenal,-0.0,1.0
2012,0,0,Arsenal,1.0,-0.0
17698,1,1,Arsenal,0.3606121,0.6393879
5846,0,0,Arsenal,1.0,-0.0
11545,1,1,Arsenal,-0.0,1.0
13592,1,1,Arsenal,-0.0,1.0
13908,1,1,Arsenal,-0.0,1.0
233,0,0,Arsenal,0.95980837,0.04019163
19098,1,0,Arsenal,0.8402187,0.1597813
12265,1,1,Arsenal,-0.0,1.0
768,0,0,Arsenal,1.0,-0.0
11608,1,0,Arsenal,1.0,-0.0
10974,1,1,Arsenal,-0.0,1.0
615,0,0,Arsenal,1.0,-0.0
6160,0,0,Arsenal,0.92000613,0.07999387
19206,1,0,Arsenal,1.0,-0.0
6520,0,0,Arsenal,0.95952978,0.04047022
7613,0,0,Arsenal,0.95997346,0.04002654
17355,1,1,Arsenal,-0.0,1.0
17281,1,0,Arsenal,0.52035368,0.47964632
11864,1,1,Arsenal,-0.0,1.0
888,0,0,Arsenal,0.79951989,0.20048011
3453,0,0,Arsenal,1.0,-0.0
4091,0,0,Arsenal,1.0,-0.0
12491,1,1,Arsenal,-0.0,1.0
14433,1,1,Arsenal,-0.0,1.0
14139,1,1,Arsenal,-0.0,1.0
9871,0,0,Arsenal,0.91969203,0.08030797
6908,0,0,Arsenal,1.0,-0.0
15255,1,0,Arsenal,0.76045432,0.23954568
18850,1,0,Arsenal,0.9199849,0.0800151
4981,0,0,Arsenal,1.0,-0.0
2450,0,1,Arsenal,-0.0,1.0
18348,1,1,Arsenal,0.39961092,0.60038908
7918,0,0,Arsenal,1.0,-0.0
17542,1,0,Arsenal,0.83999679,0.16000321
17340,1,0,Arsenal,0.76039671,0.23960329
12145,1,1,Arsenal,-0.0,1.0
1560,0,0,Arsenal,1.0,-0.0
8222,0,0,Arsenal,1.0,-0.0
4674,0,0,Arsenal,0.96016461,0.03983539
3508,0,0,Arsenal,1.0,-0.0
8094,0,0,Arsenal,1.0,-0.0
10599,1,0,Arsenal,1.0,-0.0
3082,0,0,Arsenal,1.0,-0.0
13380,1,1,Arsenal,-0.0,1.0
16788,1,0,Arsenal,0.96049192,0.03950808
11584,1,0,Arsenal,1.0,-0.0
18375,1,0,Arsenal,0.87981109,0.12018891
15199,1,0,Arsenal,0.71976872,0.28023128
1783,0,0,Arsenal,1.0,-0.0
8457,0,0,Arsenal,1.0,-0.0
15251,1,0,Arsenal,0.55992007,0.44007993
1468,0,0,Arsenal,1.0,-0.0
17580,1,1,Arsenal,0.28026822,0.71973178
12497,1,1,Arsenal,-0.0,1.0
14484,1,1,Arsenal,0.07977157,0.92022843
10457,1,0,Arsenal,1.0,-0.0
12780,1,1,Arsenal,-0.0,1.0
15620,1,1,Arsenal,0.23983154,0.76016846
11710,1,0,Arsenal,0.95952978,0.04047022
3437,0,0,Arsenal,0.92000218,0.07999782
15162,1,1,Arsenal,0.20050209,0.79949791
19409,1,1,Arsenal,-0.0,1.0
13101,1,1,Arsenal,-0.0,1.0
7622,0,0,Arsenal,1.0,-0.0
13319,1,1,Arsenal,-0.0,1.0
15450,1,1,Arsenal,-0.0,1.0
14800,1,0,Arsenal,0.91951486,0.08048514
14525,1,1,Arsenal,0.31979653,0.68020347
4115,0,0,Arsenal,1.0,-0.0
4737,0,0,Arsenal,1.0,-0.0
7188,0,0,Arsenal,1.0,-0.0
11071,1,1,Arsenal,-0.0,1.0
19216,1,0,Arsenal,1.0,-0.0
6338,0,0,Arsenal,1.0,-0.0
3844,0,0,Arsenal,0.96005262,0.03994738
5654,0,0,Arsenal,1.0,-0.0
4877,0,0,Arsenal,1.0,-0.0
8065,0,0,Arsenal,0.96016461,0.03983539
5698,0,0,Arsenal,1.0,-0.0
3634,0,0,Arsenal,1.0,-0.0
1734,0,0,Arsenal,1.0,-0.0
14126,1,0,Arsenal,0.88081687,0.11918313
7489,0,0,Arsenal,1.0,-0.0
12757,1,1,Arsenal,-0.0,1.0
3597,0,0,Arsenal,0.88053592,0.11946408
14575,1,0,Arsenal,0.64067851,0.35932149
17407,1,0,Arsenal,1.0,-0.0
12779,1,1,Arsenal,-0.0,1.0
8202,0,0,Arsenal,0.84062025,0.15937975
5050,0,0,Arsenal,1.0,-0.0
4423,0,0,Arsenal,1.0,-0.0
15667,1,1,Arsenal,-0.0,1.0
3052,0,0,Arsenal,1.0,-0.0
19005,1,1,Arsenal,0.08010817,0.91989183
15706,1,1,Arsenal,-0.0,1.0
12798,1,1,Arsenal,-0.0,1.0
5913,0,0,Arsenal,1.0,-0.0
6045,0,0,Arsenal,1.0,-0.0
9809,0,0,Arsenal,1.0,-0.0
7881,0,0,Arsenal,0.96008345,0.03991655
9117,0,0,Arsenal,1.0,-0.0
499,0,0,Arsenal,1.0,-0.0
19190,1,1,Arsenal,0.08054982,0.91945018
14190,1,1,Arsenal,-0.0,1.0
8482,0,0,Arsenal,1.0,-0.0
481,0,0,Arsenal,1.0,-0.0
5125,0,0,Arsenal,0.92040136,0.07959864
19150,1,0,Arsenal,1.0,-0.0
13217,1,1,Arsenal,-0.0,1.0
6635,0,0,Arsenal,1.0,-0.0
8475,0,0,Arsenal,0.96008345,0.03991655
2176,0,0,Arsenal,1.0,-0.0
12441,1,1,Arsenal,-0.0,1.0
5121,0,0,Arsenal,1.0,-0.0
11066,1,1,Arsenal,-0.0,1.0
9554,0,0,Arsenal,1.0,-0.0
10411,1,0,Arsenal,1.0,-0.0
14200,1,1,Arsenal,-0.0,1.0
15840,1,1,Arsenal,-0.0,1.0
3477,0,0,Arsenal,1.0,-0.0
18211,1,0,Arsenal,0.91964829,0.08035171
10871,1,1,Arsenal,-0.0,1.0
5483,0,0,Arsenal,1.0,-0.0
13939,1,1,Arsenal,-0.0,1.0
9478,0,0,Arsenal,1.0,-0.0
12620,1,1,Arsenal,-0.0,1.0
3497,0,0,Arsenal,1.0,-0.0
14722,1,1,Arsenal,-0.0,1.0
19882,1,1,Arsenal,-0.0,1.0
18036,1,0,Arsenal,1.0,-0.0
6681,0,0,Arsenal,0.92009738,0.07990262
17203,1,0,Arsenal,0.7190716,0.2809284
2786,0,0,Arsenal,1.0,-0.0
13530,1,1,Arsenal,-0.0,1.0
9393,0,0,Arsenal,1.0,-0.0
4570,0,0,Arsenal,1.0,-0.0
14254,1,1,Arsenal,-0.0,1.0
4500,0,0,Arsenal,1.0,-0.0
19028,1,0,Arsenal,0.96014498,0.03985502
6677,0,0,Arsenal,0.95997346,0.04002654
14556,1,1,Arsenal,0.12032245,0.87967755
1052,0,0,Arsenal,1.0,-0.0
6319,0,0,Arsenal,0.95975418,0.04024582
10037,1,1,Arsenal,-0.0,1.0
10514,1,0,Arsenal,0.83955974,0.16044026
4034,0,0,Arsenal,1.0,-0.0
9906,0,0,Arsenal,1.0,-0.0
8102,0,0,Arsenal,1.0,-0.0
8230,0,0,Arsenal,1.0,-0.0
16964,1,0,Arsenal,0.95995131,0.04004869
11771,1,1,Arsenal,-0.0,1.0
388,0,0,Arsenal,1.0,-0.0
12555,1,1,Arsenal,-0.0,1.0
16087,1,0,Arsenal,1.0,-0.0
3512,0,0,Arsenal,1.0,-0.0
4912,0,0,Arsenal,1.0,-0.0
1984,0,0,Arsenal,1.0,-0.0
9110,0,0,Arsenal,1.0,-0.0
13021,1,1,Arsenal,-0.0,1.0
660,0,0,Arsenal,0.91947194,0.08052806
6965,0,0,Arsenal,1.0,-0.0
18298,1,0,Arsenal,1.0,-0.0
18186,1,0,Arsenal,1.0,-0.0
11039,1,1,Arsenal,-0.0,1.0
15809,1,1,Arsenal,0.15949488,0.84050512
14707,1,1,Arsenal,-0.0,1.0
5257,0,0,Arsenal,1.0,-0.0
2443,0,0,Arsenal,0.9598999,0.0401001
9023,0,0,Arsenal,1.0,-0.0
14379,1,1,Arsenal,-0.0,1.0
19685,1,1,Arsenal,-0.0,1.0
6602,0,0,Arsenal,1.0,-0.0
3491,0,0,Arsenal,1.0,-0.0
377,0,0,Arsenal,1.0,-0.0
5575,0,1,Arsenal,-0.0,1.0
10943,1,1,Arsenal,-0.0,1.0
3655,0,0,Arsenal,1.0,-0.0
6435,0,1,Arsenal,-0.0,1.0
13522,1,1,Arsenal,-0.0,1.0
14917,1,1,Arsenal,0.04004869,0.95995131
2064,0,0,Arsenal,1.0,-0.0
10018,1,1,Arsenal,-0.0,1.0
4414,0,0,Arsenal,1.0,-0.0
13567,1,1,Arsenal,-0.0,1.0
2787,0,0,Arsenal,1.0,-0.0
15772,1,1,Arsenal,-0.0,1.0
13741,1,1,Arsenal,-0.0,1.0
3846,0,0,Arsenal,1.0,-0.0
18717,1,1,Arsenal,0.16053934,0.83946066
8368,0,0,Arsenal,0.96008345,0.03991655
19844,1,1,Arsenal,-0.0,1.0
15505,1,1,Arsenal,-0.0,1.0
8977,0,0,Arsenal,1.0,-0.0
12524,1,1,Arsenal,-0.0,1.0
17293,1,0,Arsenal,0.75950518,0.24049482
17901,1,1,Arsenal,0.1593972,0.8406028
8439,0,0,Arsenal,1.0,-0.0
10125,1,0,Arsenal,0.68048407,0.31951593
4187,0,0,Arsenal,1.0,-0.0
17567,1,1,Arsenal,0.04020258,0.95979742
17516,1,1,Arsenal,-0.0,1.0
8969,0,0,Arsenal,1.0,-0.0
4977,0,0,Arsenal,1.0,-0.0
9883,0,0,Arsenal,1.0,-0.0
15323,1,0,Arsenal,0.76003933,0.23996067
3599,0,0,Arsenal,1.0,-0.0
9403,0,0,Arsenal,1.0,-0.0
14617,1,1,Arsenal,0.31922541,0.68077459
5208,0,0,Arsenal,1.0,-0.0
17274,1,1,Arsenal,0.35965114,0.64034886
2476,0,0,Arsenal,1.0,-0.0
9379,0,0,Arsenal,1.0,-0.0
970,0,0,Arsenal,1.0,-0.0
5818,0,0,Arsenal,1.0,-0.0
18569,1,0,Arsenal,0.72062602,0.27937398
1933,0,0,Arsenal,1.0,-0.0
8982,0,0,Arsenal,0.92020962,0.07979038
18073,1,0,Arsenal,0.63903157,0.36096843
16255,1,0,Arsenal,1.0,-0.0
4362,0,0,Arsenal,0.96049893,0.03950107
6860,0,0,Arsenal,1.0,-0.0
14080,1,1,Arsenal,0.20079451,0.79920549
8840,0,0,Arsenal,1.0,-0.0
19895,1,1,Arsenal,-0.0,1.0
13529,1,1,Arsenal,-0.0,1.0
17879,1,0,Arsenal,0.96009269,0.03990731
19738,1,1,Arsenal,-0.0,1.0
16635,1,0,Arsenal,0.67973132,0.32026868
197,0,0,Arsenal,1.0,-0.0
3467,0,0,Arsenal,1.0,-0.0
13448,1,1,Arsenal,-0.0,1.0
11305,1,1,Arsenal,-0.0,1.0
1090,0,0,Arsenal,1.0,-0.0
17083,1,0,Arsenal,1.0,-0.0
5340,0,0,Arsenal,1.0,-0.0
161,0,0,Arsenal,1.0,-0.0
17195,1,0,Arsenal,1.0,-0.0
2704,0,0,Arsenal,1.0,-0.0
4847,0,0,Arsenal,1.0,-0.0
12453,1,1,Arsenal,-0.0,1.0
15697,1,0,Arsenal,0.52109201,0.47890799
5238,0,0,Arsenal,1.0,-0.0
244,0,0,Arsenal,1.0,-0.0
8120,0,0,Arsenal,1.0,-0.0
16407,1,1,Arsenal,0.20017034,0.79982966
19860,1,1,Arsenal,-0.0,1.0
13049,1,1,Arsenal,-0.0,1.0
451,0,0,Arsenal,1.0,-0.0
6985,0,0,Arsenal,1.0,-0.0
15663,1,1,Arsenal,-0.0,1.0
2350,0,0,Arsenal,1.0,-0.0
1304,0,0,Arsenal,1.0,-0.0
8955,0,0,Arsenal,1.0,-0.0
17061,1,0,Arsenal,0.96014498,0.03985502
13100,1,1,Arsenal,-0.0,1.0
8900,0,0,Arsenal,1.0,-0.0
19739,1,1,Arsenal,-0.0,1.0
850,0,0,Arsenal,1.0,-0.0
14816,1,1,Arsenal,0.0801729,0.9198271
10934,1,1,Arsenal,0.03985502,0.96014498
4147,0,0,Arsenal,1.0,-0.0
14688,1,1,Arsenal,0.07999607,0.92000393
483,0,0,Arsenal,1.0,-0.0
3697,0,0,Arsenal,1.0,-0.0
19185,1,1,Arsenal,0.03950808,0.96049192
8793,0,0,Arsenal,1.0,-0.0
3375,0,0,Arsenal,0.83969963,0.16030037
8814,0,0,Arsenal,1.0,-0.0
13526,1,1,Arsenal,-0.0,1.0
3374,0,0,Arsenal,1.0,-0.0
10498,1,0,Arsenal,0.96009269,0.03990731
4567,0,0,Arsenal,1.0,-0.0
2737,0,0,Arsenal,1.0,-0.0
987,0,0,Arsenal,1.0,-0.0
10215,1,1,Arsenal,-0.0,1.0
13899,1,1,Arsenal,-0.0,1.0
1574,0,0,Arsenal,0.96030867,0.03969133
2990,0,0,Arsenal,0.92044323,0.07955677
742,0,0,Arsenal,1.0,-0.0
6057,0,1,Arsenal,-0.0,1.0
18682,1,1,Arsenal,0.31918502,0.68081498
15513,1,1,Arsenal,-0.0,1.0
13859,1,1,Arsenal,-0.0,1.0
9042,0,0,Arsenal,1.0,-0.0
12688,1,1,Arsenal,-0.0,1.0
10415,1,0,Arsenal,1.0,-0.0
3710,0,0,Arsenal,0.96030867,0.03969133
3226,0,0,Arsenal,1.0,-0.0
9025,0,0,Arsenal,0.80031572,0.19968428
18269,1,0,Arsenal,1.0,-0.0
675,0,0,Arsenal,1.0,-0.0
13819,1,1,Arsenal,-0.0,1.0
12507,1,1,Arsenal,-0.0,1.0
19735,1,1,Arsenal,-0.0,1.0
5401,0,0,Arsenal,1.0,-0.0
11319,1,1,Arsenal,-0.0,1.0
5945,0,0,Arsenal,1.0,-0.0
19751,1,1,Arsenal,-0.0,1.0
16891,1,0,Arsenal,0.80036766,0.19963234
9855,0,1,Arsenal,0.35932685,0.64067315
2530,0,0,Arsenal,1.0,-0.0
9782,0,0,Arsenal,1.0,-0.0
16849,1,0,Arsenal,0.95997346,0.04002654
10046,1,1,Arsenal,-0.0,1.0
14698,1,1,Arsenal,0.08030797,0.91969203
7057,0,0,Arsenal,1.0,-0.0
17595,1,0,Arsenal,0.9598999,0.0401001
10105,1,1,Arsenal,-0.0,1.0
16870,1,0,Arsenal,1.0,-0.0
1251,0,0,Arsenal,1.0,-0.0
17078,1,0,Arsenal,0.52034154,0.47965846
6285,0,0,Arsenal,0.91950323,0.08049677
13515,1,1,Arsenal,-0.0,1.0
9617,0,0,Arsenal,1.0,-0.0
16219,1,0,Arsenal,0.95979716,0.04020284
2503,0,0,Arsenal,0.95969746,0.04030254
8411,0,0,Arsenal,1.0,-0.0
13020,1,1,Arsenal,-0.0,1.0
13109,1,1,Arsenal,-0.0,1.0
592,0,0,Arsenal,1.0,-0.0
14596,1,0,Arsenal,1.0,-0.0
817,0,0,Arsenal,1.0,-0.0
11644,1,0,Arsenal,1.0,-0.0
13501,1,1,Arsenal,-0.0,1.0
12171,1,1,Arsenal,-0.0,1.0
17809,1,1,Arsenal,-0.0,1.0
12683,1,1,Arsenal,-0.0,1.0
3715,0,0,Arsenal,1.0,-0.0
17291,1,1,Arsenal,0.11947937,0.88052063
8395,0,0,Arsenal,1.0,-0.0
7571,0,0,Arsenal,1.0,-0.0
80,0,0,Arsenal,1.0,-0.0
16627,1,0,Arsenal,0.84036453,0.15963547
2783,0,0,Arsenal,1.0,-0.0
15185,1,0,Arsenal,0.91981039,0.08018961
15305,1,0,Arsenal,0.96005262,0.03994738
3346,0,0,Arsenal,1.0,-0.0
3531,0,0,Arsenal,0.96005262,0.03994738
4854,0,0,Arsenal,1.0,-0.0
6879,0,0,Arsenal,1.0,-0.0
6980,0,0,Arsenal,1.0,-0.0
8243,0,0,Arsenal,0.96030867,0.03969133
10258,1,0,Arsenal,0.91943896,0.08056104
8988,0,0,Arsenal,1.0,-0.0
2720,0,0,Arsenal,1.0,-0.0
18880,1,1,Arsenal,0.32044932,0.67955068
17288,1,1,Arsenal,-0.0,1.0
13595,1,1,Arsenal,-0.0,1.0
1939,0,0,Arsenal,1.0,-0.0
4947,0,0,Arsenal,0.8001542,0.1998458
19905,1,1,Arsenal,-0.0,1.0
5855,0,0,Arsenal,1.0,-0.0
2249,0,0,Arsenal,1.0,-0.0
16224,1,0,Arsenal,1.0,-0.0
7396,0,0,Arsenal,1.0,-0.0
18121,1,0,Arsenal,1.0,-0.0
12216,1,1,Arsenal,-0.0,1.0
10523,1,0,Arsenal,1.0,-0.0
1625,0,0,Arsenal,0.96030255,0.03969745
14567,1,1,Arsenal,-0.0,1.0
12909,1,1,Arsenal,-0.0,1.0
17660,1,1,Arsenal,-0.0,1.0
7514,0,0,Arsenal,0.9600588,0.0399412
7322,0,0,Arsenal,1.0,-0.0
7670,0,0,Arsenal,1.0,-0.0
12436,1,1,Arsenal,-0.0,1.0
18388,1,1,Arsenal,-0.0,1.0
17041,1,0,Arsenal,1.0,-0.0
5570,0,0,Arsenal,1.0,-0.0
9275,0,0,Arsenal,1.0,-0.0
560,0,0,Arsenal,1.0,-0.0
9947,0,0,Arsenal,1.0,-0.0
3628,0,0,Arsenal,1.0,-0.0
9866,0,0,Arsenal,1.0,-0.0
13605,1,1,Arsenal,-0.0,1.0
6555,0,0,Arsenal,0.96030255,0.03969745
848,0,0,Arsenal,0.96005262,0.03994738
1502,0,0,Arsenal,1.0,-0.0
4260,0,0,Arsenal,1.0,-0.0
10074,1,1,Arsenal,-0.0,1.0
5801,0,0,Arsenal,1.0,-0.0
17633,1,0,Arsenal,1.0,-0.0
17508,1,0,Arsenal,0.63991203,0.36008797
10695,1,0,Arsenal,1.0,-0.0
15211,1,0,Arsenal,0.71988107,0.28011893
986,0,0,Arsenal,1.0,-0.0
3580,0,0,Arsenal,1.0,-0.0
6870,0,0,Arsenal,1.0,-0.0
14420,1,1,Arsenal,0.23934592,0.76065408
11045,1,1,Arsenal,-0.0,1.0
9916,0,0,Arsenal,1.0,-0.0
19188,1,0,Arsenal,1.0,-0.0
86,0,0,Arsenal,0.91930425,0.08069575
4436,0,0,Arsenal,1.0,-0.0
15610,1,1,Arsenal,0.07941539,0.92058461
1375,0,0,Arsenal,1.0,-0.0
10490,1,1,Arsenal,0.08025206,0.91974794
2342,0,0,Arsenal,1.0,-0.0
14740,1,1,Arsenal,0.39865522,0.60134478
11197,1,1,Arsenal,-0.0,1.0
3757,0,0,Arsenal,1.0,-0.0
2409,0,0,Arsenal,1.0,-0.0
9743,0,0,Arsenal,1.0,-0.0
2356,0,0,Arsenal,1.0,-0.0
15221,1,0,Arsenal,0.5211441,0.4788559
9652,0,0,Arsenal,1.0,-0.0
2508,0,0,Arsenal,1.0,-0.0
8415,0,0,Arsenal,1.0,-0.0
18399,1,1,Arsenal,-0.0,1.0
15907,1,1,Arsenal,-0.0,1.0
17676,1,0,Arsenal,1.0,-0.0
10805,1,1,Arsenal,-0.0,1.0
2574,0,0,Arsenal,1.0,-0.0
5954,0,0,Arsenal,1.0,-0.0
19421,1,1,Arsenal,-0.0,1.0
10252,1,1,Arsenal,-0.0,1.0
16408,1,0,Arsenal,1.0,-0.0
7363,0,0,Arsenal,0.96030867,0.03969133
7561,0,0,Arsenal,1.0,-0.0
607,0,0,Arsenal,1.0,-0.0
14022,1,0,Arsenal,1.0,-0.0
730,0,0,Arsenal,1.0,-0.0
2807,0,0,Arsenal,1.0,-0.0
12122,1,1,Arsenal,-0.0,1.0
1774,0,0,Arsenal,1.0,-0.0
4269,0,0,Arsenal,1.0,-0.0
13994,1,1,Arsenal,0.12049103,0.87950897
3057,0,0,Arsenal,1.0,-0.0
2352,0,1,Arsenal,0.36117067,0.63882933
7527,0,0,Arsenal,1.0,-0.0
9684,0,0,Arsenal,1.0,-0.0
9917,0,0,Arsenal,1.0,-0.0
14004,1,1,Arsenal,-0.0,1.0
19172,1,0,Arsenal,0.68088108,0.31911892
3041,0,0,Arsenal,1.0,-0.0
16951,1,0,Arsenal,1.0,-0.0
8232,0,0,Arsenal,1.0,-0.0
16651,1,0,Arsenal,1.0,-0.0
9624,0,0,Arsenal,1.0,-0.0
6673,0,0,Arsenal,1.0,-0.0
17101,1,0,Arsenal,0.92000453,0.07999547
1169,0,0,Arsenal,1.0,-0.0
2769,0,0,Arsenal,1.0,-0.0
8791,0,0,Arsenal,0.96049192,0.03950808
1477,0,0,Arsenal,1.0,-0.0
17914,1,1,Arsenal,0.15966412,0.84033588
13646,1,1,Arsenal,-0.0,1.0
7425,0,0,Arsenal,1.0,-0.0
9751,0,0,Arsenal,1.0,-0.0
551,0,0,Arsenal,1.0,-0.0
9044,0,0,Arsenal,1.0,-0.0
4298,0,0,Arsenal,1.0,-0.0
4761,0,0,Arsenal,1.0,-0.0
18730,1,1,Arsenal,-0.0,1.0
14586,1,0,Arsenal,0.92075813,0.07924187
358,0,0,Arsenal,1.0,-0.0
5333,0,0,Arsenal,1.0,-0.0
16412,1,0,Arsenal,0.95971771,0.04028229
1885,0,0,Arsenal,1.0,-0.0
3100,0,0,Arsenal,1.0,-0.0
13640,1,1,Arsenal,-0.0,1.0
14034,1,1,Arsenal,-0.0,1.0
1923,0,0,Arsenal,1.0,-0.0
16705,1,0,Arsenal,1.0,-0.0
5951,0,0,Arsenal,1.0,-0.0
8576,0,0,Arsenal,1.0,-0.0
15626,1,1,Arsenal,-0.0,1.0
12232,1,1,Arsenal,-0.0,1.0
11573,1,0,Arsenal,1.0,-0.0
18701,1,0,Arsenal,1.0,-0.0
14326,1,1,Arsenal,-0.0,1.0
9408,0,0,Arsenal,1.0,-0.0
3392,0,0,Arsenal,1.0,-0.0
17081,1,0,Arsenal,0.91975008,0.08024992
9311,0,0,Arsenal,1.0,-0.0
6016,0,0,Arsenal,1.0,-0.0
18755,1,0,Arsenal,1.0,-0.0
11038,1,1,Arsenal,-0.0,1.0
11150,1,0,Arsenal,0.59978517,0.40021483
1656,0,0,Arsenal,1.0,-0.0
5630,0,0,Arsenal,1.0,-0.0
11846,1,0,Arsenal,1.0,-0.0
4108,0,0,Arsenal,1.0,-0.0
15556,1,1,Arsenal,-0.0,1.0
3006,0,0,Arsenal,1.0,-0.0
11667,1,0,Arsenal,1.0,-0.0
14347,1,1,Arsenal,-0.0,1.0
15022,1,1,Arsenal,0.04030254,0.95969746
7360,0,0,Arsenal,1.0,-0.0
193,0,0,Arsenal,1.0,-0.0
19251,1,0,Arsenal,0.87950449,0.12049551
17199,1,0,Arsenal,0.67994027,0.32005973
8666,0,0,Arsenal,1.0,-0.0
10692,1,0,Arsenal,1.0,-0.0
3395,0,0,Arsenal,1.0,-0.0
18028,1,1,Arsenal,0.15955044,0.84044956
17239,1,0,Arsenal,1.0,-0.0
8874,0,0,Arsenal,1.0,-0.0
3582,0,0,Arsenal,1.0,-0.0
14890,1,0,Arsenal,0.84041142,0.15958858
15176,1,1,Arsenal,0.40096518,0.59903482
16909,1,0,Arsenal,0.95952978,0.04047022
12470,1,1,Arsenal,-0.0,1.0
3357,0,0,Arsenal,0.96016226,0.03983774
1592,0,0,Arsenal,0.92021664,0.07978336
11174,1,1,Arsenal,-0.0,1.0
13571,1,1,Arsenal,-0.0,1.0
2299,0,0,Arsenal,1.0,-0.0
11167,1,1,Arsenal,-0.0,1.0
17401,1,1,Arsenal,0.24071097,0.75928903
2065,0,0,Arsenal,1.0,-0.0
6243,0,0,Arsenal,1.0,-0.0
1954,0,0,Arsenal,0.96049192,0.03950808
10787,1,1,Arsenal,-0.0,1.0
1377,0,0,Arsenal,1.0,-0.0
7027,0,0,Arsenal,1.0,-0.0
16907,1,0,Arsenal,0.79971282,0.20028718
10145,1,1,Arsenal,0.20004993,0.79995007
10540,1,0,Arsenal,1.0,-0.0
1311,0,0,Arsenal,1.0,-0.0
310,0,0,Arsenal,1.0,-0.0
17215,1,0,Arsenal,0.96005262,0.03994738
3074,0,0,Arsenal,1.0,-0.0
11939,1,0,Arsenal,1.0,-0.0
4433,0,0,Arsenal,1.0,-0.0
11032,1,1,Arsenal,-0.0,1.0
8286,0,0,Arsenal,1.0,-0.0
19564,1,1,Arsenal,-0.0,1.0
9422,0,0,Arsenal,1.0,-0.0
12906,1,1,Arsenal,-0.0,1.0
10061,1,1,Arsenal,-0.0,1.0
12910,1,1,Arsenal,-0.0,1.0
16269,1,0,Arsenal,1.0,-0.0
17416,1,1,Arsenal,-0.0,1.0
10492,1,0,Arsenal,1.0,-0.0
15479,1,0,Arsenal,0.80008993,0.19991007
17325,1,0,Arsenal,0.59954959,0.40045041
14518,1,1,Arsenal,0.11988522,0.88011478
2726,0,0,Arsenal,0.91986099,0.08013901
15029,1,0,Arsenal,0.68039231,0.31960769
908,0,0,Arsenal,0.95983992,0.04016008
5531,0,0,Arsenal,1.0,-0.0
5280,0,0,Arsenal,1.0,-0.0
9929,0,0,Arsenal,1.0,-0.0
9841,0,0,Arsenal,1.0,-0.0
11824,1,0,Arsenal,1.0,-0.0
11336,1,1,Arsenal,-0.0,1.0
19712,1,1,Arsenal,-0.0,1.0
3240,0,0,Arsenal,1.0,-0.0
13066,1,1,Arsenal,-0.0,1.0
203,0,0,Arsenal,1.0,-0.0
286,0,0,Arsenal,1.0,-0.0
1455,0,0,Arsenal,1.0,-0.0
8257,0,0,Arsenal,1.0,-0.0
7250,0,0,Arsenal,1.0,-0.0
3447,0,0,Arsenal,1.0,-0.0
17992,1,0,Arsenal,1.0,-0.0
14824,1,1,Arsenal,-0.0,1.0
9730,0,0,Arsenal,1.0,-0.0
15153,1,0,Arsenal,0.87973223,0.12026777
2605,0,0,Arsenal,1.0,-0.0
9848,0,0,Arsenal,1.0,-0.0
17566,1,1,Arsenal,-0.0,1.0
3431,0,0,Arsenal,1.0,-0.0
10781,1,1,Arsenal,-0.0,1.0
10803,1,1,Arsenal,-0.0,1.0
18922,1,0,Arsenal,1.0,-0.0
17053,1,0,Arsenal,0.95952978,0.04047022
12097,1,1,Arsenal,-0.0,1.0
13080,1,1,Arsenal,-0.0,1.0
17234,1,0,Arsenal,0.79964342,0.20035658
8017,0,0,Arsenal,1.0,-0.0
5886,0,0,Arsenal,1.0,-0.0
11295,1,1,Arsenal,-0.0,1.0
7066,0,0,Arsenal,0.95952978,0.04047022
12830,1,1,Arsenal,-0.0,1.0
8811,0,0,Arsenal,1.0,-0.0
9599,0,0,Arsenal,1.0,-0.0
2250,0,0,Arsenal,1.0,-0.0
8573,0,0,Arsenal,1.0,-0.0
8059,0,0,Arsenal,1.0,-0.0
6659,0,0,Arsenal,1.0,-0.0
17090,1,1,Arsenal,-0.0,1.0
7583,0,0,Arsenal,1.0,-0.0
19200,1,0,Arsenal,1.0,-0.0
9500,0,0,Arsenal,1.0,-0.0
740,0,0,Arsenal,1.0,-0.0
1227,0,0,Arsenal,1.0,-0.0
15536,1,1,Arsenal,-0.0,1.0
19918,1,1,Arsenal,-0.0,1.0
514,0,0,Arsenal,1.0,-0.0
3999,0,0,Arsenal,1.0,-0.0
7134,0,0,Arsenal,1.0,-0.0
8376,0,0,Arsenal,1.0,-0.0
6580,0,0,Arsenal,1.0,-0.0
17211,1,0,Arsenal,0.5182591,0.4817409
14268,1,1,Arsenal,-0.0,1.0
2129,0,0,Arsenal,1.0,-0.0
14274,1,1,Arsenal,-0.0,1.0
2870,0,0,Arsenal,1.0,-0.0
1119,0,0,Arsenal,0.87955845,0.12044155
1868,0,0,Arsenal,1.0,-0.0
2559,0,0,Arsenal,1.0,-0.0
2636,0,0,Arsenal,1.0,-0.0
6227,0,0,Arsenal,0.80037436,0.19962564
13313,1,1,Arsenal,-0.0,1.0
14280,1,1,Arsenal,0.35943578,0.64056422
1841,0,0,Arsenal,1.0,-0.0
36,0,0,Arsenal,0.95979742,0.04020258
8614,0,0,Arsenal,1.0,-0.0
13410,1,1,Arsenal,-0.0,1.0
2167,0,0,Arsenal,0.95977448,0.04022552
340,0,0,Arsenal,1.0,-0.0
6628,0,0,Arsenal,1.0,-0.0
7022,0,0,Arsenal,1.0,-0.0
14059,1,1,Arsenal,0.0800576,0.9199424
153,0,0,Arsenal,0.95969746,0.04030254
466,0,0,Arsenal,1.0,-0.0
1476,0,0,Arsenal,0.96030255,0.03969745
6720,0,0,Arsenal,1.0,-0.0
14502,1,1,Arsenal,-0.0,1.0
7422,0,0,Arsenal,1.0,-0.0
6193,0,0,Arsenal,1.0,-0.0
13590,1,1,Arsenal,-0.0,1.0
7042,0,0,Arsenal,0.96049893,0.03950107
2773,0,0,Arsenal,1.0,-0.0
2791,0,0,Arsenal,1.0,-0.0
14012,1,0,Arsenal,1.0,-0.0
11044,1,1,Arsenal,-0.0,1.0
6461,0,0,Arsenal,0.87995084,0.12004916
10814,1,1,Arsenal,-0.0,1.0
10575,1,0,Arsenal,1.0,-0.0
15117,1,0,Arsenal,0.88041956,0.11958044
5547,0,1,Arsenal,0.31916298,0.68083702
4778,0,0,Arsenal,0.95952978,0.04047022
3736,0,0,Arsenal,1.0,-0.0
8588,0,0,Arsenal,1.0,-0.0
4486,0,0,Arsenal,0.96005262,0.03994738
19585,1,1,Arsenal,-0.0,1.0
7059,0,0,Arsenal,0.95971771,0.04028229
15207,1,0,Arsenal,0.91961526,0.08038474
2721,0,0,Arsenal,1.0,-0.0
13494,1,1,Arsenal,-0.0,1.0
8287,0,0,Arsenal,0.95979742,0.04020258
17092,1,0,Arsenal,0.95977448,0.04022552
5524,0,0,Arsenal,1.0,-0.0
6640,0,0,Arsenal,0.96049192,0.03950808
353,0,0,Arsenal,1.0,-0.0
11634,1,1,Arsenal,-0.0,1.0
11482,1,1,Arsenal,-0.0,1.0
2675,0,0,Arsenal,1.0,-0.0
17742,1,1,Arsenal,-0.0,1.0
6928,0,0,Arsenal,1.0,-0.0
16804,1,0,Arsenal,0.92025495,0.07974505
10315,1,1,Arsenal,-0.0,1.0
18931,1,1,Arsenal,-0.0,1.0
5858,0,0,Arsenal,1.0,-0.0
9262,0,0,Arsenal,1.0,-0.0
1621,0,0,Arsenal,0.88008799,0.11991201
15744,1,1,Arsenal,-0.0,1.0
13260,1,1,Arsenal,-0.0,1.0
17001,1,0,Arsenal,0.91960579,0.08039421
19014,1,1,Arsenal,-0.0,1.0
8733,0,0,Arsenal,1.0,-0.0
4301,0,0,Arsenal,1.0,-0.0
14604,1,0,Arsenal,0.9600588,0.0399412
11977,1,1,Arsenal,-0.0,1.0
1839,0,0,Arsenal,1.0,-0.0
18511,1,1,Arsenal,-0.0,1.0
18202,1,1,Arsenal,-0.0,1.0
3975,0,0,Arsenal,0.95997346,0.04002654
10038,1,1,Arsenal,-0.0,1.0
1314,0,0,Arsenal,1.0,-0.0
7111,0,0,Arsenal,1.0,-0.0
19533,1,1,Arsenal,-0.0,1.0
15247,1,0,Arsenal,0.96045558,0.03954442
17510,1,0,Arsenal,1.0,-0.0
9038,0,0,Arsenal,1.0,-0.0
13750,1,1,Arsenal,-0.0,1.0
9136,0,0,Arsenal,1.0,-0.0
8776,0,0,Arsenal,1.0,-0.0
9849,0,0,Arsenal,1.0,-0.0
12486,1,1,Arsenal,-0.0,1.0
15095,1,0,Arsenal,0.79978582,0.20021418
12098,1,1,Arsenal,-0.0,1.0
1556,0,0,Arsenal,1.0,-0.0
8785,0,0,Arsenal,1.0,-0.0
9577,0,0,Arsenal,1.0,-0.0
6326,0,0,Arsenal,0.56054076,0.43945924
5961,0,0,Arsenal,1.0,-0.0
11924,1,0,Arsenal,1.0,-0.0
19147,1,0,Arsenal,1.0,-0.0
13095,1,1,Arsenal,-0.0,1.0
11746,1,0,Arsenal,0.95983992,0.04016008
13766,1,1,Arsenal,-0.0,1.0
11679,1,0,Arsenal,0.76135896,0.23864104
14653,1,1,Arsenal,0.20029445,0.79970555
7438,0,0,Arsenal,1.0,-0.0
10278,1,1,Arsenal,-0.0,1.0
10005,1,1,Arsenal,-0.0,1.0
8648,0,0,Arsenal,1.0,-0.0
4805,0,0,Arsenal,1.0,-0.0
3295,0,0,Arsenal,1.0,-0.0
368,0,0,Arsenal,1.0,-0.0
316,0,0,Arsenal,0.95952978,0.04047022
13320,1,1,Arsenal,-0.0,1.0
231,0,0,Arsenal,0.95969746,0.04030254
16430,1,0,Arsenal,1.0,-0.0
11453,1,1,Arsenal,-0.0,1.0
315,0,0,Arsenal,1.0,-0.0
12472,1,1,Arsenal,-0.0,1.0
10178,1,1,Arsenal,-0.0,1.0
17397,1,0,Arsenal,1.0,-0.0
6035,0,0,Arsenal,1.0,-0.0
7351,0,0,Arsenal,1.0,-0.0
1225,0,0,Arsenal,1.0,-0.0
10972,1,1,Arsenal,-0.0,1.0
9615,0,0,Arsenal,1.0,-0.0
12164,1,1,Arsenal,-0.0,1.0
6360,0,0,Arsenal,1.0,-0.0
6811,0,0,Arsenal,1.0,-0.0
19000,1,0,Arsenal,0.55985874,0.44014126
17834,1,1,Arsenal,-0.0,1.0
5551,0,0,Arsenal,0.95971771,0.04028229
5712,0,1,Arsenal,0.27934128,0.72065872
5264,0,0,Arsenal,1.0,-0.0
18433,1,1,Arsenal,0.08039447,0.91960553
6247,0,0,Arsenal,1.0,-0.0
8755,0,0,Arsenal,1.0,-0.0
11728,1,0,Arsenal,1.0,-0.0
14881,1,0,Arsenal,0.68005388,0.31994612
4612,0,0,Arsenal,0.96005262,0.03994738
16617,1,0,Arsenal,0.7597819,0.2402181
10201,1,1,Arsenal,-0.0,1.0
1804,0,0,Arsenal,1.0,-0.0
12950,1,1,Arsenal,-0.0,1.0
15742,1,0,Arsenal,0.51999109,0.48000891
15508,1,1,Arsenal,-0.0,1.0
5534,0,0,Arsenal,1.0,-0.0
7927,0,0,Arsenal,0.9600588,0.0399412
18179,1,0,Arsenal,0.51916351,0.48083649
5822,0,0,Arsenal,1.0,-0.0
10055,1,1,Arsenal,-0.0,1.0
9778,0,0,Arsenal,1.0,-0.0
2666,0,0,Arsenal,1.0,-0.0
786,0,1,Arsenal,0.39995655,0.60004345
18935,1,0,Arsenal,1.0,-0.0
5055,0,0,Arsenal,0.95997346,0.04002654
16887,1,0,Arsenal,1.0,-0.0
15066,1,0,Arsenal,0.95975418,0.04024582
5779,0,0,Arsenal,1.0,-0.0
14476,1,1,Arsenal,0.2399329,0.7600671
13467,1,1,Arsenal,-0.0,1.0
12965,1,1,Arsenal,-0.0,1.0
1008,0,0,Arsenal,1.0,-0.0
13627,1,1,Arsenal,-0.0,1.0
15360,1,0,Arsenal,0.56064972,0.43935028
8041,0,0,Arsenal,1.0,-0.0
17371,1,1,Arsenal,0.04047022,0.95952978
1492,0,0,Arsenal,1.0,-0.0
13774,1,1,Arsenal,-0.0,1.0
4494,0,0,Arsenal,1.0,-0.0
11800,1,1,Arsenal,-0.0,1.0
4264,0,0,Arsenal,1.0,-0.0
5461,0,0,Arsenal,1.0,-0.0
11433,1,1,Arsenal,-0.0,1.0
10434,1,0,Arsenal,1.0,-0.0
4071,0,0,Arsenal,1.0,-0.0
3742,0,0,Arsenal,1.0,-0.0
9719,0,0,Arsenal,0.95977448,0.04022552
1512,0,0,Arsenal,0.95979742,0.04020258
1768,0,0,Arsenal,1.0,-0.0
12809,1,1,Arsenal,-0.0,1.0
11948,1,1,Arsenal,-0.0,1.0
14558,1,1,Arsenal,-0.0,1.0
2714,0,0,Arsenal,1.0,-0.0
19174,1,1,Arsenal,0.27924446,0.72075554
5289,0,0,Arsenal,1.0,-0.0
3877,0,0,Arsenal,1.0,-0.0
3749,0,0,Arsenal,1.0,-0.0
6955,0,0,Arsenal,0.91969706,0.08030294
2815,0,0,Arsenal,1.0,-0.0
2480,0,0,Arsenal,1.0,-0.0
10626,1,0,Arsenal,1.0,-0.0
10642,1,0,Arsenal,0.95964181,0.04035819
2486,0,0,Arsenal,1.0,-0.0
7687,0,0,Arsenal,1.0,-0.0
18771,1,1,Arsenal,0.04020258,0.95979742
9550,0,0,Arsenal,1.0,-0.0
10870,1,1,Arsenal,-0.0,1.0
5386,0,0,Arsenal,0.96030867,0.03969133
3720,0,0,Arsenal,0.95980837,0.04019163
18752,1,1,Arsenal,0.27992921,0.72007079
9789,0,0,Arsenal,1.0,-0.0
821,0,0,Arsenal,1.0,-0.0
10402,1,0,Arsenal,1.0,-0.0
6002,0,0,Arsenal,0.96049192,0.03950808
10945,1,1,Arsenal,-0.0,1.0
3381,0,0,Arsenal,1.0,-0.0
5820,0,0,Arsenal,1.0,-0.0
9597,0,0,Arsenal,0.76170845,0.23829155
19370,1,1,Arsenal,-0.0,1.0
3645,0,0,Arsenal,1.0,-0.0
14306,1,1,Arsenal,-0.0,1.0
14876,1,1,Arsenal,0.07935609,0.92064391
1725,0,0,Arsenal,1.0,-0.0
17709,1,0,Arsenal,1.0,-0.0
492,0,1,Arsenal,0.03994738,0.96005262
16054,1,0,Arsenal,1.0,-0.0
1348,0,0,Arsenal,0.91978091,0.08021909
11867,1,0,Arsenal,1.0,-0.0
7317,0,0,Arsenal,1.0,-0.0
12723,1,1,Arsenal,-0.0,1.0
8399,0,0,Arsenal,0.95964181,0.04035819
13392,1,1,Arsenal,-0.0,1.0
19242,1,1,Arsenal,0.16032311,0.83967689
11531,1,1,Arsenal,-0.0,1.0
16724,1,1,Arsenal,0.12039617,0.87960383
17793,1,0,Arsenal,0.84024664,0.15975336
12060,1,1,Arsenal,-0.0,1.0
6095,0,0,Arsenal,1.0,-0.0
8736,0,1,Arsenal,0.43922134,0.56077866
10637,1,0,Arsenal,1.0,-0.0
3630,0,0,Arsenal,1.0,-0.0
4874,0,0,Arsenal,1.0,-0.0
14750,1,0,Arsenal,0.79978819,0.20021181
8739,0,0,Arsenal,1.0,-0.0
640,0,0,Arsenal,1.0,-0.0
7175,0,0,Arsenal,1.0,-0.0
8533,0,0,Arsenal,0.96016461,0.03983539
6756,0,0,Arsenal,1.0,-0.0
18547,1,0,Arsenal,1.0,-0.0
16813,1,0,Arsenal,0.92020976,0.07979024
13147,1,1,Arsenal,-0.0,1.0
13623,1,1,Arsenal,-0.0,1.0
3776,0,0,Arsenal,1.0,-0.0
15317,1,0,Arsenal,1.0,-0.0
17343,1,1,Arsenal,0.12079584,0.87920416
9744,0,0,Arsenal,1.0,-0.0
4357,0,0,Arsenal,1.0,-0.0
3178,0,0,Arsenal,1.0,-0.0
18825,1,1,Arsenal,0.03950107,0.96049893
12979,1,1,Arsenal,-0.0,1.0
3109,0,0,Arsenal,1.0,-0.0
19521,1,1,Arsenal,-0.0,1.0
8872,0,0,Arsenal,1.0,-0.0
18008,1,1,Arsenal,0.47945109,0.52054891
12450,1,1,Arsenal,-0.0,1.0
9219,0,0,Arsenal,1.0,-0.0
18676,1,0,Arsenal,0.68049434,0.31950566
19888,1,1,Arsenal,-0.0,1.0
6707,0,0,Arsenal,1.0,-0.0
9766,0,0,Arsenal,0.91981039,0.08018961
7648,0,0,Arsenal,1.0,-0.0
13500,1,1,Arsenal,-0.0,1.0
10926,1,1,Arsenal,-0.0,1.0
962,0,0,Arsenal,0.96008345,0.03991655
4860,0,0,Arsenal,0.56039599,0.43960401
19562,1,1,Arsenal,-0.0,1.0
18562,1,0,Arsenal,0.91942968,0.08057032
10906,1,1,Arsenal,-0.0,1.0
10923,1,1,Arsenal,0.19969303,0.80030697
15004,1,0,Arsenal,1.0,-0.0
8487,0,0,Arsenal,0.9600588,0.0399412
7157,0,0,Arsenal,0.88000822,0.11999178
18886,1,1,Arsenal,0.24023284,0.75976716
3676,0,0,Arsenal,1.0,-0.0
17057,1,0,Arsenal,0.87993032,0.12006968
7214,0,0,Arsenal,1.0,-0.0
13969,1,0,Arsenal,1.0,-0.0
18663,1,1,Arsenal,0.07954635,0.92045365
13457,1,1,Arsenal,-0.0,1.0
3739,0,0,Arsenal,1.0,-0.0
6682,0,0,Arsenal,1.0,-0.0
18817,1,1,Arsenal,-0.0,1.0
13044,1,1,Arsenal,-0.0,1.0
1012,0,0,Arsenal,1.0,-0.0
1849,0,0,Arsenal,1.0,-0.0
10766,1,0,Arsenal,0.72089869,0.27910131
11688,1,0,Arsenal,1.0,-0.0
14065,1,0,Arsenal,0.84060288,0.15939712
11165,1,1,Arsenal,-0.0,1.0
14237,1,1,Arsenal,-0.0,1.0
4198,0,0,Arsenal,1.0,-0.0
6271,0,0,Arsenal,1.0,-0.0
3920,0,0,Arsenal,1.0,-0.0
4733,0,0,Arsenal,1.0,-0.0
4927,0,0,Arsenal,1.0,-0.0
4549,0,0,Arsenal,1.0,-0.0
10650,1,0,Arsenal,1.0,-0.0
17805,1,0,Arsenal,1.0,-0.0
11860,1,0,Arsenal,1.0,-0.0
14514,1,1,Arsenal,-0.0,1.0
992,0,0,Arsenal,1.0,-0.0
14728,1,0,Arsenal,1.0,-0.0
2083,0,0,Arsenal,1.0,-0.0
6307,0,0,Arsenal,1.0,-0.0
9673,0,0,Arsenal,1.0,-0.0
2151,0,0,Arsenal,0.92020976,0.07979024
12548,1,1,Arsenal,-0.0,1.0
11275,1,1,Arsenal,-0.0,1.0
3696,0,0,Arsenal,1.0,-0.0
3105,0,0,Arsenal,1.0,-0.0
4545,0,0,Arsenal,1.0,-0.0
17711,1,1,Arsenal,0.27978894,0.72021106
1176,0,0,Arsenal,1.0,-0.0
7199,0,0,Arsenal,1.0,-0.0
13930,1,1,Arsenal,-0.0,1.0
14987,1,0,Arsenal,0.91997063,0.08002937
9924,0,0,Arsenal,0.91955763,0.08044237
14382,1,1,Arsenal,-0.0,1.0
5000,0,0,Arsenal,1.0,-0.0
5497,0,0,Arsenal,1.0,-0.0
11448,1,1,Arsenal,-0.0,1.0
12241,1,1,Arsenal,-0.0,1.0
6269,0,0,Arsenal,1.0,-0.0
8557,0,0,Arsenal,1.0,-0.0
14712,1,1,Arsenal,0.24062459,0.75937541
8726,0,0,Arsenal,1.0,-0.0
15888,1,1,Arsenal,0.31956692,0.68043308
15259,1,1,Arsenal,0.1204971,0.8795029
4235,0,0,Arsenal,1.0,-0.0
7602,0,0,Arsenal,1.0,-0.0
1702,0,0,Arsenal,1.0,-0.0
10829,1,1,Arsenal,-0.0,1.0
7680,0,0,Arsenal,1.0,-0.0
6023,0,0,Arsenal,1.0,-0.0
12877,1,1,Arsenal,-0.0,1.0
19910,1,1,Arsenal,-0.0,1.0
8076,0,0,Arsenal,0.84130044,0.15869956
10932,1,1,Arsenal,-0.0,1.0
17118,1,0,Arsenal,0.920044,0.079956
3158,0,0,Arsenal,1.0,-0.0
18719,1,0,Arsenal,1.0,-0.0
13673,1,1,Arsenal,-0.0,1.0
18048,1,1,Arsenal,0.35959892,0.64040108
14262,1,1,Arsenal,-0.0,1.0
5412,0,0,Arsenal,1.0,-0.0
12387,1,1,Arsenal,-0.0,1.0
10400,1,0,Arsenal,1.0,-0.0
18998,1,1,Arsenal,0.44059598,0.55940402
402,0,0,Arsenal,1.0,-0.0
704,0,0,Arsenal,1.0,-0.0
5312,0,0,Arsenal,1.0,-0.0
18025,1,0,Arsenal,0.51934923,0.48065077
8255,0,0,Arsenal,1.0,-0.0
3118,0,0,Arsenal,1.0,-0.0
19140,1,1,Arsenal,0.31910939,0.68089061
14350,1,1,Arsenal,0.03950808,0.96049192
18904,1,0,Arsenal,0.68011654,0.31988346
8918,0,0,Arsenal,0.96016226,0.03983774
12614,1,1,Arsenal,-0.0,1.0
6067,0,0,Arsenal,1.0,-0.0
18247,1,1,Arsenal,0.07978512,0.92021488
9484,0,0,Arsenal,1.0,-0.0
15638,1,1,Arsenal,-0.0,1.0
11994,1,1,Arsenal,-0.0,1.0
862,0,0,Arsenal,1.0,-0.0
873,0,0,Arsenal,1.0,-0.0
8083,0,0,Arsenal,1.0,-0.0
18398,1,0,Arsenal,0.95980837,0.04019163
12293,1,1,Arsenal,-0.0,1.0
8189,0,0,Arsenal,1.0,-0.0
2347,0,0,Arsenal,1.0,-0.0
2646,0,0,Arsenal,0.92075813,0.07924187
4789,0,0,Arsenal,1.0,-0.0
13299,1,1,Arsenal,-0.0,1.0
9828,0,0,Arsenal,0.8795028,0.1204972
12217,1,1,Arsenal,-0.0,1.0
7750,0,0,Arsenal,1.0,-0.0
494,0,0,Arsenal,1.0,-0.0
13891,1,1,Arsenal,-0.0,1.0
2320,0,0,Arsenal,0.67967718,0.32032282
10723,1,0,Arsenal,1.0,-0.0
9281,0,0,Arsenal,1.0,-0.0
10052,1,1,Arsenal,-0.0,1.0
2864,0,0,Arsenal,1.0,-0.0
13112,1,1,Arsenal,-0.0,1.0
9150,0,0,Arsenal,1.0,-0.0
14904,1,0,Arsenal,0.51928369,0.48071631
5250,0,0,Arsenal,0.96014498,0.03985502
10011,1,1,Arsenal,-0.0,1.0
9246,0,0,Arsenal,1.0,-0.0
17664,1,0,Arsenal,0.7602826,0.2397174
11779,1,0,Arsenal,1.0,-0.0
19214,1,0,Arsenal,1.0,-0.0
15311,1,1,Arsenal,0.40046792,0.59953208
8390,0,0,Arsenal,1.0,-0.0
8299,0,0,Arsenal,1.0,-0.0
17987,1,0,Arsenal,0.84002021,0.15997979
755,0,0,Arsenal,1.0,-0.0
11327,1,1,Arsenal,-0.0,1.0
6490,0,0,Arsenal,1.0,-0.0
4552,0,0,Arsenal,0.9598999,0.0401001
2739,0,0,Arsenal,1.0,-0.0
5624,0,0,Arsenal,1.0,-0.0
14015,1,1,Arsenal,0.19955654,0.80044346
17513,1,1,Arsenal,-0.0,1.0
9541,0,0,Arsenal,1.0,-0.0
6944,0,0,Arsenal,1.0,-0.0
4179,0,0,Arsenal,1.0,-0.0
14968,1,0,Arsenal,0.84049897,0.15950103
6823,0,0,Arsenal,1.0,-0.0
219,0,0,Arsenal,1.0,-0.0
10872,1,1,Arsenal,-0.0,1.0
13168,1,1,Arsenal,-0.0,1.0
1326,0,0,Arsenal,1.0,-0.0
8792,0,0,Arsenal,1.0,-0.0
3891,0,0,Arsenal,1.0,-0.0
1391,0,0,Arsenal,0.84024964,0.15975036
15412,1,1,Arsenal,-0.0,1.0
9498,0,0,Arsenal,1.0,-0.0
6550,0,0,Arsenal,0.95975418,0.04024582
4736,0,0,Arsenal,1.0,-0.0
14916,1,1,Arsenal,-0.0,1.0
3355,0,0,Arsenal,1.0,-0.0
5946,0,0,Arsenal,1.0,-0.0
12446,1,1,Arsenal,-0.0,1.0
8263,0,0,Arsenal,1.0,-0.0
10522,1,0,Arsenal,1.0,-0.0
17272,1,1,Arsenal,0.28023997,0.71976003
1568,0,0,Arsenal,1.0,-0.0
6992,0,0,Arsenal,0.79968128,0.20031872
7844,0,0,Arsenal,1.0,-0.0
6805,0,0,Arsenal,1.0,-0.0
15805,1,1,Arsenal,-0.0,1.0
8911,0,0,Arsenal,1.0,-0.0
12355,1,1,Arsenal,-0.0,1.0
1264,0,0,Arsenal,1.0,-0.0
4188,0,0,Arsenal,0.88020411,0.11979589
10452,1,0,Arsenal,1.0,-0.0
19238,1,0,Arsenal,1.0,-0.0
13852,1,1,Arsenal,-0.0,1.0
18777,1,1,Arsenal,0.16021833,0.83978167
12760,1,1,Arsenal,-0.0,1.0
18409,1,1,Arsenal,-0.0,1.0
3343,0,0,Arsenal,1.0,-0.0
14664,1,1,Arsenal,0.03969133,0.96030867
5950,0,0,Arsenal,1.0,-0.0
16682,1,0,Arsenal,1.0,-0.0
3369,0,0,Arsenal,0.95969746,0.04030254
12737,1,1,Arsenal,-0.0,1.0
11782,1,0,Arsenal,0.95977448,0.04022552
10992,1,1,Arsenal,-0.0,1.0
3639,0,0,Arsenal,1.0,-0.0
3274,0,0,Arsenal,0.91995968,0.08004032
13337,1,1,Arsenal,-0.0,1.0
18032,1,1,Arsenal,-0.0,1.0
5554,0,0,Arsenal,1.0,-0.0
11614,1,0,Arsenal,0.88001416,0.11998584
4638,0,0,Arsenal,1.0,-0.0
2748,0,0,Arsenal,0.96014498,0.03985502
3684,0,0,Arsenal,1.0,-0.0
14704,1,1,Arsenal,0.23950862,0.76049138
18575,1,0,Arsenal,0.95979742,0.04020258
2362,0,0,Arsenal,1.0,-0.0
5201,0,0,Arsenal,1.0,-0.0
3125,0,0,Arsenal,1.0,-0.0
11214,1,1,Arsenal,-0.0,1.0
15532,1,1,Arsenal,-0.0,1.0
6064,0,0,Arsenal,1.0,-0.0
19348,1,1,Arsenal,-0.0,1.0
10401,1,0,Arsenal,1.0,-0.0
1205,0,0,Arsenal,1.0,-0.0
4659,0,0,Arsenal,1.0,-0.0
19523,1,1,Arsenal,-0.0,1.0
10206,1,1,Arsenal,-0.0,1.0
8670,0,0,Arsenal,0.96005262,0.03994738
1877,0,0,Arsenal,1.0,-0.0
1919,0,0,Arsenal,1.0,-0.0
17979,1,1,Arsenal,-0.0,1.0
1201,0,0,Arsenal,1.0,-0.0
855,0,0,Arsenal,1.0,-0.0
12462,1,1,Arsenal,-0.0,1.0
13460,1,1,Arsenal,-0.0,1.0
10841,1,1,Arsenal,-0.0,1.0
13361,1,1,Arsenal,-0.0,1.0
6389,0,0,Arsenal,0.96030255,0.03969745
13914,1,1,Arsenal,-0.0,1.0
8033,0,0,Arsenal,1.0,-0.0
15441,1,0,Arsenal,0.52037087,0.47962913
15339,1,0,Arsenal,0.79982956,0.20017044
7735,0,0,Arsenal,1.0,-0.0
12935,1,1,Arsenal,-0.0,1.0
1297,0,0,Arsenal,1.0,-0.0
8526,0,0,Arsenal,1.0,-0.0
17365,1,1,Arsenal,0.16000454,0.83999546
13907,1,1,Arsenal,-0.0,1.0
10762,1,0,Arsenal,1.0,-0.0
3761,0,0,Arsenal,1.0,-0.0
18991,1,1,Arsenal,0.23912113,0.76087887
10528,1,0,Arsenal,1.0,-0.0
151,0,0,Arsenal,0.9600588,0.0399412
3292,0,0,Arsenal,1.0,-0.0
13798,1,1,Arsenal,-0.0,1.0
17320,1,0,Arsenal,1.0,-0.0
13428,1,1,Arsenal,-0.0,1.0
8727,0,0,Arsenal,1.0,-0.0
15044,1,0,Arsenal,0.84046263,0.15953737
19714,1,1,Arsenal,-0.0,1.0
15309,1,0,Arsenal,0.59952131,0.40047869
9635,0,0,Arsenal,0.9199587,0.0800413
6576,0,0,Arsenal,1.0,-0.0
9278,0,0,Arsenal,1.0,-0.0
1720,0,0,Arsenal,0.92062019,0.07937981
635,0,0,Arsenal,1.0,-0.0
15635,1,1,Arsenal,0.24009322,0.75990678
9596,0,0,Arsenal,0.9208076,0.0791924
1886,0,0,Arsenal,0.63917477,0.36082523
11904,1,0,Arsenal,0.95971771,0.04028229
12820,1,1,Arsenal,-0.0,1.0
4496,0,0,Arsenal,1.0,-0.0
16910,1,0,Arsenal,0.95971771,0.04028229
9533,0,0,Arsenal,0.95979716,0.04020284
2833,0,0,Arsenal,1.0,-0.0
4432,0,0,Arsenal,1.0,-0.0
1697,0,0,Arsenal,1.0,-0.0
19025,1,1,Arsenal,0.08029173,0.91970827
16797,1,0,Arsenal,0.5208944,0.4791056
10346,1,1,Arsenal,-0.0,1.0
14661,1,1,Arsenal,-0.0,1.0
7541,0,0,Arsenal,1.0,-0.0
15569,1,1,Arsenal,-0.0,1.0
16722,1,0,Arsenal,1.0,-0.0
952,0,0,Arsenal,1.0,-0.0
2558,0,0,Arsenal,1.0,-0.0
11215,1,1,Arsenal,-0.0,1.0
19913,1,1,Arsenal,-0.0,1.0
12438,1,1,Arsenal,-0.0,1.0
5693,0,0,Arsenal,1.0,-0.0
113,0,0,Arsenal,1.0,-0.0
4144,0,0,Arsenal,1.0,-0.0
6348,0,0,Arsenal,1.0,-0.0
15640,1,1,Arsenal,-0.0,1.0
5399,0,0,Arsenal,1.0,-0.0
16948,1,0,Arsenal,0.96049893,0.03950107
630,0,0,Arsenal,1.0,-0.0
9442,0,0,Arsenal,1.0,-0.0
9739,0,0,Arsenal,0.95969746,0.04030254
2258,0,0,Arsenal,0.91998335,0.08001665
12021,1,1,Arsenal,-0.0,1.0
14611,1,0,Arsenal,0.87954535,0.12045465
13163,1,1,Arsenal,-0.0,1.0
1457,0,0,Arsenal,1.0,-0.0
14026,1,1,Arsenal,-0.0,1.0
6117,0,0,Arsenal,1.0,-0.0
6586,0,0,Arsenal,0.96045558,0.03954442
11652,1,0,Arsenal,1.0,-0.0
15833,1,1,Arsenal,-0.0,1.0
11068,1,1,Arsenal,-0.0,1.0
15741,1,1,Arsenal,0.0401001,0.9598999
3507,0,0,Arsenal,1.0,-0.0
6145,0,0,Arsenal,1.0,-0.0
19186,1,0,Arsenal,1.0,-0.0
4548,0,0,Arsenal,1.0,-0.0
4233,0,0,Arsenal,1.0,-0.0
5518,0,0,Arsenal,0.92008315,0.07991685
7624,0,0,Arsenal,1.0,-0.0
16599,1,0,Arsenal,1.0,-0.0
5537,0,0,Arsenal,1.0,-0.0
14512,1,1,Arsenal,0.0399412,0.9600588
4110,0,0,Arsenal,1.0,-0.0
12350,1,1,Arsenal,-0.0,1.0
1442,0,0,Arsenal,1.0,-0.0
5566,0,0,Arsenal,0.59969057,0.40030943
8028,0,0,Arsenal,1.0,-0.0
17368,1,1,Arsenal,0.28053925,0.71946075
4359,0,0,Arsenal,1.0,-0.0
15246,1,0,Arsenal,0.51916366,0.48083634
4074,0,0,Arsenal,1.0,-0.0
5255,0,0,Arsenal,1.0,-0.0
645,0,0,Arsenal,1.0,-0.0
16796,1,0,Arsenal,1.0,-0.0
3819,0,0,Arsenal,0.67954541,0.32045459
19512,1,1,Arsenal,-0.0,1.0
16976,1,0,Arsenal,1.0,-0.0
12916,1,1,Arsenal,-0.0,1.0
1482,0,0,Arsenal,1.0,-0.0
17067,1,0,Arsenal,0.95997346,0.04002654
9543,0,0,Arsenal,1.0,-0.0
9990,1,1,Arsenal,0.3998362,0.6001638
17684,1,1,Arsenal,-0.0,1.0
16953,1,0,Arsenal,0.63994242,0.36005758
15009,1,0,Arsenal,0.95971771,0.04028229
17129,1,0,Arsenal,0.87967641,0.12032359
5919,0,0,Arsenal,0.79985312,0.20014688
9981,0,0,Arsenal,1.0,-0.0
9725,0,0,Arsenal,0.96016461,0.03983539
10146,1,1,Arsenal,-0.0,1.0
3171,0,0,Arsenal,1.0,-0.0
4738,0,0,Arsenal,1.0,-0.0
4207,0,0,Arsenal,1.0,-0.0
4446,0,0,Arsenal,1.0,-0.0
16709,1,0,Arsenal,1.0,-0.0
751,0,0,Arsenal,1.0,-0.0
13430,1,1,Arsenal,-0.0,1.0
15641,1,1,Arsenal,0.07945546,0.92054454
9890,0,0,Arsenal,0.96030255,0.03969745
11733,1,0,Arsenal,1.0,-0.0
18461,1,1,Arsenal,-0.0,1.0
10296,1,1,Arsenal,-0.0,1.0
15519,1,1,Arsenal,-0.0,1.0
18593,1,1,Arsenal,-0.0,1.0
1043,0,0,Arsenal,1.0,-0.0
13937,1,1,Arsenal,-0.0,1.0
13525,1,1,Arsenal,-0.0,1.0
11534,1,1,Arsenal,-0.0,1.0
18750,1,0,Arsenal,1.0,-0.0
512,0,0,Arsenal,1.0,-0.0
12461,1,1,Arsenal,-0.0,1.0
11938,1,0,Arsenal,1.0,-0.0
13400,1,1,Arsenal,-0.0,1.0
18631,1,0,Arsenal,1.0,-0.0
9837,0,0,Arsenal,1.0,-0.0
10975,1,1,Arsenal,-0.0,1.0
343,0,0,Arsenal,1.0,-0.0
3764,0,0,Arsenal,1.0,-0.0
19903,1,1,Arsenal,-0.0,1.0
6072,0,0,Arsenal,1.0,-0.0
15076,1,0,Arsenal,0.9198271,0.0801729
1065,0,0,Arsenal,1.0,-0.0
6995,0,0,Arsenal,1.0,-0.0
12930,1,1,Arsenal,-0.0,1.0
8710,0,0,Arsenal,0.72029826,0.27970174
53,0,0,Arsenal,1.0,-0.0
8280,0,0,Arsenal,1.0,-0.0
7961,0,0,Arsenal,1.0,-0.0
5385,0,0,Arsenal,1.0,-0.0
10500,1,1,Arsenal,0.16004393,0.83995607
3912,0,0,Arsenal,1.0,-0.0
1911,0,0,Arsenal,1.0,-0.0
3328,0,0,Arsenal,1.0,-0.0
19158,1,1,Arsenal,-0.0,1.0
9898,0,0,Arsenal,0.87942231,0.12057769
15924,1,1,Arsenal,0.27997409,0.72002591
6384,0,0,Arsenal,1.0,-0.0
5578,0,0,Arsenal,0.96049893,0.03950107
16615,1,0,Arsenal,0.76069719,0.23930281
12289,1,1,Arsenal,-0.0,1.0
12181,1,1,Arsenal,-0.0,1.0
6799,0,0,Arsenal,0.79891304,0.20108696
13854,1,1,Arsenal,-0.0,1.0
11926,1,1,Arsenal,-0.0,1.0
12861,1,1,Arsenal,-0.0,1.0
19082,1,1,Arsenal,0.03954442,0.96045558
15275,1,0,Arsenal,1.0,-0.0
18582,1,0,Arsenal,0.88041668,0.11958332
14705,1,1,Arsenal,0.12007913,0.87992087
4176,0,0,Arsenal,0.95952978,0.04047022
18653,1,0,Arsenal,1.0,-0.0
18109,1,0,Arsenal,0.60038804,0.39961196
15457,1,1,Arsenal,-0.0,1.0
12008,1,1,Arsenal,-0.0,1.0
8620,0,0,Arsenal,1.0,-0.0
6752,0,0,Arsenal,1.0,-0.0
7474,0,0,Arsenal,0.96049893,0.03950107
2225,0,0,Arsenal,1.0,-0.0
2921,0,0,Arsenal,1.0,-0.0
14912,1,0,Arsenal,1.0,-0.0
15013,1,1,Arsenal,0.28034792,0.71965208
9738,0,0,Arsenal,0.95969746,0.04030254
12452,1,1,Arsenal,-0.0,1.0
8460,0,0,Arsenal,1.0,-0.0
4663,0,0,Arsenal,1.0,-0.0
1616,0,0,Arsenal,1.0,-0.0
19890,1,1,Arsenal,-0.0,1.0
4894,0,0,Arsenal,1.0,-0.0
13672,1,1,Arsenal,-0.0,1.0
14738,1,1,Arsenal,-0.0,1.0
2272,0,0,Arsenal,0.79880202,0.20119798
4154,0,0,Arsenal,1.0,-0.0
18133,1,0,Arsenal,1.0,-0.0
9307,0,0,Arsenal,1.0,-0.0
16919,1,1,Arsenal,0.47988366,0.52011634
7599,0,1,Arsenal,0.4798231,0.5201769
11079,1,1,Arsenal,-0.0,1.0
14893,1,1,Arsenal,-0.0,1.0
17649,1,0,Arsenal,0.87961211,0.12038789
4143,0,0,Arsenal,1.0,-0.0
2437,0,0,Arsenal,1.0,-0.0
2872,0,0,Arsenal,1.0,-0.0
700,0,1,Arsenal,0.48006471,0.51993529
13728,1,1,Arsenal,-0.0,1.0
17511,1,0,Arsenal,1.0,-0.0
11995,1,1,Arsenal,0.31844254,0.68155746
9100,0,0,Arsenal,1.0,-0.0
17814,1,1,Arsenal,0.04035819,0.95964181
16073,1,0,Arsenal,1.0,-0.0
10920,1,1,Arsenal,0.16081733,0.83918267
1506,0,0,Arsenal,0.96049192,0.03950808
7614,0,0,Arsenal,1.0,-0.0
2217,0,0,Arsenal,0.91981298,0.08018702
7380,0,0,Arsenal,1.0,-0.0
6600,0,0,Arsenal,1.0,-0.0
12337,1,1,Arsenal,-0.0,1.0
6662,0,0,Arsenal,0.96016461,0.03983539
1415,0,0,Arsenal,0.96008345,0.03991655
15273,1,1,Arsenal,-0.0,1.0
9704,0,0,Arsenal,1.0,-0.0
11000,1,1,Arsenal,-0.0,1.0
2540,0,0,Arsenal,1.0,-0.0
10823,1,1,Arsenal,-0.0,1.0
12741,1,1,Arsenal,-0.0,1.0
13824,1,1,Arsenal,-0.0,1.0
15051,1,0,Arsenal,0.80051454,0.19948546
9367,0,0,Arsenal,1.0,-0.0
11427,1,1,Arsenal,-0.0,1.0
12833,1,1,Arsenal,-0.0,1.0
14137,1,1,Arsenal,-0.0,1.0
15296,1,1,Arsenal,0.11983615,0.88016385
9274,0,0,Arsenal,1.0,-0.0
3680,0,0,Arsenal,1.0,-0.0
12092,1,1,Arsenal,-0.0,1.0
154,0,0,Arsenal,1.0,-0.0
15362,1,1,Arsenal,0.36006101,0.63993899
16923,1,0,Arsenal,1.0,-0.0
6058,0,0,Arsenal,1.0,-0.0
14858,1,1,Arsenal,0.19971224,0.80028776
71,0,0,Arsenal,1.0,-0.0
2984,0,0,Arsenal,1.0,-0.0
3084,0,0,Arsenal,1.0,-0.0
9071,0,0,Arsenal,1.0,-0.0
11670,1,1,Arsenal,-0.0,1.0
9690,0,0,Arsenal,0.9600588,0.0399412
70,0,0,Arsenal,1.0,-0.0
9824,0,0,Arsenal,1.0,-0.0
6599,0,0,Arsenal,1.0,-0.0
17913,1,0,Arsenal,0.96008345,0.03991655
4812,0,0,Arsenal,1.0,-0.0
664,0,0,Arsenal,1.0,-0.0
15294,1,0,Arsenal,0.64098242,0.35901758
4189,0,0,Arsenal,0.68010602,0.31989398
7398,0,0,Arsenal,1.0,-0.0
16681,1,0,Arsenal,0.96045558,0.03954442
5016,0,0,Arsenal,1.0,-0.0
18944,1,0,Arsenal,0.64113465,0.35886535
5135,0,0,Arsenal,1.0,-0.0
4407,0,0,Arsenal,1.0,-0.0
7813,0,0,Arsenal,1.0,-0.0
7817,0,0,Arsenal,1.0,-0.0
5601,0,0,Arsenal,1.0,-0.0
6728,0,0,Arsenal,0.95975418,0.04024582
16417,1,0,Arsenal,1.0,-0.0
5414,0,0,Arsenal,1.0,-0.0
5067,0,0,Arsenal,1.0,-0.0
12385,1,1,Arsenal,-0.0,1.0
8063,0,0,Arsenal,0.96009269,0.03990731
13115,1,1,Arsenal,-0.0,1.0
15922,1,1,Arsenal,-0.0,1.0
4493,0,0,Arsenal,1.0,-0.0
18295,1,1,Arsenal,0.03969133,0.96030867
12591,1,1,Arsenal,-0.0,1.0
10653,1,0,Arsenal,0.8800548,0.1199452
7060,0,0,Arsenal,1.0,-0.0
11654,1,0,Arsenal,1.0,-0.0
17642,1,1,Arsenal,0.24124894,0.75875106
10513,1,1,Arsenal,-0.0,1.0
17796,1,1,Arsenal,0.23959839,0.76040161
9662,0,0,Arsenal,1.0,-0.0
11561,1,0,Arsenal,0.95980837,0.04019163
9486,0,0,Arsenal,1.0,-0.0
9235,0,0,Arsenal,1.0,-0.0
6954,0,0,Arsenal,1.0,-0.0
6011,0,0,Arsenal,1.0,-0.0
10533,1,0,Arsenal,1.0,-0.0
5301,0,0,Arsenal,1.0,-0.0
6262,0,0,Arsenal,1.0,-0.0
5555,0,0,Arsenal,1.0,-0.0
1003,0,0,Arsenal,1.0,-0.0
7185,0,0,Arsenal,1.0,-0.0
13488,1,1,Arsenal,-0.0,1.0
9435,0,0,Arsenal,1.0,-0.0
9175,0,0,Arsenal,1.0,-0.0
17151,1,0,Arsenal,0.72036222,0.27963778
2122,0,0,Arsenal,1.0,-0.0
18005,1,1,Arsenal,0.47986187,0.52013813
5683,0,0,Arsenal,1.0,-0.0
14616,1,0,Arsenal,0.72019187,0.27980813
477,0,0,Arsenal,1.0,-0.0
7193,0,0,Arsenal,1.0,-0.0
7477,0,0,Arsenal,1.0,-0.0
4974,0,0,Arsenal,1.0,-0.0
12989,1,1,Arsenal,-0.0,1.0
7747,0,0,Arsenal,1.0,-0.0
15453,1,1,Arsenal,0.19935429,0.80064571
13858,1,1,Arsenal,-0.0,1.0
14975,1,0,Arsenal,0.96030255,0.03969745
8688,0,0,Arsenal,0.95979716,0.04020284
14491,1,0,Arsenal,0.84002266,0.15997734
15006,1,0,Arsenal,0.95964181,0.04035819
14519,1,1,Arsenal,0.04022552,0.95977448
1945,0,0,Arsenal,0.76050251,0.23949749
6060,0,0,Arsenal,1.0,-0.0
18050,1,1,Arsenal,-0.0,1.0
11316,1,1,Arsenal,-0.0,1.0
10287,1,1,Arsenal,-0.0,1.0
17214,1,0,Arsenal,1.0,-0.0
11221,1,1,Arsenal,-0.0,1.0
9063,0,0,Arsenal,1.0,-0.0
566,0,0,Arsenal,1.0,-0.0
4347,0,0,Arsenal,1.0,-0.0
11610,1,0,Arsenal,1.0,-0.0
8258,0,0,Arsenal,1.0,-0.0
11747,1,0,Arsenal,1.0,-0.0
10953,1,1,Arsenal,0.11973019,0.88026981
13949,1,1,Arsenal,0.04030254,0.95969746
15902,1,1,Arsenal,-0.0,1.0
10009,1,1,Arsenal,-0.0,1.0
2924,0,0,Arsenal,1.0,-0.0
4168,0,0,Arsenal,1.0,-0.0
17133,1,0,Arsenal,0.92047093,0.07952907
18260,1,0,Arsenal,0.55981667,0.44018333
11643,1,0,Arsenal,1.0,-0.0
12639,1,1,Arsenal,-0.0,1.0
12881,1,1,Arsenal,-0.0,1.0
10993,1,1,Arsenal,-0.0,1.0
4643,0,0,Arsenal,0.88034897,0.11965103
14609,1,0,Arsenal,1.0,-0.0
6236,0,0,Arsenal,1.0,-0.0
6903,0,0,Arsenal,1.0,-0.0
15125,1,1,Arsenal,0.43855381,0.56144619
9944,0,0,Arsenal,1.0,-0.0
17200,1,0,Arsenal,0.51986622,0.48013378
2867,0,0,Arsenal,0.96016461,0.03983539
7423,0,0,Arsenal,0.95997346,0.04002654
12391,1,1,Arsenal,-0.0,1.0
17105,1,0,Arsenal,1.0,-0.0
7891,0,0,Arsenal,1.0,-0.0
3815,0,0,Arsenal,0.95952978,0.04047022
16225,1,0,Arsenal,0.96030255,0.03969745
11496,1,1,Arsenal,-0.0,1.0
2746,0,0,Arsenal,1.0,-0.0
13455,1,1,Arsenal,-0.0,1.0
3428,0,0,Arsenal,1.0,-0.0
1157,0,0,Arsenal,1.0,-0.0
19075,1,1,Arsenal,0.15971833,0.84028167
857,0,0,Arsenal,0.95975418,0.04024582
10582,1,0,Arsenal,1.0,-0.0
5244,0,0,Arsenal,1.0,-0.0
9971,0,0,Arsenal,1.0,-0.0
11149,1,1,Arsenal,-0.0,1.0
13268,1,1,Arsenal,-0.0,1.0
14364,1,1,Arsenal,-0.0,1.0
17886,1,1,Arsenal,-0.0,1.0
9639,0,0,Arsenal,1.0,-0.0
5938,0,0,Arsenal,1.0,-0.0
12599,1,1,Arsenal,-0.0,1.0
12919,1,1,Arsenal,-0.0,1.0
1784,0,0,Arsenal,1.0,-0.0
4390,0,0,Arsenal,1.0,-0.0
16667,1,1,Arsenal,0.43841537,0.56158463
3666,0,0,Arsenal,1.0,-0.0
13303,1,1,Arsenal,-0.0,1.0
12836,1,1,Arsenal,-0.0,1.0
10446,1,0,Arsenal,1.0,-0.0
2633,0,0,Arsenal,1.0,-0.0
18250,1,0,Arsenal,0.80011171,0.19988829
14423,1,0,Arsenal,0.9598999,0.0401001
6523,0,0,Arsenal,1.0,-0.0
10634,1,1,Arsenal,0.40020791,0.59979209
14400,1,1,Arsenal,0.36075829,0.63924171
3433,0,0,Arsenal,1.0,-0.0
15089,1,0,Arsenal,1.0,-0.0
19574,1,1,Arsenal,-0.0,1.0
6934,0,0,Arsenal,0.95979742,0.04020258
15580,1,0,Arsenal,0.64014601,0.35985399
12421,1,1,Arsenal,-0.0,1.0
18391,1,1,Arsenal,0.08014028,0.91985972
15895,1,1,Arsenal,-0.0,1.0
705,0,0,Arsenal,0.76091814,0.23908186
17994,1,0,Arsenal,1.0,-0.0
6234,0,0,Arsenal,1.0,-0.0
16871,1,0,Arsenal,0.8804448,0.1195552
15314,1,0,Arsenal,0.96009269,0.03990731
18447,1,0,Arsenal,0.55999154,0.44000846
8782,0,0,Arsenal,1.0,-0.0
2951,0,0,Arsenal,1.0,-0.0
14224,1,1,Arsenal,0.12078742,0.87921258
11887,1,0,Arsenal,0.72004584,0.27995416
15699,1,0,Arsenal,0.52049831,0.47950169
15322,1,0,Arsenal,0.60053985,0.39946015
17503,1,1,Arsenal,0.44095109,0.55904891
4471,0,0,Arsenal,1.0,-0.0
830,0,0,Arsenal,1.0,-0.0
8652,0,0,Arsenal,1.0,-0.0
11391,1,1,Arsenal,-0.0,1.0
18237,1,0,Arsenal,0.72053692,0.27946308
225,0,0,Arsenal,1.0,-0.0
18573,1,1,Arsenal,-0.0,1.0
2416,0,0,Arsenal,1.0,-0.0
2845,0,0,Arsenal,1.0,-0.0
9026,0,0,Arsenal,1.0,-0.0
946,0,0,Arsenal,1.0,-0.0
13577,1,1,Arsenal,-0.0,1.0
13550,1,1,Arsenal,-0.0,1.0
2449,0,0,Arsenal,1.0,-0.0
12571,1,1,Arsenal,-0.0,1.0
17247,1,0,Arsenal,0.96030255,0.03969745
15634,1,1,Arsenal,-0.0,1.0
13998,1,1,Arsenal,-0.0,1.0
3851,0,0,Arsenal,1.0,-0.0
8774,0,0,Arsenal,1.0,-0.0
16912,1,1,Arsenal,0.40017126,0.59982874
6754,0,0,Arsenal,1.0,-0.0
18768,1,1,Arsenal,-0.0,1.0
4015,0,0,Arsenal,1.0,-0.0
6688,0,0,Arsenal,1.0,-0.0
3944,0,0,Arsenal,1.0,-0.0
14897,1,0,Arsenal,0.56014749,0.43985251
13054,1,1,Arsenal,-0.0,1.0
8405,0,0,Arsenal,0.95975418,0.04024582
6455,0,0,Arsenal,1.0,-0.0
13157,1,1,Arsenal,-0.0,1.0
15338,1,0,Arsenal,0.92030731,0.07969269
13352,1,1,Arsenal,-0.0,1.0
17084,1,0,Arsenal,1.0,-0.0
4671,0,0,Arsenal,0.96049192,0.03950808
15415,1,0,Arsenal,0.72050001,0.27949999
18994,1,1,Arsenal,-0.0,1.0
18287,1,0,Arsenal,1.0,-0.0
7676,0,0,Arsenal,1.0,-0.0
12321,1,1,Arsenal,-0.0,1.0
8188,0,0,Arsenal,1.0,-0.0
2042,0,0,Arsenal,1.0,-0.0
12992,1,1,Arsenal,-0.0,1.0
6920,0,0,Arsenal,1.0,-0.0
16254,1,0,Arsenal,1.0,-0.0
18483,1,0,Arsenal,1.0,-0.0
1531,0,0,Arsenal,1.0,-0.0
15130,1,0,Arsenal,0.75971802,0.24028198
1808,0,0,Arsenal,1.0,-0.0
712,0,0,Arsenal,0.95980837,0.04019163
6704,0,0,Arsenal,1.0,-0.0
4134,0,0,Arsenal,1.0,-0.0
16618,1,1,Arsenal,0.31973957,0.68026043
2400,0,0,Arsenal,1.0,-0.0
12022,1,1,Arsenal,-0.0,1.0
3055,0,0,Arsenal,0.95977448,0.04022552
6964,0,1,Arsenal,-0.0,1.0
5132,0,0,Arsenal,1.0,-0.0
14124,1,1,Arsenal,-0.0,1.0
4633,0,0,Arsenal,0.96016461,0.03983539
19044,1,1,Arsenal,0.44005599,0.55994401
10550,1,0,Arsenal,1.0,-0.0
14397,1,0,Arsenal,1.0,-0.0
6007,0,0,Arsenal,1.0,-0.0
4165,0,0,Arsenal,1.0,-0.0
4138,0,0,Arsenal,1.0,-0.0
11507,1,1,Arsenal,-0.0,1.0
12715,1,1,Arsenal,-0.0,1.0
11602,1,1,Arsenal,-0.0,1.0
3098,0,0,Arsenal,1.0,-0.0
17019,1,0,Arsenal,0.8794486,0.1205514
2775,0,0,Arsenal,1.0,-0.0
17726,1,1,Arsenal,0.35976274,0.64023726
10223,1,1,Arsenal,-0.0,1.0
14412,1,1,Arsenal,-0.0,1.0
15307,1,0,Arsenal,0.64028988,0.35971012
16765,1,0,Arsenal,0.92013607,0.07986393
9987,0,0,Arsenal,1.0,-0.0
4911,0,0,Arsenal,1.0,-0.0
17093,1,1,Arsenal,0.07945174,0.92054826
6244,0,0,Arsenal,1.0,-0.0
9907,0,0,Arsenal,1.0,-0.0
9636,0,0,Arsenal,0.95983992,0.04016008
4287,0,0,Arsenal,1.0,-0.0
14422,1,1,Arsenal,-0.0,1.0
2329,0,0,Arsenal,0.95979716,0.04020284
4381,0,0,Arsenal,1.0,-0.0
723,0,0,Arsenal,1.0,-0.0
12675,1,1,Arsenal,-0.0,1.0
18471,1,0,Arsenal,1.0,-0.0
8129,0,0,Arsenal,1.0,-0.0
7582,0,0,Arsenal,1.0,-0.0
7055,0,0,Arsenal,1.0,-0.0
19016,1,1,Arsenal,-0.0,1.0
2245,0,0,Arsenal,0.95952978,0.04047022
11418,1,1,Arsenal,-0.0,1.0
5335,0,0,Arsenal,1.0,-0.0
3611,0,0,Arsenal,1.0,-0.0
3789,0,0,Arsenal,1.0,-0.0
11368,1,1,Arsenal,-0.0,1.0
13706,1,1,Arsenal,-0.0,1.0
14511,1,1,Arsenal,-0.0,1.0
14145,1,1,Arsenal,-0.0,1.0
13355,1,1,Arsenal,-0.0,1.0
15399,1,1,Arsenal,0.23921014,0.76078986
16431,1,0,Arsenal,1.0,-0.0
13198,1,0,Arsenal,1.0,-0.0
15297,1,1,Arsenal,0.11947639,0.88052361
11517,1,1,Arsenal,-0.0,1.0
11668,1,0,Arsenal,0.96049893,0.03950107
3390,0,0,Arsenal,1.0,-0.0
1673,0,0,Arsenal,0.95969746,0.04030254
18843,1,1,Arsenal,0.36030679,0.63969321
7689,0,0,Arsenal,1.0,-0.0
6209,0,0,Arsenal,1.0,-0.0
5521,0,0,Arsenal,1.0,-0.0
11658,1,0,Arsenal,1.0,-0.0
6328,0,0,Arsenal,0.95971771,0.04028229
10517,1,0,Arsenal,0.92017614,0.07982386
16621,1,0,Arsenal,0.92011357,0.07988643
19062,1,0,Arsenal,1.0,-0.0
7774,0,0,Arsenal,1.0,-0.0
2253,0,0,Arsenal,0.8804448,0.1195552
15023,1,0,Arsenal,1.0,-0.0
11438,1,1,Arsenal,-0.0,1.0
17160,1,0,Arsenal,1.0,-0.0
8928,0,0,Arsenal,1.0,-0.0
4781,0,0,Arsenal,0.84076325,0.15923675
4945,0,0,Arsenal,1.0,-0.0
8156,0,0,Arsenal,1.0,-0.0
13182,1,1,Arsenal,-0.0,1.0
13565,1,1,Arsenal,-0.0,1.0
8682,0,0,Arsenal,0.92029635,0.07970365
4474,0,0,Arsenal,0.96030255,0.03969745
5681,0,0,Arsenal,1.0,-0.0
9525,0,0,Arsenal,1.0,-0.0
9825,0,0,Arsenal,1.0,-0.0
5915,0,0,Arsenal,0.87979717,0.12020283
8445,0,0,Arsenal,0.95964181,0.04035819
17864,1,1,Arsenal,-0.0,1.0
3565,0,0,Arsenal,0.96030255,0.03969745
11172,1,1,Arsenal,-0.0,1.0
13532,1,1,Arsenal,-0.0,1.0
2479,0,0,Arsenal,1.0,-0.0
9677,0,0,Arsenal,0.95997346,0.04002654
8818,0,0,Arsenal,0.80152795,0.19847205
12109,1,1,Arsenal,-0.0,1.0
13875,1,1,Arsenal,-0.0,1.0
7947,0,0,Arsenal,1.0,-0.0
6437,0,0,Arsenal,1.0,-0.0
9143,0,0,Arsenal,0.76076183,0.23923817
18434,1,1,Arsenal,0.27999987,0.72000013
14286,1,1,Arsenal,-0.0,1.0
8116,0,0,Arsenal,0.95979742,0.04020258
9094,0,0,Arsenal,1.0,-0.0
937,0,0,Arsenal,1.0,-0.0
11808,1,0,Arsenal,1.0,-0.0
13078,1,1,Arsenal,-0.0,1.0
12304,1,1,Arsenal,-0.0,1.0
13324,1,1,Arsenal,-0.0,1.0
9229,0,0,Arsenal,1.0,-0.0
1310,0,0,Arsenal,1.0,-0.0
14936,1,1,Arsenal,0.44027572,0.55972428
13630,1,1,Arsenal,-0.0,1.0
17569,1,1,Arsenal,-0.0,1.0
13116,1,1,Arsenal,-0.0,1.0
15267,1,0,Arsenal,0.67953419,0.32046581
6162,0,0,Arsenal,1.0,-0.0
1953,0,1,Arsenal,0.36033474,0.63966526
4489,0,0,Arsenal,1.0,-0.0
300,0,0,Arsenal,0.92021723,0.07978277
293,0,0,Arsenal,1.0,-0.0
1968,0,0,Arsenal,1.0,-0.0
17960,1,1,Arsenal,0.15925697,0.84074303
16826,1,0,Arsenal,1.0,-0.0
8034,0,0,Arsenal,1.0,-0.0
11617,1,0,Arsenal,0.92002026,0.07997974
4172,0,0,Arsenal,1.0,-0.0
10884,1,1,Arsenal,-0.0,1.0
554,0,0,Arsenal,1.0,-0.0
6797,0,0,Arsenal,1.0,-0.0
3914,0,0,Arsenal,1.0,-0.0
13599,1,1,Arsenal,-0.0,1.0
4294,0,0,Arsenal,1.0,-0.0
9236,0,0,Arsenal,1.0,-0.0
13251,1,1,Arsenal,-0.0,1.0
13821,1,1,Arsenal,-0.0,1.0
2001,0,0,Arsenal,1.0,-0.0
7044,0,0,Arsenal,0.84018295,0.15981705
4586,0,0,Arsenal,1.0,-0.0
13423,1,1,Arsenal,-0.0,1.0
11712,1,0,Arsenal,1.0,-0.0
18634,1,0,Arsenal,1.0,-0.0
11478,1,1,Arsenal,-0.0,1.0
3569,0,0,Arsenal,1.0,-0.0
19173,1,0,Arsenal,1.0,-0.0
18193,1,1,Arsenal,0.279056,0.720944
2732,0,0,Arsenal,0.88014942,0.11985058
13688,1,1,Arsenal,-0.0,1.0
9810,0,0,Arsenal,1.0,-0.0
13873,1,1,Arsenal,-0.0,1.0
5120,0,0,Arsenal,1.0,-0.0
15681,1,1,Arsenal,0.08040264,0.91959736
14033,1,1,Arsenal,-0.0,1.0
1177,0,0,Arsenal,1.0,-0.0
5272,0,0,Arsenal,0.91966902,0.08033098
15623,1,1,Arsenal,0.08014028,0.91985972
17442,1,0,Arsenal,0.96030255,0.03969745
6362,0,0,Arsenal,1.0,-0.0
2100,0,0,Arsenal,1.0,-0.0
665,0,0,Arsenal,1.0,-0.0
982,0,0,Arsenal,1.0,-0.0
2696,0,0,Arsenal,1.0,-0.0
10464,1,0,Arsenal,0.64162144,0.35837856
4498,0,0,Arsenal,1.0,-0.0
11554,1,1,Arsenal,-0.0,1.0
19160,1,0,Arsenal,1.0,-0.0
5609,0,0,Arsenal,1.0,-0.0
2832,0,0,Arsenal,0.9600588,0.0399412
11377,1,1,Arsenal,-0.0,1.0
6061,0,0,Arsenal,1.0,-0.0
15472,1,1,Arsenal,-0.0,1.0
5093,0,0,Arsenal,1.0,-0.0
11952,1,1,Arsenal,-0.0,1.0
6518,0,0,Arsenal,1.0,-0.0
8447,0,0,Arsenal,1.0,-0.0
10796,1,1,Arsenal,-0.0,1.0
13735,1,1,Arsenal,-0.0,1.0
10654,1,0,Arsenal,0.88004351,0.11995649
12842,1,1,Arsenal,-0.0,1.0
17763,1,0,Arsenal,1.0,-0.0
5948,0,0,Arsenal,1.0,-0.0
8954,0,0,Arsenal,1.0,-0.0
563,0,0,Arsenal,0.95975418,0.04024582
13389,1,1,Arsenal,-0.0,1.0
7846,0,0,Arsenal,0.96030255,0.03969745
13756,1,1,Arsenal,-0.0,1.0
15048,1,0,Arsenal,0.91969732,0.08030268
14765,1,1,Arsenal,0.16045409,0.83954591
7545,0,0,Arsenal,1.0,-0.0
15571,1,1,Arsenal,0.24021521,0.75978479
1064,0,0,Arsenal,1.0,-0.0
1895,0,0,Arsenal,1.0,-0.0
10290,1,1,Arsenal,-0.0,1.0
18986,1,0,Arsenal,1.0,-0.0
12899,1,1,Arsenal,-0.0,1.0
4617,0,0,Arsenal,0.92005673,0.07994327
12584,1,1,Arsenal,-0.0,1.0
5661,0,0,Arsenal,1.0,-0.0
18456,1,0,Arsenal,0.95969746,0.04030254
10939,1,1,Arsenal,-0.0,1.0
1211,0,0,Arsenal,1.0,-0.0
18668,1,1,Arsenal,0.20085977,0.79914023
4883,0,0,Arsenal,1.0,-0.0
15483,1,1,Arsenal,-0.0,1.0
1763,0,1,Arsenal,-0.0,1.0
10204,1,1,Arsenal,-0.0,1.0
6519,0,0,Arsenal,1.0,-0.0
14805,1,1,Arsenal,-0.0,1.0
14214,1,1,Arsenal,-0.0,1.0
10040,1,1,Arsenal,-0.0,1.0
10025,1,1,Arsenal,-0.0,1.0
13219,1,1,Arsenal,-0.0,1.0
6213,0,0,Arsenal,1.0,-0.0
2713,0,0,Arsenal,1.0,-0.0
4438,0,0,Arsenal,1.0,-0.0
9234,0,0,Arsenal,1.0,-0.0
12844,1,1,Arsenal,-0.0,1.0
15375,1,0,Arsenal,0.75977649,0.24022351
11170,1,1,Arsenal,-0.0,1.0
16687,1,0,Arsenal,0.60092431,0.39907569
4325,0,0,Arsenal,1.0,-0.0
12558,1,1,Arsenal,-0.0,1.0
983,0,0,Arsenal,0.92051438,0.07948562
11853,1,1,Arsenal,-0.0,1.0
16245,1,0,Arsenal,1.0,-0.0
4492,0,0,Arsenal,1.0,-0.0
3620,0,0,Arsenal,1.0,-0.0
831,0,0,Arsenal,0.91955763,0.08044237
818,0,0,Arsenal,1.0,-0.0
18792,1,1,Arsenal,0.04004869,0.95995131
18820,1,0,Arsenal,0.560323,0.439677
17853,1,0,Arsenal,1.0,-0.0
12839,1,1,Arsenal,-0.0,1.0
11851,1,0,Arsenal,1.0,-0.0
7508,0,0,Arsenal,1.0,-0.0
13671,1,1,Arsenal,-0.0,1.0
8550,0,0,Arsenal,0.91956255,0.08043745
3601,0,0,Arsenal,1.0,-0.0
16914,1,0,Arsenal,0.91977087,0.08022913
5887,0,0,Arsenal,1.0,-0.0
7077,0,0,Arsenal,0.83965003,0.16034997
2295,0,0,Arsenal,1.0,-0.0
1302,0,0,Arsenal,0.88043802,0.11956198
9172,0,0,Arsenal,0.95975418,0.04024582
16636,1,1,Arsenal,0.07953519,0.92046481
15414,1,1,Arsenal,0.16020785,0.83979215
1125,0,0,Arsenal,1.0,-0.0
2680,0,0,Arsenal,1.0,-0.0
15377,1,0,Arsenal,0.79910027,0.20089973
1019,0,0,Arsenal,1.0,-0.0
10085,1,1,Arsenal,-0.0,1.0
14394,1,0,Arsenal,0.72025747,0.27974253
11258,1,1,Arsenal,-0.0,1.0
19347,1,1,Arsenal,-0.0,1.0
401,0,0,Arsenal,1.0,-0.0
12835,1,1,Arsenal,-0.0,1.0
9649,0,0,Arsenal,1.0,-0.0
14492,1,1,Arsenal,0.15929829,0.84070171
5819,0,0,Arsenal,1.0,-0.0
9402,0,0,Arsenal,1.0,-0.0
4431,0,0,Arsenal,1.0,-0.0
14887,1,0,Arsenal,0.52010519,0.47989481
5662,0,0,Arsenal,1.0,-0.0
9645,0,0,Arsenal,0.95980837,0.04019163
5358,0,0,Arsenal,1.0,-0.0
16874,1,0,Arsenal,0.96014498,0.03985502
7603,0,0,Arsenal,1.0,-0.0
9436,0,0,Arsenal,1.0,-0.0
6093,0,0,Arsenal,0.95975418,0.04024582
902,0,0,Arsenal,1.0,-0.0
3229,0,0,Arsenal,1.0,-0.0
74,0,0,Arsenal,1.0,-0.0
1800,0,1,Arsenal,0.12069961,0.87930039
6172,0,0,Arsenal,1.0,-0.0
16757,1,0,Arsenal,0.8399741,0.1600259
18620,1,0,Arsenal,0.87912714,0.12087286
5231,0,0,Arsenal,0.83970894,0.16029106
7403,0,0,Arsenal,1.0,-0.0
4364,0,0,Arsenal,1.0,-0.0
16814,1,0,Arsenal,0.67903355,0.32096645
3926,0,0,Arsenal,0.95971771,0.04028229
4855,0,0,Arsenal,1.0,-0.0
14477,1,0,Arsenal,0.5201999,0.4798001
13832,1,1,Arsenal,-0.0,1.0
568,0,0,Arsenal,1.0,-0.0
15016,1,0,Arsenal,0.8006765,0.1993235
1037,0,0,Arsenal,1.0,-0.0
127,0,0,Arsenal,1.0,-0.0
9114,0,0,Arsenal,1.0,-0.0
4125,0,0,Arsenal,1.0,-0.0
18464,1,0,Arsenal,0.91975626,0.08024374
14742,1,1,Arsenal,-0.0,1.0
2162,0,1,Arsenal,0.40034983,0.59965017
13687,1,1,Arsenal,-0.0,1.0
12573,1,1,Arsenal,-0.0,1.0
2157,0,0,Arsenal,1.0,-0.0
7378,0,0,Arsenal,0.95983992,0.04016008
3250,0,0,Arsenal,1.0,-0.0
16665,1,0,Arsenal,0.92061122,0.07938878
13453,1,1,Arsenal,-0.0,1.0
18677,1,0,Arsenal,0.75957591,0.24042409
5227,0,0,Arsenal,1.0,-0.0
13247,1,1,Arsenal,-0.0,1.0
4313,0,0,Arsenal,1.0,-0.0
14885,1,1,Arsenal,-0.0,1.0
4434,0,0,Arsenal,1.0,-0.0
7970,0,0,Arsenal,0.91992337,0.08007663
8536,0,0,Arsenal,1.0,-0.0
3454,0,0,Arsenal,0.95979742,0.04020258
13860,1,0,Arsenal,0.95964181,0.04035819
6634,0,0,Arsenal,1.0,-0.0
6658,0,0,Arsenal,1.0,-0.0
12404,1,1,Arsenal,-0.0,1.0
14103,1,1,Arsenal,0.07981062,0.92018938
12637,1,1,Arsenal,-0.0,1.0
11293,1,1,Arsenal,-0.0,1.0
13705,1,1,Arsenal,-0.0,1.0
14158,1,0,Arsenal,0.88020189,0.11979811
8086,0,0,Arsenal,1.0,-0.0
14673,1,1,Arsenal,0.28052038,0.71947962
69,0,0,Arsenal,1.0,-0.0
2932,0,0,Arsenal,0.92060056,0.07939944
10388,1,1,Arsenal,-0.0,1.0
18832,1,1,Arsenal,0.11997917,0.88002083
10093,1,1,Arsenal,-0.0,1.0
18519,1,0,Arsenal,1.0,-0.0
13411,1,1,Arsenal,-0.0,1.0
10715,1,0,Arsenal,1.0,-0.0
12144,1,1,Arsenal,-0.0,1.0
13809,1,1,Arsenal,-0.0,1.0
9202,0,0,Arsenal,0.59943941,0.40056059
13552,1,1,Arsenal,-0.0,1.0
11179,1,1,Arsenal,-0.0,1.0
3518,0,0,Arsenal,1.0,-0.0
2912,0,0,Arsenal,0.96009269,0.03990731
449,0,0,Arsenal,1.0,-0.0
490,0,0,Arsenal,1.0,-0.0
2711,0,0,Arsenal,1.0,-0.0
15214,1,1,Arsenal,0.23944522,0.76055478
19057,1,0,Arsenal,0.88018316,0.11981684
3592,0,0,Arsenal,1.0,-0.0
13012,1,1,Arsenal,-0.0,1.0
7554,0,0,Arsenal,0.91978679,0.08021321
7488,0,0,Arsenal,1.0,-0.0
8464,0,0,Arsenal,1.0,-0.0
4219,0,0,Arsenal,1.0,-0.0
6430,0,0,Arsenal,1.0,-0.0
2482,0,0,Arsenal,0.68080048,0.31919952
8731,0,0,Arsenal,0.96030255,0.03969745
13953,1,1,Arsenal,-0.0,1.0
9610,0,0,Arsenal,1.0,-0.0
6143,0,0,Arsenal,1.0,-0.0
11226,1,1,Arsenal,-0.0,1.0
12009,1,1,Arsenal,-0.0,1.0
17319,1,0,Arsenal,0.52004423,0.47995577
7871,0,0,Arsenal,0.9198068,0.0801932
5084,0,0,Arsenal,0.7600348,0.2399652
8484,0,0,Arsenal,1.0,-0.0
12460,1,1,Arsenal,-0.0,1.0
2257,0,0,Arsenal,0.95980837,0.04019163
14472,1,1,Arsenal,-0.0,1.0
18176,1,0,Arsenal,0.84025154,0.15974846
14439,1,0,Arsenal,0.56137703,0.43862297
14690,1,1,Arsenal,-0.0,1.0
12260,1,1,Arsenal,-0.0,1.0
97,0,0,Arsenal,1.0,-0.0
158,0,0,Arsenal,1.0,-0.0
8681,0,0,Arsenal,1.0,-0.0
15499,1,1,Arsenal,-0.0,1.0
10759,1,0,Arsenal,1.0,-0.0
10699,1,0,Arsenal,1.0,-0.0
736,0,0,Arsenal,1.0,-0.0
4676,0,0,Arsenal,1.0,-0.0
215,0,0,Arsenal,1.0,-0.0
9464,0,0,Arsenal,0.95983992,0.04016008
18416,1,1,Arsenal,0.47968285,0.52031715
3094,0,0,Arsenal,1.0,-0.0
2050,0,0,Arsenal,1.0,-0.0
11816,1,0,Arsenal,1.0,-0.0
2613,0,0,Arsenal,1.0,-0.0
5786,0,0,Arsenal,1.0,-0.0
1670,0,0,Arsenal,0.91989916,0.08010084
