sample_id,true_label,predicted_label,model_name,prob_stationary,prob_non-stationary
6524,0,0,RandomForest,1.0,0.0
4496,0,0,RandomForest,1.0,0.0
3041,0,0,RandomForest,0.965,0.035
1058,0,0,RandomForest,1.0,0.0
18308,1,1,RandomForest,0.0,1.0
13194,1,1,RandomForest,0.0,1.0
4805,0,0,RandomForest,1.0,0.0
9114,0,0,RandomForest,1.0,0.0
14705,1,1,RandomForest,0.0,1.0
11451,1,1,RandomForest,0.0,1.0
11679,1,1,RandomForest,0.0,1.0
10515,1,1,RandomForest,0.0,1.0
1798,0,0,RandomForest,1.0,0.0
9514,0,0,RandomForest,1.0,0.0
6441,0,0,RandomForest,1.0,0.0
9637,0,0,RandomForest,1.0,0.0
7421,0,0,RandomForest,0.96,0.04
4037,0,0,RandomForest,1.0,0.0
13397,1,1,RandomForest,0.0,1.0
6812,0,0,RandomForest,0.99,0.01
7574,0,0,RandomForest,1.0,0.0
1953,0,0,RandomForest,1.0,0.0
14525,1,1,RandomForest,0.0,1.0
7827,0,0,RandomForest,1.0,0.0
17407,1,1,RandomForest,0.005,0.995
13876,1,1,RandomForest,0.0,1.0
9167,0,0,RandomForest,1.0,0.0
10613,1,1,RandomForest,0.0,1.0
9776,0,0,RandomForest,1.0,0.0
14102,1,1,RandomForest,0.01,0.99
986,0,0,RandomForest,1.0,0.0
5299,0,0,RandomForest,1.0,0.0
16322,1,1,RandomForest,0.005,0.995
18136,1,1,RandomForest,0.0,1.0
12323,1,1,RandomForest,0.0,1.0
6024,0,0,RandomForest,0.985,0.015
11670,1,1,RandomForest,0.0,1.0
4440,0,0,RandomForest,1.0,0.0
7083,0,0,RandomForest,1.0,0.0
5854,0,0,RandomForest,0.995,0.005
17826,1,1,RandomForest,0.0,1.0
6893,0,0,RandomForest,0.875,0.125
11483,1,1,RandomForest,0.0,1.0
19119,1,1,RandomForest,0.0,1.0
10465,1,1,RandomForest,0.0,1.0
12720,1,1,RandomForest,0.0,1.0
1300,0,0,RandomForest,1.0,0.0
225,0,0,RandomForest,0.995,0.005
10294,1,1,RandomForest,0.0,1.0
10660,1,1,RandomForest,0.0,1.0
18663,1,1,RandomForest,0.0,1.0
6446,0,0,RandomForest,1.0,0.0
18203,1,1,RandomForest,0.0,1.0
2491,0,0,RandomForest,0.965,0.035
4858,0,0,RandomForest,0.975,0.025
5569,0,0,RandomForest,0.985,0.015
8828,0,0,RandomForest,1.0,0.0
4079,0,0,RandomForest,1.0,0.0
4841,0,0,RandomForest,0.99,0.01
6770,0,0,RandomForest,1.0,0.0
17301,1,1,RandomForest,0.005,0.995
17553,1,1,RandomForest,0.025,0.975
15717,1,1,RandomForest,0.0,1.0
7979,0,0,RandomForest,0.98,0.02
16321,1,1,RandomForest,0.01,0.99
6185,0,0,RandomForest,1.0,0.0
13203,1,1,RandomForest,0.0,1.0
10328,1,1,RandomForest,0.0,1.0
6396,0,0,RandomForest,1.0,0.0
17237,1,1,RandomForest,0.0,1.0
18142,1,1,RandomForest,0.005,0.995
5919,0,0,RandomForest,0.995,0.005
14082,1,1,RandomForest,0.0,1.0
12361,1,1,RandomForest,0.0,1.0
12184,1,1,RandomForest,0.0,1.0
17131,1,1,RandomForest,0.0,1.0
8412,0,0,RandomForest,1.0,0.0
11524,1,1,RandomForest,0.0,1.0
3724,0,0,RandomForest,0.995,0.005
8512,0,0,RandomForest,1.0,0.0
9942,0,0,RandomForest,0.995,0.005
18170,1,1,RandomForest,0.0,1.0
18030,1,1,RandomForest,0.01,0.99
9640,0,0,RandomForest,1.0,0.0
16690,1,1,RandomForest,0.015,0.985
13846,1,1,RandomForest,0.0,1.0
7679,0,0,RandomForest,1.0,0.0
17652,1,1,RandomForest,0.005,0.995
7575,0,0,RandomForest,1.0,0.0
18530,1,1,RandomForest,0.0,1.0
10484,1,1,RandomForest,0.0,1.0
3152,0,0,RandomForest,1.0,0.0
10583,1,1,RandomForest,0.0,1.0
16857,1,1,RandomForest,0.035,0.965
14675,1,1,RandomForest,0.015,0.985
15254,1,1,RandomForest,0.035,0.965
5370,0,0,RandomForest,0.995,0.005
2349,0,0,RandomForest,1.0,0.0
1976,0,0,RandomForest,0.995,0.005
10548,1,1,RandomForest,0.0,1.0
2661,0,0,RandomForest,1.0,0.0
16315,1,1,RandomForest,0.02,0.98
12532,1,1,RandomForest,0.0,1.0
15168,1,1,RandomForest,0.005,0.995
13064,1,1,RandomForest,0.0,1.0
7102,0,0,RandomForest,1.0,0.0
16094,1,1,RandomForest,0.03,0.97
352,0,0,RandomForest,1.0,0.0
12272,1,1,RandomForest,0.035,0.965
5334,0,0,RandomForest,1.0,0.0
7214,0,0,RandomForest,0.995,0.005
9396,0,0,RandomForest,0.985,0.015
2396,0,0,RandomForest,0.98,0.02
9087,0,0,RandomForest,1.0,0.0
9854,0,0,RandomForest,0.995,0.005
13561,1,1,RandomForest,0.0,1.0
5534,0,0,RandomForest,1.0,0.0
12899,1,1,RandomForest,0.0,1.0
7026,0,0,RandomForest,0.99,0.01
224,0,0,RandomForest,1.0,0.0
917,0,0,RandomForest,0.995,0.005
2051,0,0,RandomForest,0.995,0.005
11819,1,1,RandomForest,0.0,1.0
18951,1,1,RandomForest,0.0,1.0
16613,1,1,RandomForest,0.015,0.985
13368,1,1,RandomForest,0.0,1.0
4636,0,0,RandomForest,0.995,0.005
1930,0,0,RandomForest,1.0,0.0
17595,1,1,RandomForest,0.01,0.99
12719,1,1,RandomForest,0.0,1.0
14288,1,1,RandomForest,0.01,0.99
6132,0,0,RandomForest,0.985,0.015
8951,0,0,RandomForest,0.995,0.005
1531,0,0,RandomForest,0.965,0.035
13696,1,1,RandomForest,0.02,0.98
11852,1,1,RandomForest,0.03,0.97
2740,0,0,RandomForest,1.0,0.0
2556,0,0,RandomForest,1.0,0.0
13664,1,1,RandomForest,0.02,0.98
14849,1,1,RandomForest,0.0,1.0
4179,0,0,RandomForest,1.0,0.0
16617,1,1,RandomForest,0.055,0.945
17851,1,1,RandomForest,0.0,1.0
77,0,0,RandomForest,1.0,0.0
5207,0,0,RandomForest,0.995,0.005
10404,1,1,RandomForest,0.0,1.0
14644,1,1,RandomForest,0.0,1.0
1286,0,0,RandomForest,1.0,0.0
18897,1,1,RandomForest,0.0,1.0
12711,1,1,RandomForest,0.0,1.0
10472,1,1,RandomForest,0.0,1.0
5401,0,0,RandomForest,0.98,0.02
14255,1,1,RandomForest,0.0,1.0
18387,1,1,RandomForest,0.005,0.995
5951,0,0,RandomForest,1.0,0.0
13920,1,1,RandomForest,0.0,1.0
18918,1,1,RandomForest,0.0,1.0
7725,0,0,RandomForest,1.0,0.0
2538,0,0,RandomForest,1.0,0.0
18433,1,1,RandomForest,0.0,1.0
16142,1,1,RandomForest,0.025,0.975
2205,0,0,RandomForest,1.0,0.0
161,0,0,RandomForest,0.995,0.005
14343,1,1,RandomForest,0.0,1.0
4909,0,0,RandomForest,1.0,0.0
8005,0,0,RandomForest,1.0,0.0
3561,0,0,RandomForest,1.0,0.0
10540,1,1,RandomForest,0.0,1.0
13693,1,1,RandomForest,0.0,1.0
7714,0,0,RandomForest,1.0,0.0
2102,0,0,RandomForest,0.96,0.04
6667,0,0,RandomForest,0.99,0.01
1500,0,0,RandomForest,0.995,0.005
4243,0,0,RandomForest,1.0,0.0
8463,0,0,RandomForest,1.0,0.0
374,0,0,RandomForest,0.99,0.01
14717,1,1,RandomForest,0.01,0.99
963,0,0,RandomForest,1.0,0.0
8017,0,0,RandomForest,0.99,0.01
14529,1,1,RandomForest,0.03,0.97
3343,0,0,RandomForest,0.935,0.065
6477,0,0,RandomForest,0.995,0.005
1601,0,0,RandomForest,0.97,0.03
1895,0,0,RandomForest,1.0,0.0
11678,1,1,RandomForest,0.0,1.0
10682,1,1,RandomForest,0.0,1.0
2964,0,0,RandomForest,1.0,0.0
3310,0,0,RandomForest,0.98,0.02
17726,1,1,RandomForest,0.02,0.98
14163,1,1,RandomForest,0.005,0.995
12292,1,1,RandomForest,0.0,1.0
7813,0,0,RandomForest,1.0,0.0
2382,0,0,RandomForest,1.0,0.0
17728,1,1,RandomForest,0.0,1.0
15385,1,1,RandomForest,0.0,1.0
7546,0,0,RandomForest,1.0,0.0
13347,1,1,RandomForest,0.0,1.0
9563,0,0,RandomForest,1.0,0.0
11222,1,1,RandomForest,0.0,1.0
8096,0,0,RandomForest,1.0,0.0
15656,1,1,RandomForest,0.0,1.0
18650,1,1,RandomForest,0.0,1.0
6197,0,0,RandomForest,1.0,0.0
6541,0,0,RandomForest,1.0,0.0
9183,0,0,RandomForest,1.0,0.0
13418,1,1,RandomForest,0.0,1.0
9521,0,0,RandomForest,1.0,0.0
1823,0,0,RandomForest,1.0,0.0
3324,0,0,RandomForest,0.995,0.005
8152,0,0,RandomForest,1.0,0.0
11665,1,1,RandomForest,0.0,1.0
15680,1,1,RandomForest,0.0,1.0
13663,1,1,RandomForest,0.0,1.0
7287,0,0,RandomForest,0.995,0.005
15249,1,1,RandomForest,0.0,1.0
5052,0,0,RandomForest,0.865,0.135
7274,0,0,RandomForest,0.99,0.01
9086,0,0,RandomForest,1.0,0.0
16768,1,1,RandomForest,0.02,0.98
17680,1,1,RandomForest,0.0,1.0
5742,0,0,RandomForest,0.99,0.01
15176,1,1,RandomForest,0.0,1.0
329,0,0,RandomForest,1.0,0.0
1763,0,0,RandomForest,0.995,0.005
12898,1,1,RandomForest,0.0,1.0
15292,1,1,RandomForest,0.0,1.0
15251,1,1,RandomForest,0.01,0.99
4968,0,0,RandomForest,1.0,0.0
3444,0,0,RandomForest,1.0,0.0
18003,1,1,RandomForest,0.005,0.995
5392,0,0,RandomForest,0.995,0.005
18581,1,1,RandomForest,0.0,1.0
7987,0,0,RandomForest,1.0,0.0
4138,0,0,RandomForest,0.985,0.015
11286,1,1,RandomForest,0.0,1.0
9921,0,0,RandomForest,1.0,0.0
8766,0,0,RandomForest,0.99,0.01
11394,1,1,RandomForest,0.0,1.0
9467,0,0,RandomForest,1.0,0.0
6254,0,0,RandomForest,1.0,0.0
12304,1,1,RandomForest,0.0,1.0
1868,0,0,RandomForest,1.0,0.0
17758,1,1,RandomForest,0.0,1.0
15763,1,1,RandomForest,0.0,1.0
11742,1,1,RandomForest,0.0,1.0
15267,1,1,RandomForest,0.0,1.0
10436,1,1,RandomForest,0.0,1.0
4360,0,0,RandomForest,1.0,0.0
18186,1,1,RandomForest,0.0,1.0
18036,1,1,RandomForest,0.0,1.0
158,0,0,RandomForest,1.0,0.0
10084,1,1,RandomForest,0.0,1.0
3266,0,0,RandomForest,1.0,0.0
2797,0,0,RandomForest,1.0,0.0
15328,1,1,RandomForest,0.005,0.995
11497,1,1,RandomForest,0.0,1.0
10452,1,1,RandomForest,0.0,1.0
5136,0,0,RandomForest,0.74,0.26
4249,0,0,RandomForest,0.97,0.03
6368,0,0,RandomForest,0.975,0.025
17533,1,1,RandomForest,0.005,0.995
412,0,0,RandomForest,0.955,0.045
15861,1,1,RandomForest,0.005,0.995
14566,1,1,RandomForest,0.0,1.0
15190,1,1,RandomForest,0.025,0.975
4703,0,0,RandomForest,1.0,0.0
10903,1,1,RandomForest,0.0,1.0
13562,1,1,RandomForest,0.01,0.99
10663,1,1,RandomForest,0.0,1.0
8227,0,0,RandomForest,1.0,0.0
13629,1,1,RandomForest,0.0,1.0
2711,0,0,RandomForest,1.0,0.0
8942,0,0,RandomForest,1.0,0.0
5203,0,0,RandomForest,1.0,0.0
16774,1,1,RandomForest,0.015,0.985
12717,1,1,RandomForest,0.0,1.0
15878,1,1,RandomForest,0.035,0.965
18471,1,1,RandomForest,0.035,0.965
10786,1,1,RandomForest,0.0,1.0
6082,0,0,RandomForest,1.0,0.0
9436,0,0,RandomForest,0.975,0.025
8389,0,0,RandomForest,1.0,0.0
14337,1,1,RandomForest,0.005,0.995
12958,1,1,RandomForest,0.0,1.0
16325,1,1,RandomForest,0.015,0.985
9368,0,0,RandomForest,1.0,0.0
6970,0,0,RandomForest,0.995,0.005
10706,1,1,RandomForest,0.0,1.0
13118,1,1,RandomForest,0.0,1.0
6570,0,0,RandomForest,1.0,0.0
2562,0,0,RandomForest,1.0,0.0
5305,0,0,RandomForest,1.0,0.0
1853,0,0,RandomForest,0.98,0.02
17360,1,1,RandomForest,0.02,0.98
10132,1,1,RandomForest,0.0,1.0
1229,0,0,RandomForest,1.0,0.0
1750,0,0,RandomForest,1.0,0.0
9179,0,0,RandomForest,0.97,0.03
5475,0,0,RandomForest,1.0,0.0
8447,0,0,RandomForest,1.0,0.0
16681,1,1,RandomForest,0.01,0.99
13958,1,1,RandomForest,0.0,1.0
3141,0,0,RandomForest,1.0,0.0
14396,1,1,RandomForest,0.015,0.985
13925,1,1,RandomForest,0.0,1.0
4494,0,0,RandomForest,1.0,0.0
10558,1,1,RandomForest,0.0,1.0
8428,0,0,RandomForest,1.0,0.0
10562,1,1,RandomForest,0.0,1.0
10532,1,1,RandomForest,0.0,1.0
3178,0,0,RandomForest,1.0,0.0
14178,1,1,RandomForest,0.005,0.995
11761,1,1,RandomForest,0.0,1.0
16238,1,1,RandomForest,0.03,0.97
12576,1,1,RandomForest,0.0,1.0
11770,1,1,RandomForest,0.0,1.0
13541,1,1,RandomForest,0.0,1.0
12564,1,1,RandomForest,0.0,1.0
2808,0,0,RandomForest,1.0,0.0
7014,0,0,RandomForest,1.0,0.0
5233,0,0,RandomForest,0.995,0.005
4203,0,0,RandomForest,1.0,0.0
6600,0,0,RandomForest,1.0,0.0
16741,1,1,RandomForest,0.02,0.98
11712,1,1,RandomForest,0.0,1.0
10198,1,1,RandomForest,0.0,1.0
7121,0,0,RandomForest,1.0,0.0
4555,0,0,RandomForest,1.0,0.0
14683,1,1,RandomForest,0.0,1.0
793,0,0,RandomForest,1.0,0.0
15089,1,1,RandomForest,0.0,1.0
13071,1,1,RandomForest,0.0,1.0
1521,0,0,RandomForest,1.0,0.0
13487,1,1,RandomForest,0.0,1.0
13073,1,1,RandomForest,0.0,1.0
18462,1,1,RandomForest,0.0,1.0
14904,1,1,RandomForest,0.01,0.99
2898,0,0,RandomForest,1.0,0.0
7943,0,0,RandomForest,1.0,0.0
15761,1,1,RandomForest,0.0,1.0
2136,0,0,RandomForest,0.985,0.015
1133,0,0,RandomForest,0.995,0.005
10079,1,1,RandomForest,0.0,1.0
18693,1,1,RandomForest,0.0,1.0
6655,0,0,RandomForest,0.97,0.03
13805,1,1,RandomForest,0.005,0.995
12384,1,1,RandomForest,0.0,1.0
1081,0,0,RandomForest,0.95,0.05
3930,0,0,RandomForest,0.995,0.005
13377,1,1,RandomForest,0.0,1.0
1125,0,0,RandomForest,1.0,0.0
6262,0,0,RandomForest,0.945,0.055
569,0,0,RandomForest,0.985,0.015
846,0,0,RandomForest,1.0,0.0
4964,0,0,RandomForest,1.0,0.0
1296,0,0,RandomForest,0.975,0.025
19052,1,1,RandomForest,0.0,1.0
845,0,0,RandomForest,1.0,0.0
1685,0,0,RandomForest,1.0,0.0
15125,1,1,RandomForest,0.0,1.0
1986,0,0,RandomForest,0.99,0.01
593,0,0,RandomForest,0.995,0.005
2978,0,0,RandomForest,0.99,0.01
5791,0,0,RandomForest,0.99,0.01
10120,1,1,RandomForest,0.0,1.0
1899,0,0,RandomForest,0.995,0.005
9062,0,0,RandomForest,1.0,0.0
4621,0,0,RandomForest,0.985,0.015
1388,0,0,RandomForest,0.995,0.005
10056,1,1,RandomForest,0.0,1.0
17006,1,1,RandomForest,0.015,0.985
6042,0,0,RandomForest,1.0,0.0
14855,1,1,RandomForest,0.01,0.99
7629,0,0,RandomForest,0.995,0.005
2667,0,0,RandomForest,0.975,0.025
12377,1,1,RandomForest,0.0,1.0
7397,0,0,RandomForest,0.995,0.005
9475,0,0,RandomForest,1.0,0.0
1316,0,0,RandomForest,1.0,0.0
1704,0,0,RandomForest,1.0,0.0
14492,1,1,RandomForest,0.0,1.0
17872,1,1,RandomForest,0.0,1.0
10284,1,1,RandomForest,0.0,1.0
13602,1,1,RandomForest,0.0,1.0
4177,0,0,RandomForest,1.0,0.0
16290,1,1,RandomForest,0.03,0.97
16306,1,1,RandomForest,0.07,0.93
17061,1,1,RandomForest,0.0,1.0
18039,1,1,RandomForest,0.0,1.0
814,0,0,RandomForest,0.995,0.005
9417,0,0,RandomForest,0.995,0.005
458,0,0,RandomForest,1.0,0.0
1015,0,0,RandomForest,1.0,0.0
18022,1,1,RandomForest,0.0,1.0
1762,0,0,RandomForest,0.79,0.21
12252,1,1,RandomForest,0.0,1.0
3987,0,0,RandomForest,0.99,0.01
7509,0,0,RandomForest,1.0,0.0
13293,1,1,RandomForest,0.005,0.995
4576,0,0,RandomForest,1.0,0.0
384,0,0,RandomForest,1.0,0.0
5291,0,0,RandomForest,0.73,0.27
3778,0,0,RandomForest,1.0,0.0
8070,0,0,RandomForest,0.99,0.01
14749,1,1,RandomForest,0.005,0.995
7239,0,0,RandomForest,1.0,0.0
1540,0,0,RandomForest,1.0,0.0
1304,0,0,RandomForest,1.0,0.0
2137,0,0,RandomForest,0.99,0.01
8529,0,0,RandomForest,1.0,0.0
8393,0,0,RandomForest,1.0,0.0
12715,1,1,RandomForest,0.0,1.0
2824,0,0,RandomForest,0.995,0.005
3201,0,0,RandomForest,1.0,0.0
18819,1,1,RandomForest,0.0,1.0
5779,0,0,RandomForest,0.995,0.005
9105,0,0,RandomForest,0.96,0.04
6921,0,0,RandomForest,1.0,0.0
769,0,0,RandomForest,1.0,0.0
3440,0,0,RandomForest,0.97,0.03
9184,0,0,RandomForest,1.0,0.0
8133,0,0,RandomForest,1.0,0.0
9207,0,0,RandomForest,1.0,0.0
6917,0,0,RandomForest,1.0,0.0
13783,1,1,RandomForest,0.0,1.0
145,0,0,RandomForest,1.0,0.0
1838,0,0,RandomForest,1.0,0.0
1045,0,0,RandomForest,1.0,0.0
17198,1,1,RandomForest,0.015,0.985
3385,0,0,RandomForest,1.0,0.0
4648,0,0,RandomForest,0.99,0.01
8887,0,0,RandomForest,1.0,0.0
2693,0,0,RandomForest,0.995,0.005
5548,0,0,RandomForest,1.0,0.0
10046,1,1,RandomForest,0.0,1.0
15770,1,1,RandomForest,0.005,0.995
3242,0,0,RandomForest,1.0,0.0
15822,1,1,RandomForest,0.0,1.0
16964,1,1,RandomForest,0.01,0.99
12503,1,1,RandomForest,0.0,1.0
17022,1,1,RandomForest,0.015,0.985
6635,0,0,RandomForest,1.0,0.0
5656,0,0,RandomForest,0.93,0.07
12169,1,1,RandomForest,0.0,1.0
13,0,0,RandomForest,0.995,0.005
13857,1,1,RandomForest,0.0,1.0
9293,0,0,RandomForest,1.0,0.0
4208,0,0,RandomForest,0.99,0.01
11449,1,1,RandomForest,0.0,1.0
6767,0,0,RandomForest,0.99,0.01
19095,1,1,RandomForest,0.0,1.0
7115,0,0,RandomForest,1.0,0.0
5445,0,0,RandomForest,0.995,0.005
8007,0,0,RandomForest,1.0,0.0
3192,0,0,RandomForest,1.0,0.0
14567,1,1,RandomForest,0.005,0.995
10041,1,1,RandomForest,0.0,1.0
5971,0,0,RandomForest,0.98,0.02
2200,0,0,RandomForest,1.0,0.0
12754,1,1,RandomForest,0.0,1.0
19129,1,1,RandomForest,0.0,1.0
16170,1,1,RandomForest,0.02,0.98
3762,0,0,RandomForest,1.0,0.0
18800,1,1,RandomForest,0.0,1.0
11820,1,1,RandomForest,0.0,1.0
14774,1,1,RandomForest,0.0,1.0
14550,1,1,RandomForest,0.0,1.0
18630,1,1,RandomForest,0.0,1.0
7062,0,0,RandomForest,1.0,0.0
16877,1,1,RandomForest,0.09,0.91
207,0,0,RandomForest,1.0,0.0
18775,1,1,RandomForest,0.0,1.0
853,0,0,RandomForest,0.98,0.02
7970,0,0,RandomForest,1.0,0.0
2599,0,0,RandomForest,1.0,0.0
8661,0,0,RandomForest,1.0,0.0
15485,1,1,RandomForest,0.0,1.0
9140,0,0,RandomForest,0.975,0.025
9958,0,0,RandomForest,1.0,0.0
2079,0,0,RandomForest,0.99,0.01
15142,1,1,RandomForest,0.005,0.995
15995,1,1,RandomForest,0.01,0.99
7196,0,0,RandomForest,0.96,0.04
8924,0,0,RandomForest,1.0,0.0
1205,0,0,RandomForest,1.0,0.0
7125,0,0,RandomForest,1.0,0.0
12409,1,1,RandomForest,0.0,1.0
2359,0,0,RandomForest,0.995,0.005
16100,1,1,RandomForest,0.02,0.98
15387,1,1,RandomForest,0.015,0.985
18968,1,1,RandomForest,0.0,1.0
2334,0,0,RandomForest,1.0,0.0
14724,1,1,RandomForest,0.0,1.0
1852,0,0,RandomForest,0.97,0.03
3766,0,0,RandomForest,1.0,0.0
4809,0,0,RandomForest,1.0,0.0
2504,0,0,RandomForest,1.0,0.0
16633,1,1,RandomForest,0.05,0.95
5486,0,0,RandomForest,0.985,0.015
3744,0,0,RandomForest,1.0,0.0
11963,1,1,RandomForest,0.0,1.0
8208,0,0,RandomForest,1.0,0.0
1826,0,0,RandomForest,1.0,0.0
11585,1,1,RandomForest,0.0,1.0
14955,1,1,RandomForest,0.015,0.985
9186,0,0,RandomForest,1.0,0.0
454,0,0,RandomForest,1.0,0.0
3883,0,0,RandomForest,1.0,0.0
4116,0,0,RandomForest,0.96,0.04
15138,1,1,RandomForest,0.0,1.0
3640,0,0,RandomForest,1.0,0.0
5423,0,0,RandomForest,0.995,0.005
2593,0,0,RandomForest,0.975,0.025
10153,1,1,RandomForest,0.0,1.0
11019,1,1,RandomForest,0.0,1.0
5343,0,0,RandomForest,0.98,0.02
3267,0,0,RandomForest,0.995,0.005
17817,1,1,RandomForest,0.025,0.975
11842,1,1,RandomForest,0.0,1.0
2466,0,0,RandomForest,0.99,0.01
17001,1,1,RandomForest,0.01,0.99
13206,1,1,RandomForest,0.0,1.0
9654,0,0,RandomForest,1.0,0.0
2393,0,0,RandomForest,1.0,0.0
768,0,0,RandomForest,0.995,0.005
16672,1,1,RandomForest,0.05,0.95
15358,1,1,RandomForest,0.025,0.975
14669,1,1,RandomForest,0.0,1.0
8592,0,0,RandomForest,1.0,0.0
8727,0,0,RandomForest,1.0,0.0
12973,1,1,RandomForest,0.0,1.0
281,0,0,RandomForest,1.0,0.0
12874,1,1,RandomForest,0.0,1.0
10024,1,1,RandomForest,0.0,1.0
8238,0,0,RandomForest,1.0,0.0
17944,1,1,RandomForest,0.0,1.0
7511,0,0,RandomForest,1.0,0.0
6656,0,0,RandomForest,0.995,0.005
5142,0,0,RandomForest,0.99,0.01
8006,0,0,RandomForest,1.0,0.0
8684,0,0,RandomForest,1.0,0.0
10220,1,1,RandomForest,0.0,1.0
8571,0,0,RandomForest,1.0,0.0
6640,0,0,RandomForest,0.995,0.005
12589,1,1,RandomForest,0.0,1.0
11577,1,1,RandomForest,0.0,1.0
15388,1,1,RandomForest,0.015,0.985
11252,1,1,RandomForest,0.0,1.0
8680,0,0,RandomForest,0.99,0.01
17921,1,1,RandomForest,0.0,1.0
13494,1,1,RandomForest,0.0,1.0
2872,0,0,RandomForest,0.99,0.01
16442,1,1,RandomForest,0.065,0.935
17620,1,1,RandomForest,0.03,0.97
3812,0,0,RandomForest,1.0,0.0
3287,0,0,RandomForest,0.93,0.07
17030,1,1,RandomForest,0.005,0.995
16527,1,1,RandomForest,0.015,0.985
14241,1,1,RandomForest,0.0,1.0
3230,0,0,RandomForest,1.0,0.0
2946,0,0,RandomForest,1.0,0.0
1256,0,0,RandomForest,0.98,0.02
8038,0,0,RandomForest,1.0,0.0
6873,0,0,RandomForest,0.99,0.01
4752,0,0,RandomForest,0.99,0.01
6617,0,0,RandomForest,1.0,0.0
12765,1,1,RandomForest,0.0,1.0
7906,0,0,RandomForest,1.0,0.0
2734,0,0,RandomForest,1.0,0.0
7554,0,0,RandomForest,1.0,0.0
13444,1,1,RandomForest,0.0,1.0
5752,0,0,RandomForest,0.99,0.01
16352,1,1,RandomForest,0.015,0.985
16927,1,1,RandomForest,0.005,0.995
6371,0,0,RandomForest,0.935,0.065
899,0,0,RandomForest,1.0,0.0
17388,1,1,RandomForest,0.0,1.0
12674,1,1,RandomForest,0.0,1.0
2353,0,0,RandomForest,1.0,0.0
699,0,0,RandomForest,1.0,0.0
10027,1,1,RandomForest,0.0,1.0
16117,1,1,RandomForest,0.07,0.93
9069,0,0,RandomForest,1.0,0.0
8815,0,0,RandomForest,1.0,0.0
4452,0,0,RandomForest,1.0,0.0
16391,1,1,RandomForest,0.025,0.975
14407,1,1,RandomForest,0.0,1.0
7294,0,0,RandomForest,0.985,0.015
5342,0,0,RandomForest,1.0,0.0
9601,0,0,RandomForest,1.0,0.0
13190,1,1,RandomForest,0.0,1.0
17358,1,1,RandomForest,0.01,0.99
148,0,0,RandomForest,1.0,0.0
301,0,0,RandomForest,0.99,0.01
18651,1,1,RandomForest,0.0,1.0
6015,0,0,RandomForest,0.995,0.005
12090,1,1,RandomForest,0.0,1.0
8937,0,0,RandomForest,1.0,0.0
9348,0,0,RandomForest,0.995,0.005
13838,1,1,RandomForest,0.005,0.995
8189,0,0,RandomForest,1.0,0.0
8808,0,0,RandomForest,1.0,0.0
14672,1,1,RandomForest,0.005,0.995
11100,1,1,RandomForest,0.025,0.975
14500,1,1,RandomForest,0.005,0.995
11974,1,1,RandomForest,0.005,0.995
4644,0,0,RandomForest,1.0,0.0
9470,0,0,RandomForest,1.0,0.0
4311,0,0,RandomForest,0.995,0.005
7992,0,0,RandomForest,1.0,0.0
14230,1,1,RandomForest,0.0,1.0
17227,1,1,RandomForest,0.02,0.98
18628,1,1,RandomForest,0.0,1.0
16188,1,1,RandomForest,0.02,0.98
12758,1,1,RandomForest,0.0,1.0
17850,1,1,RandomForest,0.0,1.0
3531,0,0,RandomForest,1.0,0.0
8590,0,0,RandomForest,0.955,0.045
11425,1,1,RandomForest,0.0,1.0
11959,1,1,RandomForest,0.0,1.0
3020,0,0,RandomForest,1.0,0.0
5311,0,0,RandomForest,1.0,0.0
5877,0,0,RandomForest,0.995,0.005
6288,0,0,RandomForest,1.0,0.0
8639,0,0,RandomForest,0.975,0.025
18083,1,1,RandomForest,0.005,0.995
928,0,0,RandomForest,1.0,0.0
6514,0,0,RandomForest,0.99,0.01
1494,0,0,RandomForest,0.99,0.01
9610,0,0,RandomForest,1.0,0.0
13739,1,1,RandomForest,0.0,1.0
16365,1,1,RandomForest,0.015,0.985
8335,0,0,RandomForest,1.0,0.0
15818,1,1,RandomForest,0.0,1.0
630,0,0,RandomForest,1.0,0.0
4719,0,0,RandomForest,1.0,0.0
6305,0,0,RandomForest,0.985,0.015
13643,1,1,RandomForest,0.0,1.0
10622,1,1,RandomForest,0.0,1.0
8433,0,0,RandomForest,1.0,0.0
7158,0,0,RandomForest,0.99,0.01
15955,1,1,RandomForest,0.115,0.885
302,0,0,RandomForest,1.0,0.0
1202,0,0,RandomForest,0.99,0.01
7004,0,0,RandomForest,1.0,0.0
12652,1,1,RandomForest,0.0,1.0
3216,0,0,RandomForest,0.97,0.03
202,0,0,RandomForest,1.0,0.0
13246,1,1,RandomForest,0.01,0.99
974,0,0,RandomForest,0.99,0.01
8212,0,0,RandomForest,1.0,0.0
3797,0,0,RandomForest,0.995,0.005
8557,0,0,RandomForest,0.97,0.03
11798,1,1,RandomForest,0.0,1.0
5524,0,0,RandomForest,1.0,0.0
12382,1,1,RandomForest,0.0,1.0
770,0,0,RandomForest,0.995,0.005
18832,1,1,RandomForest,0.0,1.0
16847,1,1,RandomForest,0.0,1.0
1136,0,0,RandomForest,1.0,0.0
5177,0,0,RandomForest,0.83,0.17
1906,0,0,RandomForest,1.0,0.0
19040,1,1,RandomForest,0.0,1.0
9761,0,0,RandomForest,1.0,0.0
5088,0,0,RandomForest,0.99,0.01
13476,1,1,RandomForest,0.0,1.0
5626,0,0,RandomForest,0.995,0.005
8465,0,0,RandomForest,1.0,0.0
15727,1,1,RandomForest,0.0,1.0
13989,1,1,RandomForest,0.0,1.0
4211,0,0,RandomForest,1.0,0.0
2817,0,0,RandomForest,1.0,0.0
1279,0,0,RandomForest,0.985,0.015
6936,0,0,RandomForest,1.0,0.0
936,0,0,RandomForest,1.0,0.0
12697,1,1,RandomForest,0.0,1.0
6236,0,0,RandomForest,1.0,0.0
14734,1,1,RandomForest,0.02,0.98
3144,0,0,RandomForest,1.0,0.0
15908,1,1,RandomForest,0.005,0.995
7577,0,0,RandomForest,1.0,0.0
4795,0,0,RandomForest,0.985,0.015
13393,1,1,RandomForest,0.005,0.995
16386,1,1,RandomForest,0.04,0.96
3874,0,0,RandomForest,1.0,0.0
10880,1,1,RandomForest,0.0,1.0
8716,0,0,RandomForest,1.0,0.0
1120,0,0,RandomForest,0.995,0.005
13619,1,1,RandomForest,0.0,1.0
6331,0,0,RandomForest,0.985,0.015
854,0,0,RandomForest,1.0,0.0
10080,1,1,RandomForest,0.0,1.0
12157,1,1,RandomForest,0.03,0.97
3451,0,0,RandomForest,1.0,0.0
15684,1,1,RandomForest,0.0,1.0
14478,1,1,RandomForest,0.0,1.0
10544,1,1,RandomForest,0.0,1.0
11794,1,1,RandomForest,0.0,1.0
5713,0,0,RandomForest,1.0,0.0
6943,0,0,RandomForest,0.985,0.015
17993,1,1,RandomForest,0.005,0.995
10265,1,1,RandomForest,0.0,1.0
12302,1,1,RandomForest,0.0,1.0
9809,0,0,RandomForest,1.0,0.0
13026,1,1,RandomForest,0.0,1.0
12921,1,1,RandomForest,0.0,1.0
10659,1,1,RandomForest,0.0,1.0
6506,0,0,RandomForest,0.995,0.005
15472,1,1,RandomForest,0.0,1.0
19008,1,1,RandomForest,0.0,1.0
3676,0,0,RandomForest,1.0,0.0
17738,1,1,RandomForest,0.01,0.99
3510,0,0,RandomForest,1.0,0.0
792,0,0,RandomForest,0.985,0.015
8256,0,0,RandomForest,0.975,0.025
11468,1,1,RandomForest,0.0,1.0
13005,1,1,RandomForest,0.0,1.0
15133,1,1,RandomForest,0.0,1.0
13811,1,1,RandomForest,0.04,0.96
5208,0,0,RandomForest,1.0,0.0
13810,1,1,RandomForest,0.0,1.0
19010,1,1,RandomForest,0.0,1.0
14309,1,1,RandomForest,0.0,1.0
8434,0,0,RandomForest,1.0,0.0
11797,1,1,RandomForest,0.0,1.0
17180,1,1,RandomForest,0.015,0.985
11465,1,1,RandomForest,0.0,1.0
12544,1,1,RandomForest,0.0,1.0
1386,0,0,RandomForest,1.0,0.0
14298,1,1,RandomForest,0.0,1.0
7860,0,0,RandomForest,1.0,0.0
4806,0,0,RandomForest,1.0,0.0
18747,1,1,RandomForest,0.0,1.0
237,0,0,RandomForest,1.0,0.0
10243,1,1,RandomForest,0.0,1.0
12102,1,1,RandomForest,0.0,1.0
3335,0,0,RandomForest,1.0,0.0
2958,0,0,RandomForest,0.99,0.01
4835,0,0,RandomForest,1.0,0.0
2752,0,0,RandomForest,1.0,0.0
17222,1,1,RandomForest,0.01,0.99
12472,1,1,RandomForest,0.0,1.0
1191,0,0,RandomForest,0.99,0.01
2141,0,0,RandomForest,1.0,0.0
12772,1,1,RandomForest,0.0,1.0
1679,0,0,RandomForest,0.99,0.01
10940,1,1,RandomForest,0.0,1.0
18860,1,1,RandomForest,0.0,1.0
190,0,0,RandomForest,0.965,0.035
11405,1,1,RandomForest,0.0,1.0
10649,1,1,RandomForest,0.0,1.0
14596,1,1,RandomForest,0.005,0.995
6106,0,0,RandomForest,1.0,0.0
5258,0,0,RandomForest,1.0,0.0
6801,0,0,RandomForest,0.995,0.005
17723,1,1,RandomForest,0.0,1.0
9441,0,0,RandomForest,0.995,0.005
6981,0,0,RandomForest,1.0,0.0
17197,1,1,RandomForest,0.115,0.885
15040,1,1,RandomForest,0.0,1.0
13007,1,1,RandomForest,0.01,0.99
12164,1,1,RandomForest,0.0,1.0
3173,0,0,RandomForest,0.99,0.01
17260,1,1,RandomForest,0.005,0.995
514,0,0,RandomForest,1.0,0.0
12987,1,1,RandomForest,0.0,1.0
13745,1,1,RandomForest,0.0,1.0
5134,0,0,RandomForest,0.975,0.025
12256,1,1,RandomForest,0.0,1.0
16606,1,1,RandomForest,0.055,0.945
14994,1,1,RandomForest,0.035,0.965
12395,1,1,RandomForest,0.0,1.0
3636,0,0,RandomForest,1.0,0.0
10648,1,1,RandomForest,0.0,1.0
4388,0,0,RandomForest,1.0,0.0
13355,1,1,RandomForest,0.0,1.0
13690,1,1,RandomForest,0.0,1.0
9045,0,0,RandomForest,1.0,0.0
8997,0,0,RandomForest,0.995,0.005
2896,0,0,RandomForest,1.0,0.0
3155,0,0,RandomForest,0.96,0.04
12186,1,1,RandomForest,0.01,0.99
2243,0,0,RandomForest,1.0,0.0
512,0,0,RandomForest,0.99,0.01
9709,0,0,RandomForest,1.0,0.0
7390,0,0,RandomForest,1.0,0.0
14680,1,1,RandomForest,0.0,1.0
8519,0,0,RandomForest,1.0,0.0
15884,1,1,RandomForest,0.0,1.0
9133,0,0,RandomForest,1.0,0.0
11856,1,1,RandomForest,0.0,1.0
11980,1,1,RandomForest,0.0,1.0
3304,0,0,RandomForest,0.985,0.015
3004,0,0,RandomForest,1.0,0.0
9282,0,0,RandomForest,1.0,0.0
15243,1,1,RandomForest,0.005,0.995
9967,0,0,RandomForest,1.0,0.0
1240,0,0,RandomForest,0.985,0.015
9792,0,0,RandomForest,1.0,0.0
8234,0,0,RandomForest,1.0,0.0
1735,0,0,RandomForest,0.97,0.03
9726,0,0,RandomForest,1.0,0.0
7266,0,0,RandomForest,0.97,0.03
3186,0,0,RandomForest,1.0,0.0
7005,0,0,RandomForest,0.995,0.005
3030,0,0,RandomForest,1.0,0.0
4831,0,0,RandomForest,0.995,0.005
4399,0,0,RandomForest,0.995,0.005
2026,0,0,RandomForest,0.985,0.015
7057,0,0,RandomForest,1.0,0.0
19047,1,1,RandomForest,0.0,1.0
7761,0,0,RandomForest,1.0,0.0
4443,0,0,RandomForest,0.96,0.04
15294,1,1,RandomForest,0.01,0.99
9268,0,0,RandomForest,1.0,0.0
15833,1,1,RandomForest,0.0,1.0
15418,1,1,RandomForest,0.005,0.995
2371,0,0,RandomForest,1.0,0.0
2192,0,0,RandomForest,1.0,0.0
4451,0,0,RandomForest,0.975,0.025
6941,0,0,RandomForest,0.915,0.085
1707,0,0,RandomForest,0.915,0.085
6002,0,0,RandomForest,1.0,0.0
116,0,0,RandomForest,1.0,0.0
9770,0,0,RandomForest,0.995,0.005
19058,1,1,RandomForest,0.0,1.0
1059,0,0,RandomForest,0.995,0.005
728,0,0,RandomForest,0.99,0.01
14625,1,1,RandomForest,0.01,0.99
15546,1,1,RandomForest,0.0,1.0
18064,1,1,RandomForest,0.0,1.0
984,0,0,RandomForest,1.0,0.0
7123,0,0,RandomForest,0.995,0.005
6265,0,0,RandomForest,1.0,0.0
11253,1,1,RandomForest,0.0,1.0
16399,1,1,RandomForest,0.01,0.99
13066,1,1,RandomForest,0.0,1.0
2489,0,0,RandomForest,1.0,0.0
1843,0,0,RandomForest,0.995,0.005
7667,0,0,RandomForest,1.0,0.0
10124,1,1,RandomForest,0.0,1.0
8888,0,0,RandomForest,1.0,0.0
760,0,0,RandomForest,1.0,0.0
17999,1,1,RandomForest,0.0,1.0
9289,0,0,RandomForest,1.0,0.0
8364,0,0,RandomForest,1.0,0.0
663,0,0,RandomForest,1.0,0.0
10306,1,1,RandomForest,0.005,0.995
16066,1,1,RandomForest,0.06,0.94
14813,1,1,RandomForest,0.005,0.995
16697,1,1,RandomForest,0.005,0.995
1927,0,0,RandomForest,0.985,0.015
4971,0,0,RandomForest,1.0,0.0
16440,1,1,RandomForest,0.045,0.955
1841,0,0,RandomForest,0.965,0.035
1994,0,0,RandomForest,1.0,0.0
19115,1,1,RandomForest,0.0,1.0
12581,1,1,RandomForest,0.0,1.0
15578,1,1,RandomForest,0.0,1.0
7424,0,0,RandomForest,0.97,0.03
5367,0,0,RandomForest,1.0,0.0
10867,1,1,RandomForest,0.0,1.0
11741,1,1,RandomForest,0.0,1.0
3009,0,0,RandomForest,1.0,0.0
2717,0,0,RandomForest,1.0,0.0
11263,1,1,RandomForest,0.0,1.0
2454,0,0,RandomForest,1.0,0.0
6722,0,0,RandomForest,0.985,0.015
14229,1,1,RandomForest,0.0,1.0
6806,0,0,RandomForest,1.0,0.0
11775,1,1,RandomForest,0.0,1.0
3179,0,0,RandomForest,1.0,0.0
16826,1,1,RandomForest,0.05,0.95
7863,0,0,RandomForest,1.0,0.0
18981,1,1,RandomForest,0.0,1.0
8357,0,0,RandomForest,1.0,0.0
18571,1,1,RandomForest,0.0,1.0
18440,1,1,RandomForest,0.0,1.0
7491,0,0,RandomForest,1.0,0.0
3672,0,0,RandomForest,1.0,0.0
13145,1,1,RandomForest,0.0,1.0
894,0,0,RandomForest,1.0,0.0
12977,1,1,RandomForest,0.015,0.985
4465,0,0,RandomForest,1.0,0.0
8995,0,0,RandomForest,1.0,0.0
13027,1,1,RandomForest,0.005,0.995
9093,0,0,RandomForest,0.985,0.015
2839,0,0,RandomForest,0.975,0.025
7730,0,0,RandomForest,0.995,0.005
12637,1,1,RandomForest,0.0,1.0
16438,1,1,RandomForest,0.02,0.98
3036,0,0,RandomForest,0.97,0.03
2959,0,0,RandomForest,1.0,0.0
4784,0,0,RandomForest,1.0,0.0
11885,1,1,RandomForest,0.0,1.0
10748,1,1,RandomForest,0.0,1.0
16990,1,1,RandomForest,0.015,0.985
12094,1,1,RandomForest,0.0,1.0
12338,1,1,RandomForest,0.0,1.0
17654,1,1,RandomForest,0.0,1.0
2203,0,0,RandomForest,1.0,0.0
18242,1,1,RandomForest,0.0,1.0
13707,1,1,RandomForest,0.0,1.0
12880,1,1,RandomForest,0.0,1.0
17486,1,1,RandomForest,0.0,1.0
7935,0,0,RandomForest,1.0,0.0
5387,0,0,RandomForest,0.98,0.02
7633,0,0,RandomForest,1.0,0.0
10425,1,1,RandomForest,0.005,0.995
11,0,0,RandomForest,0.975,0.025
8646,0,0,RandomForest,1.0,0.0
9337,0,0,RandomForest,1.0,0.0
18035,1,1,RandomForest,0.035,0.965
15155,1,1,RandomForest,0.02,0.98
7208,0,0,RandomForest,1.0,0.0
9533,0,0,RandomForest,1.0,0.0
7340,0,0,RandomForest,0.975,0.025
10054,1,1,RandomForest,0.005,0.995
4748,0,0,RandomForest,1.0,0.0
18115,1,1,RandomForest,0.01,0.99
8356,0,0,RandomForest,1.0,0.0
18849,1,1,RandomForest,0.0,1.0
830,0,0,RandomForest,0.99,0.01
5915,0,0,RandomForest,1.0,0.0
10267,1,1,RandomForest,0.0,1.0
2043,0,0,RandomForest,0.99,0.01
15012,1,1,RandomForest,0.0,1.0
15194,1,1,RandomForest,0.0,1.0
15068,1,1,RandomForest,0.0,1.0
7519,0,0,RandomForest,1.0,0.0
2976,0,0,RandomForest,1.0,0.0
6136,0,0,RandomForest,1.0,0.0
13860,1,1,RandomForest,0.0,1.0
16069,1,1,RandomForest,0.055,0.945
504,0,0,RandomForest,1.0,0.0
10910,1,1,RandomForest,0.0,1.0
995,0,0,RandomForest,0.98,0.02
3769,0,0,RandomForest,1.0,0.0
18570,1,1,RandomForest,0.01,0.99
7842,0,0,RandomForest,1.0,0.0
16014,1,1,RandomForest,0.035,0.965
8776,0,0,RandomForest,1.0,0.0
11370,1,1,RandomForest,0.0,1.0
6882,0,0,RandomForest,0.98,0.02
7916,0,0,RandomForest,1.0,0.0
18236,1,1,RandomForest,0.015,0.985
2560,0,0,RandomForest,0.995,0.005
6833,0,0,RandomForest,1.0,0.0
17144,1,1,RandomForest,0.015,0.985
13971,1,1,RandomForest,0.015,0.985
12587,1,1,RandomForest,0.0,1.0
4849,0,0,RandomForest,1.0,0.0
4530,0,0,RandomForest,0.995,0.005
18938,1,1,RandomForest,0.0,1.0
11961,1,1,RandomForest,0.0,1.0
5954,0,0,RandomForest,0.995,0.005
12710,1,1,RandomForest,0.0,1.0
5222,0,0,RandomForest,0.99,0.01
10418,1,1,RandomForest,0.0,1.0
14638,1,1,RandomForest,0.0,1.0
3229,0,0,RandomForest,1.0,0.0
778,0,0,RandomForest,1.0,0.0
1734,0,0,RandomForest,0.975,0.025
10241,1,1,RandomForest,0.0,1.0
4869,0,0,RandomForest,1.0,0.0
6469,0,0,RandomForest,0.995,0.005
6019,0,0,RandomForest,0.99,0.01
9985,0,0,RandomForest,1.0,0.0
18885,1,1,RandomForest,0.0,1.0
14517,1,1,RandomForest,0.0,1.0
6563,0,0,RandomForest,1.0,0.0
9706,0,0,RandomForest,1.0,0.0
18174,1,1,RandomForest,0.0,1.0
8913,0,0,RandomForest,1.0,0.0
38,0,0,RandomForest,1.0,0.0
13173,1,1,RandomForest,0.0,1.0
11088,1,1,RandomForest,0.0,1.0
671,0,0,RandomForest,1.0,0.0
15839,1,1,RandomForest,0.0,1.0
4330,0,0,RandomForest,1.0,0.0
726,0,0,RandomForest,0.995,0.005
15777,1,1,RandomForest,0.0,1.0
14402,1,1,RandomForest,0.0,1.0
19055,1,1,RandomForest,0.0,1.0
11336,1,1,RandomForest,0.0,1.0
9718,0,0,RandomForest,1.0,0.0
16237,1,1,RandomForest,0.02,0.98
13174,1,1,RandomForest,0.0,1.0
3417,0,0,RandomForest,1.0,0.0
18501,1,1,RandomForest,0.0,1.0
2056,0,0,RandomForest,0.99,0.01
12277,1,1,RandomForest,0.02,0.98
11103,1,1,RandomForest,0.0,1.0
15816,1,1,RandomForest,0.0,1.0
16300,1,1,RandomForest,0.025,0.975
9453,0,0,RandomForest,1.0,0.0
6493,0,0,RandomForest,1.0,0.0
395,0,0,RandomForest,1.0,0.0
14406,1,1,RandomForest,0.005,0.995
10714,1,1,RandomForest,0.005,0.995
15222,1,1,RandomForest,0.01,0.99
11729,1,1,RandomForest,0.0,1.0
16379,1,1,RandomForest,0.01,0.99
6047,0,0,RandomForest,0.98,0.02
14430,1,1,RandomForest,0.0,1.0
2967,0,0,RandomForest,1.0,0.0
2739,0,0,RandomForest,1.0,0.0
7849,0,0,RandomForest,1.0,0.0
11379,1,1,RandomForest,0.0,1.0
17963,1,1,RandomForest,0.035,0.965
5408,0,0,RandomForest,1.0,0.0
7513,0,0,RandomForest,0.995,0.005
11482,1,1,RandomForest,0.0,1.0
6269,0,0,RandomForest,0.985,0.015
15692,1,1,RandomForest,0.0,1.0
12585,1,1,RandomForest,0.0,1.0
11768,1,1,RandomForest,0.0,1.0
2106,0,0,RandomForest,1.0,0.0
9404,0,0,RandomForest,1.0,0.0
3701,0,0,RandomForest,1.0,0.0
17716,1,1,RandomForest,0.0,1.0
7832,0,0,RandomForest,1.0,0.0
6819,0,0,RandomForest,0.855,0.145
6102,0,0,RandomForest,0.94,0.06
8545,0,0,RandomForest,1.0,0.0
14729,1,1,RandomForest,0.0,1.0
4061,0,0,RandomForest,1.0,0.0
17283,1,1,RandomForest,0.035,0.965
18220,1,1,RandomForest,0.005,0.995
7270,0,0,RandomForest,1.0,0.0
5179,0,0,RandomForest,0.995,0.005
15632,1,1,RandomForest,0.0,1.0
17114,1,1,RandomForest,0.005,0.995
13098,1,1,RandomForest,0.0,1.0
9003,0,0,RandomForest,1.0,0.0
18592,1,1,RandomForest,0.0,1.0
14202,1,1,RandomForest,0.0,1.0
17966,1,1,RandomForest,0.075,0.925
18799,1,1,RandomForest,0.0,1.0
3147,0,0,RandomForest,0.95,0.05
2511,0,0,RandomForest,0.995,0.005
5750,0,0,RandomForest,0.965,0.035
2530,0,0,RandomForest,0.995,0.005
2496,0,0,RandomForest,0.995,0.005
4917,0,0,RandomForest,1.0,0.0
4599,0,0,RandomForest,0.995,0.005
1291,0,0,RandomForest,0.99,0.01
9492,0,0,RandomForest,0.995,0.005
10490,1,1,RandomForest,0.0,1.0
980,0,0,RandomForest,0.985,0.015
16678,1,1,RandomForest,0.025,0.975
5495,0,0,RandomForest,0.965,0.035
11661,1,1,RandomForest,0.0,1.0
14967,1,1,RandomForest,0.0,1.0
17214,1,1,RandomForest,0.07,0.93
15132,1,1,RandomForest,0.0,1.0
17813,1,1,RandomForest,0.015,0.985
6016,0,0,RandomForest,0.995,0.005
6898,0,0,RandomForest,0.995,0.005
12848,1,1,RandomForest,0.0,1.0
1622,0,0,RandomForest,0.995,0.005
17033,1,1,RandomForest,0.02,0.98
9151,0,0,RandomForest,1.0,0.0
16449,1,1,RandomForest,0.025,0.975
9208,0,0,RandomForest,1.0,0.0
1625,0,0,RandomForest,0.875,0.125
775,0,0,RandomForest,0.96,0.04
5122,0,0,RandomForest,1.0,0.0
15685,1,1,RandomForest,0.005,0.995
4289,0,0,RandomForest,0.995,0.005
12043,1,1,RandomForest,0.0,1.0
12889,1,1,RandomForest,0.0,1.0
13134,1,1,RandomForest,0.0,1.0
8901,0,0,RandomForest,1.0,0.0
7041,0,0,RandomForest,0.975,0.025
9746,0,0,RandomForest,1.0,0.0
8172,0,0,RandomForest,1.0,0.0
6353,0,0,RandomForest,0.925,0.075
2838,0,0,RandomForest,0.98,0.02
17412,1,1,RandomForest,0.0,1.0
10218,1,1,RandomForest,0.0,1.0
11931,1,1,RandomForest,0.0,1.0
18068,1,1,RandomForest,0.0,1.0
7494,0,0,RandomForest,1.0,0.0
2143,0,0,RandomForest,0.995,0.005
8319,0,0,RandomForest,1.0,0.0
17681,1,1,RandomForest,0.005,0.995
2469,0,0,RandomForest,1.0,0.0
2875,0,0,RandomForest,1.0,0.0
154,0,0,RandomForest,1.0,0.0
9217,0,0,RandomForest,1.0,0.0
18757,1,1,RandomForest,0.045,0.955
14106,1,1,RandomForest,0.0,1.0
4729,0,0,RandomForest,0.985,0.015
8228,0,0,RandomForest,0.95,0.05
2969,0,0,RandomForest,0.995,0.005
7406,0,0,RandomForest,1.0,0.0
4021,0,0,RandomForest,1.0,0.0
12010,1,1,RandomForest,0.005,0.995
11304,1,1,RandomForest,0.0,1.0
12622,1,1,RandomForest,0.0,1.0
8805,0,0,RandomForest,0.995,0.005
9472,0,0,RandomForest,1.0,0.0
6610,0,0,RandomForest,0.985,0.015
10025,1,1,RandomForest,0.0,1.0
15660,1,1,RandomForest,0.0,1.0
10785,1,1,RandomForest,0.0,1.0
17511,1,1,RandomForest,0.015,0.985
12756,1,1,RandomForest,0.0,1.0
9919,0,0,RandomForest,1.0,0.0
2779,0,0,RandomForest,1.0,0.0
9695,0,0,RandomForest,1.0,0.0
12205,1,1,RandomForest,0.0,1.0
7184,0,0,RandomForest,1.0,0.0
3042,0,0,RandomForest,0.995,0.005
4543,0,0,RandomForest,0.965,0.035
5293,0,0,RandomForest,1.0,0.0
8577,0,0,RandomForest,1.0,0.0
18400,1,1,RandomForest,0.0,1.0
4212,0,0,RandomForest,1.0,0.0
1796,0,0,RandomForest,1.0,0.0
15340,1,1,RandomForest,0.0,1.0
16848,1,1,RandomForest,0.025,0.975
3712,0,0,RandomForest,0.99,0.01
13712,1,1,RandomForest,0.0,1.0
3725,0,0,RandomForest,1.0,0.0
18750,1,1,RandomForest,0.0,1.0
9091,0,0,RandomForest,1.0,0.0
4820,0,0,RandomForest,1.0,0.0
7668,0,0,RandomForest,1.0,0.0
2419,0,0,RandomForest,0.93,0.07
3300,0,0,RandomForest,1.0,0.0
14665,1,1,RandomForest,0.05,0.95
4018,0,0,RandomForest,1.0,0.0
6283,0,0,RandomForest,1.0,0.0
15372,1,1,RandomForest,0.0,1.0
19104,1,1,RandomForest,0.0,1.0
4282,0,0,RandomForest,0.985,0.015
5301,0,0,RandomForest,0.995,0.005
18618,1,1,RandomForest,0.0,1.0
4612,0,0,RandomForest,1.0,0.0
9353,0,0,RandomForest,1.0,0.0
7490,0,0,RandomForest,0.97,0.03
13385,1,1,RandomForest,0.005,0.995
481,0,0,RandomForest,1.0,0.0
3241,0,0,RandomForest,1.0,0.0
7285,0,0,RandomForest,0.995,0.005
17051,1,1,RandomForest,0.0,1.0
18720,1,1,RandomForest,0.0,1.0
3072,0,0,RandomForest,1.0,0.0
2156,0,0,RandomForest,1.0,0.0
7901,0,0,RandomForest,0.955,0.045
10108,1,1,RandomForest,0.0,1.0
11526,1,1,RandomForest,0.0,1.0
133,0,0,RandomForest,0.995,0.005
6976,0,0,RandomForest,1.0,0.0
6766,0,0,RandomForest,0.995,0.005
9442,0,0,RandomForest,1.0,0.0
18302,1,1,RandomForest,0.0,1.0
12673,1,1,RandomForest,0.0,1.0
7869,0,0,RandomForest,1.0,0.0
1689,0,0,RandomForest,1.0,0.0
16504,1,1,RandomForest,0.02,0.98
1980,0,0,RandomForest,1.0,0.0
16945,1,1,RandomForest,0.035,0.965
15107,1,1,RandomForest,0.005,0.995
16462,1,1,RandomForest,0.055,0.945
18356,1,1,RandomForest,0.0,1.0
15998,1,1,RandomForest,0.035,0.965
2074,0,0,RandomForest,1.0,0.0
16065,1,1,RandomForest,0.075,0.925
11377,1,1,RandomForest,0.0,1.0
8633,0,0,RandomForest,1.0,0.0
16425,1,1,RandomForest,0.04,0.96
11139,1,1,RandomForest,0.0,1.0
235,0,0,RandomForest,0.965,0.035
8795,0,0,RandomForest,1.0,0.0
16878,1,1,RandomForest,0.015,0.985
11409,1,1,RandomForest,0.0,1.0
5592,0,0,RandomForest,1.0,0.0
8669,0,0,RandomForest,1.0,0.0
8322,0,0,RandomForest,1.0,0.0
3174,0,0,RandomForest,1.0,0.0
9033,0,0,RandomForest,1.0,0.0
9728,0,0,RandomForest,0.99,0.01
6863,0,0,RandomForest,1.0,0.0
10230,1,1,RandomForest,0.0,1.0
7674,0,0,RandomForest,1.0,0.0
7190,0,0,RandomForest,0.995,0.005
16811,1,1,RandomForest,0.0,1.0
6549,0,0,RandomForest,0.97,0.03
10377,1,1,RandomForest,0.0,1.0
12517,1,1,RandomForest,0.005,0.995
5243,0,0,RandomForest,0.955,0.045
8601,0,0,RandomForest,1.0,0.0
13773,1,1,RandomForest,0.0,1.0
5287,0,0,RandomForest,0.985,0.015
17761,1,1,RandomForest,0.0,1.0
11459,1,1,RandomForest,0.0,1.0
8705,0,0,RandomForest,1.0,0.0
6732,0,0,RandomForest,0.995,0.005
1060,0,0,RandomForest,1.0,0.0
9687,0,0,RandomForest,1.0,0.0
6996,0,0,RandomForest,0.995,0.005
8567,0,0,RandomForest,1.0,0.0
15553,1,1,RandomForest,0.0,1.0
6799,0,0,RandomForest,0.985,0.015
16265,1,1,RandomForest,0.035,0.965
10378,1,1,RandomForest,0.0,1.0
9213,0,0,RandomForest,1.0,0.0
645,0,0,RandomForest,0.995,0.005
7218,0,0,RandomForest,0.92,0.08
10013,1,1,RandomForest,0.0,1.0
18634,1,1,RandomForest,0.0,1.0
10787,1,1,RandomForest,0.0,1.0
10565,1,1,RandomForest,0.0,1.0
1542,0,0,RandomForest,0.975,0.025
7455,0,0,RandomForest,1.0,0.0
14661,1,1,RandomForest,0.0,1.0
14448,1,1,RandomForest,0.005,0.995
14647,1,1,RandomForest,0.0,1.0
3472,0,0,RandomForest,1.0,0.0
10234,1,1,RandomForest,0.0,1.0
12004,1,1,RandomForest,0.0,1.0
7804,0,0,RandomForest,1.0,0.0
5777,0,0,RandomForest,1.0,0.0
2433,0,0,RandomForest,0.995,0.005
16522,1,1,RandomForest,0.04,0.96
619,0,0,RandomForest,0.995,0.005
2733,0,0,RandomForest,0.965,0.035
18739,1,1,RandomForest,0.0,1.0
16375,1,1,RandomForest,0.02,0.98
8837,0,0,RandomForest,1.0,0.0
16509,1,1,RandomForest,0.04,0.96
632,0,0,RandomForest,0.995,0.005
6542,0,0,RandomForest,1.0,0.0
12508,1,1,RandomForest,0.0,1.0
8849,0,0,RandomForest,1.0,0.0
13758,1,1,RandomForest,0.0,1.0
18231,1,1,RandomForest,0.0,1.0
16293,1,1,RandomForest,0.045,0.955
1409,0,0,RandomForest,1.0,0.0
16664,1,1,RandomForest,0.0,1.0
1387,0,0,RandomForest,0.98,0.02
10346,1,1,RandomForest,0.0,1.0
1342,0,0,RandomForest,1.0,0.0
5796,0,0,RandomForest,0.99,0.01
1048,0,0,RandomForest,0.985,0.015
6089,0,0,RandomForest,1.0,0.0
14599,1,1,RandomForest,0.0,1.0
11271,1,1,RandomForest,0.0,1.0
17193,1,1,RandomForest,0.025,0.975
7404,0,0,RandomForest,1.0,0.0
525,0,0,RandomForest,1.0,0.0
716,0,0,RandomForest,0.995,0.005
13336,1,1,RandomForest,0.0,1.0
5188,0,0,RandomForest,1.0,0.0
5575,0,0,RandomForest,1.0,0.0
5390,0,0,RandomForest,0.995,0.005
13475,1,1,RandomForest,0.0,1.0
9347,0,0,RandomForest,1.0,0.0
14502,1,1,RandomForest,0.005,0.995
15307,1,1,RandomForest,0.0,1.0
13955,1,1,RandomForest,0.005,0.995
16621,1,1,RandomForest,0.065,0.935
2125,0,0,RandomForest,0.935,0.065
5541,0,0,RandomForest,0.995,0.005
4799,0,0,RandomForest,0.96,0.04
5644,0,0,RandomForest,1.0,0.0
14572,1,1,RandomForest,0.0,1.0
17400,1,1,RandomForest,0.0,1.0
2744,0,0,RandomForest,0.995,0.005
13647,1,1,RandomForest,0.0,1.0
15943,1,1,RandomForest,0.08,0.92
14713,1,1,RandomForest,0.0,1.0
5675,0,0,RandomForest,0.98,0.02
13223,1,1,RandomForest,0.0,1.0
1265,0,0,RandomForest,1.0,0.0
16969,1,1,RandomForest,0.01,0.99
9800,0,0,RandomForest,1.0,0.0
15339,1,1,RandomForest,0.01,0.99
12724,1,1,RandomForest,0.0,1.0
14394,1,1,RandomForest,0.0,1.0
8989,0,0,RandomForest,1.0,0.0
11739,1,1,RandomForest,0.0,1.0
18270,1,1,RandomForest,0.005,0.995
8164,0,0,RandomForest,1.0,0.0
3067,0,0,RandomForest,1.0,0.0
18249,1,1,RandomForest,0.005,0.995
18909,1,1,RandomForest,0.0,1.0
15923,1,1,RandomForest,0.0,1.0
14982,1,1,RandomForest,0.025,0.975
2975,0,0,RandomForest,1.0,0.0
8407,0,0,RandomForest,1.0,0.0
16597,1,1,RandomForest,0.015,0.985
1854,0,0,RandomForest,0.995,0.005
15072,1,1,RandomForest,0.02,0.98
18906,1,1,RandomForest,0.005,0.995
11357,1,1,RandomForest,0.0,1.0
6960,0,0,RandomForest,1.0,0.0
5895,0,0,RandomForest,0.99,0.01
11673,1,1,RandomForest,0.0,1.0
16475,1,1,RandomForest,0.045,0.955
8549,0,0,RandomForest,1.0,0.0
5256,0,0,RandomForest,0.965,0.035
14392,1,1,RandomForest,0.005,0.995
17012,1,1,RandomForest,0.01,0.99
9319,0,0,RandomForest,1.0,0.0
64,0,0,RandomForest,1.0,0.0
17086,1,1,RandomForest,0.07,0.93
11434,1,1,RandomForest,0.0,1.0
822,0,0,RandomForest,1.0,0.0
18594,1,1,RandomForest,0.0,1.0
3376,0,0,RandomForest,0.995,0.005
11576,1,1,RandomForest,0.005,0.995
11745,1,1,RandomForest,0.0,1.0
5232,0,0,RandomForest,1.0,0.0
12306,1,1,RandomForest,0.0,1.0
16479,1,1,RandomForest,0.04,0.96
10244,1,1,RandomForest,0.0,1.0
18659,1,1,RandomForest,0.005,0.995
3993,0,0,RandomForest,0.98,0.02
12798,1,1,RandomForest,0.0,1.0
10402,1,1,RandomForest,0.0,1.0
16034,1,1,RandomForest,0.055,0.945
18285,1,1,RandomForest,0.025,0.975
12696,1,1,RandomForest,0.0,1.0
15343,1,1,RandomForest,0.03,0.97
15711,1,1,RandomForest,0.0,1.0
9320,0,0,RandomForest,1.0,0.0
1771,0,0,RandomForest,0.97,0.03
7486,0,0,RandomForest,0.99,0.01
16671,1,1,RandomForest,0.01,0.99
4426,0,0,RandomForest,1.0,0.0
16331,1,1,RandomForest,0.01,0.99
11499,1,1,RandomForest,0.0,1.0
12951,1,1,RandomForest,0.01,0.99
9204,0,0,RandomForest,1.0,0.0
12333,1,1,RandomForest,0.0,1.0
1341,0,0,RandomForest,0.995,0.005
13581,1,1,RandomForest,0.0,1.0
14915,1,1,RandomForest,0.0,1.0
362,0,0,RandomForest,0.99,0.01
18079,1,1,RandomForest,0.005,0.995
18156,1,1,RandomForest,0.015,0.985
15729,1,1,RandomForest,0.005,0.995
18957,1,1,RandomForest,0.0,1.0
7314,0,0,RandomForest,1.0,0.0
9719,0,0,RandomForest,1.0,0.0
9461,0,0,RandomForest,1.0,0.0
11848,1,1,RandomForest,0.0,1.0
2343,0,0,RandomForest,1.0,0.0
1390,0,0,RandomForest,0.925,0.075
6965,0,0,RandomForest,1.0,0.0
11738,1,1,RandomForest,0.0,1.0
2681,0,0,RandomForest,1.0,0.0
16643,1,1,RandomForest,0.06,0.94
4261,0,0,RandomForest,1.0,0.0
12111,1,1,RandomForest,0.0,1.0
14169,1,1,RandomForest,0.0,1.0
12198,1,1,RandomForest,0.0,1.0
11866,1,1,RandomForest,0.0,1.0
987,0,0,RandomForest,1.0,0.0
12782,1,1,RandomForest,0.0,1.0
16782,1,1,RandomForest,0.02,0.98
4242,0,0,RandomForest,1.0,0.0
16513,1,1,RandomForest,0.035,0.965
4930,0,0,RandomForest,0.995,0.005
14523,1,1,RandomForest,0.0,1.0
3854,0,0,RandomForest,1.0,0.0
7657,0,0,RandomForest,1.0,0.0
17390,1,1,RandomForest,0.0,1.0
5468,0,0,RandomForest,0.985,0.015
2048,0,0,RandomForest,1.0,0.0
5772,0,0,RandomForest,0.995,0.005
2105,0,0,RandomForest,1.0,0.0
13412,1,1,RandomForest,0.0,1.0
16141,1,1,RandomForest,0.035,0.965
15126,1,1,RandomForest,0.03,0.97
17663,1,1,RandomForest,0.0,1.0
1301,0,0,RandomForest,0.995,0.005
1887,0,0,RandomForest,0.995,0.005
6894,0,0,RandomForest,1.0,0.0
2421,0,0,RandomForest,1.0,0.0
1917,0,0,RandomForest,1.0,0.0
4150,0,0,RandomForest,0.97,0.03
10053,1,1,RandomForest,0.0,1.0
8278,0,0,RandomForest,1.0,0.0
17250,1,1,RandomForest,0.005,0.995
15229,1,1,RandomForest,0.03,0.97
2590,0,0,RandomForest,1.0,0.0
17135,1,1,RandomForest,0.015,0.985
17724,1,1,RandomForest,0.015,0.985
4158,0,0,RandomForest,1.0,0.0
17625,1,1,RandomForest,0.005,0.995
5560,0,0,RandomForest,0.985,0.015
11513,1,1,RandomForest,0.0,1.0
3553,0,0,RandomForest,1.0,0.0
14770,1,1,RandomForest,0.0,1.0
14358,1,1,RandomForest,0.0,1.0
12817,1,1,RandomForest,0.0,1.0
8219,0,0,RandomForest,1.0,0.0
15747,1,1,RandomForest,0.01,0.99
8915,0,0,RandomForest,0.985,0.015
11501,1,1,RandomForest,0.0,1.0
5083,0,0,RandomForest,1.0,0.0
7059,0,0,RandomForest,1.0,0.0
4199,0,0,RandomForest,0.985,0.015
5280,0,0,RandomForest,0.825,0.175
14308,1,1,RandomForest,0.0,1.0
8591,0,0,RandomForest,1.0,0.0
10095,1,1,RandomForest,0.005,0.995
7029,0,0,RandomForest,1.0,0.0
9020,0,0,RandomForest,1.0,0.0
16191,1,1,RandomForest,0.02,0.98
12103,1,1,RandomForest,0.0,1.0
10258,1,1,RandomForest,0.0,1.0
5240,0,0,RandomForest,0.995,0.005
2849,0,0,RandomForest,0.995,0.005
17678,1,1,RandomForest,0.005,0.995
3810,0,0,RandomForest,0.98,0.02
16845,1,1,RandomForest,0.0,1.0
11882,1,1,RandomForest,0.0,1.0
5490,0,0,RandomForest,1.0,0.0
2551,0,0,RandomForest,0.995,0.005
4892,0,0,RandomForest,1.0,0.0
1308,0,0,RandomForest,0.985,0.015
3584,0,0,RandomForest,1.0,0.0
1000,0,0,RandomForest,1.0,0.0
12927,1,1,RandomForest,0.0,1.0
3028,0,0,RandomForest,0.995,0.005
9836,0,0,RandomForest,1.0,0.0
10642,1,1,RandomForest,0.0,1.0
18975,1,1,RandomForest,0.0,1.0
13029,1,1,RandomForest,0.0,1.0
3594,0,0,RandomForest,1.0,0.0
18043,1,1,RandomForest,0.0,1.0
11105,1,1,RandomForest,0.0,1.0
17240,1,1,RandomForest,0.005,0.995
10825,1,1,RandomForest,0.0,1.0
9670,0,0,RandomForest,1.0,0.0
1648,0,0,RandomForest,1.0,0.0
8162,0,0,RandomForest,1.0,0.0
5855,0,0,RandomForest,0.99,0.01
9240,0,0,RandomForest,1.0,0.0
7673,0,0,RandomForest,1.0,0.0
10280,1,1,RandomForest,0.0,1.0
11948,1,1,RandomForest,0.0,1.0
6327,0,0,RandomForest,1.0,0.0
11408,1,1,RandomForest,0.0,1.0
9007,0,0,RandomForest,1.0,0.0
16080,1,1,RandomForest,0.01,0.99
2541,0,0,RandomForest,1.0,0.0
11063,1,1,RandomForest,0.0,1.0
74,0,0,RandomForest,1.0,0.0
9692,0,0,RandomForest,0.97,0.03
1571,0,0,RandomForest,1.0,0.0
13551,1,1,RandomForest,0.0,1.0
1646,0,0,RandomForest,0.995,0.005
10700,1,1,RandomForest,0.0,1.0
10582,1,1,RandomForest,0.0,1.0
6668,0,0,RandomForest,0.96,0.04
14999,1,1,RandomForest,0.01,0.99
2961,0,0,RandomForest,0.98,0.02
15109,1,1,RandomForest,0.015,0.985
6012,0,0,RandomForest,1.0,0.0
18987,1,1,RandomForest,0.0,1.0
16674,1,1,RandomForest,0.0,1.0
6359,0,0,RandomForest,1.0,0.0
405,0,0,RandomForest,1.0,0.0
19084,1,1,RandomForest,0.0,1.0
15052,1,1,RandomForest,0.025,0.975
16910,1,1,RandomForest,0.04,0.96
8415,0,0,RandomForest,1.0,0.0
17930,1,1,RandomForest,0.01,0.99
15679,1,1,RandomForest,0.0,1.0
12853,1,1,RandomForest,0.0,1.0
16205,1,1,RandomForest,0.05,0.95
13383,1,1,RandomForest,0.0,1.0
5655,0,0,RandomForest,0.915,0.085
11229,1,1,RandomForest,0.0,1.0
13808,1,1,RandomForest,0.02,0.98
1619,0,0,RandomForest,1.0,0.0
9539,0,0,RandomForest,1.0,0.0
10711,1,1,RandomForest,0.0,1.0
10698,1,1,RandomForest,0.0,1.0
3462,0,0,RandomForest,0.99,0.01
7215,0,0,RandomForest,0.995,0.005
16862,1,1,RandomForest,0.01,0.99
876,0,0,RandomForest,0.995,0.005
2891,0,0,RandomForest,1.0,0.0
17988,1,1,RandomForest,0.0,1.0
6467,0,0,RandomForest,0.985,0.015
9870,0,0,RandomForest,1.0,0.0
832,0,0,RandomForest,1.0,0.0
10014,1,1,RandomForest,0.0,1.0
1,0,0,RandomForest,0.985,0.015
6644,0,0,RandomForest,1.0,0.0
6097,0,0,RandomForest,1.0,0.0
922,0,0,RandomForest,0.995,0.005
5811,0,0,RandomForest,0.99,0.01
13021,1,1,RandomForest,0.0,1.0
11746,1,1,RandomForest,0.0,1.0
7777,0,0,RandomForest,1.0,0.0
8413,0,0,RandomForest,1.0,0.0
6588,0,0,RandomForest,1.0,0.0
10912,1,1,RandomForest,0.0,1.0
16472,1,1,RandomForest,0.07,0.93
1306,0,0,RandomForest,1.0,0.0
7009,0,0,RandomForest,1.0,0.0
2708,0,0,RandomForest,1.0,0.0
9943,0,0,RandomForest,1.0,0.0
17604,1,1,RandomForest,0.06,0.94
12605,1,1,RandomForest,0.0,1.0
6166,0,0,RandomForest,1.0,0.0
2878,0,0,RandomForest,0.95,0.05
11239,1,1,RandomForest,0.0,1.0
15001,1,1,RandomForest,0.005,0.995
10728,1,1,RandomForest,0.0,1.0
18196,1,1,RandomForest,0.0,1.0
7174,0,0,RandomForest,1.0,0.0
14747,1,1,RandomForest,0.0,1.0
17536,1,1,RandomForest,0.0,1.0
7069,0,0,RandomForest,1.0,0.0
12912,1,1,RandomForest,0.0,1.0
17050,1,1,RandomForest,0.0,1.0
2475,0,0,RandomForest,0.985,0.015
8207,0,0,RandomForest,1.0,0.0
17090,1,1,RandomForest,0.0,1.0
14063,1,1,RandomForest,0.0,1.0
5797,0,0,RandomForest,1.0,0.0
19128,1,1,RandomForest,0.0,1.0
17371,1,1,RandomForest,0.005,0.995
94,0,0,RandomForest,0.93,0.07
6609,0,0,RandomForest,1.0,0.0
261,0,0,RandomForest,1.0,0.0
11040,1,1,RandomForest,0.0,1.0
4895,0,0,RandomForest,0.995,0.005
5776,0,0,RandomForest,0.99,0.01
18641,1,1,RandomForest,0.0,1.0
10487,1,1,RandomForest,0.015,0.985
17163,1,1,RandomForest,0.0,1.0
17373,1,1,RandomForest,0.005,0.995
9629,0,0,RandomForest,1.0,0.0
2265,0,0,RandomForest,0.945,0.055
8623,0,0,RandomForest,1.0,0.0
12825,1,1,RandomForest,0.0,1.0
10828,1,1,RandomForest,0.0,1.0
10772,1,1,RandomForest,0.0,1.0
2568,0,0,RandomForest,0.99,0.01
9488,0,0,RandomForest,1.0,0.0
9639,0,0,RandomForest,1.0,0.0
2914,0,0,RandomForest,0.99,0.01
15315,1,1,RandomForest,0.005,0.995
4225,0,0,RandomForest,1.0,0.0
3486,0,0,RandomForest,1.0,0.0
6787,0,0,RandomForest,0.97,0.03
7437,0,0,RandomForest,0.995,0.005
10142,1,1,RandomForest,0.0,1.0
10416,1,1,RandomForest,0.0,1.0
17398,1,1,RandomForest,0.0,1.0
14451,1,1,RandomForest,0.0,1.0
3419,0,0,RandomForest,1.0,0.0
5726,0,0,RandomForest,0.995,0.005
12950,1,1,RandomForest,0.0,1.0
18254,1,1,RandomForest,0.015,0.985
16417,1,1,RandomForest,0.025,0.975
4425,0,0,RandomForest,0.995,0.005
14216,1,1,RandomForest,0.0,1.0
18223,1,1,RandomForest,0.025,0.975
12747,1,1,RandomForest,0.0,1.0
5881,0,0,RandomForest,1.0,0.0
12261,1,1,RandomForest,0.0,1.0
1380,0,0,RandomForest,1.0,0.0
10175,1,1,RandomForest,0.0,1.0
17916,1,1,RandomForest,0.005,0.995
17800,1,1,RandomForest,0.0,1.0
17795,1,1,RandomForest,0.005,0.995
5005,0,0,RandomForest,1.0,0.0
7904,0,0,RandomForest,0.995,0.005
17330,1,1,RandomForest,0.0,1.0
7140,0,0,RandomForest,0.995,0.005
16298,1,1,RandomForest,0.02,0.98
2120,0,0,RandomForest,0.98,0.02
14138,1,1,RandomForest,0.0,1.0
12556,1,1,RandomForest,0.0,1.0
2336,0,0,RandomForest,0.95,0.05
804,0,0,RandomForest,1.0,0.0
11651,1,1,RandomForest,0.0,1.0
12371,1,1,RandomForest,0.0,1.0
13468,1,1,RandomForest,0.0,1.0
12775,1,1,RandomForest,0.0,1.0
10222,1,1,RandomForest,0.0,1.0
16145,1,1,RandomForest,0.035,0.965
3863,0,0,RandomForest,1.0,0.0
17199,1,1,RandomForest,0.075,0.925
6949,0,0,RandomForest,1.0,0.0
4468,0,0,RandomForest,1.0,0.0
6585,0,0,RandomForest,0.995,0.005
1481,0,0,RandomForest,1.0,0.0
8702,0,0,RandomForest,1.0,0.0
15624,1,1,RandomForest,0.0,1.0
4725,0,0,RandomForest,1.0,0.0
8662,0,0,RandomForest,1.0,0.0
10488,1,1,RandomForest,0.0,1.0
3713,0,0,RandomForest,1.0,0.0
17588,1,1,RandomForest,0.04,0.96
13530,1,1,RandomForest,0.0,1.0
15289,1,1,RandomForest,0.045,0.955
6892,0,0,RandomForest,1.0,0.0
4904,0,0,RandomForest,0.99,0.01
12937,1,1,RandomForest,0.0,1.0
600,0,0,RandomForest,1.0,0.0
9299,0,0,RandomForest,1.0,0.0
4227,0,0,RandomForest,1.0,0.0
14221,1,1,RandomForest,0.005,0.995
364,0,0,RandomForest,1.0,0.0
12499,1,1,RandomForest,0.0,1.0
17586,1,1,RandomForest,0.005,0.995
15280,1,1,RandomForest,0.0,1.0
3687,0,0,RandomForest,1.0,0.0
11083,1,1,RandomForest,0.0,1.0
9494,0,0,RandomForest,1.0,0.0
16712,1,1,RandomForest,0.015,0.985
7686,0,0,RandomForest,1.0,0.0
7634,0,0,RandomForest,1.0,0.0
8110,0,0,RandomForest,1.0,0.0
6031,0,0,RandomForest,0.985,0.015
8790,0,0,RandomForest,1.0,0.0
6530,0,0,RandomForest,0.995,0.005
5539,0,0,RandomForest,1.0,0.0
15455,1,1,RandomForest,0.0,1.0
8627,0,0,RandomForest,1.0,0.0
16784,1,1,RandomForest,0.005,0.995
9109,0,0,RandomForest,1.0,0.0
18067,1,1,RandomForest,0.005,0.995
18154,1,1,RandomForest,0.015,0.985
6694,0,0,RandomForest,0.98,0.02
10446,1,1,RandomForest,0.0,1.0
11398,1,1,RandomForest,0.0,1.0
988,0,0,RandomForest,1.0,0.0
3900,0,0,RandomForest,0.965,0.035
8919,0,0,RandomForest,1.0,0.0
6709,0,0,RandomForest,0.99,0.01
18148,1,1,RandomForest,0.005,0.995
8445,0,0,RandomForest,1.0,0.0
6852,0,0,RandomForest,1.0,0.0
5699,0,0,RandomForest,1.0,0.0
18769,1,1,RandomForest,0.005,0.995
10620,1,1,RandomForest,0.0,1.0
8175,0,0,RandomForest,1.0,0.0
2050,0,0,RandomForest,1.0,0.0
17404,1,1,RandomForest,0.025,0.975
17809,1,1,RandomForest,0.0,1.0
15277,1,1,RandomForest,0.0,1.0
13483,1,1,RandomForest,0.0,1.0
14006,1,1,RandomForest,0.0,1.0
16571,1,1,RandomForest,0.02,0.98
13760,1,1,RandomForest,0.0,1.0
545,0,0,RandomForest,1.0,0.0
968,0,0,RandomForest,0.995,0.005
14636,1,1,RandomForest,0.0,1.0
7622,0,0,RandomForest,1.0,0.0
341,0,0,RandomForest,0.865,0.135
4931,0,0,RandomForest,1.0,0.0
12095,1,1,RandomForest,0.0,1.0
5161,0,0,RandomForest,1.0,0.0
1931,0,0,RandomForest,1.0,0.0
1154,0,0,RandomForest,1.0,0.0
9,0,0,RandomForest,0.98,0.02
16038,1,1,RandomForest,0.03,0.97
3330,0,0,RandomForest,1.0,0.0
5352,0,0,RandomForest,0.77,0.23
10557,1,1,RandomForest,0.0,1.0
5997,0,0,RandomForest,0.995,0.005
17576,1,1,RandomForest,0.035,0.965
11716,1,1,RandomForest,0.0,1.0
6614,0,0,RandomForest,1.0,0.0
12935,1,1,RandomForest,0.0,1.0
4255,0,0,RandomForest,0.99,0.01
8755,0,0,RandomForest,1.0,0.0
3223,0,0,RandomForest,1.0,0.0
11124,1,1,RandomForest,0.0,1.0
4278,0,0,RandomForest,1.0,0.0
14763,1,1,RandomForest,0.0,1.0
15250,1,1,RandomForest,0.015,0.985
18463,1,1,RandomForest,0.0,1.0
1742,0,0,RandomForest,1.0,0.0
1998,0,0,RandomForest,1.0,0.0
6439,0,0,RandomForest,0.925,0.075
10885,1,1,RandomForest,0.0,1.0
18475,1,1,RandomForest,0.0,1.0
3086,0,0,RandomForest,1.0,0.0
10588,1,1,RandomForest,0.0,1.0
17150,1,1,RandomForest,0.075,0.925
4036,0,0,RandomForest,1.0,0.0
18621,1,1,RandomForest,0.0,1.0
482,0,0,RandomForest,0.985,0.015
5031,0,0,RandomForest,0.995,0.005
1766,0,0,RandomForest,1.0,0.0
9336,0,0,RandomForest,1.0,0.0
12207,1,1,RandomForest,0.0,1.0
11042,1,1,RandomForest,0.0,1.0
9543,0,0,RandomForest,1.0,0.0
8306,0,0,RandomForest,0.995,0.005
11888,1,1,RandomForest,0.005,0.995
8032,0,0,RandomForest,1.0,0.0
9803,0,0,RandomForest,1.0,0.0
16601,1,1,RandomForest,0.005,0.995
3224,0,0,RandomForest,0.995,0.005
7555,0,0,RandomForest,1.0,0.0
12563,1,1,RandomForest,0.0,1.0
4887,0,0,RandomForest,1.0,0.0
7996,0,0,RandomForest,1.0,0.0
661,0,0,RandomForest,1.0,0.0
10820,1,1,RandomForest,0.0,1.0
6665,0,0,RandomForest,1.0,0.0
16119,1,1,RandomForest,0.02,0.98
4524,0,0,RandomForest,0.995,0.005
8010,0,0,RandomForest,1.0,0.0
12484,1,1,RandomForest,0.0,1.0
12994,1,1,RandomForest,0.0,1.0
2113,0,0,RandomForest,1.0,0.0
7124,0,0,RandomForest,1.0,0.0
14318,1,1,RandomForest,0.0,1.0
15988,1,1,RandomForest,0.035,0.965
18645,1,1,RandomForest,0.0,1.0
6303,0,0,RandomForest,0.985,0.015
17429,1,1,RandomForest,0.005,0.995
16987,1,1,RandomForest,0.025,0.975
4790,0,0,RandomForest,0.99,0.01
9975,0,0,RandomForest,1.0,0.0
6807,0,0,RandomForest,1.0,0.0
12691,1,1,RandomForest,0.0,1.0
17029,1,1,RandomForest,0.005,0.995
16456,1,1,RandomForest,0.02,0.98
10803,1,1,RandomForest,0.005,0.995
3972,0,0,RandomForest,0.995,0.005
2852,0,0,RandomForest,0.995,0.005
13706,1,1,RandomForest,0.0,1.0
8862,0,0,RandomForest,1.0,0.0
5645,0,0,RandomForest,0.995,0.005
5864,0,0,RandomForest,1.0,0.0
11831,1,1,RandomForest,0.0,1.0
707,0,0,RandomForest,0.995,0.005
5238,0,0,RandomForest,1.0,0.0
5619,0,0,RandomForest,0.98,0.02
574,0,0,RandomForest,0.975,0.025
14011,1,1,RandomForest,0.0,1.0
13259,1,1,RandomForest,0.0,1.0
15049,1,1,RandomForest,0.0,1.0
14730,1,1,RandomForest,0.0,1.0
14817,1,1,RandomForest,0.0,1.0
5068,0,0,RandomForest,1.0,0.0
8173,0,0,RandomForest,1.0,0.0
3138,0,0,RandomForest,0.995,0.005
2811,0,0,RandomForest,1.0,0.0
17602,1,1,RandomForest,0.0,1.0
8955,0,0,RandomForest,1.0,0.0
15534,1,1,RandomForest,0.0,1.0
18978,1,1,RandomForest,0.0,1.0
16157,1,1,RandomForest,0.015,0.985
11221,1,1,RandomForest,0.0,1.0
14867,1,1,RandomForest,0.005,0.995
7022,0,0,RandomForest,1.0,0.0
1484,0,0,RandomForest,1.0,0.0
18117,1,1,RandomForest,0.015,0.985
4223,0,0,RandomForest,1.0,0.0
2472,0,0,RandomForest,1.0,0.0
15989,1,1,RandomForest,0.04,0.96
17821,1,1,RandomForest,0.005,0.995
7114,0,0,RandomForest,0.995,0.005
15115,1,1,RandomForest,0.0,1.0
14139,1,1,RandomForest,0.0,1.0
11402,1,1,RandomForest,0.0,1.0
2289,0,0,RandomForest,1.0,0.0
13761,1,1,RandomForest,0.0,1.0
933,0,0,RandomForest,1.0,0.0
5109,0,0,RandomForest,1.0,0.0
13942,1,1,RandomForest,0.0,1.0
18649,1,1,RandomForest,0.0,1.0
9627,0,0,RandomForest,1.0,0.0
18988,1,1,RandomForest,0.0,1.0
2033,0,0,RandomForest,1.0,0.0
13207,1,1,RandomForest,0.0,1.0
105,0,0,RandomForest,1.0,0.0
10525,1,1,RandomForest,0.0,1.0
9721,0,0,RandomForest,1.0,0.0
5636,0,0,RandomForest,0.86,0.14
9009,0,0,RandomForest,0.99,0.01
14544,1,1,RandomForest,0.0,1.0
5435,0,0,RandomForest,1.0,0.0
5320,0,0,RandomForest,1.0,0.0
537,0,0,RandomForest,1.0,0.0
15889,1,1,RandomForest,0.0,1.0
16706,1,1,RandomForest,0.07,0.93
14911,1,1,RandomForest,0.02,0.98
7595,0,0,RandomForest,1.0,0.0
8073,0,0,RandomForest,1.0,0.0
10330,1,1,RandomForest,0.005,0.995
54,0,0,RandomForest,0.995,0.005
13532,1,1,RandomForest,0.0,1.0
16794,1,1,RandomForest,0.01,0.99
9974,0,0,RandomForest,1.0,0.0
5450,0,0,RandomForest,0.665,0.335
3556,0,0,RandomForest,1.0,0.0
5600,0,0,RandomForest,0.995,0.005
17878,1,1,RandomForest,0.01,0.99
10586,1,1,RandomForest,0.005,0.995
18095,1,1,RandomForest,0.0,1.0
9622,0,0,RandomForest,1.0,0.0
1636,0,0,RandomForest,0.945,0.055
10215,1,1,RandomForest,0.0,1.0
5415,0,0,RandomForest,1.0,0.0
153,0,0,RandomForest,1.0,0.0
954,0,0,RandomForest,0.78,0.22
7694,0,0,RandomForest,1.0,0.0
4000,0,0,RandomForest,1.0,0.0
3549,0,0,RandomForest,1.0,0.0
16961,1,1,RandomForest,0.02,0.98
15423,1,1,RandomForest,0.015,0.985
5988,0,0,RandomForest,0.995,0.005
4757,0,0,RandomForest,1.0,0.0
117,0,0,RandomForest,1.0,0.0
9561,0,0,RandomForest,1.0,0.0
5442,0,0,RandomForest,0.99,0.01
18255,1,1,RandomForest,0.01,0.99
16200,1,1,RandomForest,0.04,0.96
1184,0,0,RandomForest,0.995,0.005
9995,1,1,RandomForest,0.02,0.98
18197,1,1,RandomForest,0.015,0.985
10956,1,1,RandomForest,0.0,1.0
3840,0,0,RandomForest,1.0,0.0
12360,1,1,RandomForest,0.0,1.0
8709,0,0,RandomForest,1.0,0.0
4349,0,0,RandomForest,0.99,0.01
12024,1,1,RandomForest,0.0,1.0
12495,1,1,RandomForest,0.0,1.0
12807,1,1,RandomForest,0.0,1.0
7010,0,0,RandomForest,0.97,0.03
8914,0,0,RandomForest,1.0,0.0
634,0,0,RandomForest,0.995,0.005
3953,0,0,RandomForest,0.995,0.005
16013,1,1,RandomForest,0.03,0.97
17346,1,1,RandomForest,0.0,1.0
197,0,0,RandomForest,0.99,0.01
7271,0,0,RandomForest,1.0,0.0
3828,0,0,RandomForest,1.0,0.0
9414,0,0,RandomForest,1.0,0.0
11489,1,1,RandomForest,0.0,1.0
10444,1,1,RandomForest,0.0,1.0
8184,0,0,RandomForest,1.0,0.0
1266,0,0,RandomForest,1.0,0.0
12374,1,1,RandomForest,0.0,1.0
6675,0,0,RandomForest,1.0,0.0
6971,0,0,RandomForest,0.98,0.02
4,0,0,RandomForest,0.965,0.035
11347,1,1,RandomForest,0.0,1.0
3603,0,0,RandomForest,0.995,0.005
13136,1,1,RandomForest,0.0,1.0
271,0,0,RandomForest,0.965,0.035
18907,1,1,RandomForest,0.0,1.0
7717,0,0,RandomForest,1.0,0.0
638,0,0,RandomForest,1.0,0.0
14940,1,1,RandomForest,0.0,1.0
9377,0,0,RandomForest,1.0,0.0
14766,1,1,RandomForest,0.0,1.0
12034,1,1,RandomForest,0.0,1.0
15032,1,1,RandomForest,0.035,0.965
9468,0,0,RandomForest,1.0,0.0
18868,1,1,RandomForest,0.0,1.0
878,0,0,RandomForest,0.965,0.035
15029,1,1,RandomForest,0.01,0.99
3726,0,0,RandomForest,1.0,0.0
17960,1,1,RandomForest,0.0,1.0
5051,0,0,RandomForest,0.93,0.07
5295,0,0,RandomForest,1.0,0.0
8374,0,0,RandomForest,1.0,0.0
18134,1,1,RandomForest,0.005,0.995
16519,1,1,RandomForest,0.0,1.0
10781,1,1,RandomForest,0.0,1.0
13080,1,1,RandomForest,0.0,1.0
6488,0,0,RandomForest,0.95,0.05
12174,1,1,RandomForest,0.0,1.0
6891,0,0,RandomForest,0.965,0.035
14710,1,1,RandomForest,0.0,1.0
6099,0,0,RandomForest,0.965,0.035
12270,1,1,RandomForest,0.0,1.0
3420,0,0,RandomForest,0.99,0.01
14841,1,1,RandomForest,0.0,1.0
14699,1,1,RandomForest,0.0,1.0
10769,1,1,RandomForest,0.0,1.0
2278,0,0,RandomForest,0.985,0.015
5625,0,0,RandomForest,1.0,0.0
10743,1,1,RandomForest,0.0,1.0
12619,1,1,RandomForest,0.0,1.0
17376,1,1,RandomForest,0.0,1.0
4815,0,0,RandomForest,0.995,0.005
13055,1,1,RandomForest,0.0,1.0
7994,0,0,RandomForest,1.0,0.0
5975,0,0,RandomForest,1.0,0.0
9866,0,0,RandomForest,1.0,0.0
17159,1,1,RandomForest,0.015,0.985
18038,1,1,RandomForest,0.0,1.0
14205,1,1,RandomForest,0.005,0.995
10246,1,1,RandomForest,0.0,1.0
18772,1,1,RandomForest,0.0,1.0
12515,1,1,RandomForest,0.0,1.0
17333,1,1,RandomForest,0.0,1.0
7479,0,0,RandomForest,0.99,0.01
3572,0,0,RandomForest,1.0,0.0
15719,1,1,RandomForest,0.0,1.0
9502,0,0,RandomForest,1.0,0.0
10753,1,1,RandomForest,0.0,1.0
851,0,0,RandomForest,1.0,0.0
18622,1,1,RandomForest,0.0,1.0
14501,1,1,RandomForest,0.0,1.0
13824,1,1,RandomForest,0.0,1.0
7723,0,0,RandomForest,1.0,0.0
13599,1,1,RandomForest,0.0,1.0
14985,1,1,RandomForest,0.025,0.975
8258,0,0,RandomForest,1.0,0.0
14076,1,1,RandomForest,0.0,1.0
18355,1,1,RandomForest,0.0,1.0
8105,0,0,RandomForest,1.0,0.0
1165,0,0,RandomForest,1.0,0.0
18284,1,1,RandomForest,0.04,0.96
1525,0,0,RandomForest,0.945,0.055
5115,0,0,RandomForest,1.0,0.0
18078,1,1,RandomForest,0.0,1.0
15312,1,1,RandomForest,0.01,0.99
13762,1,1,RandomForest,0.0,1.0
8378,0,0,RandomForest,1.0,0.0
3452,0,0,RandomForest,1.0,0.0
4090,0,0,RandomForest,0.995,0.005
12061,1,1,RandomForest,0.0,1.0
17224,1,1,RandomForest,0.0,1.0
13081,1,1,RandomForest,0.0,1.0
7373,0,0,RandomForest,0.995,0.005
1913,0,0,RandomForest,1.0,0.0
16384,1,1,RandomForest,0.0,1.0
13034,1,1,RandomForest,0.0,1.0
4980,0,0,RandomForest,1.0,0.0
9940,0,0,RandomForest,1.0,0.0
12150,1,1,RandomForest,0.0,1.0
5420,0,0,RandomForest,0.995,0.005
15628,1,1,RandomForest,0.0,1.0
12335,1,1,RandomForest,0.0,1.0
11566,1,1,RandomForest,0.0,1.0
9050,0,0,RandomForest,1.0,0.0
5724,0,0,RandomForest,1.0,0.0
4673,0,0,RandomForest,1.0,0.0
3507,0,0,RandomForest,1.0,0.0
5596,0,0,RandomForest,0.985,0.015
189,0,0,RandomForest,0.98,0.02
3081,0,0,RandomForest,1.0,0.0
15945,1,1,RandomForest,0.07,0.93
13432,1,1,RandomForest,0.0,1.0
13885,1,1,RandomForest,0.0,1.0
16660,1,1,RandomForest,0.005,0.995
17108,1,1,RandomForest,0.01,0.99
9273,0,0,RandomForest,0.995,0.005
5959,0,0,RandomForest,0.99,0.01
11062,1,1,RandomForest,0.0,1.0
8958,0,0,RandomForest,1.0,0.0
17427,1,1,RandomForest,0.0,1.0
17561,1,1,RandomForest,0.005,0.995
18259,1,1,RandomForest,0.0,1.0
15812,1,1,RandomForest,0.0,1.0
16542,1,1,RandomForest,0.04,0.96
15654,1,1,RandomForest,0.005,0.995
15962,1,1,RandomForest,0.035,0.965
3436,0,0,RandomForest,0.92,0.08
11547,1,1,RandomForest,0.0,1.0
14329,1,1,RandomForest,0.0,1.0
18862,1,1,RandomForest,0.005,0.995
5124,0,0,RandomForest,0.985,0.015
15184,1,1,RandomForest,0.0,1.0
10742,1,1,RandomForest,0.0,1.0
11561,1,1,RandomForest,0.0,1.0
13014,1,1,RandomForest,0.0,1.0
4114,0,0,RandomForest,1.0,0.0
4736,0,0,RandomForest,0.99,0.01
2193,0,0,RandomForest,1.0,0.0
10432,1,1,RandomForest,0.0,1.0
12018,1,1,RandomForest,0.0,1.0
1343,0,0,RandomForest,1.0,0.0
3843,0,0,RandomForest,0.99,0.01
659,0,0,RandomForest,1.0,0.0
4876,0,0,RandomForest,1.0,0.0
5567,0,0,RandomForest,1.0,0.0
703,0,0,RandomForest,1.0,0.0
3633,0,0,RandomForest,1.0,0.0
9224,0,0,RandomForest,1.0,0.0
10570,1,1,RandomForest,0.0,1.0
2494,0,0,RandomForest,0.945,0.055
14232,1,1,RandomForest,0.0,1.0
3596,0,0,RandomForest,1.0,0.0
11606,1,1,RandomForest,0.0,1.0
17420,1,1,RandomForest,0.005,0.995
16541,1,1,RandomForest,0.1,0.9
5704,0,0,RandomForest,1.0,0.0
55,0,0,RandomForest,0.985,0.015
4422,0,0,RandomForest,0.99,0.01
11362,1,1,RandomForest,0.0,1.0
3051,0,0,RandomForest,1.0,0.0
10733,1,1,RandomForest,0.0,1.0
12291,1,1,RandomForest,0.0,1.0
16560,1,1,RandomForest,0.03,0.97
918,0,0,RandomForest,0.995,0.005
1050,0,0,RandomForest,1.0,0.0
7311,0,0,RandomForest,0.995,0.005
5383,0,0,RandomForest,0.98,0.02
6619,0,0,RandomForest,0.995,0.005
7989,0,0,RandomForest,1.0,0.0
15956,1,1,RandomForest,0.06,0.94
13154,1,1,RandomForest,0.0,1.0
5984,0,0,RandomForest,0.995,0.005
7971,0,0,RandomForest,1.0,0.0
130,0,0,RandomForest,1.0,0.0
16236,1,1,RandomForest,0.025,0.975
15782,1,1,RandomForest,0.0,1.0
1640,0,0,RandomForest,0.995,0.005
5977,0,0,RandomForest,1.0,0.0
9666,0,0,RandomForest,1.0,0.0
14262,1,1,RandomForest,0.0,1.0
126,0,0,RandomForest,0.995,0.005
18496,1,1,RandomForest,0.005,0.995
7056,0,0,RandomForest,1.0,0.0
12768,1,1,RandomForest,0.0,1.0
18266,1,1,RandomForest,0.0,1.0
17352,1,1,RandomForest,0.005,0.995
3476,0,0,RandomForest,0.995,0.005
14087,1,1,RandomForest,0.0,1.0
13826,1,1,RandomForest,0.0,1.0
488,0,0,RandomForest,1.0,0.0
16271,1,1,RandomForest,0.035,0.965
6980,0,0,RandomForest,1.0,0.0
12584,1,1,RandomForest,0.0,1.0
3496,0,0,RandomForest,1.0,0.0
18566,1,1,RandomForest,0.005,0.995
14931,1,1,RandomForest,0.0,1.0
18688,1,1,RandomForest,0.005,0.995
1686,0,0,RandomForest,0.995,0.005
16582,1,1,RandomForest,0.005,0.995
2785,0,0,RandomForest,1.0,0.0
18937,1,1,RandomForest,0.0,1.0
6895,0,0,RandomForest,1.0,0.0
4569,0,0,RandomForest,0.995,0.005
18358,1,1,RandomForest,0.0,1.0
4499,0,0,RandomForest,1.0,0.0
16020,1,1,RandomForest,0.05,0.95
1682,0,0,RandomForest,1.0,0.0
11317,1,1,RandomForest,0.0,1.0
8542,0,0,RandomForest,1.0,0.0
1324,0,0,RandomForest,1.0,0.0
11067,1,1,RandomForest,0.0,1.0
11195,1,1,RandomForest,0.0,1.0
4033,0,0,RandomForest,1.0,0.0
7408,0,0,RandomForest,1.0,0.0
5604,0,0,RandomForest,0.945,0.055
5732,0,0,RandomForest,0.99,0.01
19069,1,1,RandomForest,0.0,1.0
18631,1,1,RandomForest,0.0,1.0
7878,0,0,RandomForest,0.995,0.005
17248,1,1,RandomForest,0.005,0.995
18277,1,1,RandomForest,0.0,1.0
3511,0,0,RandomForest,0.995,0.005
4911,0,0,RandomForest,0.995,0.005
9474,0,0,RandomForest,1.0,0.0
6612,0,0,RandomForest,1.0,0.0
12876,1,1,RandomForest,0.0,1.0
8150,0,0,RandomForest,1.0,0.0
1970,0,0,RandomForest,1.0,0.0
18875,1,1,RandomForest,0.0,1.0
15293,1,1,RandomForest,0.0,1.0
18482,1,1,RandomForest,0.0,1.0
10221,1,1,RandomForest,0.0,1.0
18370,1,1,RandomForest,0.0,1.0
262,0,0,RandomForest,1.0,0.0
9933,0,0,RandomForest,1.0,0.0
6525,0,0,RandomForest,1.0,0.0
10517,1,1,RandomForest,0.0,1.0
15341,1,1,RandomForest,0.005,0.995
1607,0,0,RandomForest,0.995,0.005
3490,0,0,RandomForest,1.0,0.0
7867,0,0,RandomForest,1.0,0.0
580,0,0,RandomForest,0.99,0.01
10059,1,1,RandomForest,0.0,1.0
3654,0,0,RandomForest,1.0,0.0
1440,0,0,RandomForest,1.0,0.0
14240,1,1,RandomForest,0.0,1.0
14290,1,1,RandomForest,0.0,1.0
9554,0,0,RandomForest,1.0,0.0
14684,1,1,RandomForest,0.005,0.995
4413,0,0,RandomForest,0.995,0.005
12684,1,1,RandomForest,0.0,1.0
2786,0,0,RandomForest,0.995,0.005
16623,1,1,RandomForest,0.015,0.985
18106,1,1,RandomForest,0.01,0.99
3845,0,0,RandomForest,1.0,0.0
10611,1,1,RandomForest,0.0,1.0
5870,0,0,RandomForest,1.0,0.0
11538,1,1,RandomForest,0.0,1.0
11473,1,1,RandomForest,0.0,1.0
6479,0,0,RandomForest,0.995,0.005
15510,1,1,RandomForest,0.0,1.0
19120,1,1,RandomForest,0.0,1.0
18295,1,1,RandomForest,0.0,1.0
5941,0,0,RandomForest,0.995,0.005
16059,1,1,RandomForest,0.07,0.93
4186,0,0,RandomForest,1.0,0.0
18432,1,1,RandomForest,0.0,1.0
11056,1,1,RandomForest,0.0,1.0
6471,0,0,RandomForest,0.985,0.015
4976,0,0,RandomForest,0.995,0.005
7385,0,0,RandomForest,1.0,0.0
18813,1,1,RandomForest,0.0,1.0
3598,0,0,RandomForest,1.0,0.0
6905,0,0,RandomForest,1.0,0.0
14342,1,1,RandomForest,0.0,1.0
213,0,0,RandomForest,1.0,0.0
14320,1,1,RandomForest,0.0,1.0
9966,0,0,RandomForest,1.0,0.0
6881,0,0,RandomForest,1.0,0.0
8460,0,0,RandomForest,1.0,0.0
823,0,0,RandomForest,1.0,0.0
14807,1,1,RandomForest,0.0,1.0
9423,0,0,RandomForest,1.0,0.0
6484,0,0,RandomForest,1.0,0.0
13158,1,1,RandomForest,0.0,1.0
11133,1,1,RandomForest,0.0,1.0
4361,0,0,RandomForest,1.0,0.0
1865,0,0,RandomForest,1.0,0.0
16326,1,1,RandomForest,0.03,0.97
6342,0,0,RandomForest,1.0,0.0
13010,1,1,RandomForest,0.0,1.0
17503,1,1,RandomForest,0.01,0.99
12520,1,1,RandomForest,0.0,1.0
12280,1,1,RandomForest,0.0,1.0
15935,1,1,RandomForest,0.015,0.985
7687,0,0,RandomForest,1.0,0.0
3466,0,0,RandomForest,0.995,0.005
18338,1,1,RandomForest,0.0,1.0
12855,1,1,RandomForest,0.0,1.0
8580,0,0,RandomForest,1.0,0.0
10420,1,1,RandomForest,0.0,1.0
345,0,0,RandomForest,0.9,0.1
7651,0,0,RandomForest,1.0,0.0
16696,1,1,RandomForest,0.01,0.99
2703,0,0,RandomForest,0.985,0.015
4846,0,0,RandomForest,0.965,0.035
17890,1,1,RandomForest,0.045,0.955
16091,1,1,RandomForest,0.025,0.975
243,0,0,RandomForest,1.0,0.0
7734,0,0,RandomForest,1.0,0.0
5622,0,0,RandomForest,1.0,0.0
12578,1,1,RandomForest,0.0,1.0
18737,1,1,RandomForest,0.0,1.0
18638,1,1,RandomForest,0.0,1.0
7941,0,0,RandomForest,1.0,0.0
1990,0,0,RandomForest,0.94,0.06
11134,1,1,RandomForest,0.0,1.0
9840,0,0,RandomForest,1.0,0.0
8794,0,0,RandomForest,1.0,0.0
6457,0,0,RandomForest,0.995,0.005
14503,1,1,RandomForest,0.03,0.97
14784,1,1,RandomForest,0.0,1.0
6402,0,0,RandomForest,0.975,0.025
17339,1,1,RandomForest,0.0,1.0
8340,0,0,RandomForest,1.0,0.0
16374,1,1,RandomForest,0.02,0.98
15101,1,1,RandomForest,0.005,0.995
4146,0,0,RandomForest,1.0,0.0
11147,1,1,RandomForest,0.0,1.0
7973,0,0,RandomForest,1.0,0.0
3696,0,0,RandomForest,0.98,0.02
10415,1,1,RandomForest,0.0,1.0
6295,0,0,RandomForest,1.0,0.0
3374,0,0,RandomForest,0.965,0.035
6316,0,0,RandomForest,0.99,0.01
13213,1,1,RandomForest,0.0,1.0
3373,0,0,RandomForest,1.0,0.0
14007,1,1,RandomForest,0.0,1.0
4566,0,0,RandomForest,1.0,0.0
2736,0,0,RandomForest,0.995,0.005
8477,0,0,RandomForest,1.0,0.0
12067,1,1,RandomForest,0.0,1.0
16464,1,1,RandomForest,0.045,0.955
9064,0,0,RandomForest,1.0,0.0
2989,0,0,RandomForest,0.995,0.005
8232,0,0,RandomForest,1.0,0.0
1062,0,0,RandomForest,1.0,0.0
12253,1,1,RandomForest,0.0,1.0
17618,1,1,RandomForest,0.0,1.0
16917,1,1,RandomForest,0.0,1.0
6544,0,0,RandomForest,0.99,0.01
18999,1,1,RandomForest,0.0,1.0
16871,1,1,RandomForest,0.01,0.99
3709,0,0,RandomForest,0.995,0.005
3225,0,0,RandomForest,1.0,0.0
6527,0,0,RandomForest,0.995,0.005
17725,1,1,RandomForest,0.01,0.99
8165,0,0,RandomForest,0.98,0.02
12006,1,1,RandomForest,0.0,1.0
11902,1,1,RandomForest,0.0,1.0
13668,1,1,RandomForest,0.05,0.95
406,0,0,RandomForest,0.885,0.115
13648,1,1,RandomForest,0.0,1.0
950,0,0,RandomForest,1.0,0.0
10624,1,1,RandomForest,0.0,1.0
15271,1,1,RandomForest,0.0,1.0
7357,0,0,RandomForest,1.0,0.0
2529,0,0,RandomForest,1.0,0.0
7284,0,0,RandomForest,1.0,0.0
12222,1,1,RandomForest,0.01,0.99
13502,1,1,RandomForest,0.0,1.0
11659,1,1,RandomForest,0.0,1.0
2062,0,0,RandomForest,1.0,0.0
15460,1,1,RandomForest,0.0,1.0
15899,1,1,RandomForest,0.0,1.0
18121,1,1,RandomForest,0.005,0.995
8741,0,0,RandomForest,1.0,0.0
13651,1,1,RandomForest,0.015,0.985
1290,0,0,RandomForest,0.99,0.01
12130,1,1,RandomForest,0.0,1.0
7119,0,0,RandomForest,1.0,0.0
16751,1,1,RandomForest,0.05,0.95
2502,0,0,RandomForest,1.0,0.0
5913,0,0,RandomForest,1.0,0.0
12397,1,1,RandomForest,0.0,1.0
10722,1,1,RandomForest,0.005,0.995
8082,0,0,RandomForest,1.0,0.0
16032,1,1,RandomForest,0.01,0.99
8307,0,0,RandomForest,1.0,0.0
19038,1,1,RandomForest,0.0,1.0
14715,1,1,RandomForest,0.0,1.0
11836,1,1,RandomForest,0.0,1.0
17176,1,1,RandomForest,0.025,0.975
12810,1,1,RandomForest,0.0,1.0
3714,0,0,RandomForest,1.0,0.0
14537,1,1,RandomForest,0.0,1.0
5897,0,0,RandomForest,1.0,0.0
5073,0,0,RandomForest,0.965,0.035
7570,0,0,RandomForest,1.0,0.0
12592,1,1,RandomForest,0.0,1.0
2782,0,0,RandomForest,0.995,0.005
12972,1,1,RandomForest,0.005,0.995
12166,1,1,RandomForest,0.0,1.0
3345,0,0,RandomForest,1.0,0.0
3530,0,0,RandomForest,1.0,0.0
4853,0,0,RandomForest,1.0,0.0
1884,0,0,RandomForest,1.0,0.0
1985,0,0,RandomForest,0.995,0.005
5745,0,0,RandomForest,1.0,0.0
13070,1,1,RandomForest,0.0,1.0
6490,0,0,RandomForest,0.995,0.005
2719,0,0,RandomForest,0.985,0.015
17629,1,1,RandomForest,0.01,0.99
13822,1,1,RandomForest,0.0,1.0
16160,1,1,RandomForest,0.0,1.0
9429,0,0,RandomForest,1.0,0.0
4946,0,0,RandomForest,0.905,0.095
11785,1,1,RandomForest,0.0,1.0
860,0,0,RandomForest,1.0,0.0
9739,0,0,RandomForest,1.0,0.0
13621,1,1,RandomForest,0.0,1.0
2401,0,0,RandomForest,1.0,0.0
14048,1,1,RandomForest,0.01,0.99
16243,1,1,RandomForest,0.03,0.97
13735,1,1,RandomForest,0.04,0.96
9115,0,0,RandomForest,0.98,0.02
11328,1,1,RandomForest,0.0,1.0
16136,1,1,RandomForest,0.045,0.955
11375,1,1,RandomForest,0.0,1.0
5016,0,0,RandomForest,1.0,0.0
2327,0,0,RandomForest,0.995,0.005
5172,0,0,RandomForest,1.0,0.0
12980,1,1,RandomForest,0.005,0.995
16266,1,1,RandomForest,0.055,0.945
15874,1,1,RandomForest,0.01,0.99
575,0,0,RandomForest,0.925,0.075
6777,0,0,RandomForest,0.985,0.015
8050,0,0,RandomForest,0.945,0.055
7449,0,0,RandomForest,0.995,0.005
3627,0,0,RandomForest,1.0,0.0
7368,0,0,RandomForest,1.0,0.0
18014,1,1,RandomForest,0.005,0.995
1560,0,0,RandomForest,0.985,0.015
8338,0,0,RandomForest,0.995,0.005
8992,0,0,RandomForest,1.0,0.0
4259,0,0,RandomForest,0.96,0.04
12763,1,1,RandomForest,0.0,1.0
806,0,0,RandomForest,1.0,0.0
14898,1,1,RandomForest,0.005,0.995
13076,1,1,RandomForest,0.0,1.0
16339,1,1,RandomForest,0.02,0.98
13725,1,1,RandomForest,0.005,0.995
8476,0,0,RandomForest,1.0,0.0
3579,0,0,RandomForest,1.0,0.0
1875,0,0,RandomForest,0.995,0.005
17270,1,1,RandomForest,0.04,0.96
15623,1,1,RandomForest,0.0,1.0
7418,0,0,RandomForest,0.995,0.005
13676,1,1,RandomForest,0.0,1.0
7576,0,0,RandomForest,1.0,0.0
4435,0,0,RandomForest,1.0,0.0
12494,1,1,RandomForest,0.0,1.0
8865,0,0,RandomForest,1.0,0.0
11646,1,1,RandomForest,0.0,1.0
9832,0,0,RandomForest,1.0,0.0
15384,1,1,RandomForest,0.01,0.99
14514,1,1,RandomForest,0.015,0.985
3756,0,0,RandomForest,1.0,0.0
9899,0,0,RandomForest,0.99,0.01
7245,0,0,RandomForest,1.0,0.0
9846,0,0,RandomForest,1.0,0.0
18098,1,1,RandomForest,0.0,1.0
7154,0,0,RandomForest,1.0,0.0
2507,0,0,RandomForest,1.0,0.0
5917,0,0,RandomForest,1.0,0.0
14805,1,1,RandomForest,0.0,1.0
15887,1,1,RandomForest,0.0,1.0
18647,1,1,RandomForest,0.0,1.0
13868,1,1,RandomForest,0.0,1.0
2573,0,0,RandomForest,0.99,0.01
959,0,0,RandomForest,1.0,0.0
15868,1,1,RandomForest,0.0,1.0
15303,1,1,RandomForest,0.0,1.0
11013,1,1,RandomForest,0.0,1.0
2368,0,0,RandomForest,1.0,0.0
5063,0,0,RandomForest,0.985,0.015
8097,0,0,RandomForest,1.0,0.0
16828,1,1,RandomForest,0.015,0.985
8220,0,0,RandomForest,1.0,0.0
2806,0,0,RandomForest,1.0,0.0
14176,1,1,RandomForest,0.0,1.0
9264,0,0,RandomForest,1.0,0.0
4268,0,0,RandomForest,1.0,0.0
19073,1,1,RandomForest,0.0,1.0
3056,0,0,RandomForest,1.0,0.0
9842,0,0,RandomForest,1.0,0.0
5029,0,0,RandomForest,1.0,0.0
7186,0,0,RandomForest,0.995,0.005
7419,0,0,RandomForest,1.0,0.0
18427,1,1,RandomForest,0.0,1.0
17967,1,1,RandomForest,0.0,1.0
3040,0,0,RandomForest,1.0,0.0
18028,1,1,RandomForest,0.0,1.0
5734,0,0,RandomForest,0.95,0.05
12608,1,1,RandomForest,0.0,1.0
7126,0,0,RandomForest,1.0,0.0
1678,0,0,RandomForest,0.98,0.02
14637,1,1,RandomForest,0.005,0.995
8659,0,0,RandomForest,1.0,0.0
2768,0,0,RandomForest,0.95,0.05
6293,0,0,RandomForest,1.0,0.0
8967,0,0,RandomForest,1.0,0.0
12788,1,1,RandomForest,0.0,1.0
15380,1,1,RandomForest,0.0,1.0
2430,0,0,RandomForest,0.995,0.005
7253,0,0,RandomForest,0.995,0.005
8041,0,0,RandomForest,1.0,0.0
6546,0,0,RandomForest,1.0,0.0
4297,0,0,RandomForest,1.0,0.0
4760,0,0,RandomForest,1.0,0.0
14171,1,1,RandomForest,0.0,1.0
13948,1,1,RandomForest,0.0,1.0
7848,0,0,RandomForest,1.0,0.0
338,0,0,RandomForest,0.995,0.005
16270,1,1,RandomForest,0.045,0.955
9375,0,0,RandomForest,1.0,0.0
3099,0,0,RandomForest,1.0,0.0
11490,1,1,RandomForest,0.0,1.0
16087,1,1,RandomForest,0.04,0.96
9413,0,0,RandomForest,1.0,0.0
14753,1,1,RandomForest,0.01,0.99
956,0,0,RandomForest,1.0,0.0
6078,0,0,RandomForest,0.985,0.015
13496,1,1,RandomForest,0.0,1.0
15595,1,1,RandomForest,0.005,0.995
13799,1,1,RandomForest,0.01,0.99
14814,1,1,RandomForest,0.0,1.0
17391,1,1,RandomForest,0.005,0.995
6910,0,0,RandomForest,0.99,0.01
3391,0,0,RandomForest,0.995,0.005
15129,1,1,RandomForest,0.0,1.0
6813,0,0,RandomForest,1.0,0.0
1021,0,0,RandomForest,1.0,0.0
10765,1,1,RandomForest,0.0,1.0
14172,1,1,RandomForest,0.005,0.995
14663,1,1,RandomForest,0.0,1.0
9146,0,0,RandomForest,1.0,0.0
635,0,0,RandomForest,0.99,0.01
12944,1,1,RandomForest,0.0,1.0
4107,0,0,RandomForest,0.98,0.02
11818,1,1,RandomForest,0.0,1.0
3005,0,0,RandomForest,1.0,0.0
13455,1,1,RandomForest,0.0,1.0
15993,1,1,RandomForest,0.035,0.965
15424,1,1,RandomForest,0.005,0.995
2365,0,0,RandomForest,0.98,0.02
7683,0,0,RandomForest,1.0,0.0
10481,1,1,RandomForest,0.0,1.0
13127,1,1,RandomForest,0.0,1.0
6168,0,0,RandomForest,0.985,0.015
10064,1,1,RandomForest,0.0,1.0
3394,0,0,RandomForest,1.0,0.0
16090,1,1,RandomForest,0.07,0.93
17032,1,1,RandomForest,0.0,1.0
6376,0,0,RandomForest,0.98,0.02
3581,0,0,RandomForest,0.995,0.005
18965,1,1,RandomForest,0.0,1.0
10168,1,1,RandomForest,0.0,1.0
12211,1,1,RandomForest,0.005,0.995
14983,1,1,RandomForest,0.0,1.0
3356,0,0,RandomForest,0.985,0.015
9082,0,0,RandomForest,0.98,0.02
11896,1,1,RandomForest,0.0,1.0
13267,1,1,RandomForest,0.0,1.0
9789,0,0,RandomForest,1.0,0.0
13879,1,1,RandomForest,0.0,1.0
10892,1,1,RandomForest,0.0,1.0
9555,0,0,RandomForest,1.0,0.0
1248,0,0,RandomForest,0.985,0.015
9444,0,0,RandomForest,0.98,0.02
17747,1,1,RandomForest,0.0,1.0
8867,0,0,RandomForest,0.975,0.025
2032,0,0,RandomForest,1.0,0.0
12670,1,1,RandomForest,0.0,1.0
13454,1,1,RandomForest,0.0,1.0
10358,1,1,RandomForest,0.0,1.0
8801,0,0,RandomForest,1.0,0.0
7800,0,0,RandomForest,1.0,0.0
13097,1,1,RandomForest,0.0,1.0
3073,0,0,RandomForest,1.0,0.0
11466,1,1,RandomForest,0.0,1.0
4432,0,0,RandomForest,1.0,0.0
14264,1,1,RandomForest,0.0,1.0
5788,0,0,RandomForest,1.0,0.0
10350,1,1,RandomForest,0.0,1.0
6924,0,0,RandomForest,0.995,0.005
14834,1,1,RandomForest,0.0,1.0
17174,1,1,RandomForest,0.005,0.995
11034,1,1,RandomForest,0.0,1.0
11148,1,1,RandomForest,0.0,1.0
17332,1,1,RandomForest,0.005,0.995
13312,1,1,RandomForest,0.0,1.0
18734,1,1,RandomForest,0.005,0.995
15666,1,1,RandomForest,0.0,1.0
16172,1,1,RandomForest,0.055,0.945
2725,0,0,RandomForest,1.0,0.0
11697,1,1,RandomForest,0.0,1.0
8398,0,0,RandomForest,1.0,0.0
536,0,0,RandomForest,1.0,0.0
285,0,0,RandomForest,0.995,0.005
7431,0,0,RandomForest,0.975,0.025
7343,0,0,RandomForest,0.985,0.015
13658,1,1,RandomForest,0.0,1.0
18240,1,1,RandomForest,0.005,0.995
10195,1,1,RandomForest,0.0,1.0
3239,0,0,RandomForest,1.0,0.0
16307,1,1,RandomForest,0.005,0.995
7693,0,0,RandomForest,1.0,0.0
7776,0,0,RandomForest,1.0,0.0
8945,0,0,RandomForest,1.0,0.0
5759,0,0,RandomForest,1.0,0.0
2255,0,0,RandomForest,0.99,0.01
3446,0,0,RandomForest,1.0,0.0
18261,1,1,RandomForest,0.005,0.995
12568,1,1,RandomForest,0.0,1.0
7232,0,0,RandomForest,0.98,0.02
16783,1,1,RandomForest,0.02,0.98
2604,0,0,RandomForest,0.995,0.005
7350,0,0,RandomForest,1.0,0.0
18677,1,1,RandomForest,0.0,1.0
3430,0,0,RandomForest,1.0,0.0
13620,1,1,RandomForest,0.0,1.0
15085,1,1,RandomForest,0.015,0.985
10982,1,1,RandomForest,0.005,0.995
14538,1,1,RandomForest,0.0,1.0
10102,1,1,RandomForest,0.0,1.0
16842,1,1,RandomForest,0.0,1.0
14950,1,1,RandomForest,0.015,0.985
5519,0,0,RandomForest,0.99,0.01
891,0,0,RandomForest,0.995,0.005
15287,1,1,RandomForest,0.01,0.99
2071,0,0,RandomForest,0.99,0.01
17773,1,1,RandomForest,0.005,0.995
6313,0,0,RandomForest,1.0,0.0
7101,0,0,RandomForest,0.985,0.015
9740,0,0,RandomForest,1.0,0.0
6075,0,0,RandomForest,0.995,0.005
5561,0,0,RandomForest,1.0,0.0
1664,0,0,RandomForest,0.99,0.01
15067,1,1,RandomForest,0.005,0.995
5085,0,0,RandomForest,1.0,0.0
14391,1,1,RandomForest,0.015,0.985
7002,0,0,RandomForest,0.95,0.05
8230,0,0,RandomForest,1.0,0.0
8717,0,0,RandomForest,1.0,0.0
15285,1,1,RandomForest,0.005,0.995
10069,1,1,RandomForest,0.005,0.995
8004,0,0,RandomForest,1.0,0.0
3998,0,0,RandomForest,1.0,0.0
2139,0,0,RandomForest,1.0,0.0
5878,0,0,RandomForest,1.0,0.0
1585,0,0,RandomForest,1.0,0.0
19063,1,1,RandomForest,0.01,0.99
12526,1,1,RandomForest,0.0,1.0
9619,0,0,RandomForest,1.0,0.0
12482,1,1,RandomForest,0.0,1.0
2869,0,0,RandomForest,1.0,0.0
8609,0,0,RandomForest,1.0,0.0
9358,0,0,RandomForest,1.0,0.0
2558,0,0,RandomForest,1.0,0.0
2635,0,0,RandomForest,1.0,0.0
1232,0,0,RandomForest,0.98,0.02
16132,1,1,RandomForest,0.035,0.965
12538,1,1,RandomForest,0.0,1.0
9331,0,0,RandomForest,1.0,0.0
7526,0,0,RandomForest,1.0,0.0
6116,0,0,RandomForest,1.0,0.0
15594,1,1,RandomForest,0.0,1.0
9657,0,0,RandomForest,1.0,0.0
7830,0,0,RandomForest,1.0,0.0
1633,0,0,RandomForest,1.0,0.0
2027,0,0,RandomForest,1.0,0.0
18071,1,1,RandomForest,0.0,1.0
7643,0,0,RandomForest,1.0,0.0
7956,0,0,RandomForest,1.0,0.0
8966,0,0,RandomForest,1.0,0.0
1725,0,0,RandomForest,1.0,0.0
13025,1,1,RandomForest,0.0,1.0
2427,0,0,RandomForest,0.965,0.035
1198,0,0,RandomForest,0.995,0.005
10407,1,1,RandomForest,0.0,1.0
2047,0,0,RandomForest,0.99,0.01
2772,0,0,RandomForest,1.0,0.0
2790,0,0,RandomForest,0.995,0.005
10826,1,1,RandomForest,0.0,1.0
16998,1,1,RandomForest,0.01,0.99
1466,0,0,RandomForest,1.0,0.0
14226,1,1,RandomForest,0.0,1.0
19034,1,1,RandomForest,0.0,1.0
14079,1,1,RandomForest,0.0,1.0
552,0,0,RandomForest,0.985,0.015
4777,0,0,RandomForest,1.0,0.0
3735,0,0,RandomForest,1.0,0.0
6090,0,0,RandomForest,0.995,0.005
4485,0,0,RandomForest,0.985,0.015
17473,1,1,RandomForest,0.0,1.0
2064,0,0,RandomForest,0.995,0.005
19024,1,1,RandomForest,0.0,1.0
2720,0,0,RandomForest,0.995,0.005
18560,1,1,RandomForest,0.0,1.0
5789,0,0,RandomForest,0.995,0.005
14287,1,1,RandomForest,0.0,1.0
529,0,0,RandomForest,0.985,0.015
1645,0,0,RandomForest,0.975,0.025
7843,0,0,RandomForest,1.0,0.0
14382,1,1,RandomForest,0.0,1.0
14206,1,1,RandomForest,0.0,1.0
2674,0,0,RandomForest,1.0,0.0
13056,1,1,RandomForest,0.0,1.0
1933,0,0,RandomForest,1.0,0.0
12565,1,1,RandomForest,0.0,1.0
11028,1,1,RandomForest,0.0,1.0
12084,1,1,RandomForest,0.0,1.0
863,0,0,RandomForest,0.995,0.005
6764,0,0,RandomForest,1.0,0.0
9111,0,0,RandomForest,0.995,0.005
16335,1,1,RandomForest,0.03,0.97
10576,1,1,RandomForest,0.01,0.99
13425,1,1,RandomForest,0.0,1.0
12416,1,1,RandomForest,0.0,1.0
6235,0,0,RandomForest,0.995,0.005
4300,0,0,RandomForest,0.99,0.01
11365,1,1,RandomForest,0.0,1.0
16769,1,1,RandomForest,0.0,1.0
9329,0,0,RandomForest,0.995,0.005
15371,1,1,RandomForest,0.005,0.995
17941,1,1,RandomForest,0.02,0.98
3974,0,0,RandomForest,0.98,0.02
17079,1,1,RandomForest,0.035,0.965
8804,0,0,RandomForest,1.0,0.0
2116,0,0,RandomForest,1.0,0.0
12869,1,1,RandomForest,0.0,1.0
10039,1,1,RandomForest,0.0,1.0
14170,1,1,RandomForest,0.0,1.0
6540,0,0,RandomForest,0.995,0.005
12326,1,1,RandomForest,0.0,1.0
6638,0,0,RandomForest,1.0,0.0
6278,0,0,RandomForest,0.845,0.155
7351,0,0,RandomForest,1.0,0.0
15722,1,1,RandomForest,0.0,1.0
15766,1,1,RandomForest,0.0,1.0
15193,1,1,RandomForest,0.0,1.0
9046,0,0,RandomForest,1.0,0.0
6287,0,0,RandomForest,1.0,0.0
7079,0,0,RandomForest,0.98,0.02
1331,0,0,RandomForest,1.0,0.0
966,0,0,RandomForest,1.0,0.0
14623,1,1,RandomForest,0.0,1.0
10533,1,1,RandomForest,0.0,1.0
15507,1,1,RandomForest,0.0,1.0
18709,1,1,RandomForest,0.0,1.0
10904,1,1,RandomForest,0.0,1.0
19070,1,1,RandomForest,0.0,1.0
11414,1,1,RandomForest,0.0,1.0
2443,0,0,RandomForest,1.0,0.0
13032,1,1,RandomForest,0.0,1.0
12206,1,1,RandomForest,0.0,1.0
6150,0,0,RandomForest,0.98,0.02
4804,0,0,RandomForest,1.0,0.0
3294,0,0,RandomForest,1.0,0.0
7858,0,0,RandomForest,1.0,0.0
7806,0,0,RandomForest,1.0,0.0
15708,1,1,RandomForest,0.02,0.98
7721,0,0,RandomForest,1.0,0.0
11199,1,1,RandomForest,0.0,1.0
13232,1,1,RandomForest,0.0,1.0
7805,0,0,RandomForest,1.0,0.0
13617,1,1,RandomForest,0.0,1.0
11177,1,1,RandomForest,0.0,1.0
16473,1,1,RandomForest,0.01,0.99
1040,0,0,RandomForest,1.0,0.0
2356,0,0,RandomForest,0.99,0.01
8715,0,0,RandomForest,1.0,0.0
18419,1,1,RandomForest,0.0,1.0
7117,0,0,RandomForest,0.995,0.005
15527,1,1,RandomForest,0.0,1.0
1365,0,0,RandomForest,0.9,0.1
1816,0,0,RandomForest,1.0,0.0
18878,1,1,RandomForest,0.0,1.0
11186,1,1,RandomForest,0.0,1.0
556,0,0,RandomForest,1.0,0.0
717,0,0,RandomForest,0.995,0.005
269,0,0,RandomForest,1.0,0.0
17812,1,1,RandomForest,0.015,0.985
1252,0,0,RandomForest,1.0,0.0
6257,0,0,RandomForest,0.95,0.05
14280,1,1,RandomForest,0.0,1.0
11642,1,1,RandomForest,0.0,1.0
4611,0,0,RandomForest,0.995,0.005
17384,1,1,RandomForest,0.005,0.995
16699,1,1,RandomForest,0.0,1.0
9294,0,0,RandomForest,1.0,0.0
12968,1,1,RandomForest,0.0,1.0
10430,1,1,RandomForest,0.0,1.0
13508,1,1,RandomForest,0.0,1.0
539,0,0,RandomForest,0.995,0.005
5429,0,0,RandomForest,0.98,0.02
16661,1,1,RandomForest,0.01,0.99
827,0,0,RandomForest,1.0,0.0
13511,1,1,RandomForest,0.0,1.0
7280,0,0,RandomForest,0.985,0.015
2665,0,0,RandomForest,1.0,0.0
8276,0,0,RandomForest,0.95,0.05
12681,1,1,RandomForest,0.0,1.0
60,0,0,RandomForest,0.99,0.01
17927,1,1,RandomForest,0.0,1.0
17297,1,1,RandomForest,0.015,0.985
784,0,0,RandomForest,1.0,0.0
17955,1,1,RandomForest,0.065,0.935
17954,1,1,RandomForest,0.0,1.0
18836,1,1,RandomForest,0.0,1.0
8498,0,0,RandomForest,1.0,0.0
16192,1,1,RandomForest,0.06,0.94
13119,1,1,RandomForest,0.0,1.0
5543,0,0,RandomForest,0.99,0.01
18481,1,1,RandomForest,0.0,1.0
8982,0,0,RandomForest,1.0,0.0
13795,1,1,RandomForest,0.02,0.98
4493,0,0,RandomForest,1.0,0.0
12658,1,1,RandomForest,0.0,1.0
4263,0,0,RandomForest,0.985,0.015
466,0,0,RandomForest,1.0,0.0
11543,1,1,RandomForest,0.0,1.0
16598,1,1,RandomForest,0.02,0.98
4070,0,0,RandomForest,1.0,0.0
3741,0,0,RandomForest,1.0,0.0
7221,0,0,RandomForest,0.995,0.005
9002,0,0,RandomForest,1.0,0.0
9258,0,0,RandomForest,0.995,0.005
15025,1,1,RandomForest,0.0,1.0
13471,1,1,RandomForest,0.005,0.995
11319,1,1,RandomForest,0.0,1.0
2713,0,0,RandomForest,0.95,0.05
10571,1,1,RandomForest,0.0,1.0
294,0,0,RandomForest,0.99,0.01
3876,0,0,RandomForest,0.995,0.005
3748,0,0,RandomForest,1.0,0.0
1960,0,0,RandomForest,1.0,0.0
2814,0,0,RandomForest,0.99,0.01
9970,0,0,RandomForest,1.0,0.0
15415,1,1,RandomForest,0.0,1.0
18758,1,1,RandomForest,0.0,1.0
9976,0,0,RandomForest,1.0,0.0
5189,0,0,RandomForest,1.0,0.0
19048,1,1,RandomForest,0.0,1.0
7052,0,0,RandomForest,0.99,0.01
14907,1,1,RandomForest,0.0,1.0
391,0,0,RandomForest,0.99,0.01
3719,0,0,RandomForest,0.995,0.005
10646,1,1,RandomForest,0.0,1.0
7291,0,0,RandomForest,1.0,0.0
8311,0,0,RandomForest,1.0,0.0
13416,1,1,RandomForest,0.0,1.0
1007,0,0,RandomForest,1.0,0.0
17482,1,1,RandomForest,0.0,1.0
3380,0,0,RandomForest,1.0,0.0
825,0,0,RandomForest,0.995,0.005
7099,0,0,RandomForest,0.99,0.01
13744,1,1,RandomForest,0.0,1.0
3644,0,0,RandomForest,0.99,0.01
12385,1,1,RandomForest,0.0,1.0
16896,1,1,RandomForest,0.055,0.945
9215,0,0,RandomForest,1.0,0.0
13871,1,1,RandomForest,0.0,1.0
7982,0,0,RandomForest,1.0,0.0
11043,1,1,RandomForest,0.0,1.0
8838,0,0,RandomForest,1.0,0.0
13204,1,1,RandomForest,0.0,1.0
2322,0,0,RandomForest,0.985,0.015
13705,1,1,RandomForest,0.02,0.98
5901,0,0,RandomForest,1.0,0.0
14853,1,1,RandomForest,0.01,0.99
11097,1,1,RandomForest,0.0,1.0
15864,1,1,RandomForest,0.0,1.0
17500,1,1,RandomForest,0.0,1.0
16816,1,1,RandomForest,0.005,0.995
18381,1,1,RandomForest,0.0,1.0
1100,0,0,RandomForest,0.97,0.03
6238,0,0,RandomForest,0.995,0.005
16979,1,1,RandomForest,0.0,1.0
3629,0,0,RandomForest,1.0,0.0
4873,0,0,RandomForest,1.0,0.0
14876,1,1,RandomForest,0.0,1.0
6241,0,0,RandomForest,1.0,0.0
8130,0,0,RandomForest,1.0,0.0
2180,0,0,RandomForest,1.0,0.0
6035,0,0,RandomForest,0.995,0.005
1761,0,0,RandomForest,0.995,0.005
16164,1,1,RandomForest,0.01,0.99
17948,1,1,RandomForest,0.005,0.995
15712,1,1,RandomForest,0.015,0.985
10033,1,1,RandomForest,0.0,1.0
3775,0,0,RandomForest,1.0,0.0
11781,1,1,RandomForest,0.0,1.0
16692,1,1,RandomForest,0.02,0.98
7246,0,0,RandomForest,1.0,0.0
4356,0,0,RandomForest,0.99,0.01
3177,0,0,RandomForest,1.0,0.0
13683,1,1,RandomForest,0.005,0.995
12884,1,1,RandomForest,0.0,1.0
3108,0,0,RandomForest,1.0,0.0
18009,1,1,RandomForest,0.05,0.95
6374,0,0,RandomForest,1.0,0.0
17387,1,1,RandomForest,0.015,0.985
17010,1,1,RandomForest,0.015,0.985
6721,0,0,RandomForest,1.0,0.0
15580,1,1,RandomForest,0.0,1.0
12417,1,1,RandomForest,0.0,1.0
1712,0,0,RandomForest,0.995,0.005
7268,0,0,RandomForest,0.995,0.005
5150,0,0,RandomForest,1.0,0.0
11279,1,1,RandomForest,0.0,1.0
12434,1,1,RandomForest,0.0,1.0
8452,0,0,RandomForest,1.0,0.0
4859,0,0,RandomForest,1.0,0.0
18373,1,1,RandomForest,0.005,0.995
14772,1,1,RandomForest,0.0,1.0
18728,1,1,RandomForest,0.005,0.995
13366,1,1,RandomForest,0.0,1.0
17666,1,1,RandomForest,0.01,0.99
5989,0,0,RandomForest,1.0,0.0
2162,0,0,RandomForest,0.985,0.015
10946,1,1,RandomForest,0.0,1.0
3675,0,0,RandomForest,1.0,0.0
14846,1,1,RandomForest,0.0,1.0
2219,0,0,RandomForest,1.0,0.0
12615,1,1,RandomForest,0.0,1.0
17235,1,1,RandomForest,0.01,0.99
18445,1,1,RandomForest,0.0,1.0
3738,0,0,RandomForest,1.0,0.0
1687,0,0,RandomForest,0.975,0.025
10877,1,1,RandomForest,0.0,1.0
16806,1,1,RandomForest,0.035,0.965
8502,0,0,RandomForest,1.0,0.0
9339,0,0,RandomForest,0.985,0.015
14581,1,1,RandomForest,0.0,1.0
15436,1,1,RandomForest,0.02,0.98
10701,1,1,RandomForest,0.0,1.0
12734,1,1,RandomForest,0.0,1.0
14603,1,1,RandomForest,0.0,1.0
4197,0,0,RandomForest,1.0,0.0
1276,0,0,RandomForest,1.0,0.0
3919,0,0,RandomForest,1.0,0.0
4732,0,0,RandomForest,0.995,0.005
4926,0,0,RandomForest,0.985,0.015
4548,0,0,RandomForest,1.0,0.0
11938,1,1,RandomForest,0.0,1.0
15024,1,1,RandomForest,0.0,1.0
14510,1,1,RandomForest,0.005,0.995
11275,1,1,RandomForest,0.0,1.0
8482,0,0,RandomForest,1.0,0.0
9573,0,0,RandomForest,1.0,0.0
1312,0,0,RandomForest,1.0,0.0
7175,0,0,RandomForest,0.975,0.025
9641,0,0,RandomForest,1.0,0.0
15122,1,1,RandomForest,0.005,0.995
18509,1,1,RandomForest,0.0,1.0
3695,0,0,RandomForest,1.0,0.0
3104,0,0,RandomForest,1.0,0.0
4544,0,0,RandomForest,1.0,0.0
13873,1,1,RandomForest,0.085,0.915
8666,0,0,RandomForest,1.0,0.0
2204,0,0,RandomForest,0.99,0.01
16495,1,1,RandomForest,0.02,0.98
12746,1,1,RandomForest,0.01,0.99
7426,0,0,RandomForest,1.0,0.0
10726,1,1,RandomForest,0.0,1.0
5,0,0,RandomForest,1.0,0.0
502,0,0,RandomForest,1.0,0.0
15140,1,1,RandomForest,0.0,1.0
17296,1,1,RandomForest,0.005,0.995
1274,0,0,RandomForest,0.995,0.005
6059,0,0,RandomForest,0.995,0.005
10528,1,1,RandomForest,0.0,1.0
6228,0,0,RandomForest,0.995,0.005
14419,1,1,RandomForest,0.0,1.0
13018,1,1,RandomForest,0.01,0.99
4234,0,0,RandomForest,0.995,0.005
5104,0,0,RandomForest,1.0,0.0
9192,0,0,RandomForest,1.0,0.0
14491,1,1,RandomForest,0.0,1.0
5182,0,0,RandomForest,0.99,0.01
1028,0,0,RandomForest,1.0,0.0
10964,1,1,RandomForest,0.0,1.0
10061,1,1,RandomForest,0.0,1.0
5578,0,0,RandomForest,1.0,0.0
14821,1,1,RandomForest,0.0,1.0
16397,1,1,RandomForest,0.015,0.985
3157,0,0,RandomForest,1.0,0.0
10744,1,1,RandomForest,0.0,1.0
18992,1,1,RandomForest,0.0,1.0
19044,1,1,RandomForest,0.0,1.0
14930,1,1,RandomForest,0.005,0.995
417,0,0,RandomForest,1.0,0.0
16424,1,1,RandomForest,0.02,0.98
12317,1,1,RandomForest,0.0,1.0
11123,1,1,RandomForest,0.0,1.0
7892,0,0,RandomForest,1.0,0.0
8194,0,0,RandomForest,1.0,0.0
317,0,0,RandomForest,1.0,0.0
14075,1,1,RandomForest,0.0,1.0
5757,0,0,RandomForest,1.0,0.0
3117,0,0,RandomForest,1.0,0.0
13798,1,1,RandomForest,0.0,1.0
19050,1,1,RandomForest,0.0,1.0
16018,1,1,RandomForest,0.065,0.935
6420,0,0,RandomForest,1.0,0.0
16999,1,1,RandomForest,0.0,1.0
1072,0,0,RandomForest,1.0,0.0
18971,1,1,RandomForest,0.0,1.0
6986,0,0,RandomForest,0.98,0.02
11900,1,1,RandomForest,0.035,0.965
15357,1,1,RandomForest,0.02,0.98
8352,0,0,RandomForest,1.0,0.0
8363,0,0,RandomForest,1.0,0.0
5585,0,0,RandomForest,0.91,0.09
15801,1,1,RandomForest,0.0,1.0
10291,1,1,RandomForest,0.0,1.0
5691,0,0,RandomForest,1.0,0.0
9837,0,0,RandomForest,1.0,0.0
2645,0,0,RandomForest,1.0,0.0
4788,0,0,RandomForest,1.0,0.0
15926,1,1,RandomForest,0.04,0.96
7330,0,0,RandomForest,1.0,0.0
17236,1,1,RandomForest,0.0,1.0
5252,0,0,RandomForest,1.0,0.0
7984,0,0,RandomForest,1.0,0.0
13273,1,1,RandomForest,0.0,1.0
9810,0,0,RandomForest,1.0,0.0
13000,1,1,RandomForest,0.0,1.0
6783,0,0,RandomForest,1.0,0.0
14004,1,1,RandomForest,0.0,1.0
2863,0,0,RandomForest,1.0,0.0
11691,1,1,RandomForest,0.0,1.0
6652,0,0,RandomForest,1.0,0.0
13082,1,1,RandomForest,0.0,1.0
255,0,0,RandomForest,0.91,0.09
14845,1,1,RandomForest,0.0,1.0
6748,0,0,RandomForest,0.965,0.035
10595,1,1,RandomForest,0.0,1.0
17020,1,1,RandomForest,0.0,1.0
15902,1,1,RandomForest,0.0,1.0
14249,1,1,RandomForest,0.0,1.0
5892,0,0,RandomForest,0.99,0.01
5801,0,0,RandomForest,0.99,0.01
12634,1,1,RandomForest,0.0,1.0
8245,0,0,RandomForest,0.995,0.005
11172,1,1,RandomForest,0.0,1.0
1495,0,0,RandomForest,1.0,0.0
4551,0,0,RandomForest,1.0,0.0
2738,0,0,RandomForest,1.0,0.0
629,0,0,RandomForest,1.0,0.0
16502,1,1,RandomForest,0.085,0.915
14173,1,1,RandomForest,0.0,1.0
7043,0,0,RandomForest,0.99,0.01
1949,0,0,RandomForest,1.0,0.0
4178,0,0,RandomForest,1.0,0.0
18667,1,1,RandomForest,0.015,0.985
1828,0,0,RandomForest,0.995,0.005
7709,0,0,RandomForest,1.0,0.0
19123,1,1,RandomForest,0.0,1.0
11104,1,1,RandomForest,0.0,1.0
8816,0,0,RandomForest,1.0,0.0
6294,0,0,RandomForest,1.0,0.0
3890,0,0,RandomForest,0.995,0.005
8881,0,0,RandomForest,1.0,0.0
15299,1,1,RandomForest,0.0,1.0
7000,0,0,RandomForest,0.93,0.07
1555,0,0,RandomForest,0.975,0.025
4735,0,0,RandomForest,1.0,0.0
10374,1,1,RandomForest,0.0,1.0
3354,0,0,RandomForest,1.0,0.0
951,0,0,RandomForest,0.975,0.025
14317,1,1,RandomForest,0.0,1.0
5765,0,0,RandomForest,0.99,0.01
13642,1,1,RandomForest,0.0,1.0
13600,1,1,RandomForest,0.0,1.0
9058,0,0,RandomForest,1.0,0.0
1997,0,0,RandomForest,0.995,0.005
5346,0,0,RandomForest,0.98,0.02
1810,0,0,RandomForest,1.0,0.0
18929,1,1,RandomForest,0.0,1.0
6413,0,0,RandomForest,1.0,0.0
13841,1,1,RandomForest,0.0,1.0
8754,0,0,RandomForest,1.0,0.0
4187,0,0,RandomForest,0.965,0.035
17864,1,1,RandomForest,0.0,1.0
10468,1,1,RandomForest,0.0,1.0
11619,1,1,RandomForest,0.0,1.0
10837,1,1,RandomForest,0.0,1.0
12407,1,1,RandomForest,0.0,1.0
17622,1,1,RandomForest,0.01,0.99
3342,0,0,RandomForest,1.0,0.0
17151,1,1,RandomForest,0.02,0.98
955,0,0,RandomForest,1.0,0.0
11719,1,1,RandomForest,0.0,1.0
3368,0,0,RandomForest,1.0,0.0
14416,1,1,RandomForest,0.0,1.0
15131,1,1,RandomForest,0.005,0.995
16656,1,1,RandomForest,0.01,0.99
3638,0,0,RandomForest,1.0,0.0
3273,0,0,RandomForest,1.0,0.0
14356,1,1,RandomForest,0.0,1.0
17792,1,1,RandomForest,0.015,0.985
559,0,0,RandomForest,1.0,0.0
10992,1,1,RandomForest,0.0,1.0
4637,0,0,RandomForest,1.0,0.0
2747,0,0,RandomForest,1.0,0.0
3683,0,0,RandomForest,1.0,0.0
18180,1,1,RandomForest,0.0,1.0
12284,1,1,RandomForest,0.035,0.965
9852,0,0,RandomForest,1.0,0.0
206,0,0,RandomForest,0.985,0.015
3124,0,0,RandomForest,1.0,0.0
18314,1,1,RandomForest,0.0,1.0
10749,1,1,RandomForest,0.0,1.0
1069,0,0,RandomForest,0.97,0.03
18305,1,1,RandomForest,0.0,1.0
17843,1,1,RandomForest,0.02,0.98
8695,0,0,RandomForest,1.0,0.0
4658,0,0,RandomForest,0.99,0.01
13699,1,1,RandomForest,0.0,1.0
15954,1,1,RandomForest,0.065,0.935
6172,0,0,RandomForest,1.0,0.0
9367,0,0,RandomForest,1.0,0.0
9409,0,0,RandomForest,1.0,0.0
11428,1,1,RandomForest,0.0,1.0
8691,0,0,RandomForest,1.0,0.0
8345,0,0,RandomForest,1.0,0.0
10477,1,1,RandomForest,0.0,1.0
16025,1,1,RandomForest,0.06,0.94
13040,1,1,RandomForest,0.0,1.0
14015,1,1,RandomForest,0.005,0.995
1394,0,0,RandomForest,0.97,0.03
15825,1,1,RandomForest,0.0,1.0
5535,0,0,RandomForest,0.99,0.01
12628,1,1,RandomForest,0.0,1.0
10174,1,1,RandomForest,0.0,1.0
5237,0,0,RandomForest,0.91,0.09
15957,1,1,RandomForest,0.03,0.97
8787,0,0,RandomForest,1.0,0.0
6028,0,0,RandomForest,0.995,0.005
14735,1,1,RandomForest,0.015,0.985
12609,1,1,RandomForest,0.0,1.0
16253,1,1,RandomForest,0.04,0.96
3760,0,0,RandomForest,0.995,0.005
10719,1,1,RandomForest,0.0,1.0
15359,1,1,RandomForest,0.0,1.0
7641,0,0,RandomForest,1.0,0.0
3291,0,0,RandomForest,1.0,0.0
18607,1,1,RandomForest,0.005,0.995
12833,1,1,RandomForest,0.0,1.0
14299,1,1,RandomForest,0.0,1.0
6229,0,0,RandomForest,1.0,0.0
13609,1,1,RandomForest,0.0,1.0
10197,1,1,RandomForest,0.0,1.0
13068,1,1,RandomForest,0.0,1.0
7137,0,0,RandomForest,1.0,0.0
1581,0,0,RandomForest,1.0,0.0
6780,0,0,RandomForest,0.965,0.035
9210,0,0,RandomForest,1.0,0.0
8125,0,0,RandomForest,1.0,0.0
11897,1,1,RandomForest,0.0,1.0
7098,0,0,RandomForest,1.0,0.0
9376,0,0,RandomForest,1.0,0.0
11903,1,1,RandomForest,0.0,1.0
11272,1,1,RandomForest,0.0,1.0
4495,0,0,RandomForest,0.995,0.005
15290,1,1,RandomForest,0.01,0.99
7035,0,0,RandomForest,1.0,0.0
2832,0,0,RandomForest,1.0,0.0
4431,0,0,RandomForest,1.0,0.0
9187,0,0,RandomForest,0.945,0.055
18643,1,1,RandomForest,0.0,1.0
16951,1,1,RandomForest,0.005,0.995
14555,1,1,RandomForest,0.0,1.0
10380,1,1,RandomForest,0.0,1.0
5043,0,0,RandomForest,1.0,0.0
11273,1,1,RandomForest,0.0,1.0
11280,1,1,RandomForest,0.0,1.0
8442,0,0,RandomForest,0.99,0.01
2557,0,0,RandomForest,1.0,0.0
12512,1,1,RandomForest,0.0,1.0
15511,1,1,RandomForest,0.0,1.0
15917,1,1,RandomForest,0.0,1.0
698,0,0,RandomForest,0.995,0.005
7603,0,0,RandomForest,0.995,0.005
4143,0,0,RandomForest,0.99,0.01
1353,0,0,RandomForest,1.0,0.0
10862,1,1,RandomForest,0.0,1.0
404,0,0,RandomForest,1.0,0.0
14168,1,1,RandomForest,0.005,0.995
8120,0,0,RandomForest,1.0,0.0
6944,0,0,RandomForest,0.93,0.07
7241,0,0,RandomForest,0.94,0.06
9748,0,0,RandomForest,1.0,0.0
16539,1,1,RandomForest,0.035,0.965
11654,1,1,RandomForest,0.0,1.0
15728,1,1,RandomForest,0.0,1.0
8947,0,0,RandomForest,1.0,0.0
17046,1,1,RandomForest,0.005,0.995
1122,0,0,RandomForest,1.0,0.0
1591,0,0,RandomForest,1.0,0.0
14400,1,1,RandomForest,0.01,0.99
14564,1,1,RandomForest,0.0,1.0
16071,1,1,RandomForest,0.015,0.985
18656,1,1,RandomForest,0.005,0.995
3506,0,0,RandomForest,1.0,0.0
1150,0,0,RandomForest,1.0,0.0
10390,1,1,RandomForest,0.0,1.0
4547,0,0,RandomForest,1.0,0.0
4232,0,0,RandomForest,1.0,0.0
523,0,0,RandomForest,0.99,0.01
5126,0,0,RandomForest,0.995,0.005
16252,1,1,RandomForest,0.065,0.935
542,0,0,RandomForest,1.0,0.0
11929,1,1,RandomForest,0.0,1.0
4109,0,0,RandomForest,0.985,0.015
11106,1,1,RandomForest,0.0,1.0
8932,0,0,RandomForest,1.0,0.0
571,0,0,RandomForest,1.0,0.0
5530,0,0,RandomForest,0.98,0.02
18669,1,1,RandomForest,0.0,1.0
4358,0,0,RandomForest,0.99,0.01
17483,1,1,RandomForest,0.0,1.0
4073,0,0,RandomForest,0.995,0.005
260,0,0,RandomForest,1.0,0.0
8135,0,0,RandomForest,1.0,0.0
14222,1,1,RandomForest,0.0,1.0
3818,0,0,RandomForest,1.0,0.0
18640,1,1,RandomForest,0.0,1.0
14026,1,1,RandomForest,0.0,1.0
16874,1,1,RandomForest,0.035,0.965
8972,0,0,RandomForest,1.0,0.0
15206,1,1,RandomForest,0.02,0.98
7045,0,0,RandomForest,0.99,0.01
10677,1,1,RandomForest,0.0,1.0
16140,1,1,RandomForest,0.055,0.945
10403,1,1,RandomForest,0.0,1.0
11767,1,1,RandomForest,0.0,1.0
16180,1,1,RandomForest,0.015,0.985
924,0,0,RandomForest,1.0,0.0
7483,0,0,RandomForest,0.99,0.01
7227,0,0,RandomForest,1.0,0.0
16996,1,1,RandomForest,0.015,0.985
3170,0,0,RandomForest,0.995,0.005
4737,0,0,RandomForest,1.0,0.0
4206,0,0,RandomForest,0.98,0.02
4445,0,0,RandomForest,1.0,0.0
10476,1,1,RandomForest,0.0,1.0
8241,0,0,RandomForest,1.0,0.0
18366,1,1,RandomForest,0.0,1.0
11637,1,1,RandomForest,0.0,1.0
7392,0,0,RandomForest,0.99,0.01
16595,1,1,RandomForest,0.025,0.975
17970,1,1,RandomForest,0.005,0.995
13352,1,1,RandomForest,0.0,1.0
15053,1,1,RandomForest,0.005,0.995
18313,1,1,RandomForest,0.0,1.0
8533,0,0,RandomForest,1.0,0.0
14182,1,1,RandomForest,0.0,1.0
15544,1,1,RandomForest,0.0,1.0
17133,1,1,RandomForest,0.0,1.0
17731,1,1,RandomForest,0.0,1.0
8002,0,0,RandomForest,1.0,0.0
15425,1,1,RandomForest,0.015,0.985
14481,1,1,RandomForest,0.015,0.985
15965,1,1,RandomForest,0.015,0.985
10634,1,1,RandomForest,0.0,1.0
7339,0,0,RandomForest,1.0,0.0
14431,1,1,RandomForest,0.0,1.0
7833,0,0,RandomForest,1.0,0.0
3763,0,0,RandomForest,1.0,0.0
12738,1,1,RandomForest,0.0,1.0
1077,0,0,RandomForest,1.0,0.0
14916,1,1,RandomForest,0.0,1.0
8555,0,0,RandomForest,1.0,0.0
2000,0,0,RandomForest,1.0,0.0
17356,1,1,RandomForest,0.0,1.0
6212,0,0,RandomForest,0.965,0.035
7543,0,0,RandomForest,1.0,0.0
5782,0,0,RandomForest,1.0,0.0
5463,0,0,RandomForest,1.0,0.0
390,0,0,RandomForest,1.0,0.0
12071,1,1,RandomForest,0.005,0.995
3911,0,0,RandomForest,0.98,0.02
9401,0,0,RandomForest,1.0,0.0
3327,0,0,RandomForest,1.0,0.0
11988,1,1,RandomForest,0.0,1.0
7400,0,0,RandomForest,0.95,0.05
10889,1,1,RandomForest,0.0,1.0
1389,0,0,RandomForest,1.0,0.0
583,0,0,RandomForest,0.99,0.01
17628,1,1,RandomForest,0.005,0.995
16754,1,1,RandomForest,0.015,0.985
18766,1,1,RandomForest,0.0,1.0
1804,0,0,RandomForest,1.0,0.0
16419,1,1,RandomForest,0.005,0.995
10655,1,1,RandomForest,0.0,1.0
16569,1,1,RandomForest,0.01,0.99
11233,1,1,RandomForest,0.0,1.0
18796,1,1,RandomForest,0.005,0.995
17949,1,1,RandomForest,0.0,1.0
17893,1,1,RandomForest,0.005,0.995
4175,0,0,RandomForest,1.0,0.0
13976,1,1,RandomForest,0.0,1.0
11734,1,1,RandomForest,0.0,1.0
11439,1,1,RandomForest,0.0,1.0
17013,1,1,RandomForest,0.015,0.985
6122,0,0,RandomForest,1.0,0.0
1757,0,0,RandomForest,1.0,0.0
2479,0,0,RandomForest,0.995,0.005
9715,0,0,RandomForest,1.0,0.0
2920,0,0,RandomForest,0.995,0.005
15461,1,1,RandomForest,0.005,0.995
15582,1,1,RandomForest,0.0,1.0
7240,0,0,RandomForest,1.0,0.0
11387,1,1,RandomForest,0.0,1.0
5962,0,0,RandomForest,0.91,0.09
4662,0,0,RandomForest,1.0,0.0
9106,0,0,RandomForest,1.0,0.0
11943,1,1,RandomForest,0.0,1.0
4893,0,0,RandomForest,1.0,0.0
18707,1,1,RandomForest,0.0,1.0
10831,1,1,RandomForest,0.0,1.0
9762,0,0,RandomForest,1.0,0.0
4153,0,0,RandomForest,0.98,0.02
14080,1,1,RandomForest,0.0,1.0
6809,0,0,RandomForest,0.995,0.005
12278,1,1,RandomForest,0.0,1.0
5101,0,0,RandomForest,0.995,0.005
11703,1,1,RandomForest,0.0,1.0
14575,1,1,RandomForest,0.005,0.995
18369,1,1,RandomForest,0.0,1.0
4142,0,0,RandomForest,1.0,0.0
9927,0,0,RandomForest,1.0,0.0
2871,0,0,RandomForest,0.995,0.005
8190,0,0,RandomForest,1.0,0.0
11372,1,1,RandomForest,0.0,1.0
15311,1,1,RandomForest,0.005,0.995
10255,1,1,RandomForest,0.0,1.0
6602,0,0,RandomForest,0.99,0.01
18756,1,1,RandomForest,0.015,0.985
18770,1,1,RandomForest,0.0,1.0
18644,1,1,RandomForest,0.005,0.995
8996,0,0,RandomForest,1.0,0.0
5116,0,0,RandomForest,1.0,0.0
9707,0,0,RandomForest,1.0,0.0
2385,0,0,RandomForest,0.995,0.005
1605,0,0,RandomForest,1.0,0.0
12727,1,1,RandomForest,0.0,1.0
1667,0,0,RandomForest,0.995,0.005
8905,0,0,RandomForest,1.0,0.0
11191,1,1,RandomForest,0.0,1.0
7206,0,0,RandomForest,0.935,0.065
10810,1,1,RandomForest,0.0,1.0
2539,0,0,RandomForest,0.995,0.005
12410,1,1,RandomForest,0.0,1.0
18984,1,1,RandomForest,0.0,1.0
15146,1,1,RandomForest,0.01,0.99
12053,1,1,RandomForest,0.005,0.995
6869,0,0,RandomForest,0.99,0.01
11648,1,1,RandomForest,0.0,1.0
10516,1,1,RandomForest,0.0,1.0
15700,1,1,RandomForest,0.0,1.0
16363,1,1,RandomForest,0.03,0.97
6776,0,0,RandomForest,0.98,0.02
3679,0,0,RandomForest,1.0,0.0
11880,1,1,RandomForest,0.0,1.0
7644,0,0,RandomForest,1.0,0.0
11511,1,1,RandomForest,0.0,1.0
13616,1,1,RandomForest,0.0,1.0
1063,0,0,RandomForest,1.0,0.0
10762,1,1,RandomForest,0.0,1.0
7561,0,0,RandomForest,1.0,0.0
2983,0,0,RandomForest,1.0,0.0
3083,0,0,RandomForest,1.0,0.0
6573,0,0,RandomForest,0.945,0.055
10514,1,1,RandomForest,0.0,1.0
7192,0,0,RandomForest,1.0,0.0
7560,0,0,RandomForest,1.0,0.0
7326,0,0,RandomForest,1.0,0.0
1604,0,0,RandomForest,1.0,0.0
14748,1,1,RandomForest,0.0,1.0
4811,0,0,RandomForest,1.0,0.0
8154,0,0,RandomForest,1.0,0.0
11401,1,1,RandomForest,0.0,1.0
4188,0,0,RandomForest,1.0,0.0
2403,0,0,RandomForest,0.985,0.015
10329,1,1,RandomForest,0.0,1.0
21,0,0,RandomForest,0.98,0.02
15208,1,1,RandomForest,0.005,0.995
140,0,0,RandomForest,0.94,0.06
4406,0,0,RandomForest,0.99,0.01
5315,0,0,RandomForest,0.99,0.01
5319,0,0,RandomForest,0.995,0.005
606,0,0,RandomForest,0.995,0.005
1733,0,0,RandomForest,0.93,0.07
16155,1,1,RandomForest,0.04,0.96
419,0,0,RandomForest,1.0,0.0
72,0,0,RandomForest,1.0,0.0
13888,1,1,RandomForest,0.0,1.0
5565,0,0,RandomForest,0.805,0.195
12448,1,1,RandomForest,0.0,1.0
16310,1,1,RandomForest,0.005,0.995
4492,0,0,RandomForest,1.0,0.0
15976,1,1,RandomForest,0.03,0.97
14941,1,1,RandomForest,0.0,1.0
12403,1,1,RandomForest,0.0,1.0
2065,0,0,RandomForest,0.96,0.04
18846,1,1,RandomForest,0.0,1.0
11744,1,1,RandomForest,0.0,1.0
17206,1,1,RandomForest,0.025,0.975
18092,1,1,RandomForest,0.0,1.0
7164,0,0,RandomForest,1.0,0.0
18593,1,1,RandomForest,0.035,0.965
6988,0,0,RandomForest,1.0,0.0
6737,0,0,RandomForest,1.0,0.0
1959,0,0,RandomForest,0.98,0.02
1016,0,0,RandomForest,1.0,0.0
18204,1,1,RandomForest,0.0,1.0
306,0,0,RandomForest,1.0,0.0
1267,0,0,RandomForest,0.965,0.035
560,0,0,RandomForest,1.0,0.0
8493,0,0,RandomForest,1.0,0.0
2190,0,0,RandomForest,1.0,0.0
12342,1,1,RandomForest,0.0,1.0
6937,0,0,RandomForest,0.99,0.01
6677,0,0,RandomForest,0.965,0.035
16053,1,1,RandomForest,0.1,0.9
9612,0,0,RandomForest,1.0,0.0
17382,1,1,RandomForest,0.0,1.0
688,0,0,RandomForest,1.0,0.0
12854,1,1,RandomForest,0.0,1.0
7967,0,0,RandomForest,1.0,0.0
2198,0,0,RandomForest,1.0,0.0
2482,0,0,RandomForest,1.0,0.0
4973,0,0,RandomForest,0.99,0.01
17926,1,1,RandomForest,0.0,1.0
5249,0,0,RandomForest,1.0,0.0
13900,1,1,RandomForest,0.0,1.0
16423,1,1,RandomForest,0.01,0.99
13586,1,1,RandomForest,0.0,1.0
6190,0,0,RandomForest,1.0,0.0
17243,1,1,RandomForest,0.045,0.955
17977,1,1,RandomForest,0.005,0.995
10579,1,1,RandomForest,0.0,1.0
9435,0,0,RandomForest,1.0,0.0
1065,0,0,RandomForest,1.0,0.0
15033,1,1,RandomForest,0.045,0.955
16195,1,1,RandomForest,0.035,0.965
14927,1,1,RandomForest,0.0,1.0
14041,1,1,RandomForest,0.0,1.0
15753,1,1,RandomForest,0.0,1.0
6565,0,0,RandomForest,0.995,0.005
8056,0,0,RandomForest,1.0,0.0
4346,0,0,RandomForest,0.995,0.005
13549,1,1,RandomForest,0.0,1.0
5760,0,0,RandomForest,1.0,0.0
12970,1,1,RandomForest,0.0,1.0
16840,1,1,RandomForest,0.01,0.99
12458,1,1,RandomForest,0.0,1.0
12221,1,1,RandomForest,0.0,1.0
15480,1,1,RandomForest,0.005,0.995
2923,0,0,RandomForest,0.99,0.01
4167,0,0,RandomForest,1.0,0.0
11245,1,1,RandomForest,0.0,1.0
15508,1,1,RandomForest,0.0,1.0
14499,1,1,RandomForest,0.0,1.0
16771,1,1,RandomForest,0.015,0.985
18468,1,1,RandomForest,0.0,1.0
11925,1,1,RandomForest,0.0,1.0
4642,0,0,RandomForest,1.0,0.0
14465,1,1,RandomForest,0.0,1.0
1241,0,0,RandomForest,1.0,0.0
1908,0,0,RandomForest,1.0,0.0
11715,1,1,RandomForest,0.0,1.0
7446,0,0,RandomForest,0.995,0.005
12678,1,1,RandomForest,0.0,1.0
2866,0,0,RandomForest,1.0,0.0
2428,0,0,RandomForest,0.98,0.02
11833,1,1,RandomForest,0.0,1.0
12003,1,1,RandomForest,0.0,1.0
5393,0,0,RandomForest,1.0,0.0
3814,0,0,RandomForest,0.98,0.02
13951,1,1,RandomForest,0.005,0.995
17081,1,1,RandomForest,0.025,0.975
2745,0,0,RandomForest,1.0,0.0
12096,1,1,RandomForest,0.0,1.0
3427,0,0,RandomForest,1.0,0.0
8647,0,0,RandomForest,1.0,0.0
14362,1,1,RandomForest,0.0,1.0
8347,0,0,RandomForest,1.0,0.0
15604,1,1,RandomForest,0.0,1.0
249,0,0,RandomForest,0.99,0.01
7473,0,0,RandomForest,1.0,0.0
13632,1,1,RandomForest,0.0,1.0
13939,1,1,RandomForest,0.01,0.99
14919,1,1,RandomForest,0.0,1.0
7141,0,0,RandomForest,1.0,0.0
943,0,0,RandomForest,1.0,0.0
15217,1,1,RandomForest,0.01,0.99
15431,1,1,RandomForest,0.015,0.985
9274,0,0,RandomForest,1.0,0.0
4389,0,0,RandomForest,1.0,0.0
10550,1,1,RandomForest,0.0,1.0
3665,0,0,RandomForest,0.995,0.005
17271,1,1,RandomForest,0.005,0.995
14471,1,1,RandomForest,0.0,1.0
15361,1,1,RandomForest,0.0,1.0
2632,0,0,RandomForest,1.0,0.0
13671,1,1,RandomForest,0.0,1.0
10675,1,1,RandomForest,0.0,1.0
1528,0,0,RandomForest,1.0,0.0
17067,1,1,RandomForest,0.03,0.97
18318,1,1,RandomForest,0.0,1.0
3432,0,0,RandomForest,1.0,0.0
18252,1,1,RandomForest,0.0,1.0
16211,1,1,RandomForest,0.02,0.98
1939,0,0,RandomForest,1.0,0.0
13219,1,1,RandomForest,0.0,1.0
13184,1,1,RandomForest,0.0,1.0
14090,1,1,RandomForest,0.025,0.975
18474,1,1,RandomForest,0.0,1.0
8195,0,0,RandomForest,1.0,0.0
17997,1,1,RandomForest,0.015,0.985
1239,0,0,RandomForest,1.0,0.0
15932,1,1,RandomForest,0.03,0.97
10963,1,1,RandomForest,0.0,1.0
14100,1,1,RandomForest,0.0,1.0
6284,0,0,RandomForest,1.0,0.0
2950,0,0,RandomForest,0.995,0.005
12308,1,1,RandomForest,0.0,1.0
10252,1,1,RandomForest,0.0,1.0
14496,1,1,RandomForest,0.01,0.99
12262,1,1,RandomForest,0.0,1.0
10852,1,1,RandomForest,0.0,1.0
4470,0,0,RandomForest,1.0,0.0
8320,0,0,RandomForest,1.0,0.0
6154,0,0,RandomForest,1.0,0.0
17275,1,1,RandomForest,0.0,1.0
15920,1,1,RandomForest,0.0,1.0
7715,0,0,RandomForest,1.0,0.0
18565,1,1,RandomForest,0.025,0.975
9906,0,0,RandomForest,1.0,0.0
2844,0,0,RandomForest,1.0,0.0
6528,0,0,RandomForest,0.995,0.005
8436,0,0,RandomForest,1.0,0.0
15561,1,1,RandomForest,0.0,1.0
16981,1,1,RandomForest,0.0,1.0
9939,0,0,RandomForest,1.0,0.0
10011,1,1,RandomForest,0.0,1.0
12966,1,1,RandomForest,0.0,1.0
17084,1,1,RandomForest,0.03,0.97
18347,1,1,RandomForest,0.0,1.0
3850,0,0,RandomForest,1.0,0.0
6276,0,0,RandomForest,0.995,0.005
16115,1,1,RandomForest,0.025,0.975
1759,0,0,RandomForest,0.99,0.01
10553,1,1,RandomForest,0.0,1.0
4014,0,0,RandomForest,1.0,0.0
1693,0,0,RandomForest,1.0,0.0
3943,0,0,RandomForest,1.0,0.0
10790,1,1,RandomForest,0.0,1.0
13996,1,1,RandomForest,0.0,1.0
5907,0,0,RandomForest,1.0,0.0
1460,0,0,RandomForest,0.995,0.005
15141,1,1,RandomForest,0.0,1.0
16735,1,1,RandomForest,0.02,0.98
16484,1,1,RandomForest,0.015,0.985
10561,1,1,RandomForest,0.0,1.0
4670,0,0,RandomForest,1.0,0.0
11677,1,1,RandomForest,0.0,1.0
14256,1,1,RandomForest,0.0,1.0
13806,1,1,RandomForest,0.0,1.0
5178,0,0,RandomForest,0.995,0.005
18554,1,1,RandomForest,0.0,1.0
5690,0,0,RandomForest,0.965,0.035
9532,0,0,RandomForest,1.0,0.0
17016,1,1,RandomForest,0.015,0.985
1925,0,0,RandomForest,1.0,0.0
17118,1,1,RandomForest,0.005,0.995
14756,1,1,RandomForest,0.0,1.0
9021,0,0,RandomForest,1.0,0.0
15579,1,1,RandomForest,0.0,1.0
9298,0,0,RandomForest,1.0,0.0
8202,0,0,RandomForest,0.97,0.03
1709,0,0,RandomForest,0.995,0.005
4133,0,0,RandomForest,1.0,0.0
14630,1,1,RandomForest,0.0,1.0
9890,0,0,RandomForest,1.0,0.0
3054,0,0,RandomForest,1.0,0.0
1969,0,0,RandomForest,1.0,0.0
137,0,0,RandomForest,1.0,0.0
18753,1,1,RandomForest,0.0,1.0
4632,0,0,RandomForest,1.0,0.0
13943,1,1,RandomForest,0.005,0.995
15676,1,1,RandomForest,0.0,1.0
16947,1,1,RandomForest,0.035,0.965
1012,0,0,RandomForest,0.98,0.02
4164,0,0,RandomForest,0.99,0.01
4137,0,0,RandomForest,1.0,0.0
16592,1,1,RandomForest,0.05,0.95
18111,1,1,RandomForest,0.0,1.0
10388,1,1,RandomForest,0.0,1.0
3097,0,0,RandomForest,1.0,0.0
15975,1,1,RandomForest,0.085,0.915
2774,0,0,RandomForest,0.995,0.005
14556,1,1,RandomForest,0.0,1.0
15733,1,1,RandomForest,0.0,1.0
18716,1,1,RandomForest,0.005,0.995
17668,1,1,RandomForest,0.01,0.99
14594,1,1,RandomForest,0.0,1.0
7489,0,0,RandomForest,0.975,0.025
4910,0,0,RandomForest,1.0,0.0
14914,1,1,RandomForest,0.0,1.0
1249,0,0,RandomForest,0.995,0.005
7409,0,0,RandomForest,1.0,0.0
7138,0,0,RandomForest,0.59,0.41
4286,0,0,RandomForest,1.0,0.0
10296,1,1,RandomForest,0.0,1.0
9819,0,0,RandomForest,1.0,0.0
4380,0,0,RandomForest,1.0,0.0
8213,0,0,RandomForest,0.99,0.01
18460,1,1,RandomForest,0.0,1.0
14365,1,1,RandomForest,0.0,1.0
5631,0,0,RandomForest,1.0,0.0
5084,0,0,RandomForest,0.97,0.03
2060,0,0,RandomForest,1.0,0.0
19003,1,1,RandomForest,0.0,1.0
9735,0,0,RandomForest,0.995,0.005
11176,1,1,RandomForest,0.0,1.0
340,0,0,RandomForest,0.97,0.03
3610,0,0,RandomForest,0.98,0.02
3788,0,0,RandomForest,1.0,0.0
15667,1,1,RandomForest,0.0,1.0
18250,1,1,RandomForest,0.0,1.0
10141,1,1,RandomForest,0.0,1.0
14996,1,1,RandomForest,0.03,0.97
13517,1,1,RandomForest,0.0,1.0
18706,1,1,RandomForest,0.005,0.995
11461,1,1,RandomForest,0.0,1.0
18823,1,1,RandomForest,0.0,1.0
10253,1,1,RandomForest,0.0,1.0
14963,1,1,RandomForest,0.0,1.0
11872,1,1,RandomForest,0.0,1.0
3389,0,0,RandomForest,1.0,0.0
9163,0,0,RandomForest,1.0,0.0
14508,1,1,RandomForest,0.0,1.0
5191,0,0,RandomForest,1.0,0.0
1214,0,0,RandomForest,1.0,0.0
526,0,0,RandomForest,1.0,0.0
14068,1,1,RandomForest,0.0,1.0
1333,0,0,RandomForest,0.985,0.015
16872,1,1,RandomForest,0.015,0.985
11658,1,1,RandomForest,0.0,1.0
11238,1,1,RandomForest,0.0,1.0
5276,0,0,RandomForest,0.845,0.155
9743,0,0,RandomForest,1.0,0.0
18392,1,1,RandomForest,0.0,1.0
12781,1,1,RandomForest,0.0,1.0
12835,1,1,RandomForest,0.0,1.0
6430,0,0,RandomForest,1.0,0.0
4780,0,0,RandomForest,1.0,0.0
4944,0,0,RandomForest,1.0,0.0
5658,0,0,RandomForest,1.0,0.0
17755,1,1,RandomForest,0.005,0.995
15652,1,1,RandomForest,0.01,0.99
6184,0,0,RandomForest,1.0,0.0
4473,0,0,RandomForest,0.97,0.03
686,0,0,RandomForest,0.995,0.005
7027,0,0,RandomForest,0.935,0.065
7327,0,0,RandomForest,0.95,0.05
920,0,0,RandomForest,0.7,0.3
5947,0,0,RandomForest,1.0,0.0
12655,1,1,RandomForest,0.02,0.98
3564,0,0,RandomForest,0.98,0.02
10335,1,1,RandomForest,0.0,1.0
14238,1,1,RandomForest,0.0,1.0
9969,0,0,RandomForest,1.0,0.0
7179,0,0,RandomForest,0.985,0.015
6320,0,0,RandomForest,0.995,0.005
11038,1,1,RandomForest,0.0,1.0
16095,1,1,RandomForest,0.05,0.95
5449,0,0,RandomForest,1.0,0.0
1442,0,0,RandomForest,0.995,0.005
6645,0,0,RandomForest,1.0,0.0
17411,1,1,RandomForest,0.015,0.985
15784,1,1,RandomForest,0.0,1.0
5618,0,0,RandomForest,0.995,0.005
6596,0,0,RandomForest,1.0,0.0
8427,0,0,RandomForest,1.0,0.0
10370,1,1,RandomForest,0.0,1.0
19106,1,1,RandomForest,0.0,1.0
17836,1,1,RandomForest,0.0,1.0
12452,1,1,RandomForest,0.0,1.0
6731,0,0,RandomForest,1.0,0.0
8800,0,0,RandomForest,1.0,0.0
12316,1,1,RandomForest,0.0,1.0
17612,1,1,RandomForest,0.0,1.0
15055,1,1,RandomForest,0.005,0.995
10319,1,1,RandomForest,0.0,1.0
12248,1,1,RandomForest,0.0,1.0
1167,0,0,RandomForest,1.0,0.0
9443,0,0,RandomForest,1.0,0.0
4488,0,0,RandomForest,0.99,0.01
7790,0,0,RandomForest,1.0,0.0
7783,0,0,RandomForest,1.0,0.0
9458,0,0,RandomForest,0.985,0.015
12640,1,1,RandomForest,0.0,1.0
11348,1,1,RandomForest,0.0,1.0
5536,0,0,RandomForest,1.0,0.0
17452,1,1,RandomForest,0.005,0.995
4171,0,0,RandomForest,0.93,0.07
11422,1,1,RandomForest,0.0,1.0
8044,0,0,RandomForest,1.0,0.0
1802,0,0,RandomForest,1.0,0.0
3913,0,0,RandomForest,1.0,0.0
16827,1,1,RandomForest,0.005,0.995
4293,0,0,RandomForest,1.0,0.0
6738,0,0,RandomForest,0.995,0.005
15105,1,1,RandomForest,0.04,0.96
17115,1,1,RandomForest,0.015,0.985
9491,0,0,RandomForest,1.0,0.0
2049,0,0,RandomForest,1.0,0.0
4585,0,0,RandomForest,1.0,0.0
12167,1,1,RandomForest,0.0,1.0
11029,1,1,RandomForest,0.0,1.0
14913,1,1,RandomForest,0.015,0.985
3568,0,0,RandomForest,0.995,0.005
17756,1,1,RandomForest,0.01,0.99
18834,1,1,RandomForest,0.01,0.99
2731,0,0,RandomForest,0.995,0.005
15794,1,1,RandomForest,0.0,1.0
7312,0,0,RandomForest,0.995,0.005
10704,1,1,RandomForest,0.03,0.97
125,0,0,RandomForest,1.0,0.0
11378,1,1,RandomForest,0.0,1.0
16668,1,1,RandomForest,0.015,0.985
8667,0,0,RandomForest,1.0,0.0
277,0,0,RandomForest,1.0,0.0
13069,1,1,RandomForest,0.0,1.0
13904,1,1,RandomForest,0.0,1.0
1367,0,0,RandomForest,0.99,0.01
9590,0,0,RandomForest,1.0,0.0
8155,0,0,RandomForest,1.0,0.0
8472,0,0,RandomForest,1.0,0.0
2695,0,0,RandomForest,1.0,0.0
13386,1,1,RandomForest,0.0,1.0
4497,0,0,RandomForest,0.995,0.005
18972,1,1,RandomForest,0.0,1.0
15352,1,1,RandomForest,0.0,1.0
614,0,0,RandomForest,1.0,0.0
2831,0,0,RandomForest,1.0,0.0
13126,1,1,RandomForest,0.0,1.0
1066,0,0,RandomForest,1.0,0.0
13363,1,1,RandomForest,0.0,1.0
98,0,0,RandomForest,1.0,0.0
16389,1,1,RandomForest,0.015,0.985
1523,0,0,RandomForest,1.0,0.0
5949,0,0,RandomForest,0.995,0.005
14470,1,1,RandomForest,0.015,0.985
10644,1,1,RandomForest,0.0,1.0
10672,1,1,RandomForest,0.0,1.0
14250,1,1,RandomForest,0.0,1.0
11098,1,1,RandomForest,0.0,1.0
953,0,0,RandomForest,1.0,0.0
6456,0,0,RandomForest,1.0,0.0
8053,0,0,RandomForest,1.0,0.0
16429,1,1,RandomForest,0.015,0.985
5348,0,0,RandomForest,0.98,0.02
14175,1,1,RandomForest,0.0,1.0
17961,1,1,RandomForest,0.005,0.995
13092,1,1,RandomForest,0.0,1.0
5047,0,0,RandomForest,0.935,0.065
17057,1,1,RandomForest,0.0,1.0
8554,0,0,RandomForest,1.0,0.0
9385,0,0,RandomForest,1.0,0.0
13763,1,1,RandomForest,0.0,1.0
10656,1,1,RandomForest,0.0,1.0
18498,1,1,RandomForest,0.07,0.93
4616,0,0,RandomForest,0.99,0.01
16727,1,1,RandomForest,0.02,0.98
666,0,0,RandomForest,1.0,0.0
16097,1,1,RandomForest,0.025,0.975
11968,1,1,RandomForest,0.0,1.0
8701,0,0,RandomForest,1.0,0.0
13653,1,1,RandomForest,0.0,1.0
4882,0,0,RandomForest,0.99,0.01
11333,1,1,RandomForest,0.0,1.0
9253,0,0,RandomForest,1.0,0.0
13466,1,1,RandomForest,0.0,1.0
1524,0,0,RandomForest,1.0,0.0
17702,1,1,RandomForest,0.0,1.0
16130,1,1,RandomForest,0.03,0.97
11503,1,1,RandomForest,0.0,1.0
16173,1,1,RandomForest,0.015,0.985
14285,1,1,RandomForest,0.0,1.0
1218,0,0,RandomForest,1.0,0.0
2712,0,0,RandomForest,1.0,0.0
4437,0,0,RandomForest,1.0,0.0
6736,0,0,RandomForest,0.965,0.035
12227,1,1,RandomForest,0.005,0.995
17495,1,1,RandomForest,0.035,0.965
11076,1,1,RandomForest,0.0,1.0
16036,1,1,RandomForest,0.05,0.95
4324,0,0,RandomForest,1.0,0.0
17366,1,1,RandomForest,0.0,1.0
8473,0,0,RandomForest,1.0,0.0
10547,1,1,RandomForest,0.0,1.0
16574,1,1,RandomForest,0.04,0.96
4491,0,0,RandomForest,0.99,0.01
3619,0,0,RandomForest,1.0,0.0
8321,0,0,RandomForest,1.0,0.0
8308,0,0,RandomForest,1.0,0.0
15778,1,1,RandomForest,0.0,1.0
10678,1,1,RandomForest,0.0,1.0
15885,1,1,RandomForest,0.0,1.0
16915,1,1,RandomForest,0.005,0.995
18960,1,1,RandomForest,0.0,1.0
5010,0,0,RandomForest,0.99,0.01
16967,1,1,RandomForest,0.005,0.995
6052,0,0,RandomForest,1.0,0.0
3600,0,0,RandomForest,1.0,0.0
16269,1,1,RandomForest,0.055,0.945
892,0,0,RandomForest,1.0,0.0
2082,0,0,RandomForest,0.96,0.04
9785,0,0,RandomForest,1.0,0.0
8792,0,0,RandomForest,1.0,0.0
6674,0,0,RandomForest,0.985,0.015
16838,1,1,RandomForest,0.06,0.94
9999,1,1,RandomForest,0.0,1.0
8615,0,0,RandomForest,1.0,0.0
2679,0,0,RandomForest,1.0,0.0
16022,1,1,RandomForest,0.035,0.965
8509,0,0,RandomForest,1.0,0.0
17995,1,1,RandomForest,0.015,0.985
12016,1,1,RandomForest,0.0,1.0
18913,1,1,RandomForest,0.0,1.0
12955,1,1,RandomForest,0.015,0.985
7891,0,0,RandomForest,1.0,0.0
17226,1,1,RandomForest,0.005,0.995
7151,0,0,RandomForest,0.995,0.005
15020,1,1,RandomForest,0.0,1.0
824,0,0,RandomForest,0.995,0.005
6904,0,0,RandomForest,0.99,0.01
4430,0,0,RandomForest,1.0,0.0
10758,1,1,RandomForest,0.0,1.0
667,0,0,RandomForest,0.99,0.01
7147,0,0,RandomForest,1.0,0.0
363,0,0,RandomForest,1.0,0.0
10317,1,1,RandomForest,0.0,1.0
5105,0,0,RandomForest,1.0,0.0
6938,0,0,RandomForest,0.995,0.005
1098,0,0,RandomForest,0.995,0.005
8392,0,0,RandomForest,1.0,0.0
3228,0,0,RandomForest,1.0,0.0
7564,0,0,RandomForest,1.0,0.0
9290,0,0,RandomForest,1.0,0.0
1177,0,0,RandomForest,0.995,0.005
15547,1,1,RandomForest,0.0,1.0
15177,1,1,RandomForest,0.0,1.0
236,0,0,RandomForest,0.965,0.035
2408,0,0,RandomForest,0.985,0.015
4363,0,0,RandomForest,1.0,0.0
13307,1,1,RandomForest,0.0,1.0
3925,0,0,RandomForest,0.97,0.03
4854,0,0,RandomForest,1.0,0.0
14666,1,1,RandomForest,0.0,1.0
10878,1,1,RandomForest,0.0,1.0
8058,0,0,RandomForest,1.0,0.0
10756,1,1,RandomForest,0.0,1.0
8527,0,0,RandomForest,1.0,0.0
7617,0,0,RandomForest,1.0,0.0
6616,0,0,RandomForest,0.98,0.02
4124,0,0,RandomForest,1.0,0.0
11349,1,1,RandomForest,0.0,1.0
13438,1,1,RandomForest,0.0,1.0
9652,0,0,RandomForest,1.0,0.0
10917,1,1,RandomForest,0.0,1.0
11983,1,1,RandomForest,0.0,1.0
9647,0,0,RandomForest,1.0,0.0
2383,0,0,RandomForest,0.995,0.005
3249,0,0,RandomForest,1.0,0.0
19061,1,1,RandomForest,0.0,1.0
15391,1,1,RandomForest,0.0,1.0
17762,1,1,RandomForest,0.005,0.995
232,0,0,RandomForest,0.985,0.015
16639,1,1,RandomForest,0.02,0.98
4312,0,0,RandomForest,0.995,0.005
14757,1,1,RandomForest,0.0,1.0
4433,0,0,RandomForest,1.0,0.0
5472,0,0,RandomForest,1.0,0.0
6038,0,0,RandomForest,0.995,0.005
3453,0,0,RandomForest,1.0,0.0
17326,1,1,RandomForest,0.01,0.99
1639,0,0,RandomForest,1.0,0.0
1663,0,0,RandomForest,1.0,0.0
11237,1,1,RandomForest,0.0,1.0
13804,1,1,RandomForest,0.0,1.0
13121,1,1,RandomForest,0.0,1.0
11871,1,1,RandomForest,0.0,1.0
11181,1,1,RandomForest,0.0,1.0
13171,1,1,RandomForest,0.0,1.0
5588,0,0,RandomForest,1.0,0.0
14227,1,1,RandomForest,0.0,1.0
7559,0,0,RandomForest,1.0,0.0
2931,0,0,RandomForest,0.98,0.02
18152,1,1,RandomForest,0.0,1.0
13729,1,1,RandomForest,0.0,1.0
10980,1,1,RandomForest,0.0,1.0
14558,1,1,RandomForest,0.0,1.0
13053,1,1,RandomForest,0.0,1.0
12803,1,1,RandomForest,0.0,1.0
12815,1,1,RandomForest,0.0,1.0
17721,1,1,RandomForest,0.0,1.0
6704,0,0,RandomForest,0.975,0.025
14272,1,1,RandomForest,0.0,1.0
14504,1,1,RandomForest,0.0,1.0
3517,0,0,RandomForest,0.99,0.01
2911,0,0,RandomForest,0.95,0.05
7939,0,0,RandomForest,1.0,0.0
7980,0,0,RandomForest,1.0,0.0
2710,0,0,RandomForest,0.99,0.01
18882,1,1,RandomForest,0.0,1.0
3591,0,0,RandomForest,1.0,0.0
15551,1,1,RandomForest,0.0,1.0
5056,0,0,RandomForest,0.95,0.05
2493,0,0,RandomForest,0.95,0.05
5966,0,0,RandomForest,0.985,0.015
4218,0,0,RandomForest,0.995,0.005
1435,0,0,RandomForest,0.995,0.005
9972,0,0,RandomForest,1.0,0.0
6233,0,0,RandomForest,1.0,0.0
12995,1,1,RandomForest,0.0,1.0
7112,0,0,RandomForest,1.0,0.0
1148,0,0,RandomForest,0.975,0.025
12273,1,1,RandomForest,0.005,0.995
19088,1,1,RandomForest,0.0,1.0
11200,1,1,RandomForest,0.0,1.0
5373,0,0,RandomForest,1.0,0.0
89,0,0,RandomForest,0.995,0.005
5986,0,0,RandomForest,1.0,0.0
11460,1,1,RandomForest,0.0,1.0
9747,0,0,RandomForest,1.0,0.0
11853,1,1,RandomForest,0.0,1.0
13967,1,1,RandomForest,0.0,1.0
10068,1,1,RandomForest,0.0,1.0
12275,1,1,RandomForest,0.0,1.0
18499,1,1,RandomForest,0.0,1.0
7587,0,0,RandomForest,1.0,0.0
7648,0,0,RandomForest,1.0,0.0
6183,0,0,RandomForest,1.0,0.0
16604,1,1,RandomForest,0.035,0.965
15744,1,1,RandomForest,0.0,1.0
13528,1,1,RandomForest,0.0,1.0
8226,0,0,RandomForest,1.0,0.0
4675,0,0,RandomForest,0.995,0.005
7705,0,0,RandomForest,1.0,0.0
6966,0,0,RandomForest,0.98,0.02
12654,1,1,RandomForest,0.0,1.0
3093,0,0,RandomForest,1.0,0.0
9540,0,0,RandomForest,1.0,0.0
11376,1,1,RandomForest,0.0,1.0
2612,0,0,RandomForest,1.0,0.0
791,0,0,RandomForest,0.985,0.015
9160,0,0,RandomForest,1.0,0.0
1792,0,0,RandomForest,0.955,0.045
17021,1,1,RandomForest,0.03,0.97
14338,1,1,RandomForest,0.0,1.0
13395,1,1,RandomForest,0.0,1.0
6524,0,0,XGBoost,0.9999071359634399,9.28514200495556e-05
4496,0,0,XGBoost,0.9999321699142456,6.780315743526444e-05
3041,0,0,XGBoost,0.9998608827590942,0.0001391425757901743
1058,0,0,XGBoost,0.9999070167541504,9.300134843215346e-05
18308,1,1,XGBoost,7.474422454833984e-05,0.9999252557754517
13194,1,1,XGBoost,7.474422454833984e-05,0.9999252557754517
4805,0,0,XGBoost,0.9999198913574219,8.013819751795381e-05
9114,0,0,XGBoost,0.9999213218688965,7.868653483456001e-05
14705,1,1,XGBoost,0.00012981891632080078,0.9998701810836792
11451,1,1,XGBoost,7.474422454833984e-05,0.9999252557754517
11679,1,1,XGBoost,7.474422454833984e-05,0.9999252557754517
10515,1,1,XGBoost,0.00026911497116088867,0.9997308850288391
1798,0,0,XGBoost,0.9999213218688965,7.868653483456001e-05
9514,0,0,XGBoost,0.9999321699142456,6.780315743526444e-05
6441,0,0,XGBoost,0.9998303055763245,0.00016969173157121986
9637,0,0,XGBoost,0.9999321699142456,6.780315743526444e-05
7421,0,0,XGBoost,0.9999321699142456,6.780315743526444e-05
4037,0,0,XGBoost,0.9999321699142456,6.780315743526444e-05
13397,1,1,XGBoost,7.474422454833984e-05,0.9999252557754517
6812,0,0,XGBoost,0.9999213218688965,7.868653483456001e-05
7574,0,0,XGBoost,0.9999321699142456,6.780315743526444e-05
1953,0,0,XGBoost,0.999886691570282,0.0001133219848270528
14525,1,1,XGBoost,0.00011205673217773438,0.9998879432678223
7827,0,0,XGBoost,0.9999213218688965,7.868653483456001e-05
17407,1,1,XGBoost,8.666515350341797e-05,0.9999133348464966
13876,1,1,XGBoost,7.474422454833984e-05,0.9999252557754517
9167,0,0,XGBoost,0.9999321699142456,6.780315743526444e-05
10613,1,1,XGBoost,0.00026911497116088867,0.9997308850288391
9776,0,0,XGBoost,0.9999321699142456,6.780315743526444e-05
14102,1,1,XGBoost,9.322166442871094e-05,0.9999067783355713
986,0,0,XGBoost,0.9998922348022461,0.00010775498230941594
5299,0,0,XGBoost,0.9999198913574219,8.013819751795381e-05
16322,1,1,XGBoost,0.0001329183578491211,0.9998670816421509
18136,1,1,XGBoost,7.474422454833984e-05,0.9999252557754517
12323,1,1,XGBoost,7.474422454833984e-05,0.9999252557754517
6024,0,0,XGBoost,0.9999321699142456,6.780315743526444e-05
11670,1,1,XGBoost,7.474422454833984e-05,0.9999252557754517
4440,0,0,XGBoost,0.9999071359634399,9.28514200495556e-05
7083,0,0,XGBoost,0.9999321699142456,6.780315743526444e-05
5854,0,0,XGBoost,0.9999213218688965,7.868653483456001e-05
17826,1,1,XGBoost,7.474422454833984e-05,0.9999252557754517
6893,0,0,XGBoost,0.9996477365493774,0.00035224496969021857
11483,1,1,XGBoost,7.474422454833984e-05,0.9999252557754517
19119,1,1,XGBoost,7.474422454833984e-05,0.9999252557754517
10465,1,1,XGBoost,0.00026911497116088867,0.9997308850288391
12720,1,1,XGBoost,7.474422454833984e-05,0.9999252557754517
1300,0,0,XGBoost,0.9999321699142456,6.780315743526444e-05
225,0,0,XGBoost,0.9999321699142456,6.780315743526444e-05
10294,1,1,XGBoost,7.474422454833984e-05,0.9999252557754517
10660,1,1,XGBoost,0.00026911497116088867,0.9997308850288391
18663,1,1,XGBoost,0.00011205673217773438,0.9998879432678223
6446,0,0,XGBoost,0.9999213218688965,7.868653483456001e-05
18203,1,1,XGBoost,0.00011205673217773438,0.9998879432678223
2491,0,0,XGBoost,0.9998705387115479,0.00012948924268130213
4858,0,0,XGBoost,0.9999321699142456,6.780315743526444e-05
5569,0,0,XGBoost,0.9996477365493774,0.00035224496969021857
8828,0,0,XGBoost,0.9999321699142456,6.780315743526444e-05
4079,0,0,XGBoost,0.9998884201049805,0.00011157996050314978
4841,0,0,XGBoost,0.9999054670333862,9.455823601456359e-05
6770,0,0,XGBoost,0.9999198913574219,8.013819751795381e-05
17301,1,1,XGBoost,7.474422454833984e-05,0.9999252557754517
17553,1,1,XGBoost,7.474422454833984e-05,0.9999252557754517
15717,1,1,XGBoost,0.00011205673217773438,0.9998879432678223
7979,0,0,XGBoost,0.9998888373374939,0.00011118740803794935
16321,1,1,XGBoost,0.00011205673217773438,0.9998879432678223
6185,0,0,XGBoost,0.9999321699142456,6.780315743526444e-05
13203,1,1,XGBoost,7.474422454833984e-05,0.9999252557754517
10328,1,1,XGBoost,7.474422454833984e-05,0.9999252557754517
6396,0,0,XGBoost,0.9998537302017212,0.00014626173651777208
17237,1,1,XGBoost,0.0001024007797241211,0.9998975992202759
18142,1,1,XGBoost,0.00011205673217773438,0.9998879432678223
5919,0,0,XGBoost,0.9999054670333862,9.455823601456359e-05
14082,1,1,XGBoost,0.00011205673217773438,0.9998879432678223
12361,1,1,XGBoost,7.474422454833984e-05,0.9999252557754517
12184,1,1,XGBoost,7.474422454833984e-05,0.9999252557754517
17131,1,1,XGBoost,7.474422454833984e-05,0.9999252557754517
8412,0,0,XGBoost,0.9999321699142456,6.780315743526444e-05
11524,1,1,XGBoost,7.474422454833984e-05,0.9999252557754517
3724,0,0,XGBoost,0.9998301863670349,0.00016981700900942087
8512,0,0,XGBoost,0.9999321699142456,6.780315743526444e-05
9942,0,0,XGBoost,0.9944208860397339,0.005579086486250162
18170,1,1,XGBoost,0.00011205673217773438,0.9998879432678223
18030,1,1,XGBoost,0.00010275840759277344,0.9998972415924072
9640,0,0,XGBoost,0.9999321699142456,6.780315743526444e-05
16690,1,1,XGBoost,0.00022739171981811523,0.9997726082801819
13846,1,1,XGBoost,7.474422454833984e-05,0.9999252557754517
7679,0,0,XGBoost,0.9999321699142456,6.780315743526444e-05
17652,1,1,XGBoost,7.474422454833984e-05,0.9999252557754517
7575,0,0,XGBoost,0.9999321699142456,6.780315743526444e-05
18530,1,1,XGBoost,7.474422454833984e-05,0.9999252557754517
10484,1,1,XGBoost,0.00026911497116088867,0.9997308850288391
3152,0,0,XGBoost,0.9999321699142456,6.780315743526444e-05
10583,1,1,XGBoost,0.00026911497116088867,0.9997308850288391
16857,1,1,XGBoost,0.0001996159553527832,0.9998003840446472
14675,1,1,XGBoost,0.00012981891632080078,0.9998701810836792
15254,1,1,XGBoost,0.00015342235565185547,0.9998465776443481
5370,0,0,XGBoost,0.9997960329055786,0.00020397061598487198
2349,0,0,XGBoost,0.9999321699142456,6.780315743526444e-05
1976,0,0,XGBoost,0.9999054670333862,9.455823601456359e-05
10548,1,1,XGBoost,0.00026911497116088867,0.9997308850288391
2661,0,0,XGBoost,0.9998822808265686,0.00011772652214858681
16315,1,1,XGBoost,0.00034809112548828125,0.9996519088745117
12532,1,1,XGBoost,7.474422454833984e-05,0.9999252557754517
15168,1,1,XGBoost,0.00011205673217773438,0.9998879432678223
13064,1,1,XGBoost,7.474422454833984e-05,0.9999252557754517
7102,0,0,XGBoost,0.9999321699142456,6.780315743526444e-05
16094,1,1,XGBoost,0.00029921531677246094,0.9997007846832275
352,0,0,XGBoost,0.9999213218688965,7.868653483456001e-05
12272,1,1,XGBoost,7.474422454833984e-05,0.9999252557754517
5334,0,0,XGBoost,0.9999321699142456,6.780315743526444e-05
7214,0,0,XGBoost,0.999918520450592,8.147976768668741e-05
9396,0,0,XGBoost,0.999921441078186,7.855967851355672e-05
2396,0,0,XGBoost,0.9999321699142456,6.780315743526444e-05
9087,0,0,XGBoost,0.9999321699142456,6.780315743526444e-05
9854,0,0,XGBoost,0.9999321699142456,6.780315743526444e-05
13561,1,1,XGBoost,7.474422454833984e-05,0.9999252557754517
5534,0,0,XGBoost,0.9999321699142456,6.780315743526444e-05
12899,1,1,XGBoost,7.474422454833984e-05,0.9999252557754517
7026,0,0,XGBoost,0.999898374080658,0.00010160774399992079
224,0,0,XGBoost,0.9999213218688965,7.868653483456001e-05
917,0,0,XGBoost,0.9999321699142456,6.780315743526444e-05
2051,0,0,XGBoost,0.9999198913574219,8.013819751795381e-05
11819,1,1,XGBoost,7.474422454833984e-05,0.9999252557754517
18951,1,1,XGBoost,7.474422454833984e-05,0.9999252557754517
16613,1,1,XGBoost,0.0001571178436279297,0.9998428821563721
13368,1,1,XGBoost,7.474422454833984e-05,0.9999252557754517
4636,0,0,XGBoost,0.9999071359634399,9.28514200495556e-05
1930,0,0,XGBoost,0.9999321699142456,6.780315743526444e-05
17595,1,1,XGBoost,0.0001214742660522461,0.9998785257339478
12719,1,1,XGBoost,7.474422454833984e-05,0.9999252557754517
14288,1,1,XGBoost,0.00012981891632080078,0.9998701810836792
6132,0,0,XGBoost,0.9999321699142456,6.780315743526444e-05
8951,0,0,XGBoost,0.9999213218688965,7.868653483456001e-05
1531,0,0,XGBoost,0.9999321699142456,6.780315743526444e-05
13696,1,1,XGBoost,7.474422454833984e-05,0.9999252557754517
11852,1,1,XGBoost,7.474422454833984e-05,0.9999252557754517
2740,0,0,XGBoost,0.9999071359634399,9.28514200495556e-05
2556,0,0,XGBoost,0.9999321699142456,6.780315743526444e-05
13664,1,1,XGBoost,7.474422454833984e-05,0.9999252557754517
14849,1,1,XGBoost,0.00011205673217773438,0.9998879432678223
4179,0,0,XGBoost,0.9999071359634399,9.28514200495556e-05
16617,1,1,XGBoost,0.00018197298049926758,0.9998180270195007
17851,1,1,XGBoost,0.00012791156768798828,0.999872088432312
77,0,0,XGBoost,0.9999213218688965,7.868653483456001e-05
5207,0,0,XGBoost,0.9999321699142456,6.780315743526444e-05
10404,1,1,XGBoost,0.00010275840759277344,0.9998972415924072
14644,1,1,XGBoost,0.0001329183578491211,0.9998670816421509
1286,0,0,XGBoost,0.9999213218688965,7.868653483456001e-05
18897,1,1,XGBoost,7.474422454833984e-05,0.9999252557754517
12711,1,1,XGBoost,7.474422454833984e-05,0.9999252557754517
10472,1,1,XGBoost,0.00026911497116088867,0.9997308850288391
5401,0,0,XGBoost,0.999886691570282,0.0001133219848270528
14255,1,1,XGBoost,0.00011205673217773438,0.9998879432678223
18387,1,1,XGBoost,0.00011205673217773438,0.9998879432678223
5951,0,0,XGBoost,0.9999198913574219,8.013819751795381e-05
13920,1,1,XGBoost,7.474422454833984e-05,0.9999252557754517
18918,1,1,XGBoost,7.474422454833984e-05,0.9999252557754517
7725,0,0,XGBoost,0.9999321699142456,6.780315743526444e-05
2538,0,0,XGBoost,0.9999321699142456,6.780315743526444e-05
18433,1,1,XGBoost,0.00011205673217773438,0.9998879432678223
16142,1,1,XGBoost,0.000264585018157959,0.999735414981842
2205,0,0,XGBoost,0.9998537302017212,0.00014626173651777208
161,0,0,XGBoost,0.9999321699142456,6.780315743526444e-05
14343,1,1,XGBoost,0.00011205673217773438,0.9998879432678223
4909,0,0,XGBoost,0.999886691570282,0.0001133219848270528
8005,0,0,XGBoost,0.9999321699142456,6.780315743526444e-05
3561,0,0,XGBoost,0.9999321699142456,6.780315743526444e-05
10540,1,1,XGBoost,0.00026911497116088867,0.9997308850288391
13693,1,1,XGBoost,7.474422454833984e-05,0.9999252557754517
7714,0,0,XGBoost,0.9999213218688965,7.868653483456001e-05
2102,0,0,XGBoost,0.9999321699142456,6.780315743526444e-05
6667,0,0,XGBoost,0.9998705387115479,0.00012948924268130213
1500,0,0,XGBoost,0.9999321699142456,6.780315743526444e-05
4243,0,0,XGBoost,0.9999198913574219,8.013819751795381e-05
8463,0,0,XGBoost,0.9999321699142456,6.780315743526444e-05
374,0,0,XGBoost,0.9997649192810059,0.00023507417063228786
14717,1,1,XGBoost,0.00011205673217773438,0.9998879432678223
963,0,0,XGBoost,0.9999088048934937,9.116948785958812e-05
8017,0,0,XGBoost,0.9999321699142456,6.780315743526444e-05
14529,1,1,XGBoost,0.00012981891632080078,0.9998701810836792
3343,0,0,XGBoost,0.9999321699142456,6.780315743526444e-05
6477,0,0,XGBoost,0.9999054670333862,9.455823601456359e-05
1601,0,0,XGBoost,0.9999321699142456,6.780315743526444e-05
1895,0,0,XGBoost,0.9998685121536255,0.00013151083840057254
11678,1,1,XGBoost,7.474422454833984e-05,0.9999252557754517
10682,1,1,XGBoost,0.00026911497116088867,0.9997308850288391
2964,0,0,XGBoost,0.9999321699142456,6.780315743526444e-05
3310,0,0,XGBoost,0.999886691570282,0.0001133219848270528
17726,1,1,XGBoost,7.474422454833984e-05,0.9999252557754517
14163,1,1,XGBoost,0.00012981891632080078,0.9998701810836792
12292,1,1,XGBoost,7.474422454833984e-05,0.9999252557754517
7813,0,0,XGBoost,0.9999321699142456,6.780315743526444e-05
2382,0,0,XGBoost,0.9999321699142456,6.780315743526444e-05
17728,1,1,XGBoost,0.00010275840759277344,0.9998972415924072
15385,1,1,XGBoost,0.00015401840209960938,0.9998459815979004
7546,0,0,XGBoost,0.9999321699142456,6.780315743526444e-05
13347,1,1,XGBoost,7.474422454833984e-05,0.9999252557754517
9563,0,0,XGBoost,0.9999321699142456,6.780315743526444e-05
11222,1,1,XGBoost,7.474422454833984e-05,0.9999252557754517
8096,0,0,XGBoost,0.9999321699142456,6.780315743526444e-05
15656,1,1,XGBoost,7.474422454833984e-05,0.9999252557754517
18650,1,1,XGBoost,0.00011205673217773438,0.9998879432678223
6197,0,0,XGBoost,0.9999321699142456,6.780315743526444e-05
6541,0,0,XGBoost,0.9999213218688965,7.868653483456001e-05
9183,0,0,XGBoost,0.9999321699142456,6.780315743526444e-05
13418,1,1,XGBoost,7.474422454833984e-05,0.9999252557754517
9521,0,0,XGBoost,0.9999321699142456,6.780315743526444e-05
1823,0,0,XGBoost,0.9999321699142456,6.780315743526444e-05
3324,0,0,XGBoost,0.9999321699142456,6.780315743526444e-05
8152,0,0,XGBoost,0.9999321699142456,6.780315743526444e-05
11665,1,1,XGBoost,7.474422454833984e-05,0.9999252557754517
15680,1,1,XGBoost,0.00011205673217773438,0.9998879432678223
13663,1,1,XGBoost,7.474422454833984e-05,0.9999252557754517
7287,0,0,XGBoost,0.9999213218688965,7.868653483456001e-05
15249,1,1,XGBoost,0.00010800361633300781,0.999891996383667
5052,0,0,XGBoost,0.9996964335441589,0.0003035368863493204
7274,0,0,XGBoost,0.9998821020126343,0.00011791661381721497
9086,0,0,XGBoost,0.9999321699142456,6.780315743526444e-05
16768,1,1,XGBoost,0.00018197298049926758,0.9998180270195007
17680,1,1,XGBoost,0.0001996159553527832,0.9998003840446472
5742,0,0,XGBoost,0.9997175335884094,0.0002824816037900746
15176,1,1,XGBoost,0.00012981891632080078,0.9998701810836792
329,0,0,XGBoost,0.999921441078186,7.855967851355672e-05
1763,0,0,XGBoost,0.9999070167541504,9.300134843215346e-05
12898,1,1,XGBoost,7.474422454833984e-05,0.9999252557754517
15292,1,1,XGBoost,0.00012981891632080078,0.9998701810836792
15251,1,1,XGBoost,0.0001571178436279297,0.9998428821563721
4968,0,0,XGBoost,0.9999321699142456,6.780315743526444e-05
3444,0,0,XGBoost,0.9999321699142456,6.780315743526444e-05
18003,1,1,XGBoost,8.869171142578125e-05,0.9999113082885742
5392,0,0,XGBoost,0.9998821020126343,0.00011791661381721497
18581,1,1,XGBoost,9.322166442871094e-05,0.9999067783355713
7987,0,0,XGBoost,0.9999321699142456,6.780315743526444e-05
4138,0,0,XGBoost,0.9998685717582703,0.0001314140681643039
11286,1,1,XGBoost,7.474422454833984e-05,0.9999252557754517
9921,0,0,XGBoost,0.9999321699142456,6.780315743526444e-05
8766,0,0,XGBoost,0.9999213218688965,7.868653483456001e-05
11394,1,1,XGBoost,7.474422454833984e-05,0.9999252557754517
9467,0,0,XGBoost,0.9999321699142456,6.780315743526444e-05
6254,0,0,XGBoost,0.9999321699142456,6.780315743526444e-05
12304,1,1,XGBoost,7.474422454833984e-05,0.9999252557754517
1868,0,0,XGBoost,0.9999198913574219,8.013819751795381e-05
17758,1,1,XGBoost,7.474422454833984e-05,0.9999252557754517
15763,1,1,XGBoost,7.474422454833984e-05,0.9999252557754517
11742,1,1,XGBoost,7.474422454833984e-05,0.9999252557754517
15267,1,1,XGBoost,0.00015342235565185547,0.9998465776443481
10436,1,1,XGBoost,0.00026911497116088867,0.9997308850288391
4360,0,0,XGBoost,0.9999321699142456,6.780315743526444e-05
18186,1,1,XGBoost,7.474422454833984e-05,0.9999252557754517
18036,1,1,XGBoost,0.00010275840759277344,0.9998972415924072
158,0,0,XGBoost,0.9999071359634399,9.28514200495556e-05
10084,1,1,XGBoost,7.474422454833984e-05,0.9999252557754517
3266,0,0,XGBoost,0.9999321699142456,6.780315743526444e-05
2797,0,0,XGBoost,0.9999321699142456,6.780315743526444e-05
15328,1,1,XGBoost,0.0001329183578491211,0.9998670816421509
11497,1,1,XGBoost,7.474422454833984e-05,0.9999252557754517
10452,1,1,XGBoost,0.00026911497116088867,0.9997308850288391
5136,0,0,XGBoost,0.9998821020126343,0.00011791661381721497
4249,0,0,XGBoost,0.9999070167541504,9.300134843215346e-05
6368,0,0,XGBoost,0.999898374080658,0.00010160774399992079
17533,1,1,XGBoost,8.869171142578125e-05,0.9999113082885742
412,0,0,XGBoost,0.9999070167541504,9.300134843215346e-05
15861,1,1,XGBoost,7.474422454833984e-05,0.9999252557754517
14566,1,1,XGBoost,0.00011205673217773438,0.9998879432678223
15190,1,1,XGBoost,0.00015342235565185547,0.9998465776443481
4703,0,0,XGBoost,0.9999321699142456,6.780315743526444e-05
10903,1,1,XGBoost,7.474422454833984e-05,0.9999252557754517
13562,1,1,XGBoost,7.474422454833984e-05,0.9999252557754517
10663,1,1,XGBoost,0.00016891956329345703,0.9998310804367065
8227,0,0,XGBoost,0.9999321699142456,6.780315743526444e-05
13629,1,1,XGBoost,7.474422454833984e-05,0.9999252557754517
2711,0,0,XGBoost,0.9998029470443726,0.00019707187311723828
8942,0,0,XGBoost,0.9999321699142456,6.780315743526444e-05
5203,0,0,XGBoost,0.9997649192810059,0.00023507417063228786
16774,1,1,XGBoost,0.00018197298049926758,0.9998180270195007
12717,1,1,XGBoost,7.474422454833984e-05,0.9999252557754517
15878,1,1,XGBoost,0.0001329183578491211,0.9998670816421509
18471,1,1,XGBoost,7.474422454833984e-05,0.9999252557754517
10786,1,1,XGBoost,7.474422454833984e-05,0.9999252557754517
6082,0,0,XGBoost,0.999918520450592,8.147976768668741e-05
9436,0,0,XGBoost,0.9999213218688965,7.868653483456001e-05
8389,0,0,XGBoost,0.9999321699142456,6.780315743526444e-05
14337,1,1,XGBoost,0.00011205673217773438,0.9998879432678223
12958,1,1,XGBoost,7.474422454833984e-05,0.9999252557754517
16325,1,1,XGBoost,0.0001571178436279297,0.9998428821563721
9368,0,0,XGBoost,0.9999321699142456,6.780315743526444e-05
6970,0,0,XGBoost,0.9999321699142456,6.780315743526444e-05
10706,1,1,XGBoost,0.00026911497116088867,0.9997308850288391
13118,1,1,XGBoost,7.474422454833984e-05,0.9999252557754517
6570,0,0,XGBoost,0.999921441078186,7.855967851355672e-05
2562,0,0,XGBoost,0.9999321699142456,6.780315743526444e-05
5305,0,0,XGBoost,0.9999321699142456,6.780315743526444e-05
1853,0,0,XGBoost,0.9998822808265686,0.00011772652214858681
17360,1,1,XGBoost,8.869171142578125e-05,0.9999113082885742
10132,1,1,XGBoost,7.474422454833984e-05,0.9999252557754517
1229,0,0,XGBoost,0.9999071359634399,9.28514200495556e-05
1750,0,0,XGBoost,0.9998537302017212,0.00014626173651777208
9179,0,0,XGBoost,0.9999321699142456,6.780315743526444e-05
5475,0,0,XGBoost,0.9999213218688965,7.868653483456001e-05
8447,0,0,XGBoost,0.9999321699142456,6.780315743526444e-05
16681,1,1,XGBoost,0.00029921531677246094,0.9997007846832275
13958,1,1,XGBoost,0.00011205673217773438,0.9998879432678223
3141,0,0,XGBoost,0.9999321699142456,6.780315743526444e-05
14396,1,1,XGBoost,0.00015401840209960938,0.9998459815979004
13925,1,1,XGBoost,7.474422454833984e-05,0.9999252557754517
4494,0,0,XGBoost,0.999921441078186,7.855967851355672e-05
10558,1,1,XGBoost,0.00026911497116088867,0.9997308850288391
8428,0,0,XGBoost,0.9999321699142456,6.780315743526444e-05
10562,1,1,XGBoost,0.00026911497116088867,0.9997308850288391
10532,1,1,XGBoost,0.00026911497116088867,0.9997308850288391
3178,0,0,XGBoost,0.9999321699142456,6.780315743526444e-05
14178,1,1,XGBoost,0.00011205673217773438,0.9998879432678223
11761,1,1,XGBoost,7.474422454833984e-05,0.9999252557754517
16238,1,1,XGBoost,0.00029921531677246094,0.9997007846832275
12576,1,1,XGBoost,7.474422454833984e-05,0.9999252557754517
11770,1,1,XGBoost,7.474422454833984e-05,0.9999252557754517
13541,1,1,XGBoost,7.474422454833984e-05,0.9999252557754517
12564,1,1,XGBoost,7.474422454833984e-05,0.9999252557754517
2808,0,0,XGBoost,0.9999321699142456,6.780315743526444e-05
7014,0,0,XGBoost,0.9998922348022461,0.00010775498230941594
5233,0,0,XGBoost,0.9999213218688965,7.868653483456001e-05
4203,0,0,XGBoost,0.9999213218688965,7.868653483456001e-05
6600,0,0,XGBoost,0.9999071359634399,9.28514200495556e-05
16741,1,1,XGBoost,0.00022739171981811523,0.9997726082801819
11712,1,1,XGBoost,7.474422454833984e-05,0.9999252557754517
10198,1,1,XGBoost,7.474422454833984e-05,0.9999252557754517
7121,0,0,XGBoost,0.999886691570282,0.0001133219848270528
4555,0,0,XGBoost,0.9999321699142456,6.780315743526444e-05
14683,1,1,XGBoost,0.00011205673217773438,0.9998879432678223
793,0,0,XGBoost,0.9999198913574219,8.013819751795381e-05
15089,1,1,XGBoost,0.00011205673217773438,0.9998879432678223
13071,1,1,XGBoost,7.474422454833984e-05,0.9999252557754517
1521,0,0,XGBoost,0.9999321699142456,6.780315743526444e-05
13487,1,1,XGBoost,7.474422454833984e-05,0.9999252557754517
13073,1,1,XGBoost,7.474422454833984e-05,0.9999252557754517
18462,1,1,XGBoost,0.00011205673217773438,0.9998879432678223
14904,1,1,XGBoost,0.00011205673217773438,0.9998879432678223
2898,0,0,XGBoost,0.999886691570282,0.0001133219848270528
7943,0,0,XGBoost,0.9999321699142456,6.780315743526444e-05
15761,1,1,XGBoost,0.00011205673217773438,0.9998879432678223
2136,0,0,XGBoost,0.9999321699142456,6.780315743526444e-05
1133,0,0,XGBoost,0.9999198913574219,8.013819751795381e-05
10079,1,1,XGBoost,7.474422454833984e-05,0.9999252557754517
18693,1,1,XGBoost,0.00011205673217773438,0.9998879432678223
6655,0,0,XGBoost,0.9996477365493774,0.00035224496969021857
13805,1,1,XGBoost,7.474422454833984e-05,0.9999252557754517
12384,1,1,XGBoost,7.474422454833984e-05,0.9999252557754517
1081,0,0,XGBoost,0.999921441078186,7.855967851355672e-05
3930,0,0,XGBoost,0.9999070167541504,9.300134843215346e-05
13377,1,1,XGBoost,7.474422454833984e-05,0.9999252557754517
1125,0,0,XGBoost,0.9999071359634399,9.28514200495556e-05
6262,0,0,XGBoost,0.999918520450592,8.147976768668741e-05
569,0,0,XGBoost,0.9999321699142456,6.780315743526444e-05
846,0,0,XGBoost,0.9998302459716797,0.000169737046235241
4964,0,0,XGBoost,0.9999198913574219,8.013819751795381e-05
1296,0,0,XGBoost,0.999921441078186,7.855967851355672e-05
19052,1,1,XGBoost,7.474422454833984e-05,0.9999252557754517
845,0,0,XGBoost,0.9999321699142456,6.780315743526444e-05
1685,0,0,XGBoost,0.9999321699142456,6.780315743526444e-05
15125,1,1,XGBoost,0.00011205673217773438,0.9998879432678223
1986,0,0,XGBoost,0.9998302459716797,0.000169737046235241
593,0,0,XGBoost,0.9998685121536255,0.00013151083840057254
2978,0,0,XGBoost,0.999886691570282,0.0001133219848270528
5791,0,0,XGBoost,0.9999321699142456,6.780315743526444e-05
10120,1,1,XGBoost,7.474422454833984e-05,0.9999252557754517
1899,0,0,XGBoost,0.999884843826294,0.00011513400386320427
9062,0,0,XGBoost,0.9999321699142456,6.780315743526444e-05
4621,0,0,XGBoost,0.9999198913574219,8.013819751795381e-05
1388,0,0,XGBoost,0.9999321699142456,6.780315743526444e-05
10056,1,1,XGBoost,7.474422454833984e-05,0.9999252557754517
17006,1,1,XGBoost,7.474422454833984e-05,0.9999252557754517
6042,0,0,XGBoost,0.9999321699142456,6.780315743526444e-05
14855,1,1,XGBoost,0.00011205673217773438,0.9998879432678223
7629,0,0,XGBoost,0.9999321699142456,6.780315743526444e-05
2667,0,0,XGBoost,0.9999321699142456,6.780315743526444e-05
12377,1,1,XGBoost,7.474422454833984e-05,0.9999252557754517
7397,0,0,XGBoost,0.9999321699142456,6.780315743526444e-05
9475,0,0,XGBoost,0.9999321699142456,6.780315743526444e-05
1316,0,0,XGBoost,0.9999213218688965,7.868653483456001e-05
1704,0,0,XGBoost,0.9999321699142456,6.780315743526444e-05
14492,1,1,XGBoost,0.00012981891632080078,0.9998701810836792
17872,1,1,XGBoost,7.474422454833984e-05,0.9999252557754517
10284,1,1,XGBoost,7.474422454833984e-05,0.9999252557754517
13602,1,1,XGBoost,7.474422454833984e-05,0.9999252557754517
4177,0,0,XGBoost,0.9999321699142456,6.780315743526444e-05
16290,1,1,XGBoost,0.00022739171981811523,0.9997726082801819
16306,1,1,XGBoost,0.00015342235565185547,0.9998465776443481
17061,1,1,XGBoost,0.0001214742660522461,0.9998785257339478
18039,1,1,XGBoost,0.00010275840759277344,0.9998972415924072
814,0,0,XGBoost,0.9998798966407776,0.000120091914141085
9417,0,0,XGBoost,0.9999321699142456,6.780315743526444e-05
458,0,0,XGBoost,0.9999321699142456,6.780315743526444e-05
1015,0,0,XGBoost,0.9998302459716797,0.000169737046235241
18022,1,1,XGBoost,7.474422454833984e-05,0.9999252557754517
1762,0,0,XGBoost,0.9995023012161255,0.0004976805648766458
12252,1,1,XGBoost,7.474422454833984e-05,0.9999252557754517
3987,0,0,XGBoost,0.9999321699142456,6.780315743526444e-05
7509,0,0,XGBoost,0.9999321699142456,6.780315743526444e-05
13293,1,1,XGBoost,7.474422454833984e-05,0.9999252557754517
4576,0,0,XGBoost,0.9999321699142456,6.780315743526444e-05
384,0,0,XGBoost,0.9999198913574219,8.013819751795381e-05
5291,0,0,XGBoost,0.9997113943099976,0.00028862818726338446
3778,0,0,XGBoost,0.999886691570282,0.0001133219848270528
8070,0,0,XGBoost,0.999921441078186,7.855967851355672e-05
14749,1,1,XGBoost,0.00011205673217773438,0.9998879432678223
7239,0,0,XGBoost,0.9999088048934937,9.116948785958812e-05
1540,0,0,XGBoost,0.9998798966407776,0.000120091914141085
1304,0,0,XGBoost,0.9999321699142456,6.780315743526444e-05
2137,0,0,XGBoost,0.9999198913574219,8.013819751795381e-05
8529,0,0,XGBoost,0.9999321699142456,6.780315743526444e-05
8393,0,0,XGBoost,0.9999213218688965,7.868653483456001e-05
12715,1,1,XGBoost,7.474422454833984e-05,0.9999252557754517
2824,0,0,XGBoost,0.9999321699142456,6.780315743526444e-05
3201,0,0,XGBoost,0.999886691570282,0.0001133219848270528
18819,1,1,XGBoost,7.474422454833984e-05,0.9999252557754517
5779,0,0,XGBoost,0.9998685121536255,0.00013151083840057254
9105,0,0,XGBoost,0.9999321699142456,6.780315743526444e-05
6921,0,0,XGBoost,0.9999198913574219,8.013819751795381e-05
769,0,0,XGBoost,0.9999321699142456,6.780315743526444e-05
3440,0,0,XGBoost,0.9998301863670349,0.00016981700900942087
9184,0,0,XGBoost,0.9999321699142456,6.780315743526444e-05
8133,0,0,XGBoost,0.9999321699142456,6.780315743526444e-05
9207,0,0,XGBoost,0.9999321699142456,6.780315743526444e-05
6917,0,0,XGBoost,0.9999321699142456,6.780315743526444e-05
13783,1,1,XGBoost,7.474422454833984e-05,0.9999252557754517
145,0,0,XGBoost,0.9999321699142456,6.780315743526444e-05
1838,0,0,XGBoost,0.999921441078186,7.855967851355672e-05
1045,0,0,XGBoost,0.9999321699142456,6.780315743526444e-05
17198,1,1,XGBoost,0.0001024007797241211,0.9998975992202759
3385,0,0,XGBoost,0.9999071359634399,9.28514200495556e-05
4648,0,0,XGBoost,0.9999321699142456,6.780315743526444e-05
8887,0,0,XGBoost,0.9999321699142456,6.780315743526444e-05
2693,0,0,XGBoost,0.999921441078186,7.855967851355672e-05
5548,0,0,XGBoost,0.9999071359634399,9.28514200495556e-05
10046,1,1,XGBoost,7.474422454833984e-05,0.9999252557754517
15770,1,1,XGBoost,0.00011205673217773438,0.9998879432678223
3242,0,0,XGBoost,0.9999321699142456,6.780315743526444e-05
15822,1,1,XGBoost,0.00011205673217773438,0.9998879432678223
16964,1,1,XGBoost,0.00012791156768798828,0.999872088432312
12503,1,1,XGBoost,7.474422454833984e-05,0.9999252557754517
17022,1,1,XGBoost,0.0001049041748046875,0.9998950958251953
6635,0,0,XGBoost,0.9999213218688965,7.868653483456001e-05
5656,0,0,XGBoost,0.9996477365493774,0.00035224496969021857
12169,1,1,XGBoost,7.474422454833984e-05,0.9999252557754517
13,0,0,XGBoost,0.9999198913574219,8.013819751795381e-05
13857,1,1,XGBoost,7.474422454833984e-05,0.9999252557754517
9293,0,0,XGBoost,0.9999213218688965,7.868653483456001e-05
4208,0,0,XGBoost,0.999921441078186,7.855967851355672e-05
11449,1,1,XGBoost,0.00011205673217773438,0.9998879432678223
6767,0,0,XGBoost,0.9999321699142456,6.780315743526444e-05
19095,1,1,XGBoost,7.474422454833984e-05,0.9999252557754517
7115,0,0,XGBoost,0.999903678894043,9.630267595639452e-05
5445,0,0,XGBoost,0.999918520450592,8.147976768668741e-05
8007,0,0,XGBoost,0.9999321699142456,6.780315743526444e-05
3192,0,0,XGBoost,0.9999213218688965,7.868653483456001e-05
14567,1,1,XGBoost,0.00011205673217773438,0.9998879432678223
10041,1,1,XGBoost,7.474422454833984e-05,0.9999252557754517
5971,0,0,XGBoost,0.999918520450592,8.147976768668741e-05
2200,0,0,XGBoost,0.9999213218688965,7.868653483456001e-05
12754,1,1,XGBoost,7.474422454833984e-05,0.9999252557754517
19129,1,1,XGBoost,7.474422454833984e-05,0.9999252557754517
16170,1,1,XGBoost,0.00022739171981811523,0.9997726082801819
3762,0,0,XGBoost,0.9998867511749268,0.0001132383695221506
18800,1,1,XGBoost,0.00011205673217773438,0.9998879432678223
11820,1,1,XGBoost,7.474422454833984e-05,0.9999252557754517
14774,1,1,XGBoost,0.00011205673217773438,0.9998879432678223
14550,1,1,XGBoost,0.00011205673217773438,0.9998879432678223
18630,1,1,XGBoost,7.474422454833984e-05,0.9999252557754517
7062,0,0,XGBoost,0.9999213218688965,7.868653483456001e-05
16877,1,1,XGBoost,7.474422454833984e-05,0.9999252557754517
207,0,0,XGBoost,0.9999071359634399,9.28514200495556e-05
18775,1,1,XGBoost,7.474422454833984e-05,0.9999252557754517
853,0,0,XGBoost,0.9997649192810059,0.00023507417063228786
7970,0,0,XGBoost,0.9999321699142456,6.780315743526444e-05
2599,0,0,XGBoost,0.9998685121536255,0.00013151083840057254
8661,0,0,XGBoost,0.9999321699142456,6.780315743526444e-05
15485,1,1,XGBoost,7.474422454833984e-05,0.9999252557754517
9140,0,0,XGBoost,0.9999321699142456,6.780315743526444e-05
9958,0,0,XGBoost,0.9944208860397339,0.005579086486250162
2079,0,0,XGBoost,0.9999321699142456,6.780315743526444e-05
15142,1,1,XGBoost,0.00011205673217773438,0.9998879432678223
15995,1,1,XGBoost,0.00018924474716186523,0.9998107552528381
7196,0,0,XGBoost,0.9999321699142456,6.780315743526444e-05
8924,0,0,XGBoost,0.9999321699142456,6.780315743526444e-05
1205,0,0,XGBoost,0.9999321699142456,6.780315743526444e-05
7125,0,0,XGBoost,0.9998922348022461,0.00010775498230941594
12409,1,1,XGBoost,7.474422454833984e-05,0.9999252557754517
2359,0,0,XGBoost,0.9998865127563477,0.00011350496060913429
16100,1,1,XGBoost,0.00029921531677246094,0.9997007846832275
15387,1,1,XGBoost,0.0001329183578491211,0.9998670816421509
18968,1,1,XGBoost,7.474422454833984e-05,0.9999252557754517
2334,0,0,XGBoost,0.9999321699142456,6.780315743526444e-05
14724,1,1,XGBoost,0.00011205673217773438,0.9998879432678223
1852,0,0,XGBoost,0.9998821020126343,0.00011791661381721497
3766,0,0,XGBoost,0.9997808337211609,0.00021917482081335038
4809,0,0,XGBoost,0.9999321699142456,6.780315743526444e-05
2504,0,0,XGBoost,0.9999071359634399,9.28514200495556e-05
16633,1,1,XGBoost,0.00011205673217773438,0.9998879432678223
5486,0,0,XGBoost,0.9999198913574219,8.013819751795381e-05
3744,0,0,XGBoost,0.9999321699142456,6.780315743526444e-05
11963,1,1,XGBoost,7.474422454833984e-05,0.9999252557754517
8208,0,0,XGBoost,0.9999321699142456,6.780315743526444e-05
1826,0,0,XGBoost,0.9999321699142456,6.780315743526444e-05
11585,1,1,XGBoost,7.474422454833984e-05,0.9999252557754517
14955,1,1,XGBoost,0.00015342235565185547,0.9998465776443481
9186,0,0,XGBoost,0.9999321699142456,6.780315743526444e-05
454,0,0,XGBoost,0.999921441078186,7.855967851355672e-05
3883,0,0,XGBoost,0.9998884201049805,0.00011157996050314978
4116,0,0,XGBoost,0.999921441078186,7.855967851355672e-05
15138,1,1,XGBoost,0.00015401840209960938,0.9998459815979004
3640,0,0,XGBoost,0.9999321699142456,6.780315743526444e-05
5423,0,0,XGBoost,0.999921441078186,7.855967851355672e-05
2593,0,0,XGBoost,0.9999321699142456,6.780315743526444e-05
10153,1,1,XGBoost,7.474422454833984e-05,0.9999252557754517
11019,1,1,XGBoost,7.474422454833984e-05,0.9999252557754517
5343,0,0,XGBoost,0.9998882412910461,0.0001117601350415498
3267,0,0,XGBoost,0.999921441078186,7.855967851355672e-05
17817,1,1,XGBoost,0.0001996159553527832,0.9998003840446472
11842,1,1,XGBoost,7.474422454833984e-05,0.9999252557754517
2466,0,0,XGBoost,0.9999213218688965,7.868653483456001e-05
17001,1,1,XGBoost,7.474422454833984e-05,0.9999252557754517
13206,1,1,XGBoost,7.474422454833984e-05,0.9999252557754517
9654,0,0,XGBoost,0.9999213218688965,7.868653483456001e-05
2393,0,0,XGBoost,0.9999321699142456,6.780315743526444e-05
768,0,0,XGBoost,0.9998685121536255,0.00013151083840057254
16672,1,1,XGBoost,0.00034809112548828125,0.9996519088745117
15358,1,1,XGBoost,0.0001329183578491211,0.9998670816421509
14669,1,1,XGBoost,0.00011205673217773438,0.9998879432678223
8592,0,0,XGBoost,0.9999321699142456,6.780315743526444e-05
8727,0,0,XGBoost,0.9999321699142456,6.780315743526444e-05
12973,1,1,XGBoost,7.474422454833984e-05,0.9999252557754517
281,0,0,XGBoost,0.9998922348022461,0.00010775498230941594
12874,1,1,XGBoost,7.474422454833984e-05,0.9999252557754517
10024,1,1,XGBoost,7.474422454833984e-05,0.9999252557754517
8238,0,0,XGBoost,0.9999321699142456,6.780315743526444e-05
17944,1,1,XGBoost,8.869171142578125e-05,0.9999113082885742
7511,0,0,XGBoost,0.9999321699142456,6.780315743526444e-05
6656,0,0,XGBoost,0.9999213218688965,7.868653483456001e-05
5142,0,0,XGBoost,0.9998638033866882,0.00013617896183859557
8006,0,0,XGBoost,0.9999321699142456,6.780315743526444e-05
8684,0,0,XGBoost,0.9999321699142456,6.780315743526444e-05
10220,1,1,XGBoost,7.474422454833984e-05,0.9999252557754517
8571,0,0,XGBoost,0.9999321699142456,6.780315743526444e-05
6640,0,0,XGBoost,0.999921441078186,7.855967851355672e-05
12589,1,1,XGBoost,7.474422454833984e-05,0.9999252557754517
11577,1,1,XGBoost,7.474422454833984e-05,0.9999252557754517
15388,1,1,XGBoost,0.00015342235565185547,0.9998465776443481
11252,1,1,XGBoost,7.474422454833984e-05,0.9999252557754517
8680,0,0,XGBoost,0.9999321699142456,6.780315743526444e-05
17921,1,1,XGBoost,7.474422454833984e-05,0.9999252557754517
13494,1,1,XGBoost,7.474422454833984e-05,0.9999252557754517
2872,0,0,XGBoost,0.9998385310173035,0.00016147510905284435
16442,1,1,XGBoost,0.0001329183578491211,0.9998670816421509
17620,1,1,XGBoost,7.474422454833984e-05,0.9999252557754517
3812,0,0,XGBoost,0.9999321699142456,6.780315743526444e-05
3287,0,0,XGBoost,0.999921441078186,7.855967851355672e-05
17030,1,1,XGBoost,7.474422454833984e-05,0.9999252557754517
16527,1,1,XGBoost,0.00012981891632080078,0.9998701810836792
14241,1,1,XGBoost,0.00012981891632080078,0.9998701810836792
3230,0,0,XGBoost,0.9998242259025574,0.0001757614954840392
2946,0,0,XGBoost,0.9999198913574219,8.013819751795381e-05
1256,0,0,XGBoost,0.999918520450592,8.147976768668741e-05
8038,0,0,XGBoost,0.9999321699142456,6.780315743526444e-05
6873,0,0,XGBoost,0.9999213218688965,7.868653483456001e-05
4752,0,0,XGBoost,0.9999321699142456,6.780315743526444e-05
6617,0,0,XGBoost,0.9998638033866882,0.00013617896183859557
12765,1,1,XGBoost,7.474422454833984e-05,0.9999252557754517
7906,0,0,XGBoost,0.9999321699142456,6.780315743526444e-05
2734,0,0,XGBoost,0.9999213218688965,7.868653483456001e-05
7554,0,0,XGBoost,0.9999321699142456,6.780315743526444e-05
13444,1,1,XGBoost,7.474422454833984e-05,0.9999252557754517
5752,0,0,XGBoost,0.9998419880867004,0.00015803593851160258
16352,1,1,XGBoost,0.0004032254219055176,0.9995967745780945
16927,1,1,XGBoost,0.0001024007797241211,0.9998975992202759
6371,0,0,XGBoost,0.9998334050178528,0.00016661846893839538
899,0,0,XGBoost,0.9999321699142456,6.780315743526444e-05
17388,1,1,XGBoost,8.869171142578125e-05,0.9999113082885742
12674,1,1,XGBoost,7.474422454833984e-05,0.9999252557754517
2353,0,0,XGBoost,0.9999213218688965,7.868653483456001e-05
699,0,0,XGBoost,0.9999321699142456,6.780315743526444e-05
10027,1,1,XGBoost,7.474422454833984e-05,0.9999252557754517
16117,1,1,XGBoost,0.00022739171981811523,0.9997726082801819
9069,0,0,XGBoost,0.9999321699142456,6.780315743526444e-05
8815,0,0,XGBoost,0.9999213218688965,7.868653483456001e-05
4452,0,0,XGBoost,0.9999321699142456,6.780315743526444e-05
16391,1,1,XGBoost,0.00011205673217773438,0.9998879432678223
14407,1,1,XGBoost,0.00011205673217773438,0.9998879432678223
7294,0,0,XGBoost,0.9999321699142456,6.780315743526444e-05
5342,0,0,XGBoost,0.999886691570282,0.0001133219848270528
9601,0,0,XGBoost,0.9999321699142456,6.780315743526444e-05
13190,1,1,XGBoost,7.474422454833984e-05,0.9999252557754517
17358,1,1,XGBoost,7.474422454833984e-05,0.9999252557754517
148,0,0,XGBoost,0.9999213218688965,7.868653483456001e-05
301,0,0,XGBoost,0.9998922348022461,0.00010775498230941594
18651,1,1,XGBoost,0.00011205673217773438,0.9998879432678223
6015,0,0,XGBoost,0.9999321699142456,6.780315743526444e-05
12090,1,1,XGBoost,7.474422454833984e-05,0.9999252557754517
8937,0,0,XGBoost,0.9999321699142456,6.780315743526444e-05
9348,0,0,XGBoost,0.9999321699142456,6.780315743526444e-05
13838,1,1,XGBoost,7.474422454833984e-05,0.9999252557754517
8189,0,0,XGBoost,0.9999321699142456,6.780315743526444e-05
8808,0,0,XGBoost,0.9999213218688965,7.868653483456001e-05
14672,1,1,XGBoost,0.00012981891632080078,0.9998701810836792
11100,1,1,XGBoost,7.474422454833984e-05,0.9999252557754517
14500,1,1,XGBoost,0.00011205673217773438,0.9998879432678223
11974,1,1,XGBoost,7.474422454833984e-05,0.9999252557754517
4644,0,0,XGBoost,0.9999321699142456,6.780315743526444e-05
9470,0,0,XGBoost,0.9999321699142456,6.780315743526444e-05
4311,0,0,XGBoost,0.9999321699142456,6.780315743526444e-05
7992,0,0,XGBoost,0.9999321699142456,6.780315743526444e-05
14230,1,1,XGBoost,0.00015342235565185547,0.9998465776443481
17227,1,1,XGBoost,0.00011038780212402344,0.999889612197876
18628,1,1,XGBoost,9.322166442871094e-05,0.9999067783355713
16188,1,1,XGBoost,0.0001329183578491211,0.9998670816421509
12758,1,1,XGBoost,7.474422454833984e-05,0.9999252557754517
17850,1,1,XGBoost,7.474422454833984e-05,0.9999252557754517
3531,0,0,XGBoost,0.999886691570282,0.0001133219848270528
8590,0,0,XGBoost,0.9999055862426758,9.440579015063122e-05
11425,1,1,XGBoost,0.00011205673217773438,0.9998879432678223
11959,1,1,XGBoost,7.474422454833984e-05,0.9999252557754517
3020,0,0,XGBoost,0.9999321699142456,6.780315743526444e-05
5311,0,0,XGBoost,0.9999321699142456,6.780315743526444e-05
5877,0,0,XGBoost,0.9999321699142456,6.780315743526444e-05
6288,0,0,XGBoost,0.9999213218688965,7.868653483456001e-05
8639,0,0,XGBoost,0.9999213218688965,7.868653483456001e-05
18083,1,1,XGBoost,0.00011086463928222656,0.9998891353607178
928,0,0,XGBoost,0.999886691570282,0.0001133219848270528
6514,0,0,XGBoost,0.9998141527175903,0.0001858263130998239
1494,0,0,XGBoost,0.9999213218688965,7.868653483456001e-05
9610,0,0,XGBoost,0.9999321699142456,6.780315743526444e-05
13739,1,1,XGBoost,7.474422454833984e-05,0.9999252557754517
16365,1,1,XGBoost,0.00011205673217773438,0.9998879432678223
8335,0,0,XGBoost,0.9999321699142456,6.780315743526444e-05
15818,1,1,XGBoost,0.00012981891632080078,0.9998701810836792
630,0,0,XGBoost,0.9999321699142456,6.780315743526444e-05
4719,0,0,XGBoost,0.9999198913574219,8.013819751795381e-05
6305,0,0,XGBoost,0.9999321699142456,6.780315743526444e-05
13643,1,1,XGBoost,7.474422454833984e-05,0.9999252557754517
10622,1,1,XGBoost,0.00026911497116088867,0.9997308850288391
8433,0,0,XGBoost,0.9999321699142456,6.780315743526444e-05
7158,0,0,XGBoost,0.9999321699142456,6.780315743526444e-05
15955,1,1,XGBoost,0.00022739171981811523,0.9997726082801819
302,0,0,XGBoost,0.9999321699142456,6.780315743526444e-05
1202,0,0,XGBoost,0.9999213218688965,7.868653483456001e-05
7004,0,0,XGBoost,0.9999213218688965,7.868653483456001e-05
12652,1,1,XGBoost,7.474422454833984e-05,0.9999252557754517
3216,0,0,XGBoost,0.9999321699142456,6.780315743526444e-05
202,0,0,XGBoost,0.9999213218688965,7.868653483456001e-05
13246,1,1,XGBoost,7.474422454833984e-05,0.9999252557754517
974,0,0,XGBoost,0.9998685121536255,0.00013151083840057254
8212,0,0,XGBoost,0.9999321699142456,6.780315743526444e-05
3797,0,0,XGBoost,0.9999071359634399,9.28514200495556e-05
8557,0,0,XGBoost,0.9999321699142456,6.780315743526444e-05
11798,1,1,XGBoost,7.474422454833984e-05,0.9999252557754517
5524,0,0,XGBoost,0.999918520450592,8.147976768668741e-05
12382,1,1,XGBoost,7.474422454833984e-05,0.9999252557754517
770,0,0,XGBoost,0.9999321699142456,6.780315743526444e-05
18832,1,1,XGBoost,7.474422454833984e-05,0.9999252557754517
16847,1,1,XGBoost,7.474422454833984e-05,0.9999252557754517
1136,0,0,XGBoost,0.9999071359634399,9.28514200495556e-05
5177,0,0,XGBoost,0.9998821020126343,0.00011791661381721497
1906,0,0,XGBoost,0.999918520450592,8.147976768668741e-05
19040,1,1,XGBoost,7.474422454833984e-05,0.9999252557754517
9761,0,0,XGBoost,0.9999321699142456,6.780315743526444e-05
5088,0,0,XGBoost,0.9997175335884094,0.0002824816037900746
13476,1,1,XGBoost,7.474422454833984e-05,0.9999252557754517
5626,0,0,XGBoost,0.9999321699142456,6.780315743526444e-05
8465,0,0,XGBoost,0.9999321699142456,6.780315743526444e-05
15727,1,1,XGBoost,0.00011205673217773438,0.9998879432678223
13989,1,1,XGBoost,0.00011205673217773438,0.9998879432678223
4211,0,0,XGBoost,0.999886691570282,0.0001133219848270528
2817,0,0,XGBoost,0.9998882412910461,0.0001117601350415498
1279,0,0,XGBoost,0.9998302459716797,0.000169737046235241
6936,0,0,XGBoost,0.9998537302017212,0.00014626173651777208
936,0,0,XGBoost,0.9998865127563477,0.00011350496060913429
12697,1,1,XGBoost,7.474422454833984e-05,0.9999252557754517
6236,0,0,XGBoost,0.9999071359634399,9.28514200495556e-05
14734,1,1,XGBoost,0.0001329183578491211,0.9998670816421509
3144,0,0,XGBoost,0.999918520450592,8.147976768668741e-05
15908,1,1,XGBoost,7.474422454833984e-05,0.9999252557754517
7577,0,0,XGBoost,0.9999321699142456,6.780315743526444e-05
4795,0,0,XGBoost,0.999886691570282,0.0001133219848270528
13393,1,1,XGBoost,7.474422454833984e-05,0.9999252557754517
16386,1,1,XGBoost,0.00011205673217773438,0.9998879432678223
3874,0,0,XGBoost,0.999921441078186,7.855967851355672e-05
10880,1,1,XGBoost,7.474422454833984e-05,0.9999252557754517
8716,0,0,XGBoost,0.9999321699142456,6.780315743526444e-05
1120,0,0,XGBoost,0.9999321699142456,6.780315743526444e-05
13619,1,1,XGBoost,7.474422454833984e-05,0.9999252557754517
6331,0,0,XGBoost,0.9999321699142456,6.780315743526444e-05
854,0,0,XGBoost,0.9999321699142456,6.780315743526444e-05
10080,1,1,XGBoost,7.474422454833984e-05,0.9999252557754517
12157,1,1,XGBoost,7.474422454833984e-05,0.9999252557754517
3451,0,0,XGBoost,0.9999321699142456,6.780315743526444e-05
15684,1,1,XGBoost,9.322166442871094e-05,0.9999067783355713
14478,1,1,XGBoost,9.322166442871094e-05,0.9999067783355713
10544,1,1,XGBoost,0.00026911497116088867,0.9997308850288391
11794,1,1,XGBoost,7.474422454833984e-05,0.9999252557754517
5713,0,0,XGBoost,0.9999321699142456,6.780315743526444e-05
6943,0,0,XGBoost,0.9995711445808411,0.00042886921437457204
17993,1,1,XGBoost,7.474422454833984e-05,0.9999252557754517
10265,1,1,XGBoost,7.474422454833984e-05,0.9999252557754517
12302,1,1,XGBoost,7.474422454833984e-05,0.9999252557754517
9809,0,0,XGBoost,0.9999321699142456,6.780315743526444e-05
13026,1,1,XGBoost,7.474422454833984e-05,0.9999252557754517
12921,1,1,XGBoost,7.474422454833984e-05,0.9999252557754517
10659,1,1,XGBoost,0.00026911497116088867,0.9997308850288391
6506,0,0,XGBoost,0.9999054670333862,9.455823601456359e-05
15472,1,1,XGBoost,0.00011205673217773438,0.9998879432678223
19008,1,1,XGBoost,7.474422454833984e-05,0.9999252557754517
3676,0,0,XGBoost,0.9999321699142456,6.780315743526444e-05
17738,1,1,XGBoost,7.474422454833984e-05,0.9999252557754517
3510,0,0,XGBoost,0.9999321699142456,6.780315743526444e-05
792,0,0,XGBoost,0.999898374080658,0.00010160774399992079
8256,0,0,XGBoost,0.9999321699142456,6.780315743526444e-05
11468,1,1,XGBoost,7.474422454833984e-05,0.9999252557754517
13005,1,1,XGBoost,7.474422454833984e-05,0.9999252557754517
15133,1,1,XGBoost,0.00011205673217773438,0.9998879432678223
13811,1,1,XGBoost,7.474422454833984e-05,0.9999252557754517
5208,0,0,XGBoost,0.9998685121536255,0.00013151083840057254
13810,1,1,XGBoost,7.474422454833984e-05,0.9999252557754517
19010,1,1,XGBoost,7.474422454833984e-05,0.9999252557754517
14309,1,1,XGBoost,0.00011205673217773438,0.9998879432678223
8434,0,0,XGBoost,0.9999321699142456,6.780315743526444e-05
11797,1,1,XGBoost,7.474422454833984e-05,0.9999252557754517
17180,1,1,XGBoost,7.474422454833984e-05,0.9999252557754517
11465,1,1,XGBoost,0.00011205673217773438,0.9998879432678223
12544,1,1,XGBoost,7.474422454833984e-05,0.9999252557754517
1386,0,0,XGBoost,0.9999321699142456,6.780315743526444e-05
14298,1,1,XGBoost,0.00011205673217773438,0.9998879432678223
7860,0,0,XGBoost,0.9999321699142456,6.780315743526444e-05
4806,0,0,XGBoost,0.9999321699142456,6.780315743526444e-05
18747,1,1,XGBoost,7.474422454833984e-05,0.9999252557754517
237,0,0,XGBoost,0.9999321699142456,6.780315743526444e-05
10243,1,1,XGBoost,7.474422454833984e-05,0.9999252557754517
12102,1,1,XGBoost,7.474422454833984e-05,0.9999252557754517
3335,0,0,XGBoost,0.999898374080658,0.00010160774399992079
2958,0,0,XGBoost,0.9998922348022461,0.00010775498230941594
4835,0,0,XGBoost,0.9999198913574219,8.013819751795381e-05
2752,0,0,XGBoost,0.9999321699142456,6.780315743526444e-05
17222,1,1,XGBoost,0.0001283884048461914,0.9998716115951538
12472,1,1,XGBoost,7.474422454833984e-05,0.9999252557754517
1191,0,0,XGBoost,0.9998884201049805,0.00011157996050314978
2141,0,0,XGBoost,0.9999213218688965,7.868653483456001e-05
12772,1,1,XGBoost,7.474422454833984e-05,0.9999252557754517
1679,0,0,XGBoost,0.9999321699142456,6.780315743526444e-05
10940,1,1,XGBoost,7.474422454833984e-05,0.9999252557754517
18860,1,1,XGBoost,7.474422454833984e-05,0.9999252557754517
190,0,0,XGBoost,0.9997649192810059,0.00023507417063228786
11405,1,1,XGBoost,7.474422454833984e-05,0.9999252557754517
10649,1,1,XGBoost,0.00026911497116088867,0.9997308850288391
14596,1,1,XGBoost,0.00012981891632080078,0.9998701810836792
6106,0,0,XGBoost,0.9999213218688965,7.868653483456001e-05
5258,0,0,XGBoost,0.9999198913574219,8.013819751795381e-05
6801,0,0,XGBoost,0.9998685121536255,0.00013151083840057254
17723,1,1,XGBoost,0.00010824203491210938,0.9998917579650879
9441,0,0,XGBoost,0.9999321699142456,6.780315743526444e-05
6981,0,0,XGBoost,0.9999213218688965,7.868653483456001e-05
17197,1,1,XGBoost,9.322166442871094e-05,0.9999067783355713
15040,1,1,XGBoost,0.00012981891632080078,0.9998701810836792
13007,1,1,XGBoost,7.474422454833984e-05,0.9999252557754517
12164,1,1,XGBoost,7.474422454833984e-05,0.9999252557754517
3173,0,0,XGBoost,0.9999321699142456,6.780315743526444e-05
17260,1,1,XGBoost,0.00015175342559814453,0.9998482465744019
514,0,0,XGBoost,0.9998302459716797,0.000169737046235241
12987,1,1,XGBoost,7.474422454833984e-05,0.9999252557754517
13745,1,1,XGBoost,7.474422454833984e-05,0.9999252557754517
5134,0,0,XGBoost,0.999918520450592,8.147976768668741e-05
12256,1,1,XGBoost,7.474422454833984e-05,0.9999252557754517
16606,1,1,XGBoost,0.00024896860122680664,0.9997510313987732
14994,1,1,XGBoost,0.00012981891632080078,0.9998701810836792
12395,1,1,XGBoost,7.474422454833984e-05,0.9999252557754517
3636,0,0,XGBoost,0.9999071359634399,9.28514200495556e-05
10648,1,1,XGBoost,0.00026911497116088867,0.9997308850288391
4388,0,0,XGBoost,0.9999213218688965,7.868653483456001e-05
13355,1,1,XGBoost,7.474422454833984e-05,0.9999252557754517
13690,1,1,XGBoost,7.474422454833984e-05,0.9999252557754517
9045,0,0,XGBoost,0.9999321699142456,6.780315743526444e-05
8997,0,0,XGBoost,0.9999321699142456,6.780315743526444e-05
2896,0,0,XGBoost,0.999886691570282,0.0001133219848270528
3155,0,0,XGBoost,0.9999071359634399,9.28514200495556e-05
12186,1,1,XGBoost,7.474422454833984e-05,0.9999252557754517
2243,0,0,XGBoost,0.999886691570282,0.0001133219848270528
512,0,0,XGBoost,0.9999321699142456,6.780315743526444e-05
9709,0,0,XGBoost,0.9999321699142456,6.780315743526444e-05
7390,0,0,XGBoost,0.9999321699142456,6.780315743526444e-05
14680,1,1,XGBoost,0.00012981891632080078,0.9998701810836792
8519,0,0,XGBoost,0.9999321699142456,6.780315743526444e-05
15884,1,1,XGBoost,0.00011205673217773438,0.9998879432678223
9133,0,0,XGBoost,0.9999321699142456,6.780315743526444e-05
11856,1,1,XGBoost,7.474422454833984e-05,0.9999252557754517
11980,1,1,XGBoost,7.474422454833984e-05,0.9999252557754517
3304,0,0,XGBoost,0.9999321699142456,6.780315743526444e-05
3004,0,0,XGBoost,0.9998821020126343,0.00011791661381721497
9282,0,0,XGBoost,0.9999321699142456,6.780315743526444e-05
15243,1,1,XGBoost,0.00012981891632080078,0.9998701810836792
9967,0,0,XGBoost,0.9944208860397339,0.005579086486250162
1240,0,0,XGBoost,0.999921441078186,7.855967851355672e-05
9792,0,0,XGBoost,0.9999321699142456,6.780315743526444e-05
8234,0,0,XGBoost,0.9999321699142456,6.780315743526444e-05
1735,0,0,XGBoost,0.9999054670333862,9.455823601456359e-05
9726,0,0,XGBoost,0.9999321699142456,6.780315743526444e-05
7266,0,0,XGBoost,0.9999321699142456,6.780315743526444e-05
3186,0,0,XGBoost,0.999921441078186,7.855967851355672e-05
7005,0,0,XGBoost,0.9998608827590942,0.0001391425757901743
3030,0,0,XGBoost,0.9999321699142456,6.780315743526444e-05
4831,0,0,XGBoost,0.9999321699142456,6.780315743526444e-05
4399,0,0,XGBoost,0.999921441078186,7.855967851355672e-05
2026,0,0,XGBoost,0.9999321699142456,6.780315743526444e-05
7057,0,0,XGBoost,0.9999070167541504,9.300134843215346e-05
19047,1,1,XGBoost,7.474422454833984e-05,0.9999252557754517
7761,0,0,XGBoost,0.9999321699142456,6.780315743526444e-05
4443,0,0,XGBoost,0.9999321699142456,6.780315743526444e-05
15294,1,1,XGBoost,0.00018197298049926758,0.9998180270195007
9268,0,0,XGBoost,0.9999321699142456,6.780315743526444e-05
15833,1,1,XGBoost,0.00012981891632080078,0.9998701810836792
15418,1,1,XGBoost,0.00012981891632080078,0.9998701810836792
2371,0,0,XGBoost,0.999903678894043,9.630267595639452e-05
2192,0,0,XGBoost,0.999918520450592,8.147976768668741e-05
4451,0,0,XGBoost,0.9999321699142456,6.780315743526444e-05
6941,0,0,XGBoost,0.9998537302017212,0.00014626173651777208
1707,0,0,XGBoost,0.9997133016586304,0.0002866799186449498
6002,0,0,XGBoost,0.9998537302017212,0.00014626173651777208
116,0,0,XGBoost,0.9999213218688965,7.868653483456001e-05
9770,0,0,XGBoost,0.9999213218688965,7.868653483456001e-05
19058,1,1,XGBoost,7.474422454833984e-05,0.9999252557754517
1059,0,0,XGBoost,0.9999070167541504,9.300134843215346e-05
728,0,0,XGBoost,0.9998633861541748,0.00013662222772836685
14625,1,1,XGBoost,0.00016546249389648438,0.9998345375061035
15546,1,1,XGBoost,0.00011205673217773438,0.9998879432678223
18064,1,1,XGBoost,0.00010275840759277344,0.9998972415924072
984,0,0,XGBoost,0.9999198913574219,8.013819751795381e-05
7123,0,0,XGBoost,0.9999321699142456,6.780315743526444e-05
6265,0,0,XGBoost,0.9999321699142456,6.780315743526444e-05
11253,1,1,XGBoost,7.474422454833984e-05,0.9999252557754517
16399,1,1,XGBoost,0.0002117753028869629,0.999788224697113
13066,1,1,XGBoost,7.474422454833984e-05,0.9999252557754517
2489,0,0,XGBoost,0.9998302459716797,0.000169737046235241
1843,0,0,XGBoost,0.9999321699142456,6.780315743526444e-05
7667,0,0,XGBoost,0.9999321699142456,6.780315743526444e-05
10124,1,1,XGBoost,7.474422454833984e-05,0.9999252557754517
8888,0,0,XGBoost,0.9999321699142456,6.780315743526444e-05
760,0,0,XGBoost,0.9999213218688965,7.868653483456001e-05
17999,1,1,XGBoost,0.00010275840759277344,0.9998972415924072
9289,0,0,XGBoost,0.9999321699142456,6.780315743526444e-05
8364,0,0,XGBoost,0.9999321699142456,6.780315743526444e-05
663,0,0,XGBoost,0.9998821020126343,0.00011791661381721497
10306,1,1,XGBoost,7.474422454833984e-05,0.9999252557754517
16066,1,1,XGBoost,0.00012981891632080078,0.9998701810836792
14813,1,1,XGBoost,0.00011205673217773438,0.9998879432678223
16697,1,1,XGBoost,0.0001571178436279297,0.9998428821563721
1927,0,0,XGBoost,0.9998029470443726,0.00019707187311723828
4971,0,0,XGBoost,0.9999213218688965,7.868653483456001e-05
16440,1,1,XGBoost,0.00011205673217773438,0.9998879432678223
1841,0,0,XGBoost,0.999904215335846,9.580896585248411e-05
1994,0,0,XGBoost,0.9999213218688965,7.868653483456001e-05
19115,1,1,XGBoost,7.474422454833984e-05,0.9999252557754517
12581,1,1,XGBoost,7.474422454833984e-05,0.9999252557754517
15578,1,1,XGBoost,0.00011205673217773438,0.9998879432678223
7424,0,0,XGBoost,0.9998821020126343,0.00011791661381721497
5367,0,0,XGBoost,0.9999321699142456,6.780315743526444e-05
10867,1,1,XGBoost,7.474422454833984e-05,0.9999252557754517
11741,1,1,XGBoost,7.474422454833984e-05,0.9999252557754517
3009,0,0,XGBoost,0.9999198913574219,8.013819751795381e-05
2717,0,0,XGBoost,0.999898374080658,0.00010160774399992079
11263,1,1,XGBoost,7.474422454833984e-05,0.9999252557754517
2454,0,0,XGBoost,0.9999321699142456,6.780315743526444e-05
6722,0,0,XGBoost,0.9999198913574219,8.013819751795381e-05
14229,1,1,XGBoost,0.00011205673217773438,0.9998879432678223
6806,0,0,XGBoost,0.9998537302017212,0.00014626173651777208
11775,1,1,XGBoost,7.474422454833984e-05,0.9999252557754517
3179,0,0,XGBoost,0.9999321699142456,6.780315743526444e-05
16826,1,1,XGBoost,0.00016379356384277344,0.9998362064361572
7863,0,0,XGBoost,0.9999321699142456,6.780315743526444e-05
18981,1,1,XGBoost,7.474422454833984e-05,0.9999252557754517
8357,0,0,XGBoost,0.9999321699142456,6.780315743526444e-05
18571,1,1,XGBoost,9.322166442871094e-05,0.9999067783355713
18440,1,1,XGBoost,9.322166442871094e-05,0.9999067783355713
7491,0,0,XGBoost,0.9999321699142456,6.780315743526444e-05
3672,0,0,XGBoost,0.9999198913574219,8.013819751795381e-05
13145,1,1,XGBoost,7.474422454833984e-05,0.9999252557754517
894,0,0,XGBoost,0.9999321699142456,6.780315743526444e-05
12977,1,1,XGBoost,7.474422454833984e-05,0.9999252557754517
4465,0,0,XGBoost,0.9998606443405151,0.00013936724280938506
8995,0,0,XGBoost,0.9999213218688965,7.868653483456001e-05
13027,1,1,XGBoost,7.474422454833984e-05,0.9999252557754517
9093,0,0,XGBoost,0.9998822808265686,0.00011772652214858681
2839,0,0,XGBoost,0.9997808337211609,0.00021917482081335038
7730,0,0,XGBoost,0.9998821020126343,0.00011791661381721497
12637,1,1,XGBoost,7.474422454833984e-05,0.9999252557754517
16438,1,1,XGBoost,0.00012814998626708984,0.9998718500137329
3036,0,0,XGBoost,0.9999321699142456,6.780315743526444e-05
2959,0,0,XGBoost,0.9999213218688965,7.868653483456001e-05
4784,0,0,XGBoost,0.9999321699142456,6.780315743526444e-05
11885,1,1,XGBoost,7.474422454833984e-05,0.9999252557754517
10748,1,1,XGBoost,0.00026911497116088867,0.9997308850288391
16990,1,1,XGBoost,0.0001214742660522461,0.9998785257339478
12094,1,1,XGBoost,7.474422454833984e-05,0.9999252557754517
12338,1,1,XGBoost,7.474422454833984e-05,0.9999252557754517
17654,1,1,XGBoost,0.00010275840759277344,0.9998972415924072
2203,0,0,XGBoost,0.9999321699142456,6.780315743526444e-05
18242,1,1,XGBoost,7.474422454833984e-05,0.9999252557754517
13707,1,1,XGBoost,7.474422454833984e-05,0.9999252557754517
12880,1,1,XGBoost,7.474422454833984e-05,0.9999252557754517
17486,1,1,XGBoost,0.0001283884048461914,0.9998716115951538
7935,0,0,XGBoost,0.9999213218688965,7.868653483456001e-05
5387,0,0,XGBoost,0.999886691570282,0.0001133219848270528
7633,0,0,XGBoost,0.9999321699142456,6.780315743526444e-05
10425,1,1,XGBoost,0.00026911497116088867,0.9997308850288391
11,0,0,XGBoost,0.9999321699142456,6.780315743526444e-05
8646,0,0,XGBoost,0.9999321699142456,6.780315743526444e-05
9337,0,0,XGBoost,0.9999321699142456,6.780315743526444e-05
18035,1,1,XGBoost,0.0001214742660522461,0.9998785257339478
15155,1,1,XGBoost,0.00015342235565185547,0.9998465776443481
7208,0,0,XGBoost,0.9999321699142456,6.780315743526444e-05
9533,0,0,XGBoost,0.9999213218688965,7.868653483456001e-05
7340,0,0,XGBoost,0.9999213218688965,7.868653483456001e-05
10054,1,1,XGBoost,7.474422454833984e-05,0.9999252557754517
4748,0,0,XGBoost,0.999921441078186,7.855967851355672e-05
18115,1,1,XGBoost,0.00010275840759277344,0.9998972415924072
8356,0,0,XGBoost,0.9999321699142456,6.780315743526444e-05
18849,1,1,XGBoost,7.474422454833984e-05,0.9999252557754517
830,0,0,XGBoost,0.999921441078186,7.855967851355672e-05
5915,0,0,XGBoost,0.9999198913574219,8.013819751795381e-05
10267,1,1,XGBoost,7.474422454833984e-05,0.9999252557754517
2043,0,0,XGBoost,0.9998385310173035,0.00016147510905284435
15012,1,1,XGBoost,0.00012981891632080078,0.9998701810836792
15194,1,1,XGBoost,0.00013244152069091797,0.9998675584793091
15068,1,1,XGBoost,0.00011205673217773438,0.9998879432678223
7519,0,0,XGBoost,0.9999321699142456,6.780315743526444e-05
2976,0,0,XGBoost,0.999918520450592,8.147976768668741e-05
6136,0,0,XGBoost,0.9999321699142456,6.780315743526444e-05
13860,1,1,XGBoost,7.474422454833984e-05,0.9999252557754517
16069,1,1,XGBoost,0.00012981891632080078,0.9998701810836792
504,0,0,XGBoost,0.9999321699142456,6.780315743526444e-05
10910,1,1,XGBoost,7.474422454833984e-05,0.9999252557754517
995,0,0,XGBoost,0.9998888373374939,0.00011118740803794935
3769,0,0,XGBoost,0.9999071359634399,9.28514200495556e-05
18570,1,1,XGBoost,0.00011205673217773438,0.9998879432678223
7842,0,0,XGBoost,0.9999321699142456,6.780315743526444e-05
16014,1,1,XGBoost,0.00015401840209960938,0.9998459815979004
8776,0,0,XGBoost,0.9999321699142456,6.780315743526444e-05
11370,1,1,XGBoost,7.474422454833984e-05,0.9999252557754517
6882,0,0,XGBoost,0.9997175335884094,0.0002824816037900746
7916,0,0,XGBoost,0.9999321699142456,6.780315743526444e-05
18236,1,1,XGBoost,9.322166442871094e-05,0.9999067783355713
2560,0,0,XGBoost,0.9999321699142456,6.780315743526444e-05
6833,0,0,XGBoost,0.999918520450592,8.147976768668741e-05
17144,1,1,XGBoost,0.0001996159553527832,0.9998003840446472
13971,1,1,XGBoost,0.00010800361633300781,0.999891996383667
12587,1,1,XGBoost,7.474422454833984e-05,0.9999252557754517
4849,0,0,XGBoost,0.9999071359634399,9.28514200495556e-05
4530,0,0,XGBoost,0.9999321699142456,6.780315743526444e-05
18938,1,1,XGBoost,7.474422454833984e-05,0.9999252557754517
11961,1,1,XGBoost,7.474422454833984e-05,0.9999252557754517
5954,0,0,XGBoost,0.9999321699142456,6.780315743526444e-05
12710,1,1,XGBoost,7.474422454833984e-05,0.9999252557754517
5222,0,0,XGBoost,0.9999321699142456,6.780315743526444e-05
10418,1,1,XGBoost,0.00026911497116088867,0.9997308850288391
14638,1,1,XGBoost,0.00012981891632080078,0.9998701810836792
3229,0,0,XGBoost,0.999921441078186,7.855967851355672e-05
778,0,0,XGBoost,0.9999213218688965,7.868653483456001e-05
1734,0,0,XGBoost,0.9999321699142456,6.780315743526444e-05
10241,1,1,XGBoost,7.474422454833984e-05,0.9999252557754517
4869,0,0,XGBoost,0.9999321699142456,6.780315743526444e-05
6469,0,0,XGBoost,0.9999071359634399,9.28514200495556e-05
6019,0,0,XGBoost,0.9998302459716797,0.000169737046235241
9985,0,0,XGBoost,0.9944208860397339,0.005579086486250162
18885,1,1,XGBoost,7.474422454833984e-05,0.9999252557754517
14517,1,1,XGBoost,0.00011205673217773438,0.9998879432678223
6563,0,0,XGBoost,0.9999321699142456,6.780315743526444e-05
9706,0,0,XGBoost,0.9998821020126343,0.00011791661381721497
18174,1,1,XGBoost,0.00011205673217773438,0.9998879432678223
8913,0,0,XGBoost,0.9999321699142456,6.780315743526444e-05
38,0,0,XGBoost,0.9999198913574219,8.013819751795381e-05
13173,1,1,XGBoost,7.474422454833984e-05,0.9999252557754517
11088,1,1,XGBoost,7.474422454833984e-05,0.9999252557754517
671,0,0,XGBoost,0.9999321699142456,6.780315743526444e-05
15839,1,1,XGBoost,7.474422454833984e-05,0.9999252557754517
4330,0,0,XGBoost,0.9999071359634399,9.28514200495556e-05
726,0,0,XGBoost,0.9999070167541504,9.300134843215346e-05
15777,1,1,XGBoost,7.474422454833984e-05,0.9999252557754517
14402,1,1,XGBoost,0.00011205673217773438,0.9998879432678223
19055,1,1,XGBoost,7.474422454833984e-05,0.9999252557754517
11336,1,1,XGBoost,7.474422454833984e-05,0.9999252557754517
9718,0,0,XGBoost,0.9999321699142456,6.780315743526444e-05
16237,1,1,XGBoost,0.00029921531677246094,0.9997007846832275
13174,1,1,XGBoost,7.474422454833984e-05,0.9999252557754517
3417,0,0,XGBoost,0.999886691570282,0.0001133219848270528
18501,1,1,XGBoost,9.322166442871094e-05,0.9999067783355713
2056,0,0,XGBoost,0.9999198913574219,8.013819751795381e-05
12277,1,1,XGBoost,7.474422454833984e-05,0.9999252557754517
11103,1,1,XGBoost,7.474422454833984e-05,0.9999252557754517
15816,1,1,XGBoost,0.00011205673217773438,0.9998879432678223
16300,1,1,XGBoost,0.00011205673217773438,0.9998879432678223
9453,0,0,XGBoost,0.9999321699142456,6.780315743526444e-05
6493,0,0,XGBoost,0.9999213218688965,7.868653483456001e-05
395,0,0,XGBoost,0.9999321699142456,6.780315743526444e-05
14406,1,1,XGBoost,0.00011205673217773438,0.9998879432678223
10714,1,1,XGBoost,7.474422454833984e-05,0.9999252557754517
15222,1,1,XGBoost,0.00013244152069091797,0.9998675584793091
11729,1,1,XGBoost,7.474422454833984e-05,0.9999252557754517
16379,1,1,XGBoost,0.00019627809524536133,0.9998037219047546
6047,0,0,XGBoost,0.999903678894043,9.630267595639452e-05
14430,1,1,XGBoost,0.00012981891632080078,0.9998701810836792
2967,0,0,XGBoost,0.9999321699142456,6.780315743526444e-05
2739,0,0,XGBoost,0.9999198913574219,8.013819751795381e-05
7849,0,0,XGBoost,0.9999321699142456,6.780315743526444e-05
11379,1,1,XGBoost,9.322166442871094e-05,0.9999067783355713
17963,1,1,XGBoost,7.474422454833984e-05,0.9999252557754517
5408,0,0,XGBoost,0.9999321699142456,6.780315743526444e-05
7513,0,0,XGBoost,0.9999321699142456,6.780315743526444e-05
11482,1,1,XGBoost,7.474422454833984e-05,0.9999252557754517
6269,0,0,XGBoost,0.9998888373374939,0.00011118740803794935
15692,1,1,XGBoost,7.474422454833984e-05,0.9999252557754517
12585,1,1,XGBoost,7.474422454833984e-05,0.9999252557754517
11768,1,1,XGBoost,7.474422454833984e-05,0.9999252557754517
2106,0,0,XGBoost,0.999886691570282,0.0001133219848270528
9404,0,0,XGBoost,0.9999321699142456,6.780315743526444e-05
3701,0,0,XGBoost,0.999886691570282,0.0001133219848270528
17716,1,1,XGBoost,7.474422454833984e-05,0.9999252557754517
7832,0,0,XGBoost,0.9999321699142456,6.780315743526444e-05
6819,0,0,XGBoost,0.9996477365493774,0.00035224496969021857
6102,0,0,XGBoost,0.9999198913574219,8.013819751795381e-05
8545,0,0,XGBoost,0.9999321699142456,6.780315743526444e-05
14729,1,1,XGBoost,0.00011205673217773438,0.9998879432678223
4061,0,0,XGBoost,0.9999321699142456,6.780315743526444e-05
17283,1,1,XGBoost,7.474422454833984e-05,0.9999252557754517
18220,1,1,XGBoost,7.474422454833984e-05,0.9999252557754517
7270,0,0,XGBoost,0.9999198913574219,8.013819751795381e-05
5179,0,0,XGBoost,0.9999321699142456,6.780315743526444e-05
15632,1,1,XGBoost,7.474422454833984e-05,0.9999252557754517
17114,1,1,XGBoost,7.474422454833984e-05,0.9999252557754517
13098,1,1,XGBoost,7.474422454833984e-05,0.9999252557754517
9003,0,0,XGBoost,0.9999321699142456,6.780315743526444e-05
18592,1,1,XGBoost,0.00011205673217773438,0.9998879432678223
14202,1,1,XGBoost,0.00011205673217773438,0.9998879432678223
17966,1,1,XGBoost,7.474422454833984e-05,0.9999252557754517
18799,1,1,XGBoost,7.474422454833984e-05,0.9999252557754517
3147,0,0,XGBoost,0.9999198913574219,8.013819751795381e-05
2511,0,0,XGBoost,0.9999321699142456,6.780315743526444e-05
5750,0,0,XGBoost,0.9999213218688965,7.868653483456001e-05
2530,0,0,XGBoost,0.999918520450592,8.147976768668741e-05
2496,0,0,XGBoost,0.9999213218688965,7.868653483456001e-05
4917,0,0,XGBoost,0.9999321699142456,6.780315743526444e-05
4599,0,0,XGBoost,0.999918520450592,8.147976768668741e-05
1291,0,0,XGBoost,0.9999321699142456,6.780315743526444e-05
9492,0,0,XGBoost,0.9999321699142456,6.780315743526444e-05
10490,1,1,XGBoost,0.00026911497116088867,0.9997308850288391
980,0,0,XGBoost,0.9999321699142456,6.780315743526444e-05
16678,1,1,XGBoost,0.00022739171981811523,0.9997726082801819
5495,0,0,XGBoost,0.9997456669807434,0.0002543498412705958
11661,1,1,XGBoost,7.474422454833984e-05,0.9999252557754517
14967,1,1,XGBoost,0.00011205673217773438,0.9998879432678223
17214,1,1,XGBoost,0.0001024007797241211,0.9998975992202759
15132,1,1,XGBoost,0.00018197298049926758,0.9998180270195007
17813,1,1,XGBoost,7.474422454833984e-05,0.9999252557754517
6016,0,0,XGBoost,0.9999198913574219,8.013819751795381e-05
6898,0,0,XGBoost,0.9998821020126343,0.00011791661381721497
12848,1,1,XGBoost,7.474422454833984e-05,0.9999252557754517
1622,0,0,XGBoost,0.9997808337211609,0.00021917482081335038
17033,1,1,XGBoost,8.869171142578125e-05,0.9999113082885742
9151,0,0,XGBoost,0.9999321699142456,6.780315743526444e-05
16449,1,1,XGBoost,0.00018197298049926758,0.9998180270195007
9208,0,0,XGBoost,0.9999321699142456,6.780315743526444e-05
1625,0,0,XGBoost,0.9996477365493774,0.00035224496969021857
775,0,0,XGBoost,0.9999321699142456,6.780315743526444e-05
5122,0,0,XGBoost,0.9998922348022461,0.00010775498230941594
15685,1,1,XGBoost,0.00011205673217773438,0.9998879432678223
4289,0,0,XGBoost,0.9999321699142456,6.780315743526444e-05
12043,1,1,XGBoost,7.474422454833984e-05,0.9999252557754517
12889,1,1,XGBoost,7.474422454833984e-05,0.9999252557754517
13134,1,1,XGBoost,7.474422454833984e-05,0.9999252557754517
8901,0,0,XGBoost,0.9999321699142456,6.780315743526444e-05
7041,0,0,XGBoost,0.9999071359634399,9.28514200495556e-05
9746,0,0,XGBoost,0.9999213218688965,7.868653483456001e-05
8172,0,0,XGBoost,0.9999213218688965,7.868653483456001e-05
6353,0,0,XGBoost,0.9995023012161255,0.0004976805648766458
2838,0,0,XGBoost,0.9998608827590942,0.0001391425757901743
17412,1,1,XGBoost,8.869171142578125e-05,0.9999113082885742
10218,1,1,XGBoost,7.474422454833984e-05,0.9999252557754517
11931,1,1,XGBoost,7.474422454833984e-05,0.9999252557754517
18068,1,1,XGBoost,0.00011086463928222656,0.9998891353607178
7494,0,0,XGBoost,0.9999321699142456,6.780315743526444e-05
2143,0,0,XGBoost,0.9998302459716797,0.000169737046235241
8319,0,0,XGBoost,0.9999321699142456,6.780315743526444e-05
17681,1,1,XGBoost,0.00015175342559814453,0.9998482465744019
2469,0,0,XGBoost,0.9999321699142456,6.780315743526444e-05
2875,0,0,XGBoost,0.9999321699142456,6.780315743526444e-05
154,0,0,XGBoost,0.9998922348022461,0.00010775498230941594
9217,0,0,XGBoost,0.9999321699142456,6.780315743526444e-05
18757,1,1,XGBoost,0.00015342235565185547,0.9998465776443481
14106,1,1,XGBoost,0.00011205673217773438,0.9998879432678223
4729,0,0,XGBoost,0.9998922348022461,0.00010775498230941594
8228,0,0,XGBoost,0.9999321699142456,6.780315743526444e-05
2969,0,0,XGBoost,0.9999321699142456,6.780315743526444e-05
7406,0,0,XGBoost,0.9998608827590942,0.0001391425757901743
4021,0,0,XGBoost,0.9999321699142456,6.780315743526444e-05
12010,1,1,XGBoost,7.474422454833984e-05,0.9999252557754517
11304,1,1,XGBoost,7.474422454833984e-05,0.9999252557754517
12622,1,1,XGBoost,7.474422454833984e-05,0.9999252557754517
8805,0,0,XGBoost,0.9999321699142456,6.780315743526444e-05
9472,0,0,XGBoost,0.9999321699142456,6.780315743526444e-05
6610,0,0,XGBoost,0.9999321699142456,6.780315743526444e-05
10025,1,1,XGBoost,7.474422454833984e-05,0.9999252557754517
15660,1,1,XGBoost,0.00015342235565185547,0.9998465776443481
10785,1,1,XGBoost,7.474422454833984e-05,0.9999252557754517
17511,1,1,XGBoost,7.474422454833984e-05,0.9999252557754517
12756,1,1,XGBoost,7.474422454833984e-05,0.9999252557754517
9919,0,0,XGBoost,0.9999321699142456,6.780315743526444e-05
2779,0,0,XGBoost,0.999886691570282,0.0001133219848270528
9695,0,0,XGBoost,0.9999321699142456,6.780315743526444e-05
12205,1,1,XGBoost,7.474422454833984e-05,0.9999252557754517
7184,0,0,XGBoost,0.9999071359634399,9.28514200495556e-05
3042,0,0,XGBoost,0.9999213218688965,7.868653483456001e-05
4543,0,0,XGBoost,0.9998922348022461,0.00010775498230941594
5293,0,0,XGBoost,0.9999071359634399,9.28514200495556e-05
8577,0,0,XGBoost,0.9999321699142456,6.780315743526444e-05
18400,1,1,XGBoost,0.00011205673217773438,0.9998879432678223
4212,0,0,XGBoost,0.9999198913574219,8.013819751795381e-05
1796,0,0,XGBoost,0.9999321699142456,6.780315743526444e-05
15340,1,1,XGBoost,0.00012981891632080078,0.9998701810836792
16848,1,1,XGBoost,7.474422454833984e-05,0.9999252557754517
3712,0,0,XGBoost,0.9999321699142456,6.780315743526444e-05
13712,1,1,XGBoost,7.474422454833984e-05,0.9999252557754517
3725,0,0,XGBoost,0.9999321699142456,6.780315743526444e-05
18750,1,1,XGBoost,9.322166442871094e-05,0.9999067783355713
9091,0,0,XGBoost,0.9999321699142456,6.780315743526444e-05
4820,0,0,XGBoost,0.9999071359634399,9.28514200495556e-05
7668,0,0,XGBoost,0.9999321699142456,6.780315743526444e-05
2419,0,0,XGBoost,0.9998302459716797,0.000169737046235241
3300,0,0,XGBoost,0.9999321699142456,6.780315743526444e-05
14665,1,1,XGBoost,0.00025218725204467773,0.9997478127479553
4018,0,0,XGBoost,0.9999321699142456,6.780315743526444e-05
6283,0,0,XGBoost,0.9998537302017212,0.00014626173651777208
15372,1,1,XGBoost,0.00011205673217773438,0.9998879432678223
19104,1,1,XGBoost,7.474422454833984e-05,0.9999252557754517
4282,0,0,XGBoost,0.9999213218688965,7.868653483456001e-05
5301,0,0,XGBoost,0.9996477365493774,0.00035224496969021857
18618,1,1,XGBoost,0.00011205673217773438,0.9998879432678223
4612,0,0,XGBoost,0.9999321699142456,6.780315743526444e-05
9353,0,0,XGBoost,0.9999321699142456,6.780315743526444e-05
7490,0,0,XGBoost,0.9998633861541748,0.00013662222772836685
13385,1,1,XGBoost,7.474422454833984e-05,0.9999252557754517
481,0,0,XGBoost,0.999918520450592,8.147976768668741e-05
3241,0,0,XGBoost,0.999918520450592,8.147976768668741e-05
7285,0,0,XGBoost,0.9998633861541748,0.00013662222772836685
17051,1,1,XGBoost,8.666515350341797e-05,0.9999133348464966
18720,1,1,XGBoost,0.00011205673217773438,0.9998879432678223
3072,0,0,XGBoost,0.9999321699142456,6.780315743526444e-05
2156,0,0,XGBoost,0.9999321699142456,6.780315743526444e-05
7901,0,0,XGBoost,0.9999321699142456,6.780315743526444e-05
10108,1,1,XGBoost,7.474422454833984e-05,0.9999252557754517
11526,1,1,XGBoost,7.474422454833984e-05,0.9999252557754517
133,0,0,XGBoost,0.9998302459716797,0.000169737046235241
6976,0,0,XGBoost,0.9999321699142456,6.780315743526444e-05
6766,0,0,XGBoost,0.9998564124107361,0.00014357440522871912
9442,0,0,XGBoost,0.9999321699142456,6.780315743526444e-05
18302,1,1,XGBoost,7.474422454833984e-05,0.9999252557754517
12673,1,1,XGBoost,7.474422454833984e-05,0.9999252557754517
7869,0,0,XGBoost,0.9999321699142456,6.780315743526444e-05
1689,0,0,XGBoost,0.9998685121536255,0.00013151083840057254
16504,1,1,XGBoost,0.00011205673217773438,0.9998879432678223
1980,0,0,XGBoost,0.9999321699142456,6.780315743526444e-05
16945,1,1,XGBoost,0.00015175342559814453,0.9998482465744019
15107,1,1,XGBoost,0.00013077259063720703,0.9998692274093628
16462,1,1,XGBoost,0.00015401840209960938,0.9998459815979004
18356,1,1,XGBoost,7.474422454833984e-05,0.9999252557754517
15998,1,1,XGBoost,0.00018197298049926758,0.9998180270195007
2074,0,0,XGBoost,0.9998419880867004,0.00015803593851160258
16065,1,1,XGBoost,0.00015342235565185547,0.9998465776443481
11377,1,1,XGBoost,7.474422454833984e-05,0.9999252557754517
8633,0,0,XGBoost,0.9999321699142456,6.780315743526444e-05
16425,1,1,XGBoost,0.00022739171981811523,0.9997726082801819
11139,1,1,XGBoost,7.474422454833984e-05,0.9999252557754517
235,0,0,XGBoost,0.9998564124107361,0.00014357440522871912
8795,0,0,XGBoost,0.9999321699142456,6.780315743526444e-05
16878,1,1,XGBoost,7.474422454833984e-05,0.9999252557754517
11409,1,1,XGBoost,7.474422454833984e-05,0.9999252557754517
5592,0,0,XGBoost,0.9999321699142456,6.780315743526444e-05
8669,0,0,XGBoost,0.9999321699142456,6.780315743526444e-05
8322,0,0,XGBoost,0.9999321699142456,6.780315743526444e-05
3174,0,0,XGBoost,0.9999070167541504,9.300134843215346e-05
9033,0,0,XGBoost,0.9999321699142456,6.780315743526444e-05
9728,0,0,XGBoost,0.9999321699142456,6.780315743526444e-05
6863,0,0,XGBoost,0.999921441078186,7.855967851355672e-05
10230,1,1,XGBoost,7.474422454833984e-05,0.9999252557754517
7674,0,0,XGBoost,0.9999213218688965,7.868653483456001e-05
7190,0,0,XGBoost,0.9999321699142456,6.780315743526444e-05
16811,1,1,XGBoost,7.474422454833984e-05,0.9999252557754517
6549,0,0,XGBoost,0.999898374080658,0.00010160774399992079
10377,1,1,XGBoost,7.474422454833984e-05,0.9999252557754517
12517,1,1,XGBoost,7.474422454833984e-05,0.9999252557754517
5243,0,0,XGBoost,0.999898374080658,0.00010160774399992079
8601,0,0,XGBoost,0.9999321699142456,6.780315743526444e-05
13773,1,1,XGBoost,7.474422454833984e-05,0.9999252557754517
5287,0,0,XGBoost,0.999886691570282,0.0001133219848270528
17761,1,1,XGBoost,7.474422454833984e-05,0.9999252557754517
11459,1,1,XGBoost,9.322166442871094e-05,0.9999067783355713
8705,0,0,XGBoost,0.9999321699142456,6.780315743526444e-05
6732,0,0,XGBoost,0.9997649192810059,0.00023507417063228786
1060,0,0,XGBoost,0.9999213218688965,7.868653483456001e-05
9687,0,0,XGBoost,0.9999321699142456,6.780315743526444e-05
6996,0,0,XGBoost,0.999898374080658,0.00010160774399992079
8567,0,0,XGBoost,0.9999321699142456,6.780315743526444e-05
15553,1,1,XGBoost,0.00011205673217773438,0.9998879432678223
6799,0,0,XGBoost,0.9999213218688965,7.868653483456001e-05
16265,1,1,XGBoost,0.00019627809524536133,0.9998037219047546
10378,1,1,XGBoost,7.474422454833984e-05,0.9999252557754517
9213,0,0,XGBoost,0.9999321699142456,6.780315743526444e-05
645,0,0,XGBoost,0.9999321699142456,6.780315743526444e-05
7218,0,0,XGBoost,0.9999321699142456,6.780315743526444e-05
10013,1,1,XGBoost,7.474422454833984e-05,0.9999252557754517
18634,1,1,XGBoost,7.474422454833984e-05,0.9999252557754517
10787,1,1,XGBoost,7.474422454833984e-05,0.9999252557754517
10565,1,1,XGBoost,0.00026911497116088867,0.9997308850288391
1542,0,0,XGBoost,0.9996959567070007,0.0003040269366465509
7455,0,0,XGBoost,0.9999198913574219,8.013819751795381e-05
14661,1,1,XGBoost,0.00011205673217773438,0.9998879432678223
14448,1,1,XGBoost,0.00011205673217773438,0.9998879432678223
14647,1,1,XGBoost,0.00012981891632080078,0.9998701810836792
3472,0,0,XGBoost,0.9998685121536255,0.00013151083840057254
10234,1,1,XGBoost,7.474422454833984e-05,0.9999252557754517
12004,1,1,XGBoost,7.474422454833984e-05,0.9999252557754517
7804,0,0,XGBoost,0.9999321699142456,6.780315743526444e-05
5777,0,0,XGBoost,0.999884843826294,0.00011513400386320427
2433,0,0,XGBoost,0.999921441078186,7.855967851355672e-05
16522,1,1,XGBoost,9.322166442871094e-05,0.9999067783355713
619,0,0,XGBoost,0.9997649192810059,0.00023507417063228786
2733,0,0,XGBoost,0.9999321699142456,6.780315743526444e-05
18739,1,1,XGBoost,0.00011205673217773438,0.9998879432678223
16375,1,1,XGBoost,0.00019162893295288086,0.9998083710670471
8837,0,0,XGBoost,0.9999321699142456,6.780315743526444e-05
16509,1,1,XGBoost,0.00019627809524536133,0.9998037219047546
632,0,0,XGBoost,0.9998798966407776,0.000120091914141085
6542,0,0,XGBoost,0.9999321699142456,6.780315743526444e-05
12508,1,1,XGBoost,7.474422454833984e-05,0.9999252557754517
8849,0,0,XGBoost,0.9999321699142456,6.780315743526444e-05
13758,1,1,XGBoost,7.474422454833984e-05,0.9999252557754517
18231,1,1,XGBoost,7.474422454833984e-05,0.9999252557754517
16293,1,1,XGBoost,0.0001329183578491211,0.9998670816421509
1409,0,0,XGBoost,0.9999321699142456,6.780315743526444e-05
16664,1,1,XGBoost,0.00019627809524536133,0.9998037219047546
1387,0,0,XGBoost,0.9999213218688965,7.868653483456001e-05
10346,1,1,XGBoost,7.474422454833984e-05,0.9999252557754517
1342,0,0,XGBoost,0.9999321699142456,6.780315743526444e-05
5796,0,0,XGBoost,0.9999213218688965,7.868653483456001e-05
1048,0,0,XGBoost,0.9999213218688965,7.868653483456001e-05
6089,0,0,XGBoost,0.9999321699142456,6.780315743526444e-05
14599,1,1,XGBoost,0.00011205673217773438,0.9998879432678223
11271,1,1,XGBoost,7.474422454833984e-05,0.9999252557754517
17193,1,1,XGBoost,0.00010275840759277344,0.9998972415924072
7404,0,0,XGBoost,0.9999321699142456,6.780315743526444e-05
525,0,0,XGBoost,0.9999321699142456,6.780315743526444e-05
716,0,0,XGBoost,0.9999213218688965,7.868653483456001e-05
13336,1,1,XGBoost,7.474422454833984e-05,0.9999252557754517
5188,0,0,XGBoost,0.9998685121536255,0.00013151083840057254
5575,0,0,XGBoost,0.9998419880867004,0.00015803593851160258
5390,0,0,XGBoost,0.999918520450592,8.147976768668741e-05
13475,1,1,XGBoost,7.474422454833984e-05,0.9999252557754517
9347,0,0,XGBoost,0.9998888373374939,0.00011118740803794935
14502,1,1,XGBoost,0.00015342235565185547,0.9998465776443481
15307,1,1,XGBoost,0.00018197298049926758,0.9998180270195007
13955,1,1,XGBoost,0.00011205673217773438,0.9998879432678223
16621,1,1,XGBoost,0.0002117753028869629,0.999788224697113
2125,0,0,XGBoost,0.9999071359634399,9.28514200495556e-05
5541,0,0,XGBoost,0.999918520450592,8.147976768668741e-05
4799,0,0,XGBoost,0.9999321699142456,6.780315743526444e-05
5644,0,0,XGBoost,0.9999321699142456,6.780315743526444e-05
14572,1,1,XGBoost,0.00011205673217773438,0.9998879432678223
17400,1,1,XGBoost,8.869171142578125e-05,0.9999113082885742
2744,0,0,XGBoost,0.9999071359634399,9.28514200495556e-05
13647,1,1,XGBoost,7.474422454833984e-05,0.9999252557754517
15943,1,1,XGBoost,0.00022739171981811523,0.9997726082801819
14713,1,1,XGBoost,0.00011205673217773438,0.9998879432678223
5675,0,0,XGBoost,0.9999321699142456,6.780315743526444e-05
13223,1,1,XGBoost,7.474422454833984e-05,0.9999252557754517
1265,0,0,XGBoost,0.9999213218688965,7.868653483456001e-05
16969,1,1,XGBoost,8.83340835571289e-05,0.9999116659164429
9800,0,0,XGBoost,0.9999321699142456,6.780315743526444e-05
15339,1,1,XGBoost,0.00015342235565185547,0.9998465776443481
12724,1,1,XGBoost,7.474422454833984e-05,0.9999252557754517
14394,1,1,XGBoost,0.00011205673217773438,0.9998879432678223
8989,0,0,XGBoost,0.9999213218688965,7.868653483456001e-05
11739,1,1,XGBoost,7.474422454833984e-05,0.9999252557754517
18270,1,1,XGBoost,0.00011205673217773438,0.9998879432678223
8164,0,0,XGBoost,0.9999321699142456,6.780315743526444e-05
3067,0,0,XGBoost,0.9999213218688965,7.868653483456001e-05
18249,1,1,XGBoost,9.322166442871094e-05,0.9999067783355713
18909,1,1,XGBoost,7.474422454833984e-05,0.9999252557754517
15923,1,1,XGBoost,0.00011205673217773438,0.9998879432678223
14982,1,1,XGBoost,0.00018197298049926758,0.9998180270195007
2975,0,0,XGBoost,0.999898374080658,0.00010160774399992079
8407,0,0,XGBoost,0.9999321699142456,6.780315743526444e-05
16597,1,1,XGBoost,0.00015342235565185547,0.9998465776443481
1854,0,0,XGBoost,0.9999321699142456,6.780315743526444e-05
15072,1,1,XGBoost,0.00018197298049926758,0.9998180270195007
18906,1,1,XGBoost,7.474422454833984e-05,0.9999252557754517
11357,1,1,XGBoost,7.474422454833984e-05,0.9999252557754517
6960,0,0,XGBoost,0.9998302459716797,0.000169737046235241
5895,0,0,XGBoost,0.9999054670333862,9.455823601456359e-05
11673,1,1,XGBoost,7.474422454833984e-05,0.9999252557754517
16475,1,1,XGBoost,0.00018197298049926758,0.9998180270195007
8549,0,0,XGBoost,0.9999321699142456,6.780315743526444e-05
5256,0,0,XGBoost,0.9998608827590942,0.0001391425757901743
14392,1,1,XGBoost,0.0001329183578491211,0.9998670816421509
17012,1,1,XGBoost,0.0001049041748046875,0.9998950958251953
9319,0,0,XGBoost,0.9999321699142456,6.780315743526444e-05
64,0,0,XGBoost,0.9999213218688965,7.868653483456001e-05
17086,1,1,XGBoost,7.474422454833984e-05,0.9999252557754517
11434,1,1,XGBoost,7.474422454833984e-05,0.9999252557754517
822,0,0,XGBoost,0.9999321699142456,6.780315743526444e-05
18594,1,1,XGBoost,9.322166442871094e-05,0.9999067783355713
3376,0,0,XGBoost,0.9998633861541748,0.00013662222772836685
11576,1,1,XGBoost,7.474422454833984e-05,0.9999252557754517
11745,1,1,XGBoost,7.474422454833984e-05,0.9999252557754517
5232,0,0,XGBoost,0.9999070167541504,9.300134843215346e-05
12306,1,1,XGBoost,7.474422454833984e-05,0.9999252557754517
16479,1,1,XGBoost,0.00011205673217773438,0.9998879432678223
10244,1,1,XGBoost,7.474422454833984e-05,0.9999252557754517
18659,1,1,XGBoost,7.474422454833984e-05,0.9999252557754517
3993,0,0,XGBoost,0.9997808337211609,0.00021917482081335038
12798,1,1,XGBoost,7.474422454833984e-05,0.9999252557754517
10402,1,1,XGBoost,0.00026911497116088867,0.9997308850288391
16034,1,1,XGBoost,0.00015342235565185547,0.9998465776443481
18285,1,1,XGBoost,9.322166442871094e-05,0.9999067783355713
12696,1,1,XGBoost,7.474422454833984e-05,0.9999252557754517
15343,1,1,XGBoost,0.00012981891632080078,0.9998701810836792
15711,1,1,XGBoost,0.00011205673217773438,0.9998879432678223
9320,0,0,XGBoost,0.9999321699142456,6.780315743526444e-05
1771,0,0,XGBoost,0.9999198913574219,8.013819751795381e-05
7486,0,0,XGBoost,0.9996477365493774,0.00035224496969021857
16671,1,1,XGBoost,0.00034809112548828125,0.9996519088745117
4426,0,0,XGBoost,0.9999321699142456,6.780315743526444e-05
16331,1,1,XGBoost,0.0002453923225402832,0.9997546076774597
11499,1,1,XGBoost,0.00011205673217773438,0.9998879432678223
12951,1,1,XGBoost,7.474422454833984e-05,0.9999252557754517
9204,0,0,XGBoost,0.9999321699142456,6.780315743526444e-05
12333,1,1,XGBoost,7.474422454833984e-05,0.9999252557754517
1341,0,0,XGBoost,0.9999321699142456,6.780315743526444e-05
13581,1,1,XGBoost,7.474422454833984e-05,0.9999252557754517
14915,1,1,XGBoost,0.00011205673217773438,0.9998879432678223
362,0,0,XGBoost,0.9999321699142456,6.780315743526444e-05
18079,1,1,XGBoost,7.474422454833984e-05,0.9999252557754517
18156,1,1,XGBoost,7.474422454833984e-05,0.9999252557754517
15729,1,1,XGBoost,7.474422454833984e-05,0.9999252557754517
18957,1,1,XGBoost,7.474422454833984e-05,0.9999252557754517
7314,0,0,XGBoost,0.9999321699142456,6.780315743526444e-05
9719,0,0,XGBoost,0.9999213218688965,7.868653483456001e-05
9461,0,0,XGBoost,0.9999321699142456,6.780315743526444e-05
11848,1,1,XGBoost,7.474422454833984e-05,0.9999252557754517
2343,0,0,XGBoost,0.9999321699142456,6.780315743526444e-05
1390,0,0,XGBoost,0.9996477365493774,0.00035224496969021857
6965,0,0,XGBoost,0.9999321699142456,6.780315743526444e-05
11738,1,1,XGBoost,7.474422454833984e-05,0.9999252557754517
2681,0,0,XGBoost,0.9999198913574219,8.013819751795381e-05
16643,1,1,XGBoost,0.00029921531677246094,0.9997007846832275
4261,0,0,XGBoost,0.9999070167541504,9.300134843215346e-05
12111,1,1,XGBoost,7.474422454833984e-05,0.9999252557754517
14169,1,1,XGBoost,0.00011205673217773438,0.9998879432678223
12198,1,1,XGBoost,7.474422454833984e-05,0.9999252557754517
11866,1,1,XGBoost,7.474422454833984e-05,0.9999252557754517
987,0,0,XGBoost,0.9999321699142456,6.780315743526444e-05
12782,1,1,XGBoost,7.474422454833984e-05,0.9999252557754517
16782,1,1,XGBoost,0.00019627809524536133,0.9998037219047546
4242,0,0,XGBoost,0.999921441078186,7.855967851355672e-05
16513,1,1,XGBoost,0.000110626220703125,0.9998893737792969
4930,0,0,XGBoost,0.999886691570282,0.0001133219848270528
14523,1,1,XGBoost,0.00011205673217773438,0.9998879432678223
3854,0,0,XGBoost,0.9999321699142456,6.780315743526444e-05
7657,0,0,XGBoost,0.9999321699142456,6.780315743526444e-05
17390,1,1,XGBoost,8.869171142578125e-05,0.9999113082885742
5468,0,0,XGBoost,0.9999321699142456,6.780315743526444e-05
2048,0,0,XGBoost,0.9999321699142456,6.780315743526444e-05
5772,0,0,XGBoost,0.9998537302017212,0.00014626173651777208
2105,0,0,XGBoost,0.9999213218688965,7.868653483456001e-05
13412,1,1,XGBoost,7.474422454833984e-05,0.9999252557754517
16141,1,1,XGBoost,0.00022739171981811523,0.9997726082801819
15126,1,1,XGBoost,0.00018197298049926758,0.9998180270195007
17663,1,1,XGBoost,7.474422454833984e-05,0.9999252557754517
1301,0,0,XGBoost,0.9999321699142456,6.780315743526444e-05
1887,0,0,XGBoost,0.999886691570282,0.0001133219848270528
6894,0,0,XGBoost,0.999886691570282,0.0001133219848270528
2421,0,0,XGBoost,0.9999321699142456,6.780315743526444e-05
1917,0,0,XGBoost,0.9998685121536255,0.00013151083840057254
4150,0,0,XGBoost,0.9998821020126343,0.00011791661381721497
10053,1,1,XGBoost,7.474422454833984e-05,0.9999252557754517
8278,0,0,XGBoost,0.9999321699142456,6.780315743526444e-05
17250,1,1,XGBoost,0.00012791156768798828,0.999872088432312
15229,1,1,XGBoost,0.00019627809524536133,0.9998037219047546
2590,0,0,XGBoost,0.9999321699142456,6.780315743526444e-05
17135,1,1,XGBoost,7.474422454833984e-05,0.9999252557754517
17724,1,1,XGBoost,8.666515350341797e-05,0.9999133348464966
4158,0,0,XGBoost,0.999886691570282,0.0001133219848270528
17625,1,1,XGBoost,0.00010275840759277344,0.9998972415924072
5560,0,0,XGBoost,0.999903678894043,9.630267595639452e-05
11513,1,1,XGBoost,7.474422454833984e-05,0.9999252557754517
3553,0,0,XGBoost,0.9999321699142456,6.780315743526444e-05
14770,1,1,XGBoost,0.00018197298049926758,0.9998180270195007
14358,1,1,XGBoost,0.00011205673217773438,0.9998879432678223
12817,1,1,XGBoost,7.474422454833984e-05,0.9999252557754517
8219,0,0,XGBoost,0.9999321699142456,6.780315743526444e-05
15747,1,1,XGBoost,0.00011205673217773438,0.9998879432678223
8915,0,0,XGBoost,0.9999321699142456,6.780315743526444e-05
11501,1,1,XGBoost,7.474422454833984e-05,0.9999252557754517
5083,0,0,XGBoost,0.9997175335884094,0.0002824816037900746
7059,0,0,XGBoost,0.9999054670333862,9.455823601456359e-05
4199,0,0,XGBoost,0.999898374080658,0.00010160774399992079
5280,0,0,XGBoost,0.9998633861541748,0.00013662222772836685
14308,1,1,XGBoost,0.00011205673217773438,0.9998879432678223
8591,0,0,XGBoost,0.9999213218688965,7.868653483456001e-05
10095,1,1,XGBoost,7.474422454833984e-05,0.9999252557754517
7029,0,0,XGBoost,0.9999071359634399,9.28514200495556e-05
9020,0,0,XGBoost,0.9999321699142456,6.780315743526444e-05
16191,1,1,XGBoost,0.00018197298049926758,0.9998180270195007
12103,1,1,XGBoost,7.474422454833984e-05,0.9999252557754517
10258,1,1,XGBoost,7.474422454833984e-05,0.9999252557754517
5240,0,0,XGBoost,0.9999213218688965,7.868653483456001e-05
2849,0,0,XGBoost,0.9998685121536255,0.00013151083840057254
17678,1,1,XGBoost,0.00010824203491210938,0.9998917579650879
3810,0,0,XGBoost,0.9998798966407776,0.000120091914141085
16845,1,1,XGBoost,8.869171142578125e-05,0.9999113082885742
11882,1,1,XGBoost,7.474422454833984e-05,0.9999252557754517
5490,0,0,XGBoost,0.9998302459716797,0.000169737046235241
2551,0,0,XGBoost,0.9999321699142456,6.780315743526444e-05
4892,0,0,XGBoost,0.9999321699142456,6.780315743526444e-05
1308,0,0,XGBoost,0.9998564124107361,0.00014357440522871912
3584,0,0,XGBoost,0.9999321699142456,6.780315743526444e-05
1000,0,0,XGBoost,0.9999321699142456,6.780315743526444e-05
12927,1,1,XGBoost,7.474422454833984e-05,0.9999252557754517
3028,0,0,XGBoost,0.9998821020126343,0.00011791661381721497
9836,0,0,XGBoost,0.9999213218688965,7.868653483456001e-05
10642,1,1,XGBoost,0.00016891956329345703,0.9998310804367065
18975,1,1,XGBoost,7.474422454833984e-05,0.9999252557754517
13029,1,1,XGBoost,7.474422454833984e-05,0.9999252557754517
3594,0,0,XGBoost,0.9999213218688965,7.868653483456001e-05
18043,1,1,XGBoost,0.0001310110092163086,0.9998689889907837
11105,1,1,XGBoost,7.474422454833984e-05,0.9999252557754517
17240,1,1,XGBoost,0.00015175342559814453,0.9998482465744019
10825,1,1,XGBoost,7.474422454833984e-05,0.9999252557754517
9670,0,0,XGBoost,0.9999321699142456,6.780315743526444e-05
1648,0,0,XGBoost,0.9999321699142456,6.780315743526444e-05
8162,0,0,XGBoost,0.9999321699142456,6.780315743526444e-05
5855,0,0,XGBoost,0.9999213218688965,7.868653483456001e-05
9240,0,0,XGBoost,0.9999213218688965,7.868653483456001e-05
7673,0,0,XGBoost,0.999918520450592,8.147976768668741e-05
10280,1,1,XGBoost,7.474422454833984e-05,0.9999252557754517
11948,1,1,XGBoost,7.474422454833984e-05,0.9999252557754517
6327,0,0,XGBoost,0.999886691570282,0.0001133219848270528
11408,1,1,XGBoost,9.322166442871094e-05,0.9999067783355713
9007,0,0,XGBoost,0.9999321699142456,6.780315743526444e-05
16080,1,1,XGBoost,0.00022739171981811523,0.9997726082801819
2541,0,0,XGBoost,0.9999321699142456,6.780315743526444e-05
11063,1,1,XGBoost,7.474422454833984e-05,0.9999252557754517
74,0,0,XGBoost,0.9999321699142456,6.780315743526444e-05
9692,0,0,XGBoost,0.9999321699142456,6.780315743526444e-05
1571,0,0,XGBoost,0.9998922348022461,0.00010775498230941594
13551,1,1,XGBoost,7.474422454833984e-05,0.9999252557754517
1646,0,0,XGBoost,0.999886691570282,0.0001133219848270528
10700,1,1,XGBoost,0.00016891956329345703,0.9998310804367065
10582,1,1,XGBoost,0.00026911497116088867,0.9997308850288391
6668,0,0,XGBoost,0.999898374080658,0.00010160774399992079
14999,1,1,XGBoost,0.00019162893295288086,0.9998083710670471
2961,0,0,XGBoost,0.9999321699142456,6.780315743526444e-05
15109,1,1,XGBoost,0.0001571178436279297,0.9998428821563721
6012,0,0,XGBoost,0.9999071359634399,9.28514200495556e-05
18987,1,1,XGBoost,7.474422454833984e-05,0.9999252557754517
16674,1,1,XGBoost,0.0001571178436279297,0.9998428821563721
6359,0,0,XGBoost,0.9998029470443726,0.00019707187311723828
405,0,0,XGBoost,0.9999321699142456,6.780315743526444e-05
19084,1,1,XGBoost,7.474422454833984e-05,0.9999252557754517
15052,1,1,XGBoost,0.0001329183578491211,0.9998670816421509
16910,1,1,XGBoost,0.0001024007797241211,0.9998975992202759
8415,0,0,XGBoost,0.9999321699142456,6.780315743526444e-05
17930,1,1,XGBoost,7.474422454833984e-05,0.9999252557754517
15679,1,1,XGBoost,0.00011205673217773438,0.9998879432678223
12853,1,1,XGBoost,7.474422454833984e-05,0.9999252557754517
16205,1,1,XGBoost,0.00020688772201538086,0.9997931122779846
13383,1,1,XGBoost,7.474422454833984e-05,0.9999252557754517
5655,0,0,XGBoost,0.9999321699142456,6.780315743526444e-05
11229,1,1,XGBoost,7.474422454833984e-05,0.9999252557754517
13808,1,1,XGBoost,7.474422454833984e-05,0.9999252557754517
1619,0,0,XGBoost,0.9999321699142456,6.780315743526444e-05
9539,0,0,XGBoost,0.9999213218688965,7.868653483456001e-05
10711,1,1,XGBoost,0.00026911497116088867,0.9997308850288391
10698,1,1,XGBoost,0.00026911497116088867,0.9997308850288391
3462,0,0,XGBoost,0.999921441078186,7.855967851355672e-05
7215,0,0,XGBoost,0.9999321699142456,6.780315743526444e-05
16862,1,1,XGBoost,0.0001214742660522461,0.9998785257339478
876,0,0,XGBoost,0.9999321699142456,6.780315743526444e-05
2891,0,0,XGBoost,0.9999321699142456,6.780315743526444e-05
17988,1,1,XGBoost,8.666515350341797e-05,0.9999133348464966
6467,0,0,XGBoost,0.999918520450592,8.147976768668741e-05
9870,0,0,XGBoost,0.9999321699142456,6.780315743526444e-05
832,0,0,XGBoost,0.9999213218688965,7.868653483456001e-05
10014,1,1,XGBoost,7.474422454833984e-05,0.9999252557754517
1,0,0,XGBoost,0.9998705387115479,0.00012948924268130213
6644,0,0,XGBoost,0.9999321699142456,6.780315743526444e-05
6097,0,0,XGBoost,0.9998302459716797,0.000169737046235241
922,0,0,XGBoost,0.9999071359634399,9.28514200495556e-05
5811,0,0,XGBoost,0.9999070167541504,9.300134843215346e-05
13021,1,1,XGBoost,7.474422454833984e-05,0.9999252557754517
11746,1,1,XGBoost,7.474422454833984e-05,0.9999252557754517
7777,0,0,XGBoost,0.9999321699142456,6.780315743526444e-05
8413,0,0,XGBoost,0.9999321699142456,6.780315743526444e-05
6588,0,0,XGBoost,0.9999321699142456,6.780315743526444e-05
10912,1,1,XGBoost,7.474422454833984e-05,0.9999252557754517
16472,1,1,XGBoost,0.00018197298049926758,0.9998180270195007
1306,0,0,XGBoost,0.9999213218688965,7.868653483456001e-05
7009,0,0,XGBoost,0.9999321699142456,6.780315743526444e-05
2708,0,0,XGBoost,0.9999321699142456,6.780315743526444e-05
9943,0,0,XGBoost,0.9935311079025269,0.0064688934944570065
17604,1,1,XGBoost,7.474422454833984e-05,0.9999252557754517
12605,1,1,XGBoost,7.474422454833984e-05,0.9999252557754517
6166,0,0,XGBoost,0.9999071359634399,9.28514200495556e-05
2878,0,0,XGBoost,0.999921441078186,7.855967851355672e-05
11239,1,1,XGBoost,7.474422454833984e-05,0.9999252557754517
15001,1,1,XGBoost,0.00011205673217773438,0.9998879432678223
10728,1,1,XGBoost,0.00026911497116088867,0.9997308850288391
18196,1,1,XGBoost,9.322166442871094e-05,0.9999067783355713
7174,0,0,XGBoost,0.9999321699142456,6.780315743526444e-05
14747,1,1,XGBoost,0.00012981891632080078,0.9998701810836792
17536,1,1,XGBoost,7.474422454833984e-05,0.9999252557754517
7069,0,0,XGBoost,0.9999070167541504,9.300134843215346e-05
12912,1,1,XGBoost,7.474422454833984e-05,0.9999252557754517
17050,1,1,XGBoost,0.0001214742660522461,0.9998785257339478
2475,0,0,XGBoost,0.9999321699142456,6.780315743526444e-05
8207,0,0,XGBoost,0.9999321699142456,6.780315743526444e-05
17090,1,1,XGBoost,7.474422454833984e-05,0.9999252557754517
14063,1,1,XGBoost,0.00012981891632080078,0.9998701810836792
5797,0,0,XGBoost,0.9999070167541504,9.300134843215346e-05
19128,1,1,XGBoost,7.474422454833984e-05,0.9999252557754517
17371,1,1,XGBoost,8.869171142578125e-05,0.9999113082885742
94,0,0,XGBoost,0.9998336434364319,0.00016634954954497516
6609,0,0,XGBoost,0.9998685121536255,0.00013151083840057254
261,0,0,XGBoost,0.9999321699142456,6.780315743526444e-05
11040,1,1,XGBoost,7.474422454833984e-05,0.9999252557754517
4895,0,0,XGBoost,0.9998821020126343,0.00011791661381721497
5776,0,0,XGBoost,0.9999321699142456,6.780315743526444e-05
18641,1,1,XGBoost,7.474422454833984e-05,0.9999252557754517
10487,1,1,XGBoost,0.00026911497116088867,0.9997308850288391
17163,1,1,XGBoost,7.474422454833984e-05,0.9999252557754517
17373,1,1,XGBoost,0.00010275840759277344,0.9998972415924072
9629,0,0,XGBoost,0.9999321699142456,6.780315743526444e-05
2265,0,0,XGBoost,0.9999321699142456,6.780315743526444e-05
8623,0,0,XGBoost,0.9999321699142456,6.780315743526444e-05
12825,1,1,XGBoost,7.474422454833984e-05,0.9999252557754517
10828,1,1,XGBoost,7.474422454833984e-05,0.9999252557754517
10772,1,1,XGBoost,7.474422454833984e-05,0.9999252557754517
2568,0,0,XGBoost,0.9996406435966492,0.0003593799483496696
9488,0,0,XGBoost,0.9999321699142456,6.780315743526444e-05
9639,0,0,XGBoost,0.9999321699142456,6.780315743526444e-05
2914,0,0,XGBoost,0.999898374080658,0.00010160774399992079
15315,1,1,XGBoost,0.00011205673217773438,0.9998879432678223
4225,0,0,XGBoost,0.9999321699142456,6.780315743526444e-05
3486,0,0,XGBoost,0.9999321699142456,6.780315743526444e-05
6787,0,0,XGBoost,0.9998608827590942,0.0001391425757901743
7437,0,0,XGBoost,0.9999321699142456,6.780315743526444e-05
10142,1,1,XGBoost,7.474422454833984e-05,0.9999252557754517
10416,1,1,XGBoost,0.00026911497116088867,0.9997308850288391
17398,1,1,XGBoost,8.666515350341797e-05,0.9999133348464966
14451,1,1,XGBoost,0.00011205673217773438,0.9998879432678223
3419,0,0,XGBoost,0.9999321699142456,6.780315743526444e-05
5726,0,0,XGBoost,0.999898374080658,0.00010160774399992079
12950,1,1,XGBoost,7.474422454833984e-05,0.9999252557754517
18254,1,1,XGBoost,7.474422454833984e-05,0.9999252557754517
16417,1,1,XGBoost,0.0001310110092163086,0.9998689889907837
4425,0,0,XGBoost,0.9999321699142456,6.780315743526444e-05
14216,1,1,XGBoost,0.00011205673217773438,0.9998879432678223
18223,1,1,XGBoost,7.474422454833984e-05,0.9999252557754517
12747,1,1,XGBoost,7.474422454833984e-05,0.9999252557754517
5881,0,0,XGBoost,0.999921441078186,7.855967851355672e-05
12261,1,1,XGBoost,7.474422454833984e-05,0.9999252557754517
1380,0,0,XGBoost,0.9999213218688965,7.868653483456001e-05
10175,1,1,XGBoost,7.474422454833984e-05,0.9999252557754517
17916,1,1,XGBoost,7.474422454833984e-05,0.9999252557754517
17800,1,1,XGBoost,7.474422454833984e-05,0.9999252557754517
17795,1,1,XGBoost,7.474422454833984e-05,0.9999252557754517
5005,0,0,XGBoost,0.9999321699142456,6.780315743526444e-05
7904,0,0,XGBoost,0.9999321699142456,6.780315743526444e-05
17330,1,1,XGBoost,0.00010275840759277344,0.9998972415924072
7140,0,0,XGBoost,0.9999321699142456,6.780315743526444e-05
16298,1,1,XGBoost,0.00018197298049926758,0.9998180270195007
2120,0,0,XGBoost,0.9997974634170532,0.00020256469724699855
14138,1,1,XGBoost,0.00011205673217773438,0.9998879432678223
12556,1,1,XGBoost,7.474422454833984e-05,0.9999252557754517
2336,0,0,XGBoost,0.9999070167541504,9.300134843215346e-05
804,0,0,XGBoost,0.9999213218688965,7.868653483456001e-05
11651,1,1,XGBoost,7.474422454833984e-05,0.9999252557754517
12371,1,1,XGBoost,7.474422454833984e-05,0.9999252557754517
13468,1,1,XGBoost,7.474422454833984e-05,0.9999252557754517
12775,1,1,XGBoost,7.474422454833984e-05,0.9999252557754517
10222,1,1,XGBoost,7.474422454833984e-05,0.9999252557754517
16145,1,1,XGBoost,0.00025218725204467773,0.9997478127479553
3863,0,0,XGBoost,0.999886691570282,0.0001133219848270528
17199,1,1,XGBoost,7.474422454833984e-05,0.9999252557754517
6949,0,0,XGBoost,0.9999321699142456,6.780315743526444e-05
4468,0,0,XGBoost,0.9998638033866882,0.00013617896183859557
6585,0,0,XGBoost,0.9999321699142456,6.780315743526444e-05
1481,0,0,XGBoost,0.9999321699142456,6.780315743526444e-05
8702,0,0,XGBoost,0.9999321699142456,6.780315743526444e-05
15624,1,1,XGBoost,7.474422454833984e-05,0.9999252557754517
4725,0,0,XGBoost,0.9999321699142456,6.780315743526444e-05
8662,0,0,XGBoost,0.9999321699142456,6.780315743526444e-05
10488,1,1,XGBoost,0.00026911497116088867,0.9997308850288391
3713,0,0,XGBoost,0.9999021887779236,9.780620894161984e-05
17588,1,1,XGBoost,7.474422454833984e-05,0.9999252557754517
13530,1,1,XGBoost,7.474422454833984e-05,0.9999252557754517
15289,1,1,XGBoost,0.00019162893295288086,0.9998083710670471
6892,0,0,XGBoost,0.9998301863670349,0.00016981700900942087
4904,0,0,XGBoost,0.9999071359634399,9.28514200495556e-05
12937,1,1,XGBoost,7.474422454833984e-05,0.9999252557754517
600,0,0,XGBoost,0.9999321699142456,6.780315743526444e-05
9299,0,0,XGBoost,0.9999321699142456,6.780315743526444e-05
4227,0,0,XGBoost,0.9999321699142456,6.780315743526444e-05
14221,1,1,XGBoost,0.00011205673217773438,0.9998879432678223
364,0,0,XGBoost,0.9999321699142456,6.780315743526444e-05
12499,1,1,XGBoost,7.474422454833984e-05,0.9999252557754517
17586,1,1,XGBoost,7.474422454833984e-05,0.9999252557754517
15280,1,1,XGBoost,0.00011205673217773438,0.9998879432678223
3687,0,0,XGBoost,0.9998301863670349,0.00016981700900942087
11083,1,1,XGBoost,7.474422454833984e-05,0.9999252557754517
9494,0,0,XGBoost,0.9999213218688965,7.868653483456001e-05
16712,1,1,XGBoost,0.00018197298049926758,0.9998180270195007
7686,0,0,XGBoost,0.9999321699142456,6.780315743526444e-05
7634,0,0,XGBoost,0.9999213218688965,7.868653483456001e-05
8110,0,0,XGBoost,0.9999321699142456,6.780315743526444e-05
6031,0,0,XGBoost,0.9999054670333862,9.455823601456359e-05
8790,0,0,XGBoost,0.9999321699142456,6.780315743526444e-05
6530,0,0,XGBoost,0.9999213218688965,7.868653483456001e-05
5539,0,0,XGBoost,0.9999321699142456,6.780315743526444e-05
15455,1,1,XGBoost,0.00011205673217773438,0.9998879432678223
8627,0,0,XGBoost,0.9999321699142456,6.780315743526444e-05
16784,1,1,XGBoost,0.00018197298049926758,0.9998180270195007
9109,0,0,XGBoost,0.9999321699142456,6.780315743526444e-05
18067,1,1,XGBoost,0.00010275840759277344,0.9998972415924072
18154,1,1,XGBoost,9.322166442871094e-05,0.9999067783355713
6694,0,0,XGBoost,0.9997175335884094,0.0002824816037900746
10446,1,1,XGBoost,0.00026911497116088867,0.9997308850288391
11398,1,1,XGBoost,7.474422454833984e-05,0.9999252557754517
988,0,0,XGBoost,0.9999071359634399,9.28514200495556e-05
3900,0,0,XGBoost,0.9998685717582703,0.0001314140681643039
8919,0,0,XGBoost,0.9999321699142456,6.780315743526444e-05
6709,0,0,XGBoost,0.9999071359634399,9.28514200495556e-05
18148,1,1,XGBoost,7.474422454833984e-05,0.9999252557754517
8445,0,0,XGBoost,0.9999213218688965,7.868653483456001e-05
6852,0,0,XGBoost,0.9999198913574219,8.013819751795381e-05
5699,0,0,XGBoost,0.999886691570282,0.0001133219848270528
18769,1,1,XGBoost,9.322166442871094e-05,0.9999067783355713
10620,1,1,XGBoost,0.0001996159553527832,0.9998003840446472
8175,0,0,XGBoost,0.9999321699142456,6.780315743526444e-05
2050,0,0,XGBoost,0.9999198913574219,8.013819751795381e-05
17404,1,1,XGBoost,0.00010275840759277344,0.9998972415924072
17809,1,1,XGBoost,0.00010275840759277344,0.9998972415924072
15277,1,1,XGBoost,0.00012981891632080078,0.9998701810836792
13483,1,1,XGBoost,7.474422454833984e-05,0.9999252557754517
14006,1,1,XGBoost,0.00011205673217773438,0.9998879432678223
16571,1,1,XGBoost,0.00011205673217773438,0.9998879432678223
13760,1,1,XGBoost,7.474422454833984e-05,0.9999252557754517
545,0,0,XGBoost,0.9998537302017212,0.00014626173651777208
968,0,0,XGBoost,0.9999070167541504,9.300134843215346e-05
14636,1,1,XGBoost,0.00011205673217773438,0.9998879432678223
7622,0,0,XGBoost,0.9999321699142456,6.780315743526444e-05
341,0,0,XGBoost,0.9996477365493774,0.00035224496969021857
4931,0,0,XGBoost,0.9999321699142456,6.780315743526444e-05
12095,1,1,XGBoost,7.474422454833984e-05,0.9999252557754517
5161,0,0,XGBoost,0.9999321699142456,6.780315743526444e-05
1931,0,0,XGBoost,0.9999213218688965,7.868653483456001e-05
1154,0,0,XGBoost,0.9999213218688965,7.868653483456001e-05
9,0,0,XGBoost,0.9999321699142456,6.780315743526444e-05
16038,1,1,XGBoost,0.00019627809524536133,0.9998037219047546
3330,0,0,XGBoost,0.9999321699142456,6.780315743526444e-05
5352,0,0,XGBoost,0.9998821020126343,0.00011791661381721497
10557,1,1,XGBoost,0.00026911497116088867,0.9997308850288391
5997,0,0,XGBoost,0.9999070167541504,9.300134843215346e-05
17576,1,1,XGBoost,0.0001214742660522461,0.9998785257339478
11716,1,1,XGBoost,7.474422454833984e-05,0.9999252557754517
6614,0,0,XGBoost,0.9999071359634399,9.28514200495556e-05
12935,1,1,XGBoost,7.474422454833984e-05,0.9999252557754517
4255,0,0,XGBoost,0.9999321699142456,6.780315743526444e-05
8755,0,0,XGBoost,0.9999321699142456,6.780315743526444e-05
3223,0,0,XGBoost,0.9999321699142456,6.780315743526444e-05
11124,1,1,XGBoost,7.474422454833984e-05,0.9999252557754517
4278,0,0,XGBoost,0.9999321699142456,6.780315743526444e-05
14763,1,1,XGBoost,0.00011205673217773438,0.9998879432678223
15250,1,1,XGBoost,0.0001571178436279297,0.9998428821563721
18463,1,1,XGBoost,7.474422454833984e-05,0.9999252557754517
1742,0,0,XGBoost,0.9999321699142456,6.780315743526444e-05
1998,0,0,XGBoost,0.9999321699142456,6.780315743526444e-05
6439,0,0,XGBoost,0.9998821020126343,0.00011791661381721497
10885,1,1,XGBoost,7.474422454833984e-05,0.9999252557754517
18475,1,1,XGBoost,7.474422454833984e-05,0.9999252557754517
3086,0,0,XGBoost,0.9999321699142456,6.780315743526444e-05
10588,1,1,XGBoost,0.00016891956329345703,0.9998310804367065
17150,1,1,XGBoost,7.474422454833984e-05,0.9999252557754517
4036,0,0,XGBoost,0.9999321699142456,6.780315743526444e-05
18621,1,1,XGBoost,0.00011205673217773438,0.9998879432678223
482,0,0,XGBoost,0.9999213218688965,7.868653483456001e-05
5031,0,0,XGBoost,0.9999213218688965,7.868653483456001e-05
1766,0,0,XGBoost,0.9999321699142456,6.780315743526444e-05
9336,0,0,XGBoost,0.9999321699142456,6.780315743526444e-05
12207,1,1,XGBoost,7.474422454833984e-05,0.9999252557754517
11042,1,1,XGBoost,7.474422454833984e-05,0.9999252557754517
9543,0,0,XGBoost,0.9999321699142456,6.780315743526444e-05
8306,0,0,XGBoost,0.9998822808265686,0.00011772652214858681
11888,1,1,XGBoost,7.474422454833984e-05,0.9999252557754517
8032,0,0,XGBoost,0.9999321699142456,6.780315743526444e-05
9803,0,0,XGBoost,0.9999321699142456,6.780315743526444e-05
16601,1,1,XGBoost,0.0001214742660522461,0.9998785257339478
3224,0,0,XGBoost,0.9997808337211609,0.00021917482081335038
7555,0,0,XGBoost,0.9999321699142456,6.780315743526444e-05
12563,1,1,XGBoost,7.474422454833984e-05,0.9999252557754517
4887,0,0,XGBoost,0.9999213218688965,7.868653483456001e-05
7996,0,0,XGBoost,0.9999321699142456,6.780315743526444e-05
661,0,0,XGBoost,0.9999321699142456,6.780315743526444e-05
10820,1,1,XGBoost,7.474422454833984e-05,0.9999252557754517
6665,0,0,XGBoost,0.999918520450592,8.147976768668741e-05
16119,1,1,XGBoost,0.00022739171981811523,0.9997726082801819
4524,0,0,XGBoost,0.999886691570282,0.0001133219848270528
8010,0,0,XGBoost,0.9999321699142456,6.780315743526444e-05
12484,1,1,XGBoost,7.474422454833984e-05,0.9999252557754517
12994,1,1,XGBoost,7.474422454833984e-05,0.9999252557754517
2113,0,0,XGBoost,0.999886691570282,0.0001133219848270528
7124,0,0,XGBoost,0.9998705387115479,0.00012948924268130213
14318,1,1,XGBoost,0.00011205673217773438,0.9998879432678223
15988,1,1,XGBoost,0.00015401840209960938,0.9998459815979004
18645,1,1,XGBoost,0.00011205673217773438,0.9998879432678223
6303,0,0,XGBoost,0.9999198913574219,8.013819751795381e-05
17429,1,1,XGBoost,0.00010275840759277344,0.9998972415924072
16987,1,1,XGBoost,0.00010275840759277344,0.9998972415924072
4790,0,0,XGBoost,0.999886691570282,0.0001133219848270528
9975,0,0,XGBoost,0.9944208860397339,0.005579086486250162
6807,0,0,XGBoost,0.9999071359634399,9.28514200495556e-05
12691,1,1,XGBoost,7.474422454833984e-05,0.9999252557754517
17029,1,1,XGBoost,7.474422454833984e-05,0.9999252557754517
16456,1,1,XGBoost,0.00022739171981811523,0.9997726082801819
10803,1,1,XGBoost,7.474422454833984e-05,0.9999252557754517
3972,0,0,XGBoost,0.9999321699142456,6.780315743526444e-05
2852,0,0,XGBoost,0.9999321699142456,6.780315743526444e-05
13706,1,1,XGBoost,7.474422454833984e-05,0.9999252557754517
8862,0,0,XGBoost,0.9999321699142456,6.780315743526444e-05
5645,0,0,XGBoost,0.9998824596405029,0.00011753403668990359
5864,0,0,XGBoost,0.999918520450592,8.147976768668741e-05
11831,1,1,XGBoost,7.474422454833984e-05,0.9999252557754517
707,0,0,XGBoost,0.999921441078186,7.855967851355672e-05
5238,0,0,XGBoost,0.9999071359634399,9.28514200495556e-05
5619,0,0,XGBoost,0.9997960329055786,0.00020397061598487198
574,0,0,XGBoost,0.999898374080658,0.00010160774399992079
14011,1,1,XGBoost,0.00015342235565185547,0.9998465776443481
13259,1,1,XGBoost,7.474422454833984e-05,0.9999252557754517
15049,1,1,XGBoost,0.00011205673217773438,0.9998879432678223
14730,1,1,XGBoost,0.00011205673217773438,0.9998879432678223
14817,1,1,XGBoost,0.00011205673217773438,0.9998879432678223
5068,0,0,XGBoost,0.999886691570282,0.0001133219848270528
8173,0,0,XGBoost,0.9999321699142456,6.780315743526444e-05
3138,0,0,XGBoost,0.9999071359634399,9.28514200495556e-05
2811,0,0,XGBoost,0.999921441078186,7.855967851355672e-05
17602,1,1,XGBoost,7.474422454833984e-05,0.9999252557754517
8955,0,0,XGBoost,0.9999321699142456,6.780315743526444e-05
15534,1,1,XGBoost,7.474422454833984e-05,0.9999252557754517
18978,1,1,XGBoost,7.474422454833984e-05,0.9999252557754517
16157,1,1,XGBoost,0.00011205673217773438,0.9998879432678223
11221,1,1,XGBoost,7.474422454833984e-05,0.9999252557754517
14867,1,1,XGBoost,0.00011205673217773438,0.9998879432678223
7022,0,0,XGBoost,0.9999321699142456,6.780315743526444e-05
1484,0,0,XGBoost,0.999886691570282,0.0001133219848270528
18117,1,1,XGBoost,0.00010275840759277344,0.9998972415924072
4223,0,0,XGBoost,0.9999321699142456,6.780315743526444e-05
2472,0,0,XGBoost,0.9998328685760498,0.00016712794604245573
15989,1,1,XGBoost,0.00015401840209960938,0.9998459815979004
17821,1,1,XGBoost,7.474422454833984e-05,0.9999252557754517
7114,0,0,XGBoost,0.9999321699142456,6.780315743526444e-05
15115,1,1,XGBoost,0.00011205673217773438,0.9998879432678223
14139,1,1,XGBoost,0.00011205673217773438,0.9998879432678223
11402,1,1,XGBoost,7.474422454833984e-05,0.9999252557754517
2289,0,0,XGBoost,0.9998685121536255,0.00013151083840057254
13761,1,1,XGBoost,7.474422454833984e-05,0.9999252557754517
933,0,0,XGBoost,0.999921441078186,7.855967851355672e-05
5109,0,0,XGBoost,0.999918520450592,8.147976768668741e-05
13942,1,1,XGBoost,7.474422454833984e-05,0.9999252557754517
18649,1,1,XGBoost,9.322166442871094e-05,0.9999067783355713
9627,0,0,XGBoost,0.9999213218688965,7.868653483456001e-05
18988,1,1,XGBoost,7.474422454833984e-05,0.9999252557754517
2033,0,0,XGBoost,0.999921441078186,7.855967851355672e-05
13207,1,1,XGBoost,7.474422454833984e-05,0.9999252557754517
105,0,0,XGBoost,0.9999321699142456,6.780315743526444e-05
10525,1,1,XGBoost,0.00026911497116088867,0.9997308850288391
9721,0,0,XGBoost,0.9999321699142456,6.780315743526444e-05
5636,0,0,XGBoost,0.9997456669807434,0.0002543498412705958
9009,0,0,XGBoost,0.9999321699142456,6.780315743526444e-05
14544,1,1,XGBoost,0.00015342235565185547,0.9998465776443481
5435,0,0,XGBoost,0.9999321699142456,6.780315743526444e-05
5320,0,0,XGBoost,0.9999213218688965,7.868653483456001e-05
537,0,0,XGBoost,0.9999071359634399,9.28514200495556e-05
15889,1,1,XGBoost,7.474422454833984e-05,0.9999252557754517
16706,1,1,XGBoost,0.00029921531677246094,0.9997007846832275
14911,1,1,XGBoost,0.00015342235565185547,0.9998465776443481
7595,0,0,XGBoost,0.9999321699142456,6.780315743526444e-05
8073,0,0,XGBoost,0.9999321699142456,6.780315743526444e-05
10330,1,1,XGBoost,7.474422454833984e-05,0.9999252557754517
54,0,0,XGBoost,0.9999198913574219,8.013819751795381e-05
13532,1,1,XGBoost,7.474422454833984e-05,0.9999252557754517
16794,1,1,XGBoost,0.0001571178436279297,0.9998428821563721
9974,0,0,XGBoost,0.9944208860397339,0.005579086486250162
5450,0,0,XGBoost,0.9996477365493774,0.00035224496969021857
3556,0,0,XGBoost,0.9999198913574219,8.013819751795381e-05
5600,0,0,XGBoost,0.9999321699142456,6.780315743526444e-05
17878,1,1,XGBoost,0.0001214742660522461,0.9998785257339478
10586,1,1,XGBoost,0.00026911497116088867,0.9997308850288391
18095,1,1,XGBoost,9.34600830078125e-05,0.9999065399169922
9622,0,0,XGBoost,0.9999321699142456,6.780315743526444e-05
1636,0,0,XGBoost,0.9998798966407776,0.000120091914141085
10215,1,1,XGBoost,7.474422454833984e-05,0.9999252557754517
5415,0,0,XGBoost,0.9999213218688965,7.868653483456001e-05
153,0,0,XGBoost,0.9999213218688965,7.868653483456001e-05
954,0,0,XGBoost,0.9995023012161255,0.0004976805648766458
7694,0,0,XGBoost,0.9999321699142456,6.780315743526444e-05
4000,0,0,XGBoost,0.9998882412910461,0.0001117601350415498
3549,0,0,XGBoost,0.9998537302017212,0.00014626173651777208
16961,1,1,XGBoost,7.474422454833984e-05,0.9999252557754517
15423,1,1,XGBoost,0.00018197298049926758,0.9998180270195007
5988,0,0,XGBoost,0.9997456669807434,0.0002543498412705958
4757,0,0,XGBoost,0.9999321699142456,6.780315743526444e-05
117,0,0,XGBoost,0.9997456669807434,0.0002543498412705958
9561,0,0,XGBoost,0.9999321699142456,6.780315743526444e-05
5442,0,0,XGBoost,0.9999055862426758,9.440579015063122e-05
18255,1,1,XGBoost,7.474422454833984e-05,0.9999252557754517
16200,1,1,XGBoost,0.00015151500701904297,0.999848484992981
1184,0,0,XGBoost,0.9999213218688965,7.868653483456001e-05
9995,1,1,XGBoost,0.0140036940574646,0.9859963059425354
18197,1,1,XGBoost,7.474422454833984e-05,0.9999252557754517
10956,1,1,XGBoost,7.474422454833984e-05,0.9999252557754517
3840,0,0,XGBoost,0.9999071359634399,9.28514200495556e-05
12360,1,1,XGBoost,7.474422454833984e-05,0.9999252557754517
8709,0,0,XGBoost,0.9999321699142456,6.780315743526444e-05
4349,0,0,XGBoost,0.9999198913574219,8.013819751795381e-05
12024,1,1,XGBoost,7.474422454833984e-05,0.9999252557754517
12495,1,1,XGBoost,7.474422454833984e-05,0.9999252557754517
12807,1,1,XGBoost,7.474422454833984e-05,0.9999252557754517
7010,0,0,XGBoost,0.9999054670333862,9.455823601456359e-05
8914,0,0,XGBoost,0.9999213218688965,7.868653483456001e-05
634,0,0,XGBoost,0.9999054670333862,9.455823601456359e-05
3953,0,0,XGBoost,0.9999321699142456,6.780315743526444e-05
16013,1,1,XGBoost,0.00019627809524536133,0.9998037219047546
17346,1,1,XGBoost,8.869171142578125e-05,0.9999113082885742
197,0,0,XGBoost,0.9999213218688965,7.868653483456001e-05
7271,0,0,XGBoost,0.9999321699142456,6.780315743526444e-05
3828,0,0,XGBoost,0.9999321699142456,6.780315743526444e-05
9414,0,0,XGBoost,0.9999321699142456,6.780315743526444e-05
11489,1,1,XGBoost,7.474422454833984e-05,0.9999252557754517
10444,1,1,XGBoost,0.00026911497116088867,0.9997308850288391
8184,0,0,XGBoost,0.9999321699142456,6.780315743526444e-05
1266,0,0,XGBoost,0.9998302459716797,0.000169737046235241
12374,1,1,XGBoost,7.474422454833984e-05,0.9999252557754517
6675,0,0,XGBoost,0.9999321699142456,6.780315743526444e-05
6971,0,0,XGBoost,0.999898374080658,0.00010160774399992079
4,0,0,XGBoost,0.9997021555900574,0.00029782013734802604
11347,1,1,XGBoost,7.474422454833984e-05,0.9999252557754517
3603,0,0,XGBoost,0.999898374080658,0.00010160774399992079
13136,1,1,XGBoost,7.474422454833984e-05,0.9999252557754517
271,0,0,XGBoost,0.9998705387115479,0.00012948924268130213
18907,1,1,XGBoost,7.474422454833984e-05,0.9999252557754517
7717,0,0,XGBoost,0.9999321699142456,6.780315743526444e-05
638,0,0,XGBoost,0.9999321699142456,6.780315743526444e-05
14940,1,1,XGBoost,0.00011205673217773438,0.9998879432678223
9377,0,0,XGBoost,0.9999321699142456,6.780315743526444e-05
14766,1,1,XGBoost,0.00012981891632080078,0.9998701810836792
12034,1,1,XGBoost,7.474422454833984e-05,0.9999252557754517
15032,1,1,XGBoost,0.00018197298049926758,0.9998180270195007
9468,0,0,XGBoost,0.9999321699142456,6.780315743526444e-05
18868,1,1,XGBoost,7.474422454833984e-05,0.9999252557754517
878,0,0,XGBoost,0.9997031688690186,0.0002968540647998452
15029,1,1,XGBoost,0.00011205673217773438,0.9998879432678223
3726,0,0,XGBoost,0.9999321699142456,6.780315743526444e-05
17960,1,1,XGBoost,8.869171142578125e-05,0.9999113082885742
5051,0,0,XGBoost,0.9998419880867004,0.00015803593851160258
5295,0,0,XGBoost,0.9998882412910461,0.0001117601350415498
8374,0,0,XGBoost,0.9999213218688965,7.868653483456001e-05
18134,1,1,XGBoost,0.0001723766326904297,0.9998276233673096
16519,1,1,XGBoost,0.00022739171981811523,0.9997726082801819
10781,1,1,XGBoost,7.474422454833984e-05,0.9999252557754517
13080,1,1,XGBoost,7.474422454833984e-05,0.9999252557754517
6488,0,0,XGBoost,0.9998685717582703,0.0001314140681643039
12174,1,1,XGBoost,7.474422454833984e-05,0.9999252557754517
6891,0,0,XGBoost,0.999898374080658,0.00010160774399992079
14710,1,1,XGBoost,0.00011205673217773438,0.9998879432678223
6099,0,0,XGBoost,0.9998821020126343,0.00011791661381721497
12270,1,1,XGBoost,7.474422454833984e-05,0.9999252557754517
3420,0,0,XGBoost,0.9999321699142456,6.780315743526444e-05
14841,1,1,XGBoost,0.00012981891632080078,0.9998701810836792
14699,1,1,XGBoost,0.00012981891632080078,0.9998701810836792
10769,1,1,XGBoost,0.00026911497116088867,0.9997308850288391
2278,0,0,XGBoost,0.9999321699142456,6.780315743526444e-05
5625,0,0,XGBoost,0.999918520450592,8.147976768668741e-05
10743,1,1,XGBoost,0.00026911497116088867,0.9997308850288391
12619,1,1,XGBoost,7.474422454833984e-05,0.9999252557754517
17376,1,1,XGBoost,8.869171142578125e-05,0.9999113082885742
4815,0,0,XGBoost,0.9998302459716797,0.000169737046235241
13055,1,1,XGBoost,7.474422454833984e-05,0.9999252557754517
7994,0,0,XGBoost,0.9999321699142456,6.780315743526444e-05
5975,0,0,XGBoost,0.9999321699142456,6.780315743526444e-05
9866,0,0,XGBoost,0.9999321699142456,6.780315743526444e-05
17159,1,1,XGBoost,0.00015175342559814453,0.9998482465744019
18038,1,1,XGBoost,7.474422454833984e-05,0.9999252557754517
14205,1,1,XGBoost,0.00012981891632080078,0.9998701810836792
10246,1,1,XGBoost,7.474422454833984e-05,0.9999252557754517
18772,1,1,XGBoost,0.00011205673217773438,0.9998879432678223
12515,1,1,XGBoost,7.474422454833984e-05,0.9999252557754517
17333,1,1,XGBoost,0.0001214742660522461,0.9998785257339478
7479,0,0,XGBoost,0.9999321699142456,6.780315743526444e-05
3572,0,0,XGBoost,0.999921441078186,7.855967851355672e-05
15719,1,1,XGBoost,0.00011205673217773438,0.9998879432678223
9502,0,0,XGBoost,0.9999321699142456,6.780315743526444e-05
10753,1,1,XGBoost,0.00026911497116088867,0.9997308850288391
851,0,0,XGBoost,0.9999213218688965,7.868653483456001e-05
18622,1,1,XGBoost,9.322166442871094e-05,0.9999067783355713
14501,1,1,XGBoost,0.00012981891632080078,0.9998701810836792
13824,1,1,XGBoost,7.474422454833984e-05,0.9999252557754517
7723,0,0,XGBoost,0.9999321699142456,6.780315743526444e-05
13599,1,1,XGBoost,7.474422454833984e-05,0.9999252557754517
14985,1,1,XGBoost,0.00015342235565185547,0.9998465776443481
8258,0,0,XGBoost,0.9999321699142456,6.780315743526444e-05
14076,1,1,XGBoost,0.00011205673217773438,0.9998879432678223
18355,1,1,XGBoost,9.322166442871094e-05,0.9999067783355713
8105,0,0,XGBoost,0.9999321699142456,6.780315743526444e-05
1165,0,0,XGBoost,0.9999321699142456,6.780315743526444e-05
18284,1,1,XGBoost,7.474422454833984e-05,0.9999252557754517
1525,0,0,XGBoost,0.9999321699142456,6.780315743526444e-05
5115,0,0,XGBoost,0.9999321699142456,6.780315743526444e-05
18078,1,1,XGBoost,0.0001283884048461914,0.9998716115951538
15312,1,1,XGBoost,0.00015342235565185547,0.9998465776443481
13762,1,1,XGBoost,7.474422454833984e-05,0.9999252557754517
8378,0,0,XGBoost,0.9999213218688965,7.868653483456001e-05
3452,0,0,XGBoost,0.9999321699142456,6.780315743526444e-05
4090,0,0,XGBoost,0.9999321699142456,6.780315743526444e-05
12061,1,1,XGBoost,7.474422454833984e-05,0.9999252557754517
17224,1,1,XGBoost,7.474422454833984e-05,0.9999252557754517
13081,1,1,XGBoost,7.474422454833984e-05,0.9999252557754517
7373,0,0,XGBoost,0.9999213218688965,7.868653483456001e-05
1913,0,0,XGBoost,0.9998685121536255,0.00013151083840057254
16384,1,1,XGBoost,0.00011205673217773438,0.9998879432678223
13034,1,1,XGBoost,7.474422454833984e-05,0.9999252557754517
4980,0,0,XGBoost,0.9999321699142456,6.780315743526444e-05
9940,0,0,XGBoost,0.9944208860397339,0.005579086486250162
12150,1,1,XGBoost,7.474422454833984e-05,0.9999252557754517
5420,0,0,XGBoost,0.999600887298584,0.000399123877286911
15628,1,1,XGBoost,0.00011205673217773438,0.9998879432678223
12335,1,1,XGBoost,7.474422454833984e-05,0.9999252557754517
11566,1,1,XGBoost,7.474422454833984e-05,0.9999252557754517
9050,0,0,XGBoost,0.9999321699142456,6.780315743526444e-05
5724,0,0,XGBoost,0.999886691570282,0.0001133219848270528
4673,0,0,XGBoost,0.9999071359634399,9.28514200495556e-05
3507,0,0,XGBoost,0.9999321699142456,6.780315743526444e-05
5596,0,0,XGBoost,0.9998801350593567,0.0001198416284751147
189,0,0,XGBoost,0.9999321699142456,6.780315743526444e-05
3081,0,0,XGBoost,0.999918520450592,8.147976768668741e-05
15945,1,1,XGBoost,0.00029921531677246094,0.9997007846832275
13432,1,1,XGBoost,7.474422454833984e-05,0.9999252557754517
13885,1,1,XGBoost,7.474422454833984e-05,0.9999252557754517
16660,1,1,XGBoost,0.00018197298049926758,0.9998180270195007
17108,1,1,XGBoost,0.00020450353622436523,0.9997954964637756
9273,0,0,XGBoost,0.9999321699142456,6.780315743526444e-05
5959,0,0,XGBoost,0.9999321699142456,6.780315743526444e-05
11062,1,1,XGBoost,7.474422454833984e-05,0.9999252557754517
8958,0,0,XGBoost,0.9999321699142456,6.780315743526444e-05
17427,1,1,XGBoost,0.0001049041748046875,0.9998950958251953
17561,1,1,XGBoost,7.474422454833984e-05,0.9999252557754517
18259,1,1,XGBoost,0.00011205673217773438,0.9998879432678223
15812,1,1,XGBoost,0.00011205673217773438,0.9998879432678223
16542,1,1,XGBoost,0.00018197298049926758,0.9998180270195007
15654,1,1,XGBoost,0.00011205673217773438,0.9998879432678223
15962,1,1,XGBoost,0.0001633167266845703,0.9998366832733154
3436,0,0,XGBoost,0.9999198913574219,8.013819751795381e-05
11547,1,1,XGBoost,9.322166442871094e-05,0.9999067783355713
14329,1,1,XGBoost,0.00011205673217773438,0.9998879432678223
18862,1,1,XGBoost,7.474422454833984e-05,0.9999252557754517
5124,0,0,XGBoost,0.9998419880867004,0.00015803593851160258
15184,1,1,XGBoost,0.00015342235565185547,0.9998465776443481
10742,1,1,XGBoost,0.00026911497116088867,0.9997308850288391
11561,1,1,XGBoost,7.474422454833984e-05,0.9999252557754517
13014,1,1,XGBoost,7.474422454833984e-05,0.9999252557754517
4114,0,0,XGBoost,0.9999321699142456,6.780315743526444e-05
4736,0,0,XGBoost,0.999886691570282,0.0001133219848270528
2193,0,0,XGBoost,0.9999321699142456,6.780315743526444e-05
10432,1,1,XGBoost,0.00026911497116088867,0.9997308850288391
12018,1,1,XGBoost,7.474422454833984e-05,0.9999252557754517
1343,0,0,XGBoost,0.9999321699142456,6.780315743526444e-05
3843,0,0,XGBoost,0.9999321699142456,6.780315743526444e-05
659,0,0,XGBoost,0.9999213218688965,7.868653483456001e-05
4876,0,0,XGBoost,0.999921441078186,7.855967851355672e-05
5567,0,0,XGBoost,0.9999321699142456,6.780315743526444e-05
703,0,0,XGBoost,0.9999021887779236,9.780620894161984e-05
3633,0,0,XGBoost,0.999886691570282,0.0001133219848270528
9224,0,0,XGBoost,0.9999321699142456,6.780315743526444e-05
10570,1,1,XGBoost,0.00026911497116088867,0.9997308850288391
2494,0,0,XGBoost,0.999898374080658,0.00010160774399992079
14232,1,1,XGBoost,0.00012981891632080078,0.9998701810836792
3596,0,0,XGBoost,0.9999321699142456,6.780315743526444e-05
11606,1,1,XGBoost,7.474422454833984e-05,0.9999252557754517
17420,1,1,XGBoost,8.666515350341797e-05,0.9999133348464966
16541,1,1,XGBoost,0.00015342235565185547,0.9998465776443481
5704,0,0,XGBoost,0.999898374080658,0.00010160774399992079
55,0,0,XGBoost,0.999918520450592,8.147976768668741e-05
4422,0,0,XGBoost,0.9999321699142456,6.780315743526444e-05
11362,1,1,XGBoost,0.00011205673217773438,0.9998879432678223
3051,0,0,XGBoost,0.9999321699142456,6.780315743526444e-05
10733,1,1,XGBoost,0.00026911497116088867,0.9997308850288391
12291,1,1,XGBoost,7.474422454833984e-05,0.9999252557754517
16560,1,1,XGBoost,0.00019627809524536133,0.9998037219047546
918,0,0,XGBoost,0.9999213218688965,7.868653483456001e-05
1050,0,0,XGBoost,0.9999071359634399,9.28514200495556e-05
7311,0,0,XGBoost,0.999886691570282,0.0001133219848270528
5383,0,0,XGBoost,0.999921441078186,7.855967851355672e-05
6619,0,0,XGBoost,0.9998302459716797,0.000169737046235241
7989,0,0,XGBoost,0.9999321699142456,6.780315743526444e-05
15956,1,1,XGBoost,0.00019162893295288086,0.9998083710670471
13154,1,1,XGBoost,7.474422454833984e-05,0.9999252557754517
5984,0,0,XGBoost,0.9999321699142456,6.780315743526444e-05
7971,0,0,XGBoost,0.9999321699142456,6.780315743526444e-05
130,0,0,XGBoost,0.999886691570282,0.0001133219848270528
16236,1,1,XGBoost,0.0004032254219055176,0.9995967745780945
15782,1,1,XGBoost,0.00011205673217773438,0.9998879432678223
1640,0,0,XGBoost,0.9998608827590942,0.0001391425757901743
5977,0,0,XGBoost,0.9999321699142456,6.780315743526444e-05
9666,0,0,XGBoost,0.9999321699142456,6.780315743526444e-05
14262,1,1,XGBoost,0.00012981891632080078,0.9998701810836792
126,0,0,XGBoost,0.9998302459716797,0.000169737046235241
18496,1,1,XGBoost,7.474422454833984e-05,0.9999252557754517
7056,0,0,XGBoost,0.999886691570282,0.0001133219848270528
12768,1,1,XGBoost,7.474422454833984e-05,0.9999252557754517
18266,1,1,XGBoost,7.474422454833984e-05,0.9999252557754517
17352,1,1,XGBoost,0.00010275840759277344,0.9998972415924072
3476,0,0,XGBoost,0.9999321699142456,6.780315743526444e-05
14087,1,1,XGBoost,0.00011205673217773438,0.9998879432678223
13826,1,1,XGBoost,7.474422454833984e-05,0.9999252557754517
488,0,0,XGBoost,0.9999021887779236,9.780620894161984e-05
16271,1,1,XGBoost,0.00011205673217773438,0.9998879432678223
6980,0,0,XGBoost,0.9999321699142456,6.780315743526444e-05
12584,1,1,XGBoost,7.474422454833984e-05,0.9999252557754517
3496,0,0,XGBoost,0.9999321699142456,6.780315743526444e-05
18566,1,1,XGBoost,0.00011205673217773438,0.9998879432678223
14931,1,1,XGBoost,0.00011205673217773438,0.9998879432678223
18688,1,1,XGBoost,0.0001329183578491211,0.9998670816421509
1686,0,0,XGBoost,0.9998537302017212,0.00014626173651777208
16582,1,1,XGBoost,0.00015342235565185547,0.9998465776443481
2785,0,0,XGBoost,0.9999321699142456,6.780315743526444e-05
18937,1,1,XGBoost,7.474422454833984e-05,0.9999252557754517
6895,0,0,XGBoost,0.9998537302017212,0.00014626173651777208
4569,0,0,XGBoost,0.9999321699142456,6.780315743526444e-05
18358,1,1,XGBoost,7.474422454833984e-05,0.9999252557754517
4499,0,0,XGBoost,0.9999321699142456,6.780315743526444e-05
16020,1,1,XGBoost,0.00015342235565185547,0.9998465776443481
1682,0,0,XGBoost,0.9999071359634399,9.28514200495556e-05
11317,1,1,XGBoost,7.474422454833984e-05,0.9999252557754517
8542,0,0,XGBoost,0.999898374080658,0.00010160774399992079
1324,0,0,XGBoost,0.9998334050178528,0.00016661846893839538
11067,1,1,XGBoost,7.474422454833984e-05,0.9999252557754517
11195,1,1,XGBoost,7.474422454833984e-05,0.9999252557754517
4033,0,0,XGBoost,0.9999321699142456,6.780315743526444e-05
7408,0,0,XGBoost,0.9999213218688965,7.868653483456001e-05
5604,0,0,XGBoost,0.9995023012161255,0.0004976805648766458
5732,0,0,XGBoost,0.9998385310173035,0.00016147510905284435
19069,1,1,XGBoost,7.474422454833984e-05,0.9999252557754517
18631,1,1,XGBoost,7.474422454833984e-05,0.9999252557754517
7878,0,0,XGBoost,0.9999321699142456,6.780315743526444e-05
17248,1,1,XGBoost,0.00010275840759277344,0.9998972415924072
18277,1,1,XGBoost,9.322166442871094e-05,0.9999067783355713
3511,0,0,XGBoost,0.9997808337211609,0.00021917482081335038
4911,0,0,XGBoost,0.9999321699142456,6.780315743526444e-05
9474,0,0,XGBoost,0.9999321699142456,6.780315743526444e-05
6612,0,0,XGBoost,0.9999321699142456,6.780315743526444e-05
12876,1,1,XGBoost,7.474422454833984e-05,0.9999252557754517
8150,0,0,XGBoost,0.999898374080658,0.00010160774399992079
1970,0,0,XGBoost,0.9999321699142456,6.780315743526444e-05
18875,1,1,XGBoost,7.474422454833984e-05,0.9999252557754517
15293,1,1,XGBoost,0.00011205673217773438,0.9998879432678223
18482,1,1,XGBoost,7.474422454833984e-05,0.9999252557754517
10221,1,1,XGBoost,7.474422454833984e-05,0.9999252557754517
18370,1,1,XGBoost,0.00011205673217773438,0.9998879432678223
262,0,0,XGBoost,0.9999321699142456,6.780315743526444e-05
9933,0,0,XGBoost,0.9944208860397339,0.005579086486250162
6525,0,0,XGBoost,0.9999321699142456,6.780315743526444e-05
10517,1,1,XGBoost,0.0001283884048461914,0.9998716115951538
15341,1,1,XGBoost,0.00012981891632080078,0.9998701810836792
1607,0,0,XGBoost,0.9999071359634399,9.28514200495556e-05
3490,0,0,XGBoost,0.9999321699142456,6.780315743526444e-05
7867,0,0,XGBoost,0.9999321699142456,6.780315743526444e-05
580,0,0,XGBoost,0.9999213218688965,7.868653483456001e-05
10059,1,1,XGBoost,7.474422454833984e-05,0.9999252557754517
3654,0,0,XGBoost,0.9999213218688965,7.868653483456001e-05
1440,0,0,XGBoost,0.9999321699142456,6.780315743526444e-05
14240,1,1,XGBoost,0.00011205673217773438,0.9998879432678223
14290,1,1,XGBoost,0.00011205673217773438,0.9998879432678223
9554,0,0,XGBoost,0.9999321699142456,6.780315743526444e-05
14684,1,1,XGBoost,0.00011205673217773438,0.9998879432678223
4413,0,0,XGBoost,0.9999321699142456,6.780315743526444e-05
12684,1,1,XGBoost,7.474422454833984e-05,0.9999252557754517
2786,0,0,XGBoost,0.9999213218688965,7.868653483456001e-05
16623,1,1,XGBoost,0.00019627809524536133,0.9998037219047546
18106,1,1,XGBoost,8.83340835571289e-05,0.9999116659164429
3845,0,0,XGBoost,0.9999213218688965,7.868653483456001e-05
10611,1,1,XGBoost,0.0001996159553527832,0.9998003840446472
5870,0,0,XGBoost,0.9998685121536255,0.00013151083840057254
11538,1,1,XGBoost,7.474422454833984e-05,0.9999252557754517
11473,1,1,XGBoost,7.474422454833984e-05,0.9999252557754517
6479,0,0,XGBoost,0.9999071359634399,9.28514200495556e-05
15510,1,1,XGBoost,0.00012981891632080078,0.9998701810836792
19120,1,1,XGBoost,7.474422454833984e-05,0.9999252557754517
18295,1,1,XGBoost,7.474422454833984e-05,0.9999252557754517
5941,0,0,XGBoost,0.9999321699142456,6.780315743526444e-05
16059,1,1,XGBoost,0.0001024007797241211,0.9998975992202759
4186,0,0,XGBoost,0.9999321699142456,6.780315743526444e-05
18432,1,1,XGBoost,7.474422454833984e-05,0.9999252557754517
11056,1,1,XGBoost,7.474422454833984e-05,0.9999252557754517
6471,0,0,XGBoost,0.9999213218688965,7.868653483456001e-05
4976,0,0,XGBoost,0.9997808337211609,0.00021917482081335038
7385,0,0,XGBoost,0.9999321699142456,6.780315743526444e-05
18813,1,1,XGBoost,7.474422454833984e-05,0.9999252557754517
3598,0,0,XGBoost,0.999898374080658,0.00010160774399992079
6905,0,0,XGBoost,0.9999321699142456,6.780315743526444e-05
14342,1,1,XGBoost,0.00011205673217773438,0.9998879432678223
213,0,0,XGBoost,0.9999071359634399,9.28514200495556e-05
14320,1,1,XGBoost,0.00012981891632080078,0.9998701810836792
9966,0,0,XGBoost,0.9935311079025269,0.0064688934944570065
6881,0,0,XGBoost,0.9999321699142456,6.780315743526444e-05
8460,0,0,XGBoost,0.9999321699142456,6.780315743526444e-05
823,0,0,XGBoost,0.9999321699142456,6.780315743526444e-05
14807,1,1,XGBoost,0.00012981891632080078,0.9998701810836792
9423,0,0,XGBoost,0.9999321699142456,6.780315743526444e-05
6484,0,0,XGBoost,0.9999213218688965,7.868653483456001e-05
13158,1,1,XGBoost,7.474422454833984e-05,0.9999252557754517
11133,1,1,XGBoost,7.474422454833984e-05,0.9999252557754517
4361,0,0,XGBoost,0.9999198913574219,8.013819751795381e-05
1865,0,0,XGBoost,0.9999321699142456,6.780315743526444e-05
16326,1,1,XGBoost,0.00019627809524536133,0.9998037219047546
6342,0,0,XGBoost,0.9999088048934937,9.116948785958812e-05
13010,1,1,XGBoost,7.474422454833984e-05,0.9999252557754517
17503,1,1,XGBoost,0.00020450353622436523,0.9997954964637756
12520,1,1,XGBoost,7.474422454833984e-05,0.9999252557754517
12280,1,1,XGBoost,7.474422454833984e-05,0.9999252557754517
15935,1,1,XGBoost,0.00022739171981811523,0.9997726082801819
7687,0,0,XGBoost,0.9999321699142456,6.780315743526444e-05
3466,0,0,XGBoost,0.9999321699142456,6.780315743526444e-05
18338,1,1,XGBoost,7.474422454833984e-05,0.9999252557754517
12855,1,1,XGBoost,7.474422454833984e-05,0.9999252557754517
8580,0,0,XGBoost,0.9999321699142456,6.780315743526444e-05
10420,1,1,XGBoost,0.00026911497116088867,0.9997308850288391
345,0,0,XGBoost,0.9995023012161255,0.0004976805648766458
7651,0,0,XGBoost,0.9999321699142456,6.780315743526444e-05
16696,1,1,XGBoost,0.00018197298049926758,0.9998180270195007
2703,0,0,XGBoost,0.9998922348022461,0.00010775498230941594
4846,0,0,XGBoost,0.9999321699142456,6.780315743526444e-05
17890,1,1,XGBoost,7.474422454833984e-05,0.9999252557754517
16091,1,1,XGBoost,0.00018197298049926758,0.9998180270195007
243,0,0,XGBoost,0.9999321699142456,6.780315743526444e-05
7734,0,0,XGBoost,0.9999321699142456,6.780315743526444e-05
5622,0,0,XGBoost,0.9999213218688965,7.868653483456001e-05
12578,1,1,XGBoost,7.474422454833984e-05,0.9999252557754517
18737,1,1,XGBoost,7.474422454833984e-05,0.9999252557754517
18638,1,1,XGBoost,0.00011205673217773438,0.9998879432678223
7941,0,0,XGBoost,0.9999321699142456,6.780315743526444e-05
1990,0,0,XGBoost,0.9996477365493774,0.00035224496969021857
11134,1,1,XGBoost,7.474422454833984e-05,0.9999252557754517
9840,0,0,XGBoost,0.9999321699142456,6.780315743526444e-05
8794,0,0,XGBoost,0.9999213218688965,7.868653483456001e-05
6457,0,0,XGBoost,0.999903678894043,9.630267595639452e-05
14503,1,1,XGBoost,0.00012981891632080078,0.9998701810836792
14784,1,1,XGBoost,0.00011205673217773438,0.9998879432678223
6402,0,0,XGBoost,0.9999213218688965,7.868653483456001e-05
17339,1,1,XGBoost,0.0001310110092163086,0.9998689889907837
8340,0,0,XGBoost,0.9999321699142456,6.780315743526444e-05
16374,1,1,XGBoost,0.00011205673217773438,0.9998879432678223
15101,1,1,XGBoost,0.00012981891632080078,0.9998701810836792
4146,0,0,XGBoost,0.9999321699142456,6.780315743526444e-05
11147,1,1,XGBoost,7.474422454833984e-05,0.9999252557754517
7973,0,0,XGBoost,0.9999321699142456,6.780315743526444e-05
3696,0,0,XGBoost,0.9999321699142456,6.780315743526444e-05
10415,1,1,XGBoost,0.00026911497116088867,0.9997308850288391
6295,0,0,XGBoost,0.9999198913574219,8.013819751795381e-05
3374,0,0,XGBoost,0.9999321699142456,6.780315743526444e-05
6316,0,0,XGBoost,0.9999321699142456,6.780315743526444e-05
13213,1,1,XGBoost,7.474422454833984e-05,0.9999252557754517
3373,0,0,XGBoost,0.9999321699142456,6.780315743526444e-05
14007,1,1,XGBoost,0.00011205673217773438,0.9998879432678223
4566,0,0,XGBoost,0.9999321699142456,6.780315743526444e-05
2736,0,0,XGBoost,0.9999321699142456,6.780315743526444e-05
8477,0,0,XGBoost,0.9999321699142456,6.780315743526444e-05
12067,1,1,XGBoost,7.474422454833984e-05,0.9999252557754517
16464,1,1,XGBoost,0.00022739171981811523,0.9997726082801819
9064,0,0,XGBoost,0.9999321699142456,6.780315743526444e-05
2989,0,0,XGBoost,0.9999321699142456,6.780315743526444e-05
8232,0,0,XGBoost,0.9999321699142456,6.780315743526444e-05
1062,0,0,XGBoost,0.9998537302017212,0.00014626173651777208
12253,1,1,XGBoost,7.474422454833984e-05,0.9999252557754517
17618,1,1,XGBoost,7.474422454833984e-05,0.9999252557754517
16917,1,1,XGBoost,0.0001049041748046875,0.9998950958251953
6544,0,0,XGBoost,0.9999321699142456,6.780315743526444e-05
18999,1,1,XGBoost,7.474422454833984e-05,0.9999252557754517
16871,1,1,XGBoost,0.0001214742660522461,0.9998785257339478
3709,0,0,XGBoost,0.9999321699142456,6.780315743526444e-05
3225,0,0,XGBoost,0.9999321699142456,6.780315743526444e-05
6527,0,0,XGBoost,0.9997808337211609,0.00021917482081335038
17725,1,1,XGBoost,0.00010275840759277344,0.9998972415924072
8165,0,0,XGBoost,0.9999213218688965,7.868653483456001e-05
12006,1,1,XGBoost,7.474422454833984e-05,0.9999252557754517
11902,1,1,XGBoost,7.474422454833984e-05,0.9999252557754517
13668,1,1,XGBoost,7.474422454833984e-05,0.9999252557754517
406,0,0,XGBoost,0.9998385310173035,0.00016147510905284435
13648,1,1,XGBoost,7.474422454833984e-05,0.9999252557754517
950,0,0,XGBoost,0.9997960329055786,0.00020397061598487198
10624,1,1,XGBoost,0.00026911497116088867,0.9997308850288391
15271,1,1,XGBoost,0.00015342235565185547,0.9998465776443481
7357,0,0,XGBoost,0.9999321699142456,6.780315743526444e-05
2529,0,0,XGBoost,0.9999321699142456,6.780315743526444e-05
7284,0,0,XGBoost,0.999898374080658,0.00010160774399992079
12222,1,1,XGBoost,7.474422454833984e-05,0.9999252557754517
13502,1,1,XGBoost,7.474422454833984e-05,0.9999252557754517
11659,1,1,XGBoost,7.474422454833984e-05,0.9999252557754517
2062,0,0,XGBoost,0.9999321699142456,6.780315743526444e-05
15460,1,1,XGBoost,0.00011205673217773438,0.9998879432678223
15899,1,1,XGBoost,0.00011205673217773438,0.9998879432678223
18121,1,1,XGBoost,0.00015175342559814453,0.9998482465744019
8741,0,0,XGBoost,0.9999321699142456,6.780315743526444e-05
13651,1,1,XGBoost,7.474422454833984e-05,0.9999252557754517
1290,0,0,XGBoost,0.9999321699142456,6.780315743526444e-05
12130,1,1,XGBoost,7.474422454833984e-05,0.9999252557754517
7119,0,0,XGBoost,0.9999321699142456,6.780315743526444e-05
16751,1,1,XGBoost,0.00022739171981811523,0.9997726082801819
2502,0,0,XGBoost,0.9999198913574219,8.013819751795381e-05
5913,0,0,XGBoost,0.9999321699142456,6.780315743526444e-05
12397,1,1,XGBoost,7.474422454833984e-05,0.9999252557754517
10722,1,1,XGBoost,0.00026911497116088867,0.9997308850288391
8082,0,0,XGBoost,0.9999321699142456,6.780315743526444e-05
16032,1,1,XGBoost,0.00022739171981811523,0.9997726082801819
8307,0,0,XGBoost,0.9999321699142456,6.780315743526444e-05
19038,1,1,XGBoost,7.474422454833984e-05,0.9999252557754517
14715,1,1,XGBoost,0.00011205673217773438,0.9998879432678223
11836,1,1,XGBoost,7.474422454833984e-05,0.9999252557754517
17176,1,1,XGBoost,0.00010275840759277344,0.9998972415924072
12810,1,1,XGBoost,7.474422454833984e-05,0.9999252557754517
3714,0,0,XGBoost,0.999886691570282,0.0001133219848270528
14537,1,1,XGBoost,0.00011205673217773438,0.9998879432678223
5897,0,0,XGBoost,0.9999198913574219,8.013819751795381e-05
5073,0,0,XGBoost,0.999898374080658,0.00010160774399992079
7570,0,0,XGBoost,0.9999321699142456,6.780315743526444e-05
12592,1,1,XGBoost,7.474422454833984e-05,0.9999252557754517
2782,0,0,XGBoost,0.9998922348022461,0.00010775498230941594
12972,1,1,XGBoost,7.474422454833984e-05,0.9999252557754517
12166,1,1,XGBoost,7.474422454833984e-05,0.9999252557754517
3345,0,0,XGBoost,0.9999321699142456,6.780315743526444e-05
3530,0,0,XGBoost,0.9999071359634399,9.28514200495556e-05
4853,0,0,XGBoost,0.9999321699142456,6.780315743526444e-05
1884,0,0,XGBoost,0.9999198913574219,8.013819751795381e-05
1985,0,0,XGBoost,0.9999071359634399,9.28514200495556e-05
5745,0,0,XGBoost,0.9999054670333862,9.455823601456359e-05
13070,1,1,XGBoost,7.474422454833984e-05,0.9999252557754517
6490,0,0,XGBoost,0.999918520450592,8.147976768668741e-05
2719,0,0,XGBoost,0.9999321699142456,6.780315743526444e-05
17629,1,1,XGBoost,0.0001214742660522461,0.9998785257339478
13822,1,1,XGBoost,7.474422454833984e-05,0.9999252557754517
16160,1,1,XGBoost,0.0001195669174194336,0.9998804330825806
9429,0,0,XGBoost,0.9999321699142456,6.780315743526444e-05
4946,0,0,XGBoost,0.9999198913574219,8.013819751795381e-05
11785,1,1,XGBoost,7.474422454833984e-05,0.9999252557754517
860,0,0,XGBoost,0.9999213218688965,7.868653483456001e-05
9739,0,0,XGBoost,0.9999321699142456,6.780315743526444e-05
13621,1,1,XGBoost,7.474422454833984e-05,0.9999252557754517
2401,0,0,XGBoost,0.9998685121536255,0.00013151083840057254
14048,1,1,XGBoost,0.00011205673217773438,0.9998879432678223
16243,1,1,XGBoost,0.00015342235565185547,0.9998465776443481
13735,1,1,XGBoost,0.00010275840759277344,0.9998972415924072
9115,0,0,XGBoost,0.9999321699142456,6.780315743526444e-05
11328,1,1,XGBoost,7.474422454833984e-05,0.9999252557754517
16136,1,1,XGBoost,0.00024896860122680664,0.9997510313987732
11375,1,1,XGBoost,7.474422454833984e-05,0.9999252557754517
5016,0,0,XGBoost,0.9998029470443726,0.00019707187311723828
2327,0,0,XGBoost,0.9998302459716797,0.000169737046235241
5172,0,0,XGBoost,0.9998865127563477,0.00011350496060913429
12980,1,1,XGBoost,7.474422454833984e-05,0.9999252557754517
16266,1,1,XGBoost,0.00015342235565185547,0.9998465776443481
15874,1,1,XGBoost,7.474422454833984e-05,0.9999252557754517
575,0,0,XGBoost,0.9998821020126343,0.00011791661381721497
6777,0,0,XGBoost,0.9997960329055786,0.00020397061598487198
8050,0,0,XGBoost,0.9999321699142456,6.780315743526444e-05
7449,0,0,XGBoost,0.9999321699142456,6.780315743526444e-05
3627,0,0,XGBoost,0.9998537302017212,0.00014626173651777208
7368,0,0,XGBoost,0.9999321699142456,6.780315743526444e-05
18014,1,1,XGBoost,0.0001214742660522461,0.9998785257339478
1560,0,0,XGBoost,0.9996477365493774,0.00035224496969021857
8338,0,0,XGBoost,0.9999321699142456,6.780315743526444e-05
8992,0,0,XGBoost,0.9999321699142456,6.780315743526444e-05
4259,0,0,XGBoost,0.9999071359634399,9.28514200495556e-05
12763,1,1,XGBoost,7.474422454833984e-05,0.9999252557754517
806,0,0,XGBoost,0.9999321699142456,6.780315743526444e-05
14898,1,1,XGBoost,0.00011205673217773438,0.9998879432678223
13076,1,1,XGBoost,7.474422454833984e-05,0.9999252557754517
16339,1,1,XGBoost,0.0001329183578491211,0.9998670816421509
13725,1,1,XGBoost,7.474422454833984e-05,0.9999252557754517
8476,0,0,XGBoost,0.9999321699142456,6.780315743526444e-05
3579,0,0,XGBoost,0.9999321699142456,6.780315743526444e-05
1875,0,0,XGBoost,0.9998606443405151,0.00013936724280938506
17270,1,1,XGBoost,7.474422454833984e-05,0.9999252557754517
15623,1,1,XGBoost,0.00011205673217773438,0.9998879432678223
7418,0,0,XGBoost,0.9999321699142456,6.780315743526444e-05
13676,1,1,XGBoost,7.474422454833984e-05,0.9999252557754517
7576,0,0,XGBoost,0.9999321699142456,6.780315743526444e-05
4435,0,0,XGBoost,0.9999321699142456,6.780315743526444e-05
12494,1,1,XGBoost,7.474422454833984e-05,0.9999252557754517
8865,0,0,XGBoost,0.9999321699142456,6.780315743526444e-05
11646,1,1,XGBoost,7.474422454833984e-05,0.9999252557754517
9832,0,0,XGBoost,0.9999321699142456,6.780315743526444e-05
15384,1,1,XGBoost,0.00018197298049926758,0.9998180270195007
14514,1,1,XGBoost,0.00012981891632080078,0.9998701810836792
3756,0,0,XGBoost,0.9998822808265686,0.00011772652214858681
9899,0,0,XGBoost,0.9999321699142456,6.780315743526444e-05
7245,0,0,XGBoost,0.999886691570282,0.0001133219848270528
9846,0,0,XGBoost,0.9999213218688965,7.868653483456001e-05
18098,1,1,XGBoost,0.00010275840759277344,0.9998972415924072
7154,0,0,XGBoost,0.9999213218688965,7.868653483456001e-05
2507,0,0,XGBoost,0.999886691570282,0.0001133219848270528
5917,0,0,XGBoost,0.999886691570282,0.0001133219848270528
14805,1,1,XGBoost,0.00012981891632080078,0.9998701810836792
15887,1,1,XGBoost,0.00011205673217773438,0.9998879432678223
18647,1,1,XGBoost,0.00011205673217773438,0.9998879432678223
13868,1,1,XGBoost,7.474422454833984e-05,0.9999252557754517
2573,0,0,XGBoost,0.9999321699142456,6.780315743526444e-05
959,0,0,XGBoost,0.9999321699142456,6.780315743526444e-05
15868,1,1,XGBoost,0.00013244152069091797,0.9998675584793091
15303,1,1,XGBoost,0.00011205673217773438,0.9998879432678223
11013,1,1,XGBoost,7.474422454833984e-05,0.9999252557754517
2368,0,0,XGBoost,0.999886691570282,0.0001133219848270528
5063,0,0,XGBoost,0.9998798966407776,0.000120091914141085
8097,0,0,XGBoost,0.9999321699142456,6.780315743526444e-05
16828,1,1,XGBoost,0.0001024007797241211,0.9998975992202759
8220,0,0,XGBoost,0.9999321699142456,6.780315743526444e-05
2806,0,0,XGBoost,0.9999321699142456,6.780315743526444e-05
14176,1,1,XGBoost,0.00011205673217773438,0.9998879432678223
9264,0,0,XGBoost,0.9999321699142456,6.780315743526444e-05
4268,0,0,XGBoost,0.9999198913574219,8.013819751795381e-05
19073,1,1,XGBoost,7.474422454833984e-05,0.9999252557754517
3056,0,0,XGBoost,0.9999321699142456,6.780315743526444e-05
9842,0,0,XGBoost,0.9999213218688965,7.868653483456001e-05
5029,0,0,XGBoost,0.9998685121536255,0.00013151083840057254
7186,0,0,XGBoost,0.999918520450592,8.147976768668741e-05
7419,0,0,XGBoost,0.9999213218688965,7.868653483456001e-05
18427,1,1,XGBoost,0.00011205673217773438,0.9998879432678223
17967,1,1,XGBoost,7.474422454833984e-05,0.9999252557754517
3040,0,0,XGBoost,0.9999054670333862,9.455823601456359e-05
18028,1,1,XGBoost,0.00010275840759277344,0.9998972415924072
5734,0,0,XGBoost,0.9996477365493774,0.00035224496969021857
12608,1,1,XGBoost,7.474422454833984e-05,0.9999252557754517
7126,0,0,XGBoost,0.9999321699142456,6.780315743526444e-05
1678,0,0,XGBoost,0.999921441078186,7.855967851355672e-05
14637,1,1,XGBoost,0.00011205673217773438,0.9998879432678223
8659,0,0,XGBoost,0.9999321699142456,6.780315743526444e-05
2768,0,0,XGBoost,0.9999071359634399,9.28514200495556e-05
6293,0,0,XGBoost,0.9999321699142456,6.780315743526444e-05
8967,0,0,XGBoost,0.9999321699142456,6.780315743526444e-05
12788,1,1,XGBoost,7.474422454833984e-05,0.9999252557754517
15380,1,1,XGBoost,0.00012981891632080078,0.9998701810836792
2430,0,0,XGBoost,0.9999321699142456,6.780315743526444e-05
7253,0,0,XGBoost,0.999918520450592,8.147976768668741e-05
8041,0,0,XGBoost,0.9999321699142456,6.780315743526444e-05
6546,0,0,XGBoost,0.9999321699142456,6.780315743526444e-05
4297,0,0,XGBoost,0.9999213218688965,7.868653483456001e-05
4760,0,0,XGBoost,0.999918520450592,8.147976768668741e-05
14171,1,1,XGBoost,0.00011205673217773438,0.9998879432678223
13948,1,1,XGBoost,0.00011205673217773438,0.9998879432678223
7848,0,0,XGBoost,0.9999321699142456,6.780315743526444e-05
338,0,0,XGBoost,0.9999213218688965,7.868653483456001e-05
16270,1,1,XGBoost,7.474422454833984e-05,0.9999252557754517
9375,0,0,XGBoost,0.9999321699142456,6.780315743526444e-05
3099,0,0,XGBoost,0.9999321699142456,6.780315743526444e-05
11490,1,1,XGBoost,7.474422454833984e-05,0.9999252557754517
16087,1,1,XGBoost,0.0003064870834350586,0.9996935129165649
9413,0,0,XGBoost,0.9999213218688965,7.868653483456001e-05
14753,1,1,XGBoost,0.00011205673217773438,0.9998879432678223
956,0,0,XGBoost,0.9999213218688965,7.868653483456001e-05
6078,0,0,XGBoost,0.9998821020126343,0.00011791661381721497
13496,1,1,XGBoost,7.474422454833984e-05,0.9999252557754517
15595,1,1,XGBoost,0.00011205673217773438,0.9998879432678223
13799,1,1,XGBoost,7.474422454833984e-05,0.9999252557754517
14814,1,1,XGBoost,0.00011205673217773438,0.9998879432678223
17391,1,1,XGBoost,0.00010275840759277344,0.9998972415924072
6910,0,0,XGBoost,0.999918520450592,8.147976768668741e-05
3391,0,0,XGBoost,0.9998608827590942,0.0001391425757901743
15129,1,1,XGBoost,0.00011205673217773438,0.9998879432678223
6813,0,0,XGBoost,0.9999198913574219,8.013819751795381e-05
1021,0,0,XGBoost,0.9999321699142456,6.780315743526444e-05
10765,1,1,XGBoost,0.00026911497116088867,0.9997308850288391
14172,1,1,XGBoost,0.00011205673217773438,0.9998879432678223
14663,1,1,XGBoost,0.00011205673217773438,0.9998879432678223
9146,0,0,XGBoost,0.9999321699142456,6.780315743526444e-05
635,0,0,XGBoost,0.9998882412910461,0.0001117601350415498
12944,1,1,XGBoost,7.474422454833984e-05,0.9999252557754517
4107,0,0,XGBoost,0.9998888373374939,0.00011118740803794935
11818,1,1,XGBoost,7.474422454833984e-05,0.9999252557754517
3005,0,0,XGBoost,0.9999321699142456,6.780315743526444e-05
13455,1,1,XGBoost,7.474422454833984e-05,0.9999252557754517
15993,1,1,XGBoost,0.00019234418869018555,0.9998076558113098
15424,1,1,XGBoost,0.00015342235565185547,0.9998465776443481
2365,0,0,XGBoost,0.999921441078186,7.855967851355672e-05
7683,0,0,XGBoost,0.9999321699142456,6.780315743526444e-05
10481,1,1,XGBoost,0.00026911497116088867,0.9997308850288391
13127,1,1,XGBoost,7.474422454833984e-05,0.9999252557754517
6168,0,0,XGBoost,0.999921441078186,7.855967851355672e-05
10064,1,1,XGBoost,7.474422454833984e-05,0.9999252557754517
3394,0,0,XGBoost,0.9999070167541504,9.300134843215346e-05
16090,1,1,XGBoost,0.0001399517059326172,0.9998600482940674
17032,1,1,XGBoost,8.869171142578125e-05,0.9999113082885742
6376,0,0,XGBoost,0.9998537302017212,0.00014626173651777208
3581,0,0,XGBoost,0.9999321699142456,6.780315743526444e-05
18965,1,1,XGBoost,7.474422454833984e-05,0.9999252557754517
10168,1,1,XGBoost,7.474422454833984e-05,0.9999252557754517
12211,1,1,XGBoost,7.474422454833984e-05,0.9999252557754517
14983,1,1,XGBoost,0.00011205673217773438,0.9998879432678223
3356,0,0,XGBoost,0.9999071359634399,9.28514200495556e-05
9082,0,0,XGBoost,0.9999321699142456,6.780315743526444e-05
11896,1,1,XGBoost,7.474422454833984e-05,0.9999252557754517
13267,1,1,XGBoost,7.474422454833984e-05,0.9999252557754517
9789,0,0,XGBoost,0.9999321699142456,6.780315743526444e-05
13879,1,1,XGBoost,7.474422454833984e-05,0.9999252557754517
10892,1,1,XGBoost,7.474422454833984e-05,0.9999252557754517
9555,0,0,XGBoost,0.9999321699142456,6.780315743526444e-05
1248,0,0,XGBoost,0.9999213218688965,7.868653483456001e-05
9444,0,0,XGBoost,0.9999321699142456,6.780315743526444e-05
17747,1,1,XGBoost,7.474422454833984e-05,0.9999252557754517
8867,0,0,XGBoost,0.9999321699142456,6.780315743526444e-05
2032,0,0,XGBoost,0.9999321699142456,6.780315743526444e-05
12670,1,1,XGBoost,7.474422454833984e-05,0.9999252557754517
13454,1,1,XGBoost,7.474422454833984e-05,0.9999252557754517
10358,1,1,XGBoost,7.474422454833984e-05,0.9999252557754517
8801,0,0,XGBoost,0.9999321699142456,6.780315743526444e-05
7800,0,0,XGBoost,0.9999321699142456,6.780315743526444e-05
13097,1,1,XGBoost,7.474422454833984e-05,0.9999252557754517
3073,0,0,XGBoost,0.9999321699142456,6.780315743526444e-05
11466,1,1,XGBoost,7.474422454833984e-05,0.9999252557754517
4432,0,0,XGBoost,0.9999321699142456,6.780315743526444e-05
14264,1,1,XGBoost,0.00011205673217773438,0.9998879432678223
5788,0,0,XGBoost,0.9999321699142456,6.780315743526444e-05
10350,1,1,XGBoost,7.474422454833984e-05,0.9999252557754517
6924,0,0,XGBoost,0.999921441078186,7.855967851355672e-05
14834,1,1,XGBoost,0.00012981891632080078,0.9998701810836792
17174,1,1,XGBoost,0.0001214742660522461,0.9998785257339478
11034,1,1,XGBoost,7.474422454833984e-05,0.9999252557754517
11148,1,1,XGBoost,7.474422454833984e-05,0.9999252557754517
17332,1,1,XGBoost,7.474422454833984e-05,0.9999252557754517
13312,1,1,XGBoost,7.474422454833984e-05,0.9999252557754517
18734,1,1,XGBoost,0.00011205673217773438,0.9998879432678223
15666,1,1,XGBoost,0.00011205673217773438,0.9998879432678223
16172,1,1,XGBoost,0.0001571178436279297,0.9998428821563721
2725,0,0,XGBoost,0.9999321699142456,6.780315743526444e-05
11697,1,1,XGBoost,7.474422454833984e-05,0.9999252557754517
8398,0,0,XGBoost,0.9999321699142456,6.780315743526444e-05
536,0,0,XGBoost,0.9999321699142456,6.780315743526444e-05
285,0,0,XGBoost,0.9998821020126343,0.00011791661381721497
7431,0,0,XGBoost,0.9998821020126343,0.00011791661381721497
7343,0,0,XGBoost,0.9999071359634399,9.28514200495556e-05
13658,1,1,XGBoost,7.474422454833984e-05,0.9999252557754517
18240,1,1,XGBoost,0.00011205673217773438,0.9998879432678223
10195,1,1,XGBoost,7.474422454833984e-05,0.9999252557754517
3239,0,0,XGBoost,0.9998821020126343,0.00011791661381721497
16307,1,1,XGBoost,0.00022739171981811523,0.9997726082801819
7693,0,0,XGBoost,0.9999321699142456,6.780315743526444e-05
7776,0,0,XGBoost,0.9999321699142456,6.780315743526444e-05
8945,0,0,XGBoost,0.9999321699142456,6.780315743526444e-05
5759,0,0,XGBoost,0.9999321699142456,6.780315743526444e-05
2255,0,0,XGBoost,0.9999321699142456,6.780315743526444e-05
3446,0,0,XGBoost,0.9999321699142456,6.780315743526444e-05
18261,1,1,XGBoost,0.00011205673217773438,0.9998879432678223
12568,1,1,XGBoost,7.474422454833984e-05,0.9999252557754517
7232,0,0,XGBoost,0.999921441078186,7.855967851355672e-05
16783,1,1,XGBoost,0.00029921531677246094,0.9997007846832275
2604,0,0,XGBoost,0.999898374080658,0.00010160774399992079
7350,0,0,XGBoost,0.9999070167541504,9.300134843215346e-05
18677,1,1,XGBoost,7.474422454833984e-05,0.9999252557754517
3430,0,0,XGBoost,0.9999198913574219,8.013819751795381e-05
13620,1,1,XGBoost,7.474422454833984e-05,0.9999252557754517
15085,1,1,XGBoost,0.00015342235565185547,0.9998465776443481
10982,1,1,XGBoost,7.474422454833984e-05,0.9999252557754517
14538,1,1,XGBoost,0.00015342235565185547,0.9998465776443481
10102,1,1,XGBoost,7.474422454833984e-05,0.9999252557754517
16842,1,1,XGBoost,0.0001024007797241211,0.9998975992202759
14950,1,1,XGBoost,0.00012981891632080078,0.9998701810836792
5519,0,0,XGBoost,0.9999321699142456,6.780315743526444e-05
891,0,0,XGBoost,0.9998663663864136,0.00013361391029320657
15287,1,1,XGBoost,0.00015401840209960938,0.9998459815979004
2071,0,0,XGBoost,0.9999198913574219,8.013819751795381e-05
17773,1,1,XGBoost,0.0001214742660522461,0.9998785257339478
6313,0,0,XGBoost,0.9999213218688965,7.868653483456001e-05
7101,0,0,XGBoost,0.9998537302017212,0.00014626173651777208
9740,0,0,XGBoost,0.9999321699142456,6.780315743526444e-05
6075,0,0,XGBoost,0.9997649192810059,0.00023507417063228786
5561,0,0,XGBoost,0.9999321699142456,6.780315743526444e-05
1664,0,0,XGBoost,0.9999321699142456,6.780315743526444e-05
15067,1,1,XGBoost,0.00018197298049926758,0.9998180270195007
5085,0,0,XGBoost,0.9999198913574219,8.013819751795381e-05
14391,1,1,XGBoost,0.00015342235565185547,0.9998465776443481
7002,0,0,XGBoost,0.9998633861541748,0.00013662222772836685
8230,0,0,XGBoost,0.9999321699142456,6.780315743526444e-05
8717,0,0,XGBoost,0.9999321699142456,6.780315743526444e-05
15285,1,1,XGBoost,0.00011205673217773438,0.9998879432678223
10069,1,1,XGBoost,7.474422454833984e-05,0.9999252557754517
8004,0,0,XGBoost,0.9999213218688965,7.868653483456001e-05
3998,0,0,XGBoost,0.9999321699142456,6.780315743526444e-05
2139,0,0,XGBoost,0.9998302459716797,0.000169737046235241
5878,0,0,XGBoost,0.999918520450592,8.147976768668741e-05
1585,0,0,XGBoost,0.9999321699142456,6.780315743526444e-05
19063,1,1,XGBoost,7.474422454833984e-05,0.9999252557754517
12526,1,1,XGBoost,7.474422454833984e-05,0.9999252557754517
9619,0,0,XGBoost,0.9999321699142456,6.780315743526444e-05
12482,1,1,XGBoost,7.474422454833984e-05,0.9999252557754517
2869,0,0,XGBoost,0.9999321699142456,6.780315743526444e-05
8609,0,0,XGBoost,0.9999321699142456,6.780315743526444e-05
9358,0,0,XGBoost,0.9999321699142456,6.780315743526444e-05
2558,0,0,XGBoost,0.9999198913574219,8.013819751795381e-05
2635,0,0,XGBoost,0.9999071359634399,9.28514200495556e-05
1232,0,0,XGBoost,0.9999213218688965,7.868653483456001e-05
16132,1,1,XGBoost,0.00022739171981811523,0.9997726082801819
12538,1,1,XGBoost,7.474422454833984e-05,0.9999252557754517
9331,0,0,XGBoost,0.9999321699142456,6.780315743526444e-05
7526,0,0,XGBoost,0.9999321699142456,6.780315743526444e-05
6116,0,0,XGBoost,0.9998564124107361,0.00014357440522871912
15594,1,1,XGBoost,0.00010085105895996094,0.99989914894104
9657,0,0,XGBoost,0.9999321699142456,6.780315743526444e-05
7830,0,0,XGBoost,0.9999321699142456,6.780315743526444e-05
1633,0,0,XGBoost,0.9999321699142456,6.780315743526444e-05
2027,0,0,XGBoost,0.999903678894043,9.630267595639452e-05
18071,1,1,XGBoost,7.474422454833984e-05,0.9999252557754517
7643,0,0,XGBoost,0.9999321699142456,6.780315743526444e-05
7956,0,0,XGBoost,0.9999321699142456,6.780315743526444e-05
8966,0,0,XGBoost,0.9999321699142456,6.780315743526444e-05
1725,0,0,XGBoost,0.9999321699142456,6.780315743526444e-05
13025,1,1,XGBoost,7.474422454833984e-05,0.9999252557754517
2427,0,0,XGBoost,0.9997456669807434,0.0002543498412705958
1198,0,0,XGBoost,0.9999321699142456,6.780315743526444e-05
10407,1,1,XGBoost,0.00026911497116088867,0.9997308850288391
2047,0,0,XGBoost,0.9997649192810059,0.00023507417063228786
2772,0,0,XGBoost,0.9999321699142456,6.780315743526444e-05
2790,0,0,XGBoost,0.9999071359634399,9.28514200495556e-05
10826,1,1,XGBoost,7.474422454833984e-05,0.9999252557754517
16998,1,1,XGBoost,7.474422454833984e-05,0.9999252557754517
1466,0,0,XGBoost,0.9999321699142456,6.780315743526444e-05
14226,1,1,XGBoost,0.00011205673217773438,0.9998879432678223
19034,1,1,XGBoost,7.474422454833984e-05,0.9999252557754517
14079,1,1,XGBoost,0.00011205673217773438,0.9998879432678223
552,0,0,XGBoost,0.9999213218688965,7.868653483456001e-05
4777,0,0,XGBoost,0.9998301863670349,0.00016981700900942087
3735,0,0,XGBoost,0.9999071359634399,9.28514200495556e-05
6090,0,0,XGBoost,0.9999321699142456,6.780315743526444e-05
4485,0,0,XGBoost,0.999921441078186,7.855967851355672e-05
17473,1,1,XGBoost,8.869171142578125e-05,0.9999113082885742
2064,0,0,XGBoost,0.9999071359634399,9.28514200495556e-05
19024,1,1,XGBoost,7.474422454833984e-05,0.9999252557754517
2720,0,0,XGBoost,0.9999213218688965,7.868653483456001e-05
18560,1,1,XGBoost,7.474422454833984e-05,0.9999252557754517
5789,0,0,XGBoost,0.999904215335846,9.580896585248411e-05
14287,1,1,XGBoost,0.00011205673217773438,0.9998879432678223
529,0,0,XGBoost,0.9998821020126343,0.00011791661381721497
1645,0,0,XGBoost,0.9997649192810059,0.00023507417063228786
7843,0,0,XGBoost,0.9999321699142456,6.780315743526444e-05
14382,1,1,XGBoost,0.00011205673217773438,0.9998879432678223
14206,1,1,XGBoost,0.00011205673217773438,0.9998879432678223
2674,0,0,XGBoost,0.999918520450592,8.147976768668741e-05
13056,1,1,XGBoost,7.474422454833984e-05,0.9999252557754517
1933,0,0,XGBoost,0.9998685121536255,0.00013151083840057254
12565,1,1,XGBoost,7.474422454833984e-05,0.9999252557754517
11028,1,1,XGBoost,7.474422454833984e-05,0.9999252557754517
12084,1,1,XGBoost,7.474422454833984e-05,0.9999252557754517
863,0,0,XGBoost,0.9999321699142456,6.780315743526444e-05
6764,0,0,XGBoost,0.9999321699142456,6.780315743526444e-05
9111,0,0,XGBoost,0.9999321699142456,6.780315743526444e-05
16335,1,1,XGBoost,0.00022011995315551758,0.9997798800468445
10576,1,1,XGBoost,0.00026911497116088867,0.9997308850288391
13425,1,1,XGBoost,7.474422454833984e-05,0.9999252557754517
12416,1,1,XGBoost,7.474422454833984e-05,0.9999252557754517
6235,0,0,XGBoost,0.9999213218688965,7.868653483456001e-05
4300,0,0,XGBoost,0.9999321699142456,6.780315743526444e-05
11365,1,1,XGBoost,9.322166442871094e-05,0.9999067783355713
16769,1,1,XGBoost,0.0001571178436279297,0.9998428821563721
9329,0,0,XGBoost,0.9999321699142456,6.780315743526444e-05
15371,1,1,XGBoost,0.00011205673217773438,0.9998879432678223
17941,1,1,XGBoost,0.00026911497116088867,0.9997308850288391
3974,0,0,XGBoost,0.9999321699142456,6.780315743526444e-05
17079,1,1,XGBoost,0.0001024007797241211,0.9998975992202759
8804,0,0,XGBoost,0.9999321699142456,6.780315743526444e-05
2116,0,0,XGBoost,0.9999321699142456,6.780315743526444e-05
12869,1,1,XGBoost,7.474422454833984e-05,0.9999252557754517
10039,1,1,XGBoost,7.474422454833984e-05,0.9999252557754517
14170,1,1,XGBoost,0.00011205673217773438,0.9998879432678223
6540,0,0,XGBoost,0.9999321699142456,6.780315743526444e-05
12326,1,1,XGBoost,7.474422454833984e-05,0.9999252557754517
6638,0,0,XGBoost,0.9999213218688965,7.868653483456001e-05
6278,0,0,XGBoost,0.9998399019241333,0.00016012646665330976
7351,0,0,XGBoost,0.9999321699142456,6.780315743526444e-05
15722,1,1,XGBoost,9.322166442871094e-05,0.9999067783355713
15766,1,1,XGBoost,0.00011205673217773438,0.9998879432678223
15193,1,1,XGBoost,0.00011205673217773438,0.9998879432678223
9046,0,0,XGBoost,0.9999321699142456,6.780315743526444e-05
6287,0,0,XGBoost,0.9999198913574219,8.013819751795381e-05
7079,0,0,XGBoost,0.9998798966407776,0.000120091914141085
1331,0,0,XGBoost,0.9999321699142456,6.780315743526444e-05
966,0,0,XGBoost,0.9998302459716797,0.000169737046235241
14623,1,1,XGBoost,0.00011205673217773438,0.9998879432678223
10533,1,1,XGBoost,0.00026911497116088867,0.9997308850288391
15507,1,1,XGBoost,0.00011205673217773438,0.9998879432678223
18709,1,1,XGBoost,7.474422454833984e-05,0.9999252557754517
10904,1,1,XGBoost,7.474422454833984e-05,0.9999252557754517
19070,1,1,XGBoost,7.474422454833984e-05,0.9999252557754517
11414,1,1,XGBoost,7.474422454833984e-05,0.9999252557754517
2443,0,0,XGBoost,0.9999213218688965,7.868653483456001e-05
13032,1,1,XGBoost,7.474422454833984e-05,0.9999252557754517
12206,1,1,XGBoost,7.474422454833984e-05,0.9999252557754517
6150,0,0,XGBoost,0.999918520450592,8.147976768668741e-05
4804,0,0,XGBoost,0.9999321699142456,6.780315743526444e-05
3294,0,0,XGBoost,0.9999321699142456,6.780315743526444e-05
7858,0,0,XGBoost,0.9999321699142456,6.780315743526444e-05
7806,0,0,XGBoost,0.9999321699142456,6.780315743526444e-05
15708,1,1,XGBoost,0.00015401840209960938,0.9998459815979004
7721,0,0,XGBoost,0.9999321699142456,6.780315743526444e-05
11199,1,1,XGBoost,7.474422454833984e-05,0.9999252557754517
13232,1,1,XGBoost,7.474422454833984e-05,0.9999252557754517
7805,0,0,XGBoost,0.9999321699142456,6.780315743526444e-05
13617,1,1,XGBoost,0.00010275840759277344,0.9998972415924072
11177,1,1,XGBoost,7.474422454833984e-05,0.9999252557754517
16473,1,1,XGBoost,0.00022739171981811523,0.9997726082801819
1040,0,0,XGBoost,0.9999071359634399,9.28514200495556e-05
2356,0,0,XGBoost,0.999898374080658,0.00010160774399992079
8715,0,0,XGBoost,0.9999321699142456,6.780315743526444e-05
18419,1,1,XGBoost,7.474422454833984e-05,0.9999252557754517
7117,0,0,XGBoost,0.9998798966407776,0.000120091914141085
15527,1,1,XGBoost,0.00011205673217773438,0.9998879432678223
1365,0,0,XGBoost,0.9996477365493774,0.00035224496969021857
1816,0,0,XGBoost,0.9999321699142456,6.780315743526444e-05
18878,1,1,XGBoost,7.474422454833984e-05,0.9999252557754517
11186,1,1,XGBoost,7.474422454833984e-05,0.9999252557754517
556,0,0,XGBoost,0.9999321699142456,6.780315743526444e-05
717,0,0,XGBoost,0.9998922348022461,0.00010775498230941594
269,0,0,XGBoost,0.9999321699142456,6.780315743526444e-05
17812,1,1,XGBoost,7.474422454833984e-05,0.9999252557754517
1252,0,0,XGBoost,0.9998882412910461,0.0001117601350415498
6257,0,0,XGBoost,0.9997697472572327,0.00023027474526315928
14280,1,1,XGBoost,0.00012981891632080078,0.9998701810836792
11642,1,1,XGBoost,7.474422454833984e-05,0.9999252557754517
4611,0,0,XGBoost,0.9998685121536255,0.00013151083840057254
17384,1,1,XGBoost,8.869171142578125e-05,0.9999113082885742
16699,1,1,XGBoost,0.0001571178436279297,0.9998428821563721
9294,0,0,XGBoost,0.9999321699142456,6.780315743526444e-05
12968,1,1,XGBoost,7.474422454833984e-05,0.9999252557754517
10430,1,1,XGBoost,0.00026911497116088867,0.9997308850288391
13508,1,1,XGBoost,7.474422454833984e-05,0.9999252557754517
539,0,0,XGBoost,0.9998821020126343,0.00011791661381721497
5429,0,0,XGBoost,0.9998608827590942,0.0001391425757901743
16661,1,1,XGBoost,0.00018197298049926758,0.9998180270195007
827,0,0,XGBoost,0.9999198913574219,8.013819751795381e-05
13511,1,1,XGBoost,7.474422454833984e-05,0.9999252557754517
7280,0,0,XGBoost,0.999918520450592,8.147976768668741e-05
2665,0,0,XGBoost,0.9999321699142456,6.780315743526444e-05
8276,0,0,XGBoost,0.9999213218688965,7.868653483456001e-05
12681,1,1,XGBoost,7.474422454833984e-05,0.9999252557754517
60,0,0,XGBoost,0.9999213218688965,7.868653483456001e-05
17927,1,1,XGBoost,0.0001214742660522461,0.9998785257339478
17297,1,1,XGBoost,0.0001214742660522461,0.9998785257339478
784,0,0,XGBoost,0.9999213218688965,7.868653483456001e-05
17955,1,1,XGBoost,7.474422454833984e-05,0.9999252557754517
17954,1,1,XGBoost,7.474422454833984e-05,0.9999252557754517
18836,1,1,XGBoost,7.474422454833984e-05,0.9999252557754517
8498,0,0,XGBoost,0.9999321699142456,6.780315743526444e-05
16192,1,1,XGBoost,0.00011205673217773438,0.9998879432678223
13119,1,1,XGBoost,7.474422454833984e-05,0.9999252557754517
5543,0,0,XGBoost,0.9998884201049805,0.00011157996050314978
18481,1,1,XGBoost,0.00011205673217773438,0.9998879432678223
8982,0,0,XGBoost,0.9999321699142456,6.780315743526444e-05
13795,1,1,XGBoost,7.474422454833984e-05,0.9999252557754517
4493,0,0,XGBoost,0.9999198913574219,8.013819751795381e-05
12658,1,1,XGBoost,7.474422454833984e-05,0.9999252557754517
4263,0,0,XGBoost,0.999918520450592,8.147976768668741e-05
466,0,0,XGBoost,0.999886691570282,0.0001133219848270528
11543,1,1,XGBoost,7.474422454833984e-05,0.9999252557754517
16598,1,1,XGBoost,0.00015151500701904297,0.999848484992981
4070,0,0,XGBoost,0.9999198913574219,8.013819751795381e-05
3741,0,0,XGBoost,0.9998922348022461,0.00010775498230941594
7221,0,0,XGBoost,0.9998882412910461,0.0001117601350415498
9002,0,0,XGBoost,0.9999321699142456,6.780315743526444e-05
9258,0,0,XGBoost,0.9999213218688965,7.868653483456001e-05
15025,1,1,XGBoost,0.00011205673217773438,0.9998879432678223
13471,1,1,XGBoost,7.474422454833984e-05,0.9999252557754517
11319,1,1,XGBoost,7.474422454833984e-05,0.9999252557754517
2713,0,0,XGBoost,0.999918520450592,8.147976768668741e-05
10571,1,1,XGBoost,0.00026911497116088867,0.9997308850288391
294,0,0,XGBoost,0.9998537302017212,0.00014626173651777208
3876,0,0,XGBoost,0.9999198913574219,8.013819751795381e-05
3748,0,0,XGBoost,0.9999321699142456,6.780315743526444e-05
1960,0,0,XGBoost,0.9999321699142456,6.780315743526444e-05
2814,0,0,XGBoost,0.9999054670333862,9.455823601456359e-05
9970,0,0,XGBoost,0.9944208860397339,0.005579086486250162
15415,1,1,XGBoost,0.00011205673217773438,0.9998879432678223
18758,1,1,XGBoost,0.00011205673217773438,0.9998879432678223
9976,0,0,XGBoost,0.9944208860397339,0.005579086486250162
5189,0,0,XGBoost,0.9999321699142456,6.780315743526444e-05
19048,1,1,XGBoost,7.474422454833984e-05,0.9999252557754517
7052,0,0,XGBoost,0.9999321699142456,6.780315743526444e-05
14907,1,1,XGBoost,0.00011205673217773438,0.9998879432678223
391,0,0,XGBoost,0.9999198913574219,8.013819751795381e-05
3719,0,0,XGBoost,0.9999321699142456,6.780315743526444e-05
10646,1,1,XGBoost,0.00026911497116088867,0.9997308850288391
7291,0,0,XGBoost,0.9999321699142456,6.780315743526444e-05
8311,0,0,XGBoost,0.9999321699142456,6.780315743526444e-05
13416,1,1,XGBoost,7.474422454833984e-05,0.9999252557754517
1007,0,0,XGBoost,0.9999321699142456,6.780315743526444e-05
17482,1,1,XGBoost,0.0001283884048461914,0.9998716115951538
3380,0,0,XGBoost,0.999918520450592,8.147976768668741e-05
825,0,0,XGBoost,0.9999321699142456,6.780315743526444e-05
7099,0,0,XGBoost,0.999898374080658,0.00010160774399992079
13744,1,1,XGBoost,7.474422454833984e-05,0.9999252557754517
3644,0,0,XGBoost,0.999886691570282,0.0001133219848270528
12385,1,1,XGBoost,7.474422454833984e-05,0.9999252557754517
16896,1,1,XGBoost,0.0001996159553527832,0.9998003840446472
9215,0,0,XGBoost,0.9999321699142456,6.780315743526444e-05
13871,1,1,XGBoost,7.474422454833984e-05,0.9999252557754517
7982,0,0,XGBoost,0.9999321699142456,6.780315743526444e-05
11043,1,1,XGBoost,7.474422454833984e-05,0.9999252557754517
8838,0,0,XGBoost,0.9999321699142456,6.780315743526444e-05
13204,1,1,XGBoost,7.474422454833984e-05,0.9999252557754517
2322,0,0,XGBoost,0.9995023012161255,0.0004976805648766458
13705,1,1,XGBoost,7.474422454833984e-05,0.9999252557754517
5901,0,0,XGBoost,0.9998606443405151,0.00013936724280938506
14853,1,1,XGBoost,0.00012981891632080078,0.9998701810836792
11097,1,1,XGBoost,7.474422454833984e-05,0.9999252557754517
15864,1,1,XGBoost,0.00011205673217773438,0.9998879432678223
17500,1,1,XGBoost,7.474422454833984e-05,0.9999252557754517
16816,1,1,XGBoost,0.0001024007797241211,0.9998975992202759
18381,1,1,XGBoost,7.474422454833984e-05,0.9999252557754517
1100,0,0,XGBoost,0.9997933506965637,0.0002066682354779914
6238,0,0,XGBoost,0.9999321699142456,6.780315743526444e-05
16979,1,1,XGBoost,7.474422454833984e-05,0.9999252557754517
3629,0,0,XGBoost,0.9998884201049805,0.00011157996050314978
4873,0,0,XGBoost,0.9998884201049805,0.00011157996050314978
14876,1,1,XGBoost,0.00011205673217773438,0.9998879432678223
6241,0,0,XGBoost,0.9999321699142456,6.780315743526444e-05
8130,0,0,XGBoost,0.9999321699142456,6.780315743526444e-05
2180,0,0,XGBoost,0.9999321699142456,6.780315743526444e-05
6035,0,0,XGBoost,0.999884843826294,0.00011513400386320427
1761,0,0,XGBoost,0.9998685121536255,0.00013151083840057254
16164,1,1,XGBoost,0.0002453923225402832,0.9997546076774597
17948,1,1,XGBoost,0.00010275840759277344,0.9998972415924072
15712,1,1,XGBoost,0.00016546249389648438,0.9998345375061035
10033,1,1,XGBoost,7.474422454833984e-05,0.9999252557754517
3775,0,0,XGBoost,0.999886691570282,0.0001133219848270528
11781,1,1,XGBoost,7.474422454833984e-05,0.9999252557754517
16692,1,1,XGBoost,0.0001571178436279297,0.9998428821563721
7246,0,0,XGBoost,0.9999198913574219,8.013819751795381e-05
4356,0,0,XGBoost,0.999886691570282,0.0001133219848270528
3177,0,0,XGBoost,0.9999321699142456,6.780315743526444e-05
13683,1,1,XGBoost,7.474422454833984e-05,0.9999252557754517
12884,1,1,XGBoost,7.474422454833984e-05,0.9999252557754517
3108,0,0,XGBoost,0.999921441078186,7.855967851355672e-05
18009,1,1,XGBoost,0.00015175342559814453,0.9998482465744019
6374,0,0,XGBoost,0.9999213218688965,7.868653483456001e-05
17387,1,1,XGBoost,0.00010275840759277344,0.9998972415924072
17010,1,1,XGBoost,9.34600830078125e-05,0.9999065399169922
6721,0,0,XGBoost,0.9999321699142456,6.780315743526444e-05
15580,1,1,XGBoost,0.00011205673217773438,0.9998879432678223
12417,1,1,XGBoost,7.474422454833984e-05,0.9999252557754517
1712,0,0,XGBoost,0.9999198913574219,8.013819751795381e-05
7268,0,0,XGBoost,0.9999321699142456,6.780315743526444e-05
5150,0,0,XGBoost,0.9999071359634399,9.28514200495556e-05
11279,1,1,XGBoost,7.474422454833984e-05,0.9999252557754517
12434,1,1,XGBoost,7.474422454833984e-05,0.9999252557754517
8452,0,0,XGBoost,0.9999321699142456,6.780315743526444e-05
4859,0,0,XGBoost,0.9999071359634399,9.28514200495556e-05
18373,1,1,XGBoost,0.00011205673217773438,0.9998879432678223
14772,1,1,XGBoost,0.00011205673217773438,0.9998879432678223
18728,1,1,XGBoost,0.00011205673217773438,0.9998879432678223
13366,1,1,XGBoost,7.474422454833984e-05,0.9999252557754517
17666,1,1,XGBoost,0.00026911497116088867,0.9997308850288391
5989,0,0,XGBoost,0.9999054670333862,9.455823601456359e-05
2162,0,0,XGBoost,0.9999321699142456,6.780315743526444e-05
10946,1,1,XGBoost,7.474422454833984e-05,0.9999252557754517
3675,0,0,XGBoost,0.9999071359634399,9.28514200495556e-05
14846,1,1,XGBoost,0.00012981891632080078,0.9998701810836792
2219,0,0,XGBoost,0.9999071359634399,9.28514200495556e-05
12615,1,1,XGBoost,7.474422454833984e-05,0.9999252557754517
17235,1,1,XGBoost,8.869171142578125e-05,0.9999113082885742
18445,1,1,XGBoost,7.474422454833984e-05,0.9999252557754517
3738,0,0,XGBoost,0.9999321699142456,6.780315743526444e-05
1687,0,0,XGBoost,0.9999321699142456,6.780315743526444e-05
10877,1,1,XGBoost,7.474422454833984e-05,0.9999252557754517
16806,1,1,XGBoost,0.00019627809524536133,0.9998037219047546
8502,0,0,XGBoost,0.9999321699142456,6.780315743526444e-05
9339,0,0,XGBoost,0.999898374080658,0.00010160774399992079
14581,1,1,XGBoost,0.00011205673217773438,0.9998879432678223
15436,1,1,XGBoost,0.00012981891632080078,0.9998701810836792
10701,1,1,XGBoost,0.0001996159553527832,0.9998003840446472
12734,1,1,XGBoost,7.474422454833984e-05,0.9999252557754517
14603,1,1,XGBoost,0.00012981891632080078,0.9998701810836792
4197,0,0,XGBoost,0.9999321699142456,6.780315743526444e-05
1276,0,0,XGBoost,0.9999071359634399,9.28514200495556e-05
3919,0,0,XGBoost,0.999918520450592,8.147976768668741e-05
4732,0,0,XGBoost,0.9999321699142456,6.780315743526444e-05
4926,0,0,XGBoost,0.999886691570282,0.0001133219848270528
4548,0,0,XGBoost,0.9999321699142456,6.780315743526444e-05
11938,1,1,XGBoost,7.474422454833984e-05,0.9999252557754517
15024,1,1,XGBoost,0.0001571178436279297,0.9998428821563721
14510,1,1,XGBoost,0.00011205673217773438,0.9998879432678223
11275,1,1,XGBoost,7.474422454833984e-05,0.9999252557754517
8482,0,0,XGBoost,0.9999321699142456,6.780315743526444e-05
9573,0,0,XGBoost,0.9999321699142456,6.780315743526444e-05
1312,0,0,XGBoost,0.9999198913574219,8.013819751795381e-05
7175,0,0,XGBoost,0.9998822808265686,0.00011772652214858681
9641,0,0,XGBoost,0.9999321699142456,6.780315743526444e-05
15122,1,1,XGBoost,0.00015342235565185547,0.9998465776443481
18509,1,1,XGBoost,9.322166442871094e-05,0.9999067783355713
3695,0,0,XGBoost,0.9999071359634399,9.28514200495556e-05
3104,0,0,XGBoost,0.9999071359634399,9.28514200495556e-05
4544,0,0,XGBoost,0.9999321699142456,6.780315743526444e-05
13873,1,1,XGBoost,7.474422454833984e-05,0.9999252557754517
8666,0,0,XGBoost,0.9999321699142456,6.780315743526444e-05
2204,0,0,XGBoost,0.9999213218688965,7.868653483456001e-05
16495,1,1,XGBoost,0.00011205673217773438,0.9998879432678223
12746,1,1,XGBoost,7.474422454833984e-05,0.9999252557754517
7426,0,0,XGBoost,0.9999321699142456,6.780315743526444e-05
10726,1,1,XGBoost,0.00026911497116088867,0.9997308850288391
5,0,0,XGBoost,0.9999321699142456,6.780315743526444e-05
502,0,0,XGBoost,0.999921441078186,7.855967851355672e-05
15140,1,1,XGBoost,0.00011205673217773438,0.9998879432678223
17296,1,1,XGBoost,0.00012791156768798828,0.999872088432312
1274,0,0,XGBoost,0.9999321699142456,6.780315743526444e-05
6059,0,0,XGBoost,0.9997175335884094,0.0002824816037900746
10528,1,1,XGBoost,0.00026911497116088867,0.9997308850288391
6228,0,0,XGBoost,0.9999088048934937,9.116948785958812e-05
14419,1,1,XGBoost,0.00011205673217773438,0.9998879432678223
13018,1,1,XGBoost,7.474422454833984e-05,0.9999252557754517
4234,0,0,XGBoost,0.9999321699142456,6.780315743526444e-05
5104,0,0,XGBoost,0.9998685121536255,0.00013151083840057254
9192,0,0,XGBoost,0.9999321699142456,6.780315743526444e-05
14491,1,1,XGBoost,0.00011205673217773438,0.9998879432678223
5182,0,0,XGBoost,0.999921441078186,7.855967851355672e-05
1028,0,0,XGBoost,0.9999321699142456,6.780315743526444e-05
10964,1,1,XGBoost,7.474422454833984e-05,0.9999252557754517
10061,1,1,XGBoost,7.474422454833984e-05,0.9999252557754517
5578,0,0,XGBoost,0.9999321699142456,6.780315743526444e-05
14821,1,1,XGBoost,0.00011205673217773438,0.9998879432678223
16397,1,1,XGBoost,0.00011205673217773438,0.9998879432678223
3157,0,0,XGBoost,0.9998922348022461,0.00010775498230941594
10744,1,1,XGBoost,0.00026911497116088867,0.9997308850288391
18992,1,1,XGBoost,7.474422454833984e-05,0.9999252557754517
19044,1,1,XGBoost,7.474422454833984e-05,0.9999252557754517
14930,1,1,XGBoost,0.00011205673217773438,0.9998879432678223
417,0,0,XGBoost,0.9999321699142456,6.780315743526444e-05
16424,1,1,XGBoost,0.00018197298049926758,0.9998180270195007
12317,1,1,XGBoost,7.474422454833984e-05,0.9999252557754517
11123,1,1,XGBoost,7.474422454833984e-05,0.9999252557754517
7892,0,0,XGBoost,0.9999321699142456,6.780315743526444e-05
8194,0,0,XGBoost,0.9999321699142456,6.780315743526444e-05
317,0,0,XGBoost,0.9999021887779236,9.780620894161984e-05
14075,1,1,XGBoost,0.00011205673217773438,0.9998879432678223
5757,0,0,XGBoost,0.9999213218688965,7.868653483456001e-05
3117,0,0,XGBoost,0.9999321699142456,6.780315743526444e-05
13798,1,1,XGBoost,7.474422454833984e-05,0.9999252557754517
19050,1,1,XGBoost,7.474422454833984e-05,0.9999252557754517
16018,1,1,XGBoost,0.00018197298049926758,0.9998180270195007
6420,0,0,XGBoost,0.9999213218688965,7.868653483456001e-05
16999,1,1,XGBoost,0.0001024007797241211,0.9998975992202759
1072,0,0,XGBoost,0.9999213218688965,7.868653483456001e-05
18971,1,1,XGBoost,7.474422454833984e-05,0.9999252557754517
6986,0,0,XGBoost,0.9999021887779236,9.780620894161984e-05
11900,1,1,XGBoost,7.474422454833984e-05,0.9999252557754517
15357,1,1,XGBoost,0.00015342235565185547,0.9998465776443481
8352,0,0,XGBoost,0.9999321699142456,6.780315743526444e-05
8363,0,0,XGBoost,0.9999321699142456,6.780315743526444e-05
5585,0,0,XGBoost,0.9996477365493774,0.00035224496969021857
15801,1,1,XGBoost,0.00011205673217773438,0.9998879432678223
10291,1,1,XGBoost,7.474422454833984e-05,0.9999252557754517
5691,0,0,XGBoost,0.9999321699142456,6.780315743526444e-05
9837,0,0,XGBoost,0.9999321699142456,6.780315743526444e-05
2645,0,0,XGBoost,0.9999321699142456,6.780315743526444e-05
4788,0,0,XGBoost,0.9999321699142456,6.780315743526444e-05
15926,1,1,XGBoost,0.0001329183578491211,0.9998670816421509
7330,0,0,XGBoost,0.9999321699142456,6.780315743526444e-05
17236,1,1,XGBoost,7.474422454833984e-05,0.9999252557754517
5252,0,0,XGBoost,0.9999321699142456,6.780315743526444e-05
7984,0,0,XGBoost,0.9999321699142456,6.780315743526444e-05
13273,1,1,XGBoost,7.474422454833984e-05,0.9999252557754517
9810,0,0,XGBoost,0.9999321699142456,6.780315743526444e-05
13000,1,1,XGBoost,7.474422454833984e-05,0.9999252557754517
6783,0,0,XGBoost,0.9999321699142456,6.780315743526444e-05
14004,1,1,XGBoost,0.00011205673217773438,0.9998879432678223
2863,0,0,XGBoost,0.9997808337211609,0.00021917482081335038
11691,1,1,XGBoost,7.474422454833984e-05,0.9999252557754517
6652,0,0,XGBoost,0.999886691570282,0.0001133219848270528
13082,1,1,XGBoost,7.474422454833984e-05,0.9999252557754517
255,0,0,XGBoost,0.9996298551559448,0.0003701654204633087
14845,1,1,XGBoost,0.00015342235565185547,0.9998465776443481
6748,0,0,XGBoost,0.9999321699142456,6.780315743526444e-05
10595,1,1,XGBoost,0.00026911497116088867,0.9997308850288391
17020,1,1,XGBoost,8.869171142578125e-05,0.9999113082885742
15902,1,1,XGBoost,0.00011205673217773438,0.9998879432678223
14249,1,1,XGBoost,0.00011205673217773438,0.9998879432678223
5892,0,0,XGBoost,0.9999321699142456,6.780315743526444e-05
5801,0,0,XGBoost,0.9999088048934937,9.116948785958812e-05
12634,1,1,XGBoost,7.474422454833984e-05,0.9999252557754517
8245,0,0,XGBoost,0.9999321699142456,6.780315743526444e-05
11172,1,1,XGBoost,7.474422454833984e-05,0.9999252557754517
1495,0,0,XGBoost,0.9999321699142456,6.780315743526444e-05
4551,0,0,XGBoost,0.9999321699142456,6.780315743526444e-05
2738,0,0,XGBoost,0.999918520450592,8.147976768668741e-05
629,0,0,XGBoost,0.9999321699142456,6.780315743526444e-05
16502,1,1,XGBoost,0.00018924474716186523,0.9998107552528381
14173,1,1,XGBoost,0.00011205673217773438,0.9998879432678223
7043,0,0,XGBoost,0.999898374080658,0.00010160774399992079
1949,0,0,XGBoost,0.9999321699142456,6.780315743526444e-05
4178,0,0,XGBoost,0.9999198913574219,8.013819751795381e-05
18667,1,1,XGBoost,0.00019627809524536133,0.9998037219047546
1828,0,0,XGBoost,0.9996477365493774,0.00035224496969021857
7709,0,0,XGBoost,0.9999321699142456,6.780315743526444e-05
19123,1,1,XGBoost,7.474422454833984e-05,0.9999252557754517
11104,1,1,XGBoost,7.474422454833984e-05,0.9999252557754517
8816,0,0,XGBoost,0.9999321699142456,6.780315743526444e-05
6294,0,0,XGBoost,0.9998922348022461,0.00010775498230941594
3890,0,0,XGBoost,0.9999321699142456,6.780315743526444e-05
8881,0,0,XGBoost,0.9999321699142456,6.780315743526444e-05
15299,1,1,XGBoost,0.00012981891632080078,0.9998701810836792
7000,0,0,XGBoost,0.9998685121536255,0.00013151083840057254
1555,0,0,XGBoost,0.9999198913574219,8.013819751795381e-05
4735,0,0,XGBoost,0.9999213218688965,7.868653483456001e-05
10374,1,1,XGBoost,7.474422454833984e-05,0.9999252557754517
3354,0,0,XGBoost,0.999918520450592,8.147976768668741e-05
951,0,0,XGBoost,0.9999321699142456,6.780315743526444e-05
14317,1,1,XGBoost,0.00011205673217773438,0.9998879432678223
5765,0,0,XGBoost,0.9999213218688965,7.868653483456001e-05
13642,1,1,XGBoost,7.474422454833984e-05,0.9999252557754517
13600,1,1,XGBoost,7.474422454833984e-05,0.9999252557754517
9058,0,0,XGBoost,0.9999321699142456,6.780315743526444e-05
1997,0,0,XGBoost,0.9999071359634399,9.28514200495556e-05
5346,0,0,XGBoost,0.9999071359634399,9.28514200495556e-05
1810,0,0,XGBoost,0.9999321699142456,6.780315743526444e-05
18929,1,1,XGBoost,7.474422454833984e-05,0.9999252557754517
6413,0,0,XGBoost,0.9999070167541504,9.300134843215346e-05
13841,1,1,XGBoost,7.474422454833984e-05,0.9999252557754517
8754,0,0,XGBoost,0.9999321699142456,6.780315743526444e-05
4187,0,0,XGBoost,0.9999071359634399,9.28514200495556e-05
17864,1,1,XGBoost,8.666515350341797e-05,0.9999133348464966
10468,1,1,XGBoost,0.00026911497116088867,0.9997308850288391
11619,1,1,XGBoost,7.474422454833984e-05,0.9999252557754517
10837,1,1,XGBoost,7.474422454833984e-05,0.9999252557754517
12407,1,1,XGBoost,7.474422454833984e-05,0.9999252557754517
17622,1,1,XGBoost,0.0002269148826599121,0.9997730851173401
3342,0,0,XGBoost,0.9999321699142456,6.780315743526444e-05
17151,1,1,XGBoost,0.00012791156768798828,0.999872088432312
955,0,0,XGBoost,0.999886691570282,0.0001133219848270528
11719,1,1,XGBoost,7.474422454833984e-05,0.9999252557754517
3368,0,0,XGBoost,0.9998633861541748,0.00013662222772836685
14416,1,1,XGBoost,0.00011205673217773438,0.9998879432678223
15131,1,1,XGBoost,0.00018197298049926758,0.9998180270195007
16656,1,1,XGBoost,0.00022739171981811523,0.9997726082801819
3638,0,0,XGBoost,0.9999321699142456,6.780315743526444e-05
3273,0,0,XGBoost,0.9999321699142456,6.780315743526444e-05
14356,1,1,XGBoost,0.00011205673217773438,0.9998879432678223
17792,1,1,XGBoost,7.474422454833984e-05,0.9999252557754517
559,0,0,XGBoost,0.9998302459716797,0.000169737046235241
10992,1,1,XGBoost,7.474422454833984e-05,0.9999252557754517
4637,0,0,XGBoost,0.9999321699142456,6.780315743526444e-05
2747,0,0,XGBoost,0.9999321699142456,6.780315743526444e-05
3683,0,0,XGBoost,0.9999321699142456,6.780315743526444e-05
18180,1,1,XGBoost,7.474422454833984e-05,0.9999252557754517
12284,1,1,XGBoost,7.474422454833984e-05,0.9999252557754517
9852,0,0,XGBoost,0.9999321699142456,6.780315743526444e-05
206,0,0,XGBoost,0.999898374080658,0.00010160774399992079
3124,0,0,XGBoost,0.9999321699142456,6.780315743526444e-05
18314,1,1,XGBoost,7.474422454833984e-05,0.9999252557754517
10749,1,1,XGBoost,0.00026911497116088867,0.9997308850288391
1069,0,0,XGBoost,0.9999070167541504,9.300134843215346e-05
18305,1,1,XGBoost,7.474422454833984e-05,0.9999252557754517
17843,1,1,XGBoost,7.474422454833984e-05,0.9999252557754517
8695,0,0,XGBoost,0.9999213218688965,7.868653483456001e-05
4658,0,0,XGBoost,0.9999213218688965,7.868653483456001e-05
13699,1,1,XGBoost,7.474422454833984e-05,0.9999252557754517
15954,1,1,XGBoost,0.0003064870834350586,0.9996935129165649
6172,0,0,XGBoost,0.9999321699142456,6.780315743526444e-05
9367,0,0,XGBoost,0.9999321699142456,6.780315743526444e-05
9409,0,0,XGBoost,0.9999321699142456,6.780315743526444e-05
11428,1,1,XGBoost,9.322166442871094e-05,0.9999067783355713
8691,0,0,XGBoost,0.9999321699142456,6.780315743526444e-05
8345,0,0,XGBoost,0.9999321699142456,6.780315743526444e-05
10477,1,1,XGBoost,0.00026911497116088867,0.9997308850288391
16025,1,1,XGBoost,0.00011205673217773438,0.9998879432678223
13040,1,1,XGBoost,7.474422454833984e-05,0.9999252557754517
14015,1,1,XGBoost,0.00011205673217773438,0.9998879432678223
1394,0,0,XGBoost,0.9996477365493774,0.00035224496969021857
15825,1,1,XGBoost,0.00011205673217773438,0.9998879432678223
5535,0,0,XGBoost,0.9998537302017212,0.00014626173651777208
12628,1,1,XGBoost,7.474422454833984e-05,0.9999252557754517
10174,1,1,XGBoost,7.474422454833984e-05,0.9999252557754517
5237,0,0,XGBoost,0.9995023012161255,0.0004976805648766458
15957,1,1,XGBoost,0.00018197298049926758,0.9998180270195007
8787,0,0,XGBoost,0.9999321699142456,6.780315743526444e-05
6028,0,0,XGBoost,0.9999198913574219,8.013819751795381e-05
14735,1,1,XGBoost,0.00011205673217773438,0.9998879432678223
12609,1,1,XGBoost,7.474422454833984e-05,0.9999252557754517
16253,1,1,XGBoost,0.00018197298049926758,0.9998180270195007
3760,0,0,XGBoost,0.9999071359634399,9.28514200495556e-05
10719,1,1,XGBoost,0.00016891956329345703,0.9998310804367065
15359,1,1,XGBoost,0.00013244152069091797,0.9998675584793091
7641,0,0,XGBoost,0.9999321699142456,6.780315743526444e-05
3291,0,0,XGBoost,0.9999321699142456,6.780315743526444e-05
18607,1,1,XGBoost,7.474422454833984e-05,0.9999252557754517
12833,1,1,XGBoost,7.474422454833984e-05,0.9999252557754517
14299,1,1,XGBoost,0.00011205673217773438,0.9998879432678223
6229,0,0,XGBoost,0.999918520450592,8.147976768668741e-05
13609,1,1,XGBoost,7.474422454833984e-05,0.9999252557754517
10197,1,1,XGBoost,7.474422454833984e-05,0.9999252557754517
13068,1,1,XGBoost,7.474422454833984e-05,0.9999252557754517
7137,0,0,XGBoost,0.9999213218688965,7.868653483456001e-05
1581,0,0,XGBoost,0.9999071359634399,9.28514200495556e-05
6780,0,0,XGBoost,0.9996477365493774,0.00035224496969021857
9210,0,0,XGBoost,0.9999321699142456,6.780315743526444e-05
8125,0,0,XGBoost,0.9999321699142456,6.780315743526444e-05
11897,1,1,XGBoost,7.474422454833984e-05,0.9999252557754517
7098,0,0,XGBoost,0.9999321699142456,6.780315743526444e-05
9376,0,0,XGBoost,0.9999321699142456,6.780315743526444e-05
11903,1,1,XGBoost,7.474422454833984e-05,0.9999252557754517
11272,1,1,XGBoost,7.474422454833984e-05,0.9999252557754517
4495,0,0,XGBoost,0.9999321699142456,6.780315743526444e-05
15290,1,1,XGBoost,0.00018197298049926758,0.9998180270195007
7035,0,0,XGBoost,0.9999213218688965,7.868653483456001e-05
2832,0,0,XGBoost,0.9999071359634399,9.28514200495556e-05
4431,0,0,XGBoost,0.9999198913574219,8.013819751795381e-05
9187,0,0,XGBoost,0.9999321699142456,6.780315743526444e-05
18643,1,1,XGBoost,7.474422454833984e-05,0.9999252557754517
16951,1,1,XGBoost,0.0001283884048461914,0.9998716115951538
14555,1,1,XGBoost,0.00012981891632080078,0.9998701810836792
10380,1,1,XGBoost,0.00026911497116088867,0.9997308850288391
5043,0,0,XGBoost,0.9998821020126343,0.00011791661381721497
11273,1,1,XGBoost,7.474422454833984e-05,0.9999252557754517
11280,1,1,XGBoost,7.474422454833984e-05,0.9999252557754517
8442,0,0,XGBoost,0.9999213218688965,7.868653483456001e-05
2557,0,0,XGBoost,0.999921441078186,7.855967851355672e-05
12512,1,1,XGBoost,7.474422454833984e-05,0.9999252557754517
15511,1,1,XGBoost,0.00011205673217773438,0.9998879432678223
15917,1,1,XGBoost,0.00011205673217773438,0.9998879432678223
698,0,0,XGBoost,0.9997649192810059,0.00023507417063228786
7603,0,0,XGBoost,0.9999321699142456,6.780315743526444e-05
4143,0,0,XGBoost,0.9999321699142456,6.780315743526444e-05
1353,0,0,XGBoost,0.9999213218688965,7.868653483456001e-05
10862,1,1,XGBoost,7.474422454833984e-05,0.9999252557754517
404,0,0,XGBoost,0.999886691570282,0.0001133219848270528
14168,1,1,XGBoost,0.00018197298049926758,0.9998180270195007
8120,0,0,XGBoost,0.9999321699142456,6.780315743526444e-05
6944,0,0,XGBoost,0.9998821020126343,0.00011791661381721497
7241,0,0,XGBoost,0.9996477365493774,0.00035224496969021857
9748,0,0,XGBoost,0.9999321699142456,6.780315743526444e-05
16539,1,1,XGBoost,9.322166442871094e-05,0.9999067783355713
11654,1,1,XGBoost,7.474422454833984e-05,0.9999252557754517
15728,1,1,XGBoost,0.00011205673217773438,0.9998879432678223
8947,0,0,XGBoost,0.9999321699142456,6.780315743526444e-05
17046,1,1,XGBoost,0.0001283884048461914,0.9998716115951538
1122,0,0,XGBoost,0.9999321699142456,6.780315743526444e-05
1591,0,0,XGBoost,0.9999071359634399,9.28514200495556e-05
14400,1,1,XGBoost,0.00012981891632080078,0.9998701810836792
14564,1,1,XGBoost,0.00011205673217773438,0.9998879432678223
16071,1,1,XGBoost,0.00022739171981811523,0.9997726082801819
18656,1,1,XGBoost,7.474422454833984e-05,0.9999252557754517
3506,0,0,XGBoost,0.9999321699142456,6.780315743526444e-05
1150,0,0,XGBoost,0.999886691570282,0.0001133219848270528
10390,1,1,XGBoost,0.00026911497116088867,0.9997308850288391
4547,0,0,XGBoost,0.999921441078186,7.855967851355672e-05
4232,0,0,XGBoost,0.999886691570282,0.0001133219848270528
523,0,0,XGBoost,0.9999321699142456,6.780315743526444e-05
5126,0,0,XGBoost,0.9998922348022461,0.00010775498230941594
16252,1,1,XGBoost,7.474422454833984e-05,0.9999252557754517
542,0,0,XGBoost,0.9998865127563477,0.00011350496060913429
11929,1,1,XGBoost,7.474422454833984e-05,0.9999252557754517
4109,0,0,XGBoost,0.9998638033866882,0.00013617896183859557
11106,1,1,XGBoost,7.474422454833984e-05,0.9999252557754517
8932,0,0,XGBoost,0.999918520450592,8.147976768668741e-05
571,0,0,XGBoost,0.9999321699142456,6.780315743526444e-05
5530,0,0,XGBoost,0.9999321699142456,6.780315743526444e-05
18669,1,1,XGBoost,0.00011205673217773438,0.9998879432678223
4358,0,0,XGBoost,0.9997960329055786,0.00020397061598487198
17483,1,1,XGBoost,0.00015175342559814453,0.9998482465744019
4073,0,0,XGBoost,0.9999321699142456,6.780315743526444e-05
260,0,0,XGBoost,0.9999321699142456,6.780315743526444e-05
8135,0,0,XGBoost,0.9999321699142456,6.780315743526444e-05
14222,1,1,XGBoost,0.00011205673217773438,0.9998879432678223
3818,0,0,XGBoost,0.9999321699142456,6.780315743526444e-05
18640,1,1,XGBoost,0.00011205673217773438,0.9998879432678223
14026,1,1,XGBoost,0.00011205673217773438,0.9998879432678223
16874,1,1,XGBoost,0.0001024007797241211,0.9998975992202759
8972,0,0,XGBoost,0.999898374080658,0.00010160774399992079
15206,1,1,XGBoost,0.00015342235565185547,0.9998465776443481
7045,0,0,XGBoost,0.9998564124107361,0.00014357440522871912
10677,1,1,XGBoost,0.00016891956329345703,0.9998310804367065
16140,1,1,XGBoost,0.00022739171981811523,0.9997726082801819
10403,1,1,XGBoost,0.00026911497116088867,0.9997308850288391
11767,1,1,XGBoost,7.474422454833984e-05,0.9999252557754517
16180,1,1,XGBoost,0.00015342235565185547,0.9998465776443481
924,0,0,XGBoost,0.9999321699142456,6.780315743526444e-05
7483,0,0,XGBoost,0.9998884201049805,0.00011157996050314978
7227,0,0,XGBoost,0.999918520450592,8.147976768668741e-05
16996,1,1,XGBoost,0.0001214742660522461,0.9998785257339478
3170,0,0,XGBoost,0.9999321699142456,6.780315743526444e-05
4737,0,0,XGBoost,0.9999321699142456,6.780315743526444e-05
4206,0,0,XGBoost,0.9999321699142456,6.780315743526444e-05
4445,0,0,XGBoost,0.999886691570282,0.0001133219848270528
10476,1,1,XGBoost,0.00026911497116088867,0.9997308850288391
8241,0,0,XGBoost,0.9999213218688965,7.868653483456001e-05
18366,1,1,XGBoost,0.00011205673217773438,0.9998879432678223
11637,1,1,XGBoost,7.474422454833984e-05,0.9999252557754517
7392,0,0,XGBoost,0.9999213218688965,7.868653483456001e-05
16595,1,1,XGBoost,0.00014138221740722656,0.9998586177825928
17970,1,1,XGBoost,7.474422454833984e-05,0.9999252557754517
13352,1,1,XGBoost,7.474422454833984e-05,0.9999252557754517
15053,1,1,XGBoost,0.00011205673217773438,0.9998879432678223
18313,1,1,XGBoost,7.474422454833984e-05,0.9999252557754517
8533,0,0,XGBoost,0.9999321699142456,6.780315743526444e-05
14182,1,1,XGBoost,0.00015342235565185547,0.9998465776443481
15544,1,1,XGBoost,0.00011205673217773438,0.9998879432678223
17133,1,1,XGBoost,7.474422454833984e-05,0.9999252557754517
17731,1,1,XGBoost,0.00015175342559814453,0.9998482465744019
8002,0,0,XGBoost,0.9999321699142456,6.780315743526444e-05
15425,1,1,XGBoost,0.00018197298049926758,0.9998180270195007
14481,1,1,XGBoost,0.00011205673217773438,0.9998879432678223
15965,1,1,XGBoost,0.00018197298049926758,0.9998180270195007
10634,1,1,XGBoost,0.00026911497116088867,0.9997308850288391
7339,0,0,XGBoost,0.9999321699142456,6.780315743526444e-05
14431,1,1,XGBoost,0.00011205673217773438,0.9998879432678223
7833,0,0,XGBoost,0.9999321699142456,6.780315743526444e-05
3763,0,0,XGBoost,0.9999071359634399,9.28514200495556e-05
12738,1,1,XGBoost,7.474422454833984e-05,0.9999252557754517
1077,0,0,XGBoost,0.9999321699142456,6.780315743526444e-05
14916,1,1,XGBoost,0.00011205673217773438,0.9998879432678223
8555,0,0,XGBoost,0.9999321699142456,6.780315743526444e-05
2000,0,0,XGBoost,0.9998302459716797,0.000169737046235241
17356,1,1,XGBoost,0.0001214742660522461,0.9998785257339478
6212,0,0,XGBoost,0.99984210729599,0.00015791963960509747
7543,0,0,XGBoost,0.9999321699142456,6.780315743526444e-05
5782,0,0,XGBoost,0.9999321699142456,6.780315743526444e-05
5463,0,0,XGBoost,0.999886691570282,0.0001133219848270528
390,0,0,XGBoost,0.9999321699142456,6.780315743526444e-05
12071,1,1,XGBoost,7.474422454833984e-05,0.9999252557754517
3911,0,0,XGBoost,0.9999321699142456,6.780315743526444e-05
9401,0,0,XGBoost,0.9999321699142456,6.780315743526444e-05
3327,0,0,XGBoost,0.9999321699142456,6.780315743526444e-05
11988,1,1,XGBoost,7.474422454833984e-05,0.9999252557754517
7400,0,0,XGBoost,0.9998301863670349,0.00016981700900942087
10889,1,1,XGBoost,7.474422454833984e-05,0.9999252557754517
1389,0,0,XGBoost,0.999921441078186,7.855967851355672e-05
583,0,0,XGBoost,0.9999321699142456,6.780315743526444e-05
17628,1,1,XGBoost,0.00026911497116088867,0.9997308850288391
16754,1,1,XGBoost,0.00022739171981811523,0.9997726082801819
18766,1,1,XGBoost,9.322166442871094e-05,0.9999067783355713
1804,0,0,XGBoost,0.9999321699142456,6.780315743526444e-05
16419,1,1,XGBoost,0.0001329183578491211,0.9998670816421509
10655,1,1,XGBoost,0.00016891956329345703,0.9998310804367065
16569,1,1,XGBoost,0.0001329183578491211,0.9998670816421509
11233,1,1,XGBoost,7.474422454833984e-05,0.9999252557754517
18796,1,1,XGBoost,7.474422454833984e-05,0.9999252557754517
17949,1,1,XGBoost,7.474422454833984e-05,0.9999252557754517
17893,1,1,XGBoost,0.0001283884048461914,0.9998716115951538
4175,0,0,XGBoost,0.9999321699142456,6.780315743526444e-05
13976,1,1,XGBoost,0.00011205673217773438,0.9998879432678223
11734,1,1,XGBoost,7.474422454833984e-05,0.9999252557754517
11439,1,1,XGBoost,0.00011205673217773438,0.9998879432678223
17013,1,1,XGBoost,7.474422454833984e-05,0.9999252557754517
6122,0,0,XGBoost,0.999921441078186,7.855967851355672e-05
1757,0,0,XGBoost,0.9999321699142456,6.780315743526444e-05
2479,0,0,XGBoost,0.9998302459716797,0.000169737046235241
9715,0,0,XGBoost,0.9999321699142456,6.780315743526444e-05
2920,0,0,XGBoost,0.999918520450592,8.147976768668741e-05
15461,1,1,XGBoost,0.00011205673217773438,0.9998879432678223
15582,1,1,XGBoost,0.00011205673217773438,0.9998879432678223
7240,0,0,XGBoost,0.9999321699142456,6.780315743526444e-05
11387,1,1,XGBoost,9.322166442871094e-05,0.9999067783355713
5962,0,0,XGBoost,0.9997933506965637,0.0002066682354779914
4662,0,0,XGBoost,0.9999321699142456,6.780315743526444e-05
9106,0,0,XGBoost,0.9999321699142456,6.780315743526444e-05
11943,1,1,XGBoost,7.474422454833984e-05,0.9999252557754517
4893,0,0,XGBoost,0.999918520450592,8.147976768668741e-05
18707,1,1,XGBoost,0.00011205673217773438,0.9998879432678223
10831,1,1,XGBoost,7.474422454833984e-05,0.9999252557754517
9762,0,0,XGBoost,0.9999321699142456,6.780315743526444e-05
4153,0,0,XGBoost,0.999886691570282,0.0001133219848270528
14080,1,1,XGBoost,0.00011205673217773438,0.9998879432678223
6809,0,0,XGBoost,0.9999198913574219,8.013819751795381e-05
12278,1,1,XGBoost,7.474422454833984e-05,0.9999252557754517
5101,0,0,XGBoost,0.9999321699142456,6.780315743526444e-05
11703,1,1,XGBoost,7.474422454833984e-05,0.9999252557754517
14575,1,1,XGBoost,0.00012981891632080078,0.9998701810836792
18369,1,1,XGBoost,7.474422454833984e-05,0.9999252557754517
4142,0,0,XGBoost,0.9999321699142456,6.780315743526444e-05
9927,0,0,XGBoost,0.9999321699142456,6.780315743526444e-05
2871,0,0,XGBoost,0.9999071359634399,9.28514200495556e-05
8190,0,0,XGBoost,0.9999321699142456,6.780315743526444e-05
11372,1,1,XGBoost,7.474422454833984e-05,0.9999252557754517
15311,1,1,XGBoost,9.322166442871094e-05,0.9999067783355713
10255,1,1,XGBoost,7.474422454833984e-05,0.9999252557754517
6602,0,0,XGBoost,0.9999321699142456,6.780315743526444e-05
18756,1,1,XGBoost,7.474422454833984e-05,0.9999252557754517
18770,1,1,XGBoost,0.00011205673217773438,0.9998879432678223
18644,1,1,XGBoost,0.00011205673217773438,0.9998879432678223
8996,0,0,XGBoost,0.9999321699142456,6.780315743526444e-05
5116,0,0,XGBoost,0.9999071359634399,9.28514200495556e-05
9707,0,0,XGBoost,0.9999321699142456,6.780315743526444e-05
2385,0,0,XGBoost,0.9999213218688965,7.868653483456001e-05
1605,0,0,XGBoost,0.9999071359634399,9.28514200495556e-05
12727,1,1,XGBoost,7.474422454833984e-05,0.9999252557754517
1667,0,0,XGBoost,0.9999321699142456,6.780315743526444e-05
8905,0,0,XGBoost,0.9999321699142456,6.780315743526444e-05
11191,1,1,XGBoost,7.474422454833984e-05,0.9999252557754517
7206,0,0,XGBoost,0.9999321699142456,6.780315743526444e-05
10810,1,1,XGBoost,7.474422454833984e-05,0.9999252557754517
2539,0,0,XGBoost,0.9999321699142456,6.780315743526444e-05
12410,1,1,XGBoost,7.474422454833984e-05,0.9999252557754517
18984,1,1,XGBoost,7.474422454833984e-05,0.9999252557754517
15146,1,1,XGBoost,0.00012981891632080078,0.9998701810836792
12053,1,1,XGBoost,7.474422454833984e-05,0.9999252557754517
6869,0,0,XGBoost,0.9997649192810059,0.00023507417063228786
11648,1,1,XGBoost,7.474422454833984e-05,0.9999252557754517
10516,1,1,XGBoost,0.00026911497116088867,0.9997308850288391
15700,1,1,XGBoost,0.00011205673217773438,0.9998879432678223
16363,1,1,XGBoost,0.00011205673217773438,0.9998879432678223
6776,0,0,XGBoost,0.9999321699142456,6.780315743526444e-05
3679,0,0,XGBoost,0.9999071359634399,9.28514200495556e-05
11880,1,1,XGBoost,7.474422454833984e-05,0.9999252557754517
7644,0,0,XGBoost,0.9999321699142456,6.780315743526444e-05
11511,1,1,XGBoost,7.474422454833984e-05,0.9999252557754517
13616,1,1,XGBoost,7.474422454833984e-05,0.9999252557754517
1063,0,0,XGBoost,0.9999321699142456,6.780315743526444e-05
10762,1,1,XGBoost,0.00026911497116088867,0.9997308850288391
7561,0,0,XGBoost,0.9999321699142456,6.780315743526444e-05
2983,0,0,XGBoost,0.999918520450592,8.147976768668741e-05
3083,0,0,XGBoost,0.9999321699142456,6.780315743526444e-05
6573,0,0,XGBoost,0.9998798966407776,0.000120091914141085
10514,1,1,XGBoost,0.00026911497116088867,0.9997308850288391
7192,0,0,XGBoost,0.999918520450592,8.147976768668741e-05
7560,0,0,XGBoost,0.9999321699142456,6.780315743526444e-05
7326,0,0,XGBoost,0.9999321699142456,6.780315743526444e-05
1604,0,0,XGBoost,0.9999321699142456,6.780315743526444e-05
14748,1,1,XGBoost,0.0001329183578491211,0.9998670816421509
4811,0,0,XGBoost,0.9999321699142456,6.780315743526444e-05
8154,0,0,XGBoost,0.9999321699142456,6.780315743526444e-05
11401,1,1,XGBoost,0.00011205673217773438,0.9998879432678223
4188,0,0,XGBoost,0.9999321699142456,6.780315743526444e-05
2403,0,0,XGBoost,0.999904215335846,9.580896585248411e-05
10329,1,1,XGBoost,7.474422454833984e-05,0.9999252557754517
21,0,0,XGBoost,0.999886691570282,0.0001133219848270528
15208,1,1,XGBoost,0.00012981891632080078,0.9998701810836792
140,0,0,XGBoost,0.9996477365493774,0.00035224496969021857
4406,0,0,XGBoost,0.9999321699142456,6.780315743526444e-05
5315,0,0,XGBoost,0.9998685121536255,0.00013151083840057254
5319,0,0,XGBoost,0.9999321699142456,6.780315743526444e-05
606,0,0,XGBoost,0.9999321699142456,6.780315743526444e-05
1733,0,0,XGBoost,0.999921441078186,7.855967851355672e-05
16155,1,1,XGBoost,0.00021773576736450195,0.9997822642326355
419,0,0,XGBoost,0.9999321699142456,6.780315743526444e-05
72,0,0,XGBoost,0.9997960329055786,0.00020397061598487198
13888,1,1,XGBoost,7.474422454833984e-05,0.9999252557754517
5565,0,0,XGBoost,0.9995023012161255,0.0004976805648766458
12448,1,1,XGBoost,7.474422454833984e-05,0.9999252557754517
16310,1,1,XGBoost,8.869171142578125e-05,0.9999113082885742
4492,0,0,XGBoost,0.9999321699142456,6.780315743526444e-05
15976,1,1,XGBoost,0.00015342235565185547,0.9998465776443481
14941,1,1,XGBoost,0.00012981891632080078,0.9998701810836792
12403,1,1,XGBoost,7.474422454833984e-05,0.9999252557754517
2065,0,0,XGBoost,0.9999198913574219,8.013819751795381e-05
18846,1,1,XGBoost,7.474422454833984e-05,0.9999252557754517
11744,1,1,XGBoost,7.474422454833984e-05,0.9999252557754517
17206,1,1,XGBoost,0.0001024007797241211,0.9998975992202759
18092,1,1,XGBoost,0.00011086463928222656,0.9998891353607178
7164,0,0,XGBoost,0.9998922348022461,0.00010775498230941594
18593,1,1,XGBoost,7.474422454833984e-05,0.9999252557754517
6988,0,0,XGBoost,0.9999071359634399,9.28514200495556e-05
6737,0,0,XGBoost,0.9998385310173035,0.00016147510905284435
1959,0,0,XGBoost,0.9999071359634399,9.28514200495556e-05
1016,0,0,XGBoost,0.9998685121536255,0.00013151083840057254
18204,1,1,XGBoost,9.322166442871094e-05,0.9999067783355713
306,0,0,XGBoost,0.9999321699142456,6.780315743526444e-05
1267,0,0,XGBoost,0.9999321699142456,6.780315743526444e-05
560,0,0,XGBoost,0.9999321699142456,6.780315743526444e-05
8493,0,0,XGBoost,0.9999321699142456,6.780315743526444e-05
2190,0,0,XGBoost,0.9999321699142456,6.780315743526444e-05
12342,1,1,XGBoost,7.474422454833984e-05,0.9999252557754517
6937,0,0,XGBoost,0.999886691570282,0.0001133219848270528
6677,0,0,XGBoost,0.9998242259025574,0.0001757614954840392
16053,1,1,XGBoost,0.00015342235565185547,0.9998465776443481
9612,0,0,XGBoost,0.9999213218688965,7.868653483456001e-05
17382,1,1,XGBoost,0.00010275840759277344,0.9998972415924072
688,0,0,XGBoost,0.9999321699142456,6.780315743526444e-05
12854,1,1,XGBoost,7.474422454833984e-05,0.9999252557754517
7967,0,0,XGBoost,0.9999321699142456,6.780315743526444e-05
2198,0,0,XGBoost,0.9999321699142456,6.780315743526444e-05
2482,0,0,XGBoost,0.9999213218688965,7.868653483456001e-05
4973,0,0,XGBoost,0.9999071359634399,9.28514200495556e-05
17926,1,1,XGBoost,7.474422454833984e-05,0.9999252557754517
5249,0,0,XGBoost,0.9998029470443726,0.00019707187311723828
13900,1,1,XGBoost,7.474422454833984e-05,0.9999252557754517
16423,1,1,XGBoost,0.0002117753028869629,0.999788224697113
13586,1,1,XGBoost,7.474422454833984e-05,0.9999252557754517
6190,0,0,XGBoost,0.9999321699142456,6.780315743526444e-05
17243,1,1,XGBoost,0.0001214742660522461,0.9998785257339478
17977,1,1,XGBoost,0.0001996159553527832,0.9998003840446472
10579,1,1,XGBoost,0.00026911497116088867,0.9997308850288391
9435,0,0,XGBoost,0.9999321699142456,6.780315743526444e-05
1065,0,0,XGBoost,0.999898374080658,0.00010160774399992079
15033,1,1,XGBoost,0.00012981891632080078,0.9998701810836792
16195,1,1,XGBoost,0.00019627809524536133,0.9998037219047546
14927,1,1,XGBoost,0.00011205673217773438,0.9998879432678223
14041,1,1,XGBoost,0.00011205673217773438,0.9998879432678223
15753,1,1,XGBoost,0.00011205673217773438,0.9998879432678223
6565,0,0,XGBoost,0.9998606443405151,0.00013936724280938506
8056,0,0,XGBoost,0.9999321699142456,6.780315743526444e-05
4346,0,0,XGBoost,0.9998537302017212,0.00014626173651777208
13549,1,1,XGBoost,7.474422454833984e-05,0.9999252557754517
5760,0,0,XGBoost,0.9999071359634399,9.28514200495556e-05
12970,1,1,XGBoost,7.474422454833984e-05,0.9999252557754517
16840,1,1,XGBoost,0.00017249584197998047,0.99982750415802
12458,1,1,XGBoost,7.474422454833984e-05,0.9999252557754517
12221,1,1,XGBoost,7.474422454833984e-05,0.9999252557754517
15480,1,1,XGBoost,7.474422454833984e-05,0.9999252557754517
2923,0,0,XGBoost,0.999921441078186,7.855967851355672e-05
4167,0,0,XGBoost,0.9998419880867004,0.00015803593851160258
11245,1,1,XGBoost,7.474422454833984e-05,0.9999252557754517
15508,1,1,XGBoost,9.322166442871094e-05,0.9999067783355713
14499,1,1,XGBoost,0.00011205673217773438,0.9998879432678223
16771,1,1,XGBoost,0.00022739171981811523,0.9997726082801819
18468,1,1,XGBoost,7.474422454833984e-05,0.9999252557754517
11925,1,1,XGBoost,7.474422454833984e-05,0.9999252557754517
4642,0,0,XGBoost,0.9999321699142456,6.780315743526444e-05
14465,1,1,XGBoost,0.00012981891632080078,0.9998701810836792
1241,0,0,XGBoost,0.9999071359634399,9.28514200495556e-05
1908,0,0,XGBoost,0.9998537302017212,0.00014626173651777208
11715,1,1,XGBoost,7.474422454833984e-05,0.9999252557754517
7446,0,0,XGBoost,0.9999321699142456,6.780315743526444e-05
12678,1,1,XGBoost,7.474422454833984e-05,0.9999252557754517
2866,0,0,XGBoost,0.9999321699142456,6.780315743526444e-05
2428,0,0,XGBoost,0.9999198913574219,8.013819751795381e-05
11833,1,1,XGBoost,7.474422454833984e-05,0.9999252557754517
12003,1,1,XGBoost,7.474422454833984e-05,0.9999252557754517
5393,0,0,XGBoost,0.9999321699142456,6.780315743526444e-05
3814,0,0,XGBoost,0.999898374080658,0.00010160774399992079
13951,1,1,XGBoost,0.00012981891632080078,0.9998701810836792
17081,1,1,XGBoost,7.474422454833984e-05,0.9999252557754517
2745,0,0,XGBoost,0.9999321699142456,6.780315743526444e-05
12096,1,1,XGBoost,7.474422454833984e-05,0.9999252557754517
3427,0,0,XGBoost,0.9999071359634399,9.28514200495556e-05
8647,0,0,XGBoost,0.9999213218688965,7.868653483456001e-05
14362,1,1,XGBoost,0.00011205673217773438,0.9998879432678223
8347,0,0,XGBoost,0.9999321699142456,6.780315743526444e-05
15604,1,1,XGBoost,0.00015342235565185547,0.9998465776443481
249,0,0,XGBoost,0.9999321699142456,6.780315743526444e-05
7473,0,0,XGBoost,0.9998685121536255,0.00013151083840057254
13632,1,1,XGBoost,7.474422454833984e-05,0.9999252557754517
13939,1,1,XGBoost,7.474422454833984e-05,0.9999252557754517
14919,1,1,XGBoost,0.00012981891632080078,0.9998701810836792
7141,0,0,XGBoost,0.9998821020126343,0.00011791661381721497
943,0,0,XGBoost,0.999886691570282,0.0001133219848270528
15217,1,1,XGBoost,0.00011205673217773438,0.9998879432678223
15431,1,1,XGBoost,0.00013244152069091797,0.9998675584793091
9274,0,0,XGBoost,0.9999321699142456,6.780315743526444e-05
4389,0,0,XGBoost,0.9999321699142456,6.780315743526444e-05
10550,1,1,XGBoost,0.00026911497116088867,0.9997308850288391
3665,0,0,XGBoost,0.9999321699142456,6.780315743526444e-05
17271,1,1,XGBoost,0.0001024007797241211,0.9998975992202759
14471,1,1,XGBoost,0.00011205673217773438,0.9998879432678223
15361,1,1,XGBoost,0.00011205673217773438,0.9998879432678223
2632,0,0,XGBoost,0.9999321699142456,6.780315743526444e-05
13671,1,1,XGBoost,7.474422454833984e-05,0.9999252557754517
10675,1,1,XGBoost,0.00026911497116088867,0.9997308850288391
1528,0,0,XGBoost,0.9999321699142456,6.780315743526444e-05
17067,1,1,XGBoost,7.474422454833984e-05,0.9999252557754517
18318,1,1,XGBoost,0.00011205673217773438,0.9998879432678223
3432,0,0,XGBoost,0.9999321699142456,6.780315743526444e-05
18252,1,1,XGBoost,0.00011205673217773438,0.9998879432678223
16211,1,1,XGBoost,0.00011205673217773438,0.9998879432678223
1939,0,0,XGBoost,0.9999321699142456,6.780315743526444e-05
13219,1,1,XGBoost,7.474422454833984e-05,0.9999252557754517
13184,1,1,XGBoost,7.474422454833984e-05,0.9999252557754517
14090,1,1,XGBoost,0.00012981891632080078,0.9998701810836792
18474,1,1,XGBoost,9.322166442871094e-05,0.9999067783355713
8195,0,0,XGBoost,0.9999321699142456,6.780315743526444e-05
17997,1,1,XGBoost,8.869171142578125e-05,0.9999113082885742
1239,0,0,XGBoost,0.999886691570282,0.0001133219848270528
15932,1,1,XGBoost,0.00016605854034423828,0.9998339414596558
10963,1,1,XGBoost,7.474422454833984e-05,0.9999252557754517
14100,1,1,XGBoost,0.00011205673217773438,0.9998879432678223
6284,0,0,XGBoost,0.9999321699142456,6.780315743526444e-05
2950,0,0,XGBoost,0.9999321699142456,6.780315743526444e-05
12308,1,1,XGBoost,7.474422454833984e-05,0.9999252557754517
10252,1,1,XGBoost,7.474422454833984e-05,0.9999252557754517
14496,1,1,XGBoost,0.0001329183578491211,0.9998670816421509
12262,1,1,XGBoost,7.474422454833984e-05,0.9999252557754517
10852,1,1,XGBoost,7.474422454833984e-05,0.9999252557754517
4470,0,0,XGBoost,0.9999321699142456,6.780315743526444e-05
8320,0,0,XGBoost,0.9999321699142456,6.780315743526444e-05
6154,0,0,XGBoost,0.9999321699142456,6.780315743526444e-05
17275,1,1,XGBoost,0.0001214742660522461,0.9998785257339478
15920,1,1,XGBoost,0.00011205673217773438,0.9998879432678223
7715,0,0,XGBoost,0.9999321699142456,6.780315743526444e-05
18565,1,1,XGBoost,7.474422454833984e-05,0.9999252557754517
9906,0,0,XGBoost,0.9999321699142456,6.780315743526444e-05
2844,0,0,XGBoost,0.9999198913574219,8.013819751795381e-05
6528,0,0,XGBoost,0.9999213218688965,7.868653483456001e-05
8436,0,0,XGBoost,0.9999321699142456,6.780315743526444e-05
15561,1,1,XGBoost,0.00011205673217773438,0.9998879432678223
16981,1,1,XGBoost,8.869171142578125e-05,0.9999113082885742
9939,0,0,XGBoost,0.9944208860397339,0.005579086486250162
10011,1,1,XGBoost,7.474422454833984e-05,0.9999252557754517
12966,1,1,XGBoost,7.474422454833984e-05,0.9999252557754517
17084,1,1,XGBoost,8.666515350341797e-05,0.9999133348464966
18347,1,1,XGBoost,7.474422454833984e-05,0.9999252557754517
3850,0,0,XGBoost,0.9999071359634399,9.28514200495556e-05
6276,0,0,XGBoost,0.9999321699142456,6.780315743526444e-05
16115,1,1,XGBoost,0.00022739171981811523,0.9997726082801819
1759,0,0,XGBoost,0.9999213218688965,7.868653483456001e-05
10553,1,1,XGBoost,0.00026911497116088867,0.9997308850288391
4014,0,0,XGBoost,0.9999321699142456,6.780315743526444e-05
1693,0,0,XGBoost,0.9999321699142456,6.780315743526444e-05
3943,0,0,XGBoost,0.999898374080658,0.00010160774399992079
10790,1,1,XGBoost,7.474422454833984e-05,0.9999252557754517
13996,1,1,XGBoost,0.00011205673217773438,0.9998879432678223
5907,0,0,XGBoost,0.9999321699142456,6.780315743526444e-05
1460,0,0,XGBoost,0.9999321699142456,6.780315743526444e-05
15141,1,1,XGBoost,0.00011205673217773438,0.9998879432678223
16735,1,1,XGBoost,0.00018197298049926758,0.9998180270195007
16484,1,1,XGBoost,0.0001571178436279297,0.9998428821563721
10561,1,1,XGBoost,0.00026911497116088867,0.9997308850288391
4670,0,0,XGBoost,0.9999321699142456,6.780315743526444e-05
11677,1,1,XGBoost,7.474422454833984e-05,0.9999252557754517
14256,1,1,XGBoost,0.00011205673217773438,0.9998879432678223
13806,1,1,XGBoost,7.474422454833984e-05,0.9999252557754517
5178,0,0,XGBoost,0.9997175335884094,0.0002824816037900746
18554,1,1,XGBoost,9.322166442871094e-05,0.9999067783355713
5690,0,0,XGBoost,0.9999321699142456,6.780315743526444e-05
9532,0,0,XGBoost,0.9999321699142456,6.780315743526444e-05
17016,1,1,XGBoost,7.474422454833984e-05,0.9999252557754517
1925,0,0,XGBoost,0.9999321699142456,6.780315743526444e-05
17118,1,1,XGBoost,0.0001024007797241211,0.9998975992202759
14756,1,1,XGBoost,0.00011205673217773438,0.9998879432678223
9021,0,0,XGBoost,0.9999321699142456,6.780315743526444e-05
15579,1,1,XGBoost,0.00011205673217773438,0.9998879432678223
9298,0,0,XGBoost,0.9999213218688965,7.868653483456001e-05
8202,0,0,XGBoost,0.999884843826294,0.00011513400386320427
1709,0,0,XGBoost,0.9999321699142456,6.780315743526444e-05
4133,0,0,XGBoost,0.9999321699142456,6.780315743526444e-05
14630,1,1,XGBoost,0.00011205673217773438,0.9998879432678223
9890,0,0,XGBoost,0.9999321699142456,6.780315743526444e-05
3054,0,0,XGBoost,0.9999321699142456,6.780315743526444e-05
1969,0,0,XGBoost,0.9998922348022461,0.00010775498230941594
137,0,0,XGBoost,0.9999321699142456,6.780315743526444e-05
18753,1,1,XGBoost,7.474422454833984e-05,0.9999252557754517
4632,0,0,XGBoost,0.9999213218688965,7.868653483456001e-05
13943,1,1,XGBoost,0.00011205673217773438,0.9998879432678223
15676,1,1,XGBoost,0.00011205673217773438,0.9998879432678223
16947,1,1,XGBoost,0.0002269148826599121,0.9997730851173401
1012,0,0,XGBoost,0.9998821020126343,0.00011791661381721497
4164,0,0,XGBoost,0.9999321699142456,6.780315743526444e-05
4137,0,0,XGBoost,0.9999321699142456,6.780315743526444e-05
16592,1,1,XGBoost,0.0001329183578491211,0.9998670816421509
18111,1,1,XGBoost,0.0001214742660522461,0.9998785257339478
10388,1,1,XGBoost,0.0001996159553527832,0.9998003840446472
3097,0,0,XGBoost,0.9999321699142456,6.780315743526444e-05
15975,1,1,XGBoost,0.00029921531677246094,0.9997007846832275
2774,0,0,XGBoost,0.9999321699142456,6.780315743526444e-05
14556,1,1,XGBoost,0.00011205673217773438,0.9998879432678223
15733,1,1,XGBoost,0.00012981891632080078,0.9998701810836792
18716,1,1,XGBoost,0.00011205673217773438,0.9998879432678223
17668,1,1,XGBoost,8.869171142578125e-05,0.9999113082885742
14594,1,1,XGBoost,0.0001329183578491211,0.9998670816421509
7489,0,0,XGBoost,0.9998301863670349,0.00016981700900942087
4910,0,0,XGBoost,0.999898374080658,0.00010160774399992079
14914,1,1,XGBoost,0.00011205673217773438,0.9998879432678223
1249,0,0,XGBoost,0.9999321699142456,6.780315743526444e-05
7409,0,0,XGBoost,0.9999321699142456,6.780315743526444e-05
7138,0,0,XGBoost,0.9996477365493774,0.00035224496969021857
4286,0,0,XGBoost,0.9998242259025574,0.0001757614954840392
10296,1,1,XGBoost,7.474422454833984e-05,0.9999252557754517
9819,0,0,XGBoost,0.9999321699142456,6.780315743526444e-05
4380,0,0,XGBoost,0.9999321699142456,6.780315743526444e-05
8213,0,0,XGBoost,0.9999321699142456,6.780315743526444e-05
18460,1,1,XGBoost,7.474422454833984e-05,0.9999252557754517
14365,1,1,XGBoost,0.00011205673217773438,0.9998879432678223
5631,0,0,XGBoost,0.9999088048934937,9.116948785958812e-05
5084,0,0,XGBoost,0.9996477365493774,0.00035224496969021857
2060,0,0,XGBoost,0.9999321699142456,6.780315743526444e-05
19003,1,1,XGBoost,7.474422454833984e-05,0.9999252557754517
9735,0,0,XGBoost,0.9999321699142456,6.780315743526444e-05
11176,1,1,XGBoost,7.474422454833984e-05,0.9999252557754517
340,0,0,XGBoost,0.9999321699142456,6.780315743526444e-05
3610,0,0,XGBoost,0.9999321699142456,6.780315743526444e-05
3788,0,0,XGBoost,0.9998537302017212,0.00014626173651777208
15667,1,1,XGBoost,0.00011205673217773438,0.9998879432678223
18250,1,1,XGBoost,7.474422454833984e-05,0.9999252557754517
10141,1,1,XGBoost,7.474422454833984e-05,0.9999252557754517
14996,1,1,XGBoost,0.00011205673217773438,0.9998879432678223
13517,1,1,XGBoost,7.474422454833984e-05,0.9999252557754517
18706,1,1,XGBoost,9.322166442871094e-05,0.9999067783355713
11461,1,1,XGBoost,7.474422454833984e-05,0.9999252557754517
18823,1,1,XGBoost,7.474422454833984e-05,0.9999252557754517
10253,1,1,XGBoost,7.474422454833984e-05,0.9999252557754517
14963,1,1,XGBoost,0.00011205673217773438,0.9998879432678223
11872,1,1,XGBoost,7.474422454833984e-05,0.9999252557754517
3389,0,0,XGBoost,0.9999071359634399,9.28514200495556e-05
9163,0,0,XGBoost,0.9999321699142456,6.780315743526444e-05
14508,1,1,XGBoost,0.00015342235565185547,0.9998465776443481
5191,0,0,XGBoost,0.9998705387115479,0.00012948924268130213
1214,0,0,XGBoost,0.9999213218688965,7.868653483456001e-05
526,0,0,XGBoost,0.9999321699142456,6.780315743526444e-05
14068,1,1,XGBoost,0.00011205673217773438,0.9998879432678223
1333,0,0,XGBoost,0.9999321699142456,6.780315743526444e-05
16872,1,1,XGBoost,7.474422454833984e-05,0.9999252557754517
11658,1,1,XGBoost,7.474422454833984e-05,0.9999252557754517
11238,1,1,XGBoost,7.474422454833984e-05,0.9999252557754517
5276,0,0,XGBoost,0.9998821020126343,0.00011791661381721497
9743,0,0,XGBoost,0.9999321699142456,6.780315743526444e-05
18392,1,1,XGBoost,0.00011205673217773438,0.9998879432678223
12781,1,1,XGBoost,7.474422454833984e-05,0.9999252557754517
12835,1,1,XGBoost,7.474422454833984e-05,0.9999252557754517
6430,0,0,XGBoost,0.9999321699142456,6.780315743526444e-05
4780,0,0,XGBoost,0.9999213218688965,7.868653483456001e-05
4944,0,0,XGBoost,0.999886691570282,0.0001133219848270528
5658,0,0,XGBoost,0.999886691570282,0.0001133219848270528
17755,1,1,XGBoost,7.474422454833984e-05,0.9999252557754517
15652,1,1,XGBoost,7.474422454833984e-05,0.9999252557754517
6184,0,0,XGBoost,0.9999321699142456,6.780315743526444e-05
4473,0,0,XGBoost,0.9999321699142456,6.780315743526444e-05
686,0,0,XGBoost,0.9998685121536255,0.00013151083840057254
7027,0,0,XGBoost,0.9995023012161255,0.0004976805648766458
7327,0,0,XGBoost,0.9999321699142456,6.780315743526444e-05
920,0,0,XGBoost,0.9995023012161255,0.0004976805648766458
5947,0,0,XGBoost,0.9998821020126343,0.00011791661381721497
12655,1,1,XGBoost,7.474422454833984e-05,0.9999252557754517
3564,0,0,XGBoost,0.9999321699142456,6.780315743526444e-05
10335,1,1,XGBoost,7.474422454833984e-05,0.9999252557754517
14238,1,1,XGBoost,7.474422454833984e-05,0.9999252557754517
9969,0,0,XGBoost,0.9916622638702393,0.008337733335793018
7179,0,0,XGBoost,0.9998666048049927,0.0001333982654614374
6320,0,0,XGBoost,0.999898374080658,0.00010160774399992079
11038,1,1,XGBoost,7.474422454833984e-05,0.9999252557754517
16095,1,1,XGBoost,0.00022739171981811523,0.9997726082801819
5449,0,0,XGBoost,0.9999198913574219,8.013819751795381e-05
1442,0,0,XGBoost,0.9999054670333862,9.455823601456359e-05
6645,0,0,XGBoost,0.9998537302017212,0.00014626173651777208
17411,1,1,XGBoost,0.00012290477752685547,0.9998770952224731
15784,1,1,XGBoost,0.00011205673217773438,0.9998879432678223
5618,0,0,XGBoost,0.9998685121536255,0.00013151083840057254
6596,0,0,XGBoost,0.9999321699142456,6.780315743526444e-05
8427,0,0,XGBoost,0.9999213218688965,7.868653483456001e-05
10370,1,1,XGBoost,7.474422454833984e-05,0.9999252557754517
19106,1,1,XGBoost,7.474422454833984e-05,0.9999252557754517
17836,1,1,XGBoost,0.00010275840759277344,0.9998972415924072
12452,1,1,XGBoost,7.474422454833984e-05,0.9999252557754517
6731,0,0,XGBoost,0.9999198913574219,8.013819751795381e-05
8800,0,0,XGBoost,0.9999321699142456,6.780315743526444e-05
12316,1,1,XGBoost,7.474422454833984e-05,0.9999252557754517
17612,1,1,XGBoost,7.474422454833984e-05,0.9999252557754517
15055,1,1,XGBoost,0.0001329183578491211,0.9998670816421509
10319,1,1,XGBoost,7.474422454833984e-05,0.9999252557754517
12248,1,1,XGBoost,7.474422454833984e-05,0.9999252557754517
1167,0,0,XGBoost,0.9999321699142456,6.780315743526444e-05
9443,0,0,XGBoost,0.9999321699142456,6.780315743526444e-05
4488,0,0,XGBoost,0.999918520450592,8.147976768668741e-05
7790,0,0,XGBoost,0.9999321699142456,6.780315743526444e-05
7783,0,0,XGBoost,0.9999321699142456,6.780315743526444e-05
9458,0,0,XGBoost,0.9999321699142456,6.780315743526444e-05
12640,1,1,XGBoost,7.474422454833984e-05,0.9999252557754517
11348,1,1,XGBoost,7.474422454833984e-05,0.9999252557754517
5536,0,0,XGBoost,0.9998633861541748,0.00013662222772836685
17452,1,1,XGBoost,8.869171142578125e-05,0.9999113082885742
4171,0,0,XGBoost,0.999921441078186,7.855967851355672e-05
11422,1,1,XGBoost,7.474422454833984e-05,0.9999252557754517
8044,0,0,XGBoost,0.9999321699142456,6.780315743526444e-05
1802,0,0,XGBoost,0.9999321699142456,6.780315743526444e-05
3913,0,0,XGBoost,0.9999198913574219,8.013819751795381e-05
16827,1,1,XGBoost,0.00010275840759277344,0.9998972415924072
4293,0,0,XGBoost,0.9999321699142456,6.780315743526444e-05
6738,0,0,XGBoost,0.9999054670333862,9.455823601456359e-05
15105,1,1,XGBoost,0.0001329183578491211,0.9998670816421509
17115,1,1,XGBoost,0.0001049041748046875,0.9998950958251953
9491,0,0,XGBoost,0.9999321699142456,6.780315743526444e-05
2049,0,0,XGBoost,0.9999321699142456,6.780315743526444e-05
4585,0,0,XGBoost,0.9999321699142456,6.780315743526444e-05
12167,1,1,XGBoost,7.474422454833984e-05,0.9999252557754517
11029,1,1,XGBoost,7.474422454833984e-05,0.9999252557754517
14913,1,1,XGBoost,0.00011205673217773438,0.9998879432678223
3568,0,0,XGBoost,0.9999321699142456,6.780315743526444e-05
17756,1,1,XGBoost,7.474422454833984e-05,0.9999252557754517
18834,1,1,XGBoost,7.474422454833984e-05,0.9999252557754517
2731,0,0,XGBoost,0.999921441078186,7.855967851355672e-05
15794,1,1,XGBoost,9.322166442871094e-05,0.9999067783355713
7312,0,0,XGBoost,0.9999321699142456,6.780315743526444e-05
10704,1,1,XGBoost,8.666515350341797e-05,0.9999133348464966
125,0,0,XGBoost,0.9999213218688965,7.868653483456001e-05
11378,1,1,XGBoost,7.474422454833984e-05,0.9999252557754517
16668,1,1,XGBoost,0.00022739171981811523,0.9997726082801819
8667,0,0,XGBoost,0.9999321699142456,6.780315743526444e-05
277,0,0,XGBoost,0.9999321699142456,6.780315743526444e-05
13069,1,1,XGBoost,7.474422454833984e-05,0.9999252557754517
13904,1,1,XGBoost,7.474422454833984e-05,0.9999252557754517
1367,0,0,XGBoost,0.9998705387115479,0.00012948924268130213
9590,0,0,XGBoost,0.9999321699142456,6.780315743526444e-05
8155,0,0,XGBoost,0.9999321699142456,6.780315743526444e-05
8472,0,0,XGBoost,0.9999321699142456,6.780315743526444e-05
2695,0,0,XGBoost,0.999886691570282,0.0001133219848270528
13386,1,1,XGBoost,7.474422454833984e-05,0.9999252557754517
4497,0,0,XGBoost,0.999918520450592,8.147976768668741e-05
18972,1,1,XGBoost,7.474422454833984e-05,0.9999252557754517
15352,1,1,XGBoost,0.00012981891632080078,0.9998701810836792
614,0,0,XGBoost,0.9999198913574219,8.013819751795381e-05
2831,0,0,XGBoost,0.9999321699142456,6.780315743526444e-05
13126,1,1,XGBoost,7.474422454833984e-05,0.9999252557754517
1066,0,0,XGBoost,0.9999321699142456,6.780315743526444e-05
13363,1,1,XGBoost,7.474422454833984e-05,0.9999252557754517
98,0,0,XGBoost,0.9999321699142456,6.780315743526444e-05
16389,1,1,XGBoost,7.474422454833984e-05,0.9999252557754517
1523,0,0,XGBoost,0.9998302459716797,0.000169737046235241
5949,0,0,XGBoost,0.9999321699142456,6.780315743526444e-05
14470,1,1,XGBoost,0.00015401840209960938,0.9998459815979004
10644,1,1,XGBoost,0.00026911497116088867,0.9997308850288391
10672,1,1,XGBoost,8.666515350341797e-05,0.9999133348464966
14250,1,1,XGBoost,0.00011205673217773438,0.9998879432678223
11098,1,1,XGBoost,7.474422454833984e-05,0.9999252557754517
953,0,0,XGBoost,0.999921441078186,7.855967851355672e-05
6456,0,0,XGBoost,0.999918520450592,8.147976768668741e-05
8053,0,0,XGBoost,0.9999321699142456,6.780315743526444e-05
16429,1,1,XGBoost,0.00019627809524536133,0.9998037219047546
5348,0,0,XGBoost,0.9999321699142456,6.780315743526444e-05
14175,1,1,XGBoost,0.00011205673217773438,0.9998879432678223
17961,1,1,XGBoost,0.0001214742660522461,0.9998785257339478
13092,1,1,XGBoost,7.474422454833984e-05,0.9999252557754517
5047,0,0,XGBoost,0.9996406435966492,0.0003593799483496696
17057,1,1,XGBoost,7.474422454833984e-05,0.9999252557754517
8554,0,0,XGBoost,0.9999321699142456,6.780315743526444e-05
9385,0,0,XGBoost,0.9999321699142456,6.780315743526444e-05
13763,1,1,XGBoost,7.474422454833984e-05,0.9999252557754517
10656,1,1,XGBoost,0.00026911497116088867,0.9997308850288391
18498,1,1,XGBoost,0.0001024007797241211,0.9998975992202759
4616,0,0,XGBoost,0.9999213218688965,7.868653483456001e-05
16727,1,1,XGBoost,0.00022739171981811523,0.9997726082801819
666,0,0,XGBoost,0.9998922348022461,0.00010775498230941594
16097,1,1,XGBoost,0.0001571178436279297,0.9998428821563721
11968,1,1,XGBoost,7.474422454833984e-05,0.9999252557754517
8701,0,0,XGBoost,0.9999321699142456,6.780315743526444e-05
13653,1,1,XGBoost,7.474422454833984e-05,0.9999252557754517
4882,0,0,XGBoost,0.999898374080658,0.00010160774399992079
11333,1,1,XGBoost,7.474422454833984e-05,0.9999252557754517
9253,0,0,XGBoost,0.999898374080658,0.00010160774399992079
13466,1,1,XGBoost,7.474422454833984e-05,0.9999252557754517
1524,0,0,XGBoost,0.9999198913574219,8.013819751795381e-05
17702,1,1,XGBoost,7.474422454833984e-05,0.9999252557754517
16130,1,1,XGBoost,0.00022739171981811523,0.9997726082801819
11503,1,1,XGBoost,9.322166442871094e-05,0.9999067783355713
16173,1,1,XGBoost,0.00022739171981811523,0.9997726082801819
14285,1,1,XGBoost,0.00011205673217773438,0.9998879432678223
1218,0,0,XGBoost,0.9999321699142456,6.780315743526444e-05
2712,0,0,XGBoost,0.999886691570282,0.0001133219848270528
4437,0,0,XGBoost,0.9999321699142456,6.780315743526444e-05
6736,0,0,XGBoost,0.9995023012161255,0.0004976805648766458
12227,1,1,XGBoost,7.474422454833984e-05,0.9999252557754517
17495,1,1,XGBoost,7.474422454833984e-05,0.9999252557754517
11076,1,1,XGBoost,7.474422454833984e-05,0.9999252557754517
16036,1,1,XGBoost,0.0001399517059326172,0.9998600482940674
4324,0,0,XGBoost,0.9999321699142456,6.780315743526444e-05
17366,1,1,XGBoost,0.00010275840759277344,0.9998972415924072
8473,0,0,XGBoost,0.9999321699142456,6.780315743526444e-05
10547,1,1,XGBoost,0.00026911497116088867,0.9997308850288391
16574,1,1,XGBoost,0.0002453923225402832,0.9997546076774597
4491,0,0,XGBoost,0.9999321699142456,6.780315743526444e-05
3619,0,0,XGBoost,0.9999070167541504,9.300134843215346e-05
8321,0,0,XGBoost,0.9999213218688965,7.868653483456001e-05
8308,0,0,XGBoost,0.9999321699142456,6.780315743526444e-05
15778,1,1,XGBoost,0.00011205673217773438,0.9998879432678223
10678,1,1,XGBoost,0.00026911497116088867,0.9997308850288391
15885,1,1,XGBoost,7.474422454833984e-05,0.9999252557754517
16915,1,1,XGBoost,0.0001214742660522461,0.9998785257339478
18960,1,1,XGBoost,7.474422454833984e-05,0.9999252557754517
5010,0,0,XGBoost,0.9999321699142456,6.780315743526444e-05
16967,1,1,XGBoost,8.869171142578125e-05,0.9999113082885742
6052,0,0,XGBoost,0.9999321699142456,6.780315743526444e-05
3600,0,0,XGBoost,0.999886691570282,0.0001133219848270528
16269,1,1,XGBoost,8.83340835571289e-05,0.9999116659164429
892,0,0,XGBoost,0.9999198913574219,8.013819751795381e-05
2082,0,0,XGBoost,0.9999321699142456,6.780315743526444e-05
9785,0,0,XGBoost,0.9999321699142456,6.780315743526444e-05
8792,0,0,XGBoost,0.9999321699142456,6.780315743526444e-05
6674,0,0,XGBoost,0.9999321699142456,6.780315743526444e-05
16838,1,1,XGBoost,7.474422454833984e-05,0.9999252557754517
9999,1,1,XGBoost,0.010937631130218506,0.9890623688697815
8615,0,0,XGBoost,0.9999321699142456,6.780315743526444e-05
2679,0,0,XGBoost,0.9999054670333862,9.455823601456359e-05
16022,1,1,XGBoost,0.0001329183578491211,0.9998670816421509
8509,0,0,XGBoost,0.9999321699142456,6.780315743526444e-05
17995,1,1,XGBoost,8.666515350341797e-05,0.9999133348464966
12016,1,1,XGBoost,7.474422454833984e-05,0.9999252557754517
18913,1,1,XGBoost,7.474422454833984e-05,0.9999252557754517
12955,1,1,XGBoost,7.474422454833984e-05,0.9999252557754517
7891,0,0,XGBoost,0.9999321699142456,6.780315743526444e-05
17226,1,1,XGBoost,0.00010824203491210938,0.9998917579650879
7151,0,0,XGBoost,0.9999070167541504,9.300134843215346e-05
15020,1,1,XGBoost,0.00011205673217773438,0.9998879432678223
824,0,0,XGBoost,0.9999321699142456,6.780315743526444e-05
6904,0,0,XGBoost,0.999886691570282,0.0001133219848270528
4430,0,0,XGBoost,0.9999321699142456,6.780315743526444e-05
10758,1,1,XGBoost,0.00026911497116088867,0.9997308850288391
667,0,0,XGBoost,0.9998922348022461,0.00010775498230941594
7147,0,0,XGBoost,0.9998537302017212,0.00014626173651777208
363,0,0,XGBoost,0.9999198913574219,8.013819751795381e-05
10317,1,1,XGBoost,7.474422454833984e-05,0.9999252557754517
5105,0,0,XGBoost,0.9999071359634399,9.28514200495556e-05
6938,0,0,XGBoost,0.9999321699142456,6.780315743526444e-05
1098,0,0,XGBoost,0.9999321699142456,6.780315743526444e-05
8392,0,0,XGBoost,0.9999321699142456,6.780315743526444e-05
3228,0,0,XGBoost,0.9999321699142456,6.780315743526444e-05
7564,0,0,XGBoost,0.9999321699142456,6.780315743526444e-05
9290,0,0,XGBoost,0.9999321699142456,6.780315743526444e-05
1177,0,0,XGBoost,0.9999321699142456,6.780315743526444e-05
15547,1,1,XGBoost,0.00011205673217773438,0.9998879432678223
15177,1,1,XGBoost,0.00012981891632080078,0.9998701810836792
236,0,0,XGBoost,0.9998822808265686,0.00011772652214858681
2408,0,0,XGBoost,0.9999055862426758,9.440579015063122e-05
4363,0,0,XGBoost,0.9999321699142456,6.780315743526444e-05
13307,1,1,XGBoost,7.474422454833984e-05,0.9999252557754517
3925,0,0,XGBoost,0.9999321699142456,6.780315743526444e-05
4854,0,0,XGBoost,0.9999071359634399,9.28514200495556e-05
14666,1,1,XGBoost,0.00011205673217773438,0.9998879432678223
10878,1,1,XGBoost,7.474422454833984e-05,0.9999252557754517
8058,0,0,XGBoost,0.9999321699142456,6.780315743526444e-05
10756,1,1,XGBoost,0.00026911497116088867,0.9997308850288391
8527,0,0,XGBoost,0.9999321699142456,6.780315743526444e-05
7617,0,0,XGBoost,0.9999321699142456,6.780315743526444e-05
6616,0,0,XGBoost,0.9998537302017212,0.00014626173651777208
4124,0,0,XGBoost,0.9998334050178528,0.00016661846893839538
11349,1,1,XGBoost,7.474422454833984e-05,0.9999252557754517
13438,1,1,XGBoost,7.474422454833984e-05,0.9999252557754517
9652,0,0,XGBoost,0.9999213218688965,7.868653483456001e-05
10917,1,1,XGBoost,7.474422454833984e-05,0.9999252557754517
11983,1,1,XGBoost,7.474422454833984e-05,0.9999252557754517
9647,0,0,XGBoost,0.9999321699142456,6.780315743526444e-05
2383,0,0,XGBoost,0.9999213218688965,7.868653483456001e-05
3249,0,0,XGBoost,0.9999213218688965,7.868653483456001e-05
19061,1,1,XGBoost,7.474422454833984e-05,0.9999252557754517
15391,1,1,XGBoost,0.0001571178436279297,0.9998428821563721
17762,1,1,XGBoost,7.474422454833984e-05,0.9999252557754517
232,0,0,XGBoost,0.9999321699142456,6.780315743526444e-05
16639,1,1,XGBoost,0.00029343366622924805,0.9997065663337708
4312,0,0,XGBoost,0.9999321699142456,6.780315743526444e-05
14757,1,1,XGBoost,0.00012981891632080078,0.9998701810836792
4433,0,0,XGBoost,0.9999321699142456,6.780315743526444e-05
5472,0,0,XGBoost,0.9999321699142456,6.780315743526444e-05
6038,0,0,XGBoost,0.9999321699142456,6.780315743526444e-05
3453,0,0,XGBoost,0.9999321699142456,6.780315743526444e-05
17326,1,1,XGBoost,8.869171142578125e-05,0.9999113082885742
1639,0,0,XGBoost,0.9999321699142456,6.780315743526444e-05
1663,0,0,XGBoost,0.999921441078186,7.855967851355672e-05
11237,1,1,XGBoost,7.474422454833984e-05,0.9999252557754517
13804,1,1,XGBoost,7.474422454833984e-05,0.9999252557754517
13121,1,1,XGBoost,7.474422454833984e-05,0.9999252557754517
11871,1,1,XGBoost,7.474422454833984e-05,0.9999252557754517
11181,1,1,XGBoost,7.474422454833984e-05,0.9999252557754517
13171,1,1,XGBoost,7.474422454833984e-05,0.9999252557754517
5588,0,0,XGBoost,0.999918520450592,8.147976768668741e-05
14227,1,1,XGBoost,0.00011205673217773438,0.9998879432678223
7559,0,0,XGBoost,0.9999321699142456,6.780315743526444e-05
2931,0,0,XGBoost,0.9999321699142456,6.780315743526444e-05
18152,1,1,XGBoost,9.322166442871094e-05,0.9999067783355713
13729,1,1,XGBoost,7.474422454833984e-05,0.9999252557754517
10980,1,1,XGBoost,7.474422454833984e-05,0.9999252557754517
14558,1,1,XGBoost,0.0001329183578491211,0.9998670816421509
13053,1,1,XGBoost,7.474422454833984e-05,0.9999252557754517
12803,1,1,XGBoost,7.474422454833984e-05,0.9999252557754517
12815,1,1,XGBoost,7.474422454833984e-05,0.9999252557754517
17721,1,1,XGBoost,7.474422454833984e-05,0.9999252557754517
6704,0,0,XGBoost,0.9998904466629028,0.00010955882316920906
14272,1,1,XGBoost,0.00012981891632080078,0.9998701810836792
14504,1,1,XGBoost,0.00011205673217773438,0.9998879432678223
3517,0,0,XGBoost,0.9999321699142456,6.780315743526444e-05
2911,0,0,XGBoost,0.9999213218688965,7.868653483456001e-05
7939,0,0,XGBoost,0.9999321699142456,6.780315743526444e-05
7980,0,0,XGBoost,0.9999321699142456,6.780315743526444e-05
2710,0,0,XGBoost,0.9999198913574219,8.013819751795381e-05
18882,1,1,XGBoost,7.474422454833984e-05,0.9999252557754517
3591,0,0,XGBoost,0.9997808337211609,0.00021917482081335038
15551,1,1,XGBoost,0.00011205673217773438,0.9998879432678223
5056,0,0,XGBoost,0.9998608827590942,0.0001391425757901743
2493,0,0,XGBoost,0.9996480345726013,0.0003519853053148836
5966,0,0,XGBoost,0.9999071359634399,9.28514200495556e-05
4218,0,0,XGBoost,0.9998638033866882,0.00013617896183859557
1435,0,0,XGBoost,0.9999321699142456,6.780315743526444e-05
9972,0,0,XGBoost,0.9944208860397339,0.005579086486250162
6233,0,0,XGBoost,0.9999321699142456,6.780315743526444e-05
12995,1,1,XGBoost,7.474422454833984e-05,0.9999252557754517
7112,0,0,XGBoost,0.9999321699142456,6.780315743526444e-05
1148,0,0,XGBoost,0.999860942363739,0.00013907704851590097
12273,1,1,XGBoost,7.474422454833984e-05,0.9999252557754517
19088,1,1,XGBoost,7.474422454833984e-05,0.9999252557754517
11200,1,1,XGBoost,7.474422454833984e-05,0.9999252557754517
5373,0,0,XGBoost,0.999886691570282,0.0001133219848270528
89,0,0,XGBoost,0.9999213218688965,7.868653483456001e-05
5986,0,0,XGBoost,0.9998302459716797,0.000169737046235241
11460,1,1,XGBoost,7.474422454833984e-05,0.9999252557754517
9747,0,0,XGBoost,0.9999321699142456,6.780315743526444e-05
11853,1,1,XGBoost,7.474422454833984e-05,0.9999252557754517
13967,1,1,XGBoost,0.00011205673217773438,0.9998879432678223
10068,1,1,XGBoost,7.474422454833984e-05,0.9999252557754517
12275,1,1,XGBoost,7.474422454833984e-05,0.9999252557754517
18499,1,1,XGBoost,0.00011205673217773438,0.9998879432678223
7587,0,0,XGBoost,0.9999321699142456,6.780315743526444e-05
7648,0,0,XGBoost,0.9999321699142456,6.780315743526444e-05
6183,0,0,XGBoost,0.9999321699142456,6.780315743526444e-05
16604,1,1,XGBoost,0.00018197298049926758,0.9998180270195007
15744,1,1,XGBoost,0.00011205673217773438,0.9998879432678223
13528,1,1,XGBoost,7.474422454833984e-05,0.9999252557754517
8226,0,0,XGBoost,0.9999213218688965,7.868653483456001e-05
4675,0,0,XGBoost,0.999921441078186,7.855967851355672e-05
7705,0,0,XGBoost,0.9999321699142456,6.780315743526444e-05
6966,0,0,XGBoost,0.999921441078186,7.855967851355672e-05
12654,1,1,XGBoost,7.474422454833984e-05,0.9999252557754517
3093,0,0,XGBoost,0.9999071359634399,9.28514200495556e-05
9540,0,0,XGBoost,0.9999321699142456,6.780315743526444e-05
11376,1,1,XGBoost,7.474422454833984e-05,0.9999252557754517
2612,0,0,XGBoost,0.999918520450592,8.147976768668741e-05
791,0,0,XGBoost,0.9999055862426758,9.440579015063122e-05
9160,0,0,XGBoost,0.9999321699142456,6.780315743526444e-05
1792,0,0,XGBoost,0.9997596740722656,0.0002403370017418638
17021,1,1,XGBoost,8.666515350341797e-05,0.9999133348464966
14338,1,1,XGBoost,0.00011205673217773438,0.9998879432678223
13395,1,1,XGBoost,7.474422454833984e-05,0.9999252557754517
6524,0,0,CatBoost,0.9998981732164886,0.00010182678351149193
4496,0,0,CatBoost,0.9999041968275375,9.580317246248418e-05
3041,0,0,CatBoost,0.9998747585173909,0.00012524148260907253
1058,0,0,CatBoost,0.9999243512416356,7.564875836440118e-05
18308,1,1,CatBoost,0.0010344457256532547,0.9989655542743467
13194,1,1,CatBoost,0.0001596236658102379,0.9998403763341898
4805,0,0,CatBoost,0.9999354882733302,6.45117266697624e-05
9114,0,0,CatBoost,0.9999041042974334,9.589570256665828e-05
14705,1,1,CatBoost,7.543646591090525e-05,0.9999245635340891
11451,1,1,CatBoost,0.0001955990914636052,0.9998044009085364
11679,1,1,CatBoost,0.00021317003992071815,0.9997868299600793
10515,1,1,CatBoost,0.0018923546414029158,0.9981076453585971
1798,0,0,CatBoost,0.9999101755146345,8.982448536557527e-05
9514,0,0,CatBoost,0.9998984712364836,0.00010152876351644707
6441,0,0,CatBoost,0.9999267804797222,7.321952027778158e-05
9637,0,0,CatBoost,0.9998410527288643,0.0001589472711357276
7421,0,0,CatBoost,0.9999497834517039,5.021654829603508e-05
4037,0,0,CatBoost,0.9998841341419716,0.00011586585802832633
13397,1,1,CatBoost,0.00013758078505365923,0.9998624192149463
6812,0,0,CatBoost,0.9999458622065992,5.4137793400749024e-05
7574,0,0,CatBoost,0.9999163104861527,8.368951384726638e-05
1953,0,0,CatBoost,0.9999080778255655,9.192217443450016e-05
14525,1,1,CatBoost,8.408042067009625e-05,0.9999159195793299
7827,0,0,CatBoost,0.9998157801735305,0.00018421982646952553
17407,1,1,CatBoost,9.37116368331381e-05,0.9999062883631669
13876,1,1,CatBoost,0.0002761846697274528,0.9997238153302725
9167,0,0,CatBoost,0.9999189011258733,8.109887412665802e-05
10613,1,1,CatBoost,0.0005737335997548776,0.9994262664002451
9776,0,0,CatBoost,0.9999104423891891,8.95576108109124e-05
14102,1,1,CatBoost,0.00015077130798113458,0.9998492286920189
986,0,0,CatBoost,0.9999306237162259,6.937628377414391e-05
5299,0,0,CatBoost,0.9999006001632227,9.939983677728378e-05
16322,1,1,CatBoost,8.60337519712484e-05,0.9999139662480288
18136,1,1,CatBoost,0.00048175025413554895,0.9995182497458645
12323,1,1,CatBoost,0.0002082444557037766,0.9997917555442962
6024,0,0,CatBoost,0.9999228895861989,7.711041380106439e-05
11670,1,1,CatBoost,0.0002935451763054209,0.9997064548236946
4440,0,0,CatBoost,0.999936740339155,6.325966084499633e-05
7083,0,0,CatBoost,0.9998916531305893,0.00010834686941071301
5854,0,0,CatBoost,0.9997400175932151,0.00025998240678496267
17826,1,1,CatBoost,0.00012765403363945715,0.9998723459663605
6893,0,0,CatBoost,0.999762821242217,0.00023717875778294295
11483,1,1,CatBoost,0.0001955990914636052,0.9998044009085364
19119,1,1,CatBoost,0.0001404272645144644,0.9998595727354855
10465,1,1,CatBoost,0.0004358107774271591,0.9995641892225728
12720,1,1,CatBoost,0.0001389116728133244,0.9998610883271867
1300,0,0,CatBoost,0.9999288365738495,7.116342615054065e-05
225,0,0,CatBoost,0.9999042327095146,9.576729048544793e-05
10294,1,1,CatBoost,0.00012155854786077835,0.9998784414521392
10660,1,1,CatBoost,0.0012854019951453743,0.9987145980048546
18663,1,1,CatBoost,0.00031492611296191075,0.9996850738870381
6446,0,0,CatBoost,0.9998977233490848,0.00010227665091523128
18203,1,1,CatBoost,0.00014635451494893204,0.9998536454850511
2491,0,0,CatBoost,0.9998774339136204,0.0001225660863796508
4858,0,0,CatBoost,0.9999403681373539,5.963186264612411e-05
5569,0,0,CatBoost,0.999815612207267,0.0001843877927329514
8828,0,0,CatBoost,0.9998891325467733,0.00011086745322679302
4079,0,0,CatBoost,0.9999267105329624,7.328946703758076e-05
4841,0,0,CatBoost,0.9998918887472352,0.00010811125276480302
6770,0,0,CatBoost,0.9998923290156786,0.000107670984321412
17301,1,1,CatBoost,6.357902942755178e-05,0.9999364209705724
17553,1,1,CatBoost,0.00014565975617153448,0.9998543402438285
15717,1,1,CatBoost,8.262518995216794e-05,0.9999173748100478
7979,0,0,CatBoost,0.9998669761330589,0.00013302386694114357
16321,1,1,CatBoost,6.72037361411082e-05,0.9999327962638589
6185,0,0,CatBoost,0.9998923328823347,0.00010766711766526895
13203,1,1,CatBoost,0.0001361762593743432,0.9998638237406257
10328,1,1,CatBoost,0.00017781534766947438,0.9998221846523305
6396,0,0,CatBoost,0.9999109883398305,8.901166016947496e-05
17237,1,1,CatBoost,0.0003107107241476781,0.9996892892758523
18142,1,1,CatBoost,0.0007069394391132633,0.9992930605608867
5919,0,0,CatBoost,0.9998406428245047,0.00015935717549528757
14082,1,1,CatBoost,8.040677285747755e-05,0.9999195932271425
12361,1,1,CatBoost,0.00013833300903032253,0.9998616669909697
12184,1,1,CatBoost,0.00026512067764605796,0.9997348793223539
17131,1,1,CatBoost,7.829454013030812e-05,0.9999217054598697
8412,0,0,CatBoost,0.9998747786028958,0.00012522139710420744
11524,1,1,CatBoost,0.00017496352340329313,0.9998250364765967
3724,0,0,CatBoost,0.9998724747244491,0.00012752527555094938
8512,0,0,CatBoost,0.999931581189912,6.841881008804476e-05
9942,0,0,CatBoost,0.9943542317325018,0.005645768267498151
18170,1,1,CatBoost,0.0005297380912145933,0.9994702619087854
18030,1,1,CatBoost,0.0001206229479647769,0.9998793770520352
9640,0,0,CatBoost,0.9999058439638236,9.415603617640044e-05
16690,1,1,CatBoost,9.672425215445646e-05,0.9999032757478455
13846,1,1,CatBoost,0.00025381658426293363,0.9997461834157371
7679,0,0,CatBoost,0.9998956228710713,0.00010437712892875119
17652,1,1,CatBoost,7.904340121411835e-05,0.9999209565987859
7575,0,0,CatBoost,0.9999320517274345,6.794827256552676e-05
18530,1,1,CatBoost,0.0003573167529438148,0.9996426832470562
10484,1,1,CatBoost,0.0009787365735942632,0.9990212634264057
3152,0,0,CatBoost,0.9999342106555615,6.578934443851424e-05
10583,1,1,CatBoost,0.0004022506308247742,0.9995977493691752
16857,1,1,CatBoost,0.00016388590166338535,0.9998361140983366
14675,1,1,CatBoost,6.318780779512867e-05,0.9999368121922049
15254,1,1,CatBoost,0.00013398347845861025,0.9998660165215414
5370,0,0,CatBoost,0.9998493404893475,0.0001506595106524635
2349,0,0,CatBoost,0.999932147429579,6.785257042101934e-05
1976,0,0,CatBoost,0.9998535381806131,0.00014646181938692657
10548,1,1,CatBoost,0.0010248391020322156,0.9989751608979678
2661,0,0,CatBoost,0.9999071027310698,9.289726893022394e-05
16315,1,1,CatBoost,0.000898216457526968,0.999101783542473
12532,1,1,CatBoost,0.0001526386263807078,0.9998473613736193
15168,1,1,CatBoost,7.430909058281365e-05,0.9999256909094172
13064,1,1,CatBoost,0.0001614049999589806,0.999838595000041
7102,0,0,CatBoost,0.999948611240214,5.138875978610079e-05
16094,1,1,CatBoost,0.00013541689206708618,0.9998645831079329
352,0,0,CatBoost,0.9999063648194872,9.363518051279972e-05
12272,1,1,CatBoost,0.0001226595222513227,0.9998773404777487
5334,0,0,CatBoost,0.9998907830203182,0.00010921697968179742
7214,0,0,CatBoost,0.9998192473632582,0.00018075263674178772
9396,0,0,CatBoost,0.9999574848248755,4.2515175124597626e-05
2396,0,0,CatBoost,0.9999013277979186,9.867220208133979e-05
9087,0,0,CatBoost,0.9999002680229524,9.973197704765379e-05
9854,0,0,CatBoost,0.9998974400325242,0.00010255996747581182
13561,1,1,CatBoost,0.00015520416261527448,0.9998447958373847
5534,0,0,CatBoost,0.9998798498203733,0.00012015017962675865
12899,1,1,CatBoost,0.0001485578280367994,0.9998514421719632
7026,0,0,CatBoost,0.9999273988588078,7.260114119227023e-05
224,0,0,CatBoost,0.999770222109171,0.00022977789082903933
917,0,0,CatBoost,0.9999215072732551,7.849272674483368e-05
2051,0,0,CatBoost,0.999920032445756,7.996755424404386e-05
11819,1,1,CatBoost,0.00021720772384425935,0.9997827922761557
18951,1,1,CatBoost,0.00013022075911361952,0.9998697792408864
16613,1,1,CatBoost,0.00023105817520030492,0.9997689418247997
13368,1,1,CatBoost,0.0002077310351176198,0.9997922689648824
4636,0,0,CatBoost,0.999869145337703,0.00013085466229701908
1930,0,0,CatBoost,0.9998959272623508,0.00010407273764920513
17595,1,1,CatBoost,0.00013691132929083416,0.9998630886707092
12719,1,1,CatBoost,0.00017008866483059215,0.9998299113351694
14288,1,1,CatBoost,0.00014022744937935983,0.9998597725506206
6132,0,0,CatBoost,0.9998657415915397,0.00013425840846021208
8951,0,0,CatBoost,0.9998868720859,0.00011312791410001747
1531,0,0,CatBoost,0.9998709839875337,0.00012901601246627088
13696,1,1,CatBoost,0.0002496475050669522,0.999750352494933
11852,1,1,CatBoost,0.00021489815470998597,0.99978510184529
2740,0,0,CatBoost,0.99994423714834,5.5762851659958796e-05
2556,0,0,CatBoost,0.9998656074822033,0.0001343925177966981
13664,1,1,CatBoost,0.00011362959057681365,0.9998863704094232
14849,1,1,CatBoost,6.477267757709626e-05,0.9999352273224229
4179,0,0,CatBoost,0.999925033007476,7.496699252398637e-05
16617,1,1,CatBoost,0.0002814084267958039,0.9997185915732042
17851,1,1,CatBoost,0.00037401266736381,0.9996259873326362
77,0,0,CatBoost,0.9998842180421104,0.00011578195788958279
5207,0,0,CatBoost,0.9998856571536813,0.00011434284631875921
10404,1,1,CatBoost,0.00028896164694680593,0.9997110383530532
14644,1,1,CatBoost,0.00011063738944327994,0.9998893626105567
1286,0,0,CatBoost,0.9998656404260281,0.00013435957397191318
18897,1,1,CatBoost,0.00019471744036658745,0.9998052825596334
12711,1,1,CatBoost,0.00015999338121719386,0.9998400066187828
10472,1,1,CatBoost,0.0005836025711073445,0.9994163974288927
5401,0,0,CatBoost,0.9998364032017573,0.00016359679824272033
14255,1,1,CatBoost,7.139508469600209e-05,0.999928604915304
18387,1,1,CatBoost,0.00012221050203153894,0.9998777894979685
5951,0,0,CatBoost,0.9999444365679364,5.556343206363076e-05
13920,1,1,CatBoost,0.00016923806000201935,0.999830761939998
18918,1,1,CatBoost,0.00013813652465621828,0.9998618634753438
7725,0,0,CatBoost,0.9998554486074398,0.00014455139256024902
2538,0,0,CatBoost,0.9999479422860234,5.205771397667106e-05
18433,1,1,CatBoost,0.00017837310792534478,0.9998216268920747
16142,1,1,CatBoost,8.61711323256742e-05,0.9999138288676743
2205,0,0,CatBoost,0.9999146674531119,8.533254688808496e-05
161,0,0,CatBoost,0.9998530352344247,0.0001469647655752983
14343,1,1,CatBoost,7.064171499704397e-05,0.999929358285003
4909,0,0,CatBoost,0.9998898477942252,0.00011015220577482964
8005,0,0,CatBoost,0.9998382290972927,0.00016177090270728456
3561,0,0,CatBoost,0.9998916870967393,0.00010831290326079849
10540,1,1,CatBoost,0.0012338946053026545,0.9987661053946973
13693,1,1,CatBoost,0.0001606162486799123,0.9998393837513201
7714,0,0,CatBoost,0.9998979405635576,0.00010205943644235915
2102,0,0,CatBoost,0.9999091305893086,9.086941069133097e-05
6667,0,0,CatBoost,0.9999050563102729,9.494368972709797e-05
1500,0,0,CatBoost,0.9999366443162612,6.335568373878355e-05
4243,0,0,CatBoost,0.9999401122461139,5.988775388609649e-05
8463,0,0,CatBoost,0.9999039072164636,9.609278353635367e-05
374,0,0,CatBoost,0.9998759863503014,0.00012401364969855924
14717,1,1,CatBoost,0.00014398092225853532,0.9998560190777415
963,0,0,CatBoost,0.9999467305626135,5.326943738646721e-05
8017,0,0,CatBoost,0.9999396799648395,6.0320035160587825e-05
14529,1,1,CatBoost,0.00013527672000890334,0.9998647232799911
3343,0,0,CatBoost,0.9999423905789704,5.760942102964218e-05
6477,0,0,CatBoost,0.9999153524301594,8.464756984056909e-05
1601,0,0,CatBoost,0.9999562903340126,4.37096659874676e-05
1895,0,0,CatBoost,0.9999050314667983,9.496853320163466e-05
11678,1,1,CatBoost,0.00020552541307294891,0.999794474586927
10682,1,1,CatBoost,0.0008061501325606901,0.9991938498674393
2964,0,0,CatBoost,0.9999382141556874,6.178584431257419e-05
3310,0,0,CatBoost,0.9999297144943563,7.028550564367638e-05
17726,1,1,CatBoost,9.733898572894528e-05,0.999902661014271
14163,1,1,CatBoost,6.087549439892648e-05,0.9999391245056011
12292,1,1,CatBoost,0.0002399147244867006,0.9997600852755133
7813,0,0,CatBoost,0.9999058375913301,9.416240866987673e-05
2382,0,0,CatBoost,0.9999308300232922,6.916997670782975e-05
17728,1,1,CatBoost,0.00021624834618194644,0.999783751653818
15385,1,1,CatBoost,8.839390621762089e-05,0.9999116060937824
7546,0,0,CatBoost,0.9999269460327239,7.305396727602838e-05
13347,1,1,CatBoost,0.00020324348224831645,0.9997967565177517
9563,0,0,CatBoost,0.9998629911557092,0.00013700884429083455
11222,1,1,CatBoost,0.00017454145920592357,0.9998254585407941
8096,0,0,CatBoost,0.9998915042981648,0.00010849570183522573
15656,1,1,CatBoost,0.0003270211692002478,0.9996729788307998
18650,1,1,CatBoost,0.0001070451358234914,0.9998929548641765
6197,0,0,CatBoost,0.9998842766430629,0.0001157233569370757
6541,0,0,CatBoost,0.9999070107497672,9.298925023277854e-05
9183,0,0,CatBoost,0.9998924568483124,0.00010754315168756454
13418,1,1,CatBoost,0.0001436042297824347,0.9998563957702176
9521,0,0,CatBoost,0.9999108498743379,8.915012566217637e-05
1823,0,0,CatBoost,0.9999265863397718,7.341366022819552e-05
3324,0,0,CatBoost,0.999942460829698,5.753917030204349e-05
8152,0,0,CatBoost,0.9998722222504749,0.00012777774952504897
11665,1,1,CatBoost,0.00018484311834132683,0.9998151568816587
15680,1,1,CatBoost,7.727275579416659e-05,0.9999227272442058
13663,1,1,CatBoost,0.00014203460035544513,0.9998579653996446
7287,0,0,CatBoost,0.9999107877595226,8.921224047746571e-05
15249,1,1,CatBoost,0.00019863803711228645,0.9998013619628877
5052,0,0,CatBoost,0.9993952200861952,0.0006047799138048558
7274,0,0,CatBoost,0.9998178890550938,0.000182110944906135
9086,0,0,CatBoost,0.9998592973523759,0.00014070264762415388
16768,1,1,CatBoost,0.00013389608567959677,0.9998661039143204
17680,1,1,CatBoost,0.00016517301464602507,0.999834826985354
5742,0,0,CatBoost,0.9995828734178589,0.00041712658214106054
15176,1,1,CatBoost,6.197486668557683e-05,0.9999380251333144
329,0,0,CatBoost,0.9999540707049089,4.592929509106293e-05
1763,0,0,CatBoost,0.9999394139337289,6.058606627117264e-05
12898,1,1,CatBoost,0.0002093888213635653,0.9997906111786364
15292,1,1,CatBoost,0.00012806855189284594,0.9998719314481072
15251,1,1,CatBoost,0.00012831562269544072,0.9998716843773046
4968,0,0,CatBoost,0.999864485346268,0.00013551465373198463
3444,0,0,CatBoost,0.9999201485735011,7.985142649887275e-05
18003,1,1,CatBoost,0.00016746434613978955,0.9998325356538602
5392,0,0,CatBoost,0.9999243287784373,7.567122156268325e-05
18581,1,1,CatBoost,0.00033008943068990604,0.9996699105693101
7987,0,0,CatBoost,0.9999076740806517,9.23259193482988e-05
4138,0,0,CatBoost,0.9999018922430466,9.810775695340262e-05
11286,1,1,CatBoost,0.0001792588905541459,0.9998207411094459
9921,0,0,CatBoost,0.9998059112990617,0.00019408870093832038
8766,0,0,CatBoost,0.9999070336093454,9.296639065463458e-05
11394,1,1,CatBoost,0.00019129792699079662,0.9998087020730092
9467,0,0,CatBoost,0.9999147659383917,8.523406160826957e-05
6254,0,0,CatBoost,0.9999093923586325,9.060764136747616e-05
12304,1,1,CatBoost,0.00014870873409411622,0.9998512912659059
1868,0,0,CatBoost,0.9999477798742196,5.222012578048557e-05
17758,1,1,CatBoost,0.00036044699190351803,0.9996395530080965
15763,1,1,CatBoost,0.0003924210396103467,0.9996075789603897
11742,1,1,CatBoost,0.00013439537151782588,0.9998656046284822
15267,1,1,CatBoost,9.064082289422792e-05,0.9999093591771058
10436,1,1,CatBoost,0.0004939345603669487,0.999506065439633
4360,0,0,CatBoost,0.9998986219761705,0.00010137802382951721
18186,1,1,CatBoost,0.00021177096749702695,0.999788229032503
18036,1,1,CatBoost,0.00010357377732705952,0.9998964262226729
158,0,0,CatBoost,0.9999133702990909,8.66297009090614e-05
10084,1,1,CatBoost,0.00037474492685940497,0.9996252550731406
3266,0,0,CatBoost,0.9999510698178508,4.893018214921226e-05
2797,0,0,CatBoost,0.9999251944488667,7.480555113331225e-05
15328,1,1,CatBoost,0.00013245165715292107,0.9998675483428471
11497,1,1,CatBoost,0.0001749653949194574,0.9998250346050805
10452,1,1,CatBoost,0.0004485195268083553,0.9995514804731916
5136,0,0,CatBoost,0.9999001057833184,9.989421668157844e-05
4249,0,0,CatBoost,0.9998961308284641,0.0001038691715359561
6368,0,0,CatBoost,0.9998397308537562,0.0001602691462438314
17533,1,1,CatBoost,9.866043404860303e-05,0.9999013395659514
412,0,0,CatBoost,0.9999373690620907,6.263093790928453e-05
15861,1,1,CatBoost,0.0003161355049988712,0.9996838644950011
14566,1,1,CatBoost,0.00011478359899130819,0.9998852164010087
15190,1,1,CatBoost,8.871225721895915e-05,0.999911287742781
4703,0,0,CatBoost,0.9999257758843138,7.422411568628327e-05
10903,1,1,CatBoost,0.000233920243124075,0.9997660797568759
13562,1,1,CatBoost,0.00010830017367846612,0.9998916998263215
10663,1,1,CatBoost,0.00047244512895738833,0.9995275548710426
8227,0,0,CatBoost,0.9998759642988044,0.00012403570119554581
13629,1,1,CatBoost,0.0001842444355358852,0.9998157555644641
2711,0,0,CatBoost,0.9999422090415182,5.779095848176131e-05
8942,0,0,CatBoost,0.9998944399540842,0.00010556004591574278
5203,0,0,CatBoost,0.9998865321554956,0.00011346784450441044
16774,1,1,CatBoost,7.778562339288975e-05,0.9999222143766071
12717,1,1,CatBoost,0.00016873431883035472,0.9998312656811696
15878,1,1,CatBoost,0.00013604908371156466,0.9998639509162884
18471,1,1,CatBoost,0.0002188979902275623,0.9997811020097724
10786,1,1,CatBoost,0.0002240852773315316,0.9997759147226685
6082,0,0,CatBoost,0.9998686993511068,0.00013130064889316516
9436,0,0,CatBoost,0.999947457203927,5.254279607304816e-05
8389,0,0,CatBoost,0.9998592838227124,0.0001407161772875832
14337,1,1,CatBoost,0.00010372867774877115,0.9998962713222512
12958,1,1,CatBoost,0.00015369714914070798,0.9998463028508593
16325,1,1,CatBoost,7.693334075320468e-05,0.9999230666592468
9368,0,0,CatBoost,0.9998960205687489,0.00010397943125101563
6970,0,0,CatBoost,0.9999490844304203,5.09155695797073e-05
10706,1,1,CatBoost,0.0018324420440457567,0.9981675579559542
13118,1,1,CatBoost,0.00017480815309078857,0.9998251918469092
6570,0,0,CatBoost,0.9999491614943532,5.08385056468073e-05
2562,0,0,CatBoost,0.9999414149474241,5.8585052575960894e-05
5305,0,0,CatBoost,0.9999479703979864,5.2029602013537734e-05
1853,0,0,CatBoost,0.9998574312299405,0.0001425687700594759
17360,1,1,CatBoost,0.0001913675223906841,0.9998086324776093
10132,1,1,CatBoost,0.00025253404106861943,0.9997474659589314
1229,0,0,CatBoost,0.9999428052564875,5.719474351245977e-05
1750,0,0,CatBoost,0.9999248604868205,7.513951317948609e-05
9179,0,0,CatBoost,0.9999306495951489,6.935040485109871e-05
5475,0,0,CatBoost,0.9998927995293574,0.00010720047064262679
8447,0,0,CatBoost,0.9997354697681398,0.0002645302318602283
16681,1,1,CatBoost,0.00011371161652606876,0.9998862883834739
13958,1,1,CatBoost,8.119220581226383e-05,0.9999188077941877
3141,0,0,CatBoost,0.9999225727558837,7.742724411630049e-05
14396,1,1,CatBoost,0.0003487675376745436,0.9996512324623255
13925,1,1,CatBoost,0.00017555909141331316,0.9998244409085867
4494,0,0,CatBoost,0.9999348942101822,6.510578981773737e-05
10558,1,1,CatBoost,0.0009223246837416488,0.9990776753162584
8428,0,0,CatBoost,0.9999318200021392,6.817999786080053e-05
10562,1,1,CatBoost,0.0008893145335829855,0.999110685466417
10532,1,1,CatBoost,0.0008999879065360039,0.999100012093464
3178,0,0,CatBoost,0.9999225188865274,7.74811134726653e-05
14178,1,1,CatBoost,6.692978961175822e-05,0.9999330702103882
11761,1,1,CatBoost,0.00020788890113887515,0.9997921110988611
16238,1,1,CatBoost,6.874897357045384e-05,0.9999312510264295
12576,1,1,CatBoost,0.00017805881589938455,0.9998219411841006
11770,1,1,CatBoost,0.0001884073153315402,0.9998115926846685
13541,1,1,CatBoost,0.00013299189574567105,0.9998670081042543
12564,1,1,CatBoost,0.00014742273925227867,0.9998525772607477
2808,0,0,CatBoost,0.9999298187889956,7.018121100442793e-05
7014,0,0,CatBoost,0.9999020137472187,9.79862527813878e-05
5233,0,0,CatBoost,0.9999446247089165,5.5375291083499085e-05
4203,0,0,CatBoost,0.9999227721505944,7.722784940552085e-05
6600,0,0,CatBoost,0.9999352283665264,6.47716334736633e-05
16741,1,1,CatBoost,0.00011004724963226131,0.9998899527503677
11712,1,1,CatBoost,0.00021316554356698436,0.999786834456433
10198,1,1,CatBoost,0.00012141049297353934,0.9998785895070265
7121,0,0,CatBoost,0.9999412384927601,5.8761507239908864e-05
4555,0,0,CatBoost,0.9998587038084493,0.0001412961915506304
14683,1,1,CatBoost,6.727126345240642e-05,0.9999327287365476
793,0,0,CatBoost,0.999895362511095,0.0001046374889050148
15089,1,1,CatBoost,6.587533430568726e-05,0.9999341246656943
13071,1,1,CatBoost,0.00014749359941779172,0.9998525064005822
1521,0,0,CatBoost,0.9999086811691057,9.1318830894359e-05
13487,1,1,CatBoost,0.0004202455263052629,0.9995797544736947
13073,1,1,CatBoost,0.0002930554639715144,0.9997069445360285
18462,1,1,CatBoost,9.463811004895017e-05,0.999905361889951
14904,1,1,CatBoost,8.213995768746596e-05,0.9999178600423125
2898,0,0,CatBoost,0.9998702648755031,0.0001297351244968665
7943,0,0,CatBoost,0.9998771574207673,0.00012284257923263464
15761,1,1,CatBoost,0.00028502802622965007,0.9997149719737703
2136,0,0,CatBoost,0.9997977033512162,0.0002022966487837876
1133,0,0,CatBoost,0.9999003999684292,9.960003157083806e-05
10079,1,1,CatBoost,0.00033988468048573584,0.9996601153195143
18693,1,1,CatBoost,0.00016652567277763985,0.9998334743272224
6655,0,0,CatBoost,0.9995422107371691,0.00045778926283092754
13805,1,1,CatBoost,0.0002889344510370595,0.9997110655489629
12384,1,1,CatBoost,0.00017318180619585455,0.9998268181938041
1081,0,0,CatBoost,0.9999251628016016,7.483719839845474e-05
3930,0,0,CatBoost,0.9999117033804568,8.829661954320352e-05
13377,1,1,CatBoost,0.0001931050579825344,0.9998068949420175
1125,0,0,CatBoost,0.9999302184075937,6.978159240634719e-05
6262,0,0,CatBoost,0.9998623021331555,0.00013769786684443203
569,0,0,CatBoost,0.9999098847978324,9.011520216762665e-05
846,0,0,CatBoost,0.999905414169443,9.458583055697856e-05
4964,0,0,CatBoost,0.9999149513177551,8.50486822449501e-05
1296,0,0,CatBoost,0.9998485009617678,0.0001514990382321444
19052,1,1,CatBoost,0.00019900101834191553,0.9998009989816581
845,0,0,CatBoost,0.9999194940770002,8.050592299981502e-05
1685,0,0,CatBoost,0.9999015207166371,9.8479283362976e-05
15125,1,1,CatBoost,7.274538306201173e-05,0.999927254616938
1986,0,0,CatBoost,0.999895914446027,0.00010408555397299582
593,0,0,CatBoost,0.9998766510759262,0.00012334892407387985
2978,0,0,CatBoost,0.9999201657271959,7.983427280409933e-05
5791,0,0,CatBoost,0.9999250335404014,7.496645959862392e-05
10120,1,1,CatBoost,0.00021534687286617338,0.9997846531271338
1899,0,0,CatBoost,0.9999194233797013,8.057662029870455e-05
9062,0,0,CatBoost,0.9998812031970158,0.00011879680298422992
4621,0,0,CatBoost,0.9999380953377661,6.190466223382913e-05
1388,0,0,CatBoost,0.9999470250884336,5.2974911566423376e-05
10056,1,1,CatBoost,0.00036693221015182687,0.9996330677898482
17006,1,1,CatBoost,7.408739791081587e-05,0.9999259126020892
6042,0,0,CatBoost,0.9998986523843472,0.00010134761565287111
14855,1,1,CatBoost,0.00012953569789664332,0.9998704643021034
7629,0,0,CatBoost,0.9998945729653183,0.00010542703468173918
2667,0,0,CatBoost,0.9999075711466207,9.242885337932417e-05
12377,1,1,CatBoost,0.00017204350662958223,0.9998279564933704
7397,0,0,CatBoost,0.9999174744688623,8.252553113778507e-05
9475,0,0,CatBoost,0.9998711196137048,0.0001288803862952478
1316,0,0,CatBoost,0.9999500232447204,4.997675527958786e-05
1704,0,0,CatBoost,0.9999244499461377,7.555005386231503e-05
14492,1,1,CatBoost,7.248200683007688e-05,0.9999275179931699
17872,1,1,CatBoost,0.00036526985196105866,0.9996347301480389
10284,1,1,CatBoost,0.00015204139669411365,0.9998479586033059
13602,1,1,CatBoost,0.00013864791865725312,0.9998613520813427
4177,0,0,CatBoost,0.999872890231877,0.00012710976812300984
16290,1,1,CatBoost,0.0002059625885042493,0.9997940374114958
16306,1,1,CatBoost,0.000934857522634891,0.9990651424773651
17061,1,1,CatBoost,0.0001684744709919972,0.999831525529008
18039,1,1,CatBoost,0.0001753667262260894,0.9998246332737739
814,0,0,CatBoost,0.9999116046330411,8.839536695892205e-05
9417,0,0,CatBoost,0.9998504252537441,0.00014957474625588665
458,0,0,CatBoost,0.99990301017043,9.698982957000797e-05
1015,0,0,CatBoost,0.9999002175509837,9.978244901636797e-05
18022,1,1,CatBoost,0.00011789386954086378,0.9998821061304591
1762,0,0,CatBoost,0.9967620567621323,0.0032379432378677525
12252,1,1,CatBoost,0.00017492538028152094,0.9998250746197185
3987,0,0,CatBoost,0.9999448647121947,5.51352878052743e-05
7509,0,0,CatBoost,0.9998820732234847,0.00011792677651537504
13293,1,1,CatBoost,0.00013063175217098433,0.999869368247829
4576,0,0,CatBoost,0.999928653224972,7.134677502793823e-05
384,0,0,CatBoost,0.9999394595876503,6.054041234976197e-05
5291,0,0,CatBoost,0.9306720264045011,0.06932797359549894
3778,0,0,CatBoost,0.999906798053236,9.320194676399422e-05
8070,0,0,CatBoost,0.9999178397578791,8.216024212089251e-05
14749,1,1,CatBoost,8.689259966587759e-05,0.9999131074003341
7239,0,0,CatBoost,0.999938797838593,6.12021614070377e-05
1540,0,0,CatBoost,0.9999448625716282,5.513742837186227e-05
1304,0,0,CatBoost,0.9999400280985374,5.997190146255015e-05
2137,0,0,CatBoost,0.9998748209254855,0.0001251790745144522
8529,0,0,CatBoost,0.9998545767561067,0.00014542324389329452
8393,0,0,CatBoost,0.9998538831816121,0.00014611681838794485
12715,1,1,CatBoost,0.00018545570227390673,0.9998145442977261
2824,0,0,CatBoost,0.9997915713205103,0.00020842867948972352
3201,0,0,CatBoost,0.999905173344834,9.482665516607466e-05
18819,1,1,CatBoost,0.00013407191267778007,0.9998659280873222
5779,0,0,CatBoost,0.9999192807216423,8.071927835771417e-05
9105,0,0,CatBoost,0.9999363573515342,6.36426484658141e-05
6921,0,0,CatBoost,0.9999383552902514,6.164470974858207e-05
769,0,0,CatBoost,0.9999291501411188,7.084985888118605e-05
3440,0,0,CatBoost,0.9999174035128313,8.259648716868622e-05
9184,0,0,CatBoost,0.9998624892876574,0.0001375107123425853
8133,0,0,CatBoost,0.9998563430357632,0.00014365696423679467
9207,0,0,CatBoost,0.9998974646785376,0.0001025353214624101
6917,0,0,CatBoost,0.9999442993077409,5.5700692259129955e-05
13783,1,1,CatBoost,0.00020882279725997765,0.99979117720274
145,0,0,CatBoost,0.9999191399812579,8.08600187420815e-05
1838,0,0,CatBoost,0.9999267442181808,7.32557818191179e-05
1045,0,0,CatBoost,0.9999149133851867,8.508661481337297e-05
17198,1,1,CatBoost,0.0004285300903161815,0.9995714699096838
3385,0,0,CatBoost,0.9999289911183038,7.100888169619218e-05
4648,0,0,CatBoost,0.9998907542059438,0.00010924579405624657
8887,0,0,CatBoost,0.999895080064913,0.00010491993508701017
2693,0,0,CatBoost,0.9999517142006003,4.828579939971449e-05
5548,0,0,CatBoost,0.9999411620196228,5.883798037717623e-05
10046,1,1,CatBoost,0.00040029400682151106,0.9995997059931785
15770,1,1,CatBoost,9.453969061523626e-05,0.9999054603093848
3242,0,0,CatBoost,0.999931653328703,6.83466712969321e-05
15822,1,1,CatBoost,7.210508051047615e-05,0.9999278949194895
16964,1,1,CatBoost,0.0005450838242270217,0.999454916175773
12503,1,1,CatBoost,0.00014666147839703658,0.999853338521603
17022,1,1,CatBoost,0.00022172069452786047,0.9997782793054721
6635,0,0,CatBoost,0.9998741837391998,0.00012581626080016538
5656,0,0,CatBoost,0.9991780453067329,0.0008219546932670224
12169,1,1,CatBoost,0.00016551820036381226,0.9998344817996362
13,0,0,CatBoost,0.9999187926497489,8.120735025108536e-05
13857,1,1,CatBoost,0.00021166726814159098,0.9997883327318584
9293,0,0,CatBoost,0.999902584694805,9.741530519506178e-05
4208,0,0,CatBoost,0.99993582946323,6.417053676997038e-05
11449,1,1,CatBoost,0.00017995160055317427,0.9998200483994468
6767,0,0,CatBoost,0.9998834158847343,0.00011658411526573491
19095,1,1,CatBoost,0.0001361859288295797,0.9998638140711704
7115,0,0,CatBoost,0.9999043655697482,9.5634430251868e-05
5445,0,0,CatBoost,0.9999406820904473,5.9317909552666584e-05
8007,0,0,CatBoost,0.9998765202457285,0.00012347975427154788
3192,0,0,CatBoost,0.9999454848043982,5.451519560187406e-05
14567,1,1,CatBoost,9.347925430558401e-05,0.9999065207456944
10041,1,1,CatBoost,0.00037510684252051174,0.9996248931574795
5971,0,0,CatBoost,0.9996778683013987,0.0003221316986012458
2200,0,0,CatBoost,0.9999366070945597,6.339290544037162e-05
12754,1,1,CatBoost,0.00019038379864910748,0.9998096162013509
19129,1,1,CatBoost,0.00018947747269282278,0.9998105225273072
16170,1,1,CatBoost,9.840026460772311e-05,0.9999015997353923
3762,0,0,CatBoost,0.9999176739444914,8.2326055508674e-05
18800,1,1,CatBoost,0.00011273559039837178,0.9998872644096016
11820,1,1,CatBoost,0.000165915419837126,0.9998340845801629
14774,1,1,CatBoost,6.735266021418163e-05,0.9999326473397858
14550,1,1,CatBoost,7.303507919464991e-05,0.9999269649208054
18630,1,1,CatBoost,0.00012553559373507106,0.9998744644062649
7062,0,0,CatBoost,0.9999198650274068,8.013497259313749e-05
16877,1,1,CatBoost,0.00019198374445772437,0.9998080162555423
207,0,0,CatBoost,0.999939761447463,6.0238552536954736e-05
18775,1,1,CatBoost,0.0003029795883716657,0.9996970204116283
853,0,0,CatBoost,0.9997963133729583,0.00020368662704174382
7970,0,0,CatBoost,0.9998769625696167,0.00012303743038337623
2599,0,0,CatBoost,0.9999047005435632,9.529945643684452e-05
8661,0,0,CatBoost,0.9998525030274993,0.00014749697250068718
15485,1,1,CatBoost,9.040271334170846e-05,0.9999095972866583
9140,0,0,CatBoost,0.9999328787806232,6.712121937681574e-05
9958,0,0,CatBoost,0.9940108803030816,0.005989119696918408
2079,0,0,CatBoost,0.9997736200324131,0.00022637996758688534
15142,1,1,CatBoost,5.215148698800576e-05,0.999947848513012
15995,1,1,CatBoost,0.001074616076899293,0.9989253839231007
7196,0,0,CatBoost,0.9999444873362334,5.551266376657302e-05
8924,0,0,CatBoost,0.9999090246356791,9.097536432090965e-05
1205,0,0,CatBoost,0.9999456007674863,5.439923251373376e-05
7125,0,0,CatBoost,0.9999216905184739,7.830948152606899e-05
12409,1,1,CatBoost,0.00015997941605216948,0.9998400205839478
2359,0,0,CatBoost,0.9999159694045692,8.403059543080974e-05
16100,1,1,CatBoost,0.00025339019579617705,0.9997466098042038
15387,1,1,CatBoost,0.00017154872843805347,0.999828451271562
18968,1,1,CatBoost,0.00025048218912948617,0.9997495178108705
2334,0,0,CatBoost,0.9998662792636203,0.00013372073637978334
14724,1,1,CatBoost,7.854966972009603e-05,0.9999214503302799
1852,0,0,CatBoost,0.9998404990800484,0.00015950091995163936
3766,0,0,CatBoost,0.9999021222414232,9.787775857686305e-05
4809,0,0,CatBoost,0.9999103290072786,8.967099272137505e-05
2504,0,0,CatBoost,0.9999417537386303,5.824626136979516e-05
16633,1,1,CatBoost,6.628159168231562e-05,0.9999337184083177
5486,0,0,CatBoost,0.9998117834406471,0.0001882165593528276
3744,0,0,CatBoost,0.9999320190011127,6.79809988872795e-05
11963,1,1,CatBoost,0.00016730583620483408,0.9998326941637952
8208,0,0,CatBoost,0.9998965382133755,0.00010346178662442587
1826,0,0,CatBoost,0.999919480350564,8.051964943595465e-05
11585,1,1,CatBoost,0.000192708472751435,0.9998072915272486
14955,1,1,CatBoost,5.9539773994088385e-05,0.9999404602260059
9186,0,0,CatBoost,0.9998847602372504,0.00011523976274968042
454,0,0,CatBoost,0.999937653483074,6.234651692601668e-05
3883,0,0,CatBoost,0.999933506903461,6.649309653908073e-05
4116,0,0,CatBoost,0.9999239929959348,7.600700406522291e-05
15138,1,1,CatBoost,7.917559284287279e-05,0.9999208244071571
3640,0,0,CatBoost,0.999886452319076,0.00011354768092399068
5423,0,0,CatBoost,0.9999462551421396,5.3744857860353235e-05
2593,0,0,CatBoost,0.9999249098925012,7.509010749879746e-05
10153,1,1,CatBoost,0.0004807288281000188,0.9995192711719
11019,1,1,CatBoost,0.00020031547836529828,0.9997996845216347
5343,0,0,CatBoost,0.9999330245009266,6.697549907339873e-05
3267,0,0,CatBoost,0.9999508992727575,4.9100727242513654e-05
17817,1,1,CatBoost,0.00010269029289722287,0.9998973097071028
11842,1,1,CatBoost,0.00022946994645267615,0.9997705300535473
2466,0,0,CatBoost,0.9999529221512218,4.7077848778166895e-05
17001,1,1,CatBoost,6.97975304718712e-05,0.9999302024695281
13206,1,1,CatBoost,0.00017565849813383494,0.9998243415018662
9654,0,0,CatBoost,0.9997801910317193,0.00021980896828065278
2393,0,0,CatBoost,0.9998553736105175,0.00014462638948252595
768,0,0,CatBoost,0.999912752292359,8.724770764102413e-05
16672,1,1,CatBoost,0.0001718379959995131,0.9998281620040005
15358,1,1,CatBoost,9.066774090382701e-05,0.9999093322590962
14669,1,1,CatBoost,0.00010330747677600449,0.999896692523224
8592,0,0,CatBoost,0.9999018984709418,9.810152905819401e-05
8727,0,0,CatBoost,0.9998930257687165,0.00010697423128352558
12973,1,1,CatBoost,0.00017892085358073295,0.9998210791464193
281,0,0,CatBoost,0.999912401593579,8.759840642103682e-05
12874,1,1,CatBoost,0.00017685288373781027,0.9998231471162622
10024,1,1,CatBoost,0.00037510684252051174,0.9996248931574795
8238,0,0,CatBoost,0.999874090450452,0.0001259095495480642
17944,1,1,CatBoost,0.00015695495573742058,0.9998430450442626
7511,0,0,CatBoost,0.9998474948216526,0.000152505178347469
6656,0,0,CatBoost,0.9999278725319045,7.212746809553031e-05
5142,0,0,CatBoost,0.9999053525103305,9.464748966949089e-05
8006,0,0,CatBoost,0.9998846000942238,0.0001153999057762216
8684,0,0,CatBoost,0.9998911848285011,0.00010881517149890038
10220,1,1,CatBoost,0.00016658279280168387,0.9998334172071983
8571,0,0,CatBoost,0.9998706276377801,0.00012937236221993552
6640,0,0,CatBoost,0.9999470472880418,5.2952711958201436e-05
12589,1,1,CatBoost,0.00017008108558147494,0.9998299189144185
11577,1,1,CatBoost,0.00012241871752671774,0.9998775812824733
15388,1,1,CatBoost,9.159073406173057e-05,0.9999084092659383
11252,1,1,CatBoost,0.0001795199952998594,0.9998204800047001
8680,0,0,CatBoost,0.9998890280695076,0.00011097193049232298
17921,1,1,CatBoost,0.00012645160414592738,0.9998735483958541
13494,1,1,CatBoost,0.00013443492450249117,0.9998655650754975
2872,0,0,CatBoost,0.999922492884629,7.750711537099024e-05
16442,1,1,CatBoost,0.00010580093312573258,0.9998941990668743
17620,1,1,CatBoost,0.00015401875731158032,0.9998459812426884
3812,0,0,CatBoost,0.9999209708204907,7.90291795093527e-05
3287,0,0,CatBoost,0.9997926125755234,0.0002073874244765779
17030,1,1,CatBoost,8.083895156207888e-05,0.9999191610484379
16527,1,1,CatBoost,5.911042520967413e-05,0.9999408895747903
14241,1,1,CatBoost,6.900138915488796e-05,0.9999309986108451
3230,0,0,CatBoost,0.9999180133316381,8.19866683619454e-05
2946,0,0,CatBoost,0.9999293386332658,7.066136673413231e-05
1256,0,0,CatBoost,0.9998367100106953,0.00016328998930468359
8038,0,0,CatBoost,0.9999407145629944,5.92854370055799e-05
6873,0,0,CatBoost,0.9999386414242003,6.135857579968285e-05
4752,0,0,CatBoost,0.9999534652600335,4.653473996653399e-05
6617,0,0,CatBoost,0.999926363343067,7.3636656933019e-05
12765,1,1,CatBoost,0.00014287378214861146,0.9998571262178514
7906,0,0,CatBoost,0.9997488808444013,0.0002511191555987283
2734,0,0,CatBoost,0.9999353337398647,6.466626013538992e-05
7554,0,0,CatBoost,0.9998749262134116,0.00012507378658847595
13444,1,1,CatBoost,0.00017008644287486163,0.9998299135571251
5752,0,0,CatBoost,0.9999073668609983,9.263313900164414e-05
16352,1,1,CatBoost,0.0004880736578032341,0.9995119263421968
16927,1,1,CatBoost,0.0010443669970972014,0.9989556330029028
6371,0,0,CatBoost,0.999891019934367,0.00010898006563296718
899,0,0,CatBoost,0.999891257550298,0.00010874244970210047
17388,1,1,CatBoost,0.0001426205053176588,0.9998573794946823
12674,1,1,CatBoost,0.00017805056989528278,0.9998219494301047
2353,0,0,CatBoost,0.999937570227707,6.242977229294503e-05
699,0,0,CatBoost,0.9999288040296999,7.11959703000904e-05
10027,1,1,CatBoost,0.00035464195180401337,0.999645358048196
16117,1,1,CatBoost,0.00027101145390795445,0.999728988546092
9069,0,0,CatBoost,0.9998979396288464,0.00010206037115354856
8815,0,0,CatBoost,0.9998676682220828,0.0001323317779171218
4452,0,0,CatBoost,0.9999368450144064,6.315498559365381e-05
16391,1,1,CatBoost,6.818909510541982e-05,0.9999318109048946
14407,1,1,CatBoost,9.691394290411992e-05,0.9999030860570959
7294,0,0,CatBoost,0.9999466222538471,5.3377746152850044e-05
5342,0,0,CatBoost,0.9999288265970911,7.117340290886441e-05
9601,0,0,CatBoost,0.9998902206025501,0.00010977939744990756
13190,1,1,CatBoost,0.0003231850191061092,0.9996768149808939
17358,1,1,CatBoost,9.72548418430863e-05,0.9999027451581569
148,0,0,CatBoost,0.9999312105096062,6.87894903938355e-05
301,0,0,CatBoost,0.9999412753707945,5.872462920554526e-05
18651,1,1,CatBoost,0.00012801333122802738,0.999871986668772
6015,0,0,CatBoost,0.9999250900087847,7.49099912152583e-05
12090,1,1,CatBoost,0.0001326098500633588,0.9998673901499366
8937,0,0,CatBoost,0.999876082942949,0.00012391705705092095
9348,0,0,CatBoost,0.9999310466842499,6.895331575005943e-05
13838,1,1,CatBoost,0.0002833731654847682,0.9997166268345152
8189,0,0,CatBoost,0.9999073988000137,9.260119998637296e-05
8808,0,0,CatBoost,0.9999060647848012,9.393521519890255e-05
14672,1,1,CatBoost,7.059068109394051e-05,0.9999294093189061
11100,1,1,CatBoost,0.00025246237892762036,0.9997475376210724
14500,1,1,CatBoost,9.25914991513066e-05,0.9999074085008487
11974,1,1,CatBoost,0.00013785667030996596,0.99986214332969
4644,0,0,CatBoost,0.9999041197789582,9.588022104175422e-05
9470,0,0,CatBoost,0.9999130456497506,8.695435024944834e-05
4311,0,0,CatBoost,0.9998986504043542,0.00010134959564576045
7992,0,0,CatBoost,0.9998823311205272,0.000117668879472817
14230,1,1,CatBoost,0.00010226050989525781,0.9998977394901047
17227,1,1,CatBoost,0.00012376940053304697,0.999876230599467
18628,1,1,CatBoost,0.00029115333540574717,0.9997088466645943
16188,1,1,CatBoost,6.640950345215835e-05,0.9999335904965478
12758,1,1,CatBoost,0.00022133236379051624,0.9997786676362095
17850,1,1,CatBoost,0.00012842626251396982,0.999871573737486
3531,0,0,CatBoost,0.9999182910073215,8.170899267849259e-05
8590,0,0,CatBoost,0.9998096054817187,0.0001903945182812633
11425,1,1,CatBoost,0.00017995881602361763,0.9998200411839764
11959,1,1,CatBoost,0.00022125474966172565,0.9997787452503383
3020,0,0,CatBoost,0.9999229715971534,7.702840284663064e-05
5311,0,0,CatBoost,0.9999042061161818,9.579388381819702e-05
5877,0,0,CatBoost,0.9999471552628195,5.284473718046763e-05
6288,0,0,CatBoost,0.999907769818088,9.22301819120079e-05
8639,0,0,CatBoost,0.9999148221054603,8.517789453966241e-05
18083,1,1,CatBoost,0.00010387238082409933,0.9998961276191759
928,0,0,CatBoost,0.9998844085102149,0.00011559148978516078
6514,0,0,CatBoost,0.9998787546904263,0.00012124530957366048
1494,0,0,CatBoost,0.9999088748477759,9.112515222410487e-05
9610,0,0,CatBoost,0.9998701740993816,0.00012982590061841182
13739,1,1,CatBoost,0.00015646485645848252,0.9998435351435415
16365,1,1,CatBoost,6.367632748749408e-05,0.9999363236725125
8335,0,0,CatBoost,0.999881660166335,0.00011833983366507228
15818,1,1,CatBoost,9.509327496248776e-05,0.9999049067250375
630,0,0,CatBoost,0.9999102584691866,8.974153081340563e-05
4719,0,0,CatBoost,0.999914411754267,8.558824573303721e-05
6305,0,0,CatBoost,0.9997782524009511,0.00022174759904894023
13643,1,1,CatBoost,0.00012388641874405693,0.9998761135812559
10622,1,1,CatBoost,0.0005083614109093748,0.9994916385890906
8433,0,0,CatBoost,0.9997962443398585,0.00020375566014148186
7158,0,0,CatBoost,0.9999332056127818,6.679438721822077e-05
15955,1,1,CatBoost,0.0001730090699012532,0.9998269909300987
302,0,0,CatBoost,0.9998482682698411,0.0001517317301589013
1202,0,0,CatBoost,0.9999133654648835,8.66345351164867e-05
7004,0,0,CatBoost,0.9999052372631388,9.476273686117854e-05
12652,1,1,CatBoost,0.00014759900880323418,0.9998524009911968
3216,0,0,CatBoost,0.9999551368266046,4.4863173395394804e-05
202,0,0,CatBoost,0.9999484678774639,5.1532122536083636e-05
13246,1,1,CatBoost,0.00040400634190629336,0.9995959936580937
974,0,0,CatBoost,0.99975087944387,0.0002491205561300372
8212,0,0,CatBoost,0.9998979407569836,0.00010205924301645473
3797,0,0,CatBoost,0.999926338248761,7.366175123897067e-05
8557,0,0,CatBoost,0.9999455242595281,5.447574047193062e-05
11798,1,1,CatBoost,0.00017444144590894606,0.999825558554091
5524,0,0,CatBoost,0.9999240446431776,7.595535682237038e-05
12382,1,1,CatBoost,0.0001629985328288619,0.9998370014671711
770,0,0,CatBoost,0.999905073010702,9.492698929807596e-05
18832,1,1,CatBoost,0.00028874548673130107,0.9997112545132687
16847,1,1,CatBoost,6.993332931071183e-05,0.9999300666706893
1136,0,0,CatBoost,0.9999410659126053,5.8934087394644834e-05
5177,0,0,CatBoost,0.9999153604670986,8.463953290136285e-05
1906,0,0,CatBoost,0.9999258448458029,7.415515419709362e-05
19040,1,1,CatBoost,0.00018960683807323075,0.9998103931619268
9761,0,0,CatBoost,0.9998191548512572,0.00018084514874278695
5088,0,0,CatBoost,0.9989538753768723,0.0010461246231276893
13476,1,1,CatBoost,0.00021117750387367185,0.9997888224961263
5626,0,0,CatBoost,0.999874483934008,0.00012551606599197306
8465,0,0,CatBoost,0.9998592678131077,0.00014073218689221331
15727,1,1,CatBoost,7.070553739452201e-05,0.9999292944626055
13989,1,1,CatBoost,0.0001000320774016128,0.9998999679225984
4211,0,0,CatBoost,0.9999363132133565,6.36867866434254e-05
2817,0,0,CatBoost,0.9999412353132576,5.8764686742429276e-05
1279,0,0,CatBoost,0.9998514179931358,0.0001485820068642099
6936,0,0,CatBoost,0.9998957299736521,0.00010427002634789682
936,0,0,CatBoost,0.9999214900196544,7.850998034560276e-05
12697,1,1,CatBoost,0.0001780597656224625,0.9998219402343775
6236,0,0,CatBoost,0.9999372275325022,6.277246749774894e-05
14734,1,1,CatBoost,0.00013083176158024123,0.9998691682384198
3144,0,0,CatBoost,0.9999147276359289,8.527236407111425e-05
15908,1,1,CatBoost,0.0004778259668010154,0.999522174033199
7577,0,0,CatBoost,0.999867150288819,0.0001328497111810394
4795,0,0,CatBoost,0.9999421488234937,5.785117650621564e-05
13393,1,1,CatBoost,0.0001295130030459779,0.999870486996954
16386,1,1,CatBoost,6.367678038610158e-05,0.9999363232196139
3874,0,0,CatBoost,0.9999123150098831,8.768499011693715e-05
10880,1,1,CatBoost,0.00023280715891305093,0.999767192841087
8716,0,0,CatBoost,0.9998857302843367,0.00011426971566327034
1120,0,0,CatBoost,0.9998857856108205,0.0001142143891795126
13619,1,1,CatBoost,0.0001484981038352151,0.9998515018961648
6331,0,0,CatBoost,0.9996821042515963,0.0003178957484037024
854,0,0,CatBoost,0.9999087867753123,9.121322468775208e-05
10080,1,1,CatBoost,0.00035461535340719497,0.9996453846465928
12157,1,1,CatBoost,0.00015871725134453118,0.9998412827486555
3451,0,0,CatBoost,0.9999199303618211,8.006963817888866e-05
15684,1,1,CatBoost,0.00011785000486497221,0.999882149995135
14478,1,1,CatBoost,0.00014514256548570081,0.9998548574345143
10544,1,1,CatBoost,0.0006167915799473178,0.9993832084200527
11794,1,1,CatBoost,0.00019429290700267998,0.9998057070929973
5713,0,0,CatBoost,0.9998823234516172,0.00011767654838276394
6943,0,0,CatBoost,0.999022002686475,0.000977997313524967
17993,1,1,CatBoost,0.0004340116872909583,0.999565988312709
10265,1,1,CatBoost,0.0001545695942148928,0.9998454304057851
12302,1,1,CatBoost,0.00013155427952171728,0.9998684457204783
9809,0,0,CatBoost,0.999828704947463,0.0001712950525370361
13026,1,1,CatBoost,0.00011985317143803353,0.999880146828562
12921,1,1,CatBoost,0.00019078507274561396,0.9998092149272544
10659,1,1,CatBoost,0.00047762862587030774,0.9995223713741297
6506,0,0,CatBoost,0.999868000502383,0.00013199949761695748
15472,1,1,CatBoost,8.933832091162497e-05,0.9999106616790884
19008,1,1,CatBoost,0.0001353673691270041,0.999864632630873
3676,0,0,CatBoost,0.999947369187186,5.263081281401007e-05
17738,1,1,CatBoost,0.00011921083730792592,0.9998807891626921
3510,0,0,CatBoost,0.9999109028409875,8.909715901245871e-05
792,0,0,CatBoost,0.9998776687488518,0.0001223312511482782
8256,0,0,CatBoost,0.9998762297648376,0.00012377023516242346
11468,1,1,CatBoost,0.00017496773132807952,0.9998250322686719
13005,1,1,CatBoost,0.00013512421759387383,0.9998648757824061
15133,1,1,CatBoost,6.286582060865964e-05,0.9999371341793913
13811,1,1,CatBoost,0.00015683102860775122,0.9998431689713922
5208,0,0,CatBoost,0.9999323739620081,6.762603799198153e-05
13810,1,1,CatBoost,0.0001420350316900798,0.9998579649683099
19010,1,1,CatBoost,0.00015462043326053276,0.9998453795667395
14309,1,1,CatBoost,7.691892937244926e-05,0.9999230810706276
8434,0,0,CatBoost,0.9998669842690369,0.00013301573096312456
11797,1,1,CatBoost,0.0002115022445807746,0.9997884977554192
17180,1,1,CatBoost,9.242039765966492e-05,0.9999075796023403
11465,1,1,CatBoost,0.0001955999424819721,0.999804400057518
12544,1,1,CatBoost,0.00015352979979732506,0.9998464702002027
1386,0,0,CatBoost,0.9999400600511841,5.993994881591776e-05
14298,1,1,CatBoost,8.658124278715373e-05,0.9999134187572128
7860,0,0,CatBoost,0.9998797201050592,0.00012027989494079354
4806,0,0,CatBoost,0.9998793619129688,0.00012063808703124097
18747,1,1,CatBoost,0.0003062068138580676,0.9996937931861419
237,0,0,CatBoost,0.9999285699489374,7.143005106262983e-05
10243,1,1,CatBoost,0.00017294036642234722,0.9998270596335777
12102,1,1,CatBoost,0.0001303569294476281,0.9998696430705524
3335,0,0,CatBoost,0.9999129430190037,8.705698099626888e-05
2958,0,0,CatBoost,0.9999399717422007,6.0028257799306495e-05
4835,0,0,CatBoost,0.9999214145571397,7.858544286037177e-05
2752,0,0,CatBoost,0.9999275659334446,7.243406655545564e-05
17222,1,1,CatBoost,9.834474145853367e-05,0.9999016552585415
12472,1,1,CatBoost,0.0001702717676452803,0.9998297282323547
1191,0,0,CatBoost,0.9998889868764375,0.00011101312356250821
2141,0,0,CatBoost,0.9999120820916998,8.791790830017655e-05
12772,1,1,CatBoost,0.00012199264071821592,0.9998780073592818
1679,0,0,CatBoost,0.999936426060191,6.357393980901937e-05
10940,1,1,CatBoost,0.00019685252547529952,0.9998031474745247
18860,1,1,CatBoost,0.00020122608331851755,0.9997987739166815
190,0,0,CatBoost,0.9990920662802768,0.0009079337197232449
11405,1,1,CatBoost,0.0001749653949194574,0.9998250346050805
10649,1,1,CatBoost,0.0006130415321947691,0.9993869584678052
14596,1,1,CatBoost,7.354134558368308e-05,0.9999264586544163
6106,0,0,CatBoost,0.9998824172204296,0.00011758277957037264
5258,0,0,CatBoost,0.9999331001921767,6.689980782323102e-05
6801,0,0,CatBoost,0.9998960158469894,0.00010398415301058569
17723,1,1,CatBoost,0.0001378825496994862,0.9998621174503005
9441,0,0,CatBoost,0.9998906560464584,0.00010934395354154772
6981,0,0,CatBoost,0.9998153023406406,0.00018469765935940233
17197,1,1,CatBoost,0.00020800852374891488,0.9997919914762511
15040,1,1,CatBoost,7.177254833923286e-05,0.9999282274516608
13007,1,1,CatBoost,0.000338000709570796,0.9996619992904292
12164,1,1,CatBoost,0.0001410145239799654,0.99985898547602
3173,0,0,CatBoost,0.999908802201251,9.119779874899362e-05
17260,1,1,CatBoost,0.000179698552778218,0.9998203014472218
514,0,0,CatBoost,0.9998467012141354,0.00015329878586455814
12987,1,1,CatBoost,0.000136294680293636,0.9998637053197064
13745,1,1,CatBoost,0.00015986799305700572,0.999840132006943
5134,0,0,CatBoost,0.999865174839972,0.0001348251600280574
12256,1,1,CatBoost,0.00015503622852863774,0.9998449637714714
16606,1,1,CatBoost,0.00020158048215301871,0.999798419517847
14994,1,1,CatBoost,5.755253205086408e-05,0.9999424474679491
12395,1,1,CatBoost,0.00020002769109039864,0.9997999723089096
3636,0,0,CatBoost,0.999928994655097,7.100534490301143e-05
10648,1,1,CatBoost,0.000676370585795727,0.9993236294142043
4388,0,0,CatBoost,0.9999239103095923,7.608969040770192e-05
13355,1,1,CatBoost,0.00020856085410769776,0.9997914391458923
13690,1,1,CatBoost,0.00015796176115112637,0.9998420382388489
9045,0,0,CatBoost,0.9998614479062762,0.00013855209372384903
8997,0,0,CatBoost,0.9998549006439594,0.00014509935604054117
2896,0,0,CatBoost,0.9999295712679661,7.04287320339128e-05
3155,0,0,CatBoost,0.9999121638912731,8.783610872689636e-05
12186,1,1,CatBoost,0.00016122572465748775,0.9998387742753425
2243,0,0,CatBoost,0.9999138741120487,8.612588795136725e-05
512,0,0,CatBoost,0.9998725000374022,0.00012749996259776077
9709,0,0,CatBoost,0.9998532726040223,0.00014672739597768148
7390,0,0,CatBoost,0.9999181166660462,8.188333395373099e-05
14680,1,1,CatBoost,0.00011298915751500882,0.999887010842485
8519,0,0,CatBoost,0.9998809384171985,0.00011906158280152102
15884,1,1,CatBoost,0.00021147708793201048,0.999788522912068
9133,0,0,CatBoost,0.9998785230394,0.0001214769606000897
11856,1,1,CatBoost,0.0002307258863883943,0.9997692741136116
11980,1,1,CatBoost,0.00016203278465198867,0.999837967215348
3304,0,0,CatBoost,0.9999402394223502,5.976057764974026e-05
3004,0,0,CatBoost,0.9998876855717713,0.00011231442822870103
9282,0,0,CatBoost,0.999896125598868,0.00010387440113197916
15243,1,1,CatBoost,6.394918770247227e-05,0.9999360508122975
9967,0,0,CatBoost,0.9945413148351843,0.0054586851648157
1240,0,0,CatBoost,0.999914013223029,8.59867769710357e-05
9792,0,0,CatBoost,0.9999185166885167,8.14833114832562e-05
8234,0,0,CatBoost,0.9998880459150223,0.00011195408497771622
1735,0,0,CatBoost,0.999916862655399,8.313734460096647e-05
9726,0,0,CatBoost,0.9998934335798864,0.00010656642011362922
7266,0,0,CatBoost,0.9999150872115777,8.49127884222284e-05
3186,0,0,CatBoost,0.9999266063587745,7.339364122544563e-05
7005,0,0,CatBoost,0.9999126463003442,8.73536996558221e-05
3030,0,0,CatBoost,0.9999288063876004,7.119361239964247e-05
4831,0,0,CatBoost,0.9999270658024224,7.29341975776242e-05
4399,0,0,CatBoost,0.9999442465534941,5.575344650588059e-05
2026,0,0,CatBoost,0.9998461932290758,0.00015380677092425375
7057,0,0,CatBoost,0.9998871888872194,0.00011281111278063509
19047,1,1,CatBoost,0.00015292907552999502,0.99984707092447
7761,0,0,CatBoost,0.9998793979727342,0.00012060202726581236
4443,0,0,CatBoost,0.9999497462842633,5.025371573672277e-05
15294,1,1,CatBoost,0.0002114122743690494,0.999788587725631
9268,0,0,CatBoost,0.9999060586271803,9.394137281966885e-05
15833,1,1,CatBoost,8.056564993086379e-05,0.9999194343500691
15418,1,1,CatBoost,7.983480898510198e-05,0.9999201651910149
2371,0,0,CatBoost,0.9998964311203973,0.00010356887960272915
2192,0,0,CatBoost,0.9999176905189405,8.230948105941766e-05
4451,0,0,CatBoost,0.9999500655436885,4.9934456311533975e-05
6941,0,0,CatBoost,0.9972702114367021,0.0027297885632979035
1707,0,0,CatBoost,0.9977808250893949,0.00221917491060505
6002,0,0,CatBoost,0.9998969564252072,0.00010304357479279756
116,0,0,CatBoost,0.9998936668204591,0.00010633317954092518
9770,0,0,CatBoost,0.9999000434216201,9.995657837985733e-05
19058,1,1,CatBoost,0.0001242323481409624,0.999875767651859
1059,0,0,CatBoost,0.9999494377088168,5.056229118315834e-05
728,0,0,CatBoost,0.9999252073626499,7.479263735012753e-05
14625,1,1,CatBoost,8.926963888600259e-05,0.999910730361114
15546,1,1,CatBoost,7.566629768751554e-05,0.9999243337023125
18064,1,1,CatBoost,7.316150590619408e-05,0.9999268384940938
984,0,0,CatBoost,0.9999290340641823,7.096593581768206e-05
7123,0,0,CatBoost,0.9999442024542745,5.5797545725530264e-05
6265,0,0,CatBoost,0.9998717245902563,0.00012827540974366826
11253,1,1,CatBoost,0.00018048435262463247,0.9998195156473754
16399,1,1,CatBoost,8.718821867115256e-05,0.9999128117813288
13066,1,1,CatBoost,0.00015417601944844872,0.9998458239805516
2489,0,0,CatBoost,0.9998953587634652,0.00010464123653472212
1843,0,0,CatBoost,0.9997920448952645,0.00020795510473550245
7667,0,0,CatBoost,0.9999270407479887,7.295925201133299e-05
10124,1,1,CatBoost,0.0002902434075869875,0.999709756592413
8888,0,0,CatBoost,0.9999007326650026,9.926733499740866e-05
760,0,0,CatBoost,0.9999007662577089,9.923374229119711e-05
17999,1,1,CatBoost,0.00017259635822186592,0.9998274036417781
9289,0,0,CatBoost,0.9998987173907452,0.00010128260925483363
8364,0,0,CatBoost,0.9998924501873258,0.00010754981267429844
663,0,0,CatBoost,0.9999227977837609,7.72022162390514e-05
10306,1,1,CatBoost,0.0001715697605803035,0.9998284302394197
16066,1,1,CatBoost,9.880147091145819e-05,0.9999011985290885
14813,1,1,CatBoost,8.031301714883643e-05,0.9999196869828512
16697,1,1,CatBoost,7.253478158575355e-05,0.9999274652184142
1927,0,0,CatBoost,0.9998675941791444,0.00013240582085565896
4971,0,0,CatBoost,0.9998913080590562,0.0001086919409437278
16440,1,1,CatBoost,7.845640001657994e-05,0.9999215435999834
1841,0,0,CatBoost,0.9996819342391324,0.000318065760867546
1994,0,0,CatBoost,0.9998765300005807,0.00012346999941927175
19115,1,1,CatBoost,0.0001646836879779512,0.999835316312022
12581,1,1,CatBoost,0.0001326222833207824,0.9998673777166792
15578,1,1,CatBoost,6.660582224582434e-05,0.9999333941777542
7424,0,0,CatBoost,0.9997994879547001,0.00020051204529995248
5367,0,0,CatBoost,0.9998969440613548,0.00010305593864524681
10867,1,1,CatBoost,0.00024732413693873134,0.9997526758630613
11741,1,1,CatBoost,0.0002030643596484527,0.9997969356403515
3009,0,0,CatBoost,0.9999176839590675,8.231604093247737e-05
2717,0,0,CatBoost,0.9997014714077651,0.00029852859223488835
11263,1,1,CatBoost,0.00017951543859373587,0.9998204845614063
2454,0,0,CatBoost,0.9999329708892077,6.702911079223613e-05
6722,0,0,CatBoost,0.9999078381644182,9.216183558183948e-05
14229,1,1,CatBoost,0.00010256602676828042,0.9998974339732317
6806,0,0,CatBoost,0.999920116429401,7.988357059899807e-05
11775,1,1,CatBoost,0.00017559466673522373,0.9998244053332648
3179,0,0,CatBoost,0.9999297772267268,7.022277327322738e-05
16826,1,1,CatBoost,0.0006705816844359003,0.9993294183155641
7863,0,0,CatBoost,0.9998013122057406,0.00019868779425939902
18981,1,1,CatBoost,0.00017165038710698077,0.999828349612893
8357,0,0,CatBoost,0.9998958100541029,0.00010418994589710104
18571,1,1,CatBoost,0.000196977500834139,0.9998030224991659
18440,1,1,CatBoost,0.0003911650242218734,0.9996088349757781
7491,0,0,CatBoost,0.9998547321473727,0.00014526785262729662
3672,0,0,CatBoost,0.9999294894570101,7.051054298987076e-05
13145,1,1,CatBoost,0.00044132459447399075,0.999558675405526
894,0,0,CatBoost,0.9998058807987675,0.00019411920123243973
12977,1,1,CatBoost,0.0002529553883612312,0.9997470446116388
4465,0,0,CatBoost,0.9999304140747032,6.958592529684547e-05
8995,0,0,CatBoost,0.9998372848980195,0.00016271510198049115
13027,1,1,CatBoost,0.00023557552969510898,0.9997644244703049
9093,0,0,CatBoost,0.9999320862842992,6.79137157008283e-05
2839,0,0,CatBoost,0.999909781704611,9.021829538896947e-05
7730,0,0,CatBoost,0.999825205390663,0.00017479460933697948
12637,1,1,CatBoost,0.0001386305572124158,0.9998613694427876
16438,1,1,CatBoost,8.237097481644806e-05,0.9999176290251836
3036,0,0,CatBoost,0.9999480888366437,5.191116335636266e-05
2959,0,0,CatBoost,0.9999168743718633,8.312562813672689e-05
4784,0,0,CatBoost,0.999933091444594,6.690855540604727e-05
11885,1,1,CatBoost,0.000242909013667858,0.9997570909863321
10748,1,1,CatBoost,0.0010937358019157406,0.9989062641980843
16990,1,1,CatBoost,0.0002655375781906999,0.9997344624218093
12094,1,1,CatBoost,0.0002547098807661463,0.9997452901192339
12338,1,1,CatBoost,0.00014982713385991442,0.9998501728661401
17654,1,1,CatBoost,0.0002658011670977345,0.9997341988329023
2203,0,0,CatBoost,0.9999290772006347,7.092279936525825e-05
18242,1,1,CatBoost,0.0002744238321318315,0.9997255761678682
13707,1,1,CatBoost,0.0001848967207839225,0.9998151032792161
12880,1,1,CatBoost,0.0001322871084792343,0.9998677128915208
17486,1,1,CatBoost,0.0006911464924388433,0.9993088535075612
7935,0,0,CatBoost,0.9998625437599125,0.00013745624008754538
5387,0,0,CatBoost,0.9998351510463092,0.00016484895369083132
7633,0,0,CatBoost,0.9998984699337403,0.00010153006625964573
10425,1,1,CatBoost,0.0006220067204042445,0.9993779932795958
11,0,0,CatBoost,0.9999325152058123,6.748479418770061e-05
8646,0,0,CatBoost,0.9998731878357261,0.000126812164273867
9337,0,0,CatBoost,0.9998904930505326,0.0001095069494674319
18035,1,1,CatBoost,7.960813540475176e-05,0.9999203918645952
15155,1,1,CatBoost,9.51718527020251e-05,0.999904828147298
7208,0,0,CatBoost,0.9998988139428526,0.00010118605714733682
9533,0,0,CatBoost,0.9999060661552109,9.393384478908654e-05
7340,0,0,CatBoost,0.9999295710935278,7.042890647220417e-05
10054,1,1,CatBoost,0.0005379367823147296,0.9994620632176853
4748,0,0,CatBoost,0.999907780654148,9.221934585196497e-05
18115,1,1,CatBoost,0.00010291235751658245,0.9998970876424834
8356,0,0,CatBoost,0.9997914852133614,0.00020851478663866648
18849,1,1,CatBoost,0.00018150235939384807,0.9998184976406062
830,0,0,CatBoost,0.999914754657836,8.524534216405616e-05
5915,0,0,CatBoost,0.9999382124378368,6.178756216322913e-05
10267,1,1,CatBoost,0.00017456991265707433,0.9998254300873429
2043,0,0,CatBoost,0.9999177777292296,8.222227077041683e-05
15012,1,1,CatBoost,7.908975890325021e-05,0.9999209102410967
15194,1,1,CatBoost,9.272203328947182e-05,0.9999072779667105
15068,1,1,CatBoost,6.965455142915467e-05,0.9999303454485708
7519,0,0,CatBoost,0.9999237720099755,7.622799002452808e-05
2976,0,0,CatBoost,0.9999400416553469,5.995834465312991e-05
6136,0,0,CatBoost,0.9999252330611087,7.476693889132612e-05
13860,1,1,CatBoost,0.00018746418898407669,0.9998125358110159
16069,1,1,CatBoost,5.7380035220488956e-05,0.9999426199647795
504,0,0,CatBoost,0.9998534400221496,0.00014655997785039448
10910,1,1,CatBoost,0.0001913865931844061,0.9998086134068156
995,0,0,CatBoost,0.999781272547556,0.00021872745244397358
3769,0,0,CatBoost,0.9999396537136284,6.034628637166516e-05
18570,1,1,CatBoost,0.00022790902410885217,0.9997720909758911
7842,0,0,CatBoost,0.9998760790588475,0.00012392094115258283
16014,1,1,CatBoost,0.0001008591266515868,0.9998991408733484
8776,0,0,CatBoost,0.9998982429679631,0.00010175703203685226
11370,1,1,CatBoost,0.00019559832634385987,0.9998044016736561
6882,0,0,CatBoost,0.9991728770495749,0.0008271229504250721
7916,0,0,CatBoost,0.9998409632529991,0.00015903674700089223
18236,1,1,CatBoost,0.0007978933172673175,0.9992021066827327
2560,0,0,CatBoost,0.9998970804321566,0.00010291956784331465
6833,0,0,CatBoost,0.9999127533668323,8.724663316772951e-05
17144,1,1,CatBoost,0.00016294434144170644,0.9998370556585583
13971,1,1,CatBoost,0.00011584305093481628,0.9998841569490652
12587,1,1,CatBoost,0.00018884542554686856,0.9998111545744531
4849,0,0,CatBoost,0.9999299940859266,7.000591407337438e-05
4530,0,0,CatBoost,0.9999294524203949,7.054757960508409e-05
18938,1,1,CatBoost,0.0001817155681756999,0.9998182844318243
11961,1,1,CatBoost,0.00020887971249772264,0.9997911202875023
5954,0,0,CatBoost,0.9999272820848191,7.271791518095011e-05
12710,1,1,CatBoost,0.00014759168140576762,0.9998524083185942
5222,0,0,CatBoost,0.999907264304949,9.273569505093258e-05
10418,1,1,CatBoost,0.0008756920726724626,0.9991243079273275
14638,1,1,CatBoost,9.096921787377088e-05,0.9999090307821262
3229,0,0,CatBoost,0.9999312693529263,6.873064707372246e-05
778,0,0,CatBoost,0.9999423336090054,5.766639099453041e-05
1734,0,0,CatBoost,0.9995412194249985,0.0004587805750014412
10241,1,1,CatBoost,0.0001621770904035591,0.9998378229095964
4869,0,0,CatBoost,0.9999104682996461,8.953170035382496e-05
6469,0,0,CatBoost,0.9999316476554195,6.835234458048712e-05
6019,0,0,CatBoost,0.9998764645292921,0.00012353547070790793
9985,0,0,CatBoost,0.9940765521749058,0.0059234478250942664
18885,1,1,CatBoost,0.0001311540614975515,0.9998688459385024
14517,1,1,CatBoost,8.379034005989716e-05,0.9999162096599401
6563,0,0,CatBoost,0.9999081798000106,9.182019998938544e-05
9706,0,0,CatBoost,0.9998894698332954,0.00011053016670464247
18174,1,1,CatBoost,0.0005921430539740369,0.999407856946026
8913,0,0,CatBoost,0.9998684957968484,0.00013150420315157378
38,0,0,CatBoost,0.9999119676170312,8.803238296886975e-05
13173,1,1,CatBoost,0.0002681075305338565,0.9997318924694661
11088,1,1,CatBoost,0.00018713533707304109,0.999812864662927
671,0,0,CatBoost,0.9999157169795103,8.428302048963658e-05
15839,1,1,CatBoost,0.00019378613183984594,0.9998062138681602
4330,0,0,CatBoost,0.9999014264408616,9.857355913842753e-05
726,0,0,CatBoost,0.9999261952118039,7.380478819605248e-05
15777,1,1,CatBoost,0.00016219196501898736,0.999837808034981
14402,1,1,CatBoost,6.945145503356454e-05,0.9999305485449664
19055,1,1,CatBoost,0.0001878018274172888,0.9998121981725827
11336,1,1,CatBoost,0.0001548915903795134,0.9998451084096205
9718,0,0,CatBoost,0.9998560027890727,0.00014399721092733138
16237,1,1,CatBoost,0.00031385118995230776,0.9996861488100477
13174,1,1,CatBoost,0.00016374408252251005,0.9998362559174775
3417,0,0,CatBoost,0.9999396145033553,6.038549664470479e-05
18501,1,1,CatBoost,0.00042073361643280016,0.9995792663835672
2056,0,0,CatBoost,0.9998935021969173,0.00010649780308267052
12277,1,1,CatBoost,0.0001745277890544683,0.9998254722109455
11103,1,1,CatBoost,0.0002370734621788273,0.9997629265378212
15816,1,1,CatBoost,8.767159114697609e-05,0.999912328408853
16300,1,1,CatBoost,6.093446391697288e-05,0.999939065536083
9453,0,0,CatBoost,0.9998911257662859,0.00010887423371405374
6493,0,0,CatBoost,0.9998995502248565,0.00010044977514347318
395,0,0,CatBoost,0.9998778710341726,0.00012212896582744002
14406,1,1,CatBoost,9.482045266673289e-05,0.9999051795473333
10714,1,1,CatBoost,0.0002461155473084675,0.9997538844526915
15222,1,1,CatBoost,6.8657639584635e-05,0.9999313423604154
11729,1,1,CatBoost,0.00015109477764452262,0.9998489052223555
16379,1,1,CatBoost,0.0001910170769272579,0.9998089829230727
6047,0,0,CatBoost,0.9998898156680612,0.00011018433193872114
14430,1,1,CatBoost,0.00014222362540539102,0.9998577763745946
2967,0,0,CatBoost,0.9999281696384997,7.183036150021749e-05
2739,0,0,CatBoost,0.9999397586131538,6.0241386846211e-05
7849,0,0,CatBoost,0.9998993776582369,0.00010062234176313685
11379,1,1,CatBoost,0.00019559832634385987,0.9998044016736561
17963,1,1,CatBoost,0.00048089008333351835,0.9995191099166665
5408,0,0,CatBoost,0.9999210259435565,7.897405644348566e-05
7513,0,0,CatBoost,0.9998686337971993,0.0001313662028006998
11482,1,1,CatBoost,0.0001912986752919954,0.999808701324708
6269,0,0,CatBoost,0.999880668068438,0.00011933193156195771
15692,1,1,CatBoost,0.0002945957941289379,0.9997054042058711
12585,1,1,CatBoost,0.00015475931601349746,0.9998452406839865
11768,1,1,CatBoost,0.00019767187250452345,0.9998023281274955
2106,0,0,CatBoost,0.9999038562259687,9.614377403133475e-05
9404,0,0,CatBoost,0.9998927135615864,0.00010728643841358261
3701,0,0,CatBoost,0.9999231759206368,7.682407936310506e-05
17716,1,1,CatBoost,0.00035835693851204997,0.999641643061488
7832,0,0,CatBoost,0.9998514079978552,0.0001485920021447863
6819,0,0,CatBoost,0.9957481604219652,0.004251839578034807
6102,0,0,CatBoost,0.9998155875880502,0.000184412411949761
8545,0,0,CatBoost,0.9998610716203953,0.00013892837960475488
14729,1,1,CatBoost,7.885254338413361e-05,0.9999211474566159
4061,0,0,CatBoost,0.9999349409029525,6.505909704743759e-05
17283,1,1,CatBoost,7.020409975333486e-05,0.9999297959002467
18220,1,1,CatBoost,0.00015838774017640223,0.9998416122598236
7270,0,0,CatBoost,0.9998522246828377,0.00014777531716227515
5179,0,0,CatBoost,0.9999115638053213,8.84361946787386e-05
15632,1,1,CatBoost,0.0002266842385092449,0.9997733157614908
17114,1,1,CatBoost,8.132365237989436e-05,0.9999186763476201
13098,1,1,CatBoost,0.0002865224830546076,0.9997134775169454
9003,0,0,CatBoost,0.9998979814903062,0.00010201850969378677
18592,1,1,CatBoost,0.0005211392383847047,0.9994788607616153
14202,1,1,CatBoost,6.790164348191574e-05,0.9999320983565181
17966,1,1,CatBoost,0.0001207716504875167,0.9998792283495125
18799,1,1,CatBoost,0.00011523146161562803,0.9998847685383844
3147,0,0,CatBoost,0.9999325604728418,6.74395271581183e-05
2511,0,0,CatBoost,0.9999532890708894,4.671092911059447e-05
5750,0,0,CatBoost,0.9999332468389747,6.675316102529659e-05
2530,0,0,CatBoost,0.9999232932058334,7.670679416662463e-05
2496,0,0,CatBoost,0.9998584511394493,0.00014154886055074998
4917,0,0,CatBoost,0.9999118219524763,8.817804752367625e-05
4599,0,0,CatBoost,0.9998740082075354,0.00012599179246458635
1291,0,0,CatBoost,0.9999462730976152,5.37269023847681e-05
9492,0,0,CatBoost,0.9998668326568332,0.00013316734316680517
10490,1,1,CatBoost,0.00095313034938449,0.9990468696506155
980,0,0,CatBoost,0.9998674857932197,0.00013251420678031997
16678,1,1,CatBoost,0.00015448911793636277,0.9998455108820636
5495,0,0,CatBoost,0.9998575636188205,0.00014243638117953576
11661,1,1,CatBoost,0.0001630397479739365,0.9998369602520261
14967,1,1,CatBoost,9.975264044603804e-05,0.999900247359554
17214,1,1,CatBoost,0.0017877220812689831,0.998212277918731
15132,1,1,CatBoost,8.30306622393584e-05,0.9999169693377606
17813,1,1,CatBoost,0.00031392637958593816,0.9996860736204141
6016,0,0,CatBoost,0.9998365519106356,0.00016344808936441768
6898,0,0,CatBoost,0.9997999787889437,0.00020002121105632383
12848,1,1,CatBoost,0.00016098266533237648,0.9998390173346676
1622,0,0,CatBoost,0.9998620861812253,0.0001379138187747117
17033,1,1,CatBoost,8.489635445407817e-05,0.9999151036455459
9151,0,0,CatBoost,0.9998039280903444,0.00019607190965569387
16449,1,1,CatBoost,0.0003288853680400994,0.9996711146319599
9208,0,0,CatBoost,0.9998422532946503,0.0001577467053496882
1625,0,0,CatBoost,0.9990279480944099,0.0009720519055901629
775,0,0,CatBoost,0.9999424640059333,5.753599406665864e-05
5122,0,0,CatBoost,0.9999347739373285,6.522606267145672e-05
15685,1,1,CatBoost,7.412328019296144e-05,0.999925876719807
4289,0,0,CatBoost,0.9999241085085111,7.589149148895013e-05
12043,1,1,CatBoost,0.0001642642112315018,0.9998357357887685
12889,1,1,CatBoost,0.00016107366579154458,0.9998389263342085
13134,1,1,CatBoost,0.00014495470074582517,0.9998550452992542
8901,0,0,CatBoost,0.9998883014424165,0.00011169855758357282
7041,0,0,CatBoost,0.999945953884293,5.40461157070163e-05
9746,0,0,CatBoost,0.9998858503186827,0.00011414968131725785
8172,0,0,CatBoost,0.99989027971865,0.00010972028135003393
6353,0,0,CatBoost,0.998909713845261,0.00109028615473904
2838,0,0,CatBoost,0.9999034104515786,9.658954842140598e-05
17412,1,1,CatBoost,0.00010170620688065846,0.9998982937931193
10218,1,1,CatBoost,0.0001770546914082738,0.9998229453085917
11931,1,1,CatBoost,0.00016570979885910386,0.9998342902011409
18068,1,1,CatBoost,9.735896846407854e-05,0.9999026410315359
7494,0,0,CatBoost,0.9998614489238333,0.00013855107616668724
2143,0,0,CatBoost,0.9999017256159697,9.827438403031833e-05
8319,0,0,CatBoost,0.9997343445496814,0.0002656554503186553
17681,1,1,CatBoost,0.00015765668301670477,0.9998423433169833
2469,0,0,CatBoost,0.9999067847696752,9.321523032477833e-05
2875,0,0,CatBoost,0.9999182367425669,8.176325743315167e-05
154,0,0,CatBoost,0.9999314238752054,6.85761247945654e-05
9217,0,0,CatBoost,0.9999005901861137,9.940981388629099e-05
18757,1,1,CatBoost,0.00018090557834837817,0.9998190944216516
14106,1,1,CatBoost,7.49288913776125e-05,0.9999250711086224
4729,0,0,CatBoost,0.9998842987013365,0.00011570129866340382
8228,0,0,CatBoost,0.999950396632226,4.9603367774085274e-05
2969,0,0,CatBoost,0.999947686195242,5.2313804758057054e-05
7406,0,0,CatBoost,0.9999390188378633,6.0981162136663265e-05
4021,0,0,CatBoost,0.9999405481543775,5.945184562255535e-05
12010,1,1,CatBoost,0.00021083658579856834,0.9997891634142014
11304,1,1,CatBoost,0.0001590941380066324,0.9998409058619934
12622,1,1,CatBoost,0.0001383334291255034,0.9998616665708745
8805,0,0,CatBoost,0.9999540926889792,4.590731102085056e-05
9472,0,0,CatBoost,0.999897223354721,0.00010277664527901056
6610,0,0,CatBoost,0.9999183452509035,8.165474909650389e-05
10025,1,1,CatBoost,0.000339470202225689,0.9996605297977743
15660,1,1,CatBoost,8.597329775494877e-05,0.999914026702245
10785,1,1,CatBoost,0.00023213467727434267,0.9997678653227257
17511,1,1,CatBoost,0.000324291238628871,0.9996757087613711
12756,1,1,CatBoost,0.00013024389081783827,0.9998697561091822
9919,0,0,CatBoost,0.9996651575514479,0.00033484244855213024
2779,0,0,CatBoost,0.9998982110730618,0.00010178892693827227
9695,0,0,CatBoost,0.9999064710343143,9.35289656857352e-05
12205,1,1,CatBoost,0.0001950081823545169,0.9998049918176455
7184,0,0,CatBoost,0.9999420873570455,5.7912642954536106e-05
3042,0,0,CatBoost,0.9999098298969654,9.017010303455743e-05
4543,0,0,CatBoost,0.9999145230507971,8.547694920293506e-05
5293,0,0,CatBoost,0.999945226947453,5.477305254695368e-05
8577,0,0,CatBoost,0.999829539579818,0.00017046042018200038
18400,1,1,CatBoost,0.0002474033767709827,0.999752596623229
4212,0,0,CatBoost,0.9998753840469793,0.0001246159530206742
1796,0,0,CatBoost,0.9998851058331407,0.00011489416685923319
15340,1,1,CatBoost,9.689647928068368e-05,0.9999031035207193
16848,1,1,CatBoost,9.63799049817915e-05,0.9999036200950182
3712,0,0,CatBoost,0.9999280919590754,7.190804092465471e-05
13712,1,1,CatBoost,0.00014122980184483325,0.9998587701981552
3725,0,0,CatBoost,0.9999243331990848,7.56668009151856e-05
18750,1,1,CatBoost,0.00018607335740217223,0.9998139266425978
9091,0,0,CatBoost,0.9998984900962441,0.00010150990375590744
4820,0,0,CatBoost,0.9999159731482127,8.402685178726852e-05
7668,0,0,CatBoost,0.9998631272777235,0.00013687272227652178
2419,0,0,CatBoost,0.999879225219874,0.00012077478012591419
3300,0,0,CatBoost,0.9999327531167457,6.724688325436922e-05
14665,1,1,CatBoost,0.00038210733151367027,0.9996178926684863
4018,0,0,CatBoost,0.9999204853299496,7.951467005036964e-05
6283,0,0,CatBoost,0.9998989267453261,0.00010107325467387781
15372,1,1,CatBoost,7.238863444480881e-05,0.9999276113655552
19104,1,1,CatBoost,0.00014825015005726083,0.9998517498499427
4282,0,0,CatBoost,0.9998222171702642,0.00017778282973581087
5301,0,0,CatBoost,0.9994177846062674,0.0005822153937325847
18618,1,1,CatBoost,0.0001156760404171786,0.9998843239595828
4612,0,0,CatBoost,0.9999254643385072,7.453566149288224e-05
9353,0,0,CatBoost,0.9999079764051639,9.202359483607868e-05
7490,0,0,CatBoost,0.9995988562930913,0.00040114370690869685
13385,1,1,CatBoost,0.00018146001721008886,0.9998185399827899
481,0,0,CatBoost,0.9998749026536327,0.00012509734636736725
3241,0,0,CatBoost,0.999862927039504,0.00013707296049604266
7285,0,0,CatBoost,0.9998620253517357,0.0001379746482642678
17051,1,1,CatBoost,8.601034302957444e-05,0.9999139896569704
18720,1,1,CatBoost,0.00022833072327799186,0.999771669276722
3072,0,0,CatBoost,0.9999102105247819,8.978947521808011e-05
2156,0,0,CatBoost,0.9999398504748891,6.014952511090666e-05
7901,0,0,CatBoost,0.9999455832222435,5.441677775651223e-05
10108,1,1,CatBoost,0.00021534572430637056,0.9997846542756936
11526,1,1,CatBoost,0.00017111967526872718,0.9998288803247313
133,0,0,CatBoost,0.9998356786764433,0.00016432132355672402
6976,0,0,CatBoost,0.9998733762543809,0.00012662374561911598
6766,0,0,CatBoost,0.999890440082463,0.00010955991753700636
9442,0,0,CatBoost,0.999919085525443,8.091447455703857e-05
18302,1,1,CatBoost,0.00016393755507182473,0.9998360624449282
12673,1,1,CatBoost,0.0001468314235892887,0.9998531685764107
7869,0,0,CatBoost,0.9999321245268993,6.787547310076352e-05
1689,0,0,CatBoost,0.9999332680196559,6.673198034410462e-05
16504,1,1,CatBoost,5.529692640304784e-05,0.999944703073597
1980,0,0,CatBoost,0.9999131280289426,8.687197105740681e-05
16945,1,1,CatBoost,0.0001454854949710649,0.9998545145050289
15107,1,1,CatBoost,0.000134692573790951,0.999865307426209
16462,1,1,CatBoost,8.71737816010576e-05,0.9999128262183989
18356,1,1,CatBoost,0.0002684376187070958,0.9997315623812929
15998,1,1,CatBoost,0.0003613168023093305,0.9996386831976907
2074,0,0,CatBoost,0.9999196716166369,8.03283833631564e-05
16065,1,1,CatBoost,0.0004110875769397504,0.9995889124230602
11377,1,1,CatBoost,0.00017497497302654264,0.9998250250269735
8633,0,0,CatBoost,0.999936727925623,6.327207437696315e-05
16425,1,1,CatBoost,0.00015093572003921363,0.9998490642799608
11139,1,1,CatBoost,0.00025112514511482775,0.9997488748548852
235,0,0,CatBoost,0.999595671526273,0.0004043284737269975
8795,0,0,CatBoost,0.9998326358832187,0.00016736411678133512
16878,1,1,CatBoost,5.064814833866116e-05,0.9999493518516613
11409,1,1,CatBoost,0.00017111967526872718,0.9998288803247313
5592,0,0,CatBoost,0.9999404653703787,5.953462962128259e-05
8669,0,0,CatBoost,0.999892243140037,0.00010775685996302266
8322,0,0,CatBoost,0.9998144437336794,0.0001855562663205576
3174,0,0,CatBoost,0.999935929346863,6.407065313694516e-05
9033,0,0,CatBoost,0.9999150086760706,8.49913239293217e-05
9728,0,0,CatBoost,0.999903013625183,9.698637481697849e-05
6863,0,0,CatBoost,0.9999364598735928,6.354012640720211e-05
10230,1,1,CatBoost,0.00015204139669411365,0.9998479586033059
7674,0,0,CatBoost,0.9999049396770254,9.506032297454582e-05
7190,0,0,CatBoost,0.9999402127770232,5.978722297685913e-05
16811,1,1,CatBoost,0.00010284574029451043,0.9998971542597055
6549,0,0,CatBoost,0.9998780376986833,0.00012196230131670718
10377,1,1,CatBoost,0.0001547535526913446,0.9998452464473087
12517,1,1,CatBoost,0.0001759586237610744,0.9998240413762389
5243,0,0,CatBoost,0.9998018160600766,0.00019818393992348604
8601,0,0,CatBoost,0.9999220223266789,7.797767332102734e-05
13773,1,1,CatBoost,0.0001613131537669954,0.999838686846233
5287,0,0,CatBoost,0.9998935668405078,0.00010643315949219274
17761,1,1,CatBoost,0.000301164077819549,0.9996988359221805
11459,1,1,CatBoost,0.0001749689180755576,0.9998250310819244
8705,0,0,CatBoost,0.9998446180447964,0.0001553819552036381
6732,0,0,CatBoost,0.9998559743452518,0.0001440256547481962
1060,0,0,CatBoost,0.9998967878209115,0.00010321217908852479
9687,0,0,CatBoost,0.999901895065978,9.81049340219512e-05
6996,0,0,CatBoost,0.9998984767213047,0.00010152327869524242
8567,0,0,CatBoost,0.9999141616152257,8.583838477422717e-05
15553,1,1,CatBoost,0.00010125801189797556,0.999898741988102
6799,0,0,CatBoost,0.9998035395802876,0.00019646041971240413
16265,1,1,CatBoost,8.734468956417274e-05,0.9999126553104358
10378,1,1,CatBoost,0.00016967952291901955,0.999830320477081
9213,0,0,CatBoost,0.9997374950398552,0.00026250496014475276
645,0,0,CatBoost,0.9999154728840953,8.452711590472626e-05
7218,0,0,CatBoost,0.9999035333500007,9.646664999923907e-05
10013,1,1,CatBoost,0.00034894710444244303,0.9996510528955576
18634,1,1,CatBoost,0.0018579123114095264,0.9981420876885905
10787,1,1,CatBoost,0.0002737099371415974,0.9997262900628584
10565,1,1,CatBoost,0.0008422675935964019,0.9991577324064036
1542,0,0,CatBoost,0.9998717016537219,0.0001282983462781311
7455,0,0,CatBoost,0.9999451287129633,5.4871287036710505e-05
14661,1,1,CatBoost,8.62694535851416e-05,0.9999137305464149
14448,1,1,CatBoost,0.00010281249702737139,0.9998971875029726
14647,1,1,CatBoost,9.848083376728933e-05,0.9999015191662327
3472,0,0,CatBoost,0.9999365810795143,6.34189204856865e-05
10234,1,1,CatBoost,0.00015756651473664007,0.9998424334852634
12004,1,1,CatBoost,0.00014715558043920662,0.9998528444195608
7804,0,0,CatBoost,0.9999230754327975,7.692456720256336e-05
5777,0,0,CatBoost,0.9997875139660661,0.00021248603393384904
2433,0,0,CatBoost,0.999926084260429,7.391573957108638e-05
16522,1,1,CatBoost,6.51829507111179e-05,0.9999348170492889
619,0,0,CatBoost,0.9997616851577681,0.00023831484223196486
2733,0,0,CatBoost,0.9999522547272711,4.77452727289163e-05
18739,1,1,CatBoost,0.00011938314438419972,0.9998806168556158
16375,1,1,CatBoost,0.00042808575850272756,0.9995719142414973
8837,0,0,CatBoost,0.9998851394254872,0.000114860574512866
16509,1,1,CatBoost,0.00011474099767172508,0.9998852590023283
632,0,0,CatBoost,0.9999189500917142,8.104990828585735e-05
6542,0,0,CatBoost,0.9998681918674365,0.0001318081325635242
12508,1,1,CatBoost,0.00015032146026661142,0.9998496785397334
8849,0,0,CatBoost,0.9998896972075174,0.00011030279248254282
13758,1,1,CatBoost,0.0001652092627244528,0.9998347907372755
18231,1,1,CatBoost,0.0008158400048522418,0.9991841599951478
16293,1,1,CatBoost,7.311898837114583e-05,0.9999268810116289
1409,0,0,CatBoost,0.9999524709607258,4.7529039274217686e-05
16664,1,1,CatBoost,7.690518855818507e-05,0.9999230948114418
1387,0,0,CatBoost,0.9999501999778005,4.980002219940812e-05
10346,1,1,CatBoost,0.00019564656414106096,0.9998043534358589
1342,0,0,CatBoost,0.9999063785326838,9.362146731620746e-05
5796,0,0,CatBoost,0.999946387713493,5.36122865069692e-05
1048,0,0,CatBoost,0.9999002462111998,9.97537888002552e-05
6089,0,0,CatBoost,0.9998808807641911,0.00011911923580888436
14599,1,1,CatBoost,6.64111030295178e-05,0.9999335888969705
11271,1,1,CatBoost,0.0001604031226229985,0.999839596877377
17193,1,1,CatBoost,7.849769079848468e-05,0.9999215023092015
7404,0,0,CatBoost,0.9999056137958318,9.438620416823363e-05
525,0,0,CatBoost,0.999892759505576,0.00010724049442395639
716,0,0,CatBoost,0.9997904101801963,0.00020958981980366244
13336,1,1,CatBoost,0.00014182681551155873,0.9998581731844884
5188,0,0,CatBoost,0.9999063026716174,9.369732838262744e-05
5575,0,0,CatBoost,0.9999341280074052,6.587199259480651e-05
5390,0,0,CatBoost,0.9997587628123507,0.00024123718764929884
13475,1,1,CatBoost,0.0001618966578196268,0.9998381033421804
9347,0,0,CatBoost,0.9998580142221977,0.00014198577780237079
14502,1,1,CatBoost,9.275617993342866e-05,0.9999072438200666
15307,1,1,CatBoost,8.91351846059596e-05,0.999910864815394
13955,1,1,CatBoost,8.479986283504992e-05,0.999915200137165
16621,1,1,CatBoost,0.00046181947092449604,0.9995381805290755
2125,0,0,CatBoost,0.9999211971327805,7.880286721953813e-05
5541,0,0,CatBoost,0.999909618956414,9.038104358607541e-05
4799,0,0,CatBoost,0.9999319780128986,6.802198710148184e-05
5644,0,0,CatBoost,0.9999231605437551,7.683945624495692e-05
14572,1,1,CatBoost,6.562328810777451e-05,0.9999343767118922
17400,1,1,CatBoost,8.331764574698308e-05,0.999916682354253
2744,0,0,CatBoost,0.9999015708908768,9.842910912321035e-05
13647,1,1,CatBoost,0.00027201616173366805,0.9997279838382663
15943,1,1,CatBoost,0.00035911517224729295,0.9996408848277527
14713,1,1,CatBoost,7.552609884353689e-05,0.9999244739011565
5675,0,0,CatBoost,0.9998878034234253,0.00011219657657469987
13223,1,1,CatBoost,0.00011998889850128869,0.9998800111014987
1265,0,0,CatBoost,0.999844300074817,0.0001556999251830149
16969,1,1,CatBoost,5.69722920740201e-05,0.999943027707926
9800,0,0,CatBoost,0.9998284366670921,0.0001715633329079282
15339,1,1,CatBoost,0.00011011721506104521,0.999889882784939
12724,1,1,CatBoost,0.00013418585860214272,0.9998658141413979
14394,1,1,CatBoost,0.00011938755335516582,0.9998806124466448
8989,0,0,CatBoost,0.9998912479478517,0.0001087520521482968
11739,1,1,CatBoost,0.00016441267220301814,0.999835587327797
18270,1,1,CatBoost,0.0003675429712255429,0.9996324570287745
8164,0,0,CatBoost,0.9998924663048191,0.00010753369518088854
3067,0,0,CatBoost,0.9999102203029875,8.977969701249335e-05
18249,1,1,CatBoost,0.00024224650685111815,0.9997577534931489
18909,1,1,CatBoost,0.00030512127782200693,0.999694878722178
15923,1,1,CatBoost,8.791402050545294e-05,0.9999120859794945
14982,1,1,CatBoost,8.894073000753622e-05,0.9999110592699925
2975,0,0,CatBoost,0.9998933914577264,0.00010660854227359421
8407,0,0,CatBoost,0.9998691843424404,0.00013081565755960722
16597,1,1,CatBoost,0.0005922092487408159,0.9994077907512592
1854,0,0,CatBoost,0.9999247422739339,7.525772606611644e-05
15072,1,1,CatBoost,0.00010190679018928783,0.9998980932098107
18906,1,1,CatBoost,0.0002487832025217518,0.9997512167974782
11357,1,1,CatBoost,0.000159084222597361,0.9998409157774026
6960,0,0,CatBoost,0.9998701783676984,0.00012982163230157445
5895,0,0,CatBoost,0.9998541244347008,0.0001458755652992528
11673,1,1,CatBoost,0.00015733080035629232,0.9998426691996437
16475,1,1,CatBoost,0.00010540246376145035,0.9998945975362385
8549,0,0,CatBoost,0.9999047796033416,9.522039665845992e-05
5256,0,0,CatBoost,0.9998968610162925,0.00010313898370755786
14392,1,1,CatBoost,0.00013377266108660635,0.9998662273389134
17012,1,1,CatBoost,0.00015897935828212972,0.9998410206417179
9319,0,0,CatBoost,0.9998423951802432,0.00015760481975682404
64,0,0,CatBoost,0.9998864655312937,0.00011353446870632646
17086,1,1,CatBoost,9.065016799958414e-05,0.9999093498320004
11434,1,1,CatBoost,0.00017496352340329313,0.9998250364765967
822,0,0,CatBoost,0.9998990265732519,0.00010097342674803242
18594,1,1,CatBoost,0.0005471068446503136,0.9994528931553497
3376,0,0,CatBoost,0.9999169789384098,8.302106159020873e-05
11576,1,1,CatBoost,0.0001711962260573241,0.9998288037739427
11745,1,1,CatBoost,0.0001711962260573241,0.9998288037739427
5232,0,0,CatBoost,0.9996521582188902,0.0003478417811098218
12306,1,1,CatBoost,0.0002496180980975371,0.9997503819019025
16479,1,1,CatBoost,7.24244012307862e-05,0.9999275755987692
10244,1,1,CatBoost,0.00015857898663940162,0.9998414210133606
18659,1,1,CatBoost,0.00018733695794537208,0.9998126630420546
3993,0,0,CatBoost,0.9999167152581728,8.328474182716895e-05
12798,1,1,CatBoost,0.00022511854716555924,0.9997748814528344
10402,1,1,CatBoost,0.0018315202249526985,0.9981684797750473
16034,1,1,CatBoost,0.0011129963727483094,0.9988870036272517
18285,1,1,CatBoost,0.000178635903616442,0.9998213640963836
12696,1,1,CatBoost,0.0001608442891560813,0.9998391557108439
15343,1,1,CatBoost,0.00024060532462089057,0.9997593946753791
15711,1,1,CatBoost,6.626306202783816e-05,0.9999337369379722
9320,0,0,CatBoost,0.9999433968547986,5.660314520135603e-05
1771,0,0,CatBoost,0.9998222618101684,0.00017773818983161807
7486,0,0,CatBoost,0.9998475548302941,0.00015244516970590698
16671,1,1,CatBoost,8.723384146502866e-05,0.999912766158535
4426,0,0,CatBoost,0.9999141873706463,8.581262935372739e-05
16331,1,1,CatBoost,0.0003722242205875803,0.9996277757794124
11499,1,1,CatBoost,0.00023332757995919717,0.9997666724200408
12951,1,1,CatBoost,0.0003305031386290347,0.999669496861371
9204,0,0,CatBoost,0.9998274349998626,0.00017256500013741738
12333,1,1,CatBoost,0.00021882682098361972,0.9997811731790164
1341,0,0,CatBoost,0.9999354373052534,6.456269474665396e-05
13581,1,1,CatBoost,0.00018349941134243597,0.9998165005886576
14915,1,1,CatBoost,7.639569755235609e-05,0.9999236043024476
362,0,0,CatBoost,0.99972958357095,0.0002704164290500508
18079,1,1,CatBoost,0.0003313384525489571,0.999668661547451
18156,1,1,CatBoost,0.00024066887395590708,0.9997593311260441
15729,1,1,CatBoost,0.0002767356011845745,0.9997232643988154
18957,1,1,CatBoost,0.0002657456998336194,0.9997342543001664
7314,0,0,CatBoost,0.9998926634296259,0.00010733657037414745
9719,0,0,CatBoost,0.9996925873615782,0.0003074126384217913
9461,0,0,CatBoost,0.9998793005249061,0.00012069947509382222
11848,1,1,CatBoost,0.00017693380232897127,0.999823066197671
2343,0,0,CatBoost,0.9999459754543888,5.402454561120193e-05
1390,0,0,CatBoost,0.9997350389080789,0.00026496109192103537
6965,0,0,CatBoost,0.999923588296686,7.641170331391543e-05
11738,1,1,CatBoost,0.0001711962260573241,0.9998288037739427
2681,0,0,CatBoost,0.9999224951715756,7.750482842444393e-05
16643,1,1,CatBoost,0.00017991792130933604,0.9998200820786907
4261,0,0,CatBoost,0.9999200638710082,7.993612899179949e-05
12111,1,1,CatBoost,0.00013602350692309972,0.9998639764930769
14169,1,1,CatBoost,8.335374573453791e-05,0.9999166462542655
12198,1,1,CatBoost,0.00016040332378242095,0.9998395966762176
11866,1,1,CatBoost,0.00012767182471506988,0.9998723281752849
987,0,0,CatBoost,0.9999504150255092,4.9584974490867285e-05
12782,1,1,CatBoost,0.0001487884348975177,0.9998512115651025
16782,1,1,CatBoost,0.00010434980051676757,0.9998956501994832
4242,0,0,CatBoost,0.9999257560757954,7.424392420467662e-05
16513,1,1,CatBoost,7.975141667848629e-05,0.9999202485833215
4930,0,0,CatBoost,0.9999287981832071,7.120181679283591e-05
14523,1,1,CatBoost,6.89830470984587e-05,0.9999310169529015
3854,0,0,CatBoost,0.999920197488552,7.980251144801325e-05
7657,0,0,CatBoost,0.9998703463065166,0.00012965369348333545
17390,1,1,CatBoost,9.072858437275677e-05,0.9999092714156272
5468,0,0,CatBoost,0.9999224194435199,7.758055648006611e-05
2048,0,0,CatBoost,0.9998870870250188,0.0001129129749811588
5772,0,0,CatBoost,0.9999193985088801,8.060149111988628e-05
2105,0,0,CatBoost,0.999932667297827,6.733270217297433e-05
13412,1,1,CatBoost,0.0001361762593743432,0.9998638237406257
16141,1,1,CatBoost,0.00014792488117110203,0.9998520751188289
15126,1,1,CatBoost,0.0002721506253138273,0.9997278493746862
17663,1,1,CatBoost,0.0001394773773109037,0.9998605226226891
1301,0,0,CatBoost,0.9999079807360912,9.201926390883642e-05
1887,0,0,CatBoost,0.9999255884446566,7.441155534338142e-05
6894,0,0,CatBoost,0.9998898105250664,0.00011018947493362742
2421,0,0,CatBoost,0.9998585485746058,0.00014145142539424076
1917,0,0,CatBoost,0.9998793736861178,0.00012062631388222823
4150,0,0,CatBoost,0.9998843881211968,0.00011561187880312143
10053,1,1,CatBoost,0.0004356720681703008,0.9995643279318297
8278,0,0,CatBoost,0.9999306702964942,6.932970350577473e-05
17250,1,1,CatBoost,8.870731336574345e-05,0.9999112926866343
15229,1,1,CatBoost,0.0001429187164290191,0.999857081283571
2590,0,0,CatBoost,0.9999487345941791,5.126540582095224e-05
17135,1,1,CatBoost,7.520471304878207e-05,0.9999247952869512
17724,1,1,CatBoost,6.724821849413143e-05,0.9999327517815059
4158,0,0,CatBoost,0.9998929685680714,0.00010703143192862324
17625,1,1,CatBoost,0.0002462664393987346,0.9997537335606013
5560,0,0,CatBoost,0.9998435522235404,0.00015644777645966668
11513,1,1,CatBoost,0.00019129737780732015,0.9998087026221927
3553,0,0,CatBoost,0.99991183063473,8.81693652699684e-05
14770,1,1,CatBoost,0.00010452120958259759,0.9998954787904174
14358,1,1,CatBoost,7.608554962690306e-05,0.9999239144503731
12817,1,1,CatBoost,0.0002733970645657502,0.9997266029354342
8219,0,0,CatBoost,0.9999241328453723,7.586715462767598e-05
15747,1,1,CatBoost,8.229930257352969e-05,0.9999177006974265
8915,0,0,CatBoost,0.9998668455614736,0.0001331544385263991
11501,1,1,CatBoost,0.00017995230486556046,0.9998200476951344
5083,0,0,CatBoost,0.9997745764366791,0.00022542356332090396
7059,0,0,CatBoost,0.9999311793362223,6.882066377769392e-05
4199,0,0,CatBoost,0.9999193315008502,8.066849914982554e-05
5280,0,0,CatBoost,0.9999022156544252,9.77843455747821e-05
14308,1,1,CatBoost,7.123532226616103e-05,0.9999287646777338
8591,0,0,CatBoost,0.9998845837768436,0.00011541622315636265
10095,1,1,CatBoost,0.00023565426974403447,0.999764345730256
7029,0,0,CatBoost,0.999911260405645,8.873959435493809e-05
9020,0,0,CatBoost,0.9999010980310363,9.890196896364525e-05
16191,1,1,CatBoost,0.00041033302987070197,0.9995896669701293
12103,1,1,CatBoost,0.00018768416581649294,0.9998123158341835
10258,1,1,CatBoost,0.00017477767002471722,0.9998252223299753
5240,0,0,CatBoost,0.999910152826764,8.984717323602055e-05
2849,0,0,CatBoost,0.9999324186279951,6.758137200495851e-05
17678,1,1,CatBoost,0.00011648873401071125,0.9998835112659893
3810,0,0,CatBoost,0.9999311885948244,6.881140517559952e-05
16845,1,1,CatBoost,7.463152742748225e-05,0.9999253684725725
11882,1,1,CatBoost,0.00018191552473434403,0.9998180844752657
5490,0,0,CatBoost,0.9998447636994225,0.0001552363005774249
2551,0,0,CatBoost,0.9999358551128109,6.414488718907702e-05
4892,0,0,CatBoost,0.9998846089310893,0.00011539106891063972
1308,0,0,CatBoost,0.9998827296601879,0.0001172703398121584
3584,0,0,CatBoost,0.9998754388515265,0.000124561148473533
1000,0,0,CatBoost,0.9998919964069084,0.0001080035930915817
12927,1,1,CatBoost,0.0002738341160183344,0.9997261658839817
3028,0,0,CatBoost,0.9999222128927853,7.778710721477323e-05
9836,0,0,CatBoost,0.9996546564119769,0.00034534358802306277
10642,1,1,CatBoost,0.00030991893248655256,0.9996900810675134
18975,1,1,CatBoost,0.0002825378345390206,0.999717462165461
13029,1,1,CatBoost,9.978394516763078e-05,0.9999002160548324
3594,0,0,CatBoost,0.9999116366172384,8.836338276161046e-05
18043,1,1,CatBoost,9.52200211065124e-05,0.9999047799788935
11105,1,1,CatBoost,0.00026384132623835654,0.9997361586737616
17240,1,1,CatBoost,0.00027967296905684336,0.9997203270309432
10825,1,1,CatBoost,0.00023663032900644865,0.9997633696709936
9670,0,0,CatBoost,0.999877139060972,0.00012286093902797804
1648,0,0,CatBoost,0.9998940447985429,0.00010595520145704285
8162,0,0,CatBoost,0.9998968451181582,0.00010315488184172194
5855,0,0,CatBoost,0.999879309186492,0.00012069081350794932
9240,0,0,CatBoost,0.999811945595279,0.00018805440472107065
7673,0,0,CatBoost,0.9998568521263397,0.00014314787366031008
10280,1,1,CatBoost,0.00017781534766947438,0.9998221846523305
11948,1,1,CatBoost,0.00010316796254961069,0.9998968320374504
6327,0,0,CatBoost,0.9999174414472751,8.255855272488369e-05
11408,1,1,CatBoost,0.00017995592842146024,0.9998200440715785
9007,0,0,CatBoost,0.9999059913121172,9.400868788274768e-05
16080,1,1,CatBoost,0.00011477840111606685,0.9998852215988839
2541,0,0,CatBoost,0.9998886709572409,0.00011132904275911782
11063,1,1,CatBoost,0.00028972438483920726,0.9997102756151608
74,0,0,CatBoost,0.9999339090285824,6.609097141760318e-05
9692,0,0,CatBoost,0.9999153284136765,8.46715863235339e-05
1571,0,0,CatBoost,0.9999378519279626,6.21480720374517e-05
13551,1,1,CatBoost,0.00014420663833447644,0.9998557933616655
1646,0,0,CatBoost,0.9999081456816342,9.185431836573208e-05
10700,1,1,CatBoost,0.00030752520452703713,0.999692474795473
10582,1,1,CatBoost,0.0010655033666845393,0.9989344966333155
6668,0,0,CatBoost,0.9998500403671433,0.00014995963285672353
14999,1,1,CatBoost,0.00010306474366850171,0.9998969352563315
2961,0,0,CatBoost,0.9999114257315006,8.857426849938864e-05
15109,1,1,CatBoost,0.0001403115949771827,0.9998596884050228
6012,0,0,CatBoost,0.9999223850348947,7.761496510524597e-05
18987,1,1,CatBoost,0.00014875821301651992,0.9998512417869835
16674,1,1,CatBoost,0.00010659961584835731,0.9998934003841516
6359,0,0,CatBoost,0.9999297368821523,7.02631178477028e-05
405,0,0,CatBoost,0.9999213602357018,7.8639764298218e-05
19084,1,1,CatBoost,0.0001361859288295797,0.9998638140711704
15052,1,1,CatBoost,0.0001145010828932369,0.9998854989171068
16910,1,1,CatBoost,0.0010676418225611384,0.9989323581774389
8415,0,0,CatBoost,0.9999054701825179,9.452981748209282e-05
17930,1,1,CatBoost,0.0001777579505620741,0.9998222420494379
15679,1,1,CatBoost,6.868407263138643e-05,0.9999313159273686
12853,1,1,CatBoost,0.000154111460607953,0.999845888539392
16205,1,1,CatBoost,0.0009538375621458428,0.9990461624378542
13383,1,1,CatBoost,0.0001663874216402128,0.9998336125783598
5655,0,0,CatBoost,0.999741398180409,0.00025860181959107753
11229,1,1,CatBoost,0.00017951628819368182,0.9998204837118063
13808,1,1,CatBoost,0.00017138043865394526,0.999828619561346
1619,0,0,CatBoost,0.9998482033737168,0.00015179662628319083
9539,0,0,CatBoost,0.9999029778708762,9.702212912377689e-05
10711,1,1,CatBoost,0.001108864081026839,0.9988911359189732
10698,1,1,CatBoost,0.00045099004222048933,0.9995490099577795
3462,0,0,CatBoost,0.9999032856369664,9.6714363033555e-05
7215,0,0,CatBoost,0.9998826981360706,0.00011730186392939118
16862,1,1,CatBoost,0.0001272517522648009,0.9998727482477352
876,0,0,CatBoost,0.9999505004168903,4.949958310972541e-05
2891,0,0,CatBoost,0.9998891408019676,0.00011085919803245859
17988,1,1,CatBoost,0.00020609536208304746,0.999793904637917
6467,0,0,CatBoost,0.9999020843066517,9.791569334827735e-05
9870,0,0,CatBoost,0.9997567450877126,0.00024325491228732897
832,0,0,CatBoost,0.9998741911647654,0.0001258088352346284
10014,1,1,CatBoost,0.000887629532517642,0.9991123704674824
1,0,0,CatBoost,0.9999036351473712,9.636485262879557e-05
6644,0,0,CatBoost,0.9999333367930386,6.666320696136686e-05
6097,0,0,CatBoost,0.999824770895274,0.00017522910472603947
922,0,0,CatBoost,0.9998888845411279,0.00011111545887208961
5811,0,0,CatBoost,0.9996067619139903,0.00039323808600962387
13021,1,1,CatBoost,0.00019538649520745022,0.9998046135047925
11746,1,1,CatBoost,0.0001702519472455144,0.9998297480527545
7777,0,0,CatBoost,0.9999256574315231,7.434256847691595e-05
8413,0,0,CatBoost,0.9998906552652512,0.00010934473474872233
6588,0,0,CatBoost,0.9998959140392709,0.00010408596072909386
10912,1,1,CatBoost,0.0002024687740391773,0.9997975312259608
16472,1,1,CatBoost,0.0005399692989502825,0.9994600307010497
1306,0,0,CatBoost,0.9999120360246082,8.796397539175726e-05
7009,0,0,CatBoost,0.9999320673407786,6.793265922141996e-05
2708,0,0,CatBoost,0.9998781210251607,0.00012187897483926883
9943,0,0,CatBoost,0.994721512381119,0.005278487618880989
17604,1,1,CatBoost,0.0001473617341457567,0.9998526382658542
12605,1,1,CatBoost,0.00016994430658379134,0.9998300556934162
6166,0,0,CatBoost,0.9999353830893444,6.461691065567812e-05
2878,0,0,CatBoost,0.9998905506779345,0.00010944932206544213
11239,1,1,CatBoost,0.00018048435262463247,0.9998195156473754
15001,1,1,CatBoost,0.00010315192127341444,0.9998968480787266
10728,1,1,CatBoost,0.0006141077429486774,0.9993858922570513
18196,1,1,CatBoost,0.0002842914995100365,0.99971570850049
7174,0,0,CatBoost,0.9999106467881014,8.93532118986287e-05
14747,1,1,CatBoost,8.504215838500695e-05,0.999914957841615
17536,1,1,CatBoost,0.00037787175295411757,0.9996221282470459
7069,0,0,CatBoost,0.9999460013845677,5.399861543232994e-05
12912,1,1,CatBoost,0.00022126105894038073,0.9997787389410596
17050,1,1,CatBoost,0.00049737587309584,0.9995026241269042
2475,0,0,CatBoost,0.9999172634403701,8.273655962991621e-05
8207,0,0,CatBoost,0.9997206585374451,0.00027934146255496596
17090,1,1,CatBoost,9.471342536460092e-05,0.9999052865746354
14063,1,1,CatBoost,9.124019677164696e-05,0.9999087598032284
5797,0,0,CatBoost,0.9999156431204362,8.43568795637697e-05
19128,1,1,CatBoost,0.00017762722251857266,0.9998223727774814
17371,1,1,CatBoost,0.000100777491419346,0.9998992225085807
94,0,0,CatBoost,0.9998065562200169,0.00019344377998304195
6609,0,0,CatBoost,0.9999274995116672,7.250048833290393e-05
261,0,0,CatBoost,0.9999314767418555,6.852325814456496e-05
11040,1,1,CatBoost,0.0002544534953614619,0.9997455465046385
4895,0,0,CatBoost,0.9998535572215675,0.0001464427784324686
5776,0,0,CatBoost,0.999898640599097,0.00010135940090295275
18641,1,1,CatBoost,0.00010696295845813442,0.9998930370415419
10487,1,1,CatBoost,0.0011943235467205549,0.9988056764532794
17163,1,1,CatBoost,8.386133074633761e-05,0.9999161386692537
17373,1,1,CatBoost,0.00010969755322276509,0.9998903024467772
9629,0,0,CatBoost,0.9998628147223285,0.00013718527767145932
2265,0,0,CatBoost,0.9997834148927063,0.00021658510729377197
8623,0,0,CatBoost,0.9999301419376033,6.98580623967222e-05
12825,1,1,CatBoost,0.00027267585237922276,0.9997273241476208
10828,1,1,CatBoost,0.00028757533626366794,0.9997124246637363
10772,1,1,CatBoost,0.00025174853490739224,0.9997482514650926
2568,0,0,CatBoost,0.9998227355144484,0.0001772644855515443
9488,0,0,CatBoost,0.9998983233508352,0.00010167664916484289
9639,0,0,CatBoost,0.9998785203886518,0.00012147961134818137
2914,0,0,CatBoost,0.999832936248418,0.00016706375158204327
15315,1,1,CatBoost,7.22128288710433e-05,0.999927787171129
4225,0,0,CatBoost,0.9999194997455572,8.050025444280516e-05
3486,0,0,CatBoost,0.9999528482886598,4.7151711340214864e-05
6787,0,0,CatBoost,0.99992388791692,7.611208307998888e-05
7437,0,0,CatBoost,0.9998504813968687,0.00014951860313132756
10142,1,1,CatBoost,0.0004144033742221609,0.9995855966257778
10416,1,1,CatBoost,0.0014229005894753621,0.9985770994105246
17398,1,1,CatBoost,7.297881086987257e-05,0.9999270211891301
14451,1,1,CatBoost,7.705999797547047e-05,0.9999229400020245
3419,0,0,CatBoost,0.9999364426392643,6.355736073566253e-05
5726,0,0,CatBoost,0.9999191258782903,8.08741217096991e-05
12950,1,1,CatBoost,0.0001586338274588428,0.9998413661725412
18254,1,1,CatBoost,0.0013654618464223889,0.9986345381535776
16417,1,1,CatBoost,0.00026714012262918363,0.9997328598773708
4425,0,0,CatBoost,0.999944611943064,5.53880569359059e-05
14216,1,1,CatBoost,7.076267306715955e-05,0.9999292373269328
18223,1,1,CatBoost,0.00012308409304595536,0.999876915906954
12747,1,1,CatBoost,0.0001361767920852186,0.9998638232079148
5881,0,0,CatBoost,0.9999460221827627,5.3977817237209154e-05
12261,1,1,CatBoost,0.00016805536128883247,0.9998319446387112
1380,0,0,CatBoost,0.999882002018565,0.00011799798143500244
10175,1,1,CatBoost,0.00023103088224352142,0.9997689691177565
17916,1,1,CatBoost,0.00010576492745151267,0.9998942350725485
17800,1,1,CatBoost,9.033695323101831e-05,0.999909663046769
17795,1,1,CatBoost,0.00012674401045043027,0.9998732559895496
5005,0,0,CatBoost,0.9999497780549663,5.0221945033710316e-05
7904,0,0,CatBoost,0.9999404296505142,5.957034948582875e-05
17330,1,1,CatBoost,9.77509316597569e-05,0.9999022490683402
7140,0,0,CatBoost,0.9999230398304761,7.696016952383333e-05
16298,1,1,CatBoost,0.0002697331992530527,0.999730266800747
2120,0,0,CatBoost,0.9991984988421226,0.0008015011578773461
14138,1,1,CatBoost,6.75990534407811e-05,0.9999324009465592
12556,1,1,CatBoost,0.0001353774593342294,0.9998646225406658
2336,0,0,CatBoost,0.9999046505594418,9.534944055820961e-05
804,0,0,CatBoost,0.9999490459281306,5.0954071869336356e-05
11651,1,1,CatBoost,0.00013439537151782588,0.9998656046284822
12371,1,1,CatBoost,0.00013277030487446329,0.9998672296951255
13468,1,1,CatBoost,0.000121413214121735,0.9998785867858783
12775,1,1,CatBoost,0.0002713168226100571,0.9997286831773899
10222,1,1,CatBoost,0.00028616524766278406,0.9997138347523372
16145,1,1,CatBoost,0.00013956137632664678,0.9998604386236734
3863,0,0,CatBoost,0.9999417540746214,5.824592537856824e-05
17199,1,1,CatBoost,9.92429691963892e-05,0.9999007570308036
6949,0,0,CatBoost,0.9999285732540837,7.14267459162609e-05
4468,0,0,CatBoost,0.9998912989689726,0.00010870103102748944
6585,0,0,CatBoost,0.9998174314084509,0.00018256859154910492
1481,0,0,CatBoost,0.999937064477539,6.293552246096848e-05
8702,0,0,CatBoost,0.9999392969253781,6.070307462190123e-05
15624,1,1,CatBoost,0.00013962092161745598,0.9998603790783825
4725,0,0,CatBoost,0.9999285126353075,7.148736469253985e-05
8662,0,0,CatBoost,0.999870651363557,0.00012934863644298886
10488,1,1,CatBoost,0.0014621174644814383,0.9985378825355186
3713,0,0,CatBoost,0.9998997331526484,0.00010026684735161003
17588,1,1,CatBoost,0.00030840041770074933,0.9996915995822993
13530,1,1,CatBoost,0.00014758797302816262,0.9998524120269718
15289,1,1,CatBoost,0.00011100287975984724,0.9998889971202402
6892,0,0,CatBoost,0.9998976842569296,0.00010231574307042611
4904,0,0,CatBoost,0.9999213790806948,7.862091930526713e-05
12937,1,1,CatBoost,0.00018785528629183812,0.9998121447137082
600,0,0,CatBoost,0.9998947302024331,0.00010526979756684445
9299,0,0,CatBoost,0.9999050061495193,9.499385048073644e-05
4227,0,0,CatBoost,0.9999031953099099,9.680469009008203e-05
14221,1,1,CatBoost,0.0001709771444067254,0.9998290228555933
364,0,0,CatBoost,0.9999282076986834,7.179230131663898e-05
12499,1,1,CatBoost,0.00014243254080459344,0.9998575674591954
17586,1,1,CatBoost,0.0004724064808023787,0.9995275935191976
15280,1,1,CatBoost,0.00010167679943418051,0.9998983232005658
3687,0,0,CatBoost,0.9999364357850713,6.356421492870746e-05
11083,1,1,CatBoost,0.00021322316509586603,0.9997867768349041
9494,0,0,CatBoost,0.9998747809223913,0.00012521907760865408
16712,1,1,CatBoost,0.0001057832608803988,0.9998942167391196
7686,0,0,CatBoost,0.9998479043898237,0.00015209561017630153
7634,0,0,CatBoost,0.9998364246467604,0.0001635753532396586
8110,0,0,CatBoost,0.9998996572773448,0.00010034272265529302
6031,0,0,CatBoost,0.9998863165012147,0.00011368349878529235
8790,0,0,CatBoost,0.9998823456240477,0.00011765437595238883
6530,0,0,CatBoost,0.9999170708058197,8.292919418033982e-05
5539,0,0,CatBoost,0.9999365021789638,6.349782103620534e-05
15455,1,1,CatBoost,7.345505307032596e-05,0.9999265449469297
8627,0,0,CatBoost,0.9998845988637267,0.00011540113627324474
16784,1,1,CatBoost,8.476358942433038e-05,0.9999152364105757
9109,0,0,CatBoost,0.9997313941569486,0.0002686058430514766
18067,1,1,CatBoost,0.00010011229418349643,0.9998998877058165
18154,1,1,CatBoost,0.00011380384745152128,0.9998861961525485
6694,0,0,CatBoost,0.9989533281903027,0.0010466718096973193
10446,1,1,CatBoost,0.0005470123316552167,0.9994529876683448
11398,1,1,CatBoost,0.00019129662951111737,0.9998087033704889
988,0,0,CatBoost,0.9999308735277848,6.912647221521046e-05
3900,0,0,CatBoost,0.9999148895676491,8.511043235096233e-05
8919,0,0,CatBoost,0.999892450446198,0.00010754955380194336
6709,0,0,CatBoost,0.9999080977473525,9.190225264755941e-05
18148,1,1,CatBoost,0.00069285919881934,0.9993071408011807
8445,0,0,CatBoost,0.9998924683114381,0.00010753168856194181
6852,0,0,CatBoost,0.9999238579080516,7.614209194843991e-05
5699,0,0,CatBoost,0.9999149811009437,8.501889905635597e-05
18769,1,1,CatBoost,0.00020716136984466615,0.9997928386301553
10620,1,1,CatBoost,0.0005314540890255515,0.9994685459109744
8175,0,0,CatBoost,0.9998400319241949,0.0001599680758051429
2050,0,0,CatBoost,0.9999371197017591,6.288029824083202e-05
17404,1,1,CatBoost,0.00010726178664233199,0.9998927382133577
17809,1,1,CatBoost,0.00015532356678704673,0.999844676433213
15277,1,1,CatBoost,8.085736536256327e-05,0.9999191426346374
13483,1,1,CatBoost,0.00016895526304749886,0.9998310447369525
14006,1,1,CatBoost,8.000930074902879e-05,0.999919990699251
16571,1,1,CatBoost,8.501282869111115e-05,0.9999149871713089
13760,1,1,CatBoost,0.00014004244358412077,0.9998599575564159
545,0,0,CatBoost,0.9999143925598127,8.560744018731366e-05
968,0,0,CatBoost,0.999935764941262,6.423505873793804e-05
14636,1,1,CatBoost,7.323560523952999e-05,0.9999267643947605
7622,0,0,CatBoost,0.999914273574386,8.572642561402403e-05
341,0,0,CatBoost,0.9990718265012933,0.0009281734987066472
4931,0,0,CatBoost,0.9998942890615742,0.00010571093842578906
12095,1,1,CatBoost,0.0002010371913937492,0.9997989628086063
5161,0,0,CatBoost,0.9998948767100673,0.00010512328993268226
1931,0,0,CatBoost,0.9999114217068426,8.857829315740444e-05
1154,0,0,CatBoost,0.9998684966008511,0.00013150339914893351
9,0,0,CatBoost,0.9999256740318387,7.432596816120595e-05
16038,1,1,CatBoost,8.890577201225991e-05,0.9999110942279877
3330,0,0,CatBoost,0.9999265619919148,7.343800808524345e-05
5352,0,0,CatBoost,0.9998259871213744,0.00017401287862560286
10557,1,1,CatBoost,0.0011108044544106965,0.9988891955455893
5997,0,0,CatBoost,0.9999393629456932,6.06370543067677e-05
17576,1,1,CatBoost,0.0005252109112221515,0.9994747890887778
11716,1,1,CatBoost,0.00021400488728617884,0.9997859951127138
6614,0,0,CatBoost,0.9999438811664805,5.611883351956327e-05
12935,1,1,CatBoost,0.00022098950695437214,0.9997790104930456
4255,0,0,CatBoost,0.9998903361962199,0.00010966380378012149
8755,0,0,CatBoost,0.9998538855010685,0.0001461144989315712
3223,0,0,CatBoost,0.9999264241289825,7.35758710175195e-05
11124,1,1,CatBoost,0.00017531632336620362,0.9998246836766338
4278,0,0,CatBoost,0.9999377754506085,6.222454939154584e-05
14763,1,1,CatBoost,8.37308214923782e-05,0.9999162691785076
15250,1,1,CatBoost,8.439402258675344e-05,0.9999156059774132
18463,1,1,CatBoost,0.000328403146141687,0.9996715968538583
1742,0,0,CatBoost,0.9999150917385702,8.490826142977166e-05
1998,0,0,CatBoost,0.9999062217639949,9.377823600504394e-05
6439,0,0,CatBoost,0.9998702694899279,0.0001297305100721251
10885,1,1,CatBoost,0.0002018857576756572,0.9997981142423243
18475,1,1,CatBoost,0.0004276522278106043,0.9995723477721894
3086,0,0,CatBoost,0.9999167908191801,8.320918081991001e-05
10588,1,1,CatBoost,0.00018553964923850863,0.9998144603507615
17150,1,1,CatBoost,0.00012648331872833207,0.9998735166812717
4036,0,0,CatBoost,0.9999340567180162,6.594328198387794e-05
18621,1,1,CatBoost,0.0002718819508830128,0.999728118049117
482,0,0,CatBoost,0.9999165066608628,8.349333913716724e-05
5031,0,0,CatBoost,0.9999180007456843,8.199925431569308e-05
1766,0,0,CatBoost,0.9999032182589913,9.678174100865787e-05
9336,0,0,CatBoost,0.9998570586368694,0.0001429413631306143
12207,1,1,CatBoost,0.0002473317615873105,0.9997526682384127
11042,1,1,CatBoost,0.00022341729329244941,0.9997765827067076
9543,0,0,CatBoost,0.9999172474643622,8.275253563784977e-05
8306,0,0,CatBoost,0.9999495107611518,5.048923884816755e-05
11888,1,1,CatBoost,0.00021806141718483385,0.9997819385828152
8032,0,0,CatBoost,0.9999295124016951,7.048759830484244e-05
9803,0,0,CatBoost,0.9998458571281287,0.00015414287187126894
16601,1,1,CatBoost,0.00025587815212591014,0.9997441218478741
3224,0,0,CatBoost,0.9998811417955287,0.00011885820447133336
7555,0,0,CatBoost,0.9999304633914472,6.953660855279794e-05
12563,1,1,CatBoost,0.0001466545693534771,0.9998533454306465
4887,0,0,CatBoost,0.9998773092701182,0.00012269072988185513
7996,0,0,CatBoost,0.9998616056632292,0.00013839433677078096
661,0,0,CatBoost,0.9999238579913461,7.614200865386487e-05
10820,1,1,CatBoost,0.00024063779826788423,0.9997593622017321
6665,0,0,CatBoost,0.9998961414732438,0.00010385852675621048
16119,1,1,CatBoost,0.00011247733519881287,0.9998875226648012
4524,0,0,CatBoost,0.9999218117168931,7.818828310695706e-05
8010,0,0,CatBoost,0.9998972202661752,0.00010277973382477674
12484,1,1,CatBoost,0.00019084063843444188,0.9998091593615656
12994,1,1,CatBoost,0.00017615293215100802,0.999823847067849
2113,0,0,CatBoost,0.9998924799080701,0.00010752009192988946
7124,0,0,CatBoost,0.9999227189233443,7.728107665573313e-05
14318,1,1,CatBoost,7.430461525448351e-05,0.9999256953847455
15988,1,1,CatBoost,0.00013825978423365193,0.9998617402157663
18645,1,1,CatBoost,0.00013234490449343106,0.9998676550955066
6303,0,0,CatBoost,0.9998038944907719,0.00019610550922814963
17429,1,1,CatBoost,8.84867283192925e-05,0.9999115132716807
16987,1,1,CatBoost,8.598854721053595e-05,0.9999140114527895
4790,0,0,CatBoost,0.99985183367869,0.00014816632130996822
9975,0,0,CatBoost,0.994035265703914,0.00596473429608599
6807,0,0,CatBoost,0.9999206383179625,7.936168203749088e-05
12691,1,1,CatBoost,0.00015476828980864887,0.9998452317101914
17029,1,1,CatBoost,6.685159670105634e-05,0.9999331484032989
16456,1,1,CatBoost,8.11112047768292e-05,0.9999188887952232
10803,1,1,CatBoost,0.00021300358355702542,0.999786996416443
3972,0,0,CatBoost,0.9999354548744783,6.454512552168372e-05
2852,0,0,CatBoost,0.9999326964906009,6.73035093991388e-05
13706,1,1,CatBoost,0.0005377038517452304,0.9994622961482548
8862,0,0,CatBoost,0.999903272531685,9.672746831499053e-05
5645,0,0,CatBoost,0.9999296916816296,7.03083183703682e-05
5864,0,0,CatBoost,0.9998936715885892,0.00010632841141082478
11831,1,1,CatBoost,0.00014818995530951895,0.9998518100446905
707,0,0,CatBoost,0.9999307697783875,6.923022161256041e-05
5238,0,0,CatBoost,0.9999310774789919,6.892252100806425e-05
5619,0,0,CatBoost,0.9998462278732927,0.0001537721267073603
574,0,0,CatBoost,0.9998686406056507,0.00013135939434929107
14011,1,1,CatBoost,0.0001302375729600458,0.99986976242704
13259,1,1,CatBoost,0.0002381010312467735,0.9997618989687532
15049,1,1,CatBoost,8.271952797533899e-05,0.9999172804720247
14730,1,1,CatBoost,6.700644830204272e-05,0.999932993551698
14817,1,1,CatBoost,6.504820337749351e-05,0.9999349517966225
5068,0,0,CatBoost,0.9998853040379992,0.00011469596200071025
8173,0,0,CatBoost,0.999929150700622,7.084929937792244e-05
3138,0,0,CatBoost,0.9999391120248567,6.088797514320579e-05
2811,0,0,CatBoost,0.9999538722511079,4.612774889215853e-05
17602,1,1,CatBoost,0.00010592794104846703,0.9998940720589515
8955,0,0,CatBoost,0.9998693842052992,0.00013061579470071907
15534,1,1,CatBoost,0.0002086305327255733,0.9997913694672744
18978,1,1,CatBoost,0.00013488905241199056,0.999865110947588
16157,1,1,CatBoost,7.949931777306851e-05,0.9999205006822269
11221,1,1,CatBoost,0.00017951504754909475,0.9998204849524509
14867,1,1,CatBoost,0.0001136022101642098,0.9998863977898358
7022,0,0,CatBoost,0.9999050939702148,9.490602978524482e-05
1484,0,0,CatBoost,0.9999109989111713,8.900108882864427e-05
18117,1,1,CatBoost,0.00010544959498337558,0.9998945504050166
4223,0,0,CatBoost,0.9998947093836122,0.00010529061638777099
2472,0,0,CatBoost,0.9998947443730886,0.00010525562691139745
15989,1,1,CatBoost,8.271713975049888e-05,0.9999172828602495
17821,1,1,CatBoost,0.0002476949770233716,0.9997523050229766
7114,0,0,CatBoost,0.9998510882297591,0.00014891177024087493
15115,1,1,CatBoost,6.81648065756768e-05,0.9999318351934243
14139,1,1,CatBoost,9.39997948768978e-05,0.9999060002051231
11402,1,1,CatBoost,0.00017496352340329313,0.9998250364765967
2289,0,0,CatBoost,0.999900670884015,9.932911598493071e-05
13761,1,1,CatBoost,0.0001524047668340911,0.9998475952331659
933,0,0,CatBoost,0.9998196038714571,0.00018039612854293689
5109,0,0,CatBoost,0.9999348690630755,6.513093692451334e-05
13942,1,1,CatBoost,0.00021290801847495544,0.999787091981525
18649,1,1,CatBoost,0.00036793780221322514,0.9996320621977868
9627,0,0,CatBoost,0.99982480491417,0.00017519508582998605
18988,1,1,CatBoost,0.0002543138708753778,0.9997456861291246
2033,0,0,CatBoost,0.9999345319627012,6.546803729876788e-05
13207,1,1,CatBoost,0.00016370839998058884,0.9998362916000194
105,0,0,CatBoost,0.9999090873653501,9.09126346499253e-05
10525,1,1,CatBoost,0.0005906686435482866,0.9994093313564517
9721,0,0,CatBoost,0.99983892439714,0.0001610756028600596
5636,0,0,CatBoost,0.9997513478750046,0.0002486521249953911
9009,0,0,CatBoost,0.9999365499348498,6.345006515022789e-05
14544,1,1,CatBoost,8.872667498127651e-05,0.9999112733250187
5435,0,0,CatBoost,0.9998779442465375,0.00012205575346245955
5320,0,0,CatBoost,0.9999477342287867,5.226577121335503e-05
537,0,0,CatBoost,0.9999325436659382,6.745633406177715e-05
15889,1,1,CatBoost,0.00028066613372024207,0.9997193338662798
16706,1,1,CatBoost,0.0004049962210010971,0.9995950037789989
14911,1,1,CatBoost,0.0002983530865996453,0.9997016469134004
7595,0,0,CatBoost,0.9998976999728841,0.00010230002711589993
8073,0,0,CatBoost,0.9998801632973218,0.00011983670267826357
10330,1,1,CatBoost,0.0002535924734808903,0.9997464075265191
54,0,0,CatBoost,0.9999364698716163,6.353012838371927e-05
13532,1,1,CatBoost,0.0001624798737258626,0.9998375201262741
16794,1,1,CatBoost,8.811822602505792e-05,0.9999118817739749
9974,0,0,CatBoost,0.9945285889028266,0.0054714110971733655
5450,0,0,CatBoost,0.992544019763594,0.0074559802364060875
3556,0,0,CatBoost,0.9999310757233633,6.892427663671601e-05
5600,0,0,CatBoost,0.9999092912434561,9.070875654390283e-05
17878,1,1,CatBoost,0.0003060864518356077,0.9996939135481644
10586,1,1,CatBoost,0.0006026391704343492,0.9993973608295657
18095,1,1,CatBoost,0.0002771256378283349,0.9997228743621717
9622,0,0,CatBoost,0.9998818488568512,0.00011815114314880328
1636,0,0,CatBoost,0.9994943428920644,0.0005056571079355802
10215,1,1,CatBoost,0.00017781439924968723,0.9998221856007503
5415,0,0,CatBoost,0.9999405047175532,5.9495282446721195e-05
153,0,0,CatBoost,0.9999065479065676,9.345209343242174e-05
954,0,0,CatBoost,0.998848121901688,0.0011518780983119687
7694,0,0,CatBoost,0.9999172083659065,8.279163409354192e-05
4000,0,0,CatBoost,0.9999312233895777,6.877661042222045e-05
3549,0,0,CatBoost,0.9998949923319187,0.00010500766808126906
16961,1,1,CatBoost,0.0003086809086549902,0.999691319091345
15423,1,1,CatBoost,0.00017372346529520577,0.9998262765347048
5988,0,0,CatBoost,0.9998250023820971,0.0001749976179028546
4757,0,0,CatBoost,0.9999138062474476,8.619375255235598e-05
117,0,0,CatBoost,0.9998683276956277,0.00013167230437230814
9561,0,0,CatBoost,0.9998645312703335,0.00013546872966647283
5442,0,0,CatBoost,0.9998357459412075,0.00016425405879254962
18255,1,1,CatBoost,0.0005490276474491296,0.9994509723525509
16200,1,1,CatBoost,0.0005578086688194928,0.9994421913311805
1184,0,0,CatBoost,0.9998865607573889,0.00011343924261113012
9995,1,1,CatBoost,0.027949301891861733,0.9720506981081383
18197,1,1,CatBoost,0.00021994860759644297,0.9997800513924036
10956,1,1,CatBoost,0.00015750024137584084,0.9998424997586242
3840,0,0,CatBoost,0.9999283241285002,7.167587149983369e-05
12360,1,1,CatBoost,0.00018290468743209498,0.9998170953125679
8709,0,0,CatBoost,0.9998800111999034,0.00011998880009656119
4349,0,0,CatBoost,0.9998832612894877,0.00011673871051229638
12024,1,1,CatBoost,0.00013946166894729384,0.9998605383310527
12495,1,1,CatBoost,0.0001766717269922058,0.9998233282730078
12807,1,1,CatBoost,0.00014003172318732826,0.9998599682768127
7010,0,0,CatBoost,0.9998796666362021,0.00012033336379790202
8914,0,0,CatBoost,0.9998708959127398,0.00012910408726016795
634,0,0,CatBoost,0.9999067883385043,9.321166149564685e-05
3953,0,0,CatBoost,0.9999355591797446,6.444082025540041e-05
16013,1,1,CatBoost,0.00017613053516074562,0.9998238694648393
17346,1,1,CatBoost,9.117546272663368e-05,0.9999088245372734
197,0,0,CatBoost,0.9999442668265395,5.5733173460562106e-05
7271,0,0,CatBoost,0.9998809960969197,0.00011900390308032051
3828,0,0,CatBoost,0.9999471884407203,5.28115592797207e-05
9414,0,0,CatBoost,0.9999151502805871,8.48497194128772e-05
11489,1,1,CatBoost,0.00020117320322876608,0.9997988267967712
10444,1,1,CatBoost,0.00045754217511340123,0.9995424578248866
8184,0,0,CatBoost,0.9998683734025829,0.0001316265974170835
1266,0,0,CatBoost,0.9999320487426222,6.79512573778502e-05
12374,1,1,CatBoost,0.00013892015843386396,0.9998610798415661
6675,0,0,CatBoost,0.9999155170223227,8.448297767732179e-05
6971,0,0,CatBoost,0.9998872409343685,0.00011275906563147585
4,0,0,CatBoost,0.9987780705037771,0.0012219294962228689
11347,1,1,CatBoost,0.0001593130630255235,0.9998406869369745
3603,0,0,CatBoost,0.9999257717494356,7.422825056438944e-05
13136,1,1,CatBoost,0.0001322854434037124,0.9998677145565963
271,0,0,CatBoost,0.9999220612998443,7.793870015570818e-05
18907,1,1,CatBoost,0.00022270299303972507,0.9997772970069603
7717,0,0,CatBoost,0.9999041423199211,9.585768007887296e-05
638,0,0,CatBoost,0.9999402328643247,5.976713567539959e-05
14940,1,1,CatBoost,6.23235998058469e-05,0.9999376764001942
9377,0,0,CatBoost,0.9998736093188209,0.00012639068117914503
14766,1,1,CatBoost,8.20347424909107e-05,0.9999179652575091
12034,1,1,CatBoost,0.00012294286001157673,0.9998770571399884
15032,1,1,CatBoost,0.00013111141815036476,0.9998688885818496
9468,0,0,CatBoost,0.9998900118311075,0.00010998816889252558
18868,1,1,CatBoost,0.0002752207411462759,0.9997247792588537
878,0,0,CatBoost,0.9993530623486176,0.0006469376513824056
15029,1,1,CatBoost,8.119720002119912e-05,0.9999188027999788
3726,0,0,CatBoost,0.9999497913397707,5.0208660229316616e-05
17960,1,1,CatBoost,0.00013975728948600885,0.999860242710514
5051,0,0,CatBoost,0.9997874563310442,0.0002125436689558393
5295,0,0,CatBoost,0.9999356736541815,6.432634581853464e-05
8374,0,0,CatBoost,0.9999114994796714,8.850052032865539e-05
18134,1,1,CatBoost,0.00013255357725883155,0.9998674464227412
16519,1,1,CatBoost,0.0001188739746511569,0.9998811260253488
10781,1,1,CatBoost,0.00016867248612595365,0.999831327513874
13080,1,1,CatBoost,0.0003110671563393286,0.9996889328436607
6488,0,0,CatBoost,0.9997609230365931,0.00023907696340690258
12174,1,1,CatBoost,0.0001309672899575398,0.9998690327100425
6891,0,0,CatBoost,0.999447317347592,0.0005526826524080885
14710,1,1,CatBoost,7.477593935312221e-05,0.9999252240606469
6099,0,0,CatBoost,0.9997530033888129,0.000246996611187054
12270,1,1,CatBoost,0.00018044710163223066,0.9998195528983678
3420,0,0,CatBoost,0.9999375678724227,6.243212757722983e-05
14841,1,1,CatBoost,5.9567338728805375e-05,0.9999404326612712
14699,1,1,CatBoost,8.539913229721474e-05,0.9999146008677028
10769,1,1,CatBoost,0.0010868115465535455,0.9989131884534465
2278,0,0,CatBoost,0.9999447579525564,5.5242047443540576e-05
5625,0,0,CatBoost,0.9999310934678337,6.89065321662521e-05
10743,1,1,CatBoost,0.0010926018933141712,0.9989073981066858
12619,1,1,CatBoost,0.0001460860685478238,0.9998539139314522
17376,1,1,CatBoost,0.00011285899781632303,0.9998871410021837
4815,0,0,CatBoost,0.9999274868906108,7.251310938918411e-05
13055,1,1,CatBoost,0.0001750729534013562,0.9998249270465986
7994,0,0,CatBoost,0.9998955580663021,0.00010444193369789472
5975,0,0,CatBoost,0.9998466972460995,0.000153302753900457
9866,0,0,CatBoost,0.9998106243938263,0.0001893756061737318
17159,1,1,CatBoost,0.00015812565075534746,0.9998418743492447
18038,1,1,CatBoost,0.0001726185660976265,0.9998273814339024
14205,1,1,CatBoost,0.00015309608925639928,0.9998469039107436
10246,1,1,CatBoost,0.00015487658683022154,0.9998451234131698
18772,1,1,CatBoost,0.00022533628865517574,0.9997746637113448
12515,1,1,CatBoost,0.00015355060978394786,0.999846449390216
17333,1,1,CatBoost,9.492157046187e-05,0.9999050784295381
7479,0,0,CatBoost,0.9999084194895517,9.158051044837493e-05
3572,0,0,CatBoost,0.9999386984984271,6.130150157294987e-05
15719,1,1,CatBoost,6.576845839068035e-05,0.9999342315416093
9502,0,0,CatBoost,0.9998829424923573,0.00011705750764263092
10753,1,1,CatBoost,0.0013277832754563512,0.9986722167245436
851,0,0,CatBoost,0.999877666645731,0.0001223333542690312
18622,1,1,CatBoost,0.0005298476949721076,0.9994701523050279
14501,1,1,CatBoost,6.921045247088031e-05,0.9999307895475291
13824,1,1,CatBoost,0.0001872310839070579,0.9998127689160929
7723,0,0,CatBoost,0.9997840643560975,0.00021593564390253565
13599,1,1,CatBoost,0.00017048063033431315,0.9998295193696657
14985,1,1,CatBoost,0.00010680486802749911,0.9998931951319725
8258,0,0,CatBoost,0.9998167793330447,0.00018322066695527302
14076,1,1,CatBoost,0.00012417235884421007,0.9998758276411558
18355,1,1,CatBoost,9.855558894766858e-05,0.9999014444110523
8105,0,0,CatBoost,0.9998143089997173,0.00018569100028270188
1165,0,0,CatBoost,0.9999259943472065,7.400565279350325e-05
18284,1,1,CatBoost,0.0001594157734468027,0.9998405842265532
1525,0,0,CatBoost,0.999940472285441,5.95277145589481e-05
5115,0,0,CatBoost,0.9999151132140445,8.488678595553091e-05
18078,1,1,CatBoost,0.0001377324404220337,0.999862267559578
15312,1,1,CatBoost,0.00014615694279929148,0.9998538430572007
13762,1,1,CatBoost,0.00017658277746623874,0.9998234172225338
8378,0,0,CatBoost,0.999881850644777,0.00011814935522305897
3452,0,0,CatBoost,0.9999203415817295,7.965841827046037e-05
4090,0,0,CatBoost,0.9999060781998442,9.392180015580797e-05
12061,1,1,CatBoost,0.00023844221622104644,0.999761557783779
17224,1,1,CatBoost,6.41663399967296e-05,0.9999358336600033
13081,1,1,CatBoost,0.00029127195432587794,0.9997087280456741
7373,0,0,CatBoost,0.999901302247203,9.869775279700279e-05
1913,0,0,CatBoost,0.9998970809206528,0.00010291907934726165
16384,1,1,CatBoost,7.394183101516738e-05,0.9999260581689848
13034,1,1,CatBoost,0.0001497939968141404,0.9998502060031859
4980,0,0,CatBoost,0.9999395287524617,6.047124753824068e-05
9940,0,0,CatBoost,0.9906251625584078,0.00937483744159222
12150,1,1,CatBoost,0.00023383922560571424,0.9997661607743943
5420,0,0,CatBoost,0.9998826023600296,0.00011739763997038536
15628,1,1,CatBoost,0.00027315546346773356,0.9997268445365323
12335,1,1,CatBoost,0.0002119774741785596,0.9997880225258214
11566,1,1,CatBoost,0.0001702519472455144,0.9998297480527545
9050,0,0,CatBoost,0.9998726913206412,0.00012730867935880532
5724,0,0,CatBoost,0.9999454386432026,5.45613567974019e-05
4673,0,0,CatBoost,0.9999169312267224,8.306877327761822e-05
3507,0,0,CatBoost,0.9999468055314784,5.319446852156936e-05
5596,0,0,CatBoost,0.9999315249520497,6.847504795029095e-05
189,0,0,CatBoost,0.999860770284186,0.00013922971581409183
3081,0,0,CatBoost,0.999767425508571,0.00023257449142894746
15945,1,1,CatBoost,0.0003659725303150063,0.999634027469685
13432,1,1,CatBoost,0.00017081306438848642,0.9998291869356115
13885,1,1,CatBoost,0.0001361762593743432,0.9998638237406257
16660,1,1,CatBoost,9.767248147862784e-05,0.9999023275185214
17108,1,1,CatBoost,0.00026899320467510535,0.9997310067953249
9273,0,0,CatBoost,0.9998450210613775,0.00015497893862250308
5959,0,0,CatBoost,0.9999406692141435,5.9330785856490135e-05
11062,1,1,CatBoost,0.00021079064755291643,0.9997892093524471
8958,0,0,CatBoost,0.9998772828840561,0.0001227171159439033
17427,1,1,CatBoost,0.00011824336898547116,0.9998817566310145
17561,1,1,CatBoost,0.00011739881606720459,0.9998826011839328
18259,1,1,CatBoost,0.0007922814200026496,0.9992077185799974
15812,1,1,CatBoost,0.0002647435642182394,0.9997352564357818
16542,1,1,CatBoost,0.000382864704327468,0.9996171352956725
15654,1,1,CatBoost,0.0001222606863504616,0.9998777393136495
15962,1,1,CatBoost,0.00018832556414039026,0.9998116744358596
3436,0,0,CatBoost,0.9998469388782337,0.0001530611217662201
11547,1,1,CatBoost,0.00017995470785514556,0.9998200452921449
14329,1,1,CatBoost,6.789056770561963e-05,0.9999321094322944
18862,1,1,CatBoost,0.00022707295793211735,0.9997729270420679
5124,0,0,CatBoost,0.9998511191865976,0.00014888081340238627
15184,1,1,CatBoost,8.881007150740583e-05,0.9999111899284926
10742,1,1,CatBoost,0.0012233021023315693,0.9987766978976684
11561,1,1,CatBoost,0.00017025649995316972,0.9998297435000468
13014,1,1,CatBoost,0.00013070782099167122,0.9998692921790083
4114,0,0,CatBoost,0.9999142456388385,8.575436116156618e-05
4736,0,0,CatBoost,0.999868283988443,0.0001317160115570092
2193,0,0,CatBoost,0.999934480124778,6.551987522193237e-05
10432,1,1,CatBoost,0.0009221022985174132,0.9990778977014826
12018,1,1,CatBoost,0.0002094637459625348,0.9997905362540375
1343,0,0,CatBoost,0.9999399650253868,6.003497461311211e-05
3843,0,0,CatBoost,0.9998719913214905,0.00012800867850950516
659,0,0,CatBoost,0.9999114617500784,8.853824992163066e-05
4876,0,0,CatBoost,0.99989160653739,0.00010839346261005557
5567,0,0,CatBoost,0.9999422785546227,5.772144537729784e-05
703,0,0,CatBoost,0.9999255215417819,7.44784582180769e-05
3633,0,0,CatBoost,0.9999141003008082,8.589969919177994e-05
9224,0,0,CatBoost,0.9998967897488408,0.00010321025115925112
10570,1,1,CatBoost,0.0012117504173789762,0.998788249582621
2494,0,0,CatBoost,0.9998949625756868,0.00010503742431326365
14232,1,1,CatBoost,0.00018111323026670512,0.9998188867697333
3596,0,0,CatBoost,0.999939255744987,6.074425501299429e-05
11606,1,1,CatBoost,0.00012846420644196943,0.999871535793558
17420,1,1,CatBoost,7.307159885594494e-05,0.999926928401144
16541,1,1,CatBoost,0.0007372607235726081,0.9992627392764274
5704,0,0,CatBoost,0.9998790264955504,0.00012097350444959693
55,0,0,CatBoost,0.9999364304073072,6.356959269277015e-05
4422,0,0,CatBoost,0.9999395675086187,6.0432491381362595e-05
11362,1,1,CatBoost,0.00020117456768331543,0.9997988254323167
3051,0,0,CatBoost,0.9999336392869871,6.63607130129504e-05
10733,1,1,CatBoost,0.0015464825336927168,0.9984535174663073
12291,1,1,CatBoost,0.00013921389340720847,0.9998607861065928
16560,1,1,CatBoost,6.360987115439087e-05,0.9999363901288456
918,0,0,CatBoost,0.9999438206293666,5.6179370633456704e-05
1050,0,0,CatBoost,0.9999332686213056,6.673137869435597e-05
7311,0,0,CatBoost,0.9999306837474493,6.931625255065424e-05
5383,0,0,CatBoost,0.9999444795225385,5.552047746149947e-05
6619,0,0,CatBoost,0.9998744348906317,0.00012556510936838388
7989,0,0,CatBoost,0.9999011816598598,9.881834014021462e-05
15956,1,1,CatBoost,0.0003967779720954745,0.9996032220279045
13154,1,1,CatBoost,0.00018553857586356415,0.9998144614241364
5984,0,0,CatBoost,0.9998279428051988,0.00017205719480115357
7971,0,0,CatBoost,0.999918395838578,8.160416142197324e-05
130,0,0,CatBoost,0.9999394162925159,6.0583707484054874e-05
16236,1,1,CatBoost,9.754612141033014e-05,0.9999024538785897
15782,1,1,CatBoost,7.778295122029544e-05,0.9999222170487797
1640,0,0,CatBoost,0.9999070738338087,9.292616619125426e-05
5977,0,0,CatBoost,0.9999383039800254,6.169601997464108e-05
9666,0,0,CatBoost,0.9998748451235531,0.00012515487644688543
14262,1,1,CatBoost,6.662086705921944e-05,0.9999333791329408
126,0,0,CatBoost,0.9999101422407295,8.985775927054955e-05
18496,1,1,CatBoost,0.00027402365254514116,0.9997259763474549
7056,0,0,CatBoost,0.9999197457472928,8.025425270717444e-05
12768,1,1,CatBoost,0.0001926196406838443,0.9998073803593162
18266,1,1,CatBoost,0.00024643969938897836,0.999753560300611
17352,1,1,CatBoost,0.00010357240031666493,0.9998964275996833
3476,0,0,CatBoost,0.9999387841707754,6.121582922454507e-05
14087,1,1,CatBoost,6.889319401881533e-05,0.9999311068059812
13826,1,1,CatBoost,0.00014028490856665687,0.9998597150914333
488,0,0,CatBoost,0.9999176238471955,8.237615280452636e-05
16271,1,1,CatBoost,6.706516993826295e-05,0.9999329348300617
6980,0,0,CatBoost,0.9998918336820294,0.00010816631797065443
12584,1,1,CatBoost,0.00020198299720719515,0.9997980170027928
3496,0,0,CatBoost,0.9999234066853852,7.659331461489459e-05
18566,1,1,CatBoost,0.00013527189391193684,0.9998647281060881
14931,1,1,CatBoost,6.854952537027614e-05,0.9999314504746297
18688,1,1,CatBoost,8.612045630052023e-05,0.9999138795436995
1686,0,0,CatBoost,0.9999280067504006,7.199324959938122e-05
16582,1,1,CatBoost,0.00048268324740796675,0.999517316752592
2785,0,0,CatBoost,0.9999401893049451,5.981069505486236e-05
18937,1,1,CatBoost,0.000162865938226342,0.9998371340617737
6895,0,0,CatBoost,0.9998488519539527,0.00015114804604735946
4569,0,0,CatBoost,0.9999346501813638,6.534981863611505e-05
18358,1,1,CatBoost,0.00016563743640929385,0.9998343625635907
4499,0,0,CatBoost,0.9999333154892492,6.668451075076324e-05
16020,1,1,CatBoost,0.0005362346785512395,0.9994637653214488
1682,0,0,CatBoost,0.9999359521336937,6.404786630630071e-05
11317,1,1,CatBoost,0.00014633203784841786,0.9998536679621516
8542,0,0,CatBoost,0.9997761847248098,0.00022381527519025132
1324,0,0,CatBoost,0.9997830020480231,0.00021699795197691456
11067,1,1,CatBoost,0.0002523663591439407,0.9997476336408561
11195,1,1,CatBoost,0.00017951628819368182,0.9998204837118063
4033,0,0,CatBoost,0.9999184080854708,8.159191452912159e-05
7408,0,0,CatBoost,0.9998470104983581,0.00015298950164187877
5604,0,0,CatBoost,0.9986400334474446,0.001359966552555415
5732,0,0,CatBoost,0.9998978855429512,0.00010211445704878398
19069,1,1,CatBoost,0.00013748166773619452,0.9998625183322638
18631,1,1,CatBoost,0.00025160053255890436,0.9997483994674411
7878,0,0,CatBoost,0.9999385462429796,6.145375702037397e-05
17248,1,1,CatBoost,9.51714937214021e-05,0.9999048285062786
18277,1,1,CatBoost,0.00012964048367636316,0.9998703595163236
3511,0,0,CatBoost,0.9998180211376344,0.00018197886236554333
4911,0,0,CatBoost,0.9999480982741791,5.1901725820887534e-05
9474,0,0,CatBoost,0.9998968705376613,0.00010312946233868202
6612,0,0,CatBoost,0.9998569140985475,0.00014308590145245724
12876,1,1,CatBoost,0.00017550608049465843,0.9998244939195053
8150,0,0,CatBoost,0.9998413624151086,0.0001586375848913786
1970,0,0,CatBoost,0.9999065946696706,9.340533032942281e-05
18875,1,1,CatBoost,0.0002387846926061865,0.9997612153073938
15293,1,1,CatBoost,7.301149220928504e-05,0.9999269885077907
18482,1,1,CatBoost,0.0005772000307258107,0.9994227999692742
10221,1,1,CatBoost,0.00017781893302948326,0.9998221810669705
18370,1,1,CatBoost,0.00019913625563627857,0.9998008637443637
262,0,0,CatBoost,0.9999358938664269,6.410613357313045e-05
9933,0,0,CatBoost,0.9997194258587705,0.00028057414122947333
6525,0,0,CatBoost,0.9999135990553562,8.640094464385118e-05
10517,1,1,CatBoost,0.0002980691679327352,0.9997019308320673
15341,1,1,CatBoost,8.297159695236367e-05,0.9999170284030476
1607,0,0,CatBoost,0.9999344362930764,6.556370692353856e-05
3490,0,0,CatBoost,0.9999174554056215,8.254459437854243e-05
7867,0,0,CatBoost,0.9999176377421801,8.236225781982912e-05
580,0,0,CatBoost,0.999904683862477,9.53161375230101e-05
10059,1,1,CatBoost,0.00037510684252051174,0.9996248931574795
3654,0,0,CatBoost,0.9999270497054538,7.295029454618422e-05
1440,0,0,CatBoost,0.9998329309758581,0.00016706902414191486
14240,1,1,CatBoost,0.00010697919869162575,0.9998930208013084
14290,1,1,CatBoost,8.335146798921222e-05,0.9999166485320108
9554,0,0,CatBoost,0.9999122418620803,8.775813791975677e-05
14684,1,1,CatBoost,6.691924612567401e-05,0.9999330807538743
4413,0,0,CatBoost,0.9999254016056387,7.459839436128663e-05
12684,1,1,CatBoost,0.00014817215669871153,0.9998518278433013
2786,0,0,CatBoost,0.9999182714331394,8.172856686062421e-05
16623,1,1,CatBoost,0.00025820612088744976,0.9997417938791126
18106,1,1,CatBoost,8.475330520374413e-05,0.9999152466947963
3845,0,0,CatBoost,0.9998977797047889,0.0001022202952111133
10611,1,1,CatBoost,0.0005437843227759087,0.9994562156772241
5870,0,0,CatBoost,0.9999144147400876,8.558525991238524e-05
11538,1,1,CatBoost,0.00017496352340329313,0.9998250364765967
11473,1,1,CatBoost,0.00019129662951111737,0.9998087033704889
6479,0,0,CatBoost,0.999902340396085,9.765960391490618e-05
15510,1,1,CatBoost,9.095077908294336e-05,0.9999090492209171
19120,1,1,CatBoost,0.00020317817166548569,0.9997968218283345
18295,1,1,CatBoost,0.0002464935446292449,0.9997535064553708
5941,0,0,CatBoost,0.9998210896007441,0.0001789103992558752
16059,1,1,CatBoost,0.0005942885688096089,0.9994057114311904
4186,0,0,CatBoost,0.9999293064323415,7.069356765856944e-05
18432,1,1,CatBoost,0.0003884489772333355,0.9996115510227667
11056,1,1,CatBoost,0.0001718489262878542,0.9998281510737121
6471,0,0,CatBoost,0.9998475430079756,0.00015245699202436576
4976,0,0,CatBoost,0.9999292160636706,7.078393632947331e-05
7385,0,0,CatBoost,0.9998917438451579,0.0001082561548421665
18813,1,1,CatBoost,0.00015544623983942962,0.9998445537601606
3598,0,0,CatBoost,0.9999013522991994,9.864770080063342e-05
6905,0,0,CatBoost,0.9999450063127463,5.4993687253686096e-05
14342,1,1,CatBoost,5.8933978658637365e-05,0.9999410660213414
213,0,0,CatBoost,0.9999365561384415,6.344386155851074e-05
14320,1,1,CatBoost,0.00014047609103795544,0.999859523908962
9966,0,0,CatBoost,0.9943233526228399,0.005676647377160148
6881,0,0,CatBoost,0.9999169529013509,8.304709864917923e-05
8460,0,0,CatBoost,0.9999145654360309,8.54345639691477e-05
823,0,0,CatBoost,0.9998381275125856,0.0001618724874143781
14807,1,1,CatBoost,0.00012629184818713224,0.9998737081518129
9423,0,0,CatBoost,0.999894439999876,0.00010556000012400486
6484,0,0,CatBoost,0.9998723105973314,0.000127689402668552
13158,1,1,CatBoost,0.00013629567655981667,0.9998637043234402
11133,1,1,CatBoost,0.0002186133038606375,0.9997813866961394
4361,0,0,CatBoost,0.9999403140171941,5.9685982805868774e-05
1865,0,0,CatBoost,0.9999180547397837,8.194526021637296e-05
16326,1,1,CatBoost,0.00013771099097092954,0.9998622890090291
6342,0,0,CatBoost,0.9999564761022639,4.352389773605314e-05
13010,1,1,CatBoost,0.00013960846977190133,0.9998603915302281
17503,1,1,CatBoost,0.0008498935530735219,0.9991501064469265
12520,1,1,CatBoost,0.00017008866483059215,0.9998299113351694
12280,1,1,CatBoost,0.0003071736625028798,0.9996928263374971
15935,1,1,CatBoost,9.818964114294282e-05,0.9999018103588571
7687,0,0,CatBoost,0.9999162425766186,8.375742338137583e-05
3466,0,0,CatBoost,0.9999442465534941,5.575344650588059e-05
18338,1,1,CatBoost,0.00019366239561457999,0.9998063376043854
12855,1,1,CatBoost,0.0002827978763475514,0.9997172021236524
8580,0,0,CatBoost,0.9998662972569647,0.0001337027430352643
10420,1,1,CatBoost,0.002933001959639303,0.9970669980403607
345,0,0,CatBoost,0.9989060886488053,0.0010939113511947327
7651,0,0,CatBoost,0.9999270317664626,7.296823353743175e-05
16696,1,1,CatBoost,0.00011368483707885346,0.9998863151629211
2703,0,0,CatBoost,0.9999338743785471,6.612562145292677e-05
4846,0,0,CatBoost,0.9999159145506972,8.408544930279056e-05
17890,1,1,CatBoost,0.00013678046218212891,0.9998632195378179
16091,1,1,CatBoost,9.809929020876407e-05,0.9999019007097912
243,0,0,CatBoost,0.9999105574197337,8.944258026631517e-05
7734,0,0,CatBoost,0.9998747813624933,0.00012521863750673834
5622,0,0,CatBoost,0.9999186121777798,8.138782222022284e-05
12578,1,1,CatBoost,0.00017203379219432602,0.9998279662078057
18737,1,1,CatBoost,0.00014592335688290436,0.9998540766431171
18638,1,1,CatBoost,0.0001384474737768926,0.9998615525262231
7941,0,0,CatBoost,0.999948824428327,5.1175571673011965e-05
1990,0,0,CatBoost,0.9996694469661419,0.0003305530338580705
11134,1,1,CatBoost,0.00017616829984790083,0.9998238317001521
9840,0,0,CatBoost,0.9997720813267034,0.00022791867329659027
8794,0,0,CatBoost,0.9998483284977743,0.00015167150222573697
6457,0,0,CatBoost,0.9999344132640758,6.558673592416981e-05
14503,1,1,CatBoost,0.00014628638979607977,0.9998537136102039
14784,1,1,CatBoost,6.788932657064706e-05,0.9999321106734294
6402,0,0,CatBoost,0.9998699699162978,0.0001300300837021571
17339,1,1,CatBoost,0.00011829247560213307,0.9998817075243979
8340,0,0,CatBoost,0.9998939483000256,0.00010605169997440304
16374,1,1,CatBoost,7.590266053325578e-05,0.9999240973394667
15101,1,1,CatBoost,5.9930624390691634e-05,0.9999400693756093
4146,0,0,CatBoost,0.9999224069804329,7.759301956706334e-05
11147,1,1,CatBoost,0.0002131822926914051,0.9997868177073086
7973,0,0,CatBoost,0.9998798828554973,0.00012011714450263374
3696,0,0,CatBoost,0.9998654868917443,0.00013451310825577384
10415,1,1,CatBoost,0.0007245178992166812,0.9992754821007833
6295,0,0,CatBoost,0.9999316822644823,6.831773551769652e-05
3374,0,0,CatBoost,0.9999151605064244,8.483949357563232e-05
6316,0,0,CatBoost,0.9998972935459334,0.00010270645406665644
13213,1,1,CatBoost,0.00017076058839360364,0.9998292394116064
3373,0,0,CatBoost,0.9999037953522688,9.62046477311373e-05
14007,1,1,CatBoost,7.061613533598798e-05,0.999929383864664
4566,0,0,CatBoost,0.9999334637186307,6.653628136931819e-05
2736,0,0,CatBoost,0.9998618065940453,0.0001381934059547017
8477,0,0,CatBoost,0.9998346024338796,0.00016539756612046086
12067,1,1,CatBoost,0.00024134067579817398,0.9997586593242018
16464,1,1,CatBoost,0.00011634869968402128,0.999883651300316
9064,0,0,CatBoost,0.9998763385843256,0.0001236614156744736
2989,0,0,CatBoost,0.9999251682726579,7.48317273420856e-05
8232,0,0,CatBoost,0.999833101273072,0.00016689872692799177
1062,0,0,CatBoost,0.9999027542226152,9.724577738475127e-05
12253,1,1,CatBoost,0.00018855161400477272,0.9998114483859952
17618,1,1,CatBoost,0.00011379008580814087,0.9998862099141919
16917,1,1,CatBoost,7.312219233956974e-05,0.9999268778076604
6544,0,0,CatBoost,0.9998097421082393,0.00019025789176077505
18999,1,1,CatBoost,0.00014715535442577643,0.9998528446455742
16871,1,1,CatBoost,8.177341795623239e-05,0.9999182265820438
3709,0,0,CatBoost,0.999924707421752,7.529257824802234e-05
3225,0,0,CatBoost,0.999909915180196,9.008481980401714e-05
6527,0,0,CatBoost,0.9998945659450645,0.00010543405493551554
17725,1,1,CatBoost,7.759754431968524e-05,0.9999224024556803
8165,0,0,CatBoost,0.9999476674258124,5.233257418760899e-05
12006,1,1,CatBoost,0.000183834249200987,0.999816165750799
11902,1,1,CatBoost,0.00017082306115900892,0.999829176938841
13668,1,1,CatBoost,0.00015311575481002926,0.99984688424519
406,0,0,CatBoost,0.999875166097713,0.00012483390228699946
13648,1,1,CatBoost,0.000170029181830178,0.9998299708181698
950,0,0,CatBoost,0.9998775664543503,0.0001224335456496901
10624,1,1,CatBoost,0.0006113857443117432,0.9993886142556883
15271,1,1,CatBoost,0.00012727564124737079,0.9998727243587526
7357,0,0,CatBoost,0.9999270258366132,7.297416338682299e-05
2529,0,0,CatBoost,0.9999340697069778,6.59302930221253e-05
7284,0,0,CatBoost,0.999899223859366,0.00010077614063402619
12222,1,1,CatBoost,0.00017226961866001478,0.99982773038134
13502,1,1,CatBoost,0.00019081539699328243,0.9998091846030067
11659,1,1,CatBoost,0.00014863672769505065,0.999851363272305
2062,0,0,CatBoost,0.9999325829753452,6.741702465486625e-05
15460,1,1,CatBoost,7.594110341080373e-05,0.9999240588965892
15899,1,1,CatBoost,6.934924793711161e-05,0.9999306507520629
18121,1,1,CatBoost,9.92051605906985e-05,0.9999007948394093
8741,0,0,CatBoost,0.9997868818692252,0.00021311813077480357
13651,1,1,CatBoost,0.0002030454033388196,0.9997969545966612
1290,0,0,CatBoost,0.9999099588765139,9.004112348613362e-05
12130,1,1,CatBoost,0.00019176564428469156,0.9998082343557153
7119,0,0,CatBoost,0.9998295293386052,0.00017047066139474134
16751,1,1,CatBoost,0.0003257096354730704,0.9996742903645269
2502,0,0,CatBoost,0.9999331571367625,6.684286323755092e-05
5913,0,0,CatBoost,0.999902237399647,9.776260035302198e-05
12397,1,1,CatBoost,0.00014741266011575327,0.9998525873398842
10722,1,1,CatBoost,0.0012806167769805477,0.9987193832230195
8082,0,0,CatBoost,0.999870176821126,0.00012982317887399265
16032,1,1,CatBoost,8.901659815341301e-05,0.9999109834018466
8307,0,0,CatBoost,0.9999228778649843,7.712213501562062e-05
19038,1,1,CatBoost,0.0001482324210666519,0.9998517675789333
14715,1,1,CatBoost,5.547493549351579e-05,0.9999445250645065
11836,1,1,CatBoost,0.00016287975933770849,0.9998371202406623
17176,1,1,CatBoost,6.765549150489214e-05,0.9999323445084951
12810,1,1,CatBoost,0.0001234199897307553,0.9998765800102692
3714,0,0,CatBoost,0.9999152251789536,8.477482104642848e-05
14537,1,1,CatBoost,0.00011350584960889698,0.9998864941503911
5897,0,0,CatBoost,0.9999208925139419,7.910748605812813e-05
5073,0,0,CatBoost,0.9998859486846194,0.0001140513153805208
7570,0,0,CatBoost,0.9999269555112473,7.304448875266216e-05
12592,1,1,CatBoost,0.00014817017804824584,0.9998518298219518
2782,0,0,CatBoost,0.9999319452151053,6.805478489473546e-05
12972,1,1,CatBoost,0.0002546441415185452,0.9997453558584815
12166,1,1,CatBoost,0.0001372172084833645,0.9998627827915166
3345,0,0,CatBoost,0.9998679064806953,0.00013209351930464213
3530,0,0,CatBoost,0.9999540501424188,4.5949857581191055e-05
4853,0,0,CatBoost,0.9999221463127876,7.785368721235519e-05
1884,0,0,CatBoost,0.999929717934298,7.028206570206018e-05
1985,0,0,CatBoost,0.9999224941940101,7.750580598981971e-05
5745,0,0,CatBoost,0.9998663199934966,0.0001336800065033418
13070,1,1,CatBoost,0.0001444947654609674,0.999855505234539
6490,0,0,CatBoost,0.9999070920219614,9.290797803863826e-05
2719,0,0,CatBoost,0.9999439367167215,5.606328327843139e-05
17629,1,1,CatBoost,0.00036839654274101186,0.999631603457259
13822,1,1,CatBoost,0.0001563601462005737,0.9998436398537994
16160,1,1,CatBoost,8.033609272284359e-05,0.9999196639072772
9429,0,0,CatBoost,0.9998612348837279,0.00013876511627203424
4946,0,0,CatBoost,0.999918517022671,8.14829773290628e-05
11785,1,1,CatBoost,0.00022945577913591197,0.9997705442208641
860,0,0,CatBoost,0.9999070438549242,9.295614507571787e-05
9739,0,0,CatBoost,0.9997899166733119,0.00021008332668812622
13621,1,1,CatBoost,0.00017321381229806754,0.9998267861877019
2401,0,0,CatBoost,0.9999398847471197,6.0115252880353725e-05
14048,1,1,CatBoost,0.00014565742598027231,0.9998543425740197
16243,1,1,CatBoost,0.00042651906577206855,0.9995734809342279
13735,1,1,CatBoost,0.00010187989868293279,0.9998981201013171
9115,0,0,CatBoost,0.9999547200759559,4.527992404409257e-05
11328,1,1,CatBoost,0.00015908868599923132,0.9998409113140008
16136,1,1,CatBoost,0.00013878574103654007,0.9998612142589635
11375,1,1,CatBoost,0.0001749689180755576,0.9998250310819244
5016,0,0,CatBoost,0.9999175683719967,8.243162800328384e-05
2327,0,0,CatBoost,0.9998784080747344,0.00012159192526558334
5172,0,0,CatBoost,0.9999324469061913,6.755309380864111e-05
12980,1,1,CatBoost,0.00028341010855326143,0.9997165898914467
16266,1,1,CatBoost,0.0004491326510573934,0.9995508673489426
15874,1,1,CatBoost,0.00016885781868780647,0.9998311421813122
575,0,0,CatBoost,0.9997998587940536,0.0002001412059463954
6777,0,0,CatBoost,0.9998677753624253,0.00013222463757463497
8050,0,0,CatBoost,0.9999266941706588,7.330582934115767e-05
7449,0,0,CatBoost,0.9999110069189899,8.89930810101229e-05
3627,0,0,CatBoost,0.9999133226686457,8.667733135421674e-05
7368,0,0,CatBoost,0.9999113164811193,8.868351888073534e-05
18014,1,1,CatBoost,9.860769976255401e-05,0.9999013923002374
1560,0,0,CatBoost,0.9998627400755471,0.00013725992445294305
8338,0,0,CatBoost,0.9999050046043005,9.49953956994988e-05
8992,0,0,CatBoost,0.9999047809511926,9.521904880732923e-05
4259,0,0,CatBoost,0.9998988744528521,0.00010112554714789668
12763,1,1,CatBoost,0.0002262514260483739,0.9997737485739516
806,0,0,CatBoost,0.9998843282732512,0.00011567172674881023
14898,1,1,CatBoost,0.00012607981192103157,0.999873920188079
13076,1,1,CatBoost,0.0001793104112992605,0.9998206895887007
16339,1,1,CatBoost,7.095952081159762e-05,0.9999290404791884
13725,1,1,CatBoost,0.0003139062262319525,0.999686093773768
8476,0,0,CatBoost,0.9998534068198404,0.00014659318015959138
3579,0,0,CatBoost,0.9998934578958607,0.00010654210413933425
1875,0,0,CatBoost,0.9998977098178227,0.00010229018217737056
17270,1,1,CatBoost,0.00012094748393143284,0.9998790525160686
15623,1,1,CatBoost,7.09976990971306e-05,0.9999290023009029
7418,0,0,CatBoost,0.9997997263466369,0.00020027365336305208
13676,1,1,CatBoost,0.00018349589103217046,0.9998165041089678
7576,0,0,CatBoost,0.9998984797264895,0.00010152027351053776
4435,0,0,CatBoost,0.9999184075509712,8.159244902884345e-05
12494,1,1,CatBoost,0.00017028069996360973,0.9998297193000364
8865,0,0,CatBoost,0.9999002660639004,9.97339360996075e-05
11646,1,1,CatBoost,0.00013135317307488847,0.9998686468269251
9832,0,0,CatBoost,0.9998365317940141,0.00016346820598591992
15384,1,1,CatBoost,9.485575865653129e-05,0.9999051442413435
14514,1,1,CatBoost,0.00015624803010838573,0.9998437519698916
3756,0,0,CatBoost,0.999934747316833,6.525268316707358e-05
9899,0,0,CatBoost,0.9998384962985235,0.0001615037014765254
7245,0,0,CatBoost,0.9999283057006622,7.169429933784594e-05
9846,0,0,CatBoost,0.9998850849095733,0.00011491509042676107
18098,1,1,CatBoost,9.162612916602253e-05,0.999908373870834
7154,0,0,CatBoost,0.9999257729461231,7.422705387698642e-05
2507,0,0,CatBoost,0.9999094474039972,9.055259600279164e-05
5917,0,0,CatBoost,0.9999319356622709,6.806433772910189e-05
14805,1,1,CatBoost,8.308480852736722e-05,0.9999169151914726
15887,1,1,CatBoost,6.456779536900825e-05,0.999935432204631
18647,1,1,CatBoost,0.00010764940278529256,0.9998923505972147
13868,1,1,CatBoost,0.00020917643953477505,0.9997908235604652
2573,0,0,CatBoost,0.9999234357200315,7.656427996845633e-05
959,0,0,CatBoost,0.9998435875980081,0.00015641240199188586
15868,1,1,CatBoost,0.00013304354896293002,0.9998669564510371
15303,1,1,CatBoost,6.471147742370675e-05,0.9999352885225763
11013,1,1,CatBoost,0.0002375312124666129,0.9997624687875334
2368,0,0,CatBoost,0.9999125036564142,8.749634358586723e-05
5063,0,0,CatBoost,0.9997786867226448,0.0002213132773552103
8097,0,0,CatBoost,0.9999269454962386,7.30545037613986e-05
16828,1,1,CatBoost,0.0010572756570530473,0.998942724342947
8220,0,0,CatBoost,0.9999047810736396,9.521892636045431e-05
2806,0,0,CatBoost,0.9999143161073942,8.568389260571662e-05
14176,1,1,CatBoost,7.803226856173406e-05,0.9999219677314383
9264,0,0,CatBoost,0.9998976141951778,0.00010238580482224717
4268,0,0,CatBoost,0.999902112136286,9.788786371400785e-05
19073,1,1,CatBoost,0.00015186678440015644,0.9998481332155998
3056,0,0,CatBoost,0.9999447243856949,5.527561430508145e-05
9842,0,0,CatBoost,0.9998589111705077,0.00014108882949226886
5029,0,0,CatBoost,0.9999129149163958,8.708508360419052e-05
7186,0,0,CatBoost,0.9998413054415946,0.0001586945584054802
7419,0,0,CatBoost,0.9999263509079895,7.364909201047434e-05
18427,1,1,CatBoost,0.000184584084011008,0.999815415915989
17967,1,1,CatBoost,7.820828555493708e-05,0.9999217917144451
3040,0,0,CatBoost,0.9998728931491679,0.00012710685083203898
18028,1,1,CatBoost,9.453342684517807e-05,0.9999054665731548
5734,0,0,CatBoost,0.9988015511102826,0.0011984488897173965
12608,1,1,CatBoost,0.00014971830615573278,0.9998502816938443
7126,0,0,CatBoost,0.999935342729539,6.465727046096827e-05
1678,0,0,CatBoost,0.9999074675385949,9.253246140504266e-05
14637,1,1,CatBoost,6.103866863660379e-05,0.9999389613313634
8659,0,0,CatBoost,0.9998695458624444,0.00013045413755563567
2768,0,0,CatBoost,0.999929367888229,7.063211177102264e-05
6293,0,0,CatBoost,0.9998827825675433,0.00011721743245676762
8967,0,0,CatBoost,0.9999418628365165,5.8137163483434766e-05
12788,1,1,CatBoost,0.0001361767920852186,0.9998638232079148
15380,1,1,CatBoost,7.156676832886788e-05,0.9999284332316711
2430,0,0,CatBoost,0.9998791358081883,0.00012086419181167924
7253,0,0,CatBoost,0.9998663675404205,0.0001336324595794931
8041,0,0,CatBoost,0.9999010971908434,9.890280915659082e-05
6546,0,0,CatBoost,0.9999100170245477,8.998297545223513e-05
4297,0,0,CatBoost,0.9998966667326608,0.00010333326733924106
4760,0,0,CatBoost,0.9999370639461163,6.293605388378537e-05
14171,1,1,CatBoost,7.294730734785926e-05,0.9999270526926521
13948,1,1,CatBoost,8.251657106372878e-05,0.9999174834289363
7848,0,0,CatBoost,0.999845884024924,0.00015411597507592443
338,0,0,CatBoost,0.9998795397843233,0.00012046021567672388
16270,1,1,CatBoost,7.403620187096394e-05,0.999925963798129
9375,0,0,CatBoost,0.9998341060744272,0.00016589392557272308
3099,0,0,CatBoost,0.9998885742869479,0.00011142571305209225
11490,1,1,CatBoost,0.00017496471012179438,0.9998250352898782
16087,1,1,CatBoost,0.00020877055990131677,0.9997912294400987
9413,0,0,CatBoost,0.9999162987913511,8.370120864884063e-05
14753,1,1,CatBoost,7.585092721973385e-05,0.9999241490727803
956,0,0,CatBoost,0.999913498913218,8.650108678200483e-05
6078,0,0,CatBoost,0.9999338839140859,6.611608591416478e-05
13496,1,1,CatBoost,0.00014653449417045827,0.9998534655058295
15595,1,1,CatBoost,6.555075295155977e-05,0.9999344492470484
13799,1,1,CatBoost,0.0001403166293876268,0.9998596833706124
14814,1,1,CatBoost,6.734658613916089e-05,0.9999326534138608
17391,1,1,CatBoost,0.000106876862077665,0.9998931231379223
6910,0,0,CatBoost,0.9998712964483213,0.00012870355167868006
3391,0,0,CatBoost,0.9998955382022632,0.00010446179773684213
15129,1,1,CatBoost,8.172996020594514e-05,0.999918270039794
6813,0,0,CatBoost,0.9999197294227714,8.027057722862087e-05
1021,0,0,CatBoost,0.9999218783780277,7.81216219723399e-05
10765,1,1,CatBoost,0.001065636140151982,0.998934363859848
14172,1,1,CatBoost,7.596008124799436e-05,0.999924039918752
14663,1,1,CatBoost,9.406052619986838e-05,0.9999059394738001
9146,0,0,CatBoost,0.9998806455378885,0.00011935446211149288
635,0,0,CatBoost,0.9999043167193913,9.568328060866351e-05
12944,1,1,CatBoost,0.00022314844931292654,0.9997768515506871
4107,0,0,CatBoost,0.9998988735901485,0.0001011264098515244
11818,1,1,CatBoost,0.00022945047401001784,0.99977054952599
3005,0,0,CatBoost,0.9998935118867167,0.0001064881132833068
13455,1,1,CatBoost,0.00012045670139315678,0.9998795432986068
15993,1,1,CatBoost,6.779183236516051e-05,0.9999322081676348
15424,1,1,CatBoost,0.00010017317974597706,0.999899826820254
2365,0,0,CatBoost,0.9998726042015061,0.00012739579849385227
7683,0,0,CatBoost,0.9998823472434489,0.00011765275655109162
10481,1,1,CatBoost,0.0004910815641170352,0.999508918435883
13127,1,1,CatBoost,0.0002596952544851039,0.9997403047455149
6168,0,0,CatBoost,0.9999539860966913,4.601390330872737e-05
10064,1,1,CatBoost,0.00037510684252051174,0.9996248931574795
3394,0,0,CatBoost,0.9999176019974992,8.239800250075386e-05
16090,1,1,CatBoost,0.00010056641057676341,0.9998994335894232
17032,1,1,CatBoost,8.695262126934278e-05,0.9999130473787307
6376,0,0,CatBoost,0.999879055660888,0.00012094433911199165
3581,0,0,CatBoost,0.9999260947696125,7.390523038756524e-05
18965,1,1,CatBoost,0.00029021798780126673,0.9997097820121987
10168,1,1,CatBoost,0.00019360010985813858,0.9998063998901419
12211,1,1,CatBoost,0.00015116340778853488,0.9998488365922115
14983,1,1,CatBoost,8.591170994898256e-05,0.999914088290051
3356,0,0,CatBoost,0.999916294500567,8.370549943300605e-05
9082,0,0,CatBoost,0.999838564868452,0.00016143513154793235
11896,1,1,CatBoost,0.00015358424623090894,0.9998464157537691
13267,1,1,CatBoost,0.0001420537756577911,0.9998579462243422
9789,0,0,CatBoost,0.9998586437856488,0.00014135621435119115
13879,1,1,CatBoost,0.00017233894786183868,0.9998276610521382
10892,1,1,CatBoost,0.00024513615174570624,0.9997548638482543
9555,0,0,CatBoost,0.999846324802774,0.00015367519722603274
1248,0,0,CatBoost,0.9999270556722444,7.294432775561585e-05
9444,0,0,CatBoost,0.9998587399453508,0.00014126005464917374
17747,1,1,CatBoost,0.00017817156109312116,0.9998218284389069
8867,0,0,CatBoost,0.9996958542446075,0.0003041457553925359
2032,0,0,CatBoost,0.99989903150999,0.00010096849000997881
12670,1,1,CatBoost,0.00013211612656349736,0.9998678838734365
13454,1,1,CatBoost,0.00014233962744492068,0.9998576603725551
10358,1,1,CatBoost,0.00012141339649640592,0.9998785866035036
8801,0,0,CatBoost,0.9999047245730762,9.527542692376857e-05
7800,0,0,CatBoost,0.9999034185762682,9.658142373183459e-05
13097,1,1,CatBoost,0.00017283225246389478,0.9998271677475361
3073,0,0,CatBoost,0.9999465561943532,5.344380564680066e-05
11466,1,1,CatBoost,0.00019559832634385987,0.9998044016736561
4432,0,0,CatBoost,0.9999137264705933,8.62735294067625e-05
14264,1,1,CatBoost,0.00010247518526462773,0.9998975248147354
5788,0,0,CatBoost,0.9998905050240865,0.00010949497591346104
10350,1,1,CatBoost,0.00017059759971893573,0.9998294024002811
6924,0,0,CatBoost,0.9998616977296941,0.00013830227030582647
14834,1,1,CatBoost,7.614044910153606e-05,0.9999238595508985
17174,1,1,CatBoost,0.0002303023933810655,0.9997696976066189
11034,1,1,CatBoost,0.0002463639090688474,0.9997536360909312
11148,1,1,CatBoost,0.00027670358738351997,0.9997232964126165
17332,1,1,CatBoost,7.574358330375563e-05,0.9999242564166962
13312,1,1,CatBoost,0.0002464052668064154,0.9997535947331936
18734,1,1,CatBoost,8.100523175114116e-05,0.9999189947682489
15666,1,1,CatBoost,8.863492651489668e-05,0.9999113650734851
16172,1,1,CatBoost,0.00010569838323382097,0.9998943016167662
2725,0,0,CatBoost,0.9999375283249752,6.247167502479182e-05
11697,1,1,CatBoost,0.00017459822684851023,0.9998254017731515
8398,0,0,CatBoost,0.9999345222476799,6.547775232008375e-05
536,0,0,CatBoost,0.9999029445933891,9.705540661088647e-05
285,0,0,CatBoost,0.9998931195925101,0.00010688040748986811
7431,0,0,CatBoost,0.9999035989755847,9.640102441537642e-05
7343,0,0,CatBoost,0.999938682269061,6.131773093897799e-05
13658,1,1,CatBoost,0.0001339807948791405,0.9998660192051209
18240,1,1,CatBoost,0.0002750413918842787,0.9997249586081157
10195,1,1,CatBoost,0.00033507933170817683,0.9996649206682918
3239,0,0,CatBoost,0.9999203198822596,7.968011774036091e-05
16307,1,1,CatBoost,6.8492789066954e-05,0.999931507210933
7693,0,0,CatBoost,0.9999233965184088,7.660348159125483e-05
7776,0,0,CatBoost,0.9998854411670103,0.0001145588329896813
8945,0,0,CatBoost,0.9998792561002593,0.00012074389974069764
5759,0,0,CatBoost,0.9999429661853235,5.7033814676524294e-05
2255,0,0,CatBoost,0.9997082195196324,0.0002917804803676494
3446,0,0,CatBoost,0.9999326429973912,6.735700260883043e-05
18261,1,1,CatBoost,0.00018975033909529593,0.9998102496609047
12568,1,1,CatBoost,0.00013874580320027974,0.9998612541967997
7232,0,0,CatBoost,0.9999577962344696,4.2203765530415435e-05
16783,1,1,CatBoost,0.00022544044956185338,0.9997745595504381
2604,0,0,CatBoost,0.999958009161558,4.199083844201444e-05
7350,0,0,CatBoost,0.9999285060605817,7.149393941827712e-05
18677,1,1,CatBoost,0.0002624713496809372,0.9997375286503191
3430,0,0,CatBoost,0.9999209757680877,7.902423191226037e-05
13620,1,1,CatBoost,0.00012640914094530498,0.9998735908590547
15085,1,1,CatBoost,8.925546589710898e-05,0.9999107445341029
10982,1,1,CatBoost,0.00020928361581651345,0.9997907163841835
14538,1,1,CatBoost,6.749753269930103e-05,0.9999325024673007
10102,1,1,CatBoost,0.00021534687286617338,0.9997846531271338
16842,1,1,CatBoost,0.00010850181628940803,0.9998914981837106
14950,1,1,CatBoost,7.061677521702503e-05,0.999929383224783
5519,0,0,CatBoost,0.9999140796599181,8.5920340081908e-05
891,0,0,CatBoost,0.9997882493578125,0.00021175064218743672
15287,1,1,CatBoost,7.989474739766855e-05,0.9999201052526023
2071,0,0,CatBoost,0.9999154922539971,8.450774600290171e-05
17773,1,1,CatBoost,0.0005868030701445814,0.9994131969298554
6313,0,0,CatBoost,0.9999116410238803,8.835897611968275e-05
7101,0,0,CatBoost,0.9998810675362463,0.00011893246375376149
9740,0,0,CatBoost,0.9998928098590075,0.0001071901409925134
6075,0,0,CatBoost,0.9998657706145379,0.00013422938546219415
5561,0,0,CatBoost,0.9999240316297897,7.596837021023503e-05
1664,0,0,CatBoost,0.9999103265784517,8.967342154836342e-05
15067,1,1,CatBoost,9.135753948774639e-05,0.9999086424605123
5085,0,0,CatBoost,0.9999286268954894,7.13731045105471e-05
14391,1,1,CatBoost,0.00012127441602483024,0.9998787255839752
7002,0,0,CatBoost,0.9997759155851702,0.000224084414829769
8230,0,0,CatBoost,0.9998818943296629,0.00011810567033706366
8717,0,0,CatBoost,0.9999073906004279,9.260939957216825e-05
15285,1,1,CatBoost,7.812579188104518e-05,0.999921874208119
10069,1,1,CatBoost,0.00045179149353458126,0.9995482085064654
8004,0,0,CatBoost,0.9998541294628376,0.000145870537162431
3998,0,0,CatBoost,0.9999028564754597,9.714352454021736e-05
2139,0,0,CatBoost,0.9999296850393353,7.031496066468394e-05
5878,0,0,CatBoost,0.9999302156744652,6.978432553483231e-05
1585,0,0,CatBoost,0.9997827609089759,0.00021723909102407062
19063,1,1,CatBoost,0.0002374663734782123,0.9997625336265218
12526,1,1,CatBoost,0.0001476074193459409,0.9998523925806541
9619,0,0,CatBoost,0.999881566620471,0.00011843337952895408
12482,1,1,CatBoost,0.00015636969298060688,0.9998436303070194
2869,0,0,CatBoost,0.9999468630621045,5.313693789554362e-05
8609,0,0,CatBoost,0.9998690544631111,0.0001309455368888791
9358,0,0,CatBoost,0.9998525881288312,0.00014741187116885043
2558,0,0,CatBoost,0.9999210805846515,7.891941534852929e-05
2635,0,0,CatBoost,0.9999292655767553,7.07344232446757e-05
1232,0,0,CatBoost,0.9999380008482709,6.199915172914216e-05
16132,1,1,CatBoost,0.00011386294579185385,0.9998861370542081
12538,1,1,CatBoost,0.0001677715824262016,0.9998322284175738
9331,0,0,CatBoost,0.9998782347982496,0.00012176520175044937
7526,0,0,CatBoost,0.9998916628964095,0.00010833710359048128
6116,0,0,CatBoost,0.9998078834117305,0.00019211658826940852
15594,1,1,CatBoost,0.0005254380748553888,0.9994745619251446
9657,0,0,CatBoost,0.9998778082145268,0.0001221917854732751
7830,0,0,CatBoost,0.9999002371125357,9.976288746427367e-05
1633,0,0,CatBoost,0.9999100442886459,8.995571135409642e-05
2027,0,0,CatBoost,0.9998795764317908,0.00012042356820913501
18071,1,1,CatBoost,0.0005199139435301259,0.9994800860564699
7643,0,0,CatBoost,0.9998893220187481,0.0001106779812518766
7956,0,0,CatBoost,0.999891392340171,0.00010860765982896393
8966,0,0,CatBoost,0.9999214944420481,7.850555795183558e-05
1725,0,0,CatBoost,0.999914317608859,8.568239114108203e-05
13025,1,1,CatBoost,0.00020629571697772242,0.9997937042830223
2427,0,0,CatBoost,0.9997585548742844,0.00024144512571558902
1198,0,0,CatBoost,0.9999285547886647,7.144521133529934e-05
10407,1,1,CatBoost,0.0005835374307766594,0.9994164625692233
2047,0,0,CatBoost,0.9998834722309394,0.00011652776906061752
2772,0,0,CatBoost,0.9999191731880933,8.082681190672663e-05
2790,0,0,CatBoost,0.9999010450721033,9.895492789672048e-05
10826,1,1,CatBoost,0.0002779393412806197,0.9997220606587194
16998,1,1,CatBoost,7.396745985244202e-05,0.9999260325401476
1466,0,0,CatBoost,0.9999429424195333,5.7057580466666256e-05
14226,1,1,CatBoost,8.446438151443747e-05,0.9999155356184856
19034,1,1,CatBoost,0.00021271484530360762,0.9997872851546964
14079,1,1,CatBoost,6.281180408040932e-05,0.9999371881959196
552,0,0,CatBoost,0.9998632088410628,0.0001367911589372117
4777,0,0,CatBoost,0.9998726085866705,0.00012739141332948465
3735,0,0,CatBoost,0.9999314828047321,6.851719526795008e-05
6090,0,0,CatBoost,0.9999203631625271,7.963683747290389e-05
4485,0,0,CatBoost,0.9999354254714139,6.45745285860839e-05
17473,1,1,CatBoost,0.0001155853736123369,0.9998844146263877
2064,0,0,CatBoost,0.9999366684706714,6.333152932858832e-05
19024,1,1,CatBoost,0.0003361909926007378,0.9996638090073993
2720,0,0,CatBoost,0.9999192005696331,8.079943036682059e-05
18560,1,1,CatBoost,0.0003847734989742557,0.9996152265010257
5789,0,0,CatBoost,0.999764851609139,0.00023514839086108134
14287,1,1,CatBoost,7.819536750908185e-05,0.9999218046324909
529,0,0,CatBoost,0.9998568826984333,0.00014311730156663509
1645,0,0,CatBoost,0.9998198100664294,0.00018018993357064777
7843,0,0,CatBoost,0.9999019044589617,9.809554103831237e-05
14382,1,1,CatBoost,6.24637631796432e-05,0.9999375362368204
14206,1,1,CatBoost,6.855061598731726e-05,0.9999314493840127
2674,0,0,CatBoost,0.9998112517576613,0.00018874824233871556
13056,1,1,CatBoost,0.00016327006939476085,0.9998367299306052
1933,0,0,CatBoost,0.999916632484932,8.336751506798153e-05
12565,1,1,CatBoost,0.00013875717905931229,0.9998612428209407
11028,1,1,CatBoost,0.00021639716538823794,0.9997836028346118
12084,1,1,CatBoost,0.00020356521212083756,0.9997964347878792
863,0,0,CatBoost,0.9999297622849056,7.023771509439166e-05
6764,0,0,CatBoost,0.9998992560540617,0.00010074394593830216
9111,0,0,CatBoost,0.9999121669165112,8.78330834888166e-05
16335,1,1,CatBoost,0.0007668343521742838,0.9992331656478257
10576,1,1,CatBoost,0.0005101159837912483,0.9994898840162088
13425,1,1,CatBoost,0.00019446542352818952,0.9998055345764718
12416,1,1,CatBoost,0.00020209460092446285,0.9997979053990755
6235,0,0,CatBoost,0.99994061086711,5.938913289005398e-05
4300,0,0,CatBoost,0.9999484289530984,5.157104690161714e-05
11365,1,1,CatBoost,0.000195599652994205,0.9998044003470058
16769,1,1,CatBoost,8.242142534686803e-05,0.9999175785746531
9329,0,0,CatBoost,0.9999180845578861,8.191544211394448e-05
15371,1,1,CatBoost,9.959012746107998e-05,0.9999004098725389
17941,1,1,CatBoost,0.0002864396639704614,0.9997135603360295
3974,0,0,CatBoost,0.9999422978502487,5.770214975134673e-05
17079,1,1,CatBoost,0.0008221065480366052,0.9991778934519634
8804,0,0,CatBoost,0.999898562804199,0.00010143719580098701
2116,0,0,CatBoost,0.9999250077971376,7.49922028624199e-05
12869,1,1,CatBoost,0.0002919025083053528,0.9997080974916946
10039,1,1,CatBoost,0.0004011710855256201,0.9995988289144744
14170,1,1,CatBoost,8.261179994251133e-05,0.9999173882000575
6540,0,0,CatBoost,0.9996268787015405,0.0003731212984594482
12326,1,1,CatBoost,0.0001628405973748137,0.9998371594026252
6638,0,0,CatBoost,0.9999126601290598,8.733987094021247e-05
6278,0,0,CatBoost,0.9998284702116295,0.00017152978837056457
7351,0,0,CatBoost,0.9998986458666258,0.00010135413337421633
15722,1,1,CatBoost,0.0002834567586478265,0.9997165432413522
15766,1,1,CatBoost,6.114559413139542e-05,0.9999388544058686
15193,1,1,CatBoost,7.49005340052733e-05,0.9999250994659947
9046,0,0,CatBoost,0.9998945197449285,0.00010548025507150644
6287,0,0,CatBoost,0.9998277859104391,0.00017221408956093139
7079,0,0,CatBoost,0.9998170539669203,0.00018294603307968872
1331,0,0,CatBoost,0.9999121967614237,8.780323857628878e-05
966,0,0,CatBoost,0.9998872979465583,0.00011270205344173233
14623,1,1,CatBoost,7.101001486120584e-05,0.9999289899851388
10533,1,1,CatBoost,0.0018056279753621007,0.9981943720246379
15507,1,1,CatBoost,9.260208575878615e-05,0.9999073979142412
18709,1,1,CatBoost,0.00024687456655758666,0.9997531254334424
10904,1,1,CatBoost,0.0002961434951089803,0.999703856504891
19070,1,1,CatBoost,0.00012674053181371825,0.9998732594681863
11414,1,1,CatBoost,0.00019129737780732015,0.9998087026221927
2443,0,0,CatBoost,0.9999109765375646,8.902346243548696e-05
13032,1,1,CatBoost,0.00042003380446886673,0.9995799661955311
12206,1,1,CatBoost,0.0001301327965098631,0.9998698672034901
6150,0,0,CatBoost,0.9999440312023078,5.596879769225345e-05
4804,0,0,CatBoost,0.9999237512410318,7.624875896811411e-05
3294,0,0,CatBoost,0.9999287904136285,7.12095863715479e-05
7858,0,0,CatBoost,0.999870581304442,0.00012941869555805713
7806,0,0,CatBoost,0.9998958695904449,0.0001041304095551274
15708,1,1,CatBoost,0.0004198471380690849,0.9995801528619309
7721,0,0,CatBoost,0.9999035235400116,9.647645998841025e-05
11199,1,1,CatBoost,0.0001804834984437953,0.9998195165015562
13232,1,1,CatBoost,0.00016094148824274956,0.9998390585117573
7805,0,0,CatBoost,0.9999130860738138,8.691392618623644e-05
13617,1,1,CatBoost,8.791545683195512e-05,0.999912084543168
11177,1,1,CatBoost,0.00017951628819368182,0.9998204837118063
16473,1,1,CatBoost,0.00011983981063778959,0.9998801601893622
1040,0,0,CatBoost,0.9999419601177758,5.803988222413918e-05
2356,0,0,CatBoost,0.9999161297132696,8.387028673043891e-05
8715,0,0,CatBoost,0.9998943332344764,0.00010566676552356351
18419,1,1,CatBoost,0.000442628885740981,0.999557371114259
7117,0,0,CatBoost,0.9998825019859672,0.00011749801403284419
15527,1,1,CatBoost,7.053281464974859e-05,0.9999294671853503
1365,0,0,CatBoost,0.9997410115692562,0.00025898843074379136
1816,0,0,CatBoost,0.999870207649869,0.0001297923501309944
18878,1,1,CatBoost,0.00021467505334626935,0.9997853249466537
11186,1,1,CatBoost,0.0001804834984437953,0.9998195165015562
556,0,0,CatBoost,0.9999431496581415,5.685034185856946e-05
717,0,0,CatBoost,0.9999026947215797,9.730527842036529e-05
269,0,0,CatBoost,0.9999532223791103,4.6777620889716115e-05
17812,1,1,CatBoost,0.00010508721518698305,0.999894912784813
1252,0,0,CatBoost,0.9999293722855719,7.062771442807906e-05
6257,0,0,CatBoost,0.9995392494393185,0.00046075056068155186
14280,1,1,CatBoost,8.992170271926447e-05,0.9999100782972807
11642,1,1,CatBoost,0.00014271277292199347,0.999857287227078
4611,0,0,CatBoost,0.9999362949162951,6.370508370488951e-05
17384,1,1,CatBoost,0.00012186377946932225,0.9998781362205307
16699,1,1,CatBoost,8.535351547622749e-05,0.9999146464845238
9294,0,0,CatBoost,0.9999119237178495,8.807628215049797e-05
12968,1,1,CatBoost,0.00015625281210351893,0.9998437471878965
10430,1,1,CatBoost,0.0005787836559096871,0.9994212163440903
13508,1,1,CatBoost,0.00019240776617157618,0.9998075922338284
539,0,0,CatBoost,0.9999084892153383,9.15107846617464e-05
5429,0,0,CatBoost,0.9998866814275058,0.00011331857249423567
16661,1,1,CatBoost,9.007992372844775e-05,0.9999099200762716
827,0,0,CatBoost,0.9999358131271311,6.418687286887628e-05
13511,1,1,CatBoost,0.00013458059863613592,0.9998654194013639
7280,0,0,CatBoost,0.999877801720082,0.00012219827991794962
2665,0,0,CatBoost,0.999926390969612,7.360903038801073e-05
8276,0,0,CatBoost,0.9999005231404339,9.947685956612978e-05
12681,1,1,CatBoost,0.00013260346054710936,0.9998673965394529
60,0,0,CatBoost,0.9998087310941023,0.00019126890589775842
17927,1,1,CatBoost,0.0006848460756405661,0.9993151539243594
17297,1,1,CatBoost,0.0006125525812504806,0.9993874474187495
784,0,0,CatBoost,0.9997877823502554,0.00021221764974458328
17955,1,1,CatBoost,0.00015652503740282153,0.9998434749625972
17954,1,1,CatBoost,0.00010053754695582562,0.9998994624530442
18836,1,1,CatBoost,0.0001761463040851341,0.9998238536959149
8498,0,0,CatBoost,0.9998798783257111,0.00012012167428885396
16192,1,1,CatBoost,5.075808570309537e-05,0.9999492419142969
13119,1,1,CatBoost,0.0002185607587368299,0.9997814392412632
5543,0,0,CatBoost,0.9999337451857975,6.625481420255703e-05
18481,1,1,CatBoost,0.00019791191107276784,0.9998020880889272
8982,0,0,CatBoost,0.9997681838077566,0.00023181619224347193
13795,1,1,CatBoost,0.0001384122216259165,0.9998615877783741
4493,0,0,CatBoost,0.9999073823912797,9.261760872026633e-05
12658,1,1,CatBoost,0.00018961384744953236,0.9998103861525505
4263,0,0,CatBoost,0.9999037318548616,9.626814513840294e-05
466,0,0,CatBoost,0.9999235539300053,7.644606999468583e-05
11543,1,1,CatBoost,0.00017111672049641147,0.9998288832795036
16598,1,1,CatBoost,0.00024543456454850787,0.9997545654354515
4070,0,0,CatBoost,0.9999350219235466,6.49780764534981e-05
3741,0,0,CatBoost,0.9999409193957026,5.908060429735582e-05
7221,0,0,CatBoost,0.9999264877150639,7.351228493616616e-05
9002,0,0,CatBoost,0.9998814834217564,0.00011851657824357026
9258,0,0,CatBoost,0.9997787314963559,0.00022126850364413835
15025,1,1,CatBoost,7.063747376812035e-05,0.9999293625262319
13471,1,1,CatBoost,9.60000176740694e-05,0.9999039999823259
11319,1,1,CatBoost,0.00015931230902643811,0.9998406876909736
2713,0,0,CatBoost,0.999914073221638,8.592677836206488e-05
10571,1,1,CatBoost,0.0013073097551593582,0.9986926902448406
294,0,0,CatBoost,0.9999106296900993,8.937030990074917e-05
3876,0,0,CatBoost,0.9999088234656636,9.117653433645029e-05
3748,0,0,CatBoost,0.9999148621040126,8.513789598742227e-05
1960,0,0,CatBoost,0.9998586342894223,0.00014136571057764326
2814,0,0,CatBoost,0.999849669966674,0.00015033003332599288
9970,0,0,CatBoost,0.9889645168974376,0.011035483102562391
15415,1,1,CatBoost,6.0927537437138746e-05,0.9999390724625629
18758,1,1,CatBoost,0.0001264997731290629,0.9998735002268709
9976,0,0,CatBoost,0.9932303124835543,0.006769687516445705
5189,0,0,CatBoost,0.9998693863982192,0.00013061360178080896
19048,1,1,CatBoost,0.00014416602429134784,0.9998558339757087
7052,0,0,CatBoost,0.9999129513883791,8.704861162091594e-05
14907,1,1,CatBoost,7.395201956517106e-05,0.9999260479804348
391,0,0,CatBoost,0.9999237251620517,7.627483794826539e-05
3719,0,0,CatBoost,0.9999123268870856,8.767311291440202e-05
10646,1,1,CatBoost,0.0007257184510118808,0.9992742815489881
7291,0,0,CatBoost,0.9999011835396564,9.88164603436122e-05
8311,0,0,CatBoost,0.9998298994493195,0.0001701005506804991
13416,1,1,CatBoost,0.00013603718480581506,0.9998639628151942
1007,0,0,CatBoost,0.9999036247770622,9.637522293785536e-05
17482,1,1,CatBoost,0.00015333092816383065,0.9998466690718362
3380,0,0,CatBoost,0.9999105002972921,8.94997027078799e-05
825,0,0,CatBoost,0.9999264361915498,7.356380845026808e-05
7099,0,0,CatBoost,0.99982867811459,0.00017132188541004362
13744,1,1,CatBoost,0.0001361762593743432,0.9998638237406257
3644,0,0,CatBoost,0.9999025896524054,9.74103475945733e-05
12385,1,1,CatBoost,0.000173377229329863,0.9998266227706701
16896,1,1,CatBoost,0.0009023090020664482,0.9990976909979336
9215,0,0,CatBoost,0.9998948288385007,0.00010517116149928122
13871,1,1,CatBoost,0.00021627866291795694,0.999783721337082
7982,0,0,CatBoost,0.9998730245819664,0.00012697541803362308
11043,1,1,CatBoost,0.00021708564884026504,0.9997829143511597
8838,0,0,CatBoost,0.9999214841899182,7.851581008176853e-05
13204,1,1,CatBoost,0.000171408905525694,0.9998285910944743
2322,0,0,CatBoost,0.9998365398994331,0.00016346010056684466
13705,1,1,CatBoost,0.00010919388103425298,0.9998908061189657
5901,0,0,CatBoost,0.9998159496749123,0.00018405032508771359
14853,1,1,CatBoost,0.0001797797260637557,0.9998202202739362
11097,1,1,CatBoost,0.00020069048597193273,0.9997993095140281
15864,1,1,CatBoost,0.00014273527584851564,0.9998572647241515
17500,1,1,CatBoost,0.00025634138846653,0.9997436586115335
16816,1,1,CatBoost,0.0002695243094464894,0.9997304756905535
18381,1,1,CatBoost,0.00027790039663977417,0.9997220996033602
1100,0,0,CatBoost,0.9997264791934815,0.0002735208065185035
6238,0,0,CatBoost,0.9999223911423921,7.760885760782808e-05
16979,1,1,CatBoost,7.272330134089344e-05,0.9999272766986591
3629,0,0,CatBoost,0.9999285685956246,7.143140437541586e-05
4873,0,0,CatBoost,0.9999427817470313,5.7218252968620565e-05
14876,1,1,CatBoost,7.636681006162327e-05,0.9999236331899384
6241,0,0,CatBoost,0.999891247770328,0.00010875222967193993
8130,0,0,CatBoost,0.9999058362978932,9.416370210679402e-05
2180,0,0,CatBoost,0.9999105083985956,8.949160140440128e-05
6035,0,0,CatBoost,0.9997270157659595,0.0002729842340405749
1761,0,0,CatBoost,0.999904903587732,9.509641226800494e-05
16164,1,1,CatBoost,0.00022596027041998923,0.99977403972958
17948,1,1,CatBoost,0.000147305697934752,0.9998526943020652
15712,1,1,CatBoost,7.361755195356423e-05,0.9999263824480464
10033,1,1,CatBoost,0.00042906351756000216,0.99957093648244
3775,0,0,CatBoost,0.9998990242153687,0.00010097578463136136
11781,1,1,CatBoost,0.0001585833717425711,0.9998414166282574
16692,1,1,CatBoost,7.936090166416054e-05,0.9999206390983358
7246,0,0,CatBoost,0.9999397611288456,6.0238871154341937e-05
4356,0,0,CatBoost,0.9998493693369733,0.0001506306630267286
3177,0,0,CatBoost,0.9998890529701033,0.00011094702989668336
13683,1,1,CatBoost,0.00015860425638669629,0.9998413957436133
12884,1,1,CatBoost,0.00015667143056996569,0.99984332856943
3108,0,0,CatBoost,0.999934000100248,6.599989975193985e-05
18009,1,1,CatBoost,7.123187724134006e-05,0.9999287681227587
6374,0,0,CatBoost,0.9999334542381788,6.654576182116555e-05
17387,1,1,CatBoost,9.327967403838233e-05,0.9999067203259616
17010,1,1,CatBoost,0.00013438575616475656,0.9998656142438352
6721,0,0,CatBoost,0.9999158900244535,8.410997554647664e-05
15580,1,1,CatBoost,9.899928666645685e-05,0.9999010007133335
12417,1,1,CatBoost,0.00013874580320027974,0.9998612541967997
1712,0,0,CatBoost,0.9999264619449538,7.353805504613825e-05
7268,0,0,CatBoost,0.9999503393674309,4.9660632569044436e-05
5150,0,0,CatBoost,0.9999400532603678,5.9946739632136304e-05
11279,1,1,CatBoost,0.0001745338258671847,0.9998254661741328
12434,1,1,CatBoost,0.00015880067326479175,0.9998411993267352
8452,0,0,CatBoost,0.9998873793829164,0.00011262061708357775
4859,0,0,CatBoost,0.9999530602773402,4.693972265973513e-05
18373,1,1,CatBoost,0.00024190655098377256,0.9997580934490162
14772,1,1,CatBoost,6.270509175132499e-05,0.9999372949082487
18728,1,1,CatBoost,0.00013001084034369725,0.9998699891596563
13366,1,1,CatBoost,0.0001540478303108106,0.9998459521696892
17666,1,1,CatBoost,0.000419416488233626,0.9995805835117664
5989,0,0,CatBoost,0.9998875763977302,0.0001124236022698245
2162,0,0,CatBoost,0.9999410881910596,5.891180894037346e-05
10946,1,1,CatBoost,0.0002014891183041989,0.9997985108816958
3675,0,0,CatBoost,0.9999257233594305,7.427664056949703e-05
14846,1,1,CatBoost,7.639581780227722e-05,0.9999236041821977
2219,0,0,CatBoost,0.9999316482298434,6.835177015660228e-05
12615,1,1,CatBoost,0.0003108812190292243,0.9996891187809708
17235,1,1,CatBoost,0.0001020924982948479,0.9998979075017052
18445,1,1,CatBoost,0.00018532917659130899,0.9998146708234087
3738,0,0,CatBoost,0.9999197835509045,8.021644909550474e-05
1687,0,0,CatBoost,0.9999207074957356,7.929250426436544e-05
10877,1,1,CatBoost,0.00027923440379862274,0.9997207655962014
16806,1,1,CatBoost,8.068404066507995e-05,0.9999193159593349
8502,0,0,CatBoost,0.9998889005278885,0.00011109947211155608
9339,0,0,CatBoost,0.9999248063860807,7.519361391930257e-05
14581,1,1,CatBoost,6.866154544549197e-05,0.9999313384545545
15436,1,1,CatBoost,8.6176912871605e-05,0.9999138230871284
10701,1,1,CatBoost,0.0003938960041063311,0.9996061039958937
12734,1,1,CatBoost,0.00014666894222592486,0.9998533310577741
14603,1,1,CatBoost,8.251619295529533e-05,0.9999174838070447
4197,0,0,CatBoost,0.9999125993929742,8.74006070258825e-05
1276,0,0,CatBoost,0.9999392397268544,6.076027314562221e-05
3919,0,0,CatBoost,0.9999033225905898,9.667740941025117e-05
4732,0,0,CatBoost,0.9999419711047195,5.802889528050312e-05
4926,0,0,CatBoost,0.9999298210351458,7.01789648541358e-05
4548,0,0,CatBoost,0.9999221888954218,7.781110457817615e-05
11938,1,1,CatBoost,0.0001421013093053647,0.9998578986906946
15024,1,1,CatBoost,0.00010110495496551408,0.9998988950450345
14510,1,1,CatBoost,7.067565002438769e-05,0.9999293243499756
11275,1,1,CatBoost,0.0002082089695039091,0.9997917910304961
8482,0,0,CatBoost,0.9998970936474433,0.00010290635255672358
9573,0,0,CatBoost,0.9998510609594671,0.00014893904053292725
1312,0,0,CatBoost,0.9999088935366394,9.110646336067706e-05
7175,0,0,CatBoost,0.9994949388754577,0.000505061124542281
9641,0,0,CatBoost,0.9998818401213452,0.00011815987865480774
15122,1,1,CatBoost,8.7366361155361e-05,0.9999126336388446
18509,1,1,CatBoost,0.00025557599652559215,0.9997444240034744
3695,0,0,CatBoost,0.9999315788631046,6.842113689540881e-05
3104,0,0,CatBoost,0.9999340840344978,6.591596550217365e-05
4544,0,0,CatBoost,0.9999001907019256,9.980929807435465e-05
13873,1,1,CatBoost,0.00020931971231674673,0.9997906802876833
8666,0,0,CatBoost,0.9998879325321886,0.0001120674678115024
2204,0,0,CatBoost,0.9998513236994098,0.00014867630059023064
16495,1,1,CatBoost,9.617851060605975e-05,0.9999038214893939
12746,1,1,CatBoost,0.000177277966284084,0.9998227220337159
7426,0,0,CatBoost,0.9999479043807984,5.2095619201596506e-05
10726,1,1,CatBoost,0.001249357490679226,0.9987506425093208
5,0,0,CatBoost,0.9998691495783038,0.00013085042169625456
502,0,0,CatBoost,0.9999230634313572,7.693656864277898e-05
15140,1,1,CatBoost,7.829773695600117e-05,0.999921702263044
17296,1,1,CatBoost,0.00010316572632906862,0.9998968342736709
1274,0,0,CatBoost,0.9999105313536166,8.946864638342366e-05
6059,0,0,CatBoost,0.9998684173044599,0.0001315826955401403
10528,1,1,CatBoost,0.0011542447594793392,0.9988457552405207
6228,0,0,CatBoost,0.9999260315792605,7.396842073950937e-05
14419,1,1,CatBoost,7.17703335237907e-05,0.9999282296664762
13018,1,1,CatBoost,0.00016392253990182848,0.9998360774600982
4234,0,0,CatBoost,0.9999409999746789,5.900002532109604e-05
5104,0,0,CatBoost,0.9999019224271178,9.807757288216494e-05
9192,0,0,CatBoost,0.9999235137100322,7.648628996784692e-05
14491,1,1,CatBoost,7.711077071936856e-05,0.9999228892292806
5182,0,0,CatBoost,0.9999526222800672,4.73777199327494e-05
1028,0,0,CatBoost,0.9999478234436701,5.217655632998395e-05
10964,1,1,CatBoost,0.000202501485770612,0.9997974985142294
10061,1,1,CatBoost,0.00036693221015182687,0.9996330677898482
5578,0,0,CatBoost,0.9999152995645564,8.47004354436231e-05
14821,1,1,CatBoost,7.540869013511475e-05,0.9999245913098649
16397,1,1,CatBoost,6.68367113879631e-05,0.999933163288612
3157,0,0,CatBoost,0.9999289416329441,7.105836705590093e-05
10744,1,1,CatBoost,0.0006140249367626582,0.9993859750632373
18992,1,1,CatBoost,0.000232087580761986,0.999767912419238
19044,1,1,CatBoost,0.00021437535594825974,0.9997856246440517
14930,1,1,CatBoost,7.084683470925945e-05,0.9999291531652907
417,0,0,CatBoost,0.9999324081678719,6.759183212812049e-05
16424,1,1,CatBoost,0.0004991536659388895,0.9995008463340611
12317,1,1,CatBoost,0.00013859932192927804,0.9998614006780707
11123,1,1,CatBoost,0.00018699253347287392,0.9998130074665271
7892,0,0,CatBoost,0.9998307728938375,0.00016922710616255264
8194,0,0,CatBoost,0.999859015427609,0.00014098457239097506
317,0,0,CatBoost,0.9999003055900744,9.969440992561297e-05
14075,1,1,CatBoost,9.539809369285557e-05,0.9999046019063071
5757,0,0,CatBoost,0.9999413478097477,5.865219025223073e-05
3117,0,0,CatBoost,0.9999463032528729,5.3696747127026176e-05
13798,1,1,CatBoost,0.00017818792644708203,0.9998218120735529
19050,1,1,CatBoost,0.0002829713513047283,0.9997170286486953
16018,1,1,CatBoost,0.0003846212730100884,0.9996153787269899
6420,0,0,CatBoost,0.9999138563335517,8.614366644835934e-05
16999,1,1,CatBoost,0.00045950559750662645,0.9995404944024934
1072,0,0,CatBoost,0.9998654690515251,0.0001345309484749783
18971,1,1,CatBoost,0.00019077818453894224,0.9998092218154611
6986,0,0,CatBoost,0.9999204467084093,7.95532915906823e-05
11900,1,1,CatBoost,0.00018866419798957423,0.9998113358020104
15357,1,1,CatBoost,9.79030061449837e-05,0.999902096993855
8352,0,0,CatBoost,0.9999385732660504,6.142673394960495e-05
8363,0,0,CatBoost,0.9998820687791327,0.00011793122086737992
5585,0,0,CatBoost,0.9998216763820703,0.0001783236179297276
15801,1,1,CatBoost,6.969698309733374e-05,0.9999303030169027
10291,1,1,CatBoost,0.00017781534766947438,0.9998221846523305
5691,0,0,CatBoost,0.999930421649544,6.957835045595811e-05
9837,0,0,CatBoost,0.9998497278961178,0.00015027210388220288
2645,0,0,CatBoost,0.9998992764600506,0.00010072353994937656
4788,0,0,CatBoost,0.999871153545136,0.00012884645486401777
15926,1,1,CatBoost,7.896417711816817e-05,0.9999210358228818
7330,0,0,CatBoost,0.9999351263488105,6.487365118945776e-05
17236,1,1,CatBoost,8.718609880198347e-05,0.999912813901198
5252,0,0,CatBoost,0.9998663903008911,0.00013360969910891383
7984,0,0,CatBoost,0.9999457816688996,5.4218331100383616e-05
13273,1,1,CatBoost,0.0002190866975828598,0.9997809133024171
9810,0,0,CatBoost,0.9997661968325801,0.00023380316741994226
13000,1,1,CatBoost,0.00014270450160780435,0.9998572954983922
6783,0,0,CatBoost,0.9998915306962128,0.00010846930378719558
14004,1,1,CatBoost,7.233523620198135e-05,0.999927664763798
2863,0,0,CatBoost,0.9999075541513567,9.244584864333539e-05
11691,1,1,CatBoost,0.0001702386537584255,0.9998297613462416
6652,0,0,CatBoost,0.9999250050413536,7.499495864642434e-05
13082,1,1,CatBoost,0.00021428527807487718,0.9997857147219251
255,0,0,CatBoost,0.9990498676469909,0.0009501323530090884
14845,1,1,CatBoost,0.00019970143341285773,0.9998002985665871
6748,0,0,CatBoost,0.9999279959626832,7.200403731675957e-05
10595,1,1,CatBoost,0.0007115838841353916,0.9992884161158646
17020,1,1,CatBoost,7.830553364429615e-05,0.9999216944663557
15902,1,1,CatBoost,8.271438000351239e-05,0.9999172856199965
14249,1,1,CatBoost,8.187619346100572e-05,0.999918123806539
5892,0,0,CatBoost,0.9999254065025885,7.459349741144436e-05
5801,0,0,CatBoost,0.9999198468589342,8.015314106579438e-05
12634,1,1,CatBoost,0.00014586323125842515,0.9998541367687416
8245,0,0,CatBoost,0.9999181351294644,8.186487053561277e-05
11172,1,1,CatBoost,0.00017951628819368182,0.9998204837118063
1495,0,0,CatBoost,0.9999013447913875,9.86552086124813e-05
4551,0,0,CatBoost,0.9999395824851568,6.041751484315698e-05
2738,0,0,CatBoost,0.9999154344147398,8.456558526017767e-05
629,0,0,CatBoost,0.9998663718852645,0.00013362811473554428
16502,1,1,CatBoost,0.0002807976712000393,0.9997192023288
14173,1,1,CatBoost,0.00014923949981471285,0.9998507605001853
7043,0,0,CatBoost,0.9998279073070012,0.0001720926929987802
1949,0,0,CatBoost,0.9999425257239728,5.747427602722224e-05
4178,0,0,CatBoost,0.9999222561792748,7.774382072521391e-05
18667,1,1,CatBoost,0.00010338465970682886,0.9998966153402932
1828,0,0,CatBoost,0.9998477991839364,0.0001522008160636388
7709,0,0,CatBoost,0.9998818540163577,0.00011814598364232535
19123,1,1,CatBoost,0.0001219965221320729,0.9998780034778679
11104,1,1,CatBoost,0.0002234353084030749,0.9997765646915969
8816,0,0,CatBoost,0.9998907415170186,0.00010925848298132979
6294,0,0,CatBoost,0.9999373191966845,6.268080331548319e-05
3890,0,0,CatBoost,0.9998912862977442,0.0001087137022558827
8881,0,0,CatBoost,0.9998818563273145,0.00011814367268544727
15299,1,1,CatBoost,0.00010559797711395813,0.999894402022886
7000,0,0,CatBoost,0.9998683287574572,0.00013167124254273997
1555,0,0,CatBoost,0.9995339254180521,0.0004660745819479308
4735,0,0,CatBoost,0.9999013459727447,9.865402725524653e-05
10374,1,1,CatBoost,0.00018194953077987908,0.9998180504692201
3354,0,0,CatBoost,0.9999057138761249,9.428612387509609e-05
951,0,0,CatBoost,0.9999427768489718,5.722315102821566e-05
14317,1,1,CatBoost,9.780695391858885e-05,0.9999021930460814
5765,0,0,CatBoost,0.9998999848024542,0.00010001519754578254
13642,1,1,CatBoost,0.00019410414148590682,0.9998058958585141
13600,1,1,CatBoost,0.0001174197138832378,0.9998825802861168
9058,0,0,CatBoost,0.9999060637466796,9.393625332047042e-05
1997,0,0,CatBoost,0.9998680032795028,0.0001319967204972002
5346,0,0,CatBoost,0.9999354189848603,6.458101513971234e-05
1810,0,0,CatBoost,0.9999240405640345,7.595943596555348e-05
18929,1,1,CatBoost,0.0002749390976177768,0.9997250609023822
6413,0,0,CatBoost,0.9999273053753918,7.269462460829248e-05
13841,1,1,CatBoost,0.0002072537729891355,0.9997927462270109
8754,0,0,CatBoost,0.9998799930623072,0.00012000693769276315
4187,0,0,CatBoost,0.9999171130725313,8.288692746866366e-05
17864,1,1,CatBoost,0.00020399002834792235,0.9997960099716521
10468,1,1,CatBoost,0.0005160155298498115,0.9994839844701502
11619,1,1,CatBoost,0.00020471931969756607,0.9997952806803024
10837,1,1,CatBoost,0.0002546734140123075,0.9997453265859877
12407,1,1,CatBoost,0.00013775527081016925,0.9998622447291898
17622,1,1,CatBoost,0.0008498751888982303,0.9991501248111018
3342,0,0,CatBoost,0.9999106849378215,8.93150621785173e-05
17151,1,1,CatBoost,0.000353422295544803,0.9996465777044552
955,0,0,CatBoost,0.9998566516491426,0.00014334835085733457
11719,1,1,CatBoost,0.00014272158521921874,0.9998572784147808
3368,0,0,CatBoost,0.9999208827331596,7.911726684044383e-05
14416,1,1,CatBoost,6.961747233369397e-05,0.9999303825276663
15131,1,1,CatBoost,8.02630305868357e-05,0.9999197369694132
16656,1,1,CatBoost,9.448606112461011e-05,0.9999055139388754
3638,0,0,CatBoost,0.99992977509365,7.022490634997665e-05
3273,0,0,CatBoost,0.9999227443264836,7.725567351637533e-05
14356,1,1,CatBoost,6.427574614609188e-05,0.9999357242538539
17792,1,1,CatBoost,0.00012432507973147988,0.9998756749202685
559,0,0,CatBoost,0.999916807502403,8.319249759702231e-05
10992,1,1,CatBoost,0.00020284651590896097,0.999797153484091
4637,0,0,CatBoost,0.9999315980492354,6.840195076458598e-05
2747,0,0,CatBoost,0.9999166643151557,8.33356848443044e-05
3683,0,0,CatBoost,0.9999452009929226,5.479900707742597e-05
18180,1,1,CatBoost,0.0001604384148217175,0.9998395615851783
12284,1,1,CatBoost,0.0001901310720914262,0.9998098689279086
9852,0,0,CatBoost,0.999833328255672,0.00016667174432801504
206,0,0,CatBoost,0.9998113278955328,0.00018867210446712115
3124,0,0,CatBoost,0.9999376860636722,6.231393632787316e-05
18314,1,1,CatBoost,0.0001599232465251399,0.9998400767534749
10749,1,1,CatBoost,0.0008720305752722979,0.9991279694247277
1069,0,0,CatBoost,0.9999327965859939,6.72034140061288e-05
18305,1,1,CatBoost,0.0002915362443702829,0.9997084637556297
17843,1,1,CatBoost,0.00043334255282223566,0.9995666574471778
8695,0,0,CatBoost,0.9998672540898392,0.0001327459101607438
4658,0,0,CatBoost,0.999923318124147,7.668187585296213e-05
13699,1,1,CatBoost,0.00021128925957580869,0.9997887107404242
15954,1,1,CatBoost,0.00033491832436627345,0.9996650816756337
6172,0,0,CatBoost,0.9998963405914623,0.00010365940853771809
9367,0,0,CatBoost,0.999889702337091,0.00011029766290899849
9409,0,0,CatBoost,0.9999111892625864,8.881073741362311e-05
11428,1,1,CatBoost,0.00017995470785514556,0.9998200452921449
8691,0,0,CatBoost,0.9998812195665786,0.00011878043342144653
8345,0,0,CatBoost,0.9998801241819864,0.00011987581801362713
10477,1,1,CatBoost,0.0007272761816852213,0.9992727238183148
16025,1,1,CatBoost,7.269100867246525e-05,0.9999273089913275
13040,1,1,CatBoost,0.00017372921073932623,0.9998262707892607
14015,1,1,CatBoost,6.507715084724808e-05,0.9999349228491528
1394,0,0,CatBoost,0.9998105017676653,0.00018949823233466306
15825,1,1,CatBoost,0.00010874309339747867,0.9998912569066025
5535,0,0,CatBoost,0.9999051604815877,9.48395184122168e-05
12628,1,1,CatBoost,0.00013276682269480755,0.9998672331773052
10174,1,1,CatBoost,0.00023966155324117722,0.9997603384467588
5237,0,0,CatBoost,0.9997504670593403,0.00024953294065965516
15957,1,1,CatBoost,0.00024799880041592726,0.9997520011995841
8787,0,0,CatBoost,0.9998984795013228,0.0001015204986772073
6028,0,0,CatBoost,0.9996782453955354,0.0003217546044646273
14735,1,1,CatBoost,9.488402821744568e-05,0.9999051159717826
12609,1,1,CatBoost,0.00015623491297833692,0.9998437650870217
16253,1,1,CatBoost,6.036463855740859e-05,0.9999396353614426
3760,0,0,CatBoost,0.9999155306069576,8.446939304236923e-05
10719,1,1,CatBoost,0.00026525960334988774,0.9997347403966501
15359,1,1,CatBoost,7.439807342879412e-05,0.9999256019265712
7641,0,0,CatBoost,0.9998760823544768,0.0001239176455231929
3291,0,0,CatBoost,0.9999477113666192,5.2288633380802794e-05
18607,1,1,CatBoost,0.0001795720203168205,0.9998204279796832
12833,1,1,CatBoost,0.0001516304161657267,0.9998483695838343
14299,1,1,CatBoost,9.617201458045344e-05,0.9999038279854195
6229,0,0,CatBoost,0.9998249706539738,0.00017502934602621565
13609,1,1,CatBoost,0.00012077602925342212,0.9998792239707466
10197,1,1,CatBoost,0.00017781534766947438,0.9998221846523305
13068,1,1,CatBoost,0.00014792814582564873,0.9998520718541744
7137,0,0,CatBoost,0.9998694802081578,0.00013051979184224472
1581,0,0,CatBoost,0.9999308520258425,6.914797415748988e-05
6780,0,0,CatBoost,0.9990124424230957,0.0009875575769043002
9210,0,0,CatBoost,0.999903594517835,9.640548216507684e-05
8125,0,0,CatBoost,0.999889698251202,0.0001103017487979551
11897,1,1,CatBoost,0.00022945512043304195,0.999770544879567
7098,0,0,CatBoost,0.9999163753643653,8.362463563472759e-05
9376,0,0,CatBoost,0.9998961112767264,0.00010388872327360569
11903,1,1,CatBoost,0.0001878865902081861,0.9998121134097918
11272,1,1,CatBoost,0.00017951914568237193,0.9998204808543176
4495,0,0,CatBoost,0.99983770598973,0.0001622940102700093
15290,1,1,CatBoost,7.151238500457957e-05,0.9999284876149954
7035,0,0,CatBoost,0.9999299504373046,7.004956269536369e-05
2832,0,0,CatBoost,0.9999305130757025,6.948692429749692e-05
4431,0,0,CatBoost,0.9999478206165678,5.217938343212606e-05
9187,0,0,CatBoost,0.9999512407853154,4.875921468466137e-05
18643,1,1,CatBoost,0.00016988249717797554,0.999830117502822
16951,1,1,CatBoost,9.564955780694273e-05,0.9999043504421931
14555,1,1,CatBoost,8.918206946817442e-05,0.9999108179305318
10380,1,1,CatBoost,0.0005837836553517217,0.9994162163446483
5043,0,0,CatBoost,0.9998936507280666,0.00010634927193344403
11273,1,1,CatBoost,0.00018048435262463247,0.9998195156473754
11280,1,1,CatBoost,0.0001795199952998594,0.9998204800047001
8442,0,0,CatBoost,0.9998979878318331,0.00010201216816681166
2557,0,0,CatBoost,0.9999127171382322,8.728286176784531e-05
12512,1,1,CatBoost,0.00016201978290997232,0.99983798021709
15511,1,1,CatBoost,7.915102683420105e-05,0.9999208489731658
15917,1,1,CatBoost,0.00024853501977450954,0.9997514649802255
698,0,0,CatBoost,0.9998616050967087,0.00013839490329123634
7603,0,0,CatBoost,0.999950259515308,4.974048469198959e-05
4143,0,0,CatBoost,0.999936294860554,6.370513944601356e-05
1353,0,0,CatBoost,0.9998555216755649,0.00014447832443504724
10862,1,1,CatBoost,0.0002973515081614586,0.9997026484918385
404,0,0,CatBoost,0.9999288683971346,7.113160286538068e-05
14168,1,1,CatBoost,9.848925215438786e-05,0.9999015107478456
8120,0,0,CatBoost,0.999886771446115,0.00011322855388492845
6944,0,0,CatBoost,0.9998977596099263,0.00010224039007364265
7241,0,0,CatBoost,0.9995740909925419,0.0004259090074581157
9748,0,0,CatBoost,0.9997701971537974,0.00022980284620255327
16539,1,1,CatBoost,0.00012719694717389096,0.9998728030528261
11654,1,1,CatBoost,0.00014272158521921874,0.9998572784147808
15728,1,1,CatBoost,0.00012607454178337196,0.9998739254582166
8947,0,0,CatBoost,0.9998512583688426,0.00014874163115740694
17046,1,1,CatBoost,0.000162030421334447,0.9998379695786656
1122,0,0,CatBoost,0.9998753273241526,0.00012467267584739274
1591,0,0,CatBoost,0.9999267343442171,7.326565578296076e-05
14400,1,1,CatBoost,8.460703198454045e-05,0.9999153929680155
14564,1,1,CatBoost,7.02883009525701e-05,0.9999297116990474
16071,1,1,CatBoost,0.00013196343909427366,0.9998680365609057
18656,1,1,CatBoost,0.0001448321483031867,0.9998551678516968
3506,0,0,CatBoost,0.9999133017556833,8.66982443166812e-05
1150,0,0,CatBoost,0.9998983150821352,0.0001016849178647251
10390,1,1,CatBoost,0.0010765330040347632,0.9989234669959652
4547,0,0,CatBoost,0.9999495390855827,5.0460914417241364e-05
4232,0,0,CatBoost,0.9999021381200648,9.786187993516247e-05
523,0,0,CatBoost,0.9999086449826211,9.135501737888828e-05
5126,0,0,CatBoost,0.9999197762405541,8.022375944595603e-05
16252,1,1,CatBoost,8.715486592547617e-05,0.9999128451340745
542,0,0,CatBoost,0.9998097580104679,0.0001902419895321495
11929,1,1,CatBoost,0.00016287975933770849,0.9998371202406623
4109,0,0,CatBoost,0.9998772158206031,0.0001227841793969836
11106,1,1,CatBoost,0.000159790321949016,0.999840209678051
8932,0,0,CatBoost,0.999935970492313,6.402950768705226e-05
571,0,0,CatBoost,0.9998385806286357,0.00016141937136428171
5530,0,0,CatBoost,0.9999585849935345,4.141500646552683e-05
18669,1,1,CatBoost,0.00023073351741054182,0.9997692664825895
4358,0,0,CatBoost,0.9998778895024844,0.00012211049751560029
17483,1,1,CatBoost,0.00010244045657004097,0.99989755954343
4073,0,0,CatBoost,0.9999430188701257,5.698112987427357e-05
260,0,0,CatBoost,0.9998935062805147,0.00010649371948533737
8135,0,0,CatBoost,0.9998669826235499,0.00013301737645014678
14222,1,1,CatBoost,6.456247714159424e-05,0.9999354375228584
3818,0,0,CatBoost,0.9999400244960486,5.9975503951445584e-05
18640,1,1,CatBoost,0.00027160257871894355,0.9997283974212811
14026,1,1,CatBoost,6.757695690007282e-05,0.9999324230430999
16874,1,1,CatBoost,0.0006785674842506584,0.9993214325157493
8972,0,0,CatBoost,0.9996915974052225,0.0003084025947775017
15206,1,1,CatBoost,7.155301202421693e-05,0.9999284469879758
7045,0,0,CatBoost,0.9997520226713643,0.00024797732863566965
10677,1,1,CatBoost,0.0003153779838253046,0.9996846220161747
16140,1,1,CatBoost,0.00010370844970974957,0.9998962915502903
10403,1,1,CatBoost,0.0006445728690440689,0.9993554271309559
11767,1,1,CatBoost,0.00014818995530951895,0.9998518100446905
16180,1,1,CatBoost,0.0006353035897672665,0.9993646964102327
924,0,0,CatBoost,0.9999482079422182,5.179205778180163e-05
7483,0,0,CatBoost,0.9999020087771007,9.799122289930708e-05
7227,0,0,CatBoost,0.9999462758984448,5.372410155525768e-05
16996,1,1,CatBoost,0.0001302791713586604,0.9998697208286413
3170,0,0,CatBoost,0.9998562121628698,0.0001437878371302267
4737,0,0,CatBoost,0.9999437781662651,5.6221833734879254e-05
4206,0,0,CatBoost,0.9999368539543488,6.314604565110794e-05
4445,0,0,CatBoost,0.9998738626252596,0.0001261373747404623
10476,1,1,CatBoost,0.0005895634680295192,0.9994104365319705
8241,0,0,CatBoost,0.999862817001497,0.00013718299850292709
18366,1,1,CatBoost,0.000566571552050088,0.9994334284479499
11637,1,1,CatBoost,0.00022774989955487435,0.9997722501004451
7392,0,0,CatBoost,0.999917335653827,8.266434617302023e-05
16595,1,1,CatBoost,0.0006395613971028613,0.9993604386028971
17970,1,1,CatBoost,0.00015109338546170914,0.9998489066145383
13352,1,1,CatBoost,0.00014514818849808986,0.9998548518115019
15053,1,1,CatBoost,0.0001159029473121187,0.9998840970526879
18313,1,1,CatBoost,0.0005465586072348483,0.9994534413927652
8533,0,0,CatBoost,0.9998560467669627,0.00014395323303725718
14182,1,1,CatBoost,7.880038499363806e-05,0.9999211996150064
15544,1,1,CatBoost,8.531415823198607e-05,0.999914685841768
17133,1,1,CatBoost,9.143002842848524e-05,0.9999085699715715
17731,1,1,CatBoost,0.00021057351908038147,0.9997894264809196
8002,0,0,CatBoost,0.9998625239583808,0.0001374760416191358
15425,1,1,CatBoost,0.00011730524211139848,0.9998826947578886
14481,1,1,CatBoost,0.00011233490172790628,0.9998876650982721
15965,1,1,CatBoost,0.000750852400118962,0.999249147599881
10634,1,1,CatBoost,0.0010304891895190904,0.9989695108104809
7339,0,0,CatBoost,0.9999227709801023,7.722901989774678e-05
14431,1,1,CatBoost,7.13020761174965e-05,0.9999286979238825
7833,0,0,CatBoost,0.999898479126411,0.00010152087358894733
3763,0,0,CatBoost,0.9999346892938852,6.531070611482774e-05
12738,1,1,CatBoost,0.0001409728662747911,0.9998590271337252
1077,0,0,CatBoost,0.9998979782343526,0.00010202176564745398
14916,1,1,CatBoost,7.53511558810871e-05,0.9999246488441189
8555,0,0,CatBoost,0.9998896994250445,0.00011030057495556907
2000,0,0,CatBoost,0.999888817511006,0.00011118248899399485
17356,1,1,CatBoost,7.784705813151938e-05,0.9999221529418685
6212,0,0,CatBoost,0.9998294589073273,0.00017054109267263288
7543,0,0,CatBoost,0.9998982432065913,0.00010175679340871508
5782,0,0,CatBoost,0.9998798275785531,0.00012017242144694376
5463,0,0,CatBoost,0.9999259264426252,7.407355737480378e-05
390,0,0,CatBoost,0.9999003049751036,9.969502489635107e-05
12071,1,1,CatBoost,0.0002448084184960564,0.9997551915815039
3911,0,0,CatBoost,0.9999280913123842,7.190868761573494e-05
9401,0,0,CatBoost,0.9998423054763828,0.00015769452361723255
3327,0,0,CatBoost,0.9999546389128616,4.536108713833714e-05
11988,1,1,CatBoost,0.00013738942235885787,0.9998626105776411
7400,0,0,CatBoost,0.9999068888421948,9.311115780523117e-05
10889,1,1,CatBoost,0.00023614070874100612,0.999763859291259
1389,0,0,CatBoost,0.9999513767778522,4.862322214784722e-05
583,0,0,CatBoost,0.999828736705211,0.00017126329478905314
17628,1,1,CatBoost,0.00031787722859710765,0.9996821227714029
16754,1,1,CatBoost,0.0001628922266333488,0.9998371077733667
18766,1,1,CatBoost,0.00021674600188381632,0.9997832539981162
1804,0,0,CatBoost,0.9999260268754546,7.397312454539607e-05
16419,1,1,CatBoost,6.71745879585739e-05,0.9999328254120414
10655,1,1,CatBoost,0.000362381576987314,0.9996376184230127
16569,1,1,CatBoost,6.198947965196933e-05,0.999938010520348
11233,1,1,CatBoost,0.00018048435262463247,0.9998195156473754
18796,1,1,CatBoost,0.0001867442321312751,0.9998132557678687
17949,1,1,CatBoost,0.00016791957109030253,0.9998320804289097
17893,1,1,CatBoost,0.00011462029651776451,0.9998853797034822
4175,0,0,CatBoost,0.9999318862083341,6.811379166588994e-05
13976,1,1,CatBoost,0.00011001965421952864,0.9998899803457805
11734,1,1,CatBoost,0.00011414808839083079,0.9998858519116092
11439,1,1,CatBoost,0.0001799600366176879,0.9998200399633823
17013,1,1,CatBoost,7.36938583331126e-05,0.9999263061416669
6122,0,0,CatBoost,0.9999220482836064,7.795171639353703e-05
1757,0,0,CatBoost,0.9999110873771224,8.891262287758346e-05
2479,0,0,CatBoost,0.9998988917951,0.00010110820489995052
9715,0,0,CatBoost,0.9998789511805563,0.00012104881944376057
2920,0,0,CatBoost,0.9999060839086803,9.391609131969786e-05
15461,1,1,CatBoost,0.0001526953999244629,0.9998473046000755
15582,1,1,CatBoost,7.165179096102481e-05,0.999928348209039
7240,0,0,CatBoost,0.9999286283657111,7.137163428890093e-05
11387,1,1,CatBoost,0.00019560041811927942,0.9998043995818807
5962,0,0,CatBoost,0.9992359493859423,0.0007640506140577518
4662,0,0,CatBoost,0.999944785549105,5.521445089491829e-05
9106,0,0,CatBoost,0.9998896969338397,0.00011030306616035793
11943,1,1,CatBoost,0.00017752748466826063,0.9998224725153317
4893,0,0,CatBoost,0.9998466351917181,0.00015336480828184683
18707,1,1,CatBoost,0.0004276035268396816,0.9995723964731603
10831,1,1,CatBoost,0.00021643714263142044,0.9997835628573686
9762,0,0,CatBoost,0.9998368280633276,0.00016317193667231638
4153,0,0,CatBoost,0.9999347854870924,6.52145129076214e-05
14080,1,1,CatBoost,7.056522162951495e-05,0.9999294347783705
6809,0,0,CatBoost,0.9999312044277677,6.879557223223587e-05
12278,1,1,CatBoost,0.00013547268534808143,0.9998645273146519
5101,0,0,CatBoost,0.9999464876563374,5.351234366256005e-05
11703,1,1,CatBoost,0.00014028408992583508,0.9998597159100742
14575,1,1,CatBoost,7.956554478993905e-05,0.9999204344552101
18369,1,1,CatBoost,0.00016174018709957938,0.9998382598129004
4142,0,0,CatBoost,0.9999223711467481,7.762885325185434e-05
9927,0,0,CatBoost,0.9997234414166043,0.00027655858339572446
2871,0,0,CatBoost,0.9999206429058188,7.935709418115248e-05
8190,0,0,CatBoost,0.9998829983068833,0.00011700169311672181
11372,1,1,CatBoost,0.00017496773132807952,0.9998250322686719
15311,1,1,CatBoost,7.520188242071679e-05,0.9999247981175793
10255,1,1,CatBoost,0.00017781534766947438,0.9998221846523305
6602,0,0,CatBoost,0.9999157983890689,8.420161093113252e-05
18756,1,1,CatBoost,0.00016620028973823864,0.9998337997102618
18770,1,1,CatBoost,8.226620410078933e-05,0.9999177337958992
18644,1,1,CatBoost,0.0001163634900426258,0.9998836365099574
8996,0,0,CatBoost,0.9998818435670681,0.00011815643293189784
5116,0,0,CatBoost,0.9999289610621495,7.103893785050963e-05
9707,0,0,CatBoost,0.9998989954656904,0.00010100453430960781
2385,0,0,CatBoost,0.999901784024195,9.821597580499512e-05
1605,0,0,CatBoost,0.9999354907164527,6.450928354723412e-05
12727,1,1,CatBoost,0.00015723478021767434,0.9998427652197823
1667,0,0,CatBoost,0.9999137672499091,8.623275009093436e-05
8905,0,0,CatBoost,0.9998815515500711,0.00011844844992895767
11191,1,1,CatBoost,0.0001804834984437953,0.9998195165015562
7206,0,0,CatBoost,0.9999331850111947,6.681498880534406e-05
10810,1,1,CatBoost,0.00023368716501215303,0.9997663128349878
2539,0,0,CatBoost,0.9998901288801714,0.00010987111982862904
12410,1,1,CatBoost,0.00017453977613390848,0.9998254602238661
18984,1,1,CatBoost,0.00026031978743157325,0.9997396802125684
15146,1,1,CatBoost,8.001081284569889e-05,0.9999199891871543
12053,1,1,CatBoost,0.00020367387687159066,0.9997963261231284
6869,0,0,CatBoost,0.9998476449242425,0.00015235507575747342
11648,1,1,CatBoost,0.0001702393196961749,0.9998297606803038
10516,1,1,CatBoost,0.002230900646065903,0.9977690993539341
15700,1,1,CatBoost,0.00013103679954840075,0.9998689632004516
16363,1,1,CatBoost,7.101598552461397e-05,0.9999289840144754
6776,0,0,CatBoost,0.9989580741270445,0.0010419258729554442
3679,0,0,CatBoost,0.9999347581144843,6.52418855157568e-05
11880,1,1,CatBoost,0.0002294702860570208,0.999770529713943
7644,0,0,CatBoost,0.9999060641117645,9.393588823544105e-05
11511,1,1,CatBoost,0.00019129792699079662,0.9998087020730092
13616,1,1,CatBoost,0.0002773332954990604,0.9997226667045009
1063,0,0,CatBoost,0.9999329240424892,6.70759575107899e-05
10762,1,1,CatBoost,0.0010829814284355477,0.9989170185715645
7561,0,0,CatBoost,0.9998701714970404,0.0001298285029596433
2983,0,0,CatBoost,0.9999090609888285,9.093901117151946e-05
3083,0,0,CatBoost,0.9999071342799231,9.286572007696228e-05
6573,0,0,CatBoost,0.9997935621921562,0.00020643780784379575
10514,1,1,CatBoost,0.0009011383418837671,0.9990988616581162
7192,0,0,CatBoost,0.9999237488929851,7.625110701492078e-05
7560,0,0,CatBoost,0.9998062215600998,0.00019377843990020285
7326,0,0,CatBoost,0.9999420853952304,5.791460476953033e-05
1604,0,0,CatBoost,0.9998131230747409,0.00018687692525913346
14748,1,1,CatBoost,7.829272725301539e-05,0.999921707272747
4811,0,0,CatBoost,0.9999223150285655,7.768497143444598e-05
8154,0,0,CatBoost,0.9999002658691208,9.973413087918561e-05
11401,1,1,CatBoost,0.00017995592842146024,0.9998200440715785
4188,0,0,CatBoost,0.9999175352051852,8.24647948147876e-05
2403,0,0,CatBoost,0.9998487714847641,0.00015122851523584655
10329,1,1,CatBoost,0.0001543668287398159,0.9998456331712602
21,0,0,CatBoost,0.99992271635406,7.728364594000266e-05
15208,1,1,CatBoost,6.977466954993794e-05,0.9999302253304501
140,0,0,CatBoost,0.9997953243661984,0.0002046756338015392
4406,0,0,CatBoost,0.9999255742700195,7.44257299804731e-05
5315,0,0,CatBoost,0.9998905630254064,0.00010943697459368543
5319,0,0,CatBoost,0.9998386180563642,0.00016138194363583385
606,0,0,CatBoost,0.9998818648766633,0.00011813512333666963
1733,0,0,CatBoost,0.9999624151406636,3.758485933637543e-05
16155,1,1,CatBoost,9.439352798712441e-05,0.9999056064720129
419,0,0,CatBoost,0.9998766641218632,0.00012333587813684451
72,0,0,CatBoost,0.9998651974407878,0.00013480255921211675
13888,1,1,CatBoost,0.0001710009376449939,0.999828999062355
5565,0,0,CatBoost,0.9990683325425467,0.0009316674574533448
12448,1,1,CatBoost,0.00018544931773278872,0.9998145506822672
16310,1,1,CatBoost,0.00010721765635579583,0.9998927823436442
4492,0,0,CatBoost,0.9998833188344547,0.00011668116554526095
15976,1,1,CatBoost,0.0005668168379027172,0.9994331831620973
14941,1,1,CatBoost,0.00011151701948963755,0.9998884829805104
12403,1,1,CatBoost,0.00014467018574360058,0.9998553298142564
2065,0,0,CatBoost,0.9996993846961859,0.0003006153038140345
18846,1,1,CatBoost,0.0001354611415766982,0.9998645388584233
11744,1,1,CatBoost,0.00018062030953702735,0.999819379690463
17206,1,1,CatBoost,0.0002150876773071575,0.9997849123226928
18092,1,1,CatBoost,9.52563446771082e-05,0.9999047436553229
7164,0,0,CatBoost,0.9999230976509361,7.690234906391569e-05
18593,1,1,CatBoost,0.00018291458255970117,0.9998170854174403
6988,0,0,CatBoost,0.9999452267799719,5.477322002810768e-05
6737,0,0,CatBoost,0.9998928752811855,0.00010712471881445787
1959,0,0,CatBoost,0.9999329717262919,6.702827370805754e-05
1016,0,0,CatBoost,0.99993257456276,6.742543723998621e-05
18204,1,1,CatBoost,0.00019566901665513114,0.9998043309833449
306,0,0,CatBoost,0.999909445451121,9.055454887897413e-05
1267,0,0,CatBoost,0.9999293446897706,7.065531022945521e-05
560,0,0,CatBoost,0.9998874575432388,0.00011254245676119569
8493,0,0,CatBoost,0.9997999719834706,0.0002000280165294438
2190,0,0,CatBoost,0.999620729173022,0.00037927082697798416
12342,1,1,CatBoost,0.00011899818620508817,0.9998810018137949
6937,0,0,CatBoost,0.9999317403683897,6.825963161026962e-05
6677,0,0,CatBoost,0.9998407849093661,0.00015921509063392914
16053,1,1,CatBoost,0.000879993029142212,0.9991200069708578
9612,0,0,CatBoost,0.9997999022277426,0.00020009777225732633
17382,1,1,CatBoost,8.848766059788016e-05,0.9999115123394021
688,0,0,CatBoost,0.9999416844801066,5.831551989348152e-05
12854,1,1,CatBoost,0.0001856720371963272,0.9998143279628037
7967,0,0,CatBoost,0.999954646160787,4.535383921299933e-05
2198,0,0,CatBoost,0.999923245281248,7.67547187520265e-05
2482,0,0,CatBoost,0.9999114467966486,8.855320335147663e-05
4973,0,0,CatBoost,0.999924100806486,7.589919351399323e-05
17926,1,1,CatBoost,0.00012756207240172124,0.9998724379275983
5249,0,0,CatBoost,0.9998927912259209,0.00010720877407911669
13900,1,1,CatBoost,0.00011861563812221032,0.9998813843618778
16423,1,1,CatBoost,0.0003574582293407458,0.9996425417706593
13586,1,1,CatBoost,0.0001643852362571696,0.9998356147637428
6190,0,0,CatBoost,0.9999368382919461,6.316170805390406e-05
17243,1,1,CatBoost,0.00017117754128792573,0.9998288224587121
17977,1,1,CatBoost,0.00010785247487243854,0.9998921475251276
10579,1,1,CatBoost,0.002367468673091677,0.9976325313269083
9435,0,0,CatBoost,0.9998534417800362,0.0001465582199637671
1065,0,0,CatBoost,0.999891757444259,0.00010824255574106848
15033,1,1,CatBoost,0.00010058918181543586,0.9998994108181846
16195,1,1,CatBoost,0.00014302551526490515,0.9998569744847351
14927,1,1,CatBoost,7.79586348799155e-05,0.9999220413651201
14041,1,1,CatBoost,7.117675514789479e-05,0.9999288232448521
15753,1,1,CatBoost,6.894672159496462e-05,0.999931053278405
6565,0,0,CatBoost,0.9999327579489162,6.724205108372178e-05
8056,0,0,CatBoost,0.9998388761365794,0.00016112386342055914
4346,0,0,CatBoost,0.9999277941417462,7.220585825387372e-05
13549,1,1,CatBoost,0.00015984460600426686,0.9998401553939957
5760,0,0,CatBoost,0.9999381342454398,6.186575456022441e-05
12970,1,1,CatBoost,0.00021629094198172272,0.9997837090580183
16840,1,1,CatBoost,0.0007549149995694782,0.9992450850004305
12458,1,1,CatBoost,0.0001542056625131183,0.9998457943374869
12221,1,1,CatBoost,0.00013472252653956573,0.9998652774734604
15480,1,1,CatBoost,0.00014931678474006116,0.9998506832152599
2923,0,0,CatBoost,0.9999469996566823,5.300034331773016e-05
4167,0,0,CatBoost,0.999884783565497,0.00011521643450300743
11245,1,1,CatBoost,0.00017452788835792266,0.9998254721116421
15508,1,1,CatBoost,0.0002092072302321002,0.9997907927697679
14499,1,1,CatBoost,6.363003592846361e-05,0.9999363699640715
16771,1,1,CatBoost,8.351062001865639e-05,0.9999164893799813
18468,1,1,CatBoost,0.0009805464140435483,0.9990194535859565
11925,1,1,CatBoost,0.00020508386838813397,0.9997949161316119
4642,0,0,CatBoost,0.9999319201918367,6.807980816325662e-05
14465,1,1,CatBoost,6.968318051980837e-05,0.9999303168194802
1241,0,0,CatBoost,0.9999367574643505,6.324253564950266e-05
1908,0,0,CatBoost,0.9999163339615481,8.36660384518598e-05
11715,1,1,CatBoost,0.00018181477091694376,0.9998181852290831
7446,0,0,CatBoost,0.9999329737055336,6.702629446638725e-05
12678,1,1,CatBoost,0.00016732518775497418,0.999832674812245
2866,0,0,CatBoost,0.999912928258858,8.707174114200776e-05
2428,0,0,CatBoost,0.9999252513560895,7.474864391052356e-05
11833,1,1,CatBoost,0.00019791124046375508,0.9998020887595362
12003,1,1,CatBoost,0.000145340702555119,0.9998546592974449
5393,0,0,CatBoost,0.9999553160744618,4.468392553821572e-05
3814,0,0,CatBoost,0.9998979808717355,0.00010201912826442474
13951,1,1,CatBoost,6.806212777743514e-05,0.9999319378722226
17081,1,1,CatBoost,9.851225136048303e-05,0.9999014877486395
2745,0,0,CatBoost,0.9999384417428324,6.155825716760779e-05
12096,1,1,CatBoost,0.00010670375188026604,0.9998932962481197
3427,0,0,CatBoost,0.99991537977157,8.462022843001953e-05
8647,0,0,CatBoost,0.9999002598214011,9.974017859896875e-05
14362,1,1,CatBoost,6.962174067226545e-05,0.9999303782593277
8347,0,0,CatBoost,0.9999047773831745,9.522261682550515e-05
15604,1,1,CatBoost,7.313469802039396e-05,0.9999268653019796
249,0,0,CatBoost,0.999952655557643,4.7344442356995746e-05
7473,0,0,CatBoost,0.99991704359088,8.295640912005889e-05
13632,1,1,CatBoost,0.0001356169096130566,0.9998643830903869
13939,1,1,CatBoost,0.00017144201453711538,0.9998285579854629
14919,1,1,CatBoost,6.65140880469206e-05,0.9999334859119531
7141,0,0,CatBoost,0.9998842496965479,0.00011575030345214054
943,0,0,CatBoost,0.9999230857347983,7.691426520174535e-05
15217,1,1,CatBoost,9.532799171663164e-05,0.9999046720082834
15431,1,1,CatBoost,0.00011370148491562926,0.9998862985150844
9274,0,0,CatBoost,0.9999220402075879,7.795979241209094e-05
4389,0,0,CatBoost,0.9999061212037558,9.387879624419425e-05
10550,1,1,CatBoost,0.0003832646050874189,0.9996167353949126
3665,0,0,CatBoost,0.9999014207727049,9.857922729502176e-05
17271,1,1,CatBoost,0.0005036695416952286,0.9994963304583048
14471,1,1,CatBoost,5.814333200793165e-05,0.9999418566679921
15361,1,1,CatBoost,7.590908846955013e-05,0.9999240909115304
2632,0,0,CatBoost,0.9999038785623389,9.612143766113388e-05
13671,1,1,CatBoost,0.00012482245808775883,0.9998751775419122
10675,1,1,CatBoost,0.001692548930207649,0.9983074510697924
1528,0,0,CatBoost,0.9999253142471334,7.468575286663257e-05
17067,1,1,CatBoost,6.572373397673026e-05,0.9999342762660233
18318,1,1,CatBoost,0.00046727507360266873,0.9995327249263973
3432,0,0,CatBoost,0.9999080060695423,9.199393045768056e-05
18252,1,1,CatBoost,0.00024384241998709477,0.9997561575800129
16211,1,1,CatBoost,6.17962264557459e-05,0.9999382037735443
1939,0,0,CatBoost,0.9999417531513836,5.82468486164934e-05
13219,1,1,CatBoost,0.00016114941362199708,0.999838850586378
13184,1,1,CatBoost,0.00018089179008595746,0.999819108209914
14090,1,1,CatBoost,7.790615464620121e-05,0.9999220938453538
18474,1,1,CatBoost,0.0003806908506309714,0.999619309149369
8195,0,0,CatBoost,0.9999025745517683,9.742544823167396e-05
17997,1,1,CatBoost,0.00019028413069666072,0.9998097158693033
1239,0,0,CatBoost,0.9999101155806225,8.988441937747015e-05
15932,1,1,CatBoost,8.459112486658427e-05,0.9999154088751334
10963,1,1,CatBoost,0.00017944016313420352,0.9998205598368658
14100,1,1,CatBoost,7.775324300818287e-05,0.9999222467569918
6284,0,0,CatBoost,0.9999272195186871,7.27804813129075e-05
2950,0,0,CatBoost,0.999945798168286,5.420183171399226e-05
12308,1,1,CatBoost,0.00022610119260446648,0.9997738988073955
10252,1,1,CatBoost,0.00016217295537324095,0.9998378270446268
14496,1,1,CatBoost,8.816236110920084e-05,0.9999118376388908
12262,1,1,CatBoost,0.0002674076655977409,0.9997325923344023
10852,1,1,CatBoost,0.00021027438967158307,0.9997897256103284
4470,0,0,CatBoost,0.9999144549851761,8.554501482394063e-05
8320,0,0,CatBoost,0.9998660736859741,0.00013392631402584545
6154,0,0,CatBoost,0.9999281535700163,7.184642998366562e-05
17275,1,1,CatBoost,0.0001657869505685694,0.9998342130494314
15920,1,1,CatBoost,7.363068973387232e-05,0.9999263693102661
7715,0,0,CatBoost,0.9999103822242049,8.961777579513396e-05
18565,1,1,CatBoost,0.0002792588620809111,0.9997207411379191
9906,0,0,CatBoost,0.9996652858655846,0.00033471413441545794
2844,0,0,CatBoost,0.9999265335574831,7.34664425169066e-05
6528,0,0,CatBoost,0.9998970024026377,0.00010299759736235707
8436,0,0,CatBoost,0.9999163123267577,8.368767324226784e-05
15561,1,1,CatBoost,0.00026140247237405045,0.999738597527626
16981,1,1,CatBoost,7.694037807637333e-05,0.9999230596219236
9939,0,0,CatBoost,0.9936513751366739,0.006348624863326127
10011,1,1,CatBoost,0.02094495477770475,0.9790550452222953
12966,1,1,CatBoost,0.0001379118336168883,0.9998620881663831
17084,1,1,CatBoost,6.160043331182585e-05,0.9999383995666882
18347,1,1,CatBoost,0.00017420912562848834,0.9998257908743715
3850,0,0,CatBoost,0.9999286397677349,7.136023226502895e-05
6276,0,0,CatBoost,0.999919476577677,8.052342232300934e-05
16115,1,1,CatBoost,0.00010122393053002554,0.99989877606947
1759,0,0,CatBoost,0.9999221859236903,7.781407630971565e-05
10553,1,1,CatBoost,0.0011333257179242384,0.9988666742820758
4014,0,0,CatBoost,0.9999245873800201,7.541261997989108e-05
1693,0,0,CatBoost,0.9998722078162542,0.000127792183745799
3943,0,0,CatBoost,0.9999264416304099,7.355836959006382e-05
10790,1,1,CatBoost,0.0002701113430960689,0.9997298886569039
13996,1,1,CatBoost,0.00010466484703952617,0.9998953351529605
5907,0,0,CatBoost,0.9999592022389658,4.0797761034118024e-05
1460,0,0,CatBoost,0.9999050466830993,9.49533169006623e-05
15141,1,1,CatBoost,6.843058063288332e-05,0.9999315694193671
16735,1,1,CatBoost,0.00011622531819077686,0.9998837746818092
16484,1,1,CatBoost,7.986454704445034e-05,0.9999201354529555
10561,1,1,CatBoost,0.0011203012525333733,0.9988796987474666
4670,0,0,CatBoost,0.9999120500833902,8.794991660972522e-05
11677,1,1,CatBoost,0.00022774989955487435,0.9997722501004451
14256,1,1,CatBoost,0.00011775272003533566,0.9998822472799647
13806,1,1,CatBoost,0.0001430575820670077,0.999856942417933
5178,0,0,CatBoost,0.9996631769276657,0.00033682307233426345
18554,1,1,CatBoost,0.0001446976929578847,0.9998553023070421
5690,0,0,CatBoost,0.9999223136059133,7.768639408669545e-05
9532,0,0,CatBoost,0.9998788115473091,0.00012118845269091776
17016,1,1,CatBoost,5.788576649323751e-05,0.9999421142335068
1925,0,0,CatBoost,0.9999030961770087,9.690382299136714e-05
17118,1,1,CatBoost,0.0005233728292772799,0.9994766271707227
14756,1,1,CatBoost,7.727914991562113e-05,0.9999227208500844
9021,0,0,CatBoost,0.9998720399655505,0.00012796003444953382
15579,1,1,CatBoost,7.384625025264047e-05,0.9999261537497474
9298,0,0,CatBoost,0.9998148330586984,0.0001851669413015614
8202,0,0,CatBoost,0.999920326763204,7.967323679607427e-05
1709,0,0,CatBoost,0.9998305338399083,0.0001694661600916876
4133,0,0,CatBoost,0.9999467074310855,5.3292568914518133e-05
14630,1,1,CatBoost,8.05372207240973e-05,0.9999194627792759
9890,0,0,CatBoost,0.9996362002923791,0.0003637997076209463
3054,0,0,CatBoost,0.999957377250108,4.262274989194146e-05
1969,0,0,CatBoost,0.9999135077569565,8.649224304342321e-05
137,0,0,CatBoost,0.999938091444727,6.190855527301361e-05
18753,1,1,CatBoost,0.00025325896546379845,0.9997467410345362
4632,0,0,CatBoost,0.9999483517286917,5.164827130830858e-05
13943,1,1,CatBoost,8.599061065583946e-05,0.9999140093893442
15676,1,1,CatBoost,0.0001376910237678164,0.9998623089762322
16947,1,1,CatBoost,0.0006206417661003272,0.9993793582338997
1012,0,0,CatBoost,0.9999303915840213,6.960841597873989e-05
4164,0,0,CatBoost,0.9999422129968948,5.77870031052553e-05
4137,0,0,CatBoost,0.9999027253360334,9.727466396658453e-05
16592,1,1,CatBoost,7.586721074148706e-05,0.9999241327892585
18111,1,1,CatBoost,8.796677627720406e-05,0.9999120332237228
10388,1,1,CatBoost,0.0006057486222506014,0.9993942513777494
3097,0,0,CatBoost,0.9999313179473606,6.868205263941601e-05
15975,1,1,CatBoost,0.00042966000036881447,0.9995703399996312
2774,0,0,CatBoost,0.9999426896465199,5.731035348005573e-05
14556,1,1,CatBoost,9.751025455528861e-05,0.9999024897454447
15733,1,1,CatBoost,7.71064208099359e-05,0.9999228935791901
18716,1,1,CatBoost,0.0001151278528909172,0.9998848721471091
17668,1,1,CatBoost,0.00017730114035918731,0.9998226988596408
14594,1,1,CatBoost,9.232030688977044e-05,0.9999076796931102
7489,0,0,CatBoost,0.9999106818472318,8.931815276819873e-05
4910,0,0,CatBoost,0.9998560318662965,0.00014396813370355874
14914,1,1,CatBoost,8.587491194478325e-05,0.9999141250880552
1249,0,0,CatBoost,0.9999504975519771,4.950244802295201e-05
7409,0,0,CatBoost,0.9999199319805565,8.006801944347464e-05
7138,0,0,CatBoost,0.9677118438015747,0.03228815619842529
4286,0,0,CatBoost,0.9998777043260372,0.00012229567396278602
10296,1,1,CatBoost,0.00017477767002471722,0.9998252223299753
9819,0,0,CatBoost,0.9998151622399348,0.00018483776006516871
4380,0,0,CatBoost,0.9999192365186332,8.076348136672708e-05
8213,0,0,CatBoost,0.9998818522107196,0.00011814778928038456
18460,1,1,CatBoost,0.0001848901392195179,0.9998151098607805
14365,1,1,CatBoost,7.039933854191549e-05,0.9999296006614581
5631,0,0,CatBoost,0.9999368981475606,6.310185243942641e-05
5084,0,0,CatBoost,0.9998409967954202,0.00015900320457985887
2060,0,0,CatBoost,0.9999502653232207,4.973467677924716e-05
19003,1,1,CatBoost,0.00028788463961415545,0.9997121153603858
9735,0,0,CatBoost,0.9999315033502536,6.849664974635296e-05
11176,1,1,CatBoost,0.00017951504754909475,0.9998204849524509
340,0,0,CatBoost,0.9998665504141677,0.00013344958583233165
3610,0,0,CatBoost,0.9999504305709621,4.956942903785602e-05
3788,0,0,CatBoost,0.9998886978464242,0.00011130215357577521
15667,1,1,CatBoost,7.542118989911639e-05,0.9999245788101009
18250,1,1,CatBoost,0.00027664149917716596,0.9997233585008228
10141,1,1,CatBoost,0.0001980413590465524,0.9998019586409534
14996,1,1,CatBoost,0.00014197640904145548,0.9998580235909585
13517,1,1,CatBoost,0.0002319578204151851,0.9997680421795848
18706,1,1,CatBoost,0.00016247250228995647,0.99983752749771
11461,1,1,CatBoost,0.00017111305217487605,0.9998288869478251
18823,1,1,CatBoost,0.00017190640284192593,0.9998280935971581
10253,1,1,CatBoost,0.00017781439924968723,0.9998221856007503
14963,1,1,CatBoost,7.774999701459784e-05,0.9999222500029854
11872,1,1,CatBoost,0.00014818995530951895,0.9998518100446905
3389,0,0,CatBoost,0.9999023318852804,9.766811471961528e-05
9163,0,0,CatBoost,0.9998924642628984,0.00010753573710166536
14508,1,1,CatBoost,9.869239365623006e-05,0.9999013076063438
5191,0,0,CatBoost,0.9998980374366533,0.00010196256334673108
1214,0,0,CatBoost,0.9999252863275622,7.471367243782022e-05
526,0,0,CatBoost,0.9999231838019663,7.68161980336715e-05
14068,1,1,CatBoost,8.350678361368491e-05,0.9999164932163863
1333,0,0,CatBoost,0.9997152276268281,0.0002847723731719052
16872,1,1,CatBoost,0.00010630386322596497,0.999893696136774
11658,1,1,CatBoost,0.00018062030953702735,0.999819379690463
11238,1,1,CatBoost,0.0001792622230846197,0.9998207377769154
5276,0,0,CatBoost,0.9998457390968165,0.0001542609031834468
9743,0,0,CatBoost,0.9998631216352086,0.0001368783647913587
18392,1,1,CatBoost,0.00044333070976898536,0.999556669290231
12781,1,1,CatBoost,0.00013019131032310227,0.9998698086896769
12835,1,1,CatBoost,0.00015265201674841133,0.9998473479832516
6430,0,0,CatBoost,0.9999139400805872,8.605991941280751e-05
4780,0,0,CatBoost,0.9999353383011106,6.466169888943399e-05
4944,0,0,CatBoost,0.999896079449356,0.00010392055064401848
5658,0,0,CatBoost,0.9998923254546991,0.00010767454530090369
17755,1,1,CatBoost,0.00012660510177908701,0.9998733948982209
15652,1,1,CatBoost,0.0003287229787495294,0.9996712770212505
6184,0,0,CatBoost,0.999947297084283,5.2702915717048485e-05
4473,0,0,CatBoost,0.9999269757203733,7.302427962670497e-05
686,0,0,CatBoost,0.9999137310520132,8.626894798682173e-05
7027,0,0,CatBoost,0.9993529313503752,0.0006470686496248443
7327,0,0,CatBoost,0.9999421278838321,5.787211616792182e-05
920,0,0,CatBoost,0.9921975497133395,0.007802450286660515
5947,0,0,CatBoost,0.9999057361727411,9.426382725886345e-05
12655,1,1,CatBoost,0.00015395804152396053,0.999846041958476
3564,0,0,CatBoost,0.9998872238869676,0.00011277611303234331
10335,1,1,CatBoost,0.00015436600536922196,0.9998456339946308
14238,1,1,CatBoost,9.82635408208754e-05,0.9999017364591791
9969,0,0,CatBoost,0.9900488764588239,0.009951123541176108
7179,0,0,CatBoost,0.9999035062451913,9.649375480873308e-05
6320,0,0,CatBoost,0.9997947389232748,0.00020526107672526092
11038,1,1,CatBoost,0.00022532882407411137,0.9997746711759259
16095,1,1,CatBoost,0.00010581535218834315,0.9998941846478117
5449,0,0,CatBoost,0.9999315004266652,6.849957333473664e-05
1442,0,0,CatBoost,0.9998096306261187,0.0001903693738812916
6645,0,0,CatBoost,0.9999016155660231,9.838443397693863e-05
17411,1,1,CatBoost,9.184338706824668e-05,0.9999081566129318
15784,1,1,CatBoost,0.00010601538536569866,0.9998939846146343
5618,0,0,CatBoost,0.9998846505860545,0.00011534941394557939
6596,0,0,CatBoost,0.9998405921519842,0.00015940784801577414
8427,0,0,CatBoost,0.9998899534108225,0.00011004658917741265
10370,1,1,CatBoost,0.00020226910361775818,0.9997977308963822
19106,1,1,CatBoost,0.0001954171231084434,0.9998045828768916
17836,1,1,CatBoost,0.00014997726199106332,0.9998500227380089
12452,1,1,CatBoost,0.0001327723049674434,0.9998672276950326
6731,0,0,CatBoost,0.9999420090067441,5.7990993255839615e-05
8800,0,0,CatBoost,0.9998984779168621,0.00010152208313789003
12316,1,1,CatBoost,0.00016916566239955078,0.9998308343376004
17612,1,1,CatBoost,8.084235485650293e-05,0.9999191576451435
15055,1,1,CatBoost,0.00011223779085944852,0.9998877622091406
10319,1,1,CatBoost,0.000154365880017715,0.9998456341199823
12248,1,1,CatBoost,0.0001658151571101163,0.9998341848428899
1167,0,0,CatBoost,0.9999205311302077,7.946886979231695e-05
9443,0,0,CatBoost,0.999863204180495,0.0001367958195049883
4488,0,0,CatBoost,0.9999376042028909,6.239579710909463e-05
7790,0,0,CatBoost,0.9998751158847485,0.00012488411525151113
7783,0,0,CatBoost,0.999865678102378,0.00013432189762193874
9458,0,0,CatBoost,0.9999461845056873,5.3815494312763545e-05
12640,1,1,CatBoost,0.00014513662328763388,0.9998548633767124
11348,1,1,CatBoost,0.00015489763167841897,0.9998451023683216
5536,0,0,CatBoost,0.9998393156194796,0.00016068438052042764
17452,1,1,CatBoost,0.0001094825063293614,0.9998905174936706
4171,0,0,CatBoost,0.9999184384511258,8.156154887418566e-05
11422,1,1,CatBoost,0.0001955990914636052,0.9998044009085364
8044,0,0,CatBoost,0.9999083728529075,9.162714709257584e-05
1802,0,0,CatBoost,0.9998067970154749,0.00019320298452504248
3913,0,0,CatBoost,0.9999171752668384,8.282473316158825e-05
16827,1,1,CatBoost,0.00011235173509538399,0.9998876482649046
4293,0,0,CatBoost,0.999924586522274,7.541347772599833e-05
6738,0,0,CatBoost,0.9998293105471201,0.00017068945287991835
15105,1,1,CatBoost,0.00010687190763547516,0.9998931280923645
17115,1,1,CatBoost,0.00014405659145011462,0.9998559434085499
9491,0,0,CatBoost,0.9998854677870564,0.00011453221294351102
2049,0,0,CatBoost,0.9999203427359303,7.965726406971186e-05
4585,0,0,CatBoost,0.9999457928336352,5.4207166364869334e-05
12167,1,1,CatBoost,0.0001981792190146603,0.9998018207809853
11029,1,1,CatBoost,0.0002870549130432609,0.9997129450869567
14913,1,1,CatBoost,9.468553973879246e-05,0.9999053144602612
3568,0,0,CatBoost,0.9998961266000722,0.00010387339992780669
17756,1,1,CatBoost,8.182146999513584e-05,0.9999181785300049
18834,1,1,CatBoost,0.00014100952207785067,0.9998589904779221
2731,0,0,CatBoost,0.9999009243981201,9.907560187997106e-05
15794,1,1,CatBoost,0.000104736407592676,0.9998952635924073
7312,0,0,CatBoost,0.9998720829418731,0.0001279170581269046
10704,1,1,CatBoost,0.00028394980087920185,0.9997160501991208
125,0,0,CatBoost,0.9999152153401785,8.478465982158864e-05
11378,1,1,CatBoost,0.00017496773132807952,0.9998250322686719
16668,1,1,CatBoost,0.00011796490991056174,0.9998820350900894
8667,0,0,CatBoost,0.9998571526730243,0.00014284732697566362
277,0,0,CatBoost,0.9998707003348779,0.00012929966512213294
13069,1,1,CatBoost,0.00018636787210402073,0.999813632127896
13904,1,1,CatBoost,0.00018559443696530842,0.9998144055630347
1367,0,0,CatBoost,0.9999079162385758,9.208376142419627e-05
9590,0,0,CatBoost,0.999929292737994,7.070726200594278e-05
8155,0,0,CatBoost,0.9999564538481943,4.3546151805648604e-05
8472,0,0,CatBoost,0.9998858002818835,0.00011419971811649626
2695,0,0,CatBoost,0.9998653849996905,0.00013461500030949634
13386,1,1,CatBoost,0.0001667622766954313,0.9998332377233046
4497,0,0,CatBoost,0.99994951194928,5.0488050720021534e-05
18972,1,1,CatBoost,0.00018919784283144558,0.9998108021571686
15352,1,1,CatBoost,8.549711916605585e-05,0.9999145028808339
614,0,0,CatBoost,0.999926987200595,7.301279940493275e-05
2831,0,0,CatBoost,0.9999392892717406,6.071072825945316e-05
13126,1,1,CatBoost,0.00015496924106928045,0.9998450307589307
1066,0,0,CatBoost,0.9999207850652466,7.921493475342547e-05
13363,1,1,CatBoost,0.00017613430532470442,0.9998238656946753
98,0,0,CatBoost,0.9999284378709694,7.15621290305898e-05
16389,1,1,CatBoost,6.759523824584335e-05,0.9999324047617542
1523,0,0,CatBoost,0.9999048083976607,9.519160233933836e-05
5949,0,0,CatBoost,0.9999286506150589,7.134938494110611e-05
14470,1,1,CatBoost,0.00018332344708793524,0.9998166765529121
10644,1,1,CatBoost,0.0018396074494877457,0.9981603925505123
10672,1,1,CatBoost,0.00018915319518297835,0.999810846804817
14250,1,1,CatBoost,0.00011912658441659563,0.9998808734155834
11098,1,1,CatBoost,0.00025046884316692886,0.9997495311568331
953,0,0,CatBoost,0.999932237947618,6.776205238205906e-05
6456,0,0,CatBoost,0.999891361842137,0.00010863815786295591
8053,0,0,CatBoost,0.9999387624860339,6.123751396616174e-05
16429,1,1,CatBoost,7.32103564337061e-05,0.9999267896435663
5348,0,0,CatBoost,0.9998902966801155,0.00010970331988441602
14175,1,1,CatBoost,9.90974831249769e-05,0.999900902516875
17961,1,1,CatBoost,0.0009023878825987763,0.9990976121174012
13092,1,1,CatBoost,0.00013561553242458224,0.9998643844675754
5047,0,0,CatBoost,0.9996921473143705,0.00030785268562951985
17057,1,1,CatBoost,8.070210473876127e-05,0.9999192978952612
8554,0,0,CatBoost,0.9999361559572145,6.384404278548309e-05
9385,0,0,CatBoost,0.9998451745665191,0.0001548254334808856
13763,1,1,CatBoost,0.0001495546813946591,0.9998504453186053
10656,1,1,CatBoost,0.0006863955415462586,0.9993136044584537
18498,1,1,CatBoost,0.0004828951347726207,0.9995171048652274
4616,0,0,CatBoost,0.9998972148280707,0.00010278517192929563
16727,1,1,CatBoost,8.733710513542103e-05,0.9999126628948646
666,0,0,CatBoost,0.9999274854167299,7.251458327008066e-05
16097,1,1,CatBoost,8.789768442085677e-05,0.9999121023155791
11968,1,1,CatBoost,0.000136698524723311,0.9998633014752767
8701,0,0,CatBoost,0.9999265689304996,7.343106950038889e-05
13653,1,1,CatBoost,0.00015422032131595653,0.999845779678684
4882,0,0,CatBoost,0.9999115486047617,8.845139523826114e-05
11333,1,1,CatBoost,0.00015931594602691668,0.9998406840539731
9253,0,0,CatBoost,0.9998811332908027,0.00011886670919724512
13466,1,1,CatBoost,0.00016664748857564415,0.9998333525114244
1524,0,0,CatBoost,0.9999098999995264,9.010000047358476e-05
17702,1,1,CatBoost,0.00015793046901324548,0.9998420695309868
16130,1,1,CatBoost,0.00013234203026901703,0.999867657969731
11503,1,1,CatBoost,0.00017995470785514556,0.9998200452921449
16173,1,1,CatBoost,7.492824914701046e-05,0.999925071750853
14285,1,1,CatBoost,7.322931065278926e-05,0.9999267706893472
1218,0,0,CatBoost,0.9999352009105733,6.479908942670394e-05
2712,0,0,CatBoost,0.9999246391564014,7.536084359864744e-05
4437,0,0,CatBoost,0.9998696578575997,0.0001303421424002347
6736,0,0,CatBoost,0.999755414503179,0.00024458549682102374
12227,1,1,CatBoost,0.00022048138687724705,0.9997795186131228
17495,1,1,CatBoost,0.00021494785040221398,0.9997850521495978
11076,1,1,CatBoost,0.00031014981562582644,0.9996898501843742
16036,1,1,CatBoost,9.214671083168646e-05,0.9999078532891683
4324,0,0,CatBoost,0.9999194557166681,8.054428333192471e-05
17366,1,1,CatBoost,0.00010467000216651812,0.9998953299978335
8473,0,0,CatBoost,0.9998575284624223,0.00014247153757769996
10547,1,1,CatBoost,0.0011999242632753093,0.9988000757367247
16574,1,1,CatBoost,0.00048377119426967763,0.9995162288057303
4491,0,0,CatBoost,0.9999181699922167,8.183000778328836e-05
3619,0,0,CatBoost,0.9999135634939461,8.643650605394274e-05
8321,0,0,CatBoost,0.999914630379943,8.536962005702156e-05
8308,0,0,CatBoost,0.9998993831021555,0.00010061689784447566
15778,1,1,CatBoost,0.00010439337834411422,0.9998956066216559
10678,1,1,CatBoost,0.0010946064637373798,0.9989053935362626
15885,1,1,CatBoost,9.546417416306241e-05,0.9999045358258369
16915,1,1,CatBoost,0.00024025674580230305,0.9997597432541977
18960,1,1,CatBoost,0.0001399584141825727,0.9998600415858174
5010,0,0,CatBoost,0.9998600315380991,0.00013996846190093682
16967,1,1,CatBoost,8.860791229414744e-05,0.9999113920877059
6052,0,0,CatBoost,0.9999158880540451,8.411194595496037e-05
3600,0,0,CatBoost,0.9999079351511978,9.20648488022482e-05
16269,1,1,CatBoost,0.0007209278587068102,0.9992790721412932
892,0,0,CatBoost,0.9999267921393001,7.32078606998088e-05
2082,0,0,CatBoost,0.9999360073104526,6.399268954738369e-05
9785,0,0,CatBoost,0.9998579479046225,0.0001420520953775142
8792,0,0,CatBoost,0.9999334397639649,6.656023603512063e-05
6674,0,0,CatBoost,0.999673051469718,0.00032694853028205863
16838,1,1,CatBoost,0.00012555735178931826,0.9998744426482107
9999,1,1,CatBoost,0.010385946781866773,0.9896140532181332
8615,0,0,CatBoost,0.99987987197168,0.00012012802831994509
2679,0,0,CatBoost,0.9998945376087518,0.00010546239124818122
16022,1,1,CatBoost,7.562254416326741e-05,0.9999243774558367
8509,0,0,CatBoost,0.9999023976917765,9.760230822357137e-05
17995,1,1,CatBoost,0.00046404991449855437,0.9995359500855014
12016,1,1,CatBoost,0.0001272418061805114,0.9998727581938195
18913,1,1,CatBoost,0.0001485578280367994,0.9998514421719632
12955,1,1,CatBoost,0.00015070675363182406,0.9998492932463682
7891,0,0,CatBoost,0.9999355928685498,6.440713145022608e-05
17226,1,1,CatBoost,7.681397542480539e-05,0.9999231860245752
7151,0,0,CatBoost,0.9999212908672662,7.870913273376244e-05
15020,1,1,CatBoost,7.007616829002306e-05,0.99992992383171
824,0,0,CatBoost,0.9998825189543431,0.00011748104565690876
6904,0,0,CatBoost,0.999911509516907,8.849048309303004e-05
4430,0,0,CatBoost,0.9999132006019332,8.679939806680134e-05
10758,1,1,CatBoost,0.0010655539231138045,0.9989344460768862
667,0,0,CatBoost,0.9999107360897247,8.926391027531907e-05
7147,0,0,CatBoost,0.9999178076671477,8.21923328523451e-05
363,0,0,CatBoost,0.9999273847943951,7.261520560488329e-05
10317,1,1,CatBoost,0.00017760303277825074,0.9998223969672217
5105,0,0,CatBoost,0.999937437994766,6.25620052339931e-05
6938,0,0,CatBoost,0.9999286182029373,7.138179706268116e-05
1098,0,0,CatBoost,0.9998748967843267,0.0001251032156732613
8392,0,0,CatBoost,0.9999018672607425,9.813273925755331e-05
3228,0,0,CatBoost,0.9999446273915905,5.5372608409444235e-05
7564,0,0,CatBoost,0.9999091579354825,9.084206451752776e-05
9290,0,0,CatBoost,0.9998685080246572,0.00013149197534282462
1177,0,0,CatBoost,0.9998984647385304,0.00010153526146965105
15547,1,1,CatBoost,7.028297809019701e-05,0.9999297170219098
15177,1,1,CatBoost,7.031430479442768e-05,0.9999296856952056
236,0,0,CatBoost,0.9996669949158189,0.0003330050841811251
2408,0,0,CatBoost,0.999921116170853,7.888382914697505e-05
4363,0,0,CatBoost,0.9999116478567667,8.835214323334893e-05
13307,1,1,CatBoost,0.0001386739975061113,0.9998613260024939
3925,0,0,CatBoost,0.9999509286183219,4.907138167804296e-05
4854,0,0,CatBoost,0.9999204332806714,7.956671932858291e-05
14666,1,1,CatBoost,7.054875135736882e-05,0.9999294512486426
10878,1,1,CatBoost,0.00021318812009230026,0.9997868118799077
8058,0,0,CatBoost,0.9998927196366889,0.00010728036331111808
10756,1,1,CatBoost,0.0014741685128151216,0.9985258314871849
8527,0,0,CatBoost,0.9998991371515286,0.00010086284847147072
7617,0,0,CatBoost,0.99990379126491,9.62087350899967e-05
6616,0,0,CatBoost,0.9998777313087858,0.0001222686912142386
4124,0,0,CatBoost,0.999844761122625,0.00015523887737503946
11349,1,1,CatBoost,0.00015489763167841897,0.9998451023683216
13438,1,1,CatBoost,0.00013425748709294805,0.999865742512907
9652,0,0,CatBoost,0.9999206901011938,7.930989880621395e-05
10917,1,1,CatBoost,0.0002126891804195008,0.9997873108195805
11983,1,1,CatBoost,0.00015308002324554426,0.9998469199767545
9647,0,0,CatBoost,0.9998770625708542,0.00012293742914578438
2383,0,0,CatBoost,0.9999475839808782,5.241601912173705e-05
3249,0,0,CatBoost,0.9999185021590128,8.149784098721832e-05
19061,1,1,CatBoost,0.00022571938118942647,0.9997742806188106
15391,1,1,CatBoost,9.384051807215243e-05,0.9999061594819278
17762,1,1,CatBoost,8.646402496903516e-05,0.999913535975031
232,0,0,CatBoost,0.9998790798816488,0.0001209201183511677
16639,1,1,CatBoost,6.778629563630734e-05,0.9999322137043637
4312,0,0,CatBoost,0.9999366311213523,6.336887864768742e-05
14757,1,1,CatBoost,7.432913757021709e-05,0.9999256708624298
4433,0,0,CatBoost,0.9999359060629189,6.409393708109273e-05
5472,0,0,CatBoost,0.9999054919936757,9.450800632430963e-05
6038,0,0,CatBoost,0.9998723943284442,0.00012760567155581035
3453,0,0,CatBoost,0.999949029580457,5.097041954306804e-05
17326,1,1,CatBoost,9.87361792669228e-05,0.9999012638207331
1639,0,0,CatBoost,0.9999119318825073,8.806811749274735e-05
1663,0,0,CatBoost,0.9999057777982555,9.422220174451312e-05
11237,1,1,CatBoost,0.00017951914568237193,0.9998204808543176
13804,1,1,CatBoost,0.0001145390080241615,0.9998854609919758
13121,1,1,CatBoost,0.00026001374221895635,0.999739986257781
11871,1,1,CatBoost,0.0001659165451958211,0.9998340834548042
11181,1,1,CatBoost,0.00017951914568237193,0.9998204808543176
13171,1,1,CatBoost,0.00016854061611148996,0.9998314593838885
5588,0,0,CatBoost,0.9998363356265371,0.0001636643734629768
14227,1,1,CatBoost,7.752865825949584e-05,0.9999224713417405
7559,0,0,CatBoost,0.9999050087940907,9.499120590932724e-05
2931,0,0,CatBoost,0.9999224064630171,7.759353698288581e-05
18152,1,1,CatBoost,0.0002423914754209333,0.9997576085245791
13729,1,1,CatBoost,0.00012411456312932945,0.9998758854368707
10980,1,1,CatBoost,0.0002675176314027583,0.9997324823685972
14558,1,1,CatBoost,8.329134433782137e-05,0.9999167086556622
13053,1,1,CatBoost,0.00013516086504594682,0.999864839134954
12803,1,1,CatBoost,0.0002078543995130966,0.9997921456004869
12815,1,1,CatBoost,0.00013578554613791205,0.9998642144538621
17721,1,1,CatBoost,9.767289555939751e-05,0.9999023271044406
6704,0,0,CatBoost,0.999850441220175,0.0001495587798250441
14272,1,1,CatBoost,6.790089993136128e-05,0.9999320991000686
14504,1,1,CatBoost,7.526008146796492e-05,0.999924739918532
3517,0,0,CatBoost,0.9999208267895328,7.917321046729237e-05
2911,0,0,CatBoost,0.9999059146755707,9.408532442938449e-05
7939,0,0,CatBoost,0.9999385115757433,6.148842425670956e-05
7980,0,0,CatBoost,0.9999247403716793,7.52596283206585e-05
2710,0,0,CatBoost,0.9999397576604477,6.0242339552235135e-05
18882,1,1,CatBoost,0.00013921660502547173,0.9998607833949745
3591,0,0,CatBoost,0.9998760581721889,0.00012394182781109804
15551,1,1,CatBoost,8.065150695768519e-05,0.9999193484930423
5056,0,0,CatBoost,0.999784437009932,0.00021556299006793476
2493,0,0,CatBoost,0.9998355328912528,0.00016446710874722272
5966,0,0,CatBoost,0.9999453472156568,5.46527843432359e-05
4218,0,0,CatBoost,0.9999237728086026,7.622719139745984e-05
1435,0,0,CatBoost,0.999917238487665,8.27615123349999e-05
9972,0,0,CatBoost,0.993819761554207,0.006180238445792976
6233,0,0,CatBoost,0.9999044443904358,9.55556095642535e-05
12995,1,1,CatBoost,0.00014823980456502017,0.999851760195435
7112,0,0,CatBoost,0.999937340331284,6.265966871595975e-05
1148,0,0,CatBoost,0.9998188517175914,0.00018114828240857147
12273,1,1,CatBoost,0.00014298566277448632,0.9998570143372255
19088,1,1,CatBoost,0.0002016772654682697,0.9997983227345317
11200,1,1,CatBoost,0.00017951543859373587,0.9998204845614063
5373,0,0,CatBoost,0.9999263440938679,7.365590613207107e-05
89,0,0,CatBoost,0.9999006988425848,9.930115741519328e-05
5986,0,0,CatBoost,0.999893870397609,0.00010612960239101122
11460,1,1,CatBoost,0.00022819476409230433,0.9997718052359077
9747,0,0,CatBoost,0.9999156629299855,8.433707001455638e-05
11853,1,1,CatBoost,0.00021806141718483385,0.9997819385828152
13967,1,1,CatBoost,0.00012632384131261443,0.9998736761586874
10068,1,1,CatBoost,0.0003395309620066733,0.9996604690379933
12275,1,1,CatBoost,0.00013401718208827518,0.9998659828179117
18499,1,1,CatBoost,0.0006540301464021958,0.9993459698535978
7587,0,0,CatBoost,0.9998448566211212,0.00015514337887877937
7648,0,0,CatBoost,0.9998993642747729,0.00010063572522706597
6183,0,0,CatBoost,0.999855751509401,0.000144248490599026
16604,1,1,CatBoost,7.206089628741807e-05,0.9999279391037126
15744,1,1,CatBoost,0.0003425947416069164,0.9996574052583931
13528,1,1,CatBoost,0.0001485593249499484,0.99985144067505
8226,0,0,CatBoost,0.99987521194104,0.0001247880589600169
4675,0,0,CatBoost,0.9999197669608003,8.023303919972841e-05
7705,0,0,CatBoost,0.9999071715037717,9.282849622821783e-05
6966,0,0,CatBoost,0.9999196945244055,8.030547559446999e-05
12654,1,1,CatBoost,0.00015329655660634156,0.9998467034433937
3093,0,0,CatBoost,0.9999367206874313,6.327931256868518e-05
9540,0,0,CatBoost,0.9999278676026323,7.213239736773219e-05
11376,1,1,CatBoost,0.00017111967526872718,0.9998288803247313
2612,0,0,CatBoost,0.999906792659305,9.320734069492681e-05
791,0,0,CatBoost,0.9997950989080865,0.0002049010919134649
9160,0,0,CatBoost,0.9998483623154996,0.00015163768450042022
1792,0,0,CatBoost,0.9998442440137785,0.00015575598622154425
17021,1,1,CatBoost,7.753906924323761e-05,0.9999224609307568
14338,1,1,CatBoost,6.894744129992691e-05,0.9999310525587001
13395,1,1,CatBoost,0.00015613043752438216,0.9998438695624756
6524,0,0,SVM_Linear,0.9999913957199155,8.60428008456584e-06
4496,0,0,SVM_Linear,0.9999998999999902,1.0000000994736041e-07
3041,0,0,SVM_Linear,0.9999998999999902,1.0000000994736041e-07
1058,0,0,SVM_Linear,0.9999998999999902,1.0000000994736041e-07
18308,1,1,SVM_Linear,3.00000089999998e-14,0.9999999999999699
13194,1,1,SVM_Linear,3.00000089999998e-14,0.9999999999999699
4805,0,0,SVM_Linear,0.9999998619988523,1.380011477909242e-07
9114,0,0,SVM_Linear,0.9989624673571048,0.0010375326428952352
14705,1,1,SVM_Linear,6.768211116652891e-07,0.9999993231788884
11451,1,1,SVM_Linear,3.00000089999998e-14,0.9999999999999699
11679,1,1,SVM_Linear,3.00000089999998e-14,0.9999999999999699
10515,1,1,SVM_Linear,6.731565303577596e-10,0.9999999993268435
1798,0,0,SVM_Linear,0.9999998999999902,1.0000000994736041e-07
9514,0,0,SVM_Linear,0.9972306053393407,0.0027693946606592796
6441,0,0,SVM_Linear,0.9999748748816044,2.5125118395559918e-05
9637,0,0,SVM_Linear,0.996031914115953,0.003968085884046944
7421,0,0,SVM_Linear,0.9999644734972954,3.5526502704666636e-05
4037,0,0,SVM_Linear,0.9999998999999902,1.0000000994736041e-07
13397,1,1,SVM_Linear,1.2974198428488159e-13,0.9999999999998702
6812,0,0,SVM_Linear,0.9999952057670585,4.794232941589854e-06
7574,0,0,SVM_Linear,0.999974858144957,2.5141855042966608e-05
1953,0,0,SVM_Linear,0.9999998999999902,1.0000000994736041e-07
14525,1,1,SVM_Linear,3.862788639048066e-06,0.9999961372113609
7827,0,0,SVM_Linear,0.9999660189350067,3.39810649932794e-05
17407,1,1,SVM_Linear,1.3200306351426687e-12,0.99999999999868
13876,1,1,SVM_Linear,5.830667420955992e-13,0.9999999999994169
9167,0,0,SVM_Linear,0.9990255930837213,0.0009744069162786964
10613,1,1,SVM_Linear,3.00000089999998e-14,0.9999999999999699
9776,0,0,SVM_Linear,0.9943209780068146,0.005679021993185407
14102,1,1,SVM_Linear,1.3614171788618226e-05,0.9999863858282114
986,0,0,SVM_Linear,0.9999998999999902,1.0000000994736041e-07
5299,0,0,SVM_Linear,0.9999994336051551,5.663948449727626e-07
16322,1,1,SVM_Linear,1.226532167185744e-09,0.9999999987734679
18136,1,1,SVM_Linear,3.00000089999998e-14,0.9999999999999699
12323,1,1,SVM_Linear,3.00000089999998e-14,0.9999999999999699
6024,0,0,SVM_Linear,0.9999986589575648,1.3410424351401143e-06
11670,1,1,SVM_Linear,3.00000089999998e-14,0.9999999999999699
4440,0,0,SVM_Linear,0.9999998678738363,1.3212616381446814e-07
7083,0,0,SVM_Linear,0.9999975491810473,2.450818952567236e-06
5854,0,0,SVM_Linear,0.9999998999999902,1.0000000994736041e-07
17826,1,1,SVM_Linear,3.00000089999998e-14,0.9999999999999699
6893,0,0,SVM_Linear,0.9996221038475507,0.0003778961524493111
11483,1,1,SVM_Linear,3.00000089999998e-14,0.9999999999999699
19119,1,1,SVM_Linear,3.00000089999998e-14,0.9999999999999699
10465,1,1,SVM_Linear,3.00000089999998e-14,0.9999999999999699
12720,1,1,SVM_Linear,3.00000089999998e-14,0.9999999999999699
1300,0,0,SVM_Linear,0.9999998999999902,1.0000000994736041e-07
225,0,0,SVM_Linear,0.9999998999999902,1.0000000994736041e-07
10294,1,1,SVM_Linear,3.00000089999998e-14,0.9999999999999699
10660,1,1,SVM_Linear,3.00000089999998e-14,0.9999999999999699
18663,1,1,SVM_Linear,1.3755178529961128e-12,0.9999999999986244
6446,0,0,SVM_Linear,0.9999988696708306,1.1303291693649872e-06
18203,1,1,SVM_Linear,4.5431867517944843e-13,0.9999999999995456
2491,0,0,SVM_Linear,0.9999998999999902,1.0000000994736041e-07
4858,0,0,SVM_Linear,0.9999998999999902,1.0000000994736041e-07
5569,0,0,SVM_Linear,0.9999978492061222,2.1507938776637235e-06
8828,0,0,SVM_Linear,0.9994678348500468,0.000532165149953199
4079,0,0,SVM_Linear,0.9999998999999902,1.0000000994736041e-07
4841,0,0,SVM_Linear,0.9999998999999902,1.0000000994736041e-07
6770,0,0,SVM_Linear,0.999989594953237,1.040504676303268e-05
17301,1,1,SVM_Linear,1.1995984734846128e-12,0.9999999999988005
17553,1,1,SVM_Linear,3.00000089999998e-14,0.9999999999999699
15717,1,1,SVM_Linear,2.1007142137473847e-08,0.9999999789928578
7979,0,0,SVM_Linear,0.999774039255803,0.00022596074419707114
16321,1,1,SVM_Linear,7.263496951341849e-11,0.9999999999273651
6185,0,0,SVM_Linear,0.9999991373330407,8.626669594304355e-07
13203,1,1,SVM_Linear,3.00000089999998e-14,0.9999999999999699
10328,1,1,SVM_Linear,3.00000089999998e-14,0.9999999999999699
6396,0,0,SVM_Linear,0.9999786257718545,2.1374228145632448e-05
17237,1,1,SVM_Linear,1.0051822805229104e-11,0.9999999999899483
18142,1,1,SVM_Linear,1.1303531267977166e-08,0.9999999886964687
5919,0,0,SVM_Linear,0.9999998999999902,1.0000000994736041e-07
14082,1,1,SVM_Linear,1.7646430781325962e-06,0.9999982353569218
12361,1,1,SVM_Linear,3.00000089999998e-14,0.9999999999999699
12184,1,1,SVM_Linear,3.0345628519797227e-12,0.9999999999969655
17131,1,1,SVM_Linear,3.709662834795373e-12,0.9999999999962904
8412,0,0,SVM_Linear,0.9998009379666906,0.00019906203330933688
11524,1,1,SVM_Linear,3.00000089999998e-14,0.9999999999999699
3724,0,0,SVM_Linear,0.9999998999999902,1.0000000994736041e-07
8512,0,0,SVM_Linear,0.9996618193242847,0.0003381806757151992
9942,0,0,SVM_Linear,0.9921730383665675,0.00782696163343252
18170,1,1,SVM_Linear,9.451707726232035e-09,0.9999999905482923
18030,1,1,SVM_Linear,3.00000089999998e-14,0.9999999999999699
9640,0,0,SVM_Linear,0.9976212935083648,0.0023787064916352767
16690,1,1,SVM_Linear,1.1469878539779173e-10,0.9999999998853012
13846,1,1,SVM_Linear,3.00000089999998e-14,0.9999999999999699
7679,0,0,SVM_Linear,0.9999704655728818,2.9534427118185257e-05
17652,1,1,SVM_Linear,3.00000089999998e-14,0.9999999999999699
7575,0,0,SVM_Linear,0.9999703963663328,2.9603633667268493e-05
18530,1,1,SVM_Linear,3.00000089999998e-14,0.9999999999999699
10484,1,1,SVM_Linear,3.00000089999998e-14,0.9999999999999699
3152,0,0,SVM_Linear,0.9999998999999902,1.0000000994736041e-07
10583,1,1,SVM_Linear,3.00000089999998e-14,0.9999999999999699
16857,1,1,SVM_Linear,6.79952148567728e-11,0.9999999999320048
14675,1,1,SVM_Linear,1.1267416074011794e-06,0.9999988732583927
15254,1,1,SVM_Linear,3.95161312803934e-07,0.9999996048386872
5370,0,0,SVM_Linear,0.9999970256288826,2.9743711173169966e-06
2349,0,0,SVM_Linear,0.9999998999999902,1.0000000994736041e-07
1976,0,0,SVM_Linear,0.9999998999999902,1.0000000994736041e-07
10548,1,1,SVM_Linear,3.459598225781625e-09,0.9999999965404018
2661,0,0,SVM_Linear,0.9999998999999902,1.0000000994736041e-07
16315,1,1,SVM_Linear,8.506277137107543e-09,0.9999999914937228
12532,1,1,SVM_Linear,3.00000089999998e-14,0.9999999999999699
15168,1,1,SVM_Linear,1.217397487058806e-06,0.9999987826025128
13064,1,1,SVM_Linear,3.00000089999998e-14,0.9999999999999699
7102,0,0,SVM_Linear,0.9999853372057541,1.4662794245920742e-05
16094,1,1,SVM_Linear,2.534922747001766e-09,0.9999999974650773
352,0,0,SVM_Linear,0.9999998999999902,1.0000000994736041e-07
12272,1,1,SVM_Linear,0.0070591064962079375,0.9929408935037922
5334,0,0,SVM_Linear,0.9999997200626993,2.799373006564536e-07
7214,0,0,SVM_Linear,0.999999151159255,8.488407450190885e-07
9396,0,0,SVM_Linear,0.9980600377281655,0.0019399622718345411
2396,0,0,SVM_Linear,0.9999998999999902,1.0000000994736041e-07
9087,0,0,SVM_Linear,0.9995874536208664,0.0004125463791336066
9854,0,0,SVM_Linear,0.9955941240763039,0.004405875923696002
13561,1,1,SVM_Linear,3.00000089999998e-14,0.9999999999999699
5534,0,0,SVM_Linear,0.9999998958950603,1.0410493973750485e-07
12899,1,1,SVM_Linear,3.00000089999998e-14,0.9999999999999699
7026,0,0,SVM_Linear,0.9999887500686253,1.1249931374668822e-05
224,0,0,SVM_Linear,0.9999998999999902,1.0000000994736041e-07
917,0,0,SVM_Linear,0.9999998999999902,1.0000000994736041e-07
2051,0,0,SVM_Linear,0.9999998999999902,1.0000000994736041e-07
11819,1,1,SVM_Linear,3.00000089999998e-14,0.9999999999999699
18951,1,1,SVM_Linear,3.00000089999998e-14,0.9999999999999699
16613,1,1,SVM_Linear,2.522235373172857e-10,0.9999999997477765
13368,1,1,SVM_Linear,1.0010400570451124e-11,0.9999999999899897
4636,0,0,SVM_Linear,0.9999998435862102,1.5641378973845072e-07
1930,0,0,SVM_Linear,0.9999998999999902,1.0000000994736041e-07
17595,1,1,SVM_Linear,5.32563446728419e-12,0.9999999999946744
12719,1,1,SVM_Linear,3.00000089999998e-14,0.9999999999999699
14288,1,1,SVM_Linear,1.3099055962752323e-05,0.9999869009440373
6132,0,0,SVM_Linear,0.9999982037051636,1.796294836430587e-06
8951,0,0,SVM_Linear,0.9995765447004209,0.0004234552995790956
1531,0,0,SVM_Linear,0.9999998999999902,1.0000000994736041e-07
13696,1,1,SVM_Linear,3.00000089999998e-14,0.9999999999999699
11852,1,1,SVM_Linear,3.00000089999998e-14,0.9999999999999699
2740,0,0,SVM_Linear,0.9999998999999902,1.0000000994736041e-07
2556,0,0,SVM_Linear,0.9999998999999902,1.0000000994736041e-07
13664,1,1,SVM_Linear,3.00000089999998e-14,0.9999999999999699
14849,1,1,SVM_Linear,1.5684888822299887e-06,0.9999984315111178
4179,0,0,SVM_Linear,0.9999998999999902,1.0000000994736041e-07
16617,1,1,SVM_Linear,2.728487570740174e-09,0.9999999972715125
17851,1,1,SVM_Linear,1.0909183037754165e-12,0.9999999999989091
77,0,0,SVM_Linear,0.9999998999999902,1.0000000994736041e-07
5207,0,0,SVM_Linear,0.9999998504795777,1.4952042230653484e-07
10404,1,1,SVM_Linear,3.445781836387844e-11,0.9999999999655421
14644,1,1,SVM_Linear,1.154143038071291e-06,0.999998845856962
1286,0,0,SVM_Linear,0.9999998999999902,1.0000000994736041e-07
18897,1,1,SVM_Linear,3.00000089999998e-14,0.9999999999999699
12711,1,1,SVM_Linear,3.00000089999998e-14,0.9999999999999699
10472,1,1,SVM_Linear,3.00000089999998e-14,0.9999999999999699
5401,0,0,SVM_Linear,0.9999933002132371,6.699786762952104e-06
14255,1,1,SVM_Linear,1.3159929811965367e-05,0.999986840070188
18387,1,1,SVM_Linear,2.279178184792039e-13,0.9999999999997722
5951,0,0,SVM_Linear,0.9999975581030214,2.4418969787208756e-06
13920,1,1,SVM_Linear,3.00000089999998e-14,0.9999999999999699
18918,1,1,SVM_Linear,3.00000089999998e-14,0.9999999999999699
7725,0,0,SVM_Linear,0.9999443594883284,5.564051167155517e-05
2538,0,0,SVM_Linear,0.9999998999999902,1.0000000994736041e-07
18433,1,1,SVM_Linear,3.13406101135852e-14,0.9999999999999686
16142,1,1,SVM_Linear,2.026622823383042e-09,0.9999999979733771
2205,0,0,SVM_Linear,0.9999998999999902,1.0000000994736041e-07
161,0,0,SVM_Linear,0.9999998999999902,1.0000000994736041e-07
14343,1,1,SVM_Linear,5.35301892003082e-07,0.9999994646981081
4909,0,0,SVM_Linear,0.9999995494186475,4.5058135263661126e-07
8005,0,0,SVM_Linear,0.9999377527745993,6.224722540071127e-05
3561,0,0,SVM_Linear,0.9999998999999902,1.0000000994736041e-07
10540,1,1,SVM_Linear,0.009853183590762007,0.990146816409238
13693,1,1,SVM_Linear,1.860373006431118e-13,0.999999999999814
7714,0,0,SVM_Linear,0.999981783459129,1.8216540871040975e-05
2102,0,0,SVM_Linear,0.9999998999999902,1.0000000994736041e-07
6667,0,0,SVM_Linear,0.9999860933757889,1.3906624211160403e-05
1500,0,0,SVM_Linear,0.9999998999999902,1.0000000994736041e-07
4243,0,0,SVM_Linear,0.9999998999999902,1.0000000994736041e-07
8463,0,0,SVM_Linear,0.999880784719073,0.0001192152809268619
374,0,0,SVM_Linear,0.9999998999999902,1.0000000994736041e-07
14717,1,1,SVM_Linear,2.7254323052954324e-07,0.9999997274567695
963,0,0,SVM_Linear,0.9999998999999902,1.0000000994736041e-07
8017,0,0,SVM_Linear,0.9999022118446967,9.778815530327303e-05
14529,1,1,SVM_Linear,1.1161462438217245e-05,0.9999888385375617
3343,0,0,SVM_Linear,0.9999998999999902,1.0000000994736041e-07
6477,0,0,SVM_Linear,0.9999988559416672,1.1440583329766146e-06
1601,0,0,SVM_Linear,0.9999998999999902,1.0000000994736041e-07
1895,0,0,SVM_Linear,0.9999998999999902,1.0000000994736041e-07
11678,1,1,SVM_Linear,3.00000089999998e-14,0.9999999999999699
10682,1,1,SVM_Linear,8.290650119840144e-14,0.9999999999999171
2964,0,0,SVM_Linear,0.9999998999999902,1.0000000994736041e-07
3310,0,0,SVM_Linear,0.9999998999999902,1.0000000994736041e-07
17726,1,1,SVM_Linear,3.00000089999998e-14,0.9999999999999699
14163,1,1,SVM_Linear,0.002607523584842666,0.9973924764151573
12292,1,1,SVM_Linear,3.00000089999998e-14,0.9999999999999699
7813,0,0,SVM_Linear,0.999961843722285,3.8156277715017024e-05
2382,0,0,SVM_Linear,0.9999998999999902,1.0000000994736041e-07
17728,1,1,SVM_Linear,3.00000089999998e-14,0.9999999999999699
15385,1,1,SVM_Linear,8.10463701829871e-08,0.9999999189536297
7546,0,0,SVM_Linear,0.9999776046332665,2.2395366733527076e-05
13347,1,1,SVM_Linear,3.00000089999998e-14,0.9999999999999699
9563,0,0,SVM_Linear,0.9981785060690819,0.0018214939309181364
11222,1,1,SVM_Linear,3.00000089999998e-14,0.9999999999999699
8096,0,0,SVM_Linear,0.999941225146301,5.8774853699001936e-05
15656,1,1,SVM_Linear,3.00000089999998e-14,0.9999999999999699
18650,1,1,SVM_Linear,6.7916188723822495e-12,0.9999999999932083
6197,0,0,SVM_Linear,0.999999722957641,2.7704235908961093e-07
6541,0,0,SVM_Linear,0.9999997555234988,2.4447650108209564e-07
9183,0,0,SVM_Linear,0.9994447836238977,0.0005552163761024094
13418,1,1,SVM_Linear,3.00000089999998e-14,0.9999999999999699
9521,0,0,SVM_Linear,0.997828204962171,0.0021717950378290153
1823,0,0,SVM_Linear,0.9999998999999902,1.0000000994736041e-07
3324,0,0,SVM_Linear,0.9999998999999902,1.0000000994736041e-07
8152,0,0,SVM_Linear,0.999905631781872,9.436821812802896e-05
11665,1,1,SVM_Linear,3.00000089999998e-14,0.9999999999999699
15680,1,1,SVM_Linear,2.037227830729338e-09,0.9999999979627721
13663,1,1,SVM_Linear,3.00000089999998e-14,0.9999999999999699
7287,0,0,SVM_Linear,0.9999744648524733,2.5535147526714625e-05
15249,1,1,SVM_Linear,2.9583909059843377e-07,0.9999997041609094
5052,0,0,SVM_Linear,0.9999998999999902,1.0000000994736041e-07
7274,0,0,SVM_Linear,0.9999960120755141,3.987924485853334e-06
9086,0,0,SVM_Linear,0.9991921698611579,0.0008078301388419687
16768,1,1,SVM_Linear,3.6846318898309004e-10,0.9999999996315367
17680,1,1,SVM_Linear,3.00000089999998e-14,0.9999999999999699
5742,0,0,SVM_Linear,0.9999784885361495,2.1511463850452044e-05
15176,1,1,SVM_Linear,3.437021956758321e-07,0.9999996562978044
329,0,0,SVM_Linear,0.9999998999999902,1.0000000994736041e-07
1763,0,0,SVM_Linear,0.9999998999999902,1.0000000994736041e-07
12898,1,1,SVM_Linear,3.00000089999998e-14,0.9999999999999699
15292,1,1,SVM_Linear,2.1865753723617554e-07,0.9999997813424627
15251,1,1,SVM_Linear,5.525338719456731e-07,0.9999994474661281
4968,0,0,SVM_Linear,0.9999998999999902,1.0000000994736041e-07
3444,0,0,SVM_Linear,0.9999998999999902,1.0000000994736041e-07
18003,1,1,SVM_Linear,3.00000089999998e-14,0.9999999999999699
5392,0,0,SVM_Linear,0.9999998999999902,1.0000000994736041e-07
18581,1,1,SVM_Linear,3.00000089999998e-14,0.9999999999999699
7987,0,0,SVM_Linear,0.9999450913872878,5.490861271210056e-05
4138,0,0,SVM_Linear,0.9999998999999902,1.0000000994736041e-07
11286,1,1,SVM_Linear,3.00000089999998e-14,0.9999999999999699
9921,0,0,SVM_Linear,0.9950051687496778,0.00499483125032225
8766,0,0,SVM_Linear,0.9997254127865817,0.00027458721341837067
11394,1,1,SVM_Linear,3.00000089999998e-14,0.9999999999999699
9467,0,0,SVM_Linear,0.9981412077888477,0.0018587922111521465
6254,0,0,SVM_Linear,0.9999988855996991,1.1144003009120498e-06
12304,1,1,SVM_Linear,4.504773911469224e-14,0.999999999999955
1868,0,0,SVM_Linear,0.9999998999999902,1.0000000994736041e-07
17758,1,1,SVM_Linear,3.00000089999998e-14,0.9999999999999699
15763,1,1,SVM_Linear,3.00000089999998e-14,0.9999999999999699
11742,1,1,SVM_Linear,3.00000089999998e-14,0.9999999999999699
15267,1,1,SVM_Linear,8.173281672069794e-07,0.9999991826718327
10436,1,1,SVM_Linear,3.00000089999998e-14,0.9999999999999699
4360,0,0,SVM_Linear,0.9999998999999902,1.0000000994736041e-07
18186,1,1,SVM_Linear,1.2567199806672905e-12,0.9999999999987432
18036,1,1,SVM_Linear,3.00000089999998e-14,0.9999999999999699
158,0,0,SVM_Linear,0.9999998999999902,1.0000000994736041e-07
10084,1,1,SVM_Linear,3.00000089999998e-14,0.9999999999999699
3266,0,0,SVM_Linear,0.9999998999999902,1.0000000994736041e-07
2797,0,0,SVM_Linear,0.9999998999999902,1.0000000994736041e-07
15328,1,1,SVM_Linear,2.6179973931711096e-07,0.9999997382002606
11497,1,1,SVM_Linear,3.00000089999998e-14,0.9999999999999699
10452,1,1,SVM_Linear,3.00000089999998e-14,0.9999999999999699
5136,0,0,SVM_Linear,0.9999998999999902,1.0000000994736041e-07
4249,0,0,SVM_Linear,0.9999998999999902,1.0000000994736041e-07
6368,0,0,SVM_Linear,0.9999820262156287,1.797378437132864e-05
17533,1,1,SVM_Linear,3.00000089999998e-14,0.9999999999999699
412,0,0,SVM_Linear,0.9999998999999902,1.0000000994736041e-07
15861,1,1,SVM_Linear,3.00000089999998e-14,0.9999999999999699
14566,1,1,SVM_Linear,9.180191050915478e-07,0.9999990819808949
15190,1,1,SVM_Linear,1.1849805043974087e-06,0.9999988150194957
4703,0,0,SVM_Linear,0.9999998999999902,1.0000000994736041e-07
10903,1,1,SVM_Linear,6.687862615223089e-12,0.9999999999933121
13562,1,1,SVM_Linear,3.00000089999998e-14,0.9999999999999699
10663,1,1,SVM_Linear,3.00000089999998e-14,0.9999999999999699
8227,0,0,SVM_Linear,0.9999397246548775,6.027534512250015e-05
13629,1,1,SVM_Linear,3.00000089999998e-14,0.9999999999999699
2711,0,0,SVM_Linear,0.9999998999999902,1.0000000994736041e-07
8942,0,0,SVM_Linear,0.9989896170563213,0.0010103829436786714
5203,0,0,SVM_Linear,0.9999983704489921,1.6295510078880519e-06
16774,1,1,SVM_Linear,1.2921110989534678e-10,0.9999999998707888
12717,1,1,SVM_Linear,3.00000089999998e-14,0.9999999999999699
15878,1,1,SVM_Linear,3.864786578399584e-08,0.9999999613521343
18471,1,1,SVM_Linear,3.00000089999998e-14,0.9999999999999699
10786,1,1,SVM_Linear,2.8217043896983657e-07,0.9999997178295611
6082,0,0,SVM_Linear,0.9999996739034882,3.2609651177285556e-07
9436,0,0,SVM_Linear,0.9957136735877791,0.004286326412220896
8389,0,0,SVM_Linear,0.9997784296683564,0.0002215703316436294
14337,1,1,SVM_Linear,5.383717979485148e-06,0.9999946162820205
12958,1,1,SVM_Linear,1.6962064721999415e-13,0.9999999999998305
16325,1,1,SVM_Linear,2.500888076939721e-10,0.9999999997499113
9368,0,0,SVM_Linear,0.9983665779084302,0.001633422091569884
6970,0,0,SVM_Linear,0.9999917552339725,8.24476602751999e-06
10706,1,1,SVM_Linear,1.8343661312375656e-08,0.9999999816563386
13118,1,1,SVM_Linear,3.00000089999998e-14,0.9999999999999699
6570,0,0,SVM_Linear,0.9999970399435899,2.9600564101043632e-06
2562,0,0,SVM_Linear,0.9999998999999902,1.0000000994736041e-07
5305,0,0,SVM_Linear,0.9999998773693681,1.226306319215955e-07
1853,0,0,SVM_Linear,0.9999998999999902,1.0000000994736041e-07
17360,1,1,SVM_Linear,3.5355939470245156e-11,0.999999999964644
10132,1,1,SVM_Linear,5.737190113906001e-12,0.9999999999942628
1229,0,0,SVM_Linear,0.9999998999999902,1.0000000994736041e-07
1750,0,0,SVM_Linear,0.9999998999999902,1.0000000994736041e-07
9179,0,0,SVM_Linear,0.9985197134328353,0.0014802865671646984
5475,0,0,SVM_Linear,0.9999998999999902,1.0000000994736041e-07
8447,0,0,SVM_Linear,0.999833204974097,0.0001667950259030196
16681,1,1,SVM_Linear,2.1808731155287617e-10,0.9999999997819128
13958,1,1,SVM_Linear,0.005093944767584625,0.9949060552324153
3141,0,0,SVM_Linear,0.9999998999999902,1.0000000994736041e-07
14396,1,1,SVM_Linear,0.007880572143553763,0.9921194278564461
13925,1,1,SVM_Linear,1.0947785979610682e-13,0.9999999999998904
4494,0,0,SVM_Linear,0.9999998999999902,1.0000000994736041e-07
10558,1,1,SVM_Linear,4.178324476268148e-11,0.9999999999582168
8428,0,0,SVM_Linear,0.9997885745808583,0.0002114254191416597
10562,1,1,SVM_Linear,2.2872937966568916e-07,0.9999997712706203
10532,1,1,SVM_Linear,5.7206805942567416e-08,0.999999942793194
3178,0,0,SVM_Linear,0.9999998999999902,1.0000000994736041e-07
14178,1,1,SVM_Linear,0.0026282078561724056,0.9973717921438275
11761,1,1,SVM_Linear,3.00000089999998e-14,0.9999999999999699
16238,1,1,SVM_Linear,5.703984397697225e-10,0.9999999994296015
12576,1,1,SVM_Linear,3.00000089999998e-14,0.9999999999999699
11770,1,1,SVM_Linear,4.423516203474367e-11,0.9999999999557648
13541,1,1,SVM_Linear,3.00000089999998e-14,0.9999999999999699
12564,1,1,SVM_Linear,3.00000089999998e-14,0.9999999999999699
2808,0,0,SVM_Linear,0.9999998999999902,1.0000000994736041e-07
7014,0,0,SVM_Linear,0.9999553118797331,4.468812026700472e-05
5233,0,0,SVM_Linear,0.9999995453670939,4.546329061774943e-07
4203,0,0,SVM_Linear,0.9999998999999902,1.0000000994736041e-07
6600,0,0,SVM_Linear,0.9999893837137457,1.0616286254376763e-05
16741,1,1,SVM_Linear,4.1155039289105e-10,0.9999999995884495
11712,1,1,SVM_Linear,3.00000089999998e-14,0.9999999999999699
10198,1,1,SVM_Linear,3.00000089999998e-14,0.9999999999999699
7121,0,0,SVM_Linear,0.9998955052818861,0.00010449471811396091
4555,0,0,SVM_Linear,0.9999998999999902,1.0000000994736041e-07
14683,1,1,SVM_Linear,2.156092923570701e-06,0.9999978439070764
793,0,0,SVM_Linear,0.9999998999999902,1.0000000994736041e-07
15089,1,1,SVM_Linear,1.20662504290414e-06,0.9999987933749571
13071,1,1,SVM_Linear,3.00000089999998e-14,0.9999999999999699
1521,0,0,SVM_Linear,0.9999998999999902,1.0000000994736041e-07
13487,1,1,SVM_Linear,3.00000089999998e-14,0.9999999999999699
13073,1,1,SVM_Linear,1.0507262382210288e-12,0.9999999999989493
18462,1,1,SVM_Linear,3.00000089999998e-14,0.9999999999999699
14904,1,1,SVM_Linear,3.925590474445757e-06,0.9999960744095256
2898,0,0,SVM_Linear,0.9999998999999902,1.0000000994736041e-07
7943,0,0,SVM_Linear,0.9999081451629241,9.185483707601086e-05
15761,1,1,SVM_Linear,3.00000089999998e-14,0.9999999999999699
2136,0,0,SVM_Linear,0.9999998999999902,1.0000000994736041e-07
1133,0,0,SVM_Linear,0.9999998999999902,1.0000000994736041e-07
10079,1,1,SVM_Linear,3.00000089999998e-14,0.9999999999999699
18693,1,1,SVM_Linear,2.0957129146949355e-11,0.9999999999790429
6655,0,0,SVM_Linear,0.9993379384004183,0.0006620615995817329
13805,1,1,SVM_Linear,3.00000089999998e-14,0.9999999999999699
12384,1,1,SVM_Linear,3.00000089999998e-14,0.9999999999999699
1081,0,0,SVM_Linear,0.9999998999999902,1.0000000994736041e-07
3930,0,0,SVM_Linear,0.9999998999999902,1.0000000994736041e-07
13377,1,1,SVM_Linear,3.00000089999998e-14,0.9999999999999699
1125,0,0,SVM_Linear,0.9999998999999902,1.0000000994736041e-07
6262,0,0,SVM_Linear,0.9999990703273399,9.296726601659837e-07
569,0,0,SVM_Linear,0.9999998999999902,1.0000000994736041e-07
846,0,0,SVM_Linear,0.9999998999999902,1.0000000994736041e-07
4964,0,0,SVM_Linear,0.9999998400202204,1.599797798152783e-07
1296,0,0,SVM_Linear,0.9999998999999902,1.0000000994736041e-07
19052,1,1,SVM_Linear,3.00000089999998e-14,0.9999999999999699
845,0,0,SVM_Linear,0.9999998999999902,1.0000000994736041e-07
1685,0,0,SVM_Linear,0.9999998999999902,1.0000000994736041e-07
15125,1,1,SVM_Linear,1.523508337613505e-06,0.9999984764916623
1986,0,0,SVM_Linear,0.9999998999999902,1.0000000994736041e-07
593,0,0,SVM_Linear,0.9999998999999902,1.0000000994736041e-07
2978,0,0,SVM_Linear,0.9999998999999902,1.0000000994736041e-07
5791,0,0,SVM_Linear,0.9999991684190179,8.315809822622999e-07
10120,1,1,SVM_Linear,3.00000089999998e-14,0.9999999999999699
1899,0,0,SVM_Linear,0.9999998999999902,1.0000000994736041e-07
9062,0,0,SVM_Linear,0.9990735312544525,0.0009264687455475579
4621,0,0,SVM_Linear,0.999999858075812,1.4192418800486415e-07
1388,0,0,SVM_Linear,0.9999998999999902,1.0000000994736041e-07
10056,1,1,SVM_Linear,3.00000089999998e-14,0.9999999999999699
17006,1,1,SVM_Linear,1.694207733150995e-12,0.9999999999983057
6042,0,0,SVM_Linear,0.9999995483045138,4.516954863168705e-07
14855,1,1,SVM_Linear,2.491178380370281e-06,0.9999975088216198
7629,0,0,SVM_Linear,0.9999537543292943,4.6245670705561336e-05
2667,0,0,SVM_Linear,0.9999998999999902,1.0000000994736041e-07
12377,1,1,SVM_Linear,3.00000089999998e-14,0.9999999999999699
7397,0,0,SVM_Linear,0.9999692828246468,3.071717535334702e-05
9475,0,0,SVM_Linear,0.9991788348885203,0.0008211651114796375
1316,0,0,SVM_Linear,0.9999998999999902,1.0000000994736041e-07
1704,0,0,SVM_Linear,0.9999998999999902,1.0000000994736041e-07
14492,1,1,SVM_Linear,4.480984023766907e-06,0.9999955190159763
17872,1,1,SVM_Linear,3.00000089999998e-14,0.9999999999999699
10284,1,1,SVM_Linear,3.824485857911094e-14,0.9999999999999618
13602,1,1,SVM_Linear,3.00000089999998e-14,0.9999999999999699
4177,0,0,SVM_Linear,0.9999998999999902,1.0000000994736041e-07
16290,1,1,SVM_Linear,5.376126873865351e-09,0.9999999946238731
16306,1,1,SVM_Linear,4.283462302465172e-09,0.9999999957165377
17061,1,1,SVM_Linear,1.5142172499177598e-11,0.9999999999848579
18039,1,1,SVM_Linear,3.00000089999998e-14,0.9999999999999699
814,0,0,SVM_Linear,0.9999998999999902,1.0000000994736041e-07
9417,0,0,SVM_Linear,0.998931561867325,0.00106843813267497
458,0,0,SVM_Linear,0.9999998999999902,1.0000000994736041e-07
1015,0,0,SVM_Linear,0.9999998999999902,1.0000000994736041e-07
18022,1,1,SVM_Linear,3.00000089999998e-14,0.9999999999999699
1762,0,0,SVM_Linear,0.9999997882983925,2.1170160754205596e-07
12252,1,1,SVM_Linear,3.799644844674978e-07,0.9999996200355156
3987,0,0,SVM_Linear,0.9999998999999902,1.0000000994736041e-07
7509,0,0,SVM_Linear,0.9999797709601171,2.0229039882878683e-05
13293,1,1,SVM_Linear,3.1935669044357402e-12,0.9999999999968064
4576,0,0,SVM_Linear,0.9999998999999902,1.0000000994736041e-07
384,0,0,SVM_Linear,0.9999998999999902,1.0000000994736041e-07
5291,0,0,SVM_Linear,0.9977968809934515,0.0022031190065484275
3778,0,0,SVM_Linear,0.9999998999999902,1.0000000994736041e-07
8070,0,0,SVM_Linear,0.9998840149482293,0.00011598505177078993
14749,1,1,SVM_Linear,3.3748472213668503e-06,0.9999966251527787
7239,0,0,SVM_Linear,0.9999072440848197,9.275591518033794e-05
1540,0,0,SVM_Linear,0.9999998999999902,1.0000000994736041e-07
1304,0,0,SVM_Linear,0.9999998999999902,1.0000000994736041e-07
2137,0,0,SVM_Linear,0.9999998999999902,1.0000000994736041e-07
8529,0,0,SVM_Linear,0.9996281386128406,0.00037186138715940807
8393,0,0,SVM_Linear,0.9999472211345665,5.277886543354178e-05
12715,1,1,SVM_Linear,3.00000089999998e-14,0.9999999999999699
2824,0,0,SVM_Linear,0.9999998999999902,1.0000000994736041e-07
3201,0,0,SVM_Linear,0.9999998999999902,1.0000000994736041e-07
18819,1,1,SVM_Linear,3.00000089999998e-14,0.9999999999999699
5779,0,0,SVM_Linear,0.9999955844548571,4.415545142862001e-06
9105,0,0,SVM_Linear,0.9990081868590929,0.0009918131409070608
6921,0,0,SVM_Linear,0.9999801039191974,1.989608080260892e-05
769,0,0,SVM_Linear,0.9999998999999902,1.0000000994736041e-07
3440,0,0,SVM_Linear,0.9999998999999902,1.0000000994736041e-07
9184,0,0,SVM_Linear,0.9986952437148213,0.001304756285178627
8133,0,0,SVM_Linear,0.9999458141137422,5.4185886257706854e-05
9207,0,0,SVM_Linear,0.9992171551880152,0.0007828448119846202
6917,0,0,SVM_Linear,0.9999816558958736,1.83441041264241e-05
13783,1,1,SVM_Linear,3.00000089999998e-14,0.9999999999999699
145,0,0,SVM_Linear,0.9999998999999902,1.0000000994736041e-07
1838,0,0,SVM_Linear,0.9999998999999902,1.0000000994736041e-07
1045,0,0,SVM_Linear,0.9999998999999902,1.0000000994736041e-07
17198,1,1,SVM_Linear,6.524153502094247e-10,0.9999999993475847
3385,0,0,SVM_Linear,0.9999998999999902,1.0000000994736041e-07
4648,0,0,SVM_Linear,0.9999998999999902,1.0000000994736041e-07
8887,0,0,SVM_Linear,0.9994655061573017,0.0005344938426984302
2693,0,0,SVM_Linear,0.9999998999999902,1.0000000994736041e-07
5548,0,0,SVM_Linear,0.9999991239712472,8.760287526861028e-07
10046,1,1,SVM_Linear,3.00000089999998e-14,0.9999999999999699
15770,1,1,SVM_Linear,5.7794394933612454e-08,0.9999999422056051
3242,0,0,SVM_Linear,0.9999998999999902,1.0000000994736041e-07
15822,1,1,SVM_Linear,5.202581513602883e-09,0.9999999947974184
16964,1,1,SVM_Linear,3.6024744960584233e-12,0.9999999999963975
12503,1,1,SVM_Linear,3.00000089999998e-14,0.9999999999999699
17022,1,1,SVM_Linear,2.8103600013742035e-10,0.999999999718964
6635,0,0,SVM_Linear,0.9999891198316054,1.0880168394479146e-05
5656,0,0,SVM_Linear,0.9998933149289928,0.00010668507100713417
12169,1,1,SVM_Linear,4.5246363696794767e-08,0.9999999547536363
13,0,0,SVM_Linear,0.9999998999999902,1.0000000994736041e-07
13857,1,1,SVM_Linear,3.00000089999998e-14,0.9999999999999699
9293,0,0,SVM_Linear,0.9985142250316935,0.0014857749683066695
4208,0,0,SVM_Linear,0.9999998999999902,1.0000000994736041e-07
11449,1,1,SVM_Linear,3.00000089999998e-14,0.9999999999999699
6767,0,0,SVM_Linear,0.9999989447843829,1.0552156171375856e-06
19095,1,1,SVM_Linear,3.00000089999998e-14,0.9999999999999699
7115,0,0,SVM_Linear,0.9999763599550933,2.364004490661505e-05
5445,0,0,SVM_Linear,0.9999998511857944,1.488142056771685e-07
8007,0,0,SVM_Linear,0.9999468646935077,5.313530649234335e-05
3192,0,0,SVM_Linear,0.9999998999999902,1.0000000994736041e-07
14567,1,1,SVM_Linear,0.003742737694709099,0.9962572623052907
10041,1,1,SVM_Linear,3.00000089999998e-14,0.9999999999999699
5971,0,0,SVM_Linear,0.9999994833648098,5.166351901976665e-07
2200,0,0,SVM_Linear,0.9999998999999902,1.0000000994736041e-07
12754,1,1,SVM_Linear,3.00000089999998e-14,0.9999999999999699
19129,1,1,SVM_Linear,3.00000089999998e-14,0.9999999999999699
16170,1,1,SVM_Linear,3.9679646703589036e-10,0.9999999996032035
3762,0,0,SVM_Linear,0.9999998999999902,1.0000000994736041e-07
18800,1,1,SVM_Linear,1.4043535559398516e-10,0.9999999998595646
11820,1,1,SVM_Linear,3.00000089999998e-14,0.9999999999999699
14774,1,1,SVM_Linear,8.811633755096398e-07,0.9999991188366245
14550,1,1,SVM_Linear,1.0512324587532907e-06,0.9999989487675413
18630,1,1,SVM_Linear,3.00000089999998e-14,0.9999999999999699
7062,0,0,SVM_Linear,0.9999906835515083,9.316448491567643e-06
16877,1,1,SVM_Linear,3.00000089999998e-14,0.9999999999999699
207,0,0,SVM_Linear,0.9999998999999902,1.0000000994736041e-07
18775,1,1,SVM_Linear,3.00000089999998e-14,0.9999999999999699
853,0,0,SVM_Linear,0.9999998999999902,1.0000000994736041e-07
7970,0,0,SVM_Linear,0.9998990470509912,0.00010095294900880411
2599,0,0,SVM_Linear,0.9999998999999902,1.0000000994736041e-07
8661,0,0,SVM_Linear,0.9997227596426396,0.00027724035736036227
15485,1,1,SVM_Linear,1.5334110190975842e-09,0.9999999984665889
9140,0,0,SVM_Linear,0.9986273923802023,0.0013726076197977466
9958,0,0,SVM_Linear,0.9949129008362042,0.0050870991637959224
2079,0,0,SVM_Linear,0.9999998999999902,1.0000000994736041e-07
15142,1,1,SVM_Linear,1.7554168310889489e-07,0.9999998244583169
15995,1,1,SVM_Linear,9.022860887338086e-09,0.9999999909771391
7196,0,0,SVM_Linear,0.999983669449528,1.633055047206605e-05
8924,0,0,SVM_Linear,0.9992629192404764,0.000737080759523624
1205,0,0,SVM_Linear,0.9999998999999902,1.0000000994736041e-07
7125,0,0,SVM_Linear,0.999977963328859,2.203667114094058e-05
12409,1,1,SVM_Linear,3.00000089999998e-14,0.9999999999999699
2359,0,0,SVM_Linear,0.9999998999999902,1.0000000994736041e-07
16100,1,1,SVM_Linear,5.290937763378882e-09,0.9999999947090622
15387,1,1,SVM_Linear,2.2069669616049824e-06,0.9999977930330384
18968,1,1,SVM_Linear,3.00000089999998e-14,0.9999999999999699
2334,0,0,SVM_Linear,0.9999998999999902,1.0000000994736041e-07
14724,1,1,SVM_Linear,8.657642730026475e-07,0.999999134235727
1852,0,0,SVM_Linear,0.9999998999999902,1.0000000994736041e-07
3766,0,0,SVM_Linear,0.9999998999999902,1.0000000994736041e-07
4809,0,0,SVM_Linear,0.9999998999999902,1.0000000994736041e-07
2504,0,0,SVM_Linear,0.9999998999999902,1.0000000994736041e-07
16633,1,1,SVM_Linear,4.482946330747506e-12,0.9999999999955171
5486,0,0,SVM_Linear,0.9999998999999902,1.0000000994736041e-07
3744,0,0,SVM_Linear,0.9999998999999902,1.0000000994736041e-07
11963,1,1,SVM_Linear,3.00000089999998e-14,0.9999999999999699
8208,0,0,SVM_Linear,0.9999066530966944,9.33469033057252e-05
1826,0,0,SVM_Linear,0.9999998999999902,1.0000000994736041e-07
11585,1,1,SVM_Linear,1.7057757469503312e-13,0.9999999999998295
14955,1,1,SVM_Linear,3.840303809880208e-07,0.999999615969619
9186,0,0,SVM_Linear,0.9988911671478149,0.0011088328521849772
454,0,0,SVM_Linear,0.9999998999999902,1.0000000994736041e-07
3883,0,0,SVM_Linear,0.9999998999999902,1.0000000994736041e-07
4116,0,0,SVM_Linear,0.9999998999999902,1.0000000994736041e-07
15138,1,1,SVM_Linear,3.1409641865923263e-07,0.9999996859035813
3640,0,0,SVM_Linear,0.9999998999999902,1.0000000994736041e-07
5423,0,0,SVM_Linear,0.9999997646253725,2.3537462756729529e-07
2593,0,0,SVM_Linear,0.9999998999999902,1.0000000994736041e-07
10153,1,1,SVM_Linear,2.0189191336886782e-08,0.9999999798108087
11019,1,1,SVM_Linear,2.7590086006379606e-07,0.99999972409914
5343,0,0,SVM_Linear,0.9999997130505608,2.869494392822398e-07
3267,0,0,SVM_Linear,0.9999998999999902,1.0000000994736041e-07
17817,1,1,SVM_Linear,1.0050899519775159e-12,0.999999999998995
11842,1,1,SVM_Linear,3.00000089999998e-14,0.9999999999999699
2466,0,0,SVM_Linear,0.9999998999999902,1.0000000994736041e-07
17001,1,1,SVM_Linear,5.854653972529868e-12,0.9999999999941453
13206,1,1,SVM_Linear,3.00000089999998e-14,0.9999999999999699
9654,0,0,SVM_Linear,0.9974327514691773,0.0025672485308227333
2393,0,0,SVM_Linear,0.9999998999999902,1.0000000994736041e-07
768,0,0,SVM_Linear,0.9999998999999902,1.0000000994736041e-07
16672,1,1,SVM_Linear,4.635819411711575e-11,0.9999999999536419
15358,1,1,SVM_Linear,6.042970543924985e-08,0.9999999395702945
14669,1,1,SVM_Linear,1.7585912363740126e-06,0.9999982414087637
8592,0,0,SVM_Linear,0.9997100738818917,0.00028992611810832474
8727,0,0,SVM_Linear,0.9996920585525136,0.0003079414474865391
12973,1,1,SVM_Linear,3.00000089999998e-14,0.9999999999999699
281,0,0,SVM_Linear,0.9999998999999902,1.0000000994736041e-07
12874,1,1,SVM_Linear,3.00000089999998e-14,0.9999999999999699
10024,1,1,SVM_Linear,3.00000089999998e-14,0.9999999999999699
8238,0,0,SVM_Linear,0.9999429049495822,5.709505041784627e-05
17944,1,1,SVM_Linear,3.00000089999998e-14,0.9999999999999699
7511,0,0,SVM_Linear,0.9999842216587017,1.5778341298123786e-05
6656,0,0,SVM_Linear,0.9999954648997829,4.535100216943932e-06
5142,0,0,SVM_Linear,0.9999990398712952,9.601287047870055e-07
8006,0,0,SVM_Linear,0.9999104385135931,8.956148640682509e-05
8684,0,0,SVM_Linear,0.9997756395293653,0.00022436047063472282
10220,1,1,SVM_Linear,1.0064098820526644e-12,0.9999999999989937
8571,0,0,SVM_Linear,0.999794713377062,0.0002052866229379903
6640,0,0,SVM_Linear,0.9999937267618683,6.273238131695929e-06
12589,1,1,SVM_Linear,3.00000089999998e-14,0.9999999999999699
11577,1,1,SVM_Linear,8.187579988675027e-13,0.9999999999991813
15388,1,1,SVM_Linear,8.628051576240593e-08,0.9999999137194843
11252,1,1,SVM_Linear,3.00000089999998e-14,0.9999999999999699
8680,0,0,SVM_Linear,0.9995499313399903,0.0004500686600096691
17921,1,1,SVM_Linear,3.00000089999998e-14,0.9999999999999699
13494,1,1,SVM_Linear,3.00000089999998e-14,0.9999999999999699
2872,0,0,SVM_Linear,0.9999998999999902,1.0000000994736041e-07
16442,1,1,SVM_Linear,2.5495212473443853e-11,0.9999999999745047
17620,1,1,SVM_Linear,3.00000089999998e-14,0.9999999999999699
3812,0,0,SVM_Linear,0.9999998999999902,1.0000000994736041e-07
3287,0,0,SVM_Linear,0.9999998999999902,1.0000000994736041e-07
17030,1,1,SVM_Linear,4.0692766427935736e-13,0.999999999999593
16527,1,1,SVM_Linear,2.4281361627637235e-11,0.9999999999757186
14241,1,1,SVM_Linear,0.0035320964119615913,0.9964679035880385
3230,0,0,SVM_Linear,0.9999998999999902,1.0000000994736041e-07
2946,0,0,SVM_Linear,0.9999998999999902,1.0000000994736041e-07
1256,0,0,SVM_Linear,0.9999998999999902,1.0000000994736041e-07
8038,0,0,SVM_Linear,0.9999291673559846,7.083264401524744e-05
6873,0,0,SVM_Linear,0.9999947807928207,5.219207179278654e-06
4752,0,0,SVM_Linear,0.9999998999999902,1.0000000994736041e-07
6617,0,0,SVM_Linear,0.9999618556934369,3.8144306563235564e-05
12765,1,1,SVM_Linear,3.00000089999998e-14,0.9999999999999699
7906,0,0,SVM_Linear,0.9999492293778396,5.0770622160256606e-05
2734,0,0,SVM_Linear,0.9999998999999902,1.0000000994736041e-07
7554,0,0,SVM_Linear,0.9999890511371211,1.094886287883282e-05
13444,1,1,SVM_Linear,3.00000089999998e-14,0.9999999999999699
5752,0,0,SVM_Linear,0.9999754832447707,2.4516755229355925e-05
16352,1,1,SVM_Linear,3.792763325632082e-09,0.9999999962072368
16927,1,1,SVM_Linear,1.263456353807334e-09,0.9999999987365437
6371,0,0,SVM_Linear,0.9999993275063908,6.724936092959213e-07
899,0,0,SVM_Linear,0.9999998999999902,1.0000000994736041e-07
17388,1,1,SVM_Linear,4.4559014435794036e-14,0.9999999999999555
12674,1,1,SVM_Linear,3.00000089999998e-14,0.9999999999999699
2353,0,0,SVM_Linear,0.9999998999999902,1.0000000994736041e-07
699,0,0,SVM_Linear,0.9999998999999902,1.0000000994736041e-07
10027,1,1,SVM_Linear,3.00000089999998e-14,0.9999999999999699
16117,1,1,SVM_Linear,1.2112282373485225e-08,0.9999999878877176
9069,0,0,SVM_Linear,0.9993969934517086,0.0006030065482912566
8815,0,0,SVM_Linear,0.9992712008568964,0.0007287991431036777
4452,0,0,SVM_Linear,0.9999998999999902,1.0000000994736041e-07
16391,1,1,SVM_Linear,1.0164459206393824e-11,0.9999999999898356
14407,1,1,SVM_Linear,1.95042341573889e-06,0.9999980495765842
7294,0,0,SVM_Linear,0.9999826469051214,1.735309487867387e-05
5342,0,0,SVM_Linear,0.9999989739392318,1.0260607683196037e-06
9601,0,0,SVM_Linear,0.9980931229767753,0.0019068770232247784
13190,1,1,SVM_Linear,5.96269840719939e-14,0.9999999999999404
17358,1,1,SVM_Linear,6.678774890926189e-13,0.9999999999993322
148,0,0,SVM_Linear,0.9999998999999902,1.0000000994736041e-07
301,0,0,SVM_Linear,0.9999998999999902,1.0000000994736041e-07
18651,1,1,SVM_Linear,1.9953775020804637e-11,0.9999999999800462
6015,0,0,SVM_Linear,0.9999995361768307,4.638231693977245e-07
12090,1,1,SVM_Linear,3.00000089999998e-14,0.9999999999999699
8937,0,0,SVM_Linear,0.9996594607859899,0.0003405392140100871
9348,0,0,SVM_Linear,0.9990087495039329,0.0009912504960669563
13838,1,1,SVM_Linear,3.00000089999998e-14,0.9999999999999699
8189,0,0,SVM_Linear,0.9999382053629576,6.179463704235172e-05
8808,0,0,SVM_Linear,0.9995620778234854,0.00043792217651456684
14672,1,1,SVM_Linear,6.183745800607536e-06,0.9999938162541994
11100,1,1,SVM_Linear,0.0036600434287622687,0.9963399565712378
14500,1,1,SVM_Linear,6.268703733238343e-06,0.9999937312962668
11974,1,1,SVM_Linear,4.790156953883455e-09,0.9999999952098432
4644,0,0,SVM_Linear,0.9999998999999902,1.0000000994736041e-07
9470,0,0,SVM_Linear,0.9983740868845694,0.0016259131154306495
4311,0,0,SVM_Linear,0.9999998999999902,1.0000000994736041e-07
7992,0,0,SVM_Linear,0.9999178285645954,8.217143540452526e-05
14230,1,1,SVM_Linear,0.006495778052461489,0.9935042219475384
17227,1,1,SVM_Linear,3.432750588214559e-11,0.9999999999656725
18628,1,1,SVM_Linear,3.6933827933867905e-12,0.9999999999963066
16188,1,1,SVM_Linear,4.8149214451305324e-11,0.9999999999518508
12758,1,1,SVM_Linear,3.00000089999998e-14,0.9999999999999699
17850,1,1,SVM_Linear,3.00000089999998e-14,0.9999999999999699
3531,0,0,SVM_Linear,0.9999998999999902,1.0000000994736041e-07
8590,0,0,SVM_Linear,0.9996753983164165,0.0003246016835836154
11425,1,1,SVM_Linear,3.00000089999998e-14,0.9999999999999699
11959,1,1,SVM_Linear,1.336553854354578e-08,0.9999999866344614
3020,0,0,SVM_Linear,0.9999998999999902,1.0000000994736041e-07
5311,0,0,SVM_Linear,0.9999998999999902,1.0000000994736041e-07
5877,0,0,SVM_Linear,0.9999988350375058,1.1649624942404131e-06
6288,0,0,SVM_Linear,0.999999341267468,6.587325319068972e-07
8639,0,0,SVM_Linear,0.9994573971073948,0.0005426028926052097
18083,1,1,SVM_Linear,3.00000089999998e-14,0.9999999999999699
928,0,0,SVM_Linear,0.9999998999999902,1.0000000994736041e-07
6514,0,0,SVM_Linear,0.9996189635072835,0.00038103649271650075
1494,0,0,SVM_Linear,0.9999998999999902,1.0000000994736041e-07
9610,0,0,SVM_Linear,0.9958700530944693,0.004129946905530711
13739,1,1,SVM_Linear,3.00000089999998e-14,0.9999999999999699
16365,1,1,SVM_Linear,9.026980346102223e-12,0.999999999990973
8335,0,0,SVM_Linear,0.9998286436034169,0.00017135639658315063
15818,1,1,SVM_Linear,1.2690201496504364e-08,0.9999999873097984
630,0,0,SVM_Linear,0.9999998999999902,1.0000000994736041e-07
4719,0,0,SVM_Linear,0.999999814414783,1.8558521699679369e-07
6305,0,0,SVM_Linear,0.9999992852058586,7.147941414358888e-07
13643,1,1,SVM_Linear,3.00000089999998e-14,0.9999999999999699
10622,1,1,SVM_Linear,6.92076172197903e-09,0.9999999930792383
8433,0,0,SVM_Linear,0.9997916534490607,0.00020834655093926986
7158,0,0,SVM_Linear,0.9999792362473742,2.0763752625817785e-05
15955,1,1,SVM_Linear,5.132355066699764e-10,0.9999999994867644
302,0,0,SVM_Linear,0.9999998999999902,1.0000000994736041e-07
1202,0,0,SVM_Linear,0.9999998999999902,1.0000000994736041e-07
7004,0,0,SVM_Linear,0.9999994901977914,5.098022086645384e-07
12652,1,1,SVM_Linear,3.00000089999998e-14,0.9999999999999699
3216,0,0,SVM_Linear,0.9999998999999902,1.0000000994736041e-07
202,0,0,SVM_Linear,0.9999998999999902,1.0000000994736041e-07
13246,1,1,SVM_Linear,7.988881681789592e-14,0.9999999999999201
974,0,0,SVM_Linear,0.9999998999999902,1.0000000994736041e-07
8212,0,0,SVM_Linear,0.9999242575429914,7.574245700857701e-05
3797,0,0,SVM_Linear,0.9999998999999902,1.0000000994736041e-07
8557,0,0,SVM_Linear,0.9994417159267454,0.0005582840732545525
11798,1,1,SVM_Linear,3.00000089999998e-14,0.9999999999999699
5524,0,0,SVM_Linear,0.9999998999999902,1.0000000994736041e-07
12382,1,1,SVM_Linear,3.00000089999998e-14,0.9999999999999699
770,0,0,SVM_Linear,0.9999998999999902,1.0000000994736041e-07
18832,1,1,SVM_Linear,3.00000089999998e-14,0.9999999999999699
16847,1,1,SVM_Linear,4.072746481781736e-11,0.9999999999592726
1136,0,0,SVM_Linear,0.9999998999999902,1.0000000994736041e-07
5177,0,0,SVM_Linear,0.9999998873974689,1.126025310999229e-07
1906,0,0,SVM_Linear,0.9999998999999902,1.0000000994736041e-07
19040,1,1,SVM_Linear,3.00000089999998e-14,0.9999999999999699
9761,0,0,SVM_Linear,0.9959377395170816,0.004062260482918353
5088,0,0,SVM_Linear,0.9999967322049893,3.267795010847219e-06
13476,1,1,SVM_Linear,3.00000089999998e-14,0.9999999999999699
5626,0,0,SVM_Linear,0.9999996624976031,3.3750239691752007e-07
8465,0,0,SVM_Linear,0.999718723855716,0.0002812761442840374
15727,1,1,SVM_Linear,9.537074251454409e-08,0.9999999046292575
13989,1,1,SVM_Linear,1.4127156692517508e-05,0.9999858728433075
4211,0,0,SVM_Linear,0.999999889154398,1.1084560221575996e-07
2817,0,0,SVM_Linear,0.9999998999999902,1.0000000994736041e-07
1279,0,0,SVM_Linear,0.9999998999999902,1.0000000994736041e-07
6936,0,0,SVM_Linear,0.9997621911296796,0.00023780887032042862
936,0,0,SVM_Linear,0.9999998999999902,1.0000000994736041e-07
12697,1,1,SVM_Linear,3.00000089999998e-14,0.9999999999999699
6236,0,0,SVM_Linear,0.9999892501406453,1.0749859354685641e-05
14734,1,1,SVM_Linear,3.7261191710445874e-06,0.9999962738808289
3144,0,0,SVM_Linear,0.9999998999999902,1.0000000994736041e-07
15908,1,1,SVM_Linear,3.00000089999998e-14,0.9999999999999699
7577,0,0,SVM_Linear,0.9999783329717046,2.1667028295327525e-05
4795,0,0,SVM_Linear,0.9999991081654813,8.918345186800242e-07
13393,1,1,SVM_Linear,4.478723504133613e-13,0.999999999999552
16386,1,1,SVM_Linear,9.245950966715799e-12,0.999999999990754
3874,0,0,SVM_Linear,0.9999998999999902,1.0000000994736041e-07
10880,1,1,SVM_Linear,5.661593902448234e-10,0.9999999994338405
8716,0,0,SVM_Linear,0.9996170768545863,0.0003829231454136036
1120,0,0,SVM_Linear,0.9999998999999902,1.0000000994736041e-07
13619,1,1,SVM_Linear,3.00000089999998e-14,0.9999999999999699
6331,0,0,SVM_Linear,0.9999486441792234,5.1355820776511344e-05
854,0,0,SVM_Linear,0.9999998999999902,1.0000000994736041e-07
10080,1,1,SVM_Linear,3.00000089999998e-14,0.9999999999999699
12157,1,1,SVM_Linear,1.019116763774546e-09,0.9999999989808833
3451,0,0,SVM_Linear,0.9999998999999902,1.0000000994736041e-07
15684,1,1,SVM_Linear,2.271760546283944e-11,0.9999999999772824
14478,1,1,SVM_Linear,2.555614641618681e-06,0.9999974443853584
10544,1,1,SVM_Linear,1.8726807778988548e-08,0.9999999812731921
11794,1,1,SVM_Linear,3.00000089999998e-14,0.9999999999999699
5713,0,0,SVM_Linear,0.9999997508398509,2.491601491986372e-07
6943,0,0,SVM_Linear,0.998943318036128,0.0010566819638720706
17993,1,1,SVM_Linear,3.00000089999998e-14,0.9999999999999699
10265,1,1,SVM_Linear,7.88431068305239e-14,0.9999999999999211
12302,1,1,SVM_Linear,3.827262156861909e-14,0.9999999999999618
9809,0,0,SVM_Linear,0.9960540945808135,0.003945905419186517
13026,1,1,SVM_Linear,3.00000089999998e-14,0.9999999999999699
12921,1,1,SVM_Linear,1.4514959198839658e-11,0.999999999985485
10659,1,1,SVM_Linear,3.00000089999998e-14,0.9999999999999699
6506,0,0,SVM_Linear,0.9999996287043297,3.71295670402061e-07
15472,1,1,SVM_Linear,8.367029201141983e-08,0.999999916329708
19008,1,1,SVM_Linear,3.00000089999998e-14,0.9999999999999699
3676,0,0,SVM_Linear,0.9999998999999902,1.0000000994736041e-07
17738,1,1,SVM_Linear,3.00000089999998e-14,0.9999999999999699
3510,0,0,SVM_Linear,0.9999998999999902,1.0000000994736041e-07
792,0,0,SVM_Linear,0.9999998999999902,1.0000000994736041e-07
8256,0,0,SVM_Linear,0.9998713553448526,0.00012864465514736463
11468,1,1,SVM_Linear,3.00000089999998e-14,0.9999999999999699
13005,1,1,SVM_Linear,3.00000089999998e-14,0.9999999999999699
15133,1,1,SVM_Linear,5.351983749524512e-07,0.999999464801625
13811,1,1,SVM_Linear,4.704955827736019e-09,0.9999999952950442
5208,0,0,SVM_Linear,0.9999994091831883,5.908168117055195e-07
13810,1,1,SVM_Linear,3.00000089999998e-14,0.9999999999999699
19010,1,1,SVM_Linear,3.00000089999998e-14,0.9999999999999699
14309,1,1,SVM_Linear,6.565516265668015e-06,0.9999934344837343
8434,0,0,SVM_Linear,0.9998879249539335,0.00011207504606656114
11797,1,1,SVM_Linear,3.00000089999998e-14,0.9999999999999699
17180,1,1,SVM_Linear,5.0763002151744595e-14,0.9999999999999493
11465,1,1,SVM_Linear,3.00000089999998e-14,0.9999999999999699
12544,1,1,SVM_Linear,3.00000089999998e-14,0.9999999999999699
1386,0,0,SVM_Linear,0.9999998999999902,1.0000000994736041e-07
14298,1,1,SVM_Linear,0.0036103347332759,0.9963896652667238
7860,0,0,SVM_Linear,0.9999083727287059,9.162727129396381e-05
4806,0,0,SVM_Linear,0.9999998999999902,1.0000000994736041e-07
18747,1,1,SVM_Linear,3.00000089999998e-14,0.9999999999999699
237,0,0,SVM_Linear,0.9999998999999902,1.0000000994736041e-07
10243,1,1,SVM_Linear,1.765093141404323e-13,0.9999999999998236
12102,1,1,SVM_Linear,3.00000089999998e-14,0.9999999999999699
3335,0,0,SVM_Linear,0.9999998999999902,1.0000000994736041e-07
2958,0,0,SVM_Linear,0.9999998999999902,1.0000000994736041e-07
4835,0,0,SVM_Linear,0.9999997008916703,2.9910832964161487e-07
2752,0,0,SVM_Linear,0.9999998999999902,1.0000000994736041e-07
17222,1,1,SVM_Linear,8.558704111869495e-13,0.9999999999991441
12472,1,1,SVM_Linear,3.00000089999998e-14,0.9999999999999699
1191,0,0,SVM_Linear,0.9999998999999902,1.0000000994736041e-07
2141,0,0,SVM_Linear,0.9999998999999902,1.0000000994736041e-07
12772,1,1,SVM_Linear,3.00000089999998e-14,0.9999999999999699
1679,0,0,SVM_Linear,0.9999998999999902,1.0000000994736041e-07
10940,1,1,SVM_Linear,1.0766519466091195e-05,0.9999892334805339
18860,1,1,SVM_Linear,3.00000089999998e-14,0.9999999999999699
190,0,0,SVM_Linear,0.9999998999999902,1.0000000994736041e-07
11405,1,1,SVM_Linear,3.00000089999998e-14,0.9999999999999699
10649,1,1,SVM_Linear,2.7896961084411615e-11,0.999999999972103
14596,1,1,SVM_Linear,7.880720175164305e-06,0.9999921192798249
6106,0,0,SVM_Linear,0.9999998757456309,1.2425436924516713e-07
5258,0,0,SVM_Linear,0.999999574061657,4.259383430530657e-07
6801,0,0,SVM_Linear,0.9999515463405104,4.845365948951576e-05
17723,1,1,SVM_Linear,3.00000089999998e-14,0.9999999999999699
9441,0,0,SVM_Linear,0.9986171259621499,0.0013828740378501777
6981,0,0,SVM_Linear,0.9999993234470669,6.765529332090491e-07
17197,1,1,SVM_Linear,3.00000089999998e-14,0.9999999999999699
15040,1,1,SVM_Linear,9.58636249326401e-07,0.9999990413637506
13007,1,1,SVM_Linear,9.05401282376251e-11,0.9999999999094599
12164,1,1,SVM_Linear,1.1732956555074182e-08,0.9999999882670434
3173,0,0,SVM_Linear,0.9999998999999902,1.0000000994736041e-07
17260,1,1,SVM_Linear,5.686185144593529e-11,0.9999999999431382
514,0,0,SVM_Linear,0.9999998999999902,1.0000000994736041e-07
12987,1,1,SVM_Linear,3.00000089999998e-14,0.9999999999999699
13745,1,1,SVM_Linear,3.00000089999998e-14,0.9999999999999699
5134,0,0,SVM_Linear,0.9999998288620469,1.7113795312044525e-07
12256,1,1,SVM_Linear,6.623754850457933e-12,0.9999999999933762
16606,1,1,SVM_Linear,2.0920809984298138e-10,0.9999999997907919
14994,1,1,SVM_Linear,4.588813810167308e-07,0.9999995411186189
12395,1,1,SVM_Linear,3.00000089999998e-14,0.9999999999999699
3636,0,0,SVM_Linear,0.9999998999999902,1.0000000994736041e-07
10648,1,1,SVM_Linear,3.00000089999998e-14,0.9999999999999699
4388,0,0,SVM_Linear,0.9999998999999902,1.0000000994736041e-07
13355,1,1,SVM_Linear,6.11963468686901e-14,0.9999999999999388
13690,1,1,SVM_Linear,3.00000089999998e-14,0.9999999999999699
9045,0,0,SVM_Linear,0.9994320303437755,0.0005679696562245431
8997,0,0,SVM_Linear,0.999405594578039,0.0005944054219609032
2896,0,0,SVM_Linear,0.9999998999999902,1.0000000994736041e-07
3155,0,0,SVM_Linear,0.9999998999999902,1.0000000994736041e-07
12186,1,1,SVM_Linear,8.813207818284215e-08,0.9999999118679218
2243,0,0,SVM_Linear,0.9999998999999902,1.0000000994736041e-07
512,0,0,SVM_Linear,0.9999998999999902,1.0000000994736041e-07
9709,0,0,SVM_Linear,0.9962622263423085,0.0037377736576916032
7390,0,0,SVM_Linear,0.9999900072466879,9.992753312041127e-06
14680,1,1,SVM_Linear,1.5509006504475678e-06,0.9999984490993495
8519,0,0,SVM_Linear,0.9998608731132265,0.0001391268867734662
15884,1,1,SVM_Linear,8.43453813341729e-13,0.9999999999991566
9133,0,0,SVM_Linear,0.9989986744475785,0.0010013255524215796
11856,1,1,SVM_Linear,3.00000089999998e-14,0.9999999999999699
11980,1,1,SVM_Linear,3.00000089999998e-14,0.9999999999999699
3304,0,0,SVM_Linear,0.9999998999999902,1.0000000994736041e-07
3004,0,0,SVM_Linear,0.9999998999999902,1.0000000994736041e-07
9282,0,0,SVM_Linear,0.9987604221162408,0.0012395778837591422
15243,1,1,SVM_Linear,4.067809352900305e-07,0.9999995932190647
9967,0,0,SVM_Linear,0.9958371500837404,0.004162849916259606
1240,0,0,SVM_Linear,0.9999998999999902,1.0000000994736041e-07
9792,0,0,SVM_Linear,0.9952586192398345,0.004741380760165582
8234,0,0,SVM_Linear,0.9998868185540034,0.00011318144599655695
1735,0,0,SVM_Linear,0.9999998999999902,1.0000000994736041e-07
9726,0,0,SVM_Linear,0.9972658154114331,0.0027341845885670256
7266,0,0,SVM_Linear,0.9999940938817887,5.906118211283322e-06
3186,0,0,SVM_Linear,0.9999998999999902,1.0000000994736041e-07
7005,0,0,SVM_Linear,0.9999884030342349,1.1596965765189714e-05
3030,0,0,SVM_Linear,0.9999998999999902,1.0000000994736041e-07
4831,0,0,SVM_Linear,0.9999998999999902,1.0000000994736041e-07
4399,0,0,SVM_Linear,0.9999998999999902,1.0000000994736041e-07
2026,0,0,SVM_Linear,0.9999998999999902,1.0000000994736041e-07
7057,0,0,SVM_Linear,0.999872194297073,0.00012780570292708098
19047,1,1,SVM_Linear,3.00000089999998e-14,0.9999999999999699
7761,0,0,SVM_Linear,0.9999748841492395,2.5115850760351906e-05
4443,0,0,SVM_Linear,0.9999998999999902,1.0000000994736041e-07
15294,1,1,SVM_Linear,1.0417869326821783e-06,0.9999989582130674
9268,0,0,SVM_Linear,0.9989383484030699,0.00106165159693007
15833,1,1,SVM_Linear,5.421442952730073e-09,0.999999994578557
15418,1,1,SVM_Linear,8.269281864005894e-08,0.9999999173071813
2371,0,0,SVM_Linear,0.9999998999999902,1.0000000994736041e-07
2192,0,0,SVM_Linear,0.9999998999999902,1.0000000994736041e-07
4451,0,0,SVM_Linear,0.9999998999999902,1.0000000994736041e-07
6941,0,0,SVM_Linear,0.9858397847164567,0.014160215283543302
1707,0,0,SVM_Linear,0.9999998999999902,1.0000000994736041e-07
6002,0,0,SVM_Linear,0.9999652993596961,3.470064030385763e-05
116,0,0,SVM_Linear,0.9999998999999902,1.0000000994736041e-07
9770,0,0,SVM_Linear,0.9943020793535086,0.00569792064649158
19058,1,1,SVM_Linear,3.00000089999998e-14,0.9999999999999699
1059,0,0,SVM_Linear,0.9999998999999902,1.0000000994736041e-07
728,0,0,SVM_Linear,0.9999998999999902,1.0000000994736041e-07
14625,1,1,SVM_Linear,8.348465355342206e-06,0.9999916515346446
15546,1,1,SVM_Linear,3.0449438463746215e-08,0.9999999695505615
18064,1,1,SVM_Linear,3.00000089999998e-14,0.9999999999999699
984,0,0,SVM_Linear,0.9999998999999902,1.0000000994736041e-07
7123,0,0,SVM_Linear,0.9999868963170956,1.3103682904427219e-05
6265,0,0,SVM_Linear,0.9999994310999768,5.689000233283445e-07
11253,1,1,SVM_Linear,3.00000089999998e-14,0.9999999999999699
16399,1,1,SVM_Linear,3.897059647498773e-10,0.999999999610294
13066,1,1,SVM_Linear,3.00000089999998e-14,0.9999999999999699
2489,0,0,SVM_Linear,0.9999998999999902,1.0000000994736041e-07
1843,0,0,SVM_Linear,0.9999998999999902,1.0000000994736041e-07
7667,0,0,SVM_Linear,0.9999598990375324,4.010096246756389e-05
10124,1,1,SVM_Linear,3.00000089999998e-14,0.9999999999999699
8888,0,0,SVM_Linear,0.9991625500815721,0.0008374499184278584
760,0,0,SVM_Linear,0.9999998999999902,1.0000000994736041e-07
17999,1,1,SVM_Linear,3.00000089999998e-14,0.9999999999999699
9289,0,0,SVM_Linear,0.9991221013569339,0.0008778986430660199
8364,0,0,SVM_Linear,0.9999000062390605,9.999376093942368e-05
663,0,0,SVM_Linear,0.9999998999999902,1.0000000994736041e-07
10306,1,1,SVM_Linear,3.00000089999998e-14,0.9999999999999699
16066,1,1,SVM_Linear,4.628866109846177e-11,0.9999999999537114
14813,1,1,SVM_Linear,1.1054368746168172e-06,0.9999988945631254
16697,1,1,SVM_Linear,3.874039733444986e-11,0.9999999999612595
1927,0,0,SVM_Linear,0.9999998999999902,1.0000000994736041e-07
4971,0,0,SVM_Linear,0.9999998091087512,1.9089124883211253e-07
16440,1,1,SVM_Linear,2.585081878901807e-11,0.9999999999741491
1841,0,0,SVM_Linear,0.9999998999999902,1.0000000994736041e-07
1994,0,0,SVM_Linear,0.9999998999999902,1.0000000994736041e-07
19115,1,1,SVM_Linear,3.00000089999998e-14,0.9999999999999699
12581,1,1,SVM_Linear,3.00000089999998e-14,0.9999999999999699
15578,1,1,SVM_Linear,3.9414959069447705e-08,0.999999960585041
7424,0,0,SVM_Linear,0.9999984026715967,1.5973284033544254e-06
5367,0,0,SVM_Linear,0.9999998999999902,1.0000000994736041e-07
10867,1,1,SVM_Linear,7.965839060918089e-08,0.9999999203416094
11741,1,1,SVM_Linear,3.00000089999998e-14,0.9999999999999699
3009,0,0,SVM_Linear,0.9999998999999902,1.0000000994736041e-07
2717,0,0,SVM_Linear,0.9999998999999902,1.0000000994736041e-07
11263,1,1,SVM_Linear,3.00000089999998e-14,0.9999999999999699
2454,0,0,SVM_Linear,0.9999998999999902,1.0000000994736041e-07
6722,0,0,SVM_Linear,0.9999788550505537,2.114494944626617e-05
14229,1,1,SVM_Linear,2.8987455756618814e-06,0.9999971012544243
6806,0,0,SVM_Linear,0.9999254847949751,7.4515205024761e-05
11775,1,1,SVM_Linear,3.00000089999998e-14,0.9999999999999699
3179,0,0,SVM_Linear,0.9999998999999902,1.0000000994736041e-07
16826,1,1,SVM_Linear,2.014961079702293e-09,0.9999999979850389
7863,0,0,SVM_Linear,0.9999548406544372,4.515934556292635e-05
18981,1,1,SVM_Linear,3.00000089999998e-14,0.9999999999999699
8357,0,0,SVM_Linear,0.9997935338123944,0.00020646618760565474
18571,1,1,SVM_Linear,3.00000089999998e-14,0.9999999999999699
18440,1,1,SVM_Linear,3.00000089999998e-14,0.9999999999999699
7491,0,0,SVM_Linear,0.9999829126302667,1.7087369733298825e-05
3672,0,0,SVM_Linear,0.9999998999999902,1.0000000994736041e-07
13145,1,1,SVM_Linear,3.00000089999998e-14,0.9999999999999699
894,0,0,SVM_Linear,0.9999998999999902,1.0000000994736041e-07
12977,1,1,SVM_Linear,5.732588503699414e-13,0.9999999999994267
4465,0,0,SVM_Linear,0.999999878797995,1.2120200491183498e-07
8995,0,0,SVM_Linear,0.9994041666362805,0.0005958333637193643
13027,1,1,SVM_Linear,3.755654141430878e-13,0.9999999999996244
9093,0,0,SVM_Linear,0.998310059335878,0.0016899406641218678
2839,0,0,SVM_Linear,0.9999998999999902,1.0000000994736041e-07
7730,0,0,SVM_Linear,0.9999636881365536,3.6311863446351864e-05
12637,1,1,SVM_Linear,3.00000089999998e-14,0.9999999999999699
16438,1,1,SVM_Linear,1.2323127631381184e-10,0.9999999998767687
3036,0,0,SVM_Linear,0.9999998999999902,1.0000000994736041e-07
2959,0,0,SVM_Linear,0.9999998999999902,1.0000000994736041e-07
4784,0,0,SVM_Linear,0.9999998999999902,1.0000000994736041e-07
11885,1,1,SVM_Linear,3.00000089999998e-14,0.9999999999999699
10748,1,1,SVM_Linear,3.00000089999998e-14,0.9999999999999699
16990,1,1,SVM_Linear,3.2113407339750014e-11,0.9999999999678866
12094,1,1,SVM_Linear,3.00000089999998e-14,0.9999999999999699
12338,1,1,SVM_Linear,3.6932684857745025e-07,0.9999996306731513
17654,1,1,SVM_Linear,1.3605497655416888e-13,0.9999999999998639
2203,0,0,SVM_Linear,0.9999998999999902,1.0000000994736041e-07
18242,1,1,SVM_Linear,3.00000089999998e-14,0.9999999999999699
13707,1,1,SVM_Linear,3.00000089999998e-14,0.9999999999999699
12880,1,1,SVM_Linear,3.00000089999998e-14,0.9999999999999699
17486,1,1,SVM_Linear,3.00000089999998e-14,0.9999999999999699
7935,0,0,SVM_Linear,0.9999290378269646,7.096217303537917e-05
5387,0,0,SVM_Linear,0.9999978288950561,2.171104944010087e-06
7633,0,0,SVM_Linear,0.9999682489403334,3.175105966659766e-05
10425,1,1,SVM_Linear,3.00000089999998e-14,0.9999999999999699
11,0,0,SVM_Linear,0.9999998999999902,1.0000000994736041e-07
8646,0,0,SVM_Linear,0.9997647439327108,0.00023525606728921775
9337,0,0,SVM_Linear,0.9991282850150767,0.0008717149849233857
18035,1,1,SVM_Linear,3.00000089999998e-14,0.9999999999999699
15155,1,1,SVM_Linear,1.6596122056141883e-07,0.9999998340387795
7208,0,0,SVM_Linear,0.9999959960046271,4.003995373120767e-06
9533,0,0,SVM_Linear,0.9985258400182129,0.0014741599817872206
7340,0,0,SVM_Linear,0.9999536268349781,4.637316502189546e-05
10054,1,1,SVM_Linear,8.843233256155214e-11,0.9999999999115676
4748,0,0,SVM_Linear,0.999999875144986,1.248550139289032e-07
18115,1,1,SVM_Linear,3.00000089999998e-14,0.9999999999999699
8356,0,0,SVM_Linear,0.9998238149451282,0.00017618505487186745
18849,1,1,SVM_Linear,3.00000089999998e-14,0.9999999999999699
830,0,0,SVM_Linear,0.9999998999999902,1.0000000994736041e-07
5915,0,0,SVM_Linear,0.9999974038611832,2.5961388169246315e-06
10267,1,1,SVM_Linear,2.905097908831394e-12,0.999999999997095
2043,0,0,SVM_Linear,0.9999998999999902,1.0000000994736041e-07
15012,1,1,SVM_Linear,2.5333847753779153e-06,0.9999974666152246
15194,1,1,SVM_Linear,2.512389575009405e-07,0.9999997487610426
15068,1,1,SVM_Linear,3.77013504217157e-07,0.9999996229864958
7519,0,0,SVM_Linear,0.9999823154557316,1.7684544268380702e-05
2976,0,0,SVM_Linear,0.9999998999999902,1.0000000994736041e-07
6136,0,0,SVM_Linear,0.9999995977077841,4.0229221595220953e-07
13860,1,1,SVM_Linear,3.00000089999998e-14,0.9999999999999699
16069,1,1,SVM_Linear,2.000550854479052e-10,0.9999999997999449
504,0,0,SVM_Linear,0.9999998999999902,1.0000000994736041e-07
10910,1,1,SVM_Linear,2.4903867236557025e-08,0.9999999750961327
995,0,0,SVM_Linear,0.9999998999999902,1.0000000994736041e-07
3769,0,0,SVM_Linear,0.9999998999999902,1.0000000994736041e-07
18570,1,1,SVM_Linear,3.00000089999998e-14,0.9999999999999699
7842,0,0,SVM_Linear,0.9999469440780003,5.305592199960332e-05
16014,1,1,SVM_Linear,8.101581593085564e-10,0.9999999991898418
8776,0,0,SVM_Linear,0.9994863726795697,0.0005136273204302406
11370,1,1,SVM_Linear,3.00000089999998e-14,0.9999999999999699
6882,0,0,SVM_Linear,0.9991083213180986,0.0008916786819014077
7916,0,0,SVM_Linear,0.9999133752447158,8.662475528433867e-05
18236,1,1,SVM_Linear,6.917252183442981e-14,0.9999999999999309
2560,0,0,SVM_Linear,0.9999998999999902,1.0000000994736041e-07
6833,0,0,SVM_Linear,0.9999991381239478,8.618760522811844e-07
17144,1,1,SVM_Linear,3.2837045031836653e-10,0.9999999996716296
13971,1,1,SVM_Linear,8.432159110917479e-06,0.999991567840889
12587,1,1,SVM_Linear,3.00000089999998e-14,0.9999999999999699
4849,0,0,SVM_Linear,0.9999998305500473,1.6944995291657058e-07
4530,0,0,SVM_Linear,0.9999998999999902,1.0000000994736041e-07
18938,1,1,SVM_Linear,3.00000089999998e-14,0.9999999999999699
11961,1,1,SVM_Linear,4.106985766640051e-10,0.9999999995893014
5954,0,0,SVM_Linear,0.9999985836567653,1.4163432348659235e-06
12710,1,1,SVM_Linear,3.00000089999998e-14,0.9999999999999699
5222,0,0,SVM_Linear,0.9999998999999902,1.0000000994736041e-07
10418,1,1,SVM_Linear,4.287070225793705e-09,0.9999999957129299
14638,1,1,SVM_Linear,2.2430731821033415e-06,0.9999977569268178
3229,0,0,SVM_Linear,0.9999998999999902,1.0000000994736041e-07
778,0,0,SVM_Linear,0.9999998999999902,1.0000000994736041e-07
1734,0,0,SVM_Linear,0.9999998999999902,1.0000000994736041e-07
10241,1,1,SVM_Linear,3.00000089999998e-14,0.9999999999999699
4869,0,0,SVM_Linear,0.9999998999999902,1.0000000994736041e-07
6469,0,0,SVM_Linear,0.9999856832690822,1.4316730917907033e-05
6019,0,0,SVM_Linear,0.999988839248801,1.1160751199105629e-05
9985,0,0,SVM_Linear,0.9919758800697243,0.00802411993027574
18885,1,1,SVM_Linear,3.00000089999998e-14,0.9999999999999699
14517,1,1,SVM_Linear,2.2313094716761007e-06,0.9999977686905283
6563,0,0,SVM_Linear,0.9999997735508204,2.2644917961685254e-07
9706,0,0,SVM_Linear,0.994715931248409,0.005284068751590984
18174,1,1,SVM_Linear,6.040748116609469e-10,0.9999999993959251
8913,0,0,SVM_Linear,0.9997250767822049,0.00027492321779508426
38,0,0,SVM_Linear,0.9999998999999902,1.0000000994736041e-07
13173,1,1,SVM_Linear,3.00000089999998e-14,0.9999999999999699
11088,1,1,SVM_Linear,2.117797963022434e-06,0.999997882202037
671,0,0,SVM_Linear,0.9999998999999902,1.0000000994736041e-07
15839,1,1,SVM_Linear,2.722238673725026e-13,0.9999999999997279
4330,0,0,SVM_Linear,0.9999998395681389,1.6043186111042302e-07
726,0,0,SVM_Linear,0.9999998999999902,1.0000000994736041e-07
15777,1,1,SVM_Linear,1.9118709642166318e-12,0.9999999999980881
14402,1,1,SVM_Linear,2.032357069478695e-06,0.9999979676429306
19055,1,1,SVM_Linear,3.00000089999998e-14,0.9999999999999699
11336,1,1,SVM_Linear,3.00000089999998e-14,0.9999999999999699
9718,0,0,SVM_Linear,0.9969802684518547,0.0030197315481453484
16237,1,1,SVM_Linear,9.040731060799888e-09,0.9999999909592688
13174,1,1,SVM_Linear,3.00000089999998e-14,0.9999999999999699
3417,0,0,SVM_Linear,0.9999998999999902,1.0000000994736041e-07
18501,1,1,SVM_Linear,3.00000089999998e-14,0.9999999999999699
2056,0,0,SVM_Linear,0.9999998999999902,1.0000000994736041e-07
12277,1,1,SVM_Linear,0.0325482681516302,0.9674517318483699
11103,1,1,SVM_Linear,7.804411596461977e-09,0.9999999921955883
15816,1,1,SVM_Linear,2.5187999295549176e-09,0.9999999974812002
16300,1,1,SVM_Linear,1.4439327708893297e-12,0.999999999998556
9453,0,0,SVM_Linear,0.9974178608191706,0.0025821391808294666
6493,0,0,SVM_Linear,0.9999993795906293,6.204093707582712e-07
395,0,0,SVM_Linear,0.9999998999999902,1.0000000994736041e-07
14406,1,1,SVM_Linear,2.7389270995008073e-06,0.9999972610729005
10714,1,1,SVM_Linear,3.00000089999998e-14,0.9999999999999699
15222,1,1,SVM_Linear,4.485110273949507e-07,0.9999995514889726
11729,1,1,SVM_Linear,3.00000089999998e-14,0.9999999999999699
16379,1,1,SVM_Linear,4.459166132825827e-09,0.999999995540834
6047,0,0,SVM_Linear,0.999995519601317,4.480398682772204e-06
14430,1,1,SVM_Linear,5.856456995845003e-06,0.9999941435430041
2967,0,0,SVM_Linear,0.9999998999999902,1.0000000994736041e-07
2739,0,0,SVM_Linear,0.9999998999999902,1.0000000994736041e-07
7849,0,0,SVM_Linear,0.9999567014863526,4.3298513647395604e-05
11379,1,1,SVM_Linear,3.00000089999998e-14,0.9999999999999699
17963,1,1,SVM_Linear,3.00000089999998e-14,0.9999999999999699
5408,0,0,SVM_Linear,0.9999998696155735,1.3038442660242084e-07
7513,0,0,SVM_Linear,0.999972994237511,2.700576248904714e-05
11482,1,1,SVM_Linear,3.00000089999998e-14,0.9999999999999699
6269,0,0,SVM_Linear,0.999999590871525,4.091284750625076e-07
15692,1,1,SVM_Linear,3.00000089999998e-14,0.9999999999999699
12585,1,1,SVM_Linear,3.00000089999998e-14,0.9999999999999699
11768,1,1,SVM_Linear,3.00000089999998e-14,0.9999999999999699
2106,0,0,SVM_Linear,0.9999998999999902,1.0000000994736041e-07
9404,0,0,SVM_Linear,0.9979236528623299,0.0020763471376700846
3701,0,0,SVM_Linear,0.9999998999999902,1.0000000994736041e-07
17716,1,1,SVM_Linear,3.00000089999998e-14,0.9999999999999699
7832,0,0,SVM_Linear,0.9999501518440337,4.984815596631984e-05
6819,0,0,SVM_Linear,0.9997191367305877,0.00028086326941229213
6102,0,0,SVM_Linear,0.9999941535206747,5.84647932524049e-06
8545,0,0,SVM_Linear,0.9998618924528391,0.00013810754716080874
14729,1,1,SVM_Linear,4.3956896609377115e-06,0.9999956043103391
4061,0,0,SVM_Linear,0.9999998999999902,1.0000000994736041e-07
17283,1,1,SVM_Linear,1.1207470850010886e-12,0.9999999999988793
18220,1,1,SVM_Linear,3.00000089999998e-14,0.9999999999999699
7270,0,0,SVM_Linear,0.9999953431852437,4.656814756362812e-06
5179,0,0,SVM_Linear,0.9999998999999902,1.0000000994736041e-07
15632,1,1,SVM_Linear,3.00000089999998e-14,0.9999999999999699
17114,1,1,SVM_Linear,1.0692895025638519e-13,0.999999999999893
13098,1,1,SVM_Linear,3.00000089999998e-14,0.9999999999999699
9003,0,0,SVM_Linear,0.9992289621826941,0.0007710378173058494
18592,1,1,SVM_Linear,3.00000089999998e-14,0.9999999999999699
14202,1,1,SVM_Linear,0.0032778133006024393,0.9967221866993976
17966,1,1,SVM_Linear,3.00000089999998e-14,0.9999999999999699
18799,1,1,SVM_Linear,3.00000089999998e-14,0.9999999999999699
3147,0,0,SVM_Linear,0.9999998999999902,1.0000000994736041e-07
2511,0,0,SVM_Linear,0.9999998999999902,1.0000000994736041e-07
5750,0,0,SVM_Linear,0.9999994575339974,5.424660027324635e-07
2530,0,0,SVM_Linear,0.9999998999999902,1.0000000994736041e-07
2496,0,0,SVM_Linear,0.9999998999999902,1.0000000994736041e-07
4917,0,0,SVM_Linear,0.9999998999999902,1.0000000994736041e-07
4599,0,0,SVM_Linear,0.9999998999999902,1.0000000994736041e-07
1291,0,0,SVM_Linear,0.9999998999999902,1.0000000994736041e-07
9492,0,0,SVM_Linear,0.9970012167859127,0.002998783214087297
10490,1,1,SVM_Linear,7.25015397583159e-08,0.9999999274984602
980,0,0,SVM_Linear,0.9999998999999902,1.0000000994736041e-07
16678,1,1,SVM_Linear,3.673492857135928e-10,0.9999999996326506
5495,0,0,SVM_Linear,0.999999068570634,9.31429365885538e-07
11661,1,1,SVM_Linear,3.00000089999998e-14,0.9999999999999699
14967,1,1,SVM_Linear,1.5233107358912347e-06,0.9999984766892641
17214,1,1,SVM_Linear,1.0748708853834852e-11,0.9999999999892514
15132,1,1,SVM_Linear,9.146240248595351e-07,0.999999085375975
17813,1,1,SVM_Linear,3.00000089999998e-14,0.9999999999999699
6016,0,0,SVM_Linear,0.9999997924457438,2.0755425622837889e-07
6898,0,0,SVM_Linear,0.9999995751459594,4.248540405931067e-07
12848,1,1,SVM_Linear,8.042596627214243e-14,0.9999999999999195
1622,0,0,SVM_Linear,0.9999998999999902,1.0000000994736041e-07
17033,1,1,SVM_Linear,2.1204056287823267e-12,0.9999999999978796
9151,0,0,SVM_Linear,0.9993138323682826,0.0006861676317173781
16449,1,1,SVM_Linear,3.3648978103566966e-09,0.9999999966351022
9208,0,0,SVM_Linear,0.9986378019598976,0.0013621980401025793
1625,0,0,SVM_Linear,0.9999998999999902,1.0000000994736041e-07
775,0,0,SVM_Linear,0.9999998999999902,1.0000000994736041e-07
5122,0,0,SVM_Linear,0.9999996667441601,3.332558398497374e-07
15685,1,1,SVM_Linear,1.1886057280122668e-07,0.9999998811394272
4289,0,0,SVM_Linear,0.9999998999999902,1.0000000994736041e-07
12043,1,1,SVM_Linear,1.0000837846204047e-10,0.9999999998999916
12889,1,1,SVM_Linear,3.00000089999998e-14,0.9999999999999699
13134,1,1,SVM_Linear,3.00000089999998e-14,0.9999999999999699
8901,0,0,SVM_Linear,0.9994196682138841,0.0005803317861159515
7041,0,0,SVM_Linear,0.9999334039750273,6.659602497269166e-05
9746,0,0,SVM_Linear,0.9955876303027947,0.004412369697205414
8172,0,0,SVM_Linear,0.9999405840591999,5.9415940800179914e-05
6353,0,0,SVM_Linear,0.9992888572265287,0.0007111427734714069
2838,0,0,SVM_Linear,0.9999998999999902,1.0000000994736041e-07
17412,1,1,SVM_Linear,3.00000089999998e-14,0.9999999999999699
10218,1,1,SVM_Linear,1.0148433209224767e-13,0.9999999999998984
11931,1,1,SVM_Linear,3.00000089999998e-14,0.9999999999999699
18068,1,1,SVM_Linear,3.00000089999998e-14,0.9999999999999699
7494,0,0,SVM_Linear,0.9999810686856169,1.8931314383075124e-05
2143,0,0,SVM_Linear,0.9999998999999902,1.0000000994736041e-07
8319,0,0,SVM_Linear,0.999861230919582,0.00013876908041791081
17681,1,1,SVM_Linear,3.00000089999998e-14,0.9999999999999699
2469,0,0,SVM_Linear,0.9999998999999902,1.0000000994736041e-07
2875,0,0,SVM_Linear,0.9999998999999902,1.0000000994736041e-07
154,0,0,SVM_Linear,0.9999998999999902,1.0000000994736041e-07
9217,0,0,SVM_Linear,0.9989867638816079,0.0010132361183921175
18757,1,1,SVM_Linear,3.00000089999998e-14,0.9999999999999699
14106,1,1,SVM_Linear,0.003761484854254221,0.9962385151457458
4729,0,0,SVM_Linear,0.9999998999999902,1.0000000994736041e-07
8228,0,0,SVM_Linear,0.9998280002672217,0.00017199973277829924
2969,0,0,SVM_Linear,0.9999998999999902,1.0000000994736041e-07
7406,0,0,SVM_Linear,0.999867639485602,0.00013236051439811467
4021,0,0,SVM_Linear,0.9999998999999902,1.0000000994736041e-07
12010,1,1,SVM_Linear,2.6097174126629874e-09,0.9999999973902827
11304,1,1,SVM_Linear,3.00000089999998e-14,0.9999999999999699
12622,1,1,SVM_Linear,3.00000089999998e-14,0.9999999999999699
8805,0,0,SVM_Linear,0.9996270813409635,0.0003729186590367017
9472,0,0,SVM_Linear,0.9985808445656708,0.0014191554343292987
6610,0,0,SVM_Linear,0.9999989183639124,1.0816360875613902e-06
10025,1,1,SVM_Linear,8.703778368592738e-14,0.999999999999913
15660,1,1,SVM_Linear,2.502687584039453e-07,0.9999997497312416
10785,1,1,SVM_Linear,1.655221708049141e-10,0.9999999998344778
17511,1,1,SVM_Linear,3.00000089999998e-14,0.9999999999999699
12756,1,1,SVM_Linear,3.00000089999998e-14,0.9999999999999699
9919,0,0,SVM_Linear,0.9942346511902058,0.005765348809794116
2779,0,0,SVM_Linear,0.9999998999999902,1.0000000994736041e-07
9695,0,0,SVM_Linear,0.9970633843962244,0.002936615603775547
12205,1,1,SVM_Linear,3.00000089999998e-14,0.9999999999999699
7184,0,0,SVM_Linear,0.9999437812180627,5.621878193740654e-05
3042,0,0,SVM_Linear,0.9999998999999902,1.0000000994736041e-07
4543,0,0,SVM_Linear,0.9999998999999902,1.0000000994736041e-07
5293,0,0,SVM_Linear,0.9999992787281426,7.212718573316002e-07
8577,0,0,SVM_Linear,0.9998289229396339,0.00017107706036613768
18400,1,1,SVM_Linear,4.1912490133654694e-09,0.9999999958087511
4212,0,0,SVM_Linear,0.9999998999999902,1.0000000994736041e-07
1796,0,0,SVM_Linear,0.9999998999999902,1.0000000994736041e-07
15340,1,1,SVM_Linear,1.1785501600105576e-07,0.999999882144984
16848,1,1,SVM_Linear,1.1468315782105018e-12,0.9999999999988533
3712,0,0,SVM_Linear,0.9999998999999902,1.0000000994736041e-07
13712,1,1,SVM_Linear,3.00000089999998e-14,0.9999999999999699
3725,0,0,SVM_Linear,0.9999998999999902,1.0000000994736041e-07
18750,1,1,SVM_Linear,2.355248664935782e-11,0.9999999999764475
9091,0,0,SVM_Linear,0.9991054683968433,0.000894531603156629
4820,0,0,SVM_Linear,0.9999996584181684,3.415818317022059e-07
7668,0,0,SVM_Linear,0.9999753051950467,2.4694804953159173e-05
2419,0,0,SVM_Linear,0.9999998999999902,1.0000000994736041e-07
3300,0,0,SVM_Linear,0.9999998999999902,1.0000000994736041e-07
14665,1,1,SVM_Linear,1.074719102376422e-06,0.9999989252808976
4018,0,0,SVM_Linear,0.9999998999999902,1.0000000994736041e-07
6283,0,0,SVM_Linear,0.9999458479686135,5.415203138655597e-05
15372,1,1,SVM_Linear,7.90863249774511e-08,0.999999920913675
19104,1,1,SVM_Linear,3.00000089999998e-14,0.9999999999999699
4282,0,0,SVM_Linear,0.9999998999999902,1.0000000994736041e-07
5301,0,0,SVM_Linear,0.9999874335348764,1.256646512349227e-05
18618,1,1,SVM_Linear,2.1823908619883505e-11,0.999999999978176
4612,0,0,SVM_Linear,0.9999998999999902,1.0000000994736041e-07
9353,0,0,SVM_Linear,0.9980621407359564,0.0019378592640435237
7490,0,0,SVM_Linear,0.9998573439070154,0.00014265609298470174
13385,1,1,SVM_Linear,1.2173731490690117e-06,0.9999987826268508
481,0,0,SVM_Linear,0.9999998999999902,1.0000000994736041e-07
3241,0,0,SVM_Linear,0.9999998999999902,1.0000000994736041e-07
7285,0,0,SVM_Linear,0.9999824854462922,1.7514553707622927e-05
17051,1,1,SVM_Linear,4.483197870348221e-12,0.9999999999955169
18720,1,1,SVM_Linear,3.919342812997739e-13,0.999999999999608
3072,0,0,SVM_Linear,0.9999998999999902,1.0000000994736041e-07
2156,0,0,SVM_Linear,0.9999998999999902,1.0000000994736041e-07
7901,0,0,SVM_Linear,0.99990612215764,9.387784235989131e-05
10108,1,1,SVM_Linear,1.6342560037580583e-12,0.9999999999983656
11526,1,1,SVM_Linear,3.00000089999998e-14,0.9999999999999699
133,0,0,SVM_Linear,0.9999998999999902,1.0000000994736041e-07
6976,0,0,SVM_Linear,0.9999942503533479,5.7496466520816305e-06
6766,0,0,SVM_Linear,0.9999886295423883,1.1370457611690836e-05
9442,0,0,SVM_Linear,0.9972186404459452,0.0027813595540549106
18302,1,1,SVM_Linear,3.00000089999998e-14,0.9999999999999699
12673,1,1,SVM_Linear,3.00000089999998e-14,0.9999999999999699
7869,0,0,SVM_Linear,0.9999401178454386,5.988215456125131e-05
1689,0,0,SVM_Linear,0.9999998999999902,1.0000000994736041e-07
16504,1,1,SVM_Linear,3.7646257941474993e-13,0.9999999999996235
1980,0,0,SVM_Linear,0.9999998999999902,1.0000000994736041e-07
16945,1,1,SVM_Linear,1.2347231329466526e-10,0.9999999998765277
15107,1,1,SVM_Linear,1.4068064291456314e-07,0.9999998593193571
16462,1,1,SVM_Linear,1.356935654973967e-10,0.9999999998643063
18356,1,1,SVM_Linear,3.00000089999998e-14,0.9999999999999699
15998,1,1,SVM_Linear,5.4093615082494174e-08,0.9999999459063849
2074,0,0,SVM_Linear,0.9999998999999902,1.0000000994736041e-07
16065,1,1,SVM_Linear,1.0050268601060413e-07,0.9999998994973139
11377,1,1,SVM_Linear,3.00000089999998e-14,0.9999999999999699
8633,0,0,SVM_Linear,0.9996720198179446,0.0003279801820552959
16425,1,1,SVM_Linear,2.5272612333612365e-09,0.9999999974727388
11139,1,1,SVM_Linear,1.3041548063706973e-06,0.9999986958451936
235,0,0,SVM_Linear,0.9999998999999902,1.0000000994736041e-07
8795,0,0,SVM_Linear,0.9994562739591689,0.0005437260408311376
16878,1,1,SVM_Linear,3.00000089999998e-14,0.9999999999999699
11409,1,1,SVM_Linear,3.00000089999998e-14,0.9999999999999699
5592,0,0,SVM_Linear,0.9999997858118116,2.1418818854301493e-07
8669,0,0,SVM_Linear,0.9995969187683078,0.00040308123169225844
8322,0,0,SVM_Linear,0.999868137086894,0.00013186291310609443
3174,0,0,SVM_Linear,0.9999998999999902,1.0000000994736041e-07
9033,0,0,SVM_Linear,0.9992713589866802,0.0007286410133198146
9728,0,0,SVM_Linear,0.9972690461785427,0.0027309538214573812
6863,0,0,SVM_Linear,0.9999911552380103,8.844761989605449e-06
10230,1,1,SVM_Linear,6.285168756127497e-13,0.9999999999993715
7674,0,0,SVM_Linear,0.9999839763101214,1.6023689878616374e-05
7190,0,0,SVM_Linear,0.9998599166277171,0.0001400833722829783
16811,1,1,SVM_Linear,3.2679180346827336e-10,0.9999999996732082
6549,0,0,SVM_Linear,0.9999915199811834,8.48001881672789e-06
10377,1,1,SVM_Linear,4.4454103166117435e-14,0.9999999999999556
12517,1,1,SVM_Linear,0.007290484262147016,0.9927095157378532
5243,0,0,SVM_Linear,0.999999839819589,1.6018041116887227e-07
8601,0,0,SVM_Linear,0.9998025953242206,0.00019740467577942687
13773,1,1,SVM_Linear,3.00000089999998e-14,0.9999999999999699
5287,0,0,SVM_Linear,0.9999978949428108,2.1050571892044653e-06
17761,1,1,SVM_Linear,3.00000089999998e-14,0.9999999999999699
11459,1,1,SVM_Linear,3.00000089999998e-14,0.9999999999999699
8705,0,0,SVM_Linear,0.9998059771177401,0.0001940228822599387
6732,0,0,SVM_Linear,0.9999457488055673,5.4251194432610026e-05
1060,0,0,SVM_Linear,0.9999998999999902,1.0000000994736041e-07
9687,0,0,SVM_Linear,0.9962888674472593,0.0037111325527407414
6996,0,0,SVM_Linear,0.9999974173261148,2.5826738853017664e-06
8567,0,0,SVM_Linear,0.999576895914802,0.0004231040851978573
15553,1,1,SVM_Linear,8.206352723043012e-10,0.9999999991793648
6799,0,0,SVM_Linear,0.9999994275933531,5.724066469917656e-07
16265,1,1,SVM_Linear,6.245249753569922e-10,0.999999999375475
10378,1,1,SVM_Linear,3.00000089999998e-14,0.9999999999999699
9213,0,0,SVM_Linear,0.9991970414707805,0.000802958529219605
645,0,0,SVM_Linear,0.9999998999999902,1.0000000994736041e-07
7218,0,0,SVM_Linear,0.9999896704866524,1.0329513347585012e-05
10013,1,1,SVM_Linear,1.5138419607054077e-12,0.9999999999984861
18634,1,1,SVM_Linear,3.00000089999998e-14,0.9999999999999699
10787,1,1,SVM_Linear,5.367974435918253e-09,0.9999999946320255
10565,1,1,SVM_Linear,3.283283511207609e-10,0.9999999996716716
1542,0,0,SVM_Linear,0.9999998999999902,1.0000000994736041e-07
7455,0,0,SVM_Linear,0.9999354452675984,6.455473240169824e-05
14661,1,1,SVM_Linear,2.5392719988075217e-06,0.9999974607280011
14448,1,1,SVM_Linear,0.0029908790619577333,0.9970091209380422
14647,1,1,SVM_Linear,8.784755547550701e-06,0.9999912152444526
3472,0,0,SVM_Linear,0.9999998999999902,1.0000000994736041e-07
10234,1,1,SVM_Linear,3.00000089999998e-14,0.9999999999999699
12004,1,1,SVM_Linear,3.00000089999998e-14,0.9999999999999699
7804,0,0,SVM_Linear,0.9999549945851316,4.5005414868477036e-05
5777,0,0,SVM_Linear,0.9999993934413778,6.065586222022579e-07
2433,0,0,SVM_Linear,0.9999998999999902,1.0000000994736041e-07
16522,1,1,SVM_Linear,1.786762061926902e-11,0.9999999999821324
619,0,0,SVM_Linear,0.9999998999999902,1.0000000994736041e-07
2733,0,0,SVM_Linear,0.9999998999999902,1.0000000994736041e-07
18739,1,1,SVM_Linear,3.00000089999998e-14,0.9999999999999699
16375,1,1,SVM_Linear,4.280472353054883e-09,0.9999999957195277
8837,0,0,SVM_Linear,0.9994597103473113,0.000540289652688846
16509,1,1,SVM_Linear,2.874790146914237e-10,0.9999999997125211
632,0,0,SVM_Linear,0.9999998999999902,1.0000000994736041e-07
6542,0,0,SVM_Linear,0.9999998999999902,1.0000000994736041e-07
12508,1,1,SVM_Linear,3.00000089999998e-14,0.9999999999999699
8849,0,0,SVM_Linear,0.9996791606645434,0.00032083933545648833
13758,1,1,SVM_Linear,3.00000089999998e-14,0.9999999999999699
18231,1,1,SVM_Linear,5.583317033167922e-09,0.999999994416683
16293,1,1,SVM_Linear,6.769485820938172e-11,0.9999999999323053
1409,0,0,SVM_Linear,0.9999998999999902,1.0000000994736041e-07
16664,1,1,SVM_Linear,2.766070204994316e-10,0.999999999723393
1387,0,0,SVM_Linear,0.9999998999999902,1.0000000994736041e-07
10346,1,1,SVM_Linear,1.0817862502020081e-09,0.9999999989182138
1342,0,0,SVM_Linear,0.9999998999999902,1.0000000994736041e-07
5796,0,0,SVM_Linear,0.9999994380014773,5.619985228128337e-07
1048,0,0,SVM_Linear,0.9999998999999902,1.0000000994736041e-07
6089,0,0,SVM_Linear,0.9999993009400353,6.990599647664036e-07
14599,1,1,SVM_Linear,1.5631910554693348e-06,0.9999984368089446
11271,1,1,SVM_Linear,3.00000089999998e-14,0.9999999999999699
17193,1,1,SVM_Linear,5.081989900414224e-12,0.999999999994918
7404,0,0,SVM_Linear,0.9999973334889373,2.6665110629204117e-06
525,0,0,SVM_Linear,0.9999998999999902,1.0000000994736041e-07
716,0,0,SVM_Linear,0.9999998999999902,1.0000000994736041e-07
13336,1,1,SVM_Linear,3.00000089999998e-14,0.9999999999999699
5188,0,0,SVM_Linear,0.9999985743587243,1.4256412758709685e-06
5575,0,0,SVM_Linear,0.9999977799359964,2.2200640036384046e-06
5390,0,0,SVM_Linear,0.9999998999999902,1.0000000994736041e-07
13475,1,1,SVM_Linear,3.00000089999998e-14,0.9999999999999699
9347,0,0,SVM_Linear,0.9990536353008288,0.0009463646991712143
14502,1,1,SVM_Linear,1.2066058790938634e-05,0.9999879339412091
15307,1,1,SVM_Linear,8.133764028152219e-07,0.9999991866235972
13955,1,1,SVM_Linear,0.008786942908063457,0.9912130570919366
16621,1,1,SVM_Linear,5.098340421964226e-10,0.9999999994901659
2125,0,0,SVM_Linear,0.9999998999999902,1.0000000994736041e-07
5541,0,0,SVM_Linear,0.9999997970297106,2.0297028947220203e-07
4799,0,0,SVM_Linear,0.9999998999999902,1.0000000994736041e-07
5644,0,0,SVM_Linear,0.9999998101359944,1.8986400581668868e-07
14572,1,1,SVM_Linear,3.967771826732287e-06,0.9999960322281732
17400,1,1,SVM_Linear,1.3118324186326172e-12,0.9999999999986882
2744,0,0,SVM_Linear,0.9999998999999902,1.0000000994736041e-07
13647,1,1,SVM_Linear,3.00000089999998e-14,0.9999999999999699
15943,1,1,SVM_Linear,9.107787762853505e-08,0.9999999089221224
14713,1,1,SVM_Linear,3.0771984473572225e-06,0.9999969228015526
5675,0,0,SVM_Linear,0.9999998999999902,1.0000000994736041e-07
13223,1,1,SVM_Linear,1.9785207216327112e-09,0.9999999980214792
1265,0,0,SVM_Linear,0.9999998999999902,1.0000000994736041e-07
16969,1,1,SVM_Linear,2.3197710737706038e-11,0.9999999999768022
9800,0,0,SVM_Linear,0.9942938181606467,0.0057061818393534134
15339,1,1,SVM_Linear,1.0316770128534656e-06,0.9999989683229872
12724,1,1,SVM_Linear,3.00000089999998e-14,0.9999999999999699
14394,1,1,SVM_Linear,1.1136457386912241e-05,0.9999888635426131
8989,0,0,SVM_Linear,0.9997031933801847,0.00029680661981526345
11739,1,1,SVM_Linear,3.00000089999998e-14,0.9999999999999699
18270,1,1,SVM_Linear,3.00000089999998e-14,0.9999999999999699
8164,0,0,SVM_Linear,0.9999283957592744,7.16042407254855e-05
3067,0,0,SVM_Linear,0.9999998999999902,1.0000000994736041e-07
18249,1,1,SVM_Linear,3.00000089999998e-14,0.9999999999999699
18909,1,1,SVM_Linear,3.00000089999998e-14,0.9999999999999699
15923,1,1,SVM_Linear,3.1635734885065205e-09,0.9999999968364266
14982,1,1,SVM_Linear,2.868513705390348e-06,0.9999971314862945
2975,0,0,SVM_Linear,0.9999998999999902,1.0000000994736041e-07
8407,0,0,SVM_Linear,0.99985647581577,0.0001435241842300526
16597,1,1,SVM_Linear,8.682132505869123e-09,0.9999999913178674
1854,0,0,SVM_Linear,0.9999998999999902,1.0000000994736041e-07
15072,1,1,SVM_Linear,9.886481772961148e-07,0.9999990113518227
18906,1,1,SVM_Linear,3.00000089999998e-14,0.9999999999999699
11357,1,1,SVM_Linear,3.00000089999998e-14,0.9999999999999699
6960,0,0,SVM_Linear,0.9999306010383686,6.939896163129745e-05
5895,0,0,SVM_Linear,0.9999997101947685,2.898052314222997e-07
11673,1,1,SVM_Linear,3.00000089999998e-14,0.9999999999999699
16475,1,1,SVM_Linear,6.630507415997641e-10,0.9999999993369493
8549,0,0,SVM_Linear,0.9998330112852201,0.00016698871477998685
5256,0,0,SVM_Linear,0.9999979615862404,2.0384137595232947e-06
14392,1,1,SVM_Linear,6.0496650862403325e-06,0.9999939503349138
17012,1,1,SVM_Linear,3.3098063599600493e-10,0.9999999996690193
9319,0,0,SVM_Linear,0.9990862691561555,0.0009137308438443949
64,0,0,SVM_Linear,0.9999998999999902,1.0000000994736041e-07
17086,1,1,SVM_Linear,4.558626349254367e-12,0.9999999999954414
11434,1,1,SVM_Linear,3.00000089999998e-14,0.9999999999999699
822,0,0,SVM_Linear,0.9999998999999902,1.0000000994736041e-07
18594,1,1,SVM_Linear,3.00000089999998e-14,0.9999999999999699
3376,0,0,SVM_Linear,0.9999998999999902,1.0000000994736041e-07
11576,1,1,SVM_Linear,3.00000089999998e-14,0.9999999999999699
11745,1,1,SVM_Linear,3.00000089999998e-14,0.9999999999999699
5232,0,0,SVM_Linear,0.9999998999999902,1.0000000994736041e-07
12306,1,1,SVM_Linear,6.866310506418273e-10,0.999999999313369
16479,1,1,SVM_Linear,6.00847026606054e-13,0.999999999999399
10244,1,1,SVM_Linear,2.238027999201296e-11,0.9999999999776197
18659,1,1,SVM_Linear,3.00000089999998e-14,0.9999999999999699
3993,0,0,SVM_Linear,0.9999998999999902,1.0000000994736041e-07
12798,1,1,SVM_Linear,3.00000089999998e-14,0.9999999999999699
10402,1,1,SVM_Linear,1.69109767867695e-08,0.9999999830890232
16034,1,1,SVM_Linear,2.674342355394831e-07,0.9999997325657646
18285,1,1,SVM_Linear,3.00000089999998e-14,0.9999999999999699
12696,1,1,SVM_Linear,3.0145820695397516e-13,0.9999999999996986
15343,1,1,SVM_Linear,2.9062987220165924e-07,0.9999997093701277
15711,1,1,SVM_Linear,1.9564394292650875e-08,0.9999999804356057
9320,0,0,SVM_Linear,0.9985464236617888,0.001453576338211289
1771,0,0,SVM_Linear,0.9999998999999902,1.0000000994736041e-07
7486,0,0,SVM_Linear,0.9996359259507914,0.00036407404920857145
16671,1,1,SVM_Linear,1.9945492496901721e-10,0.9999999998005451
4426,0,0,SVM_Linear,0.9999998999999902,1.0000000994736041e-07
16331,1,1,SVM_Linear,4.309204398244116e-09,0.9999999956907957
11499,1,1,SVM_Linear,3.00000089999998e-14,0.9999999999999699
12951,1,1,SVM_Linear,3.00000089999998e-14,0.9999999999999699
9204,0,0,SVM_Linear,0.9989446358033633,0.0010553641966366495
12333,1,1,SVM_Linear,1.207010429571021e-11,0.99999999998793
1341,0,0,SVM_Linear,0.9999998999999902,1.0000000994736041e-07
13581,1,1,SVM_Linear,3.00000089999998e-14,0.9999999999999699
14915,1,1,SVM_Linear,4.6842359206426234e-07,0.9999995315764079
362,0,0,SVM_Linear,0.9999998999999902,1.0000000994736041e-07
18079,1,1,SVM_Linear,3.00000089999998e-14,0.9999999999999699
18156,1,1,SVM_Linear,3.00000089999998e-14,0.9999999999999699
15729,1,1,SVM_Linear,3.00000089999998e-14,0.9999999999999699
18957,1,1,SVM_Linear,3.00000089999998e-14,0.9999999999999699
7314,0,0,SVM_Linear,0.9999988003994843,1.1996005157709831e-06
9719,0,0,SVM_Linear,0.9942611008968997,0.005738899103100204
9461,0,0,SVM_Linear,0.9992027511017532,0.0007972488982466873
11848,1,1,SVM_Linear,3.00000089999998e-14,0.9999999999999699
2343,0,0,SVM_Linear,0.9999998999999902,1.0000000994736041e-07
1390,0,0,SVM_Linear,0.9999998999999902,1.0000000994736041e-07
6965,0,0,SVM_Linear,0.999989645449671,1.0354550328972325e-05
11738,1,1,SVM_Linear,3.00000089999998e-14,0.9999999999999699
2681,0,0,SVM_Linear,0.9999998999999902,1.0000000994736041e-07
16643,1,1,SVM_Linear,7.003479921887353e-12,0.9999999999929965
4261,0,0,SVM_Linear,0.9999998999999902,1.0000000994736041e-07
12111,1,1,SVM_Linear,3.00000089999998e-14,0.9999999999999699
14169,1,1,SVM_Linear,6.272097927962413e-06,0.9999937279020721
12198,1,1,SVM_Linear,3.221110736078596e-11,0.9999999999677889
11866,1,1,SVM_Linear,3.00000089999998e-14,0.9999999999999699
987,0,0,SVM_Linear,0.9999998999999902,1.0000000994736041e-07
12782,1,1,SVM_Linear,3.00000089999998e-14,0.9999999999999699
16782,1,1,SVM_Linear,1.6742703379515856e-10,0.999999999832573
4242,0,0,SVM_Linear,0.9999998999999902,1.0000000994736041e-07
16513,1,1,SVM_Linear,8.894884322419064e-11,0.9999999999110512
4930,0,0,SVM_Linear,0.9999993439103573,6.560896428549355e-07
14523,1,1,SVM_Linear,7.710434774099885e-06,0.9999922895652259
3854,0,0,SVM_Linear,0.9999998999999902,1.0000000994736041e-07
7657,0,0,SVM_Linear,0.9999772676726764,2.2732327323729887e-05
17390,1,1,SVM_Linear,3.00000089999998e-14,0.9999999999999699
5468,0,0,SVM_Linear,0.999999852400494,1.475995059760031e-07
2048,0,0,SVM_Linear,0.9999998999999902,1.0000000994736041e-07
5772,0,0,SVM_Linear,0.9999673562061131,3.264379388706096e-05
2105,0,0,SVM_Linear,0.9999998999999902,1.0000000994736041e-07
13412,1,1,SVM_Linear,3.00000089999998e-14,0.9999999999999699
16141,1,1,SVM_Linear,8.163075467037384e-10,0.9999999991836925
15126,1,1,SVM_Linear,4.424211280846876e-07,0.9999995575788719
17663,1,1,SVM_Linear,3.00000089999998e-14,0.9999999999999699
1301,0,0,SVM_Linear,0.9999998999999902,1.0000000994736041e-07
1887,0,0,SVM_Linear,0.9999998999999902,1.0000000994736041e-07
6894,0,0,SVM_Linear,0.9999474507247285,5.254927527159024e-05
2421,0,0,SVM_Linear,0.9999998999999902,1.0000000994736041e-07
1917,0,0,SVM_Linear,0.9999998999999902,1.0000000994736041e-07
4150,0,0,SVM_Linear,0.9999998999999902,1.0000000994736041e-07
10053,1,1,SVM_Linear,8.054624770390611e-12,0.9999999999919453
8278,0,0,SVM_Linear,0.999845056340772,0.00015494365922803384
17250,1,1,SVM_Linear,2.6954727649771523e-12,0.9999999999973046
15229,1,1,SVM_Linear,3.099503741416306e-07,0.9999996900496259
2590,0,0,SVM_Linear,0.9999998999999902,1.0000000994736041e-07
17135,1,1,SVM_Linear,3.00000089999998e-14,0.9999999999999699
17724,1,1,SVM_Linear,3.00000089999998e-14,0.9999999999999699
4158,0,0,SVM_Linear,0.9999998999999902,1.0000000994736041e-07
17625,1,1,SVM_Linear,3.00000089999998e-14,0.9999999999999699
5560,0,0,SVM_Linear,0.9999998342282271,1.6577177292199844e-07
11513,1,1,SVM_Linear,3.00000089999998e-14,0.9999999999999699
3553,0,0,SVM_Linear,0.9999998999999902,1.0000000994736041e-07
14770,1,1,SVM_Linear,3.000776261155213e-06,0.9999969992237389
14358,1,1,SVM_Linear,1.6608819757923873e-05,0.999983391180242
12817,1,1,SVM_Linear,6.821459578595661e-13,0.9999999999993179
8219,0,0,SVM_Linear,0.9998943782878585,0.00010562171214158852
15747,1,1,SVM_Linear,1.4677799111169871e-08,0.9999999853222008
8915,0,0,SVM_Linear,0.9990317048033075,0.0009682951966925149
11501,1,1,SVM_Linear,3.00000089999998e-14,0.9999999999999699
5083,0,0,SVM_Linear,0.9999981710864002,1.8289135996857274e-06
7059,0,0,SVM_Linear,0.9999932654604321,6.734539568033765e-06
4199,0,0,SVM_Linear,0.9999998999999902,1.0000000994736041e-07
5280,0,0,SVM_Linear,0.9999998836632693,1.163367306828384e-07
14308,1,1,SVM_Linear,1.9375121415471727e-06,0.9999980624878585
8591,0,0,SVM_Linear,0.999745656503043,0.0002543434969568891
10095,1,1,SVM_Linear,3.00000089999998e-14,0.9999999999999699
7029,0,0,SVM_Linear,0.9999701455631607,2.9854436839485343e-05
9020,0,0,SVM_Linear,0.999087465649545,0.000912534350454943
16191,1,1,SVM_Linear,6.851635676488471e-08,0.9999999314836432
12103,1,1,SVM_Linear,1.9925619755299164e-13,0.9999999999998008
10258,1,1,SVM_Linear,1.0343394898854583e-12,0.9999999999989657
5240,0,0,SVM_Linear,0.9999998665396997,1.3346030019267462e-07
2849,0,0,SVM_Linear,0.9999998999999902,1.0000000994736041e-07
17678,1,1,SVM_Linear,3.00000089999998e-14,0.9999999999999699
3810,0,0,SVM_Linear,0.9999998999999902,1.0000000994736041e-07
16845,1,1,SVM_Linear,1.0867932530075758e-10,0.9999999998913206
11882,1,1,SVM_Linear,3.00000089999998e-14,0.9999999999999699
5490,0,0,SVM_Linear,0.999997270390843,2.7296091570856682e-06
2551,0,0,SVM_Linear,0.9999998999999902,1.0000000994736041e-07
4892,0,0,SVM_Linear,0.9999998999999902,1.0000000994736041e-07
1308,0,0,SVM_Linear,0.9999998999999902,1.0000000994736041e-07
3584,0,0,SVM_Linear,0.9999998999999902,1.0000000994736041e-07
1000,0,0,SVM_Linear,0.9999998999999902,1.0000000994736041e-07
12927,1,1,SVM_Linear,7.071244144474248e-13,0.9999999999992929
3028,0,0,SVM_Linear,0.9999998999999902,1.0000000994736041e-07
9836,0,0,SVM_Linear,0.9944159981144501,0.005584001885549846
10642,1,1,SVM_Linear,3.00000089999998e-14,0.9999999999999699
18975,1,1,SVM_Linear,3.00000089999998e-14,0.9999999999999699
13029,1,1,SVM_Linear,3.00000089999998e-14,0.9999999999999699
3594,0,0,SVM_Linear,0.9999998999999902,1.0000000994736041e-07
18043,1,1,SVM_Linear,3.00000089999998e-14,0.9999999999999699
11105,1,1,SVM_Linear,6.875024245046502e-08,0.9999999312497575
17240,1,1,SVM_Linear,3.0430430276513006e-11,0.9999999999695696
10825,1,1,SVM_Linear,5.044134472168286e-09,0.9999999949558654
9670,0,0,SVM_Linear,0.9952116462681165,0.004788353731883388
1648,0,0,SVM_Linear,0.9999998999999902,1.0000000994736041e-07
8162,0,0,SVM_Linear,0.9998876748855002,0.00011232511449979316
5855,0,0,SVM_Linear,0.9999987218784168,1.2781215832370197e-06
9240,0,0,SVM_Linear,0.9988291175499127,0.00117088245008725
7673,0,0,SVM_Linear,0.9999388605204861,6.113947951384103e-05
10280,1,1,SVM_Linear,3.00000089999998e-14,0.9999999999999699
11948,1,1,SVM_Linear,6.339341719153464e-13,0.9999999999993661
6327,0,0,SVM_Linear,0.9999883095494573,1.1690450542751988e-05
11408,1,1,SVM_Linear,3.00000089999998e-14,0.9999999999999699
9007,0,0,SVM_Linear,0.9994096140320957,0.0005903859679042753
16080,1,1,SVM_Linear,3.712420634417959e-09,0.9999999962875794
2541,0,0,SVM_Linear,0.9999998999999902,1.0000000994736041e-07
11063,1,1,SVM_Linear,1.3978260917790483e-06,0.9999986021739082
74,0,0,SVM_Linear,0.9999998999999902,1.0000000994736041e-07
9692,0,0,SVM_Linear,0.9942782918826014,0.005721708117398463
1571,0,0,SVM_Linear,0.9999998999999902,1.0000000994736041e-07
13551,1,1,SVM_Linear,3.00000089999998e-14,0.9999999999999699
1646,0,0,SVM_Linear,0.9999998999999902,1.0000000994736041e-07
10700,1,1,SVM_Linear,3.00000089999998e-14,0.9999999999999699
10582,1,1,SVM_Linear,1.4865396520852297e-11,0.9999999999851347
6668,0,0,SVM_Linear,0.999993957523357,6.042476643003263e-06
14999,1,1,SVM_Linear,2.357167923686594e-06,0.9999976428320763
2961,0,0,SVM_Linear,0.9999998999999902,1.0000000994736041e-07
15109,1,1,SVM_Linear,5.172615878436368e-06,0.9999948273841216
6012,0,0,SVM_Linear,0.9999957914021382,4.208597861782343e-06
18987,1,1,SVM_Linear,3.00000089999998e-14,0.9999999999999699
16674,1,1,SVM_Linear,3.944251233584616e-10,0.9999999996055748
6359,0,0,SVM_Linear,0.999993119732514,6.880267486067257e-06
405,0,0,SVM_Linear,0.9999998999999902,1.0000000994736041e-07
19084,1,1,SVM_Linear,3.00000089999998e-14,0.9999999999999699
15052,1,1,SVM_Linear,7.535709040693178e-07,0.9999992464290959
16910,1,1,SVM_Linear,7.67153986451339e-09,0.99999999232846
8415,0,0,SVM_Linear,0.9998873008562272,0.00011269914377286156
17930,1,1,SVM_Linear,3.00000089999998e-14,0.9999999999999699
15679,1,1,SVM_Linear,4.769120037364975e-09,0.99999999523088
12853,1,1,SVM_Linear,3.00000089999998e-14,0.9999999999999699
16205,1,1,SVM_Linear,8.940212962680566e-08,0.9999999105978704
13383,1,1,SVM_Linear,3.00000089999998e-14,0.9999999999999699
5655,0,0,SVM_Linear,0.9999950752714653,4.92472853482847e-06
11229,1,1,SVM_Linear,3.00000089999998e-14,0.9999999999999699
13808,1,1,SVM_Linear,3.00000089999998e-14,0.9999999999999699
1619,0,0,SVM_Linear,0.9999998999999902,1.0000000994736041e-07
9539,0,0,SVM_Linear,0.9980201336908024,0.0019798663091974843
10711,1,1,SVM_Linear,3.00000089999998e-14,0.9999999999999699
10698,1,1,SVM_Linear,3.00000089999998e-14,0.9999999999999699
3462,0,0,SVM_Linear,0.9999998999999902,1.0000000994736041e-07
7215,0,0,SVM_Linear,0.9999978020012952,2.1979987048217252e-06
16862,1,1,SVM_Linear,1.1152080849706726e-10,0.9999999998884791
876,0,0,SVM_Linear,0.9999998999999902,1.0000000994736041e-07
2891,0,0,SVM_Linear,0.9999998999999902,1.0000000994736041e-07
17988,1,1,SVM_Linear,3.00000089999998e-14,0.9999999999999699
6467,0,0,SVM_Linear,0.9999921907163559,7.809283644245377e-06
9870,0,0,SVM_Linear,0.9933960888356839,0.0066039111643160465
832,0,0,SVM_Linear,0.9999998999999902,1.0000000994736041e-07
10014,1,1,SVM_Linear,2.118964143145956e-11,0.9999999999788103
1,0,0,SVM_Linear,0.9999998999999902,1.0000000994736041e-07
6644,0,0,SVM_Linear,0.9999987340346349,1.2659653651429094e-06
6097,0,0,SVM_Linear,0.999919086003872,8.091399612798392e-05
922,0,0,SVM_Linear,0.9999998999999902,1.0000000994736041e-07
5811,0,0,SVM_Linear,0.9999998999999902,1.0000000994736041e-07
13021,1,1,SVM_Linear,4.6525621952031234e-14,0.9999999999999535
11746,1,1,SVM_Linear,3.00000089999998e-14,0.9999999999999699
7777,0,0,SVM_Linear,0.9999493817972022,5.061820279786482e-05
8413,0,0,SVM_Linear,0.999807334643946,0.00019266535605392762
6588,0,0,SVM_Linear,0.9999731767857664,2.6823214233671012e-05
10912,1,1,SVM_Linear,2.1123260885541402e-06,0.9999978876739115
16472,1,1,SVM_Linear,5.453521194011822e-10,0.9999999994546478
1306,0,0,SVM_Linear,0.9999998999999902,1.0000000994736041e-07
7009,0,0,SVM_Linear,0.9999835640575256,1.643594247432606e-05
2708,0,0,SVM_Linear,0.9999998999999902,1.0000000994736041e-07
9943,0,0,SVM_Linear,0.9963247055805837,0.003675294419416168
17604,1,1,SVM_Linear,3.00000089999998e-14,0.9999999999999699
12605,1,1,SVM_Linear,3.00000089999998e-14,0.9999999999999699
6166,0,0,SVM_Linear,0.9999954474165362,4.55258346368596e-06
2878,0,0,SVM_Linear,0.9999998999999902,1.0000000994736041e-07
11239,1,1,SVM_Linear,3.00000089999998e-14,0.9999999999999699
15001,1,1,SVM_Linear,9.826915479304198e-07,0.9999990173084521
10728,1,1,SVM_Linear,3.00000089999998e-14,0.9999999999999699
18196,1,1,SVM_Linear,3.9194232244698446e-11,0.9999999999608058
7174,0,0,SVM_Linear,0.9999916629048453,8.337095154629534e-06
14747,1,1,SVM_Linear,3.682031581811196e-06,0.9999963179684181
17536,1,1,SVM_Linear,3.00000089999998e-14,0.9999999999999699
7069,0,0,SVM_Linear,0.9999808947732418,1.910522675820417e-05
12912,1,1,SVM_Linear,3.00000089999998e-14,0.9999999999999699
17050,1,1,SVM_Linear,5.2015973429335605e-14,0.999999999999948
2475,0,0,SVM_Linear,0.9999998999999902,1.0000000994736041e-07
8207,0,0,SVM_Linear,0.9997968605974483,0.00020313940255169764
17090,1,1,SVM_Linear,1.9112291521060132e-11,0.9999999999808877
14063,1,1,SVM_Linear,0.005193181838078323,0.9948068181619215
5797,0,0,SVM_Linear,0.9999990909230373,9.090769627847863e-07
19128,1,1,SVM_Linear,3.00000089999998e-14,0.9999999999999699
17371,1,1,SVM_Linear,8.527345338029491e-13,0.9999999999991473
94,0,0,SVM_Linear,0.9999998999999902,1.0000000994736041e-07
6609,0,0,SVM_Linear,0.9999130170301952,8.698296980478075e-05
261,0,0,SVM_Linear,0.9999998999999902,1.0000000994736041e-07
11040,1,1,SVM_Linear,2.219828776943673e-11,0.9999999999778016
4895,0,0,SVM_Linear,0.9999998999999902,1.0000000994736041e-07
5776,0,0,SVM_Linear,0.9999998999999902,1.0000000994736041e-07
18641,1,1,SVM_Linear,7.820870082897304e-12,0.999999999992179
10487,1,1,SVM_Linear,0.0049345844374236135,0.9950654155625761
17163,1,1,SVM_Linear,4.249097929446963e-13,0.999999999999575
17373,1,1,SVM_Linear,2.9769613794171957e-13,0.9999999999997023
9629,0,0,SVM_Linear,0.9973496179149515,0.0026503820850485955
2265,0,0,SVM_Linear,0.9999998999999902,1.0000000994736041e-07
8623,0,0,SVM_Linear,0.9996881991740248,0.00031180082597518835
12825,1,1,SVM_Linear,5.252785193296534e-13,0.9999999999994746
10828,1,1,SVM_Linear,7.638035661527976e-06,0.9999923619643385
10772,1,1,SVM_Linear,2.755692939706003e-07,0.9999997244307061
2568,0,0,SVM_Linear,0.9999998999999902,1.0000000994736041e-07
9488,0,0,SVM_Linear,0.9979629818599004,0.002037018140099636
9639,0,0,SVM_Linear,0.9968467492118386,0.003153250788161312
2914,0,0,SVM_Linear,0.9999998999999902,1.0000000994736041e-07
15315,1,1,SVM_Linear,8.541657488995202e-08,0.9999999145834252
4225,0,0,SVM_Linear,0.9999998999999902,1.0000000994736041e-07
3486,0,0,SVM_Linear,0.9999998999999902,1.0000000994736041e-07
6787,0,0,SVM_Linear,0.9999844623085499,1.5537691450244e-05
7437,0,0,SVM_Linear,0.9999923802349882,7.6197650116744454e-06
10142,1,1,SVM_Linear,3.00000089999998e-14,0.9999999999999699
10416,1,1,SVM_Linear,3.00000089999998e-14,0.9999999999999699
17398,1,1,SVM_Linear,9.554169599813496e-13,0.9999999999990447
14451,1,1,SVM_Linear,4.649690816064888e-06,0.9999953503091839
3419,0,0,SVM_Linear,0.9999998999999902,1.0000000994736041e-07
5726,0,0,SVM_Linear,0.999999707799574,2.9220042608226013e-07
12950,1,1,SVM_Linear,3.00000089999998e-14,0.9999999999999699
18254,1,1,SVM_Linear,3.00000089999998e-14,0.9999999999999699
16417,1,1,SVM_Linear,1.6707223727967026e-09,0.9999999983292776
4425,0,0,SVM_Linear,0.9999998999999902,1.0000000994736041e-07
14216,1,1,SVM_Linear,2.0305961083366477e-06,0.9999979694038916
18223,1,1,SVM_Linear,3.00000089999998e-14,0.9999999999999699
12747,1,1,SVM_Linear,3.00000089999998e-14,0.9999999999999699
5881,0,0,SVM_Linear,0.9999995267486974,4.7325130262485805e-07
12261,1,1,SVM_Linear,3.00000089999998e-14,0.9999999999999699
1380,0,0,SVM_Linear,0.9999998999999902,1.0000000994736041e-07
10175,1,1,SVM_Linear,3.00000089999998e-14,0.9999999999999699
17916,1,1,SVM_Linear,3.00000089999998e-14,0.9999999999999699
17800,1,1,SVM_Linear,3.00000089999998e-14,0.9999999999999699
17795,1,1,SVM_Linear,3.00000089999998e-14,0.9999999999999699
5005,0,0,SVM_Linear,0.9999998999999902,1.0000000994736041e-07
7904,0,0,SVM_Linear,0.9999370306927104,6.296930728960301e-05
17330,1,1,SVM_Linear,1.2397194995998711e-11,0.9999999999876028
7140,0,0,SVM_Linear,0.9999854942820395,1.450571796041973e-05
16298,1,1,SVM_Linear,2.3140934884105897e-09,0.9999999976859064
2120,0,0,SVM_Linear,0.9999998999999902,1.0000000994736041e-07
14138,1,1,SVM_Linear,1.528578072934403e-05,0.9999847142192706
12556,1,1,SVM_Linear,1.2753815030348786e-11,0.9999999999872462
2336,0,0,SVM_Linear,0.9999998999999902,1.0000000994736041e-07
804,0,0,SVM_Linear,0.9999998999999902,1.0000000994736041e-07
11651,1,1,SVM_Linear,3.00000089999998e-14,0.9999999999999699
12371,1,1,SVM_Linear,3.00000089999998e-14,0.9999999999999699
13468,1,1,SVM_Linear,4.160659471040509e-08,0.9999999583934053
12775,1,1,SVM_Linear,4.573255928482302e-14,0.9999999999999543
10222,1,1,SVM_Linear,6.527606758346598e-11,0.999999999934724
16145,1,1,SVM_Linear,3.863602546856208e-09,0.9999999961363976
3863,0,0,SVM_Linear,0.9999998999999902,1.0000000994736041e-07
17199,1,1,SVM_Linear,1.1156872515006868e-13,0.9999999999998884
6949,0,0,SVM_Linear,0.999986859836463,1.3140163537208863e-05
4468,0,0,SVM_Linear,0.9999996109270539,3.8907294613715244e-07
6585,0,0,SVM_Linear,0.9999767715797382,2.322842026189212e-05
1481,0,0,SVM_Linear,0.9999998999999902,1.0000000994736041e-07
8702,0,0,SVM_Linear,0.9995080538295865,0.0004919461704134535
15624,1,1,SVM_Linear,3.788715579277496e-12,0.9999999999962114
4725,0,0,SVM_Linear,0.9999998999999902,1.0000000994736041e-07
8662,0,0,SVM_Linear,0.9996944711242733,0.0003055288757265219
10488,1,1,SVM_Linear,9.321291107085503e-09,0.9999999906787088
3713,0,0,SVM_Linear,0.9999998999999902,1.0000000994736041e-07
17588,1,1,SVM_Linear,3.00000089999998e-14,0.9999999999999699
13530,1,1,SVM_Linear,3.00000089999998e-14,0.9999999999999699
15289,1,1,SVM_Linear,1.9867798883422454e-06,0.9999980132201117
6892,0,0,SVM_Linear,0.9999355313988505,6.446860114952574e-05
4904,0,0,SVM_Linear,0.9999996095245116,3.904754884247935e-07
12937,1,1,SVM_Linear,3.00000089999998e-14,0.9999999999999699
600,0,0,SVM_Linear,0.9999998999999902,1.0000000994736041e-07
9299,0,0,SVM_Linear,0.9992678508404311,0.0007321491595688568
4227,0,0,SVM_Linear,0.9999998999999902,1.0000000994736041e-07
14221,1,1,SVM_Linear,7.98262659155059e-06,0.9999920173734085
364,0,0,SVM_Linear,0.9999998999999902,1.0000000994736041e-07
12499,1,1,SVM_Linear,3.00000089999998e-14,0.9999999999999699
17586,1,1,SVM_Linear,3.00000089999998e-14,0.9999999999999699
15280,1,1,SVM_Linear,1.5590892707633977e-07,0.999999844091073
3687,0,0,SVM_Linear,0.9999998999999902,1.0000000994736041e-07
11083,1,1,SVM_Linear,3.503193365322317e-07,0.9999996496806636
9494,0,0,SVM_Linear,0.9982198250528591,0.001780174947140775
16712,1,1,SVM_Linear,1.3317931258360928e-10,0.9999999998668206
7686,0,0,SVM_Linear,0.9999802960330294,1.970396697065373e-05
7634,0,0,SVM_Linear,0.9999853019729019,1.4698027098157098e-05
8110,0,0,SVM_Linear,0.9999622097675095,3.779023249040867e-05
6031,0,0,SVM_Linear,0.999999096708075,9.032919250652218e-07
8790,0,0,SVM_Linear,0.9995685435533156,0.0004314564466844268
6530,0,0,SVM_Linear,0.9999997757078637,2.2429213643307132e-07
5539,0,0,SVM_Linear,0.9999996700662966,3.2993370330114184e-07
15455,1,1,SVM_Linear,3.9616457645884705e-09,0.9999999960383543
8627,0,0,SVM_Linear,0.9997242875486851,0.00027571245131480113
16784,1,1,SVM_Linear,2.2287771883263775e-10,0.9999999997771223
9109,0,0,SVM_Linear,0.999196003415746,0.0008039965842540129
18067,1,1,SVM_Linear,2.6563596219773794e-13,0.9999999999997344
18154,1,1,SVM_Linear,3.00000089999998e-14,0.9999999999999699
6694,0,0,SVM_Linear,0.9996923917553032,0.00030760824469685855
10446,1,1,SVM_Linear,3.00000089999998e-14,0.9999999999999699
11398,1,1,SVM_Linear,3.465708875073703e-14,0.9999999999999653
988,0,0,SVM_Linear,0.9999998999999902,1.0000000994736041e-07
3900,0,0,SVM_Linear,0.9999998999999902,1.0000000994736041e-07
8919,0,0,SVM_Linear,0.9995643096355233,0.000435690364476619
6709,0,0,SVM_Linear,0.9999835359428557,1.646405714438248e-05
18148,1,1,SVM_Linear,4.6780404127968936e-12,0.9999999999953221
8445,0,0,SVM_Linear,0.9998406436851395,0.0001593563148604628
6852,0,0,SVM_Linear,0.9999834340870755,1.6565912924454638e-05
5699,0,0,SVM_Linear,0.9999962859992202,3.714000779781192e-06
18769,1,1,SVM_Linear,5.435870347108721e-12,0.9999999999945641
10620,1,1,SVM_Linear,9.846470400756854e-11,0.9999999999015352
8175,0,0,SVM_Linear,0.999767785249452,0.00023221475054802747
2050,0,0,SVM_Linear,0.9999998999999902,1.0000000994736041e-07
17404,1,1,SVM_Linear,3.7738475346768935e-12,0.9999999999962262
17809,1,1,SVM_Linear,3.00000089999998e-14,0.9999999999999699
15277,1,1,SVM_Linear,4.581486301704196e-07,0.9999995418513699
13483,1,1,SVM_Linear,3.00000089999998e-14,0.9999999999999699
14006,1,1,SVM_Linear,1.7484293511802093e-05,0.9999825157064881
16571,1,1,SVM_Linear,7.031757929970922e-12,0.9999999999929682
13760,1,1,SVM_Linear,3.00000089999998e-14,0.9999999999999699
545,0,0,SVM_Linear,0.9999998999999902,1.0000000994736041e-07
968,0,0,SVM_Linear,0.9999998999999902,1.0000000994736041e-07
14636,1,1,SVM_Linear,3.4326876828537793e-06,0.9999965673123172
7622,0,0,SVM_Linear,0.9999751898966127,2.4810103387313343e-05
341,0,0,SVM_Linear,0.9999998999999902,1.0000000994736041e-07
4931,0,0,SVM_Linear,0.9999998999999902,1.0000000994736041e-07
12095,1,1,SVM_Linear,2.4870416292037347e-12,0.999999999997513
5161,0,0,SVM_Linear,0.9999998999999902,1.0000000994736041e-07
1931,0,0,SVM_Linear,0.9999998999999902,1.0000000994736041e-07
1154,0,0,SVM_Linear,0.9999998999999902,1.0000000994736041e-07
9,0,0,SVM_Linear,0.9999998999999902,1.0000000994736041e-07
16038,1,1,SVM_Linear,1.6941705412211614e-08,0.9999999830582945
3330,0,0,SVM_Linear,0.9999998999999902,1.0000000994736041e-07
5352,0,0,SVM_Linear,0.9999998899619337,1.1003806644343904e-07
10557,1,1,SVM_Linear,4.442222267926186e-09,0.9999999955577779
5997,0,0,SVM_Linear,0.9999958288958726,4.171104127461509e-06
17576,1,1,SVM_Linear,2.8678245677274137e-11,0.9999999999713217
11716,1,1,SVM_Linear,3.00000089999998e-14,0.9999999999999699
6614,0,0,SVM_Linear,0.9999949560229293,5.043977070747601e-06
12935,1,1,SVM_Linear,3.00000089999998e-14,0.9999999999999699
4255,0,0,SVM_Linear,0.9999998999999902,1.0000000994736041e-07
8755,0,0,SVM_Linear,0.9998657800340739,0.00013421996592601342
3223,0,0,SVM_Linear,0.9999998999999902,1.0000000994736041e-07
11124,1,1,SVM_Linear,1.3767116123216717e-07,0.9999998623288386
4278,0,0,SVM_Linear,0.9999998999999902,1.0000000994736041e-07
14763,1,1,SVM_Linear,1.1844172466172997e-06,0.9999988155827533
15250,1,1,SVM_Linear,2.0145172472626314e-06,0.9999979854827526
18463,1,1,SVM_Linear,3.00000089999998e-14,0.9999999999999699
1742,0,0,SVM_Linear,0.9999998999999902,1.0000000994736041e-07
1998,0,0,SVM_Linear,0.9999998999999902,1.0000000994736041e-07
6439,0,0,SVM_Linear,0.999999391032478,6.089675219900853e-07
10885,1,1,SVM_Linear,1.0381722595657371e-11,0.9999999999896183
18475,1,1,SVM_Linear,3.00000089999998e-14,0.9999999999999699
3086,0,0,SVM_Linear,0.9999998999999902,1.0000000994736041e-07
10588,1,1,SVM_Linear,3.667950018154317e-10,0.999999999633205
17150,1,1,SVM_Linear,3.00000089999998e-14,0.9999999999999699
4036,0,0,SVM_Linear,0.9999998999999902,1.0000000994736041e-07
18621,1,1,SVM_Linear,3.00000089999998e-14,0.9999999999999699
482,0,0,SVM_Linear,0.9999998999999902,1.0000000994736041e-07
5031,0,0,SVM_Linear,0.9999998999999902,1.0000000994736041e-07
1766,0,0,SVM_Linear,0.9999998999999902,1.0000000994736041e-07
9336,0,0,SVM_Linear,0.9994282855559605,0.0005717144440395553
12207,1,1,SVM_Linear,3.00000089999998e-14,0.9999999999999699
11042,1,1,SVM_Linear,7.135865425798101e-12,0.999999999992864
9543,0,0,SVM_Linear,0.9961272222233051,0.0038727777766947354
8306,0,0,SVM_Linear,0.999816697282852,0.00018330271714798297
11888,1,1,SVM_Linear,3.00000089999998e-14,0.9999999999999699
8032,0,0,SVM_Linear,0.9998939496307598,0.0001060503692401631
9803,0,0,SVM_Linear,0.9957811027467534,0.0042188972532466945
16601,1,1,SVM_Linear,1.4582981553697385e-09,0.9999999985417019
3224,0,0,SVM_Linear,0.9999998999999902,1.0000000994736041e-07
7555,0,0,SVM_Linear,0.9999795036980355,2.049630196439459e-05
12563,1,1,SVM_Linear,3.00000089999998e-14,0.9999999999999699
4887,0,0,SVM_Linear,0.9999998999999902,1.0000000994736041e-07
7996,0,0,SVM_Linear,0.9999663084310048,3.3691568995336416e-05
661,0,0,SVM_Linear,0.9999998999999902,1.0000000994736041e-07
10820,1,1,SVM_Linear,1.9061598441904086e-11,0.9999999999809385
6665,0,0,SVM_Linear,0.9999982734088142,1.7265911858286034e-06
16119,1,1,SVM_Linear,5.317812506541795e-09,0.9999999946821875
4524,0,0,SVM_Linear,0.9999998973837757,1.0261622438962404e-07
8010,0,0,SVM_Linear,0.9999527214417602,4.727855823988835e-05
12484,1,1,SVM_Linear,3.00000089999998e-14,0.9999999999999699
12994,1,1,SVM_Linear,3.00000089999998e-14,0.9999999999999699
2113,0,0,SVM_Linear,0.9999998999999902,1.0000000994736041e-07
7124,0,0,SVM_Linear,0.9999756333391332,2.436666086681576e-05
14318,1,1,SVM_Linear,1.9886752009556966e-06,0.999998011324799
15988,1,1,SVM_Linear,9.592155665196052e-09,0.9999999904078443
18645,1,1,SVM_Linear,3.00000089999998e-14,0.9999999999999699
6303,0,0,SVM_Linear,0.9999979403794693,2.059620530725271e-06
17429,1,1,SVM_Linear,2.885956691017856e-13,0.9999999999997115
16987,1,1,SVM_Linear,1.1374192575437496e-12,0.9999999999988627
4790,0,0,SVM_Linear,0.9999993333967158,6.666032841742829e-07
9975,0,0,SVM_Linear,0.9911033708532937,0.008896629146706417
6807,0,0,SVM_Linear,0.9999747860236029,2.521397639700115e-05
12691,1,1,SVM_Linear,3.00000089999998e-14,0.9999999999999699
17029,1,1,SVM_Linear,6.425115972712746e-13,0.9999999999993575
16456,1,1,SVM_Linear,1.0957831060005579e-09,0.999999998904217
10803,1,1,SVM_Linear,4.814978293659431e-08,0.9999999518502171
3972,0,0,SVM_Linear,0.9999998999999902,1.0000000994736041e-07
2852,0,0,SVM_Linear,0.9999998999999902,1.0000000994736041e-07
13706,1,1,SVM_Linear,3.184805094750697e-10,0.9999999996815194
8862,0,0,SVM_Linear,0.999637020506692,0.0003629794933080093
5645,0,0,SVM_Linear,0.9999988064488672,1.1935511328434374e-06
5864,0,0,SVM_Linear,0.9999996793971988,3.206028011752524e-07
11831,1,1,SVM_Linear,3.00000089999998e-14,0.9999999999999699
707,0,0,SVM_Linear,0.9999998999999902,1.0000000994736041e-07
5238,0,0,SVM_Linear,0.9999995216788989,4.783211011450842e-07
5619,0,0,SVM_Linear,0.9999886373047497,1.1362695250240069e-05
574,0,0,SVM_Linear,0.9999998999999902,1.0000000994736041e-07
14011,1,1,SVM_Linear,0.009578897081783576,0.9904211029182165
13259,1,1,SVM_Linear,3.00000089999998e-14,0.9999999999999699
15049,1,1,SVM_Linear,1.9350639941527064e-06,0.9999980649360058
14730,1,1,SVM_Linear,3.565427013130011e-06,0.9999964345729868
14817,1,1,SVM_Linear,9.703813393911071e-07,0.9999990296186605
5068,0,0,SVM_Linear,0.9999957410183804,4.2589816194573365e-06
8173,0,0,SVM_Linear,0.9999114653524273,8.853464757283558e-05
3138,0,0,SVM_Linear,0.9999998999999902,1.0000000994736041e-07
2811,0,0,SVM_Linear,0.9999998999999902,1.0000000994736041e-07
17602,1,1,SVM_Linear,3.00000089999998e-14,0.9999999999999699
8955,0,0,SVM_Linear,0.999074742582635,0.0009252574173650226
15534,1,1,SVM_Linear,3.00000089999998e-14,0.9999999999999699
18978,1,1,SVM_Linear,3.00000089999998e-14,0.9999999999999699
16157,1,1,SVM_Linear,2.3813725351655973e-11,0.9999999999761863
11221,1,1,SVM_Linear,3.00000089999998e-14,0.9999999999999699
14867,1,1,SVM_Linear,8.837810794202965e-07,0.9999991162189207
7022,0,0,SVM_Linear,0.9999973288161542,2.671183845820048e-06
1484,0,0,SVM_Linear,0.9999998999999902,1.0000000994736041e-07
18117,1,1,SVM_Linear,3.00000089999998e-14,0.9999999999999699
4223,0,0,SVM_Linear,0.9999998999999902,1.0000000994736041e-07
2472,0,0,SVM_Linear,0.9999998999999902,1.0000000994736041e-07
15989,1,1,SVM_Linear,6.207740385146253e-10,0.9999999993792259
17821,1,1,SVM_Linear,3.00000089999998e-14,0.9999999999999699
7114,0,0,SVM_Linear,0.9999955920039567,4.407996043300554e-06
15115,1,1,SVM_Linear,8.79445007574539e-07,0.9999991205549924
14139,1,1,SVM_Linear,3.605456014411906e-06,0.9999963945439856
11402,1,1,SVM_Linear,3.00000089999998e-14,0.9999999999999699
2289,0,0,SVM_Linear,0.9999998999999902,1.0000000994736041e-07
13761,1,1,SVM_Linear,3.00000089999998e-14,0.9999999999999699
933,0,0,SVM_Linear,0.9999998999999902,1.0000000994736041e-07
5109,0,0,SVM_Linear,0.9999998251908174,1.7480918271183933e-07
13942,1,1,SVM_Linear,3.00000089999998e-14,0.9999999999999699
18649,1,1,SVM_Linear,3.00000089999998e-14,0.9999999999999699
9627,0,0,SVM_Linear,0.9961948940557098,0.0038051059442901548
18988,1,1,SVM_Linear,3.00000089999998e-14,0.9999999999999699
2033,0,0,SVM_Linear,0.9999998999999902,1.0000000994736041e-07
13207,1,1,SVM_Linear,3.00000089999998e-14,0.9999999999999699
105,0,0,SVM_Linear,0.9999998999999902,1.0000000994736041e-07
10525,1,1,SVM_Linear,3.5153174052721574e-13,0.9999999999996484
9721,0,0,SVM_Linear,0.9978729078694417,0.0021270921305583277
5636,0,0,SVM_Linear,0.9999948917949971,5.108205002821428e-06
9009,0,0,SVM_Linear,0.9988195605701446,0.0011804394298555606
14544,1,1,SVM_Linear,0.0038156770110901973,0.9961843229889098
5435,0,0,SVM_Linear,0.9999998999999902,1.0000000994736041e-07
5320,0,0,SVM_Linear,0.9999998418725463,1.581274538218684e-07
537,0,0,SVM_Linear,0.9999998999999902,1.0000000994736041e-07
15889,1,1,SVM_Linear,0.003427613421112274,0.9965723865788878
16706,1,1,SVM_Linear,8.008386688866058e-11,0.9999999999199161
14911,1,1,SVM_Linear,8.730730526536529e-06,0.9999912692694733
7595,0,0,SVM_Linear,0.9999884956219847,1.1504378015443885e-05
8073,0,0,SVM_Linear,0.9999172465034326,8.275349656737354e-05
10330,1,1,SVM_Linear,7.72201227502614e-06,0.999992277987725
54,0,0,SVM_Linear,0.9999998999999902,1.0000000994736041e-07
13532,1,1,SVM_Linear,3.00000089999998e-14,0.9999999999999699
16794,1,1,SVM_Linear,2.031093597137797e-10,0.9999999997968907
9974,0,0,SVM_Linear,0.9939537817691793,0.006046218230820693
5450,0,0,SVM_Linear,0.9811028056884914,0.018897194311508773
3556,0,0,SVM_Linear,0.9999998999999902,1.0000000994736041e-07
5600,0,0,SVM_Linear,0.9999998999999902,1.0000000994736041e-07
17878,1,1,SVM_Linear,1.2812084024257333e-13,0.9999999999998718
10586,1,1,SVM_Linear,1.8672031787586516e-05,0.9999813279682124
18095,1,1,SVM_Linear,3.00000089999998e-14,0.9999999999999699
9622,0,0,SVM_Linear,0.9974458248077324,0.002554175192267688
1636,0,0,SVM_Linear,0.9999998999999902,1.0000000994736041e-07
10215,1,1,SVM_Linear,4.118687539247198e-13,0.9999999999995881
5415,0,0,SVM_Linear,0.9999998686596974,1.3134030267553585e-07
153,0,0,SVM_Linear,0.9999998999999902,1.0000000994736041e-07
954,0,0,SVM_Linear,0.9999998999999902,1.0000000994736041e-07
7694,0,0,SVM_Linear,0.9999648845994326,3.5115400567526494e-05
4000,0,0,SVM_Linear,0.9999998999999902,1.0000000994736041e-07
3549,0,0,SVM_Linear,0.9999998999999902,1.0000000994736041e-07
16961,1,1,SVM_Linear,9.607742324258546e-10,0.9999999990392259
15423,1,1,SVM_Linear,3.440955695783032e-07,0.9999996559044304
5988,0,0,SVM_Linear,0.9999990693060714,9.306939285817009e-07
4757,0,0,SVM_Linear,0.9999998999999902,1.0000000994736041e-07
117,0,0,SVM_Linear,0.9999998999999902,1.0000000994736041e-07
9561,0,0,SVM_Linear,0.9981972494255013,0.00180275057449878
5442,0,0,SVM_Linear,0.9999998999999902,1.0000000994736041e-07
18255,1,1,SVM_Linear,3.00000089999998e-14,0.9999999999999699
16200,1,1,SVM_Linear,2.9775743884537428e-08,0.9999999702242561
1184,0,0,SVM_Linear,0.9999998999999902,1.0000000994736041e-07
9995,1,1,SVM_Linear,1.1684761349864104e-09,0.9999999988315239
18197,1,1,SVM_Linear,3.00000089999998e-14,0.9999999999999699
10956,1,1,SVM_Linear,3.2528699959251547e-07,0.9999996747130003
3840,0,0,SVM_Linear,0.9999998999999902,1.0000000994736041e-07
12360,1,1,SVM_Linear,3.00000089999998e-14,0.9999999999999699
8709,0,0,SVM_Linear,0.9997318871860639,0.0002681128139360858
4349,0,0,SVM_Linear,0.9999998999999902,1.0000000994736041e-07
12024,1,1,SVM_Linear,1.3594557357263075e-09,0.9999999986405442
12495,1,1,SVM_Linear,3.00000089999998e-14,0.9999999999999699
12807,1,1,SVM_Linear,3.00000089999998e-14,0.9999999999999699
7010,0,0,SVM_Linear,0.9999843613181185,1.5638681881631243e-05
8914,0,0,SVM_Linear,0.9993363997358594,0.0006636002641405383
634,0,0,SVM_Linear,0.9999998999999902,1.0000000994736041e-07
3953,0,0,SVM_Linear,0.9999998999999902,1.0000000994736041e-07
16013,1,1,SVM_Linear,1.1112126117955425e-08,0.9999999888878738
17346,1,1,SVM_Linear,5.3761053536613116e-14,0.9999999999999463
197,0,0,SVM_Linear,0.9999998999999902,1.0000000994736041e-07
7271,0,0,SVM_Linear,0.9999966253171003,3.374682899601041e-06
3828,0,0,SVM_Linear,0.9999998999999902,1.0000000994736041e-07
9414,0,0,SVM_Linear,0.9986469652349055,0.0013530347650945217
11489,1,1,SVM_Linear,3.00000089999998e-14,0.9999999999999699
10444,1,1,SVM_Linear,3.00000089999998e-14,0.9999999999999699
8184,0,0,SVM_Linear,0.9998968422194721,0.00010315778052776117
1266,0,0,SVM_Linear,0.9999998999999902,1.0000000994736041e-07
12374,1,1,SVM_Linear,3.00000089999998e-14,0.9999999999999699
6675,0,0,SVM_Linear,0.9999972158187299,2.7841812700466444e-06
6971,0,0,SVM_Linear,0.9999966049058809,3.3950941191568598e-06
4,0,0,SVM_Linear,0.9999998999999902,1.0000000994736041e-07
11347,1,1,SVM_Linear,3.00000089999998e-14,0.9999999999999699
3603,0,0,SVM_Linear,0.9999998999999902,1.0000000994736041e-07
13136,1,1,SVM_Linear,3.00000089999998e-14,0.9999999999999699
271,0,0,SVM_Linear,0.9999998999999902,1.0000000994736041e-07
18907,1,1,SVM_Linear,3.00000089999998e-14,0.9999999999999699
7717,0,0,SVM_Linear,0.9999758013748449,2.4198625155025126e-05
638,0,0,SVM_Linear,0.9999998999999902,1.0000000994736041e-07
14940,1,1,SVM_Linear,5.646761270677781e-07,0.9999994353238729
9377,0,0,SVM_Linear,0.9983662318687253,0.0016337681312746494
14766,1,1,SVM_Linear,3.3012218312616277e-06,0.9999966987781688
12034,1,1,SVM_Linear,3.00000089999998e-14,0.9999999999999699
15032,1,1,SVM_Linear,5.351630960202897e-06,0.9999946483690397
9468,0,0,SVM_Linear,0.997306143612539,0.0026938563874610425
18868,1,1,SVM_Linear,3.00000089999998e-14,0.9999999999999699
878,0,0,SVM_Linear,0.9999998999999902,1.0000000994736041e-07
15029,1,1,SVM_Linear,1.385385487252735e-06,0.9999986146145128
3726,0,0,SVM_Linear,0.9999998999999902,1.0000000994736041e-07
17960,1,1,SVM_Linear,3.00000089999998e-14,0.9999999999999699
5051,0,0,SVM_Linear,0.9999991410759749,8.589240252411633e-07
5295,0,0,SVM_Linear,0.9999993927305243,6.07269475775136e-07
8374,0,0,SVM_Linear,0.9998498750725541,0.000150124927445973
18134,1,1,SVM_Linear,3.00000089999998e-14,0.9999999999999699
16519,1,1,SVM_Linear,1.6703967684011174e-09,0.9999999983296032
10781,1,1,SVM_Linear,7.640217937750502e-11,0.9999999999235979
13080,1,1,SVM_Linear,3.00000089999998e-14,0.9999999999999699
6488,0,0,SVM_Linear,0.9999998375308765,1.6246912346093388e-07
12174,1,1,SVM_Linear,3.00000089999998e-14,0.9999999999999699
6891,0,0,SVM_Linear,0.9999669111324045,3.308886759546038e-05
14710,1,1,SVM_Linear,1.0203689287190767e-06,0.9999989796310713
6099,0,0,SVM_Linear,0.9999998999999902,1.0000000994736041e-07
12270,1,1,SVM_Linear,3.00000089999998e-14,0.9999999999999699
3420,0,0,SVM_Linear,0.9999998999999902,1.0000000994736041e-07
14841,1,1,SVM_Linear,6.363424211103946e-07,0.9999993636575789
14699,1,1,SVM_Linear,1.4583203243732905e-06,0.9999985416796756
10769,1,1,SVM_Linear,1.2594195008456314e-13,0.999999999999874
2278,0,0,SVM_Linear,0.9999998999999902,1.0000000994736041e-07
5625,0,0,SVM_Linear,0.9999996234653531,3.76534647020019e-07
10743,1,1,SVM_Linear,4.271270684730327e-14,0.9999999999999574
12619,1,1,SVM_Linear,3.00000089999998e-14,0.9999999999999699
17376,1,1,SVM_Linear,7.520925181113261e-13,0.9999999999992479
4815,0,0,SVM_Linear,0.9999987678407113,1.232159288797335e-06
13055,1,1,SVM_Linear,3.00000089999998e-14,0.9999999999999699
7994,0,0,SVM_Linear,0.9999622805478479,3.7719452152092496e-05
5975,0,0,SVM_Linear,0.9999998478805948,1.5211940512007955e-07
9866,0,0,SVM_Linear,0.9951756561777065,0.004824343822293528
17159,1,1,SVM_Linear,4.496778902756996e-12,0.9999999999955033
18038,1,1,SVM_Linear,3.00000089999998e-14,0.9999999999999699
14205,1,1,SVM_Linear,9.457351761370125e-06,0.9999905426482387
10246,1,1,SVM_Linear,2.8434784625014806e-11,0.9999999999715652
18772,1,1,SVM_Linear,3.00000089999998e-14,0.9999999999999699
12515,1,1,SVM_Linear,3.00000089999998e-14,0.9999999999999699
17333,1,1,SVM_Linear,4.368449882109903e-12,0.9999999999956316
7479,0,0,SVM_Linear,0.9999881656162791,1.183438372092647e-05
3572,0,0,SVM_Linear,0.9999998999999902,1.0000000994736041e-07
15719,1,1,SVM_Linear,3.541241725590767e-08,0.9999999645875828
9502,0,0,SVM_Linear,0.9982649227349624,0.0017350772650377305
10753,1,1,SVM_Linear,4.3409026892172894e-14,0.9999999999999566
851,0,0,SVM_Linear,0.9999998999999902,1.0000000994736041e-07
18622,1,1,SVM_Linear,3.00000089999998e-14,0.9999999999999699
14501,1,1,SVM_Linear,1.1729782301469204e-05,0.9999882702176985
13824,1,1,SVM_Linear,3.00000089999998e-14,0.9999999999999699
7723,0,0,SVM_Linear,0.9999108536858371,8.914631416283891e-05
13599,1,1,SVM_Linear,3.00000089999998e-14,0.9999999999999699
14985,1,1,SVM_Linear,2.7072476643141186e-06,0.9999972927523357
8258,0,0,SVM_Linear,0.999873994576253,0.0001260054237469423
14076,1,1,SVM_Linear,1.8390039896964664e-05,0.999981609960103
18355,1,1,SVM_Linear,3.00000089999998e-14,0.9999999999999699
8105,0,0,SVM_Linear,0.9999017793392228,9.822066077716361e-05
1165,0,0,SVM_Linear,0.9999998999999902,1.0000000994736041e-07
18284,1,1,SVM_Linear,3.00000089999998e-14,0.9999999999999699
1525,0,0,SVM_Linear,0.9999998999999902,1.0000000994736041e-07
5115,0,0,SVM_Linear,0.9999998999999902,1.0000000994736041e-07
18078,1,1,SVM_Linear,3.00000089999998e-14,0.9999999999999699
15312,1,1,SVM_Linear,3.714690104384376e-07,0.9999996285309896
13762,1,1,SVM_Linear,3.00000089999998e-14,0.9999999999999699
8378,0,0,SVM_Linear,0.999824881506193,0.00017511849380695893
3452,0,0,SVM_Linear,0.9999998999999902,1.0000000994736041e-07
4090,0,0,SVM_Linear,0.9999998999999902,1.0000000994736041e-07
12061,1,1,SVM_Linear,5.814609717155063e-14,0.9999999999999419
17224,1,1,SVM_Linear,8.068026474653216e-14,0.9999999999999193
13081,1,1,SVM_Linear,1.1573842340663522e-12,0.9999999999988427
7373,0,0,SVM_Linear,0.9997642654997125,0.00023573450028746917
1913,0,0,SVM_Linear,0.9999998999999902,1.0000000994736041e-07
16384,1,1,SVM_Linear,2.365435013116913e-12,0.9999999999976344
13034,1,1,SVM_Linear,3.00000089999998e-14,0.9999999999999699
4980,0,0,SVM_Linear,0.9999998999999902,1.0000000994736041e-07
9940,0,0,SVM_Linear,0.9909661509858374,0.009033849014162447
12150,1,1,SVM_Linear,1.0014875046808782e-08,0.9999999899851248
5420,0,0,SVM_Linear,0.9999971887983526,2.811201647399824e-06
15628,1,1,SVM_Linear,3.00000089999998e-14,0.9999999999999699
12335,1,1,SVM_Linear,1.916791827365761e-06,0.9999980832081727
11566,1,1,SVM_Linear,3.00000089999998e-14,0.9999999999999699
9050,0,0,SVM_Linear,0.9993586460738064,0.0006413539261936897
5724,0,0,SVM_Linear,0.9999980935660184,1.9064339817027493e-06
4673,0,0,SVM_Linear,0.9999998999999902,1.0000000994736041e-07
3507,0,0,SVM_Linear,0.9999998999999902,1.0000000994736041e-07
5596,0,0,SVM_Linear,0.9999993923477064,6.076522935736157e-07
189,0,0,SVM_Linear,0.9999998999999902,1.0000000994736041e-07
3081,0,0,SVM_Linear,0.9999998999999902,1.0000000994736041e-07
15945,1,1,SVM_Linear,2.4825173259493078e-08,0.9999999751748266
13432,1,1,SVM_Linear,3.00000089999998e-14,0.9999999999999699
13885,1,1,SVM_Linear,3.00000089999998e-14,0.9999999999999699
16660,1,1,SVM_Linear,1.0619887040715105e-10,0.9999999998938011
17108,1,1,SVM_Linear,1.483207494196262e-11,0.999999999985168
9273,0,0,SVM_Linear,0.9983047472055344,0.0016952527944656707
5959,0,0,SVM_Linear,0.9999987899163529,1.2100836470816414e-06
11062,1,1,SVM_Linear,2.2841959253928386e-10,0.9999999997715805
8958,0,0,SVM_Linear,0.9995178000483737,0.000482199951626321
17427,1,1,SVM_Linear,8.928210790078262e-12,0.9999999999910717
17561,1,1,SVM_Linear,3.00000089999998e-14,0.9999999999999699
18259,1,1,SVM_Linear,3.00000089999998e-14,0.9999999999999699
15812,1,1,SVM_Linear,1.3528318209884137e-11,0.9999999999864717
16542,1,1,SVM_Linear,8.140908148038936e-10,0.9999999991859092
15654,1,1,SVM_Linear,6.486061337239246e-08,0.9999999351393867
15962,1,1,SVM_Linear,2.696323564074067e-09,0.9999999973036765
3436,0,0,SVM_Linear,0.9999998999999902,1.0000000994736041e-07
11547,1,1,SVM_Linear,3.00000089999998e-14,0.9999999999999699
14329,1,1,SVM_Linear,8.503169545079897e-06,0.9999914968304549
18862,1,1,SVM_Linear,3.00000089999998e-14,0.9999999999999699
5124,0,0,SVM_Linear,0.9999961002875235,3.899712476395763e-06
15184,1,1,SVM_Linear,1.8576994746159334e-06,0.9999981423005254
10742,1,1,SVM_Linear,3.00000089999998e-14,0.9999999999999699
11561,1,1,SVM_Linear,3.00000089999998e-14,0.9999999999999699
13014,1,1,SVM_Linear,3.00000089999998e-14,0.9999999999999699
4114,0,0,SVM_Linear,0.9999998999999902,1.0000000994736041e-07
4736,0,0,SVM_Linear,0.9999993384727247,6.615272753696005e-07
2193,0,0,SVM_Linear,0.9999998999999902,1.0000000994736041e-07
10432,1,1,SVM_Linear,7.271265484667478e-12,0.9999999999927287
12018,1,1,SVM_Linear,3.00000089999998e-14,0.9999999999999699
1343,0,0,SVM_Linear,0.9999998999999902,1.0000000994736041e-07
3843,0,0,SVM_Linear,0.9999998999999902,1.0000000994736041e-07
659,0,0,SVM_Linear,0.9999998999999902,1.0000000994736041e-07
4876,0,0,SVM_Linear,0.9999998999999902,1.0000000994736041e-07
5567,0,0,SVM_Linear,0.9999992598678864,7.401321136059867e-07
703,0,0,SVM_Linear,0.9999998999999902,1.0000000994736041e-07
3633,0,0,SVM_Linear,0.9999998999999902,1.0000000994736041e-07
9224,0,0,SVM_Linear,0.998870961888437,0.0011290381115630088
10570,1,1,SVM_Linear,1.354080328370998e-10,0.9999999998645919
2494,0,0,SVM_Linear,0.9999998999999902,1.0000000994736041e-07
14232,1,1,SVM_Linear,0.00880682384822216,0.9911931761517777
3596,0,0,SVM_Linear,0.9999998999999902,1.0000000994736041e-07
11606,1,1,SVM_Linear,5.992020942479872e-13,0.9999999999994007
17420,1,1,SVM_Linear,6.034763450824945e-13,0.9999999999993965
16541,1,1,SVM_Linear,8.029561642914085e-09,0.9999999919704383
5704,0,0,SVM_Linear,0.9999995233136516,4.766863485826563e-07
55,0,0,SVM_Linear,0.9999998999999902,1.0000000994736041e-07
4422,0,0,SVM_Linear,0.9999998999999902,1.0000000994736041e-07
11362,1,1,SVM_Linear,3.00000089999998e-14,0.9999999999999699
3051,0,0,SVM_Linear,0.9999998999999902,1.0000000994736041e-07
10733,1,1,SVM_Linear,9.877881023430511e-14,0.9999999999999012
12291,1,1,SVM_Linear,3.00000089999998e-14,0.9999999999999699
16560,1,1,SVM_Linear,4.400000240308106e-11,0.9999999999560001
918,0,0,SVM_Linear,0.9999998999999902,1.0000000994736041e-07
1050,0,0,SVM_Linear,0.9999998999999902,1.0000000994736041e-07
7311,0,0,SVM_Linear,0.9998962551421693,0.00010374485783074544
5383,0,0,SVM_Linear,0.9999997383948266,2.616051733491809e-07
6619,0,0,SVM_Linear,0.9999440351682785,5.5964831721653777e-05
7989,0,0,SVM_Linear,0.999897061129882,0.0001029388701180251
15956,1,1,SVM_Linear,3.2719953787580816e-08,0.9999999672800463
13154,1,1,SVM_Linear,3.00000089999998e-14,0.9999999999999699
5984,0,0,SVM_Linear,0.9999979062754738,2.0937245263313595e-06
7971,0,0,SVM_Linear,0.9999327353313354,6.726466866453655e-05
130,0,0,SVM_Linear,0.9999998999999902,1.0000000994736041e-07
16236,1,1,SVM_Linear,6.101704828248866e-10,0.9999999993898294
15782,1,1,SVM_Linear,3.280906205468702e-09,0.9999999967190939
1640,0,0,SVM_Linear,0.9999998999999902,1.0000000994736041e-07
5977,0,0,SVM_Linear,0.9999992977177915,7.022822084240165e-07
9666,0,0,SVM_Linear,0.9974589373294951,0.00254106267050498
14262,1,1,SVM_Linear,0.0034232421642284286,0.9965767578357718
126,0,0,SVM_Linear,0.9999998999999902,1.0000000994736041e-07
18496,1,1,SVM_Linear,3.00000089999998e-14,0.9999999999999699
7056,0,0,SVM_Linear,0.9998105515185913,0.00018944848140865048
12768,1,1,SVM_Linear,3.00000089999998e-14,0.9999999999999699
18266,1,1,SVM_Linear,4.88504233879641e-14,0.9999999999999512
17352,1,1,SVM_Linear,1.9040339286170664e-13,0.9999999999998096
3476,0,0,SVM_Linear,0.9999998999999902,1.0000000994736041e-07
14087,1,1,SVM_Linear,5.663895956894867e-06,0.9999943361040431
13826,1,1,SVM_Linear,3.00000089999998e-14,0.9999999999999699
488,0,0,SVM_Linear,0.9999998999999902,1.0000000994736041e-07
16271,1,1,SVM_Linear,8.732233629457055e-12,0.9999999999912677
6980,0,0,SVM_Linear,0.9999946328675673,5.367132432601253e-06
12584,1,1,SVM_Linear,3.00000089999998e-14,0.9999999999999699
3496,0,0,SVM_Linear,0.9999998999999902,1.0000000994736041e-07
18566,1,1,SVM_Linear,3.00000089999998e-14,0.9999999999999699
14931,1,1,SVM_Linear,4.358269533678703e-07,0.9999995641730466
18688,1,1,SVM_Linear,3.00000089999998e-14,0.9999999999999699
1686,0,0,SVM_Linear,0.9999998999999902,1.0000000994736041e-07
16582,1,1,SVM_Linear,1.8657895551127073e-09,0.9999999981342104
2785,0,0,SVM_Linear,0.9999998999999902,1.0000000994736041e-07
18937,1,1,SVM_Linear,3.00000089999998e-14,0.9999999999999699
6895,0,0,SVM_Linear,0.9999337375918488,6.626240815121627e-05
4569,0,0,SVM_Linear,0.9999998999999902,1.0000000994736041e-07
18358,1,1,SVM_Linear,4.159485738393928e-13,0.999999999999584
4499,0,0,SVM_Linear,0.9999998999999902,1.0000000994736041e-07
16020,1,1,SVM_Linear,7.003396165907388e-08,0.9999999299660384
1682,0,0,SVM_Linear,0.9999998999999902,1.0000000994736041e-07
11317,1,1,SVM_Linear,3.00000089999998e-14,0.9999999999999699
8542,0,0,SVM_Linear,0.9996366314176969,0.0003633685823030769
1324,0,0,SVM_Linear,0.9999998999999902,1.0000000994736041e-07
11067,1,1,SVM_Linear,2.7521990130554927e-12,0.9999999999972479
11195,1,1,SVM_Linear,3.00000089999998e-14,0.9999999999999699
4033,0,0,SVM_Linear,0.9999998999999902,1.0000000994736041e-07
7408,0,0,SVM_Linear,0.9999871501396584,1.2849860341587113e-05
5604,0,0,SVM_Linear,0.9998340413039876,0.00016595869601244707
5732,0,0,SVM_Linear,0.9999993265905056,6.734094945638861e-07
19069,1,1,SVM_Linear,3.00000089999998e-14,0.9999999999999699
18631,1,1,SVM_Linear,3.00000089999998e-14,0.9999999999999699
7878,0,0,SVM_Linear,0.9999611203524218,3.8879647578293965e-05
17248,1,1,SVM_Linear,2.0382471130707914e-13,0.9999999999997963
18277,1,1,SVM_Linear,3.00000089999998e-14,0.9999999999999699
3511,0,0,SVM_Linear,0.9999998999999902,1.0000000994736041e-07
4911,0,0,SVM_Linear,0.9999998999999902,1.0000000994736041e-07
9474,0,0,SVM_Linear,0.9968704588922467,0.0031295411077534776
6612,0,0,SVM_Linear,0.9999985101784465,1.4898215534481097e-06
12876,1,1,SVM_Linear,3.00000089999998e-14,0.9999999999999699
8150,0,0,SVM_Linear,0.9998129963777679,0.0001870036222322501
1970,0,0,SVM_Linear,0.9999998999999902,1.0000000994736041e-07
18875,1,1,SVM_Linear,3.00000089999998e-14,0.9999999999999699
15293,1,1,SVM_Linear,2.9010634673016795e-07,0.9999997098936532
18482,1,1,SVM_Linear,5.079507396942093e-13,0.999999999999492
10221,1,1,SVM_Linear,3.00000089999998e-14,0.9999999999999699
18370,1,1,SVM_Linear,3.00000089999998e-14,0.9999999999999699
262,0,0,SVM_Linear,0.9999998999999902,1.0000000994736041e-07
9933,0,0,SVM_Linear,0.9885611091087719,0.011438890891227996
6525,0,0,SVM_Linear,0.9999985888841901,1.411115809914388e-06
10517,1,1,SVM_Linear,8.252985666506046e-08,0.9999999174701433
15341,1,1,SVM_Linear,1.9567419125431567e-07,0.9999998043258087
1607,0,0,SVM_Linear,0.9999998999999902,1.0000000994736041e-07
3490,0,0,SVM_Linear,0.9999998999999902,1.0000000994736041e-07
7867,0,0,SVM_Linear,0.9999320947140328,6.790528596719066e-05
580,0,0,SVM_Linear,0.9999998999999902,1.0000000994736041e-07
10059,1,1,SVM_Linear,3.00000089999998e-14,0.9999999999999699
3654,0,0,SVM_Linear,0.9999998999999902,1.0000000994736041e-07
1440,0,0,SVM_Linear,0.9999998999999902,1.0000000994736041e-07
14240,1,1,SVM_Linear,6.690208619825842e-07,0.9999993309791381
14290,1,1,SVM_Linear,1.2209361548602368e-05,0.9999877906384513
9554,0,0,SVM_Linear,0.9982102388072692,0.0017897611927308059
14684,1,1,SVM_Linear,5.458466167342031e-07,0.9999994541533832
4413,0,0,SVM_Linear,0.9999998999999902,1.0000000994736041e-07
12684,1,1,SVM_Linear,3.00000089999998e-14,0.9999999999999699
2786,0,0,SVM_Linear,0.9999998999999902,1.0000000994736041e-07
16623,1,1,SVM_Linear,2.2433987128124213e-09,0.9999999977566012
18106,1,1,SVM_Linear,3.00000089999998e-14,0.9999999999999699
3845,0,0,SVM_Linear,0.9999998999999902,1.0000000994736041e-07
10611,1,1,SVM_Linear,2.2071251400165704e-07,0.999999779287486
5870,0,0,SVM_Linear,0.9999766423969861,2.3357603013938733e-05
11538,1,1,SVM_Linear,3.00000089999998e-14,0.9999999999999699
11473,1,1,SVM_Linear,3.00000089999998e-14,0.9999999999999699
6479,0,0,SVM_Linear,0.9999947880329896,5.211967010345051e-06
15510,1,1,SVM_Linear,3.136329049096616e-08,0.9999999686367095
19120,1,1,SVM_Linear,3.00000089999998e-14,0.9999999999999699
18295,1,1,SVM_Linear,3.00000089999998e-14,0.9999999999999699
5941,0,0,SVM_Linear,0.9999998999999902,1.0000000994736041e-07
16059,1,1,SVM_Linear,1.313734919128147e-07,0.999999868626508
4186,0,0,SVM_Linear,0.9999998999999902,1.0000000994736041e-07
18432,1,1,SVM_Linear,3.00000089999998e-14,0.9999999999999699
11056,1,1,SVM_Linear,6.161509050613172e-08,0.9999999383849095
6471,0,0,SVM_Linear,0.999999074252304,9.257476960795729e-07
4976,0,0,SVM_Linear,0.9999993313042569,6.686957431766268e-07
7385,0,0,SVM_Linear,0.9999994627731549,5.372268451857082e-07
18813,1,1,SVM_Linear,3.00000089999998e-14,0.9999999999999699
3598,0,0,SVM_Linear,0.9999998999999902,1.0000000994736041e-07
6905,0,0,SVM_Linear,0.9999955928520549,4.407147945226993e-06
14342,1,1,SVM_Linear,0.0048884083972517475,0.9951115916027483
213,0,0,SVM_Linear,0.9999998999999902,1.0000000994736041e-07
14320,1,1,SVM_Linear,0.0025765536687650226,0.9974234463312348
9966,0,0,SVM_Linear,0.9936600945296284,0.006339905470371674
6881,0,0,SVM_Linear,0.9999942014153791,5.798584620995215e-06
8460,0,0,SVM_Linear,0.999772779958253,0.00022722004174702905
823,0,0,SVM_Linear,0.9999998999999902,1.0000000994736041e-07
14807,1,1,SVM_Linear,7.862859772322505e-06,0.9999921371402276
9423,0,0,SVM_Linear,0.9977367064370177,0.002263293562982275
6484,0,0,SVM_Linear,0.9999989269531643,1.0730468358408931e-06
13158,1,1,SVM_Linear,3.00000089999998e-14,0.9999999999999699
11133,1,1,SVM_Linear,1.422838073747035e-08,0.9999999857716192
4361,0,0,SVM_Linear,0.9999998999999902,1.0000000994736041e-07
1865,0,0,SVM_Linear,0.9999998999999902,1.0000000994736041e-07
16326,1,1,SVM_Linear,7.156917738705159e-10,0.9999999992843083
6342,0,0,SVM_Linear,0.9999977212335293,2.278766470601909e-06
13010,1,1,SVM_Linear,3.00000089999998e-14,0.9999999999999699
17503,1,1,SVM_Linear,6.672059501675923e-12,0.9999999999933279
12520,1,1,SVM_Linear,3.00000089999998e-14,0.9999999999999699
12280,1,1,SVM_Linear,3.00000089999998e-14,0.9999999999999699
15935,1,1,SVM_Linear,1.896317122411357e-08,0.9999999810368287
7687,0,0,SVM_Linear,0.9999748291702121,2.517082978798072e-05
3466,0,0,SVM_Linear,0.9999998999999902,1.0000000994736041e-07
18338,1,1,SVM_Linear,3.00000089999998e-14,0.9999999999999699
12855,1,1,SVM_Linear,3.00000089999998e-14,0.9999999999999699
8580,0,0,SVM_Linear,0.9995047848175237,0.0004952151824763123
10420,1,1,SVM_Linear,4.6006464005115375e-08,0.999999953993536
345,0,0,SVM_Linear,0.9999998999999902,1.0000000994736041e-07
7651,0,0,SVM_Linear,0.9999690700192715,3.0929980728589195e-05
16696,1,1,SVM_Linear,2.465190709355507e-10,0.999999999753481
2703,0,0,SVM_Linear,0.9999998999999902,1.0000000994736041e-07
4846,0,0,SVM_Linear,0.9999998999999902,1.0000000994736041e-07
17890,1,1,SVM_Linear,3.00000089999998e-14,0.9999999999999699
16091,1,1,SVM_Linear,2.9685283184533876e-09,0.9999999970314717
243,0,0,SVM_Linear,0.9999998999999902,1.0000000994736041e-07
7734,0,0,SVM_Linear,0.9999420792864517,5.7920713548218946e-05
5622,0,0,SVM_Linear,0.9999998379999792,1.620000207741299e-07
12578,1,1,SVM_Linear,3.00000089999998e-14,0.9999999999999699
18737,1,1,SVM_Linear,3.00000089999998e-14,0.9999999999999699
18638,1,1,SVM_Linear,8.620417867277954e-11,0.9999999999137957
7941,0,0,SVM_Linear,0.9999419825787434,5.801742125662106e-05
1990,0,0,SVM_Linear,0.9999998999999902,1.0000000994736041e-07
11134,1,1,SVM_Linear,3.505728053219331e-09,0.999999996494272
9840,0,0,SVM_Linear,0.9950880013951269,0.004911998604873233
8794,0,0,SVM_Linear,0.999608190217774,0.0003918097822260889
6457,0,0,SVM_Linear,0.9999798507155953,2.014928440471834e-05
14503,1,1,SVM_Linear,1.0669580892662687e-05,0.9999893304191074
14784,1,1,SVM_Linear,3.416751678379249e-06,0.9999965832483216
6402,0,0,SVM_Linear,0.9999993410156109,6.589843891074657e-07
17339,1,1,SVM_Linear,6.82042152642404e-12,0.9999999999931796
8340,0,0,SVM_Linear,0.9998287264070297,0.00017127359297034158
16374,1,1,SVM_Linear,1.7026296638447185e-10,0.9999999998297371
15101,1,1,SVM_Linear,1.2211625828421897e-06,0.9999987788374173
4146,0,0,SVM_Linear,0.9999998999999902,1.0000000994736041e-07
11147,1,1,SVM_Linear,9.260057524051223e-09,0.9999999907399424
7973,0,0,SVM_Linear,0.99995088031919,4.91196808100792e-05
3696,0,0,SVM_Linear,0.9999998999999902,1.0000000994736041e-07
10415,1,1,SVM_Linear,1.8614813806578043e-05,0.9999813851861934
6295,0,0,SVM_Linear,0.9999942827785991,5.717221400725614e-06
3374,0,0,SVM_Linear,0.9999998999999902,1.0000000994736041e-07
6316,0,0,SVM_Linear,0.9999975231072934,2.476892706640256e-06
13213,1,1,SVM_Linear,3.053716171366182e-14,0.9999999999999694
3373,0,0,SVM_Linear,0.9999998999999902,1.0000000994736041e-07
14007,1,1,SVM_Linear,0.0033994059656208995,0.9966005940343793
4566,0,0,SVM_Linear,0.9999998999999902,1.0000000994736041e-07
2736,0,0,SVM_Linear,0.9999998999999902,1.0000000994736041e-07
8477,0,0,SVM_Linear,0.9998465222332507,0.00015347776674929362
12067,1,1,SVM_Linear,3.00000089999998e-14,0.9999999999999699
16464,1,1,SVM_Linear,1.1474041177522551e-09,0.9999999988525959
9064,0,0,SVM_Linear,0.9982341806645267,0.0017658193354733143
2989,0,0,SVM_Linear,0.9999998999999902,1.0000000994736041e-07
8232,0,0,SVM_Linear,0.9998880252834148,0.00011197471658517444
1062,0,0,SVM_Linear,0.9999998999999902,1.0000000994736041e-07
12253,1,1,SVM_Linear,6.402192509371669e-13,0.9999999999993598
17618,1,1,SVM_Linear,3.00000089999998e-14,0.9999999999999699
16917,1,1,SVM_Linear,1.0910274536755901e-11,0.9999999999890897
6544,0,0,SVM_Linear,0.9999995671986343,4.3280136587912786e-07
18999,1,1,SVM_Linear,3.00000089999998e-14,0.9999999999999699
16871,1,1,SVM_Linear,8.82712730354314e-13,0.9999999999991174
3709,0,0,SVM_Linear,0.9999998999999902,1.0000000994736041e-07
3225,0,0,SVM_Linear,0.9999998999999902,1.0000000994736041e-07
6527,0,0,SVM_Linear,0.9999732368693866,2.6763130613354016e-05
17725,1,1,SVM_Linear,1.4544076267967807e-13,0.9999999999998544
8165,0,0,SVM_Linear,0.9998913994483654,0.00010860055163459584
12006,1,1,SVM_Linear,3.00000089999998e-14,0.9999999999999699
11902,1,1,SVM_Linear,3.00000089999998e-14,0.9999999999999699
13668,1,1,SVM_Linear,4.0797479066708183e-07,0.9999995920252094
406,0,0,SVM_Linear,0.9999998999999902,1.0000000994736041e-07
13648,1,1,SVM_Linear,3.00000089999998e-14,0.9999999999999699
950,0,0,SVM_Linear,0.9999998999999902,1.0000000994736041e-07
10624,1,1,SVM_Linear,5.1822002873434e-08,0.9999999481779972
15271,1,1,SVM_Linear,4.478635018582288e-07,0.999999552136498
7357,0,0,SVM_Linear,0.9999852965713146,1.470342868536627e-05
2529,0,0,SVM_Linear,0.9999998999999902,1.0000000994736041e-07
7284,0,0,SVM_Linear,0.9999976005754453,2.399424554582753e-06
12222,1,1,SVM_Linear,1.0873828800596585e-11,0.9999999999891263
13502,1,1,SVM_Linear,3.00000089999998e-14,0.9999999999999699
11659,1,1,SVM_Linear,3.00000089999998e-14,0.9999999999999699
2062,0,0,SVM_Linear,0.9999998999999902,1.0000000994736041e-07
15460,1,1,SVM_Linear,5.347684053428799e-10,0.9999999994652315
15899,1,1,SVM_Linear,9.110302711829034e-10,0.9999999990889697
18121,1,1,SVM_Linear,3.00000089999998e-14,0.9999999999999699
8741,0,0,SVM_Linear,0.999699631245437,0.00030036875456298227
13651,1,1,SVM_Linear,3.00000089999998e-14,0.9999999999999699
1290,0,0,SVM_Linear,0.9999998999999902,1.0000000994736041e-07
12130,1,1,SVM_Linear,5.973137114304333e-12,0.9999999999940268
7119,0,0,SVM_Linear,0.9999961773496203,3.822650379690629e-06
16751,1,1,SVM_Linear,7.217730944821258e-11,0.9999999999278227
2502,0,0,SVM_Linear,0.9999998999999902,1.0000000994736041e-07
5913,0,0,SVM_Linear,0.9999998999999902,1.0000000994736041e-07
12397,1,1,SVM_Linear,3.00000089999998e-14,0.9999999999999699
10722,1,1,SVM_Linear,3.9729974645449665e-12,0.9999999999960271
8082,0,0,SVM_Linear,0.9999376134353886,6.238656461140168e-05
16032,1,1,SVM_Linear,2.0138327775686568e-08,0.9999999798616723
8307,0,0,SVM_Linear,0.9998519829661594,0.00014801703384051832
19038,1,1,SVM_Linear,3.00000089999998e-14,0.9999999999999699
14715,1,1,SVM_Linear,1.9231562823562384e-06,0.9999980768437176
11836,1,1,SVM_Linear,3.00000089999998e-14,0.9999999999999699
17176,1,1,SVM_Linear,1.0759843131456628e-12,0.9999999999989241
12810,1,1,SVM_Linear,3.00000089999998e-14,0.9999999999999699
3714,0,0,SVM_Linear,0.9999998999999902,1.0000000994736041e-07
14537,1,1,SVM_Linear,0.01526392752787589,0.9847360724721242
5897,0,0,SVM_Linear,0.9999957525952877,4.24740471224959e-06
5073,0,0,SVM_Linear,0.9999998999999902,1.0000000994736041e-07
7570,0,0,SVM_Linear,0.9999772985266541,2.2701473345931426e-05
12592,1,1,SVM_Linear,3.00000089999998e-14,0.9999999999999699
2782,0,0,SVM_Linear,0.9999998999999902,1.0000000994736041e-07
12972,1,1,SVM_Linear,3.182195193699662e-10,0.9999999996817804
12166,1,1,SVM_Linear,3.00000089999998e-14,0.9999999999999699
3345,0,0,SVM_Linear,0.9999998999999902,1.0000000994736041e-07
3530,0,0,SVM_Linear,0.9999998999999902,1.0000000994736041e-07
4853,0,0,SVM_Linear,0.9999998999999902,1.0000000994736041e-07
1884,0,0,SVM_Linear,0.9999998999999902,1.0000000994736041e-07
1985,0,0,SVM_Linear,0.9999998999999902,1.0000000994736041e-07
5745,0,0,SVM_Linear,0.9999996707496704,3.292503294927725e-07
13070,1,1,SVM_Linear,3.00000089999998e-14,0.9999999999999699
6490,0,0,SVM_Linear,0.9999993328239605,6.67176039559716e-07
2719,0,0,SVM_Linear,0.9999998999999902,1.0000000994736041e-07
17629,1,1,SVM_Linear,5.789673106378178e-11,0.9999999999421033
13822,1,1,SVM_Linear,3.00000089999998e-14,0.9999999999999699
16160,1,1,SVM_Linear,3.0535076143536713e-10,0.9999999996946494
9429,0,0,SVM_Linear,0.9984591899611517,0.0015408100388483096
4946,0,0,SVM_Linear,0.9999997152460786,2.8475392136969196e-07
11785,1,1,SVM_Linear,3.00000089999998e-14,0.9999999999999699
860,0,0,SVM_Linear,0.9999998999999902,1.0000000994736041e-07
9739,0,0,SVM_Linear,0.9924425879834657,0.007557412016534241
13621,1,1,SVM_Linear,8.629375894031557e-13,0.9999999999991371
2401,0,0,SVM_Linear,0.9999998999999902,1.0000000994736041e-07
14048,1,1,SVM_Linear,3.013383041490098e-09,0.999999996986617
16243,1,1,SVM_Linear,2.9153425843233264e-09,0.9999999970846575
13735,1,1,SVM_Linear,0.004227046075583203,0.9957729539244169
9115,0,0,SVM_Linear,0.9987322521494344,0.0012677478505657713
11328,1,1,SVM_Linear,3.00000089999998e-14,0.9999999999999699
16136,1,1,SVM_Linear,2.2890089709807507e-09,0.9999999977109909
11375,1,1,SVM_Linear,3.00000089999998e-14,0.9999999999999699
5016,0,0,SVM_Linear,0.9999995811991362,4.18800863744707e-07
2327,0,0,SVM_Linear,0.9999998999999902,1.0000000994736041e-07
5172,0,0,SVM_Linear,0.9999991284161828,8.715838171589436e-07
12980,1,1,SVM_Linear,3.00000089999998e-14,0.9999999999999699
16266,1,1,SVM_Linear,4.115557233600657e-09,0.9999999958844429
15874,1,1,SVM_Linear,1.1003703862683676e-06,0.9999988996296137
575,0,0,SVM_Linear,0.9999998999999902,1.0000000994736041e-07
6777,0,0,SVM_Linear,0.9999238751182596,7.612488174025722e-05
8050,0,0,SVM_Linear,0.9998804222698886,0.00011957773011140156
7449,0,0,SVM_Linear,0.9999839024580345,1.609754196561444e-05
3627,0,0,SVM_Linear,0.9999998999999902,1.0000000994736041e-07
7368,0,0,SVM_Linear,0.9999967174540023,3.282545997755384e-06
18014,1,1,SVM_Linear,3.00000089999998e-14,0.9999999999999699
1560,0,0,SVM_Linear,0.9999998999999902,1.0000000994736041e-07
8338,0,0,SVM_Linear,0.9998446519487482,0.00015534805125199546
8992,0,0,SVM_Linear,0.9993764665001632,0.0006235334998369528
4259,0,0,SVM_Linear,0.9999998999999902,1.0000000994736041e-07
12763,1,1,SVM_Linear,3.3885662889213914e-13,0.999999999999661
806,0,0,SVM_Linear,0.9999998999999902,1.0000000994736041e-07
14898,1,1,SVM_Linear,1.0332130955099486e-06,0.9999989667869046
13076,1,1,SVM_Linear,3.00000089999998e-14,0.9999999999999699
16339,1,1,SVM_Linear,2.6252907420950897e-10,0.999999999737471
13725,1,1,SVM_Linear,3.00000089999998e-14,0.9999999999999699
8476,0,0,SVM_Linear,0.9998612178408258,0.00013878215917416097
3579,0,0,SVM_Linear,0.9999998999999902,1.0000000994736041e-07
1875,0,0,SVM_Linear,0.9999998999999902,1.0000000994736041e-07
17270,1,1,SVM_Linear,3.00000089999998e-14,0.9999999999999699
15623,1,1,SVM_Linear,1.4968732725817888e-08,0.9999999850312672
7418,0,0,SVM_Linear,0.9999651654539351,3.48345460650318e-05
13676,1,1,SVM_Linear,3.00000089999998e-14,0.9999999999999699
7576,0,0,SVM_Linear,0.9999656131549118,3.438684508812613e-05
4435,0,0,SVM_Linear,0.9999998999999902,1.0000000994736041e-07
12494,1,1,SVM_Linear,3.00000089999998e-14,0.9999999999999699
8865,0,0,SVM_Linear,0.9996963212911028,0.0003036787088972407
11646,1,1,SVM_Linear,3.5632827986534035e-14,0.9999999999999643
9832,0,0,SVM_Linear,0.9944767920813914,0.005523207918608586
15384,1,1,SVM_Linear,5.731696092162826e-07,0.9999994268303908
14514,1,1,SVM_Linear,1.6887275595123827e-06,0.9999983112724404
3756,0,0,SVM_Linear,0.9999998999999902,1.0000000994736041e-07
9899,0,0,SVM_Linear,0.9905203661443956,0.009479633855604234
7245,0,0,SVM_Linear,0.9998724285362014,0.00012757146379856803
9846,0,0,SVM_Linear,0.9927649352555123,0.007235064744487762
18098,1,1,SVM_Linear,3.00000089999998e-14,0.9999999999999699
7154,0,0,SVM_Linear,0.9999985350659869,1.4649340131583805e-06
2507,0,0,SVM_Linear,0.9999998999999902,1.0000000994736041e-07
5917,0,0,SVM_Linear,0.9999948898747979,5.1101252021236805e-06
14805,1,1,SVM_Linear,6.8283256979369055e-06,0.999993171674302
15887,1,1,SVM_Linear,6.216892231561912e-09,0.9999999937831078
18647,1,1,SVM_Linear,3.00000089999998e-14,0.9999999999999699
13868,1,1,SVM_Linear,3.00000089999998e-14,0.9999999999999699
2573,0,0,SVM_Linear,0.9999998999999902,1.0000000994736041e-07
959,0,0,SVM_Linear,0.9999998999999902,1.0000000994736041e-07
15868,1,1,SVM_Linear,2.3264162155344418e-08,0.9999999767358377
15303,1,1,SVM_Linear,1.0161058514181502e-07,0.9999998983894148
11013,1,1,SVM_Linear,3.7401716901512255e-08,0.9999999625982832
2368,0,0,SVM_Linear,0.9999998999999902,1.0000000994736041e-07
5063,0,0,SVM_Linear,0.9999998159135773,1.840864227979832e-07
8097,0,0,SVM_Linear,0.9998627570826308,0.00013724291736919998
16828,1,1,SVM_Linear,5.1183905419599253e-11,0.9999999999488162
8220,0,0,SVM_Linear,0.9999053516496931,9.464835030685272e-05
2806,0,0,SVM_Linear,0.9999998999999902,1.0000000994736041e-07
14176,1,1,SVM_Linear,0.006432296023944662,0.9935677039760555
9264,0,0,SVM_Linear,0.9986443807382637,0.0013556192617363854
4268,0,0,SVM_Linear,0.9999998999999902,1.0000000994736041e-07
19073,1,1,SVM_Linear,3.00000089999998e-14,0.9999999999999699
3056,0,0,SVM_Linear,0.9999998999999902,1.0000000994736041e-07
9842,0,0,SVM_Linear,0.9920072188033864,0.007992781196613521
5029,0,0,SVM_Linear,0.9999965690610229,3.4309389769940537e-06
7186,0,0,SVM_Linear,0.99999121455425,8.785445749952059e-06
7419,0,0,SVM_Linear,0.9999914272890108,8.572710989240754e-06
18427,1,1,SVM_Linear,4.4868569383702325e-09,0.9999999955131431
17967,1,1,SVM_Linear,3.00000089999998e-14,0.9999999999999699
3040,0,0,SVM_Linear,0.9999998999999902,1.0000000994736041e-07
18028,1,1,SVM_Linear,3.00000089999998e-14,0.9999999999999699
5734,0,0,SVM_Linear,0.9999591029108502,4.0897089149805016e-05
12608,1,1,SVM_Linear,3.00000089999998e-14,0.9999999999999699
7126,0,0,SVM_Linear,0.9999827412633552,1.7258736644766134e-05
1678,0,0,SVM_Linear,0.9999998999999902,1.0000000994736041e-07
14637,1,1,SVM_Linear,3.5430584175483887e-07,0.9999996456941582
8659,0,0,SVM_Linear,0.9998398973373388,0.00016010266266126768
2768,0,0,SVM_Linear,0.9999998999999902,1.0000000994736041e-07
6293,0,0,SVM_Linear,0.9999997499716707,2.500283293823347e-07
8967,0,0,SVM_Linear,0.9991814891907767,0.0008185108092233866
12788,1,1,SVM_Linear,3.00000089999998e-14,0.9999999999999699
15380,1,1,SVM_Linear,1.838459767686843e-07,0.9999998161540232
2430,0,0,SVM_Linear,0.9999998999999902,1.0000000994736041e-07
7253,0,0,SVM_Linear,0.9999964795246846,3.520475315442283e-06
8041,0,0,SVM_Linear,0.9999417268341977,5.827316580228593e-05
6546,0,0,SVM_Linear,0.9999967872313584,3.2127686416204356e-06
4297,0,0,SVM_Linear,0.9999998999999902,1.0000000994736041e-07
4760,0,0,SVM_Linear,0.9999998999999902,1.0000000994736041e-07
14171,1,1,SVM_Linear,4.625088281271022e-06,0.9999953749117186
13948,1,1,SVM_Linear,0.004761473344254235,0.9952385266557456
7848,0,0,SVM_Linear,0.9999695119588305,3.048804116938218e-05
338,0,0,SVM_Linear,0.9999998999999902,1.0000000994736041e-07
16270,1,1,SVM_Linear,7.3682345532589e-11,0.9999999999263177
9375,0,0,SVM_Linear,0.9993350407118619,0.0006649592881382988
3099,0,0,SVM_Linear,0.9999998999999902,1.0000000994736041e-07
11490,1,1,SVM_Linear,3.00000089999998e-14,0.9999999999999699
16087,1,1,SVM_Linear,5.8185227431723406e-08,0.9999999418147726
9413,0,0,SVM_Linear,0.9983447528661534,0.0016552471338465917
14753,1,1,SVM_Linear,3.834521204828663e-06,0.9999961654787952
956,0,0,SVM_Linear,0.9999998999999902,1.0000000994736041e-07
6078,0,0,SVM_Linear,0.9999984082077312,1.5917922686900132e-06
13496,1,1,SVM_Linear,3.00000089999998e-14,0.9999999999999699
15595,1,1,SVM_Linear,2.9697810959354358e-08,0.999999970302189
13799,1,1,SVM_Linear,3.00000089999998e-14,0.9999999999999699
14814,1,1,SVM_Linear,8.601555580272379e-07,0.999999139844442
17391,1,1,SVM_Linear,8.850948455695236e-13,0.9999999999991149
6910,0,0,SVM_Linear,0.9999997355286014,2.644713985598555e-07
3391,0,0,SVM_Linear,0.9999998999999902,1.0000000994736041e-07
15129,1,1,SVM_Linear,1.9485698054521329e-07,0.9999998051430194
6813,0,0,SVM_Linear,0.9999897971404894,1.0202859510601074e-05
1021,0,0,SVM_Linear,0.9999998999999902,1.0000000994736041e-07
10765,1,1,SVM_Linear,3.00000089999998e-14,0.9999999999999699
14172,1,1,SVM_Linear,2.5718283071328783e-06,0.9999974281716928
14663,1,1,SVM_Linear,1.7747420628758742e-06,0.9999982252579371
9146,0,0,SVM_Linear,0.999429792082241,0.0005702079177589949
635,0,0,SVM_Linear,0.9999998999999902,1.0000000994736041e-07
12944,1,1,SVM_Linear,3.00000089999998e-14,0.9999999999999699
4107,0,0,SVM_Linear,0.9999998999999902,1.0000000994736041e-07
11818,1,1,SVM_Linear,3.00000089999998e-14,0.9999999999999699
3005,0,0,SVM_Linear,0.9999998999999902,1.0000000994736041e-07
13455,1,1,SVM_Linear,3.00000089999998e-14,0.9999999999999699
15993,1,1,SVM_Linear,7.597301769593285e-10,0.9999999992402698
15424,1,1,SVM_Linear,9.888110583443142e-08,0.9999999011188943
2365,0,0,SVM_Linear,0.9999998999999902,1.0000000994736041e-07
7683,0,0,SVM_Linear,0.9999613152207671,3.868477923294842e-05
10481,1,1,SVM_Linear,2.8670126939562843e-07,0.9999997132987305
13127,1,1,SVM_Linear,3.00000089999998e-14,0.9999999999999699
6168,0,0,SVM_Linear,0.9999976992487715,2.300751228596265e-06
10064,1,1,SVM_Linear,3.00000089999998e-14,0.9999999999999699
3394,0,0,SVM_Linear,0.9999998999999902,1.0000000994736041e-07
16090,1,1,SVM_Linear,1.8904628337093655e-10,0.9999999998109538
17032,1,1,SVM_Linear,1.9341983513992077e-12,0.9999999999980658
6376,0,0,SVM_Linear,0.9999752273790972,2.477262090275292e-05
3581,0,0,SVM_Linear,0.9999998999999902,1.0000000994736041e-07
18965,1,1,SVM_Linear,3.00000089999998e-14,0.9999999999999699
10168,1,1,SVM_Linear,2.044559315933129e-13,0.9999999999997956
12211,1,1,SVM_Linear,2.1846141612525557e-07,0.9999997815385838
14983,1,1,SVM_Linear,2.2336643941434007e-06,0.9999977663356058
3356,0,0,SVM_Linear,0.9999998999999902,1.0000000994736041e-07
9082,0,0,SVM_Linear,0.9987360784762458,0.0012639215237542178
11896,1,1,SVM_Linear,3.00000089999998e-14,0.9999999999999699
13267,1,1,SVM_Linear,3.00000089999998e-14,0.9999999999999699
9789,0,0,SVM_Linear,0.99720823031434,0.002791769685660151
13879,1,1,SVM_Linear,3.00000089999998e-14,0.9999999999999699
10892,1,1,SVM_Linear,6.5909852367568685e-09,0.9999999934090147
9555,0,0,SVM_Linear,0.9968586446086638,0.003141355391336157
1248,0,0,SVM_Linear,0.9999998999999902,1.0000000994736041e-07
9444,0,0,SVM_Linear,0.9987516879499712,0.0012483120500287172
17747,1,1,SVM_Linear,3.00000089999998e-14,0.9999999999999699
8867,0,0,SVM_Linear,0.9988118880491956,0.0011881119508043597
2032,0,0,SVM_Linear,0.9999998999999902,1.0000000994736041e-07
12670,1,1,SVM_Linear,4.630273684953345e-14,0.9999999999999537
13454,1,1,SVM_Linear,3.00000089999998e-14,0.9999999999999699
10358,1,1,SVM_Linear,1.5253056600454046e-12,0.9999999999984747
8801,0,0,SVM_Linear,0.9996953566726615,0.00030464332733839966
7800,0,0,SVM_Linear,0.9999641127885559,3.588721144419478e-05
13097,1,1,SVM_Linear,3.00000089999998e-14,0.9999999999999699
3073,0,0,SVM_Linear,0.9999998999999902,1.0000000994736041e-07
11466,1,1,SVM_Linear,3.00000089999998e-14,0.9999999999999699
4432,0,0,SVM_Linear,0.9999998999999902,1.0000000994736041e-07
14264,1,1,SVM_Linear,7.63760833595966e-06,0.999992362391664
5788,0,0,SVM_Linear,0.9999997009103002,2.990896998660728e-07
10350,1,1,SVM_Linear,2.8801181353453163e-12,0.99999999999712
6924,0,0,SVM_Linear,0.9999949840903514,5.015909648570796e-06
14834,1,1,SVM_Linear,6.177336507490797e-07,0.9999993822663491
17174,1,1,SVM_Linear,8.640663945776826e-13,0.999999999999136
11034,1,1,SVM_Linear,2.998673996719447e-09,0.999999997001326
11148,1,1,SVM_Linear,2.8019756666621653e-08,0.9999999719802433
17332,1,1,SVM_Linear,3.00000089999998e-14,0.9999999999999699
13312,1,1,SVM_Linear,3.00000089999998e-14,0.9999999999999699
18734,1,1,SVM_Linear,3.00000089999998e-14,0.9999999999999699
15666,1,1,SVM_Linear,9.133567134466232e-09,0.9999999908664328
16172,1,1,SVM_Linear,2.9459937947153786e-10,0.9999999997054007
2725,0,0,SVM_Linear,0.9999998999999902,1.0000000994736041e-07
11697,1,1,SVM_Linear,3.00000089999998e-14,0.9999999999999699
8398,0,0,SVM_Linear,0.9998732865444331,0.0001267134555668403
536,0,0,SVM_Linear,0.9999998999999902,1.0000000994736041e-07
285,0,0,SVM_Linear,0.9999998999999902,1.0000000994736041e-07
7431,0,0,SVM_Linear,0.9999917483621116,8.251637888376924e-06
7343,0,0,SVM_Linear,0.9999671965894585,3.2803410541474044e-05
13658,1,1,SVM_Linear,3.00000089999998e-14,0.9999999999999699
18240,1,1,SVM_Linear,3.00000089999998e-14,0.9999999999999699
10195,1,1,SVM_Linear,5.001833934754974e-07,0.9999994998166065
3239,0,0,SVM_Linear,0.9999998999999902,1.0000000994736041e-07
16307,1,1,SVM_Linear,8.022094938064817e-10,0.9999999991977906
7693,0,0,SVM_Linear,0.9999567943641917,4.3205635808137954e-05
7776,0,0,SVM_Linear,0.9999596355741003,4.036442589982127e-05
8945,0,0,SVM_Linear,0.9995747824813693,0.00042521751863065825
5759,0,0,SVM_Linear,0.9999997688525749,2.3114742522769265e-07
2255,0,0,SVM_Linear,0.9999998999999902,1.0000000994736041e-07
3446,0,0,SVM_Linear,0.9999998999999902,1.0000000994736041e-07
18261,1,1,SVM_Linear,1.8243592559885665e-11,0.9999999999817565
12568,1,1,SVM_Linear,3.00000089999998e-14,0.9999999999999699
7232,0,0,SVM_Linear,0.9999812804928325,1.8719507167343778e-05
16783,1,1,SVM_Linear,2.7510735275290824e-10,0.9999999997248927
2604,0,0,SVM_Linear,0.9999998999999902,1.0000000994736041e-07
7350,0,0,SVM_Linear,0.9999339068928997,6.609310710031574e-05
18677,1,1,SVM_Linear,3.00000089999998e-14,0.9999999999999699
3430,0,0,SVM_Linear,0.9999998999999902,1.0000000994736041e-07
13620,1,1,SVM_Linear,3.00000089999998e-14,0.9999999999999699
15085,1,1,SVM_Linear,7.084114002761635e-07,0.9999992915885998
10982,1,1,SVM_Linear,8.253533817055234e-10,0.9999999991746467
14538,1,1,SVM_Linear,1.7015463499383286e-05,0.9999829845365006
10102,1,1,SVM_Linear,3.00000089999998e-14,0.9999999999999699
16842,1,1,SVM_Linear,2.648675427941518e-10,0.9999999997351325
14950,1,1,SVM_Linear,5.924466091632332e-07,0.9999994075533909
5519,0,0,SVM_Linear,0.9999997827193087,2.1728069146547337e-07
891,0,0,SVM_Linear,0.9999998999999902,1.0000000994736041e-07
15287,1,1,SVM_Linear,4.00236862124217e-07,0.9999995997631379
2071,0,0,SVM_Linear,0.9999998999999902,1.0000000994736041e-07
17773,1,1,SVM_Linear,3.00000089999998e-14,0.9999999999999699
6313,0,0,SVM_Linear,0.9999995777280544,4.222719456439283e-07
7101,0,0,SVM_Linear,0.9985237896881687,0.00147621031183124
9740,0,0,SVM_Linear,0.9954229921318428,0.004577007868157098
6075,0,0,SVM_Linear,0.999940137923034,5.9862076965861836e-05
5561,0,0,SVM_Linear,0.9999998682195294,1.317804705824578e-07
1664,0,0,SVM_Linear,0.9999998999999902,1.0000000994736041e-07
15067,1,1,SVM_Linear,9.975595914399725e-07,0.9999990024404086
5085,0,0,SVM_Linear,0.9999995268875146,4.7311248542453603e-07
14391,1,1,SVM_Linear,0.0029521546913647894,0.9970478453086353
7002,0,0,SVM_Linear,0.9999977630874719,2.2369125280327626e-06
8230,0,0,SVM_Linear,0.9998571426116406,0.0001428573883595159
8717,0,0,SVM_Linear,0.9997064037999112,0.0002935962000887942
15285,1,1,SVM_Linear,1.5306671956033992e-07,0.9999998469332805
10069,1,1,SVM_Linear,5.927655172071054e-12,0.9999999999940723
8004,0,0,SVM_Linear,0.9999439763923552,5.60236076449525e-05
3998,0,0,SVM_Linear,0.9999998999999902,1.0000000994736041e-07
2139,0,0,SVM_Linear,0.9999998999999902,1.0000000994736041e-07
5878,0,0,SVM_Linear,0.9999998443076524,1.5569234749604703e-07
1585,0,0,SVM_Linear,0.9999998999999902,1.0000000994736041e-07
19063,1,1,SVM_Linear,3.00000089999998e-14,0.9999999999999699
12526,1,1,SVM_Linear,3.00000089999998e-14,0.9999999999999699
9619,0,0,SVM_Linear,0.9965841269946694,0.003415873005330648
12482,1,1,SVM_Linear,3.00000089999998e-14,0.9999999999999699
2869,0,0,SVM_Linear,0.9999998999999902,1.0000000994736041e-07
8609,0,0,SVM_Linear,0.9997261046584996,0.00027389534150027773
9358,0,0,SVM_Linear,0.9980786841602992,0.00192131583970082
2558,0,0,SVM_Linear,0.9999998999999902,1.0000000994736041e-07
2635,0,0,SVM_Linear,0.9999998999999902,1.0000000994736041e-07
1232,0,0,SVM_Linear,0.9999998999999902,1.0000000994736041e-07
16132,1,1,SVM_Linear,3.286045518264723e-09,0.9999999967139546
12538,1,1,SVM_Linear,3.00000089999998e-14,0.9999999999999699
9331,0,0,SVM_Linear,0.998895563842389,0.001104436157610963
7526,0,0,SVM_Linear,0.9999777432747197,2.225672528031553e-05
6116,0,0,SVM_Linear,0.999999705839095,2.9416090501192234e-07
15594,1,1,SVM_Linear,0.04444174146205949,0.9555582585379404
9657,0,0,SVM_Linear,0.9968845303357753,0.0031154696642245175
7830,0,0,SVM_Linear,0.999959899417613,4.010058238687831e-05
1633,0,0,SVM_Linear,0.9999998999999902,1.0000000994736041e-07
2027,0,0,SVM_Linear,0.9999998999999902,1.0000000994736041e-07
18071,1,1,SVM_Linear,3.00000089999998e-14,0.9999999999999699
7643,0,0,SVM_Linear,0.9999770342233827,2.2965776617376725e-05
7956,0,0,SVM_Linear,0.999963433514925,3.65664850748469e-05
8966,0,0,SVM_Linear,0.999442542210411,0.000557457789589137
1725,0,0,SVM_Linear,0.9999998999999902,1.0000000994736041e-07
13025,1,1,SVM_Linear,3.589332749556264e-14,0.999999999999964
2427,0,0,SVM_Linear,0.9999998999999902,1.0000000994736041e-07
1198,0,0,SVM_Linear,0.9999998999999902,1.0000000994736041e-07
10407,1,1,SVM_Linear,8.568118458173703e-08,0.9999999143188154
2047,0,0,SVM_Linear,0.9999998999999902,1.0000000994736041e-07
2772,0,0,SVM_Linear,0.9999998999999902,1.0000000994736041e-07
2790,0,0,SVM_Linear,0.9999998999999902,1.0000000994736041e-07
10826,1,1,SVM_Linear,9.916830457260574e-06,0.9999900831695426
16998,1,1,SVM_Linear,1.605418848407785e-12,0.9999999999983945
1466,0,0,SVM_Linear,0.9999998999999902,1.0000000994736041e-07
14226,1,1,SVM_Linear,2.5520069926455126e-06,0.9999974479930074
19034,1,1,SVM_Linear,3.00000089999998e-14,0.9999999999999699
14079,1,1,SVM_Linear,0.0038454767493835596,0.9961545232506165
552,0,0,SVM_Linear,0.9999998999999902,1.0000000994736041e-07
4777,0,0,SVM_Linear,0.9999995046170024,4.95382997556136e-07
3735,0,0,SVM_Linear,0.9999998999999902,1.0000000994736041e-07
6090,0,0,SVM_Linear,0.9999992028916685,7.971083315607845e-07
4485,0,0,SVM_Linear,0.9999998999999902,1.0000000994736041e-07
17473,1,1,SVM_Linear,9.090177650249332e-14,0.9999999999999091
2064,0,0,SVM_Linear,0.9999998999999902,1.0000000994736041e-07
19024,1,1,SVM_Linear,3.00000089999998e-14,0.9999999999999699
2720,0,0,SVM_Linear,0.9999998999999902,1.0000000994736041e-07
18560,1,1,SVM_Linear,3.00000089999998e-14,0.9999999999999699
5789,0,0,SVM_Linear,0.9999998377010233,1.6229897673114834e-07
14287,1,1,SVM_Linear,5.725634936730199e-06,0.9999942743650633
529,0,0,SVM_Linear,0.9999998999999902,1.0000000994736041e-07
1645,0,0,SVM_Linear,0.9999998999999902,1.0000000994736041e-07
7843,0,0,SVM_Linear,0.9999662952335321,3.370476646802064e-05
14382,1,1,SVM_Linear,5.653964606512563e-06,0.9999943460353934
14206,1,1,SVM_Linear,6.681019879999995e-06,0.9999933189801199
2674,0,0,SVM_Linear,0.9999998999999902,1.0000000994736041e-07
13056,1,1,SVM_Linear,3.00000089999998e-14,0.9999999999999699
1933,0,0,SVM_Linear,0.9999998999999902,1.0000000994736041e-07
12565,1,1,SVM_Linear,3.00000089999998e-14,0.9999999999999699
11028,1,1,SVM_Linear,1.1401902714665417e-11,0.9999999999885981
12084,1,1,SVM_Linear,0.002622310781268164,0.9973776892187319
863,0,0,SVM_Linear,0.9999998999999902,1.0000000994736041e-07
6764,0,0,SVM_Linear,0.9999996892453804,3.1075461957125196e-07
9111,0,0,SVM_Linear,0.998283862177697,0.0017161378223029295
16335,1,1,SVM_Linear,4.067581204203388e-09,0.9999999959324188
10576,1,1,SVM_Linear,3.00000089999998e-14,0.9999999999999699
13425,1,1,SVM_Linear,3.00000089999998e-14,0.9999999999999699
12416,1,1,SVM_Linear,3.00000089999998e-14,0.9999999999999699
6235,0,0,SVM_Linear,0.9999993443493993,6.556506006981608e-07
4300,0,0,SVM_Linear,0.9999998999999902,1.0000000994736041e-07
11365,1,1,SVM_Linear,3.00000089999998e-14,0.9999999999999699
16769,1,1,SVM_Linear,1.103746750068565e-11,0.9999999999889626
9329,0,0,SVM_Linear,0.9978234985992607,0.0021765014007393176
15371,1,1,SVM_Linear,1.321243242886975e-07,0.9999998678756756
17941,1,1,SVM_Linear,7.380319112864384e-13,0.999999999999262
3974,0,0,SVM_Linear,0.9999998999999902,1.0000000994736041e-07
17079,1,1,SVM_Linear,2.497338392770927e-09,0.9999999975026617
8804,0,0,SVM_Linear,0.9996617870522353,0.0003382129477645835
2116,0,0,SVM_Linear,0.9999998999999902,1.0000000994736041e-07
12869,1,1,SVM_Linear,3.00000089999998e-14,0.9999999999999699
10039,1,1,SVM_Linear,3.00000089999998e-14,0.9999999999999699
14170,1,1,SVM_Linear,0.004122720414243821,0.995877279585756
6540,0,0,SVM_Linear,0.9999993415380914,6.584619085819568e-07
12326,1,1,SVM_Linear,3.00000089999998e-14,0.9999999999999699
6638,0,0,SVM_Linear,0.9999996612128328,3.3878716718837105e-07
6278,0,0,SVM_Linear,0.9997548442065696,0.00024515579343046287
7351,0,0,SVM_Linear,0.9999949388826106,5.061117389469384e-06
15722,1,1,SVM_Linear,3.00000089999998e-14,0.9999999999999699
15766,1,1,SVM_Linear,1.8551809870401814e-09,0.999999998144819
15193,1,1,SVM_Linear,3.3773674696982134e-07,0.9999996622632531
9046,0,0,SVM_Linear,0.9992734504521278,0.0007265495478721326
6287,0,0,SVM_Linear,0.9999985140556509,1.4859443491215637e-06
7079,0,0,SVM_Linear,0.999991817557709,8.182442290800327e-06
1331,0,0,SVM_Linear,0.9999998999999902,1.0000000994736041e-07
966,0,0,SVM_Linear,0.9999998999999902,1.0000000994736041e-07
14623,1,1,SVM_Linear,2.250038358960201e-06,0.9999977499616411
10533,1,1,SVM_Linear,1.1437857876501254e-08,0.9999999885621421
15507,1,1,SVM_Linear,8.970493889573207e-09,0.9999999910295061
18709,1,1,SVM_Linear,3.00000089999998e-14,0.9999999999999699
10904,1,1,SVM_Linear,5.79367960491898e-06,0.999994206320395
19070,1,1,SVM_Linear,3.00000089999998e-14,0.9999999999999699
11414,1,1,SVM_Linear,4.163138149095641e-14,0.9999999999999584
2443,0,0,SVM_Linear,0.9999998999999902,1.0000000994736041e-07
13032,1,1,SVM_Linear,3.894429228174442e-14,0.9999999999999611
12206,1,1,SVM_Linear,3.00000089999998e-14,0.9999999999999699
6150,0,0,SVM_Linear,0.9999988142449773,1.1857550226331752e-06
4804,0,0,SVM_Linear,0.9999998999999902,1.0000000994736041e-07
3294,0,0,SVM_Linear,0.9999998999999902,1.0000000994736041e-07
7858,0,0,SVM_Linear,0.9999456269455378,5.437305446230152e-05
7806,0,0,SVM_Linear,0.9999732718539569,2.6728146042920117e-05
15708,1,1,SVM_Linear,1.3803102986778775e-08,0.999999986196897
7721,0,0,SVM_Linear,0.9999608404026229,3.915959737717311e-05
11199,1,1,SVM_Linear,3.00000089999998e-14,0.9999999999999699
13232,1,1,SVM_Linear,3.00000089999998e-14,0.9999999999999699
7805,0,0,SVM_Linear,0.9999648595615113,3.5140438488618136e-05
13617,1,1,SVM_Linear,0.0044608426701832436,0.995539157329817
11177,1,1,SVM_Linear,3.00000089999998e-14,0.9999999999999699
16473,1,1,SVM_Linear,2.7355733634511232e-09,0.9999999972644267
1040,0,0,SVM_Linear,0.9999998999999902,1.0000000994736041e-07
2356,0,0,SVM_Linear,0.9999998999999902,1.0000000994736041e-07
8715,0,0,SVM_Linear,0.99954482208455,0.00045517791544989766
18419,1,1,SVM_Linear,3.00000089999998e-14,0.9999999999999699
7117,0,0,SVM_Linear,0.9998421055429696,0.00015789445703051072
15527,1,1,SVM_Linear,9.265435610171236e-08,0.9999999073456439
1365,0,0,SVM_Linear,0.9999998999999902,1.0000000994736041e-07
1816,0,0,SVM_Linear,0.9999998999999902,1.0000000994736041e-07
18878,1,1,SVM_Linear,3.00000089999998e-14,0.9999999999999699
11186,1,1,SVM_Linear,3.00000089999998e-14,0.9999999999999699
556,0,0,SVM_Linear,0.9999998999999902,1.0000000994736041e-07
717,0,0,SVM_Linear,0.9999998999999902,1.0000000994736041e-07
269,0,0,SVM_Linear,0.9999998999999902,1.0000000994736041e-07
17812,1,1,SVM_Linear,3.00000089999998e-14,0.9999999999999699
1252,0,0,SVM_Linear,0.9999998999999902,1.0000000994736041e-07
6257,0,0,SVM_Linear,0.999998406248396,1.5937516041858702e-06
14280,1,1,SVM_Linear,0.004374235987472978,0.995625764012527
11642,1,1,SVM_Linear,3.00000089999998e-14,0.9999999999999699
4611,0,0,SVM_Linear,0.9999997747139414,2.252860587136414e-07
17384,1,1,SVM_Linear,2.3127704498664446e-12,0.9999999999976872
16699,1,1,SVM_Linear,3.772092337996596e-11,0.999999999962279
9294,0,0,SVM_Linear,0.9980801419778572,0.0019198580221427243
12968,1,1,SVM_Linear,3.00000089999998e-14,0.9999999999999699
10430,1,1,SVM_Linear,3.00000089999998e-14,0.9999999999999699
13508,1,1,SVM_Linear,3.00000089999998e-14,0.9999999999999699
539,0,0,SVM_Linear,0.9999998999999902,1.0000000994736041e-07
5429,0,0,SVM_Linear,0.99999975496788,2.4503212012728785e-07
16661,1,1,SVM_Linear,1.6256802493803443e-10,0.999999999837432
827,0,0,SVM_Linear,0.9999998999999902,1.0000000994736041e-07
13511,1,1,SVM_Linear,2.962972208362606e-12,0.999999999997037
7280,0,0,SVM_Linear,0.9999185318511706,8.14681488294145e-05
2665,0,0,SVM_Linear,0.9999998999999902,1.0000000994736041e-07
8276,0,0,SVM_Linear,0.9998583014759752,0.00014169852402484874
12681,1,1,SVM_Linear,3.00000089999998e-14,0.9999999999999699
60,0,0,SVM_Linear,0.9999998999999902,1.0000000994736041e-07
17927,1,1,SVM_Linear,3.00000089999998e-14,0.9999999999999699
17297,1,1,SVM_Linear,4.2346360435279327e-13,0.9999999999995764
784,0,0,SVM_Linear,0.9999998999999902,1.0000000994736041e-07
17955,1,1,SVM_Linear,3.00000089999998e-14,0.9999999999999699
17954,1,1,SVM_Linear,3.00000089999998e-14,0.9999999999999699
18836,1,1,SVM_Linear,3.00000089999998e-14,0.9999999999999699
8498,0,0,SVM_Linear,0.9998446730167452,0.0001553269832548187
16192,1,1,SVM_Linear,7.749900200084479e-12,0.9999999999922501
13119,1,1,SVM_Linear,3.00000089999998e-14,0.9999999999999699
5543,0,0,SVM_Linear,0.9999993012031138,6.987968861727891e-07
18481,1,1,SVM_Linear,3.00000089999998e-14,0.9999999999999699
8982,0,0,SVM_Linear,0.9995188427644451,0.000481157235554859
13795,1,1,SVM_Linear,3.00000089999998e-14,0.9999999999999699
4493,0,0,SVM_Linear,0.9999998999999902,1.0000000994736041e-07
12658,1,1,SVM_Linear,3.00000089999998e-14,0.9999999999999699
4263,0,0,SVM_Linear,0.9999998999999902,1.0000000994736041e-07
466,0,0,SVM_Linear,0.9999998999999902,1.0000000994736041e-07
11543,1,1,SVM_Linear,3.00000089999998e-14,0.9999999999999699
16598,1,1,SVM_Linear,1.458191332904823e-09,0.9999999985418087
4070,0,0,SVM_Linear,0.9999998999999902,1.0000000994736041e-07
3741,0,0,SVM_Linear,0.9999998999999902,1.0000000994736041e-07
7221,0,0,SVM_Linear,0.9999646847715871,3.5315228412815005e-05
9002,0,0,SVM_Linear,0.9994759963079449,0.000524003692055138
9258,0,0,SVM_Linear,0.9976916001893396,0.002308399810660453
15025,1,1,SVM_Linear,4.7574688549644674e-07,0.9999995242531146
13471,1,1,SVM_Linear,9.352613880185748e-12,0.9999999999906474
11319,1,1,SVM_Linear,3.00000089999998e-14,0.9999999999999699
2713,0,0,SVM_Linear,0.9999998999999902,1.0000000994736041e-07
10571,1,1,SVM_Linear,2.229423872419941e-06,0.9999977705761276
294,0,0,SVM_Linear,0.9999998999999902,1.0000000994736041e-07
3876,0,0,SVM_Linear,0.9999998999999902,1.0000000994736041e-07
3748,0,0,SVM_Linear,0.9999998999999902,1.0000000994736041e-07
1960,0,0,SVM_Linear,0.9999998999999902,1.0000000994736041e-07
2814,0,0,SVM_Linear,0.9999998999999902,1.0000000994736041e-07
9970,0,0,SVM_Linear,0.9939478560029182,0.006052143997081629
15415,1,1,SVM_Linear,1.217062752811546e-07,0.9999998782937247
18758,1,1,SVM_Linear,3.00000089999998e-14,0.9999999999999699
9976,0,0,SVM_Linear,0.9927405277941949,0.007259472205805159
5189,0,0,SVM_Linear,0.9999998999999902,1.0000000994736041e-07
19048,1,1,SVM_Linear,3.00000089999998e-14,0.9999999999999699
7052,0,0,SVM_Linear,0.9999638482574688,3.6151742531168354e-05
14907,1,1,SVM_Linear,1.2702649998475813e-06,0.9999987297350001
391,0,0,SVM_Linear,0.9999998999999902,1.0000000994736041e-07
3719,0,0,SVM_Linear,0.9999998999999902,1.0000000994736041e-07
10646,1,1,SVM_Linear,7.399641964620403e-06,0.9999926003580354
7291,0,0,SVM_Linear,0.9999974516278153,2.548372184792552e-06
8311,0,0,SVM_Linear,0.9998708987598964,0.00012910124010361303
13416,1,1,SVM_Linear,4.305893479072592e-13,0.9999999999995693
1007,0,0,SVM_Linear,0.9999998999999902,1.0000000994736041e-07
17482,1,1,SVM_Linear,3.00000089999998e-14,0.9999999999999699
3380,0,0,SVM_Linear,0.9999998999999902,1.0000000994736041e-07
825,0,0,SVM_Linear,0.9999998999999902,1.0000000994736041e-07
7099,0,0,SVM_Linear,0.999995854445587,4.145554412911644e-06
13744,1,1,SVM_Linear,3.00000089999998e-14,0.9999999999999699
3644,0,0,SVM_Linear,0.9999998999999902,1.0000000994736041e-07
12385,1,1,SVM_Linear,3.00000089999998e-14,0.9999999999999699
16896,1,1,SVM_Linear,1.1780386732880076e-09,0.9999999988219614
9215,0,0,SVM_Linear,0.9989056938938824,0.0010943061061176318
13871,1,1,SVM_Linear,3.00000089999998e-14,0.9999999999999699
7982,0,0,SVM_Linear,0.9999234947577891,7.650524221105719e-05
11043,1,1,SVM_Linear,2.358651351004143e-11,0.9999999999764134
8838,0,0,SVM_Linear,0.9995919231399716,0.00040807686002844733
13204,1,1,SVM_Linear,3.00000089999998e-14,0.9999999999999699
2322,0,0,SVM_Linear,0.9999998999999902,1.0000000994736041e-07
13705,1,1,SVM_Linear,3.00000089999998e-14,0.9999999999999699
5901,0,0,SVM_Linear,0.9999988848617959,1.1151382041859062e-06
14853,1,1,SVM_Linear,5.746259758799916e-07,0.9999994253740242
11097,1,1,SVM_Linear,6.053296743137825e-08,0.9999999394670326
15864,1,1,SVM_Linear,8.043654498046544e-10,0.9999999991956346
17500,1,1,SVM_Linear,3.00000089999998e-14,0.9999999999999699
16816,1,1,SVM_Linear,1.237772625320771e-10,0.9999999998762227
18381,1,1,SVM_Linear,3.00000089999998e-14,0.9999999999999699
1100,0,0,SVM_Linear,0.9999998999999902,1.0000000994736041e-07
6238,0,0,SVM_Linear,0.9999994272632942,5.727367060168086e-07
16979,1,1,SVM_Linear,3.0957821751131906e-14,0.999999999999969
3629,0,0,SVM_Linear,0.9999998999999902,1.0000000994736041e-07
4873,0,0,SVM_Linear,0.9999997790069102,2.2099308981588244e-07
14876,1,1,SVM_Linear,1.361580371465801e-06,0.9999986384196285
6241,0,0,SVM_Linear,0.9999995967714301,4.032285700346666e-07
8130,0,0,SVM_Linear,0.9999332628910194,6.673710898065178e-05
2180,0,0,SVM_Linear,0.9999998999999902,1.0000000994736041e-07
6035,0,0,SVM_Linear,0.9999978771386993,2.12286130072266e-06
1761,0,0,SVM_Linear,0.9999998999999902,1.0000000994736041e-07
16164,1,1,SVM_Linear,5.071745789347339e-09,0.9999999949282542
17948,1,1,SVM_Linear,3.00000089999998e-14,0.9999999999999699
15712,1,1,SVM_Linear,2.411301793607724e-09,0.9999999975886982
10033,1,1,SVM_Linear,3.00000089999998e-14,0.9999999999999699
3775,0,0,SVM_Linear,0.9999998999999902,1.0000000994736041e-07
11781,1,1,SVM_Linear,3.00000089999998e-14,0.9999999999999699
16692,1,1,SVM_Linear,1.3459199800018712e-10,0.9999999998654079
7246,0,0,SVM_Linear,0.9999690084902619,3.099150973798555e-05
4356,0,0,SVM_Linear,0.9999998118578196,1.8814218048299704e-07
3177,0,0,SVM_Linear,0.9999998999999902,1.0000000994736041e-07
13683,1,1,SVM_Linear,3.00000089999998e-14,0.9999999999999699
12884,1,1,SVM_Linear,3.00000089999998e-14,0.9999999999999699
3108,0,0,SVM_Linear,0.9999998999999902,1.0000000994736041e-07
18009,1,1,SVM_Linear,1.2267270826245447e-13,0.9999999999998773
6374,0,0,SVM_Linear,0.999997489701244,2.5102987558545696e-06
17387,1,1,SVM_Linear,1.0860086702222078e-12,0.9999999999989141
17010,1,1,SVM_Linear,5.5181284342574235e-11,0.9999999999448188
6721,0,0,SVM_Linear,0.9999994537618658,5.462381342274026e-07
15580,1,1,SVM_Linear,3.0537458809432605e-09,0.9999999969462542
12417,1,1,SVM_Linear,3.00000089999998e-14,0.9999999999999699
1712,0,0,SVM_Linear,0.9999998999999902,1.0000000994736041e-07
7268,0,0,SVM_Linear,0.9999666237720173,3.337622798272106e-05
5150,0,0,SVM_Linear,0.9999995134943422,4.865056577471658e-07
11279,1,1,SVM_Linear,3.00000089999998e-14,0.9999999999999699
12434,1,1,SVM_Linear,3.00000089999998e-14,0.9999999999999699
8452,0,0,SVM_Linear,0.999747097688028,0.0002529023119721077
4859,0,0,SVM_Linear,0.9999998662818576,1.3371814256462858e-07
18373,1,1,SVM_Linear,3.00000089999998e-14,0.9999999999999699
14772,1,1,SVM_Linear,3.053395444120259e-06,0.9999969466045558
18728,1,1,SVM_Linear,3.00000089999998e-14,0.9999999999999699
13366,1,1,SVM_Linear,3.00000089999998e-14,0.9999999999999699
17666,1,1,SVM_Linear,1.6565864749765647e-13,0.9999999999998344
5989,0,0,SVM_Linear,0.9999998479477732,1.5205222683669342e-07
2162,0,0,SVM_Linear,0.9999998999999902,1.0000000994736041e-07
10946,1,1,SVM_Linear,0.002742613855958641,0.9972573861440416
3675,0,0,SVM_Linear,0.9999998999999902,1.0000000994736041e-07
14846,1,1,SVM_Linear,1.8487450083152457e-06,0.9999981512549917
2219,0,0,SVM_Linear,0.9999998999999902,1.0000000994736041e-07
12615,1,1,SVM_Linear,7.924938159225454e-12,0.999999999992075
17235,1,1,SVM_Linear,1.0761070232975088e-13,0.9999999999998923
18445,1,1,SVM_Linear,2.761634688698483e-12,0.9999999999972384
3738,0,0,SVM_Linear,0.9999998999999902,1.0000000994736041e-07
1687,0,0,SVM_Linear,0.9999998999999902,1.0000000994736041e-07
10877,1,1,SVM_Linear,1.7216682965341776e-11,0.9999999999827833
16806,1,1,SVM_Linear,2.0734455339502337e-10,0.9999999997926555
8502,0,0,SVM_Linear,0.9998336861111727,0.0001663138888271611
9339,0,0,SVM_Linear,0.9972214310831135,0.002778568916886529
14581,1,1,SVM_Linear,9.953457696932332e-06,0.999990046542303
15436,1,1,SVM_Linear,2.2295504573199948e-08,0.9999999777044953
10701,1,1,SVM_Linear,5.081448537648505e-13,0.9999999999994917
12734,1,1,SVM_Linear,3.00000089999998e-14,0.9999999999999699
14603,1,1,SVM_Linear,5.72255460052131e-06,0.9999942774453996
4197,0,0,SVM_Linear,0.9999998999999902,1.0000000994736041e-07
1276,0,0,SVM_Linear,0.9999998999999902,1.0000000994736041e-07
3919,0,0,SVM_Linear,0.9999998999999902,1.0000000994736041e-07
4732,0,0,SVM_Linear,0.9999998999999902,1.0000000994736041e-07
4926,0,0,SVM_Linear,0.9999996444060802,3.5559391985753504e-07
4548,0,0,SVM_Linear,0.9999998999999902,1.0000000994736041e-07
11938,1,1,SVM_Linear,3.00000089999998e-14,0.9999999999999699
15024,1,1,SVM_Linear,1.1583724230602664e-06,0.9999988416275768
14510,1,1,SVM_Linear,3.5783148802078495e-06,0.9999964216851198
11275,1,1,SVM_Linear,3.00000089999998e-14,0.9999999999999699
8482,0,0,SVM_Linear,0.9997562336259695,0.00024376637403049182
9573,0,0,SVM_Linear,0.9967927911442058,0.003207208855794109
1312,0,0,SVM_Linear,0.9999998999999902,1.0000000994736041e-07
7175,0,0,SVM_Linear,0.9999554754817895,4.452451821047482e-05
9641,0,0,SVM_Linear,0.9980627959315742,0.0019372040684256689
15122,1,1,SVM_Linear,1.2144055435391274e-06,0.9999987855944564
18509,1,1,SVM_Linear,3.00000089999998e-14,0.9999999999999699
3695,0,0,SVM_Linear,0.9999998999999902,1.0000000994736041e-07
3104,0,0,SVM_Linear,0.9999998999999902,1.0000000994736041e-07
4544,0,0,SVM_Linear,0.9999998999999902,1.0000000994736041e-07
13873,1,1,SVM_Linear,9.459084937486214e-07,0.9999990540915064
8666,0,0,SVM_Linear,0.9996287097939428,0.00037129020605715965
2204,0,0,SVM_Linear,0.9999998999999902,1.0000000994736041e-07
16495,1,1,SVM_Linear,9.272143319565851e-12,0.9999999999907278
12746,1,1,SVM_Linear,3.00000089999998e-14,0.9999999999999699
7426,0,0,SVM_Linear,0.9999542778733291,4.572212667100086e-05
10726,1,1,SVM_Linear,2.413758993382122e-08,0.99999997586241
5,0,0,SVM_Linear,0.9999998999999902,1.0000000994736041e-07
502,0,0,SVM_Linear,0.9999998999999902,1.0000000994736041e-07
15140,1,1,SVM_Linear,5.820031771536581e-07,0.9999994179968228
17296,1,1,SVM_Linear,7.195593850683213e-11,0.9999999999280441
1274,0,0,SVM_Linear,0.9999998999999902,1.0000000994736041e-07
6059,0,0,SVM_Linear,0.999981669691993,1.833030800711363e-05
10528,1,1,SVM_Linear,8.466542188772218e-11,0.9999999999153345
6228,0,0,SVM_Linear,0.9999988667318633,1.1332681366479743e-06
14419,1,1,SVM_Linear,3.6584581290908577e-06,0.9999963415418709
13018,1,1,SVM_Linear,2.2459345863284433e-08,0.9999999775406541
4234,0,0,SVM_Linear,0.9999998999999902,1.0000000994736041e-07
5104,0,0,SVM_Linear,0.9999980035074615,1.996492538415066e-06
9192,0,0,SVM_Linear,0.9979703413818589,0.002029658618141029
14491,1,1,SVM_Linear,6.850055330722275e-06,0.9999931499446693
5182,0,0,SVM_Linear,0.9999998999999902,1.0000000994736041e-07
1028,0,0,SVM_Linear,0.9999998999999902,1.0000000994736041e-07
10964,1,1,SVM_Linear,0.00427769795897255,0.9957223020410275
10061,1,1,SVM_Linear,3.00000089999998e-14,0.9999999999999699
5578,0,0,SVM_Linear,0.9999996717775411,3.2822245880565e-07
14821,1,1,SVM_Linear,2.0756366682125177e-06,0.9999979243633318
16397,1,1,SVM_Linear,1.6801808947950465e-11,0.9999999999831982
3157,0,0,SVM_Linear,0.9999998999999902,1.0000000994736041e-07
10744,1,1,SVM_Linear,3.00000089999998e-14,0.9999999999999699
18992,1,1,SVM_Linear,3.00000089999998e-14,0.9999999999999699
19044,1,1,SVM_Linear,3.00000089999998e-14,0.9999999999999699
14930,1,1,SVM_Linear,9.604675343143726e-07,0.9999990395324657
417,0,0,SVM_Linear,0.9999998999999902,1.0000000994736041e-07
16424,1,1,SVM_Linear,6.973525586566756e-09,0.9999999930264744
12317,1,1,SVM_Linear,3.3108819878148987e-11,0.9999999999668912
11123,1,1,SVM_Linear,4.945402354961402e-09,0.9999999950545977
7892,0,0,SVM_Linear,0.9999247317154935,7.526828450657495e-05
8194,0,0,SVM_Linear,0.9999351914317374,6.480856826266005e-05
317,0,0,SVM_Linear,0.9999998999999902,1.0000000994736041e-07
14075,1,1,SVM_Linear,0.005007300010768809,0.9949926999892311
5757,0,0,SVM_Linear,0.9999991340178547,8.659821455136433e-07
3117,0,0,SVM_Linear,0.9999998999999902,1.0000000994736041e-07
13798,1,1,SVM_Linear,3.00000089999998e-14,0.9999999999999699
19050,1,1,SVM_Linear,3.00000089999998e-14,0.9999999999999699
16018,1,1,SVM_Linear,7.398766775598017e-08,0.9999999260123323
6420,0,0,SVM_Linear,0.9999997529515502,2.470484498900978e-07
16999,1,1,SVM_Linear,1.902119181740689e-09,0.9999999980978808
1072,0,0,SVM_Linear,0.9999998999999902,1.0000000994736041e-07
18971,1,1,SVM_Linear,3.00000089999998e-14,0.9999999999999699
6986,0,0,SVM_Linear,0.9999823714864563,1.7628513543769712e-05
11900,1,1,SVM_Linear,3.00000089999998e-14,0.9999999999999699
15357,1,1,SVM_Linear,5.920725851833688e-07,0.9999994079274148
8352,0,0,SVM_Linear,0.9998429095758394,0.00015709042416065387
8363,0,0,SVM_Linear,0.9999026008330099,9.73991669902127e-05
5585,0,0,SVM_Linear,0.9999529134288646,4.708657113554725e-05
15801,1,1,SVM_Linear,1.2621703956077565e-08,0.999999987378296
10291,1,1,SVM_Linear,3.00000089999998e-14,0.9999999999999699
5691,0,0,SVM_Linear,0.9999997009252092,2.990747908942017e-07
9837,0,0,SVM_Linear,0.9951506691119127,0.004849330888087264
2645,0,0,SVM_Linear,0.9999998999999902,1.0000000994736041e-07
4788,0,0,SVM_Linear,0.9999998999999902,1.0000000994736041e-07
15926,1,1,SVM_Linear,8.896498276764372e-10,0.9999999991103502
7330,0,0,SVM_Linear,0.9999913307523349,8.669247665133044e-06
17236,1,1,SVM_Linear,4.883811417815512e-11,0.999999999951162
5252,0,0,SVM_Linear,0.9999998999999902,1.0000000994736041e-07
7984,0,0,SVM_Linear,0.9999172668319165,8.273316808342178e-05
13273,1,1,SVM_Linear,1.1268054296811961e-10,0.9999999998873194
9810,0,0,SVM_Linear,0.9962301944684265,0.0037698055315733363
13000,1,1,SVM_Linear,3.00000089999998e-14,0.9999999999999699
6783,0,0,SVM_Linear,0.9999996492433336,3.5075666639578454e-07
14004,1,1,SVM_Linear,0.003436541779599554,0.9965634582204004
2863,0,0,SVM_Linear,0.9999998999999902,1.0000000994736041e-07
11691,1,1,SVM_Linear,3.00000089999998e-14,0.9999999999999699
6652,0,0,SVM_Linear,0.9999667053057616,3.329469423854081e-05
13082,1,1,SVM_Linear,3.00000089999998e-14,0.9999999999999699
255,0,0,SVM_Linear,0.9999998999999902,1.0000000994736041e-07
14845,1,1,SVM_Linear,7.515414479448876e-06,0.9999924845855206
6748,0,0,SVM_Linear,0.9999924038067246,7.596193275293882e-06
10595,1,1,SVM_Linear,3.00000089999998e-14,0.9999999999999699
17020,1,1,SVM_Linear,9.62981895311586e-13,0.9999999999990371
15902,1,1,SVM_Linear,4.92433634193909e-10,0.9999999995075664
14249,1,1,SVM_Linear,0.003798203154256167,0.9962017968457437
5892,0,0,SVM_Linear,0.9999992380323867,7.619676133949465e-07
5801,0,0,SVM_Linear,0.9999995536099927,4.4639000738101383e-07
12634,1,1,SVM_Linear,3.00000089999998e-14,0.9999999999999699
8245,0,0,SVM_Linear,0.999795984255738,0.00020401574426184637
11172,1,1,SVM_Linear,3.00000089999998e-14,0.9999999999999699
1495,0,0,SVM_Linear,0.9999998999999902,1.0000000994736041e-07
4551,0,0,SVM_Linear,0.9999998999999902,1.0000000994736041e-07
2738,0,0,SVM_Linear,0.9999998999999902,1.0000000994736041e-07
629,0,0,SVM_Linear,0.9999998999999902,1.0000000994736041e-07
16502,1,1,SVM_Linear,2.560467393811465e-10,0.9999999997439534
14173,1,1,SVM_Linear,0.005164490546194612,0.9948355094538054
7043,0,0,SVM_Linear,0.9999940834629701,5.916537029916795e-06
1949,0,0,SVM_Linear,0.9999998999999902,1.0000000994736041e-07
4178,0,0,SVM_Linear,0.9999998999999902,1.0000000994736041e-07
18667,1,1,SVM_Linear,3.00000089999998e-14,0.9999999999999699
1828,0,0,SVM_Linear,0.9999998999999902,1.0000000994736041e-07
7709,0,0,SVM_Linear,0.9999476056018773,5.239439812267491e-05
19123,1,1,SVM_Linear,3.00000089999998e-14,0.9999999999999699
11104,1,1,SVM_Linear,5.619676580391392e-10,0.9999999994380323
8816,0,0,SVM_Linear,0.9994989264142684,0.0005010735857317703
6294,0,0,SVM_Linear,0.9999946710576297,5.328942370364484e-06
3890,0,0,SVM_Linear,0.9999998999999902,1.0000000994736041e-07
8881,0,0,SVM_Linear,0.9993378760619864,0.0006621239380135807
15299,1,1,SVM_Linear,6.978813226807231e-08,0.9999999302118677
7000,0,0,SVM_Linear,0.9992754127753133,0.000724587224686663
1555,0,0,SVM_Linear,0.9999998999999902,1.0000000994736041e-07
4735,0,0,SVM_Linear,0.9999998999999902,1.0000000994736041e-07
10374,1,1,SVM_Linear,1.2928711419854862e-11,0.9999999999870713
3354,0,0,SVM_Linear,0.9999998999999902,1.0000000994736041e-07
951,0,0,SVM_Linear,0.9999998999999902,1.0000000994736041e-07
14317,1,1,SVM_Linear,3.989284624639579e-06,0.9999960107153754
5765,0,0,SVM_Linear,0.999998415087768,1.584912232054374e-06
13642,1,1,SVM_Linear,3.00000089999998e-14,0.9999999999999699
13600,1,1,SVM_Linear,3.00000089999998e-14,0.9999999999999699
9058,0,0,SVM_Linear,0.9991911073482577,0.0008088926517424897
1997,0,0,SVM_Linear,0.9999998999999902,1.0000000994736041e-07
5346,0,0,SVM_Linear,0.9999990941839662,9.058160337794859e-07
1810,0,0,SVM_Linear,0.9999998999999902,1.0000000994736041e-07
18929,1,1,SVM_Linear,3.00000089999998e-14,0.9999999999999699
6413,0,0,SVM_Linear,0.9999861790529498,1.3820947050237926e-05
13841,1,1,SVM_Linear,1.6729551054811296e-09,0.9999999983270449
8754,0,0,SVM_Linear,0.9995972961056538,0.000402703894346182
4187,0,0,SVM_Linear,0.9999998999999902,1.0000000994736041e-07
17864,1,1,SVM_Linear,3.00000089999998e-14,0.9999999999999699
10468,1,1,SVM_Linear,7.292740786731493e-09,0.9999999927072591
11619,1,1,SVM_Linear,3.00000089999998e-14,0.9999999999999699
10837,1,1,SVM_Linear,5.139211964116291e-07,0.9999994860788035
12407,1,1,SVM_Linear,3.00000089999998e-14,0.9999999999999699
17622,1,1,SVM_Linear,3.00000089999998e-14,0.9999999999999699
3342,0,0,SVM_Linear,0.9999998999999902,1.0000000994736041e-07
17151,1,1,SVM_Linear,3.1937035833340674e-10,0.9999999996806296
955,0,0,SVM_Linear,0.9999998999999902,1.0000000994736041e-07
11719,1,1,SVM_Linear,3.00000089999998e-14,0.9999999999999699
3368,0,0,SVM_Linear,0.9999998999999902,1.0000000994736041e-07
14416,1,1,SVM_Linear,1.0412565693005427e-05,0.999989587434307
15131,1,1,SVM_Linear,1.0150828343127928e-06,0.9999989849171658
16656,1,1,SVM_Linear,3.8267599857833195e-10,0.999999999617324
3638,0,0,SVM_Linear,0.9999998999999902,1.0000000994736041e-07
3273,0,0,SVM_Linear,0.9999998999999902,1.0000000994736041e-07
14356,1,1,SVM_Linear,6.771673537503985e-06,0.9999932283264625
17792,1,1,SVM_Linear,3.00000089999998e-14,0.9999999999999699
559,0,0,SVM_Linear,0.9999998999999902,1.0000000994736041e-07
10992,1,1,SVM_Linear,1.3567736859177442e-10,0.9999999998643225
4637,0,0,SVM_Linear,0.9999998999999902,1.0000000994736041e-07
2747,0,0,SVM_Linear,0.9999998999999902,1.0000000994736041e-07
3683,0,0,SVM_Linear,0.9999998999999902,1.0000000994736041e-07
18180,1,1,SVM_Linear,3.00000089999998e-14,0.9999999999999699
12284,1,1,SVM_Linear,0.05833516703221732,0.941664832967783
9852,0,0,SVM_Linear,0.9967729393386856,0.003227060661314356
206,0,0,SVM_Linear,0.9999998999999902,1.0000000994736041e-07
3124,0,0,SVM_Linear,0.9999998999999902,1.0000000994736041e-07
18314,1,1,SVM_Linear,3.00000089999998e-14,0.9999999999999699
10749,1,1,SVM_Linear,3.00000089999998e-14,0.9999999999999699
1069,0,0,SVM_Linear,0.9999998999999902,1.0000000994736041e-07
18305,1,1,SVM_Linear,3.00000089999998e-14,0.9999999999999699
17843,1,1,SVM_Linear,3.00000089999998e-14,0.9999999999999699
8695,0,0,SVM_Linear,0.999777138997499,0.00022286100250103083
4658,0,0,SVM_Linear,0.9999998999999902,1.0000000994736041e-07
13699,1,1,SVM_Linear,3.00000089999998e-14,0.9999999999999699
15954,1,1,SVM_Linear,3.262868526153306e-08,0.9999999673713147
6172,0,0,SVM_Linear,0.9999998052990617,1.9470093831060047e-07
9367,0,0,SVM_Linear,0.998813703947651,0.0011862960523490046
9409,0,0,SVM_Linear,0.9986412123369762,0.0013587876630238964
11428,1,1,SVM_Linear,3.00000089999998e-14,0.9999999999999699
8691,0,0,SVM_Linear,0.9997698174215496,0.0002301825784504434
8345,0,0,SVM_Linear,0.9999310008749538,6.899912504616369e-05
10477,1,1,SVM_Linear,2.3460972367462797e-11,0.999999999976539
16025,1,1,SVM_Linear,1.3895756109723437e-10,0.9999999998610424
13040,1,1,SVM_Linear,3.00000089999998e-14,0.9999999999999699
14015,1,1,SVM_Linear,0.006524504659902773,0.9934754953400974
1394,0,0,SVM_Linear,0.9999998999999902,1.0000000994736041e-07
15825,1,1,SVM_Linear,5.841588788420832e-08,0.9999999415841121
5535,0,0,SVM_Linear,0.9999751375013942,2.486249860569496e-05
12628,1,1,SVM_Linear,4.7556432809201513e-14,0.9999999999999525
10174,1,1,SVM_Linear,2.395765190021905e-12,0.9999999999976041
5237,0,0,SVM_Linear,0.9999905320467322,9.467953267810132e-06
15957,1,1,SVM_Linear,2.3185743213947897e-08,0.9999999768142568
8787,0,0,SVM_Linear,0.9997815210903439,0.00021847890965607006
6028,0,0,SVM_Linear,0.9999772974910413,2.270250895868703e-05
14735,1,1,SVM_Linear,7.148527568019221e-06,0.999992851472432
12609,1,1,SVM_Linear,3.00000089999998e-14,0.9999999999999699
16253,1,1,SVM_Linear,1.0857081680263589e-10,0.9999999998914292
3760,0,0,SVM_Linear,0.9999998999999902,1.0000000994736041e-07
10719,1,1,SVM_Linear,3.00000089999998e-14,0.9999999999999699
15359,1,1,SVM_Linear,3.0065174315516824e-07,0.9999996993482568
7641,0,0,SVM_Linear,0.9999705675609337,2.9432439066163095e-05
3291,0,0,SVM_Linear,0.9999998999999902,1.0000000994736041e-07
18607,1,1,SVM_Linear,3.00000089999998e-14,0.9999999999999699
12833,1,1,SVM_Linear,2.9852418785044826e-11,0.9999999999701475
14299,1,1,SVM_Linear,9.590890837026092e-06,0.999990409109163
6229,0,0,SVM_Linear,0.9999987391122243,1.2608877757313186e-06
13609,1,1,SVM_Linear,3.00000089999998e-14,0.9999999999999699
10197,1,1,SVM_Linear,3.00000089999998e-14,0.9999999999999699
13068,1,1,SVM_Linear,3.00000089999998e-14,0.9999999999999699
7137,0,0,SVM_Linear,0.9999985376135265,1.462386473626832e-06
1581,0,0,SVM_Linear,0.9999998999999902,1.0000000994736041e-07
6780,0,0,SVM_Linear,0.9999036614931157,9.633850688425936e-05
9210,0,0,SVM_Linear,0.9980122255332936,0.001987774466706412
8125,0,0,SVM_Linear,0.9999516384112302,4.836158876970661e-05
11897,1,1,SVM_Linear,3.00000089999998e-14,0.9999999999999699
7098,0,0,SVM_Linear,0.9999878736000684,1.2126399931695676e-05
9376,0,0,SVM_Linear,0.9988529523393231,0.001147047660676857
11903,1,1,SVM_Linear,3.00000089999998e-14,0.9999999999999699
11272,1,1,SVM_Linear,3.00000089999998e-14,0.9999999999999699
4495,0,0,SVM_Linear,0.9999998999999902,1.0000000994736041e-07
15290,1,1,SVM_Linear,3.346105458858892e-07,0.9999996653894541
7035,0,0,SVM_Linear,0.9999932903644146,6.709635585429911e-06
2832,0,0,SVM_Linear,0.9999998999999902,1.0000000994736041e-07
4431,0,0,SVM_Linear,0.9999998999999902,1.0000000994736041e-07
9187,0,0,SVM_Linear,0.9984491294080811,0.0015508705919189032
18643,1,1,SVM_Linear,3.00000089999998e-14,0.9999999999999699
16951,1,1,SVM_Linear,6.567490955118622e-11,0.9999999999343252
14555,1,1,SVM_Linear,1.0526568625857467e-05,0.9999894734313741
10380,1,1,SVM_Linear,1.490847243660594e-10,0.9999999998509153
5043,0,0,SVM_Linear,0.9999998999999902,1.0000000994736041e-07
11273,1,1,SVM_Linear,3.00000089999998e-14,0.9999999999999699
11280,1,1,SVM_Linear,3.00000089999998e-14,0.9999999999999699
8442,0,0,SVM_Linear,0.9997338458502696,0.0002661541497303366
2557,0,0,SVM_Linear,0.9999998999999902,1.0000000994736041e-07
12512,1,1,SVM_Linear,3.00000089999998e-14,0.9999999999999699
15511,1,1,SVM_Linear,2.298657523645759e-08,0.9999999770134247
15917,1,1,SVM_Linear,3.00000089999998e-14,0.9999999999999699
698,0,0,SVM_Linear,0.9999998999999902,1.0000000994736041e-07
7603,0,0,SVM_Linear,0.999947409757204,5.259024279611969e-05
4143,0,0,SVM_Linear,0.9999998999999902,1.0000000994736041e-07
1353,0,0,SVM_Linear,0.9999998999999902,1.0000000994736041e-07
10862,1,1,SVM_Linear,1.1573024241788309e-05,0.9999884269757582
404,0,0,SVM_Linear,0.9999998999999902,1.0000000994736041e-07
14168,1,1,SVM_Linear,0.004712762648846697,0.9952872373511531
8120,0,0,SVM_Linear,0.9999523461686525,4.7653831347542076e-05
6944,0,0,SVM_Linear,0.9999962234943435,3.7765056566074488e-06
7241,0,0,SVM_Linear,0.9991288062586288,0.0008711937413713031
9748,0,0,SVM_Linear,0.9968281016214002,0.0031718983785998475
16539,1,1,SVM_Linear,5.948843181789371e-13,0.999999999999405
11654,1,1,SVM_Linear,3.00000089999998e-14,0.9999999999999699
15728,1,1,SVM_Linear,1.5559875778300834e-08,0.9999999844401242
8947,0,0,SVM_Linear,0.9989726098317531,0.001027390168246821
17046,1,1,SVM_Linear,9.241656110826697e-12,0.9999999999907583
1122,0,0,SVM_Linear,0.9999998999999902,1.0000000994736041e-07
1591,0,0,SVM_Linear,0.9999998999999902,1.0000000994736041e-07
14400,1,1,SVM_Linear,1.6781339458787286e-05,0.9999832186605413
14564,1,1,SVM_Linear,7.135811483234645e-06,0.9999928641885169
16071,1,1,SVM_Linear,3.494859129647224e-09,0.9999999965051409
18656,1,1,SVM_Linear,3.00000089999998e-14,0.9999999999999699
3506,0,0,SVM_Linear,0.9999998999999902,1.0000000994736041e-07
1150,0,0,SVM_Linear,0.9999998999999902,1.0000000994736041e-07
10390,1,1,SVM_Linear,1.461370948653585e-11,0.9999999999853864
4547,0,0,SVM_Linear,0.9999998999999902,1.0000000994736041e-07
4232,0,0,SVM_Linear,0.9999997782859539,2.2171404620767387e-07
523,0,0,SVM_Linear,0.9999998999999902,1.0000000994736041e-07
5126,0,0,SVM_Linear,0.9999996184760304,3.815239697601871e-07
16252,1,1,SVM_Linear,1.9623445729696157e-10,0.9999999998037656
542,0,0,SVM_Linear,0.9999998999999902,1.0000000994736041e-07
11929,1,1,SVM_Linear,3.00000089999998e-14,0.9999999999999699
4109,0,0,SVM_Linear,0.999999868091483,1.3190851718956665e-07
11106,1,1,SVM_Linear,1.2338477923471813e-07,0.9999998766152208
8932,0,0,SVM_Linear,0.9993352300722367,0.0006647699277635065
571,0,0,SVM_Linear,0.9999998999999902,1.0000000994736041e-07
5530,0,0,SVM_Linear,0.9999995937206206,4.0627937944471996e-07
18669,1,1,SVM_Linear,3.00000089999998e-14,0.9999999999999699
4358,0,0,SVM_Linear,0.9999998225125412,1.7748745892361637e-07
17483,1,1,SVM_Linear,3.00000089999998e-14,0.9999999999999699
4073,0,0,SVM_Linear,0.9999998999999902,1.0000000994736041e-07
260,0,0,SVM_Linear,0.9999998999999902,1.0000000994736041e-07
8135,0,0,SVM_Linear,0.9998600829655546,0.00013991703444546957
14222,1,1,SVM_Linear,8.769257075262124e-08,0.9999999123074292
3818,0,0,SVM_Linear,0.9999998999999902,1.0000000994736041e-07
18640,1,1,SVM_Linear,2.0325202696987363e-13,0.9999999999997968
14026,1,1,SVM_Linear,3.4230564893963914e-06,0.9999965769435106
16874,1,1,SVM_Linear,3.1994370632370745e-09,0.999999996800563
8972,0,0,SVM_Linear,0.9981998361085989,0.0018001638914011374
15206,1,1,SVM_Linear,7.166438118471131e-07,0.9999992833561882
7045,0,0,SVM_Linear,0.9998848151847146,0.00011518481528543714
10677,1,1,SVM_Linear,3.00000089999998e-14,0.9999999999999699
16140,1,1,SVM_Linear,1.453717175108523e-09,0.9999999985462827
10403,1,1,SVM_Linear,0.0066669261146013094,0.9933330738853986
11767,1,1,SVM_Linear,3.00000089999998e-14,0.9999999999999699
16180,1,1,SVM_Linear,5.946848337119431e-08,0.9999999405315166
924,0,0,SVM_Linear,0.9999998999999902,1.0000000994736041e-07
7483,0,0,SVM_Linear,0.9999320931553357,6.790684466420308e-05
7227,0,0,SVM_Linear,0.99996156670638,3.843329361997138e-05
16996,1,1,SVM_Linear,3.386775713116507e-11,0.9999999999661322
3170,0,0,SVM_Linear,0.9999998999999902,1.0000000994736041e-07
4737,0,0,SVM_Linear,0.9999998999999902,1.0000000994736041e-07
4206,0,0,SVM_Linear,0.9999998999999902,1.0000000994736041e-07
4445,0,0,SVM_Linear,0.9999998975054185,1.0249458166875773e-07
10476,1,1,SVM_Linear,5.934727001309466e-10,0.9999999994065273
8241,0,0,SVM_Linear,0.9999413314956241,5.866850437580129e-05
18366,1,1,SVM_Linear,3.00000089999998e-14,0.9999999999999699
11637,1,1,SVM_Linear,3.00000089999998e-14,0.9999999999999699
7392,0,0,SVM_Linear,0.9999943616354378,5.638364562308153e-06
16595,1,1,SVM_Linear,1.9674878040635913e-10,0.9999999998032513
17970,1,1,SVM_Linear,3.00000089999998e-14,0.9999999999999699
13352,1,1,SVM_Linear,9.44531492374492e-10,0.9999999990554685
15053,1,1,SVM_Linear,9.142649987157333e-08,0.9999999085735002
18313,1,1,SVM_Linear,3.00000089999998e-14,0.9999999999999699
8533,0,0,SVM_Linear,0.9998675671341333,0.00013243286586661407
14182,1,1,SVM_Linear,0.0068636633630436246,0.9931363366369564
15544,1,1,SVM_Linear,5.3024381281647016e-09,0.9999999946975618
17133,1,1,SVM_Linear,3.00000089999998e-14,0.9999999999999699
17731,1,1,SVM_Linear,1.3354041755307578e-13,0.9999999999998664
8002,0,0,SVM_Linear,0.9999339088570349,6.60911429651137e-05
15425,1,1,SVM_Linear,7.127023574784373e-07,0.9999992872976425
14481,1,1,SVM_Linear,1.089721571926585e-05,0.9999891027842807
15965,1,1,SVM_Linear,8.249294793607085e-07,0.9999991750705206
10634,1,1,SVM_Linear,3.00000089999998e-14,0.9999999999999699
7339,0,0,SVM_Linear,0.9999951008502542,4.899149745713316e-06
14431,1,1,SVM_Linear,4.596782238605384e-06,0.9999954032177614
7833,0,0,SVM_Linear,0.999973796698912,2.6203301088019913e-05
3763,0,0,SVM_Linear,0.9999998999999902,1.0000000994736041e-07
12738,1,1,SVM_Linear,3.00000089999998e-14,0.9999999999999699
1077,0,0,SVM_Linear,0.9999998999999902,1.0000000994736041e-07
14916,1,1,SVM_Linear,8.614822641143673e-07,0.9999991385177359
8555,0,0,SVM_Linear,0.9998576219185035,0.0001423780814964711
2000,0,0,SVM_Linear,0.9999998999999902,1.0000000994736041e-07
17356,1,1,SVM_Linear,1.1664267329930938e-12,0.9999999999988336
6212,0,0,SVM_Linear,0.9999998999999902,1.0000000994736041e-07
7543,0,0,SVM_Linear,0.9999879145827568,1.2085417243057603e-05
5782,0,0,SVM_Linear,0.9999997355965268,2.644034733029283e-07
5463,0,0,SVM_Linear,0.9999969590070581,3.040992941771732e-06
390,0,0,SVM_Linear,0.9999998999999902,1.0000000994736041e-07
12071,1,1,SVM_Linear,1.8750644349882832e-07,0.9999998124935565
3911,0,0,SVM_Linear,0.9999998999999902,1.0000000994736041e-07
9401,0,0,SVM_Linear,0.9972648514383362,0.0027351485616638
3327,0,0,SVM_Linear,0.9999998999999902,1.0000000994736041e-07
11988,1,1,SVM_Linear,1.0391354811535754e-08,0.9999999896086451
7400,0,0,SVM_Linear,0.9999628660289602,3.7133971039839e-05
10889,1,1,SVM_Linear,3.393206171951652e-09,0.9999999966067938
1389,0,0,SVM_Linear,0.9999998999999902,1.0000000994736041e-07
583,0,0,SVM_Linear,0.9999998999999902,1.0000000994736041e-07
17628,1,1,SVM_Linear,3.00000089999998e-14,0.9999999999999699
16754,1,1,SVM_Linear,2.2528585851595686e-10,0.9999999997747142
18766,1,1,SVM_Linear,3.00000089999998e-14,0.9999999999999699
1804,0,0,SVM_Linear,0.9999998999999902,1.0000000994736041e-07
16419,1,1,SVM_Linear,3.3613433121588104e-11,0.9999999999663866
10655,1,1,SVM_Linear,9.414963341256075e-09,0.9999999905850366
16569,1,1,SVM_Linear,1.1003183549731412e-10,0.9999999998899681
11233,1,1,SVM_Linear,3.00000089999998e-14,0.9999999999999699
18796,1,1,SVM_Linear,3.00000089999998e-14,0.9999999999999699
17949,1,1,SVM_Linear,3.00000089999998e-14,0.9999999999999699
17893,1,1,SVM_Linear,3.00000089999998e-14,0.9999999999999699
4175,0,0,SVM_Linear,0.9999998999999902,1.0000000994736041e-07
13976,1,1,SVM_Linear,0.0035381779824592,0.9964618220175406
11734,1,1,SVM_Linear,1.6395888172455546e-11,0.9999999999836042
11439,1,1,SVM_Linear,3.00000089999998e-14,0.9999999999999699
17013,1,1,SVM_Linear,1.4503937672851965e-11,0.9999999999854962
6122,0,0,SVM_Linear,0.9999975640023009,2.4359976990798602e-06
1757,0,0,SVM_Linear,0.9999998999999902,1.0000000994736041e-07
2479,0,0,SVM_Linear,0.9999998999999902,1.0000000994736041e-07
9715,0,0,SVM_Linear,0.9980931361634168,0.0019068638365832564
2920,0,0,SVM_Linear,0.9999998999999902,1.0000000994736041e-07
15461,1,1,SVM_Linear,7.249379173368022e-12,0.9999999999927506
15582,1,1,SVM_Linear,3.7585416583345604e-09,0.9999999962414584
7240,0,0,SVM_Linear,0.9999898545660452,1.0145433954839665e-05
11387,1,1,SVM_Linear,3.00000089999998e-14,0.9999999999999699
5962,0,0,SVM_Linear,0.9947459959176012,0.005254004082398803
4662,0,0,SVM_Linear,0.9999998999999902,1.0000000994736041e-07
9106,0,0,SVM_Linear,0.9991730709778841,0.0008269290221158555
11943,1,1,SVM_Linear,3.00000089999998e-14,0.9999999999999699
4893,0,0,SVM_Linear,0.9999998999999902,1.0000000994736041e-07
18707,1,1,SVM_Linear,3.00000089999998e-14,0.9999999999999699
10831,1,1,SVM_Linear,1.4633276278649398e-06,0.9999985366723722
9762,0,0,SVM_Linear,0.9969826046231046,0.0030173953768955247
4153,0,0,SVM_Linear,0.9999998999999902,1.0000000994736041e-07
14080,1,1,SVM_Linear,2.7549152627616492e-06,0.9999972450847373
6809,0,0,SVM_Linear,0.999988156402484,1.1843597515968715e-05
12278,1,1,SVM_Linear,3.00000089999998e-14,0.9999999999999699
5101,0,0,SVM_Linear,0.9999998911403762,1.0885962395279549e-07
11703,1,1,SVM_Linear,3.00000089999998e-14,0.9999999999999699
14575,1,1,SVM_Linear,3.784791071771808e-06,0.9999962152089282
18369,1,1,SVM_Linear,3.00000089999998e-14,0.9999999999999699
4142,0,0,SVM_Linear,0.9999998999999902,1.0000000994736041e-07
9927,0,0,SVM_Linear,0.9947350622564471,0.00526493774355281
2871,0,0,SVM_Linear,0.9999998999999902,1.0000000994736041e-07
8190,0,0,SVM_Linear,0.9999250731654914,7.492683450871858e-05
11372,1,1,SVM_Linear,3.00000089999998e-14,0.9999999999999699
15311,1,1,SVM_Linear,1.5035976984846466e-07,0.99999984964023
10255,1,1,SVM_Linear,3.00000089999998e-14,0.9999999999999699
6602,0,0,SVM_Linear,0.9999964457095533,3.554290446666406e-06
18756,1,1,SVM_Linear,3.00000089999998e-14,0.9999999999999699
18770,1,1,SVM_Linear,3.00000089999998e-14,0.9999999999999699
18644,1,1,SVM_Linear,3.00000089999998e-14,0.9999999999999699
8996,0,0,SVM_Linear,0.9994516122690018,0.0005483877309981586
5116,0,0,SVM_Linear,0.9999996493961526,3.506038475309555e-07
9707,0,0,SVM_Linear,0.9974069081638914,0.002593091836108485
2385,0,0,SVM_Linear,0.9999998999999902,1.0000000994736041e-07
1605,0,0,SVM_Linear,0.9999998999999902,1.0000000994736041e-07
12727,1,1,SVM_Linear,3.00000089999998e-14,0.9999999999999699
1667,0,0,SVM_Linear,0.9999998999999902,1.0000000994736041e-07
8905,0,0,SVM_Linear,0.999185014656295,0.0008149853437049603
11191,1,1,SVM_Linear,3.00000089999998e-14,0.9999999999999699
7206,0,0,SVM_Linear,0.9999908675710009,9.132428999203501e-06
10810,1,1,SVM_Linear,1.9497829386112128e-10,0.9999999998050217
2539,0,0,SVM_Linear,0.9999998999999902,1.0000000994736041e-07
12410,1,1,SVM_Linear,3.00000089999998e-14,0.9999999999999699
18984,1,1,SVM_Linear,3.00000089999998e-14,0.9999999999999699
15146,1,1,SVM_Linear,1.4466580200307787e-06,0.99999855334198
12053,1,1,SVM_Linear,0.003744339558796424,0.9962556604412036
6869,0,0,SVM_Linear,0.9997017140567088,0.0002982859432912026
11648,1,1,SVM_Linear,3.00000089999998e-14,0.9999999999999699
10516,1,1,SVM_Linear,0.015075853054033597,0.9849241469459663
15700,1,1,SVM_Linear,1.002491094871547e-10,0.9999999998997509
16363,1,1,SVM_Linear,1.4882863019095112e-11,0.9999999999851172
6776,0,0,SVM_Linear,0.9999974966087979,2.5033912019997418e-06
3679,0,0,SVM_Linear,0.9999998999999902,1.0000000994736041e-07
11880,1,1,SVM_Linear,3.00000089999998e-14,0.9999999999999699
7644,0,0,SVM_Linear,0.9999804570523654,1.9542947634561032e-05
11511,1,1,SVM_Linear,3.00000089999998e-14,0.9999999999999699
13616,1,1,SVM_Linear,3.00000089999998e-14,0.9999999999999699
1063,0,0,SVM_Linear,0.9999998999999902,1.0000000994736041e-07
10762,1,1,SVM_Linear,1.7075068663141986e-11,0.999999999982925
7561,0,0,SVM_Linear,0.9999829959473845,1.7004052615525433e-05
2983,0,0,SVM_Linear,0.9999998999999902,1.0000000994736041e-07
3083,0,0,SVM_Linear,0.9999998999999902,1.0000000994736041e-07
6573,0,0,SVM_Linear,0.9999987350303045,1.2649696956296657e-06
10514,1,1,SVM_Linear,3.00000089999998e-14,0.9999999999999699
7192,0,0,SVM_Linear,0.9999710518065972,2.894819340295595e-05
7560,0,0,SVM_Linear,0.9999875222707235,1.247772927653265e-05
7326,0,0,SVM_Linear,0.9999646245849093,3.537541509058515e-05
1604,0,0,SVM_Linear,0.9999998999999902,1.0000000994736041e-07
14748,1,1,SVM_Linear,2.3070771084436406e-06,0.9999976929228916
4811,0,0,SVM_Linear,0.9999998999999902,1.0000000994736041e-07
8154,0,0,SVM_Linear,0.9999379524257047,6.204757429528331e-05
11401,1,1,SVM_Linear,3.00000089999998e-14,0.9999999999999699
4188,0,0,SVM_Linear,0.9999998999999902,1.0000000994736041e-07
2403,0,0,SVM_Linear,0.9999998999999902,1.0000000994736041e-07
10329,1,1,SVM_Linear,3.00000089999998e-14,0.9999999999999699
21,0,0,SVM_Linear,0.9999998999999902,1.0000000994736041e-07
15208,1,1,SVM_Linear,1.3796160933294386e-06,0.9999986203839066
140,0,0,SVM_Linear,0.9999998999999902,1.0000000994736041e-07
4406,0,0,SVM_Linear,0.9999998999999902,1.0000000994736041e-07
5315,0,0,SVM_Linear,0.9999740917959881,2.5908204012043922e-05
5319,0,0,SVM_Linear,0.9999998999999902,1.0000000994736041e-07
606,0,0,SVM_Linear,0.9999998999999902,1.0000000994736041e-07
1733,0,0,SVM_Linear,0.9999998999999902,1.0000000994736041e-07
16155,1,1,SVM_Linear,2.0659019224840564e-09,0.999999997934098
419,0,0,SVM_Linear,0.9999998999999902,1.0000000994736041e-07
72,0,0,SVM_Linear,0.9999998999999902,1.0000000994736041e-07
13888,1,1,SVM_Linear,3.00000089999998e-14,0.9999999999999699
5565,0,0,SVM_Linear,0.9993238530339635,0.000676146966036604
12448,1,1,SVM_Linear,3.00000089999998e-14,0.9999999999999699
16310,1,1,SVM_Linear,5.122341332022328e-10,0.9999999994877659
4492,0,0,SVM_Linear,0.9999998999999902,1.0000000994736041e-07
15976,1,1,SVM_Linear,2.0463324232292618e-07,0.9999997953667578
14941,1,1,SVM_Linear,6.211634469249972e-07,0.999999378836553
12403,1,1,SVM_Linear,3.00000089999998e-14,0.9999999999999699
2065,0,0,SVM_Linear,0.9999998999999902,1.0000000994736041e-07
18846,1,1,SVM_Linear,3.00000089999998e-14,0.9999999999999699
11744,1,1,SVM_Linear,3.00000089999998e-14,0.9999999999999699
17206,1,1,SVM_Linear,9.309311213449205e-12,0.9999999999906907
18092,1,1,SVM_Linear,3.00000089999998e-14,0.9999999999999699
7164,0,0,SVM_Linear,0.9999700203012059,2.997969879421083e-05
18593,1,1,SVM_Linear,1.2008640492242341e-12,0.9999999999987992
6988,0,0,SVM_Linear,0.9999802283308228,1.9771669177189556e-05
6737,0,0,SVM_Linear,0.9999919941226373,8.005877362754526e-06
1959,0,0,SVM_Linear,0.9999998999999902,1.0000000994736041e-07
1016,0,0,SVM_Linear,0.9999998999999902,1.0000000994736041e-07
18204,1,1,SVM_Linear,4.574054292148499e-11,0.9999999999542595
306,0,0,SVM_Linear,0.9999998999999902,1.0000000994736041e-07
1267,0,0,SVM_Linear,0.9999998999999902,1.0000000994736041e-07
560,0,0,SVM_Linear,0.9999998999999902,1.0000000994736041e-07
8493,0,0,SVM_Linear,0.9997578876638965,0.0002421123361034652
2190,0,0,SVM_Linear,0.9999998999999902,1.0000000994736041e-07
12342,1,1,SVM_Linear,3.00000089999998e-14,0.9999999999999699
6937,0,0,SVM_Linear,0.9998957545658569,0.0001042454341429677
6677,0,0,SVM_Linear,0.9999584729067359,4.152709326418815e-05
16053,1,1,SVM_Linear,1.0783453719059233e-05,0.9999892165462809
9612,0,0,SVM_Linear,0.9989002505248941,0.0010997494751058573
17382,1,1,SVM_Linear,1.7601124429559333e-13,0.999999999999824
688,0,0,SVM_Linear,0.9999998999999902,1.0000000994736041e-07
12854,1,1,SVM_Linear,1.3694808072384534e-09,0.9999999986305191
7967,0,0,SVM_Linear,0.9999408944145058,5.910558549414529e-05
2198,0,0,SVM_Linear,0.9999998999999902,1.0000000994736041e-07
2482,0,0,SVM_Linear,0.9999998999999902,1.0000000994736041e-07
4973,0,0,SVM_Linear,0.9999997435362681,2.5646373185532994e-07
17926,1,1,SVM_Linear,3.00000089999998e-14,0.9999999999999699
5249,0,0,SVM_Linear,0.9999876381278581,1.2361872142043577e-05
13900,1,1,SVM_Linear,3.00000089999998e-14,0.9999999999999699
16423,1,1,SVM_Linear,3.4057134455040336e-09,0.9999999965942866
13586,1,1,SVM_Linear,3.00000089999998e-14,0.9999999999999699
6190,0,0,SVM_Linear,0.9999989356041674,1.0643958327546992e-06
17243,1,1,SVM_Linear,2.019361974041879e-10,0.9999999997980639
17977,1,1,SVM_Linear,3.00000089999998e-14,0.9999999999999699
10579,1,1,SVM_Linear,4.9228040782180204e-11,0.999999999950772
9435,0,0,SVM_Linear,0.9987499983097524,0.001250001690247513
1065,0,0,SVM_Linear,0.9999998999999902,1.0000000994736041e-07
15033,1,1,SVM_Linear,8.065796762331412e-07,0.9999991934203238
16195,1,1,SVM_Linear,3.719292775304451e-09,0.9999999962807072
14927,1,1,SVM_Linear,1.0573051353671787e-06,0.9999989426948647
14041,1,1,SVM_Linear,1.3224846438971054e-05,0.9999867751535609
15753,1,1,SVM_Linear,2.2603333532871583e-09,0.9999999977396666
6565,0,0,SVM_Linear,0.9999953778262031,4.622173797029474e-06
8056,0,0,SVM_Linear,0.9999518035800323,4.819641996776566e-05
4346,0,0,SVM_Linear,0.9999998069590689,1.9304093120132705e-07
13549,1,1,SVM_Linear,3.00000089999998e-14,0.9999999999999699
5760,0,0,SVM_Linear,0.9999984426854013,1.5573145986452273e-06
12970,1,1,SVM_Linear,3.00000089999998e-14,0.9999999999999699
16840,1,1,SVM_Linear,1.6865110975983632e-11,0.9999999999831349
12458,1,1,SVM_Linear,1.0973684837564905e-11,0.9999999999890263
12221,1,1,SVM_Linear,3.00000089999998e-14,0.9999999999999699
15480,1,1,SVM_Linear,5.390726998863239e-12,0.9999999999946092
2923,0,0,SVM_Linear,0.9999998999999902,1.0000000994736041e-07
4167,0,0,SVM_Linear,0.9999998999999902,1.0000000994736041e-07
11245,1,1,SVM_Linear,3.00000089999998e-14,0.9999999999999699
15508,1,1,SVM_Linear,2.0309963740067217e-11,0.99999999997969
14499,1,1,SVM_Linear,1.3607926108230767e-05,0.9999863920738918
16771,1,1,SVM_Linear,1.7023478926138683e-10,0.9999999998297653
18468,1,1,SVM_Linear,4.2898898024165336e-14,0.9999999999999571
11925,1,1,SVM_Linear,3.00000089999998e-14,0.9999999999999699
4642,0,0,SVM_Linear,0.9999998999999902,1.0000000994736041e-07
14465,1,1,SVM_Linear,7.707084165968827e-06,0.999992292915834
1241,0,0,SVM_Linear,0.9999998999999902,1.0000000994736041e-07
1908,0,0,SVM_Linear,0.9999998999999902,1.0000000994736041e-07
11715,1,1,SVM_Linear,3.00000089999998e-14,0.9999999999999699
7446,0,0,SVM_Linear,0.999917748464114,8.22515358860297e-05
12678,1,1,SVM_Linear,3.00000089999998e-14,0.9999999999999699
2866,0,0,SVM_Linear,0.9999998999999902,1.0000000994736041e-07
2428,0,0,SVM_Linear,0.9999998999999902,1.0000000994736041e-07
11833,1,1,SVM_Linear,3.00000089999998e-14,0.9999999999999699
12003,1,1,SVM_Linear,2.73156873975029e-13,0.9999999999997269
5393,0,0,SVM_Linear,0.9999994454424208,5.545575791922916e-07
3814,0,0,SVM_Linear,0.9999998999999902,1.0000000994736041e-07
13951,1,1,SVM_Linear,0.006434816406539044,0.9935651835934609
17081,1,1,SVM_Linear,4.3103798246151637e-13,0.9999999999995689
2745,0,0,SVM_Linear,0.9999998999999902,1.0000000994736041e-07
12096,1,1,SVM_Linear,4.3470451349773946e-10,0.9999999995652954
3427,0,0,SVM_Linear,0.9999998999999902,1.0000000994736041e-07
8647,0,0,SVM_Linear,0.9998003983513064,0.00019960164869354245
14362,1,1,SVM_Linear,3.7187555257623125e-06,0.9999962812444743
8347,0,0,SVM_Linear,0.9998936080068197,0.00010639199318034998
15604,1,1,SVM_Linear,5.689370524604769e-08,0.9999999431062947
249,0,0,SVM_Linear,0.9999998999999902,1.0000000994736041e-07
7473,0,0,SVM_Linear,0.9998698216961731,0.0001301783038270242
13632,1,1,SVM_Linear,3.00000089999998e-14,0.9999999999999699
13939,1,1,SVM_Linear,3.00000089999998e-14,0.9999999999999699
14919,1,1,SVM_Linear,1.4913516241481802e-06,0.9999985086483758
7141,0,0,SVM_Linear,0.9999991031556213,8.968443787305156e-07
943,0,0,SVM_Linear,0.9999998999999902,1.0000000994736041e-07
15217,1,1,SVM_Linear,1.0987321415575296e-06,0.9999989012678584
15431,1,1,SVM_Linear,1.7319739696774167e-07,0.9999998268026031
9274,0,0,SVM_Linear,0.9987330256758187,0.0012669743241813158
4389,0,0,SVM_Linear,0.9999998999999902,1.0000000994736041e-07
10550,1,1,SVM_Linear,4.350836532776955e-12,0.9999999999956493
3665,0,0,SVM_Linear,0.9999998999999902,1.0000000994736041e-07
17271,1,1,SVM_Linear,2.667163333703976e-11,0.9999999999733283
14471,1,1,SVM_Linear,1.8283532930351312e-05,0.9999817164670697
15361,1,1,SVM_Linear,3.9325461383994086e-07,0.9999996067453861
2632,0,0,SVM_Linear,0.9999998999999902,1.0000000994736041e-07
13671,1,1,SVM_Linear,3.00000089999998e-14,0.9999999999999699
10675,1,1,SVM_Linear,4.367529488269636e-09,0.9999999956324706
1528,0,0,SVM_Linear,0.9999998999999902,1.0000000994736041e-07
17067,1,1,SVM_Linear,9.195218749269524e-14,0.999999999999908
18318,1,1,SVM_Linear,1.4616899051535797e-12,0.9999999999985383
3432,0,0,SVM_Linear,0.9999998999999902,1.0000000994736041e-07
18252,1,1,SVM_Linear,3.00000089999998e-14,0.9999999999999699
16211,1,1,SVM_Linear,3.173651458221837e-11,0.9999999999682634
1939,0,0,SVM_Linear,0.9999998999999902,1.0000000994736041e-07
13219,1,1,SVM_Linear,3.00000089999998e-14,0.9999999999999699
13184,1,1,SVM_Linear,3.00000089999998e-14,0.9999999999999699
14090,1,1,SVM_Linear,0.004902666453212596,0.9950973335467872
18474,1,1,SVM_Linear,1.1926468838014562e-12,0.9999999999988074
8195,0,0,SVM_Linear,0.9998620901275872,0.00013790987241280917
17997,1,1,SVM_Linear,3.00000089999998e-14,0.9999999999999699
1239,0,0,SVM_Linear,0.9999998999999902,1.0000000994736041e-07
15932,1,1,SVM_Linear,4.364788475792668e-09,0.9999999956352116
10963,1,1,SVM_Linear,2.396154355080701e-07,0.9999997603845644
14100,1,1,SVM_Linear,3.576732350899293e-06,0.9999964232676491
6284,0,0,SVM_Linear,0.9999983214196554,1.6785803446902628e-06
2950,0,0,SVM_Linear,0.9999998999999902,1.0000000994736041e-07
12308,1,1,SVM_Linear,8.891795292601705e-14,0.9999999999999111
10252,1,1,SVM_Linear,1.8323633794842809e-13,0.9999999999998168
14496,1,1,SVM_Linear,2.3690682471594993e-06,0.9999976309317529
12262,1,1,SVM_Linear,1.8699296813724707e-12,0.99999999999813
10852,1,1,SVM_Linear,1.396630080539662e-10,0.9999999998603369
4470,0,0,SVM_Linear,0.9999998999999902,1.0000000994736041e-07
8320,0,0,SVM_Linear,0.9999069578152894,9.304218471059184e-05
6154,0,0,SVM_Linear,0.9999995025365999,4.974634002511921e-07
17275,1,1,SVM_Linear,2.2459993782905156e-12,0.9999999999977539
15920,1,1,SVM_Linear,1.3494216182218439e-08,0.9999999865057838
7715,0,0,SVM_Linear,0.9999559338017989,4.406619820090542e-05
18565,1,1,SVM_Linear,3.00000089999998e-14,0.9999999999999699
9906,0,0,SVM_Linear,0.9935151017389591,0.0064848982610408315
2844,0,0,SVM_Linear,0.9999998999999902,1.0000000994736041e-07
6528,0,0,SVM_Linear,0.9999995669537672,4.330462328846529e-07
8436,0,0,SVM_Linear,0.9997480787895353,0.00025192121046464154
15561,1,1,SVM_Linear,3.00000089999998e-14,0.9999999999999699
16981,1,1,SVM_Linear,2.8198391374724968e-12,0.9999999999971803
9939,0,0,SVM_Linear,0.9907400995661388,0.00925990043386108
10011,1,1,SVM_Linear,4.036900923240991e-12,0.9999999999959631
12966,1,1,SVM_Linear,3.00000089999998e-14,0.9999999999999699
17084,1,1,SVM_Linear,3.725858211142782e-12,0.9999999999962742
18347,1,1,SVM_Linear,5.917351279926657e-12,0.9999999999940826
3850,0,0,SVM_Linear,0.9999998999999902,1.0000000994736041e-07
6276,0,0,SVM_Linear,0.9999955967076594,4.403292340729258e-06
16115,1,1,SVM_Linear,3.5372883323732036e-09,0.9999999964627118
1759,0,0,SVM_Linear,0.9999998999999902,1.0000000994736041e-07
10553,1,1,SVM_Linear,3.436406840737541e-11,0.9999999999656358
4014,0,0,SVM_Linear,0.9999998999999902,1.0000000994736041e-07
1693,0,0,SVM_Linear,0.9999998999999902,1.0000000994736041e-07
3943,0,0,SVM_Linear,0.9999998999999902,1.0000000994736041e-07
10790,1,1,SVM_Linear,8.71262766903949e-06,0.9999912873723309
13996,1,1,SVM_Linear,7.826498919712069e-06,0.9999921735010802
5907,0,0,SVM_Linear,0.9999991745499807,8.254500194687161e-07
1460,0,0,SVM_Linear,0.9999998999999902,1.0000000994736041e-07
15141,1,1,SVM_Linear,3.3506623340036435e-07,0.9999996649337666
16735,1,1,SVM_Linear,3.00556114639413e-10,0.999999999699444
16484,1,1,SVM_Linear,3.215087671554904e-10,0.9999999996784912
10561,1,1,SVM_Linear,9.048922130510832e-13,0.9999999999990952
4670,0,0,SVM_Linear,0.9999998999999902,1.0000000994736041e-07
11677,1,1,SVM_Linear,3.00000089999998e-14,0.9999999999999699
14256,1,1,SVM_Linear,5.569878106113975e-06,0.9999944301218939
13806,1,1,SVM_Linear,3.064627815445201e-14,0.9999999999999692
5178,0,0,SVM_Linear,0.9999912058398839,8.794160116041886e-06
18554,1,1,SVM_Linear,5.194812779929942e-14,0.9999999999999482
5690,0,0,SVM_Linear,0.9999990866148935,9.133851064842141e-07
9532,0,0,SVM_Linear,0.9982123905504772,0.001787609449522863
17016,1,1,SVM_Linear,2.02273723807819e-12,0.9999999999979772
1925,0,0,SVM_Linear,0.9999998999999902,1.0000000994736041e-07
17118,1,1,SVM_Linear,1.822004331029719e-11,0.99999999998178
14756,1,1,SVM_Linear,4.237815519235829e-06,0.9999957621844807
9021,0,0,SVM_Linear,0.9992862379502713,0.0007137620497287603
15579,1,1,SVM_Linear,2.4823064071782092e-09,0.9999999975176935
9298,0,0,SVM_Linear,0.999181415891734,0.0008185841082660589
8202,0,0,SVM_Linear,0.999847013729158,0.00015298627084197128
1709,0,0,SVM_Linear,0.9999998999999902,1.0000000994736041e-07
4133,0,0,SVM_Linear,0.9999998999999902,1.0000000994736041e-07
14630,1,1,SVM_Linear,5.330035666720993e-06,0.9999946699643333
9890,0,0,SVM_Linear,0.9936576166984254,0.006342383301574667
3054,0,0,SVM_Linear,0.9999998999999902,1.0000000994736041e-07
1969,0,0,SVM_Linear,0.9999998999999902,1.0000000994736041e-07
137,0,0,SVM_Linear,0.9999998999999902,1.0000000994736041e-07
18753,1,1,SVM_Linear,3.00000089999998e-14,0.9999999999999699
4632,0,0,SVM_Linear,0.9999998999999902,1.0000000994736041e-07
13943,1,1,SVM_Linear,0.007737887343781158,0.9922621126562187
15676,1,1,SVM_Linear,8.543317633185557e-08,0.9999999145668237
16947,1,1,SVM_Linear,1.5836044320773564e-10,0.9999999998416396
1012,0,0,SVM_Linear,0.9999998999999902,1.0000000994736041e-07
4164,0,0,SVM_Linear,0.9999998999999902,1.0000000994736041e-07
4137,0,0,SVM_Linear,0.9999998999999902,1.0000000994736041e-07
16592,1,1,SVM_Linear,6.317301628042776e-12,0.9999999999936826
18111,1,1,SVM_Linear,3.00000089999998e-14,0.9999999999999699
10388,1,1,SVM_Linear,7.114531318033856e-12,0.9999999999928855
3097,0,0,SVM_Linear,0.9999998999999902,1.0000000994736041e-07
15975,1,1,SVM_Linear,2.1904736026017682e-10,0.9999999997809527
2774,0,0,SVM_Linear,0.9999998999999902,1.0000000994736041e-07
14556,1,1,SVM_Linear,1.5778528357432914e-06,0.9999984221471642
15733,1,1,SVM_Linear,5.584878556633575e-08,0.9999999441512144
18716,1,1,SVM_Linear,9.002878748714633e-12,0.9999999999909971
17668,1,1,SVM_Linear,3.00000089999998e-14,0.9999999999999699
14594,1,1,SVM_Linear,1.27958904967249e-05,0.9999872041095033
7489,0,0,SVM_Linear,0.9997386290598035,0.0002613709401965596
4910,0,0,SVM_Linear,0.9999998999999902,1.0000000994736041e-07
14914,1,1,SVM_Linear,4.095726325290074e-07,0.9999995904273675
1249,0,0,SVM_Linear,0.9999998999999902,1.0000000994736041e-07
7409,0,0,SVM_Linear,0.99998726045278,1.273954721994738e-05
7138,0,0,SVM_Linear,0.6942358765029372,0.3057641234970629
4286,0,0,SVM_Linear,0.9999998771618006,1.2283819938025295e-07
10296,1,1,SVM_Linear,2.0770708877210687e-12,0.9999999999979229
9819,0,0,SVM_Linear,0.9941273896827855,0.005872610317214588
4380,0,0,SVM_Linear,0.9999998999999902,1.0000000994736041e-07
8213,0,0,SVM_Linear,0.9997975393059314,0.0002024606940686495
18460,1,1,SVM_Linear,3.00000089999998e-14,0.9999999999999699
14365,1,1,SVM_Linear,3.860638780700539e-06,0.9999961393612193
5631,0,0,SVM_Linear,0.9999991292055115,8.707944885134332e-07
5084,0,0,SVM_Linear,0.9999988656495409,1.1343504591136355e-06
2060,0,0,SVM_Linear,0.9999998999999902,1.0000000994736041e-07
19003,1,1,SVM_Linear,3.00000089999998e-14,0.9999999999999699
9735,0,0,SVM_Linear,0.9967772502579104,0.0032227497420897044
11176,1,1,SVM_Linear,3.00000089999998e-14,0.9999999999999699
340,0,0,SVM_Linear,0.9999998999999902,1.0000000994736041e-07
3610,0,0,SVM_Linear,0.9999998999999902,1.0000000994736041e-07
3788,0,0,SVM_Linear,0.9999998999999902,1.0000000994736041e-07
15667,1,1,SVM_Linear,1.1289289377899164e-07,0.9999998871071062
18250,1,1,SVM_Linear,3.933774671838114e-12,0.9999999999960663
10141,1,1,SVM_Linear,3.00000089999998e-14,0.9999999999999699
14996,1,1,SVM_Linear,1.6574872201366622e-06,0.9999983425127799
13517,1,1,SVM_Linear,3.00000089999998e-14,0.9999999999999699
18706,1,1,SVM_Linear,2.071659695848932e-11,0.9999999999792833
11461,1,1,SVM_Linear,3.00000089999998e-14,0.9999999999999699
18823,1,1,SVM_Linear,3.00000089999998e-14,0.9999999999999699
10253,1,1,SVM_Linear,3.00000089999998e-14,0.9999999999999699
14963,1,1,SVM_Linear,2.5296261210714936e-07,0.9999997470373878
11872,1,1,SVM_Linear,3.00000089999998e-14,0.9999999999999699
3389,0,0,SVM_Linear,0.9999998999999902,1.0000000994736041e-07
9163,0,0,SVM_Linear,0.9988940044291565,0.0011059955708434617
14508,1,1,SVM_Linear,1.7775358055008055e-05,0.999982224641945
5191,0,0,SVM_Linear,0.9999998360045939,1.6399540617093826e-07
1214,0,0,SVM_Linear,0.9999998999999902,1.0000000994736041e-07
526,0,0,SVM_Linear,0.9999998999999902,1.0000000994736041e-07
14068,1,1,SVM_Linear,0.006898219228881254,0.9931017807711188
1333,0,0,SVM_Linear,0.9999998999999902,1.0000000994736041e-07
16872,1,1,SVM_Linear,1.4463364595017939e-12,0.9999999999985536
11658,1,1,SVM_Linear,3.00000089999998e-14,0.9999999999999699
11238,1,1,SVM_Linear,3.00000089999998e-14,0.9999999999999699
5276,0,0,SVM_Linear,0.9999992854281096,7.14571890566917e-07
9743,0,0,SVM_Linear,0.9950208642906369,0.004979135709363202
18392,1,1,SVM_Linear,3.00000089999998e-14,0.9999999999999699
12781,1,1,SVM_Linear,3.00000089999998e-14,0.9999999999999699
12835,1,1,SVM_Linear,3.00000089999998e-14,0.9999999999999699
6430,0,0,SVM_Linear,0.9999991008674287,8.99132571256545e-07
4780,0,0,SVM_Linear,0.9999998999999902,1.0000000994736041e-07
4944,0,0,SVM_Linear,0.9999991127271141,8.872728860418963e-07
5658,0,0,SVM_Linear,0.9999957328359839,4.267164016146085e-06
17755,1,1,SVM_Linear,3.00000089999998e-14,0.9999999999999699
15652,1,1,SVM_Linear,3.00000089999998e-14,0.9999999999999699
6184,0,0,SVM_Linear,0.9999982400356126,1.7599643874795741e-06
4473,0,0,SVM_Linear,0.9999998999999902,1.0000000994736041e-07
686,0,0,SVM_Linear,0.9999998999999902,1.0000000994736041e-07
7027,0,0,SVM_Linear,0.9972566715509921,0.00274332844900788
7327,0,0,SVM_Linear,0.9999767109691199,2.3289030880088275e-05
920,0,0,SVM_Linear,0.9999998807859494,1.1921405063232504e-07
5947,0,0,SVM_Linear,0.9999996235653642,3.7643463572318717e-07
12655,1,1,SVM_Linear,8.786075007308623e-07,0.9999991213924992
3564,0,0,SVM_Linear,0.9999998999999902,1.0000000994736041e-07
10335,1,1,SVM_Linear,1.050376347343487e-12,0.9999999999989497
14238,1,1,SVM_Linear,1.7850988460596643e-08,0.9999999821490114
9969,0,0,SVM_Linear,0.9908862592341446,0.0091137407658555
7179,0,0,SVM_Linear,0.9999379218897588,6.207811024115298e-05
6320,0,0,SVM_Linear,0.9999993193079051,6.806920949558285e-07
11038,1,1,SVM_Linear,7.330162040216176e-08,0.9999999266983797
16095,1,1,SVM_Linear,2.3474644120412382e-09,0.9999999976525356
5449,0,0,SVM_Linear,0.9999993494359387,6.505640613035344e-07
1442,0,0,SVM_Linear,0.9999998999999902,1.0000000994736041e-07
6645,0,0,SVM_Linear,0.9999779217008071,2.2078299192803942e-05
17411,1,1,SVM_Linear,3.773116473532014e-12,0.9999999999962269
15784,1,1,SVM_Linear,7.968392979065895e-11,0.9999999999203161
5618,0,0,SVM_Linear,0.9999975364675756,2.463532424258592e-06
6596,0,0,SVM_Linear,0.9999978364883362,2.1635116639546025e-06
8427,0,0,SVM_Linear,0.9998229919389898,0.0001770080610102043
10370,1,1,SVM_Linear,1.305309344692518e-11,0.999999999986947
19106,1,1,SVM_Linear,3.00000089999998e-14,0.9999999999999699
17836,1,1,SVM_Linear,3.00000089999998e-14,0.9999999999999699
12452,1,1,SVM_Linear,3.00000089999998e-14,0.9999999999999699
6731,0,0,SVM_Linear,0.9999717346519076,2.8265348092254136e-05
8800,0,0,SVM_Linear,0.9997178163410098,0.0002821836589901464
12316,1,1,SVM_Linear,4.251104940119728e-10,0.9999999995748895
17612,1,1,SVM_Linear,3.00000089999998e-14,0.9999999999999699
15055,1,1,SVM_Linear,4.632111648760113e-07,0.9999995367888351
10319,1,1,SVM_Linear,6.873309248760457e-14,0.9999999999999314
12248,1,1,SVM_Linear,2.917873033320983e-07,0.9999997082126967
1167,0,0,SVM_Linear,0.9999998999999902,1.0000000994736041e-07
9443,0,0,SVM_Linear,0.9985862840031068,0.0014137159968932653
4488,0,0,SVM_Linear,0.9999998999999902,1.0000000994736041e-07
7790,0,0,SVM_Linear,0.9999670858359415,3.291416405850793e-05
7783,0,0,SVM_Linear,0.9999715492186471,2.8450781352895437e-05
9458,0,0,SVM_Linear,0.9981278850924694,0.0018721149075307528
12640,1,1,SVM_Linear,3.00000089999998e-14,0.9999999999999699
11348,1,1,SVM_Linear,3.00000089999998e-14,0.9999999999999699
5536,0,0,SVM_Linear,0.9999998999999902,1.0000000994736041e-07
17452,1,1,SVM_Linear,1.9230739427545853e-12,0.9999999999980769
4171,0,0,SVM_Linear,0.9999998999999902,1.0000000994736041e-07
11422,1,1,SVM_Linear,3.00000089999998e-14,0.9999999999999699
8044,0,0,SVM_Linear,0.9999019874637411,9.801253625878913e-05
1802,0,0,SVM_Linear,0.9999998999999902,1.0000000994736041e-07
3913,0,0,SVM_Linear,0.9999998999999902,1.0000000994736041e-07
16827,1,1,SVM_Linear,1.2798122711944496e-13,0.999999999999872
4293,0,0,SVM_Linear,0.9999998999999902,1.0000000994736041e-07
6738,0,0,SVM_Linear,0.9999974738685848,2.526131415284579e-06
15105,1,1,SVM_Linear,3.2027075427900953e-06,0.9999967972924573
17115,1,1,SVM_Linear,2.4728018871028098e-11,0.9999999999752719
9491,0,0,SVM_Linear,0.9968926816356767,0.0031073183643233653
2049,0,0,SVM_Linear,0.9999998999999902,1.0000000994736041e-07
4585,0,0,SVM_Linear,0.9999998999999902,1.0000000994736041e-07
12167,1,1,SVM_Linear,3.00000089999998e-14,0.9999999999999699
11029,1,1,SVM_Linear,2.939650011998526e-11,0.9999999999706034
14913,1,1,SVM_Linear,2.005923614738398e-06,0.9999979940763852
3568,0,0,SVM_Linear,0.9999998999999902,1.0000000994736041e-07
17756,1,1,SVM_Linear,3.00000089999998e-14,0.9999999999999699
18834,1,1,SVM_Linear,3.00000089999998e-14,0.9999999999999699
2731,0,0,SVM_Linear,0.9999998999999902,1.0000000994736041e-07
15794,1,1,SVM_Linear,4.5444011833177544e-10,0.9999999995455598
7312,0,0,SVM_Linear,0.9999965499728385,3.4500271614732434e-06
10704,1,1,SVM_Linear,6.120242820138252e-06,0.9999938797571798
125,0,0,SVM_Linear,0.9999998999999902,1.0000000994736041e-07
11378,1,1,SVM_Linear,3.00000089999998e-14,0.9999999999999699
16668,1,1,SVM_Linear,6.063290498419098e-10,0.9999999993936709
8667,0,0,SVM_Linear,0.9996522851538844,0.00034771484611566554
277,0,0,SVM_Linear,0.9999998999999902,1.0000000994736041e-07
13069,1,1,SVM_Linear,3.00000089999998e-14,0.9999999999999699
13904,1,1,SVM_Linear,3.00000089999998e-14,0.9999999999999699
1367,0,0,SVM_Linear,0.9999998999999902,1.0000000994736041e-07
9590,0,0,SVM_Linear,0.9975275218069241,0.0024724781930759916
8155,0,0,SVM_Linear,0.9999138575388574,8.614246114258464e-05
8472,0,0,SVM_Linear,0.9998634293323655,0.00013657066763447155
2695,0,0,SVM_Linear,0.9999998999999902,1.0000000994736041e-07
13386,1,1,SVM_Linear,4.053631859729951e-10,0.9999999995946368
4497,0,0,SVM_Linear,0.9999998999999902,1.0000000994736041e-07
18972,1,1,SVM_Linear,3.00000089999998e-14,0.9999999999999699
15352,1,1,SVM_Linear,9.063074351359852e-07,0.9999990936925649
614,0,0,SVM_Linear,0.9999998999999902,1.0000000994736041e-07
2831,0,0,SVM_Linear,0.9999998999999902,1.0000000994736041e-07
13126,1,1,SVM_Linear,3.00000089999998e-14,0.9999999999999699
1066,0,0,SVM_Linear,0.9999998999999902,1.0000000994736041e-07
13363,1,1,SVM_Linear,7.592577875680097e-14,0.9999999999999241
98,0,0,SVM_Linear,0.9999998999999902,1.0000000994736041e-07
16389,1,1,SVM_Linear,1.6635084418433276e-12,0.9999999999983364
1523,0,0,SVM_Linear,0.9999998999999902,1.0000000994736041e-07
5949,0,0,SVM_Linear,0.9999985142463484,1.485753651652163e-06
14470,1,1,SVM_Linear,0.004857107953438263,0.9951428920465617
10644,1,1,SVM_Linear,8.957257107622525e-09,0.9999999910427428
10672,1,1,SVM_Linear,1.906025676711149e-09,0.9999999980939742
14250,1,1,SVM_Linear,6.217185248203332e-06,0.9999937828147517
11098,1,1,SVM_Linear,6.683111515799773e-10,0.9999999993316889
953,0,0,SVM_Linear,0.9999998999999902,1.0000000994736041e-07
6456,0,0,SVM_Linear,0.9999976340958492,2.3659041507144927e-06
8053,0,0,SVM_Linear,0.9999057747294,9.422527060000792e-05
16429,1,1,SVM_Linear,1.582207648061049e-10,0.9999999998417792
5348,0,0,SVM_Linear,0.9999986902649362,1.3097350639459011e-06
14175,1,1,SVM_Linear,1.0551862888527793e-05,0.9999894481371115
17961,1,1,SVM_Linear,3.00000089999998e-14,0.9999999999999699
13092,1,1,SVM_Linear,3.00000089999998e-14,0.9999999999999699
5047,0,0,SVM_Linear,0.9999918390376332,8.160962366761925e-06
17057,1,1,SVM_Linear,3.00000089999998e-14,0.9999999999999699
8554,0,0,SVM_Linear,0.99972017260718,0.00027982739281990797
9385,0,0,SVM_Linear,0.9968327162923982,0.003167283707601771
13763,1,1,SVM_Linear,3.00000089999998e-14,0.9999999999999699
10656,1,1,SVM_Linear,3.00000089999998e-14,0.9999999999999699
18498,1,1,SVM_Linear,2.540233775814431e-10,0.9999999997459766
4616,0,0,SVM_Linear,0.9999998999999902,1.0000000994736041e-07
16727,1,1,SVM_Linear,3.442720340169513e-10,0.999999999655728
666,0,0,SVM_Linear,0.9999998999999902,1.0000000994736041e-07
16097,1,1,SVM_Linear,2.1712172701857954e-09,0.9999999978287827
11968,1,1,SVM_Linear,1.6513786843185709e-10,0.9999999998348622
8701,0,0,SVM_Linear,0.9991739962874793,0.0008260037125206917
13653,1,1,SVM_Linear,3.00000089999998e-14,0.9999999999999699
4882,0,0,SVM_Linear,0.9999998999999902,1.0000000994736041e-07
11333,1,1,SVM_Linear,3.00000089999998e-14,0.9999999999999699
9253,0,0,SVM_Linear,0.9979075328186193,0.002092467181380617
13466,1,1,SVM_Linear,3.00000089999998e-14,0.9999999999999699
1524,0,0,SVM_Linear,0.9999998999999902,1.0000000994736041e-07
17702,1,1,SVM_Linear,3.00000089999998e-14,0.9999999999999699
16130,1,1,SVM_Linear,4.120331010289101e-09,0.999999995879669
11503,1,1,SVM_Linear,3.00000089999998e-14,0.9999999999999699
16173,1,1,SVM_Linear,2.8543520794494624e-09,0.9999999971456479
14285,1,1,SVM_Linear,5.642136721155721e-06,0.999994357863279
1218,0,0,SVM_Linear,0.9999998999999902,1.0000000994736041e-07
2712,0,0,SVM_Linear,0.9999998999999902,1.0000000994736041e-07
4437,0,0,SVM_Linear,0.9999998999999902,1.0000000994736041e-07
6736,0,0,SVM_Linear,0.9986518836883963,0.0013481163116035762
12227,1,1,SVM_Linear,9.15558516448745e-13,0.9999999999990845
17495,1,1,SVM_Linear,3.00000089999998e-14,0.9999999999999699
11076,1,1,SVM_Linear,1.2419798019768963e-06,0.999998758020198
16036,1,1,SVM_Linear,7.867074124275261e-10,0.9999999992132926
4324,0,0,SVM_Linear,0.9999998999999902,1.0000000994736041e-07
17366,1,1,SVM_Linear,1.1841565385853318e-13,0.9999999999998815
8473,0,0,SVM_Linear,0.9998341518605084,0.00016584813949163953
10547,1,1,SVM_Linear,5.7853729696163675e-06,0.9999942146270303
16574,1,1,SVM_Linear,1.567963776412344e-08,0.9999999843203622
4491,0,0,SVM_Linear,0.9999998999999902,1.0000000994736041e-07
3619,0,0,SVM_Linear,0.9999998999999902,1.0000000994736041e-07
8321,0,0,SVM_Linear,0.9999322593030912,6.774069690885021e-05
8308,0,0,SVM_Linear,0.999818473242208,0.00018152675779198478
15778,1,1,SVM_Linear,9.58020126462992e-09,0.9999999904197987
10678,1,1,SVM_Linear,1.0568096620979305e-13,0.9999999999998943
15885,1,1,SVM_Linear,2.483949071023456e-09,0.999999997516051
16915,1,1,SVM_Linear,1.8393113924397936e-13,0.9999999999998161
18960,1,1,SVM_Linear,3.00000089999998e-14,0.9999999999999699
5010,0,0,SVM_Linear,0.9999998868902488,1.1310975136917483e-07
16967,1,1,SVM_Linear,7.0340638072818185e-12,0.9999999999929658
6052,0,0,SVM_Linear,0.9999998210622959,1.78937704031603e-07
3600,0,0,SVM_Linear,0.9999998999999902,1.0000000994736041e-07
16269,1,1,SVM_Linear,3.075961850234869e-08,0.9999999692403815
892,0,0,SVM_Linear,0.9999998999999902,1.0000000994736041e-07
2082,0,0,SVM_Linear,0.9999998999999902,1.0000000994736041e-07
9785,0,0,SVM_Linear,0.9966723223364571,0.003327677663542823
8792,0,0,SVM_Linear,0.9996610815703343,0.0003389184296658367
6674,0,0,SVM_Linear,0.9999219432772026,7.805672279746083e-05
16838,1,1,SVM_Linear,3.00000089999998e-14,0.9999999999999699
9999,1,1,SVM_Linear,1.3930736219465632e-11,0.9999999999860694
8615,0,0,SVM_Linear,0.9997928163851519,0.0002071836148481159
2679,0,0,SVM_Linear,0.9999998999999902,1.0000000994736041e-07
16022,1,1,SVM_Linear,4.719702328913784e-10,0.9999999995280298
8509,0,0,SVM_Linear,0.9998504060862542,0.00014959391374573468
17995,1,1,SVM_Linear,3.00000089999998e-14,0.9999999999999699
12016,1,1,SVM_Linear,3.00000089999998e-14,0.9999999999999699
18913,1,1,SVM_Linear,3.00000089999998e-14,0.9999999999999699
12955,1,1,SVM_Linear,8.746064288638915e-11,0.9999999999125393
7891,0,0,SVM_Linear,0.9999418780628995,5.8121937100588325e-05
17226,1,1,SVM_Linear,1.2327159110031242e-13,0.9999999999998767
7151,0,0,SVM_Linear,0.9998919308871062,0.00010806911289389825
15020,1,1,SVM_Linear,8.448412938437951e-07,0.9999991551587062
824,0,0,SVM_Linear,0.9999998999999902,1.0000000994736041e-07
6904,0,0,SVM_Linear,0.9999555950597242,4.440494027578255e-05
4430,0,0,SVM_Linear,0.9999998999999902,1.0000000994736041e-07
10758,1,1,SVM_Linear,2.3473942636829093e-12,0.9999999999976525
667,0,0,SVM_Linear,0.9999998999999902,1.0000000994736041e-07
7147,0,0,SVM_Linear,0.9998237762996748,0.00017622370032533208
363,0,0,SVM_Linear,0.9999998999999902,1.0000000994736041e-07
10317,1,1,SVM_Linear,8.621225272734451e-14,0.9999999999999137
5105,0,0,SVM_Linear,0.9999991332531124,8.667468877759666e-07
6938,0,0,SVM_Linear,0.9999878025117392,1.2197488260812854e-05
1098,0,0,SVM_Linear,0.9999998999999902,1.0000000994736041e-07
8392,0,0,SVM_Linear,0.9998693199124434,0.00013068008755667102
3228,0,0,SVM_Linear,0.9999998999999902,1.0000000994736041e-07
7564,0,0,SVM_Linear,0.9999559120728501,4.408792714981401e-05
9290,0,0,SVM_Linear,0.998967562461418,0.001032437538581853
1177,0,0,SVM_Linear,0.9999998999999902,1.0000000994736041e-07
15547,1,1,SVM_Linear,9.245642580372557e-08,0.9999999075435743
15177,1,1,SVM_Linear,9.55095367407615e-07,0.9999990449046327
236,0,0,SVM_Linear,0.9999998999999902,1.0000000994736041e-07
2408,0,0,SVM_Linear,0.9999998999999902,1.0000000994736041e-07
4363,0,0,SVM_Linear,0.9999998999999902,1.0000000994736041e-07
13307,1,1,SVM_Linear,3.00000089999998e-14,0.9999999999999699
3925,0,0,SVM_Linear,0.9999998999999902,1.0000000994736041e-07
4854,0,0,SVM_Linear,0.9999997296870629,2.70312937161369e-07
14666,1,1,SVM_Linear,1.3868403985343732e-06,0.9999986131596015
10878,1,1,SVM_Linear,1.2824922730864972e-09,0.9999999987175077
8058,0,0,SVM_Linear,0.9999415421258918,5.8457874108155486e-05
10756,1,1,SVM_Linear,0.0075006961842196416,0.9924993038157801
8527,0,0,SVM_Linear,0.9997369232121595,0.00026307678784047786
7617,0,0,SVM_Linear,0.9999752118058749,2.4788194125064704e-05
6616,0,0,SVM_Linear,0.9999794103230085,2.0589676991646047e-05
4124,0,0,SVM_Linear,0.9999998999999902,1.0000000994736041e-07
11349,1,1,SVM_Linear,3.00000089999998e-14,0.9999999999999699
13438,1,1,SVM_Linear,3.00000089999998e-14,0.9999999999999699
9652,0,0,SVM_Linear,0.9965735297776424,0.0034264702223576905
10917,1,1,SVM_Linear,5.851568182948463e-09,0.9999999941484318
11983,1,1,SVM_Linear,1.436675615242304e-08,0.9999999856332438
9647,0,0,SVM_Linear,0.9956612465738777,0.004338753426122181
2383,0,0,SVM_Linear,0.9999998999999902,1.0000000994736041e-07
3249,0,0,SVM_Linear,0.9999998999999902,1.0000000994736041e-07
19061,1,1,SVM_Linear,3.00000089999998e-14,0.9999999999999699
15391,1,1,SVM_Linear,3.078270720086778e-07,0.9999996921729281
17762,1,1,SVM_Linear,3.00000089999998e-14,0.9999999999999699
232,0,0,SVM_Linear,0.9999998999999902,1.0000000994736041e-07
16639,1,1,SVM_Linear,3.130871306029224e-11,0.9999999999686913
4312,0,0,SVM_Linear,0.9999998999999902,1.0000000994736041e-07
14757,1,1,SVM_Linear,1.0346766759530194e-05,0.9999896532332404
4433,0,0,SVM_Linear,0.9999998999999902,1.0000000994736041e-07
5472,0,0,SVM_Linear,0.999999899555489,1.0044451113905035e-07
6038,0,0,SVM_Linear,0.9999998999999902,1.0000000994736041e-07
3453,0,0,SVM_Linear,0.9999998999999902,1.0000000994736041e-07
17326,1,1,SVM_Linear,1.5011472880104774e-13,0.9999999999998498
1639,0,0,SVM_Linear,0.9999998999999902,1.0000000994736041e-07
1663,0,0,SVM_Linear,0.9999998999999902,1.0000000994736041e-07
11237,1,1,SVM_Linear,3.00000089999998e-14,0.9999999999999699
13804,1,1,SVM_Linear,3.00000089999998e-14,0.9999999999999699
13121,1,1,SVM_Linear,3.00000089999998e-14,0.9999999999999699
11871,1,1,SVM_Linear,3.00000089999998e-14,0.9999999999999699
11181,1,1,SVM_Linear,3.00000089999998e-14,0.9999999999999699
13171,1,1,SVM_Linear,3.00000089999998e-14,0.9999999999999699
5588,0,0,SVM_Linear,0.9999998999999902,1.0000000994736041e-07
14227,1,1,SVM_Linear,3.9582935213155125e-06,0.9999960417064787
7559,0,0,SVM_Linear,0.9999773190612993,2.268093870059166e-05
2931,0,0,SVM_Linear,0.9999998999999902,1.0000000994736041e-07
18152,1,1,SVM_Linear,3.00000089999998e-14,0.9999999999999699
13729,1,1,SVM_Linear,3.00000089999998e-14,0.9999999999999699
10980,1,1,SVM_Linear,4.849756424733069e-10,0.9999999995150243
14558,1,1,SVM_Linear,8.209358028487102e-06,0.9999917906419715
13053,1,1,SVM_Linear,1.811834120222524e-11,0.9999999999818817
12803,1,1,SVM_Linear,3.00000089999998e-14,0.9999999999999699
12815,1,1,SVM_Linear,3.00000089999998e-14,0.9999999999999699
17721,1,1,SVM_Linear,3.00000089999998e-14,0.9999999999999699
6704,0,0,SVM_Linear,0.9999952674846397,4.732515360353484e-06
14272,1,1,SVM_Linear,0.0031884098679642496,0.9968115901320357
14504,1,1,SVM_Linear,1.364101494968894e-06,0.999998635898505
3517,0,0,SVM_Linear,0.9999998999999902,1.0000000994736041e-07
2911,0,0,SVM_Linear,0.9999998999999902,1.0000000994736041e-07
7939,0,0,SVM_Linear,0.9999342709250646,6.572907493537181e-05
7980,0,0,SVM_Linear,0.9999147539451709,8.524605482896777e-05
2710,0,0,SVM_Linear,0.9999998999999902,1.0000000994736041e-07
18882,1,1,SVM_Linear,3.00000089999998e-14,0.9999999999999699
3591,0,0,SVM_Linear,0.9999998999999902,1.0000000994736041e-07
15551,1,1,SVM_Linear,1.7542114601742548e-08,0.9999999824578854
5056,0,0,SVM_Linear,0.9999963135447993,3.686455200624115e-06
2493,0,0,SVM_Linear,0.9999998999999902,1.0000000994736041e-07
5966,0,0,SVM_Linear,0.999995072153845,4.927846154952545e-06
4218,0,0,SVM_Linear,0.9999998269888583,1.7301114181421788e-07
1435,0,0,SVM_Linear,0.9999998999999902,1.0000000994736041e-07
9972,0,0,SVM_Linear,0.9932904277396145,0.0067095722603854446
6233,0,0,SVM_Linear,0.9999995438662599,4.561337401137326e-07
12995,1,1,SVM_Linear,3.00000089999998e-14,0.9999999999999699
7112,0,0,SVM_Linear,0.9999977763731964,2.2236268035378364e-06
1148,0,0,SVM_Linear,0.9999998999999902,1.0000000994736041e-07
12273,1,1,SVM_Linear,2.2058235690403628e-06,0.999997794176431
19088,1,1,SVM_Linear,3.00000089999998e-14,0.9999999999999699
11200,1,1,SVM_Linear,3.00000089999998e-14,0.9999999999999699
5373,0,0,SVM_Linear,0.9999976697239429,2.3302760571262094e-06
89,0,0,SVM_Linear,0.9999998999999902,1.0000000994736041e-07
5986,0,0,SVM_Linear,0.9999953954347705,4.60456522949919e-06
11460,1,1,SVM_Linear,3.00000089999998e-14,0.9999999999999699
9747,0,0,SVM_Linear,0.997075833802495,0.002924166197504932
11853,1,1,SVM_Linear,3.00000089999998e-14,0.9999999999999699
13967,1,1,SVM_Linear,1.9021485285705114e-05,0.9999809785147142
10068,1,1,SVM_Linear,3.00000089999998e-14,0.9999999999999699
12275,1,1,SVM_Linear,3.00000089999998e-14,0.9999999999999699
18499,1,1,SVM_Linear,3.9559086399243676e-13,0.9999999999996043
7587,0,0,SVM_Linear,0.9999844918745194,1.5508125480510373e-05
7648,0,0,SVM_Linear,0.9999827475994394,1.725240056041365e-05
6183,0,0,SVM_Linear,0.999999397714767,6.022852330564124e-07
16604,1,1,SVM_Linear,6.807603534372859e-11,0.999999999931924
15744,1,1,SVM_Linear,3.00000089999998e-14,0.9999999999999699
13528,1,1,SVM_Linear,3.00000089999998e-14,0.9999999999999699
8226,0,0,SVM_Linear,0.9998471304706917,0.00015286952930826305
4675,0,0,SVM_Linear,0.9999998999999902,1.0000000994736041e-07
7705,0,0,SVM_Linear,0.9999815228396696,1.8477160330438707e-05
6966,0,0,SVM_Linear,0.9999901145038144,9.885496185484452e-06
12654,1,1,SVM_Linear,3.00000089999998e-14,0.9999999999999699
3093,0,0,SVM_Linear,0.9999998999999902,1.0000000994736041e-07
9540,0,0,SVM_Linear,0.9980958121199218,0.0019041878800781819
11376,1,1,SVM_Linear,3.9743741124792536e-14,0.9999999999999603
2612,0,0,SVM_Linear,0.9999998999999902,1.0000000994736041e-07
791,0,0,SVM_Linear,0.9999998999999902,1.0000000994736041e-07
9160,0,0,SVM_Linear,0.9986597577203056,0.0013402422796943661
1792,0,0,SVM_Linear,0.9999998999999902,1.0000000994736041e-07
17021,1,1,SVM_Linear,7.923349319844166e-12,0.9999999999920766
14338,1,1,SVM_Linear,2.853862847667002e-07,0.9999997146137153
13395,1,1,SVM_Linear,3.00000089999998e-14,0.9999999999999699
